person_id,person_name,competition_date,average_seconds,seq_index
2003BRUC01,Ron van Bruchem,2003-08-23,235.93,1
2003BRUC01,Ron van Bruchem,2004-04-24,262.87,2
2003BRUC01,Ron van Bruchem,2004-04-24,256.45,3
2003BRUC01,Ron van Bruchem,2004-08-07,191.53,4
2003BRUC01,Ron van Bruchem,2004-10-10,166.39,5
2003BRUC01,Ron van Bruchem,2005-04-23,188.3,6
2003BRUC01,Ron van Bruchem,2005-09-18,152.01,7
2003BRUC01,Ron van Bruchem,2005-10-16,156.88,8
2003BRUC01,Ron van Bruchem,2005-11-05,148.56,9
2003BRUC01,Ron van Bruchem,2006-04-21,137.37,10
2003BRUC01,Ron van Bruchem,2006-05-06,141.46,11
2003BRUC01,Ron van Bruchem,2006-07-23,148.16,12
2003BRUC01,Ron van Bruchem,2006-09-16,135.54,13
2003BRUC01,Ron van Bruchem,2006-09-23,129.57,14
2003BRUC01,Ron van Bruchem,2006-10-14,127.74,15
2003BRUC01,Ron van Bruchem,2006-11-18,128.29,16
2003BRUC01,Ron van Bruchem,2007-02-24,131.21,17
2003BRUC01,Ron van Bruchem,2007-04-28,114.12,18
2003BRUC01,Ron van Bruchem,2007-05-26,130.99,19
2003BRUC01,Ron van Bruchem,2007-09-15,135.52,20
2003BRUC01,Ron van Bruchem,2007-10-05,125.58,21
2003BRUC01,Ron van Bruchem,2007-10-13,127.02,22
2003BRUC01,Ron van Bruchem,2007-11-10,119.35,23
2003BRUC01,Ron van Bruchem,2008-02-02,122.76,24
2003BRUC01,Ron van Bruchem,2008-02-16,143.42,25
2003BRUC01,Ron van Bruchem,2008-03-15,133.81,26
2003BRUC01,Ron van Bruchem,2008-04-19,115.24,27
2003BRUC01,Ron van Bruchem,2008-08-23,121.5,28
2003BRUC01,Ron van Bruchem,2008-09-06,112.95,29
2003BRUC01,Ron van Bruchem,2008-09-19,110.72,30
2003BRUC01,Ron van Bruchem,2008-09-19,116.67,31
2003BRUC01,Ron van Bruchem,2008-10-18,117.29,32
2003BRUC01,Ron van Bruchem,2008-11-08,112.1,33
2003BRUC01,Ron van Bruchem,2008-11-29,118.64,34
2003BRUC01,Ron van Bruchem,2009-01-10,106.98,35
2003BRUC01,Ron van Bruchem,2009-02-21,115.71,36
2003BRUC01,Ron van Bruchem,2009-02-28,113.56,37
2003BRUC01,Ron van Bruchem,2009-03-14,114.38,38
2003BRUC01,Ron van Bruchem,2009-04-25,120.59,39
2003BRUC01,Ron van Bruchem,2009-07-11,121.07,40
2003BRUC01,Ron van Bruchem,2009-09-12,110.24,41
2003BRUC01,Ron van Bruchem,2009-10-09,118.49,42
2003BRUC01,Ron van Bruchem,2009-10-17,113.65,43
2003BRUC01,Ron van Bruchem,2009-10-24,114.6,44
2003BRUC01,Ron van Bruchem,2009-10-24,111.57,45
2003BRUC01,Ron van Bruchem,2009-11-14,119.21,46
2003BRUC01,Ron van Bruchem,2009-11-14,107.93,47
2003BRUC01,Ron van Bruchem,2009-11-21,112.87,48
2003BRUC01,Ron van Bruchem,2009-11-21,111.73,49
2003BRUC01,Ron van Bruchem,2009-12-12,125.31,50
2003BRUC01,Ron van Bruchem,2010-01-16,119.08,51
2003BRUC01,Ron van Bruchem,2010-02-20,120.47,52
2003BRUC01,Ron van Bruchem,2010-04-17,116.48,53
2003BRUC01,Ron van Bruchem,2010-04-24,127.05,54
2003BRUC01,Ron van Bruchem,2010-05-22,115.83,55
2003BRUC01,Ron van Bruchem,2010-06-13,141.57,56
2003BRUC01,Ron van Bruchem,2010-07-24,133.18,57
2003BRUC01,Ron van Bruchem,2010-09-03,121.43,58
2003BRUC01,Ron van Bruchem,2010-09-11,116.3,59
2003BRUC01,Ron van Bruchem,2010-10-01,124.67,60
2003BRUC01,Ron van Bruchem,2010-10-09,115.7,61
2003BRUC01,Ron van Bruchem,2010-10-09,118.23,62
2003BRUC01,Ron van Bruchem,2010-10-16,120.44,63
2003BRUC01,Ron van Bruchem,2010-11-13,119.81,64
2003BRUC01,Ron van Bruchem,2011-01-14,111.49,65
2003BRUC01,Ron van Bruchem,2011-01-14,118.1,66
2003BRUC01,Ron van Bruchem,2011-04-02,118.07,67
2003BRUC01,Ron van Bruchem,2011-04-02,119.02,68
2003BRUC01,Ron van Bruchem,2011-04-09,120.46,69
2003BRUC01,Ron van Bruchem,2011-05-07,121.81,70
2003BRUC01,Ron van Bruchem,2011-05-07,115.7,71
2003BRUC01,Ron van Bruchem,2011-09-01,116.55,72
2003BRUC01,Ron van Bruchem,2011-10-08,125.61,73
2003BRUC01,Ron van Bruchem,2011-10-14,118.97,74
2003BRUC01,Ron van Bruchem,2011-10-29,121.23,75
2003BRUC01,Ron van Bruchem,2011-11-19,128.46,76
2003BRUC01,Ron van Bruchem,2011-11-19,126.03,77
2003BRUC01,Ron van Bruchem,2011-12-17,121.97,78
2003BRUC01,Ron van Bruchem,2011-12-17,121.8,79
2003BRUC01,Ron van Bruchem,2012-02-25,122.19,80
2003BRUC01,Ron van Bruchem,2012-02-25,124.76,81
2003BRUC01,Ron van Bruchem,2012-03-03,118.06,82
2003BRUC01,Ron van Bruchem,2012-03-03,113.29,83
2003BRUC01,Ron van Bruchem,2012-03-31,121.28,84
2003BRUC01,Ron van Bruchem,2012-04-14,116.99,85
2003BRUC01,Ron van Bruchem,2012-04-14,116.32,86
2003BRUC01,Ron van Bruchem,2012-05-12,116.73,87
2003BRUC01,Ron van Bruchem,2012-05-19,129.66,88
2003BRUC01,Ron van Bruchem,2012-05-19,127.19,89
2003BRUC01,Ron van Bruchem,2012-06-09,120.94,90
2003BRUC01,Ron van Bruchem,2012-07-21,132.65,91
2003BRUC01,Ron van Bruchem,2012-08-12,115.54,92
2003BRUC01,Ron van Bruchem,2012-08-25,128.39,93
2003BRUC01,Ron van Bruchem,2012-09-15,117.13,94
2003BRUC01,Ron van Bruchem,2012-09-15,124.11,95
2003BRUC01,Ron van Bruchem,2012-09-22,121.52,96
2003BRUC01,Ron van Bruchem,2012-10-12,121.91,97
2003BRUC01,Ron van Bruchem,2012-11-03,132.3,98
2003BRUC01,Ron van Bruchem,2013-03-02,117.76,99
2003BRUC01,Ron van Bruchem,2013-04-01,123.34,100
2003BRUC01,Ron van Bruchem,2013-04-01,129.3,101
2003BRUC01,Ron van Bruchem,2013-04-27,124.41,102
2003BRUC01,Ron van Bruchem,2013-05-11,127.79,103
2003BRUC01,Ron van Bruchem,2013-06-01,118.44,104
2003BRUC01,Ron van Bruchem,2013-06-01,125.08,105
2003BRUC01,Ron van Bruchem,2013-07-26,125.71,106
2003BRUC01,Ron van Bruchem,2013-10-13,113.02,107
2003BRUC01,Ron van Bruchem,2013-10-19,136.06,108
2003BRUC01,Ron van Bruchem,2013-11-16,131.28,109
2003BRUC01,Ron van Bruchem,2013-11-16,117.92,110
2003BRUC01,Ron van Bruchem,2013-12-21,132.2,111
2003BRUC01,Ron van Bruchem,2014-02-02,123.35,112
2003BRUC01,Ron van Bruchem,2014-02-02,124.92,113
2003BRUC01,Ron van Bruchem,2014-06-21,128.55,114
2003BRUC01,Ron van Bruchem,2014-07-19,132.4,115
2003BRUC01,Ron van Bruchem,2014-08-08,134.43,116
2003BRUC01,Ron van Bruchem,2014-09-20,123.83,117
2003BRUC01,Ron van Bruchem,2014-09-28,118.16,118
2003BRUC01,Ron van Bruchem,2014-11-01,125.58,119
2003BRUC01,Ron van Bruchem,2015-07-11,118.81,120
2003BRUC01,Ron van Bruchem,2015-07-17,108.4,121
2003BRUC01,Ron van Bruchem,2015-07-17,119.95,122
2003BRUC01,Ron van Bruchem,2015-08-08,115.23,123
2003BRUC01,Ron van Bruchem,2015-09-27,117.12,124
2003BRUC01,Ron van Bruchem,2015-10-17,121.55,125
2003BRUC01,Ron van Bruchem,2016-02-21,118.53,126
2003BRUC01,Ron van Bruchem,2016-03-20,112.32,127
2003BRUC01,Ron van Bruchem,2016-06-26,129.57,128
2003BRUC01,Ron van Bruchem,2016-07-15,116.72,129
2003BRUC01,Ron van Bruchem,2016-09-03,121.05,130
2003BRUC01,Ron van Bruchem,2016-10-01,116.58,131
2003BRUC01,Ron van Bruchem,2016-10-29,116.59,132
2003BRUC01,Ron van Bruchem,2017-01-06,120.3,133
2003BRUC01,Ron van Bruchem,2017-02-11,114.37,134
2003BRUC01,Ron van Bruchem,2017-02-11,127.23,135
2003BRUC01,Ron van Bruchem,2017-04-15,116.86,136
2003BRUC01,Ron van Bruchem,2017-06-10,115.0,137
2003BRUC01,Ron van Bruchem,2017-07-13,120.59,138
2003BRUC01,Ron van Bruchem,2017-07-28,106.26,139
2003BRUC01,Ron van Bruchem,2017-08-19,113.17,140
2003BRUC01,Ron van Bruchem,2017-09-17,123.25,141
2003BRUC01,Ron van Bruchem,2017-09-23,108.62,142
2003BRUC01,Ron van Bruchem,2017-10-14,112.91,143
2003BRUC01,Ron van Bruchem,2017-10-21,109.34,144
2003BRUC01,Ron van Bruchem,2018-01-05,112.92,145
2003BRUC01,Ron van Bruchem,2018-01-27,109.93,146
2003BRUC01,Ron van Bruchem,2018-02-10,107.1,147
2003BRUC01,Ron van Bruchem,2018-03-24,103.68,148
2003BRUC01,Ron van Bruchem,2018-03-24,105.42,149
2003BRUC01,Ron van Bruchem,2018-04-14,113.17,150
2003BRUC01,Ron van Bruchem,2018-05-19,104.29,151
2003BRUC01,Ron van Bruchem,2018-06-08,106.79,152
2003BRUC01,Ron van Bruchem,2018-06-08,99.12,153
2003BRUC01,Ron van Bruchem,2018-06-23,98.68,154
2003BRUC01,Ron van Bruchem,2018-06-23,100.59,155
2003BRUC01,Ron van Bruchem,2018-07-19,106.32,156
2003BRUC01,Ron van Bruchem,2018-08-17,100.35,157
2003BRUC01,Ron van Bruchem,2018-09-08,99.23,158
2003BRUC01,Ron van Bruchem,2018-09-08,98.12,159
2003BRUC01,Ron van Bruchem,2018-09-22,105.85,160
2003BRUC01,Ron van Bruchem,2018-09-22,105.79,161
2003BRUC01,Ron van Bruchem,2018-10-13,107.52,162
2003BRUC01,Ron van Bruchem,2018-10-13,101.07,163
2003BRUC01,Ron van Bruchem,2018-10-27,98.59,164
2003BRUC01,Ron van Bruchem,2018-10-27,97.3,165
2003BRUC01,Ron van Bruchem,2018-11-10,100.42,166
2003BRUC01,Ron van Bruchem,2018-11-17,95.6,167
2003BRUC01,Ron van Bruchem,2018-11-18,101.84,168
2003BRUC01,Ron van Bruchem,2018-12-15,100.68,169
2003BRUC01,Ron van Bruchem,2019-01-05,102.51,170
2003BRUC01,Ron van Bruchem,2019-02-10,103.64,171
2003BRUC01,Ron van Bruchem,2019-03-22,101.62,172
2003BRUC01,Ron van Bruchem,2019-03-22,99.12,173
2003BRUC01,Ron van Bruchem,2019-04-06,99.12,174
2003BRUC01,Ron van Bruchem,2019-04-06,100.45,175
2003BRUC01,Ron van Bruchem,2019-06-08,108.58,176
2003BRUC01,Ron van Bruchem,2019-07-11,105.25,177
2003BRUC01,Ron van Bruchem,2019-08-16,98.45,178
2003BRUC01,Ron van Bruchem,2019-08-16,98.79,179
2003BRUC01,Ron van Bruchem,2019-09-21,100.35,180
2003BRUC01,Ron van Bruchem,2019-09-21,99.15,181
2003BRUC01,Ron van Bruchem,2019-10-12,109.0,182
2003BRUC01,Ron van Bruchem,2019-10-12,100.01,183
2003BRUC01,Ron van Bruchem,2019-11-30,100.63,184
2003BRUC01,Ron van Bruchem,2019-12-08,101.48,185
2003BRUC01,Ron van Bruchem,2020-01-04,103.2,186
2003BRUC01,Ron van Bruchem,2020-01-11,108.19,187
2003BRUC01,Ron van Bruchem,2020-02-01,101.53,188
2003BRUC01,Ron van Bruchem,2020-02-01,104.3,189
2003BRUC01,Ron van Bruchem,2020-02-29,104.45,190
2003BRUC01,Ron van Bruchem,2020-02-29,105.36,191
2003BRUC01,Ron van Bruchem,2022-05-21,105.81,192
2003BRUC01,Ron van Bruchem,2022-06-25,117.41,193
2003BRUC01,Ron van Bruchem,2022-07-02,111.53,194
2003BRUC01,Ron van Bruchem,2022-08-11,109.74,195
2003BRUC01,Ron van Bruchem,2022-11-26,107.99,196
2003BRUC01,Ron van Bruchem,2022-11-26,115.83,197
2003BRUC01,Ron van Bruchem,2023-02-05,103.39,198
2003BRUC01,Ron van Bruchem,2023-03-10,109.52,199
2003BRUC01,Ron van Bruchem,2023-03-11,114.84,200
2003BRUC01,Ron van Bruchem,2023-05-14,111.61,201
2003BRUC01,Ron van Bruchem,2023-06-03,117.5,202
2003BRUC01,Ron van Bruchem,2023-08-12,112.21,203
2003BRUC01,Ron van Bruchem,2023-08-26,105.43,204
2003BRUC01,Ron van Bruchem,2023-11-25,111.26,205
2003BRUC01,Ron van Bruchem,2024-01-05,133.21,206
2003BRUC01,Ron van Bruchem,2024-05-04,107.44,207
2003BRUC01,Ron van Bruchem,2024-05-04,102.59,208
2003BRUC01,Ron van Bruchem,2024-08-31,93.68,209
2003BRUC01,Ron van Bruchem,2024-09-21,99.11,210
2003BRUC01,Ron van Bruchem,2024-10-26,99.85,211
2003BRUC01,Ron van Bruchem,2024-10-26,97.91,212
2003BRUC01,Ron van Bruchem,2024-11-15,97.13,213
2003BRUC01,Ron van Bruchem,2024-12-07,95.95,214
2003BRUC01,Ron van Bruchem,2024-12-22,95.37,215
2003BRUC01,Ron van Bruchem,2025-01-18,98.36,216
2003BRUC01,Ron van Bruchem,2025-02-08,99.11,217
2003BRUC01,Ron van Bruchem,2025-02-15,97.79,218
2003BRUC01,Ron van Bruchem,2025-03-01,96.57,219
2003BRUC01,Ron van Bruchem,2025-03-01,94.44,220
2003BRUC01,Ron van Bruchem,2025-03-22,97.52,221
2003BRUC01,Ron van Bruchem,2025-03-22,96.39,222
2003BRUC01,Ron van Bruchem,2025-05-17,98.5,223
2003BRUC01,Ron van Bruchem,2025-05-17,92.63,224
2003BRUC01,Ron van Bruchem,2025-06-28,99.3,225
2003BRUC01,Ron van Bruchem,2025-07-19,89.4,226
2003BRUC01,Ron van Bruchem,2025-07-19,101.13,227
2003BRUC01,Ron van Bruchem,2025-08-10,91.7,228
2003BRUC01,Ron van Bruchem,2025-08-10,90.97,229
2003BRUC01,Ron van Bruchem,2025-08-23,94.66,230
2003BRUC01,Ron van Bruchem,2025-09-05,98.21,231
2003BRUC01,Ron van Bruchem,2025-10-18,94.85,232
2003BRUC01,Ron van Bruchem,2025-10-18,95.61,233
2003BRUC01,Ron van Bruchem,2025-12-06,95.17,234
2003BRUC01,Ron van Bruchem,2025-12-20,100.12,235
2003BRUC01,Ron van Bruchem,2025-12-20,94.94,236
2003BRUC01,Ron van Bruchem,2026-01-10,103.62,237
2003BRUC01,Ron van Bruchem,2026-01-10,95.78,238
2003BRUC01,Ron van Bruchem,2026-03-08,90.65,239
2003BRUC01,Ron van Bruchem,2026-05-02,96.57,240
2003BRUC01,Ron van Bruchem,2026-05-02,96.68,241
2005AKKE01,Erik Akkersdijk,2007-02-24,165.56,1
2005AKKE01,Erik Akkersdijk,2007-04-28,141.64,2
2005AKKE01,Erik Akkersdijk,2007-07-14,123.25,3
2005AKKE01,Erik Akkersdijk,2007-10-05,110.72,4
2005AKKE01,Erik Akkersdijk,2007-10-13,110.57,5
2005AKKE01,Erik Akkersdijk,2007-12-15,96.71,6
2005AKKE01,Erik Akkersdijk,2008-02-02,96.02,7
2005AKKE01,Erik Akkersdijk,2008-02-16,100.52,8
2005AKKE01,Erik Akkersdijk,2008-03-29,107.23,9
2005AKKE01,Erik Akkersdijk,2008-04-05,103.08,10
2005AKKE01,Erik Akkersdijk,2008-04-19,99.52,11
2005AKKE01,Erik Akkersdijk,2008-06-07,100.27,12
2005AKKE01,Erik Akkersdijk,2008-07-12,100.49,13
2005AKKE01,Erik Akkersdijk,2008-08-23,89.49,14
2005AKKE01,Erik Akkersdijk,2008-09-06,86.86,15
2005AKKE01,Erik Akkersdijk,2008-09-19,87.83,16
2005AKKE01,Erik Akkersdijk,2008-09-19,86.88,17
2005AKKE01,Erik Akkersdijk,2008-10-11,95.72,18
2005AKKE01,Erik Akkersdijk,2008-10-18,94.96,19
2005AKKE01,Erik Akkersdijk,2008-11-08,94.06,20
2005AKKE01,Erik Akkersdijk,2008-11-29,87.28,21
2005AKKE01,Erik Akkersdijk,2009-01-10,88.64,22
2005AKKE01,Erik Akkersdijk,2009-02-21,83.26,23
2005AKKE01,Erik Akkersdijk,2009-02-28,89.45,24
2005AKKE01,Erik Akkersdijk,2009-04-04,79.56,25
2005AKKE01,Erik Akkersdijk,2009-04-25,85.55,26
2005AKKE01,Erik Akkersdijk,2009-07-10,83.64,27
2005AKKE01,Erik Akkersdijk,2009-07-17,76.87,28
2005AKKE01,Erik Akkersdijk,2009-09-12,79.3,29
2005AKKE01,Erik Akkersdijk,2009-09-26,81.79,30
2005AKKE01,Erik Akkersdijk,2009-09-26,77.44,31
2005AKKE01,Erik Akkersdijk,2009-10-09,79.49,32
2005AKKE01,Erik Akkersdijk,2009-10-09,82.97,33
2005AKKE01,Erik Akkersdijk,2009-10-17,79.58,34
2005AKKE01,Erik Akkersdijk,2009-10-24,79.46,35
2005AKKE01,Erik Akkersdijk,2009-10-24,89.21,36
2005AKKE01,Erik Akkersdijk,2009-11-14,82.29,37
2005AKKE01,Erik Akkersdijk,2009-11-14,81.26,38
2005AKKE01,Erik Akkersdijk,2009-12-05,80.14,39
2005AKKE01,Erik Akkersdijk,2010-01-16,82.59,40
2005AKKE01,Erik Akkersdijk,2010-02-13,78.93,41
2005AKKE01,Erik Akkersdijk,2010-02-13,82.85,42
2005AKKE01,Erik Akkersdijk,2010-02-27,79.5,43
2005AKKE01,Erik Akkersdijk,2010-03-27,79.54,44
2005AKKE01,Erik Akkersdijk,2010-03-27,83.64,45
2005AKKE01,Erik Akkersdijk,2010-04-17,80.02,46
2005AKKE01,Erik Akkersdijk,2010-05-22,78.37,47
2005AKKE01,Erik Akkersdijk,2010-06-12,80.72,48
2005AKKE01,Erik Akkersdijk,2010-06-12,81.59,49
2005AKKE01,Erik Akkersdijk,2010-06-26,77.5,50
2005AKKE01,Erik Akkersdijk,2010-06-26,78.41,51
2005AKKE01,Erik Akkersdijk,2010-07-16,82.41,52
2005AKKE01,Erik Akkersdijk,2010-07-16,78.16,53
2005AKKE01,Erik Akkersdijk,2010-07-24,82.07,54
2005AKKE01,Erik Akkersdijk,2010-09-04,81.95,55
2005AKKE01,Erik Akkersdijk,2010-09-04,78.79,56
2005AKKE01,Erik Akkersdijk,2010-09-11,78.23,57
2005AKKE01,Erik Akkersdijk,2010-09-11,80.88,58
2005AKKE01,Erik Akkersdijk,2010-10-01,79.06,59
2005AKKE01,Erik Akkersdijk,2010-10-01,79.85,60
2005AKKE01,Erik Akkersdijk,2010-10-16,77.02,61
2005AKKE01,Erik Akkersdijk,2010-10-23,80.06,62
2005AKKE01,Erik Akkersdijk,2010-10-23,78.53,63
2005AKKE01,Erik Akkersdijk,2010-10-23,78.45,64
2005AKKE01,Erik Akkersdijk,2010-11-13,76.88,65
2005AKKE01,Erik Akkersdijk,2010-11-20,74.0,66
2005AKKE01,Erik Akkersdijk,2011-01-14,75.7,67
2005AKKE01,Erik Akkersdijk,2011-01-14,84.25,68
2005AKKE01,Erik Akkersdijk,2011-04-02,87.17,69
2005AKKE01,Erik Akkersdijk,2011-04-02,79.75,70
2005AKKE01,Erik Akkersdijk,2011-04-09,84.45,71
2005AKKE01,Erik Akkersdijk,2011-04-09,80.78,72
2005AKKE01,Erik Akkersdijk,2011-04-22,77.61,73
2005AKKE01,Erik Akkersdijk,2011-04-22,80.51,74
2005AKKE01,Erik Akkersdijk,2011-04-30,76.14,75
2005AKKE01,Erik Akkersdijk,2011-04-30,75.78,76
2005AKKE01,Erik Akkersdijk,2011-06-10,83.85,77
2005AKKE01,Erik Akkersdijk,2011-06-10,75.64,78
2005AKKE01,Erik Akkersdijk,2011-10-08,77.19,79
2005AKKE01,Erik Akkersdijk,2011-10-14,74.34,80
2005AKKE01,Erik Akkersdijk,2011-10-14,77.24,81
2005AKKE01,Erik Akkersdijk,2011-10-14,79.5,82
2005AKKE01,Erik Akkersdijk,2011-10-22,75.85,83
2005AKKE01,Erik Akkersdijk,2011-10-22,74.74,84
2005AKKE01,Erik Akkersdijk,2011-10-22,75.01,85
2005AKKE01,Erik Akkersdijk,2011-10-29,74.1,86
2005AKKE01,Erik Akkersdijk,2011-11-05,77.07,87
2005AKKE01,Erik Akkersdijk,2011-11-19,79.89,88
2005AKKE01,Erik Akkersdijk,2011-12-10,79.25,89
2005AKKE01,Erik Akkersdijk,2011-12-10,78.01,90
2005AKKE01,Erik Akkersdijk,2011-12-17,78.72,91
2005AKKE01,Erik Akkersdijk,2011-12-17,74.33,92
2005AKKE01,Erik Akkersdijk,2012-02-25,76.95,93
2005AKKE01,Erik Akkersdijk,2012-02-25,77.96,94
2005AKKE01,Erik Akkersdijk,2012-03-03,77.62,95
2005AKKE01,Erik Akkersdijk,2012-03-03,75.22,96
2005AKKE01,Erik Akkersdijk,2012-03-31,80.16,97
2005AKKE01,Erik Akkersdijk,2012-03-31,77.55,98
2005AKKE01,Erik Akkersdijk,2012-04-06,82.71,99
2005AKKE01,Erik Akkersdijk,2012-04-06,78.82,100
2005AKKE01,Erik Akkersdijk,2012-04-28,72.89,101
2005AKKE01,Erik Akkersdijk,2012-04-28,79.15,102
2005AKKE01,Erik Akkersdijk,2012-05-19,80.44,103
2005AKKE01,Erik Akkersdijk,2012-05-19,83.57,104
2005AKKE01,Erik Akkersdijk,2012-06-23,84.58,105
2005AKKE01,Erik Akkersdijk,2012-06-23,75.83,106
2005AKKE01,Erik Akkersdijk,2012-07-13,76.18,107
2005AKKE01,Erik Akkersdijk,2012-07-13,71.72,108
2005AKKE01,Erik Akkersdijk,2012-08-25,81.7,109
2005AKKE01,Erik Akkersdijk,2012-08-25,75.51,110
2005AKKE01,Erik Akkersdijk,2012-09-22,75.34,111
2005AKKE01,Erik Akkersdijk,2012-10-12,73.98,112
2005AKKE01,Erik Akkersdijk,2012-10-12,74.22,113
2005AKKE01,Erik Akkersdijk,2012-10-12,77.46,114
2005AKKE01,Erik Akkersdijk,2012-11-03,78.78,115
2005AKKE01,Erik Akkersdijk,2012-11-17,85.59,116
2005AKKE01,Erik Akkersdijk,2013-02-02,84.97,117
2005AKKE01,Erik Akkersdijk,2013-02-02,72.5,118
2005AKKE01,Erik Akkersdijk,2013-02-09,74.9,119
2005AKKE01,Erik Akkersdijk,2013-02-09,74.67,120
2005AKKE01,Erik Akkersdijk,2013-02-16,77.71,121
2005AKKE01,Erik Akkersdijk,2013-02-16,80.12,122
2005AKKE01,Erik Akkersdijk,2013-03-02,70.89,123
2005AKKE01,Erik Akkersdijk,2013-04-01,74.46,124
2005AKKE01,Erik Akkersdijk,2013-04-01,78.79,125
2005AKKE01,Erik Akkersdijk,2013-05-04,78.33,126
2005AKKE01,Erik Akkersdijk,2013-05-04,75.89,127
2005AKKE01,Erik Akkersdijk,2013-10-26,74.53,128
2005AKKE01,Erik Akkersdijk,2013-10-26,74.87,129
2005AKKE01,Erik Akkersdijk,2013-10-26,77.23,130
2005AKKE01,Erik Akkersdijk,2013-11-02,76.58,131
2005AKKE01,Erik Akkersdijk,2013-11-02,78.39,132
2005AKKE01,Erik Akkersdijk,2013-11-16,74.72,133
2005AKKE01,Erik Akkersdijk,2013-11-16,74.02,134
2005AKKE01,Erik Akkersdijk,2013-11-23,80.68,135
2005AKKE01,Erik Akkersdijk,2013-11-23,79.26,136
2005AKKE01,Erik Akkersdijk,2014-02-02,78.58,137
2005AKKE01,Erik Akkersdijk,2014-02-02,77.73,138
2005AKKE01,Erik Akkersdijk,2014-02-22,75.85,139
2005AKKE01,Erik Akkersdijk,2014-02-22,71.66,140
2005AKKE01,Erik Akkersdijk,2014-04-05,85.27,141
2005AKKE01,Erik Akkersdijk,2014-05-10,70.87,142
2005AKKE01,Erik Akkersdijk,2014-08-08,70.09,143
2005AKKE01,Erik Akkersdijk,2014-08-08,73.59,144
2005AKKE01,Erik Akkersdijk,2014-08-08,80.07,145
2005AKKE01,Erik Akkersdijk,2014-09-06,80.57,146
2005AKKE01,Erik Akkersdijk,2014-09-06,74.27,147
2005AKKE01,Erik Akkersdijk,2014-09-28,76.35,148
2005AKKE01,Erik Akkersdijk,2014-10-11,74.18,149
2005AKKE01,Erik Akkersdijk,2014-10-11,72.25,150
2005AKKE01,Erik Akkersdijk,2014-11-15,74.15,151
2005AKKE01,Erik Akkersdijk,2014-11-15,74.38,152
2005AKKE01,Erik Akkersdijk,2014-11-15,76.17,153
2005AKKE01,Erik Akkersdijk,2015-09-05,79.29,154
2005AKKE01,Erik Akkersdijk,2015-09-05,73.98,155
2005AKKE01,Erik Akkersdijk,2015-10-17,72.95,156
2005AKKE01,Erik Akkersdijk,2016-01-09,78.74,157
2005AKKE01,Erik Akkersdijk,2016-01-09,73.89,158
2005AKKE01,Erik Akkersdijk,2016-04-09,70.33,159
2005AKKE01,Erik Akkersdijk,2016-04-09,82.03,160
2005AKKE01,Erik Akkersdijk,2016-07-15,74.02,161
2005AKKE01,Erik Akkersdijk,2016-07-15,72.27,162
2005AKKE01,Erik Akkersdijk,2016-07-19,74.37,163
2005AKKE01,Erik Akkersdijk,2016-07-19,72.83,164
2005AKKE01,Erik Akkersdijk,2016-10-01,76.41,165
2005AKKE01,Erik Akkersdijk,2016-10-01,73.48,166
2005AKKE01,Erik Akkersdijk,2016-10-07,78.62,167
2005AKKE01,Erik Akkersdijk,2016-10-29,75.21,168
2005AKKE01,Erik Akkersdijk,2016-12-17,79.48,169
2005AKKE01,Erik Akkersdijk,2016-12-17,74.82,170
2005AKKE01,Erik Akkersdijk,2017-05-19,68.0,171
2005AKKE01,Erik Akkersdijk,2017-05-19,73.28,172
2005AKKE01,Erik Akkersdijk,2017-07-01,70.16,173
2005AKKE01,Erik Akkersdijk,2017-07-01,65.43,174
2005AKKE01,Erik Akkersdijk,2017-07-13,70.37,175
2005AKKE01,Erik Akkersdijk,2017-07-13,73.66,176
2005AKKE01,Erik Akkersdijk,2017-09-23,68.9,177
2005AKKE01,Erik Akkersdijk,2017-11-18,69.77,178
2005AKKE01,Erik Akkersdijk,2018-01-13,65.18,179
2005AKKE01,Erik Akkersdijk,2018-01-13,65.7,180
2005AKKE01,Erik Akkersdijk,2018-02-17,68.46,181
2005AKKE01,Erik Akkersdijk,2018-02-17,66.47,182
2005AKKE01,Erik Akkersdijk,2018-02-17,66.26,183
2005AKKE01,Erik Akkersdijk,2018-03-24,61.46,184
2005AKKE01,Erik Akkersdijk,2018-03-24,63.16,185
2005AKKE01,Erik Akkersdijk,2018-07-14,65.08,186
2005AKKE01,Erik Akkersdijk,2018-07-19,68.41,187
2005AKKE01,Erik Akkersdijk,2018-07-19,63.1,188
2005AKKE01,Erik Akkersdijk,2018-07-19,65.73,189
2005AKKE01,Erik Akkersdijk,2018-08-25,71.67,190
2005AKKE01,Erik Akkersdijk,2018-08-25,69.3,191
2005AKKE01,Erik Akkersdijk,2018-10-06,69.47,192
2005AKKE01,Erik Akkersdijk,2018-10-26,69.28,193
2005AKKE01,Erik Akkersdijk,2018-10-26,68.61,194
2005AKKE01,Erik Akkersdijk,2018-10-26,63.73,195
2005AKKE01,Erik Akkersdijk,2018-11-10,65.91,196
2005AKKE01,Erik Akkersdijk,2018-11-10,64.58,197
2005AKKE01,Erik Akkersdijk,2018-11-24,70.52,198
2005AKKE01,Erik Akkersdijk,2018-11-24,63.95,199
2005AKKE01,Erik Akkersdijk,2018-12-15,62.19,200
2005AKKE01,Erik Akkersdijk,2018-12-15,68.31,201
2005AKKE01,Erik Akkersdijk,2018-12-15,62.4,202
2005AKKE01,Erik Akkersdijk,2019-03-22,67.11,203
2005AKKE01,Erik Akkersdijk,2019-03-22,63.18,204
2005AKKE01,Erik Akkersdijk,2019-06-29,64.41,205
2005AKKE01,Erik Akkersdijk,2019-07-11,65.4,206
2005AKKE01,Erik Akkersdijk,2019-07-11,68.05,207
2005AKKE01,Erik Akkersdijk,2019-09-21,65.56,208
2005AKKE01,Erik Akkersdijk,2019-10-17,71.53,209
2005AKKE01,Erik Akkersdijk,2019-10-17,65.09,210
2005AKKE01,Erik Akkersdijk,2019-10-26,69.13,211
2005AKKE01,Erik Akkersdijk,2019-10-26,64.94,212
2005AKKE01,Erik Akkersdijk,2020-01-18,68.88,213
2005AKKE01,Erik Akkersdijk,2020-02-29,74.47,214
2005AKKE01,Erik Akkersdijk,2020-02-29,64.5,215
2005AKKE01,Erik Akkersdijk,2021-10-16,64.86,216
2005AKKE01,Erik Akkersdijk,2022-03-11,65.68,217
2005AKKE01,Erik Akkersdijk,2022-05-21,63.44,218
2005AKKE01,Erik Akkersdijk,2022-05-21,68.96,219
2005AKKE01,Erik Akkersdijk,2022-07-14,67.63,220
2005AKKE01,Erik Akkersdijk,2022-07-14,60.65,221
2005AKKE01,Erik Akkersdijk,2022-08-19,64.1,222
2005AKKE01,Erik Akkersdijk,2022-08-19,64.53,223
2005AKKE01,Erik Akkersdijk,2023-06-03,64.71,224
2005AKKE01,Erik Akkersdijk,2023-08-04,72.5,225
2005AKKE01,Erik Akkersdijk,2023-08-12,67.07,226
2005AKKE01,Erik Akkersdijk,2023-09-23,69.38,227
2005AKKE01,Erik Akkersdijk,2023-10-14,71.13,228
2005AKKE01,Erik Akkersdijk,2023-11-11,63.79,229
2005AKKE01,Erik Akkersdijk,2023-11-11,64.99,230
2005AKKE01,Erik Akkersdijk,2024-05-24,64.78,231
2005AKKE01,Erik Akkersdijk,2024-05-24,64.88,232
2005AKKE01,Erik Akkersdijk,2024-07-25,64.29,233
2005AKKE01,Erik Akkersdijk,2024-07-25,67.8,234
2005AKKE01,Erik Akkersdijk,2024-10-04,59.96,235
2005AKKE01,Erik Akkersdijk,2024-10-04,62.64,236
2005AKKE01,Erik Akkersdijk,2025-01-18,71.85,237
2005AKKE01,Erik Akkersdijk,2025-01-18,67.81,238
2005AKKE01,Erik Akkersdijk,2025-03-29,61.69,239
2005AKKE01,Erik Akkersdijk,2025-03-29,66.36,240
2005AKKE01,Erik Akkersdijk,2025-07-03,67.15,241
2005AKKE01,Erik Akkersdijk,2025-09-26,67.2,242
2005AKKE01,Erik Akkersdijk,2026-01-16,65.74,243
2005AKKE01,Erik Akkersdijk,2026-01-16,66.33,244
2005AKKE01,Erik Akkersdijk,2026-02-28,66.12,245
2006HALC01,Michał Halczuk,2008-05-10,121.05,1
2006HALC01,Michał Halczuk,2008-05-10,113.11,2
2006HALC01,Michał Halczuk,2008-06-07,113.27,3
2006HALC01,Michał Halczuk,2008-08-16,90.79,4
2006HALC01,Michał Halczuk,2008-08-30,98.19,5
2006HALC01,Michał Halczuk,2009-01-31,81.05,6
2006HALC01,Michał Halczuk,2009-02-21,82.2,7
2006HALC01,Michał Halczuk,2009-02-21,85.67,8
2006HALC01,Michał Halczuk,2009-05-30,86.78,9
2006HALC01,Michał Halczuk,2009-06-27,89.21,10
2006HALC01,Michał Halczuk,2009-06-27,91.2,11
2006HALC01,Michał Halczuk,2009-10-09,90.11,12
2006HALC01,Michał Halczuk,2009-10-09,85.49,13
2006HALC01,Michał Halczuk,2009-11-28,89.01,14
2006HALC01,Michał Halczuk,2010-02-27,76.07,15
2006HALC01,Michał Halczuk,2010-02-27,75.53,16
2006HALC01,Michał Halczuk,2010-08-28,75.78,17
2006HALC01,Michał Halczuk,2010-08-28,78.79,18
2006HALC01,Michał Halczuk,2010-09-18,78.67,19
2006HALC01,Michał Halczuk,2010-09-18,77.47,20
2006HALC01,Michał Halczuk,2010-10-01,75.28,21
2006HALC01,Michał Halczuk,2010-10-01,77.6,22
2006HALC01,Michał Halczuk,2010-10-23,76.12,23
2006HALC01,Michał Halczuk,2010-10-23,74.94,24
2006HALC01,Michał Halczuk,2010-10-23,80.03,25
2006HALC01,Michał Halczuk,2011-02-12,68.13,26
2006HALC01,Michał Halczuk,2011-07-23,77.84,27
2006HALC01,Michał Halczuk,2011-08-13,76.45,28
2006HALC01,Michał Halczuk,2011-08-13,85.95,29
2006HALC01,Michał Halczuk,2011-10-22,77.39,30
2006HALC01,Michał Halczuk,2011-10-22,71.91,31
2006HALC01,Michał Halczuk,2011-10-22,72.31,32
2006HALC01,Michał Halczuk,2011-11-05,73.01,33
2006HALC01,Michał Halczuk,2012-05-26,71.72,34
2006HALC01,Michał Halczuk,2012-05-26,77.11,35
2006HALC01,Michał Halczuk,2012-06-30,70.11,36
2006HALC01,Michał Halczuk,2012-08-04,69.87,37
2006HALC01,Michał Halczuk,2012-08-04,72.16,38
2006HALC01,Michał Halczuk,2012-09-22,73.9,39
2006HALC01,Michał Halczuk,2012-10-12,75.09,40
2006HALC01,Michał Halczuk,2012-10-12,69.32,41
2006HALC01,Michał Halczuk,2012-10-12,71.25,42
2006HALC01,Michał Halczuk,2012-11-24,71.18,43
2006HALC01,Michał Halczuk,2012-11-24,71.87,44
2006HALC01,Michał Halczuk,2012-12-08,68.83,45
2006HALC01,Michał Halczuk,2012-12-08,68.07,46
2006HALC01,Michał Halczuk,2013-04-20,74.65,47
2006HALC01,Michał Halczuk,2013-04-20,72.89,48
2006HALC01,Michał Halczuk,2013-05-18,68.98,49
2006HALC01,Michał Halczuk,2013-06-29,73.67,50
2006HALC01,Michał Halczuk,2013-06-29,67.95,51
2006HALC01,Michał Halczuk,2013-07-26,70.66,52
2006HALC01,Michał Halczuk,2013-07-26,73.78,53
2006HALC01,Michał Halczuk,2013-07-26,71.03,54
2006HALC01,Michał Halczuk,2013-07-26,74.34,55
2006HALC01,Michał Halczuk,2013-08-17,69.06,56
2006HALC01,Michał Halczuk,2013-08-17,70.04,57
2006HALC01,Michał Halczuk,2013-09-28,68.65,58
2006HALC01,Michał Halczuk,2013-10-05,71.74,59
2006HALC01,Michał Halczuk,2013-11-30,74.25,60
2006HALC01,Michał Halczuk,2013-12-14,78.75,61
2006HALC01,Michał Halczuk,2014-01-04,79.64,62
2006HALC01,Michał Halczuk,2014-01-04,74.71,63
2006HALC01,Michał Halczuk,2014-01-18,77.65,64
2006HALC01,Michał Halczuk,2014-02-15,73.14,65
2006HALC01,Michał Halczuk,2014-02-15,70.39,66
2006HALC01,Michał Halczuk,2014-02-22,67.41,67
2006HALC01,Michał Halczuk,2014-03-08,67.76,68
2006HALC01,Michał Halczuk,2014-03-15,68.64,69
2006HALC01,Michał Halczuk,2014-05-03,67.5,70
2006HALC01,Michał Halczuk,2014-05-31,75.36,71
2006HALC01,Michał Halczuk,2014-06-21,65.75,72
2006HALC01,Michał Halczuk,2014-06-21,70.86,73
2006HALC01,Michał Halczuk,2014-06-28,68.01,74
2006HALC01,Michał Halczuk,2014-06-28,67.45,75
2006HALC01,Michał Halczuk,2014-07-05,68.02,76
2006HALC01,Michał Halczuk,2014-07-05,71.68,77
2006HALC01,Michał Halczuk,2014-08-08,67.14,78
2006HALC01,Michał Halczuk,2014-08-08,69.42,79
2006HALC01,Michał Halczuk,2014-08-08,66.07,80
2006HALC01,Michał Halczuk,2014-08-23,68.66,81
2006HALC01,Michał Halczuk,2014-08-23,67.14,82
2006HALC01,Michał Halczuk,2014-09-06,68.3,83
2006HALC01,Michał Halczuk,2014-09-06,64.55,84
2006HALC01,Michał Halczuk,2014-09-06,66.63,85
2006HALC01,Michał Halczuk,2014-09-27,66.28,86
2006HALC01,Michał Halczuk,2014-12-06,66.08,87
2006HALC01,Michał Halczuk,2014-12-06,68.51,88
2006HALC01,Michał Halczuk,2014-12-20,62.92,89
2006HALC01,Michał Halczuk,2015-02-21,65.56,90
2006HALC01,Michał Halczuk,2015-02-21,67.62,91
2006HALC01,Michał Halczuk,2015-02-21,66.3,92
2006HALC01,Michał Halczuk,2015-02-28,62.85,93
2006HALC01,Michał Halczuk,2015-03-27,66.45,94
2006HALC01,Michał Halczuk,2015-03-27,63.16,95
2006HALC01,Michał Halczuk,2015-04-18,66.88,96
2006HALC01,Michał Halczuk,2015-04-18,64.42,97
2006HALC01,Michał Halczuk,2015-05-30,69.88,98
2006HALC01,Michał Halczuk,2015-05-30,66.78,99
2006HALC01,Michał Halczuk,2015-06-27,62.5,100
2006HALC01,Michał Halczuk,2015-07-18,68.16,101
2006HALC01,Michał Halczuk,2015-07-18,65.5,102
2006HALC01,Michał Halczuk,2015-08-08,64.17,103
2006HALC01,Michał Halczuk,2015-08-08,64.54,104
2006HALC01,Michał Halczuk,2015-09-12,65.92,105
2006HALC01,Michał Halczuk,2015-09-12,68.15,106
2006HALC01,Michał Halczuk,2015-09-19,62.01,107
2006HALC01,Michał Halczuk,2015-09-19,66.01,108
2006HALC01,Michał Halczuk,2015-09-26,62.89,109
2006HALC01,Michał Halczuk,2015-09-26,63.98,110
2006HALC01,Michał Halczuk,2015-09-26,63.3,111
2006HALC01,Michał Halczuk,2015-10-09,65.08,112
2006HALC01,Michał Halczuk,2015-10-09,64.0,113
2006HALC01,Michał Halczuk,2015-10-09,66.62,114
2006HALC01,Michał Halczuk,2016-02-20,64.19,115
2006HALC01,Michał Halczuk,2016-07-15,62.93,116
2006HALC01,Michał Halczuk,2016-07-15,61.4,117
2006HALC01,Michał Halczuk,2016-07-15,64.93,118
2006HALC01,Michał Halczuk,2016-08-06,68.3,119
2006HALC01,Michał Halczuk,2016-08-06,62.87,120
2006HALC01,Michał Halczuk,2016-08-27,63.94,121
2006HALC01,Michał Halczuk,2016-08-27,65.15,122
2006HALC01,Michał Halczuk,2016-12-09,61.85,123
2006HALC01,Michał Halczuk,2016-12-09,64.01,124
2006HALC01,Michał Halczuk,2016-12-17,61.99,125
2006HALC01,Michał Halczuk,2016-12-17,65.29,126
2006HALC01,Michał Halczuk,2017-03-11,63.83,127
2006HALC01,Michał Halczuk,2017-03-11,63.32,128
2006HALC01,Michał Halczuk,2017-05-27,60.59,129
2006HALC01,Michał Halczuk,2017-05-27,63.43,130
2006HALC01,Michał Halczuk,2017-06-10,60.68,131
2006HALC01,Michał Halczuk,2017-06-10,62.89,132
2006HALC01,Michał Halczuk,2017-06-24,63.01,133
2006HALC01,Michał Halczuk,2017-06-24,62.88,134
2006HALC01,Michał Halczuk,2017-07-29,60.22,135
2006HALC01,Michał Halczuk,2017-07-29,64.04,136
2006HALC01,Michał Halczuk,2017-08-25,60.41,137
2006HALC01,Michał Halczuk,2017-08-25,62.96,138
2006HALC01,Michał Halczuk,2017-09-15,63.02,139
2006HALC01,Michał Halczuk,2017-11-17,62.24,140
2006HALC01,Michał Halczuk,2017-11-17,63.51,141
2006HALC01,Michał Halczuk,2017-12-16,60.51,142
2006HALC01,Michał Halczuk,2018-01-13,61.68,143
2006HALC01,Michał Halczuk,2018-01-13,65.11,144
2006HALC01,Michał Halczuk,2018-02-24,62.38,145
2006HALC01,Michał Halczuk,2018-02-24,61.59,146
2006HALC01,Michał Halczuk,2018-06-23,60.11,147
2006HALC01,Michał Halczuk,2018-07-07,55.86,148
2006HALC01,Michał Halczuk,2018-07-07,58.8,149
2006HALC01,Michał Halczuk,2018-07-07,60.01,150
2006HALC01,Michał Halczuk,2018-07-31,54.19,151
2006HALC01,Michał Halczuk,2018-07-31,55.6,152
2006HALC01,Michał Halczuk,2018-09-22,55.97,153
2006HALC01,Michał Halczuk,2018-10-26,56.28,154
2006HALC01,Michał Halczuk,2018-10-26,58.96,155
2006HALC01,Michał Halczuk,2018-12-08,56.52,156
2006HALC01,Michał Halczuk,2018-12-08,57.55,157
2006HALC01,Michał Halczuk,2018-12-15,58.76,158
2006HALC01,Michał Halczuk,2018-12-15,58.08,159
2006HALC01,Michał Halczuk,2019-01-12,56.97,160
2006HALC01,Michał Halczuk,2019-01-12,55.42,161
2006HALC01,Michał Halczuk,2019-02-02,56.31,162
2006HALC01,Michał Halczuk,2019-02-02,57.04,163
2006HALC01,Michał Halczuk,2019-02-23,56.62,164
2006HALC01,Michał Halczuk,2019-02-23,59.74,165
2006HALC01,Michał Halczuk,2019-03-02,53.42,166
2006HALC01,Michał Halczuk,2019-03-02,54.6,167
2006HALC01,Michał Halczuk,2019-06-01,57.44,168
2006HALC01,Michał Halczuk,2019-06-01,56.76,169
2006HALC01,Michał Halczuk,2019-07-06,57.09,170
2006HALC01,Michał Halczuk,2019-09-13,57.96,171
2006HALC01,Michał Halczuk,2019-09-13,56.89,172
2006HALC01,Michał Halczuk,2019-09-28,55.84,173
2006HALC01,Michał Halczuk,2019-10-05,56.42,174
2006HALC01,Michał Halczuk,2019-10-05,58.95,175
2006HALC01,Michał Halczuk,2019-10-05,59.2,176
2006HALC01,Michał Halczuk,2019-10-11,58.17,177
2006HALC01,Michał Halczuk,2019-10-11,55.72,178
2006HALC01,Michał Halczuk,2019-11-09,54.93,179
2006HALC01,Michał Halczuk,2019-11-09,55.36,180
2006HALC01,Michał Halczuk,2019-11-16,56.06,181
2006HALC01,Michał Halczuk,2019-11-16,53.65,182
2006HALC01,Michał Halczuk,2019-12-06,53.42,183
2006HALC01,Michał Halczuk,2019-12-06,58.31,184
2006HALC01,Michał Halczuk,2019-12-14,57.67,185
2006HALC01,Michał Halczuk,2019-12-14,53.1,186
2006HALC01,Michał Halczuk,2019-12-14,54.61,187
2006HALC01,Michał Halczuk,2020-01-04,59.35,188
2006HALC01,Michał Halczuk,2020-01-04,59.25,189
2006HALC01,Michał Halczuk,2020-02-22,58.69,190
2006HALC01,Michał Halczuk,2020-02-22,58.3,191
2006HALC01,Michał Halczuk,2020-08-22,58.33,192
2006HALC01,Michał Halczuk,2020-08-22,53.61,193
2006HALC01,Michał Halczuk,2020-09-12,53.65,194
2006HALC01,Michał Halczuk,2020-09-12,52.2,195
2006HALC01,Michał Halczuk,2021-07-03,55.04,196
2006HALC01,Michał Halczuk,2021-07-03,57.49,197
2006HALC01,Michał Halczuk,2021-07-10,57.04,198
2006HALC01,Michał Halczuk,2021-07-10,56.27,199
2006HALC01,Michał Halczuk,2021-07-24,58.07,200
2006HALC01,Michał Halczuk,2021-07-24,54.8,201
2006HALC01,Michał Halczuk,2021-09-11,56.58,202
2006HALC01,Michał Halczuk,2021-09-11,54.82,203
2006HALC01,Michał Halczuk,2021-09-18,54.28,204
2006HALC01,Michał Halczuk,2021-09-18,58.77,205
2006HALC01,Michał Halczuk,2021-10-01,55.17,206
2006HALC01,Michał Halczuk,2021-10-01,53.11,207
2006HALC01,Michał Halczuk,2021-10-09,56.01,208
2006HALC01,Michał Halczuk,2021-10-09,54.13,209
2006HALC01,Michał Halczuk,2022-07-02,54.37,210
2006HALC01,Michał Halczuk,2022-07-02,57.26,211
2006HALC01,Michał Halczuk,2022-07-08,58.05,212
2006HALC01,Michał Halczuk,2022-07-08,54.07,213
2006HALC01,Michał Halczuk,2022-08-06,53.01,214
2006HALC01,Michał Halczuk,2022-08-13,56.9,215
2006HALC01,Michał Halczuk,2022-08-13,52.27,216
2006HALC01,Michał Halczuk,2022-08-27,56.11,217
2006HALC01,Michał Halczuk,2022-08-27,56.63,218
2006HALC01,Michał Halczuk,2022-10-22,58.24,219
2006HALC01,Michał Halczuk,2022-10-22,53.72,220
2006HALC01,Michał Halczuk,2022-10-22,61.21,221
2006HALC01,Michał Halczuk,2022-11-12,58.71,222
2006HALC01,Michał Halczuk,2022-11-12,55.8,223
2006HALC01,Michał Halczuk,2023-01-28,58.63,224
2006HALC01,Michał Halczuk,2023-03-04,56.94,225
2006HALC01,Michał Halczuk,2023-03-04,54.92,226
2006HALC01,Michał Halczuk,2023-03-11,56.32,227
2006HALC01,Michał Halczuk,2023-03-11,57.36,228
2006HALC01,Michał Halczuk,2023-04-01,58.37,229
2006HALC01,Michał Halczuk,2023-04-01,56.22,230
2006HALC01,Michał Halczuk,2023-04-15,56.73,231
2006HALC01,Michał Halczuk,2023-04-15,56.74,232
2006HALC01,Michał Halczuk,2023-05-06,58.26,233
2006HALC01,Michał Halczuk,2023-05-06,54.88,234
2006HALC01,Michał Halczuk,2023-05-20,55.74,235
2006HALC01,Michał Halczuk,2023-05-27,53.94,236
2006HALC01,Michał Halczuk,2023-06-03,52.21,237
2006HALC01,Michał Halczuk,2023-06-03,56.72,238
2006HALC01,Michał Halczuk,2023-06-10,55.42,239
2006HALC01,Michał Halczuk,2023-07-28,54.17,240
2006HALC01,Michał Halczuk,2023-08-12,50.8,241
2006HALC01,Michał Halczuk,2023-08-12,53.41,242
2006HALC01,Michał Halczuk,2023-08-19,52.14,243
2006HALC01,Michał Halczuk,2023-08-19,54.37,244
2006HALC01,Michał Halczuk,2023-08-26,53.35,245
2006HALC01,Michał Halczuk,2023-08-26,52.57,246
2006HALC01,Michał Halczuk,2023-09-09,54.78,247
2006HALC01,Michał Halczuk,2023-10-06,53.53,248
2006HALC01,Michał Halczuk,2023-10-06,56.3,249
2006HALC01,Michał Halczuk,2023-10-28,56.59,250
2006HALC01,Michał Halczuk,2023-10-28,57.99,251
2006HALC01,Michał Halczuk,2023-11-25,56.04,252
2006HALC01,Michał Halczuk,2023-11-25,54.66,253
2008AURO01,Sébastien Auroux,2008-10-18,163.72,1
2008AURO01,Sébastien Auroux,2008-11-08,157.42,2
2008AURO01,Sébastien Auroux,2008-11-29,153.96,3
2008AURO01,Sébastien Auroux,2009-01-10,152.97,4
2008AURO01,Sébastien Auroux,2009-02-21,154.52,5
2008AURO01,Sébastien Auroux,2009-03-14,131.5,6
2008AURO01,Sébastien Auroux,2009-04-25,134.67,7
2008AURO01,Sébastien Auroux,2009-10-17,125.6,8
2008AURO01,Sébastien Auroux,2009-11-21,124.59,9
2008AURO01,Sébastien Auroux,2010-01-16,128.92,10
2008AURO01,Sébastien Auroux,2010-01-23,122.37,11
2008AURO01,Sébastien Auroux,2010-02-20,126.42,12
2008AURO01,Sébastien Auroux,2010-02-27,117.57,13
2008AURO01,Sébastien Auroux,2010-03-20,118.76,14
2008AURO01,Sébastien Auroux,2010-03-20,115.97,15
2008AURO01,Sébastien Auroux,2010-03-27,118.57,16
2008AURO01,Sébastien Auroux,2010-04-17,122.52,17
2008AURO01,Sébastien Auroux,2010-05-22,120.65,18
2008AURO01,Sébastien Auroux,2010-06-12,114.43,19
2008AURO01,Sébastien Auroux,2010-06-12,126.03,20
2008AURO01,Sébastien Auroux,2010-06-26,118.58,21
2008AURO01,Sébastien Auroux,2010-06-26,124.45,22
2008AURO01,Sébastien Auroux,2010-07-24,125.6,23
2008AURO01,Sébastien Auroux,2010-07-31,118.63,24
2008AURO01,Sébastien Auroux,2010-07-31,117.13,25
2008AURO01,Sébastien Auroux,2010-08-14,122.94,26
2008AURO01,Sébastien Auroux,2010-09-04,123.63,27
2008AURO01,Sébastien Auroux,2010-09-04,126.46,28
2008AURO01,Sébastien Auroux,2010-09-11,120.49,29
2008AURO01,Sébastien Auroux,2010-10-09,118.7,30
2008AURO01,Sébastien Auroux,2010-10-09,113.51,31
2008AURO01,Sébastien Auroux,2010-10-16,114.65,32
2008AURO01,Sébastien Auroux,2010-10-23,119.16,33
2008AURO01,Sébastien Auroux,2010-10-23,111.92,34
2008AURO01,Sébastien Auroux,2010-11-13,122.31,35
2008AURO01,Sébastien Auroux,2010-11-20,115.22,36
2008AURO01,Sébastien Auroux,2011-01-14,112.26,37
2008AURO01,Sébastien Auroux,2011-01-14,123.25,38
2008AURO01,Sébastien Auroux,2011-03-05,120.96,39
2008AURO01,Sébastien Auroux,2011-03-05,120.5,40
2008AURO01,Sébastien Auroux,2011-03-26,120.22,41
2008AURO01,Sébastien Auroux,2011-03-26,113.55,42
2008AURO01,Sébastien Auroux,2011-04-02,115.56,43
2008AURO01,Sébastien Auroux,2011-04-02,116.68,44
2008AURO01,Sébastien Auroux,2011-04-09,110.02,45
2008AURO01,Sébastien Auroux,2011-04-09,118.55,46
2008AURO01,Sébastien Auroux,2011-04-22,124.54,47
2008AURO01,Sébastien Auroux,2011-04-22,118.69,48
2008AURO01,Sébastien Auroux,2011-04-30,111.56,49
2008AURO01,Sébastien Auroux,2011-04-30,115.41,50
2008AURO01,Sébastien Auroux,2011-05-07,113.25,51
2008AURO01,Sébastien Auroux,2011-05-07,117.4,52
2008AURO01,Sébastien Auroux,2011-06-10,129.19,53
2008AURO01,Sébastien Auroux,2011-06-25,112.88,54
2008AURO01,Sébastien Auroux,2011-06-25,104.82,55
2008AURO01,Sébastien Auroux,2011-07-15,115.7,56
2008AURO01,Sébastien Auroux,2011-08-13,114.45,57
2008AURO01,Sébastien Auroux,2011-08-13,121.25,58
2008AURO01,Sébastien Auroux,2011-10-08,121.37,59
2008AURO01,Sébastien Auroux,2011-10-14,116.63,60
2008AURO01,Sébastien Auroux,2011-10-22,112.41,61
2008AURO01,Sébastien Auroux,2011-10-22,107.14,62
2008AURO01,Sébastien Auroux,2011-10-29,110.77,63
2008AURO01,Sébastien Auroux,2011-11-12,114.39,64
2008AURO01,Sébastien Auroux,2011-11-19,109.38,65
2008AURO01,Sébastien Auroux,2011-11-26,112.22,66
2008AURO01,Sébastien Auroux,2011-11-26,115.25,67
2008AURO01,Sébastien Auroux,2011-12-10,114.0,68
2008AURO01,Sébastien Auroux,2011-12-17,111.83,69
2008AURO01,Sébastien Auroux,2012-02-04,110.77,70
2008AURO01,Sébastien Auroux,2012-02-04,109.03,71
2008AURO01,Sébastien Auroux,2012-02-25,109.1,72
2008AURO01,Sébastien Auroux,2012-02-25,117.06,73
2008AURO01,Sébastien Auroux,2012-03-03,110.78,74
2008AURO01,Sébastien Auroux,2012-03-31,107.76,75
2008AURO01,Sébastien Auroux,2012-03-31,123.46,76
2008AURO01,Sébastien Auroux,2012-04-06,118.6,77
2008AURO01,Sébastien Auroux,2012-04-06,104.42,78
2008AURO01,Sébastien Auroux,2012-04-14,110.66,79
2008AURO01,Sébastien Auroux,2012-04-14,116.98,80
2008AURO01,Sébastien Auroux,2012-04-28,113.24,81
2008AURO01,Sébastien Auroux,2012-04-28,104.86,82
2008AURO01,Sébastien Auroux,2012-05-12,114.16,83
2008AURO01,Sébastien Auroux,2012-05-12,114.77,84
2008AURO01,Sébastien Auroux,2012-05-19,124.88,85
2008AURO01,Sébastien Auroux,2012-05-19,115.21,86
2008AURO01,Sébastien Auroux,2012-06-23,123.85,87
2008AURO01,Sébastien Auroux,2012-06-30,112.1,88
2008AURO01,Sébastien Auroux,2012-07-07,111.06,89
2008AURO01,Sébastien Auroux,2012-07-07,114.12,90
2008AURO01,Sébastien Auroux,2012-07-13,115.49,91
2008AURO01,Sébastien Auroux,2012-08-25,112.79,92
2008AURO01,Sébastien Auroux,2012-08-25,117.55,93
2008AURO01,Sébastien Auroux,2012-08-31,115.72,94
2008AURO01,Sébastien Auroux,2012-09-01,115.72,95
2008AURO01,Sébastien Auroux,2012-09-15,114.8,96
2008AURO01,Sébastien Auroux,2012-09-15,112.08,97
2008AURO01,Sébastien Auroux,2012-10-06,112.04,98
2008AURO01,Sébastien Auroux,2012-10-12,115.2,99
2008AURO01,Sébastien Auroux,2012-10-20,115.87,100
2008AURO01,Sébastien Auroux,2012-10-20,111.24,101
2008AURO01,Sébastien Auroux,2012-10-20,114.48,102
2008AURO01,Sébastien Auroux,2012-11-03,112.32,103
2008AURO01,Sébastien Auroux,2012-11-03,113.18,104
2008AURO01,Sébastien Auroux,2012-11-17,115.57,105
2008AURO01,Sébastien Auroux,2012-12-08,116.58,106
2008AURO01,Sébastien Auroux,2012-12-08,110.18,107
2008AURO01,Sébastien Auroux,2012-12-22,118.51,108
2008AURO01,Sébastien Auroux,2012-12-22,111.83,109
2008AURO01,Sébastien Auroux,2013-02-02,115.63,110
2008AURO01,Sébastien Auroux,2013-02-02,112.74,111
2008AURO01,Sébastien Auroux,2013-02-16,115.08,112
2008AURO01,Sébastien Auroux,2013-02-16,109.33,113
2008AURO01,Sébastien Auroux,2013-04-06,118.03,114
2008AURO01,Sébastien Auroux,2013-04-20,114.93,115
2008AURO01,Sébastien Auroux,2013-04-20,116.3,116
2008AURO01,Sébastien Auroux,2013-05-04,112.01,117
2008AURO01,Sébastien Auroux,2013-05-04,113.63,118
2008AURO01,Sébastien Auroux,2013-05-17,120.89,119
2008AURO01,Sébastien Auroux,2013-05-17,114.39,120
2008AURO01,Sébastien Auroux,2013-06-01,107.35,121
2008AURO01,Sébastien Auroux,2013-06-01,124.9,122
2008AURO01,Sébastien Auroux,2013-06-22,114.94,123
2008AURO01,Sébastien Auroux,2013-06-22,113.72,124
2008AURO01,Sébastien Auroux,2013-06-29,117.88,125
2008AURO01,Sébastien Auroux,2013-07-26,122.31,126
2008AURO01,Sébastien Auroux,2013-08-10,113.84,127
2008AURO01,Sébastien Auroux,2013-09-07,116.83,128
2008AURO01,Sébastien Auroux,2013-09-14,111.07,129
2008AURO01,Sébastien Auroux,2013-09-14,111.09,130
2008AURO01,Sébastien Auroux,2013-09-14,112.41,131
2008AURO01,Sébastien Auroux,2013-10-19,116.35,132
2008AURO01,Sébastien Auroux,2013-10-26,116.83,133
2008AURO01,Sébastien Auroux,2013-10-26,114.61,134
2008AURO01,Sébastien Auroux,2013-11-02,109.36,135
2008AURO01,Sébastien Auroux,2013-11-02,112.23,136
2008AURO01,Sébastien Auroux,2013-11-09,118.3,137
2008AURO01,Sébastien Auroux,2013-11-23,109.28,138
2008AURO01,Sébastien Auroux,2013-12-07,111.08,139
2008AURO01,Sébastien Auroux,2014-01-03,116.79,140
2008AURO01,Sébastien Auroux,2014-01-03,112.02,141
2008AURO01,Sébastien Auroux,2014-01-03,112.02,142
2008AURO01,Sébastien Auroux,2014-01-18,115.5,143
2008AURO01,Sébastien Auroux,2014-02-22,112.35,144
2008AURO01,Sébastien Auroux,2014-02-22,113.43,145
2008AURO01,Sébastien Auroux,2014-03-15,114.74,146
2008AURO01,Sébastien Auroux,2014-03-15,114.79,147
2008AURO01,Sébastien Auroux,2014-03-22,123.55,148
2008AURO01,Sébastien Auroux,2014-04-05,108.88,149
2008AURO01,Sébastien Auroux,2014-04-05,113.24,150
2008AURO01,Sébastien Auroux,2014-04-18,119.7,151
2008AURO01,Sébastien Auroux,2014-04-18,122.55,152
2008AURO01,Sébastien Auroux,2014-05-24,113.32,153
2008AURO01,Sébastien Auroux,2014-05-24,114.58,154
2008AURO01,Sébastien Auroux,2014-06-07,110.09,155
2008AURO01,Sébastien Auroux,2014-06-07,110.59,156
2008AURO01,Sébastien Auroux,2014-07-04,114.27,157
2008AURO01,Sébastien Auroux,2014-08-02,118.68,158
2008AURO01,Sébastien Auroux,2014-08-02,108.84,159
2008AURO01,Sébastien Auroux,2014-11-21,108.32,160
2008AURO01,Sébastien Auroux,2014-11-21,102.82,161
2008AURO01,Sébastien Auroux,2014-12-27,103.45,162
2008AURO01,Sébastien Auroux,2014-12-27,104.24,163
2008AURO01,Sébastien Auroux,2014-12-27,105.37,164
2008AURO01,Sébastien Auroux,2015-01-17,104.54,165
2008AURO01,Sébastien Auroux,2015-01-31,103.49,166
2008AURO01,Sébastien Auroux,2015-02-21,103.57,167
2008AURO01,Sébastien Auroux,2015-03-14,104.09,168
2008AURO01,Sébastien Auroux,2015-04-18,114.13,169
2008AURO01,Sébastien Auroux,2015-05-16,107.69,170
2008AURO01,Sébastien Auroux,2015-05-16,108.67,171
2008AURO01,Sébastien Auroux,2015-05-23,102.4,172
2008AURO01,Sébastien Auroux,2015-05-23,102.29,173
2008AURO01,Sébastien Auroux,2015-06-06,107.37,174
2008AURO01,Sébastien Auroux,2015-06-06,101.86,175
2008AURO01,Sébastien Auroux,2015-07-04,105.62,176
2008AURO01,Sébastien Auroux,2015-07-04,99.17,177
2008AURO01,Sébastien Auroux,2015-07-04,100.74,178
2008AURO01,Sébastien Auroux,2015-07-17,107.69,179
2008AURO01,Sébastien Auroux,2015-07-17,108.06,180
2008AURO01,Sébastien Auroux,2015-08-01,114.81,181
2008AURO01,Sébastien Auroux,2015-08-01,100.7,182
2008AURO01,Sébastien Auroux,2015-08-22,102.23,183
2008AURO01,Sébastien Auroux,2015-08-22,103.32,184
2008AURO01,Sébastien Auroux,2015-08-22,99.19,185
2008AURO01,Sébastien Auroux,2015-09-05,105.66,186
2008AURO01,Sébastien Auroux,2015-09-18,103.81,187
2008AURO01,Sébastien Auroux,2015-12-05,109.06,188
2008AURO01,Sébastien Auroux,2015-12-05,111.29,189
2008AURO01,Sébastien Auroux,2015-12-05,108.49,190
2008AURO01,Sébastien Auroux,2016-01-09,110.43,191
2008AURO01,Sébastien Auroux,2016-01-30,109.63,192
2008AURO01,Sébastien Auroux,2016-02-06,107.08,193
2008AURO01,Sébastien Auroux,2016-03-05,112.32,194
2008AURO01,Sébastien Auroux,2016-04-09,112.8,195
2008AURO01,Sébastien Auroux,2016-05-07,112.33,196
2008AURO01,Sébastien Auroux,2016-05-07,113.68,197
2008AURO01,Sébastien Auroux,2016-06-19,107.93,198
2008AURO01,Sébastien Auroux,2016-07-02,111.88,199
2008AURO01,Sébastien Auroux,2016-07-19,114.26,200
2008AURO01,Sébastien Auroux,2016-08-06,113.07,201
2008AURO01,Sébastien Auroux,2016-08-06,111.17,202
2008AURO01,Sébastien Auroux,2016-08-13,108.02,203
2008AURO01,Sébastien Auroux,2016-08-13,100.24,204
2008AURO01,Sébastien Auroux,2016-09-03,101.35,205
2008AURO01,Sébastien Auroux,2016-10-07,100.98,206
2008AURO01,Sébastien Auroux,2016-10-29,99.13,207
2008AURO01,Sébastien Auroux,2016-10-29,110.7,208
2008AURO01,Sébastien Auroux,2016-11-26,101.4,209
2008AURO01,Sébastien Auroux,2016-11-26,98.44,210
2008AURO01,Sébastien Auroux,2017-01-06,105.42,211
2008AURO01,Sébastien Auroux,2017-01-06,98.0,212
2008AURO01,Sébastien Auroux,2017-01-28,96.03,213
2008AURO01,Sébastien Auroux,2017-01-28,96.09,214
2008AURO01,Sébastien Auroux,2017-02-25,99.52,215
2008AURO01,Sébastien Auroux,2017-02-25,94.03,216
2008AURO01,Sébastien Auroux,2017-02-25,101.07,217
2008AURO01,Sébastien Auroux,2017-03-25,99.69,218
2008AURO01,Sébastien Auroux,2017-04-08,98.66,219
2008AURO01,Sébastien Auroux,2017-04-29,103.09,220
2008AURO01,Sébastien Auroux,2017-05-27,100.32,221
2008AURO01,Sébastien Auroux,2017-05-27,102.27,222
2008AURO01,Sébastien Auroux,2017-06-10,99.44,223
2008AURO01,Sébastien Auroux,2017-06-10,97.83,224
2008AURO01,Sébastien Auroux,2017-07-01,96.42,225
2008AURO01,Sébastien Auroux,2017-07-01,93.56,226
2008AURO01,Sébastien Auroux,2017-07-13,96.72,227
2008AURO01,Sébastien Auroux,2017-08-19,96.52,228
2008AURO01,Sébastien Auroux,2017-09-01,98.28,229
2008AURO01,Sébastien Auroux,2017-09-01,97.76,230
2008AURO01,Sébastien Auroux,2017-09-16,90.86,231
2008AURO01,Sébastien Auroux,2017-10-13,94.95,232
2008AURO01,Sébastien Auroux,2017-12-02,94.18,233
2008AURO01,Sébastien Auroux,2017-12-02,98.6,234
2008AURO01,Sébastien Auroux,2018-01-05,90.64,235
2008AURO01,Sébastien Auroux,2018-02-10,96.92,236
2008AURO01,Sébastien Auroux,2018-02-10,92.96,237
2008AURO01,Sébastien Auroux,2018-03-24,88.93,238
2008AURO01,Sébastien Auroux,2018-03-24,96.19,239
2008AURO01,Sébastien Auroux,2018-04-21,91.93,240
2008AURO01,Sébastien Auroux,2018-05-12,96.34,241
2008AURO01,Sébastien Auroux,2018-07-14,92.04,242
2008AURO01,Sébastien Auroux,2018-07-19,88.77,243
2008AURO01,Sébastien Auroux,2018-09-07,88.93,244
2008AURO01,Sébastien Auroux,2018-09-22,94.88,245
2008AURO01,Sébastien Auroux,2018-11-03,88.02,246
2008AURO01,Sébastien Auroux,2018-11-03,93.82,247
2008AURO01,Sébastien Auroux,2018-12-15,85.27,248
2008AURO01,Sébastien Auroux,2019-01-04,86.37,249
2008AURO01,Sébastien Auroux,2019-01-04,90.6,250
2008AURO01,Sébastien Auroux,2019-01-19,90.56,251
2008AURO01,Sébastien Auroux,2019-02-16,93.0,252
2008AURO01,Sébastien Auroux,2019-04-06,92.68,253
2008AURO01,Sébastien Auroux,2019-04-13,91.04,254
2008AURO01,Sébastien Auroux,2019-04-13,88.24,255
2008AURO01,Sébastien Auroux,2019-05-11,83.9,256
2008AURO01,Sébastien Auroux,2019-07-11,93.37,257
2008AURO01,Sébastien Auroux,2019-08-02,90.97,258
2008AURO01,Sébastien Auroux,2019-09-21,90.88,259
2008AURO01,Sébastien Auroux,2019-10-26,92.94,260
2008AURO01,Sébastien Auroux,2019-10-26,86.16,261
2008AURO01,Sébastien Auroux,2019-11-30,91.54,262
2008AURO01,Sébastien Auroux,2019-11-30,94.22,263
2008AURO01,Sébastien Auroux,2020-01-11,88.9,264
2008AURO01,Sébastien Auroux,2020-01-18,89.48,265
2008AURO01,Sébastien Auroux,2020-02-22,88.35,266
2008AURO01,Sébastien Auroux,2020-02-22,92.79,267
2008AURO01,Sébastien Auroux,2020-02-29,88.56,268
2008AURO01,Sébastien Auroux,2020-02-29,93.45,269
2008AURO01,Sébastien Auroux,2021-10-16,109.17,270
2008AURO01,Sébastien Auroux,2021-11-20,111.27,271
2008AURO01,Sébastien Auroux,2022-05-14,116.09,272
2008AURO01,Sébastien Auroux,2022-07-14,106.59,273
2008AURO01,Sébastien Auroux,2022-09-24,106.17,274
2008AURO01,Sébastien Auroux,2023-04-01,104.64,275
2008AURO01,Sébastien Auroux,2023-04-01,107.64,276
2008AURO01,Sébastien Auroux,2023-04-07,103.54,277
2008AURO01,Sébastien Auroux,2023-04-07,98.49,278
2008AURO01,Sébastien Auroux,2023-04-29,104.93,279
2008AURO01,Sébastien Auroux,2023-05-27,104.92,280
2008AURO01,Sébastien Auroux,2023-05-27,97.04,281
2008AURO01,Sébastien Auroux,2023-08-12,108.69,282
2008AURO01,Sébastien Auroux,2023-10-07,99.68,283
2008AURO01,Sébastien Auroux,2023-10-14,100.43,284
2008AURO01,Sébastien Auroux,2023-10-14,100.38,285
2008AURO01,Sébastien Auroux,2023-11-11,108.11,286
2008AURO01,Sébastien Auroux,2024-04-20,97.84,287
2008AURO01,Sébastien Auroux,2024-05-24,104.96,288
2008AURO01,Sébastien Auroux,2024-09-13,101.31,289
2008AURO01,Sébastien Auroux,2024-09-13,97.99,290
2008AURO01,Sébastien Auroux,2024-09-27,107.24,291
2008AURO01,Sébastien Auroux,2024-10-04,100.05,292
2008AURO01,Sébastien Auroux,2025-04-11,107.36,293
2008AURO01,Sébastien Auroux,2025-04-11,99.49,294
2008AURO01,Sébastien Auroux,2025-05-10,95.57,295
2008AURO01,Sébastien Auroux,2025-05-23,99.33,296
2008AURO01,Sébastien Auroux,2025-05-23,97.59,297
2008AURO01,Sébastien Auroux,2025-08-23,101.37,298
2008AURO01,Sébastien Auroux,2025-08-23,101.46,299
2008AURO01,Sébastien Auroux,2025-09-26,95.72,300
2008AURO01,Sébastien Auroux,2025-10-11,100.43,301
2008AURO01,Sébastien Auroux,2025-11-01,100.43,302
2008AURO01,Sébastien Auroux,2026-03-20,98.75,303
2008AURO01,Sébastien Auroux,2026-04-18,100.42,304
2008AURO01,Sébastien Auroux,2026-05-16,97.28,305
2008AURO01,Sébastien Auroux,2026-05-16,98.03,306
2008BARA01,Bence Barát,2008-08-23,118.5,1
2008BARA01,Bence Barát,2008-09-19,125.55,2
2008BARA01,Bence Barát,2008-09-19,121.14,3
2008BARA01,Bence Barát,2008-10-25,117.6,4
2008BARA01,Bence Barát,2009-01-31,111.28,5
2008BARA01,Bence Barát,2009-03-14,101.75,6
2008BARA01,Bence Barát,2009-04-25,100.96,7
2008BARA01,Bence Barát,2009-06-17,101.63,8
2008BARA01,Bence Barát,2009-07-17,92.34,9
2008BARA01,Bence Barát,2009-09-19,99.75,10
2008BARA01,Bence Barát,2009-10-09,97.04,11
2008BARA01,Bence Barát,2009-10-09,89.03,12
2008BARA01,Bence Barát,2009-10-16,91.83,13
2008BARA01,Bence Barát,2009-10-16,91.49,14
2008BARA01,Bence Barát,2009-10-31,88.98,15
2008BARA01,Bence Barát,2009-11-21,96.84,16
2008BARA01,Bence Barát,2009-11-21,89.65,17
2008BARA01,Bence Barát,2009-11-28,87.34,18
2008BARA01,Bence Barát,2010-02-27,84.57,19
2008BARA01,Bence Barát,2010-03-27,88.25,20
2008BARA01,Bence Barát,2010-03-27,86.23,21
2008BARA01,Bence Barát,2010-04-24,89.09,22
2008BARA01,Bence Barát,2010-06-05,83.46,23
2008BARA01,Bence Barát,2010-07-03,81.45,24
2008BARA01,Bence Barát,2010-07-16,86.17,25
2008BARA01,Bence Barát,2010-07-16,83.5,26
2008BARA01,Bence Barát,2010-07-26,78.75,27
2008BARA01,Bence Barát,2010-07-31,80.02,28
2008BARA01,Bence Barát,2010-07-31,83.53,29
2008BARA01,Bence Barát,2010-08-14,82.22,30
2008BARA01,Bence Barát,2010-08-14,84.81,31
2008BARA01,Bence Barát,2010-09-03,81.51,32
2008BARA01,Bence Barát,2010-09-03,80.59,33
2008BARA01,Bence Barát,2010-09-18,82.86,34
2008BARA01,Bence Barát,2010-09-18,75.46,35
2008BARA01,Bence Barát,2010-10-01,80.69,36
2008BARA01,Bence Barát,2010-10-01,85.61,37
2008BARA01,Bence Barát,2010-10-16,79.81,38
2008BARA01,Bence Barát,2010-10-23,79.17,39
2008BARA01,Bence Barát,2010-10-23,85.17,40
2008BARA01,Bence Barát,2010-10-23,78.57,41
2008BARA01,Bence Barát,2010-12-27,79.57,42
2008BARA01,Bence Barát,2010-12-27,81.51,43
2008BARA01,Bence Barát,2011-03-05,81.25,44
2008BARA01,Bence Barát,2011-03-05,79.88,45
2008BARA01,Bence Barát,2011-05-21,79.46,46
2008BARA01,Bence Barát,2011-07-15,81.7,47
2008BARA01,Bence Barát,2011-07-15,81.61,48
2008BARA01,Bence Barát,2011-09-03,78.97,49
2008BARA01,Bence Barát,2011-09-03,75.46,50
2008BARA01,Bence Barát,2011-09-18,79.36,51
2008BARA01,Bence Barát,2011-09-24,77.07,52
2008BARA01,Bence Barát,2011-09-24,75.8,53
2008BARA01,Bence Barát,2011-10-14,79.31,54
2008BARA01,Bence Barát,2011-10-14,79.85,55
2008BARA01,Bence Barát,2011-10-14,76.57,56
2008BARA01,Bence Barát,2011-10-22,74.69,57
2008BARA01,Bence Barát,2011-10-22,78.32,58
2008BARA01,Bence Barát,2011-10-22,78.62,59
2008BARA01,Bence Barát,2011-10-29,78.54,60
2008BARA01,Bence Barát,2011-11-19,79.8,61
2008BARA01,Bence Barát,2011-11-19,76.79,62
2008BARA01,Bence Barát,2012-02-25,78.66,63
2008BARA01,Bence Barát,2012-02-25,78.88,64
2008BARA01,Bence Barát,2012-07-28,76.91,65
2008BARA01,Bence Barát,2012-07-28,79.17,66
2008BARA01,Bence Barát,2012-09-08,75.51,67
2008BARA01,Bence Barát,2012-10-12,74.91,68
2008BARA01,Bence Barát,2012-10-12,80.56,69
2008BARA01,Bence Barát,2012-10-12,76.14,70
2008BARA01,Bence Barát,2013-02-09,78.19,71
2008BARA01,Bence Barát,2013-02-09,80.23,72
2008BARA01,Bence Barát,2013-03-23,76.39,73
2008BARA01,Bence Barát,2013-03-23,74.12,74
2008BARA01,Bence Barát,2013-04-20,72.63,75
2008BARA01,Bence Barát,2013-04-20,74.09,76
2008BARA01,Bence Barát,2013-07-12,74.96,77
2008BARA01,Bence Barát,2013-07-12,77.26,78
2008BARA01,Bence Barát,2013-07-26,71.89,79
2008BARA01,Bence Barát,2013-07-26,76.7,80
2008BARA01,Bence Barát,2013-07-26,74.76,81
2008BARA01,Bence Barát,2013-07-26,77.66,82
2008BARA01,Bence Barát,2013-08-24,74.02,83
2008BARA01,Bence Barát,2013-08-24,76.83,84
2008BARA01,Bence Barát,2013-08-24,71.86,85
2008BARA01,Bence Barát,2013-09-21,74.93,86
2008BARA01,Bence Barát,2013-09-28,68.79,87
2008BARA01,Bence Barát,2013-09-28,74.9,88
2008BARA01,Bence Barát,2013-10-05,75.35,89
2008BARA01,Bence Barát,2013-10-05,73.28,90
2008BARA01,Bence Barát,2013-11-09,74.48,91
2008BARA01,Bence Barát,2013-11-09,72.28,92
2008BARA01,Bence Barát,2013-11-30,74.28,93
2008BARA01,Bence Barát,2014-02-22,69.63,94
2008BARA01,Bence Barát,2014-03-08,72.61,95
2008BARA01,Bence Barát,2014-03-22,77.27,96
2008BARA01,Bence Barát,2014-04-05,76.15,97
2008BARA01,Bence Barát,2014-04-12,72.35,98
2008BARA01,Bence Barát,2014-04-12,73.52,99
2008BARA01,Bence Barát,2014-04-26,74.58,100
2008BARA01,Bence Barát,2014-07-11,73.55,101
2008BARA01,Bence Barát,2014-07-11,70.5,102
2008BARA01,Bence Barát,2014-07-11,72.47,103
2008BARA01,Bence Barát,2014-07-19,76.56,104
2008BARA01,Bence Barát,2014-07-19,76.75,105
2008BARA01,Bence Barát,2014-08-08,75.47,106
2008BARA01,Bence Barát,2014-08-08,73.41,107
2008BARA01,Bence Barát,2014-08-08,76.33,108
2008BARA01,Bence Barát,2014-09-13,75.62,109
2008BARA01,Bence Barát,2014-09-13,71.19,110
2008BARA01,Bence Barát,2014-09-20,74.39,111
2008BARA01,Bence Barát,2014-09-20,71.73,112
2008BARA01,Bence Barát,2014-10-17,78.8,113
2008BARA01,Bence Barát,2014-10-17,75.33,114
2008BARA01,Bence Barát,2014-11-08,73.49,115
2008BARA01,Bence Barát,2014-11-08,74.95,116
2008BARA01,Bence Barát,2014-11-08,70.47,117
2008BARA01,Bence Barát,2014-11-15,73.07,118
2008BARA01,Bence Barát,2014-11-15,73.66,119
2008BARA01,Bence Barát,2014-11-15,71.67,120
2008BARA01,Bence Barát,2015-01-31,79.73,121
2008BARA01,Bence Barát,2015-01-31,70.68,122
2008BARA01,Bence Barát,2015-02-21,75.23,123
2008BARA01,Bence Barát,2015-02-21,72.78,124
2008BARA01,Bence Barát,2015-03-14,74.66,125
2008BARA01,Bence Barát,2015-03-14,71.83,126
2008BARA01,Bence Barát,2015-04-18,71.98,127
2008BARA01,Bence Barát,2015-04-18,76.05,128
2008BARA01,Bence Barát,2015-05-02,71.39,129
2008BARA01,Bence Barát,2015-05-16,72.01,130
2008BARA01,Bence Barát,2015-05-16,75.91,131
2008BARA01,Bence Barát,2015-06-06,74.26,132
2008BARA01,Bence Barát,2015-06-27,71.46,133
2008BARA01,Bence Barát,2015-06-27,71.72,134
2008BARA01,Bence Barát,2015-07-04,75.15,135
2008BARA01,Bence Barát,2015-07-04,73.29,136
2008BARA01,Bence Barát,2015-07-17,71.38,137
2008BARA01,Bence Barát,2015-07-17,73.07,138
2008BARA01,Bence Barát,2015-07-17,77.58,139
2008BARA01,Bence Barát,2015-08-14,76.06,140
2008BARA01,Bence Barát,2015-08-14,74.16,141
2008BARA01,Bence Barát,2015-08-14,74.77,142
2008BARA01,Bence Barát,2015-09-18,77.93,143
2008BARA01,Bence Barát,2015-09-18,73.46,144
2008BARA01,Bence Barát,2015-10-03,78.0,145
2008BARA01,Bence Barát,2015-10-03,73.55,146
2008BARA01,Bence Barát,2015-11-14,75.25,147
2008BARA01,Bence Barát,2015-11-14,73.45,148
2008BARA01,Bence Barát,2016-02-06,74.03,149
2008BARA01,Bence Barát,2016-02-06,74.91,150
2008BARA01,Bence Barát,2016-02-27,70.08,151
2008BARA01,Bence Barát,2016-02-27,70.55,152
2008BARA01,Bence Barát,2016-03-19,77.19,153
2008BARA01,Bence Barát,2016-03-19,70.06,154
2008BARA01,Bence Barát,2016-04-02,73.04,155
2008BARA01,Bence Barát,2016-04-02,74.88,156
2008BARA01,Bence Barát,2016-04-16,75.67,157
2008BARA01,Bence Barát,2016-04-16,77.32,158
2008BARA01,Bence Barát,2016-04-23,75.43,159
2008BARA01,Bence Barát,2016-05-28,70.3,160
2008BARA01,Bence Barát,2016-06-18,70.26,161
2008BARA01,Bence Barát,2016-06-18,69.92,162
2008BARA01,Bence Barát,2016-07-15,70.49,163
2008BARA01,Bence Barát,2016-07-15,73.97,164
2008BARA01,Bence Barát,2016-07-19,69.13,165
2008BARA01,Bence Barát,2016-07-19,72.29,166
2008BARA01,Bence Barát,2016-08-27,67.92,167
2008BARA01,Bence Barát,2016-09-03,68.98,168
2008BARA01,Bence Barát,2016-10-01,72.82,169
2008BARA01,Bence Barát,2016-10-01,76.31,170
2008BARA01,Bence Barát,2016-10-28,71.41,171
2008BARA01,Bence Barát,2016-10-28,75.92,172
2008BARA01,Bence Barát,2016-11-12,71.1,173
2008BARA01,Bence Barát,2016-11-12,70.75,174
2008BARA01,Bence Barát,2016-11-19,70.84,175
2008BARA01,Bence Barát,2016-11-19,71.25,176
2008BARA01,Bence Barát,2016-11-19,69.42,177
2008BARA01,Bence Barát,2017-02-04,70.45,178
2008BARA01,Bence Barát,2017-02-04,74.44,179
2008BARA01,Bence Barát,2017-02-25,71.77,180
2008BARA01,Bence Barát,2017-03-25,72.87,181
2008BARA01,Bence Barát,2017-03-25,70.82,182
2008BARA01,Bence Barát,2017-04-22,72.55,183
2008BARA01,Bence Barát,2017-04-22,75.25,184
2008BARA01,Bence Barát,2017-05-06,72.83,185
2008BARA01,Bence Barát,2017-05-06,63.7,186
2008BARA01,Bence Barát,2017-05-27,65.05,187
2008BARA01,Bence Barát,2017-06-04,71.89,188
2008BARA01,Bence Barát,2017-06-10,67.33,189
2008BARA01,Bence Barát,2017-06-10,64.91,190
2008BARA01,Bence Barát,2017-06-17,63.67,191
2008BARA01,Bence Barát,2017-06-17,65.52,192
2008BARA01,Bence Barát,2017-07-01,67.78,193
2008BARA01,Bence Barát,2017-07-13,70.18,194
2008BARA01,Bence Barát,2017-07-13,70.02,195
2008BARA01,Bence Barát,2017-07-22,67.09,196
2008BARA01,Bence Barát,2017-07-22,65.64,197
2008BARA01,Bence Barát,2017-08-12,69.47,198
2008BARA01,Bence Barát,2017-08-26,66.46,199
2008BARA01,Bence Barát,2017-09-01,65.47,200
2008BARA01,Bence Barát,2017-09-01,67.13,201
2008BARA01,Bence Barát,2017-09-01,66.52,202
2008BARA01,Bence Barát,2017-09-30,71.53,203
2008BARA01,Bence Barát,2017-09-30,65.82,204
2008BARA01,Bence Barát,2017-10-13,68.75,205
2008BARA01,Bence Barát,2017-10-13,68.09,206
2008BARA01,Bence Barát,2017-10-28,67.39,207
2008BARA01,Bence Barát,2017-10-28,63.25,208
2008BARA01,Bence Barát,2017-11-04,65.54,209
2008BARA01,Bence Barát,2017-11-04,65.21,210
2008BARA01,Bence Barát,2017-11-11,66.32,211
2008BARA01,Bence Barát,2017-11-11,64.17,212
2008BARA01,Bence Barát,2017-11-25,65.61,213
2008BARA01,Bence Barát,2017-11-25,66.46,214
2008BARA01,Bence Barát,2017-11-25,67.15,215
2008BARA01,Bence Barát,2017-12-02,68.45,216
2008BARA01,Bence Barát,2017-12-02,60.86,217
2008BARA01,Bence Barát,2017-12-16,67.4,218
2008BARA01,Bence Barát,2018-01-13,68.15,219
2008BARA01,Bence Barát,2018-01-13,62.87,220
2008BARA01,Bence Barát,2018-02-03,65.06,221
2008BARA01,Bence Barát,2018-02-17,67.39,222
2008BARA01,Bence Barát,2018-02-24,65.23,223
2008BARA01,Bence Barát,2018-03-17,67.1,224
2008BARA01,Bence Barát,2018-03-17,65.22,225
2008BARA01,Bence Barát,2018-03-31,64.42,226
2008BARA01,Bence Barát,2018-03-31,65.24,227
2008BARA01,Bence Barát,2018-04-06,64.62,228
2008BARA01,Bence Barát,2018-04-06,65.03,229
2008BARA01,Bence Barát,2018-04-14,68.18,230
2008BARA01,Bence Barát,2018-04-14,62.45,231
2008BARA01,Bence Barát,2018-07-21,62.74,232
2008BARA01,Bence Barát,2018-07-21,64.63,233
2008BARA01,Bence Barát,2018-08-11,66.23,234
2008BARA01,Bence Barát,2018-08-11,67.11,235
2008BARA01,Bence Barát,2018-09-01,63.61,236
2008BARA01,Bence Barát,2018-09-28,65.27,237
2008BARA01,Bence Barát,2018-09-28,61.83,238
2008BARA01,Bence Barát,2018-10-27,66.23,239
2008BARA01,Bence Barát,2018-10-27,67.14,240
2008BARA01,Bence Barát,2018-12-15,67.22,241
2008BARA01,Bence Barát,2018-12-15,65.66,242
2008BARA01,Bence Barát,2019-02-09,65.52,243
2008BARA01,Bence Barát,2019-02-09,63.29,244
2008BARA01,Bence Barát,2019-02-16,64.89,245
2008BARA01,Bence Barát,2019-02-23,62.6,246
2008BARA01,Bence Barát,2019-03-16,62.23,247
2008BARA01,Bence Barát,2019-03-16,65.87,248
2008BARA01,Bence Barát,2019-03-30,63.65,249
2008BARA01,Bence Barát,2019-03-30,62.45,250
2008BARA01,Bence Barát,2019-05-04,65.41,251
2008BARA01,Bence Barát,2019-05-04,64.13,252
2008BARA01,Bence Barát,2019-08-02,65.03,253
2008BARA01,Bence Barát,2019-08-02,64.66,254
2008BARA01,Bence Barát,2019-08-31,61.6,255
2008BARA01,Bence Barát,2019-09-07,61.77,256
2008BARA01,Bence Barát,2019-09-20,62.54,257
2008BARA01,Bence Barát,2019-09-20,62.05,258
2008BARA01,Bence Barát,2019-10-12,62.16,259
2008BARA01,Bence Barát,2019-11-02,59.79,260
2008BARA01,Bence Barát,2019-11-02,62.42,261
2008BARA01,Bence Barát,2019-11-02,63.06,262
2008BARA01,Bence Barát,2019-11-09,62.48,263
2008BARA01,Bence Barát,2019-11-09,60.76,264
2008BARA01,Bence Barát,2020-02-22,65.9,265
2008BARA01,Bence Barát,2020-02-22,61.43,266
2008BARA01,Bence Barát,2020-02-29,63.07,267
2008BARA01,Bence Barát,2020-02-29,64.89,268
2008BARA01,Bence Barát,2021-10-02,63.82,269
2008BARA01,Bence Barát,2021-10-02,64.22,270
2008BARA01,Bence Barát,2021-11-13,62.97,271
2008BARA01,Bence Barát,2021-11-13,62.38,272
2008BARA01,Bence Barát,2021-11-20,64.23,273
2008BARA01,Bence Barát,2021-11-20,59.17,274
2008BARA01,Bence Barát,2021-11-27,61.36,275
2008BARA01,Bence Barát,2021-11-27,61.45,276
2008BARA01,Bence Barát,2022-01-02,63.43,277
2008BARA01,Bence Barát,2022-03-19,58.15,278
2008BARA01,Bence Barát,2022-06-18,59.84,279
2008BARA01,Bence Barát,2022-06-18,64.22,280
2008BARA01,Bence Barát,2022-07-30,60.96,281
2008BARA01,Bence Barát,2022-07-30,62.58,282
2008BARA01,Bence Barát,2022-08-13,61.17,283
2008BARA01,Bence Barát,2022-09-17,62.61,284
2008BARA01,Bence Barát,2022-10-07,59.27,285
2008BARA01,Bence Barát,2022-10-07,60.95,286
2008BARA01,Bence Barát,2022-10-22,58.87,287
2008BARA01,Bence Barát,2022-10-22,63.28,288
2008BARA01,Bence Barát,2022-10-29,61.2,289
2008BARA01,Bence Barát,2022-10-29,59.93,290
2008BARA01,Bence Barát,2022-10-29,62.7,291
2008BARA01,Bence Barát,2022-11-26,63.17,292
2008BARA01,Bence Barát,2022-11-26,61.28,293
2008BARA01,Bence Barát,2022-12-16,60.5,294
2008BARA01,Bence Barát,2023-02-11,64.59,295
2008BARA01,Bence Barát,2023-02-11,61.8,296
2008BARA01,Bence Barát,2023-02-25,64.76,297
2008BARA01,Bence Barát,2023-04-01,65.65,298
2008BARA01,Bence Barát,2023-04-01,63.15,299
2008BARA01,Bence Barát,2023-04-15,62.99,300
2008BARA01,Bence Barát,2023-04-15,60.09,301
2008BARA01,Bence Barát,2023-05-06,64.0,302
2008BARA01,Bence Barát,2023-05-07,59.53,303
2008BARA01,Bence Barát,2023-05-20,59.59,304
2008BARA01,Bence Barát,2023-06-03,60.33,305
2008BARA01,Bence Barát,2023-06-03,61.04,306
2008BARA01,Bence Barát,2023-06-24,59.07,307
2008BARA01,Bence Barát,2023-06-24,61.26,308
2008BARA01,Bence Barát,2023-07-01,58.61,309
2008BARA01,Bence Barát,2023-07-01,61.58,310
2008BARA01,Bence Barát,2023-07-14,60.14,311
2008BARA01,Bence Barát,2023-07-14,62.12,312
2008BARA01,Bence Barát,2023-07-14,59.71,313
2008BARA01,Bence Barát,2023-09-02,62.18,314
2008BARA01,Bence Barát,2023-09-02,60.47,315
2008BARA01,Bence Barát,2023-09-09,63.47,316
2008BARA01,Bence Barát,2023-09-09,59.41,317
2008BARA01,Bence Barát,2023-09-30,60.69,318
2008BARA01,Bence Barát,2023-09-30,62.21,319
2008BARA01,Bence Barát,2023-10-07,63.16,320
2008BARA01,Bence Barát,2023-10-07,59.97,321
2008BARA01,Bence Barát,2023-10-20,60.11,322
2008BARA01,Bence Barát,2023-10-20,58.35,323
2008BARA01,Bence Barát,2023-11-04,59.7,324
2008BARA01,Bence Barát,2024-04-06,61.12,325
2008BARA01,Bence Barát,2024-04-14,58.07,326
2008BARA01,Bence Barát,2024-06-08,57.28,327
2008BARA01,Bence Barát,2024-06-08,61.0,328
2008BARA01,Bence Barát,2024-08-19,54.32,329
2008BARA01,Bence Barát,2024-09-21,61.38,330
2008BARA01,Bence Barát,2024-11-01,59.36,331
2008BARA01,Bence Barát,2024-11-01,59.34,332
2008BARA01,Bence Barát,2024-11-24,60.01,333
2008BARA01,Bence Barát,2024-12-07,62.0,334
2008BARA01,Bence Barát,2024-12-13,61.43,335
2008BARA01,Bence Barát,2024-12-13,57.12,336
2008BARA01,Bence Barát,2025-03-08,61.56,337
2008BARA01,Bence Barát,2025-05-10,56.94,338
2008BARA01,Bence Barát,2025-05-17,61.75,339
2008BARA01,Bence Barát,2025-07-26,61.53,340
2008BARA01,Bence Barát,2025-08-02,59.83,341
2008BARA01,Bence Barát,2025-08-02,61.87,342
2008BARA01,Bence Barát,2025-09-06,57.43,343
2008BARA01,Bence Barát,2025-09-21,57.6,344
2008BARA01,Bence Barát,2025-10-31,59.67,345
2008BARA01,Bence Barát,2025-10-31,60.31,346
2008BARA01,Bence Barát,2025-12-06,61.08,347
2008BARA01,Bence Barát,2026-02-28,61.0,348
2008BARA01,Bence Barát,2026-03-28,57.28,349
2008VARG01,Dániel Varga,2008-10-18,155.08,1
2008VARG01,Dániel Varga,2009-04-25,127.82,2
2008VARG01,Dániel Varga,2009-06-17,126.62,3
2008VARG01,Dániel Varga,2009-07-17,126.43,4
2008VARG01,Dániel Varga,2009-10-09,116.77,5
2008VARG01,Dániel Varga,2009-10-16,109.82,6
2008VARG01,Dániel Varga,2009-10-16,108.65,7
2008VARG01,Dániel Varga,2010-04-24,111.04,8
2008VARG01,Dániel Varga,2010-07-03,110.67,9
2008VARG01,Dániel Varga,2010-07-16,110.93,10
2008VARG01,Dániel Varga,2010-07-31,103.57,11
2008VARG01,Dániel Varga,2010-07-31,109.4,12
2008VARG01,Dániel Varga,2010-08-14,105.39,13
2008VARG01,Dániel Varga,2010-08-14,100.14,14
2008VARG01,Dániel Varga,2010-09-03,103.82,15
2008VARG01,Dániel Varga,2010-09-03,102.72,16
2008VARG01,Dániel Varga,2010-09-18,109.09,17
2008VARG01,Dániel Varga,2010-09-18,100.59,18
2008VARG01,Dániel Varga,2010-10-01,103.8,19
2008VARG01,Dániel Varga,2010-10-16,102.99,20
2008VARG01,Dániel Varga,2010-10-23,99.35,21
2008VARG01,Dániel Varga,2010-10-23,104.57,22
2008VARG01,Dániel Varga,2011-03-05,107.67,23
2008VARG01,Dániel Varga,2011-03-05,98.77,24
2008VARG01,Dániel Varga,2011-04-09,107.17,25
2008VARG01,Dániel Varga,2011-04-09,99.61,26
2008VARG01,Dániel Varga,2011-05-21,103.55,27
2008VARG01,Dániel Varga,2011-07-15,100.8,28
2008VARG01,Dániel Varga,2011-07-15,100.5,29
2008VARG01,Dániel Varga,2011-09-03,98.89,30
2008VARG01,Dániel Varga,2011-09-03,93.52,31
2008VARG01,Dániel Varga,2011-09-18,102.33,32
2008VARG01,Dániel Varga,2011-10-29,103.73,33
2008VARG01,Dániel Varga,2011-11-19,99.38,34
2008VARG01,Dániel Varga,2011-11-19,93.06,35
2008VARG01,Dániel Varga,2012-03-31,96.79,36
2008VARG01,Dániel Varga,2012-03-31,100.55,37
2008VARG01,Dániel Varga,2012-04-14,92.77,38
2008VARG01,Dániel Varga,2012-04-14,98.24,39
2008VARG01,Dániel Varga,2012-05-12,90.96,40
2008VARG01,Dániel Varga,2012-06-09,94.69,41
2008VARG01,Dániel Varga,2012-06-09,92.7,42
2008VARG01,Dániel Varga,2012-06-23,88.58,43
2008VARG01,Dániel Varga,2012-07-13,92.03,44
2008VARG01,Dániel Varga,2012-07-13,97.5,45
2008VARG01,Dániel Varga,2012-07-21,95.28,46
2008VARG01,Dániel Varga,2012-07-28,93.85,47
2008VARG01,Dániel Varga,2012-07-28,94.55,48
2008VARG01,Dániel Varga,2012-09-08,96.19,49
2008VARG01,Dániel Varga,2012-10-12,85.16,50
2008VARG01,Dániel Varga,2012-10-12,88.56,51
2008VARG01,Dániel Varga,2013-02-09,91.58,52
2008VARG01,Dániel Varga,2013-02-09,88.74,53
2008VARG01,Dániel Varga,2013-03-23,93.88,54
2008VARG01,Dániel Varga,2013-03-23,89.75,55
2008VARG01,Dániel Varga,2013-04-20,92.0,56
2008VARG01,Dániel Varga,2013-04-20,83.72,57
2008VARG01,Dániel Varga,2013-05-04,96.8,58
2008VARG01,Dániel Varga,2013-05-04,86.51,59
2008VARG01,Dániel Varga,2013-07-12,90.7,60
2008VARG01,Dániel Varga,2013-07-12,86.58,61
2008VARG01,Dániel Varga,2013-11-30,91.4,62
2008VARG01,Dániel Varga,2014-01-04,95.64,63
2008VARG01,Dániel Varga,2014-01-04,90.36,64
2008VARG01,Dániel Varga,2014-02-22,84.82,65
2008VARG01,Dániel Varga,2014-03-08,90.09,66
2008VARG01,Dániel Varga,2014-04-12,88.29,67
2008VARG01,Dániel Varga,2014-04-12,93.01,68
2008VARG01,Dániel Varga,2014-04-26,88.03,69
2008VARG01,Dániel Varga,2014-06-07,88.9,70
2008VARG01,Dániel Varga,2014-06-07,99.82,71
2008VARG01,Dániel Varga,2014-06-14,83.4,72
2008VARG01,Dániel Varga,2014-06-14,93.72,73
2008VARG01,Dániel Varga,2014-07-11,94.0,74
2008VARG01,Dániel Varga,2014-07-11,93.08,75
2008VARG01,Dániel Varga,2014-07-11,87.96,76
2008VARG01,Dániel Varga,2014-07-19,86.34,77
2008VARG01,Dániel Varga,2014-07-19,85.44,78
2008VARG01,Dániel Varga,2014-09-13,93.18,79
2008VARG01,Dániel Varga,2014-09-13,90.49,80
2008VARG01,Dániel Varga,2014-09-20,92.14,81
2008VARG01,Dániel Varga,2014-09-20,90.47,82
2008VARG01,Dániel Varga,2014-10-17,91.27,83
2008VARG01,Dániel Varga,2014-10-17,90.38,84
2008VARG01,Dániel Varga,2014-11-08,93.88,85
2008VARG01,Dániel Varga,2014-11-08,93.84,86
2008VARG01,Dániel Varga,2014-11-08,87.06,87
2008VARG01,Dániel Varga,2014-11-15,96.29,88
2008VARG01,Dániel Varga,2014-11-15,87.92,89
2008VARG01,Dániel Varga,2014-11-15,87.62,90
2008VARG01,Dániel Varga,2015-01-31,93.01,91
2008VARG01,Dániel Varga,2015-01-31,92.34,92
2008VARG01,Dániel Varga,2015-02-21,100.94,93
2008VARG01,Dániel Varga,2015-02-21,95.25,94
2008VARG01,Dániel Varga,2015-05-02,97.09,95
2008VARG01,Dániel Varga,2015-11-14,90.06,96
2008VARG01,Dániel Varga,2016-02-06,92.03,97
2008VARG01,Dániel Varga,2016-02-27,89.82,98
2008VARG01,Dániel Varga,2016-02-27,86.28,99
2008VARG01,Dániel Varga,2016-04-02,95.69,100
2008VARG01,Dániel Varga,2016-04-02,88.72,101
2008VARG01,Dániel Varga,2016-04-16,89.05,102
2008VARG01,Dániel Varga,2016-04-23,91.71,103
2008VARG01,Dániel Varga,2016-07-15,91.94,104
2008VARG01,Dániel Varga,2016-07-19,92.56,105
2008VARG01,Dániel Varga,2016-08-27,89.43,106
2008VARG01,Dániel Varga,2016-09-03,88.81,107
2008VARG01,Dániel Varga,2016-10-01,91.23,108
2008VARG01,Dániel Varga,2016-10-01,90.51,109
2008VARG01,Dániel Varga,2016-10-28,100.37,110
2008VARG01,Dániel Varga,2016-11-12,87.12,111
2008VARG01,Dániel Varga,2016-11-12,93.82,112
2008VARG01,Dániel Varga,2016-11-19,87.64,113
2008VARG01,Dániel Varga,2016-11-19,90.94,114
2008VARG01,Dániel Varga,2016-11-19,85.76,115
2008VARG01,Dániel Varga,2017-02-04,85.53,116
2008VARG01,Dániel Varga,2017-02-04,93.61,117
2008VARG01,Dániel Varga,2017-02-25,78.17,118
2008VARG01,Dániel Varga,2017-03-25,79.78,119
2008VARG01,Dániel Varga,2017-03-25,78.96,120
2008VARG01,Dániel Varga,2017-04-22,85.5,121
2008VARG01,Dániel Varga,2017-04-22,81.37,122
2008VARG01,Dániel Varga,2017-05-06,86.3,123
2008VARG01,Dániel Varga,2017-05-06,80.16,124
2008VARG01,Dániel Varga,2017-05-27,86.28,125
2008VARG01,Dániel Varga,2017-06-04,86.31,126
2008VARG01,Dániel Varga,2017-06-10,82.27,127
2008VARG01,Dániel Varga,2017-06-10,83.76,128
2008VARG01,Dániel Varga,2017-06-17,78.82,129
2008VARG01,Dániel Varga,2017-06-17,81.73,130
2008VARG01,Dániel Varga,2017-07-01,80.89,131
2008VARG01,Dániel Varga,2017-07-13,83.42,132
2008VARG01,Dániel Varga,2017-07-22,81.64,133
2008VARG01,Dániel Varga,2017-07-22,87.57,134
2008VARG01,Dániel Varga,2017-08-12,82.57,135
2008VARG01,Dániel Varga,2017-08-26,83.71,136
2008VARG01,Dániel Varga,2017-09-30,80.72,137
2008VARG01,Dániel Varga,2017-09-30,81.15,138
2008VARG01,Dániel Varga,2017-10-13,83.35,139
2008VARG01,Dániel Varga,2017-10-13,81.85,140
2008VARG01,Dániel Varga,2017-10-28,81.82,141
2008VARG01,Dániel Varga,2017-10-28,79.15,142
2008VARG01,Dániel Varga,2017-11-11,81.87,143
2008VARG01,Dániel Varga,2017-11-11,85.31,144
2008VARG01,Dániel Varga,2017-11-25,83.88,145
2008VARG01,Dániel Varga,2017-11-25,82.56,146
2008VARG01,Dániel Varga,2017-12-02,78.99,147
2008VARG01,Dániel Varga,2017-12-02,82.31,148
2008VARG01,Dániel Varga,2018-02-03,80.2,149
2008VARG01,Dániel Varga,2018-02-24,74.71,150
2008VARG01,Dániel Varga,2018-03-17,79.55,151
2008VARG01,Dániel Varga,2018-03-31,80.83,152
2008VARG01,Dániel Varga,2018-03-31,79.87,153
2008VARG01,Dániel Varga,2018-04-14,79.18,154
2008VARG01,Dániel Varga,2018-04-14,75.96,155
2008VARG01,Dániel Varga,2018-07-21,82.38,156
2008VARG01,Dániel Varga,2018-08-11,78.81,157
2008VARG01,Dániel Varga,2018-09-01,79.25,158
2008VARG01,Dániel Varga,2018-09-28,79.13,159
2008VARG01,Dániel Varga,2018-09-28,80.32,160
2008VARG01,Dániel Varga,2018-12-15,83.17,161
2008VARG01,Dániel Varga,2018-12-15,80.72,162
2008VARG01,Dániel Varga,2019-02-09,78.37,163
2008VARG01,Dániel Varga,2019-02-09,79.24,164
2008VARG01,Dániel Varga,2019-02-23,75.77,165
2008VARG01,Dániel Varga,2019-03-16,83.88,166
2008VARG01,Dániel Varga,2019-03-16,83.35,167
2008VARG01,Dániel Varga,2019-03-30,80.16,168
2008VARG01,Dániel Varga,2019-04-13,87.74,169
2008VARG01,Dániel Varga,2019-04-13,82.53,170
2008VARG01,Dániel Varga,2019-07-27,80.39,171
2008VARG01,Dániel Varga,2019-07-27,83.4,172
2008VARG01,Dániel Varga,2019-08-31,83.81,173
2008VARG01,Dániel Varga,2019-09-07,77.38,174
2008VARG01,Dániel Varga,2019-09-20,80.81,175
2008VARG01,Dániel Varga,2019-10-12,81.98,176
2008VARG01,Dániel Varga,2019-11-09,80.34,177
2008VARG01,Dániel Varga,2019-11-09,79.76,178
2008VARG01,Dániel Varga,2020-02-22,80.84,179
2008VARG01,Dániel Varga,2020-02-29,76.66,180
2008VARG01,Dániel Varga,2020-02-29,79.68,181
2008VARG01,Dániel Varga,2021-08-28,78.6,182
2008VARG01,Dániel Varga,2021-08-28,84.14,183
2008VARG01,Dániel Varga,2021-11-13,81.97,184
2008VARG01,Dániel Varga,2021-11-13,84.6,185
2008VARG01,Dániel Varga,2022-03-19,78.43,186
2008VARG01,Dániel Varga,2022-06-18,83.08,187
2008VARG01,Dániel Varga,2022-07-30,78.47,188
2008VARG01,Dániel Varga,2022-07-30,83.04,189
2008VARG01,Dániel Varga,2022-08-13,78.45,190
2008VARG01,Dániel Varga,2022-09-17,82.9,191
2008VARG01,Dániel Varga,2022-10-22,85.6,192
2008VARG01,Dániel Varga,2022-10-29,81.91,193
2008VARG01,Dániel Varga,2022-10-29,81.74,194
2008VARG01,Dániel Varga,2022-11-26,84.36,195
2008VARG01,Dániel Varga,2022-12-16,81.26,196
2008VARG01,Dániel Varga,2023-02-11,80.97,197
2008VARG01,Dániel Varga,2023-02-11,95.79,198
2008VARG01,Dániel Varga,2023-02-25,93.48,199
2008VARG01,Dániel Varga,2023-04-01,83.32,200
2008VARG01,Dániel Varga,2023-04-15,90.49,201
2008VARG01,Dániel Varga,2023-05-06,86.68,202
2008VARG01,Dániel Varga,2023-05-07,85.92,203
2008VARG01,Dániel Varga,2023-05-20,84.12,204
2008VARG01,Dániel Varga,2023-06-03,88.81,205
2008VARG01,Dániel Varga,2023-07-01,85.17,206
2008VARG01,Dániel Varga,2023-07-14,85.51,207
2008VARG01,Dániel Varga,2023-07-14,84.02,208
2008VARG01,Dániel Varga,2023-09-02,82.86,209
2008VARG01,Dániel Varga,2023-09-02,84.0,210
2008VARG01,Dániel Varga,2023-09-30,89.93,211
2008VARG01,Dániel Varga,2023-10-07,78.49,212
2008VARG01,Dániel Varga,2023-10-07,78.2,213
2008VARG01,Dániel Varga,2023-10-20,86.26,214
2008VARG01,Dániel Varga,2023-11-04,80.79,215
2008VARG01,Dániel Varga,2024-02-10,84.38,216
2008VARG01,Dániel Varga,2024-02-24,81.46,217
2008VARG01,Dániel Varga,2024-04-06,88.81,218
2008VARG01,Dániel Varga,2024-04-14,81.29,219
2008VARG01,Dániel Varga,2024-05-25,84.98,220
2008VARG01,Dániel Varga,2024-06-08,81.97,221
2008VARG01,Dániel Varga,2024-06-08,80.46,222
2008VARG01,Dániel Varga,2024-06-29,81.85,223
2008VARG01,Dániel Varga,2024-06-29,85.27,224
2008VARG01,Dániel Varga,2024-07-25,83.24,225
2008VARG01,Dániel Varga,2024-08-19,82.99,226
2008VARG01,Dániel Varga,2024-09-07,77.95,227
2008VARG01,Dániel Varga,2024-09-21,82.63,228
2008VARG01,Dániel Varga,2024-10-19,83.41,229
2008VARG01,Dániel Varga,2024-11-01,77.93,230
2008VARG01,Dániel Varga,2024-11-24,80.6,231
2008VARG01,Dániel Varga,2024-12-07,79.96,232
2008VARG01,Dániel Varga,2024-12-13,79.2,233
2008VARG01,Dániel Varga,2025-02-22,78.79,234
2008VARG01,Dániel Varga,2025-02-22,78.16,235
2008VARG01,Dániel Varga,2025-03-08,76.57,236
2008VARG01,Dániel Varga,2025-05-10,81.06,237
2008VARG01,Dániel Varga,2025-05-17,78.66,238
2008VARG01,Dániel Varga,2025-06-06,82.32,239
2008VARG01,Dániel Varga,2025-07-05,77.1,240
2008VARG01,Dániel Varga,2025-07-05,87.46,241
2008VARG01,Dániel Varga,2025-07-26,83.61,242
2008VARG01,Dániel Varga,2025-08-02,74.75,243
2008VARG01,Dániel Varga,2025-08-02,79.92,244
2008VARG01,Dániel Varga,2025-08-29,73.72,245
2008VARG01,Dániel Varga,2025-09-06,78.1,246
2008VARG01,Dániel Varga,2025-09-21,77.72,247
2008VARG01,Dániel Varga,2025-10-31,78.98,248
2008VARG01,Dániel Varga,2025-12-06,77.35,249
2008VARG01,Dániel Varga,2026-02-28,82.01,250
2008VARG01,Dániel Varga,2026-03-28,80.27,251
2008VARG01,Dániel Varga,2026-05-01,82.99,252
2009LIUE01,Evan Liu,2010-08-06,187.28,1
2009LIUE01,Evan Liu,2011-06-18,129.88,2
2009LIUE01,Evan Liu,2011-06-25,122.72,3
2009LIUE01,Evan Liu,2011-09-17,125.18,4
2009LIUE01,Evan Liu,2012-01-21,119.67,5
2009LIUE01,Evan Liu,2012-04-14,103.25,6
2009LIUE01,Evan Liu,2012-05-27,104.17,7
2009LIUE01,Evan Liu,2012-07-21,93.37,8
2009LIUE01,Evan Liu,2012-07-21,97.73,9
2009LIUE01,Evan Liu,2012-07-28,105.18,10
2009LIUE01,Evan Liu,2012-08-03,96.65,11
2009LIUE01,Evan Liu,2012-08-03,99.77,12
2009LIUE01,Evan Liu,2012-08-03,106.0,13
2009LIUE01,Evan Liu,2012-10-13,97.48,14
2009LIUE01,Evan Liu,2013-04-13,91.77,15
2009LIUE01,Evan Liu,2013-05-11,93.23,16
2009LIUE01,Evan Liu,2013-06-15,94.78,17
2009LIUE01,Evan Liu,2013-07-06,81.06,18
2009LIUE01,Evan Liu,2013-07-06,84.31,19
2009LIUE01,Evan Liu,2013-07-26,89.63,20
2009LIUE01,Evan Liu,2013-07-26,88.39,21
2009LIUE01,Evan Liu,2013-07-26,89.65,22
2009LIUE01,Evan Liu,2014-02-22,85.84,23
2009LIUE01,Evan Liu,2014-02-22,90.48,24
2009LIUE01,Evan Liu,2014-04-05,86.03,25
2009LIUE01,Evan Liu,2014-04-05,91.61,26
2009LIUE01,Evan Liu,2014-04-05,102.18,27
2009LIUE01,Evan Liu,2014-05-10,87.39,28
2009LIUE01,Evan Liu,2014-05-10,87.1,29
2009LIUE01,Evan Liu,2014-05-17,87.71,30
2009LIUE01,Evan Liu,2014-05-17,79.83,31
2009LIUE01,Evan Liu,2014-05-17,86.66,32
2009LIUE01,Evan Liu,2014-06-14,89.8,33
2009LIUE01,Evan Liu,2014-06-14,82.64,34
2009LIUE01,Evan Liu,2014-08-01,81.61,35
2009LIUE01,Evan Liu,2014-08-01,81.32,36
2009LIUE01,Evan Liu,2014-08-01,85.75,37
2009LIUE01,Evan Liu,2014-08-01,80.31,38
2009LIUE01,Evan Liu,2014-10-11,84.31,39
2009LIUE01,Evan Liu,2014-12-13,79.65,40
2009LIUE01,Evan Liu,2014-12-13,83.29,41
2009LIUE01,Evan Liu,2015-03-07,77.34,42
2009LIUE01,Evan Liu,2015-04-04,76.17,43
2009LIUE01,Evan Liu,2015-05-09,77.58,44
2009LIUE01,Evan Liu,2015-06-06,74.68,45
2009LIUE01,Evan Liu,2015-07-31,75.13,46
2009LIUE01,Evan Liu,2015-07-31,77.34,47
2009LIUE01,Evan Liu,2015-07-31,77.56,48
2009LIUE01,Evan Liu,2015-07-31,77.79,49
2009LIUE01,Evan Liu,2015-09-26,73.66,50
2009LIUE01,Evan Liu,2015-11-07,75.43,51
2009LIUE01,Evan Liu,2015-11-07,74.91,52
2009LIUE01,Evan Liu,2015-12-05,74.0,53
2009LIUE01,Evan Liu,2015-12-05,73.5,54
2009LIUE01,Evan Liu,2015-12-19,76.94,55
2009LIUE01,Evan Liu,2015-12-19,75.19,56
2009LIUE01,Evan Liu,2015-12-19,73.0,57
2009LIUE01,Evan Liu,2016-01-30,70.24,58
2009LIUE01,Evan Liu,2016-01-30,70.96,59
2009LIUE01,Evan Liu,2016-04-02,71.84,60
2009LIUE01,Evan Liu,2016-04-02,70.66,61
2009LIUE01,Evan Liu,2016-04-30,75.05,62
2009LIUE01,Evan Liu,2016-04-30,67.89,63
2009LIUE01,Evan Liu,2016-06-25,71.03,64
2009LIUE01,Evan Liu,2016-06-25,76.04,65
2009LIUE01,Evan Liu,2016-07-15,72.17,66
2009LIUE01,Evan Liu,2016-07-15,68.96,67
2009LIUE01,Evan Liu,2016-07-15,70.37,68
2009LIUE01,Evan Liu,2016-07-30,69.99,69
2009LIUE01,Evan Liu,2016-07-30,72.82,70
2009LIUE01,Evan Liu,2016-08-27,70.89,71
2009LIUE01,Evan Liu,2016-08-27,74.24,72
2009LIUE01,Evan Liu,2016-08-27,70.97,73
2009LIUE01,Evan Liu,2016-10-01,73.85,74
2009LIUE01,Evan Liu,2016-10-01,72.03,75
2009LIUE01,Evan Liu,2016-11-04,70.44,76
2009LIUE01,Evan Liu,2016-11-04,68.17,77
2009LIUE01,Evan Liu,2016-12-17,73.59,78
2009LIUE01,Evan Liu,2016-12-17,69.79,79
2009LIUE01,Evan Liu,2017-01-14,72.09,80
2009LIUE01,Evan Liu,2017-01-14,72.95,81
2009LIUE01,Evan Liu,2017-03-04,70.3,82
2009LIUE01,Evan Liu,2017-03-04,68.58,83
2009LIUE01,Evan Liu,2017-04-15,72.31,84
2009LIUE01,Evan Liu,2017-04-15,64.73,85
2009LIUE01,Evan Liu,2017-04-15,68.31,86
2009LIUE01,Evan Liu,2017-06-03,67.96,87
2009LIUE01,Evan Liu,2017-06-03,72.26,88
2009LIUE01,Evan Liu,2017-06-24,72.53,89
2009LIUE01,Evan Liu,2017-06-24,70.39,90
2009LIUE01,Evan Liu,2017-07-08,69.4,91
2009LIUE01,Evan Liu,2017-07-08,68.02,92
2009LIUE01,Evan Liu,2017-07-13,69.8,93
2009LIUE01,Evan Liu,2017-07-13,69.47,94
2009LIUE01,Evan Liu,2017-08-26,66.53,95
2009LIUE01,Evan Liu,2017-08-26,69.35,96
2009LIUE01,Evan Liu,2017-09-23,62.97,97
2009LIUE01,Evan Liu,2017-09-23,66.17,98
2009LIUE01,Evan Liu,2017-10-27,68.48,99
2009LIUE01,Evan Liu,2017-10-27,66.11,100
2009LIUE01,Evan Liu,2017-11-25,65.42,101
2009LIUE01,Evan Liu,2017-11-25,66.45,102
2009LIUE01,Evan Liu,2017-12-02,70.89,103
2009LIUE01,Evan Liu,2017-12-02,66.63,104
2009LIUE01,Evan Liu,2018-07-27,66.69,105
2009LIUE01,Evan Liu,2018-07-27,64.63,106
2009LIUE01,Evan Liu,2018-08-17,66.3,107
2009LIUE01,Evan Liu,2018-08-17,65.38,108
2009LIUE01,Evan Liu,2018-12-08,63.22,109
2009LIUE01,Evan Liu,2019-03-09,60.71,110
2009LIUE01,Evan Liu,2019-06-08,62.07,111
2009LIUE01,Evan Liu,2019-06-15,64.88,112
2009LIUE01,Evan Liu,2019-06-15,64.51,113
2009LIUE01,Evan Liu,2019-06-22,65.94,114
2009LIUE01,Evan Liu,2019-07-11,65.17,115
2009LIUE01,Evan Liu,2019-07-11,62.79,116
2009LIUE01,Evan Liu,2019-08-01,64.66,117
2009LIUE01,Evan Liu,2019-08-01,59.81,118
2009LIUE01,Evan Liu,2019-09-21,65.3,119
2009LIUE01,Evan Liu,2019-10-12,63.81,120
2009LIUE01,Evan Liu,2019-10-12,62.64,121
2009LIUE01,Evan Liu,2019-11-23,65.82,122
2009LIUE01,Evan Liu,2019-12-07,64.42,123
2009LIUE01,Evan Liu,2020-01-18,60.33,124
2009LIUE01,Evan Liu,2020-01-18,59.66,125
2009LIUE01,Evan Liu,2020-02-15,63.43,126
2009LIUE01,Evan Liu,2020-02-15,66.65,127
2009LIUE01,Evan Liu,2021-07-31,61.83,128
2009LIUE01,Evan Liu,2021-07-31,62.68,129
2009LIUE01,Evan Liu,2021-11-20,66.12,130
2009LIUE01,Evan Liu,2022-01-16,66.83,131
2009LIUE01,Evan Liu,2022-01-16,63.11,132
2009LIUE01,Evan Liu,2022-03-13,62.84,133
2009LIUE01,Evan Liu,2022-03-19,62.12,134
2009LIUE01,Evan Liu,2022-04-30,64.67,135
2009LIUE01,Evan Liu,2022-04-30,64.06,136
2009LIUE01,Evan Liu,2022-05-27,59.29,137
2009LIUE01,Evan Liu,2022-05-27,62.82,138
2009LIUE01,Evan Liu,2022-05-27,61.9,139
2009LIUE01,Evan Liu,2022-06-04,63.34,140
2009LIUE01,Evan Liu,2022-06-11,61.45,141
2009LIUE01,Evan Liu,2022-06-11,61.51,142
2009LIUE01,Evan Liu,2022-07-02,61.7,143
2009LIUE01,Evan Liu,2022-07-02,64.37,144
2009LIUE01,Evan Liu,2022-07-07,64.0,145
2009LIUE01,Evan Liu,2022-07-07,64.23,146
2009LIUE01,Evan Liu,2022-07-23,60.99,147
2009LIUE01,Evan Liu,2022-07-30,58.77,148
2009LIUE01,Evan Liu,2022-07-30,63.02,149
2009LIUE01,Evan Liu,2022-08-14,61.05,150
2009LIUE01,Evan Liu,2022-08-14,60.55,151
2009LIUE01,Evan Liu,2022-09-10,59.35,152
2009LIUE01,Evan Liu,2022-10-07,62.13,153
2009LIUE01,Evan Liu,2022-10-07,66.38,154
2009LIUE01,Evan Liu,2022-11-05,57.21,155
2009LIUE01,Evan Liu,2022-11-05,61.11,156
2009LIUE01,Evan Liu,2022-12-10,63.28,157
2009LIUE01,Evan Liu,2022-12-31,64.52,158
2009LIUE01,Evan Liu,2023-01-07,61.58,159
2009LIUE01,Evan Liu,2023-01-07,58.69,160
2009LIUE01,Evan Liu,2023-01-21,58.09,161
2009LIUE01,Evan Liu,2023-01-21,56.88,162
2009LIUE01,Evan Liu,2023-01-21,58.75,163
2009LIUE01,Evan Liu,2023-02-05,65.22,164
2009LIUE01,Evan Liu,2023-03-11,62.28,165
2009LIUE01,Evan Liu,2023-03-11,63.72,166
2009LIUE01,Evan Liu,2023-03-18,57.97,167
2009LIUE01,Evan Liu,2023-04-08,60.23,168
2009LIUE01,Evan Liu,2023-04-08,58.57,169
2009LIUE01,Evan Liu,2023-04-08,60.05,170
2009LIUE01,Evan Liu,2023-04-15,60.49,171
2009LIUE01,Evan Liu,2023-04-15,65.33,172
2009LIUE01,Evan Liu,2023-05-13,58.91,173
2009LIUE01,Evan Liu,2023-05-13,59.23,174
2009LIUE01,Evan Liu,2023-05-31,63.37,175
2009LIUE01,Evan Liu,2023-05-31,61.44,176
2009LIUE01,Evan Liu,2023-06-17,63.9,177
2009LIUE01,Evan Liu,2023-06-17,63.99,178
2009LIUE01,Evan Liu,2023-06-17,60.64,179
2009LIUE01,Evan Liu,2023-06-17,60.76,180
2009LIUE01,Evan Liu,2023-07-27,63.18,181
2009LIUE01,Evan Liu,2023-07-27,60.82,182
2009LIUE01,Evan Liu,2023-08-05,62.56,183
2009LIUE01,Evan Liu,2023-08-11,63.21,184
2009LIUE01,Evan Liu,2023-08-26,62.94,185
2009LIUE01,Evan Liu,2023-09-03,60.26,186
2009LIUE01,Evan Liu,2023-09-09,55.7,187
2009LIUE01,Evan Liu,2023-10-07,59.77,188
2009LIUE01,Evan Liu,2023-10-07,62.68,189
2009LIUE01,Evan Liu,2023-10-07,62.14,190
2009LIUE01,Evan Liu,2023-10-14,57.02,191
2009LIUE01,Evan Liu,2023-10-21,62.43,192
2009LIUE01,Evan Liu,2023-11-04,62.03,193
2009LIUE01,Evan Liu,2023-11-18,60.97,194
2009LIUE01,Evan Liu,2023-11-18,57.9,195
2009LIUE01,Evan Liu,2023-12-02,60.46,196
2009LIUE01,Evan Liu,2023-12-09,56.48,197
2009LIUE01,Evan Liu,2024-01-14,64.84,198
2009LIUE01,Evan Liu,2024-01-14,63.83,199
2009LIUE01,Evan Liu,2024-02-03,60.08,200
2009LIUE01,Evan Liu,2024-02-03,58.28,201
2009LIUE01,Evan Liu,2024-03-16,61.24,202
2009LIUE01,Evan Liu,2024-03-16,61.19,203
2009LIUE01,Evan Liu,2024-03-23,59.67,204
2009LIUE01,Evan Liu,2024-03-23,61.77,205
2009LIUE01,Evan Liu,2024-03-31,60.18,206
2009LIUE01,Evan Liu,2024-03-31,58.72,207
2009LIUE01,Evan Liu,2024-04-06,60.16,208
2009LIUE01,Evan Liu,2024-04-14,61.3,209
2009LIUE01,Evan Liu,2024-04-27,57.8,210
2009LIUE01,Evan Liu,2024-05-18,61.26,211
2009LIUE01,Evan Liu,2024-05-18,57.59,212
2009LIUE01,Evan Liu,2024-05-18,60.89,213
2009LIUE01,Evan Liu,2024-05-25,60.57,214
2009LIUE01,Evan Liu,2024-05-25,62.14,215
2009LIUE01,Evan Liu,2024-05-25,59.06,216
2009LIUE01,Evan Liu,2024-06-02,63.12,217
2009LIUE01,Evan Liu,2024-06-21,61.57,218
2009LIUE01,Evan Liu,2024-06-21,62.54,219
2009LIUE01,Evan Liu,2024-07-25,60.28,220
2009LIUE01,Evan Liu,2024-08-10,63.31,221
2009LIUE01,Evan Liu,2024-08-24,60.58,222
2009LIUE01,Evan Liu,2024-09-08,60.54,223
2009LIUE01,Evan Liu,2024-09-08,58.4,224
2009LIUE01,Evan Liu,2024-09-14,56.28,225
2009LIUE01,Evan Liu,2024-09-21,59.77,226
2009LIUE01,Evan Liu,2024-09-21,57.99,227
2009LIUE01,Evan Liu,2024-09-29,59.65,228
2009LIUE01,Evan Liu,2024-10-06,60.47,229
2009LIUE01,Evan Liu,2024-10-12,62.56,230
2009LIUE01,Evan Liu,2024-11-02,58.21,231
2009LIUE01,Evan Liu,2024-11-02,58.87,232
2009LIUE01,Evan Liu,2024-11-09,58.47,233
2009LIUE01,Evan Liu,2024-11-10,55.37,234
2009LIUE01,Evan Liu,2024-11-17,56.82,235
2009LIUE01,Evan Liu,2024-12-07,55.55,236
2009LIUE01,Evan Liu,2024-12-22,59.14,237
2009LIUE01,Evan Liu,2024-12-22,55.66,238
2009LIUE01,Evan Liu,2024-12-31,61.72,239
2009LIUE01,Evan Liu,2024-12-31,58.26,240
2009LIUE01,Evan Liu,2025-01-12,59.32,241
2009LIUE01,Evan Liu,2025-01-25,56.14,242
2009LIUE01,Evan Liu,2025-01-25,58.75,243
2009LIUE01,Evan Liu,2025-02-08,58.83,244
2009LIUE01,Evan Liu,2025-02-08,57.47,245
2009LIUE01,Evan Liu,2025-03-01,59.61,246
2009LIUE01,Evan Liu,2025-03-01,56.9,247
2009LIUE01,Evan Liu,2025-03-15,55.77,248
2009LIUE01,Evan Liu,2025-03-15,60.82,249
2009LIUE01,Evan Liu,2025-03-23,60.64,250
2009LIUE01,Evan Liu,2025-03-23,59.37,251
2009LIUE01,Evan Liu,2025-03-29,58.67,252
2009LIUE01,Evan Liu,2025-04-12,66.74,253
2009LIUE01,Evan Liu,2025-04-18,58.81,254
2009LIUE01,Evan Liu,2025-05-03,58.29,255
2009LIUE01,Evan Liu,2025-05-03,60.22,256
2009LIUE01,Evan Liu,2025-05-20,56.91,257
2009LIUE01,Evan Liu,2025-05-24,57.73,258
2009LIUE01,Evan Liu,2025-06-07,60.57,259
2009LIUE01,Evan Liu,2025-06-07,60.46,260
2009LIUE01,Evan Liu,2025-06-15,59.65,261
2009LIUE01,Evan Liu,2025-06-21,58.72,262
2009LIUE01,Evan Liu,2025-06-21,57.94,263
2009LIUE01,Evan Liu,2025-06-22,58.92,264
2009LIUE01,Evan Liu,2025-06-30,59.36,265
2009LIUE01,Evan Liu,2025-07-03,59.16,266
2009LIUE01,Evan Liu,2025-07-19,54.96,267
2009LIUE01,Evan Liu,2025-07-22,57.16,268
2009LIUE01,Evan Liu,2025-07-26,56.01,269
2009LIUE01,Evan Liu,2025-08-23,58.14,270
2009LIUE01,Evan Liu,2025-08-30,59.58,271
2009LIUE01,Evan Liu,2025-09-27,61.93,272
2009LIUE01,Evan Liu,2025-09-27,57.63,273
2009LIUE01,Evan Liu,2025-10-12,59.56,274
2009LIUE01,Evan Liu,2025-10-25,58.07,275
2009LIUE01,Evan Liu,2025-11-08,57.21,276
2009LIUE01,Evan Liu,2025-12-20,57.99,277
2009LIUE01,Evan Liu,2025-12-21,59.3,278
2009LIUE01,Evan Liu,2025-12-31,57.73,279
2009LIUE01,Evan Liu,2026-01-17,58.13,280
2009LIUE01,Evan Liu,2026-01-23,58.42,281
2009LIUE01,Evan Liu,2026-01-23,58.8,282
2009LIUE01,Evan Liu,2026-02-14,57.91,283
2009LIUE01,Evan Liu,2026-02-14,58.01,284
2009LIUE01,Evan Liu,2026-02-21,55.41,285
2009LIUE01,Evan Liu,2026-03-07,57.13,286
2009LIUE01,Evan Liu,2026-03-07,63.67,287
2009LIUE01,Evan Liu,2026-03-11,58.55,288
2009LIUE01,Evan Liu,2026-03-11,56.28,289
2009LIUE01,Evan Liu,2026-04-05,55.9,290
2009LIUE01,Evan Liu,2026-04-05,58.19,291
2009LIUE01,Evan Liu,2026-04-10,56.76,292
2009LIUE01,Evan Liu,2026-04-10,58.42,293
2009LIUE01,Evan Liu,2026-04-26,63.07,294
2009LIUE01,Evan Liu,2026-05-10,60.31,295
2009PROV01,Matteo Provasi,2011-12-17,133.65,1
2009PROV01,Matteo Provasi,2012-04-01,134.5,2
2009PROV01,Matteo Provasi,2012-04-01,135.51,3
2009PROV01,Matteo Provasi,2012-04-29,127.13,4
2009PROV01,Matteo Provasi,2012-04-29,131.63,5
2009PROV01,Matteo Provasi,2012-06-09,145.33,6
2009PROV01,Matteo Provasi,2012-10-06,136.68,7
2009PROV01,Matteo Provasi,2013-04-20,132.0,8
2009PROV01,Matteo Provasi,2014-03-29,124.53,9
2009PROV01,Matteo Provasi,2014-03-29,125.27,10
2009PROV01,Matteo Provasi,2014-05-24,124.67,11
2009PROV01,Matteo Provasi,2014-05-31,121.68,12
2009PROV01,Matteo Provasi,2014-11-22,126.68,13
2009PROV01,Matteo Provasi,2015-02-22,115.98,14
2009PROV01,Matteo Provasi,2015-02-22,124.25,15
2009PROV01,Matteo Provasi,2015-03-29,115.45,16
2009PROV01,Matteo Provasi,2015-03-29,131.12,17
2009PROV01,Matteo Provasi,2015-04-11,119.54,18
2009PROV01,Matteo Provasi,2015-04-11,127.56,19
2009PROV01,Matteo Provasi,2015-05-10,125.17,20
2009PROV01,Matteo Provasi,2015-10-17,127.27,21
2009PROV01,Matteo Provasi,2015-10-31,124.53,22
2009PROV01,Matteo Provasi,2015-11-21,124.03,23
2009PROV01,Matteo Provasi,2015-12-05,119.19,24
2009PROV01,Matteo Provasi,2016-01-16,120.04,25
2009PROV01,Matteo Provasi,2016-05-14,114.63,26
2009PROV01,Matteo Provasi,2016-05-21,106.19,27
2009PROV01,Matteo Provasi,2016-05-21,108.02,28
2009PROV01,Matteo Provasi,2016-08-27,102.47,29
2009PROV01,Matteo Provasi,2016-10-08,109.83,30
2009PROV01,Matteo Provasi,2017-05-13,101.73,31
2009PROV01,Matteo Provasi,2017-06-10,109.11,32
2009PROV01,Matteo Provasi,2017-06-10,120.79,33
2009PROV01,Matteo Provasi,2017-07-08,114.32,34
2009PROV01,Matteo Provasi,2017-10-21,112.18,35
2009PROV01,Matteo Provasi,2017-12-16,101.2,36
2009PROV01,Matteo Provasi,2018-01-13,108.87,37
2009PROV01,Matteo Provasi,2018-02-04,105.34,38
2009PROV01,Matteo Provasi,2018-02-04,98.47,39
2009PROV01,Matteo Provasi,2018-02-17,111.4,40
2009PROV01,Matteo Provasi,2018-02-17,103.89,41
2009PROV01,Matteo Provasi,2018-04-15,103.4,42
2009PROV01,Matteo Provasi,2018-05-12,106.98,43
2009PROV01,Matteo Provasi,2018-06-02,111.2,44
2009PROV01,Matteo Provasi,2018-06-02,122.55,45
2009PROV01,Matteo Provasi,2018-06-23,107.05,46
2009PROV01,Matteo Provasi,2018-06-23,104.36,47
2009PROV01,Matteo Provasi,2018-06-23,102.2,48
2009PROV01,Matteo Provasi,2018-09-08,105.79,49
2009PROV01,Matteo Provasi,2018-09-08,102.42,50
2009PROV01,Matteo Provasi,2018-09-21,99.35,51
2009PROV01,Matteo Provasi,2018-10-13,110.39,52
2009PROV01,Matteo Provasi,2018-11-17,116.72,53
2009PROV01,Matteo Provasi,2018-11-17,105.37,54
2009PROV01,Matteo Provasi,2018-12-15,114.53,55
2009PROV01,Matteo Provasi,2018-12-15,106.38,56
2009PROV01,Matteo Provasi,2019-04-06,108.9,57
2009PROV01,Matteo Provasi,2019-09-21,100.19,58
2009PROV01,Matteo Provasi,2019-09-21,91.53,59
2009PROV01,Matteo Provasi,2019-11-01,98.33,60
2009PROV01,Matteo Provasi,2021-07-31,98.92,61
2009PROV01,Matteo Provasi,2021-10-30,88.14,62
2009PROV01,Matteo Provasi,2021-11-20,100.75,63
2009PROV01,Matteo Provasi,2021-11-20,96.65,64
2009PROV01,Matteo Provasi,2022-05-21,95.18,65
2009PROV01,Matteo Provasi,2022-06-18,96.25,66
2009PROV01,Matteo Provasi,2022-06-18,88.72,67
2009PROV01,Matteo Provasi,2022-06-18,87.51,68
2009PROV01,Matteo Provasi,2022-07-02,91.41,69
2009PROV01,Matteo Provasi,2022-07-14,89.83,70
2009PROV01,Matteo Provasi,2022-08-20,91.83,71
2009PROV01,Matteo Provasi,2022-08-27,87.03,72
2009PROV01,Matteo Provasi,2022-08-27,87.43,73
2009PROV01,Matteo Provasi,2022-08-27,91.43,74
2009PROV01,Matteo Provasi,2022-09-09,92.17,75
2009PROV01,Matteo Provasi,2022-10-29,95.29,76
2009PROV01,Matteo Provasi,2022-11-05,90.23,77
2009PROV01,Matteo Provasi,2022-11-05,90.27,78
2009PROV01,Matteo Provasi,2022-12-03,95.6,79
2009PROV01,Matteo Provasi,2022-12-09,96.4,80
2009PROV01,Matteo Provasi,2023-01-07,85.49,81
2009PROV01,Matteo Provasi,2023-01-07,88.71,82
2009PROV01,Matteo Provasi,2023-01-14,90.99,83
2009PROV01,Matteo Provasi,2023-02-04,90.61,84
2009PROV01,Matteo Provasi,2023-04-01,84.92,85
2009PROV01,Matteo Provasi,2023-04-01,88.96,86
2009PROV01,Matteo Provasi,2023-04-01,86.3,87
2009PROV01,Matteo Provasi,2023-04-08,93.99,88
2009PROV01,Matteo Provasi,2023-04-15,94.82,89
2009PROV01,Matteo Provasi,2023-04-15,87.73,90
2009PROV01,Matteo Provasi,2023-04-15,89.08,91
2009PROV01,Matteo Provasi,2023-04-22,84.11,92
2009PROV01,Matteo Provasi,2023-04-22,83.68,93
2009PROV01,Matteo Provasi,2023-04-29,89.84,94
2009PROV01,Matteo Provasi,2023-04-29,89.82,95
2009PROV01,Matteo Provasi,2023-05-06,86.87,96
2009PROV01,Matteo Provasi,2023-05-07,93.79,97
2009PROV01,Matteo Provasi,2023-05-13,84.56,98
2009PROV01,Matteo Provasi,2023-05-13,87.01,99
2009PROV01,Matteo Provasi,2023-05-20,88.15,100
2009PROV01,Matteo Provasi,2023-05-27,86.89,101
2009PROV01,Matteo Provasi,2023-06-17,90.54,102
2009PROV01,Matteo Provasi,2023-06-17,82.37,103
2009PROV01,Matteo Provasi,2023-06-30,83.64,104
2009PROV01,Matteo Provasi,2023-06-30,83.88,105
2009PROV01,Matteo Provasi,2023-08-12,90.73,106
2009PROV01,Matteo Provasi,2023-08-26,93.63,107
2009PROV01,Matteo Provasi,2023-09-09,84.84,108
2009PROV01,Matteo Provasi,2023-09-09,84.67,109
2009PROV01,Matteo Provasi,2023-09-16,83.8,110
2009PROV01,Matteo Provasi,2023-09-30,90.02,111
2009PROV01,Matteo Provasi,2023-09-30,87.53,112
2009PROV01,Matteo Provasi,2023-10-21,88.23,113
2009PROV01,Matteo Provasi,2023-10-28,90.72,114
2009PROV01,Matteo Provasi,2023-11-04,89.27,115
2009PROV01,Matteo Provasi,2023-11-04,88.07,116
2009PROV01,Matteo Provasi,2023-11-18,86.43,117
2009PROV01,Matteo Provasi,2023-11-18,87.37,118
2009PROV01,Matteo Provasi,2023-12-08,86.6,119
2009PROV01,Matteo Provasi,2023-12-16,91.23,120
2009PROV01,Matteo Provasi,2023-12-16,86.44,121
2009PROV01,Matteo Provasi,2023-12-16,83.31,122
2009PROV01,Matteo Provasi,2023-12-30,84.3,123
2009PROV01,Matteo Provasi,2023-12-30,85.61,124
2009PROV01,Matteo Provasi,2024-01-13,82.47,125
2009PROV01,Matteo Provasi,2024-01-13,78.74,126
2009PROV01,Matteo Provasi,2024-01-13,86.93,127
2009PROV01,Matteo Provasi,2024-01-13,90.75,128
2009PROV01,Matteo Provasi,2024-01-13,80.88,129
2009PROV01,Matteo Provasi,2024-02-10,83.34,130
2009PROV01,Matteo Provasi,2024-02-24,87.04,131
2009PROV01,Matteo Provasi,2024-02-24,86.19,132
2009PROV01,Matteo Provasi,2024-03-02,90.9,133
2009PROV01,Matteo Provasi,2024-03-02,83.62,134
2009PROV01,Matteo Provasi,2024-03-23,88.88,135
2009PROV01,Matteo Provasi,2024-03-23,87.5,136
2009PROV01,Matteo Provasi,2024-04-06,82.46,137
2009PROV01,Matteo Provasi,2024-04-06,85.26,138
2009PROV01,Matteo Provasi,2024-04-13,84.63,139
2009PROV01,Matteo Provasi,2024-04-20,83.36,140
2009PROV01,Matteo Provasi,2024-04-20,84.69,141
2009PROV01,Matteo Provasi,2024-04-28,87.08,142
2009PROV01,Matteo Provasi,2024-05-04,80.71,143
2009PROV01,Matteo Provasi,2024-05-04,85.09,144
2009PROV01,Matteo Provasi,2024-05-11,83.61,145
2009PROV01,Matteo Provasi,2024-05-11,86.63,146
2009PROV01,Matteo Provasi,2024-06-22,88.85,147
2009PROV01,Matteo Provasi,2024-06-22,84.41,148
2009PROV01,Matteo Provasi,2024-06-29,88.44,149
2009PROV01,Matteo Provasi,2024-07-19,81.87,150
2009PROV01,Matteo Provasi,2024-07-25,87.71,151
2009PROV01,Matteo Provasi,2024-08-02,84.32,152
2009PROV01,Matteo Provasi,2024-08-24,85.01,153
2009PROV01,Matteo Provasi,2024-08-24,79.27,154
2009PROV01,Matteo Provasi,2024-09-01,84.21,155
2009PROV01,Matteo Provasi,2024-09-07,87.1,156
2009PROV01,Matteo Provasi,2024-09-07,88.55,157
2009PROV01,Matteo Provasi,2024-09-14,81.48,158
2009PROV01,Matteo Provasi,2024-09-14,81.04,159
2009PROV01,Matteo Provasi,2024-09-28,82.48,160
2009PROV01,Matteo Provasi,2024-10-19,84.83,161
2009PROV01,Matteo Provasi,2024-10-26,88.27,162
2009PROV01,Matteo Provasi,2024-10-26,86.03,163
2009PROV01,Matteo Provasi,2024-11-09,81.96,164
2009PROV01,Matteo Provasi,2024-11-16,86.22,165
2009PROV01,Matteo Provasi,2024-11-16,85.24,166
2009PROV01,Matteo Provasi,2024-11-24,82.69,167
2009PROV01,Matteo Provasi,2024-11-26,78.45,168
2009PROV01,Matteo Provasi,2024-11-30,85.74,169
2009PROV01,Matteo Provasi,2024-12-07,76.67,170
2009PROV01,Matteo Provasi,2024-12-28,79.13,171
2009PROV01,Matteo Provasi,2024-12-28,84.72,172
2009PROV01,Matteo Provasi,2024-12-31,88.87,173
2009PROV01,Matteo Provasi,2025-01-04,79.09,174
2009PROV01,Matteo Provasi,2025-01-04,85.51,175
2009PROV01,Matteo Provasi,2025-01-11,81.28,176
2009PROV01,Matteo Provasi,2025-01-25,79.72,177
2009PROV01,Matteo Provasi,2025-01-25,80.0,178
2009PROV01,Matteo Provasi,2025-02-01,84.06,179
2009PROV01,Matteo Provasi,2025-02-01,81.85,180
2009PROV01,Matteo Provasi,2025-02-01,81.51,181
2009PROV01,Matteo Provasi,2025-02-15,84.56,182
2009PROV01,Matteo Provasi,2025-02-22,85.07,183
2009PROV01,Matteo Provasi,2025-03-01,83.92,184
2009PROV01,Matteo Provasi,2025-03-01,86.73,185
2009PROV01,Matteo Provasi,2025-03-08,81.8,186
2009PROV01,Matteo Provasi,2025-03-22,88.32,187
2009PROV01,Matteo Provasi,2025-03-29,79.99,188
2009PROV01,Matteo Provasi,2025-04-03,87.82,189
2009PROV01,Matteo Provasi,2025-04-12,86.64,190
2009PROV01,Matteo Provasi,2025-04-25,80.97,191
2009PROV01,Matteo Provasi,2025-04-25,78.03,192
2009PROV01,Matteo Provasi,2025-05-03,89.04,193
2009PROV01,Matteo Provasi,2025-05-03,79.21,194
2009PROV01,Matteo Provasi,2025-05-10,78.19,195
2009PROV01,Matteo Provasi,2025-05-10,81.24,196
2009PROV01,Matteo Provasi,2025-05-10,82.41,197
2009PROV01,Matteo Provasi,2025-05-23,84.42,198
2009PROV01,Matteo Provasi,2025-05-23,90.19,199
2009PROV01,Matteo Provasi,2025-05-31,84.39,200
2009PROV01,Matteo Provasi,2025-06-07,82.61,201
2009PROV01,Matteo Provasi,2025-06-28,80.48,202
2009PROV01,Matteo Provasi,2025-07-19,79.74,203
2009PROV01,Matteo Provasi,2025-07-26,80.34,204
2009PROV01,Matteo Provasi,2025-08-23,86.02,205
2009PROV01,Matteo Provasi,2025-09-13,84.08,206
2009PROV01,Matteo Provasi,2025-10-04,81.6,207
2009PROV01,Matteo Provasi,2025-10-04,83.83,208
2009PROV01,Matteo Provasi,2025-10-11,81.22,209
2009PROV01,Matteo Provasi,2025-10-11,82.64,210
2009PROV01,Matteo Provasi,2025-10-18,87.83,211
2009PROV01,Matteo Provasi,2025-10-18,85.61,212
2009PROV01,Matteo Provasi,2025-11-01,88.31,213
2009PROV01,Matteo Provasi,2025-11-01,82.37,214
2009PROV01,Matteo Provasi,2025-11-15,79.72,215
2009PROV01,Matteo Provasi,2025-11-15,78.33,216
2009PROV01,Matteo Provasi,2025-11-29,75.62,217
2009PROV01,Matteo Provasi,2025-11-29,85.64,218
2009PROV01,Matteo Provasi,2025-12-06,83.7,219
2009PROV01,Matteo Provasi,2025-12-19,83.18,220
2009PROV01,Matteo Provasi,2025-12-19,78.65,221
2009PROV01,Matteo Provasi,2025-12-19,77.79,222
2009PROV01,Matteo Provasi,2026-01-24,84.13,223
2009PROV01,Matteo Provasi,2026-01-24,78.94,224
2009PROV01,Matteo Provasi,2026-02-07,80.05,225
2009PROV01,Matteo Provasi,2026-02-28,80.91,226
2009PROV01,Matteo Provasi,2026-02-28,83.44,227
2009PROV01,Matteo Provasi,2026-03-14,86.64,228
2009PROV01,Matteo Provasi,2026-03-21,77.88,229
2009PROV01,Matteo Provasi,2026-03-21,86.76,230
2009PROV01,Matteo Provasi,2026-04-11,76.71,231
2009PROV01,Matteo Provasi,2026-04-18,80.34,232
2009PROV01,Matteo Provasi,2026-04-18,76.65,233
2009PROV01,Matteo Provasi,2026-05-01,81.3,234
2009PROV01,Matteo Provasi,2026-05-01,78.52,235
2009PROV01,Matteo Provasi,2026-05-01,79.83,236
2009PROV01,Matteo Provasi,2026-05-09,83.05,237
2009PROV01,Matteo Provasi,2026-05-09,76.43,238
2010BENT01,Jan Bentlage,2010-10-23,165.66,1
2010BENT01,Jan Bentlage,2010-11-13,163.73,2
2010BENT01,Jan Bentlage,2011-03-05,142.16,3
2010BENT01,Jan Bentlage,2011-05-07,141.8,4
2010BENT01,Jan Bentlage,2011-06-10,137.23,5
2010BENT01,Jan Bentlage,2011-08-13,133.85,6
2010BENT01,Jan Bentlage,2011-08-13,138.47,7
2010BENT01,Jan Bentlage,2011-10-22,135.94,8
2010BENT01,Jan Bentlage,2011-10-22,137.72,9
2010BENT01,Jan Bentlage,2011-10-29,130.56,10
2010BENT01,Jan Bentlage,2011-11-19,133.93,11
2010BENT01,Jan Bentlage,2011-11-26,130.56,12
2010BENT01,Jan Bentlage,2011-12-10,123.43,13
2010BENT01,Jan Bentlage,2011-12-17,124.31,14
2010BENT01,Jan Bentlage,2012-02-04,133.43,15
2010BENT01,Jan Bentlage,2012-02-25,121.55,16
2010BENT01,Jan Bentlage,2012-02-25,121.72,17
2010BENT01,Jan Bentlage,2012-04-06,122.93,18
2010BENT01,Jan Bentlage,2012-04-06,121.46,19
2010BENT01,Jan Bentlage,2012-04-28,128.7,20
2010BENT01,Jan Bentlage,2012-05-19,129.61,21
2010BENT01,Jan Bentlage,2012-05-19,112.62,22
2010BENT01,Jan Bentlage,2012-06-23,117.61,23
2010BENT01,Jan Bentlage,2012-07-07,116.1,24
2010BENT01,Jan Bentlage,2012-07-07,119.71,25
2010BENT01,Jan Bentlage,2012-07-13,107.88,26
2010BENT01,Jan Bentlage,2012-08-25,110.72,27
2010BENT01,Jan Bentlage,2012-08-25,111.64,28
2010BENT01,Jan Bentlage,2012-09-15,105.74,29
2010BENT01,Jan Bentlage,2012-09-15,105.6,30
2010BENT01,Jan Bentlage,2012-09-22,115.87,31
2010BENT01,Jan Bentlage,2012-09-22,113.03,32
2010BENT01,Jan Bentlage,2012-09-22,106.76,33
2010BENT01,Jan Bentlage,2012-10-20,113.31,34
2010BENT01,Jan Bentlage,2012-10-20,109.38,35
2010BENT01,Jan Bentlage,2012-10-20,108.44,36
2010BENT01,Jan Bentlage,2012-11-03,111.83,37
2010BENT01,Jan Bentlage,2012-11-03,107.67,38
2010BENT01,Jan Bentlage,2012-11-17,107.79,39
2010BENT01,Jan Bentlage,2012-12-08,110.41,40
2010BENT01,Jan Bentlage,2012-12-08,110.06,41
2010BENT01,Jan Bentlage,2012-12-22,106.13,42
2010BENT01,Jan Bentlage,2012-12-22,106.8,43
2010BENT01,Jan Bentlage,2013-02-02,114.93,44
2010BENT01,Jan Bentlage,2013-02-02,116.07,45
2010BENT01,Jan Bentlage,2013-03-02,99.58,46
2010BENT01,Jan Bentlage,2013-04-01,105.45,47
2010BENT01,Jan Bentlage,2013-04-01,104.14,48
2010BENT01,Jan Bentlage,2013-04-06,110.69,49
2010BENT01,Jan Bentlage,2013-04-06,118.24,50
2010BENT01,Jan Bentlage,2013-04-20,106.27,51
2010BENT01,Jan Bentlage,2013-04-20,104.98,52
2010BENT01,Jan Bentlage,2013-05-17,111.32,53
2010BENT01,Jan Bentlage,2013-05-17,105.16,54
2010BENT01,Jan Bentlage,2013-06-01,107.56,55
2010BENT01,Jan Bentlage,2013-06-01,110.09,56
2010BENT01,Jan Bentlage,2013-06-22,113.7,57
2010BENT01,Jan Bentlage,2013-06-22,104.76,58
2010BENT01,Jan Bentlage,2013-06-22,119.73,59
2010BENT01,Jan Bentlage,2013-07-26,102.93,60
2010BENT01,Jan Bentlage,2013-07-26,107.39,61
2010BENT01,Jan Bentlage,2013-09-14,104.56,62
2010BENT01,Jan Bentlage,2013-09-14,101.19,63
2010BENT01,Jan Bentlage,2013-09-14,113.12,64
2010BENT01,Jan Bentlage,2013-10-13,101.31,65
2010BENT01,Jan Bentlage,2013-10-26,100.82,66
2010BENT01,Jan Bentlage,2013-10-26,103.72,67
2010BENT01,Jan Bentlage,2013-11-02,99.36,68
2010BENT01,Jan Bentlage,2013-11-02,108.83,69
2010BENT01,Jan Bentlage,2013-11-09,98.38,70
2010BENT01,Jan Bentlage,2013-11-09,102.8,71
2010BENT01,Jan Bentlage,2013-11-23,96.9,72
2010BENT01,Jan Bentlage,2013-11-23,106.14,73
2010BENT01,Jan Bentlage,2014-01-03,98.16,74
2010BENT01,Jan Bentlage,2014-01-03,99.71,75
2010BENT01,Jan Bentlage,2014-01-03,103.89,76
2010BENT01,Jan Bentlage,2014-01-18,100.7,77
2010BENT01,Jan Bentlage,2014-01-18,114.65,78
2010BENT01,Jan Bentlage,2014-02-15,105.18,79
2010BENT01,Jan Bentlage,2014-02-15,104.37,80
2010BENT01,Jan Bentlage,2014-03-15,97.51,81
2010BENT01,Jan Bentlage,2014-03-15,99.5,82
2010BENT01,Jan Bentlage,2014-03-22,106.79,83
2010BENT01,Jan Bentlage,2014-04-05,98.45,84
2010BENT01,Jan Bentlage,2014-04-05,100.31,85
2010BENT01,Jan Bentlage,2014-04-18,96.67,86
2010BENT01,Jan Bentlage,2014-04-18,100.27,87
2010BENT01,Jan Bentlage,2014-06-07,97.72,88
2010BENT01,Jan Bentlage,2014-06-07,105.24,89
2010BENT01,Jan Bentlage,2014-06-07,98.32,90
2010BENT01,Jan Bentlage,2014-07-12,102.48,91
2010BENT01,Jan Bentlage,2014-07-12,99.97,92
2010BENT01,Jan Bentlage,2014-08-02,100.39,93
2010BENT01,Jan Bentlage,2014-08-02,96.97,94
2010BENT01,Jan Bentlage,2014-09-28,99.59,95
2010BENT01,Jan Bentlage,2014-11-01,99.84,96
2010BENT01,Jan Bentlage,2014-11-01,98.01,97
2010BENT01,Jan Bentlage,2014-11-08,99.73,98
2010BENT01,Jan Bentlage,2014-11-21,101.35,99
2010BENT01,Jan Bentlage,2014-11-21,100.95,100
2010BENT01,Jan Bentlage,2014-12-27,95.9,101
2010BENT01,Jan Bentlage,2014-12-27,97.15,102
2010BENT01,Jan Bentlage,2014-12-27,94.79,103
2010BENT01,Jan Bentlage,2015-01-17,98.19,104
2010BENT01,Jan Bentlage,2015-01-17,96.62,105
2010BENT01,Jan Bentlage,2015-01-31,95.2,106
2010BENT01,Jan Bentlage,2015-01-31,97.17,107
2010BENT01,Jan Bentlage,2015-02-21,101.93,108
2010BENT01,Jan Bentlage,2015-02-28,96.37,109
2010BENT01,Jan Bentlage,2015-02-28,96.52,110
2010BENT01,Jan Bentlage,2015-03-14,103.53,111
2010BENT01,Jan Bentlage,2015-04-18,102.7,112
2010BENT01,Jan Bentlage,2015-05-16,95.67,113
2010BENT01,Jan Bentlage,2015-05-16,95.28,114
2010BENT01,Jan Bentlage,2015-05-16,94.84,115
2010BENT01,Jan Bentlage,2015-05-23,89.17,116
2010BENT01,Jan Bentlage,2015-05-23,88.62,117
2010BENT01,Jan Bentlage,2015-06-06,91.63,118
2010BENT01,Jan Bentlage,2015-06-06,91.72,119
2010BENT01,Jan Bentlage,2015-06-21,88.65,120
2010BENT01,Jan Bentlage,2015-07-17,88.3,121
2010BENT01,Jan Bentlage,2015-07-17,94.45,122
2010BENT01,Jan Bentlage,2015-08-01,97.67,123
2010BENT01,Jan Bentlage,2015-08-01,96.2,124
2010BENT01,Jan Bentlage,2015-08-22,91.61,125
2010BENT01,Jan Bentlage,2015-08-22,91.27,126
2010BENT01,Jan Bentlage,2015-08-22,88.04,127
2010BENT01,Jan Bentlage,2015-09-05,94.46,128
2010BENT01,Jan Bentlage,2015-09-12,89.29,129
2010BENT01,Jan Bentlage,2015-09-27,91.89,130
2010BENT01,Jan Bentlage,2015-10-17,87.59,131
2010BENT01,Jan Bentlage,2015-10-31,91.99,132
2010BENT01,Jan Bentlage,2015-11-14,86.33,133
2010BENT01,Jan Bentlage,2015-11-14,91.35,134
2010BENT01,Jan Bentlage,2015-12-05,90.67,135
2010BENT01,Jan Bentlage,2015-12-05,91.77,136
2010BENT01,Jan Bentlage,2015-12-05,92.37,137
2010BENT01,Jan Bentlage,2015-12-19,85.42,138
2010BENT01,Jan Bentlage,2015-12-19,93.7,139
2010BENT01,Jan Bentlage,2015-12-19,94.15,140
2010BENT01,Jan Bentlage,2016-01-30,89.98,141
2010BENT01,Jan Bentlage,2016-03-05,87.27,142
2010BENT01,Jan Bentlage,2016-03-05,87.75,143
2010BENT01,Jan Bentlage,2016-04-09,96.23,144
2010BENT01,Jan Bentlage,2016-05-07,92.4,145
2010BENT01,Jan Bentlage,2016-05-07,92.06,146
2010BENT01,Jan Bentlage,2016-05-28,88.54,147
2010BENT01,Jan Bentlage,2016-05-28,88.4,148
2010BENT01,Jan Bentlage,2016-05-28,90.17,149
2010BENT01,Jan Bentlage,2016-07-02,89.61,150
2010BENT01,Jan Bentlage,2016-07-15,94.81,151
2010BENT01,Jan Bentlage,2016-07-30,94.88,152
2010BENT01,Jan Bentlage,2016-09-03,90.61,153
2010BENT01,Jan Bentlage,2016-10-07,89.75,154
2010BENT01,Jan Bentlage,2016-10-29,91.39,155
2010BENT01,Jan Bentlage,2016-10-29,91.32,156
2010BENT01,Jan Bentlage,2016-11-05,86.48,157
2010BENT01,Jan Bentlage,2016-11-26,90.77,158
2010BENT01,Jan Bentlage,2016-11-26,91.09,159
2010BENT01,Jan Bentlage,2017-01-06,90.2,160
2010BENT01,Jan Bentlage,2017-01-06,92.36,161
2010BENT01,Jan Bentlage,2017-01-28,93.79,162
2010BENT01,Jan Bentlage,2017-01-28,87.92,163
2010BENT01,Jan Bentlage,2017-03-11,95.49,164
2010BENT01,Jan Bentlage,2017-03-25,88.01,165
2010BENT01,Jan Bentlage,2017-03-25,83.08,166
2010BENT01,Jan Bentlage,2017-04-08,83.84,167
2010BENT01,Jan Bentlage,2017-04-29,89.08,168
2010BENT01,Jan Bentlage,2017-05-06,82.36,169
2010BENT01,Jan Bentlage,2017-05-06,83.79,170
2010BENT01,Jan Bentlage,2017-05-20,88.87,171
2010BENT01,Jan Bentlage,2017-05-27,90.63,172
2010BENT01,Jan Bentlage,2017-05-27,90.8,173
2010BENT01,Jan Bentlage,2017-06-10,83.51,174
2010BENT01,Jan Bentlage,2017-06-10,83.68,175
2010BENT01,Jan Bentlage,2017-06-24,85.9,176
2010BENT01,Jan Bentlage,2017-06-24,87.21,177
2010BENT01,Jan Bentlage,2017-07-01,85.03,178
2010BENT01,Jan Bentlage,2017-07-01,81.1,179
2010BENT01,Jan Bentlage,2017-07-13,86.83,180
2010BENT01,Jan Bentlage,2017-07-21,88.0,181
2010BENT01,Jan Bentlage,2017-08-19,82.05,182
2010BENT01,Jan Bentlage,2017-09-01,85.96,183
2010BENT01,Jan Bentlage,2017-09-01,84.82,184
2010BENT01,Jan Bentlage,2017-09-16,83.2,185
2010BENT01,Jan Bentlage,2017-09-22,88.08,186
2010BENT01,Jan Bentlage,2017-09-22,84.43,187
2010BENT01,Jan Bentlage,2017-09-30,83.77,188
2010BENT01,Jan Bentlage,2017-10-13,83.33,189
2010BENT01,Jan Bentlage,2017-10-13,87.12,190
2010BENT01,Jan Bentlage,2017-10-21,81.39,191
2010BENT01,Jan Bentlage,2017-11-04,86.59,192
2010BENT01,Jan Bentlage,2017-11-18,80.81,193
2010BENT01,Jan Bentlage,2017-11-18,78.37,194
2010BENT01,Jan Bentlage,2017-12-02,85.36,195
2010BENT01,Jan Bentlage,2017-12-02,78.66,196
2010BENT01,Jan Bentlage,2018-01-05,85.76,197
2010BENT01,Jan Bentlage,2018-02-10,79.64,198
2010BENT01,Jan Bentlage,2018-02-10,79.37,199
2010BENT01,Jan Bentlage,2018-03-24,79.87,200
2010BENT01,Jan Bentlage,2018-03-24,77.86,201
2010BENT01,Jan Bentlage,2018-04-21,88.66,202
2010BENT01,Jan Bentlage,2018-05-12,83.01,203
2010BENT01,Jan Bentlage,2018-05-19,83.34,204
2010BENT01,Jan Bentlage,2018-06-02,79.0,205
2010BENT01,Jan Bentlage,2018-06-02,83.22,206
2010BENT01,Jan Bentlage,2018-06-23,84.77,207
2010BENT01,Jan Bentlage,2018-06-23,80.19,208
2010BENT01,Jan Bentlage,2018-07-14,77.11,209
2010BENT01,Jan Bentlage,2018-07-19,80.8,210
2010BENT01,Jan Bentlage,2018-07-19,78.8,211
2010BENT01,Jan Bentlage,2018-08-17,81.73,212
2010BENT01,Jan Bentlage,2018-09-07,83.59,213
2010BENT01,Jan Bentlage,2018-10-13,88.81,214
2010BENT01,Jan Bentlage,2018-10-13,84.9,215
2010BENT01,Jan Bentlage,2018-10-27,80.93,216
2010BENT01,Jan Bentlage,2018-11-03,82.46,217
2010BENT01,Jan Bentlage,2018-11-03,82.71,218
2010BENT01,Jan Bentlage,2019-01-19,88.6,219
2010BENT01,Jan Bentlage,2019-03-22,78.37,220
2010BENT01,Jan Bentlage,2019-03-22,79.28,221
2010BENT01,Jan Bentlage,2019-04-06,82.65,222
2010BENT01,Jan Bentlage,2019-04-20,76.86,223
2010BENT01,Jan Bentlage,2019-05-11,80.17,224
2010BENT01,Jan Bentlage,2019-05-18,83.1,225
2010BENT01,Jan Bentlage,2019-05-18,82.79,226
2010BENT01,Jan Bentlage,2019-05-30,81.28,227
2010BENT01,Jan Bentlage,2019-05-30,81.92,228
2010BENT01,Jan Bentlage,2019-06-08,80.3,229
2010BENT01,Jan Bentlage,2019-06-22,81.32,230
2010BENT01,Jan Bentlage,2019-07-11,84.14,231
2010BENT01,Jan Bentlage,2019-08-02,77.9,232
2010BENT01,Jan Bentlage,2019-08-17,79.23,233
2010BENT01,Jan Bentlage,2019-08-17,82.05,234
2010BENT01,Jan Bentlage,2019-09-21,82.83,235
2010BENT01,Jan Bentlage,2019-10-12,83.18,236
2010BENT01,Jan Bentlage,2019-10-12,79.12,237
2010BENT01,Jan Bentlage,2019-10-26,79.8,238
2010BENT01,Jan Bentlage,2019-10-26,82.76,239
2010BENT01,Jan Bentlage,2019-11-23,75.34,240
2010BENT01,Jan Bentlage,2019-11-23,82.32,241
2010BENT01,Jan Bentlage,2019-11-30,76.38,242
2010BENT01,Jan Bentlage,2019-11-30,80.77,243
2010BENT01,Jan Bentlage,2019-12-07,89.47,244
2010BENT01,Jan Bentlage,2020-01-04,84.44,245
2010BENT01,Jan Bentlage,2020-01-18,86.75,246
2010BENT01,Jan Bentlage,2020-02-01,82.83,247
2010BENT01,Jan Bentlage,2020-02-01,85.13,248
2010BENT01,Jan Bentlage,2020-02-15,87.54,249
2010BENT01,Jan Bentlage,2020-02-22,81.0,250
2010BENT01,Jan Bentlage,2020-02-22,83.46,251
2010BENT01,Jan Bentlage,2020-02-29,87.65,252
2010BENT01,Jan Bentlage,2021-10-08,80.06,253
2010BENT01,Jan Bentlage,2021-10-08,88.86,254
2010BENT01,Jan Bentlage,2021-10-17,82.94,255
2010BENT01,Jan Bentlage,2021-11-20,86.44,256
2010BENT01,Jan Bentlage,2021-11-20,84.27,257
2010BENT01,Jan Bentlage,2022-05-01,83.21,258
2010BENT01,Jan Bentlage,2022-05-01,84.82,259
2010BENT01,Jan Bentlage,2022-05-14,86.51,260
2010BENT01,Jan Bentlage,2022-05-21,81.92,261
2010BENT01,Jan Bentlage,2022-05-21,81.92,262
2010BENT01,Jan Bentlage,2022-06-18,81.96,263
2010BENT01,Jan Bentlage,2022-06-18,86.25,264
2010BENT01,Jan Bentlage,2022-07-09,78.93,265
2010BENT01,Jan Bentlage,2022-07-09,79.28,266
2010BENT01,Jan Bentlage,2022-10-07,88.42,267
2010BENT01,Jan Bentlage,2022-10-29,81.61,268
2010BENT01,Jan Bentlage,2022-10-29,83.59,269
2010BENT01,Jan Bentlage,2022-11-12,84.02,270
2010BENT01,Jan Bentlage,2023-04-15,80.26,271
2010BENT01,Jan Bentlage,2023-04-15,79.05,272
2010BENT01,Jan Bentlage,2023-04-29,79.6,273
2010BENT01,Jan Bentlage,2023-05-20,79.7,274
2010BENT01,Jan Bentlage,2023-05-20,81.3,275
2010BENT01,Jan Bentlage,2023-05-27,79.61,276
2010BENT01,Jan Bentlage,2023-05-27,77.05,277
2010BENT01,Jan Bentlage,2023-07-27,76.61,278
2010BENT01,Jan Bentlage,2023-08-04,85.61,279
2010BENT01,Jan Bentlage,2023-08-26,86.58,280
2010BENT01,Jan Bentlage,2023-08-26,84.92,281
2010BENT01,Jan Bentlage,2023-11-11,85.23,282
2010BENT01,Jan Bentlage,2023-11-11,79.51,283
2010BENT01,Jan Bentlage,2024-02-10,82.21,284
2010BENT01,Jan Bentlage,2024-02-10,80.71,285
2010BENT01,Jan Bentlage,2024-02-10,77.91,286
2010BENT01,Jan Bentlage,2024-03-23,78.73,287
2010BENT01,Jan Bentlage,2024-03-23,79.58,288
2010BENT01,Jan Bentlage,2024-03-23,75.99,289
2010BENT01,Jan Bentlage,2024-04-05,81.62,290
2010BENT01,Jan Bentlage,2024-04-05,84.4,291
2010BENT01,Jan Bentlage,2024-05-24,74.86,292
2010BENT01,Jan Bentlage,2024-05-24,80.7,293
2010BENT01,Jan Bentlage,2024-06-01,78.16,294
2010BENT01,Jan Bentlage,2024-07-25,80.88,295
2010BENT01,Jan Bentlage,2024-09-21,80.02,296
2010BENT01,Jan Bentlage,2024-09-21,78.51,297
2010BENT01,Jan Bentlage,2024-10-04,83.35,298
2010BENT01,Jan Bentlage,2025-05-17,85.21,299
2010BENT01,Jan Bentlage,2025-05-23,81.44,300
2010BENT01,Jan Bentlage,2025-05-23,81.68,301
2010BENT01,Jan Bentlage,2025-08-23,81.38,302
2010BENT01,Jan Bentlage,2025-08-23,78.1,303
2010BENT01,Jan Bentlage,2025-09-26,86.37,304
2010BENT01,Jan Bentlage,2025-11-15,83.66,305
2010BENT01,Jan Bentlage,2026-05-01,77.39,306
2010RONK01,Niko Ronkainen,2010-09-18,193.6,1
2010RONK01,Niko Ronkainen,2011-01-22,158.53,2
2010RONK01,Niko Ronkainen,2011-04-02,164.95,3
2010RONK01,Niko Ronkainen,2011-05-21,155.11,4
2010RONK01,Niko Ronkainen,2011-09-17,147.52,5
2010RONK01,Niko Ronkainen,2011-10-08,153.83,6
2010RONK01,Niko Ronkainen,2011-12-10,137.31,7
2010RONK01,Niko Ronkainen,2011-12-10,141.68,8
2010RONK01,Niko Ronkainen,2012-06-08,127.79,9
2010RONK01,Niko Ronkainen,2012-06-16,128.71,10
2010RONK01,Niko Ronkainen,2012-10-27,124.42,11
2010RONK01,Niko Ronkainen,2012-10-27,118.05,12
2010RONK01,Niko Ronkainen,2012-12-08,116.63,13
2010RONK01,Niko Ronkainen,2012-12-08,126.17,14
2010RONK01,Niko Ronkainen,2013-03-23,115.39,15
2010RONK01,Niko Ronkainen,2013-05-17,108.12,16
2010RONK01,Niko Ronkainen,2013-09-07,106.77,17
2010RONK01,Niko Ronkainen,2013-10-12,107.16,18
2010RONK01,Niko Ronkainen,2013-11-02,113.53,19
2010RONK01,Niko Ronkainen,2014-02-22,108.94,20
2010RONK01,Niko Ronkainen,2014-05-17,121.01,21
2010RONK01,Niko Ronkainen,2014-05-17,107.77,22
2010RONK01,Niko Ronkainen,2014-08-08,116.3,23
2010RONK01,Niko Ronkainen,2014-10-18,101.73,24
2010RONK01,Niko Ronkainen,2014-10-18,100.41,25
2010RONK01,Niko Ronkainen,2014-12-13,98.84,26
2010RONK01,Niko Ronkainen,2014-12-13,101.07,27
2010RONK01,Niko Ronkainen,2015-06-13,93.83,28
2010RONK01,Niko Ronkainen,2015-06-13,96.84,29
2010RONK01,Niko Ronkainen,2015-07-17,106.65,30
2010RONK01,Niko Ronkainen,2015-07-17,96.12,31
2010RONK01,Niko Ronkainen,2015-09-05,97.37,32
2010RONK01,Niko Ronkainen,2015-10-23,102.78,33
2010RONK01,Niko Ronkainen,2015-10-23,102.53,34
2010RONK01,Niko Ronkainen,2015-11-28,100.47,35
2010RONK01,Niko Ronkainen,2015-11-28,105.86,36
2010RONK01,Niko Ronkainen,2016-03-05,92.51,37
2010RONK01,Niko Ronkainen,2016-04-16,92.28,38
2010RONK01,Niko Ronkainen,2016-06-18,91.28,39
2010RONK01,Niko Ronkainen,2016-07-15,90.2,40
2010RONK01,Niko Ronkainen,2016-11-25,91.52,41
2010RONK01,Niko Ronkainen,2016-11-25,90.81,42
2010RONK01,Niko Ronkainen,2016-11-25,93.13,43
2010RONK01,Niko Ronkainen,2017-02-25,90.25,44
2010RONK01,Niko Ronkainen,2017-02-25,92.91,45
2010RONK01,Niko Ronkainen,2017-04-15,94.02,46
2010RONK01,Niko Ronkainen,2017-04-22,96.93,47
2010RONK01,Niko Ronkainen,2017-06-09,89.09,48
2010RONK01,Niko Ronkainen,2017-07-13,93.52,49
2010RONK01,Niko Ronkainen,2017-09-16,83.79,50
2010RONK01,Niko Ronkainen,2017-10-21,84.45,51
2010RONK01,Niko Ronkainen,2017-11-17,84.91,52
2010RONK01,Niko Ronkainen,2017-11-17,84.18,53
2010RONK01,Niko Ronkainen,2017-11-17,83.98,54
2010RONK01,Niko Ronkainen,2018-01-27,87.5,55
2010RONK01,Niko Ronkainen,2018-03-23,83.14,56
2010RONK01,Niko Ronkainen,2018-03-23,80.46,57
2010RONK01,Niko Ronkainen,2018-03-23,84.4,58
2010RONK01,Niko Ronkainen,2018-04-06,78.32,59
2010RONK01,Niko Ronkainen,2018-04-14,86.45,60
2010RONK01,Niko Ronkainen,2018-04-14,84.88,61
2010RONK01,Niko Ronkainen,2018-05-11,84.92,62
2010RONK01,Niko Ronkainen,2018-05-11,84.83,63
2010RONK01,Niko Ronkainen,2018-05-11,83.4,64
2010RONK01,Niko Ronkainen,2018-06-08,87.09,65
2010RONK01,Niko Ronkainen,2018-06-08,86.99,66
2010RONK01,Niko Ronkainen,2018-06-30,83.21,67
2010RONK01,Niko Ronkainen,2018-06-30,89.99,68
2010RONK01,Niko Ronkainen,2018-07-19,83.67,69
2010RONK01,Niko Ronkainen,2018-07-19,82.67,70
2010RONK01,Niko Ronkainen,2018-08-24,85.99,71
2010RONK01,Niko Ronkainen,2018-08-24,87.18,72
2010RONK01,Niko Ronkainen,2018-08-24,84.11,73
2010RONK01,Niko Ronkainen,2018-09-22,87.23,74
2010RONK01,Niko Ronkainen,2018-09-22,83.58,75
2010RONK01,Niko Ronkainen,2018-10-20,81.62,76
2010RONK01,Niko Ronkainen,2018-10-20,87.96,77
2010RONK01,Niko Ronkainen,2018-11-02,87.21,78
2010RONK01,Niko Ronkainen,2018-11-16,95.68,79
2010RONK01,Niko Ronkainen,2018-11-16,86.05,80
2010RONK01,Niko Ronkainen,2018-11-16,84.22,81
2010RONK01,Niko Ronkainen,2018-12-15,84.22,82
2010RONK01,Niko Ronkainen,2018-12-15,75.86,83
2010RONK01,Niko Ronkainen,2018-12-15,81.67,84
2010RONK01,Niko Ronkainen,2019-01-04,80.62,85
2010RONK01,Niko Ronkainen,2019-01-04,85.92,86
2010RONK01,Niko Ronkainen,2019-02-09,85.28,87
2010RONK01,Niko Ronkainen,2019-02-09,85.88,88
2010RONK01,Niko Ronkainen,2019-03-01,86.67,89
2010RONK01,Niko Ronkainen,2019-03-01,87.82,90
2010RONK01,Niko Ronkainen,2019-03-15,79.64,91
2010RONK01,Niko Ronkainen,2019-04-12,75.77,92
2010RONK01,Niko Ronkainen,2019-04-12,86.43,93
2010RONK01,Niko Ronkainen,2019-04-27,86.59,94
2010RONK01,Niko Ronkainen,2019-04-27,84.88,95
2010RONK01,Niko Ronkainen,2019-05-11,83.64,96
2010RONK01,Niko Ronkainen,2019-05-11,88.56,97
2010RONK01,Niko Ronkainen,2019-05-24,82.38,98
2010RONK01,Niko Ronkainen,2019-05-24,84.38,99
2010RONK01,Niko Ronkainen,2019-06-07,85.88,100
2010RONK01,Niko Ronkainen,2019-06-07,85.67,101
2010RONK01,Niko Ronkainen,2019-06-29,89.49,102
2010RONK01,Niko Ronkainen,2019-06-29,88.6,103
2010RONK01,Niko Ronkainen,2019-07-11,79.72,104
2010RONK01,Niko Ronkainen,2019-08-17,79.21,105
2010RONK01,Niko Ronkainen,2019-08-17,77.12,106
2010RONK01,Niko Ronkainen,2019-09-20,78.61,107
2010RONK01,Niko Ronkainen,2019-10-04,83.14,108
2010RONK01,Niko Ronkainen,2019-10-04,75.78,109
2010RONK01,Niko Ronkainen,2019-10-04,74.03,110
2010RONK01,Niko Ronkainen,2019-11-01,77.06,111
2010RONK01,Niko Ronkainen,2019-11-01,81.73,112
2010RONK01,Niko Ronkainen,2019-11-22,82.09,113
2010RONK01,Niko Ronkainen,2019-11-22,78.77,114
2010RONK01,Niko Ronkainen,2019-11-22,81.02,115
2010RONK01,Niko Ronkainen,2019-12-14,82.5,116
2010RONK01,Niko Ronkainen,2019-12-14,82.8,117
2010RONK01,Niko Ronkainen,2020-01-11,79.6,118
2010RONK01,Niko Ronkainen,2020-02-15,81.94,119
2010RONK01,Niko Ronkainen,2020-02-22,83.21,120
2010RONK01,Niko Ronkainen,2020-08-22,79.74,121
2010RONK01,Niko Ronkainen,2020-08-30,83.5,122
2010RONK01,Niko Ronkainen,2021-10-01,82.54,123
2010RONK01,Niko Ronkainen,2021-10-30,81.65,124
2010RONK01,Niko Ronkainen,2022-02-12,89.74,125
2010RONK01,Niko Ronkainen,2022-03-11,85.2,126
2010RONK01,Niko Ronkainen,2022-04-15,92.25,127
2010RONK01,Niko Ronkainen,2022-04-23,84.0,128
2010RONK01,Niko Ronkainen,2022-05-07,86.23,129
2010RONK01,Niko Ronkainen,2022-06-03,77.4,130
2010RONK01,Niko Ronkainen,2022-06-03,78.77,131
2010RONK01,Niko Ronkainen,2022-06-03,86.21,132
2010RONK01,Niko Ronkainen,2022-06-10,84.32,133
2010RONK01,Niko Ronkainen,2022-06-10,82.16,134
2010RONK01,Niko Ronkainen,2022-07-02,85.06,135
2010RONK01,Niko Ronkainen,2022-07-09,82.71,136
2010RONK01,Niko Ronkainen,2022-07-09,84.82,137
2010RONK01,Niko Ronkainen,2022-07-14,83.06,138
2010RONK01,Niko Ronkainen,2022-08-19,78.57,139
2010RONK01,Niko Ronkainen,2022-08-27,76.75,140
2010RONK01,Niko Ronkainen,2022-08-27,80.75,141
2010RONK01,Niko Ronkainen,2022-09-10,80.19,142
2010RONK01,Niko Ronkainen,2022-09-24,75.08,143
2010RONK01,Niko Ronkainen,2022-09-24,80.64,144
2010RONK01,Niko Ronkainen,2022-10-22,84.46,145
2010RONK01,Niko Ronkainen,2022-10-22,87.48,146
2010RONK01,Niko Ronkainen,2022-10-28,83.33,147
2010RONK01,Niko Ronkainen,2022-10-28,84.3,148
2010RONK01,Niko Ronkainen,2022-11-04,87.36,149
2010RONK01,Niko Ronkainen,2022-11-04,76.85,150
2010RONK01,Niko Ronkainen,2022-11-12,75.29,151
2010RONK01,Niko Ronkainen,2022-11-12,74.73,152
2010RONK01,Niko Ronkainen,2022-11-25,73.75,153
2010RONK01,Niko Ronkainen,2022-11-25,74.72,154
2010RONK01,Niko Ronkainen,2022-12-10,73.65,155
2010RONK01,Niko Ronkainen,2022-12-10,79.09,156
2010RONK01,Niko Ronkainen,2022-12-16,78.49,157
2010RONK01,Niko Ronkainen,2023-01-14,79.87,158
2010RONK01,Niko Ronkainen,2023-01-14,85.25,159
2010RONK01,Niko Ronkainen,2023-01-28,77.1,160
2010RONK01,Niko Ronkainen,2023-01-28,79.68,161
2010RONK01,Niko Ronkainen,2023-02-04,78.59,162
2010RONK01,Niko Ronkainen,2023-02-04,78.17,163
2010RONK01,Niko Ronkainen,2023-02-11,78.36,164
2010RONK01,Niko Ronkainen,2023-02-11,80.66,165
2010RONK01,Niko Ronkainen,2023-03-03,74.28,166
2010RONK01,Niko Ronkainen,2023-03-03,77.37,167
2010RONK01,Niko Ronkainen,2023-03-03,75.81,168
2010RONK01,Niko Ronkainen,2023-03-10,80.43,169
2010RONK01,Niko Ronkainen,2023-03-11,81.14,170
2010RONK01,Niko Ronkainen,2023-03-18,78.64,171
2010RONK01,Niko Ronkainen,2023-03-18,79.06,172
2010RONK01,Niko Ronkainen,2023-04-15,79.17,173
2010RONK01,Niko Ronkainen,2023-04-23,74.19,174
2010RONK01,Niko Ronkainen,2023-04-23,73.72,175
2010RONK01,Niko Ronkainen,2023-04-23,82.63,176
2010RONK01,Niko Ronkainen,2023-05-06,75.47,177
2010RONK01,Niko Ronkainen,2023-05-07,80.66,178
2010RONK01,Niko Ronkainen,2023-05-28,79.88,179
2010RONK01,Niko Ronkainen,2023-06-03,79.17,180
2010RONK01,Niko Ronkainen,2023-06-09,77.01,181
2010RONK01,Niko Ronkainen,2023-06-09,76.34,182
2010RONK01,Niko Ronkainen,2023-06-09,76.36,183
2010RONK01,Niko Ronkainen,2023-06-17,85.81,184
2010RONK01,Niko Ronkainen,2023-06-17,76.72,185
2010RONK01,Niko Ronkainen,2023-06-24,80.27,186
2010RONK01,Niko Ronkainen,2023-06-24,73.57,187
2010RONK01,Niko Ronkainen,2023-07-02,77.61,188
2010RONK01,Niko Ronkainen,2023-07-02,77.32,189
2010RONK01,Niko Ronkainen,2023-07-22,74.16,190
2010RONK01,Niko Ronkainen,2023-07-22,79.58,191
2010RONK01,Niko Ronkainen,2023-07-29,79.83,192
2010RONK01,Niko Ronkainen,2023-08-05,75.84,193
2010RONK01,Niko Ronkainen,2023-08-05,77.45,194
2010RONK01,Niko Ronkainen,2023-08-12,81.48,195
2010RONK01,Niko Ronkainen,2023-08-27,79.34,196
2010RONK01,Niko Ronkainen,2023-08-27,74.98,197
2010RONK01,Niko Ronkainen,2023-08-27,79.44,198
2010RONK01,Niko Ronkainen,2023-09-02,73.81,199
2010RONK01,Niko Ronkainen,2023-09-02,79.67,200
2010RONK01,Niko Ronkainen,2023-09-02,72.86,201
2010RONK01,Niko Ronkainen,2023-09-09,76.7,202
2010RONK01,Niko Ronkainen,2023-09-09,75.98,203
2010RONK01,Niko Ronkainen,2023-09-23,85.11,204
2010RONK01,Niko Ronkainen,2023-10-06,74.73,205
2010RONK01,Niko Ronkainen,2023-10-14,80.71,206
2010RONK01,Niko Ronkainen,2023-10-14,73.08,207
2010RONK01,Niko Ronkainen,2023-10-14,72.13,208
2010RONK01,Niko Ronkainen,2023-10-20,72.59,209
2010RONK01,Niko Ronkainen,2023-10-20,75.88,210
2010RONK01,Niko Ronkainen,2023-10-27,77.9,211
2010RONK01,Niko Ronkainen,2023-11-04,84.73,212
2010RONK01,Niko Ronkainen,2023-11-04,75.88,213
2010RONK01,Niko Ronkainen,2023-11-04,70.5,214
2010RONK01,Niko Ronkainen,2023-11-10,75.24,215
2010RONK01,Niko Ronkainen,2023-11-10,74.77,216
2010RONK01,Niko Ronkainen,2023-11-10,78.71,217
2010RONK01,Niko Ronkainen,2023-11-25,76.18,218
2010RONK01,Niko Ronkainen,2023-11-25,83.12,219
2010RONK01,Niko Ronkainen,2023-11-25,75.99,220
2010RONK01,Niko Ronkainen,2023-11-25,72.03,221
2010RONK01,Niko Ronkainen,2024-01-06,77.5,222
2010RONK01,Niko Ronkainen,2024-01-06,76.63,223
2010RONK01,Niko Ronkainen,2024-01-06,78.05,224
2010RONK01,Niko Ronkainen,2024-01-20,79.29,225
2010RONK01,Niko Ronkainen,2024-01-20,76.13,226
2010RONK01,Niko Ronkainen,2024-01-20,78.76,227
2010RONK01,Niko Ronkainen,2024-02-03,78.83,228
2010RONK01,Niko Ronkainen,2024-02-16,80.28,229
2010RONK01,Niko Ronkainen,2024-02-16,75.36,230
2010RONK01,Niko Ronkainen,2024-02-16,72.7,231
2010RONK01,Niko Ronkainen,2024-03-03,77.05,232
2010RONK01,Niko Ronkainen,2024-03-03,71.76,233
2010RONK01,Niko Ronkainen,2024-03-03,73.56,234
2010RONK01,Niko Ronkainen,2024-03-16,77.62,235
2010RONK01,Niko Ronkainen,2024-03-16,71.68,236
2010RONK01,Niko Ronkainen,2024-03-23,74.94,237
2010RONK01,Niko Ronkainen,2024-03-23,78.78,238
2010RONK01,Niko Ronkainen,2024-03-23,81.99,239
2010RONK01,Niko Ronkainen,2024-03-30,77.87,240
2010RONK01,Niko Ronkainen,2024-03-30,68.69,241
2010RONK01,Niko Ronkainen,2024-04-06,75.96,242
2010RONK01,Niko Ronkainen,2024-04-06,76.3,243
2010RONK01,Niko Ronkainen,2024-04-20,77.37,244
2010RONK01,Niko Ronkainen,2024-04-20,77.86,245
2010RONK01,Niko Ronkainen,2024-04-20,74.02,246
2010RONK01,Niko Ronkainen,2024-04-27,74.85,247
2010RONK01,Niko Ronkainen,2024-04-27,81.63,248
2010RONK01,Niko Ronkainen,2024-05-04,73.31,249
2010RONK01,Niko Ronkainen,2024-05-04,81.04,250
2010RONK01,Niko Ronkainen,2024-05-18,71.41,251
2010RONK01,Niko Ronkainen,2024-06-01,77.89,252
2010RONK01,Niko Ronkainen,2024-06-01,74.43,253
2010RONK01,Niko Ronkainen,2024-06-01,73.41,254
2010RONK01,Niko Ronkainen,2024-06-07,75.73,255
2010RONK01,Niko Ronkainen,2024-06-07,78.99,256
2010RONK01,Niko Ronkainen,2024-06-20,75.67,257
2010RONK01,Niko Ronkainen,2024-06-20,69.78,258
2010RONK01,Niko Ronkainen,2024-06-29,73.17,259
2010RONK01,Niko Ronkainen,2024-06-29,75.63,260
2010RONK01,Niko Ronkainen,2024-06-29,77.78,261
2010RONK01,Niko Ronkainen,2024-07-06,73.72,262
2010RONK01,Niko Ronkainen,2024-07-06,78.47,263
2010RONK01,Niko Ronkainen,2024-07-20,73.78,264
2010RONK01,Niko Ronkainen,2024-07-20,73.7,265
2010RONK01,Niko Ronkainen,2024-07-20,71.29,266
2010RONK01,Niko Ronkainen,2024-07-25,75.81,267
2010RONK01,Niko Ronkainen,2024-08-03,74.28,268
2010RONK01,Niko Ronkainen,2024-08-03,73.7,269
2010RONK01,Niko Ronkainen,2024-08-10,74.82,270
2010RONK01,Niko Ronkainen,2024-08-10,72.65,271
2010RONK01,Niko Ronkainen,2024-08-10,69.63,272
2010RONK01,Niko Ronkainen,2024-08-24,72.4,273
2010RONK01,Niko Ronkainen,2024-08-24,73.34,274
2010RONK01,Niko Ronkainen,2024-08-30,72.82,275
2010RONK01,Niko Ronkainen,2024-08-30,72.17,276
2010RONK01,Niko Ronkainen,2024-09-07,72.37,277
2010RONK01,Niko Ronkainen,2024-09-13,76.53,278
2010RONK01,Niko Ronkainen,2024-09-13,75.82,279
2010RONK01,Niko Ronkainen,2024-09-13,76.46,280
2010RONK01,Niko Ronkainen,2024-09-21,75.91,281
2010RONK01,Niko Ronkainen,2024-09-21,74.08,282
2010RONK01,Niko Ronkainen,2024-09-21,71.17,283
2010RONK01,Niko Ronkainen,2024-10-04,77.32,284
2010RONK01,Niko Ronkainen,2024-10-04,71.56,285
2010RONK01,Niko Ronkainen,2024-10-17,73.21,286
2010RONK01,Niko Ronkainen,2024-10-17,75.8,287
2010RONK01,Niko Ronkainen,2024-10-17,77.52,288
2010RONK01,Niko Ronkainen,2024-11-01,75.55,289
2010RONK01,Niko Ronkainen,2024-11-09,77.04,290
2010RONK01,Niko Ronkainen,2024-12-07,78.09,291
2010RONK01,Niko Ronkainen,2024-12-07,74.31,292
2010RONK01,Niko Ronkainen,2024-12-07,78.82,293
2010RONK01,Niko Ronkainen,2025-02-02,74.81,294
2010RONK01,Niko Ronkainen,2025-02-02,77.18,295
2010RONK01,Niko Ronkainen,2025-02-02,77.83,296
2010RONK01,Niko Ronkainen,2025-02-08,73.36,297
2010RONK01,Niko Ronkainen,2025-02-08,75.2,298
2010RONK01,Niko Ronkainen,2025-02-08,72.69,299
2010RONK01,Niko Ronkainen,2025-02-22,78.69,300
2010RONK01,Niko Ronkainen,2025-02-22,80.18,301
2010RONK01,Niko Ronkainen,2025-03-08,77.11,302
2010RONK01,Niko Ronkainen,2025-03-08,71.71,303
2010RONK01,Niko Ronkainen,2025-03-08,71.75,304
2010RONK01,Niko Ronkainen,2025-03-15,72.51,305
2010RONK01,Niko Ronkainen,2025-03-15,73.32,306
2010RONK01,Niko Ronkainen,2025-03-22,72.8,307
2010RONK01,Niko Ronkainen,2025-03-22,73.66,308
2010RONK01,Niko Ronkainen,2025-03-29,76.99,309
2010RONK01,Niko Ronkainen,2025-03-29,71.64,310
2010RONK01,Niko Ronkainen,2025-04-04,73.45,311
2010RONK01,Niko Ronkainen,2025-04-04,74.1,312
2010RONK01,Niko Ronkainen,2025-04-04,79.19,313
2010RONK01,Niko Ronkainen,2025-04-26,75.61,314
2010RONK01,Niko Ronkainen,2025-04-27,75.04,315
2010RONK01,Niko Ronkainen,2025-04-27,75.63,316
2010RONK01,Niko Ronkainen,2025-05-03,80.5,317
2010RONK01,Niko Ronkainen,2025-05-10,71.0,318
2010RONK01,Niko Ronkainen,2025-05-10,71.88,319
2010RONK01,Niko Ronkainen,2025-05-10,74.45,320
2010RONK01,Niko Ronkainen,2025-05-23,72.43,321
2010RONK01,Niko Ronkainen,2025-05-30,72.44,322
2010RONK01,Niko Ronkainen,2025-05-30,74.65,323
2010RONK01,Niko Ronkainen,2025-06-06,69.22,324
2010RONK01,Niko Ronkainen,2025-06-06,74.99,325
2010RONK01,Niko Ronkainen,2025-06-06,72.34,326
2010RONK01,Niko Ronkainen,2025-06-14,73.32,327
2010RONK01,Niko Ronkainen,2025-06-26,78.91,328
2010RONK01,Niko Ronkainen,2025-06-28,71.99,329
2010RONK01,Niko Ronkainen,2025-06-28,69.27,330
2010RONK01,Niko Ronkainen,2025-07-09,71.31,331
2010RONK01,Niko Ronkainen,2025-07-16,76.52,332
2010RONK01,Niko Ronkainen,2025-07-26,71.63,333
2010RONK01,Niko Ronkainen,2025-09-06,77.51,334
2010RONK01,Niko Ronkainen,2025-09-06,75.76,335
2010RONK01,Niko Ronkainen,2025-09-13,77.11,336
2010RONK01,Niko Ronkainen,2025-09-13,78.1,337
2010RONK01,Niko Ronkainen,2025-09-20,78.03,338
2010RONK01,Niko Ronkainen,2025-09-20,72.38,339
2010RONK01,Niko Ronkainen,2025-10-10,70.62,340
2010RONK01,Niko Ronkainen,2025-10-11,78.77,341
2010RONK01,Niko Ronkainen,2025-10-11,71.22,342
2010RONK01,Niko Ronkainen,2025-10-17,70.7,343
2010RONK01,Niko Ronkainen,2025-10-17,68.86,344
2010RONK01,Niko Ronkainen,2025-10-25,72.12,345
2010RONK01,Niko Ronkainen,2025-10-25,73.42,346
2010RONK01,Niko Ronkainen,2025-10-31,74.66,347
2010RONK01,Niko Ronkainen,2025-11-08,75.35,348
2010RONK01,Niko Ronkainen,2025-11-15,75.82,349
2010RONK01,Niko Ronkainen,2025-11-15,68.77,350
2010RONK01,Niko Ronkainen,2025-11-29,77.69,351
2010RONK01,Niko Ronkainen,2025-11-29,75.46,352
2010RONK01,Niko Ronkainen,2025-12-20,68.73,353
2010RONK01,Niko Ronkainen,2025-12-20,73.01,354
2010RONK01,Niko Ronkainen,2025-12-26,73.45,355
2010RONK01,Niko Ronkainen,2025-12-26,69.34,356
2010RONK01,Niko Ronkainen,2025-12-26,75.64,357
2010RONK01,Niko Ronkainen,2026-01-03,74.11,358
2010RONK01,Niko Ronkainen,2026-01-03,75.06,359
2010RONK01,Niko Ronkainen,2026-01-24,70.29,360
2010RONK01,Niko Ronkainen,2026-01-24,73.53,361
2010RONK01,Niko Ronkainen,2026-02-01,71.37,362
2010RONK01,Niko Ronkainen,2026-02-01,70.81,363
2010RONK01,Niko Ronkainen,2026-02-07,67.53,364
2010RONK01,Niko Ronkainen,2026-02-07,67.03,365
2010RONK01,Niko Ronkainen,2026-02-28,69.37,366
2010RONK01,Niko Ronkainen,2026-02-28,73.24,367
2010RONK01,Niko Ronkainen,2026-03-07,69.16,368
2010RONK01,Niko Ronkainen,2026-03-07,74.06,369
2010RONK01,Niko Ronkainen,2026-03-14,66.7,370
2010RONK01,Niko Ronkainen,2026-03-21,73.54,371
2010RONK01,Niko Ronkainen,2026-03-21,70.04,372
2010RONK01,Niko Ronkainen,2026-03-21,73.88,373
2010RONK01,Niko Ronkainen,2026-03-28,71.4,374
2010RONK01,Niko Ronkainen,2026-03-28,69.88,375
2010RONK01,Niko Ronkainen,2026-03-28,70.9,376
2010RONK01,Niko Ronkainen,2026-04-03,71.45,377
2010RONK01,Niko Ronkainen,2026-04-03,70.29,378
2010RONK01,Niko Ronkainen,2026-04-03,74.03,379
2010RONK01,Niko Ronkainen,2026-04-11,70.98,380
2010RONK01,Niko Ronkainen,2026-04-11,74.94,381
2010RONK01,Niko Ronkainen,2026-04-18,70.99,382
2010RONK01,Niko Ronkainen,2026-04-25,71.69,383
2010RONK01,Niko Ronkainen,2026-04-25,72.74,384
2010RONK01,Niko Ronkainen,2026-04-25,69.78,385
2010RONK01,Niko Ronkainen,2026-05-01,68.73,386
2010RONK01,Niko Ronkainen,2026-05-08,73.42,387
2010RONK01,Niko Ronkainen,2026-05-08,73.24,388
2010RONK01,Niko Ronkainen,2026-05-08,75.1,389
2010RONK01,Niko Ronkainen,2026-05-15,69.94,390
2010RONK01,Niko Ronkainen,2026-05-15,70.23,391
2010SCHM01,Leon Schmidtchen,2011-04-09,136.37,1
2010SCHM01,Leon Schmidtchen,2011-08-13,131.57,2
2010SCHM01,Leon Schmidtchen,2011-08-13,127.04,3
2010SCHM01,Leon Schmidtchen,2011-11-26,110.91,4
2010SCHM01,Leon Schmidtchen,2011-11-26,109.68,5
2010SCHM01,Leon Schmidtchen,2011-12-10,103.23,6
2010SCHM01,Leon Schmidtchen,2011-12-10,100.94,7
2010SCHM01,Leon Schmidtchen,2012-02-04,109.42,8
2010SCHM01,Leon Schmidtchen,2012-02-04,97.14,9
2010SCHM01,Leon Schmidtchen,2012-02-25,107.0,10
2010SCHM01,Leon Schmidtchen,2012-02-25,100.78,11
2010SCHM01,Leon Schmidtchen,2012-04-28,99.07,12
2010SCHM01,Leon Schmidtchen,2012-04-28,97.99,13
2010SCHM01,Leon Schmidtchen,2012-06-23,103.59,14
2010SCHM01,Leon Schmidtchen,2012-06-23,105.81,15
2010SCHM01,Leon Schmidtchen,2012-07-07,96.26,16
2010SCHM01,Leon Schmidtchen,2012-07-07,98.07,17
2010SCHM01,Leon Schmidtchen,2012-10-06,105.26,18
2010SCHM01,Leon Schmidtchen,2012-10-06,100.46,19
2010SCHM01,Leon Schmidtchen,2012-10-12,105.04,20
2010SCHM01,Leon Schmidtchen,2012-10-12,102.96,21
2010SCHM01,Leon Schmidtchen,2012-11-03,113.27,22
2010SCHM01,Leon Schmidtchen,2012-11-03,103.55,23
2010SCHM01,Leon Schmidtchen,2013-02-02,107.9,24
2010SCHM01,Leon Schmidtchen,2013-02-02,102.23,25
2010SCHM01,Leon Schmidtchen,2013-04-20,95.13,26
2010SCHM01,Leon Schmidtchen,2013-04-20,100.36,27
2010SCHM01,Leon Schmidtchen,2013-06-01,102.55,28
2010SCHM01,Leon Schmidtchen,2013-06-01,101.31,29
2010SCHM01,Leon Schmidtchen,2013-06-22,110.32,30
2010SCHM01,Leon Schmidtchen,2013-06-22,108.94,31
2010SCHM01,Leon Schmidtchen,2013-11-09,103.95,32
2010SCHM01,Leon Schmidtchen,2013-11-23,102.45,33
2010SCHM01,Leon Schmidtchen,2013-11-23,90.37,34
2010SCHM01,Leon Schmidtchen,2013-11-30,93.86,35
2010SCHM01,Leon Schmidtchen,2013-11-30,107.02,36
2010SCHM01,Leon Schmidtchen,2013-11-30,93.2,37
2010SCHM01,Leon Schmidtchen,2014-01-03,95.25,38
2010SCHM01,Leon Schmidtchen,2014-01-03,98.4,39
2010SCHM01,Leon Schmidtchen,2014-01-03,97.41,40
2010SCHM01,Leon Schmidtchen,2014-01-18,92.75,41
2010SCHM01,Leon Schmidtchen,2014-01-18,105.34,42
2010SCHM01,Leon Schmidtchen,2014-03-15,108.67,43
2010SCHM01,Leon Schmidtchen,2014-03-15,97.12,44
2010SCHM01,Leon Schmidtchen,2014-04-05,97.66,45
2010SCHM01,Leon Schmidtchen,2014-04-05,97.23,46
2010SCHM01,Leon Schmidtchen,2014-05-24,96.34,47
2010SCHM01,Leon Schmidtchen,2014-05-24,98.22,48
2010SCHM01,Leon Schmidtchen,2014-06-07,90.6,49
2010SCHM01,Leon Schmidtchen,2014-06-07,98.59,50
2010SCHM01,Leon Schmidtchen,2014-06-07,96.78,51
2010SCHM01,Leon Schmidtchen,2014-06-28,97.05,52
2010SCHM01,Leon Schmidtchen,2014-06-28,104.63,53
2010SCHM01,Leon Schmidtchen,2014-06-28,101.19,54
2010SCHM01,Leon Schmidtchen,2014-08-08,97.76,55
2010SCHM01,Leon Schmidtchen,2014-08-08,101.98,56
2010SCHM01,Leon Schmidtchen,2014-09-06,99.58,57
2010SCHM01,Leon Schmidtchen,2014-10-11,92.32,58
2010SCHM01,Leon Schmidtchen,2014-10-11,94.88,59
2010SCHM01,Leon Schmidtchen,2014-11-08,102.32,60
2010SCHM01,Leon Schmidtchen,2014-11-29,101.28,61
2010SCHM01,Leon Schmidtchen,2014-11-29,96.49,62
2010SCHM01,Leon Schmidtchen,2014-11-29,104.52,63
2010SCHM01,Leon Schmidtchen,2015-01-17,101.3,64
2010SCHM01,Leon Schmidtchen,2015-02-21,97.9,65
2010SCHM01,Leon Schmidtchen,2015-03-29,107.67,66
2010SCHM01,Leon Schmidtchen,2015-04-18,108.1,67
2010SCHM01,Leon Schmidtchen,2015-05-16,96.23,68
2010SCHM01,Leon Schmidtchen,2015-05-16,108.56,69
2010SCHM01,Leon Schmidtchen,2015-07-04,102.91,70
2010SCHM01,Leon Schmidtchen,2015-07-04,99.59,71
2010SCHM01,Leon Schmidtchen,2015-07-04,96.34,72
2010SCHM01,Leon Schmidtchen,2015-09-05,103.26,73
2010SCHM01,Leon Schmidtchen,2015-10-31,107.58,74
2010SCHM01,Leon Schmidtchen,2015-11-14,97.7,75
2010SCHM01,Leon Schmidtchen,2015-11-14,101.01,76
2010SCHM01,Leon Schmidtchen,2016-01-30,96.01,77
2010SCHM01,Leon Schmidtchen,2016-04-02,100.08,78
2010SCHM01,Leon Schmidtchen,2016-04-09,90.38,79
2010SCHM01,Leon Schmidtchen,2016-04-09,94.21,80
2010SCHM01,Leon Schmidtchen,2016-05-21,94.1,81
2010SCHM01,Leon Schmidtchen,2016-05-21,95.91,82
2010SCHM01,Leon Schmidtchen,2016-05-28,93.91,83
2010SCHM01,Leon Schmidtchen,2016-05-28,86.07,84
2010SCHM01,Leon Schmidtchen,2016-05-28,90.96,85
2010SCHM01,Leon Schmidtchen,2016-06-19,95.5,86
2010SCHM01,Leon Schmidtchen,2016-10-07,90.82,87
2010SCHM01,Leon Schmidtchen,2016-11-05,97.46,88
2010SCHM01,Leon Schmidtchen,2017-03-25,97.57,89
2010SCHM01,Leon Schmidtchen,2017-03-25,90.17,90
2010SCHM01,Leon Schmidtchen,2017-04-29,94.38,91
2010SCHM01,Leon Schmidtchen,2017-05-27,91.74,92
2010SCHM01,Leon Schmidtchen,2017-05-27,85.8,93
2010SCHM01,Leon Schmidtchen,2017-07-13,85.31,94
2010SCHM01,Leon Schmidtchen,2017-07-21,87.98,95
2010SCHM01,Leon Schmidtchen,2017-09-01,85.72,96
2010SCHM01,Leon Schmidtchen,2017-09-01,87.86,97
2010SCHM01,Leon Schmidtchen,2017-09-16,75.08,98
2010SCHM01,Leon Schmidtchen,2017-09-16,74.71,99
2010SCHM01,Leon Schmidtchen,2017-10-14,79.11,100
2010SCHM01,Leon Schmidtchen,2017-10-14,80.47,101
2010SCHM01,Leon Schmidtchen,2017-11-04,74.22,102
2010SCHM01,Leon Schmidtchen,2017-11-04,77.92,103
2010SCHM01,Leon Schmidtchen,2017-12-16,75.33,104
2010SCHM01,Leon Schmidtchen,2018-01-13,73.41,105
2010SCHM01,Leon Schmidtchen,2018-01-13,71.04,106
2010SCHM01,Leon Schmidtchen,2018-02-10,70.77,107
2010SCHM01,Leon Schmidtchen,2018-02-10,70.17,108
2010SCHM01,Leon Schmidtchen,2018-04-21,68.5,109
2010SCHM01,Leon Schmidtchen,2018-04-28,77.2,110
2010SCHM01,Leon Schmidtchen,2018-04-28,72.49,111
2010SCHM01,Leon Schmidtchen,2018-05-12,68.84,112
2010SCHM01,Leon Schmidtchen,2018-05-12,69.4,113
2010SCHM01,Leon Schmidtchen,2018-06-02,70.07,114
2010SCHM01,Leon Schmidtchen,2018-06-02,74.17,115
2010SCHM01,Leon Schmidtchen,2018-07-19,65.99,116
2010SCHM01,Leon Schmidtchen,2018-07-19,68.87,117
2010SCHM01,Leon Schmidtchen,2018-08-04,70.47,118
2010SCHM01,Leon Schmidtchen,2018-08-04,68.63,119
2010SCHM01,Leon Schmidtchen,2018-08-04,69.43,120
2010SCHM01,Leon Schmidtchen,2018-09-07,70.82,121
2010SCHM01,Leon Schmidtchen,2018-09-07,71.76,122
2010SCHM01,Leon Schmidtchen,2018-09-22,67.44,123
2010SCHM01,Leon Schmidtchen,2018-09-22,74.66,124
2010SCHM01,Leon Schmidtchen,2018-10-27,75.57,125
2010SCHM01,Leon Schmidtchen,2018-10-27,76.59,126
2010SCHM01,Leon Schmidtchen,2018-11-17,71.36,127
2010SCHM01,Leon Schmidtchen,2018-11-17,72.09,128
2010SCHM01,Leon Schmidtchen,2019-03-15,66.24,129
2010SCHM01,Leon Schmidtchen,2019-03-22,75.19,130
2010SCHM01,Leon Schmidtchen,2019-03-22,71.46,131
2010SCHM01,Leon Schmidtchen,2019-03-30,70.13,132
2010SCHM01,Leon Schmidtchen,2019-03-30,72.7,133
2010SCHM01,Leon Schmidtchen,2019-03-30,73.49,134
2010SCHM01,Leon Schmidtchen,2019-04-06,70.56,135
2010SCHM01,Leon Schmidtchen,2019-04-13,72.21,136
2010SCHM01,Leon Schmidtchen,2019-04-13,72.74,137
2010SCHM01,Leon Schmidtchen,2019-04-27,74.77,138
2010SCHM01,Leon Schmidtchen,2019-04-27,75.42,139
2010SCHM01,Leon Schmidtchen,2019-05-11,72.14,140
2010SCHM01,Leon Schmidtchen,2019-05-11,71.94,141
2010SCHM01,Leon Schmidtchen,2019-05-11,77.63,142
2010SCHM01,Leon Schmidtchen,2019-05-18,75.7,143
2010SCHM01,Leon Schmidtchen,2019-05-18,71.71,144
2010SCHM01,Leon Schmidtchen,2019-06-01,67.79,145
2010SCHM01,Leon Schmidtchen,2019-06-08,75.68,146
2010SCHM01,Leon Schmidtchen,2019-06-08,68.77,147
2010SCHM01,Leon Schmidtchen,2019-06-22,66.8,148
2010SCHM01,Leon Schmidtchen,2019-06-22,70.47,149
2010SCHM01,Leon Schmidtchen,2019-08-02,72.55,150
2010SCHM01,Leon Schmidtchen,2019-08-10,69.86,151
2010SCHM01,Leon Schmidtchen,2019-08-10,70.49,152
2010SCHM01,Leon Schmidtchen,2019-08-24,75.95,153
2010SCHM01,Leon Schmidtchen,2019-08-24,70.37,154
2010SCHM01,Leon Schmidtchen,2019-08-31,65.25,155
2010SCHM01,Leon Schmidtchen,2019-08-31,65.31,156
2010SCHM01,Leon Schmidtchen,2019-09-07,64.56,157
2010SCHM01,Leon Schmidtchen,2019-09-21,70.47,158
2010SCHM01,Leon Schmidtchen,2019-09-28,70.8,159
2010SCHM01,Leon Schmidtchen,2019-09-28,71.56,160
2010SCHM01,Leon Schmidtchen,2019-10-12,69.12,161
2010SCHM01,Leon Schmidtchen,2019-10-12,68.97,162
2010SCHM01,Leon Schmidtchen,2019-10-12,66.63,163
2010SCHM01,Leon Schmidtchen,2019-10-19,75.17,164
2010SCHM01,Leon Schmidtchen,2019-10-19,70.03,165
2010SCHM01,Leon Schmidtchen,2019-10-26,73.09,166
2010SCHM01,Leon Schmidtchen,2019-10-26,72.65,167
2010SCHM01,Leon Schmidtchen,2019-10-26,63.42,168
2010SCHM01,Leon Schmidtchen,2019-11-02,65.52,169
2010SCHM01,Leon Schmidtchen,2019-11-02,66.4,170
2010SCHM01,Leon Schmidtchen,2019-11-02,70.16,171
2010SCHM01,Leon Schmidtchen,2019-11-09,69.41,172
2010SCHM01,Leon Schmidtchen,2019-11-23,71.42,173
2010SCHM01,Leon Schmidtchen,2019-11-23,70.74,174
2010SCHM01,Leon Schmidtchen,2019-11-30,69.26,175
2010SCHM01,Leon Schmidtchen,2019-12-14,74.64,176
2010SCHM01,Leon Schmidtchen,2019-12-21,73.22,177
2010SCHM01,Leon Schmidtchen,2019-12-21,77.59,178
2010SCHM01,Leon Schmidtchen,2020-01-18,72.02,179
2010SCHM01,Leon Schmidtchen,2020-02-15,73.1,180
2010SCHM01,Leon Schmidtchen,2020-02-15,70.18,181
2010SCHM01,Leon Schmidtchen,2020-02-29,73.2,182
2010SCHM01,Leon Schmidtchen,2020-02-29,73.34,183
2010SCHM01,Leon Schmidtchen,2020-02-29,70.09,184
2010SCHM01,Leon Schmidtchen,2021-10-16,70.16,185
2010SCHM01,Leon Schmidtchen,2022-05-01,68.4,186
2010SCHM01,Leon Schmidtchen,2022-05-01,73.89,187
2010SCHM01,Leon Schmidtchen,2022-05-21,75.89,188
2010SCHM01,Leon Schmidtchen,2022-05-21,70.1,189
2010SCHM01,Leon Schmidtchen,2022-06-11,73.73,190
2010SCHM01,Leon Schmidtchen,2022-06-11,71.9,191
2010SCHM01,Leon Schmidtchen,2022-07-14,70.11,192
2010SCHM01,Leon Schmidtchen,2022-07-14,69.57,193
2010SCHM01,Leon Schmidtchen,2022-08-13,72.76,194
2010SCHM01,Leon Schmidtchen,2022-08-19,67.79,195
2010SCHM01,Leon Schmidtchen,2022-08-19,74.31,196
2010SCHM01,Leon Schmidtchen,2022-08-27,81.47,197
2010SCHM01,Leon Schmidtchen,2022-08-27,72.85,198
2010SCHM01,Leon Schmidtchen,2022-11-26,77.68,199
2010SCHM01,Leon Schmidtchen,2022-11-26,80.71,200
2010SCHM01,Leon Schmidtchen,2023-02-04,75.03,201
2010SCHM01,Leon Schmidtchen,2023-02-04,75.49,202
2010SCHM01,Leon Schmidtchen,2023-03-18,76.8,203
2010SCHM01,Leon Schmidtchen,2023-03-18,76.29,204
2010SCHM01,Leon Schmidtchen,2023-03-18,73.34,205
2010SCHM01,Leon Schmidtchen,2023-04-01,78.88,206
2010SCHM01,Leon Schmidtchen,2023-04-01,75.34,207
2010SCHM01,Leon Schmidtchen,2023-04-07,71.48,208
2010SCHM01,Leon Schmidtchen,2023-04-07,70.45,209
2010SCHM01,Leon Schmidtchen,2023-04-15,74.78,210
2010SCHM01,Leon Schmidtchen,2023-04-15,74.31,211
2010SCHM01,Leon Schmidtchen,2023-07-08,73.41,212
2010SCHM01,Leon Schmidtchen,2023-07-15,69.7,213
2010SCHM01,Leon Schmidtchen,2023-07-15,66.67,214
2010SCHM01,Leon Schmidtchen,2023-07-15,66.24,215
2010SCHM01,Leon Schmidtchen,2023-08-04,68.18,216
2010SCHM01,Leon Schmidtchen,2023-08-04,67.86,217
2010SCHM01,Leon Schmidtchen,2023-08-12,72.3,218
2010SCHM01,Leon Schmidtchen,2023-08-26,66.13,219
2010SCHM01,Leon Schmidtchen,2023-08-26,67.85,220
2010SCHM01,Leon Schmidtchen,2023-08-26,69.6,221
2010SCHM01,Leon Schmidtchen,2023-09-23,72.05,222
2010SCHM01,Leon Schmidtchen,2023-09-30,65.6,223
2010SCHM01,Leon Schmidtchen,2023-09-30,70.82,224
2010SCHM01,Leon Schmidtchen,2023-10-21,66.51,225
2010SCHM01,Leon Schmidtchen,2023-10-21,67.01,226
2010SCHM01,Leon Schmidtchen,2023-11-25,64.96,227
2010SCHM01,Leon Schmidtchen,2023-11-25,66.09,228
2010SCHM01,Leon Schmidtchen,2023-11-25,63.68,229
2010SCHM01,Leon Schmidtchen,2024-03-09,71.08,230
2010SCHM01,Leon Schmidtchen,2024-03-09,70.0,231
2010SCHM01,Leon Schmidtchen,2024-04-05,71.28,232
2010SCHM01,Leon Schmidtchen,2024-04-05,70.06,233
2010SCHM01,Leon Schmidtchen,2024-04-13,71.63,234
2010SCHM01,Leon Schmidtchen,2024-04-13,67.46,235
2010SCHM01,Leon Schmidtchen,2024-05-04,72.92,236
2010SCHM01,Leon Schmidtchen,2024-06-01,70.31,237
2010SCHM01,Leon Schmidtchen,2024-06-01,66.42,238
2010SCHM01,Leon Schmidtchen,2024-09-07,71.01,239
2010SCHM01,Leon Schmidtchen,2024-09-07,66.86,240
2010SCHM01,Leon Schmidtchen,2024-10-04,77.64,241
2010SCHM01,Leon Schmidtchen,2024-11-09,74.61,242
2010SCHM01,Leon Schmidtchen,2024-12-20,72.03,243
2010SCHM01,Leon Schmidtchen,2025-01-18,70.02,244
2010SCHM01,Leon Schmidtchen,2025-01-18,67.56,245
2010SCHM01,Leon Schmidtchen,2025-02-14,71.08,246
2010SCHM01,Leon Schmidtchen,2025-03-15,73.5,247
2010SCHM01,Leon Schmidtchen,2025-04-18,71.82,248
2010SCHM01,Leon Schmidtchen,2025-05-03,68.45,249
2010SCHM01,Leon Schmidtchen,2025-05-03,72.02,250
2010SCHM01,Leon Schmidtchen,2025-05-24,68.79,251
2010SCHM01,Leon Schmidtchen,2025-05-24,68.85,252
2010SCHM01,Leon Schmidtchen,2025-06-14,66.63,253
2010SCHM01,Leon Schmidtchen,2025-07-03,68.87,254
2010SCHM01,Leon Schmidtchen,2025-09-06,69.14,255
2010SCHM01,Leon Schmidtchen,2025-09-06,69.31,256
2010SCHM01,Leon Schmidtchen,2025-09-26,63.17,257
2010SCHM01,Leon Schmidtchen,2025-09-26,63.92,258
2010SCHM01,Leon Schmidtchen,2025-11-08,71.1,259
2010SCHM01,Leon Schmidtchen,2025-11-08,68.3,260
2010SCHM01,Leon Schmidtchen,2025-11-22,68.51,261
2010SCHM01,Leon Schmidtchen,2025-11-22,64.96,262
2010SCHM01,Leon Schmidtchen,2025-12-19,69.53,263
2010SCHM01,Leon Schmidtchen,2025-12-19,69.86,264
2010SCHM01,Leon Schmidtchen,2025-12-19,66.36,265
2010SCHM01,Leon Schmidtchen,2026-02-15,61.07,266
2010SCHM01,Leon Schmidtchen,2026-02-15,62.12,267
2010SCHM01,Leon Schmidtchen,2026-02-21,67.28,268
2010SCHM01,Leon Schmidtchen,2026-02-21,66.48,269
2010SCHM01,Leon Schmidtchen,2026-05-01,62.92,270
2010SCHM01,Leon Schmidtchen,2026-05-16,63.63,271
2010WEYE01,Philipp Weyer,2010-08-14,119.42,1
2010WEYE01,Philipp Weyer,2010-08-14,115.13,2
2010WEYE01,Philipp Weyer,2010-09-11,116.17,3
2010WEYE01,Philipp Weyer,2010-10-09,114.72,4
2010WEYE01,Philipp Weyer,2010-10-09,120.95,5
2010WEYE01,Philipp Weyer,2010-10-23,106.17,6
2010WEYE01,Philipp Weyer,2010-10-23,112.8,7
2010WEYE01,Philipp Weyer,2011-01-14,101.36,8
2010WEYE01,Philipp Weyer,2011-01-14,103.09,9
2010WEYE01,Philipp Weyer,2011-04-09,99.7,10
2010WEYE01,Philipp Weyer,2011-04-09,93.51,11
2010WEYE01,Philipp Weyer,2011-04-30,93.4,12
2010WEYE01,Philipp Weyer,2011-04-30,96.79,13
2010WEYE01,Philipp Weyer,2011-06-10,93.11,14
2010WEYE01,Philipp Weyer,2011-06-10,93.86,15
2010WEYE01,Philipp Weyer,2011-08-13,98.22,16
2010WEYE01,Philipp Weyer,2011-08-13,98.46,17
2010WEYE01,Philipp Weyer,2011-10-22,108.69,18
2010WEYE01,Philipp Weyer,2011-10-22,104.86,19
2010WEYE01,Philipp Weyer,2011-12-10,111.46,20
2010WEYE01,Philipp Weyer,2012-02-04,104.39,21
2010WEYE01,Philipp Weyer,2012-02-04,99.4,22
2010WEYE01,Philipp Weyer,2012-03-03,101.54,23
2010WEYE01,Philipp Weyer,2012-03-03,97.9,24
2010WEYE01,Philipp Weyer,2012-04-14,99.46,25
2010WEYE01,Philipp Weyer,2012-04-14,97.63,26
2010WEYE01,Philipp Weyer,2012-06-23,99.56,27
2010WEYE01,Philipp Weyer,2012-06-23,97.79,28
2010WEYE01,Philipp Weyer,2012-11-03,102.2,29
2010WEYE01,Philipp Weyer,2012-11-03,102.68,30
2010WEYE01,Philipp Weyer,2013-02-16,106.85,31
2010WEYE01,Philipp Weyer,2013-02-16,105.12,32
2010WEYE01,Philipp Weyer,2013-07-26,93.75,33
2010WEYE01,Philipp Weyer,2013-07-26,83.43,34
2010WEYE01,Philipp Weyer,2013-07-26,93.95,35
2010WEYE01,Philipp Weyer,2013-10-26,85.49,36
2010WEYE01,Philipp Weyer,2013-10-26,86.81,37
2010WEYE01,Philipp Weyer,2013-10-26,85.36,38
2010WEYE01,Philipp Weyer,2013-11-23,83.41,39
2010WEYE01,Philipp Weyer,2013-11-23,83.48,40
2010WEYE01,Philipp Weyer,2014-01-03,81.45,41
2010WEYE01,Philipp Weyer,2014-01-03,84.53,42
2010WEYE01,Philipp Weyer,2014-01-03,77.3,43
2010WEYE01,Philipp Weyer,2014-08-08,92.85,44
2010WEYE01,Philipp Weyer,2014-08-08,89.3,45
2010WEYE01,Philipp Weyer,2014-09-06,84.39,46
2010WEYE01,Philipp Weyer,2014-09-06,92.85,47
2010WEYE01,Philipp Weyer,2014-11-08,73.65,48
2010WEYE01,Philipp Weyer,2014-11-08,73.59,49
2010WEYE01,Philipp Weyer,2015-02-21,74.7,50
2010WEYE01,Philipp Weyer,2015-02-21,77.32,51
2010WEYE01,Philipp Weyer,2015-04-18,72.91,52
2010WEYE01,Philipp Weyer,2015-04-18,74.12,53
2010WEYE01,Philipp Weyer,2015-06-06,74.17,54
2010WEYE01,Philipp Weyer,2015-06-06,72.63,55
2010WEYE01,Philipp Weyer,2015-09-05,76.89,56
2010WEYE01,Philipp Weyer,2015-09-05,74.71,57
2010WEYE01,Philipp Weyer,2016-01-09,82.02,58
2010WEYE01,Philipp Weyer,2016-01-09,74.34,59
2010WEYE01,Philipp Weyer,2016-01-30,77.57,60
2010WEYE01,Philipp Weyer,2016-01-30,77.56,61
2010WEYE01,Philipp Weyer,2016-04-09,78.48,62
2010WEYE01,Philipp Weyer,2016-04-09,81.52,63
2010WEYE01,Philipp Weyer,2016-07-15,73.7,64
2010WEYE01,Philipp Weyer,2016-08-13,79.4,65
2010WEYE01,Philipp Weyer,2016-08-13,79.05,66
2010WEYE01,Philipp Weyer,2016-08-13,78.53,67
2010WEYE01,Philipp Weyer,2016-10-07,81.21,68
2010WEYE01,Philipp Weyer,2016-10-29,75.32,69
2010WEYE01,Philipp Weyer,2016-10-29,76.51,70
2010WEYE01,Philipp Weyer,2016-11-05,72.97,71
2010WEYE01,Philipp Weyer,2016-11-05,76.58,72
2010WEYE01,Philipp Weyer,2016-11-26,78.91,73
2010WEYE01,Philipp Weyer,2016-11-26,74.47,74
2010WEYE01,Philipp Weyer,2017-01-06,76.16,75
2010WEYE01,Philipp Weyer,2017-01-06,73.96,76
2010WEYE01,Philipp Weyer,2017-01-06,76.17,77
2010WEYE01,Philipp Weyer,2017-01-28,73.63,78
2010WEYE01,Philipp Weyer,2017-01-28,73.71,79
2010WEYE01,Philipp Weyer,2017-04-29,72.9,80
2010WEYE01,Philipp Weyer,2017-04-29,72.62,81
2010WEYE01,Philipp Weyer,2017-06-10,74.33,82
2010WEYE01,Philipp Weyer,2017-06-10,74.5,83
2010WEYE01,Philipp Weyer,2017-07-01,76.51,84
2010WEYE01,Philipp Weyer,2017-07-01,75.95,85
2010WEYE01,Philipp Weyer,2017-07-08,64.43,86
2010WEYE01,Philipp Weyer,2017-07-08,64.68,87
2010WEYE01,Philipp Weyer,2017-07-13,67.67,88
2010WEYE01,Philipp Weyer,2017-07-13,60.65,89
2010WEYE01,Philipp Weyer,2017-07-13,63.09,90
2010WEYE01,Philipp Weyer,2017-09-01,62.91,91
2010WEYE01,Philipp Weyer,2017-09-01,60.56,92
2010WEYE01,Philipp Weyer,2017-09-01,58.48,93
2010WEYE01,Philipp Weyer,2017-09-16,60.98,94
2010WEYE01,Philipp Weyer,2017-09-16,60.75,95
2010WEYE01,Philipp Weyer,2017-10-27,58.27,96
2010WEYE01,Philipp Weyer,2017-10-27,56.98,97
2010WEYE01,Philipp Weyer,2017-11-04,57.38,98
2010WEYE01,Philipp Weyer,2017-11-04,59.11,99
2010WEYE01,Philipp Weyer,2017-11-18,54.6,100
2010WEYE01,Philipp Weyer,2017-11-18,59.46,101
2010WEYE01,Philipp Weyer,2017-11-25,58.27,102
2010WEYE01,Philipp Weyer,2017-11-25,58.52,103
2010WEYE01,Philipp Weyer,2017-12-02,61.6,104
2010WEYE01,Philipp Weyer,2017-12-02,55.04,105
2010WEYE01,Philipp Weyer,2018-01-13,57.19,106
2010WEYE01,Philipp Weyer,2018-01-13,56.36,107
2010WEYE01,Philipp Weyer,2018-02-10,61.79,108
2010WEYE01,Philipp Weyer,2018-02-10,59.07,109
2010WEYE01,Philipp Weyer,2018-02-17,59.74,110
2010WEYE01,Philipp Weyer,2018-02-17,58.82,111
2010WEYE01,Philipp Weyer,2018-02-17,62.37,112
2010WEYE01,Philipp Weyer,2018-03-24,60.16,113
2010WEYE01,Philipp Weyer,2018-03-24,62.35,114
2010WEYE01,Philipp Weyer,2018-04-21,56.98,115
2010WEYE01,Philipp Weyer,2018-04-28,58.28,116
2010WEYE01,Philipp Weyer,2018-04-28,59.14,117
2010WEYE01,Philipp Weyer,2018-04-28,57.01,118
2010WEYE01,Philipp Weyer,2018-05-12,54.51,119
2010WEYE01,Philipp Weyer,2018-05-12,61.69,120
2010WEYE01,Philipp Weyer,2018-06-02,56.64,121
2010WEYE01,Philipp Weyer,2018-06-02,57.11,122
2010WEYE01,Philipp Weyer,2018-06-09,60.47,123
2010WEYE01,Philipp Weyer,2018-06-09,60.46,124
2010WEYE01,Philipp Weyer,2018-07-14,57.41,125
2010WEYE01,Philipp Weyer,2018-07-19,59.0,126
2010WEYE01,Philipp Weyer,2018-07-19,60.67,127
2010WEYE01,Philipp Weyer,2018-07-19,57.52,128
2010WEYE01,Philipp Weyer,2018-07-27,59.78,129
2010WEYE01,Philipp Weyer,2018-07-27,55.43,130
2010WEYE01,Philipp Weyer,2018-07-27,53.9,131
2010WEYE01,Philipp Weyer,2018-09-07,65.02,132
2010WEYE01,Philipp Weyer,2018-09-07,54.96,133
2010WEYE01,Philipp Weyer,2018-10-06,54.35,134
2010WEYE01,Philipp Weyer,2018-10-26,61.33,135
2010WEYE01,Philipp Weyer,2018-10-26,62.44,136
2010WEYE01,Philipp Weyer,2018-10-26,56.36,137
2010WEYE01,Philipp Weyer,2018-11-03,61.92,138
2010WEYE01,Philipp Weyer,2018-11-03,57.8,139
2010WEYE01,Philipp Weyer,2018-11-03,57.51,140
2010WEYE01,Philipp Weyer,2018-11-10,59.84,141
2010WEYE01,Philipp Weyer,2018-11-17,66.8,142
2010WEYE01,Philipp Weyer,2018-11-17,59.85,143
2010WEYE01,Philipp Weyer,2018-11-24,62.9,144
2010WEYE01,Philipp Weyer,2018-11-24,56.87,145
2010WEYE01,Philipp Weyer,2018-12-15,53.23,146
2010WEYE01,Philipp Weyer,2018-12-15,60.41,147
2010WEYE01,Philipp Weyer,2018-12-15,58.09,148
2010WEYE01,Philipp Weyer,2019-02-09,58.08,149
2010WEYE01,Philipp Weyer,2019-02-09,54.34,150
2010WEYE01,Philipp Weyer,2019-02-16,58.3,151
2010WEYE01,Philipp Weyer,2019-02-16,54.6,152
2010WEYE01,Philipp Weyer,2019-03-15,56.85,153
2010WEYE01,Philipp Weyer,2019-03-22,59.76,154
2010WEYE01,Philipp Weyer,2019-03-22,58.39,155
2010WEYE01,Philipp Weyer,2019-04-06,59.69,156
2010WEYE01,Philipp Weyer,2019-04-20,62.25,157
2010WEYE01,Philipp Weyer,2019-04-20,54.05,158
2010WEYE01,Philipp Weyer,2019-04-27,53.66,159
2010WEYE01,Philipp Weyer,2019-04-27,54.49,160
2010WEYE01,Philipp Weyer,2019-05-11,57.0,161
2010WEYE01,Philipp Weyer,2019-05-11,61.66,162
2010WEYE01,Philipp Weyer,2019-05-11,55.46,163
2010WEYE01,Philipp Weyer,2019-05-18,56.53,164
2010WEYE01,Philipp Weyer,2019-05-18,56.86,165
2010WEYE01,Philipp Weyer,2019-06-22,53.46,166
2010WEYE01,Philipp Weyer,2019-06-22,57.76,167
2010WEYE01,Philipp Weyer,2019-06-29,57.24,168
2010WEYE01,Philipp Weyer,2019-07-06,59.09,169
2010WEYE01,Philipp Weyer,2019-07-06,63.41,170
2010WEYE01,Philipp Weyer,2019-07-11,56.07,171
2010WEYE01,Philipp Weyer,2019-07-11,52.24,172
2010WEYE01,Philipp Weyer,2019-07-11,55.06,173
2010WEYE01,Philipp Weyer,2019-08-02,60.86,174
2010WEYE01,Philipp Weyer,2019-08-02,57.01,175
2010WEYE01,Philipp Weyer,2019-08-10,59.08,176
2010WEYE01,Philipp Weyer,2019-08-24,58.52,177
2010WEYE01,Philipp Weyer,2019-08-24,62.16,178
2010WEYE01,Philipp Weyer,2019-08-31,57.88,179
2010WEYE01,Philipp Weyer,2019-08-31,61.8,180
2010WEYE01,Philipp Weyer,2019-09-07,58.43,181
2010WEYE01,Philipp Weyer,2019-09-21,55.35,182
2010WEYE01,Philipp Weyer,2019-09-28,55.12,183
2010WEYE01,Philipp Weyer,2019-10-12,60.02,184
2010WEYE01,Philipp Weyer,2019-10-12,55.05,185
2010WEYE01,Philipp Weyer,2019-10-12,55.03,186
2010WEYE01,Philipp Weyer,2019-10-19,58.67,187
2010WEYE01,Philipp Weyer,2019-10-19,62.03,188
2010WEYE01,Philipp Weyer,2019-10-25,62.01,189
2010WEYE01,Philipp Weyer,2019-10-25,58.62,190
2010WEYE01,Philipp Weyer,2019-10-25,58.91,191
2010WEYE01,Philipp Weyer,2019-11-02,56.75,192
2010WEYE01,Philipp Weyer,2019-11-02,58.74,193
2010WEYE01,Philipp Weyer,2019-11-02,59.76,194
2010WEYE01,Philipp Weyer,2019-11-23,60.01,195
2010WEYE01,Philipp Weyer,2019-11-23,56.17,196
2010WEYE01,Philipp Weyer,2020-02-08,60.43,197
2010WEYE01,Philipp Weyer,2020-02-08,55.56,198
2010WEYE01,Philipp Weyer,2020-02-15,63.68,199
2010WEYE01,Philipp Weyer,2020-02-29,53.54,200
2010WEYE01,Philipp Weyer,2020-02-29,62.78,201
2010WEYE01,Philipp Weyer,2020-02-29,60.66,202
2010WEYE01,Philipp Weyer,2021-10-16,60.84,203
2010WEYE01,Philipp Weyer,2022-02-05,68.2,204
2010WEYE01,Philipp Weyer,2022-03-19,62.53,205
2010WEYE01,Philipp Weyer,2022-03-19,62.37,206
2010WEYE01,Philipp Weyer,2022-04-16,67.07,207
2010WEYE01,Philipp Weyer,2022-05-01,63.93,208
2010WEYE01,Philipp Weyer,2022-05-01,63.44,209
2010WEYE01,Philipp Weyer,2022-06-04,63.95,210
2010WEYE01,Philipp Weyer,2022-06-04,60.49,211
2010WEYE01,Philipp Weyer,2022-06-11,63.3,212
2010WEYE01,Philipp Weyer,2022-06-11,62.99,213
2010WEYE01,Philipp Weyer,2022-07-14,62.55,214
2010WEYE01,Philipp Weyer,2022-07-14,54.19,215
2010WEYE01,Philipp Weyer,2022-07-14,56.93,216
2010WEYE01,Philipp Weyer,2022-09-03,68.27,217
2010WEYE01,Philipp Weyer,2022-11-19,64.05,218
2010WEYE01,Philipp Weyer,2022-11-19,61.65,219
2010WEYE01,Philipp Weyer,2022-11-19,60.72,220
2010WEYE01,Philipp Weyer,2023-02-04,59.61,221
2010WEYE01,Philipp Weyer,2023-02-04,61.11,222
2010WEYE01,Philipp Weyer,2023-02-18,62.04,223
2010WEYE01,Philipp Weyer,2023-02-18,65.38,224
2010WEYE01,Philipp Weyer,2023-03-18,62.23,225
2010WEYE01,Philipp Weyer,2023-03-18,64.26,226
2010WEYE01,Philipp Weyer,2023-05-06,61.52,227
2010WEYE01,Philipp Weyer,2023-05-06,63.63,228
2010WEYE01,Philipp Weyer,2023-07-08,62.46,229
2010WEYE01,Philipp Weyer,2023-07-22,59.7,230
2010WEYE01,Philipp Weyer,2023-07-22,62.29,231
2010WEYE01,Philipp Weyer,2023-08-04,62.13,232
2010WEYE01,Philipp Weyer,2023-08-04,56.79,233
2010WEYE01,Philipp Weyer,2023-08-12,67.44,234
2010WEYE01,Philipp Weyer,2023-09-02,62.86,235
2010WEYE01,Philipp Weyer,2023-10-21,62.84,236
2010WEYE01,Philipp Weyer,2023-10-21,64.29,237
2010WEYE01,Philipp Weyer,2023-11-18,61.15,238
2010WEYE01,Philipp Weyer,2023-11-18,57.18,239
2010WEYE01,Philipp Weyer,2024-09-07,58.69,240
2010WEYE01,Philipp Weyer,2024-12-14,65.39,241
2010WEYE01,Philipp Weyer,2024-12-14,56.77,242
2010WEYE01,Philipp Weyer,2025-05-30,57.62,243
2010WEYE01,Philipp Weyer,2025-12-19,57.14,244
2010WEYE02,Sebastian Weyer,2010-06-12,151.57,1
2010WEYE02,Sebastian Weyer,2010-08-14,140.19,2
2010WEYE02,Sebastian Weyer,2010-10-09,121.21,3
2010WEYE02,Sebastian Weyer,2010-10-09,127.28,4
2010WEYE02,Sebastian Weyer,2010-10-23,108.62,5
2010WEYE02,Sebastian Weyer,2010-10-23,104.34,6
2010WEYE02,Sebastian Weyer,2011-01-14,104.57,7
2010WEYE02,Sebastian Weyer,2011-01-14,104.48,8
2010WEYE02,Sebastian Weyer,2011-04-09,96.48,9
2010WEYE02,Sebastian Weyer,2011-04-09,102.13,10
2010WEYE02,Sebastian Weyer,2011-04-30,87.87,11
2010WEYE02,Sebastian Weyer,2011-04-30,109.16,12
2010WEYE02,Sebastian Weyer,2011-06-10,95.8,13
2010WEYE02,Sebastian Weyer,2011-06-10,111.28,14
2010WEYE02,Sebastian Weyer,2011-08-13,109.13,15
2010WEYE02,Sebastian Weyer,2011-08-13,95.91,16
2010WEYE02,Sebastian Weyer,2011-12-10,110.04,17
2010WEYE02,Sebastian Weyer,2011-12-10,98.23,18
2010WEYE02,Sebastian Weyer,2012-02-04,101.24,19
2010WEYE02,Sebastian Weyer,2012-02-04,99.78,20
2010WEYE02,Sebastian Weyer,2012-03-03,105.07,21
2010WEYE02,Sebastian Weyer,2012-03-03,111.11,22
2010WEYE02,Sebastian Weyer,2012-04-14,99.24,23
2010WEYE02,Sebastian Weyer,2012-04-14,90.27,24
2010WEYE02,Sebastian Weyer,2012-06-23,104.48,25
2010WEYE02,Sebastian Weyer,2012-06-23,97.37,26
2010WEYE02,Sebastian Weyer,2012-11-03,99.92,27
2010WEYE02,Sebastian Weyer,2012-11-03,113.59,28
2010WEYE02,Sebastian Weyer,2013-02-16,91.02,29
2010WEYE02,Sebastian Weyer,2013-02-16,89.19,30
2010WEYE02,Sebastian Weyer,2013-07-26,83.93,31
2010WEYE02,Sebastian Weyer,2013-07-26,77.17,32
2010WEYE02,Sebastian Weyer,2013-07-26,66.81,33
2010WEYE02,Sebastian Weyer,2013-07-26,80.51,34
2010WEYE02,Sebastian Weyer,2013-10-26,74.38,35
2010WEYE02,Sebastian Weyer,2013-10-26,69.42,36
2010WEYE02,Sebastian Weyer,2013-10-26,64.88,37
2010WEYE02,Sebastian Weyer,2013-11-23,72.44,38
2010WEYE02,Sebastian Weyer,2013-11-23,73.46,39
2010WEYE02,Sebastian Weyer,2014-01-03,75.18,40
2010WEYE02,Sebastian Weyer,2014-01-03,72.89,41
2010WEYE02,Sebastian Weyer,2014-01-03,71.8,42
2010WEYE02,Sebastian Weyer,2014-08-08,67.0,43
2010WEYE02,Sebastian Weyer,2014-08-08,69.08,44
2010WEYE02,Sebastian Weyer,2014-08-08,73.56,45
2010WEYE02,Sebastian Weyer,2014-09-06,72.05,46
2010WEYE02,Sebastian Weyer,2014-09-06,73.66,47
2010WEYE02,Sebastian Weyer,2014-11-08,66.59,48
2010WEYE02,Sebastian Weyer,2014-11-08,64.3,49
2010WEYE02,Sebastian Weyer,2015-02-21,67.68,50
2010WEYE02,Sebastian Weyer,2015-02-21,63.63,51
2010WEYE02,Sebastian Weyer,2015-04-18,64.5,52
2010WEYE02,Sebastian Weyer,2015-04-18,64.16,53
2010WEYE02,Sebastian Weyer,2015-06-06,59.87,54
2010WEYE02,Sebastian Weyer,2015-06-06,66.39,55
2010WEYE02,Sebastian Weyer,2015-09-05,63.77,56
2010WEYE02,Sebastian Weyer,2015-09-05,66.13,57
2010WEYE02,Sebastian Weyer,2016-01-09,62.69,58
2010WEYE02,Sebastian Weyer,2016-01-09,66.61,59
2010WEYE02,Sebastian Weyer,2016-01-30,66.44,60
2010WEYE02,Sebastian Weyer,2016-01-30,64.38,61
2010WEYE02,Sebastian Weyer,2016-04-09,62.82,62
2010WEYE02,Sebastian Weyer,2016-04-09,67.08,63
2010WEYE02,Sebastian Weyer,2016-07-15,57.36,64
2010WEYE02,Sebastian Weyer,2016-07-15,62.79,65
2010WEYE02,Sebastian Weyer,2016-07-15,63.39,66
2010WEYE02,Sebastian Weyer,2016-08-13,66.03,67
2010WEYE02,Sebastian Weyer,2016-08-13,64.5,68
2010WEYE02,Sebastian Weyer,2016-08-13,64.42,69
2010WEYE02,Sebastian Weyer,2016-10-07,59.77,70
2010WEYE02,Sebastian Weyer,2016-10-07,55.7,71
2010WEYE02,Sebastian Weyer,2016-10-29,56.2,72
2010WEYE02,Sebastian Weyer,2016-10-29,59.19,73
2010WEYE02,Sebastian Weyer,2016-11-05,61.51,74
2010WEYE02,Sebastian Weyer,2016-11-05,56.45,75
2010WEYE02,Sebastian Weyer,2016-11-26,57.44,76
2010WEYE02,Sebastian Weyer,2016-11-26,58.28,77
2010WEYE02,Sebastian Weyer,2017-01-06,58.49,78
2010WEYE02,Sebastian Weyer,2017-01-06,56.77,79
2010WEYE02,Sebastian Weyer,2017-01-06,54.75,80
2010WEYE02,Sebastian Weyer,2017-01-28,56.07,81
2010WEYE02,Sebastian Weyer,2017-01-28,58.62,82
2010WEYE02,Sebastian Weyer,2017-04-29,60.8,83
2010WEYE02,Sebastian Weyer,2017-04-29,58.75,84
2010WEYE02,Sebastian Weyer,2017-06-10,57.2,85
2010WEYE02,Sebastian Weyer,2017-06-10,55.98,86
2010WEYE02,Sebastian Weyer,2017-07-01,55.45,87
2010WEYE02,Sebastian Weyer,2017-07-01,57.7,88
2010WEYE02,Sebastian Weyer,2017-07-08,54.81,89
2010WEYE02,Sebastian Weyer,2017-07-08,52.5,90
2010WEYE02,Sebastian Weyer,2017-07-13,50.88,91
2010WEYE02,Sebastian Weyer,2017-07-13,53.41,92
2010WEYE02,Sebastian Weyer,2017-07-13,54.42,93
2010WEYE02,Sebastian Weyer,2017-09-01,50.68,94
2010WEYE02,Sebastian Weyer,2017-09-01,53.06,95
2010WEYE02,Sebastian Weyer,2017-09-01,52.25,96
2010WEYE02,Sebastian Weyer,2017-09-16,54.38,97
2010WEYE02,Sebastian Weyer,2017-09-16,51.51,98
2010WEYE02,Sebastian Weyer,2017-10-27,52.16,99
2010WEYE02,Sebastian Weyer,2017-10-27,56.11,100
2010WEYE02,Sebastian Weyer,2017-11-04,52.96,101
2010WEYE02,Sebastian Weyer,2017-11-04,51.39,102
2010WEYE02,Sebastian Weyer,2017-11-18,54.34,103
2010WEYE02,Sebastian Weyer,2017-11-18,54.23,104
2010WEYE02,Sebastian Weyer,2017-12-02,56.65,105
2010WEYE02,Sebastian Weyer,2017-12-02,53.71,106
2010WEYE02,Sebastian Weyer,2018-01-13,53.55,107
2010WEYE02,Sebastian Weyer,2018-01-13,55.39,108
2010WEYE02,Sebastian Weyer,2018-02-10,53.16,109
2010WEYE02,Sebastian Weyer,2018-02-10,57.51,110
2010WEYE02,Sebastian Weyer,2018-02-17,51.04,111
2010WEYE02,Sebastian Weyer,2018-02-17,50.09,112
2010WEYE02,Sebastian Weyer,2018-02-17,51.57,113
2010WEYE02,Sebastian Weyer,2018-03-24,55.48,114
2010WEYE02,Sebastian Weyer,2018-03-24,51.81,115
2010WEYE02,Sebastian Weyer,2018-04-21,55.58,116
2010WEYE02,Sebastian Weyer,2018-04-28,54.48,117
2010WEYE02,Sebastian Weyer,2018-04-28,56.06,118
2010WEYE02,Sebastian Weyer,2018-04-28,48.26,119
2010WEYE02,Sebastian Weyer,2018-05-12,54.19,120
2010WEYE02,Sebastian Weyer,2018-05-12,55.91,121
2010WEYE02,Sebastian Weyer,2018-06-02,51.9,122
2010WEYE02,Sebastian Weyer,2018-06-02,51.97,123
2010WEYE02,Sebastian Weyer,2018-07-19,56.58,124
2010WEYE02,Sebastian Weyer,2018-07-19,51.61,125
2010WEYE02,Sebastian Weyer,2018-07-19,51.7,126
2010WEYE02,Sebastian Weyer,2018-07-27,50.76,127
2010WEYE02,Sebastian Weyer,2018-07-27,51.02,128
2010WEYE02,Sebastian Weyer,2018-07-27,52.02,129
2010WEYE02,Sebastian Weyer,2018-08-25,53.7,130
2010WEYE02,Sebastian Weyer,2018-08-25,48.93,131
2010WEYE02,Sebastian Weyer,2018-09-07,52.29,132
2010WEYE02,Sebastian Weyer,2018-09-07,50.31,133
2010WEYE02,Sebastian Weyer,2018-10-26,51.32,134
2010WEYE02,Sebastian Weyer,2018-10-26,49.4,135
2010WEYE02,Sebastian Weyer,2018-10-26,47.41,136
2010WEYE02,Sebastian Weyer,2018-11-03,51.91,137
2010WEYE02,Sebastian Weyer,2018-11-03,47.4,138
2010WEYE02,Sebastian Weyer,2018-11-03,51.88,139
2010WEYE02,Sebastian Weyer,2018-11-10,52.7,140
2010WEYE02,Sebastian Weyer,2018-11-10,51.7,141
2010WEYE02,Sebastian Weyer,2018-11-17,51.26,142
2010WEYE02,Sebastian Weyer,2018-11-17,54.15,143
2010WEYE02,Sebastian Weyer,2018-11-24,49.01,144
2010WEYE02,Sebastian Weyer,2018-11-24,52.29,145
2010WEYE02,Sebastian Weyer,2019-01-19,54.06,146
2010WEYE02,Sebastian Weyer,2019-02-09,49.95,147
2010WEYE02,Sebastian Weyer,2019-02-09,48.57,148
2010WEYE02,Sebastian Weyer,2019-02-16,57.41,149
2010WEYE02,Sebastian Weyer,2019-02-16,50.46,150
2010WEYE02,Sebastian Weyer,2019-03-09,52.26,151
2010WEYE02,Sebastian Weyer,2019-03-15,50.83,152
2010WEYE02,Sebastian Weyer,2019-03-15,52.82,153
2010WEYE02,Sebastian Weyer,2019-03-30,51.71,154
2010WEYE02,Sebastian Weyer,2019-03-30,51.88,155
2010WEYE02,Sebastian Weyer,2019-03-30,49.77,156
2010WEYE02,Sebastian Weyer,2019-04-06,51.64,157
2010WEYE02,Sebastian Weyer,2019-04-20,55.02,158
2010WEYE02,Sebastian Weyer,2019-04-27,50.88,159
2010WEYE02,Sebastian Weyer,2019-04-27,48.35,160
2010WEYE02,Sebastian Weyer,2019-05-11,50.2,161
2010WEYE02,Sebastian Weyer,2019-05-11,50.06,162
2010WEYE02,Sebastian Weyer,2019-05-11,50.57,163
2010WEYE02,Sebastian Weyer,2019-05-18,52.66,164
2010WEYE02,Sebastian Weyer,2019-05-18,53.17,165
2010WEYE02,Sebastian Weyer,2019-05-18,48.5,166
2010WEYE02,Sebastian Weyer,2019-06-08,51.72,167
2010WEYE02,Sebastian Weyer,2019-06-08,46.91,168
2010WEYE02,Sebastian Weyer,2019-06-22,49.32,169
2010WEYE02,Sebastian Weyer,2019-06-22,46.61,170
2010WEYE02,Sebastian Weyer,2019-06-29,49.69,171
2010WEYE02,Sebastian Weyer,2019-07-06,48.1,172
2010WEYE02,Sebastian Weyer,2019-07-06,48.51,173
2010WEYE02,Sebastian Weyer,2019-07-11,51.65,174
2010WEYE02,Sebastian Weyer,2019-07-11,51.09,175
2010WEYE02,Sebastian Weyer,2019-07-11,48.9,176
2010WEYE02,Sebastian Weyer,2019-08-02,49.17,177
2010WEYE02,Sebastian Weyer,2019-08-02,46.58,178
2010WEYE02,Sebastian Weyer,2019-08-24,54.14,179
2010WEYE02,Sebastian Weyer,2019-08-24,46.99,180
2010WEYE02,Sebastian Weyer,2019-08-31,49.7,181
2010WEYE02,Sebastian Weyer,2019-08-31,45.8,182
2010WEYE02,Sebastian Weyer,2019-09-13,47.68,183
2010WEYE02,Sebastian Weyer,2019-09-13,48.64,184
2010WEYE02,Sebastian Weyer,2019-09-28,50.39,185
2010WEYE02,Sebastian Weyer,2019-09-28,52.58,186
2010WEYE02,Sebastian Weyer,2019-10-12,48.39,187
2010WEYE02,Sebastian Weyer,2019-10-12,51.54,188
2010WEYE02,Sebastian Weyer,2019-10-12,47.79,189
2010WEYE02,Sebastian Weyer,2019-10-19,46.75,190
2010WEYE02,Sebastian Weyer,2019-10-19,54.2,191
2010WEYE02,Sebastian Weyer,2019-10-25,51.68,192
2010WEYE02,Sebastian Weyer,2019-10-25,51.46,193
2010WEYE02,Sebastian Weyer,2019-10-25,50.5,194
2010WEYE02,Sebastian Weyer,2019-11-02,48.58,195
2010WEYE02,Sebastian Weyer,2019-11-02,49.05,196
2010WEYE02,Sebastian Weyer,2019-11-02,48.33,197
2010WEYE02,Sebastian Weyer,2019-11-23,49.16,198
2010WEYE02,Sebastian Weyer,2019-11-23,48.63,199
2010WEYE02,Sebastian Weyer,2019-11-30,50.6,200
2010WEYE02,Sebastian Weyer,2019-11-30,50.48,201
2010WEYE02,Sebastian Weyer,2019-11-30,50.17,202
2010WEYE02,Sebastian Weyer,2019-12-14,50.92,203
2010WEYE02,Sebastian Weyer,2020-01-18,51.67,204
2010WEYE02,Sebastian Weyer,2020-02-08,48.78,205
2010WEYE02,Sebastian Weyer,2020-02-08,52.17,206
2010WEYE02,Sebastian Weyer,2020-02-15,49.56,207
2010WEYE02,Sebastian Weyer,2020-02-22,50.84,208
2010WEYE02,Sebastian Weyer,2020-02-22,49.83,209
2010WEYE02,Sebastian Weyer,2020-02-29,49.35,210
2010WEYE02,Sebastian Weyer,2020-02-29,49.47,211
2010WEYE02,Sebastian Weyer,2020-02-29,51.0,212
2010WEYE02,Sebastian Weyer,2020-03-14,49.89,213
2010WEYE02,Sebastian Weyer,2020-03-14,52.53,214
2010WEYE02,Sebastian Weyer,2021-07-10,51.04,215
2010WEYE02,Sebastian Weyer,2021-07-10,51.08,216
2010WEYE02,Sebastian Weyer,2021-11-06,57.9,217
2010WEYE02,Sebastian Weyer,2022-02-05,53.48,218
2010WEYE02,Sebastian Weyer,2022-03-19,49.75,219
2010WEYE02,Sebastian Weyer,2022-03-19,51.19,220
2010WEYE02,Sebastian Weyer,2022-04-16,53.7,221
2010WEYE02,Sebastian Weyer,2022-04-16,53.42,222
2010WEYE02,Sebastian Weyer,2022-05-14,52.57,223
2010WEYE02,Sebastian Weyer,2022-05-14,49.01,224
2010WEYE02,Sebastian Weyer,2022-05-21,53.58,225
2010WEYE02,Sebastian Weyer,2022-05-21,48.11,226
2010WEYE02,Sebastian Weyer,2022-06-04,51.23,227
2010WEYE02,Sebastian Weyer,2022-06-04,53.93,228
2010WEYE02,Sebastian Weyer,2022-06-11,50.84,229
2010WEYE02,Sebastian Weyer,2022-06-11,52.07,230
2010WEYE02,Sebastian Weyer,2022-06-18,50.61,231
2010WEYE02,Sebastian Weyer,2022-06-18,50.9,232
2010WEYE02,Sebastian Weyer,2022-07-14,50.84,233
2010WEYE02,Sebastian Weyer,2022-07-14,47.67,234
2010WEYE02,Sebastian Weyer,2022-07-14,51.77,235
2010WEYE02,Sebastian Weyer,2022-08-19,45.09,236
2010WEYE02,Sebastian Weyer,2022-08-19,48.19,237
2010WEYE02,Sebastian Weyer,2022-08-27,53.54,238
2010WEYE02,Sebastian Weyer,2022-08-27,51.78,239
2010WEYE02,Sebastian Weyer,2022-09-03,48.67,240
2010WEYE02,Sebastian Weyer,2022-09-24,46.09,241
2010WEYE02,Sebastian Weyer,2022-10-08,49.21,242
2010WEYE02,Sebastian Weyer,2022-10-08,47.16,243
2010WEYE02,Sebastian Weyer,2022-10-28,47.71,244
2010WEYE02,Sebastian Weyer,2022-10-28,47.77,245
2010WEYE02,Sebastian Weyer,2022-10-28,46.64,246
2010WEYE02,Sebastian Weyer,2023-02-11,49.67,247
2010WEYE02,Sebastian Weyer,2023-02-18,46.78,248
2010WEYE02,Sebastian Weyer,2023-02-18,55.31,249
2010WEYE02,Sebastian Weyer,2023-02-25,47.36,250
2010WEYE02,Sebastian Weyer,2023-02-25,46.48,251
2010WEYE02,Sebastian Weyer,2023-03-04,50.87,252
2010WEYE02,Sebastian Weyer,2023-03-18,44.99,253
2010WEYE02,Sebastian Weyer,2023-03-18,49.59,254
2010WEYE02,Sebastian Weyer,2023-05-06,44.9,255
2010WEYE02,Sebastian Weyer,2023-05-06,48.09,256
2010WEYE02,Sebastian Weyer,2023-06-24,48.35,257
2010WEYE02,Sebastian Weyer,2023-06-24,47.98,258
2010WEYE02,Sebastian Weyer,2023-07-08,50.62,259
2010WEYE02,Sebastian Weyer,2023-07-08,47.84,260
2010WEYE02,Sebastian Weyer,2023-07-14,50.7,261
2010WEYE02,Sebastian Weyer,2023-07-22,50.64,262
2010WEYE02,Sebastian Weyer,2023-07-22,51.99,263
2010WEYE02,Sebastian Weyer,2023-08-12,45.33,264
2010WEYE02,Sebastian Weyer,2023-08-12,49.71,265
2010WEYE02,Sebastian Weyer,2023-08-12,47.55,266
2010WEYE02,Sebastian Weyer,2023-09-02,46.36,267
2010WEYE02,Sebastian Weyer,2023-10-21,49.02,268
2010WEYE02,Sebastian Weyer,2023-10-28,47.63,269
2010WEYE02,Sebastian Weyer,2023-11-18,45.98,270
2010WEYE02,Sebastian Weyer,2023-11-18,56.9,271
2010WEYE02,Sebastian Weyer,2023-11-25,48.56,272
2010WEYE02,Sebastian Weyer,2023-11-25,44.3,273
2010WEYE02,Sebastian Weyer,2023-11-25,49.06,274
2010WEYE02,Sebastian Weyer,2024-01-27,50.26,275
2010WEYE02,Sebastian Weyer,2024-01-27,50.26,276
2010WEYE02,Sebastian Weyer,2024-01-27,46.86,277
2010WEYE02,Sebastian Weyer,2024-02-17,49.6,278
2010WEYE02,Sebastian Weyer,2024-03-16,48.16,279
2010WEYE02,Sebastian Weyer,2024-03-30,47.9,280
2010WEYE02,Sebastian Weyer,2024-03-30,48.61,281
2010WEYE02,Sebastian Weyer,2024-05-04,48.34,282
2010WEYE02,Sebastian Weyer,2024-05-04,48.82,283
2010WEYE02,Sebastian Weyer,2024-05-25,47.6,284
2010WEYE02,Sebastian Weyer,2024-05-25,46.66,285
2010WEYE02,Sebastian Weyer,2024-05-25,49.86,286
2010WEYE02,Sebastian Weyer,2024-06-08,49.79,287
2010WEYE02,Sebastian Weyer,2024-06-29,45.81,288
2010WEYE02,Sebastian Weyer,2024-06-29,44.19,289
2010WEYE02,Sebastian Weyer,2024-07-13,44.47,290
2010WEYE02,Sebastian Weyer,2024-07-19,43.52,291
2010WEYE02,Sebastian Weyer,2024-07-19,43.43,292
2010WEYE02,Sebastian Weyer,2024-07-25,43.16,293
2010WEYE02,Sebastian Weyer,2024-07-25,43.7,294
2010WEYE02,Sebastian Weyer,2024-07-25,45.06,295
2010WEYE02,Sebastian Weyer,2024-09-07,46.12,296
2010WEYE02,Sebastian Weyer,2024-09-14,44.34,297
2010WEYE02,Sebastian Weyer,2024-09-21,43.55,298
2010WEYE02,Sebastian Weyer,2024-09-21,43.87,299
2010WEYE02,Sebastian Weyer,2024-10-04,44.37,300
2010WEYE02,Sebastian Weyer,2024-10-04,42.67,301
2010WEYE02,Sebastian Weyer,2024-11-09,44.31,302
2010WEYE02,Sebastian Weyer,2024-11-16,43.24,303
2010WEYE02,Sebastian Weyer,2024-12-14,43.07,304
2010WEYE02,Sebastian Weyer,2024-12-14,45.45,305
2010WEYE02,Sebastian Weyer,2025-02-15,46.65,306
2010WEYE02,Sebastian Weyer,2025-02-15,45.69,307
2010WEYE02,Sebastian Weyer,2025-05-17,42.89,308
2010WEYE02,Sebastian Weyer,2025-05-17,41.34,309
2010WEYE02,Sebastian Weyer,2025-05-30,45.93,310
2010WEYE02,Sebastian Weyer,2025-07-03,44.25,311
2010WEYE02,Sebastian Weyer,2025-07-03,44.89,312
2010WEYE02,Sebastian Weyer,2025-07-03,43.76,313
2010WEYE02,Sebastian Weyer,2025-08-09,47.89,314
2010WEYE02,Sebastian Weyer,2025-08-09,41.8,315
2010WEYE02,Sebastian Weyer,2025-08-09,45.38,316
2010WEYE02,Sebastian Weyer,2025-08-15,48.04,317
2010WEYE02,Sebastian Weyer,2025-09-06,48.76,318
2010WEYE02,Sebastian Weyer,2025-09-13,43.62,319
2010WEYE02,Sebastian Weyer,2025-09-26,43.78,320
2010WEYE02,Sebastian Weyer,2025-09-26,42.09,321
2010WEYE02,Sebastian Weyer,2025-10-18,42.09,322
2010WEYE02,Sebastian Weyer,2025-11-29,47.31,323
2010WEYE02,Sebastian Weyer,2025-12-19,43.26,324
2010WEYE02,Sebastian Weyer,2025-12-19,46.66,325
2010WEYE02,Sebastian Weyer,2025-12-19,43.28,326
2010WEYE02,Sebastian Weyer,2026-02-21,47.15,327
2010WEYE02,Sebastian Weyer,2026-02-28,43.08,328
2010WEYE02,Sebastian Weyer,2026-04-04,45.83,329
2010WEYE02,Sebastian Weyer,2026-04-04,43.85,330
2010WEYE02,Sebastian Weyer,2026-04-25,45.84,331
2010WEYE02,Sebastian Weyer,2026-04-25,44.69,332
2010WEYE02,Sebastian Weyer,2026-05-08,44.67,333
2010WEYE02,Sebastian Weyer,2026-05-08,42.96,334
2010WEYE02,Sebastian Weyer,2026-05-08,45.41,335
2010WUIF01,Yi-Fan Wu (吳亦凡),2010-04-11,184.6,1
2010WUIF01,Yi-Fan Wu (吳亦凡),2010-06-05,148.52,2
2010WUIF01,Yi-Fan Wu (吳亦凡),2010-08-28,151.01,3
2010WUIF01,Yi-Fan Wu (吳亦凡),2011-08-21,133.58,4
2010WUIF01,Yi-Fan Wu (吳亦凡),2011-10-08,120.01,5
2010WUIF01,Yi-Fan Wu (吳亦凡),2012-02-11,112.47,6
2010WUIF01,Yi-Fan Wu (吳亦凡),2012-08-25,101.56,7
2010WUIF01,Yi-Fan Wu (吳亦凡),2012-12-30,98.74,8
2010WUIF01,Yi-Fan Wu (吳亦凡),2012-12-30,108.34,9
2010WUIF01,Yi-Fan Wu (吳亦凡),2012-12-30,96.39,10
2010WUIF01,Yi-Fan Wu (吳亦凡),2013-03-30,103.34,11
2010WUIF01,Yi-Fan Wu (吳亦凡),2013-08-17,94.01,12
2010WUIF01,Yi-Fan Wu (吳亦凡),2013-08-17,84.93,13
2010WUIF01,Yi-Fan Wu (吳亦凡),2013-08-17,87.31,14
2010WUIF01,Yi-Fan Wu (吳亦凡),2013-10-26,80.43,15
2010WUIF01,Yi-Fan Wu (吳亦凡),2013-10-26,77.71,16
2010WUIF01,Yi-Fan Wu (吳亦凡),2013-10-26,86.35,17
2010WUIF01,Yi-Fan Wu (吳亦凡),2014-02-22,74.28,18
2010WUIF01,Yi-Fan Wu (吳亦凡),2014-02-22,80.0,19
2010WUIF01,Yi-Fan Wu (吳亦凡),2014-04-05,79.36,20
2010WUIF01,Yi-Fan Wu (吳亦凡),2014-04-05,88.73,21
2010WUIF01,Yi-Fan Wu (吳亦凡),2014-06-15,74.0,22
2010WUIF01,Yi-Fan Wu (吳亦凡),2014-06-15,77.45,23
2010WUIF01,Yi-Fan Wu (吳亦凡),2014-08-02,72.23,24
2010WUIF01,Yi-Fan Wu (吳亦凡),2014-08-02,75.13,25
2010WUIF01,Yi-Fan Wu (吳亦凡),2014-08-02,72.71,26
2010WUIF01,Yi-Fan Wu (吳亦凡),2014-08-09,82.48,27
2010WUIF01,Yi-Fan Wu (吳亦凡),2014-08-09,72.78,28
2010WUIF01,Yi-Fan Wu (吳亦凡),2014-11-01,72.53,29
2010WUIF01,Yi-Fan Wu (吳亦凡),2014-11-01,70.77,30
2010WUIF01,Yi-Fan Wu (吳亦凡),2014-11-01,70.96,31
2010WUIF01,Yi-Fan Wu (吳亦凡),2014-12-14,71.44,32
2010WUIF01,Yi-Fan Wu (吳亦凡),2014-12-20,69.46,33
2010WUIF01,Yi-Fan Wu (吳亦凡),2014-12-20,71.48,34
2010WUIF01,Yi-Fan Wu (吳亦凡),2014-12-20,65.01,35
2010WUIF01,Yi-Fan Wu (吳亦凡),2015-02-15,71.05,36
2010WUIF01,Yi-Fan Wu (吳亦凡),2015-02-15,72.28,37
2010WUIF01,Yi-Fan Wu (吳亦凡),2015-03-07,70.83,38
2010WUIF01,Yi-Fan Wu (吳亦凡),2015-03-07,67.91,39
2010WUIF01,Yi-Fan Wu (吳亦凡),2015-04-05,69.08,40
2010WUIF01,Yi-Fan Wu (吳亦凡),2015-04-05,67.38,41
2010WUIF01,Yi-Fan Wu (吳亦凡),2015-05-10,69.93,42
2010WUIF01,Yi-Fan Wu (吳亦凡),2015-05-31,71.86,43
2010WUIF01,Yi-Fan Wu (吳亦凡),2015-06-13,67.36,44
2010WUIF01,Yi-Fan Wu (吳亦凡),2015-06-13,66.42,45
2010WUIF01,Yi-Fan Wu (吳亦凡),2015-07-11,72.95,46
2010WUIF01,Yi-Fan Wu (吳亦凡),2015-07-11,67.62,47
2010WUIF01,Yi-Fan Wu (吳亦凡),2015-07-11,72.03,48
2010WUIF01,Yi-Fan Wu (吳亦凡),2015-07-26,68.42,49
2010WUIF01,Yi-Fan Wu (吳亦凡),2015-08-08,69.77,50
2010WUIF01,Yi-Fan Wu (吳亦凡),2015-08-08,69.59,51
2010WUIF01,Yi-Fan Wu (吳亦凡),2015-08-15,72.19,52
2010WUIF01,Yi-Fan Wu (吳亦凡),2015-08-15,70.02,53
2010WUIF01,Yi-Fan Wu (吳亦凡),2015-08-22,68.32,54
2010WUIF01,Yi-Fan Wu (吳亦凡),2015-08-22,70.9,55
2010WUIF01,Yi-Fan Wu (吳亦凡),2015-10-25,65.99,56
2010WUIF01,Yi-Fan Wu (吳亦凡),2015-12-06,65.84,57
2010WUIF01,Yi-Fan Wu (吳亦凡),2015-12-06,65.27,58
2010WUIF01,Yi-Fan Wu (吳亦凡),2015-12-26,67.11,59
2010WUIF01,Yi-Fan Wu (吳亦凡),2015-12-26,65.73,60
2010WUIF01,Yi-Fan Wu (吳亦凡),2015-12-26,64.28,61
2010WUIF01,Yi-Fan Wu (吳亦凡),2016-01-31,69.61,62
2010WUIF01,Yi-Fan Wu (吳亦凡),2016-01-31,68.9,63
2010WUIF01,Yi-Fan Wu (吳亦凡),2016-02-27,66.09,64
2010WUIF01,Yi-Fan Wu (吳亦凡),2016-02-27,59.73,65
2010WUIF01,Yi-Fan Wu (吳亦凡),2016-02-27,65.04,66
2010WUIF01,Yi-Fan Wu (吳亦凡),2016-03-12,60.62,67
2010WUIF01,Yi-Fan Wu (吳亦凡),2016-03-12,64.48,68
2010WUIF01,Yi-Fan Wu (吳亦凡),2016-05-01,62.61,69
2010WUIF01,Yi-Fan Wu (吳亦凡),2016-05-01,60.64,70
2010WUIF01,Yi-Fan Wu (吳亦凡),2016-07-09,61.13,71
2010WUIF01,Yi-Fan Wu (吳亦凡),2016-07-09,63.35,72
2010WUIF01,Yi-Fan Wu (吳亦凡),2016-07-09,63.11,73
2010WUIF01,Yi-Fan Wu (吳亦凡),2016-07-24,64.16,74
2010WUIF01,Yi-Fan Wu (吳亦凡),2016-07-24,59.2,75
2010WUIF01,Yi-Fan Wu (吳亦凡),2016-08-13,61.33,76
2010WUIF01,Yi-Fan Wu (吳亦凡),2016-08-13,61.53,77
2010WUIF01,Yi-Fan Wu (吳亦凡),2016-08-20,64.82,78
2010WUIF01,Yi-Fan Wu (吳亦凡),2016-08-20,61.38,79
2010WUIF01,Yi-Fan Wu (吳亦凡),2016-09-25,62.63,80
2010WUIF01,Yi-Fan Wu (吳亦凡),2016-09-25,62.77,81
2010WUIF01,Yi-Fan Wu (吳亦凡),2016-10-29,57.8,82
2010WUIF01,Yi-Fan Wu (吳亦凡),2016-10-29,59.86,83
2010WUIF01,Yi-Fan Wu (吳亦凡),2016-10-29,59.55,84
2010WUIF01,Yi-Fan Wu (吳亦凡),2017-02-11,53.94,85
2010WUIF01,Yi-Fan Wu (吳亦凡),2017-02-11,56.86,86
2010WUIF01,Yi-Fan Wu (吳亦凡),2017-02-25,59.02,87
2010WUIF01,Yi-Fan Wu (吳亦凡),2017-05-20,59.7,88
2010WUIF01,Yi-Fan Wu (吳亦凡),2017-06-11,52.63,89
2010WUIF01,Yi-Fan Wu (吳亦凡),2017-06-11,55.8,90
2010WUIF01,Yi-Fan Wu (吳亦凡),2017-07-02,55.07,91
2010WUIF01,Yi-Fan Wu (吳亦凡),2017-07-08,57.25,92
2010WUIF01,Yi-Fan Wu (吳亦凡),2017-07-08,55.26,93
2010WUIF01,Yi-Fan Wu (吳亦凡),2017-07-13,53.27,94
2010WUIF01,Yi-Fan Wu (吳亦凡),2017-07-13,59.33,95
2010WUIF01,Yi-Fan Wu (吳亦凡),2017-07-13,52.13,96
2010WUIF01,Yi-Fan Wu (吳亦凡),2017-07-28,52.26,97
2010WUIF01,Yi-Fan Wu (吳亦凡),2017-07-28,61.05,98
2010WUIF01,Yi-Fan Wu (吳亦凡),2017-07-28,54.65,99
2010WUIF01,Yi-Fan Wu (吳亦凡),2017-08-12,53.7,100
2010WUIF01,Yi-Fan Wu (吳亦凡),2017-08-12,53.72,101
2010WUIF01,Yi-Fan Wu (吳亦凡),2017-10-28,55.1,102
2010WUIF01,Yi-Fan Wu (吳亦凡),2017-10-28,55.39,103
2010WUIF01,Yi-Fan Wu (吳亦凡),2017-12-09,55.98,104
2010WUIF01,Yi-Fan Wu (吳亦凡),2017-12-09,54.72,105
2010WUIF01,Yi-Fan Wu (吳亦凡),2017-12-09,55.01,106
2010WUIF01,Yi-Fan Wu (吳亦凡),2017-12-16,57.74,107
2010WUIF01,Yi-Fan Wu (吳亦凡),2018-01-20,54.87,108
2010WUIF01,Yi-Fan Wu (吳亦凡),2018-01-20,58.73,109
2010WUIF01,Yi-Fan Wu (吳亦凡),2018-04-13,59.19,110
2010WUIF01,Yi-Fan Wu (吳亦凡),2018-04-13,56.34,111
2010WUIF01,Yi-Fan Wu (吳亦凡),2018-05-12,57.82,112
2010WUIF01,Yi-Fan Wu (吳亦凡),2018-05-12,61.65,113
2010WUIF01,Yi-Fan Wu (吳亦凡),2018-06-09,54.0,114
2010WUIF01,Yi-Fan Wu (吳亦凡),2018-06-30,57.94,115
2010WUIF01,Yi-Fan Wu (吳亦凡),2018-07-27,57.68,116
2010WUIF01,Yi-Fan Wu (吳亦凡),2018-07-27,56.76,117
2010WUIF01,Yi-Fan Wu (吳亦凡),2018-07-27,58.46,118
2010WUIF01,Yi-Fan Wu (吳亦凡),2018-08-17,56.68,119
2010WUIF01,Yi-Fan Wu (吳亦凡),2018-08-17,56.75,120
2010WUIF01,Yi-Fan Wu (吳亦凡),2018-08-17,52.42,121
2010WUIF01,Yi-Fan Wu (吳亦凡),2018-08-31,54.9,122
2010WUIF01,Yi-Fan Wu (吳亦凡),2019-01-04,53.28,123
2010WUIF01,Yi-Fan Wu (吳亦凡),2019-01-04,53.73,124
2010WUIF01,Yi-Fan Wu (吳亦凡),2019-02-02,59.25,125
2010WUIF01,Yi-Fan Wu (吳亦凡),2019-03-09,55.24,126
2010WUIF01,Yi-Fan Wu (吳亦凡),2019-03-16,55.3,127
2010WUIF01,Yi-Fan Wu (吳亦凡),2019-03-16,59.2,128
2010WUIF01,Yi-Fan Wu (吳亦凡),2019-03-30,55.85,129
2010WUIF01,Yi-Fan Wu (吳亦凡),2019-03-30,55.34,130
2010WUIF01,Yi-Fan Wu (吳亦凡),2019-05-04,56.82,131
2010WUIF01,Yi-Fan Wu (吳亦凡),2019-06-08,59.87,132
2010WUIF01,Yi-Fan Wu (吳亦凡),2019-06-15,49.97,133
2010WUIF01,Yi-Fan Wu (吳亦凡),2019-06-15,51.26,134
2010WUIF01,Yi-Fan Wu (吳亦凡),2019-06-29,52.7,135
2010WUIF01,Yi-Fan Wu (吳亦凡),2019-06-29,52.61,136
2010WUIF01,Yi-Fan Wu (吳亦凡),2019-07-06,51.6,137
2010WUIF01,Yi-Fan Wu (吳亦凡),2019-07-06,53.03,138
2010WUIF01,Yi-Fan Wu (吳亦凡),2019-07-11,53.07,139
2010WUIF01,Yi-Fan Wu (吳亦凡),2019-07-11,54.22,140
2010WUIF01,Yi-Fan Wu (吳亦凡),2019-07-11,55.03,141
2010WUIF01,Yi-Fan Wu (吳亦凡),2019-09-28,57.11,142
2010WUIF01,Yi-Fan Wu (吳亦凡),2019-09-28,55.95,143
2010WUIF01,Yi-Fan Wu (吳亦凡),2019-10-19,53.04,144
2010WUIF01,Yi-Fan Wu (吳亦凡),2019-12-21,52.9,145
2010WUIF01,Yi-Fan Wu (吳亦凡),2020-12-18,53.46,146
2010WUIF01,Yi-Fan Wu (吳亦凡),2020-12-18,53.48,147
2010WUIF01,Yi-Fan Wu (吳亦凡),2020-12-18,50.11,148
2010WUIF01,Yi-Fan Wu (吳亦凡),2021-07-24,50.19,149
2010WUIF01,Yi-Fan Wu (吳亦凡),2021-10-23,51.33,150
2010WUIF01,Yi-Fan Wu (吳亦凡),2021-11-20,49.71,151
2010WUIF01,Yi-Fan Wu (吳亦凡),2022-02-05,48.71,152
2010WUIF01,Yi-Fan Wu (吳亦凡),2022-02-05,50.5,153
2010WUIF01,Yi-Fan Wu (吳亦凡),2022-07-23,49.79,154
2010WUIF01,Yi-Fan Wu (吳亦凡),2022-07-23,50.39,155
2010WUIF01,Yi-Fan Wu (吳亦凡),2022-09-03,51.04,156
2010WUIF01,Yi-Fan Wu (吳亦凡),2022-09-03,50.02,157
2010WUIF01,Yi-Fan Wu (吳亦凡),2022-11-05,48.46,158
2010WUIF01,Yi-Fan Wu (吳亦凡),2022-11-05,49.03,159
2010WUIF01,Yi-Fan Wu (吳亦凡),2022-11-06,48.76,160
2010WUIF01,Yi-Fan Wu (吳亦凡),2022-11-20,48.73,161
2010WUIF01,Yi-Fan Wu (吳亦凡),2022-11-20,47.04,162
2010WUIF01,Yi-Fan Wu (吳亦凡),2022-12-16,49.98,163
2010WUIF01,Yi-Fan Wu (吳亦凡),2022-12-16,47.49,164
2010WUIF01,Yi-Fan Wu (吳亦凡),2022-12-16,50.33,165
2010WUIF01,Yi-Fan Wu (吳亦凡),2023-01-14,50.4,166
2010WUIF01,Yi-Fan Wu (吳亦凡),2023-01-14,50.81,167
2010WUIF01,Yi-Fan Wu (吳亦凡),2023-02-17,45.04,168
2010WUIF01,Yi-Fan Wu (吳亦凡),2023-02-17,46.96,169
2010WUIF01,Yi-Fan Wu (吳亦凡),2023-05-20,48.25,170
2010WUIF01,Yi-Fan Wu (吳亦凡),2023-05-20,49.58,171
2010WUIF01,Yi-Fan Wu (吳亦凡),2023-05-20,48.31,172
2010WUIF01,Yi-Fan Wu (吳亦凡),2023-06-03,47.47,173
2010WUIF01,Yi-Fan Wu (吳亦凡),2023-06-03,50.71,174
2010WUIF01,Yi-Fan Wu (吳亦凡),2023-06-03,47.78,175
2010WUIF01,Yi-Fan Wu (吳亦凡),2023-07-15,49.85,176
2010WUIF01,Yi-Fan Wu (吳亦凡),2023-07-15,50.35,177
2010WUIF01,Yi-Fan Wu (吳亦凡),2023-07-15,48.63,178
2010WUIF01,Yi-Fan Wu (吳亦凡),2023-07-17,53.72,179
2010WUIF01,Yi-Fan Wu (吳亦凡),2023-07-17,49.84,180
2010WUIF01,Yi-Fan Wu (吳亦凡),2023-07-22,48.93,181
2010WUIF01,Yi-Fan Wu (吳亦凡),2023-07-22,47.77,182
2010WUIF01,Yi-Fan Wu (吳亦凡),2023-08-12,52.38,183
2010WUIF01,Yi-Fan Wu (吳亦凡),2023-08-12,53.01,184
2010WUIF01,Yi-Fan Wu (吳亦凡),2023-08-26,47.34,185
2010WUIF01,Yi-Fan Wu (吳亦凡),2023-08-26,47.44,186
2010WUIF01,Yi-Fan Wu (吳亦凡),2023-09-10,47.58,187
2010WUIF01,Yi-Fan Wu (吳亦凡),2023-09-16,49.12,188
2010WUIF01,Yi-Fan Wu (吳亦凡),2023-09-16,49.07,189
2010WUIF01,Yi-Fan Wu (吳亦凡),2023-09-16,47.41,190
2010WUIF01,Yi-Fan Wu (吳亦凡),2023-11-11,51.34,191
2010WUIF01,Yi-Fan Wu (吳亦凡),2023-11-11,48.54,192
2010WUIF01,Yi-Fan Wu (吳亦凡),2023-12-08,46.95,193
2010WUIF01,Yi-Fan Wu (吳亦凡),2023-12-08,49.84,194
2010WUIF01,Yi-Fan Wu (吳亦凡),2023-12-08,49.56,195
2010WUIF01,Yi-Fan Wu (吳亦凡),2024-01-27,51.38,196
2010WUIF01,Yi-Fan Wu (吳亦凡),2024-01-27,51.65,197
2010WUIF01,Yi-Fan Wu (吳亦凡),2024-02-03,47.38,198
2010WUIF01,Yi-Fan Wu (吳亦凡),2024-02-03,46.53,199
2010WUIF01,Yi-Fan Wu (吳亦凡),2024-02-16,49.92,200
2010WUIF01,Yi-Fan Wu (吳亦凡),2024-02-16,50.14,201
2010WUIF01,Yi-Fan Wu (吳亦凡),2024-02-16,47.27,202
2010WUIF01,Yi-Fan Wu (吳亦凡),2024-04-06,50.0,203
2010WUIF01,Yi-Fan Wu (吳亦凡),2024-04-06,53.21,204
2010WUIF01,Yi-Fan Wu (吳亦凡),2024-05-25,51.65,205
2010WUIF01,Yi-Fan Wu (吳亦凡),2024-05-25,46.96,206
2010WUIF01,Yi-Fan Wu (吳亦凡),2024-06-29,49.56,207
2010WUIF01,Yi-Fan Wu (吳亦凡),2024-06-29,48.7,208
2010WUIF01,Yi-Fan Wu (吳亦凡),2024-08-03,45.1,209
2010WUIF01,Yi-Fan Wu (吳亦凡),2024-08-03,48.37,210
2010WUIF01,Yi-Fan Wu (吳亦凡),2024-11-16,46.37,211
2010WUIF01,Yi-Fan Wu (吳亦凡),2024-11-16,48.71,212
2010WUIF01,Yi-Fan Wu (吳亦凡),2024-11-23,49.94,213
2010WUIF01,Yi-Fan Wu (吳亦凡),2024-11-23,47.13,214
2010WUIF01,Yi-Fan Wu (吳亦凡),2025-03-01,48.87,215
2010WUIF01,Yi-Fan Wu (吳亦凡),2025-03-01,50.84,216
2010WUIF01,Yi-Fan Wu (吳亦凡),2025-03-02,48.22,217
2010WUIF01,Yi-Fan Wu (吳亦凡),2025-03-02,46.07,218
2010WUIF01,Yi-Fan Wu (吳亦凡),2025-03-02,44.56,219
2010WUIF01,Yi-Fan Wu (吳亦凡),2025-05-03,50.3,220
2010WUIF01,Yi-Fan Wu (吳亦凡),2025-05-03,47.18,221
2010WUIF01,Yi-Fan Wu (吳亦凡),2025-05-25,49.53,222
2010WUIF01,Yi-Fan Wu (吳亦凡),2025-05-25,46.21,223
2010WUIF01,Yi-Fan Wu (吳亦凡),2025-05-31,50.45,224
2010WUIF01,Yi-Fan Wu (吳亦凡),2025-05-31,48.93,225
2010WUIF01,Yi-Fan Wu (吳亦凡),2025-06-15,48.84,226
2010WUIF01,Yi-Fan Wu (吳亦凡),2025-06-15,46.44,227
2010WUIF01,Yi-Fan Wu (吳亦凡),2025-07-03,47.58,228
2010WUIF01,Yi-Fan Wu (吳亦凡),2025-07-03,48.2,229
2010WUIF01,Yi-Fan Wu (吳亦凡),2025-07-09,46.63,230
2010WUIF01,Yi-Fan Wu (吳亦凡),2025-08-10,46.55,231
2010WUIF01,Yi-Fan Wu (吳亦凡),2025-08-10,48.44,232
2010WUIF01,Yi-Fan Wu (吳亦凡),2025-08-10,45.96,233
2010WUIF01,Yi-Fan Wu (吳亦凡),2025-08-16,48.57,234
2010WUIF01,Yi-Fan Wu (吳亦凡),2025-08-16,48.8,235
2010WUIF01,Yi-Fan Wu (吳亦凡),2025-08-16,45.75,236
2010WUIF01,Yi-Fan Wu (吳亦凡),2025-08-30,49.26,237
2010WUIF01,Yi-Fan Wu (吳亦凡),2025-08-30,51.31,238
2010WUIF01,Yi-Fan Wu (吳亦凡),2025-09-13,46.28,239
2010WUIF01,Yi-Fan Wu (吳亦凡),2025-09-20,44.46,240
2010WUIF01,Yi-Fan Wu (吳亦凡),2025-09-20,47.41,241
2010WUIF01,Yi-Fan Wu (吳亦凡),2025-10-25,43.38,242
2010WUIF01,Yi-Fan Wu (吳亦凡),2025-10-25,45.45,243
2010WUIF01,Yi-Fan Wu (吳亦凡),2025-11-29,47.21,244
2010WUIF01,Yi-Fan Wu (吳亦凡),2025-11-29,45.79,245
2010WUIF01,Yi-Fan Wu (吳亦凡),2025-11-29,44.64,246
2010WUIF01,Yi-Fan Wu (吳亦凡),2025-12-14,44.69,247
2010WUIF01,Yi-Fan Wu (吳亦凡),2025-12-14,46.14,248
2010WUIF01,Yi-Fan Wu (吳亦凡),2025-12-14,47.34,249
2010WUIF01,Yi-Fan Wu (吳亦凡),2026-04-18,45.73,250
2011HOFF02,Valentin Hoffmann,2012-04-20,135.45,1
2011HOFF02,Valentin Hoffmann,2012-04-28,133.75,2
2011HOFF02,Valentin Hoffmann,2012-04-28,132.36,3
2011HOFF02,Valentin Hoffmann,2012-05-19,127.9,4
2011HOFF02,Valentin Hoffmann,2012-06-30,114.72,5
2011HOFF02,Valentin Hoffmann,2012-08-31,112.12,6
2011HOFF02,Valentin Hoffmann,2012-11-03,109.05,7
2011HOFF02,Valentin Hoffmann,2012-12-22,113.13,8
2011HOFF02,Valentin Hoffmann,2012-12-22,108.09,9
2011HOFF02,Valentin Hoffmann,2013-04-27,112.05,10
2011HOFF02,Valentin Hoffmann,2013-08-03,114.14,11
2011HOFF02,Valentin Hoffmann,2013-08-03,106.55,12
2011HOFF02,Valentin Hoffmann,2013-09-14,100.08,13
2011HOFF02,Valentin Hoffmann,2013-10-20,103.89,14
2011HOFF02,Valentin Hoffmann,2013-12-21,100.33,15
2011HOFF02,Valentin Hoffmann,2013-12-21,95.7,16
2011HOFF02,Valentin Hoffmann,2014-05-10,98.22,17
2011HOFF02,Valentin Hoffmann,2014-05-10,96.39,18
2011HOFF02,Valentin Hoffmann,2014-08-08,97.91,19
2011HOFF02,Valentin Hoffmann,2014-08-08,97.46,20
2011HOFF02,Valentin Hoffmann,2014-09-13,95.92,21
2011HOFF02,Valentin Hoffmann,2015-02-21,88.0,22
2011HOFF02,Valentin Hoffmann,2015-02-21,84.1,23
2011HOFF02,Valentin Hoffmann,2015-03-29,89.53,24
2011HOFF02,Valentin Hoffmann,2015-04-18,89.66,25
2011HOFF02,Valentin Hoffmann,2015-04-18,91.59,26
2011HOFF02,Valentin Hoffmann,2015-07-04,81.32,27
2011HOFF02,Valentin Hoffmann,2015-09-12,85.65,28
2011HOFF02,Valentin Hoffmann,2015-10-17,82.61,29
2011HOFF02,Valentin Hoffmann,2015-10-17,82.53,30
2011HOFF02,Valentin Hoffmann,2015-10-24,88.31,31
2011HOFF02,Valentin Hoffmann,2015-10-24,85.07,32
2011HOFF02,Valentin Hoffmann,2015-12-19,86.26,33
2011HOFF02,Valentin Hoffmann,2016-01-30,82.28,34
2011HOFF02,Valentin Hoffmann,2016-01-30,88.24,35
2011HOFF02,Valentin Hoffmann,2016-02-13,92.53,36
2011HOFF02,Valentin Hoffmann,2016-02-13,87.04,37
2011HOFF02,Valentin Hoffmann,2016-04-30,86.13,38
2011HOFF02,Valentin Hoffmann,2016-05-07,90.86,39
2011HOFF02,Valentin Hoffmann,2016-05-07,83.89,40
2011HOFF02,Valentin Hoffmann,2016-06-19,79.24,41
2011HOFF02,Valentin Hoffmann,2016-07-09,82.53,42
2011HOFF02,Valentin Hoffmann,2016-07-15,83.31,43
2011HOFF02,Valentin Hoffmann,2016-08-13,84.1,44
2011HOFF02,Valentin Hoffmann,2016-08-13,87.51,45
2011HOFF02,Valentin Hoffmann,2016-09-10,85.4,46
2011HOFF02,Valentin Hoffmann,2016-10-15,79.2,47
2011HOFF02,Valentin Hoffmann,2016-10-15,83.23,48
2011HOFF02,Valentin Hoffmann,2016-11-01,84.03,49
2011HOFF02,Valentin Hoffmann,2016-12-03,79.56,50
2011HOFF02,Valentin Hoffmann,2016-12-03,74.6,51
2011HOFF02,Valentin Hoffmann,2017-01-28,81.69,52
2011HOFF02,Valentin Hoffmann,2017-01-28,78.64,53
2011HOFF02,Valentin Hoffmann,2017-04-08,75.06,54
2011HOFF02,Valentin Hoffmann,2017-04-08,79.15,55
2011HOFF02,Valentin Hoffmann,2017-05-27,78.98,56
2011HOFF02,Valentin Hoffmann,2017-05-27,73.39,57
2011HOFF02,Valentin Hoffmann,2017-07-13,76.68,58
2011HOFF02,Valentin Hoffmann,2017-07-13,73.06,59
2011HOFF02,Valentin Hoffmann,2017-09-09,70.77,60
2011HOFF02,Valentin Hoffmann,2017-09-23,72.77,61
2011HOFF02,Valentin Hoffmann,2017-09-23,72.79,62
2011HOFF02,Valentin Hoffmann,2017-11-11,72.01,63
2011HOFF02,Valentin Hoffmann,2017-11-11,68.96,64
2011HOFF02,Valentin Hoffmann,2017-11-25,74.31,65
2011HOFF02,Valentin Hoffmann,2017-11-25,73.07,66
2011HOFF02,Valentin Hoffmann,2017-12-16,72.31,67
2011HOFF02,Valentin Hoffmann,2017-12-16,73.67,68
2011HOFF02,Valentin Hoffmann,2018-02-10,71.25,69
2011HOFF02,Valentin Hoffmann,2018-02-10,72.34,70
2011HOFF02,Valentin Hoffmann,2018-03-31,72.96,71
2011HOFF02,Valentin Hoffmann,2018-03-31,69.05,72
2011HOFF02,Valentin Hoffmann,2018-04-28,72.76,73
2011HOFF02,Valentin Hoffmann,2018-04-28,73.51,74
2011HOFF02,Valentin Hoffmann,2018-05-12,73.37,75
2011HOFF02,Valentin Hoffmann,2018-05-12,69.35,76
2011HOFF02,Valentin Hoffmann,2018-07-19,72.47,77
2011HOFF02,Valentin Hoffmann,2018-07-19,72.24,78
2011HOFF02,Valentin Hoffmann,2018-09-08,72.55,79
2011HOFF02,Valentin Hoffmann,2018-09-22,74.74,80
2011HOFF02,Valentin Hoffmann,2018-09-22,72.91,81
2011HOFF02,Valentin Hoffmann,2018-10-06,69.59,82
2011HOFF02,Valentin Hoffmann,2018-10-06,72.34,83
2011HOFF02,Valentin Hoffmann,2018-11-10,65.94,84
2011HOFF02,Valentin Hoffmann,2018-11-10,67.58,85
2011HOFF02,Valentin Hoffmann,2018-11-17,71.63,86
2011HOFF02,Valentin Hoffmann,2018-11-17,67.8,87
2011HOFF02,Valentin Hoffmann,2019-02-02,71.8,88
2011HOFF02,Valentin Hoffmann,2019-02-02,69.7,89
2011HOFF02,Valentin Hoffmann,2019-04-06,69.78,90
2011HOFF02,Valentin Hoffmann,2019-04-20,64.67,91
2011HOFF02,Valentin Hoffmann,2019-04-20,66.06,92
2011HOFF02,Valentin Hoffmann,2019-05-18,72.28,93
2011HOFF02,Valentin Hoffmann,2019-05-18,68.6,94
2011HOFF02,Valentin Hoffmann,2019-06-22,64.8,95
2011HOFF02,Valentin Hoffmann,2019-06-22,69.14,96
2011HOFF02,Valentin Hoffmann,2019-06-29,67.89,97
2011HOFF02,Valentin Hoffmann,2019-06-29,73.35,98
2011HOFF02,Valentin Hoffmann,2019-07-06,70.42,99
2011HOFF02,Valentin Hoffmann,2019-07-11,68.41,100
2011HOFF02,Valentin Hoffmann,2019-07-11,70.55,101
2011HOFF02,Valentin Hoffmann,2019-08-02,67.98,102
2011HOFF02,Valentin Hoffmann,2019-08-02,66.69,103
2011HOFF02,Valentin Hoffmann,2019-09-07,69.78,104
2011HOFF02,Valentin Hoffmann,2019-09-21,66.2,105
2011HOFF02,Valentin Hoffmann,2019-09-21,65.78,106
2011HOFF02,Valentin Hoffmann,2019-10-19,65.31,107
2011HOFF02,Valentin Hoffmann,2019-10-19,67.31,108
2011HOFF02,Valentin Hoffmann,2019-11-23,65.25,109
2011HOFF02,Valentin Hoffmann,2019-11-23,67.92,110
2011HOFF02,Valentin Hoffmann,2020-02-15,66.61,111
2011HOFF02,Valentin Hoffmann,2020-02-15,67.29,112
2011HOFF02,Valentin Hoffmann,2021-10-16,64.19,113
2011HOFF02,Valentin Hoffmann,2022-04-16,62.02,114
2011HOFF02,Valentin Hoffmann,2022-04-16,64.6,115
2011HOFF02,Valentin Hoffmann,2022-05-21,66.39,116
2011HOFF02,Valentin Hoffmann,2022-05-21,66.73,117
2011HOFF02,Valentin Hoffmann,2022-06-04,60.86,118
2011HOFF02,Valentin Hoffmann,2022-06-04,62.46,119
2011HOFF02,Valentin Hoffmann,2022-07-02,64.19,120
2011HOFF02,Valentin Hoffmann,2022-07-09,63.72,121
2011HOFF02,Valentin Hoffmann,2022-07-09,61.3,122
2011HOFF02,Valentin Hoffmann,2022-07-14,64.5,123
2011HOFF02,Valentin Hoffmann,2022-07-14,63.45,124
2011HOFF02,Valentin Hoffmann,2022-08-19,67.66,125
2011HOFF02,Valentin Hoffmann,2022-08-19,65.51,126
2011HOFF02,Valentin Hoffmann,2022-09-03,66.02,127
2011HOFF02,Valentin Hoffmann,2022-10-29,61.9,128
2011HOFF02,Valentin Hoffmann,2022-10-29,62.39,129
2011HOFF02,Valentin Hoffmann,2023-02-18,65.42,130
2011HOFF02,Valentin Hoffmann,2023-02-18,64.75,131
2011HOFF02,Valentin Hoffmann,2023-02-25,66.68,132
2011HOFF02,Valentin Hoffmann,2023-02-25,65.51,133
2011HOFF02,Valentin Hoffmann,2023-03-04,60.92,134
2011HOFF02,Valentin Hoffmann,2023-03-04,60.22,135
2011HOFF02,Valentin Hoffmann,2023-03-18,64.75,136
2011HOFF02,Valentin Hoffmann,2023-03-18,61.82,137
2011HOFF02,Valentin Hoffmann,2023-04-22,62.65,138
2011HOFF02,Valentin Hoffmann,2023-05-06,61.97,139
2011HOFF02,Valentin Hoffmann,2023-05-06,61.17,140
2011HOFF02,Valentin Hoffmann,2023-05-27,60.94,141
2011HOFF02,Valentin Hoffmann,2023-05-27,62.23,142
2011HOFF02,Valentin Hoffmann,2023-05-27,62.54,143
2011HOFF02,Valentin Hoffmann,2023-06-24,64.16,144
2011HOFF02,Valentin Hoffmann,2023-07-08,62.56,145
2011HOFF02,Valentin Hoffmann,2023-07-08,59.66,146
2011HOFF02,Valentin Hoffmann,2023-07-15,58.93,147
2011HOFF02,Valentin Hoffmann,2023-07-15,63.69,148
2011HOFF02,Valentin Hoffmann,2023-07-15,61.09,149
2011HOFF02,Valentin Hoffmann,2023-07-22,64.83,150
2011HOFF02,Valentin Hoffmann,2023-07-22,64.56,151
2011HOFF02,Valentin Hoffmann,2023-09-02,63.84,152
2011HOFF02,Valentin Hoffmann,2023-09-30,64.53,153
2011HOFF02,Valentin Hoffmann,2023-09-30,62.05,154
2011HOFF02,Valentin Hoffmann,2023-10-14,65.23,155
2011HOFF02,Valentin Hoffmann,2023-10-14,62.03,156
2011HOFF02,Valentin Hoffmann,2023-10-14,62.27,157
2011HOFF02,Valentin Hoffmann,2023-10-21,60.99,158
2011HOFF02,Valentin Hoffmann,2023-11-18,65.19,159
2011HOFF02,Valentin Hoffmann,2023-11-18,59.74,160
2011HOFF02,Valentin Hoffmann,2024-01-27,63.08,161
2011HOFF02,Valentin Hoffmann,2024-01-27,63.94,162
2011HOFF02,Valentin Hoffmann,2024-01-27,65.76,163
2011HOFF02,Valentin Hoffmann,2024-02-03,67.11,164
2011HOFF02,Valentin Hoffmann,2024-02-03,63.13,165
2011HOFF02,Valentin Hoffmann,2024-02-03,59.36,166
2011HOFF02,Valentin Hoffmann,2024-03-30,66.99,167
2011HOFF02,Valentin Hoffmann,2024-04-13,59.81,168
2011HOFF02,Valentin Hoffmann,2024-04-13,63.16,169
2011HOFF02,Valentin Hoffmann,2024-04-27,59.68,170
2011HOFF02,Valentin Hoffmann,2024-04-27,60.88,171
2011HOFF02,Valentin Hoffmann,2024-04-27,65.35,172
2011HOFF02,Valentin Hoffmann,2024-05-04,62.81,173
2011HOFF02,Valentin Hoffmann,2024-05-25,65.22,174
2011HOFF02,Valentin Hoffmann,2024-05-25,63.39,175
2011HOFF02,Valentin Hoffmann,2024-05-25,61.47,176
2011HOFF02,Valentin Hoffmann,2024-06-15,64.42,177
2011HOFF02,Valentin Hoffmann,2024-06-15,59.2,178
2011HOFF02,Valentin Hoffmann,2024-06-15,57.4,179
2011HOFF02,Valentin Hoffmann,2024-06-22,63.23,180
2011HOFF02,Valentin Hoffmann,2024-06-22,64.65,181
2011HOFF02,Valentin Hoffmann,2024-06-22,63.28,182
2011HOFF02,Valentin Hoffmann,2024-06-29,61.72,183
2011HOFF02,Valentin Hoffmann,2024-06-29,61.5,184
2011HOFF02,Valentin Hoffmann,2024-09-07,62.01,185
2011HOFF02,Valentin Hoffmann,2024-09-14,60.05,186
2011HOFF02,Valentin Hoffmann,2024-09-21,67.49,187
2011HOFF02,Valentin Hoffmann,2024-09-21,62.19,188
2011HOFF02,Valentin Hoffmann,2024-10-04,59.24,189
2011HOFF02,Valentin Hoffmann,2024-10-04,62.23,190
2011HOFF02,Valentin Hoffmann,2024-11-30,59.25,191
2011HOFF02,Valentin Hoffmann,2024-11-30,62.17,192
2011HOFF02,Valentin Hoffmann,2024-11-30,62.13,193
2011HOFF02,Valentin Hoffmann,2024-12-14,60.0,194
2011HOFF02,Valentin Hoffmann,2024-12-14,59.08,195
2011HOFF02,Valentin Hoffmann,2025-01-18,65.23,196
2011HOFF02,Valentin Hoffmann,2025-02-14,61.3,197
2011HOFF02,Valentin Hoffmann,2025-03-22,64.14,198
2011HOFF02,Valentin Hoffmann,2025-03-22,56.98,199
2011HOFF02,Valentin Hoffmann,2025-03-22,58.05,200
2011HOFF02,Valentin Hoffmann,2025-04-19,60.67,201
2011HOFF02,Valentin Hoffmann,2025-04-19,58.51,202
2011HOFF02,Valentin Hoffmann,2025-05-24,59.13,203
2011HOFF02,Valentin Hoffmann,2025-05-24,61.81,204
2011HOFF02,Valentin Hoffmann,2025-05-24,58.7,205
2011HOFF02,Valentin Hoffmann,2025-05-30,60.33,206
2011HOFF02,Valentin Hoffmann,2025-07-03,61.3,207
2011HOFF02,Valentin Hoffmann,2025-08-03,59.06,208
2011HOFF02,Valentin Hoffmann,2025-08-03,58.7,209
2011HOFF02,Valentin Hoffmann,2025-08-03,59.37,210
2011HOFF02,Valentin Hoffmann,2025-08-09,58.52,211
2011HOFF02,Valentin Hoffmann,2025-08-09,58.64,212
2011HOFF02,Valentin Hoffmann,2025-08-09,67.9,213
2011HOFF02,Valentin Hoffmann,2025-09-06,57.76,214
2011HOFF02,Valentin Hoffmann,2025-10-18,61.2,215
2011HOFF02,Valentin Hoffmann,2025-10-18,59.02,216
2011HOFF02,Valentin Hoffmann,2025-10-25,57.73,217
2011HOFF02,Valentin Hoffmann,2025-11-08,58.5,218
2011HOFF02,Valentin Hoffmann,2025-11-08,59.47,219
2011HOFF02,Valentin Hoffmann,2025-11-15,58.34,220
2011HOFF02,Valentin Hoffmann,2025-11-15,59.22,221
2011HOFF02,Valentin Hoffmann,2026-01-17,59.3,222
2011HOFF02,Valentin Hoffmann,2026-01-31,60.52,223
2011HOFF02,Valentin Hoffmann,2026-01-31,59.61,224
2011HOFF02,Valentin Hoffmann,2026-03-14,58.83,225
2011HOFF02,Valentin Hoffmann,2026-03-14,60.76,226
2011HOFF02,Valentin Hoffmann,2026-03-28,59.23,227
2011HOFF02,Valentin Hoffmann,2026-04-04,58.6,228
2011HOFF02,Valentin Hoffmann,2026-04-04,58.1,229
2011HOFF02,Valentin Hoffmann,2026-04-25,61.35,230
2011HOFF02,Valentin Hoffmann,2026-04-25,59.77,231
2011HOFF02,Valentin Hoffmann,2026-04-25,62.11,232
2011HOFF02,Valentin Hoffmann,2026-05-01,58.02,233
2011HOFF02,Valentin Hoffmann,2026-05-01,59.11,234
2012BEAH01,Ciarán Beahan,2012-07-14,154.93,1
2012BEAH01,Ciarán Beahan,2012-07-14,152.14,2
2012BEAH01,Ciarán Beahan,2012-11-03,135.49,3
2012BEAH01,Ciarán Beahan,2013-01-26,129.42,4
2012BEAH01,Ciarán Beahan,2013-01-26,127.04,5
2012BEAH01,Ciarán Beahan,2013-02-23,132.92,6
2012BEAH01,Ciarán Beahan,2013-02-23,126.11,7
2012BEAH01,Ciarán Beahan,2013-04-06,115.31,8
2012BEAH01,Ciarán Beahan,2013-04-06,131.59,9
2012BEAH01,Ciarán Beahan,2013-06-15,111.58,10
2012BEAH01,Ciarán Beahan,2013-06-15,120.25,11
2012BEAH01,Ciarán Beahan,2013-08-24,99.54,12
2012BEAH01,Ciarán Beahan,2013-08-24,112.25,13
2012BEAH01,Ciarán Beahan,2013-10-05,95.06,14
2012BEAH01,Ciarán Beahan,2013-10-05,89.09,15
2012BEAH01,Ciarán Beahan,2013-11-16,91.02,16
2012BEAH01,Ciarán Beahan,2013-11-16,91.88,17
2012BEAH01,Ciarán Beahan,2014-02-22,96.64,18
2012BEAH01,Ciarán Beahan,2014-02-22,89.51,19
2012BEAH01,Ciarán Beahan,2014-05-17,84.77,20
2012BEAH01,Ciarán Beahan,2014-05-17,80.36,21
2012BEAH01,Ciarán Beahan,2014-05-17,84.39,22
2012BEAH01,Ciarán Beahan,2014-08-23,81.41,23
2012BEAH01,Ciarán Beahan,2014-08-23,81.01,24
2012BEAH01,Ciarán Beahan,2014-08-23,78.8,25
2012BEAH01,Ciarán Beahan,2014-11-01,71.97,26
2012BEAH01,Ciarán Beahan,2014-11-01,74.89,27
2012BEAH01,Ciarán Beahan,2015-04-11,67.69,28
2012BEAH01,Ciarán Beahan,2015-04-11,69.79,29
2012BEAH01,Ciarán Beahan,2015-07-04,74.85,30
2012BEAH01,Ciarán Beahan,2015-07-04,74.43,31
2012BEAH01,Ciarán Beahan,2015-07-04,74.92,32
2012BEAH01,Ciarán Beahan,2015-08-29,63.93,33
2012BEAH01,Ciarán Beahan,2015-08-29,65.18,34
2012BEAH01,Ciarán Beahan,2015-11-07,71.06,35
2012BEAH01,Ciarán Beahan,2015-11-07,64.24,36
2012BEAH01,Ciarán Beahan,2016-06-25,62.84,37
2012BEAH01,Ciarán Beahan,2016-06-25,68.54,38
2012BEAH01,Ciarán Beahan,2016-07-15,66.74,39
2012BEAH01,Ciarán Beahan,2016-07-15,70.38,40
2012BEAH01,Ciarán Beahan,2016-07-15,66.24,41
2012BEAH01,Ciarán Beahan,2016-10-01,60.56,42
2012BEAH01,Ciarán Beahan,2016-10-01,60.95,43
2012BEAH01,Ciarán Beahan,2016-11-04,61.3,44
2012BEAH01,Ciarán Beahan,2016-11-04,65.18,45
2012BEAH01,Ciarán Beahan,2017-06-03,58.6,46
2012BEAH01,Ciarán Beahan,2017-06-03,58.85,47
2012BEAH01,Ciarán Beahan,2017-06-24,63.47,48
2012BEAH01,Ciarán Beahan,2017-06-24,60.61,49
2012BEAH01,Ciarán Beahan,2017-07-08,59.84,50
2012BEAH01,Ciarán Beahan,2017-07-08,64.01,51
2012BEAH01,Ciarán Beahan,2017-07-13,61.54,52
2012BEAH01,Ciarán Beahan,2017-07-13,63.14,53
2012BEAH01,Ciarán Beahan,2017-07-13,61.66,54
2012BEAH01,Ciarán Beahan,2017-10-27,56.58,55
2012BEAH01,Ciarán Beahan,2017-10-27,57.74,56
2012BEAH01,Ciarán Beahan,2017-12-02,55.13,57
2012BEAH01,Ciarán Beahan,2017-12-02,52.17,58
2012BEAH01,Ciarán Beahan,2018-02-17,52.5,59
2012BEAH01,Ciarán Beahan,2018-02-17,52.93,60
2012BEAH01,Ciarán Beahan,2018-02-17,52.34,61
2012BEAH01,Ciarán Beahan,2018-04-14,49.77,62
2012BEAH01,Ciarán Beahan,2018-04-14,50.91,63
2012BEAH01,Ciarán Beahan,2018-06-30,48.54,64
2012BEAH01,Ciarán Beahan,2018-06-30,48.88,65
2012BEAH01,Ciarán Beahan,2018-07-14,49.7,66
2012BEAH01,Ciarán Beahan,2018-07-14,50.82,67
2012BEAH01,Ciarán Beahan,2018-07-14,49.82,68
2012BEAH01,Ciarán Beahan,2018-07-19,54.44,69
2012BEAH01,Ciarán Beahan,2018-07-19,48.76,70
2012BEAH01,Ciarán Beahan,2018-07-19,50.41,71
2012BEAH01,Ciarán Beahan,2018-08-25,49.3,72
2012BEAH01,Ciarán Beahan,2018-08-25,53.06,73
2012BEAH01,Ciarán Beahan,2018-10-26,50.33,74
2012BEAH01,Ciarán Beahan,2018-10-26,50.19,75
2012BEAH01,Ciarán Beahan,2018-10-26,47.94,76
2012BEAH01,Ciarán Beahan,2018-11-24,49.49,77
2012BEAH01,Ciarán Beahan,2018-11-24,51.54,78
2012BEAH01,Ciarán Beahan,2019-04-13,50.13,79
2012BEAH01,Ciarán Beahan,2019-04-13,50.11,80
2012BEAH01,Ciarán Beahan,2019-05-11,46.82,81
2012BEAH01,Ciarán Beahan,2019-05-11,45.54,82
2012BEAH01,Ciarán Beahan,2019-05-11,46.5,83
2012BEAH01,Ciarán Beahan,2019-06-22,45.7,84
2012BEAH01,Ciarán Beahan,2019-06-22,48.44,85
2012BEAH01,Ciarán Beahan,2019-07-06,48.41,86
2012BEAH01,Ciarán Beahan,2019-07-06,46.86,87
2012BEAH01,Ciarán Beahan,2019-07-11,47.18,88
2012BEAH01,Ciarán Beahan,2019-07-11,48.33,89
2012BEAH01,Ciarán Beahan,2019-07-11,46.09,90
2012BEAH01,Ciarán Beahan,2019-07-27,47.45,91
2012BEAH01,Ciarán Beahan,2019-07-27,45.19,92
2012BEAH01,Ciarán Beahan,2019-07-27,45.55,93
2012BEAH01,Ciarán Beahan,2019-08-31,47.62,94
2012BEAH01,Ciarán Beahan,2019-08-31,47.48,95
2012BEAH01,Ciarán Beahan,2019-10-25,48.97,96
2012BEAH01,Ciarán Beahan,2019-10-25,46.3,97
2012BEAH01,Ciarán Beahan,2019-10-25,45.44,98
2012BEAH01,Ciarán Beahan,2019-11-02,46.76,99
2012BEAH01,Ciarán Beahan,2019-11-02,47.5,100
2012BEAH01,Ciarán Beahan,2019-11-23,46.43,101
2012BEAH01,Ciarán Beahan,2019-11-23,51.87,102
2012BEAH01,Ciarán Beahan,2020-02-08,49.98,103
2012BEAH01,Ciarán Beahan,2020-02-08,45.93,104
2012BEAH01,Ciarán Beahan,2020-02-29,45.41,105
2012BEAH01,Ciarán Beahan,2020-02-29,47.55,106
2012BEAH01,Ciarán Beahan,2021-10-08,42.95,107
2012BEAH01,Ciarán Beahan,2021-10-08,44.25,108
2012BEAH01,Ciarán Beahan,2021-11-27,43.37,109
2012BEAH01,Ciarán Beahan,2021-11-27,44.09,110
2012BEAH01,Ciarán Beahan,2022-03-19,47.58,111
2012BEAH01,Ciarán Beahan,2022-03-19,45.46,112
2012BEAH01,Ciarán Beahan,2022-04-09,45.83,113
2012BEAH01,Ciarán Beahan,2022-04-09,44.88,114
2012BEAH01,Ciarán Beahan,2022-05-21,46.28,115
2012BEAH01,Ciarán Beahan,2022-05-21,43.82,116
2012BEAH01,Ciarán Beahan,2022-05-28,44.44,117
2012BEAH01,Ciarán Beahan,2022-07-02,44.08,118
2012BEAH01,Ciarán Beahan,2022-07-02,44.69,119
2012BEAH01,Ciarán Beahan,2022-07-09,48.11,120
2012BEAH01,Ciarán Beahan,2022-07-14,46.69,121
2012BEAH01,Ciarán Beahan,2022-07-14,45.19,122
2012BEAH01,Ciarán Beahan,2022-07-14,45.85,123
2012BEAH01,Ciarán Beahan,2022-08-14,44.39,124
2012BEAH01,Ciarán Beahan,2022-08-14,46.61,125
2012BEAH01,Ciarán Beahan,2022-10-28,44.21,126
2012BEAH01,Ciarán Beahan,2022-10-28,46.64,127
2012BEAH01,Ciarán Beahan,2022-10-28,48.44,128
2012BEAH01,Ciarán Beahan,2022-11-04,46.65,129
2012BEAH01,Ciarán Beahan,2022-11-04,46.84,130
2012BEAH01,Ciarán Beahan,2023-02-11,48.87,131
2012BEAH01,Ciarán Beahan,2023-02-11,47.3,132
2012BEAH01,Ciarán Beahan,2023-02-11,44.45,133
2012BEAH01,Ciarán Beahan,2023-02-25,45.68,134
2012BEAH01,Ciarán Beahan,2023-03-03,46.16,135
2012BEAH01,Ciarán Beahan,2023-03-03,45.52,136
2012BEAH01,Ciarán Beahan,2023-03-03,42.23,137
2012BEAH01,Ciarán Beahan,2023-04-15,46.28,138
2012BEAH01,Ciarán Beahan,2023-04-15,45.22,139
2012BEAH01,Ciarán Beahan,2023-05-06,44.24,140
2012BEAH01,Ciarán Beahan,2023-05-06,47.89,141
2012BEAH01,Ciarán Beahan,2023-05-20,43.86,142
2012BEAH01,Ciarán Beahan,2023-06-03,44.37,143
2012BEAH01,Ciarán Beahan,2023-06-03,46.2,144
2012BEAH01,Ciarán Beahan,2023-07-01,45.55,145
2012BEAH01,Ciarán Beahan,2023-07-01,50.29,146
2012BEAH01,Ciarán Beahan,2023-07-07,44.08,147
2012BEAH01,Ciarán Beahan,2023-07-07,46.55,148
2012BEAH01,Ciarán Beahan,2023-07-22,43.93,149
2012BEAH01,Ciarán Beahan,2023-08-12,44.81,150
2012BEAH01,Ciarán Beahan,2023-08-12,42.74,151
2012BEAH01,Ciarán Beahan,2023-08-12,44.01,152
2012BEAH01,Ciarán Beahan,2023-09-23,45.12,153
2012BEAH01,Ciarán Beahan,2023-10-20,45.81,154
2012BEAH01,Ciarán Beahan,2023-10-20,43.96,155
2012BEAH01,Ciarán Beahan,2023-10-20,44.0,156
2012BEAH01,Ciarán Beahan,2023-12-02,44.18,157
2012BEAH01,Ciarán Beahan,2024-01-13,45.61,158
2012BEAH01,Ciarán Beahan,2024-01-13,46.58,159
2012BEAH01,Ciarán Beahan,2024-01-20,44.72,160
2012BEAH01,Ciarán Beahan,2024-01-27,42.8,161
2012BEAH01,Ciarán Beahan,2024-02-18,43.51,162
2012BEAH01,Ciarán Beahan,2024-02-24,44.13,163
2012BEAH01,Ciarán Beahan,2024-02-24,44.14,164
2012BEAH01,Ciarán Beahan,2024-03-16,42.32,165
2012BEAH01,Ciarán Beahan,2024-03-16,43.47,166
2012BEAH01,Ciarán Beahan,2024-03-30,40.72,167
2012BEAH01,Ciarán Beahan,2024-03-30,46.99,168
2012BEAH01,Ciarán Beahan,2024-04-13,41.48,169
2012BEAH01,Ciarán Beahan,2024-04-13,41.47,170
2012BEAH01,Ciarán Beahan,2024-05-18,44.71,171
2012BEAH01,Ciarán Beahan,2024-05-18,43.98,172
2012BEAH01,Ciarán Beahan,2024-05-24,44.67,173
2012BEAH01,Ciarán Beahan,2024-05-24,44.37,174
2012BEAH01,Ciarán Beahan,2024-06-02,44.18,175
2012BEAH01,Ciarán Beahan,2024-06-15,41.55,176
2012BEAH01,Ciarán Beahan,2024-06-23,42.73,177
2012BEAH01,Ciarán Beahan,2024-07-05,44.2,178
2012BEAH01,Ciarán Beahan,2024-07-05,45.04,179
2012BEAH01,Ciarán Beahan,2024-07-19,43.75,180
2012BEAH01,Ciarán Beahan,2024-07-19,41.26,181
2012BEAH01,Ciarán Beahan,2024-07-25,41.78,182
2012BEAH01,Ciarán Beahan,2024-07-25,43.84,183
2012BEAH01,Ciarán Beahan,2024-07-25,42.14,184
2012BEAH01,Ciarán Beahan,2024-08-17,42.53,185
2012BEAH01,Ciarán Beahan,2024-08-17,42.69,186
2012BEAH01,Ciarán Beahan,2024-09-14,44.94,187
2012BEAH01,Ciarán Beahan,2024-09-14,41.79,188
2012BEAH01,Ciarán Beahan,2024-09-14,42.17,189
2012BEAH01,Ciarán Beahan,2024-09-21,44.42,190
2012BEAH01,Ciarán Beahan,2024-10-12,42.77,191
2012BEAH01,Ciarán Beahan,2024-11-01,43.45,192
2012BEAH01,Ciarán Beahan,2024-11-01,46.49,193
2012BEAH01,Ciarán Beahan,2024-11-01,44.21,194
2012BEAH01,Ciarán Beahan,2024-11-16,46.05,195
2012BEAH01,Ciarán Beahan,2024-11-16,41.83,196
2012BEAH01,Ciarán Beahan,2024-12-07,44.01,197
2012BEAH01,Ciarán Beahan,2024-12-07,43.11,198
2012BEAH01,Ciarán Beahan,2024-12-19,45.79,199
2012BEAH01,Ciarán Beahan,2024-12-19,42.0,200
2012BEAH01,Ciarán Beahan,2024-12-28,43.51,201
2012BEAH01,Ciarán Beahan,2025-01-18,46.12,202
2012BEAH01,Ciarán Beahan,2025-01-18,45.35,203
2012BEAH01,Ciarán Beahan,2025-01-18,43.97,204
2012BEAH01,Ciarán Beahan,2025-02-22,45.55,205
2012BEAH01,Ciarán Beahan,2025-02-22,43.39,206
2012BEAH01,Ciarán Beahan,2025-03-08,43.05,207
2012BEAH01,Ciarán Beahan,2025-03-08,42.53,208
2012BEAH01,Ciarán Beahan,2025-03-29,42.28,209
2012BEAH01,Ciarán Beahan,2025-04-19,46.04,210
2012BEAH01,Ciarán Beahan,2025-04-19,41.48,211
2012BEAH01,Ciarán Beahan,2025-04-26,43.71,212
2012BEAH01,Ciarán Beahan,2025-06-15,44.39,213
2012BEAH01,Ciarán Beahan,2025-06-21,42.69,214
2012BEAH01,Ciarán Beahan,2025-07-03,42.94,215
2012BEAH01,Ciarán Beahan,2025-07-03,42.38,216
2012BEAH01,Ciarán Beahan,2025-07-03,41.76,217
2012BEAH01,Ciarán Beahan,2025-07-26,42.85,218
2012BEAH01,Ciarán Beahan,2025-07-26,43.12,219
2012BEAH01,Ciarán Beahan,2025-08-15,43.75,220
2012BEAH01,Ciarán Beahan,2025-08-15,40.45,221
2012BEAH01,Ciarán Beahan,2025-08-22,42.03,222
2012BEAH01,Ciarán Beahan,2025-08-22,42.0,223
2012BEAH01,Ciarán Beahan,2025-08-30,41.54,224
2012BEAH01,Ciarán Beahan,2025-09-05,42.42,225
2012BEAH01,Ciarán Beahan,2025-09-05,41.03,226
2012BEAH01,Ciarán Beahan,2025-09-13,41.05,227
2012BEAH01,Ciarán Beahan,2025-09-26,42.53,228
2012BEAH01,Ciarán Beahan,2025-09-26,41.93,229
2012BEAH01,Ciarán Beahan,2025-10-11,43.84,230
2012BEAH01,Ciarán Beahan,2025-10-25,42.3,231
2012BEAH01,Ciarán Beahan,2025-10-25,43.56,232
2012BEAH01,Ciarán Beahan,2025-11-08,44.73,233
2012BEAH01,Ciarán Beahan,2025-11-29,42.53,234
2012BEAH01,Ciarán Beahan,2025-12-06,42.25,235
2012BEAH01,Ciarán Beahan,2025-12-06,40.17,236
2012BEAH01,Ciarán Beahan,2025-12-06,41.7,237
2012BEAH01,Ciarán Beahan,2025-12-13,43.8,238
2012BEAH01,Ciarán Beahan,2026-02-07,42.86,239
2012BEAH01,Ciarán Beahan,2026-02-28,43.4,240
2012BEAH01,Ciarán Beahan,2026-03-21,44.03,241
2012BEAH01,Ciarán Beahan,2026-04-04,43.87,242
2012BEAH01,Ciarán Beahan,2026-04-04,40.2,243
2012BEAH01,Ciarán Beahan,2026-04-18,41.04,244
2012BEAH01,Ciarán Beahan,2026-05-09,43.55,245
2012BEAH01,Ciarán Beahan,2026-05-09,43.09,246
2012BEAH01,Ciarán Beahan,2026-05-16,42.53,247
2012BEAH01,Ciarán Beahan,2026-05-16,41.77,248
2012CANT02,Simone Cantarelli,2014-11-22,155.19,1
2012CANT02,Simone Cantarelli,2015-10-31,133.79,2
2012CANT02,Simone Cantarelli,2016-05-14,124.69,3
2012CANT02,Simone Cantarelli,2016-07-15,119.86,4
2012CANT02,Simone Cantarelli,2016-07-24,125.8,5
2012CANT02,Simone Cantarelli,2016-08-27,105.64,6
2012CANT02,Simone Cantarelli,2017-05-06,108.68,7
2012CANT02,Simone Cantarelli,2017-05-27,117.44,8
2012CANT02,Simone Cantarelli,2017-07-08,110.65,9
2012CANT02,Simone Cantarelli,2017-07-13,111.47,10
2012CANT02,Simone Cantarelli,2017-10-21,107.38,11
2012CANT02,Simone Cantarelli,2017-12-16,99.32,12
2012CANT02,Simone Cantarelli,2018-01-13,98.36,13
2012CANT02,Simone Cantarelli,2018-01-13,109.5,14
2012CANT02,Simone Cantarelli,2018-02-04,101.0,15
2012CANT02,Simone Cantarelli,2018-02-04,100.17,16
2012CANT02,Simone Cantarelli,2018-03-10,94.54,17
2012CANT02,Simone Cantarelli,2018-03-10,100.3,18
2012CANT02,Simone Cantarelli,2018-05-05,105.56,19
2012CANT02,Simone Cantarelli,2018-07-19,103.21,20
2012CANT02,Simone Cantarelli,2018-08-11,97.96,21
2012CANT02,Simone Cantarelli,2018-08-17,101.27,22
2012CANT02,Simone Cantarelli,2018-09-08,100.42,23
2012CANT02,Simone Cantarelli,2018-09-08,94.45,24
2012CANT02,Simone Cantarelli,2018-10-06,98.46,25
2012CANT02,Simone Cantarelli,2018-10-06,88.64,26
2012CANT02,Simone Cantarelli,2018-11-02,94.44,27
2012CANT02,Simone Cantarelli,2018-11-02,89.8,28
2012CANT02,Simone Cantarelli,2018-11-17,98.14,29
2012CANT02,Simone Cantarelli,2018-11-17,98.06,30
2012CANT02,Simone Cantarelli,2018-12-15,96.71,31
2012CANT02,Simone Cantarelli,2018-12-15,90.95,32
2012CANT02,Simone Cantarelli,2018-12-15,84.65,33
2012CANT02,Simone Cantarelli,2019-01-12,87.74,34
2012CANT02,Simone Cantarelli,2019-02-16,89.73,35
2012CANT02,Simone Cantarelli,2019-03-02,92.33,36
2012CANT02,Simone Cantarelli,2019-04-06,87.71,37
2012CANT02,Simone Cantarelli,2019-05-04,92.81,38
2012CANT02,Simone Cantarelli,2019-05-04,95.19,39
2012CANT02,Simone Cantarelli,2019-05-11,88.76,40
2012CANT02,Simone Cantarelli,2019-05-11,89.19,41
2012CANT02,Simone Cantarelli,2019-06-08,89.6,42
2012CANT02,Simone Cantarelli,2019-07-06,94.48,43
2012CANT02,Simone Cantarelli,2019-07-11,89.53,44
2012CANT02,Simone Cantarelli,2019-08-17,81.19,45
2012CANT02,Simone Cantarelli,2019-08-17,83.41,46
2012CANT02,Simone Cantarelli,2019-09-21,89.46,47
2012CANT02,Simone Cantarelli,2019-09-21,85.39,48
2012CANT02,Simone Cantarelli,2019-09-21,79.92,49
2012CANT02,Simone Cantarelli,2019-11-01,87.53,50
2012CANT02,Simone Cantarelli,2019-11-30,86.71,51
2012CANT02,Simone Cantarelli,2020-01-04,83.77,52
2012CANT02,Simone Cantarelli,2021-07-10,85.84,53
2012CANT02,Simone Cantarelli,2021-07-31,90.39,54
2012CANT02,Simone Cantarelli,2021-07-31,81.87,55
2012CANT02,Simone Cantarelli,2021-08-07,84.75,56
2012CANT02,Simone Cantarelli,2021-08-14,85.42,57
2012CANT02,Simone Cantarelli,2021-10-01,81.33,58
2012CANT02,Simone Cantarelli,2021-10-30,82.95,59
2012CANT02,Simone Cantarelli,2021-10-30,76.77,60
2012CANT02,Simone Cantarelli,2022-01-02,77.58,61
2012CANT02,Simone Cantarelli,2022-01-02,82.24,62
2012CANT02,Simone Cantarelli,2022-03-11,83.07,63
2012CANT02,Simone Cantarelli,2022-04-15,78.01,64
2012CANT02,Simone Cantarelli,2022-04-15,78.55,65
2012CANT02,Simone Cantarelli,2022-05-07,78.15,66
2012CANT02,Simone Cantarelli,2022-06-18,75.0,67
2012CANT02,Simone Cantarelli,2022-06-18,84.56,68
2012CANT02,Simone Cantarelli,2022-06-18,80.86,69
2012CANT02,Simone Cantarelli,2022-06-25,86.4,70
2012CANT02,Simone Cantarelli,2022-07-02,85.66,71
2012CANT02,Simone Cantarelli,2022-07-02,80.6,72
2012CANT02,Simone Cantarelli,2022-07-02,82.04,73
2012CANT02,Simone Cantarelli,2022-07-14,78.34,74
2012CANT02,Simone Cantarelli,2022-08-27,91.23,75
2012CANT02,Simone Cantarelli,2022-08-27,87.91,76
2012CANT02,Simone Cantarelli,2022-08-27,79.84,77
2012CANT02,Simone Cantarelli,2022-09-10,75.1,78
2012CANT02,Simone Cantarelli,2022-10-07,81.92,79
2012CANT02,Simone Cantarelli,2022-10-29,80.71,80
2012CANT02,Simone Cantarelli,2022-11-05,78.07,81
2012CANT02,Simone Cantarelli,2022-11-05,78.44,82
2012CANT02,Simone Cantarelli,2022-11-05,77.42,83
2012CANT02,Simone Cantarelli,2022-11-12,84.39,84
2012CANT02,Simone Cantarelli,2022-12-09,83.18,85
2012CANT02,Simone Cantarelli,2022-12-09,74.97,86
2012CANT02,Simone Cantarelli,2022-12-31,81.25,87
2012CANT02,Simone Cantarelli,2023-01-07,80.89,88
2012CANT02,Simone Cantarelli,2023-01-07,83.03,89
2012CANT02,Simone Cantarelli,2023-02-04,82.08,90
2012CANT02,Simone Cantarelli,2023-02-11,84.37,91
2012CANT02,Simone Cantarelli,2023-02-11,83.06,92
2012CANT02,Simone Cantarelli,2023-03-03,78.68,93
2012CANT02,Simone Cantarelli,2023-03-03,77.75,94
2012CANT02,Simone Cantarelli,2023-04-01,81.11,95
2012CANT02,Simone Cantarelli,2023-04-01,78.83,96
2012CANT02,Simone Cantarelli,2023-04-01,86.19,97
2012CANT02,Simone Cantarelli,2023-04-08,83.21,98
2012CANT02,Simone Cantarelli,2023-04-15,80.66,99
2012CANT02,Simone Cantarelli,2023-04-15,85.02,100
2012CANT02,Simone Cantarelli,2023-04-15,78.72,101
2012CANT02,Simone Cantarelli,2023-04-22,77.31,102
2012CANT02,Simone Cantarelli,2023-04-22,89.42,103
2012CANT02,Simone Cantarelli,2023-04-29,83.22,104
2012CANT02,Simone Cantarelli,2023-04-29,77.61,105
2012CANT02,Simone Cantarelli,2023-04-29,79.76,106
2012CANT02,Simone Cantarelli,2023-05-06,83.5,107
2012CANT02,Simone Cantarelli,2023-05-07,74.86,108
2012CANT02,Simone Cantarelli,2023-05-20,82.65,109
2012CANT02,Simone Cantarelli,2023-05-27,80.01,110
2012CANT02,Simone Cantarelli,2023-06-03,89.37,111
2012CANT02,Simone Cantarelli,2023-06-17,76.99,112
2012CANT02,Simone Cantarelli,2023-06-17,80.07,113
2012CANT02,Simone Cantarelli,2023-06-30,75.94,114
2012CANT02,Simone Cantarelli,2023-06-30,80.45,115
2012CANT02,Simone Cantarelli,2023-08-12,83.27,116
2012CANT02,Simone Cantarelli,2023-08-26,83.07,117
2012CANT02,Simone Cantarelli,2023-08-26,79.31,118
2012CANT02,Simone Cantarelli,2023-09-09,80.38,119
2012CANT02,Simone Cantarelli,2023-09-09,83.6,120
2012CANT02,Simone Cantarelli,2023-09-15,81.84,121
2012CANT02,Simone Cantarelli,2023-09-30,77.44,122
2012CANT02,Simone Cantarelli,2023-09-30,80.58,123
2012CANT02,Simone Cantarelli,2023-10-14,76.81,124
2012CANT02,Simone Cantarelli,2023-10-21,79.14,125
2012CANT02,Simone Cantarelli,2023-10-28,76.71,126
2012CANT02,Simone Cantarelli,2023-11-04,79.2,127
2012CANT02,Simone Cantarelli,2023-11-04,78.46,128
2012CANT02,Simone Cantarelli,2023-11-18,87.19,129
2012CANT02,Simone Cantarelli,2023-11-18,78.42,130
2012CANT02,Simone Cantarelli,2023-12-08,79.48,131
2012CANT02,Simone Cantarelli,2023-12-16,77.78,132
2012CANT02,Simone Cantarelli,2023-12-16,80.42,133
2012CANT02,Simone Cantarelli,2023-12-16,81.96,134
2012CANT02,Simone Cantarelli,2023-12-30,73.02,135
2012CANT02,Simone Cantarelli,2023-12-30,78.58,136
2012CANT02,Simone Cantarelli,2024-01-13,78.74,137
2012CANT02,Simone Cantarelli,2024-01-13,77.29,138
2012CANT02,Simone Cantarelli,2024-01-13,80.37,139
2012CANT02,Simone Cantarelli,2024-02-10,78.1,140
2012CANT02,Simone Cantarelli,2024-02-17,83.61,141
2012CANT02,Simone Cantarelli,2024-02-24,75.88,142
2012CANT02,Simone Cantarelli,2024-02-24,73.4,143
2012CANT02,Simone Cantarelli,2024-03-02,73.82,144
2012CANT02,Simone Cantarelli,2024-03-02,76.14,145
2012CANT02,Simone Cantarelli,2024-03-23,81.38,146
2012CANT02,Simone Cantarelli,2024-03-23,74.13,147
2012CANT02,Simone Cantarelli,2024-03-23,77.23,148
2012CANT02,Simone Cantarelli,2024-04-06,75.41,149
2012CANT02,Simone Cantarelli,2024-04-06,74.23,150
2012CANT02,Simone Cantarelli,2024-04-20,79.6,151
2012CANT02,Simone Cantarelli,2024-04-28,74.55,152
2012CANT02,Simone Cantarelli,2024-05-04,76.17,153
2012CANT02,Simone Cantarelli,2024-05-04,75.35,154
2012CANT02,Simone Cantarelli,2024-05-11,72.99,155
2012CANT02,Simone Cantarelli,2024-05-11,73.5,156
2012CANT02,Simone Cantarelli,2024-05-25,74.39,157
2012CANT02,Simone Cantarelli,2024-06-20,70.88,158
2012CANT02,Simone Cantarelli,2024-06-20,75.45,159
2012CANT02,Simone Cantarelli,2024-06-29,77.5,160
2012CANT02,Simone Cantarelli,2024-07-25,75.5,161
2012CANT02,Simone Cantarelli,2024-08-03,73.81,162
2012CANT02,Simone Cantarelli,2024-09-01,73.75,163
2012CANT02,Simone Cantarelli,2024-09-07,76.83,164
2012CANT02,Simone Cantarelli,2024-09-07,78.16,165
2012CANT02,Simone Cantarelli,2024-09-14,73.61,166
2012CANT02,Simone Cantarelli,2024-10-19,74.8,167
2012CANT02,Simone Cantarelli,2024-10-19,71.11,168
2012CANT02,Simone Cantarelli,2024-10-19,72.91,169
2012CANT02,Simone Cantarelli,2024-11-01,72.65,170
2012CANT02,Simone Cantarelli,2024-11-16,74.7,171
2012CANT02,Simone Cantarelli,2024-11-16,71.01,172
2012CANT02,Simone Cantarelli,2024-11-23,72.39,173
2012CANT02,Simone Cantarelli,2024-11-23,74.07,174
2012CANT02,Simone Cantarelli,2024-12-28,79.71,175
2012CANT02,Simone Cantarelli,2024-12-28,75.57,176
2012CANT02,Simone Cantarelli,2025-01-04,79.73,177
2012CANT02,Simone Cantarelli,2025-01-04,73.93,178
2012CANT02,Simone Cantarelli,2025-01-11,66.94,179
2012CANT02,Simone Cantarelli,2025-01-25,74.77,180
2012CANT02,Simone Cantarelli,2025-01-25,73.78,181
2012CANT02,Simone Cantarelli,2025-02-01,72.71,182
2012CANT02,Simone Cantarelli,2025-02-01,65.75,183
2012CANT02,Simone Cantarelli,2025-02-01,68.68,184
2012CANT02,Simone Cantarelli,2025-02-22,73.1,185
2012CANT02,Simone Cantarelli,2025-03-08,72.02,186
2012CANT02,Simone Cantarelli,2025-03-22,69.8,187
2012CANT02,Simone Cantarelli,2025-03-22,73.04,188
2012CANT02,Simone Cantarelli,2025-03-29,71.57,189
2012CANT02,Simone Cantarelli,2025-04-12,77.6,190
2012CANT02,Simone Cantarelli,2025-04-25,70.19,191
2012CANT02,Simone Cantarelli,2025-04-25,74.01,192
2012CANT02,Simone Cantarelli,2025-05-03,73.75,193
2012CANT02,Simone Cantarelli,2025-05-03,69.51,194
2012CANT02,Simone Cantarelli,2025-05-23,74.8,195
2012CANT02,Simone Cantarelli,2025-05-23,75.1,196
2012CANT02,Simone Cantarelli,2025-06-28,72.66,197
2012CANT02,Simone Cantarelli,2025-09-13,72.45,198
2012CANT02,Simone Cantarelli,2025-09-27,74.99,199
2012CANT02,Simone Cantarelli,2025-10-11,74.85,200
2012CANT02,Simone Cantarelli,2025-10-11,74.17,201
2012CANT02,Simone Cantarelli,2025-10-18,70.08,202
2012CANT02,Simone Cantarelli,2025-10-18,72.58,203
2012CANT02,Simone Cantarelli,2025-11-01,71.17,204
2012CANT02,Simone Cantarelli,2025-11-01,72.53,205
2012CANT02,Simone Cantarelli,2025-11-15,71.47,206
2012CANT02,Simone Cantarelli,2025-11-15,75.01,207
2012CANT02,Simone Cantarelli,2025-12-06,77.71,208
2012CANT02,Simone Cantarelli,2025-12-26,70.05,209
2012CANT02,Simone Cantarelli,2025-12-26,66.97,210
2012CANT02,Simone Cantarelli,2025-12-26,73.64,211
2012CANT02,Simone Cantarelli,2026-02-01,70.74,212
2012CANT02,Simone Cantarelli,2026-02-28,73.46,213
2012CANT02,Simone Cantarelli,2026-02-28,69.84,214
2012CANT02,Simone Cantarelli,2026-02-28,67.32,215
2012CANT02,Simone Cantarelli,2026-04-11,68.2,216
2012CANT02,Simone Cantarelli,2026-04-18,78.72,217
2012CANT02,Simone Cantarelli,2026-04-18,74.11,218
2012CANT02,Simone Cantarelli,2026-04-18,78.39,219
2012CANT02,Simone Cantarelli,2026-05-09,71.85,220
2012CANT02,Simone Cantarelli,2026-05-09,76.09,221
2012HALE01,Callum Hales-Jepp,2013-02-23,147.22,1
2012HALE01,Callum Hales-Jepp,2013-06-15,136.28,2
2012HALE01,Callum Hales-Jepp,2013-08-24,121.52,3
2012HALE01,Callum Hales-Jepp,2013-08-24,129.76,4
2012HALE01,Callum Hales-Jepp,2013-10-05,130.29,5
2012HALE01,Callum Hales-Jepp,2013-11-16,119.98,6
2012HALE01,Callum Hales-Jepp,2014-02-22,108.39,7
2012HALE01,Callum Hales-Jepp,2014-03-22,109.7,8
2012HALE01,Callum Hales-Jepp,2014-04-05,112.13,9
2012HALE01,Callum Hales-Jepp,2014-04-05,106.28,10
2012HALE01,Callum Hales-Jepp,2014-04-05,103.56,11
2012HALE01,Callum Hales-Jepp,2014-05-17,109.55,12
2012HALE01,Callum Hales-Jepp,2014-05-17,106.53,13
2012HALE01,Callum Hales-Jepp,2014-06-14,110.11,14
2012HALE01,Callum Hales-Jepp,2014-07-12,99.03,15
2012HALE01,Callum Hales-Jepp,2014-07-12,98.37,16
2012HALE01,Callum Hales-Jepp,2014-08-08,100.89,17
2012HALE01,Callum Hales-Jepp,2014-08-08,105.44,18
2012HALE01,Callum Hales-Jepp,2014-08-23,99.99,19
2012HALE01,Callum Hales-Jepp,2014-08-23,105.25,20
2012HALE01,Callum Hales-Jepp,2014-08-23,99.65,21
2012HALE01,Callum Hales-Jepp,2014-10-11,106.22,22
2012HALE01,Callum Hales-Jepp,2014-10-11,100.99,23
2012HALE01,Callum Hales-Jepp,2014-11-01,99.43,24
2012HALE01,Callum Hales-Jepp,2014-11-01,98.28,25
2012HALE01,Callum Hales-Jepp,2014-12-20,101.35,26
2012HALE01,Callum Hales-Jepp,2014-12-20,98.85,27
2012HALE01,Callum Hales-Jepp,2014-12-20,98.13,28
2012HALE01,Callum Hales-Jepp,2015-02-28,91.64,29
2012HALE01,Callum Hales-Jepp,2015-02-28,92.93,30
2012HALE01,Callum Hales-Jepp,2015-03-14,90.26,31
2012HALE01,Callum Hales-Jepp,2015-03-14,94.32,32
2012HALE01,Callum Hales-Jepp,2015-03-21,91.87,33
2012HALE01,Callum Hales-Jepp,2015-03-21,98.36,34
2012HALE01,Callum Hales-Jepp,2015-03-21,90.08,35
2012HALE01,Callum Hales-Jepp,2015-04-11,96.62,36
2012HALE01,Callum Hales-Jepp,2015-04-11,89.56,37
2012HALE01,Callum Hales-Jepp,2015-07-31,92.81,38
2012HALE01,Callum Hales-Jepp,2015-07-31,93.95,39
2012HALE01,Callum Hales-Jepp,2015-09-26,81.66,40
2012HALE01,Callum Hales-Jepp,2015-09-26,89.99,41
2012HALE01,Callum Hales-Jepp,2015-09-26,93.01,42
2012HALE01,Callum Hales-Jepp,2015-11-07,87.64,43
2012HALE01,Callum Hales-Jepp,2015-11-07,81.62,44
2012HALE01,Callum Hales-Jepp,2016-01-30,83.75,45
2012HALE01,Callum Hales-Jepp,2016-01-30,86.51,46
2012HALE01,Callum Hales-Jepp,2016-04-09,89.69,47
2012HALE01,Callum Hales-Jepp,2016-04-09,94.86,48
2012HALE01,Callum Hales-Jepp,2016-06-10,83.22,49
2012HALE01,Callum Hales-Jepp,2016-06-10,96.34,50
2012HALE01,Callum Hales-Jepp,2016-06-25,84.4,51
2012HALE01,Callum Hales-Jepp,2016-06-25,83.38,52
2012HALE01,Callum Hales-Jepp,2016-07-15,83.5,53
2012HALE01,Callum Hales-Jepp,2016-07-30,84.03,54
2012HALE01,Callum Hales-Jepp,2016-07-30,80.6,55
2012HALE01,Callum Hales-Jepp,2016-08-27,82.22,56
2012HALE01,Callum Hales-Jepp,2016-08-27,84.78,57
2012HALE01,Callum Hales-Jepp,2016-08-27,82.49,58
2012HALE01,Callum Hales-Jepp,2016-10-01,85.93,59
2012HALE01,Callum Hales-Jepp,2016-10-01,81.31,60
2012HALE01,Callum Hales-Jepp,2016-11-04,77.28,61
2012HALE01,Callum Hales-Jepp,2016-11-04,86.41,62
2012HALE01,Callum Hales-Jepp,2016-12-17,79.02,63
2012HALE01,Callum Hales-Jepp,2016-12-17,81.54,64
2012HALE01,Callum Hales-Jepp,2017-03-04,79.27,65
2012HALE01,Callum Hales-Jepp,2017-03-04,81.77,66
2012HALE01,Callum Hales-Jepp,2017-03-18,79.98,67
2012HALE01,Callum Hales-Jepp,2017-03-18,79.9,68
2012HALE01,Callum Hales-Jepp,2017-04-15,74.24,69
2012HALE01,Callum Hales-Jepp,2017-04-15,85.57,70
2012HALE01,Callum Hales-Jepp,2017-04-15,77.52,71
2012HALE01,Callum Hales-Jepp,2017-05-26,85.83,72
2012HALE01,Callum Hales-Jepp,2017-05-26,82.19,73
2012HALE01,Callum Hales-Jepp,2017-06-03,78.69,74
2012HALE01,Callum Hales-Jepp,2017-06-03,84.3,75
2012HALE01,Callum Hales-Jepp,2017-06-24,78.04,76
2012HALE01,Callum Hales-Jepp,2017-06-24,81.83,77
2012HALE01,Callum Hales-Jepp,2017-07-08,81.71,78
2012HALE01,Callum Hales-Jepp,2017-07-13,85.02,79
2012HALE01,Callum Hales-Jepp,2017-08-26,82.68,80
2012HALE01,Callum Hales-Jepp,2017-08-26,80.19,81
2012HALE01,Callum Hales-Jepp,2017-09-23,76.62,82
2012HALE01,Callum Hales-Jepp,2017-09-23,75.17,83
2012HALE01,Callum Hales-Jepp,2017-10-27,71.65,84
2012HALE01,Callum Hales-Jepp,2017-10-27,76.49,85
2012HALE01,Callum Hales-Jepp,2017-11-25,74.23,86
2012HALE01,Callum Hales-Jepp,2017-11-25,78.7,87
2012HALE01,Callum Hales-Jepp,2017-12-02,74.54,88
2012HALE01,Callum Hales-Jepp,2017-12-02,76.96,89
2012HALE01,Callum Hales-Jepp,2017-12-16,68.3,90
2012HALE01,Callum Hales-Jepp,2018-01-27,74.34,91
2012HALE01,Callum Hales-Jepp,2018-01-27,71.75,92
2012HALE01,Callum Hales-Jepp,2018-02-17,73.94,93
2012HALE01,Callum Hales-Jepp,2018-02-17,72.32,94
2012HALE01,Callum Hales-Jepp,2018-02-17,73.84,95
2012HALE01,Callum Hales-Jepp,2018-03-17,71.72,96
2012HALE01,Callum Hales-Jepp,2018-03-17,74.64,97
2012HALE01,Callum Hales-Jepp,2018-04-14,67.58,98
2012HALE01,Callum Hales-Jepp,2018-04-14,77.97,99
2012HALE01,Callum Hales-Jepp,2018-06-02,73.53,100
2012HALE01,Callum Hales-Jepp,2018-06-23,71.3,101
2012HALE01,Callum Hales-Jepp,2018-06-30,77.17,102
2012HALE01,Callum Hales-Jepp,2018-06-30,71.76,103
2012HALE01,Callum Hales-Jepp,2018-07-14,79.62,104
2012HALE01,Callum Hales-Jepp,2018-07-14,71.14,105
2012HALE01,Callum Hales-Jepp,2018-07-14,70.29,106
2012HALE01,Callum Hales-Jepp,2018-07-19,78.11,107
2012HALE01,Callum Hales-Jepp,2018-07-19,73.12,108
2012HALE01,Callum Hales-Jepp,2018-07-27,68.19,109
2012HALE01,Callum Hales-Jepp,2018-07-27,72.4,110
2012HALE01,Callum Hales-Jepp,2018-08-25,70.4,111
2012HALE01,Callum Hales-Jepp,2018-08-25,66.31,112
2012HALE01,Callum Hales-Jepp,2018-09-22,68.82,113
2012HALE01,Callum Hales-Jepp,2018-10-06,72.22,114
2012HALE01,Callum Hales-Jepp,2018-10-06,75.32,115
2012HALE01,Callum Hales-Jepp,2018-10-26,68.48,116
2012HALE01,Callum Hales-Jepp,2018-10-26,73.18,117
2012HALE01,Callum Hales-Jepp,2018-11-10,67.87,118
2012HALE01,Callum Hales-Jepp,2018-11-10,69.75,119
2012HALE01,Callum Hales-Jepp,2018-11-24,73.71,120
2012HALE01,Callum Hales-Jepp,2018-11-24,74.59,121
2012HALE01,Callum Hales-Jepp,2018-12-15,70.33,122
2012HALE01,Callum Hales-Jepp,2018-12-15,68.83,123
2012HALE01,Callum Hales-Jepp,2018-12-15,69.33,124
2012HALE01,Callum Hales-Jepp,2019-01-26,71.65,125
2012HALE01,Callum Hales-Jepp,2019-01-26,70.78,126
2012HALE01,Callum Hales-Jepp,2019-02-09,69.29,127
2012HALE01,Callum Hales-Jepp,2019-02-09,71.57,128
2012HALE01,Callum Hales-Jepp,2019-02-16,75.73,129
2012HALE01,Callum Hales-Jepp,2019-02-16,70.01,130
2012HALE01,Callum Hales-Jepp,2019-03-09,68.4,131
2012HALE01,Callum Hales-Jepp,2019-03-09,71.37,132
2012HALE01,Callum Hales-Jepp,2019-03-30,76.68,133
2012HALE01,Callum Hales-Jepp,2019-03-30,72.81,134
2012HALE01,Callum Hales-Jepp,2019-04-13,69.97,135
2012HALE01,Callum Hales-Jepp,2019-04-13,70.3,136
2012HALE01,Callum Hales-Jepp,2019-04-20,70.14,137
2012HALE01,Callum Hales-Jepp,2019-04-20,72.77,138
2012HALE01,Callum Hales-Jepp,2019-05-11,78.34,139
2012HALE01,Callum Hales-Jepp,2019-05-11,74.88,140
2012HALE01,Callum Hales-Jepp,2019-05-11,68.6,141
2012HALE01,Callum Hales-Jepp,2019-05-30,69.03,142
2012HALE01,Callum Hales-Jepp,2019-05-30,71.46,143
2012HALE01,Callum Hales-Jepp,2019-05-30,70.87,144
2012HALE01,Callum Hales-Jepp,2019-06-08,72.17,145
2012HALE01,Callum Hales-Jepp,2019-06-08,77.19,146
2012HALE01,Callum Hales-Jepp,2019-06-22,70.59,147
2012HALE01,Callum Hales-Jepp,2019-06-22,70.49,148
2012HALE01,Callum Hales-Jepp,2019-06-29,68.96,149
2012HALE01,Callum Hales-Jepp,2019-07-27,74.72,150
2012HALE01,Callum Hales-Jepp,2019-07-27,68.0,151
2012HALE01,Callum Hales-Jepp,2019-07-27,72.76,152
2012HALE01,Callum Hales-Jepp,2019-08-24,72.14,153
2012HALE01,Callum Hales-Jepp,2019-08-24,74.25,154
2012HALE01,Callum Hales-Jepp,2019-08-31,73.93,155
2012HALE01,Callum Hales-Jepp,2019-08-31,73.11,156
2012HALE01,Callum Hales-Jepp,2019-09-13,74.57,157
2012HALE01,Callum Hales-Jepp,2019-09-13,73.72,158
2012HALE01,Callum Hales-Jepp,2019-09-28,70.68,159
2012HALE01,Callum Hales-Jepp,2019-09-28,73.49,160
2012HALE01,Callum Hales-Jepp,2019-10-12,78.21,161
2012HALE01,Callum Hales-Jepp,2019-10-12,72.48,162
2012HALE01,Callum Hales-Jepp,2019-10-12,69.36,163
2012HALE01,Callum Hales-Jepp,2019-10-19,74.41,164
2012HALE01,Callum Hales-Jepp,2019-10-25,74.21,165
2012HALE01,Callum Hales-Jepp,2019-10-25,73.02,166
2012HALE01,Callum Hales-Jepp,2019-11-02,67.82,167
2012HALE01,Callum Hales-Jepp,2019-11-02,69.14,168
2012HALE01,Callum Hales-Jepp,2019-11-23,71.66,169
2012HALE01,Callum Hales-Jepp,2019-11-23,75.48,170
2012HALE01,Callum Hales-Jepp,2019-12-07,76.19,171
2012HALE01,Callum Hales-Jepp,2020-01-04,75.81,172
2012HALE01,Callum Hales-Jepp,2020-01-04,71.41,173
2012HALE01,Callum Hales-Jepp,2020-01-18,76.79,174
2012HALE01,Callum Hales-Jepp,2020-01-18,71.54,175
2012HALE01,Callum Hales-Jepp,2020-02-08,77.46,176
2012HALE01,Callum Hales-Jepp,2020-02-08,73.96,177
2012HALE01,Callum Hales-Jepp,2020-02-22,69.18,178
2012HALE01,Callum Hales-Jepp,2020-02-22,76.11,179
2012HALE01,Callum Hales-Jepp,2020-03-07,68.11,180
2012HALE01,Callum Hales-Jepp,2020-03-07,70.39,181
2012HALE01,Callum Hales-Jepp,2020-03-14,75.17,182
2012HALE01,Callum Hales-Jepp,2020-03-14,74.38,183
2012HALE01,Callum Hales-Jepp,2021-11-12,72.22,184
2012HALE01,Callum Hales-Jepp,2021-11-12,75.29,185
2012HALE01,Callum Hales-Jepp,2022-03-19,73.3,186
2012HALE01,Callum Hales-Jepp,2022-03-19,73.57,187
2012HALE01,Callum Hales-Jepp,2022-04-09,70.44,188
2012HALE01,Callum Hales-Jepp,2022-04-09,71.8,189
2012HALE01,Callum Hales-Jepp,2022-04-30,73.37,190
2012HALE01,Callum Hales-Jepp,2022-04-30,71.81,191
2012HALE01,Callum Hales-Jepp,2022-05-14,72.76,192
2012HALE01,Callum Hales-Jepp,2022-05-14,74.25,193
2012HALE01,Callum Hales-Jepp,2022-06-11,71.39,194
2012HALE01,Callum Hales-Jepp,2022-06-11,72.9,195
2012HALE01,Callum Hales-Jepp,2022-07-02,77.34,196
2012HALE01,Callum Hales-Jepp,2022-07-02,70.65,197
2012HALE01,Callum Hales-Jepp,2022-07-09,74.35,198
2012HALE01,Callum Hales-Jepp,2022-07-14,78.52,199
2012HALE01,Callum Hales-Jepp,2022-08-13,69.34,200
2012HALE01,Callum Hales-Jepp,2022-09-17,68.44,201
2012HALE01,Callum Hales-Jepp,2022-09-17,77.07,202
2012HALE01,Callum Hales-Jepp,2022-10-08,70.67,203
2012HALE01,Callum Hales-Jepp,2022-10-08,66.92,204
2012HALE01,Callum Hales-Jepp,2022-10-28,66.81,205
2012HALE01,Callum Hales-Jepp,2022-10-28,70.62,206
2012HALE01,Callum Hales-Jepp,2022-11-12,70.46,207
2012HALE01,Callum Hales-Jepp,2022-11-12,68.42,208
2012HALE01,Callum Hales-Jepp,2022-11-19,71.19,209
2012HALE01,Callum Hales-Jepp,2022-11-19,74.33,210
2012HALE01,Callum Hales-Jepp,2022-11-19,64.51,211
2012HALE01,Callum Hales-Jepp,2022-12-03,72.74,212
2012HALE01,Callum Hales-Jepp,2023-01-07,68.12,213
2012HALE01,Callum Hales-Jepp,2023-01-07,71.65,214
2012HALE01,Callum Hales-Jepp,2023-01-21,73.06,215
2012HALE01,Callum Hales-Jepp,2023-01-21,75.46,216
2012HALE01,Callum Hales-Jepp,2023-02-25,69.98,217
2012HALE01,Callum Hales-Jepp,2023-02-25,73.61,218
2012HALE01,Callum Hales-Jepp,2023-05-13,74.22,219
2012HALE01,Callum Hales-Jepp,2023-05-13,73.28,220
2012HALE01,Callum Hales-Jepp,2023-11-18,78.75,221
2012HALE01,Callum Hales-Jepp,2023-11-18,72.48,222
2012HALE01,Callum Hales-Jepp,2024-01-20,69.16,223
2012HALE01,Callum Hales-Jepp,2024-05-18,67.77,224
2012HALE01,Callum Hales-Jepp,2024-05-18,75.82,225
2012HALE01,Callum Hales-Jepp,2024-07-13,71.67,226
2012HALE01,Callum Hales-Jepp,2024-07-13,75.01,227
2012HALE01,Callum Hales-Jepp,2024-08-26,74.17,228
2012HALE01,Callum Hales-Jepp,2024-08-26,74.49,229
2012HALE01,Callum Hales-Jepp,2024-11-01,72.28,230
2012HALE01,Callum Hales-Jepp,2024-11-01,65.84,231
2012HALE01,Callum Hales-Jepp,2024-11-16,72.09,232
2012HALE01,Callum Hales-Jepp,2025-05-17,69.1,233
2012HALE01,Callum Hales-Jepp,2025-08-22,66.98,234
2012HALE01,Callum Hales-Jepp,2025-09-13,63.85,235
2012HALE01,Callum Hales-Jepp,2025-09-13,67.41,236
2012HALE01,Callum Hales-Jepp,2025-11-08,69.94,237
2012HALE01,Callum Hales-Jepp,2026-05-16,64.9,238
2012ICKL01,Finn Ickler,2012-10-06,147.12,1
2012ICKL01,Finn Ickler,2012-12-08,138.89,2
2012ICKL01,Finn Ickler,2013-02-02,117.45,3
2012ICKL01,Finn Ickler,2013-04-06,135.95,4
2012ICKL01,Finn Ickler,2013-06-22,123.53,5
2012ICKL01,Finn Ickler,2013-06-22,121.36,6
2012ICKL01,Finn Ickler,2013-11-09,117.24,7
2012ICKL01,Finn Ickler,2013-11-30,108.25,8
2012ICKL01,Finn Ickler,2013-11-30,117.75,9
2012ICKL01,Finn Ickler,2013-11-30,114.94,10
2012ICKL01,Finn Ickler,2014-01-18,110.76,11
2012ICKL01,Finn Ickler,2014-01-18,118.93,12
2012ICKL01,Finn Ickler,2014-03-15,106.32,13
2012ICKL01,Finn Ickler,2014-03-15,109.69,14
2012ICKL01,Finn Ickler,2014-03-29,106.65,15
2012ICKL01,Finn Ickler,2014-09-06,117.41,16
2012ICKL01,Finn Ickler,2014-10-11,97.9,17
2012ICKL01,Finn Ickler,2014-10-11,100.63,18
2012ICKL01,Finn Ickler,2014-11-08,100.23,19
2012ICKL01,Finn Ickler,2014-11-29,89.48,20
2012ICKL01,Finn Ickler,2014-11-29,95.18,21
2012ICKL01,Finn Ickler,2014-11-29,97.11,22
2012ICKL01,Finn Ickler,2015-01-17,98.74,23
2012ICKL01,Finn Ickler,2015-02-21,98.26,24
2012ICKL01,Finn Ickler,2015-09-05,90.25,25
2012ICKL01,Finn Ickler,2015-10-31,89.84,26
2012ICKL01,Finn Ickler,2015-11-14,90.11,27
2012ICKL01,Finn Ickler,2015-11-14,90.02,28
2012ICKL01,Finn Ickler,2015-11-14,91.01,29
2012ICKL01,Finn Ickler,2016-01-09,89.64,30
2012ICKL01,Finn Ickler,2016-01-30,85.81,31
2012ICKL01,Finn Ickler,2016-01-30,90.13,32
2012ICKL01,Finn Ickler,2016-05-07,97.41,33
2012ICKL01,Finn Ickler,2016-05-07,95.38,34
2012ICKL01,Finn Ickler,2016-05-21,87.14,35
2012ICKL01,Finn Ickler,2016-05-21,87.93,36
2012ICKL01,Finn Ickler,2016-05-28,96.63,37
2012ICKL01,Finn Ickler,2016-05-28,87.86,38
2012ICKL01,Finn Ickler,2016-05-28,86.1,39
2012ICKL01,Finn Ickler,2016-06-19,91.34,40
2012ICKL01,Finn Ickler,2016-07-02,96.46,41
2012ICKL01,Finn Ickler,2016-07-15,100.8,42
2012ICKL01,Finn Ickler,2016-08-13,82.37,43
2012ICKL01,Finn Ickler,2016-08-13,87.33,44
2012ICKL01,Finn Ickler,2016-09-03,85.64,45
2012ICKL01,Finn Ickler,2016-09-03,90.07,46
2012ICKL01,Finn Ickler,2016-10-07,88.33,47
2012ICKL01,Finn Ickler,2016-11-04,91.42,48
2012ICKL01,Finn Ickler,2016-11-04,89.19,49
2012ICKL01,Finn Ickler,2016-11-26,86.7,50
2012ICKL01,Finn Ickler,2016-11-26,85.67,51
2012ICKL01,Finn Ickler,2016-12-10,92.96,52
2012ICKL01,Finn Ickler,2016-12-10,85.82,53
2012ICKL01,Finn Ickler,2017-01-06,91.56,54
2012ICKL01,Finn Ickler,2017-01-06,83.39,55
2012ICKL01,Finn Ickler,2017-01-06,89.58,56
2012ICKL01,Finn Ickler,2017-01-14,90.4,57
2012ICKL01,Finn Ickler,2017-01-14,88.1,58
2012ICKL01,Finn Ickler,2017-01-28,88.63,59
2012ICKL01,Finn Ickler,2017-01-28,88.04,60
2012ICKL01,Finn Ickler,2017-02-25,88.0,61
2012ICKL01,Finn Ickler,2017-02-25,89.82,62
2012ICKL01,Finn Ickler,2017-02-25,87.55,63
2012ICKL01,Finn Ickler,2017-03-04,81.75,64
2012ICKL01,Finn Ickler,2017-03-04,81.89,65
2012ICKL01,Finn Ickler,2017-03-25,85.53,66
2012ICKL01,Finn Ickler,2017-03-25,81.11,67
2012ICKL01,Finn Ickler,2017-04-08,84.55,68
2012ICKL01,Finn Ickler,2017-04-29,82.18,69
2012ICKL01,Finn Ickler,2017-04-29,81.45,70
2012ICKL01,Finn Ickler,2017-05-06,82.32,71
2012ICKL01,Finn Ickler,2017-05-06,80.08,72
2012ICKL01,Finn Ickler,2017-05-20,81.57,73
2012ICKL01,Finn Ickler,2017-05-27,81.11,74
2012ICKL01,Finn Ickler,2017-05-27,86.79,75
2012ICKL01,Finn Ickler,2017-06-03,82.01,76
2012ICKL01,Finn Ickler,2017-06-03,81.3,77
2012ICKL01,Finn Ickler,2017-06-10,80.58,78
2012ICKL01,Finn Ickler,2017-06-10,82.02,79
2012ICKL01,Finn Ickler,2017-06-24,83.57,80
2012ICKL01,Finn Ickler,2017-06-24,84.24,81
2012ICKL01,Finn Ickler,2017-07-07,84.97,82
2012ICKL01,Finn Ickler,2017-07-07,80.42,83
2012ICKL01,Finn Ickler,2017-07-13,85.36,84
2012ICKL01,Finn Ickler,2017-07-21,82.48,85
2012ICKL01,Finn Ickler,2017-07-21,79.66,86
2012ICKL01,Finn Ickler,2017-09-01,86.36,87
2012ICKL01,Finn Ickler,2017-09-01,77.83,88
2012ICKL01,Finn Ickler,2017-09-01,79.05,89
2012ICKL01,Finn Ickler,2017-09-16,74.41,90
2012ICKL01,Finn Ickler,2017-09-16,76.94,91
2012ICKL01,Finn Ickler,2017-09-23,77.74,92
2012ICKL01,Finn Ickler,2017-09-23,77.53,93
2012ICKL01,Finn Ickler,2017-10-27,74.57,94
2012ICKL01,Finn Ickler,2017-10-27,76.14,95
2012ICKL01,Finn Ickler,2017-11-04,74.61,96
2012ICKL01,Finn Ickler,2017-11-04,75.17,97
2012ICKL01,Finn Ickler,2017-11-25,73.56,98
2012ICKL01,Finn Ickler,2017-11-25,78.92,99
2012ICKL01,Finn Ickler,2017-12-02,77.57,100
2012ICKL01,Finn Ickler,2017-12-02,78.97,101
2012ICKL01,Finn Ickler,2017-12-16,77.28,102
2012ICKL01,Finn Ickler,2018-01-13,72.23,103
2012ICKL01,Finn Ickler,2018-01-13,72.74,104
2012ICKL01,Finn Ickler,2018-01-27,72.96,105
2012ICKL01,Finn Ickler,2018-01-27,76.32,106
2012ICKL01,Finn Ickler,2018-02-10,77.09,107
2012ICKL01,Finn Ickler,2018-02-10,74.71,108
2012ICKL01,Finn Ickler,2018-02-17,73.78,109
2012ICKL01,Finn Ickler,2018-02-17,74.8,110
2012ICKL01,Finn Ickler,2018-02-17,78.21,111
2012ICKL01,Finn Ickler,2018-03-17,80.66,112
2012ICKL01,Finn Ickler,2018-03-17,73.03,113
2012ICKL01,Finn Ickler,2018-04-14,73.72,114
2012ICKL01,Finn Ickler,2018-04-14,80.32,115
2012ICKL01,Finn Ickler,2018-04-28,82.27,116
2012ICKL01,Finn Ickler,2018-04-28,74.65,117
2012ICKL01,Finn Ickler,2018-05-12,69.26,118
2012ICKL01,Finn Ickler,2018-05-12,72.26,119
2012ICKL01,Finn Ickler,2018-06-02,73.93,120
2012ICKL01,Finn Ickler,2018-06-02,71.52,121
2012ICKL01,Finn Ickler,2018-06-09,74.53,122
2012ICKL01,Finn Ickler,2018-06-09,72.17,123
2012ICKL01,Finn Ickler,2018-06-15,70.28,124
2012ICKL01,Finn Ickler,2018-06-15,74.96,125
2012ICKL01,Finn Ickler,2018-06-30,78.09,126
2012ICKL01,Finn Ickler,2018-06-30,73.65,127
2012ICKL01,Finn Ickler,2018-07-19,79.39,128
2012ICKL01,Finn Ickler,2018-07-19,74.63,129
2012ICKL01,Finn Ickler,2018-08-04,74.09,130
2012ICKL01,Finn Ickler,2018-08-04,75.0,131
2012ICKL01,Finn Ickler,2018-08-04,76.3,132
2012ICKL01,Finn Ickler,2018-08-25,74.44,133
2012ICKL01,Finn Ickler,2018-08-25,70.11,134
2012ICKL01,Finn Ickler,2018-09-07,70.73,135
2012ICKL01,Finn Ickler,2018-09-07,73.13,136
2012ICKL01,Finn Ickler,2018-09-29,75.37,137
2012ICKL01,Finn Ickler,2018-10-12,76.3,138
2012ICKL01,Finn Ickler,2018-10-12,75.55,139
2012ICKL01,Finn Ickler,2018-10-27,69.15,140
2012ICKL01,Finn Ickler,2018-11-03,72.41,141
2012ICKL01,Finn Ickler,2018-11-03,65.49,142
2012ICKL01,Finn Ickler,2018-11-03,71.57,143
2012ICKL01,Finn Ickler,2018-11-10,67.79,144
2012ICKL01,Finn Ickler,2018-11-10,69.35,145
2012ICKL01,Finn Ickler,2018-11-24,76.05,146
2012ICKL01,Finn Ickler,2019-01-19,74.2,147
2012ICKL01,Finn Ickler,2019-01-26,75.56,148
2012ICKL01,Finn Ickler,2019-02-02,70.86,149
2012ICKL01,Finn Ickler,2019-02-02,72.66,150
2012ICKL01,Finn Ickler,2019-02-09,71.55,151
2012ICKL01,Finn Ickler,2019-02-09,73.18,152
2012ICKL01,Finn Ickler,2019-02-16,72.15,153
2012ICKL01,Finn Ickler,2019-02-16,68.78,154
2012ICKL01,Finn Ickler,2019-03-10,73.92,155
2012ICKL01,Finn Ickler,2019-03-30,69.7,156
2012ICKL01,Finn Ickler,2019-03-30,74.95,157
2012ICKL01,Finn Ickler,2019-03-30,78.91,158
2012ICKL01,Finn Ickler,2019-04-06,72.9,159
2012ICKL01,Finn Ickler,2019-04-13,75.95,160
2012ICKL01,Finn Ickler,2019-04-13,74.27,161
2012ICKL01,Finn Ickler,2019-04-27,72.04,162
2012ICKL01,Finn Ickler,2019-04-27,73.56,163
2012ICKL01,Finn Ickler,2019-05-11,71.22,164
2012ICKL01,Finn Ickler,2019-05-11,72.21,165
2012ICKL01,Finn Ickler,2019-05-11,67.82,166
2012ICKL01,Finn Ickler,2019-05-18,71.01,167
2012ICKL01,Finn Ickler,2019-05-18,65.94,168
2012ICKL01,Finn Ickler,2019-05-18,74.14,169
2012ICKL01,Finn Ickler,2019-06-01,80.39,170
2012ICKL01,Finn Ickler,2019-06-08,73.34,171
2012ICKL01,Finn Ickler,2019-06-08,70.6,172
2012ICKL01,Finn Ickler,2019-06-22,72.19,173
2012ICKL01,Finn Ickler,2019-06-22,68.79,174
2012ICKL01,Finn Ickler,2019-07-06,75.64,175
2012ICKL01,Finn Ickler,2019-07-11,73.55,176
2012ICKL01,Finn Ickler,2019-08-02,69.86,177
2012ICKL01,Finn Ickler,2019-08-02,76.71,178
2012ICKL01,Finn Ickler,2019-08-17,76.43,179
2012ICKL01,Finn Ickler,2019-08-17,68.88,180
2012ICKL01,Finn Ickler,2019-08-24,74.41,181
2012ICKL01,Finn Ickler,2019-08-24,71.96,182
2012ICKL01,Finn Ickler,2019-08-31,76.0,183
2012ICKL01,Finn Ickler,2019-08-31,71.31,184
2012ICKL01,Finn Ickler,2019-09-07,75.09,185
2012ICKL01,Finn Ickler,2019-09-13,72.3,186
2012ICKL01,Finn Ickler,2019-09-13,72.94,187
2012ICKL01,Finn Ickler,2019-09-21,70.56,188
2012ICKL01,Finn Ickler,2019-09-28,69.3,189
2012ICKL01,Finn Ickler,2019-09-28,74.1,190
2012ICKL01,Finn Ickler,2019-10-12,76.98,191
2012ICKL01,Finn Ickler,2019-10-12,69.78,192
2012ICKL01,Finn Ickler,2019-10-12,72.03,193
2012ICKL01,Finn Ickler,2019-10-19,72.52,194
2012ICKL01,Finn Ickler,2019-10-19,78.16,195
2012ICKL01,Finn Ickler,2019-10-26,72.1,196
2012ICKL01,Finn Ickler,2019-10-26,77.36,197
2012ICKL01,Finn Ickler,2019-10-26,67.96,198
2012ICKL01,Finn Ickler,2019-11-02,72.82,199
2012ICKL01,Finn Ickler,2019-11-02,70.92,200
2012ICKL01,Finn Ickler,2019-11-02,69.55,201
2012ICKL01,Finn Ickler,2019-11-09,71.64,202
2012ICKL01,Finn Ickler,2019-11-16,73.17,203
2012ICKL01,Finn Ickler,2019-11-23,65.55,204
2012ICKL01,Finn Ickler,2019-11-23,71.97,205
2012ICKL01,Finn Ickler,2019-11-30,73.52,206
2012ICKL01,Finn Ickler,2019-11-30,73.15,207
2012ICKL01,Finn Ickler,2019-11-30,75.91,208
2012ICKL01,Finn Ickler,2019-12-08,77.56,209
2012ICKL01,Finn Ickler,2019-12-14,71.88,210
2012ICKL01,Finn Ickler,2019-12-21,75.68,211
2012ICKL01,Finn Ickler,2019-12-21,71.45,212
2012ICKL01,Finn Ickler,2020-01-18,75.79,213
2012ICKL01,Finn Ickler,2020-02-15,74.66,214
2012ICKL01,Finn Ickler,2020-02-15,72.02,215
2012ICKL01,Finn Ickler,2020-02-29,69.53,216
2012ICKL01,Finn Ickler,2020-02-29,73.48,217
2012ICKL01,Finn Ickler,2020-02-29,71.14,218
2012ICKL01,Finn Ickler,2021-10-16,76.64,219
2012ICKL01,Finn Ickler,2022-01-29,83.26,220
2012ICKL01,Finn Ickler,2022-03-05,79.6,221
2012ICKL01,Finn Ickler,2022-05-01,77.04,222
2012ICKL01,Finn Ickler,2022-05-01,80.42,223
2012ICKL01,Finn Ickler,2022-05-21,75.04,224
2012ICKL01,Finn Ickler,2022-05-21,75.74,225
2012ICKL01,Finn Ickler,2022-05-28,75.09,226
2012ICKL01,Finn Ickler,2022-06-12,75.73,227
2012ICKL01,Finn Ickler,2022-06-12,75.42,228
2012ICKL01,Finn Ickler,2022-06-25,75.77,229
2012ICKL01,Finn Ickler,2022-07-09,68.36,230
2012ICKL01,Finn Ickler,2022-07-09,73.82,231
2012ICKL01,Finn Ickler,2022-07-14,70.69,232
2012ICKL01,Finn Ickler,2022-07-14,69.42,233
2012ICKL01,Finn Ickler,2022-08-13,73.31,234
2012ICKL01,Finn Ickler,2022-08-27,77.23,235
2012ICKL01,Finn Ickler,2022-08-27,73.02,236
2012ICKL01,Finn Ickler,2022-09-17,70.33,237
2012ICKL01,Finn Ickler,2022-10-22,71.37,238
2012ICKL01,Finn Ickler,2022-10-22,70.38,239
2012ICKL01,Finn Ickler,2022-11-26,70.09,240
2012ICKL01,Finn Ickler,2022-11-26,71.44,241
2012ICKL01,Finn Ickler,2022-11-26,66.74,242
2012ICKL01,Finn Ickler,2023-02-05,68.98,243
2012ICKL01,Finn Ickler,2023-02-05,73.37,244
2012ICKL01,Finn Ickler,2023-03-04,67.32,245
2012ICKL01,Finn Ickler,2023-03-04,68.52,246
2012ICKL01,Finn Ickler,2023-03-18,69.53,247
2012ICKL01,Finn Ickler,2023-03-18,69.55,248
2012ICKL01,Finn Ickler,2023-03-18,68.23,249
2012ICKL01,Finn Ickler,2023-04-01,67.57,250
2012ICKL01,Finn Ickler,2023-04-01,72.15,251
2012ICKL01,Finn Ickler,2023-04-07,65.57,252
2012ICKL01,Finn Ickler,2023-04-07,73.51,253
2012ICKL01,Finn Ickler,2023-04-15,65.37,254
2012ICKL01,Finn Ickler,2023-04-15,68.58,255
2012ICKL01,Finn Ickler,2023-04-22,67.29,256
2012ICKL01,Finn Ickler,2023-05-20,66.18,257
2012ICKL01,Finn Ickler,2023-05-20,69.72,258
2012ICKL01,Finn Ickler,2023-06-03,69.91,259
2012ICKL01,Finn Ickler,2023-06-03,69.76,260
2012ICKL01,Finn Ickler,2023-07-08,66.16,261
2012ICKL01,Finn Ickler,2023-07-15,70.92,262
2012ICKL01,Finn Ickler,2023-07-15,66.55,263
2012ICKL01,Finn Ickler,2023-07-15,70.85,264
2012ICKL01,Finn Ickler,2023-08-04,66.47,265
2012ICKL01,Finn Ickler,2023-08-04,68.04,266
2012ICKL01,Finn Ickler,2023-08-12,69.98,267
2012ICKL01,Finn Ickler,2023-08-26,68.24,268
2012ICKL01,Finn Ickler,2023-08-26,66.76,269
2012ICKL01,Finn Ickler,2023-08-26,70.61,270
2012ICKL01,Finn Ickler,2023-09-23,67.06,271
2012ICKL01,Finn Ickler,2023-10-07,71.35,272
2012ICKL01,Finn Ickler,2023-10-07,67.77,273
2012ICKL01,Finn Ickler,2023-10-21,69.96,274
2012ICKL01,Finn Ickler,2023-10-21,66.32,275
2012ICKL01,Finn Ickler,2023-11-11,69.57,276
2012ICKL01,Finn Ickler,2023-11-11,68.36,277
2012ICKL01,Finn Ickler,2023-11-25,64.89,278
2012ICKL01,Finn Ickler,2023-11-25,69.24,279
2012ICKL01,Finn Ickler,2023-11-25,65.67,280
2012ICKL01,Finn Ickler,2024-03-02,73.01,281
2012ICKL01,Finn Ickler,2024-03-09,69.98,282
2012ICKL01,Finn Ickler,2024-03-09,69.71,283
2012ICKL01,Finn Ickler,2024-04-05,72.2,284
2012ICKL01,Finn Ickler,2024-04-05,71.43,285
2012ICKL01,Finn Ickler,2024-05-04,75.64,286
2012ICKL01,Finn Ickler,2024-05-24,70.17,287
2012ICKL01,Finn Ickler,2024-05-24,69.83,288
2012ICKL01,Finn Ickler,2024-06-01,72.13,289
2012ICKL01,Finn Ickler,2024-06-01,74.62,290
2012ICKL01,Finn Ickler,2024-07-25,67.79,291
2012ICKL01,Finn Ickler,2024-09-07,76.63,292
2012ICKL01,Finn Ickler,2024-09-07,73.7,293
2012ICKL01,Finn Ickler,2024-09-27,73.31,294
2012ICKL01,Finn Ickler,2024-09-27,66.2,295
2012ICKL01,Finn Ickler,2024-10-04,66.6,296
2012ICKL01,Finn Ickler,2024-11-09,69.0,297
2012ICKL01,Finn Ickler,2024-11-16,69.18,298
2012ICKL01,Finn Ickler,2024-11-30,70.31,299
2012ICKL01,Finn Ickler,2024-11-30,71.39,300
2012ICKL01,Finn Ickler,2024-12-14,69.83,301
2012ICKL01,Finn Ickler,2024-12-14,71.68,302
2012ICKL01,Finn Ickler,2025-01-18,71.52,303
2012ICKL01,Finn Ickler,2025-01-18,71.9,304
2012ICKL01,Finn Ickler,2025-04-18,75.62,305
2012ICKL01,Finn Ickler,2025-05-03,73.14,306
2012ICKL01,Finn Ickler,2025-05-03,74.89,307
2012ICKL01,Finn Ickler,2025-05-23,70.02,308
2012ICKL01,Finn Ickler,2025-05-23,72.7,309
2012ICKL01,Finn Ickler,2025-06-14,68.01,310
2012ICKL01,Finn Ickler,2025-07-03,71.59,311
2012ICKL01,Finn Ickler,2025-07-14,71.33,312
2012ICKL01,Finn Ickler,2025-09-26,73.6,313
2012ICKL01,Finn Ickler,2025-12-19,71.11,314
2012ICKL01,Finn Ickler,2025-12-19,69.98,315
2012ICKL01,Finn Ickler,2025-12-19,71.82,316
2012ICKL01,Finn Ickler,2026-02-28,68.59,317
2012ICKL01,Finn Ickler,2026-02-28,69.55,318
2012ICKL01,Finn Ickler,2026-05-16,67.12,319
2012MAHV01,Paul Mahvi,2013-11-02,130.8,1
2012MAHV01,Paul Mahvi,2014-08-01,111.66,2
2012MAHV01,Paul Mahvi,2014-08-01,115.12,3
2012MAHV01,Paul Mahvi,2014-11-02,101.73,4
2012MAHV01,Paul Mahvi,2015-02-28,96.62,5
2012MAHV01,Paul Mahvi,2015-04-12,89.14,6
2012MAHV01,Paul Mahvi,2015-07-11,99.19,7
2012MAHV01,Paul Mahvi,2015-07-31,91.03,8
2012MAHV01,Paul Mahvi,2015-07-31,95.94,9
2012MAHV01,Paul Mahvi,2015-08-08,92.18,10
2012MAHV01,Paul Mahvi,2015-09-12,88.4,11
2012MAHV01,Paul Mahvi,2016-01-03,85.8,12
2012MAHV01,Paul Mahvi,2016-01-09,80.53,13
2012MAHV01,Paul Mahvi,2016-04-10,85.41,14
2012MAHV01,Paul Mahvi,2016-04-16,77.68,15
2012MAHV01,Paul Mahvi,2016-04-16,77.67,16
2012MAHV01,Paul Mahvi,2016-06-26,81.66,17
2012MAHV01,Paul Mahvi,2016-07-02,85.62,18
2012MAHV01,Paul Mahvi,2016-07-15,81.14,19
2012MAHV01,Paul Mahvi,2016-07-15,84.07,20
2012MAHV01,Paul Mahvi,2016-07-29,81.98,21
2012MAHV01,Paul Mahvi,2016-07-29,80.69,22
2012MAHV01,Paul Mahvi,2016-11-19,80.75,23
2012MAHV01,Paul Mahvi,2016-12-17,73.72,24
2012MAHV01,Paul Mahvi,2017-03-25,76.58,25
2012MAHV01,Paul Mahvi,2017-06-24,70.4,26
2012MAHV01,Paul Mahvi,2017-07-01,75.03,27
2012MAHV01,Paul Mahvi,2017-07-01,71.99,28
2012MAHV01,Paul Mahvi,2017-07-08,70.0,29
2012MAHV01,Paul Mahvi,2017-07-08,65.0,30
2012MAHV01,Paul Mahvi,2017-07-13,70.87,31
2012MAHV01,Paul Mahvi,2017-07-13,69.8,32
2012MAHV01,Paul Mahvi,2017-08-26,72.6,33
2012MAHV01,Paul Mahvi,2017-10-08,66.27,34
2012MAHV01,Paul Mahvi,2017-10-08,68.34,35
2012MAHV01,Paul Mahvi,2017-11-11,60.98,36
2012MAHV01,Paul Mahvi,2017-11-18,64.78,37
2012MAHV01,Paul Mahvi,2017-12-16,64.48,38
2012MAHV01,Paul Mahvi,2018-01-13,64.8,39
2012MAHV01,Paul Mahvi,2018-01-27,62.61,40
2012MAHV01,Paul Mahvi,2018-02-24,62.6,41
2012MAHV01,Paul Mahvi,2018-04-07,59.47,42
2012MAHV01,Paul Mahvi,2018-05-27,67.03,43
2012MAHV01,Paul Mahvi,2018-05-27,62.71,44
2012MAHV01,Paul Mahvi,2018-06-15,62.5,45
2012MAHV01,Paul Mahvi,2018-06-15,61.53,46
2012MAHV01,Paul Mahvi,2018-07-08,58.96,47
2012MAHV01,Paul Mahvi,2018-07-08,66.59,48
2012MAHV01,Paul Mahvi,2018-07-15,63.2,49
2012MAHV01,Paul Mahvi,2018-07-27,60.8,50
2012MAHV01,Paul Mahvi,2018-07-27,60.59,51
2012MAHV01,Paul Mahvi,2018-07-27,59.53,52
2012MAHV01,Paul Mahvi,2018-08-10,63.27,53
2012MAHV01,Paul Mahvi,2018-08-10,64.31,54
2012MAHV01,Paul Mahvi,2018-11-03,62.45,55
2012MAHV01,Paul Mahvi,2018-11-03,61.4,56
2012MAHV01,Paul Mahvi,2018-11-17,60.4,57
2012MAHV01,Paul Mahvi,2018-12-14,58.01,58
2012MAHV01,Paul Mahvi,2019-01-05,59.86,59
2012MAHV01,Paul Mahvi,2019-02-16,59.05,60
2012MAHV01,Paul Mahvi,2019-03-10,58.1,61
2012MAHV01,Paul Mahvi,2019-05-04,60.57,62
2012MAHV01,Paul Mahvi,2019-05-11,60.25,63
2012MAHV01,Paul Mahvi,2019-05-25,62.75,64
2012MAHV01,Paul Mahvi,2019-06-01,63.57,65
2012MAHV01,Paul Mahvi,2019-06-22,60.72,66
2012MAHV01,Paul Mahvi,2019-06-22,60.56,67
2012MAHV01,Paul Mahvi,2019-07-06,57.93,68
2012MAHV01,Paul Mahvi,2019-07-06,63.41,69
2012MAHV01,Paul Mahvi,2019-07-11,60.02,70
2012MAHV01,Paul Mahvi,2019-07-11,57.61,71
2012MAHV01,Paul Mahvi,2019-07-26,58.28,72
2012MAHV01,Paul Mahvi,2019-07-26,52.89,73
2012MAHV01,Paul Mahvi,2019-08-01,57.81,74
2012MAHV01,Paul Mahvi,2019-08-01,63.17,75
2012MAHV01,Paul Mahvi,2019-08-16,63.56,76
2012MAHV01,Paul Mahvi,2019-08-16,57.29,77
2012MAHV01,Paul Mahvi,2019-08-16,62.21,78
2012MAHV01,Paul Mahvi,2019-09-21,59.39,79
2012MAHV01,Paul Mahvi,2019-12-07,61.67,80
2012MAHV01,Paul Mahvi,2019-12-07,55.45,81
2012MAHV01,Paul Mahvi,2019-12-14,53.22,82
2012MAHV01,Paul Mahvi,2019-12-21,56.93,83
2012MAHV01,Paul Mahvi,2020-01-12,57.39,84
2012MAHV01,Paul Mahvi,2020-01-25,58.05,85
2012MAHV01,Paul Mahvi,2020-02-15,59.26,86
2012MAHV01,Paul Mahvi,2020-02-15,56.68,87
2012MAHV01,Paul Mahvi,2020-02-22,56.35,88
2012MAHV01,Paul Mahvi,2021-11-06,53.82,89
2012MAHV01,Paul Mahvi,2021-11-20,55.56,90
2012MAHV01,Paul Mahvi,2021-11-26,57.54,91
2012MAHV01,Paul Mahvi,2022-02-05,55.22,92
2012MAHV01,Paul Mahvi,2022-02-05,53.56,93
2012MAHV01,Paul Mahvi,2022-02-12,57.38,94
2012MAHV01,Paul Mahvi,2022-03-19,53.18,95
2012MAHV01,Paul Mahvi,2022-03-19,55.48,96
2012MAHV01,Paul Mahvi,2022-03-27,51.58,97
2012MAHV01,Paul Mahvi,2022-04-03,54.37,98
2012MAHV01,Paul Mahvi,2022-04-03,54.9,99
2012MAHV01,Paul Mahvi,2022-04-03,56.09,100
2012MAHV01,Paul Mahvi,2022-04-17,60.41,101
2012MAHV01,Paul Mahvi,2022-04-17,55.26,102
2012MAHV01,Paul Mahvi,2022-04-30,52.2,103
2012MAHV01,Paul Mahvi,2022-04-30,53.65,104
2012MAHV01,Paul Mahvi,2022-07-03,54.14,105
2012MAHV01,Paul Mahvi,2022-07-03,54.23,106
2012MAHV01,Paul Mahvi,2022-07-07,53.77,107
2012MAHV01,Paul Mahvi,2022-07-07,52.74,108
2012MAHV01,Paul Mahvi,2022-07-07,53.46,109
2012MAHV01,Paul Mahvi,2022-07-14,56.61,110
2012MAHV01,Paul Mahvi,2022-07-14,52.7,111
2012MAHV01,Paul Mahvi,2022-07-14,57.64,112
2012MAHV01,Paul Mahvi,2022-08-13,55.48,113
2012MAHV01,Paul Mahvi,2022-08-19,57.71,114
2012MAHV01,Paul Mahvi,2022-08-19,55.2,115
2012MAHV01,Paul Mahvi,2022-08-28,53.56,116
2012MAHV01,Paul Mahvi,2022-10-07,55.35,117
2012MAHV01,Paul Mahvi,2022-10-07,57.86,118
2012MAHV01,Paul Mahvi,2022-11-05,56.54,119
2012MAHV01,Paul Mahvi,2022-11-05,57.69,120
2012MAHV01,Paul Mahvi,2022-11-19,56.64,121
2012MAHV01,Paul Mahvi,2022-11-19,55.36,122
2012MAHV01,Paul Mahvi,2022-11-19,55.94,123
2012MAHV01,Paul Mahvi,2022-12-04,55.94,124
2012MAHV01,Paul Mahvi,2022-12-04,53.93,125
2012MAHV01,Paul Mahvi,2022-12-17,58.55,126
2012MAHV01,Paul Mahvi,2022-12-17,55.79,127
2012MAHV01,Paul Mahvi,2023-01-14,58.29,128
2012MAHV01,Paul Mahvi,2023-01-21,52.71,129
2012MAHV01,Paul Mahvi,2023-01-21,53.03,130
2012MAHV01,Paul Mahvi,2023-02-18,54.12,131
2012MAHV01,Paul Mahvi,2023-02-18,57.24,132
2012MAHV01,Paul Mahvi,2023-03-11,54.8,133
2012MAHV01,Paul Mahvi,2023-03-11,58.95,134
2012MAHV01,Paul Mahvi,2023-04-01,54.68,135
2012MAHV01,Paul Mahvi,2023-04-01,53.95,136
2012MAHV01,Paul Mahvi,2023-04-15,56.59,137
2012MAHV01,Paul Mahvi,2023-04-15,54.52,138
2012MAHV01,Paul Mahvi,2023-04-23,53.48,139
2012MAHV01,Paul Mahvi,2023-04-23,58.95,140
2012MAHV01,Paul Mahvi,2023-04-29,57.01,141
2012MAHV01,Paul Mahvi,2023-04-29,59.41,142
2012MAHV01,Paul Mahvi,2023-04-29,56.83,143
2012MAHV01,Paul Mahvi,2023-05-06,56.45,144
2012MAHV01,Paul Mahvi,2023-05-06,55.14,145
2012MAHV01,Paul Mahvi,2023-05-20,55.25,146
2012MAHV01,Paul Mahvi,2023-05-27,56.41,147
2012MAHV01,Paul Mahvi,2023-06-17,55.26,148
2012MAHV01,Paul Mahvi,2023-06-17,52.46,149
2012MAHV01,Paul Mahvi,2023-06-17,57.78,150
2012MAHV01,Paul Mahvi,2023-06-17,54.46,151
2012MAHV01,Paul Mahvi,2023-06-25,55.18,152
2012MAHV01,Paul Mahvi,2023-06-25,58.62,153
2012MAHV01,Paul Mahvi,2023-06-30,55.54,154
2012MAHV01,Paul Mahvi,2023-06-30,59.32,155
2012MAHV01,Paul Mahvi,2023-07-13,55.0,156
2012MAHV01,Paul Mahvi,2023-07-13,54.38,157
2012MAHV01,Paul Mahvi,2023-07-27,55.33,158
2012MAHV01,Paul Mahvi,2023-07-27,51.21,159
2012MAHV01,Paul Mahvi,2023-07-27,55.48,160
2012MAHV01,Paul Mahvi,2023-08-12,54.49,161
2012MAHV01,Paul Mahvi,2023-08-12,54.62,162
2012MAHV01,Paul Mahvi,2023-08-26,56.21,163
2012MAHV01,Paul Mahvi,2023-09-09,52.24,164
2012MAHV01,Paul Mahvi,2023-09-09,54.43,165
2012MAHV01,Paul Mahvi,2023-09-17,51.14,166
2012MAHV01,Paul Mahvi,2023-09-17,51.33,167
2012MAHV01,Paul Mahvi,2023-10-07,52.24,168
2012MAHV01,Paul Mahvi,2023-10-07,52.23,169
2012MAHV01,Paul Mahvi,2023-10-15,53.12,170
2012MAHV01,Paul Mahvi,2023-10-15,56.86,171
2012MAHV01,Paul Mahvi,2023-11-11,56.5,172
2012MAHV01,Paul Mahvi,2023-11-11,54.31,173
2012MAHV01,Paul Mahvi,2023-12-03,58.63,174
2012MAHV01,Paul Mahvi,2023-12-03,53.8,175
2012MAHV01,Paul Mahvi,2023-12-10,54.98,176
2012MAHV01,Paul Mahvi,2023-12-10,54.55,177
2012MAHV01,Paul Mahvi,2024-01-05,60.07,178
2012MAHV01,Paul Mahvi,2024-01-05,52.01,179
2012MAHV01,Paul Mahvi,2024-01-20,51.62,180
2012MAHV01,Paul Mahvi,2024-01-20,55.54,181
2012MAHV01,Paul Mahvi,2024-01-28,56.84,182
2012MAHV01,Paul Mahvi,2024-01-28,53.92,183
2012MAHV01,Paul Mahvi,2024-02-04,54.3,184
2012MAHV01,Paul Mahvi,2024-02-25,53.76,185
2012MAHV01,Paul Mahvi,2024-02-25,54.21,186
2012MAHV01,Paul Mahvi,2024-03-09,51.0,187
2012MAHV01,Paul Mahvi,2024-03-23,53.7,188
2012MAHV01,Paul Mahvi,2024-03-23,51.44,189
2012MAHV01,Paul Mahvi,2024-04-06,55.45,190
2012MAHV01,Paul Mahvi,2024-04-06,53.28,191
2012MAHV01,Paul Mahvi,2024-04-12,52.7,192
2012MAHV01,Paul Mahvi,2024-04-12,52.86,193
2012MAHV01,Paul Mahvi,2024-04-27,51.76,194
2012MAHV01,Paul Mahvi,2024-04-27,51.13,195
2012MAHV01,Paul Mahvi,2024-04-27,52.73,196
2012MAHV01,Paul Mahvi,2024-05-04,56.01,197
2012MAHV01,Paul Mahvi,2024-05-11,54.84,198
2012MAHV01,Paul Mahvi,2024-05-25,55.16,199
2012MAHV01,Paul Mahvi,2024-05-25,53.09,200
2012MAHV01,Paul Mahvi,2024-05-25,54.63,201
2012MAHV01,Paul Mahvi,2024-06-01,52.71,202
2012MAHV01,Paul Mahvi,2024-06-01,53.67,203
2012MAHV01,Paul Mahvi,2024-06-09,52.1,204
2012MAHV01,Paul Mahvi,2024-06-22,53.02,205
2012MAHV01,Paul Mahvi,2024-06-22,54.82,206
2012MAHV01,Paul Mahvi,2024-07-18,54.34,207
2012MAHV01,Paul Mahvi,2024-07-18,51.42,208
2012MAHV01,Paul Mahvi,2024-07-18,53.47,209
2012MAHV01,Paul Mahvi,2024-08-02,51.86,210
2012MAHV01,Paul Mahvi,2024-08-02,54.2,211
2012MAHV01,Paul Mahvi,2024-08-17,51.93,212
2012MAHV01,Paul Mahvi,2024-08-31,54.83,213
2012MAHV01,Paul Mahvi,2024-08-31,53.64,214
2012MAHV01,Paul Mahvi,2024-09-15,50.01,215
2012MAHV01,Paul Mahvi,2024-09-15,53.42,216
2012MAHV01,Paul Mahvi,2024-09-28,54.19,217
2012MAHV01,Paul Mahvi,2024-11-09,53.72,218
2012MAHV01,Paul Mahvi,2024-11-16,51.28,219
2012MAHV01,Paul Mahvi,2024-11-30,51.27,220
2012MAHV01,Paul Mahvi,2024-11-30,51.05,221
2012MAHV01,Paul Mahvi,2024-12-08,53.26,222
2012MAHV01,Paul Mahvi,2024-12-15,53.07,223
2012MAHV01,Paul Mahvi,2025-01-04,52.55,224
2012MAHV01,Paul Mahvi,2025-01-04,50.14,225
2012MAHV01,Paul Mahvi,2025-01-12,54.58,226
2012MAHV01,Paul Mahvi,2025-02-22,52.99,227
2012MAHV01,Paul Mahvi,2025-02-22,49.58,228
2012MAHV01,Paul Mahvi,2025-03-02,50.05,229
2012MAHV01,Paul Mahvi,2025-03-08,52.35,230
2012MAHV01,Paul Mahvi,2025-03-13,50.85,231
2012MAHV01,Paul Mahvi,2025-03-14,53.89,232
2012MAHV01,Paul Mahvi,2025-03-14,51.67,233
2012MAHV01,Paul Mahvi,2025-03-14,51.28,234
2012MAHV01,Paul Mahvi,2025-03-22,53.22,235
2012MAHV01,Paul Mahvi,2025-03-22,53.13,236
2012MAHV01,Paul Mahvi,2025-03-22,50.3,237
2012MAHV01,Paul Mahvi,2025-03-29,52.81,238
2012MAHV01,Paul Mahvi,2025-04-12,55.03,239
2012MAHV01,Paul Mahvi,2025-04-12,50.27,240
2012MAHV01,Paul Mahvi,2025-04-27,51.81,241
2012MAHV01,Paul Mahvi,2025-06-25,52.78,242
2012MAHV01,Paul Mahvi,2025-06-25,52.17,243
2012MAHV01,Paul Mahvi,2025-06-28,51.17,244
2012MAHV01,Paul Mahvi,2025-06-28,49.06,245
2012MAHV01,Paul Mahvi,2025-07-03,49.37,246
2012MAHV01,Paul Mahvi,2025-07-03,51.24,247
2012MAHV01,Paul Mahvi,2025-07-18,50.79,248
2012MAHV01,Paul Mahvi,2025-07-18,50.7,249
2012MAHV01,Paul Mahvi,2025-08-02,50.36,250
2012MAHV01,Paul Mahvi,2025-08-09,53.41,251
2012MAHV01,Paul Mahvi,2025-08-09,48.62,252
2012MAHV01,Paul Mahvi,2025-08-29,50.81,253
2012MAHV01,Paul Mahvi,2025-08-29,55.05,254
2012MAHV01,Paul Mahvi,2025-10-04,48.76,255
2012MAHV01,Paul Mahvi,2025-10-04,50.88,256
2012MAHV01,Paul Mahvi,2025-11-01,53.41,257
2012MAHV01,Paul Mahvi,2025-11-22,54.92,258
2012MAHV01,Paul Mahvi,2026-01-09,52.14,259
2012MAHV01,Paul Mahvi,2026-01-09,49.88,260
2012MAHV01,Paul Mahvi,2026-01-18,53.02,261
2012MAHV01,Paul Mahvi,2026-02-07,55.03,262
2012MAHV01,Paul Mahvi,2026-03-01,54.59,263
2012MAHV01,Paul Mahvi,2026-03-14,53.78,264
2012MAHV01,Paul Mahvi,2026-03-14,50.0,265
2012MAHV01,Paul Mahvi,2026-03-21,53.24,266
2012MAHV01,Paul Mahvi,2026-03-21,50.36,267
2012MAHV01,Paul Mahvi,2026-05-01,48.95,268
2012MAHV01,Paul Mahvi,2026-05-01,47.78,269
2012MAHV01,Paul Mahvi,2026-05-01,53.38,270
2012MAHV01,Paul Mahvi,2026-05-09,52.32,271
2012MAHV01,Paul Mahvi,2026-05-23,54.37,272
2012MAHV01,Paul Mahvi,2026-05-23,52.58,273
2012ZHAN08,Anyu Zhang (张安宇),2012-04-04,140.46,1
2012ZHAN08,Anyu Zhang (张安宇),2012-12-23,108.99,2
2012ZHAN08,Anyu Zhang (张安宇),2013-08-03,100.91,3
2012ZHAN08,Anyu Zhang (张安宇),2013-12-08,86.25,4
2012ZHAN08,Anyu Zhang (张安宇),2014-04-13,85.64,5
2012ZHAN08,Anyu Zhang (张安宇),2014-12-07,83.86,6
2012ZHAN08,Anyu Zhang (张安宇),2015-05-17,82.58,7
2012ZHAN08,Anyu Zhang (张安宇),2016-08-06,76.95,8
2012ZHAN08,Anyu Zhang (张安宇),2016-08-06,78.23,9
2012ZHAN08,Anyu Zhang (张安宇),2016-08-13,80.03,10
2012ZHAN08,Anyu Zhang (张安宇),2016-08-13,81.88,11
2012ZHAN08,Anyu Zhang (张安宇),2016-10-01,74.76,12
2012ZHAN08,Anyu Zhang (张安宇),2016-10-01,77.19,13
2012ZHAN08,Anyu Zhang (张安宇),2016-12-11,76.24,14
2012ZHAN08,Anyu Zhang (张安宇),2016-12-11,75.9,15
2012ZHAN08,Anyu Zhang (张安宇),2017-04-02,81.79,16
2012ZHAN08,Anyu Zhang (张安宇),2017-04-02,73.94,17
2012ZHAN08,Anyu Zhang (张安宇),2017-05-28,72.21,18
2012ZHAN08,Anyu Zhang (张安宇),2017-05-28,78.96,19
2012ZHAN08,Anyu Zhang (张安宇),2017-07-28,67.3,20
2012ZHAN08,Anyu Zhang (张安宇),2017-07-28,71.13,21
2012ZHAN08,Anyu Zhang (张安宇),2017-07-28,69.52,22
2012ZHAN08,Anyu Zhang (张安宇),2017-08-05,70.29,23
2012ZHAN08,Anyu Zhang (张安宇),2017-08-05,67.64,24
2012ZHAN08,Anyu Zhang (张安宇),2017-08-13,66.53,25
2012ZHAN08,Anyu Zhang (张安宇),2017-10-01,65.69,26
2012ZHAN08,Anyu Zhang (张安宇),2017-10-01,64.7,27
2012ZHAN08,Anyu Zhang (张安宇),2017-10-05,66.62,28
2012ZHAN08,Anyu Zhang (张安宇),2017-10-05,67.73,29
2012ZHAN08,Anyu Zhang (张安宇),2017-11-11,68.55,30
2012ZHAN08,Anyu Zhang (张安宇),2017-12-10,67.79,31
2012ZHAN08,Anyu Zhang (张安宇),2017-12-10,66.86,32
2012ZHAN08,Anyu Zhang (张安宇),2018-01-01,65.99,33
2012ZHAN08,Anyu Zhang (张安宇),2018-01-20,63.91,34
2012ZHAN08,Anyu Zhang (张安宇),2018-01-20,64.89,35
2012ZHAN08,Anyu Zhang (张安宇),2018-01-28,62.82,36
2012ZHAN08,Anyu Zhang (张安宇),2018-02-03,65.59,37
2012ZHAN08,Anyu Zhang (张安宇),2018-03-17,67.21,38
2012ZHAN08,Anyu Zhang (张安宇),2018-03-24,69.56,39
2012ZHAN08,Anyu Zhang (张安宇),2018-03-24,65.82,40
2012ZHAN08,Anyu Zhang (张安宇),2018-04-06,60.31,41
2012ZHAN08,Anyu Zhang (张安宇),2018-04-30,60.93,42
2012ZHAN08,Anyu Zhang (张安宇),2018-04-30,61.23,43
2012ZHAN08,Anyu Zhang (张安宇),2018-05-12,62.18,44
2012ZHAN08,Anyu Zhang (张安宇),2018-05-12,61.91,45
2012ZHAN08,Anyu Zhang (张安宇),2018-05-19,58.4,46
2012ZHAN08,Anyu Zhang (张安宇),2018-05-19,60.7,47
2012ZHAN08,Anyu Zhang (张安宇),2018-05-26,60.58,48
2012ZHAN08,Anyu Zhang (张安宇),2018-05-26,61.36,49
2012ZHAN08,Anyu Zhang (张安宇),2018-06-17,58.76,50
2012ZHAN08,Anyu Zhang (张安宇),2018-07-21,62.56,51
2012ZHAN08,Anyu Zhang (张安宇),2018-07-21,57.1,52
2012ZHAN08,Anyu Zhang (张安宇),2018-08-05,60.16,53
2012ZHAN08,Anyu Zhang (张安宇),2018-08-17,59.3,54
2012ZHAN08,Anyu Zhang (张安宇),2018-08-17,59.88,55
2012ZHAN08,Anyu Zhang (张安宇),2018-08-17,60.38,56
2012ZHAN08,Anyu Zhang (张安宇),2018-09-09,61.16,57
2012ZHAN08,Anyu Zhang (张安宇),2018-09-09,59.13,58
2012ZHAN08,Anyu Zhang (张安宇),2018-10-02,56.91,59
2012ZHAN08,Anyu Zhang (张安宇),2018-10-02,61.33,60
2012ZHAN08,Anyu Zhang (张安宇),2018-10-02,59.38,61
2012ZHAN08,Anyu Zhang (张安宇),2018-12-09,61.21,62
2012ZHAN08,Anyu Zhang (张安宇),2018-12-09,60.62,63
2012ZHAN08,Anyu Zhang (张安宇),2019-02-23,60.41,64
2012ZHAN08,Anyu Zhang (张安宇),2019-02-23,59.0,65
2012ZHAN08,Anyu Zhang (张安宇),2019-03-23,60.51,66
2012ZHAN08,Anyu Zhang (张安宇),2019-03-23,58.64,67
2012ZHAN08,Anyu Zhang (张安宇),2019-04-13,62.54,68
2012ZHAN08,Anyu Zhang (张安宇),2019-04-13,58.24,69
2012ZHAN08,Anyu Zhang (张安宇),2019-05-02,56.08,70
2012ZHAN08,Anyu Zhang (张安宇),2019-05-02,57.44,71
2012ZHAN08,Anyu Zhang (张安宇),2019-05-19,59.94,72
2012ZHAN08,Anyu Zhang (张安宇),2019-07-13,57.38,73
2012ZHAN08,Anyu Zhang (张安宇),2019-07-13,56.51,74
2012ZHAN08,Anyu Zhang (张安宇),2019-07-26,57.34,75
2012ZHAN08,Anyu Zhang (张安宇),2019-07-26,58.19,76
2012ZHAN08,Anyu Zhang (张安宇),2019-07-26,60.86,77
2012ZHAN08,Anyu Zhang (张安宇),2019-08-24,54.95,78
2012ZHAN08,Anyu Zhang (张安宇),2019-08-24,61.21,79
2012ZHAN08,Anyu Zhang (张安宇),2019-10-04,58.8,80
2012ZHAN08,Anyu Zhang (张安宇),2019-10-26,59.83,81
2012ZHAN08,Anyu Zhang (张安宇),2019-10-26,56.0,82
2012ZHAN08,Anyu Zhang (张安宇),2019-12-08,57.66,83
2012ZHAN08,Anyu Zhang (张安宇),2019-12-08,57.83,84
2012ZHAN08,Anyu Zhang (张安宇),2020-01-11,57.67,85
2012ZHAN08,Anyu Zhang (张安宇),2020-01-11,54.96,86
2012ZHAN08,Anyu Zhang (张安宇),2022-06-18,55.72,87
2012ZHAN08,Anyu Zhang (张安宇),2022-06-18,56.07,88
2012ZHAN08,Anyu Zhang (张安宇),2022-06-19,56.08,89
2012ZHAN08,Anyu Zhang (张安宇),2022-06-19,54.95,90
2012ZHAN08,Anyu Zhang (张安宇),2022-07-02,57.32,91
2012ZHAN08,Anyu Zhang (张安宇),2022-07-02,56.11,92
2012ZHAN08,Anyu Zhang (张安宇),2022-07-02,55.11,93
2012ZHAN08,Anyu Zhang (张安宇),2022-07-30,57.73,94
2012ZHAN08,Anyu Zhang (张安宇),2022-07-30,54.09,95
2012ZHAN08,Anyu Zhang (张安宇),2022-07-30,55.73,96
2012ZHAN08,Anyu Zhang (张安宇),2022-08-11,56.6,97
2012ZHAN08,Anyu Zhang (张安宇),2022-08-11,54.91,98
2012ZHAN08,Anyu Zhang (张安宇),2022-08-11,54.73,99
2012ZHAN08,Anyu Zhang (张安宇),2022-09-02,54.69,100
2012ZHAN08,Anyu Zhang (张安宇),2022-09-02,56.64,101
2012ZHAN08,Anyu Zhang (张安宇),2022-09-10,55.01,102
2012ZHAN08,Anyu Zhang (张安宇),2022-09-10,54.81,103
2012ZHAN08,Anyu Zhang (张安宇),2022-09-10,56.04,104
2012ZHAN08,Anyu Zhang (张安宇),2022-09-30,54.27,105
2012ZHAN08,Anyu Zhang (张安宇),2022-09-30,52.9,106
2012ZHAN08,Anyu Zhang (张安宇),2022-11-19,52.44,107
2012ZHAN08,Anyu Zhang (张安宇),2022-11-19,53.41,108
2012ZHAN08,Anyu Zhang (张安宇),2022-12-09,54.84,109
2012ZHAN08,Anyu Zhang (张安宇),2022-12-09,55.05,110
2012ZHAN08,Anyu Zhang (张安宇),2022-12-24,52.43,111
2012ZHAN08,Anyu Zhang (张安宇),2022-12-24,53.62,112
2012ZHAN08,Anyu Zhang (张安宇),2023-01-14,56.79,113
2012ZHAN08,Anyu Zhang (张安宇),2023-01-14,54.49,114
2012ZHAN08,Anyu Zhang (张安宇),2023-02-11,50.54,115
2012ZHAN08,Anyu Zhang (张安宇),2023-02-17,50.98,116
2012ZHAN08,Anyu Zhang (张安宇),2023-02-17,50.29,117
2012ZHAN08,Anyu Zhang (张安宇),2023-02-25,51.64,118
2012ZHAN08,Anyu Zhang (张安宇),2023-03-10,51.95,119
2012ZHAN08,Anyu Zhang (张安宇),2023-03-10,57.41,120
2012ZHAN08,Anyu Zhang (张安宇),2023-04-01,53.31,121
2012ZHAN08,Anyu Zhang (张安宇),2023-04-29,52.44,122
2012ZHAN08,Anyu Zhang (张安宇),2023-04-29,50.53,123
2012ZHAN08,Anyu Zhang (张安宇),2023-05-13,51.71,124
2012ZHAN08,Anyu Zhang (张安宇),2023-06-03,55.73,125
2012ZHAN08,Anyu Zhang (张安宇),2023-06-03,52.16,126
2012ZHAN08,Anyu Zhang (张安宇),2023-06-03,51.1,127
2012ZHAN08,Anyu Zhang (张安宇),2023-06-10,55.74,128
2012ZHAN08,Anyu Zhang (张安宇),2023-06-10,52.87,129
2012ZHAN08,Anyu Zhang (张安宇),2023-06-10,52.24,130
2012ZHAN08,Anyu Zhang (张安宇),2023-07-01,51.87,131
2012ZHAN08,Anyu Zhang (张安宇),2023-07-01,49.96,132
2012ZHAN08,Anyu Zhang (张安宇),2023-07-15,52.01,133
2012ZHAN08,Anyu Zhang (张安宇),2023-07-15,53.07,134
2012ZHAN08,Anyu Zhang (张安宇),2023-07-15,52.22,135
2012ZHAN08,Anyu Zhang (张安宇),2023-08-12,52.5,136
2012ZHAN08,Anyu Zhang (张安宇),2023-08-12,52.37,137
2012ZHAN08,Anyu Zhang (张安宇),2023-09-02,56.04,138
2012ZHAN08,Anyu Zhang (张安宇),2023-09-16,50.52,139
2012ZHAN08,Anyu Zhang (张安宇),2023-09-16,52.05,140
2012ZHAN08,Anyu Zhang (张安宇),2023-09-16,52.16,141
2012ZHAN08,Anyu Zhang (张安宇),2023-09-29,55.5,142
2012ZHAN08,Anyu Zhang (张安宇),2023-09-29,54.02,143
2012ZHAN08,Anyu Zhang (张安宇),2023-10-22,55.02,144
2012ZHAN08,Anyu Zhang (张安宇),2023-10-22,50.86,145
2012ZHAN08,Anyu Zhang (张安宇),2023-10-22,49.38,146
2012ZHAN08,Anyu Zhang (张安宇),2023-11-18,54.3,147
2012ZHAN08,Anyu Zhang (张安宇),2023-12-01,53.84,148
2012ZHAN08,Anyu Zhang (张安宇),2023-12-01,50.74,149
2012ZHAN08,Anyu Zhang (张安宇),2023-12-10,49.24,150
2012ZHAN08,Anyu Zhang (张安宇),2023-12-10,51.86,151
2012ZHAN08,Anyu Zhang (张安宇),2023-12-23,51.71,152
2012ZHAN08,Anyu Zhang (张安宇),2023-12-23,51.12,153
2012ZHAN08,Anyu Zhang (张安宇),2023-12-24,51.33,154
2012ZHAN08,Anyu Zhang (张安宇),2023-12-24,49.2,155
2012ZHAN08,Anyu Zhang (张安宇),2024-03-09,51.61,156
2012ZHAN08,Anyu Zhang (张安宇),2024-03-09,51.18,157
2012ZHAN08,Anyu Zhang (张安宇),2024-03-23,53.06,158
2012ZHAN08,Anyu Zhang (张安宇),2024-03-29,50.1,159
2012ZHAN08,Anyu Zhang (张安宇),2024-03-29,50.31,160
2012ZHAN08,Anyu Zhang (张安宇),2024-03-30,54.03,161
2012ZHAN08,Anyu Zhang (张安宇),2024-03-30,51.59,162
2012ZHAN08,Anyu Zhang (张安宇),2024-03-30,49.68,163
2012ZHAN08,Anyu Zhang (张安宇),2024-04-21,49.0,164
2012ZHAN08,Anyu Zhang (张安宇),2024-04-21,49.65,165
2012ZHAN08,Anyu Zhang (张安宇),2024-04-21,50.08,166
2012ZHAN08,Anyu Zhang (张安宇),2024-05-04,54.78,167
2012ZHAN08,Anyu Zhang (张安宇),2024-05-04,50.92,168
2012ZHAN08,Anyu Zhang (张安宇),2024-05-04,49.11,169
2012ZHAN08,Anyu Zhang (张安宇),2024-05-05,52.89,170
2012ZHAN08,Anyu Zhang (张安宇),2024-05-05,48.72,171
2012ZHAN08,Anyu Zhang (张安宇),2024-05-10,51.86,172
2012ZHAN08,Anyu Zhang (张安宇),2024-05-10,56.47,173
2012ZHAN08,Anyu Zhang (张安宇),2024-05-26,53.62,174
2012ZHAN08,Anyu Zhang (张安宇),2024-05-26,50.64,175
2012ZHAN08,Anyu Zhang (张安宇),2024-06-01,51.7,176
2012ZHAN08,Anyu Zhang (张安宇),2024-06-01,52.08,177
2012ZHAN08,Anyu Zhang (张安宇),2024-06-01,51.8,178
2012ZHAN08,Anyu Zhang (张安宇),2024-06-15,49.93,179
2012ZHAN08,Anyu Zhang (张安宇),2024-06-15,53.59,180
2012ZHAN08,Anyu Zhang (张安宇),2024-06-15,50.7,181
2012ZHAN08,Anyu Zhang (张安宇),2024-06-23,55.01,182
2012ZHAN08,Anyu Zhang (张安宇),2024-06-23,50.01,183
2012ZHAN08,Anyu Zhang (张安宇),2024-06-30,53.45,184
2012ZHAN08,Anyu Zhang (张安宇),2024-06-30,50.12,185
2012ZHAN08,Anyu Zhang (张安宇),2024-07-05,52.43,186
2012ZHAN08,Anyu Zhang (张安宇),2024-07-05,53.16,187
2012ZHAN08,Anyu Zhang (张安宇),2024-07-12,50.95,188
2012ZHAN08,Anyu Zhang (张安宇),2024-07-12,56.21,189
2012ZHAN08,Anyu Zhang (张安宇),2024-07-20,49.87,190
2012ZHAN08,Anyu Zhang (张安宇),2024-07-20,48.75,191
2012ZHAN08,Anyu Zhang (张安宇),2024-07-27,50.95,192
2012ZHAN08,Anyu Zhang (张安宇),2024-07-27,50.35,193
2012ZHAN08,Anyu Zhang (张安宇),2024-08-03,49.51,194
2012ZHAN08,Anyu Zhang (张安宇),2024-08-03,51.13,195
2012ZHAN08,Anyu Zhang (张安宇),2024-08-18,54.97,196
2012ZHAN08,Anyu Zhang (张安宇),2024-08-18,46.23,197
2012ZHAN08,Anyu Zhang (张安宇),2024-08-31,48.86,198
2012ZHAN08,Anyu Zhang (张安宇),2024-08-31,48.16,199
2012ZHAN08,Anyu Zhang (张安宇),2024-09-01,51.39,200
2012ZHAN08,Anyu Zhang (张安宇),2024-09-01,49.47,201
2012ZHAN08,Anyu Zhang (张安宇),2024-09-07,52.33,202
2012ZHAN08,Anyu Zhang (张安宇),2024-09-07,51.46,203
2012ZHAN08,Anyu Zhang (张安宇),2024-09-22,51.9,204
2012ZHAN08,Anyu Zhang (张安宇),2024-09-22,52.35,205
2012ZHAN08,Anyu Zhang (张安宇),2024-09-22,47.49,206
2012ZHAN08,Anyu Zhang (张安宇),2024-09-28,49.18,207
2012ZHAN08,Anyu Zhang (张安宇),2024-09-28,50.44,208
2012ZHAN08,Anyu Zhang (张安宇),2024-10-11,50.37,209
2012ZHAN08,Anyu Zhang (张安宇),2024-10-11,46.94,210
2012ZHAN08,Anyu Zhang (张安宇),2024-11-01,50.49,211
2012ZHAN08,Anyu Zhang (张安宇),2024-11-01,49.92,212
2012ZHAN08,Anyu Zhang (张安宇),2024-11-01,50.58,213
2012ZHAN08,Anyu Zhang (张安宇),2024-11-09,50.7,214
2012ZHAN08,Anyu Zhang (张安宇),2024-11-09,49.37,215
2012ZHAN08,Anyu Zhang (张安宇),2024-11-16,49.71,216
2012ZHAN08,Anyu Zhang (张安宇),2024-11-16,48.82,217
2012ZHAN08,Anyu Zhang (张安宇),2024-12-07,51.7,218
2012ZHAN08,Anyu Zhang (张安宇),2024-12-07,50.57,219
2012ZHAN08,Anyu Zhang (张安宇),2024-12-15,54.51,220
2012ZHAN08,Anyu Zhang (张安宇),2024-12-15,47.88,221
2012ZHAN08,Anyu Zhang (张安宇),2024-12-28,47.65,222
2012ZHAN08,Anyu Zhang (张安宇),2025-02-02,47.71,223
2012ZHAN08,Anyu Zhang (张安宇),2025-02-02,50.67,224
2012ZHAN08,Anyu Zhang (张安宇),2025-02-02,49.99,225
2012ZHAN08,Anyu Zhang (张安宇),2025-02-07,51.32,226
2012ZHAN08,Anyu Zhang (张安宇),2025-02-07,51.83,227
2012ZHAN08,Anyu Zhang (张安宇),2025-02-15,49.47,228
2012ZHAN08,Anyu Zhang (张安宇),2025-02-15,52.88,229
2012ZHAN08,Anyu Zhang (张安宇),2025-02-16,50.53,230
2012ZHAN08,Anyu Zhang (张安宇),2025-02-16,48.45,231
2012ZHAN08,Anyu Zhang (张安宇),2025-02-22,51.82,232
2012ZHAN08,Anyu Zhang (张安宇),2025-02-22,49.33,233
2012ZHAN08,Anyu Zhang (张安宇),2025-02-22,49.25,234
2012ZHAN08,Anyu Zhang (张安宇),2025-03-01,49.6,235
2012ZHAN08,Anyu Zhang (张安宇),2025-03-01,50.38,236
2012ZHAN08,Anyu Zhang (张安宇),2025-03-02,48.47,237
2012ZHAN08,Anyu Zhang (张安宇),2025-03-02,49.18,238
2012ZHAN08,Anyu Zhang (张安宇),2025-03-02,50.96,239
2012ZHAN08,Anyu Zhang (张安宇),2025-03-15,52.12,240
2012ZHAN08,Anyu Zhang (张安宇),2025-03-15,47.99,241
2012ZHAN08,Anyu Zhang (张安宇),2025-03-15,48.8,242
2012ZHAN08,Anyu Zhang (张安宇),2025-03-22,48.49,243
2012ZHAN08,Anyu Zhang (张安宇),2025-03-22,49.86,244
2012ZHAN08,Anyu Zhang (张安宇),2025-03-30,50.77,245
2012ZHAN08,Anyu Zhang (张安宇),2025-03-30,54.64,246
2012ZHAN08,Anyu Zhang (张安宇),2025-04-04,51.79,247
2012ZHAN08,Anyu Zhang (张安宇),2025-04-04,49.56,248
2012ZHAN08,Anyu Zhang (张安宇),2025-05-18,52.11,249
2012ZHAN08,Anyu Zhang (张安宇),2025-05-18,51.7,250
2012ZHAN08,Anyu Zhang (张安宇),2025-05-31,49.21,251
2012ZHAN08,Anyu Zhang (张安宇),2025-05-31,48.18,252
2012ZHAN08,Anyu Zhang (张安宇),2025-06-08,51.12,253
2012ZHAN08,Anyu Zhang (张安宇),2025-06-08,52.51,254
2012ZHAN08,Anyu Zhang (张安宇),2025-06-08,48.67,255
2012ZHAN08,Anyu Zhang (张安宇),2025-07-06,47.19,256
2012ZHAN08,Anyu Zhang (张安宇),2025-07-06,49.73,257
2012ZHAN08,Anyu Zhang (张安宇),2025-07-12,51.9,258
2012ZHAN08,Anyu Zhang (张安宇),2025-07-12,50.64,259
2012ZHAN08,Anyu Zhang (张安宇),2025-07-26,47.95,260
2012ZHAN08,Anyu Zhang (张安宇),2025-07-26,51.72,261
2012ZHAN08,Anyu Zhang (张安宇),2025-07-26,49.74,262
2012ZHAN08,Anyu Zhang (张安宇),2025-08-09,46.14,263
2012ZHAN08,Anyu Zhang (张安宇),2025-08-09,51.39,264
2012ZHAN08,Anyu Zhang (张安宇),2025-08-09,49.77,265
2012ZHAN08,Anyu Zhang (张安宇),2025-09-13,52.79,266
2012ZHAN08,Anyu Zhang (张安宇),2025-09-13,48.09,267
2012ZHAN08,Anyu Zhang (张安宇),2025-09-27,50.72,268
2012ZHAN08,Anyu Zhang (张安宇),2025-09-27,51.43,269
2012ZHAN08,Anyu Zhang (张安宇),2025-09-27,47.2,270
2012ZHAN08,Anyu Zhang (张安宇),2025-10-11,49.78,271
2012ZHAN08,Anyu Zhang (张安宇),2025-10-11,50.75,272
2012ZHAN08,Anyu Zhang (张安宇),2025-10-11,56.63,273
2012ZHAN08,Anyu Zhang (张安宇),2025-10-25,51.61,274
2012ZHAN08,Anyu Zhang (张安宇),2025-10-25,50.03,275
2012ZHAN08,Anyu Zhang (张安宇),2025-11-01,52.46,276
2012ZHAN08,Anyu Zhang (张安宇),2025-11-01,50.53,277
2012ZHAN08,Anyu Zhang (张安宇),2025-11-15,48.91,278
2012ZHAN08,Anyu Zhang (张安宇),2025-11-29,52.61,279
2012ZHAN08,Anyu Zhang (张安宇),2025-11-29,47.54,280
2012ZHAN08,Anyu Zhang (张安宇),2025-12-21,49.61,281
2012ZHAN08,Anyu Zhang (张安宇),2025-12-21,50.72,282
2012ZHAN08,Anyu Zhang (张安宇),2025-12-28,50.37,283
2012ZHAN08,Anyu Zhang (张安宇),2025-12-28,47.62,284
2012ZHAN08,Anyu Zhang (张安宇),2025-12-31,53.04,285
2012ZHAN08,Anyu Zhang (张安宇),2026-02-06,52.0,286
2012ZHAN08,Anyu Zhang (张安宇),2026-03-01,49.12,287
2012ZHAN08,Anyu Zhang (张安宇),2026-03-01,48.71,288
2012ZHAN08,Anyu Zhang (张安宇),2026-03-15,50.94,289
2012ZHAN08,Anyu Zhang (张安宇),2026-03-15,51.8,290
2012ZHAN08,Anyu Zhang (张安宇),2026-03-15,49.93,291
2012ZHAN08,Anyu Zhang (张安宇),2026-03-28,49.84,292
2012ZHAN08,Anyu Zhang (张安宇),2026-03-28,49.18,293
2012ZHAN08,Anyu Zhang (张安宇),2026-04-04,49.62,294
2012ZHAN08,Anyu Zhang (张安宇),2026-04-04,51.64,295
2012ZHAN08,Anyu Zhang (张安宇),2026-04-11,47.37,296
2012ZHAN08,Anyu Zhang (张安宇),2026-04-11,50.49,297
2012ZHAN08,Anyu Zhang (张安宇),2026-04-25,48.41,298
2012ZHAN08,Anyu Zhang (张安宇),2026-04-25,49.04,299
2012ZHAN08,Anyu Zhang (张安宇),2026-05-02,47.57,300
2012ZHAN08,Anyu Zhang (张安宇),2026-05-02,50.08,301
2012ZHAN08,Anyu Zhang (张安宇),2026-05-10,49.94,302
2012ZHAN08,Anyu Zhang (张安宇),2026-05-10,50.96,303
2013WALL03,Daniel Wallin,2014-02-08,140.5,1
2013WALL03,Daniel Wallin,2014-08-08,125.42,2
2013WALL03,Daniel Wallin,2014-09-20,119.02,3
2013WALL03,Daniel Wallin,2015-01-17,103.05,4
2013WALL03,Daniel Wallin,2015-03-14,105.9,5
2013WALL03,Daniel Wallin,2015-03-14,104.47,6
2013WALL03,Daniel Wallin,2015-06-20,91.47,7
2013WALL03,Daniel Wallin,2015-06-20,92.54,8
2013WALL03,Daniel Wallin,2015-07-17,94.04,9
2013WALL03,Daniel Wallin,2015-07-31,100.45,10
2013WALL03,Daniel Wallin,2015-07-31,91.3,11
2013WALL03,Daniel Wallin,2015-10-09,97.14,12
2013WALL03,Daniel Wallin,2015-10-09,97.4,13
2013WALL03,Daniel Wallin,2015-10-17,95.65,14
2013WALL03,Daniel Wallin,2015-10-17,91.67,15
2013WALL03,Daniel Wallin,2015-12-05,93.86,16
2013WALL03,Daniel Wallin,2016-03-04,89.19,17
2013WALL03,Daniel Wallin,2016-03-04,91.21,18
2013WALL03,Daniel Wallin,2016-05-07,76.71,19
2013WALL03,Daniel Wallin,2016-05-07,77.8,20
2013WALL03,Daniel Wallin,2016-06-10,79.96,21
2013WALL03,Daniel Wallin,2016-06-10,82.57,22
2013WALL03,Daniel Wallin,2016-06-18,84.49,23
2013WALL03,Daniel Wallin,2016-06-18,89.09,24
2013WALL03,Daniel Wallin,2016-07-15,78.98,25
2013WALL03,Daniel Wallin,2016-07-15,86.12,26
2013WALL03,Daniel Wallin,2016-10-15,81.1,27
2013WALL03,Daniel Wallin,2017-03-04,72.86,28
2013WALL03,Daniel Wallin,2017-03-18,77.74,29
2013WALL03,Daniel Wallin,2017-03-18,78.29,30
2013WALL03,Daniel Wallin,2017-04-08,85.0,31
2013WALL03,Daniel Wallin,2017-04-08,76.92,32
2013WALL03,Daniel Wallin,2017-04-29,74.98,33
2013WALL03,Daniel Wallin,2017-04-29,73.67,34
2013WALL03,Daniel Wallin,2017-05-26,78.15,35
2013WALL03,Daniel Wallin,2017-05-26,78.58,36
2013WALL03,Daniel Wallin,2017-07-08,79.91,37
2013WALL03,Daniel Wallin,2017-07-13,71.99,38
2013WALL03,Daniel Wallin,2017-07-13,75.99,39
2013WALL03,Daniel Wallin,2017-07-29,72.03,40
2013WALL03,Daniel Wallin,2017-07-29,74.14,41
2013WALL03,Daniel Wallin,2017-09-30,71.12,42
2013WALL03,Daniel Wallin,2017-09-30,74.86,43
2013WALL03,Daniel Wallin,2017-12-02,73.78,44
2013WALL03,Daniel Wallin,2018-02-24,72.98,45
2013WALL03,Daniel Wallin,2018-03-31,72.79,46
2013WALL03,Daniel Wallin,2018-04-06,73.77,47
2013WALL03,Daniel Wallin,2018-04-06,70.64,48
2013WALL03,Daniel Wallin,2018-05-11,76.43,49
2013WALL03,Daniel Wallin,2018-06-15,72.49,50
2013WALL03,Daniel Wallin,2018-06-15,68.01,51
2013WALL03,Daniel Wallin,2018-06-30,74.32,52
2013WALL03,Daniel Wallin,2018-06-30,70.36,53
2013WALL03,Daniel Wallin,2018-07-19,69.71,54
2013WALL03,Daniel Wallin,2018-07-19,66.23,55
2013WALL03,Daniel Wallin,2018-08-24,73.11,56
2013WALL03,Daniel Wallin,2018-08-24,70.76,57
2013WALL03,Daniel Wallin,2018-08-24,72.58,58
2013WALL03,Daniel Wallin,2018-09-01,71.56,59
2013WALL03,Daniel Wallin,2018-09-07,75.72,60
2013WALL03,Daniel Wallin,2018-09-15,67.29,61
2013WALL03,Daniel Wallin,2018-09-15,68.07,62
2013WALL03,Daniel Wallin,2018-09-22,68.16,63
2013WALL03,Daniel Wallin,2018-10-12,70.85,64
2013WALL03,Daniel Wallin,2018-10-12,67.52,65
2013WALL03,Daniel Wallin,2018-10-20,64.62,66
2013WALL03,Daniel Wallin,2018-10-26,71.81,67
2013WALL03,Daniel Wallin,2018-11-02,71.96,68
2013WALL03,Daniel Wallin,2018-11-02,65.3,69
2013WALL03,Daniel Wallin,2018-11-16,69.13,70
2013WALL03,Daniel Wallin,2018-11-16,67.82,71
2013WALL03,Daniel Wallin,2018-11-16,66.83,72
2013WALL03,Daniel Wallin,2018-11-30,62.62,73
2013WALL03,Daniel Wallin,2018-11-30,61.75,74
2013WALL03,Daniel Wallin,2018-11-30,59.98,75
2013WALL03,Daniel Wallin,2019-01-26,66.76,76
2013WALL03,Daniel Wallin,2019-01-26,65.38,77
2013WALL03,Daniel Wallin,2019-03-15,64.6,78
2013WALL03,Daniel Wallin,2019-03-15,63.24,79
2013WALL03,Daniel Wallin,2019-03-29,68.75,80
2013WALL03,Daniel Wallin,2019-03-29,66.07,81
2013WALL03,Daniel Wallin,2019-04-13,63.36,82
2013WALL03,Daniel Wallin,2019-04-13,70.32,83
2013WALL03,Daniel Wallin,2019-05-03,62.74,84
2013WALL03,Daniel Wallin,2019-05-03,70.86,85
2013WALL03,Daniel Wallin,2019-05-30,62.26,86
2013WALL03,Daniel Wallin,2019-05-30,65.98,87
2013WALL03,Daniel Wallin,2019-05-30,59.68,88
2013WALL03,Daniel Wallin,2019-06-22,63.73,89
2013WALL03,Daniel Wallin,2019-06-22,63.05,90
2013WALL03,Daniel Wallin,2019-07-06,68.19,91
2013WALL03,Daniel Wallin,2019-07-11,64.98,92
2013WALL03,Daniel Wallin,2019-07-11,63.88,93
2013WALL03,Daniel Wallin,2019-08-03,70.11,94
2013WALL03,Daniel Wallin,2019-08-03,65.32,95
2013WALL03,Daniel Wallin,2019-09-13,72.03,96
2013WALL03,Daniel Wallin,2019-09-13,66.63,97
2013WALL03,Daniel Wallin,2019-09-13,64.03,98
2013WALL03,Daniel Wallin,2019-10-05,66.63,99
2013WALL03,Daniel Wallin,2019-10-05,62.07,100
2013WALL03,Daniel Wallin,2019-10-05,65.71,101
2013WALL03,Daniel Wallin,2019-10-17,67.58,102
2013WALL03,Daniel Wallin,2019-10-17,66.25,103
2013WALL03,Daniel Wallin,2019-11-02,63.37,104
2013WALL03,Daniel Wallin,2019-11-02,66.2,105
2013WALL03,Daniel Wallin,2019-12-07,68.43,106
2013WALL03,Daniel Wallin,2019-12-07,69.55,107
2013WALL03,Daniel Wallin,2020-01-31,69.77,108
2013WALL03,Daniel Wallin,2020-01-31,64.29,109
2013WALL03,Daniel Wallin,2021-08-14,67.79,110
2013WALL03,Daniel Wallin,2021-09-04,68.27,111
2013WALL03,Daniel Wallin,2021-10-02,68.66,112
2013WALL03,Daniel Wallin,2021-10-02,69.28,113
2013WALL03,Daniel Wallin,2021-10-08,67.02,114
2013WALL03,Daniel Wallin,2021-10-08,65.67,115
2013WALL03,Daniel Wallin,2021-11-05,69.06,116
2013WALL03,Daniel Wallin,2021-11-05,66.81,117
2013WALL03,Daniel Wallin,2021-11-12,64.74,118
2013WALL03,Daniel Wallin,2021-11-12,62.06,119
2013WALL03,Daniel Wallin,2021-11-27,70.48,120
2013WALL03,Daniel Wallin,2021-11-27,67.07,121
2013WALL03,Daniel Wallin,2022-03-05,66.71,122
2013WALL03,Daniel Wallin,2022-03-05,66.41,123
2013WALL03,Daniel Wallin,2022-04-01,66.52,124
2013WALL03,Daniel Wallin,2022-04-01,64.92,125
2013WALL03,Daniel Wallin,2022-04-29,65.91,126
2013WALL03,Daniel Wallin,2022-06-11,65.77,127
2013WALL03,Daniel Wallin,2022-06-11,68.52,128
2013WALL03,Daniel Wallin,2022-06-24,62.93,129
2013WALL03,Daniel Wallin,2022-06-24,63.74,130
2013WALL03,Daniel Wallin,2022-07-09,69.98,131
2013WALL03,Daniel Wallin,2022-07-09,68.54,132
2013WALL03,Daniel Wallin,2022-08-21,72.8,133
2013WALL03,Daniel Wallin,2022-08-21,61.65,134
2013WALL03,Daniel Wallin,2022-09-03,62.41,135
2013WALL03,Daniel Wallin,2022-09-03,63.06,136
2013WALL03,Daniel Wallin,2022-10-14,64.61,137
2013WALL03,Daniel Wallin,2022-10-14,64.93,138
2013WALL03,Daniel Wallin,2022-10-28,70.02,139
2013WALL03,Daniel Wallin,2022-10-28,62.08,140
2013WALL03,Daniel Wallin,2022-11-19,67.59,141
2013WALL03,Daniel Wallin,2022-11-19,71.7,142
2013WALL03,Daniel Wallin,2023-01-07,70.42,143
2013WALL03,Daniel Wallin,2023-01-13,70.32,144
2013WALL03,Daniel Wallin,2023-01-13,65.84,145
2013WALL03,Daniel Wallin,2023-01-28,66.89,146
2013WALL03,Daniel Wallin,2023-01-28,64.43,147
2013WALL03,Daniel Wallin,2023-02-11,66.52,148
2013WALL03,Daniel Wallin,2023-02-16,64.07,149
2013WALL03,Daniel Wallin,2023-03-25,69.02,150
2013WALL03,Daniel Wallin,2023-03-29,65.84,151
2013WALL03,Daniel Wallin,2023-04-01,69.24,152
2013WALL03,Daniel Wallin,2023-04-01,64.72,153
2013WALL03,Daniel Wallin,2023-04-10,64.02,154
2013WALL03,Daniel Wallin,2023-04-29,67.98,155
2013WALL03,Daniel Wallin,2023-04-29,63.99,156
2013WALL03,Daniel Wallin,2023-05-13,71.16,157
2013WALL03,Daniel Wallin,2023-05-13,67.4,158
2013WALL03,Daniel Wallin,2023-05-24,64.26,159
2013WALL03,Daniel Wallin,2023-06-03,64.98,160
2013WALL03,Daniel Wallin,2023-06-03,59.61,161
2013WALL03,Daniel Wallin,2023-06-26,65.41,162
2013WALL03,Daniel Wallin,2023-07-08,66.23,163
2013WALL03,Daniel Wallin,2023-07-08,60.77,164
2013WALL03,Daniel Wallin,2023-07-22,69.36,165
2013WALL03,Daniel Wallin,2023-07-22,67.16,166
2013WALL03,Daniel Wallin,2023-09-09,64.84,167
2013WALL03,Daniel Wallin,2023-09-09,64.12,168
2013WALL03,Daniel Wallin,2023-09-17,62.69,169
2013WALL03,Daniel Wallin,2023-09-17,66.23,170
2013WALL03,Daniel Wallin,2023-09-17,72.94,171
2013WALL03,Daniel Wallin,2023-10-14,63.59,172
2013WALL03,Daniel Wallin,2023-10-19,68.72,173
2013WALL03,Daniel Wallin,2023-10-28,71.02,174
2013WALL03,Daniel Wallin,2023-10-28,61.66,175
2013WALL03,Daniel Wallin,2023-11-11,66.3,176
2013WALL03,Daniel Wallin,2023-11-11,66.82,177
2013WALL03,Daniel Wallin,2023-11-18,62.39,178
2013WALL03,Daniel Wallin,2023-12-02,66.12,179
2013WALL03,Daniel Wallin,2023-12-02,63.38,180
2013WALL03,Daniel Wallin,2023-12-06,65.2,181
2013WALL03,Daniel Wallin,2023-12-08,66.47,182
2013WALL03,Daniel Wallin,2023-12-08,69.61,183
2013WALL03,Daniel Wallin,2023-12-18,66.94,184
2013WALL03,Daniel Wallin,2024-01-28,66.93,185
2013WALL03,Daniel Wallin,2024-02-03,64.53,186
2013WALL03,Daniel Wallin,2024-02-28,69.26,187
2013WALL03,Daniel Wallin,2024-03-02,66.98,188
2013WALL03,Daniel Wallin,2024-03-02,69.42,189
2013WALL03,Daniel Wallin,2024-03-16,63.6,190
2013WALL03,Daniel Wallin,2024-03-16,64.24,191
2013WALL03,Daniel Wallin,2024-03-23,64.89,192
2013WALL03,Daniel Wallin,2024-03-25,68.07,193
2013WALL03,Daniel Wallin,2024-04-13,64.82,194
2013WALL03,Daniel Wallin,2024-04-20,66.74,195
2013WALL03,Daniel Wallin,2024-04-22,64.54,196
2013WALL03,Daniel Wallin,2024-05-04,62.29,197
2013WALL03,Daniel Wallin,2024-05-04,61.27,198
2013WALL03,Daniel Wallin,2024-05-10,67.32,199
2013WALL03,Daniel Wallin,2024-05-10,64.13,200
2013WALL03,Daniel Wallin,2024-05-23,65.08,201
2013WALL03,Daniel Wallin,2024-06-01,62.05,202
2013WALL03,Daniel Wallin,2024-06-15,65.68,203
2013WALL03,Daniel Wallin,2024-06-15,60.95,204
2013WALL03,Daniel Wallin,2024-06-28,69.82,205
2013WALL03,Daniel Wallin,2024-06-28,70.12,206
2013WALL03,Daniel Wallin,2024-07-06,61.53,207
2013WALL03,Daniel Wallin,2024-07-06,62.66,208
2013WALL03,Daniel Wallin,2024-07-19,62.66,209
2013WALL03,Daniel Wallin,2024-08-03,67.65,210
2013WALL03,Daniel Wallin,2024-08-19,68.96,211
2013WALL03,Daniel Wallin,2024-08-24,68.23,212
2013WALL03,Daniel Wallin,2024-08-27,68.05,213
2013WALL03,Daniel Wallin,2024-09-06,63.17,214
2013WALL03,Daniel Wallin,2024-10-05,61.92,215
2013WALL03,Daniel Wallin,2024-10-19,66.15,216
2013WALL03,Daniel Wallin,2024-10-19,61.34,217
2013WALL03,Daniel Wallin,2024-10-19,62.69,218
2013WALL03,Daniel Wallin,2024-10-26,61.03,219
2013WALL03,Daniel Wallin,2024-10-26,61.4,220
2013WALL03,Daniel Wallin,2024-11-02,61.1,221
2013WALL03,Daniel Wallin,2024-11-08,62.98,222
2013WALL03,Daniel Wallin,2024-11-14,64.69,223
2013WALL03,Daniel Wallin,2024-11-16,65.13,224
2013WALL03,Daniel Wallin,2024-11-23,62.04,225
2013WALL03,Daniel Wallin,2024-11-23,63.49,226
2013WALL03,Daniel Wallin,2024-11-25,63.06,227
2013WALL03,Daniel Wallin,2024-12-27,62.78,228
2013WALL03,Daniel Wallin,2024-12-27,65.75,229
2013WALL03,Daniel Wallin,2025-01-18,61.16,230
2013WALL03,Daniel Wallin,2025-02-19,68.56,231
2013WALL03,Daniel Wallin,2025-02-22,61.65,232
2013WALL03,Daniel Wallin,2025-02-22,60.2,233
2013WALL03,Daniel Wallin,2025-03-01,65.4,234
2013WALL03,Daniel Wallin,2025-03-25,64.96,235
2013WALL03,Daniel Wallin,2025-04-05,60.82,236
2013WALL03,Daniel Wallin,2025-04-06,64.03,237
2013WALL03,Daniel Wallin,2025-04-21,62.27,238
2013WALL03,Daniel Wallin,2025-05-10,63.45,239
2013WALL03,Daniel Wallin,2025-05-11,65.09,240
2013WALL03,Daniel Wallin,2025-05-11,63.52,241
2013WALL03,Daniel Wallin,2025-05-15,68.26,242
2013WALL03,Daniel Wallin,2025-05-16,63.68,243
2013WALL03,Daniel Wallin,2025-05-16,71.86,244
2013WALL03,Daniel Wallin,2025-06-06,64.51,245
2013WALL03,Daniel Wallin,2025-07-19,61.08,246
2013WALL03,Daniel Wallin,2025-08-21,60.91,247
2013WALL03,Daniel Wallin,2025-08-29,59.77,248
2013WALL03,Daniel Wallin,2025-08-29,59.78,249
2013WALL03,Daniel Wallin,2025-09-10,65.18,250
2013WALL03,Daniel Wallin,2025-09-21,61.56,251
2013WALL03,Daniel Wallin,2025-09-21,61.13,252
2013WALL03,Daniel Wallin,2025-09-27,65.0,253
2013WALL03,Daniel Wallin,2025-11-06,59.73,254
2013WALL03,Daniel Wallin,2025-11-15,60.84,255
2013WALL03,Daniel Wallin,2025-11-20,65.54,256
2013WALL03,Daniel Wallin,2025-11-29,60.6,257
2013WALL03,Daniel Wallin,2025-12-07,60.93,258
2013WALL03,Daniel Wallin,2025-12-07,59.11,259
2013WALL03,Daniel Wallin,2025-12-13,60.52,260
2013WALL03,Daniel Wallin,2026-01-10,61.86,261
2013WALL03,Daniel Wallin,2026-01-23,70.55,262
2013WALL03,Daniel Wallin,2026-01-23,64.5,263
2013WALL03,Daniel Wallin,2026-02-14,61.08,264
2013WALL03,Daniel Wallin,2026-02-17,63.12,265
2013WALL03,Daniel Wallin,2026-02-21,65.49,266
2013WALL03,Daniel Wallin,2026-03-06,65.25,267
2013WALL03,Daniel Wallin,2026-03-06,61.87,268
2013WALL03,Daniel Wallin,2026-03-12,67.25,269
2013WALL03,Daniel Wallin,2026-03-21,62.09,270
2013WALL03,Daniel Wallin,2026-04-02,61.09,271
2013WALL03,Daniel Wallin,2026-04-11,60.73,272
2013WALL03,Daniel Wallin,2026-04-17,63.59,273
2013WALL03,Daniel Wallin,2026-04-17,59.78,274
2013WALL03,Daniel Wallin,2026-05-01,63.51,275
2014PETE03,Tobias Peter,2015-02-21,131.41,1
2014PETE03,Tobias Peter,2015-02-21,131.39,2
2014PETE03,Tobias Peter,2015-03-29,114.5,3
2014PETE03,Tobias Peter,2015-04-18,116.67,4
2014PETE03,Tobias Peter,2015-05-10,107.9,5
2014PETE03,Tobias Peter,2015-05-10,110.91,6
2014PETE03,Tobias Peter,2015-05-30,105.19,7
2014PETE03,Tobias Peter,2015-07-17,98.4,8
2014PETE03,Tobias Peter,2015-07-17,103.44,9
2014PETE03,Tobias Peter,2015-07-24,99.46,10
2014PETE03,Tobias Peter,2015-07-24,91.75,11
2014PETE03,Tobias Peter,2015-09-05,105.19,12
2014PETE03,Tobias Peter,2015-09-26,88.73,13
2014PETE03,Tobias Peter,2015-09-26,94.12,14
2014PETE03,Tobias Peter,2015-10-10,107.31,15
2014PETE03,Tobias Peter,2015-10-10,107.37,16
2014PETE03,Tobias Peter,2015-11-13,97.96,17
2014PETE03,Tobias Peter,2015-11-13,98.34,18
2014PETE03,Tobias Peter,2015-11-21,95.43,19
2014PETE03,Tobias Peter,2015-12-05,89.6,20
2014PETE03,Tobias Peter,2015-12-05,102.32,21
2014PETE03,Tobias Peter,2016-01-16,92.26,22
2014PETE03,Tobias Peter,2016-01-30,90.39,23
2014PETE03,Tobias Peter,2016-04-02,102.38,24
2014PETE03,Tobias Peter,2016-05-14,93.09,25
2014PETE03,Tobias Peter,2016-05-14,90.68,26
2014PETE03,Tobias Peter,2016-05-21,98.63,27
2014PETE03,Tobias Peter,2016-05-21,91.75,28
2014PETE03,Tobias Peter,2016-07-09,95.0,29
2014PETE03,Tobias Peter,2016-07-15,93.93,30
2014PETE03,Tobias Peter,2016-08-13,92.92,31
2014PETE03,Tobias Peter,2016-08-13,89.42,32
2014PETE03,Tobias Peter,2016-09-03,95.22,33
2014PETE03,Tobias Peter,2016-09-03,89.66,34
2014PETE03,Tobias Peter,2016-10-08,91.62,35
2014PETE03,Tobias Peter,2016-10-08,93.6,36
2014PETE03,Tobias Peter,2016-10-15,86.89,37
2014PETE03,Tobias Peter,2016-10-15,91.34,38
2014PETE03,Tobias Peter,2016-11-05,90.44,39
2014PETE03,Tobias Peter,2016-11-05,92.33,40
2014PETE03,Tobias Peter,2016-11-12,89.46,41
2014PETE03,Tobias Peter,2016-11-12,82.5,42
2014PETE03,Tobias Peter,2016-12-10,85.77,43
2014PETE03,Tobias Peter,2016-12-10,104.66,44
2014PETE03,Tobias Peter,2017-01-28,87.51,45
2014PETE03,Tobias Peter,2017-01-28,89.95,46
2014PETE03,Tobias Peter,2017-03-04,93.17,47
2014PETE03,Tobias Peter,2017-03-04,92.11,48
2014PETE03,Tobias Peter,2017-04-01,89.0,49
2014PETE03,Tobias Peter,2017-04-29,86.13,50
2014PETE03,Tobias Peter,2017-04-29,84.25,51
2014PETE03,Tobias Peter,2017-05-06,84.34,52
2014PETE03,Tobias Peter,2017-05-06,89.37,53
2014PETE03,Tobias Peter,2017-05-13,83.16,54
2014PETE03,Tobias Peter,2017-06-10,89.46,55
2014PETE03,Tobias Peter,2017-06-10,88.49,56
2014PETE03,Tobias Peter,2017-07-08,87.74,57
2014PETE03,Tobias Peter,2017-07-13,87.8,58
2014PETE03,Tobias Peter,2017-07-21,84.18,59
2014PETE03,Tobias Peter,2017-07-21,80.84,60
2014PETE03,Tobias Peter,2017-08-26,85.92,61
2014PETE03,Tobias Peter,2017-09-01,83.28,62
2014PETE03,Tobias Peter,2017-09-01,81.68,63
2014PETE03,Tobias Peter,2017-09-16,81.43,64
2014PETE03,Tobias Peter,2017-09-16,79.99,65
2014PETE03,Tobias Peter,2017-09-22,80.54,66
2014PETE03,Tobias Peter,2017-09-22,79.52,67
2014PETE03,Tobias Peter,2017-10-07,79.75,68
2014PETE03,Tobias Peter,2017-10-07,77.05,69
2014PETE03,Tobias Peter,2017-10-14,76.22,70
2014PETE03,Tobias Peter,2017-10-14,77.02,71
2014PETE03,Tobias Peter,2017-10-28,81.79,72
2014PETE03,Tobias Peter,2017-10-28,83.32,73
2014PETE03,Tobias Peter,2017-11-04,77.78,74
2014PETE03,Tobias Peter,2017-11-11,76.31,75
2014PETE03,Tobias Peter,2017-11-11,75.1,76
2014PETE03,Tobias Peter,2017-11-25,71.21,77
2014PETE03,Tobias Peter,2017-11-25,75.78,78
2014PETE03,Tobias Peter,2017-12-02,73.4,79
2014PETE03,Tobias Peter,2017-12-02,74.07,80
2014PETE03,Tobias Peter,2017-12-16,76.51,81
2014PETE03,Tobias Peter,2017-12-16,72.01,82
2014PETE03,Tobias Peter,2018-01-13,73.32,83
2014PETE03,Tobias Peter,2018-01-13,69.36,84
2014PETE03,Tobias Peter,2018-01-20,73.24,85
2014PETE03,Tobias Peter,2018-02-10,71.63,86
2014PETE03,Tobias Peter,2018-02-10,69.75,87
2014PETE03,Tobias Peter,2018-02-17,71.34,88
2014PETE03,Tobias Peter,2018-02-17,69.8,89
2014PETE03,Tobias Peter,2018-03-31,67.24,90
2014PETE03,Tobias Peter,2018-04-06,73.59,91
2014PETE03,Tobias Peter,2018-04-06,70.11,92
2014PETE03,Tobias Peter,2018-04-15,68.98,93
2014PETE03,Tobias Peter,2018-04-15,66.53,94
2014PETE03,Tobias Peter,2018-04-28,73.07,95
2014PETE03,Tobias Peter,2018-04-28,66.83,96
2014PETE03,Tobias Peter,2018-04-28,67.23,97
2014PETE03,Tobias Peter,2018-05-05,72.16,98
2014PETE03,Tobias Peter,2018-05-05,68.23,99
2014PETE03,Tobias Peter,2018-05-12,71.33,100
2014PETE03,Tobias Peter,2018-05-12,69.71,101
2014PETE03,Tobias Peter,2018-05-25,71.28,102
2014PETE03,Tobias Peter,2018-06-02,71.79,103
2014PETE03,Tobias Peter,2018-06-02,68.06,104
2014PETE03,Tobias Peter,2018-06-09,72.96,105
2014PETE03,Tobias Peter,2018-06-09,64.17,106
2014PETE03,Tobias Peter,2018-06-15,73.28,107
2014PETE03,Tobias Peter,2018-06-15,67.81,108
2014PETE03,Tobias Peter,2018-06-23,71.55,109
2014PETE03,Tobias Peter,2018-06-23,71.32,110
2014PETE03,Tobias Peter,2018-06-23,71.15,111
2014PETE03,Tobias Peter,2018-07-19,70.43,112
2014PETE03,Tobias Peter,2018-07-19,67.69,113
2014PETE03,Tobias Peter,2018-08-04,70.74,114
2014PETE03,Tobias Peter,2018-08-04,68.7,115
2014PETE03,Tobias Peter,2018-08-25,64.15,116
2014PETE03,Tobias Peter,2018-08-25,65.58,117
2014PETE03,Tobias Peter,2018-09-01,68.38,118
2014PETE03,Tobias Peter,2018-09-01,68.75,119
2014PETE03,Tobias Peter,2018-09-07,71.57,120
2014PETE03,Tobias Peter,2018-09-07,70.48,121
2014PETE03,Tobias Peter,2018-09-21,64.9,122
2014PETE03,Tobias Peter,2018-09-21,63.76,123
2014PETE03,Tobias Peter,2018-10-06,71.61,124
2014PETE03,Tobias Peter,2018-10-06,69.69,125
2014PETE03,Tobias Peter,2018-10-13,63.61,126
2014PETE03,Tobias Peter,2018-10-13,68.86,127
2014PETE03,Tobias Peter,2018-10-27,69.7,128
2014PETE03,Tobias Peter,2018-10-27,68.16,129
2014PETE03,Tobias Peter,2018-11-03,68.57,130
2014PETE03,Tobias Peter,2018-11-03,69.74,131
2014PETE03,Tobias Peter,2018-11-17,68.68,132
2014PETE03,Tobias Peter,2018-11-17,70.67,133
2014PETE03,Tobias Peter,2018-12-15,67.29,134
2014PETE03,Tobias Peter,2018-12-15,73.29,135
2014PETE03,Tobias Peter,2018-12-15,68.58,136
2014PETE03,Tobias Peter,2019-01-05,69.21,137
2014PETE03,Tobias Peter,2019-01-05,68.83,138
2014PETE03,Tobias Peter,2019-01-19,66.65,139
2014PETE03,Tobias Peter,2019-01-19,68.54,140
2014PETE03,Tobias Peter,2019-02-02,67.41,141
2014PETE03,Tobias Peter,2019-02-02,65.38,142
2014PETE03,Tobias Peter,2019-02-09,64.64,143
2014PETE03,Tobias Peter,2019-02-16,72.81,144
2014PETE03,Tobias Peter,2019-03-02,69.37,145
2014PETE03,Tobias Peter,2019-03-02,65.44,146
2014PETE03,Tobias Peter,2019-03-30,68.24,147
2014PETE03,Tobias Peter,2019-04-06,64.56,148
2014PETE03,Tobias Peter,2019-04-13,66.99,149
2014PETE03,Tobias Peter,2019-04-13,73.2,150
2014PETE03,Tobias Peter,2019-04-27,67.16,151
2014PETE03,Tobias Peter,2019-04-27,69.1,152
2014PETE03,Tobias Peter,2019-05-04,71.3,153
2014PETE03,Tobias Peter,2019-05-04,67.69,154
2014PETE03,Tobias Peter,2019-05-18,64.72,155
2014PETE03,Tobias Peter,2019-05-18,66.05,156
2014PETE03,Tobias Peter,2019-05-24,67.02,157
2014PETE03,Tobias Peter,2019-05-24,65.77,158
2014PETE03,Tobias Peter,2019-06-01,67.15,159
2014PETE03,Tobias Peter,2019-06-08,73.06,160
2014PETE03,Tobias Peter,2019-06-08,63.79,161
2014PETE03,Tobias Peter,2019-06-15,67.73,162
2014PETE03,Tobias Peter,2019-06-15,70.37,163
2014PETE03,Tobias Peter,2019-06-22,69.18,164
2014PETE03,Tobias Peter,2019-06-22,69.49,165
2014PETE03,Tobias Peter,2019-06-29,65.68,166
2014PETE03,Tobias Peter,2019-06-29,73.12,167
2014PETE03,Tobias Peter,2019-08-02,69.05,168
2014PETE03,Tobias Peter,2019-08-02,67.77,169
2014PETE03,Tobias Peter,2019-08-10,61.54,170
2014PETE03,Tobias Peter,2019-08-10,66.39,171
2014PETE03,Tobias Peter,2019-08-24,66.67,172
2014PETE03,Tobias Peter,2019-08-24,62.34,173
2014PETE03,Tobias Peter,2019-09-07,66.06,174
2014PETE03,Tobias Peter,2019-09-28,66.06,175
2014PETE03,Tobias Peter,2019-09-28,65.13,176
2014PETE03,Tobias Peter,2019-10-19,73.01,177
2014PETE03,Tobias Peter,2019-10-19,65.23,178
2014PETE03,Tobias Peter,2019-10-26,69.57,179
2014PETE03,Tobias Peter,2019-10-26,68.18,180
2014PETE03,Tobias Peter,2019-11-02,68.81,181
2014PETE03,Tobias Peter,2019-11-02,68.23,182
2014PETE03,Tobias Peter,2019-11-02,67.95,183
2014PETE03,Tobias Peter,2019-11-09,68.73,184
2014PETE03,Tobias Peter,2019-11-23,66.61,185
2014PETE03,Tobias Peter,2019-11-23,71.16,186
2014PETE03,Tobias Peter,2019-12-07,66.93,187
2014PETE03,Tobias Peter,2019-12-14,64.93,188
2014PETE03,Tobias Peter,2020-01-04,65.74,189
2014PETE03,Tobias Peter,2020-01-04,64.43,190
2014PETE03,Tobias Peter,2020-02-15,68.18,191
2014PETE03,Tobias Peter,2020-02-22,69.87,192
2014PETE03,Tobias Peter,2020-02-22,76.56,193
2014PETE03,Tobias Peter,2020-03-07,70.83,194
2014PETE03,Tobias Peter,2020-03-07,72.87,195
2014PETE03,Tobias Peter,2020-08-22,63.87,196
2014PETE03,Tobias Peter,2020-08-22,70.58,197
2014PETE03,Tobias Peter,2021-11-20,75.55,198
2014PETE03,Tobias Peter,2021-11-20,79.62,199
2014PETE03,Tobias Peter,2022-03-19,70.02,200
2014PETE03,Tobias Peter,2022-03-19,74.32,201
2014PETE03,Tobias Peter,2022-08-20,67.24,202
2014PETE03,Tobias Peter,2022-08-20,71.93,203
2014PETE03,Tobias Peter,2022-09-09,66.01,204
2014PETE03,Tobias Peter,2022-09-09,65.8,205
2014PETE03,Tobias Peter,2022-09-24,66.94,206
2014PETE03,Tobias Peter,2022-10-08,70.87,207
2014PETE03,Tobias Peter,2022-10-08,65.87,208
2014PETE03,Tobias Peter,2022-11-05,71.86,209
2014PETE03,Tobias Peter,2022-12-03,69.72,210
2014PETE03,Tobias Peter,2023-01-14,65.1,211
2014PETE03,Tobias Peter,2023-01-14,74.81,212
2014PETE03,Tobias Peter,2023-02-04,70.25,213
2014PETE03,Tobias Peter,2023-02-04,60.94,214
2014PETE03,Tobias Peter,2023-03-18,65.23,215
2014PETE03,Tobias Peter,2023-03-18,66.07,216
2014PETE03,Tobias Peter,2023-04-01,65.17,217
2014PETE03,Tobias Peter,2023-04-08,71.59,218
2014PETE03,Tobias Peter,2023-04-08,74.26,219
2014PETE03,Tobias Peter,2023-04-15,64.95,220
2014PETE03,Tobias Peter,2023-04-15,70.27,221
2014PETE03,Tobias Peter,2023-05-27,69.17,222
2014PETE03,Tobias Peter,2023-05-27,62.01,223
2014PETE03,Tobias Peter,2023-06-24,67.46,224
2014PETE03,Tobias Peter,2023-06-24,65.2,225
2014PETE03,Tobias Peter,2023-07-22,70.38,226
2014PETE03,Tobias Peter,2023-07-22,70.13,227
2014PETE03,Tobias Peter,2023-09-23,69.27,228
2014PETE03,Tobias Peter,2023-09-30,68.43,229
2014PETE03,Tobias Peter,2023-10-21,76.78,230
2014PETE03,Tobias Peter,2023-10-21,67.39,231
2014PETE03,Tobias Peter,2023-10-28,70.23,232
2014PETE03,Tobias Peter,2023-12-08,70.31,233
2014PETE03,Tobias Peter,2023-12-08,72.11,234
2014PETE03,Tobias Peter,2024-01-13,71.11,235
2014PETE03,Tobias Peter,2024-01-13,64.72,236
2014PETE03,Tobias Peter,2024-03-30,73.22,237
2014PETE03,Tobias Peter,2024-04-20,68.76,238
2014PETE03,Tobias Peter,2024-05-04,71.32,239
2014PETE03,Tobias Peter,2024-05-04,67.2,240
2014PETE03,Tobias Peter,2024-06-29,69.55,241
2014PETE03,Tobias Peter,2024-06-29,69.96,242
2014PETE03,Tobias Peter,2024-08-10,78.45,243
2014PETE03,Tobias Peter,2024-08-10,71.37,244
2014PETE03,Tobias Peter,2024-08-10,68.45,245
2014PETE03,Tobias Peter,2024-10-04,69.88,246
2014PETE03,Tobias Peter,2024-10-04,65.09,247
2014PETE03,Tobias Peter,2024-10-19,66.41,248
2014PETE03,Tobias Peter,2024-10-19,69.51,249
2014PETE03,Tobias Peter,2024-11-09,73.18,250
2014PETE03,Tobias Peter,2024-11-26,66.11,251
2014PETE03,Tobias Peter,2024-12-07,69.57,252
2014PETE03,Tobias Peter,2024-12-07,67.6,253
2014PETE03,Tobias Peter,2024-12-14,65.62,254
2014PETE03,Tobias Peter,2024-12-31,66.33,255
2014PETE03,Tobias Peter,2025-01-11,68.17,256
2014PETE03,Tobias Peter,2025-01-11,61.5,257
2014PETE03,Tobias Peter,2025-01-25,67.79,258
2014PETE03,Tobias Peter,2025-02-02,66.9,259
2014PETE03,Tobias Peter,2025-02-02,73.21,260
2014PETE03,Tobias Peter,2025-03-16,72.06,261
2014PETE03,Tobias Peter,2025-03-23,64.77,262
2014PETE03,Tobias Peter,2025-04-03,65.93,263
2014PETE03,Tobias Peter,2025-05-10,65.47,264
2014PETE03,Tobias Peter,2025-05-10,66.53,265
2014PETE03,Tobias Peter,2025-06-07,69.32,266
2014PETE03,Tobias Peter,2025-06-07,72.06,267
2014PETE03,Tobias Peter,2025-07-03,64.58,268
2014PETE03,Tobias Peter,2025-08-23,66.86,269
2014PETE03,Tobias Peter,2025-08-30,70.36,270
2014PETE03,Tobias Peter,2025-09-10,64.19,271
2014PETE03,Tobias Peter,2025-09-27,66.47,272
2014PETE03,Tobias Peter,2025-09-27,66.35,273
2014PETE03,Tobias Peter,2025-10-11,64.15,274
2014PETE03,Tobias Peter,2025-10-11,68.62,275
2014PETE03,Tobias Peter,2025-10-25,67.6,276
2014PETE03,Tobias Peter,2025-11-15,67.71,277
2014PETE03,Tobias Peter,2025-11-15,59.78,278
2014PETE03,Tobias Peter,2025-12-06,60.17,279
2014PETE03,Tobias Peter,2026-01-31,65.65,280
2014PETE03,Tobias Peter,2026-04-11,67.35,281
2014PETE03,Tobias Peter,2026-04-18,69.33,282
2014PETE03,Tobias Peter,2026-04-18,67.04,283
2014PETE03,Tobias Peter,2026-05-01,69.78,284
2014PETE03,Tobias Peter,2026-05-09,69.17,285
2014ZAKR01,Karol Zakrzewski,2015-02-28,107.5,1
2014ZAKR01,Karol Zakrzewski,2015-05-23,98.58,2
2014ZAKR01,Karol Zakrzewski,2015-06-27,102.75,3
2014ZAKR01,Karol Zakrzewski,2015-07-18,94.67,4
2014ZAKR01,Karol Zakrzewski,2015-07-18,95.44,5
2014ZAKR01,Karol Zakrzewski,2015-10-17,97.21,6
2014ZAKR01,Karol Zakrzewski,2015-10-17,92.3,7
2014ZAKR01,Karol Zakrzewski,2015-12-05,85.61,8
2014ZAKR01,Karol Zakrzewski,2015-12-05,88.88,9
2014ZAKR01,Karol Zakrzewski,2016-02-20,79.77,10
2014ZAKR01,Karol Zakrzewski,2016-03-19,80.21,11
2014ZAKR01,Karol Zakrzewski,2016-03-19,86.42,12
2014ZAKR01,Karol Zakrzewski,2016-07-02,76.13,13
2014ZAKR01,Karol Zakrzewski,2016-07-02,76.01,14
2014ZAKR01,Karol Zakrzewski,2016-07-02,75.37,15
2014ZAKR01,Karol Zakrzewski,2016-07-19,77.62,16
2014ZAKR01,Karol Zakrzewski,2016-07-19,79.85,17
2014ZAKR01,Karol Zakrzewski,2016-08-27,81.18,18
2014ZAKR01,Karol Zakrzewski,2016-08-27,79.2,19
2014ZAKR01,Karol Zakrzewski,2016-09-17,79.72,20
2014ZAKR01,Karol Zakrzewski,2016-12-09,74.18,21
2014ZAKR01,Karol Zakrzewski,2016-12-09,76.31,22
2014ZAKR01,Karol Zakrzewski,2016-12-17,75.02,23
2014ZAKR01,Karol Zakrzewski,2016-12-17,76.39,24
2014ZAKR01,Karol Zakrzewski,2017-01-14,73.9,25
2014ZAKR01,Karol Zakrzewski,2017-01-14,76.14,26
2014ZAKR01,Karol Zakrzewski,2017-01-14,74.16,27
2014ZAKR01,Karol Zakrzewski,2017-03-11,81.93,28
2014ZAKR01,Karol Zakrzewski,2017-03-11,79.09,29
2014ZAKR01,Karol Zakrzewski,2017-05-27,72.51,30
2014ZAKR01,Karol Zakrzewski,2017-05-27,69.72,31
2014ZAKR01,Karol Zakrzewski,2017-06-17,77.91,32
2014ZAKR01,Karol Zakrzewski,2017-06-24,73.59,33
2014ZAKR01,Karol Zakrzewski,2017-07-13,74.72,34
2014ZAKR01,Karol Zakrzewski,2017-07-13,70.57,35
2014ZAKR01,Karol Zakrzewski,2017-07-29,69.0,36
2014ZAKR01,Karol Zakrzewski,2017-07-29,68.94,37
2014ZAKR01,Karol Zakrzewski,2017-09-15,71.09,38
2014ZAKR01,Karol Zakrzewski,2017-11-17,69.42,39
2014ZAKR01,Karol Zakrzewski,2017-11-17,65.45,40
2014ZAKR01,Karol Zakrzewski,2017-12-16,77.58,41
2014ZAKR01,Karol Zakrzewski,2018-02-24,62.3,42
2014ZAKR01,Karol Zakrzewski,2018-02-24,65.46,43
2014ZAKR01,Karol Zakrzewski,2018-03-03,62.24,44
2014ZAKR01,Karol Zakrzewski,2018-03-03,62.25,45
2014ZAKR01,Karol Zakrzewski,2018-06-23,63.15,46
2014ZAKR01,Karol Zakrzewski,2018-07-07,62.72,47
2014ZAKR01,Karol Zakrzewski,2018-07-07,58.7,48
2014ZAKR01,Karol Zakrzewski,2018-07-07,61.25,49
2014ZAKR01,Karol Zakrzewski,2018-07-19,59.27,50
2014ZAKR01,Karol Zakrzewski,2018-07-19,61.78,51
2014ZAKR01,Karol Zakrzewski,2018-07-19,61.18,52
2014ZAKR01,Karol Zakrzewski,2018-09-15,60.92,53
2014ZAKR01,Karol Zakrzewski,2018-09-28,59.28,54
2014ZAKR01,Karol Zakrzewski,2018-09-28,62.09,55
2014ZAKR01,Karol Zakrzewski,2018-10-06,61.84,56
2014ZAKR01,Karol Zakrzewski,2018-10-26,58.77,57
2014ZAKR01,Karol Zakrzewski,2018-10-26,60.0,58
2014ZAKR01,Karol Zakrzewski,2018-12-01,59.89,59
2014ZAKR01,Karol Zakrzewski,2018-12-01,61.37,60
2014ZAKR01,Karol Zakrzewski,2018-12-08,61.83,61
2014ZAKR01,Karol Zakrzewski,2018-12-08,57.5,62
2014ZAKR01,Karol Zakrzewski,2018-12-15,60.56,63
2014ZAKR01,Karol Zakrzewski,2018-12-15,58.64,64
2014ZAKR01,Karol Zakrzewski,2019-02-02,61.58,65
2014ZAKR01,Karol Zakrzewski,2019-02-02,57.8,66
2014ZAKR01,Karol Zakrzewski,2019-02-23,58.78,67
2014ZAKR01,Karol Zakrzewski,2019-02-23,61.04,68
2014ZAKR01,Karol Zakrzewski,2019-03-02,56.47,69
2014ZAKR01,Karol Zakrzewski,2019-03-02,59.51,70
2014ZAKR01,Karol Zakrzewski,2019-03-16,58.1,71
2014ZAKR01,Karol Zakrzewski,2019-03-16,63.0,72
2014ZAKR01,Karol Zakrzewski,2019-05-11,59.46,73
2014ZAKR01,Karol Zakrzewski,2019-05-11,57.83,74
2014ZAKR01,Karol Zakrzewski,2019-07-06,62.03,75
2014ZAKR01,Karol Zakrzewski,2019-09-28,58.35,76
2014ZAKR01,Karol Zakrzewski,2019-10-05,56.11,77
2014ZAKR01,Karol Zakrzewski,2019-10-05,58.4,78
2014ZAKR01,Karol Zakrzewski,2019-10-05,53.86,79
2014ZAKR01,Karol Zakrzewski,2019-10-11,61.8,80
2014ZAKR01,Karol Zakrzewski,2019-10-11,59.54,81
2014ZAKR01,Karol Zakrzewski,2019-11-09,58.21,82
2014ZAKR01,Karol Zakrzewski,2019-11-09,58.45,83
2014ZAKR01,Karol Zakrzewski,2019-11-23,59.9,84
2014ZAKR01,Karol Zakrzewski,2019-12-06,57.15,85
2014ZAKR01,Karol Zakrzewski,2019-12-06,58.39,86
2014ZAKR01,Karol Zakrzewski,2019-12-21,56.68,87
2014ZAKR01,Karol Zakrzewski,2020-01-25,59.07,88
2014ZAKR01,Karol Zakrzewski,2020-01-25,57.33,89
2014ZAKR01,Karol Zakrzewski,2020-03-07,62.3,90
2014ZAKR01,Karol Zakrzewski,2020-08-22,59.15,91
2014ZAKR01,Karol Zakrzewski,2020-08-22,56.68,92
2014ZAKR01,Karol Zakrzewski,2020-09-12,59.77,93
2014ZAKR01,Karol Zakrzewski,2020-09-12,58.11,94
2014ZAKR01,Karol Zakrzewski,2021-07-03,56.65,95
2014ZAKR01,Karol Zakrzewski,2021-07-03,58.73,96
2014ZAKR01,Karol Zakrzewski,2021-07-10,55.85,97
2014ZAKR01,Karol Zakrzewski,2021-07-10,60.39,98
2014ZAKR01,Karol Zakrzewski,2021-07-24,61.41,99
2014ZAKR01,Karol Zakrzewski,2021-07-24,57.22,100
2014ZAKR01,Karol Zakrzewski,2021-08-07,59.2,101
2014ZAKR01,Karol Zakrzewski,2021-08-28,57.07,102
2014ZAKR01,Karol Zakrzewski,2021-09-11,57.01,103
2014ZAKR01,Karol Zakrzewski,2021-09-11,54.03,104
2014ZAKR01,Karol Zakrzewski,2021-09-18,61.75,105
2014ZAKR01,Karol Zakrzewski,2021-09-18,60.54,106
2014ZAKR01,Karol Zakrzewski,2021-10-01,55.7,107
2014ZAKR01,Karol Zakrzewski,2021-10-01,55.59,108
2014ZAKR01,Karol Zakrzewski,2022-06-25,55.23,109
2014ZAKR01,Karol Zakrzewski,2022-07-02,58.39,110
2014ZAKR01,Karol Zakrzewski,2022-07-02,60.6,111
2014ZAKR01,Karol Zakrzewski,2022-07-08,59.83,112
2014ZAKR01,Karol Zakrzewski,2022-07-08,61.37,113
2014ZAKR01,Karol Zakrzewski,2022-07-14,54.29,114
2014ZAKR01,Karol Zakrzewski,2022-07-14,60.11,115
2014ZAKR01,Karol Zakrzewski,2022-08-06,61.54,116
2014ZAKR01,Karol Zakrzewski,2022-09-17,55.97,117
2014ZAKR01,Karol Zakrzewski,2022-09-17,56.98,118
2014ZAKR01,Karol Zakrzewski,2022-10-15,56.54,119
2014ZAKR01,Karol Zakrzewski,2022-10-15,58.55,120
2014ZAKR01,Karol Zakrzewski,2022-10-22,57.95,121
2014ZAKR01,Karol Zakrzewski,2022-10-22,63.79,122
2014ZAKR01,Karol Zakrzewski,2022-10-22,56.99,123
2014ZAKR01,Karol Zakrzewski,2022-11-12,55.38,124
2014ZAKR01,Karol Zakrzewski,2022-11-12,57.33,125
2014ZAKR01,Karol Zakrzewski,2022-11-19,57.79,126
2014ZAKR01,Karol Zakrzewski,2022-12-10,63.7,127
2014ZAKR01,Karol Zakrzewski,2023-01-28,59.9,128
2014ZAKR01,Karol Zakrzewski,2023-02-04,58.89,129
2014ZAKR01,Karol Zakrzewski,2023-02-04,56.01,130
2014ZAKR01,Karol Zakrzewski,2023-02-25,56.14,131
2014ZAKR01,Karol Zakrzewski,2023-02-25,55.06,132
2014ZAKR01,Karol Zakrzewski,2023-03-04,58.7,133
2014ZAKR01,Karol Zakrzewski,2023-03-04,58.58,134
2014ZAKR01,Karol Zakrzewski,2023-03-18,57.08,135
2014ZAKR01,Karol Zakrzewski,2023-04-01,58.89,136
2014ZAKR01,Karol Zakrzewski,2023-04-01,56.83,137
2014ZAKR01,Karol Zakrzewski,2023-04-15,57.57,138
2014ZAKR01,Karol Zakrzewski,2023-04-15,56.77,139
2014ZAKR01,Karol Zakrzewski,2023-05-27,57.88,140
2014ZAKR01,Karol Zakrzewski,2023-06-03,58.36,141
2014ZAKR01,Karol Zakrzewski,2023-06-03,59.42,142
2014ZAKR01,Karol Zakrzewski,2023-06-10,59.67,143
2014ZAKR01,Karol Zakrzewski,2023-06-30,60.0,144
2014ZAKR01,Karol Zakrzewski,2023-06-30,53.74,145
2014ZAKR01,Karol Zakrzewski,2023-07-08,56.66,146
2014ZAKR01,Karol Zakrzewski,2023-07-28,56.48,147
2014ZAKR01,Karol Zakrzewski,2023-08-04,60.64,148
2014ZAKR01,Karol Zakrzewski,2023-08-04,58.29,149
2014ZAKR01,Karol Zakrzewski,2023-08-12,58.43,150
2014ZAKR01,Karol Zakrzewski,2023-08-12,58.61,151
2014ZAKR01,Karol Zakrzewski,2023-08-19,57.53,152
2014ZAKR01,Karol Zakrzewski,2023-08-19,54.29,153
2014ZAKR01,Karol Zakrzewski,2023-09-09,61.21,154
2014ZAKR01,Karol Zakrzewski,2023-09-16,58.94,155
2014ZAKR01,Karol Zakrzewski,2023-10-06,57.05,156
2014ZAKR01,Karol Zakrzewski,2023-10-06,56.59,157
2014ZAKR01,Karol Zakrzewski,2023-10-14,54.91,158
2014ZAKR01,Karol Zakrzewski,2023-11-11,59.32,159
2014ZAKR01,Karol Zakrzewski,2023-12-09,62.92,160
2014ZAKR01,Karol Zakrzewski,2023-12-16,61.95,161
2014ZAKR01,Karol Zakrzewski,2023-12-16,59.49,162
2014ZAKR01,Karol Zakrzewski,2024-01-20,58.99,163
2014ZAKR01,Karol Zakrzewski,2024-01-20,57.57,164
2014ZAKR01,Karol Zakrzewski,2024-02-03,59.59,165
2014ZAKR01,Karol Zakrzewski,2024-03-02,61.29,166
2014ZAKR01,Karol Zakrzewski,2024-03-16,62.1,167
2014ZAKR01,Karol Zakrzewski,2024-04-20,55.23,168
2014ZAKR01,Karol Zakrzewski,2024-04-20,57.29,169
2014ZAKR01,Karol Zakrzewski,2024-05-11,55.07,170
2014ZAKR01,Karol Zakrzewski,2024-05-11,54.42,171
2014ZAKR01,Karol Zakrzewski,2024-05-17,56.77,172
2014ZAKR01,Karol Zakrzewski,2024-05-31,58.41,173
2014ZAKR01,Karol Zakrzewski,2024-05-31,57.05,174
2014ZAKR01,Karol Zakrzewski,2024-05-31,55.71,175
2014ZAKR01,Karol Zakrzewski,2024-06-08,58.29,176
2014ZAKR01,Karol Zakrzewski,2024-06-22,61.85,177
2014ZAKR01,Karol Zakrzewski,2024-06-29,61.36,178
2014ZAKR01,Karol Zakrzewski,2024-06-29,61.68,179
2014ZAKR01,Karol Zakrzewski,2024-07-06,62.19,180
2014ZAKR01,Karol Zakrzewski,2024-07-13,60.37,181
2014ZAKR01,Karol Zakrzewski,2024-08-03,62.96,182
2014ZAKR01,Karol Zakrzewski,2024-08-03,62.28,183
2014ZAKR01,Karol Zakrzewski,2024-08-10,56.67,184
2014ZAKR01,Karol Zakrzewski,2024-08-10,55.89,185
2014ZAKR01,Karol Zakrzewski,2024-08-24,57.18,186
2014ZAKR01,Karol Zakrzewski,2024-09-21,58.81,187
2014ZAKR01,Karol Zakrzewski,2024-09-21,59.6,188
2014ZAKR01,Karol Zakrzewski,2024-10-12,59.16,189
2014ZAKR01,Karol Zakrzewski,2024-10-12,56.28,190
2014ZAKR01,Karol Zakrzewski,2024-11-07,61.77,191
2014ZAKR01,Karol Zakrzewski,2024-11-07,60.5,192
2014ZAKR01,Karol Zakrzewski,2024-11-16,56.9,193
2014ZAKR01,Karol Zakrzewski,2024-11-16,61.42,194
2014ZAKR01,Karol Zakrzewski,2024-11-23,59.1,195
2014ZAKR01,Karol Zakrzewski,2024-11-30,60.26,196
2014ZAKR01,Karol Zakrzewski,2024-11-30,64.93,197
2014ZAKR01,Karol Zakrzewski,2024-12-14,57.3,198
2014ZAKR01,Karol Zakrzewski,2024-12-14,59.62,199
2014ZAKR01,Karol Zakrzewski,2025-01-11,61.12,200
2014ZAKR01,Karol Zakrzewski,2025-01-11,57.81,201
2014ZAKR01,Karol Zakrzewski,2025-02-01,59.31,202
2014ZAKR01,Karol Zakrzewski,2025-02-08,57.47,203
2014ZAKR01,Karol Zakrzewski,2025-02-08,57.34,204
2014ZAKR01,Karol Zakrzewski,2025-02-21,55.82,205
2014ZAKR01,Karol Zakrzewski,2025-03-01,57.76,206
2014ZAKR01,Karol Zakrzewski,2025-03-01,56.94,207
2014ZAKR01,Karol Zakrzewski,2025-03-08,58.86,208
2014ZAKR01,Karol Zakrzewski,2025-03-29,56.46,209
2014ZAKR01,Karol Zakrzewski,2025-03-29,58.68,210
2014ZAKR01,Karol Zakrzewski,2025-04-05,58.83,211
2014ZAKR01,Karol Zakrzewski,2025-04-05,61.3,212
2014ZAKR01,Karol Zakrzewski,2025-05-10,56.08,213
2014ZAKR01,Karol Zakrzewski,2025-05-17,61.76,214
2014ZAKR01,Karol Zakrzewski,2025-06-07,58.25,215
2014ZAKR01,Karol Zakrzewski,2025-06-07,58.51,216
2014ZAKR01,Karol Zakrzewski,2025-06-28,55.98,217
2014ZAKR01,Karol Zakrzewski,2025-07-04,61.19,218
2014ZAKR01,Karol Zakrzewski,2025-07-04,61.46,219
2014ZAKR01,Karol Zakrzewski,2025-07-11,58.36,220
2014ZAKR01,Karol Zakrzewski,2025-07-19,55.56,221
2014ZAKR01,Karol Zakrzewski,2025-07-19,57.6,222
2014ZAKR01,Karol Zakrzewski,2025-07-26,61.03,223
2014ZAKR01,Karol Zakrzewski,2025-08-02,55.69,224
2014ZAKR01,Karol Zakrzewski,2025-08-02,55.27,225
2014ZAKR01,Karol Zakrzewski,2025-08-09,63.19,226
2014ZAKR01,Karol Zakrzewski,2025-08-09,56.09,227
2014ZAKR01,Karol Zakrzewski,2025-08-09,59.41,228
2014ZAKR01,Karol Zakrzewski,2025-08-16,59.07,229
2014ZAKR01,Karol Zakrzewski,2025-08-16,57.24,230
2014ZAKR01,Karol Zakrzewski,2025-08-23,60.17,231
2014ZAKR01,Karol Zakrzewski,2025-08-23,61.54,232
2014ZAKR01,Karol Zakrzewski,2025-08-30,57.62,233
2014ZAKR01,Karol Zakrzewski,2025-09-05,57.84,234
2014ZAKR01,Karol Zakrzewski,2025-09-27,57.26,235
2014ZAKR01,Karol Zakrzewski,2025-09-27,57.51,236
2014ZAKR01,Karol Zakrzewski,2025-10-04,59.18,237
2014ZAKR01,Karol Zakrzewski,2025-10-25,57.38,238
2014ZAKR01,Karol Zakrzewski,2025-10-25,57.77,239
2014ZAKR01,Karol Zakrzewski,2025-11-13,56.56,240
2014ZAKR01,Karol Zakrzewski,2025-11-13,59.83,241
2014ZAKR01,Karol Zakrzewski,2025-11-22,63.19,242
2014ZAKR01,Karol Zakrzewski,2025-12-13,60.18,243
2014ZAKR01,Karol Zakrzewski,2025-12-20,61.55,244
2014ZAKR01,Karol Zakrzewski,2026-01-02,59.01,245
2014ZAKR01,Karol Zakrzewski,2026-01-02,57.69,246
2014ZAKR01,Karol Zakrzewski,2026-01-24,56.91,247
2014ZAKR01,Karol Zakrzewski,2026-01-24,59.32,248
2014ZAKR01,Karol Zakrzewski,2026-01-31,60.6,249
2014ZAKR01,Karol Zakrzewski,2026-02-07,55.79,250
2014ZAKR01,Karol Zakrzewski,2026-02-07,59.89,251
2014ZAKR01,Karol Zakrzewski,2026-02-07,59.0,252
2014ZAKR01,Karol Zakrzewski,2026-02-14,57.44,253
2014ZAKR01,Karol Zakrzewski,2026-02-21,55.41,254
2014ZAKR01,Karol Zakrzewski,2026-02-28,56.8,255
2014ZAKR01,Karol Zakrzewski,2026-03-07,57.11,256
2014ZAKR01,Karol Zakrzewski,2026-03-07,58.44,257
2014ZAKR01,Karol Zakrzewski,2026-03-14,58.93,258
2014ZAKR01,Karol Zakrzewski,2026-03-14,57.19,259
2014ZAKR01,Karol Zakrzewski,2026-03-28,57.38,260
2014ZAKR01,Karol Zakrzewski,2026-03-28,56.5,261
2014ZAKR01,Karol Zakrzewski,2026-04-11,59.35,262
2014ZAKR01,Karol Zakrzewski,2026-04-11,53.69,263
2014ZAKR01,Karol Zakrzewski,2026-05-01,60.76,264
2014ZAKR01,Karol Zakrzewski,2026-05-01,57.2,265
2014ZAKR01,Karol Zakrzewski,2026-05-01,60.25,266
2016ROLZ01,Alwin Rölz,2017-01-06,153.3,1
2016ROLZ01,Alwin Rölz,2017-01-06,168.47,2
2016ROLZ01,Alwin Rölz,2017-03-25,115.2,3
2016ROLZ01,Alwin Rölz,2017-04-01,120.43,4
2016ROLZ01,Alwin Rölz,2017-04-29,116.46,5
2016ROLZ01,Alwin Rölz,2017-06-10,112.22,6
2016ROLZ01,Alwin Rölz,2017-06-10,123.94,7
2016ROLZ01,Alwin Rölz,2017-07-13,116.49,8
2016ROLZ01,Alwin Rölz,2017-07-21,104.37,9
2016ROLZ01,Alwin Rölz,2017-08-26,89.84,10
2016ROLZ01,Alwin Rölz,2017-08-26,98.64,11
2016ROLZ01,Alwin Rölz,2017-09-01,111.78,12
2016ROLZ01,Alwin Rölz,2017-09-01,107.6,13
2016ROLZ01,Alwin Rölz,2017-09-16,98.24,14
2016ROLZ01,Alwin Rölz,2017-10-14,103.77,15
2016ROLZ01,Alwin Rölz,2017-10-14,93.23,16
2016ROLZ01,Alwin Rölz,2017-11-04,96.24,17
2016ROLZ01,Alwin Rölz,2017-11-18,92.8,18
2016ROLZ01,Alwin Rölz,2017-11-18,90.1,19
2016ROLZ01,Alwin Rölz,2018-01-05,92.17,20
2016ROLZ01,Alwin Rölz,2018-01-13,93.56,21
2016ROLZ01,Alwin Rölz,2018-02-10,85.34,22
2016ROLZ01,Alwin Rölz,2018-02-10,95.98,23
2016ROLZ01,Alwin Rölz,2018-02-17,79.48,24
2016ROLZ01,Alwin Rölz,2018-02-17,78.89,25
2016ROLZ01,Alwin Rölz,2018-04-28,76.37,26
2016ROLZ01,Alwin Rölz,2018-04-28,73.3,27
2016ROLZ01,Alwin Rölz,2018-05-12,73.4,28
2016ROLZ01,Alwin Rölz,2018-05-12,68.19,29
2016ROLZ01,Alwin Rölz,2018-06-02,72.57,30
2016ROLZ01,Alwin Rölz,2018-06-02,69.09,31
2016ROLZ01,Alwin Rölz,2018-06-23,77.5,32
2016ROLZ01,Alwin Rölz,2018-06-23,75.12,33
2016ROLZ01,Alwin Rölz,2018-06-23,77.75,34
2016ROLZ01,Alwin Rölz,2018-08-10,75.87,35
2016ROLZ01,Alwin Rölz,2018-08-10,70.11,36
2016ROLZ01,Alwin Rölz,2018-08-17,68.23,37
2016ROLZ01,Alwin Rölz,2018-09-01,72.2,38
2016ROLZ01,Alwin Rölz,2018-09-01,72.76,39
2016ROLZ01,Alwin Rölz,2018-09-07,70.22,40
2016ROLZ01,Alwin Rölz,2018-09-07,72.5,41
2016ROLZ01,Alwin Rölz,2018-09-21,71.9,42
2016ROLZ01,Alwin Rölz,2018-09-21,68.77,43
2016ROLZ01,Alwin Rölz,2018-10-13,70.03,44
2016ROLZ01,Alwin Rölz,2018-10-13,70.52,45
2016ROLZ01,Alwin Rölz,2018-10-27,70.6,46
2016ROLZ01,Alwin Rölz,2018-10-27,69.95,47
2016ROLZ01,Alwin Rölz,2019-01-19,69.5,48
2016ROLZ01,Alwin Rölz,2019-01-19,71.06,49
2016ROLZ01,Alwin Rölz,2019-03-02,72.66,50
2016ROLZ01,Alwin Rölz,2019-03-02,68.02,51
2016ROLZ01,Alwin Rölz,2019-03-30,72.95,52
2016ROLZ01,Alwin Rölz,2019-03-30,66.12,53
2016ROLZ01,Alwin Rölz,2019-03-30,69.26,54
2016ROLZ01,Alwin Rölz,2019-04-06,71.09,55
2016ROLZ01,Alwin Rölz,2019-04-20,63.92,56
2016ROLZ01,Alwin Rölz,2019-04-20,68.26,57
2016ROLZ01,Alwin Rölz,2019-04-27,67.42,58
2016ROLZ01,Alwin Rölz,2019-04-27,69.56,59
2016ROLZ01,Alwin Rölz,2019-05-18,72.07,60
2016ROLZ01,Alwin Rölz,2019-05-18,72.57,61
2016ROLZ01,Alwin Rölz,2019-06-08,67.43,62
2016ROLZ01,Alwin Rölz,2019-06-08,64.74,63
2016ROLZ01,Alwin Rölz,2019-06-22,66.75,64
2016ROLZ01,Alwin Rölz,2019-06-22,65.86,65
2016ROLZ01,Alwin Rölz,2019-06-29,70.18,66
2016ROLZ01,Alwin Rölz,2019-06-29,67.03,67
2016ROLZ01,Alwin Rölz,2019-08-10,63.51,68
2016ROLZ01,Alwin Rölz,2019-08-10,71.47,69
2016ROLZ01,Alwin Rölz,2019-08-16,62.7,70
2016ROLZ01,Alwin Rölz,2019-08-16,61.97,71
2016ROLZ01,Alwin Rölz,2019-08-31,62.53,72
2016ROLZ01,Alwin Rölz,2019-09-21,65.36,73
2016ROLZ01,Alwin Rölz,2019-10-12,63.93,74
2016ROLZ01,Alwin Rölz,2019-10-12,60.56,75
2016ROLZ01,Alwin Rölz,2019-10-12,64.61,76
2016ROLZ01,Alwin Rölz,2019-10-26,64.53,77
2016ROLZ01,Alwin Rölz,2019-10-26,67.13,78
2016ROLZ01,Alwin Rölz,2019-10-26,66.59,79
2016ROLZ01,Alwin Rölz,2019-11-02,67.71,80
2016ROLZ01,Alwin Rölz,2019-11-02,62.49,81
2016ROLZ01,Alwin Rölz,2019-11-02,66.63,82
2016ROLZ01,Alwin Rölz,2019-11-23,61.47,83
2016ROLZ01,Alwin Rölz,2019-11-23,63.7,84
2016ROLZ01,Alwin Rölz,2019-12-07,65.33,85
2016ROLZ01,Alwin Rölz,2019-12-14,60.66,86
2016ROLZ01,Alwin Rölz,2019-12-21,61.17,87
2016ROLZ01,Alwin Rölz,2019-12-21,64.24,88
2016ROLZ01,Alwin Rölz,2020-02-22,66.13,89
2016ROLZ01,Alwin Rölz,2020-02-22,64.1,90
2016ROLZ01,Alwin Rölz,2020-03-07,62.59,91
2016ROLZ01,Alwin Rölz,2020-03-07,65.93,92
2016ROLZ01,Alwin Rölz,2021-10-16,58.27,93
2016ROLZ01,Alwin Rölz,2022-01-29,55.85,94
2016ROLZ01,Alwin Rölz,2022-04-09,59.37,95
2016ROLZ01,Alwin Rölz,2022-04-09,59.56,96
2016ROLZ01,Alwin Rölz,2022-05-21,57.84,97
2016ROLZ01,Alwin Rölz,2022-05-21,57.65,98
2016ROLZ01,Alwin Rölz,2022-06-03,57.36,99
2016ROLZ01,Alwin Rölz,2022-06-03,57.3,100
2016ROLZ01,Alwin Rölz,2022-06-03,57.34,101
2016ROLZ01,Alwin Rölz,2022-06-12,60.75,102
2016ROLZ01,Alwin Rölz,2022-06-12,57.63,103
2016ROLZ01,Alwin Rölz,2022-07-02,54.48,104
2016ROLZ01,Alwin Rölz,2022-07-02,57.48,105
2016ROLZ01,Alwin Rölz,2022-07-09,55.15,106
2016ROLZ01,Alwin Rölz,2022-07-09,52.39,107
2016ROLZ01,Alwin Rölz,2022-07-14,57.31,108
2016ROLZ01,Alwin Rölz,2022-07-14,56.54,109
2016ROLZ01,Alwin Rölz,2022-08-19,58.56,110
2016ROLZ01,Alwin Rölz,2022-08-19,59.88,111
2016ROLZ01,Alwin Rölz,2022-08-27,54.1,112
2016ROLZ01,Alwin Rölz,2022-08-27,54.98,113
2016ROLZ01,Alwin Rölz,2022-09-09,55.76,114
2016ROLZ01,Alwin Rölz,2022-09-09,54.95,115
2016ROLZ01,Alwin Rölz,2022-10-08,53.84,116
2016ROLZ01,Alwin Rölz,2022-10-08,51.54,117
2016ROLZ01,Alwin Rölz,2022-10-22,57.86,118
2016ROLZ01,Alwin Rölz,2022-10-22,55.99,119
2016ROLZ01,Alwin Rölz,2022-11-05,54.54,120
2016ROLZ01,Alwin Rölz,2022-11-26,57.69,121
2016ROLZ01,Alwin Rölz,2022-11-26,55.36,122
2016ROLZ01,Alwin Rölz,2022-11-26,54.06,123
2016ROLZ01,Alwin Rölz,2022-12-03,54.79,124
2016ROLZ01,Alwin Rölz,2022-12-16,55.43,125
2016ROLZ01,Alwin Rölz,2023-02-04,51.84,126
2016ROLZ01,Alwin Rölz,2023-02-04,55.19,127
2016ROLZ01,Alwin Rölz,2023-02-25,53.86,128
2016ROLZ01,Alwin Rölz,2023-02-25,56.25,129
2016ROLZ01,Alwin Rölz,2023-03-03,52.39,130
2016ROLZ01,Alwin Rölz,2023-03-03,50.81,131
2016ROLZ01,Alwin Rölz,2023-03-03,52.38,132
2016ROLZ01,Alwin Rölz,2023-03-18,55.01,133
2016ROLZ01,Alwin Rölz,2023-03-18,56.15,134
2016ROLZ01,Alwin Rölz,2023-04-01,54.82,135
2016ROLZ01,Alwin Rölz,2023-04-08,53.0,136
2016ROLZ01,Alwin Rölz,2023-04-08,52.91,137
2016ROLZ01,Alwin Rölz,2023-04-15,51.21,138
2016ROLZ01,Alwin Rölz,2023-04-15,56.95,139
2016ROLZ01,Alwin Rölz,2023-04-29,54.46,140
2016ROLZ01,Alwin Rölz,2023-05-13,54.92,141
2016ROLZ01,Alwin Rölz,2023-05-13,57.17,142
2016ROLZ01,Alwin Rölz,2023-05-20,51.47,143
2016ROLZ01,Alwin Rölz,2023-05-20,52.74,144
2016ROLZ01,Alwin Rölz,2023-05-27,54.96,145
2016ROLZ01,Alwin Rölz,2023-05-27,52.67,146
2016ROLZ01,Alwin Rölz,2023-06-03,56.24,147
2016ROLZ01,Alwin Rölz,2023-06-17,55.74,148
2016ROLZ01,Alwin Rölz,2023-06-17,51.05,149
2016ROLZ01,Alwin Rölz,2023-06-17,52.99,150
2016ROLZ01,Alwin Rölz,2023-06-24,54.88,151
2016ROLZ01,Alwin Rölz,2023-06-24,49.2,152
2016ROLZ01,Alwin Rölz,2023-07-01,53.69,153
2016ROLZ01,Alwin Rölz,2023-07-01,52.34,154
2016ROLZ01,Alwin Rölz,2023-07-08,53.42,155
2016ROLZ01,Alwin Rölz,2023-07-15,54.39,156
2016ROLZ01,Alwin Rölz,2023-07-15,55.61,157
2016ROLZ01,Alwin Rölz,2023-07-15,51.05,158
2016ROLZ01,Alwin Rölz,2023-07-22,56.74,159
2016ROLZ01,Alwin Rölz,2023-07-22,58.39,160
2016ROLZ01,Alwin Rölz,2023-08-04,51.8,161
2016ROLZ01,Alwin Rölz,2023-08-04,53.83,162
2016ROLZ01,Alwin Rölz,2023-08-12,56.33,163
2016ROLZ01,Alwin Rölz,2023-08-12,53.01,164
2016ROLZ01,Alwin Rölz,2023-08-26,50.85,165
2016ROLZ01,Alwin Rölz,2023-08-26,54.64,166
2016ROLZ01,Alwin Rölz,2023-08-26,51.52,167
2016ROLZ01,Alwin Rölz,2023-09-09,51.18,168
2016ROLZ01,Alwin Rölz,2023-09-09,58.58,169
2016ROLZ01,Alwin Rölz,2023-09-23,54.0,170
2016ROLZ01,Alwin Rölz,2023-09-30,52.8,171
2016ROLZ01,Alwin Rölz,2023-10-21,56.73,172
2016ROLZ01,Alwin Rölz,2023-10-21,50.03,173
2016ROLZ01,Alwin Rölz,2023-10-28,52.22,174
2016ROLZ01,Alwin Rölz,2023-11-18,54.82,175
2016ROLZ01,Alwin Rölz,2023-11-18,54.22,176
2016ROLZ01,Alwin Rölz,2023-11-25,58.73,177
2016ROLZ01,Alwin Rölz,2023-11-25,57.8,178
2016ROLZ01,Alwin Rölz,2023-11-25,53.12,179
2016ROLZ01,Alwin Rölz,2023-12-08,54.48,180
2016ROLZ01,Alwin Rölz,2023-12-08,48.81,181
2016ROLZ01,Alwin Rölz,2024-01-05,57.08,182
2016ROLZ01,Alwin Rölz,2024-01-05,51.97,183
2016ROLZ01,Alwin Rölz,2024-01-13,55.63,184
2016ROLZ01,Alwin Rölz,2024-01-13,52.75,185
2016ROLZ01,Alwin Rölz,2024-02-03,56.55,186
2016ROLZ01,Alwin Rölz,2024-02-03,55.04,187
2016ROLZ01,Alwin Rölz,2024-02-03,54.19,188
2016ROLZ01,Alwin Rölz,2024-02-16,52.91,189
2016ROLZ01,Alwin Rölz,2024-02-16,57.66,190
2016ROLZ01,Alwin Rölz,2024-02-16,52.81,191
2016ROLZ01,Alwin Rölz,2024-03-09,53.11,192
2016ROLZ01,Alwin Rölz,2024-03-09,52.84,193
2016ROLZ01,Alwin Rölz,2024-03-30,54.17,194
2016ROLZ01,Alwin Rölz,2024-03-30,48.79,195
2016ROLZ01,Alwin Rölz,2024-04-05,53.1,196
2016ROLZ01,Alwin Rölz,2024-04-05,52.8,197
2016ROLZ01,Alwin Rölz,2024-04-13,48.46,198
2016ROLZ01,Alwin Rölz,2024-04-13,49.48,199
2016ROLZ01,Alwin Rölz,2024-04-20,49.98,200
2016ROLZ01,Alwin Rölz,2024-05-04,50.33,201
2016ROLZ01,Alwin Rölz,2024-05-11,53.57,202
2016ROLZ01,Alwin Rölz,2024-05-24,52.19,203
2016ROLZ01,Alwin Rölz,2024-05-24,51.53,204
2016ROLZ01,Alwin Rölz,2024-06-01,53.65,205
2016ROLZ01,Alwin Rölz,2024-06-08,54.39,206
2016ROLZ01,Alwin Rölz,2024-06-08,53.04,207
2016ROLZ01,Alwin Rölz,2024-06-08,52.7,208
2016ROLZ01,Alwin Rölz,2024-06-15,50.51,209
2016ROLZ01,Alwin Rölz,2024-06-15,51.01,210
2016ROLZ01,Alwin Rölz,2024-06-15,49.46,211
2016ROLZ01,Alwin Rölz,2024-06-20,48.7,212
2016ROLZ01,Alwin Rölz,2024-06-20,52.99,213
2016ROLZ01,Alwin Rölz,2024-07-19,53.19,214
2016ROLZ01,Alwin Rölz,2024-07-19,50.43,215
2016ROLZ01,Alwin Rölz,2024-07-25,52.19,216
2016ROLZ01,Alwin Rölz,2024-07-25,51.44,217
2016ROLZ01,Alwin Rölz,2024-07-25,53.07,218
2016ROLZ01,Alwin Rölz,2024-08-02,52.87,219
2016ROLZ01,Alwin Rölz,2024-08-24,52.9,220
2016ROLZ01,Alwin Rölz,2024-08-24,49.96,221
2016ROLZ01,Alwin Rölz,2024-08-30,52.71,222
2016ROLZ01,Alwin Rölz,2024-08-30,54.49,223
2016ROLZ01,Alwin Rölz,2024-09-07,50.42,224
2016ROLZ01,Alwin Rölz,2024-09-07,52.83,225
2016ROLZ01,Alwin Rölz,2024-10-04,54.01,226
2016ROLZ01,Alwin Rölz,2024-10-04,55.75,227
2016ROLZ01,Alwin Rölz,2024-10-26,53.38,228
2016ROLZ01,Alwin Rölz,2024-10-26,54.32,229
2016ROLZ01,Alwin Rölz,2024-11-02,51.09,230
2016ROLZ01,Alwin Rölz,2024-11-02,52.34,231
2016ROLZ01,Alwin Rölz,2024-11-02,50.22,232
2016ROLZ01,Alwin Rölz,2024-11-09,54.32,233
2016ROLZ01,Alwin Rölz,2024-11-26,51.88,234
2016ROLZ01,Alwin Rölz,2024-12-14,51.17,235
2016ROLZ01,Alwin Rölz,2024-12-20,53.03,236
2016ROLZ01,Alwin Rölz,2024-12-31,52.2,237
2016ROLZ01,Alwin Rölz,2025-02-15,49.44,238
2016ROLZ01,Alwin Rölz,2025-02-15,49.59,239
2016ROLZ01,Alwin Rölz,2025-02-15,52.48,240
2016ROLZ01,Alwin Rölz,2025-02-22,50.56,241
2016ROLZ01,Alwin Rölz,2025-02-22,49.61,242
2016ROLZ01,Alwin Rölz,2025-02-22,50.63,243
2016ROLZ01,Alwin Rölz,2025-03-16,49.7,244
2016ROLZ01,Alwin Rölz,2025-03-23,51.7,245
2016ROLZ01,Alwin Rölz,2025-03-29,49.17,246
2016ROLZ01,Alwin Rölz,2025-03-29,49.97,247
2016ROLZ01,Alwin Rölz,2025-04-11,46.22,248
2016ROLZ01,Alwin Rölz,2025-04-11,52.28,249
2016ROLZ01,Alwin Rölz,2025-04-18,50.24,250
2016ROLZ01,Alwin Rölz,2025-05-03,51.12,251
2016ROLZ01,Alwin Rölz,2025-05-03,48.02,252
2016ROLZ01,Alwin Rölz,2025-05-30,54.75,253
2016ROLZ01,Alwin Rölz,2025-06-07,49.62,254
2016ROLZ01,Alwin Rölz,2025-06-07,47.25,255
2016ROLZ01,Alwin Rölz,2025-06-14,49.17,256
2016ROLZ01,Alwin Rölz,2025-06-28,47.06,257
2016ROLZ01,Alwin Rölz,2025-06-28,50.63,258
2016ROLZ01,Alwin Rölz,2025-07-03,49.25,259
2016ROLZ01,Alwin Rölz,2025-07-03,47.04,260
2016ROLZ01,Alwin Rölz,2025-08-23,48.9,261
2016ROLZ01,Alwin Rölz,2025-08-30,51.36,262
2016ROLZ01,Alwin Rölz,2025-09-06,50.54,263
2016ROLZ01,Alwin Rölz,2025-09-06,51.48,264
2016ROLZ01,Alwin Rölz,2025-09-10,49.71,265
2016ROLZ01,Alwin Rölz,2025-09-13,50.1,266
2016ROLZ01,Alwin Rölz,2025-09-13,50.59,267
2016ROLZ01,Alwin Rölz,2025-09-26,49.36,268
2016ROLZ01,Alwin Rölz,2025-09-26,53.46,269
2016ROLZ01,Alwin Rölz,2025-10-09,47.76,270
2016ROLZ01,Alwin Rölz,2025-10-09,47.78,271
2016ROLZ01,Alwin Rölz,2025-10-09,48.95,272
2016ROLZ01,Alwin Rölz,2025-10-25,50.32,273
2016ROLZ01,Alwin Rölz,2025-11-01,51.69,274
2016ROLZ01,Alwin Rölz,2025-11-08,49.32,275
2016ROLZ01,Alwin Rölz,2025-11-08,48.26,276
2016ROLZ01,Alwin Rölz,2025-11-15,47.74,277
2016ROLZ01,Alwin Rölz,2025-11-15,48.98,278
2016ROLZ01,Alwin Rölz,2025-11-22,50.93,279
2016ROLZ01,Alwin Rölz,2025-11-22,48.15,280
2016ROLZ01,Alwin Rölz,2025-11-29,49.97,281
2016ROLZ01,Alwin Rölz,2025-12-06,52.63,282
2016ROLZ01,Alwin Rölz,2025-12-19,49.7,283
2016ROLZ01,Alwin Rölz,2025-12-19,47.65,284
2016ROLZ01,Alwin Rölz,2025-12-19,47.45,285
2016ROLZ01,Alwin Rölz,2026-01-16,56.98,286
2016ROLZ01,Alwin Rölz,2026-01-16,46.71,287
2016ROLZ01,Alwin Rölz,2026-01-31,47.14,288
2016ROLZ01,Alwin Rölz,2026-02-15,52.21,289
2016ROLZ01,Alwin Rölz,2026-02-15,46.54,290
2016ROLZ01,Alwin Rölz,2026-03-14,47.02,291
2016ROLZ01,Alwin Rölz,2026-03-14,47.75,292
2016ROLZ01,Alwin Rölz,2026-03-21,55.68,293
2016ROLZ01,Alwin Rölz,2026-03-21,48.39,294
2016ROLZ01,Alwin Rölz,2026-03-28,50.44,295
2016ROLZ01,Alwin Rölz,2026-03-28,47.67,296
2016ROLZ01,Alwin Rölz,2026-03-28,48.43,297
2016ROLZ01,Alwin Rölz,2026-04-04,47.53,298
2016ROLZ01,Alwin Rölz,2026-04-04,46.97,299
2016ROLZ01,Alwin Rölz,2026-04-11,46.8,300
2016ROLZ01,Alwin Rölz,2026-05-09,47.85,301
2016ROLZ01,Alwin Rölz,2026-05-16,47.82,302
2016ROLZ01,Alwin Rölz,2026-05-16,51.7,303
