WCA ID,Name,#Competitions,#Results,First Year,Last Year,Span
2011EDUA01,Eduard Esteban García Domínguez,324,860,2011,2026,15
2017GARR05,Luke Garrett,267,794,2017,2026,9
2010ROSE03,Dennis Rosero,312,759,2010,2026,16
2009PROV01,Matteo Provasi,281,750,2009,2026,17
2013WALL03,Daniel Wallin,296,711,2013,2026,13
2012MAHV01,Paul Mahvi,242,702,2012,2026,14
2009LIUE01,Evan Liu,264,700,2009,2026,17
2010HULL01,Katie Hull,236,684,2010,2026,16
2014ZAKR01,Karol Zakrzewski,231,650,2014,2026,12
2013ROGA02,Przemysław Rogalski,299,626,2013,2026,13
2012PARK03,Max Park,203,618,2012,2026,14
2015KUCA01,Carter Kucala,212,611,2015,2026,11
2008BARA01,Bence Barát,213,599,2008,2026,18
2014SEBA01,Juliette Sébastien,190,593,2014,2026,12
2012CANT02,Simone Cantarelli,208,590,2012,2026,14
2010RONK01,Niko Ronkainen,222,584,2010,2026,16
2010THOM03,Blake Thompson,200,579,2010,2026,16
2013BURL01,Łukasz Burliga,197,578,2013,2026,13
2010WEYE02,Sebastian Weyer,186,574,2010,2026,16
2003BRUC01,Ron van Bruchem,258,566,2003,2026,23
2008AURO01,Sébastien Auroux,227,563,2008,2026,18
2016KOLA02,Tymon Kolasiński,184,558,2016,2026,10
2014PETE03,Tobias Peter,211,556,2014,2026,12
2016KELL12,Simon Kellum,204,555,2016,2026,10
2013JOHN10,Brian Johnson,186,547,2013,2026,13
2014JIME05,Diego Alejandro Casas Jimenez,215,543,2014,2026,12
2012ICKL01,Finn Ickler,204,541,2012,2026,14
2010GRAC02,Fabio Bini Graciose,280,536,2010,2026,16
2009HILD01,James Hildreth,218,531,2009,2026,17
2011WELC01,Walker Welch,195,525,2011,2026,15
2017POPA01,Manuel Popayán,175,525,2017,2026,9
2016MULL04,Daniel Mullen,188,520,2016,2026,10
2010SCHM01,Leon Schmidtchen,172,519,2010,2026,16
2009ZEMD01,Feliks Zemdegs,165,517,2009,2026,17
2016ROLZ01,Alwin Rölz,181,513,2016,2026,10
2014CHIC01,Chris Chi,193,510,2014,2026,12
2010BENT01,Jan Bentlage,196,494,2010,2026,16
2011SZAT01,Wojciech Szatanowski,193,493,2011,2026,15
2013TOKA01,Piotr Tokarski,192,491,2013,2026,13
2007GOUL01,Joey Gouly,177,490,2007,2026,19
2018KHAN28,Zayn Khanani,172,490,2018,2026,8
2010WEYE01,Philipp Weyer,159,489,2010,2026,16
2005REYN01,Tim Reynolds,204,487,2005,2025,20
2014GOSL01,Raymond Goslow,187,485,2014,2026,12
2010AMBR01,Jacob Ambrose,195,484,2010,2026,16
2016PYWI01,Wilfrid Py,206,483,2016,2026,10
2011GROG02,Shane Grogan,179,482,2011,2026,15
2003DENN01,Ton Dennenbroek,249,481,2003,2026,23
2015SANC11,Nicolás Sánchez,164,477,2015,2026,11
2007VALK01,Mats Valk,156,476,2007,2025,18
2016PILA03,Ryan Pilat,152,470,2016,2026,10
2018KHAN26,Hassan Khanani,181,468,2018,2026,8
2005AKKE01,Erik Akkersdijk,166,466,2005,2026,21
2010WUIF01,Yi-Fan Wu (吳亦凡),163,464,2010,2026,16
2012PONC02,Patrick Ponce,148,462,2012,2026,14
2006HALC01,Michał Halczuk,171,459,2008,2023,15
2014MILL04,Chris Mills,149,458,2014,2026,12
2015MILL01,Dylan Miller,148,458,2015,2026,11
2010ZHAO19,Eric Zhao,197,455,2010,2025,15
2008VARG01,Dániel Varga,191,453,2008,2026,18
2011FERA01,Joshua Feran,179,451,2011,2026,15
2010WANG53,Jiayu Wang (王佳宇),150,444,2010,2026,16
2015JAEH01,Konstantin Jaehne,189,444,2015,2026,11
2017RICH02,Braden Richards,167,442,2017,2026,9
2009ZHEN11,Ming Zheng (郑鸣),256,440,2009,2026,17
2013OLSZ02,Piotr Olszewski,187,439,2013,2026,13
2010DESJ01,Jules Desjardin,150,438,2010,2026,16
2017SIAU02,Max Siauw,145,429,2017,2025,8
2009ROTA01,Marco Rota,162,426,2009,2026,17
2015NICH04,AJ Nicholls,233,424,2015,2026,11
2008VIRO01,Philippe Virouleau,192,423,2008,2026,18
2008PIAU01,Anton Piau,151,420,2008,2026,18
2014CHER05,Clément Cherblanc,169,420,2014,2026,12
2015SANC18,Josete Sánchez,150,418,2015,2026,11
2013EGDA02,Martin Vædele Egdal,158,417,2013,2026,13
2011SAKO01,Corey Sakowski,192,414,2011,2026,15
2020DWOR01,Kacper Paweł Dworak,218,414,2020,2026,6
2008SEAR01,Anthony Brooks,137,413,2008,2026,18
2013KLEI03,Livia Kleiner,166,413,2013,2026,13
2012PATE01,Antonie Paterakis,136,411,2012,2025,13
2012ELLI01,Keaton Ellis,137,409,2012,2026,14
2017AGGA01,Sameer Aggarwal,138,405,2017,2026,9
2012BUBE01,Reto Bubendorf,145,404,2012,2026,14
2013BOBE01,Krzysztof Bober,193,404,2013,2026,13
2011CAST02,Michael Andres Castillo Lemus,134,403,2011,2026,15
2010LANE02,Mitchell Lane,154,402,2010,2026,16
2013EGDA01,Daniel Vædele Egdal,158,401,2013,2026,13
2008JEWR01,Ryan Jew,198,400,2008,2026,18
2017TSVE02,Alexey Tsvetkov,141,399,2017,2026,9
2011HOFF02,Valentin Hoffmann,141,395,2011,2026,15
2013DICK01,Matthew Dickman,216,394,2013,2026,13
2013LANG03,Mason Langenderfer,155,392,2013,2026,13
2012BRED01,Ulrik Bredland,133,391,2012,2026,14
2017WHIT01,Derek White,157,390,2017,2026,9
2007HESS01,Rowe Hessler,128,389,2007,2025,18
2010KADD01,Abdelhak Kaddour,131,389,2010,2026,16
2012BEAH01,Ciarán Beahan,130,385,2012,2026,14
2013MART03,Chris Martin,276,385,2013,2026,13
2012HALE01,Callum Hales-Jepp,136,383,2012,2026,14
2007POLK01,Adam Polkowski,144,382,2007,2026,19
2007POLI01,Lorenzo Vigani Poli,140,382,2007,2025,18
2012CALL01,Will Callan,137,381,2012,2026,14
2012SANT12,Rafael Rodriguez Santana,128,381,2012,2025,13
2010GARC02,Carlos Méndez García-Barroso,124,378,2010,2026,16
2015MACK06,Zeke Mackay,135,378,2015,2026,11
2010YIDA01,Dana Yi,126,377,2010,2026,16
2012SZEL01,Tommy Szeliga,163,377,2012,2025,13
2013WARY01,Rafał Waryszak,148,375,2013,2026,13
2014NIEL03,Calvin Nielson,178,373,2014,2026,12
2015YOSH01,Yuji Yoshida,175,372,2015,2026,11
2015HAMM01,Billie Hammill,126,368,2015,2026,11
2006ARAK01,Sinpei Araki (荒木慎平),183,366,2006,2026,20
2009OLSO01,Christopher Olson,127,363,2009,2025,16
2007OEYM01,Maria Oey,241,361,2007,2026,19
2012CHON03,Chao-Che Chung (鍾肇哲),138,361,2012,2026,14
2014LAFO01,Anthony Lafourcade,132,360,2014,2026,12
2013OWCZ01,Bartłomiej Owczarek,126,358,2013,2026,13
2019WANY36,Yiheng Wang (王艺衡),113,358,2019,2026,7
2012LEWI01,Phillip Lewicki,119,357,2012,2026,14
2014KARN02,Daniel Karnaukh,119,356,2014,2026,12
2005ZOLN01,Tomasz Żołnowski,119,355,2005,2025,20
2013PAPA01,Ioannis Papadopoulos,173,355,2013,2026,13
2016SATO01,Caio Hideaki Sato,132,355,2016,2026,10
2014STIN01,Jared Stinson,123,353,2014,2026,12
2013GERT01,Nicolas Gertner Kilian,120,352,2013,2026,13
2008YOUN02,Michael Young,159,349,2008,2026,18
2016GOTT01,Benjamin Gottschalk,131,347,2016,2026,10
2014ZYCH01,Jan Zych,121,345,2014,2026,12
2008MORE02,Hippolyte Moreau,137,344,2008,2026,18
2009YAUR01,Robert Yau,114,344,2009,2025,16
2012MCNE01,Jayden McNeill,113,344,2012,2026,14
2023ASTR01,Filip Åström,194,340,2023,2026,3
2012REYE04,Niño Francis S. Reyes,203,339,2012,2026,14
2006CORR01,Devin Corr-Robinett,168,338,2006,2025,19
2012PANJ02,Jack Pan (潘杰康),128,337,2012,2026,14
2009DIEC01,Cornelius Dieckmann,108,336,2009,2025,16
2015CHEA01,Andrey Che,111,335,2015,2026,11
2018DUBI01,Łukasz Dubicki,146,333,2018,2026,8
2018KUZM02,Olaf Kuźmiński,110,333,2018,2026,8
2015WINT02,Steven Wintringham,166,331,2015,2026,11
2012TERE01,Ilya Tsiareshka,129,330,2012,2021,9
2009YINM01,Mulun Yin (阴目仑),113,329,2009,2026,17
2015MOHA10,Varun Mohanraj,115,329,2015,2025,10
2015EWER01,Helmer Ewert,127,326,2015,2026,11
2011ALVI01,Wilson Alvis (陈智胜),124,325,2011,2026,15
2013GERH01,Kevin Gerhardt,100,323,2013,2026,13
2011RIGG03,Natán Riggenbach,132,322,2011,2026,15
2012GOOD02,Callum James Goodyear,151,322,2012,2024,12
2014BAIR01,Ray Bai,103,322,2014,2026,12
2015DEGL01,Lucas Déglise,105,322,2015,2026,11
2014GARC27,Arthur Garcin,134,321,2014,2026,12
2016CHAP04,Stanley Chapel,107,321,2016,2026,10
2011CHAP01,José Leonardo Chaparro Prieto,109,320,2011,2025,14
2014DETL01,Rasmus Stub Detlefsen,119,320,2014,2026,12
2016KRAF01,Noah Kraft,112,320,2016,2026,10
2017PALA08,Harsha Paladugu,135,320,2017,2026,9
2012MARI04,José David Castiblanco Marin,118,318,2012,2026,14
2014GRIG01,Stephen Griggs,137,318,2014,2026,12
2022MULL02,Imanuel Müller,107,318,2022,2026,4
2005FLEI01,Jeremy Fleischman,121,317,2005,2023,18
2011MOLL01,James Molloy,116,316,2011,2023,12
2019AMAR04,Charles Amarello,118,315,2019,2026,7
2016PFEI01,Jack Pfeifer,113,314,2016,2026,10
2006TSAI03,Yueh-Lin Tsai (蔡岳霖),120,313,2006,2026,20
2016IRIZ02,Ant Irizarry,143,313,2016,2026,10
2015BROW03,Elijah Brown,120,313,2015,2025,10
2016WHEA01,Oliver Wheat,113,313,2016,2026,10
2017CHAM09,Cham J. Chambers,103,313,2017,2026,9
2009OHRN01,Laura Ohrndorf,146,312,2009,2025,16
2012CARL03,Alexandre Carlier,100,312,2012,2026,14
2014SCHW02,Fabio Schwandt,98,311,2014,2026,12
2015SALO01,Álvaro Aguilar Salobreña,108,311,2015,2026,11
2007VALL01,Breandan Vallance,104,310,2007,2023,16
2011KNOT01,Wojciech Knott,107,310,2011,2025,14
2015ANTO04,Manuel Prieto de Antón,109,310,2015,2026,11
2010KILD02,Wilhelm Kilders,116,308,2010,2026,16
2009PLES01,Michał Pleskowicz,104,307,2009,2026,17
2008COUR01,François Courtès,181,307,2008,2016,8
2011HETC01,Patrick Hetco,103,306,2011,2026,15
2012RUPE01,Akash Rupela,106,306,2012,2026,14
2013BARK01,Justin Barker,107,306,2013,2026,13
2013COLI02,Victor Colin,103,306,2013,2026,13
2014FRIT02,Oliver Fritz,96,306,2014,2026,12
2018GONZ09,Lorenzo Gonzalez,104,306,2018,2026,8
2009GARC04,Pau Vela García,116,305,2009,2026,17
2013KRAS02,Michał Krasowski,111,305,2013,2026,13
2016SANC08,Joseph Daniel Blas Sanchez,112,303,2016,2026,10
2015DUYU01,Yusheng Du (杜宇生),100,302,2015,2026,11
2019SART01,Daniel Sartori,97,302,2019,2026,7
2012CROS01,Jonah Crosby,102,301,2012,2026,14
2008CLEM01,Kit Clement,154,300,2008,2026,18
2009HAYS01,Kevin Hays,108,300,2009,2026,17
2007PERG01,Olivér Perge,120,300,2007,2018,11
2017KRAS05,Lorenzo Escobar Kraskouskaya,102,300,2017,2026,9
2015RUSS03,Will Russo,132,299,2015,2026,11
2015LARS04,Kim Roger Haraldsen,96,299,2015,2026,11
2018ZHUA10,Ethan Zhuang,132,299,2018,2026,8
2012MAYE01,Theo Mayer,115,298,2012,2026,14
2015SHAH09,Krish Shah-Nathwani,104,298,2015,2026,11
2015KAME02,Marcus Kamen,123,297,2015,2026,11
2011VERV01,Bruno Vervoort,106,296,2011,2025,14
2021ELIA01,Niklas Aasen Eliasson,102,296,2021,2026,5
2012WENI01,Ivan Lew Yi Wen (刘义文),120,294,2012,2026,14
2012HUAN12,Ping-Yueh Huang (黃品越),97,293,2012,2026,14
2015TRAN07,Dan Tran,105,293,2015,2026,11
2017SANK04,Vishwa Sankar,108,293,2017,2026,9
2018STOK01,Ben Stokes,95,293,2018,2026,8
2010MATT02,Kevin Matthews,134,292,2010,2026,16
2014YUNO01,Lucas Ichiro Yunomae,117,292,2014,2026,12
2014MEND02,Alexis Rodrigo Cazu Mendoza,102,292,2014,2026,12
2017CHOD02,Adam Chodyniecki,104,292,2018,2025,7
2017WONG01,Brenton Angelo Lo Wong,110,291,2017,2026,9
2017LOPE31,Catalina Herrera López,180,290,2017,2026,9
2019KARP03,Bartosz Karpiński,101,290,2019,2026,7
2014GARB01,Zachary Garber,159,289,2014,2026,12
2011KUMA01,Akula Pavan Kumar,124,288,2011,2026,15
2013SANT13,Sergio Torrijos Santano,112,288,2013,2026,13
2014SZWU01,Mateusz Szwugier,135,288,2014,2026,12
2016FEIS01,Sujan Feist,114,288,2016,2026,10
2009KONV01,Asia Konvittayayotin (เอเชีย กรวิทยโยธิน),97,287,2009,2026,17
2017OSTD02,Jason Ostdiek,115,286,2017,2026,9
2014ARGA01,Hector David Martinez Argaez,102,285,2015,2026,11
2014GUER06,David Stiven Benitez Guerra,134,284,2014,2026,12
2016SINN01,Eleanor Sinnott,105,284,2016,2026,10
2016EVAN06,Daniel Evans,98,284,2016,2026,10
2021KULA02,Maksymilian Kulas,112,284,2021,2026,5
2018GRAH05,Kate Grahame,108,283,2018,2026,8
2010RAHM02,Cendy Cahyo Rahmat,149,282,2010,2026,16
2016SMUL01,Mika Smulders,93,282,2016,2026,10
2011HOLL04,Edward Hollingdale,141,281,2011,2026,15
2008TAKA01,Yuhei Takagi (高木佑平),132,280,2008,2026,18
2016CHAR01,Jonathan Charlesworth,101,280,2016,2026,10
2018MACK04,Shaun Mack,99,280,2018,2026,8
2018WIDJ01,Carson Widjaja,97,280,2018,2026,8
2016HART02,Sean Hartman,99,279,2016,2026,10
2014RZEW01,Michał Rzewuski,90,278,2014,2025,11
2015WITM01,Mattheo de Wit,96,278,2016,2026,10
2010OMUL02,Matic Omulec,100,276,2010,2026,16
2003VAND01,Lars Vandenbergh,111,275,2003,2026,23
2015COHE02,Alex Cohen,143,275,2015,2026,11
2015GRIE02,Luke Griesser,92,275,2015,2026,11
2016HUNG08,Lim Hung (林弘),102,274,2016,2026,10
2012KALE01,Przemysław Kaleta,89,272,2012,2025,13
2015UGAR01,Rodrigo Ugarte,94,272,2015,2025,10
2004CHAN04,Shelley Chang,160,271,2004,2025,21
2006LINC01,Chia-Leo Lin (林珈樂),144,271,2006,2026,20
2008BAOY01,Ting Sheng Bao Yang,104,271,2008,2025,17
2008OLLE01,Alexander Olleta del Molino,106,271,2008,2023,15
2010MALL01,Justin Mallari,92,271,2010,2025,15
2016PUTT01,Arttu Puttonen,103,271,2016,2026,10
2012CAPA01,Mihai Căpăţinescu,113,270,2012,2025,13
2018CAST11,Raúl Cuevas Castillo,98,270,2018,2026,8
2008ANDE02,Oscar Roth Andersen,109,269,2008,2026,18
2011NARA02,Bhargav Narasimhan,97,269,2011,2026,15
2015MYER02,Isaac Myers,109,269,2015,2026,11
2010WHIT05,Zachary White,97,268,2010,2026,16
2006BUUS01,Henrik Buus Aagaard,121,267,2006,2025,19
2010CANT02,Antoine Cantin,88,267,2010,2024,14
2014HOLU01,Lev Golub (Лев Голуб),91,267,2014,2026,12
2018PERK01,Elliott Perkins,99,267,2018,2026,8
2014LONG06,Bertie Longden,100,266,2014,2026,12
2015ROBI04,Tyler Robinson,91,266,2015,2026,11
2016VOSO01,Olivier Vos,93,266,2016,2026,10
2016OSTL02,Stian Nystad Østli,92,266,2016,2026,10
2009SHEP01,Daniel Sheppard,95,265,2009,2020,11
2016STEP05,Dale Palmares,111,265,2016,2026,10
2015VIRA02,Azhar Virani,84,264,2015,2026,11
2016IVRO01,Robert Mapp IV,115,264,2016,2026,10
2016IHLE01,Malte Ihlefeld,97,264,2016,2026,10
2017MILL04,Zachary Miller,112,264,2017,2026,9
2012CAPP01,Gabriele Cappelletti,92,263,2012,2026,14
2013NAHM01,Seung Hyuk Nahm (남승혁),89,263,2013,2026,13
2014GERB01,Henri Gerber,87,263,2014,2026,12
2015MEDE01,Felipe Medel,92,263,2015,2026,11
2012ZHAN08,Anyu Zhang (张安宇),111,262,2012,2026,14
2012DIAZ03,Kevin Vanegas Diaz,100,262,2012,2026,14
2016PHUN02,Lauren Phung,113,262,2016,2026,10
2017YANG59,Tee Kai Yang,84,262,2017,2026,9
2015QUAN03,Ng Jia Quan (黄佳铨),94,261,2015,2026,11
2021CHEL01,Ianis Costin Chele,88,261,2021,2026,5
2022IVAR01,Ludwig Ivarsson,130,261,2022,2026,4
2010WANG07,Yinghao Wang (王鹰豪),91,260,2010,2024,14
2018AMSB02,Stone Amsbaugh,108,260,2018,2026,8
2015MACD03,James Macdiarmid,93,259,2015,2026,11
2017RIVA09,Quentin Rivault,84,259,2017,2026,9
2021SPIE01,Achim Spies,116,259,2021,2026,5
2021SOTO01,Juan Miguel Saboya Soto,86,259,2021,2026,5
2016LOPE37,Rubén López de Juan,108,258,2016,2026,10
2014IRIA01,Julen Simón Iriarte,89,257,2014,2026,12
2015WANG83,Zhedong Wang (王哲栋),112,257,2015,2026,11
2021RAME01,Saisabari Ramesh,116,257,2021,2026,5
2012GONZ10,Eder Olivencia González,86,256,2012,2026,14
2017CHOI07,Kyeongmin Choi (최경민),94,256,2017,2026,9
2021HUGO01,Peter Hugosson-Miller,225,256,2021,2026,5
2010STOL01,Cameron Stollery,96,255,2010,2026,16
2016HOUG01,Levin Houghton,107,255,2016,2026,10
2016SZAN01,Szabolcs Szántai,98,255,2016,2026,10
2011STAC01,Marcin Stachura,98,254,2011,2026,15
2010SCHI01,Reinier Schippers,91,254,2010,2024,14
2011DWYE02,Nathan Dwyer,95,254,2011,2023,12
2015RUSN01,Ethan Rusnak,88,254,2015,2026,11
2015CHER07,Tommy Cherry,94,254,2015,2025,10
2011LIUR02,Rui-Jun Liu (劉睿鈞),112,253,2011,2026,15
2016WILH03,Declan Wilhelm,110,253,2017,2026,9
2017PABI01,Magdalena Pabisz,88,253,2017,2026,9
2007WOOR01,Riley Woo,95,252,2007,2025,18
2008DONG06,Baiqiang Dong (董百强),126,252,2008,2025,17
2010VERE01,Manu Vereecken,110,252,2010,2026,16
2013GHOD01,Abhijeet Ghodgaonkar (अभिजीत घोडगावकर),107,252,2013,2026,13
2013BOTZ01,Alexander Botz,94,252,2013,2026,13
2013LINK01,Kaijun Lin (林恺俊),84,252,2013,2026,13
2006GALE01,Arnaud van Galen,137,252,2006,2018,12
2015WIDD01,Owen Widdis,101,252,2015,2025,10
2015ROSE01,Daniel Rose-Levine,84,252,2015,2024,9
2021EDEN01,Pep Edén,91,252,2021,2026,5
2013BROW04,Evan Brown,94,251,2013,2026,13
2013FENG02,Zijia Feng (冯子甲),104,251,2013,2025,12
2016DEXT01,Riley Dexter,82,251,2016,2026,10
2017PETE04,Tripp Peters,107,251,2017,2026,9
2017LARS03,Michael Larsen,95,251,2017,2026,9
2018HAMK01,Jakub Hamkało,101,251,2018,2025,7
2020TOMA01,Fabian Tomasović,85,251,2020,2026,6
2013RIVE03,Juan David Martinez Riveros,100,250,2013,2026,13
2018PATT04,Phoenix Patterson,85,250,2018,2026,8
2016GAMM01,Vincenzo Maria Gammino,99,249,2016,2026,10
2016INAB01,Matty Hiroto Inaba,83,249,2016,2026,10
2013ASBE01,Alex Asbery,96,248,2013,2026,13
2017TRUC02,Jonathan Truchot,92,248,2017,2026,9
2012QUIB01,Louie Jay Quibote,118,247,2012,2026,14
2016HARA02,Knut Skaug Haraldsen,82,247,2016,2026,10
2016CAST48,Timothy Castle,99,247,2016,2025,9
2007JAKU01,Marcin Jakubowski,116,246,2007,2020,13
2016REET01,Tijmen van der Ree,93,246,2016,2026,10
2016CORV01,Alejandro Daniel Salceda Corvera,88,246,2016,2026,10
2014STAR05,Charlie Stark,87,246,2014,2023,9
2018GIBS04,Levi Gibson,95,246,2018,2026,8
2022DINC01,Ayden Dincher,86,246,2022,2026,4
2007STRO01,Sarah Strong,145,245,2007,2026,19
2004GALL02,Clément Gallet,113,245,2004,2017,13
2014NOWI01,Sebastian Nowicki,104,245,2014,2026,12
2015SPEN01,Sam Spendla,105,245,2015,2026,11
2015FUSH01,Firstian Fushada (符逢城),83,245,2015,2026,11
2016LAZA03,Fernando Sáez Lázaro,119,245,2016,2026,10
2016KAMA04,AJ Kamal,84,245,2016,2025,9
2018RIDA01,Zach Ridall,97,245,2018,2026,8
2011GRIT01,Oleg Gritsenko,129,244,2011,2026,15
2014LAFO02,Clara Lafourcade,116,244,2014,2026,12
2012KALH01,Simon Kalhofer,89,243,2012,2026,14
2017NIEL03,Michael Nielsen,87,243,2017,2026,9
2021WONG02,Aaron Jake Wong,86,243,2021,2026,5
2009ZHAN53,Weixing Zhang (张炜星),84,242,2009,2025,16
2012NICO02,Alessandro Nicolì,79,242,2012,2026,14
2014WILD03,Damian Wilding,109,242,2014,2026,12
2015CLEM03,Nox Clémenceau,130,242,2015,2026,11
2017BLAC06,Ash Black,92,242,2017,2026,9
2018LOCA01,Valerio Locatelli,76,242,2018,2026,8
2006OOKU01,Takayuki Ookusa (大艸尊之),128,241,2006,2026,20
2015RODR01,Andres Rodriguez,103,241,2015,2026,11
2015CHHA03,Aryan Chhabra,82,241,2015,2026,11
2013KOSK01,Jonatan Kłosko,83,241,2013,2021,8
2022STON09,Sebastian Stone,89,241,2022,2026,4
2008CLAR01,Thompson Clarke,81,240,2008,2025,17
2010GOLD01,Zach Goldman,101,240,2010,2025,15
2011BANS02,Shivam Bansal,87,240,2011,2026,15
2014OMIA01,Igor Ośmiałowski,81,240,2014,2026,12
2016JARM01,Myles Jarman,90,240,2016,2026,10
2016PARK02,Eli Parker,82,240,2016,2026,10
2015WANG09,Kai-Wen Wang (王楷文),77,240,2015,2025,10
2022SZUB01,Oliwier Szubert,89,240,2022,2026,4
2022CHAI02,Curtis Chai,86,240,2022,2026,4
2011BERG02,Anders Berggren,90,239,2011,2026,15
2011LEER01,Roy Lee,106,239,2011,2024,13
2011SELZ01,Dan Selzer,90,239,2011,2019,8
2020REJD01,Gabriel Rejdych,81,239,2020,2026,6
2011RIGG02,Jael Riggenbach,81,238,2011,2024,13
2013DENN01,Andy Denney,80,238,2013,2025,12
2016HARL01,Jason Harley,75,238,2016,2026,10
2017CUZI01,Trenton Cuzick,111,238,2017,2026,9
2023GENG02,Xuanyi Geng (耿暄一),71,238,2023,2026,3
2012VERS02,Robin Verstraten,110,237,2012,2026,14
2014STEI03,Annika Stein,89,237,2014,2025,11
2016TRAG01,Parker Trager,94,237,2016,2026,10
2018BOHA01,Alex Bohac,92,237,2018,2026,8
2012BOGD01,Michał Bogdan,108,236,2012,2025,13
2014AMAY01,Ramses Amaya,81,236,2014,2026,12
2018MART75,David Rendón Martínez,78,236,2018,2026,8
2022LURU01,Ruby Lu (卢红),92,236,2022,2026,4
2017JARN01,Thomas Sonnenberg Jarner,103,235,2017,2026,9
2008MORE01,Marcos Ameijeiras Moreno,115,234,2008,2026,18
2022STOU01,Rowan Stough,84,234,2022,2026,4
2017LLAN01,Juan Sebastian Mendez Llanos,84,233,2017,2026,9
2012KASS01,Daniël Kassab,97,232,2012,2026,14
2012QIUR01,Ruohan Qiu (邱若寒),96,232,2012,2026,14
2013ZHEN11,Yuyang Zhen (甄禹扬),118,232,2013,2026,13
2013MALI03,Szymon Malinowski,78,232,2013,2026,13
2016SANT08,Kyle Santucci,78,232,2016,2026,10
2010KIPA01,Jakub Kipa,73,231,2010,2024,14
2013WANG67,Xuming Wang (王旭明),84,231,2013,2026,13
2008LINE02,Edward Lin,85,231,2008,2020,12
2015GREI01,Daniel Greigg,88,231,2015,2026,11
2017CHEN36,Xinyun Chen (陈新运),99,231,2017,2026,9
2022PART02,Daniel Partridge,69,231,2022,2026,4
2009ORTI01,Daniel Gracia Ortiz,81,230,2009,2026,17
2009TIRA01,Javier Tirado Ortiz,115,230,2009,2024,15
2011TRON02,Sebastiano Tronto,83,230,2011,2026,15
2014NIET03,Oscar Nieto,80,230,2014,2026,12
2014MAUR06,Lorenzo Mauro,77,230,2014,2026,12
2016HOOV01,Cailyn Hoover,96,230,2016,2025,9
2018CAMP17,Bella Campbell,82,230,2018,2026,8
2021RAHN01,Nathan Rahn,83,230,2021,2026,5
2013GARC08,Jesús Lindo García,127,229,2013,2026,13
2014ABRA01,Arkadiusz Abramowski,110,229,2014,2026,12
2007CINO01,Rafael Werneck Cinoto,91,229,2007,2017,10
2017ZHAD01,Damir Zhanataev,86,229,2017,2026,9
2015MAPP01,Bobby Mapp,120,228,2015,2026,11
2015OAKK01,Kunal Oak,76,228,2015,2026,11
2015PARK08,Jeff Park,79,228,2015,2025,10
2017NOKE01,Jacob Nokes,83,228,2017,2026,9
2018STAM01,Lucas Stambaugh,101,228,2018,2026,8
2018AUBR01,Étienne Aubry,102,227,2018,2026,8
2008BRAN01,Filippo Brancaleoni,89,226,2008,2025,17
2005CAMP01,Dave Campbell,109,226,2005,2019,14
2018CARR07,Sebastian Carrillo,89,226,2018,2026,8
2017RAND06,Ari Randers-Pehrson,85,226,2017,2025,8
2019PASQ01,Mattia Pasquini,95,226,2019,2026,7
2010DONA01,James Donahue,97,225,2010,2026,16
2013DIPI01,Guido Dipietro,83,225,2013,2026,13
2016HOLZ01,Laura Holzhauer,80,225,2016,2026,10
2022STOJ03,Antoni Stojek,80,225,2022,2026,4
2007OMUR01,Shuhei Omura (大村周平),96,224,2007,2025,18
2013FIDO01,Franciszek Fidos,104,224,2013,2026,13
2013CONA01,Michael Conard,102,224,2013,2026,13
2013ESPA01,Jonathan Esparaz,81,224,2013,2026,13
2013KATO01,Eva Kato,86,224,2013,2023,10
2017KIMM01,Asher Kim-Magierek,78,224,2017,2026,9
2017WURY01,Ryan Wu,78,224,2017,2025,8
2021MARI04,Paolo Marino,76,224,2021,2026,5
2010JANG01,Jr-Wei Jang (張智瑋),75,223,2010,2022,12
2016ZENK01,Viktor Zenk,112,223,2016,2026,10
2018ABLA01,Ahmet Çınar Ablak,76,223,2018,2026,8
2009JUNW01,Wang Junwen (王俊文),113,222,2009,2026,17
2010UTOM01,Vincent Hartanto Utomo,80,222,2010,2026,16
2018DULL01,Twan Dullemond,72,222,2018,2026,8
2019STOU02,Ivo Stoutjesdijk,75,222,2019,2026,7
2023HULT01,Dante Tellechea Hultmark,117,222,2023,2026,3
2023CASA08,Thomas Cabezas,81,222,2023,2026,3
2015LEON02,Ivan Li Ka Leong (李嘉亮),76,221,2015,2026,11
2016BRIN04,Chris Van Der Brink,92,221,2016,2026,10
2016DAVI02,Ethan Davis,84,221,2016,2026,10
2016HARP02,Nico Harper (李有為),88,221,2016,2025,9
2016GONZ52,Gabriel Santiago Velez Gonzalez,74,221,2016,2025,9
2006GARR01,Lucas Garron,96,220,2006,2025,19
2011FRES01,Linus Frész,84,220,2011,2026,15
2016MILL07,Pedro Giuseppe Garcia Milla,69,220,2016,2026,10
2016NOVO01,Gergely Novotni,82,220,2017,2026,9
2016TARA04,Igor Tarasov,81,220,2016,2025,9
2017REDO02,Raúl Martínez Redondo,77,220,2017,2026,9
2018MART18,Laura Freitas Martín,98,220,2018,2026,8
2012LUOS01,Shu-Yii Luo (駱書翊),89,219,2012,2026,14
2014HOWL02,Tyler Howlett,85,219,2014,2025,11
2016NILS03,Filip Nilsen,75,219,2016,2026,10
2016PATR03,Tristan Patrick,74,219,2016,2026,10
2022CHEN37,Caleb Chen,73,219,2022,2026,4
2011BILC01,Ihor Bilchenko (Ігор Більченко),74,218,2011,2025,14
2014KIPR01,Tommy Kiprillis,70,218,2014,2026,12
2016THOR08,Elvin Thorsen,90,218,2016,2026,10
2016MAHA07,Shubham Maharana,86,218,2016,2026,10
2016CUTS01,Sean Cutshaw,83,218,2016,2026,10
2016EPST02,David Epstein,71,218,2016,2026,10
2017DURE01,Ryan Durette,117,218,2017,2026,9
2017CATA04,Ricardo Olea Catalán,85,218,2017,2026,9
2017ENGB01,Bryan Eng,73,218,2017,2026,9
2021ZAJD03,Teodor Zajder,74,218,2021,2026,5
2016LINB01,Brennen Lin,74,217,2016,2026,10
2015DELA05,Richard Delacoste,71,217,2015,2025,10
2011MASS01,Nikolai Masson (Николай Массон),82,216,2011,2026,15
2014WENW01,Wong Chong Wen (黄崇文),86,216,2014,2026,12
2015BARH01,Anders Barhaugen,84,216,2015,2026,11
2017BRZA01,Szymon Brzana,91,216,2017,2026,9
2017PITK01,Antto Pitkänen,89,216,2017,2026,9
2018HANU02,Oskar Hanuszkiewicz,80,216,2018,2026,8
2011GJER02,Ole Nikolai Gjerset,98,215,2011,2026,15
2013VICE01,Mar Gallego Vicente,93,215,2013,2026,13
2014RAPO01,Tommaso Raposio,73,215,2014,2026,12
2016OBRE01,Piero Alessandro Laguna Obregon,70,215,2016,2026,10
2017CAST41,Raymos Castillo,89,215,2017,2026,9
2011MAJC01,Maksymilian Majcher,118,214,2011,2026,15
2011TRON01,Fredrik Abildgaard Trondhjem,97,214,2011,2025,14
2013FERT01,Louis Fertier,80,214,2013,2026,13
2015SOAR01,Nikhil Soares,81,214,2015,2026,11
2015TERR01,Fabricio Andrés Yañez Terrazas,79,214,2015,2026,11
2015BART05,Aiden Bartlett,79,214,2015,2025,10
2016JENS09,William Jensen,77,214,2016,2026,10
2017TIMM01,Ben Timmons,79,214,2017,2026,9
2017LAMB06,Andreas Lambropoulos,74,214,2017,2026,9
2016GUTI23,Daniel Gutierrez,73,214,2016,2025,9
2019KLEV01,Patrick Kleverlaan,104,214,2019,2026,7
2019BRUN02,Claudio Matias Cancino Bruna,74,214,2019,2026,7
2005KOCZ01,István Kocza,148,213,2006,2026,20
2015CALD02,Kymberlyn Calderon,78,213,2015,2025,10
2017LIND01,Leo Lindqvist,93,213,2017,2026,9
2011FIOL01,Alberto Pérez de Rada Fiol,71,213,2011,2019,8
2019EKLU01,Samuel Eklund-Hanna,113,213,2019,2026,7
2021DAMM01,Jonathan Dammann,99,213,2021,2026,5
2010BECK01,Karina Grandjean Beck,86,212,2010,2026,16
2017WILL05,Tyler Williams,75,212,2017,2026,9
2018KJOL01,Malte Oliver Bøgh Kjøller,107,212,2018,2026,8
2021ZAJD02,Stefan Zajder,73,212,2021,2026,5
2014SADN01,Mert Sağdınç,71,211,2014,2026,12
2016BELE02,Jensen Belen-Brown,78,211,2016,2026,10
2016ZHON01,Kenny Zhong,72,211,2016,2026,10
2018HIBS01,Jakub Hibszer,86,211,2018,2026,8
2022OZSV03,Nico Ozsvath,97,211,2022,2026,4
2010HEIL02,Martin Heilig,114,210,2010,2026,16
2010ESTU01,Rémi Esturoune,88,210,2010,2026,16
2010BREC01,John Brechon,77,210,2010,2025,15
2013ZIRN01,Jānis Zirnis,90,210,2013,2026,13
2013WANG69,Bo Wang (王擘),77,210,2013,2025,12
2013MORR03,Christopher Morris,72,210,2013,2025,12
2016KELL10,Adam Marcellus Kelly,86,210,2016,2026,10
2016GOHN01,RJ Gohn,77,210,2016,2026,10
2018SAMK01,Max Kwok U Sam (郭愉琛),71,210,2018,2026,8
2008UENO01,Shuto Ueno (上野柊斗),96,209,2008,2026,18
2012LAHL01,Fabian Löhle,81,209,2012,2026,14
2009FUSH01,Arifumi Fushimi (伏見有史),80,209,2009,2023,14
2011CAOS01,Sheng Cao (曹晟),72,208,2011,2026,15
2016MORA24,Sean Moran,70,208,2016,2026,10
2016RUCI01,Marcel Ručigaj,70,208,2016,2026,10
2008NIEL01,Lars Vennike Nielsson,93,207,2008,2026,18
2016YONG02,Tristan Chua Yong,68,207,2016,2026,10
2019KEDZ01,Adam Kędziorski,70,207,2019,2026,7
2021WILL06,Carter Williams,77,207,2021,2026,5
2014BAUD02,Maxence Baudry,78,206,2014,2026,12
2017MOOR03,Clay Moore,100,206,2017,2026,9
2019PHEL01,Elijah Rain Phelps,76,206,2019,2026,7
2020SPIR01,Maciej Spirydowicz,95,206,2020,2026,6
2022OZSV04,Rex Ozsvath,101,206,2022,2026,4
2010UBAL01,John Edison Ubaldo (ᜇ᜔ᜌᜓ︀ᜈ᜔ ᜁᜇᜒᜐᜓ︀ᜈ᜔ ᜂᜊᜎ᜔ᜇᜓ︀),84,205,2010,2025,15
2008LIKA01,Kailong Li (李开隆),68,205,2008,2021,13
2016KIAC01,Bence Kiácz,84,205,2016,2026,10
2017TUNG13,Anto Kam (甘浩東),99,205,2017,2026,9
2009BRZE01,Kalina Brzezińska,72,205,2009,2016,7
2012WALK02,Adam Walker,79,204,2012,2026,14
2014BONA02,Bautista Bonazzola,68,204,2014,2026,12
2012ZAKE02,Dušan Zakelšek,96,203,2012,2026,14
2019PILH01,Jonas Pilhöfer,67,203,2019,2026,7
2023FLOD01,Erland Flodman,103,203,2023,2026,3
2005LUCZ01,Grzegorz Łuczyna,100,202,2005,2026,21
2003BURT01,Bob Burton,129,202,2003,2020,17
2009SANT01,Simone Santarsiero,78,202,2009,2026,17
2010PULC01,Ernie Pulchny,109,202,2010,2026,16
2012SEVE01,Ainesh Sevellaraja,66,202,2012,2026,14
2014JAYE01,Eli Jay,70,202,2014,2026,12
2008HASH02,Wataru Hashimura (端村航),79,202,2008,2019,11
2016POUS01,Fanny Pousset,86,202,2016,2026,10
2016KENN01,Zak Kenny,72,202,2016,2026,10
2016YENC01,Christopher Yen,68,202,2016,2026,10
2014LOWE01,Matthew Lowe,67,202,2014,2024,10
2017TRAN25,Celine Tran,68,202,2017,2026,9
2017PINT05,Josias Milan Sirpa Pinto,71,202,2018,2025,7
2009TISS01,Lina Tissier,124,201,2009,2025,16
2010FUEN01,Leopoldo Andrés Ibarra Fuentes,68,201,2010,2024,14
2014MUTC01,Alex Mutch,83,201,2014,2026,12
2007LIME01,Eric Limeback,68,201,2007,2019,12
2009BOZS01,Hunor Bózsing,67,201,2009,2019,10
2015SCHO05,George Scholey,65,201,2015,2025,10
2009RYAB01,Sergey Ryabko,66,200,2009,2026,17
2015CECC01,Vicenzo Guerino Cecchini,72,200,2015,2026,11
2016MADD01,Jake Maddox,68,200,2016,2026,10
2018ALFO01,Diego Alfonso,75,200,2018,2026,8
2018OPAC01,Kajetan Opach,67,200,2018,2026,8
2023SHOJ01,Dominic Shoji,78,200,2023,2026,3
2005KOZK01,Piotr Kózka,73,199,2005,2025,20
2007CHUE01,Chan Tak Chuen (陳德泉),125,199,2007,2026,19
2010SABA01,Sergi Sabat,75,199,2010,2025,15
2015GOVI01,Dylan Govic,85,199,2015,2026,11
2007SUGA01,Nobuaki Suga (菅信昭),98,199,2007,2017,10
2016OCHS01,Zachary Ochs,73,199,2016,2026,10
2020LONG05,Shain Papalotl Longbehn,89,199,2020,2026,6
2010YUPH01,Phil Yu,83,198,2010,2026,16
2013AZNA01,İskender Aznavur,83,198,2013,2026,13
2014CHEN37,Liam Chen,73,197,2014,2026,12
2015VUJA01,David Vujasić,66,197,2015,2026,11
2019SMIT36,Amy Smith,80,197,2019,2026,7
2010MOFF02,Zoé de Moffarts,102,196,2010,2026,16
2008SAJI01,Yu Sajima (佐島優),72,196,2008,2024,16
2012BALI01,Kobe Balin,88,196,2012,2026,14
2014PRID01,Ethan Pride,103,196,2014,2025,11
2015FONS02,Federico da Fonseca,71,196,2015,2026,11
2016HAND04,Rasmus Händén,97,196,2016,2026,10
2017MART29,Ricky Martin,103,196,2017,2026,9
2017SWAI01,Adam Swaine,76,196,2017,2026,9
2017GOLU01,Theo Goluboff,69,196,2017,2026,9
2008CHOI04,Ilkyoo Choi (최일규),123,195,2008,2026,18
2013SCHM02,Thomas Mæhle Schmidt,91,195,2013,2025,12
2018TILL02,Jean-Charles Tillit,74,195,2018,2026,8
2021PIET01,Tomasz Pietruszka,69,195,2021,2026,5
2007BARR01,Kian Barry,98,194,2007,2025,18
2012ESPI02,Jorge Martín Espinosa,71,194,2012,2024,12
2015TRAC01,Olivia Trace,81,194,2015,2026,11
2015HADA01,Garrett Hadaway,77,194,2015,2026,11
2017CHAN44,Vincent Chan,76,194,2017,2026,9
2017YOUN10,Kaius Young,72,194,2017,2026,9
2012POHL01,Andreas Pohl,74,194,2012,2020,8
2021GORE01,Kacper Górecki,84,194,2021,2026,5
2016HOBB01,Emmet Hobbs,105,193,2016,2026,10
2017PALI04,Inigo Miguel B. Palisoc,76,193,2017,2026,9
2018WROT01,Brayden Wroten,72,193,2018,2026,8
2023CAOQ01,Qixian Cao (曹岂娴),57,193,2023,2026,3
2010OMUL01,Jernej Omulec,104,192,2010,2026,16
2011GONZ04,Javier Gonzalez-Napoleoni,83,192,2011,2026,15
2011SCHU06,Sam Schultz,93,192,2011,2023,12
2014BEGU01,Elian Beguec,65,192,2014,2026,12
2017HUGH04,Lennon Hughes,62,192,2017,2026,9
2018GRAI01,Aidan Grainger,65,192,2018,2026,8
2007COHE01,Dan Cohen,69,191,2007,2026,19
2011MAHT02,Natthaphat Mahtani (ณัฐภัทร จี มาทานี),70,191,2011,2026,15
2015GIME02,Laura Tarrés Gimeno,90,191,2015,2026,11
2015GROH02,Matěj Grohmann,65,191,2015,2026,11
2017BYRN01,Magnus Søndergaard Byrne,76,191,2017,2026,9
2019ORTI03,Jose Ortiz Jr.,63,191,2019,2026,7
2023BRYS01,Lucy Grace Bryson,79,191,2023,2026,3
2016SIMK01,Samuel Simko,71,190,2016,2026,10
2017KLEI02,Luis Kleinheinz,76,190,2017,2026,9
2017HERN11,Joaquin Ruenes Hernández,68,190,2017,2026,9
2023CELI06,Jacob Goossens Celis,75,190,2023,2026,3
2008LAUR01,Mario Laurent,84,189,2008,2026,18
2008REMO01,Jedrick Remonde,72,189,2008,2026,18
2008TRAN02,Chris Tran,86,189,2008,2024,16
2013GOOD01,Daniel Goodman,87,189,2013,2026,13
2019JIAN54,Lingkun Jiang (姜凌坤),62,189,2019,2026,7
2021MALI02,Ignacy Malinowski,77,189,2021,2026,5
2022PINE05,Cristhian Damián Fernández Pineda,73,189,2022,2026,4
2023RODR80,Axel Juan Pablo Moreno Rodriguez,75,189,2023,2026,3
2012COST01,Kevin Costello III,64,188,2012,2025,13
2011CUBA02,Ernesto Gutiérrez Cuba,59,188,2011,2023,12
2015CERN01,Will Cerne,83,188,2015,2026,11
2013LEJE03,Kennan LeJeune,64,188,2013,2024,11
2017PIHE01,Remo Pihel,72,188,2017,2026,9
2016BITZ01,Carter Bitz,67,188,2016,2025,9
2010WANG68,Bill Wang,63,187,2010,2026,16
2013SAVA01,Harry Savage,64,187,2013,2026,13
2013CONT01,Oscar Alberto Ceballos Contreras,74,187,2013,2025,12
2013RIGO01,Richmond Mico Rigor,71,187,2013,2025,12
2017NGOC03,Casey Ngo,57,187,2017,2026,9
2011RIGG04,Rachel Riggenbach,63,187,2011,2019,8
2022MARC05,Radosław Marcinek,64,187,2022,2026,4
2023MAGA09,Juan Miguel Y. Magallanes,81,187,2023,2026,3
2010VALO01,Clément Valot,86,186,2011,2026,15
2010APAG01,Richard Jay S. Apagar,66,186,2010,2025,15
2014MILE01,Patryk Milewczyk,108,186,2014,2026,12
2014BARB07,Francisco Montañés Barbudo,104,186,2014,2026,12
2008MIZU01,Weston Mizumoto,77,186,2008,2019,11
2011DOBR01,Dmitry Dobrjakov,60,186,2011,2021,10
2017KUNA01,Linus Kunath,74,186,2017,2026,9
2017SUKH02,Ihor Sukhovatenko (Ігор Суховатенко),65,186,2017,2026,9
2017ECHE04,Ale Restrepo,68,186,2017,2025,8
2019MARE07,Sula Mareska,95,186,2019,2026,7
2021FOST01,Jaxon Foster,72,186,2021,2026,5
2023CLAR02,Carson Clark (张卡森),70,186,2023,2026,3
2011KALM01,Viktor Kalmar,62,185,2011,2026,15
2012KRIS04,Velidi Venkata Jagan Mohana Murali Krishna,70,185,2012,2026,14
2014LALI01,Ishaan Lal,69,185,2014,2026,12
2015WAKE01,Ben Wakelin,91,185,2015,2026,11
2016HOUN01,Joshua Hounslow,63,185,2016,2026,10
2018YAOC02,Caleb Yao (姚英華),68,185,2018,2026,8
2018DEVE02,Adam Devere,66,185,2018,2026,8
2022CUBI01,Shanty Rodríguez,74,185,2022,2026,4
2023GIPS01,Kenji Gipson-Nahman,74,185,2023,2026,3
2013SAVI01,Henry Savich,71,184,2013,2026,13
2012KISH03,Vijay Kishore,64,184,2012,2025,13
2013CETI01,Ömer Çetinkaya,62,184,2013,2026,13
2006OKAY01,Yohei Oka (岡要平),79,184,2006,2018,12
2016HOUG03,Daniel Houghton,90,184,2016,2026,10
2009MORI05,Paolo Moriello,61,184,2009,2019,10
2015ZHEN20,He-Ping Zheng (鄭和平),61,184,2015,2025,10
2015CARV06,Iuri Grangeiro Carvalho,65,184,2015,2023,8
2019SING33,Gurshan Singh,66,184,2019,2026,7
2021VITA01,Kaemon Vita,72,184,2021,2026,5
2022YEOM01,Micah Yeo,71,184,2022,2026,4
2022SCHA05,Vincent von Schantz,62,184,2022,2026,4
2010HUNT02,Aneurin Hunt,83,183,2010,2026,16
2014PAST01,Dan Pastushkov,73,183,2014,2026,12
2017JANK02,Luke Jankowiak,66,183,2017,2026,9
2019MAGU04,Jose Antonio Cuipal Maguiña,58,183,2019,2026,7
2020BORG01,Kasper Warberg Borg,77,183,2020,2026,6
2021YEXA01,Xavier Ye,68,183,2021,2026,5
2008ASIS01,Kristopher De Asis,77,182,2008,2026,18
2008DANG01,Bobby D'Angelo,79,182,2008,2025,17
2012TYCK01,Luke Tycksen,61,182,2012,2026,14
2018DAIN02,Peri Le Dain,73,182,2018,2026,8
2023CLAR13,Jayden Clark,67,182,2023,2026,3
2010HONG07,Xusheng Hong (洪旭升),112,181,2010,2026,16
2011MIKE01,Brandon Mikel,90,181,2011,2026,15
2014PAST03,Daniel Ortega Pastor,79,181,2014,2026,12
2015HENN02,Mary Hennessy,87,181,2015,2026,11
2016WETZ01,Leonard Wetzel,70,181,2016,2026,10
2017WOFF01,Roman Wofford,78,181,2017,2026,9
2017MCKE02,Aidan McKenzie,64,181,2017,2026,9
2021WALC02,Miles Walcott,74,181,2021,2026,5
2014KOUL01,Sukant Koul,70,180,2014,2026,12
2015BORR01,Leo Borromeo,59,180,2015,2026,11
2015LASS03,Brody Lassner,60,180,2015,2025,10
2011TORG01,Ivan Torgashov (Иван Торгашов),65,180,2011,2020,9
2017GUTM01,Manuel Gutman,62,180,2017,2026,9
2019ECKE02,Ryan Eckersley,65,180,2019,2026,7
2011BROE01,Lars Van den broeck,71,179,2011,2026,15
2012KRIS12,Artur Kristof,71,179,2012,2024,12
2015LEAN01,An Le,78,179,2015,2026,11
2015JENK02,Oliver Jenks,67,179,2015,2026,11
2015TORR12,Bernardo Torres,63,179,2015,2026,11
2016ZATR01,Tomáš Zatroch,61,179,2016,2026,10
2017WADE01,Liam Wadek,75,179,2017,2026,9
2017NICO01,Alejandro Nicolay,70,179,2017,2026,9
2019VUJC01,Alexander Vujcich,57,179,2019,2026,7
2021SCHW01,Jacob Schwartz,65,179,2021,2026,5
2021SALE01,Sofia Saletnich,59,179,2021,2026,5
2013HUAN30,Juan Pablo Huanqui,65,178,2013,2025,12
2013JANK02,Tomas Jankauskas,61,178,2013,2025,12
2009GARR01,José Garrido,61,178,2009,2020,11
2017GRAY02,Ashley Gray,99,178,2017,2026,9
2018KHAN27,Ibrahim Khanani,81,178,2018,2026,8
2018STEP07,Lachlan Stephens,62,178,2018,2026,8
2019CORO04,Giacomo Daniele Corò,58,178,2019,2026,7
2022MATY02,Konrad Matyszek,67,178,2022,2026,4
2010AGUI04,Pablo Aguilar Dominguez,63,177,2010,2026,16
2007YUNQ01,Yunqi Ouyang (欧阳韵奇),79,177,2007,2021,14
2005BATI01,Milán Baticz,59,177,2005,2019,14
2013LOYK01,Nikita Loika,73,177,2013,2026,13
2015GONZ08,Biel Salmons Gonzalez,58,177,2015,2026,11
2017GARC48,Haiver Lenin Reyes Garcia,77,177,2017,2026,9
2016SORI04,Luigi Soriano,65,177,2016,2025,9
2018FOLD01,Lars Johan Folde,71,177,2018,2026,8
2019NOBI01,Jacob Nobili,69,177,2019,2026,7
2018NIED01,Alex Niedland,67,177,2018,2025,7
2013SING12,Abhimanyu Singhal (अभिमन्यु सिंघल),94,177,2021,2026,5
2014GROV01,Saransh Grover,92,176,2014,2025,11
2015NABI01,Javid Nabizade,71,176,2015,2026,11
2017BRYA06,Aedan Bryant,76,176,2017,2026,9
2016GABA02,Amey Gaba,71,176,2017,2026,9
2017PARK05,DongSoo Park (박동수),71,176,2017,2026,9
2022JAME01,Blue James,79,176,2022,2026,4
2022ROGE05,Eli Rogers,76,176,2022,2026,4
2022SZAB02,Ádám Szabó,70,176,2022,2026,4
2022MUNT02,Eskil Munthe,66,176,2022,2026,4
2022TEUN01,Robin Teune,61,176,2022,2026,4
2023NESI01,David Nesiba,64,176,2023,2026,3
2013HANU01,Hubert Hanusiak,88,175,2013,2026,13
2016BUCK01,Linus Buck,64,175,2016,2026,10
2011ETTE01,Lucas Etter,58,175,2011,2020,9
2018WANG39,Yibo Wang (王奕博),61,175,2018,2026,8
2019MCFE01,Emery McFeeter,84,175,2019,2026,7
2010JUNL02,Leow Yi Jun (廖艺畯),75,174,2010,2026,16
2009AURO01,Fabian Auroux,78,174,2009,2021,12
2016CHAI03,Michael Chai (柴天方),77,174,2016,2025,9
2018GOME06,Jaime Calzado Gomez,74,174,2018,2026,8
2019KUCA01,Lisa Kucala,121,174,2019,2026,7
2014CZAP01,Maciej Czapiewski,62,174,2014,2021,7
2022HINC01,Felix Hincks,52,174,2022,2026,4
2008JONG03,Jong-Ho Jeong (정종호),70,173,2008,2022,14
2015FERA01,Rachel Feran,115,173,2015,2025,10
2015GORN01,Dominik Górny,78,173,2015,2025,10
2018TRUO03,Louis Truong,67,173,2018,2026,8
2019DARK02,Keenan Darkins,84,173,2019,2026,7
2019RAMO05,Dwyane Ramos,57,173,2019,2026,7
2022CLIN01,Kian Cline,79,173,2022,2026,4
2022GALA03,Satya Bhavesh Gala,62,173,2022,2026,4
2008WUKU01,Kuo-Hau Wu (吳國豪),69,172,2008,2026,18
2013SUNY02,Yongtao Sun (孙永涛),98,172,2013,2026,13
2013MART02,Rubén Moreno Martinez,85,172,2013,2026,13
2013CHEN22,Victor Chenu,59,172,2013,2026,13
2014GLYR01,Victor Valentin Glyrskov,75,172,2014,2026,12
2015BELO02,Pedro Henrique Maciel Ceccopieri Belo (陈昊然),70,172,2015,2026,11
2015BEUG01,David Beugnon,68,172,2015,2026,11
2014PUGH01,Benjamin Pugh,63,172,2014,2025,11
2016MATE04,Arnau Tous Mateu,64,172,2016,2026,10
2015DIZO02,Kieran Dizon,59,172,2015,2025,10
2017BACH09,Gaurav Bachani,89,172,2017,2026,9
2018KINN05,Urho Kinnunen,64,172,2018,2026,8
2018RUSH01,Daniel Rush,58,172,2018,2026,8
2019MORG10,Danny Morgan,55,172,2019,2026,7
2022SZAB03,Dávid Szabó,71,172,2022,2026,4
2011JHAN01,Shun-Hsin Chang (張舜欣),86,171,2011,2026,15
2016TYBE01,Andrew Tyberg,92,171,2016,2026,10
2016WOJC04,Dawid Wójcik,69,171,2016,2026,10
2016SINY01,Alexei Sinyavin,63,171,2016,2026,10
2016SLEZ01,Gábor Slezák,61,171,2016,2026,10
2015GUNN01,Jakob Gunnarsson,55,171,2015,2025,10
2017NETO02,Sofía Guerrero Neto,87,171,2017,2025,8
2018BECK05,Cade Beck,76,171,2018,2026,8
2018SATO01,Sora Sato,59,171,2018,2026,8
2023BELT07,Manuel Francisco Beltrán,59,171,2023,2026,3
2012MADA01,Vivek Prasad Mada,88,170,2012,2026,14
2004KRIG01,Gunnar Krig,69,170,2004,2017,13
2013RAMI02,Adrián Ramírez,69,170,2013,2026,13
2015LEHM01,Alex Lehman,82,170,2015,2026,11
2015TANG04,Calix Tang,68,170,2015,2026,11
2016DROB01,Jakub Drobný,60,170,2016,2026,10
2016SHEL03,Lukas Shelley,59,170,2016,2026,10
2014BELK01,Sean Belke,56,170,2014,2023,9
2019CUTT01,Elizabeth Cutting,73,170,2019,2026,7
2022DUNN03,Caleb Wolf Dunn,57,170,2022,2026,4
2008SUNZ01,Zhouheng Sun (孙舟横),58,169,2008,2025,17
2010MOND01,Pablo Nicolás Oshiro Mondoñedo,70,169,2010,2025,15
2011SBAH01,Rami Sbahi,59,169,2011,2025,14
2016THAK01,Ram Thakkar (राम ठक्कर),77,169,2016,2026,10
2016JONE04,Jode Brewster,57,169,2016,2026,10
2017LONG14,Tee Kai Long,74,169,2017,2026,9
2016CALI04,Daniel C. Bedoya,60,169,2016,2025,9
2017VASQ11,Juan David Carmona Vásquez,57,169,2017,2026,9
2018ADAM06,Brayden Adams,67,169,2018,2026,8
2017MARR02,Margot Audero,65,169,2017,2025,8
2018THOM29,Carter Thomas,60,169,2018,2026,8
2018BERE01,János Bereczki,56,169,2018,2025,7
2022PRIN08,Zian Principe,91,169,2022,2026,4
2022COST03,Christofor Gabriel Costea,68,169,2022,2026,4
2012MENE01,Diego Meneghetti,64,168,2012,2025,13
2010ATAK01,Deniz Atak,59,168,2010,2023,13
2013BARC03,Wojciech Barciaga,63,168,2013,2025,12
2015SRIN02,Swami Srinivasan,81,168,2015,2026,11
2015CHOK01,Mohamed Ben Driss Chokri,79,168,2015,2026,11
2016YEAG01,Chris Yeager,63,168,2016,2026,10
2016WOOD01,Nolan Wood,61,168,2016,2026,10
2017KELL08,Simon Kelly,73,168,2017,2026,9
2018BERR01,Fletcher Berry,70,168,2018,2026,8
2018BASA03,Jose Basaes,61,168,2018,2026,8
2009COLO03,Matteo Colombo,75,167,2009,2025,16
2013FRAI01,Diego Fraile,71,167,2013,2026,13
2013ANAM01,Angel Anampa,53,167,2013,2026,13
2016VALE01,Zavian Valedon,65,167,2016,2026,10
2018NIEU01,Lucas Nieuwland,78,167,2018,2026,8
2016HSIE02,Derek Hsieh,68,167,2016,2024,8
2018BRUU01,Jacob Oliver Bruun,68,167,2018,2026,8
2010BURN01,Collin Burns,55,167,2010,2017,7
2022GALA01,Maksymilian Gala,86,167,2022,2026,4
2021JAWO01,Szymon Jaworski,79,167,2022,2026,4
2022CIEP01,Szymon Ciepiela,69,167,2022,2026,4
2008JINX01,Xiaobo Jin (金晓波),67,166,2008,2024,16
2013YUSH01,Pavel Yushkevich,60,166,2013,2026,13
2015LEEJ12,Jason Lee,56,166,2015,2026,11
2014NORR01,Riley Norrid,60,166,2014,2024,10
2017MINA04,Hannah Minas,93,166,2017,2026,9
2016RAMO01,Klaus Ramos,81,166,2016,2025,9
2017DUMM01,Matteo Dummar,81,166,2017,2026,9
2017BRAS01,Luca Brasini,56,166,2017,2026,9
2018KUCZ01,Lucas Kuczaj,63,166,2018,2026,8
2017VILL41,Sean Patrick Villanueva,59,166,2017,2024,7
2022BARN21,August Barnard,82,166,2022,2026,4
2022DULL01,Marc Dullemond,72,166,2022,2026,4
2010PROT01,Kirt Protacio,57,165,2010,2026,16
2014TILA01,Jonathan Tilahun,65,165,2014,2026,12
2009KORB01,Björn Korbanka,57,165,2009,2020,11
2015GALI02,Luke Galioto,114,165,2015,2025,10
2016DIET01,Amélie Dieterich,76,165,2016,2026,10
2015SOLT03,Witold Sołtysik,63,165,2015,2025,10
2017INIE02,Mikel Pérez Iniesto,69,165,2017,2026,9
2010BICL01,Geert Bicler,70,165,2010,2018,8
2018MELO07,Luigi Segura,69,165,2018,2026,8
2012BERG04,Nathaniel Berg,62,165,2012,2019,7
2013ROCA01,Francisco José Campos Rocamora,71,164,2013,2026,13
2014GUMI01,Minseo Gu (구민서),70,164,2014,2026,12
2016YIUN01,Nolan Yiu,96,164,2016,2026,10
2016IBAR07,Jesús Armando Aguirre Ibarra,75,164,2016,2026,10
2014TYTA02,Mykyta Tytar (Микита Титарь),53,164,2014,2024,10
2017MAZH04,Zhiyuan Ma (马之元),68,164,2017,2026,9
2017NAJA02,Oscar Sánchez Najarro,71,164,2017,2025,8
2023PRIN02,Kavin Prince,61,164,2023,2026,3
2023FOXM01,Monty Fox,50,164,2023,2026,3
2013MATH01,Amod Mathur,55,163,2013,2026,13
2016BRAV03,Cristóbal Opazo Bravo,69,163,2016,2026,10
2016FIOR01,Giovane Rubin Fioravanti,61,163,2016,2026,10
2016LANG12,Fred Lang,59,163,2016,2026,10
2017BARR25,Juan Camilo González Barragán,75,163,2017,2026,9
2017STRA03,Kyle Van Straaten,65,163,2017,2026,9
2018ONGJ01,Joseph Ong,73,163,2018,2026,8
2018DREI02,Roberts Dreijers,61,163,2018,2026,8
2017OORA01,Charlie van Ooran,60,163,2017,2025,8
2020MADD02,Jack Maddigan,60,163,2020,2026,6
2006TEMM01,Rama Temmink,65,162,2006,2025,19
2010VILL03,Robbie Villarica,63,162,2010,2026,16
2011YUBE01,Ben Yu,57,162,2011,2025,14
2008PLAC01,Niki Placskó,92,162,2008,2020,12
2014CAIJ02,Jack Cai,76,162,2014,2026,12
2015REIS02,Rui Reis,81,162,2015,2026,11
2015TALB01,Seth Talbot,81,162,2015,2026,11
2015ROYC01,Ben Royce,80,162,2015,2026,11
2016JERO01,Charles Jerome,68,162,2016,2026,10
2016VINC03,Justin Vinckenbosch,64,162,2016,2026,10
2017YANR02,Ruimin Yan (颜瑞民),87,162,2017,2026,9
2018WILS10,Keon Wilson,62,162,2018,2026,8
2018PARI07,Parist Pariyakanok (พริษฐ์ ปริยกนก),58,162,2018,2026,8
2018ALON07,James Alonso,46,162,2018,2026,8
2021KASP01,Eryk Kasperek,65,162,2021,2026,5
2011PARR02,Jhon Edinson Arias Parra,57,161,2011,2026,15
2012HAML01,Francisco Hamlin,60,161,2012,2026,14
2013PANT01,Mihnea Andrei Panţu,56,161,2013,2026,13
2014QUYN02,Tomáš Nguyen,59,161,2014,2026,12
2016MEUN01,Louis Meunier,62,161,2016,2025,9
2017XURU04,Ruihang Xu (许瑞航),52,161,2017,2026,9
2018TUUL01,Kaur Tuule,57,161,2018,2026,8
2016LOPE44,Mauro Moisés Ortega López,54,161,2018,2026,8
2019REDI02,Dominic Redisi,55,161,2019,2026,7
2015PARK13,Danny SungIn Park,55,161,2015,2020,5
2010CHEN20,Lin Chen (陈霖),56,160,2010,2026,16
2013TAKA02,Makoto Takaoka (高岡誠),65,160,2013,2026,13
2014CHRI04,Benjamin Christie,60,160,2014,2026,12
2013ALZA01,Yuri Villanueva Alzamora,71,160,2013,2023,10
2015TELL01,Pedro Alejandro Condo Tellez,49,160,2015,2024,9
2018RICH05,Drake Denton Richard,77,160,2018,2026,8
2018NEVE02,Adrien Neveu,72,160,2018,2026,8
2020YEHE01,Ethan Yeh,56,160,2020,2026,6
2022SOLO01,Aleksander Sołonczak,78,160,2022,2026,4
2022LARR02,Aratz Larruzea,61,160,2022,2026,4
2023SUAR08,Dereck Samuel Marin Suarez,59,160,2023,2026,3
2011CICH01,Mateusz Cichoracki,87,159,2011,2024,13
2012DYGI01,Wonder Dygico,61,159,2012,2025,13
2016SIGG01,Graham Siggins,84,159,2016,2026,10
2016MART91,Diego Serrano Martínez,57,159,2016,2026,10
2017BYRN02,Mathias Søndergaard Byrne,63,159,2017,2026,9
2017BRIG03,Joseph Briggs,55,159,2017,2026,9
2018KEAR02,Caleb Kearney,77,159,2018,2026,8
2019CHAU12,Zayd Chaudhry,58,159,2019,2026,7
2020BURN06,Luke Burns,52,159,2020,2026,6
2023WILS11,Evan Wilson,65,159,2023,2026,3
2023LANG03,Alex Rosado Saez de Langarica,60,159,2023,2026,3
2004MASA01,Jesús Masanet García,135,158,2004,2026,22
2011MAAS01,Alex Maass,84,158,2012,2026,14
2013LIHU01,Hua-Ting Lee (李華庭),71,158,2013,2026,13
2015LUCI02,Paul Luciw,67,158,2015,2026,11
2007LUCH01,Chia-Wei Lu (呂家維),58,158,2007,2018,11
2017KANA04,Mateusz Kanarski,81,158,2017,2026,9
2011CHEN54,Yuxuan Chen,69,158,2017,2026,9
2012DERG01,Dmitry Dergunov,58,158,2012,2021,9
2013KOKS01,Serhii Koksharov (Сергій Кокшаров),72,158,2013,2021,8
2018GOME29,Frederico Canal Gomes,62,158,2018,2026,8
2021ZANG01,Alessandro Zangolini,53,158,2021,2026,5
2011HUNG02,Shao-Heng Hung (洪紹恆),72,157,2011,2025,14
2012DROZ02,Radosław Drozdowicz,87,157,2012,2025,13
2012BILL01,Gregor Billing,71,157,2012,2025,13
2011FYDR01,Mateusz Fydrych,55,157,2011,2024,13
2016SANT66,João Vinícius Santos,66,157,2016,2026,10
2016NUNE11,Brandon Nunez,58,157,2016,2026,10
2017BARU01,Zach Baruch,91,157,2017,2026,9
2017STEW08,Jack Flynn Stewart,62,157,2017,2026,9
2017MARC22,Matej Marčok,57,157,2017,2026,9
2017PIME01,Sergio Minaya Pimentel,54,157,2017,2026,9
2019PETT01,Canyon Pettitt,61,157,2019,2026,7
2022NAGA02,Yuki Nagai,71,157,2022,2026,4
2008WIAC01,Karolina Wiącek,97,156,2008,2025,17
2007CHAN07,Harris Chan,53,156,2007,2024,17
2012LIAO03,Zi-Xian Liao (廖子賢),75,156,2012,2026,14
2012BARA03,Vladislavs Baranovs,57,156,2012,2026,14
2011AMOR01,David Remolina Amórtegui,53,156,2011,2024,13
2014VORL01,Marco Vorländer,56,156,2014,2026,12
2015CAND01,Daniel Delgado Candia,60,156,2015,2026,11
2015RAME02,Naren Ramesh,69,156,2015,2025,10
2017CONN04,Catherine Connolly,57,156,2017,2026,9
2017SUNC02,Christopher Sun,50,156,2017,2026,9
2018WORK01,Lydia Workman,69,156,2018,2026,8
2018SIMP06,Stone Payne,65,156,2018,2026,8
2008JAFF01,Justin Jaffray,57,156,2008,2015,7
2019YAOJ01,Jerry Yao,52,156,2019,2026,7
2018SANC03,Angel Armando Jaime Sánchez,54,156,2018,2024,6
2019BAUM02,Dylan Baumbach,48,156,2019,2025,6
2021LEBK01,Bartosz Łebkowski,77,156,2021,2026,5
2007HERN02,Joel Hernández,78,155,2007,2026,19
2009ROHR01,Michael Röhrer,67,155,2009,2024,15
2009HARN01,Brandon Harnish,78,155,2009,2023,14
2012YEMI01,Michel Ye,63,155,2012,2026,14
2011MELI01,Artem Melikian (Артем Мелікян),57,155,2011,2025,14
2016VINC01,Marie Vincent,66,155,2016,2026,10
2016BOUR01,Noé Bourdon,65,155,2016,2026,10
2013BALI01,Tanzer Balimtas,54,155,2013,2023,10
2014HAMI02,Will Hamilton,65,155,2014,2023,9
2017ZIMA01,Benedek Zimányi,59,155,2017,2026,9
2020REDD01,Siddharth Reddy,48,155,2020,2026,6
2021LOPE03,Diego Alejandro Camelo López,72,155,2021,2026,5
2022FURE01,CJ Furey,52,155,2022,2026,4
2009BONN01,Pauline Bonnaudet,112,154,2009,2026,17
2013HELM02,Henry Helmuth,66,154,2013,2026,13
2010SHIX01,Xin Shi (石欣),64,154,2010,2023,13
2013MACI01,Adrián Martínez Macías,58,154,2013,2026,13
2014VIKS01,Olli Vikstedt,62,154,2014,2026,12
2016GONG02,Andy Gong,50,154,2016,2026,10
2017KWAN05,Burno Li Chak Kwan (李澤堃),56,154,2017,2026,9
2021GASP01,Elisa Gasperotti,68,154,2021,2026,5
2011LINB01,Brandon Lin (林博浩),75,153,2011,2025,14
2012HART03,Jesse Hartnett,64,153,2012,2026,14
2013MICH02,Patrycja Michalska,81,153,2013,2025,12
2014VENK02,Rahul Venkatesan,73,153,2014,2026,12
2014SCHO02,Cale Schoon,58,153,2014,2026,12
2015VIND01,Jason Vindvamara,67,153,2015,2026,11
2014RENW01,William Gan Wei Ren (颜伟仁),65,153,2014,2025,11
2008SIMO01,Riccardo Simone,53,153,2008,2019,11
2015BAKK01,Brendan Bakker (貝庭笙),73,153,2015,2025,10
2017TRAN24,Delphine Tran,66,153,2017,2026,9
2017SZUL01,Mateusz Szulik,61,153,2017,2026,9
2017GONZ21,Miguel Gonzaga,59,153,2017,2026,9
2017SWOR01,Noah Swor,55,153,2017,2026,9
2018LASS02,Silas Kampp Richter Lassen,67,153,2018,2026,8
2018CREE01,Kerry Creech,54,153,2018,2026,8
2019BONE03,Antonio Bonessi,72,153,2019,2026,7
2018BOND03,Pavlo Bondar (Павло Бондар),54,153,2018,2025,7
2022GLAD01,Igor Gładysz,63,153,2022,2026,4
2008ZOFF01,Tommaso Zoffoli,55,152,2008,2025,17
2010SYAH03,Muhammad Syahmi,64,152,2010,2026,16
2011CHEC01,Maxim Chechnev,87,152,2011,2025,14
2013GONZ09,Heder Andrés Ávila González,87,152,2013,2026,13
2014KOHA01,Thomas Kohann,61,152,2014,2026,12
2016LIPS01,Adriano Matoba Lipski,56,152,2016,2025,9
2018CHAM01,Tucker Chamberlain,48,152,2018,2026,8
2019LENS01,Magnus Lensch,52,152,2019,2026,7
2019EGGI02,Charlie Eggins,45,152,2019,2026,7
2020BROW01,Jake Brown,48,152,2020,2026,6
2021PHIL05,Nathan Phillips,52,152,2021,2026,5
2006FRAN01,Piotr Frankowski,62,151,2006,2024,18
2009SUPC01,Anukun Supcharoenkun (อนุกูล ทรัพย์เจริญกุล),82,151,2009,2026,17
2011WANG52,Xiaowei Wang (王晓伟),54,151,2011,2025,14
2014ROWE03,Seth Rowell,65,151,2014,2026,12
2009CHRI03,Nora Christ,73,151,2009,2020,11
2015JOIN01,Kyra Joiner,62,151,2015,2026,11
2015WEIB03,Benjamin Wei,52,151,2015,2026,11
2015PESC01,Eric Pesci,59,151,2016,2026,10
2017BENN09,Mark Bennis,67,151,2017,2026,9
2017GUID01,Carolina Guidetti,60,151,2017,2026,9
2017LEEM03,Matthew Lee,54,151,2017,2026,9
2017YEHM01,Morgan Yeh,53,151,2017,2026,9
2016ROSS04,Alejandro Marze Rossel,52,151,2016,2025,9
2017CAIZ03,Zijian Cai (蔡子健),48,151,2017,2026,9
2018MURR03,Jasper Murray,51,151,2018,2026,8
2019KALL02,Herman Westerlund Kalland,50,151,2019,2026,7
2022PRIN09,Zoei Principe,91,151,2022,2026,4
2022CHIA12,Ismaele Chiarella,56,151,2022,2026,4
2022KORI01,Adam Kořínek,53,151,2022,2026,4
2023DOWL01,Lucas Patrick Dowling,57,151,2023,2026,3
2023BASL02,Kryštof Basl,55,151,2023,2026,3
2007GUIM01,Pedro Santos Guimarães,51,150,2007,2025,18
2010JAVI01,Andrea Javier,124,150,2010,2026,16
2015CHAL01,Helar Gomez Chalco,63,150,2015,2026,11
2016GRAS01,Peter Grassard,58,150,2016,2026,10
2018OVER04,Carl Overbye,57,150,2018,2026,8
2018RIMI01,Flavio Rimi,49,150,2018,2026,8
2010KRYU01,Dmitry Kryuzban,57,149,2010,2025,15
2010BRAD01,Drew Brads,49,149,2010,2025,15
2014ISSE01,Antoine Isselin,57,149,2014,2026,12
2015HUAN48,Cary Huang,78,149,2015,2026,11
2015HIGH01,Liam Highducheck,52,149,2015,2026,11
2015STEV03,Ethan Stevens,50,149,2015,2026,11
2016SHAW02,Sam Shaw,65,149,2016,2026,10
2016HENR02,Irenco Peña Henríquez,52,149,2016,2026,10
2022GOWM01,Gabriel Gowman,60,149,2022,2026,4
2022CRIB01,Zachary Cribb,53,149,2022,2026,4
2022LAZA11,Emil Lazaryev,59,149,2023,2026,3
2010CORM02,Louis Cormier,52,148,2010,2026,16
2011KUOE01,Er-Sheng Kuo (郭爾陞),59,148,2011,2023,12
2015ROME03,Alberto Romero,63,148,2015,2026,11
2015FENG12,Junqi Feng (冯骏骐),62,148,2015,2026,11
2016LEEM02,Matt Lee,62,148,2016,2026,10
2016LAOE01,Ethan Gabriel R. Lao,58,148,2016,2026,10
2016BAJW01,Divnoor Bajwa,54,148,2016,2025,9
2020ARCH01,Nicholas Archer,47,148,2020,2026,6
2022LIPP01,Lucas Lippman-Bruno,60,148,2022,2026,4
2022CORR05,Sergio Dorado,59,148,2022,2026,4
2008BERE01,Brúnó Bereczki,59,147,2008,2026,18
2012MARA03,Róbert Maróti,48,147,2012,2025,13
2014SHIE03,Cady Shields,83,147,2014,2026,12
2015WANG46,Shih-Hao Wang (王士豪),54,147,2015,2026,11
2009JORG02,Ronan Felipe Jorge,68,147,2009,2019,10
2016AREF01,Aleksander Arefiew,68,147,2016,2026,10
2017SOUL02,Cameron Soulagnet,52,147,2017,2026,9
2012DELI01,Ryan DeLine,83,147,2012,2019,7
2019BONN05,Chris Bonnello,73,147,2019,2026,7
2021CHOD01,Daniel Cho,78,147,2021,2026,5
2022THOM38,MJ Thomas,65,147,2022,2026,4
2022VERA02,Dante Navarro Vera,63,147,2022,2026,4
2023HAMI08,Jack Hamilton,63,147,2023,2026,3
2023CHEN15,Zerui Cheng,50,147,2023,2026,3
2004ZAMO01,Adam Zamora,84,146,2004,2024,20
2006BARL01,Thom Barlow,52,146,2006,2026,20
2009LAIY01,Yan-Hung Lai (賴彥宏),63,146,2009,2026,17
2013KACZ01,Oskar Kaczmarek,76,146,2013,2026,13
2013LIZO01,Zongyang Li (李宗阳),70,146,2013,2026,13
2013MEND03,Louis de Mendonça,53,146,2013,2026,13
2015SYFR01,Marco Syfrig,76,146,2015,2026,11
2015HOLD01,James Holdsworth,62,146,2015,2026,11
2016MART09,Eduardo Antonio Lara Martínez,57,146,2016,2026,10
2015VANE01,Ivan Vanek,56,146,2015,2025,10
2015NEWH01,Will Newhoff,54,146,2015,2025,10
2016TYRA02,Mikołaj Tyra,63,146,2016,2025,9
2017KIRK01,Eli Kirk,59,146,2017,2026,9
2017JOHN09,Tyler Johnson,56,146,2017,2026,9
2018SANT46,Denniel Santos,52,146,2018,2026,8
2018EYOU02,Elyas Eyou,51,146,2018,2026,8
2018WALD04,Zachary Walden,49,146,2018,2026,8
2018OCHO03,Benjamín Ochoa,45,146,2018,2026,8
2019HOIN01,Preston Hoing,83,146,2019,2026,7
2019AUBI01,Lucas Aubin,73,146,2019,2026,7
2021ANDE05,Jack Anderson,54,146,2021,2026,5
2022BRAG03,Szymon Brągiel,65,146,2022,2026,4
2022SKAL01,Emanuel Skålberg,64,146,2022,2026,4
2022CALD07,Noah Calderon-Kamata,47,146,2022,2026,4
2005KOSE01,Fumiki Koseki (古関章記),111,145,2005,2026,21
2012GAOK01,Kaiyang Gao (高凯阳),69,145,2012,2026,14
2013KOBA01,Tomohiro Kobayashi (小林知広),77,145,2013,2026,13
2013RIGG01,Leithian Riggenbach,63,145,2013,2026,13
2015HALG01,Tyler Halgren,54,145,2015,2026,11
2016OLZI01,Myagmardorj Ulziijargal (Өлзийжаргал Мягмардорж),60,145,2016,2026,10
2016QUAN03,Tam Quan,60,145,2016,2026,10
2016REAT01,Jhonatan Reategui,48,145,2016,2026,10
2015KEAR01,Steven Kearns,47,145,2015,2025,10
2017WANY29,Yifan Wang (王逸帆),84,145,2017,2026,9
2017CARA04,Kirby Jay Caragan,54,145,2017,2026,9
2014BAND04,Mahith Bandi,50,145,2014,2023,9
2016QUIN01,James Quinn,58,145,2016,2023,7
2010RICC02,Andrew Ricci,49,145,2010,2016,6
2021DOHE02,Kalin Doherty,51,145,2021,2026,5
2021DUNA01,Brendyn Dunagan,47,145,2021,2026,5
2023MODR01,Isaac Modrow,63,145,2023,2026,3
2008KLUN01,Vidar Norstein Klungre,67,144,2008,2025,17
2007WONG02,Tim Wong,53,144,2007,2020,13
2013FRON01,Martin Fronescu,49,144,2013,2025,12
2017KELL10,TJ Kelly,86,144,2017,2026,9
2016RODR37,Angel Jesus Panebra Rodriguez,49,144,2016,2024,8
2019SCHW06,Adam Schwenn,79,144,2021,2026,5
2021DACH01,Sree Dacharla,54,144,2021,2026,5
2021NEWB01,Harrison Jonathan Newbery-Chunn,54,144,2021,2026,5
2004NOOR01,Joël van Noort,55,143,2004,2026,22
2007GOHO01,Choi Goho (최고호),94,143,2007,2026,19
2012PASC01,Moses Elijah San Pascual,56,143,2012,2024,12
2014SANC19,Rafael Antonio Sanchez,52,143,2014,2026,12
2015XION03,Max Xiong (熊锐明),50,143,2015,2026,11
2008NIIN01,Hideki Niina (新名秀樹),86,143,2008,2017,9
2017DIKY01,Yinte Dik,77,143,2017,2026,9
2017PAON01,Roan Paone,55,143,2017,2026,9
2016BARO04,Ben Baron,50,143,2016,2025,9
2009DIMP01,Mariano D'Imperio,49,143,2009,2018,9
2018CHAN50,Heidi Chan,49,143,2018,2026,8
2018LAPE01,Gael Augusto Lapeyre,48,143,2018,2026,8
2019OLEA02,Emmett O'Leary-Liu,83,143,2019,2026,7
2020QURE01,Zane Qureshi,54,143,2020,2026,6
2022EKIN01,James Ekins,58,143,2022,2026,4
2022STRA01,Maximilian van der Straten,54,143,2022,2026,4
2022NUNE03,Matias Marcantoni-Nunez,49,143,2022,2026,4
2022MAYF01,Boyd Mayfield,65,143,2022,2025,3
2008RODR01,Alejandro Riveiro Rodríguez,53,142,2008,2024,16
2009KOBA02,Yuuki Kobayashi (古林祐輝),83,142,2009,2024,15
2014USER01,Rocío Fernández Usero,85,142,2014,2026,12
2013MUAT01,Matěj Mužátko,52,142,2013,2025,12
2012NGUY08,David Nguyen,49,142,2012,2023,11
2014LORE02,Julio Perugorria Lorente,68,142,2014,2024,10
2015KANS01,Magnus Patrick Kanstrup,57,142,2015,2025,10
2013WOJT02,Jakub Wojtaszewski,50,142,2013,2023,10
2015DEEJ02,Justin Andrew Dee,56,142,2015,2024,9
2015MAJE01,Marek Majerik,55,142,2015,2024,9
2018EKST01,Ethan Ekstrom,72,142,2018,2026,8
2018SCHM05,Sophia Schmoll,69,142,2018,2026,8
2018PELE01,Gijs Peletier,65,142,2018,2026,8
2014BUEH01,Manuel Bühler,61,142,2014,2022,8
2018VERA06,Xavier De Vera,52,142,2018,2026,8
2018QUIJ01,Michel Andre Gonzaga Quijano,51,142,2018,2026,8
2019CARE02,William Carey,58,142,2019,2026,7
2019BURK05,Rían Burke,50,142,2019,2026,7
2014BAAR01,Daan Baartmans,53,142,2014,2020,6
2021SZAL01,Tymon Szalinski,51,142,2021,2026,5
2023BRES01,Taj Bressert,70,142,2023,2026,3
2022JAME02,Greyson James,51,142,2022,2025,3
2008BROW01,Cameron Brown,62,141,2008,2024,16
2009KASU01,Sanio Kasumovic,82,141,2009,2022,13
2013NELS01,Tom Nelson,62,141,2013,2026,13
2011LUDW01,Timo Ludwig,48,141,2011,2023,12
2014TANG03,Kavin Tangtartharakul,47,141,2014,2026,12
2013PARK03,Chanoe Park,46,141,2013,2025,12
2015CLAU02,Carson Claud,70,141,2015,2026,11
2016GRAV02,Oscar Luigi M. Gravador,64,141,2016,2026,10
2016WHIT16,Jason White,61,141,2016,2026,10
2016WUZI04,Ziyu Wu (吴子钰),56,141,2016,2026,10
2015KUND04,Vojtěch Kundera,50,141,2015,2025,10
2017HSUE02,Eric Hsu (徐玉云),65,141,2017,2026,9
2018WEIS10,Serafim Weiß,56,141,2018,2026,8
2015MOGY01,Hunor Mogyorósi,47,141,2015,2023,8
2019LEFE02,Maxime Lefebvre,76,141,2019,2026,7
2019LINJ04,Jaidon Poraminthara Lin (เจเดิ้น ปรมินทร์ หลิน),69,141,2019,2026,7
2019MORR07,Ryan Morrison,58,141,2019,2026,7
2019NATS02,Namuun Natsagdorj,50,141,2019,2026,7
2021CAMB01,Arthur Cambon,67,141,2021,2026,5
2022TOMA05,Majk Tomas,63,141,2022,2026,4
2022BHAV01,Darshan Bhavanasi,57,141,2022,2026,4
2023BENN04,Jacob Bennett,49,141,2023,2026,3
2011ANNE01,Edoardo Annesi,51,140,2011,2025,14
2013CISN01,Enrymar Cisneros,64,140,2013,2026,13
2013VAKU01,Edward Vakula,51,140,2013,2026,13
2013PASS01,Piyush Passi,58,140,2013,2025,12
2014PATT02,Thomas Patterson,48,140,2014,2025,11
2016MESZ01,Luke Meszar,67,140,2016,2026,10
2016HSUE02,Yi-Jen Hsueh (薛以仁),52,140,2016,2026,10
2017MILL02,Carson Miller,59,140,2017,2026,9
2018WANG35,Guanbo Wang (王冠博),59,140,2018,2026,8
2019YANG94,Cian-Jyun Yang (楊謙君),49,140,2019,2025,6
2021PIER01,Thomas Pierroz,63,140,2021,2026,5
2022SHAR36,Panashe Sharma,54,140,2022,2026,4
2023RADO01,Levente Radovics,59,140,2023,2026,3
2023CHEJ07,Jeffrey Chen,49,140,2023,2026,3
2007ESPI01,Phillip Espinoza,51,139,2007,2026,19
2008HANK01,Kanneti Sae Han (คันธ์เนตี แซ่ห่าน),49,139,2008,2025,17
2011SIMO02,Fabian Simon,52,139,2011,2026,15
2013STAH02,Joey Stahl,62,139,2013,2026,13
2015THOM08,Kent Thomson,53,139,2015,2026,11
2015BANA01,Raúl Banacloche Biot,50,139,2015,2026,11
2015TAKA06,Taiga Takaoka (高岡汰虎),62,139,2015,2024,9
2016ARRE02,César Abraham Briones Arreola,50,139,2016,2025,9
2014LOKW01,Wong Kin Lok (黃健樂),47,139,2014,2023,9
2019GEAA01,Albert Garriga Gea,77,139,2019,2026,7
2019NOBL01,Tom Noble,63,139,2019,2026,7
2019SICH01,Oliver Michael Sitja Sichel,52,139,2019,2026,7
2021SOKO03,Roman Sokolovskyi,62,139,2021,2026,5
2022CHIA11,Giosuele Chiarella,56,139,2022,2026,4
2022ARAM01,Ron G. Arama,48,139,2022,2026,4
2023VIDI02,Oskar Vidiček,47,139,2023,2026,3
2004LOLE01,Leyan Lo,52,138,2004,2025,21
2009WHIT01,Ben Whitmore,49,138,2009,2025,16
2010SUGA01,Sei Sugama (洲鎌星),52,138,2010,2025,15
2011CHOI04,Jusun Choi (최주선),49,138,2011,2026,15
2014MAIL01,Jesse Mailloux,75,138,2014,2026,12
2014PLOU01,Laura Plourde,74,138,2014,2026,12
2014BROD03,Tyler Brodzinski,63,138,2014,2026,12
2014JANE02,Ethan Jan,55,138,2014,2026,12
2014MELL03,Gabriel Sargeiro Gomes de Mello,53,138,2014,2026,12
2015CHAN37,Max Chan,64,138,2015,2026,11
2015HUAN32,Yuxuan Huang (黄宇轩),57,138,2015,2026,11
2017SAFO01,Atalis Safont,81,138,2017,2026,9
2017LUND06,Joel Lundström,63,138,2017,2026,9
2018CAML01,Mustafa Çamlıca,75,138,2018,2026,8
2018SAND22,Einar Martin Sandvik,64,138,2018,2026,8
2017KLAU01,William Klauer,62,138,2017,2025,8
2018HOPK03,Cass Hopkins,55,138,2018,2026,8
2018LOPE22,Leandro Martín López,50,138,2018,2026,8
2007NAKA03,Yu Nakajima (中島悠),51,138,2007,2014,7
2012WOLN01,Jakub Wolniewicz,49,138,2012,2018,6
2021LEMP01,Luukas Lempinen,50,138,2021,2026,5
2021FINK02,Ronan Finke,49,138,2021,2026,5
2022LEAV01,Orion Leavitt-Lytle,56,138,2022,2026,4
2022SUSS01,Dean Jacob Adamo Susskind,53,138,2022,2026,4
2022SUIJ01,Justin Sui,64,138,2022,2025,3
2023DARL03,Hubert Darłak,61,138,2023,2026,3
2015CAMP03,Damián Jail Campos,51,137,2015,2026,11
2016CLIP01,Andrew Clippinger,70,137,2016,2026,10
2016GARC47,Miguel Ángel González-Herrero García,49,137,2016,2026,10
2017COOL02,Addy Coolidge,62,137,2017,2026,9
2017GOLD02,James Golding,56,137,2017,2026,9
2017DAVI03,Katie Moughan,51,137,2017,2026,9
2017LEMB02,Mikus Lembergs,49,137,2017,2026,9
2013ZHON04,Tairan Zhong (钟泰然),49,137,2013,2020,7
2011CUBA01,Eduardo Gutiérrez Cuba,45,137,2011,2018,7
2022DHIL02,Sabir Dhillon,66,137,2022,2026,4
2022DONA04,Ishan Donavalli,58,137,2022,2026,4
2022PAUW01,Joran Pauwels,53,137,2022,2026,4
2022SCHE13,Emanuel Schelin,47,137,2022,2026,4
2022BULA01,Jeremy Bulambot,46,137,2022,2026,4
2022RUBI10,Zack Rubio,56,137,2023,2026,3
2008SIMO02,Nicolò Simone,70,136,2008,2026,18
2008VOSD01,David Vos,53,136,2008,2023,15
2016LIJI05,Jiazhou Li (李佳洲),45,136,2016,2026,10
2017SARE03,Arhaan Sareen,51,136,2017,2026,9
2016UKAJ01,Lir Ukaj,49,136,2016,2025,9
2019LAND01,Agustín Mera Landa,48,136,2019,2026,7
2023MIKI01,Gregor Mikic,62,136,2023,2026,3
2024RICC01,Riccardo Fiumefreddo,49,136,2024,2026,2
2007SHIR01,Takuma Shirahase (白波瀬拓磨),90,135,2007,2026,19
2010KOTC01,Mike Kotch,54,135,2010,2025,15
2012PLAC01,Gianluca Placenti,75,135,2012,2026,14
2013HUAN29,Gianfranco Huanqui,78,135,2013,2025,12
2014BOYA01,Mark Boyanowski,67,135,2014,2025,11
2015ORRI01,Jorge Orrite De Alba,66,135,2015,2026,11
2014GRAD02,Wesley Grady,63,135,2014,2025,11
2015RIBI01,Vilius Ribinskas,50,135,2015,2026,11
2015SALM03,Tom Salmon,47,135,2015,2026,11
2015PART04,Harvie Partridge,45,135,2015,2026,11
2016KIMD05,DaYeong Kim (김다영),84,135,2016,2026,10
2016PERE44,Iván Brigidano Pérez,71,135,2016,2026,10
2016CARD06,Felipe Cardim,59,135,2016,2026,10
2016HAMB01,Rick Hamburger,51,135,2016,2026,10
2015MLOS01,Michał Mlostek,61,135,2015,2024,9
2017PORT04,Daniel Porter,54,135,2017,2026,9
2017SANC24,Juan de Dios Noriega Sánchez,50,135,2017,2026,9
2015VERE01,Kristóf Veres,47,135,2015,2024,9
2018ANGE01,Karl Matthew Angeles,51,135,2018,2026,8
2019KONI03,Flurin König,58,135,2019,2026,7
2019BORO03,Šimon Borovský,49,135,2019,2026,7
2021RICH02,Reed W. Richardson,67,135,2021,2026,5
2021LABE01,Igor Łabędź,61,135,2021,2026,5
2022STEP04,Matt Stephenson,48,135,2022,2026,4
2022SILV08,Luan Philippe Da Silva,42,135,2022,2026,4
2024COLO04,Matteo Rodríguez Colorado,61,135,2024,2026,2
2006PIRZ01,Markus Pirzer,109,134,2006,2026,20
2009KITM01,Mok Man Kit (莫文傑),69,134,2009,2025,16
2009FACI01,Radu Făciu,67,134,2009,2025,16
2009ADAM01,David Adams,62,134,2009,2025,16
2013MORO01,Szymon Moroń,63,134,2013,2026,13
2014STEL02,Noah Stelting,53,134,2014,2026,12
2014XUZI01,Zibo Xu (徐子博),44,134,2014,2026,12
2015WOJC02,Michał Wojcieszek,52,134,2015,2025,10
2015YASI02,Ryan Yasinko,50,134,2015,2025,10
2017EXNE01,Ida Exner,65,134,2017,2026,9
2014MINB01,Leo Min-Bedford,56,134,2014,2023,9
2016POLA01,Kyle Polage,55,134,2016,2025,9
2013GALA04,Pavel Galaktionov,43,134,2013,2021,8
2019MEAD03,Kyle Meade,57,134,2019,2026,7
2012SORI01,Nathan Soria,51,134,2012,2019,7
2018JUNT01,Tan Jun (陈俊),48,134,2019,2026,7
2019RIGO01,Mattia Rigo,47,134,2019,2026,7
2020KARA01,David Karalli (داود قراعلي),69,134,2020,2026,6
2014CAGN01,Kévin Cagnon,48,134,2014,2019,5
2021WALS03,Iollan Walsh,45,134,2021,2026,5
2023XIUY01,Yang Pin Xiu (楊品修),46,134,2023,2026,3
2010ARBO01,Morten Arborg,44,133,2010,2026,16
2009SIEW01,Darren Siew Ee Yaang (蕭奕暘),55,133,2009,2023,14
2012YAMA01,Kengo Yamawaki (山脇憲吾),94,133,2012,2025,13
2010HANH01,Tzu-Han Hung (洪梓菡),77,133,2010,2022,12
2011WANG33,Yi Wang (王旖),69,133,2011,2023,12
2015FIRE01,Hubert Firek,64,133,2015,2026,11
2014DHAN01,Chetan Roger Dhanjal,51,133,2014,2025,11
2016DURA09,Paweł Duraj,68,133,2016,2026,10
2014YELI01,Maksym Yeli (Максим Єлі),43,133,2014,2024,10
2017YANG62,Marco Yang,67,133,2017,2026,9
2015ALAN02,Minea Alanen,61,133,2015,2024,9
2018LITI01,Toby Litiatco,48,133,2018,2025,7
2022PERR01,Valentin Perrez,55,133,2022,2026,4
2022LARN01,Felix Lärnestad,54,133,2022,2026,4
2022MIRA06,Gabriel Alonso Ibáñez Miranda,51,133,2022,2026,4
2023DORI01,Dorian Chan,49,133,2023,2026,3
2010LIMD01,David Lim,54,132,2010,2026,16
2011SALG01,Daniel Cano Salgado,45,132,2011,2026,15
2013YESH01,Shanglin Ye,64,132,2013,2026,13
2014GULA02,Abdullah Gulab,81,132,2014,2026,12
2014CLAR03,Caleb Clark,50,132,2014,2026,12
2013CHAN09,Yu-Hsuan Chang (張祐瑄),85,132,2015,2026,11
2014GRAD03,Adam Gradess,60,132,2014,2025,11
2012DANE01,Nicholas Daneshvari,59,132,2012,2023,11
2016RIDL01,Ben Ridley,55,132,2016,2026,10
2016SUZU03,Andrés Hisashi Suzuki Cabrera,51,132,2016,2026,10
2008LIMS01,Simon Lim (林少秋),49,132,2008,2018,10
2010JIMO01,Mo Ji (季默),67,132,2010,2019,9
2018HORD01,Vladyslav Hordiienko,55,132,2018,2026,8
2019SCHE10,Matthias Schegers,51,132,2019,2026,7
2021VENZ01,Silvan Venzin,54,132,2021,2026,5
2022GARC12,Nuria Soria García,54,132,2022,2026,4
2022NAYS02,Jimi Naysmith,52,132,2022,2026,4
2012MICK01,Willi Mickein,56,131,2012,2026,14
2016BALA15,Jared Balassaitis,52,131,2016,2026,10
2017CAST08,Clancy Caster,53,131,2017,2026,9
2013RAVI06,Pavan Ravindra,45,131,2013,2019,6
2021JOSH01,Jacob Joshi,45,131,2021,2026,5
2021CALZ01,Alessandro Calzoni,43,131,2021,2026,5
2022VIDE02,Dante Videfrost,50,131,2022,2026,4
2023PAKL02,Leland Pak,61,131,2023,2026,3
2023PAST01,Alexander Pastirčák,55,131,2023,2026,3
2023CREA02,Christian Crea,46,131,2023,2026,3
2007LUCH02,Luchen Zhang (张录辰),67,130,2007,2026,19
2008WEST02,Simon Westlund,45,130,2008,2026,18
2006DZOA03,Dan Dzoan,53,130,2006,2023,17
2012ACHA01,Carlos Pedro Casado de Achával,64,130,2012,2026,14
2012SOLH02,Jonatan Solheim,45,130,2012,2025,13
2014PEAR02,Maverick Pearson,47,130,2014,2026,12
2009BEAR01,Dene Beardsley,60,130,2009,2019,10
2017FURE01,Dominik Fürer,53,130,2017,2026,9
2018SMIT40,Nathan Smith,77,130,2018,2026,8
2017PRES02,Peter Preston,69,130,2017,2025,8
2018MILL08,Cameron Miller (梅克龍),49,130,2018,2026,8
2022KYKE01,Kévin Ky,59,130,2022,2026,4
2023BOLL01,Rahul Bollini,60,130,2023,2026,3
2023SHIV05,Sid Shivnath,59,130,2023,2026,3
2023ANDR25,Milan Vincent Andric,54,130,2023,2026,3
2006ADAM01,Arthur Adams,73,129,2006,2024,18
2009TORO03,Ágoston Török,70,129,2009,2026,17
2011REED01,Austin Reed,50,129,2011,2026,15
2011SOAR01,Israel Machado Soares,43,129,2011,2025,14
2014LENI02,Konrad Leśniak,68,129,2014,2026,12
2014HIRA05,Masayuki Hirai (平井雅之),66,129,2014,2026,12
2011COLL02,Shonathon Collins,48,129,2011,2023,12
2014TAYL06,Harry Taylor,51,129,2014,2025,11
2016PASK01,Aaron Paskow,64,129,2016,2026,10
2015BRAG01,Angela Braganza,51,129,2015,2025,10
2016LUMS01,Dominic Lumsden,50,129,2016,2025,9
2018ALAM08,Leon Marcell Alamanda,47,129,2018,2026,8
2019VALL10,Tea Raimondi Vallesi,45,129,2019,2026,7
2022COVE02,Liv Coverdale,74,129,2022,2026,4
2005SUSE01,Yuji Suse (巣瀬雄史),73,128,2005,2026,21
2010LIYU02,Yu-Ying Li (李昱穎),61,128,2010,2026,16
2010JINY02,Yan Jin (金岩),44,128,2010,2025,15
2013TITO02,Georgiy Titov (Георгій Тітов),58,128,2013,2026,13
2012SOHO01,Rituraj Sohoni,53,128,2012,2025,13
2007HUBE01,Stefan Huber,44,128,2007,2020,13
2015ZHUA01,Glen Goh Wee Zhuan (吴洧全),124,128,2015,2026,11
2014BHAT09,Alaik Bhatia,45,128,2014,2025,11
2017KLOS01,Willem Klose,61,128,2017,2026,9
2017BEEM02,Christian Beemelmann,47,128,2017,2026,9
2016JRAC01,Ace Djun T. Aguirre Jr.,45,128,2016,2025,9
2018JERN01,Jakob Jernsletten,56,128,2018,2026,8
2018MATY02,Adrien Auvray Matyn,42,128,2018,2026,8
2019FUJI09,Tiago Akihiro Fujita,50,128,2019,2026,7
2022TUCK09,Clem Tucker,68,128,2022,2026,4
2022ROSE07,Tyler Rose,61,128,2022,2026,4
2022POYE01,Pablito Poye,51,128,2022,2026,4
2022MACC01,Evan Maccagnan,44,128,2022,2026,4
2023ZHEC01,Yanniko Zhechev,52,128,2023,2026,3
2022FEDE01,Alwin Federsel,42,128,2022,2025,3
2006PAWL01,Kamil Pawlak,68,127,2006,2026,20
2006GUNJ01,Mitsuki Gunji (郡司光貴),52,127,2006,2024,18
2009DAVI01,Hana Nakano,55,127,2009,2026,17
2012ZAKR01,Amelia Zakrzewska,82,127,2012,2026,14
2013ZENG02,Fangrui Zeng (曾方锐),48,127,2013,2026,13
2013JEZI01,Szymon Jeziorski,56,127,2013,2025,12
2014OROV01,Liam Orovec,56,127,2014,2026,12
2011MOLI01,Alberto Masó Molina,51,127,2011,2023,12
2012ORTI04,Jose Abanto Ortiz,51,127,2012,2023,11
2015SUCL01,Pedro Luis Mamani Suclla,48,127,2015,2026,11
2013TANG02,Renxin Tang (汤任欣),57,127,2013,2023,10
2015KIND01,Ryan Kindt,51,127,2016,2026,10
2008QUDO01,Dongdong Qu (曲冬冬),49,127,2008,2018,10
2016CETR01,Joel Cetra,46,127,2016,2026,10
2017OTOO03,Seán O'Toole,63,127,2017,2026,9
2017MACH03,Chenhao Ma (马晨皓),55,127,2017,2026,9
2017VALE01,Alex Anderson Bedon Valentin,54,127,2017,2026,9
2017STAR04,Silas Starling,50,127,2017,2026,9
2017CRET01,Jules Créteur,45,127,2017,2026,9
2016DHIM01,Tanish Dhiman,43,127,2016,2025,9
2017HUMM01,Mitchell Hum,58,127,2017,2025,8
2018LAND03,Michael S. Lander,53,127,2018,2026,8
2018ARNE04,Davide Arnesano,49,127,2018,2026,8
2018LIVE01,Graham Lively,47,127,2018,2026,8
2018STOI03,Mihail Stoicescu,46,127,2018,2026,8
2018LIUN01,Nancy Liu,44,127,2018,2026,8
2019HUAN05,Tin Huang,52,127,2019,2026,7
2021OTSU01,Jamie Otsu,42,127,2021,2026,5
2022STAD01,Tommy Stady,87,127,2022,2026,4
2022SILV37,David Andron-Silva,52,127,2022,2026,4
2022AROR09,Anishk Arora,48,127,2022,2026,4
2023LOPE06,Ian Yazid Zavala,53,127,2023,2026,3
2023PERR04,Thibaud Perrin,51,127,2023,2026,3
2023MALO01,Quinn Maloney,50,127,2023,2026,3
2023JONG01,Ansel de Jong,49,127,2023,2026,3
2023ROBI10,Daniel Robinson,43,127,2023,2026,3
2008KARL02,Moritz Karl,45,126,2008,2025,17
2011LIUC02,Chenge Liu (刘晨舸),55,126,2011,2026,15
2012CHOW03,Theodore Chow,50,126,2012,2026,14
2009XIAT02,Jonathan Tan Wei Xiat,44,126,2009,2023,14
2015KLEV01,John Aslak Wee Kleven,45,126,2015,2026,11
2016ANSE02,Ilona Ansel,49,126,2016,2026,10
2017HANS17,Lucas Hansen,78,126,2017,2026,9
2017SPON01,Mia Sponseller,54,126,2017,2026,9
2016COOK02,Matthew Cook,47,126,2016,2025,9
2016VEDM01,Glib Vedmid,42,126,2016,2025,9
2018MACH04,Cezary Mach,61,126,2018,2026,8
2018ARGA01,Ibai Tobar Argaiz,49,126,2018,2026,8
2019GUNT04,Timo Günthardt,49,126,2019,2026,7
2022HUGH04,Ryan Hughes,60,126,2022,2026,4
2022SOLI03,Junior Solis,57,126,2022,2026,4
2022MATH11,Bjørnar Lund Mathisen,45,126,2022,2026,4
2023OLWI01,Oisín Olwill,46,126,2023,2026,3
2011KANG05,Chen Kang (亢晨),77,125,2011,2026,15
2011MIRZ01,Ishmam Mirza,52,125,2011,2026,15
2011COFR01,Daniel Cofreces Jaureguizar,45,125,2011,2026,15
2013MINT01,Deni Mintsaev,58,125,2013,2026,13
2013SAYP01,Pablo Say,47,125,2013,2026,13
2014FANG01,Samuel Fang,53,125,2014,2025,11
2016NYCZ01,Marcel Nycz,67,125,2016,2026,10
2010POLY01,Alexey Polyashov,49,125,2010,2019,9
2015IACO01,Davi de Andrade Iácono,46,125,2015,2024,9
2018WILS11,Currin Wilson,69,125,2018,2026,8
2016MESC01,Brody Meschke,53,125,2017,2025,8
2018MULL07,Hannes Müller,50,125,2018,2026,8
2018LICH05,Henry Lichner,44,125,2018,2026,8
2010LEHM02,Adrian Lehmann,46,125,2010,2017,7
2022SAMS03,Ignacy Samselski,47,125,2022,2026,4
2022CHEA05,James Chea,46,125,2022,2026,4
2022CRIP01,Rufus Cripps,42,125,2022,2026,4
2023JAGT01,Dhruva Nikhil Jagtap,51,125,2023,2026,3
2011ULIN01,Joel Ulin,48,124,2011,2025,14
2012LIUY03,Yiwei Liu (刘伊玮),58,124,2012,2024,12
2014LING04,Ganghui Lin (林刚辉),44,124,2014,2026,12
2015PEHR01,Ryan Peh (白凯明),48,124,2015,2026,11
2015MINK04,Kevin Min,45,124,2015,2026,11
2013BRIT01,Gustavo Penaforte Brito,44,124,2013,2024,11
2016DONO02,Orion Donovan,69,124,2016,2026,10
2016DICK03,Eng Dickson (黄迪胜),68,124,2016,2026,10
2016COEL04,Suzane Coelho,54,124,2016,2026,10
2014DETU01,Eddy Deturche,47,124,2014,2024,10
2016PERS01,Ordway Persyn,46,124,2016,2026,10
2017OGUR02,Yoji Ogura (小倉洋二),59,124,2017,2026,9
2018TANJ05,Jacob Miko Tan (陈在元),56,124,2018,2026,8
2018MORO01,Ronny Morocho,54,124,2018,2026,8
2011ANIS01,Dmitry Aniskin,41,124,2011,2019,8
2011WANN01,Daniel Wannamaker,41,124,2011,2019,8
2013HUAN07,Andy Huang,48,124,2013,2020,7
2019RIED01,Jan Riedl,48,124,2019,2026,7
2018MERL03,Ulysse Merlin,43,124,2018,2025,7
2021BUTE03,Alex Butera,52,124,2021,2026,5
2021KIMJ03,Joel Kim,51,124,2021,2026,5
2021NOVI01,Alessia Novizio,51,124,2021,2026,5
2019GIOR02,Marco Giordano,42,124,2021,2026,5
2022WANG39,John Wanger II,47,124,2022,2026,4
2022HUBE02,Emil Henry Huber,45,124,2022,2026,4
2022RUDA02,Roman Rudakov,40,124,2022,2026,4
2023STAN09,Radu Mihai Stan,46,124,2023,2026,3
2023PRAB09,Rufus Prabhu-Desai,43,124,2023,2026,3
2009CHAR03,Nipat Charoenpholphant (นิพัฒน์ เจริญพลพันธุ์),42,123,2009,2026,17
2009LIDO01,Donglei Li (李冬雷),76,123,2009,2025,16
2012HUGH01,Dylan Hughlett,45,123,2012,2026,14
2012CHEN54,Xingyu Chen (陈星宇),44,123,2012,2026,14
2014BART06,Jakub Bartos,61,123,2014,2026,12
2014BILG01,Jason Bilgrei,58,123,2014,2026,12
2014PHIL02,Joshua Broderick Phillips,44,123,2014,2026,12
2015HERN17,Artur Miralles Hernàndez,52,123,2015,2026,11
2007FUBO01,Fubo Wang (王富博),43,123,2007,2018,11
2015PAVE01,Daniel Pavelich,65,123,2015,2025,10
2016GASP01,Pietro Gasparetto,45,123,2016,2026,10
2016LENT01,Miles Lentz,47,123,2016,2025,9
2018FOST03,Ashley Foster,53,123,2018,2026,8
2018BURG15,Julian Bürgi,48,123,2018,2026,8
2018AZEV03,Pedro Azevedo,45,123,2018,2026,8
2018DALO01,Charles Daloz-Baltenberger,44,123,2018,2026,8
2019STEL01,Serban Stelian,42,123,2019,2026,7
2011ZALE02,Marcin Zalewski,41,123,2011,2018,7
2012ZABR01,Ivan Zabrodin,49,123,2012,2018,6
2020TAOR01,Richard Yiheng Tao,40,123,2020,2026,6
2022GOWM02,Mark Gowman,57,123,2022,2026,4
2023DUYU01,Yufang Du (杜昱方),36,123,2023,2026,3
2007YOUN04,Ko Youngjin (고영진),77,122,2007,2026,19
2009PAUL01,Tristan Paulussen,57,122,2009,2026,17
2011IIDA01,Tomoya Iida (飯田朋也),49,122,2011,2025,14
2014ARGA02,Jefferson Durango,50,122,2014,2025,11
2014LANG02,Isaac Langer,45,122,2014,2025,11
2015OSPI01,Luis Angel Contreras Ospina,44,122,2015,2026,11
2016NIJU01,Chun-Pao Ni (倪君寶),59,122,2016,2026,10
2016PATT02,Nicholas Patterson,53,122,2016,2026,10
2013KEJR01,Aryan Kejriwal,46,122,2013,2023,10
2015LUND03,Einar Kvam Lundberg,44,122,2015,2025,10
2016RADO01,Aleksa Radovanović,43,122,2016,2026,10
2016DABR03,Stanisław Dąbrowski,55,122,2016,2025,9
2017TKAC04,Oliwier Tkaczyk,48,122,2017,2026,9
2017ELEF02,Michael Eleftheriades,46,122,2017,2026,9
2018CAST17,Isaac Vergara Castillo,51,122,2018,2026,8
2018KODA01,Muhammad Faeyza Koda,46,122,2018,2026,8
2019LEEJ10,Justin Lee,70,122,2019,2026,7
2019CRIP01,Jordan Crippa,65,122,2019,2026,7
2019PERR11,Enzo Perriat,45,122,2019,2025,6
2022KLOF01,Klas Klöfver,78,122,2022,2026,4
2022KUMA05,Adhiyan Kumaresan,52,122,2022,2026,4
2022NEVE01,Kaique de Oliveira Neves,43,122,2022,2026,4
2023ROTH06,Ryan Roth,46,122,2023,2026,3
2012JIET01,Carmen Teo Bin Jie (张斌婕),76,121,2012,2026,14
2010GAFF01,Garret von Gaffron,46,121,2010,2024,14
2009PARE02,Luis J. Iáñez,64,121,2009,2022,13
2009SAEZ01,Francisco Javier Lemes Sáez,47,121,2009,2022,13
2013VIDA03,Dominik Vidaković,45,121,2013,2026,13
2014WUBA01,Baocheng Wu (吴宝城),67,121,2014,2026,12
2014LOPE04,Antonio López,40,121,2014,2026,12
2016DORS01,Jan van Dorst,59,121,2016,2026,10
2016MAIT02,Joey Mait,55,121,2016,2026,10
2011ZVYA01,Dmitry Zvyagintsev,43,121,2011,2021,10
2017GAET01,José Antonio Gaete Rozas-Peña,62,121,2017,2026,9
2017DELG02,Kevin Antony Tello Delgado,50,121,2017,2026,9
2017WRIG03,Evan Wright,50,121,2017,2026,9
2016WUNA01,Nathan Wu,47,121,2016,2025,9
2018MING07,MinGwan Yeo (여민관),67,121,2018,2026,8
2016MEUN02,Pierre Meunier,43,121,2016,2024,8
2019FONS06,Michael Fonseca,49,121,2019,2026,7
2019BURD02,Gabriel Garber Burd,48,121,2019,2026,7
2018CHEN17,Vincent Chen,47,121,2018,2025,7
2019EYOU01,Levi Eyou,45,121,2019,2026,7
2014ANTA01,Robert Antal,46,121,2014,2020,6
2020MOCO01,Conan Mo,52,121,2020,2025,5
2022JOHA08,Leo Johansson,73,121,2022,2026,4
2022RIPP01,Luke Ripperger,60,121,2022,2026,4
2022CERR01,Luca Cerrato,41,121,2022,2026,4
2022CAPI02,Kyle Capiral,94,121,2022,2025,3
2023CLAC02,Truman Clack,55,121,2023,2026,3
2009GUIL01,Kevin Guillaumond,61,120,2009,2025,16
2007DUSS01,Lila Guéret,56,120,2007,2023,16
2009HAMO01,James Hamory,45,120,2009,2025,16
2013ZABR01,Ilya Zabrodsky,46,120,2013,2026,13
2014QUIN03,Jhon Edison Arcila Quintero,42,120,2014,2026,12
2008RIJK01,Hanneke Rijks,109,120,2008,2019,11
2013LEET01,Tsung-Che Lee (李宗哲),44,120,2013,2024,11
2016MOTT01,Thibau Vander Motte,47,120,2016,2026,10
2015BALD03,Xavier Antonio Balderrama,39,120,2015,2025,10
2014PARR02,Berta García Parra,63,120,2014,2023,9
2017HERM01,Daniel Anker Hermansen,58,120,2017,2026,9
2017MATT06,Sandro Mattenberger,52,120,2017,2026,9
2017OWEN01,Harry Owen,49,120,2017,2026,9
2017DAVI01,Isaac Davies,44,120,2017,2026,9
2017MAND13,Francisco Moraes Mandalozzo,42,120,2017,2026,9
2017MALO02,Elias Malomgré,65,120,2017,2025,8
2018MACA02,Nicole Jnus Macalalad,53,120,2018,2026,8
2007SUNT01,Timothy Sun,42,120,2007,2015,8
2019GEET02,Tyler Gee,37,120,2019,2026,7
2020GROD01,Szymon Grodzki,56,120,2020,2026,6
2021BEDN01,Kinga Bednarska,53,120,2021,2026,5
2021YEZI01,Ziyu Ye (叶梓渝),39,120,2021,2026,5
2023ZAST01,Szymon Zastawny,44,120,2023,2026,3
2023GONZ18,Aragon Martin Gonzales,43,120,2023,2026,3
2022TALA03,Valentina Trinca Talalin,39,120,2022,2025,3
2010LAND01,Angel Arrioja Landa,51,119,2010,2026,16
2012MAUR01,Jonathan Mauroy,41,119,2012,2026,14
2013SUCH02,Chengming Su (苏成明),56,119,2013,2025,12
2011BEAT01,Raúl Low Beattie,49,119,2011,2023,12
2013MIRA02,Matheus Barbosa de Miranda,41,119,2013,2025,12
2010YOUY01,Yongting You (尤永庭),40,119,2010,2022,12
2015TAKA05,Yusuke Takada (高田祐介),66,119,2015,2026,11
2014YANG35,Eric Yang,46,119,2014,2025,11
2017BOHN01,Jack Bohning,45,119,2017,2026,9
2018GUER09,Héctor Haro Guerrero,54,119,2018,2026,8
2018JEHA01,Samuel Jehanno,54,119,2018,2026,8
2018ZEMT01,Maksim Zemtšihhin,47,119,2018,2026,8
2013SUKA01,Kai Su (苏锴),38,119,2013,2021,8
2019TORR16,Gavin Torreflores,42,119,2019,2026,7
2021SEUF01,Toby Seufert,36,119,2021,2026,5
2022BUTL02,Kellan Butler,46,119,2022,2026,4
2022CORB03,Leonardo Corbelli,40,119,2022,2026,4
2022HAIN04,Cillian Hainbach,39,119,2022,2026,4
2010XIAO01,Yen-Pin Xiao (蕭彥平),55,118,2010,2026,16
2009AZIZ02,Muhammad Hariz Bin Azizan,41,118,2009,2025,16
2014JIAN10,Leia Jiang,49,118,2014,2026,12
2014BLAI02,Mayron Blain,44,118,2014,2026,12
2013ANIR01,Hari Anirudh,59,118,2013,2024,11
2015PERU02,Vittorio Maria Perucatti,43,118,2015,2026,11
2016HOFF06,Brad Hoffman,65,118,2016,2026,10
2016CHEU04,Andy Mok Man Cheuk (莫文卓),42,118,2016,2026,10
2014OHLE01,Simone Ohler,64,118,2014,2023,9
2017FARA06,Muhtasim Al-Farabi,55,118,2017,2026,9
2016DEMU01,Chloé Demuynck,53,118,2016,2025,9
2017MADR01,Maximiliano Perez Madrid,48,118,2017,2026,9
2018SUAR04,Antonio Adorno Suarez,50,118,2018,2026,8
2018DESH04,Spursh Deshpande (स्पर्श देशपांडे),49,118,2018,2026,8
2021WARC01,Dominika Warchoł,64,118,2021,2026,5
2021DENK01,Michał Denkiewicz,58,118,2021,2026,5
2019LAWS01,Quinn Lawson,49,118,2019,2024,5
2021DRUD01,Wiebke Drude,49,118,2021,2026,5
2021SCHE03,Bosse Schelander,46,118,2021,2026,5
2022KUMA30,Thamaneeswar Sathesh Kumar,43,118,2022,2026,4
2023LJUB01,Michael Liubarets,39,118,2023,2026,3
2008TURN02,Steven Turner,65,117,2008,2025,17
2008LEEF01,Felix Lee,55,117,2008,2024,16
2009METH01,Brady Metherall,60,117,2009,2024,15
2010KOHL02,Erwan Kohler,45,117,2010,2025,15
2014TANA01,Takayuki Tanaka (田中隆喜),68,117,2014,2026,12
2014OKAD01,Noriyuki Okada (岡田典之),58,117,2014,2026,12
2014MUKH04,Arghadeep Mukherjee,54,117,2014,2026,12
2014IBAR01,Sergio Andres Guillen Ibarra,37,117,2014,2026,12
2016WIJS01,Victor Wijsman,48,117,2016,2026,10
2016COSS01,Dylan Cossin,44,117,2016,2026,10
2015FAVA01,Alessandro Fava,42,117,2015,2025,10
2017PIET01,Kristiāns Pietkuns,46,117,2017,2026,9
2017TOST01,Alexander Tosting,39,117,2017,2026,9
2018ZYNE01,Arkadiusz Żynel,55,117,2018,2026,8
2012CORO01,Giovanny Coronado,47,117,2012,2020,8
2017VNKA01,Rūdolfs Vīnkalns,46,117,2017,2025,8
2016MANZ01,Jack Manzo,44,117,2016,2024,8
2019ZENG10,Wei-Ming Zeng (曾唯銘),42,117,2019,2026,7
2020GLAJ01,Nathan Glajch,50,117,2020,2026,6
2020KOPE01,Michał Kopeć,49,117,2020,2026,6
2011MIEN01,Kamil Mieńko,47,117,2011,2017,6
2020BERM02,Adam Bermingham,44,117,2020,2026,6
2021LUIZ01,Jhersson Cabezas Luizaga,45,117,2021,2026,5
2021KOZA01,Maciej Kozar,42,117,2021,2026,5
2022SLIW01,Filip Śliwa,48,117,2022,2026,4
2022BROW01,Jacob Sherwen Brown,41,117,2022,2026,4
2023AVEN01,Jeshua Emmanuel Avendaño,64,117,2023,2026,3
2023ZALA03,Gergő Zalán Molnár,44,117,2023,2026,3
2005PERN01,Casey Tharpe,54,116,2005,2026,21
2012KUMA02,Akula Sai Kumar,65,116,2012,2026,14
2009CHAN04,Fangyuan Chang (常方圆),111,116,2014,2026,12
2014SRIV05,Somya Srivastava,108,116,2014,2026,12
2014MAGA02,Benjamin Sanchez Magaña,50,116,2014,2026,12
2013RASK01,Samantha Raskind,44,116,2013,2025,12
2014MATH02,Carsten Matheus,45,116,2014,2025,11
2016NANK01,Chris Nankervis,69,116,2016,2026,10
2014CAIL01,Lincheng Cai (蔡林成),62,116,2014,2024,10
2016PRES04,Matt Prestwich,51,116,2016,2026,10
2017HADE01,Rustin Haderlie,49,116,2017,2026,9
2017BEVA01,Thomas Bevan,39,116,2017,2026,9
2018PERE37,Francia Perez,116,116,2018,2026,8
2018SHAK02,Sujai Shakthivel,51,116,2018,2026,8
2018HABE02,Jens Haber,44,116,2018,2026,8
2018CEPI01,Tomasz Cepil,46,116,2018,2025,7
2020FRAS02,Daniel Fraser,45,116,2020,2026,6
2020PALL01,Oliver Pällo,45,116,2020,2026,6
2021PIOR01,Wojciech Piórczyński,42,116,2021,2026,5
2022MONT31,Javier Lizama Montoya,63,116,2022,2026,4
2022MANG07,Jacob Vincent Vicente Mangosing,47,116,2022,2026,4
2015BUAT01,Witali Bułatow,61,116,2015,2018,3
2022CHIU06,Daniel Chiu,38,116,2022,2025,3
2008PEPK01,Marek Pepke,63,115,2008,2026,18
2009BRUN03,Joshua Brungar,71,115,2009,2024,15
2010IBAR01,Jerónimo Ibarra Bernal,40,115,2010,2024,14
2013VEGA03,Cristian Ezequiel Vega,71,115,2013,2026,13
2016ESPI01,Axel Elias Espinoza Ribera,43,115,2016,2026,10
2015VANL01,Luke Van Laningham,42,115,2015,2025,10
2017TEIC01,Cyril Teichmann,56,115,2017,2026,9
2017KOCH08,Tyler Kochy,57,115,2017,2025,8
2018DUTH01,Manu Dutheil,49,115,2018,2026,8
2017HUYN05,Aaron Huynh,39,115,2017,2025,8
2019IGNA05,Javier Ignacio,50,115,2019,2026,7
2019BREM02,Daniel Brem,46,115,2019,2026,7
2021ZHAN01,Bofan Zhang (张博藩),40,115,2021,2026,5
2022SAHL02,Jack Belloni Sahlin,79,115,2022,2026,4
2022GONZ04,Carlos Cascos González,44,115,2022,2026,4
2015KOVA07,Nikita Kovalchuk (Нікіта Ковальчук),38,115,2015,2019,4
2014HUTF01,Frederik Hutfleß,42,114,2014,2026,12
2015SETT01,Fabian Settelen,59,114,2015,2026,11
2015WOYT01,Ryan Woytowitz,56,114,2015,2026,11
2015ACHA01,Leon Achata,38,114,2015,2026,11
2016VERD05,Santiago Borrego Verde,60,114,2016,2026,10
2010CHIU01,Samuel Chiu,49,114,2010,2019,9
2017CUES02,Luis Fernando Aldás Cuestas,45,114,2017,2026,9
2017HUAN07,Marcelo Nuñez,36,114,2017,2026,9
2015DASA02,Aniket Das,51,114,2015,2023,8
2018MADR02,Maxime Madrzyk,51,114,2018,2026,8
2018SLAV01,Nikita Slavinski,47,114,2018,2026,8
2014GUOY04,Yuxuan Guo (郭雨轩),44,114,2014,2021,7
2018KITA03,Jakob Kitak,40,114,2019,2026,7
2019MUET01,Michael Muething,40,114,2019,2026,7
2021ABER01,Joel Aber,51,114,2021,2026,5
2021MAJC01,Jakub Majchrzak,47,114,2021,2026,5
2022ANDE01,Mitchell Anderson,49,114,2022,2026,4
2022DEGE01,Camilo DeGeest,45,114,2022,2025,3
2023LARR09,Aitor Ibañez Larrea,43,114,2023,2026,3
2023CAST30,Martin Castillo,41,114,2023,2026,3
2010GRAB01,Daniel Grabski,49,113,2010,2026,16
2010STAS01,Vasily Stasyev,64,113,2010,2022,12
2014MUNJ02,Jihu Mun (문지후),48,113,2014,2026,12
2015XIET01,Tim Xie,56,113,2015,2026,11
2008NADU01,Deven Nadudvari,49,113,2008,2019,11
2014SAID02,Alfred Saidlo,43,113,2014,2025,11
2013MONR01,Nicolás Shwkyng Monroy,40,113,2013,2024,11
2015RISC01,Àlex Domingo Risco,63,113,2015,2025,10
2016SIUM01,Marcus Siu,38,113,2016,2026,10
2016MAXE01,Ricardo Maxera,44,113,2016,2025,9
2017ENGE01,Amiel Engel,44,113,2017,2026,9
2017CORI01,Leonardo José Hilario Cori,38,113,2017,2026,9
2016KIEB01,Midas Kiebert,46,113,2016,2024,8
2018NARA14,Mihir Narayan,39,113,2018,2026,8
2019TRAN04,Stanley Tran,56,113,2019,2026,7
2019BELL10,Jack Bellomy,42,113,2019,2026,7
2015CABE01,Rodrigo Cabezas,38,113,2015,2021,6
2021CARL01,Alve Carlqvist,50,113,2021,2026,5
2021LEUK01,Lisa Leukemans,47,113,2021,2026,5
2022VRAB01,Oana-Simona Vrabie,61,113,2022,2026,4
2022TICK01,Pierce Tickle,57,113,2022,2026,4
2022PISC01,Giovanni Pische,41,113,2022,2026,4
2022LIRU02,Ruichen Li,46,113,2022,2025,3
2023DESP01,Shiloh D'Espyne,46,113,2023,2026,3
2023DIOM01,Alessandro Diomampo,46,113,2023,2026,3
2003HARD01,Chris Hardwick,50,112,2003,2025,22
2008MAND01,Nikhil Mande,44,112,2008,2026,18
2009LIUY03,Yiming Liu (刘一鸣),49,112,2009,2026,17
2009TATD01,Derek Tat,49,112,2009,2026,17
2012ELKH01,Nizar El-Khatib (Нізар Ель-Хатіб),45,112,2012,2026,14
2012TRZA01,Piotr Trząski,68,112,2012,2025,13
2013MICK01,Emil Mickein,52,112,2013,2026,13
2014STRA03,Felix Strasser,48,112,2014,2026,12
2011SOLA01,Jose Angel Montesa Solaz,40,112,2011,2023,12
2011SANC02,Dario Roa Sánchez,36,112,2011,2023,12
2015NIMA04,Ojas Nimaje,52,112,2015,2026,11
2015KHAN18,Muhammed Shehzad Khan,43,112,2015,2026,11
2014TAMI01,Roy Tamir,40,112,2014,2025,11
2016TRAS01,Finn Trass,44,112,2016,2026,10
2009IOVA01,Massimiliano Iovane,38,112,2009,2019,10
2016HRYN02,Vladyslav Hryniuk (Владислав Гринюк),37,112,2016,2026,10
2017LIXU06,Xulang Li (黎旭朗),38,112,2017,2026,9
2016ESCR01,Miguel Sánchez Escribano,88,112,2016,2024,8
2011YUAN05,Lang Yuan (袁朗),48,112,2011,2019,8
2018SHEN07,Mengfei Shen (沈梦非),48,112,2018,2026,8
2014CABR07,Daniel Guardado Cabral,42,112,2014,2022,8
2019HSIE04,Wei-Chen Hsieh (謝維宸),44,112,2019,2026,7
2011KOWA01,Marcin Kowalczyk,47,112,2011,2017,6
2020MCDO01,Jack McDougall,42,112,2020,2026,6
2021ROBE04,Regan Roberts,45,112,2021,2026,5
2015PABR01,Ujjawal Pabreja,38,112,2015,2020,5
2022OZYN01,Stanisław Ożyński,56,112,2022,2026,4
2022DOMI02,Blanca Hidalgo Domingo,51,112,2022,2026,4
2022CIAM01,Giulio Beniamino Ciampa,48,112,2022,2026,4
2022KIRS01,James Kirschner,43,112,2022,2026,4
2022KOPE01,Atilla Kopecky,42,112,2022,2026,4
2022KUIJ01,Raphael Eduardo Kuijpers,42,112,2022,2026,4
2008YUNS02,Yunsu Nam (남윤수),59,111,2008,2025,17
2011WRIG01,Chris Wright,51,111,2011,2026,15
2010VYNN01,Ivan Vynnyk (Іван Винник),38,111,2010,2025,15
2013GUER03,Leo Guernion,50,111,2013,2026,13
2015JAIN21,Saiyam Jain,77,111,2015,2026,11
2015ZHEN17,Michael Zheng,49,111,2015,2026,11
2015WILS05,Ryland Wilson,43,111,2015,2026,11
2015ANDA01,Daryl Tan Hong An,36,111,2015,2026,11
2016CHOW04,Waden Cho,48,111,2016,2026,10
2016HONG03,Yoochan Hong (홍유찬),46,111,2016,2026,10
2016AUST04,Tommas Austin-Milne,39,111,2016,2026,10
2016HYTT01,Kari Hyttinen,38,111,2016,2026,10
2007CERP02,Renan Mondini Cerpe,37,111,2007,2017,10
2017CARI02,Ivan Keith Cariaga,72,111,2017,2026,9
2016CLAR01,Maggie Clark,56,111,2016,2025,9
2012ADLO01,Aramayis Adloyan (Արամայիս Ադլոյան),45,111,2012,2021,9
2018SZUS01,Eddie Szuster,58,111,2018,2026,8
2018HARR12,Brandon Harris,47,111,2018,2026,8
2011PIHE01,Raphaël Pihet,45,111,2011,2019,8
2018BUDH01,Yash Budhiraja,44,111,2018,2026,8
2018DAMK01,Fabian Damke,41,111,2018,2026,8
2018CHAN05,Dylan Chan,47,111,2018,2025,7
2019CHRI17,Nicolas Køster Christensen,44,111,2019,2026,7
2019VILL03,Brandon Villadolid,43,111,2019,2026,7
2018WEYE01,Peter Weyers,41,111,2018,2025,7
2022CHEN19,Jeff Chen,53,111,2022,2026,4
2022SZCZ03,Johanna Szczesny,44,111,2022,2026,4
2023CHEN30,Zhen Chen (陈震),35,111,2023,2026,3
2007COMP01,Emile Compion,61,110,2007,2025,18
2010DELA01,Brandon Delacruz,47,110,2010,2025,15
2014TVER01,Henrik Tvervåg,47,110,2014,2026,12
2012MAMP01,Giles Mampaey,41,110,2012,2024,12
2013RUIX02,Xiaobin Rui (芮晓彬),40,110,2013,2025,12
2014RUIZ10,Kevin Arturo Huamán Ruiz,39,110,2014,2026,12
2015YORK01,Daniel York,50,110,2015,2026,11
2009MCMA01,Tim McMahon,66,110,2009,2019,10
2015DJAN01,Govend Avgerinos Djangoi,41,110,2015,2025,10
2016SOTI01,Jorge Alfageme Sotillos,38,110,2016,2026,10
2017DAND01,Pranav Dandgaval,56,110,2017,2026,9
2013FATE01,Michael Yoo Fatemi,49,110,2013,2022,9
2007TAMA02,John Tamanas,41,110,2007,2016,9
2018CLEM05,Griffin Clem,50,110,2018,2026,8
2018CHOE02,Ethan Cho,42,110,2018,2026,8
2019BERG08,Teodor Bergman,57,110,2019,2026,7
2019SOTT01,Andrew Sotto,51,110,2019,2026,7
2015CHEN56,Yu-Kai Chen (陳宇楷),41,110,2015,2022,7
2019SANC20,Samuel Martinez Sanchez,38,110,2019,2026,7
2019CSEN01,Bálint Csengő,36,110,2019,2026,7
2020COOK03,Ada Cooke,51,110,2020,2026,6
2020LIAN05,Oscar Liang,51,110,2020,2026,6
2021BACK01,Jack Larsson Backsell,37,110,2021,2026,5
2022HAYL02,Kyle Kayden Renatus,57,110,2022,2026,4
2022KIER01,Joanna Kierznikiewicz,54,110,2022,2026,4
2022QIUE03,Ethan Qiu,49,110,2022,2026,4
2022PRZE01,Steph Prze,43,110,2022,2026,4
2022QUEM01,Antoine Quemerais,42,110,2022,2026,4
2022BAOF01,Fiona Bao,41,110,2022,2026,4
2023LIND07,Frank Lindblom,39,110,2023,2026,3
2023SANC31,Francisco Barrenechea Sanchez,34,110,2023,2026,3
2013SEKU01,Bart Sekulski,47,109,2013,2026,13
2014KANN02,Arun Kannan,75,109,2014,2026,12
2014WALK05,Alex Walker,65,109,2014,2026,12
2011IRIF01,Asato Irifune (入船朝斗),42,109,2011,2023,12
2014MEYE06,Kira-Lysan Meyer,40,109,2014,2026,12
2015ZHOU07,Qi Zhou (周祺),59,109,2015,2026,11
2015FELI01,Walter Felix,47,109,2015,2026,11
2015ZHYD01,Vladyslav Zhydkov (Владислав Жидков),36,109,2015,2026,11
2016FLOR24,Axel Flordal,53,109,2016,2026,10
2016STAB01,Fabian Staber,46,109,2016,2026,10
2017JABL01,Maciej Jabłoński,48,109,2017,2026,9
2004CHAM01,Edouard Chambon,42,109,2004,2013,9
2009LIAN03,Chester Lian,41,109,2009,2018,9
2017MINH15,Nguyễn Khang Minh,37,109,2017,2026,9
2018TURR01,Jacob Turrubiartes,46,109,2018,2026,8
2011LIMA01,Allyson Dias de Lima,41,109,2011,2019,8
2016JOHN30,Keenan Johnson,50,109,2016,2023,7
2019MARI16,Sebastián Morón Mariscal,44,109,2019,2026,7
2016RUIZ05,Iker Carrasco Ruiz,42,109,2019,2026,7
2012KRIS11,Michael Kristel,62,109,2012,2018,6
2017ANON13,Anonymous,43,109,2017,2023,6
2021DILL03,Ellery Dillon,39,109,2021,2026,5
2022TREM02,Alexis Tremellat,56,109,2022,2026,4
2022DAVI11,Maxwell Davies,53,109,2022,2026,4
2022XIAN06,Jeremy Xiang,42,109,2022,2026,4
2023GUOK01,Kaixi Guo (郭铠希),46,109,2023,2026,3
2023TANG15,Enoch Tangprasittipol,39,109,2023,2026,3
2004CHAN01,Alan Chang,58,108,2004,2026,22
2008WONE01,David Woner,40,108,2008,2025,17
2010HUYN02,Duc Huynh,40,108,2010,2026,16
2009SANC06,Asier Cardoso Sánchez,47,108,2009,2024,15
2009ALFA01,Jay Benedict Alfaras,40,108,2009,2024,15
2009GLOP01,Daniel Gloppestad Bajer,39,108,2009,2024,15
2011WITT02,Michael Wittwer,38,108,2011,2025,14
2013ZOLL01,Ben Zoller,54,108,2013,2024,11
2014SONG08,Zian Song (宋子安),54,108,2014,2025,11
2015FEIL02,Rainier Feiler,52,108,2015,2026,11
2015MCAC01,Teri McAcy,38,108,2015,2026,11
2016SHEL02,Harsh Arvind Shelwatkar,42,108,2016,2026,10
2017VIAN01,Matheus Casassa,73,108,2017,2026,9
2016KRUE01,Ivan Krueger,50,108,2016,2025,9
2015ERSO01,Can Ersoy,49,108,2015,2024,9
2018ALVA16,Jansen Alvarez,50,108,2018,2026,8
2018GREN02,William Greninger,39,108,2018,2026,8
2019BLAC02,Sonja Black,74,108,2019,2026,7
2019TERP01,Angelo Terpening,64,108,2019,2026,7
2019BENC04,Ariel Benchetrit,47,108,2019,2026,7
2018CAST08,Oliver Castledine,36,108,2018,2025,7
2012KUCH01,Piotr Kuchta,49,108,2012,2018,6
2013KOWA04,Igor Kowalczyk,43,108,2013,2018,5
2019SHER10,Ezra Shere,43,108,2019,2024,5
2021RODR03,Isabela Quesada Rodríguez,42,108,2021,2026,5
2021GADD01,Aarav Gaddam,35,108,2021,2026,5
2022HANT01,Thiago Han,48,108,2022,2026,4
2022HAMI04,Cy Hamilton,45,108,2022,2026,4
2022LIUM02,Mu-Cheng Liu (劉牧承),40,108,2022,2026,4
2014NURU01,Jabari Nuruddin,36,108,2014,2018,4
2021STAW01,Tomasz Stawowy,62,108,2021,2024,3
2023ROMA10,Adam Romanowski,49,108,2023,2026,3
2023CURR06,James Kyoichi Curry (ジェイムス 恭一),43,108,2023,2026,3
2008TAIC01,Chia-Liang Tai (戴嘉良),66,107,2008,2025,17
2009DENG01,Bowen Deng (邓博文),61,107,2009,2026,17
2009OSTA01,Roman Ostapenko (Роман Остапенко),49,107,2009,2024,15
2012LIYA01,Yang Li (李扬),38,107,2012,2026,14
2013KRUC01,Przemysław Kruczek,58,107,2013,2025,12
2014GARG01,Parth Garg,52,107,2014,2026,12
2015ARCE04,Maider Arce López de Ipiña,55,107,2015,2026,11
2015VISE01,Caro Visentin,55,107,2015,2026,11
2010LINZ03,Ziyuan Lin (林子源),49,107,2010,2021,11
2007CHAN06,Daniel Chan,45,107,2007,2018,11
2013FUEN01,Erick Lemus Fuentes,36,107,2013,2024,11
2016VERM04,Vivek Verma,57,107,2016,2026,10
2016GONC02,Henrique Coelho,42,107,2016,2026,10
2017FUHO01,Hongyuan Fu (傅泓源),67,107,2017,2026,9
2016KOTW01,Mateusz Kotwica,59,107,2016,2025,9
2017LOCK02,Dean Lockett,54,107,2017,2026,9
2016CHAN09,Jaemin Chang (장재민),43,107,2016,2025,9
2017GILM01,Miguel Alonso Gil,38,107,2017,2026,9
2016GARC52,Jaime Botello García,35,107,2016,2025,9
2018ALEX06,Michael Alexander,41,107,2018,2026,8
2018JOHN49,Zachary Johnson,40,107,2018,2026,8
2019GARC35,Elies Qin Lloret Garcia,43,107,2019,2026,7
2017BASH04,Alexander Bashutkin,41,107,2017,2024,7
2019CHEY31,Yen-An Chen (陳彥安),40,107,2019,2026,7
2011SHAH01,Dharmesh Shahu,38,107,2011,2018,7
2019MACK01,Hunter Mackler,47,107,2019,2025,6
2020WIRA01,Benjamin Wirahpati,44,107,2020,2026,6
2009NEIT01,Maximilian Neitzel,38,107,2009,2014,5
2021EYLE01,Henry Eyles,38,107,2021,2026,5
2020ANON03,Anonymous,41,107,2020,2024,4
2022MANT03,Alberto Mantovani,36,107,2022,2026,4
2022OZSV01,Eli Ozsvath,51,107,2022,2025,3
2023MOLI01,Germán García Molina,44,107,2023,2026,3
2008ZAFR01,Michael Angelo Zafra,76,106,2008,2026,18
2006MERT01,Jim Mertens,50,106,2006,2023,17
2009SEIM02,Vegard Seim Karstang,37,106,2009,2025,16
2011LINJ04,Ting-Xian Lin (林廷縣),54,106,2012,2026,14
2005TOLE01,Alexandre Toledo Guillén,48,106,2005,2019,14
2009CONT01,Giovanni Contardi,35,106,2009,2022,13
2015CARD01,Jaime Tadeo Perez Cardona,77,106,2015,2026,11
2015PARK24,Jae Park,96,106,2015,2025,10
2016BENI05,Jeremy Benik,48,106,2016,2026,10
2016PRAB03,Pranav Prabhu,42,106,2016,2026,10
2015MATT05,Enzo Mattos,39,106,2015,2025,10
2017NORT02,Joe Norton,56,106,2017,2026,9
2016NAGU02,Christian Naguio,49,106,2016,2025,9
2017VANS02,Nicolas Vansteen,39,106,2017,2026,9
2018SMIT37,Conor Smith,52,106,2018,2026,8
2007ADSU01,Justin Adsuara,40,106,2007,2015,8
2016LAUR01,Linus Laurén,38,106,2016,2024,8
2018AGAB03,Asset Agabekov,37,106,2018,2026,8
2014CHEN08,Boxi Chen (陈博希),54,106,2014,2019,5
2021ZAJD01,Ada Zajder,51,106,2021,2026,5
2021LEES01,Sebastian Lee,37,106,2021,2026,5
2022KRAS02,Samuel Krasne,58,106,2022,2026,4
2022BROK03,Filip Brokos,52,106,2022,2026,4
2022LIAN01,Xavier Lianto,51,106,2022,2026,4
2022RODR19,Nicolás David Lozada Rodríguez,41,106,2022,2026,4
2022JAHA03,Alim Jahangırov,37,106,2022,2026,4
2022TURN10,Dan Turner,34,106,2022,2026,4
2023JAKO04,Jakub Jakoubek,50,106,2023,2026,3
2003LIDO01,Doug Li,66,105,2003,2025,22
2006GOTT01,Michael Gottlieb,45,105,2006,2026,20
2008SAMP01,Bradley Sampson,59,105,2008,2026,18
2008VASC01,Vasco Vasconcelos,40,105,2008,2026,18
2009BLAI01,AJ Blair,44,105,2009,2024,15
2013VASI02,Vasile Dan,46,105,2013,2026,13
2014BENA03,Sebastiano Benato,52,105,2014,2026,12
2014JONA01,Benjamin Thunbo Jonassen,47,105,2014,2026,12
2015RICH02,Matthew Rich,41,105,2015,2026,11
2012ONGR01,Ray Vince Ong,40,105,2012,2023,11
2016AHME07,Sadiq Ahmed,48,105,2016,2026,10
2015WANG87,James Wang,46,105,2015,2025,10
2015BASA02,Ethan Basanov,40,105,2015,2025,10
2008SMIT04,Maarten Smit,38,105,2008,2018,10
2016ARVI04,Dante Wallin Arvidsson,37,105,2016,2026,10
2010LACH01,James LaChance,57,105,2010,2019,9
2014RAJE03,Anish Rajesh,39,105,2014,2023,9
2017PRIG01,Vasilis Prigkos,35,105,2017,2026,9
2018PROV01,Arthur Provot,44,105,2018,2026,8
2018OROP01,Gamaliel Jimenez Oropeza,43,105,2018,2026,8
2018SKOO01,Theo Skoog,40,105,2018,2026,8
2018MEDE01,Victor Rampinelli Villar de Medeiros,37,105,2018,2026,8
2019XUEL02,Elvin Xu,49,105,2019,2026,7
2016MANN01,Evan Mann,46,105,2016,2023,7
2018SZOS01,Filip Szostak,44,105,2018,2025,7
2019FARD01,Hennie Færden,44,105,2019,2026,7
2012PETE03,Marcel Peters,43,105,2012,2019,7
2018WALA01,Max Walaszek,41,105,2018,2025,7
2013KAMI03,Vladislav Kaminskiy,37,105,2013,2020,7
2022SZUB02,Tomasz Szubert,81,105,2022,2026,4
2022FORS06,Bo Forsell,41,105,2022,2026,4
2021ARUN01,Aditya Arunkumar,40,105,2021,2025,4
2022ALAN02,Leo Alanen,40,105,2022,2026,4
2022CRAM02,Justus Leander Cramer,34,105,2022,2026,4
2022DUGG04,Cole Dugger,33,105,2022,2026,4
2023ALLE01,Harry Allen,44,105,2023,2026,3
2023KIMB02,Benson Kim,40,105,2023,2026,3
2007LING01,Alexander Lin,46,104,2007,2025,18
2008KELL02,Everett Kelly,41,104,2008,2025,17
2008CHUC02,Che-Ting Chu (朱哲廷),38,104,2008,2024,16
2011WIJA03,Angeline Wijaya (黃千儀),47,104,2011,2024,13
2013MARC05,Vako Marchilashvili (ვაკო მარჩილაშვილი),44,104,2013,2026,13
2007KRIS01,Tomas Kristiansson,57,104,2007,2019,12
2015NJAM01,Magne Njå,46,104,2015,2026,11
2015GROB02,Ruben Grobler,38,104,2015,2026,11
2014SRIK03,Vishantak Srikrishna,36,104,2014,2025,11
2014ESCO02,Daniel Escobar,35,104,2014,2025,11
2016ULKU01,Haluk Ulkusal,36,104,2016,2026,10
2015JORG01,Mikela Elleby Jørgensen,77,104,2015,2024,9
2011NATH02,Andrew Nathenson,58,104,2011,2020,9
2015HUDO01,Hafizh Dary Faridhan Hudoyo,47,104,2015,2024,9
2017JANS04,Edvin Jansson,39,104,2017,2026,9
2018COOK04,John Cook,88,104,2018,2026,8
2018LEIV03,Jorge Rodón Leiva,42,104,2018,2026,8
2019PLAN02,Alexia Plantivaux,52,104,2019,2026,7
2012SLIZ01,Mateusz Śliż,37,104,2012,2019,7
2020SOLV01,Alvar Solving,41,104,2020,2026,6
2013EREL01,Zolboo Erelkhegbaatar,38,104,2013,2019,6
2021WANG25,Kangze Wang (王康泽),34,104,2021,2026,5
2022MONT30,Arturo Lizama Montoya,63,104,2022,2026,4
2022LOFB01,Anton Löfberg,46,104,2022,2026,4
2022BOEK01,Mick Boekema,40,104,2022,2026,4
2022LONN02,Fabian Lönnkvist,39,104,2022,2026,4
2022GREC01,Miles Greco,38,104,2022,2026,4
2023VONT01,Saharsh Sai Vontela,45,104,2023,2026,3
2006JAEY01,JaeYoung Chun (천재영),65,103,2006,2026,20
2010GREG01,Jure Gregorc,36,103,2010,2026,16
2011SATO01,Heron Sato,65,103,2011,2026,15
2004KRIG02,Kåre Krig,60,103,2004,2018,14
2008MUGG01,Kristian Muggerud,45,103,2008,2022,14
2014GRAV02,Nathan Graves,47,103,2014,2026,12
2010WANG54,Tianxing Wang (王天行),45,103,2010,2022,12
2014PACE01,Grzegorz Pacewicz,62,103,2014,2025,11
2012LUTC01,Jasmine Hazel Mackin,43,103,2012,2023,11
2016DEIB01,James Deibert,48,103,2016,2026,10
2016THOM01,Jaden Thompson,46,103,2016,2026,10
2017GOLD01,Daniel Goldstein,76,103,2017,2026,9
2017NUNE05,Diego Núñez,35,103,2017,2026,9
2017PERI05,David Sánchez Peris,34,103,2017,2026,9
2017TENU01,Enrico Tenuti,33,103,2017,2026,9
2015CHEN20,Austin Chen,55,103,2015,2023,8
2018YIKL01,Lim Chun Yik (林峻毅),51,103,2018,2026,8
2016CAST23,Javier Tovar Castro,48,103,2016,2024,8
2012CHIE01,Tiffany Chien,42,103,2012,2020,8
2013LIHA03,Hang Li (李航),37,103,2013,2021,8
2017WANS05,Stanley Wang,37,103,2017,2025,8
2018XIEB01,Bowen Xie,37,103,2018,2026,8
2019LOND02,Andres Felipe Rodríguez Londoño,55,103,2019,2026,7
2019MYSL01,Szymon Myśliński,47,103,2019,2026,7
2017OSTR01,Mark Ostrom,38,103,2017,2024,7
2020DOZA01,Cyprian Doza,50,103,2020,2026,6
2021LUUL01,Linh Son Luu,37,103,2021,2026,5
2021ITAL02,Manfredi Italiano,34,103,2021,2026,5
2022HETT04,Wilson Hettinger,42,103,2022,2026,4
2013MANO03,Alessandro Manopulo,37,103,2013,2017,4
2023BOIS02,Charles Bois,47,103,2023,2026,3
2022ROSS02,Fabio Rossi,34,103,2022,2025,3
2011FLAG01,Josh Flagg,43,102,2011,2026,15
2010ESTR01,Adrian Estrada,42,102,2010,2025,15
2014BIAS01,Damian Bias,69,102,2014,2026,12
2003MAKI01,Shotaro Makisumi (牧角章太郎),36,102,2003,2015,12
2012MAIA01,João Guilherme Barejan Maiale,52,102,2012,2023,11
2013BOND02,Yevhenii Bondarenko (Євгеній Бондаренко),50,102,2013,2024,11
2015HUSH02,Shao-Yu Hu (胡紹宇),46,102,2015,2026,11
2014MORE05,Pedro Miranda Moreira,40,102,2014,2025,11
2015JIME10,José Enrique Jiménez,40,102,2015,2026,11
2015WEBS01,Garrett Webster,40,102,2015,2026,11
2015NATH02,Nitin Nathan,39,102,2015,2026,11
2015FAUG01,Marike Faught,38,102,2015,2026,11
2015YANG23,Cheng-Ru Yang,38,102,2015,2026,11
2015PADG01,Dalton Padgett,53,102,2016,2026,10
2016HOLD04,Joanna Hołdakowska,52,102,2016,2026,10
2016BROD01,Bernhard Brodowsky,51,102,2016,2026,10
2016GALA04,Andrés Rodríguez Galán,40,102,2016,2026,10
2016AQUI02,Jose Polorhenzo Aquino,39,102,2016,2026,10
2016REDD10,Raghav Reddy,38,102,2016,2026,10
2017SUNY01,Owen Yepeng Sun (孙叶芃),56,102,2017,2026,9
2017ANDE05,Quinn Anderson,49,102,2017,2026,9
2017MEEN01,Imruthun Meenakshisundaram,47,102,2017,2026,9
2017DAVI21,Guillaume David,37,102,2017,2026,9
2017RIEN01,Raphael Riener,51,102,2017,2025,8
2018BAKE07,Chaeli Baker,51,102,2018,2026,8
2018HENN02,Baptiste Hennuy,47,102,2018,2026,8
2013CHOI04,Justin Choi,40,102,2013,2021,8
2010DAVI06,Julian David,40,102,2010,2017,7
2016SILV07,Joonas Silvennoinen,39,102,2016,2023,7
2019HEID03,Thomas Heiden,39,102,2019,2026,7
2011SOBR01,Alrimar Dias Rocha Sobrinho,36,102,2011,2018,7
2019HALL04,Caleb Hall,36,102,2019,2026,7
2019NAYA01,Prabhav Rajaram Nayak,36,102,2019,2026,7
2019RAIM03,Mihir A. Rai,38,102,2019,2025,6
2021YEPU01,Putian Ye (叶溥天),41,102,2021,2026,5
2021WESO01,Ignacy Wesołowski,57,102,2021,2025,4
2015HILL09,Max Hilliard,47,102,2015,2019,4
2022GERD01,William Gerdin,44,102,2022,2026,4
2022GARC19,Jose Sánchez García,42,102,2022,2026,4
2022ZUUR01,Florine Zuur,41,102,2022,2026,4
2022FERR16,Bastien Ferraud,40,102,2022,2026,4
2022GRIS03,Julian Daza Grisales,36,102,2022,2026,4
2022JONE11,Kyle Jones,36,102,2022,2026,4
2014ANDE01,Quinten Andelhofs,35,102,2014,2018,4
2022PHAM08,Alex Pham,40,102,2022,2025,3
2023LEKE01,Kevin Lê,40,102,2023,2026,3
2022LIBE02,Lucas Libed,37,102,2022,2025,3
2023DINE06,George Dinescu,34,102,2023,2026,3
2004MAOT02,Tyson Mao (毛台勝),52,101,2004,2025,21
2007SHIU02,Chung-Han Hsu (許鍾瀚),47,101,2008,2025,17
2007GAMB01,Jai Gambhir,36,101,2007,2024,17
2010PERE05,Erik Román Pérez,46,101,2010,2026,16
2013DINH01,Vi Dinh,41,101,2013,2026,13
2015XIEA01,Andrew Xie,38,101,2015,2026,11
2014SANC28,Julián García Sánchez,37,101,2015,2026,11
2016REYE11,Miguel Reyes,41,101,2016,2026,10
2017SURE01,Siddharth Suresh,57,101,2017,2026,9
2017CHAM02,Anael Champion,46,101,2017,2026,9
2017NYLE01,Alvar Nylén,45,101,2017,2026,9
2017WACH01,Atalía Wachtendorff,44,101,2017,2026,9
2017JAMP01,Ashten Jampayas,38,101,2017,2026,9
2017MADD04,Richard Madden,34,101,2017,2026,9
2017FERR01,Seth Ferry,33,101,2017,2026,9
2008PADL01,Piotr Michał Padlewski,49,101,2008,2016,8
2017KOTA01,Jacob Kotai,44,101,2017,2025,8
2017MISI01,Maksymilian Misiak,43,101,2017,2025,8
2018WARD05,Winda Wardani,41,101,2018,2026,8
2018GIRA01,Théo Girard,38,101,2018,2026,8
2018LUCM01,Mathis Luc,34,101,2018,2026,8
2016SKIN01,Sean Skinner,39,101,2016,2023,7
2019HORA01,Vojtěch Horák,37,101,2019,2026,7
2020CARR03,McKinley Carr,45,101,2020,2026,6
2019PARI10,Ishan Parikh,43,101,2021,2026,5
2020ARTZ01,Eddie Artze,38,101,2021,2026,5
2022SAND23,Eli Sanderson,57,101,2022,2026,4
2022RAMI15,Ledger Ramirez,47,101,2022,2026,4
2021HART04,Lucas Hart,42,101,2022,2026,4
2022AHLS01,Arvid Ahlstrand,41,101,2022,2026,4
2017BEZN01,Aleksandr Beznogov,38,101,2017,2021,4
2022SCHM01,Felix Christian Schmidt,38,101,2022,2026,4
2022LESC02,Sebastiano Leschiutta,36,101,2022,2026,4
2023SZCZ04,Antoni Szcześniak,69,101,2023,2026,3
2016FANG01,Shenghai Fang (方胜海),52,101,2016,2019,3
2023ESPI07,Jerónimo Espinosa,44,101,2023,2026,3
2023ABAB01,Roland Ababat,43,101,2023,2026,3
2023MANG02,Declan Mangan-Lamb,43,101,2023,2026,3
2023FANG02,Alan Fang,31,101,2023,2026,3
2006KASP02,Sander Kaspers,50,100,2006,2026,20
2010SHID01,Naufal Shidqi,38,100,2010,2025,15
2013SOUS03,Francisco Thales Rocha Sousa,35,100,2013,2026,13
2013HENA01,Pi Sevilla Hernández,57,100,2013,2025,12
2014DUBE03,Shubham Dubey,34,100,2014,2026,12
2015HENR02,Luis Alonso Inestroza Henriquez,52,100,2015,2026,11
2015BOLT01,Matej Bolta,43,100,2015,2026,11
2015VEER01,Pranav Veera,43,100,2015,2026,11
2016GSEL01,Grégoire Gsell,38,100,2016,2025,9
2017ZHAO79,Ben Zhao,34,100,2017,2026,9
2018ERVI01,Brandon Ervin,56,100,2018,2026,8
2018JIME14,Emilio Alberto Rodríguez Jiménez,47,100,2018,2026,8
2016ZHAN45,Yunliang Zhang (张赟量),37,100,2016,2024,8
2014WANG48,Dylan Wang,35,100,2014,2022,8
2015GODO01,Diego Iglesias Godoy,33,100,2015,2023,8
2019LEEM04,Michael Lee,35,100,2019,2026,7
2015KORO02,Volodymyr Korol (Володимир Король),35,100,2015,2021,6
2013FILI01,Jurgens Filiaggi,39,100,2013,2018,5
2022CARU02,Jacob Carubia,56,100,2022,2026,4
2022MITC01,William Mitchell,51,100,2022,2026,4
2022ALGA01,Rafael Ricardo Gómez Algarra,43,100,2022,2026,4
2022ASGA01,Murad Asgarov,35,100,2022,2026,4
2023FENG04,Aaron Feng,38,100,2023,2026,3
2023LIGN01,Thomas de Lignie,37,100,2023,2026,3
2023XIAT01,Tian Xia (夏天),35,100,2023,2026,3
2022AGUA01,Alex Aguayo,45,100,2022,2024,2
2006SUZU03,Yohei Suzuki (鈴木洋平),65,99,2006,2026,20
2009SIEW03,Manfred Siew Ee Sheng (蕭奕晟),53,99,2009,2023,14
2009PUNG01,Andreas Pung,46,99,2009,2022,13
2012WERB01,Sebastian Werb,36,99,2012,2025,13
2014ZHAO12,Tianyu Zhao (赵天愉),48,99,2014,2026,12
2009LIJI03,Jiajun Li (李嘉俊),44,99,2009,2021,12
2013HOMM02,Ankush Hommerich-Dutt,36,99,2013,2025,12
2015MCKE02,Nicholas McKee,62,99,2015,2026,11
2014LEZA02,Bruno Lezama,42,99,2014,2025,11
2015MULO01,Iasonas Mylonas,34,99,2015,2026,11
2016ELNI01,Timothy Elnitiarta,55,99,2016,2026,10
2016CHRE01,Rémi Chrétien,45,99,2016,2026,10
2015NILS02,Simon Nilsson,44,99,2016,2026,10
2016MAGT01,Alexis Margaret Magtibay,43,99,2016,2026,10
2016OTGO01,Orgil Otgonbayar (Отгонбаяр Оргил),39,99,2016,2026,10
2014BARR02,Gabriel Barrios,36,99,2014,2024,10
2017GRZE01,Kacper Grzelakowski,48,99,2017,2026,9
2016CABE01,Ignacio Mita Cabezas,35,99,2016,2025,9
2016YORK01,CJ York,34,99,2016,2025,9
2018SMIT42,Dan Smith,62,99,2018,2026,8
2017BORG02,Gabriel Bergue,38,99,2017,2025,8
2008LINH01,Hao-Zheng Lin (林浩正),36,99,2008,2016,8
2016SONG04,Chengyang Song (宋成阳),36,99,2016,2024,8
2018ULVE01,Lars Ulveseth,34,99,2018,2026,8
2019AXEL01,Herman Axelsson,39,99,2019,2026,7
2018WARY01,Wiktoria Waryszak,88,99,2018,2024,6
2022JARO01,Martyna Jarosz,54,99,2022,2026,4
2022GOME12,Marco Criado Gómez,41,99,2022,2026,4
2022KEDZ01,Ryszard Kędziora,38,99,2022,2026,4
2022BERC01,Taiyo Berčič,36,99,2022,2026,4
2022GIAV01,Julian Giæver-Engesmo,36,99,2022,2026,4
2023KIMG01,Griffin Kim,46,99,2023,2026,3
2023ROEP01,Isak Gylling Roepstorff,43,99,2023,2026,3
2008BONO01,Lorenzo Bonoan,37,98,2008,2025,17
2011RHEI01,Emanuel Rheinert,32,98,2011,2026,15
2012SILV22,Israel Fraga da Silva,35,98,2012,2026,14
2012LALO01,Cel Adriane Lalo,62,98,2012,2025,13
2014SALA15,Luis Sinhue Medina Salas,53,98,2014,2026,12
2013BULM01,JP Bulman,45,98,2013,2025,12
2012SHEN02,CJ Sheng,43,98,2012,2024,12
2014BECK03,Joshua Beck,38,98,2014,2026,12
2015SIAN01,Dylan Seah Tze Siang (谢智翔),46,98,2015,2026,11
2014KWAS01,Hubert Kwasigroch,40,98,2014,2025,11
2015GAND02,Aarav Gandhi,39,98,2015,2026,11
2015VACA01,Rodrigo Paz Vaca,33,98,2015,2026,11
2016SUBI01,Erik Subirats,37,98,2016,2026,10
2016PAOL01,Damiano Di Paola,34,98,2016,2026,10
2017AKHU02,Mykhailo Akhunov (Михайло Ахунов),39,98,2017,2026,9
2017LYSK01,Adam Łyskawa,39,98,2017,2026,9
2017FENG10,Hill Pong Yong Feng,35,98,2017,2026,9
2017ASMU01,Thor Muto Asmund,73,98,2018,2026,8
2018AMIR03,Zach Amiridis,35,98,2018,2026,8
2018RODR43,Louis Rodriguez,35,98,2018,2026,8
2019KWAN01,Gibran Kwan,59,98,2019,2026,7
2009BARB01,Gabriel Dechichi Barbar,31,98,2009,2016,7
2013WUFA03,Fazhen Wu (吴法臻),36,98,2013,2019,6
2019MOND02,Diego Hernandez Mondul,43,98,2019,2024,5
2021SREC01,Jakov Srečković,36,98,2021,2026,5
2021YANG17,Zhiyi Yang (杨芝懿),31,98,2021,2026,5
2022BENN11,Annye Bennett,51,98,2022,2026,4
2022WILS04,Noah A. Wilson,49,98,2022,2026,4
2022VIDE03,Ian Videfrost,46,98,2022,2026,4
2022DUPU01,Nicolas Dupuis,41,98,2022,2026,4
2022ANAN02,Ayush Anand,38,98,2022,2026,4
2022MEND15,Salma Sydykov Méndez,38,98,2022,2026,4
2022SALA09,Aarni Salakari,35,98,2022,2026,4
2023BMOH01,Mohith B (ಮೋಹಿತ್ ಬಿ),40,98,2023,2026,3
2023AMBR04,Frederik Ambrosi,38,98,2023,2026,3
2023ANDR11,Radu Andrei Andrieș,37,98,2023,2026,3
2008COND01,Guillermo Conde Gil,38,97,2008,2024,16
2010KUNC01,Krzysztof Kuncki,53,97,2010,2023,13
2015DRIS02,Ryan Driscoll,36,97,2015,2026,11
2016FERN07,Javier López Fernández,40,97,2016,2026,10
2011GREE03,Adam Greenwood,50,97,2011,2020,9
2016BAIR01,Samuel Baird,50,97,2016,2025,9
2017MAXW01,Phillip Maxwell,43,97,2017,2026,9
2017KROK01,Bartłomiej Krokos,41,97,2017,2026,9
2017WARR04,Benjamin Warry,39,97,2017,2026,9
2014NIGU02,Guillermo Cascales Ñíguez,34,97,2014,2023,9
2017MORR05,Micah Morrison,33,97,2017,2026,9
2018FRED01,Håkon Fredriksen,38,97,2018,2026,8
2019SLES02,Robert Ślesicki,78,97,2019,2026,7
2019SAMU06,Ayooluwa Samuel Dada,47,97,2019,2026,7
2019BIRK01,Asbjørn Brummer Birkelund,45,97,2019,2026,7
2019SMIT28,Evan Smith,39,97,2019,2026,7
2011VARG01,Juan Camilo Vargas,42,97,2011,2017,6
2022VRIE02,Aron De Vrieze,39,97,2022,2026,4
2021CALT01,Jay Calter,35,97,2021,2025,4
2023MEZA02,Miguel Ángel Meza,55,97,2023,2026,3
2023SPRA03,Benjamin Spradley,40,97,2023,2026,3
2023WATE01,Evan Waters,39,97,2023,2026,3
2023ESPI36,Benjamin Espinosa,37,97,2023,2026,3
2004LUIS03,Pedro Luis Muñoz Yañez,87,96,2004,2026,22
2011KHAN03,Pranjal Khan,40,96,2011,2026,15
2011LINZ01,Zheng Lin (林铮),35,96,2011,2026,15
2006WLOS01,Paweł Włoszek,72,96,2006,2019,13
2006TABU02,Yumu Tabuchi (田渕雄夢),36,96,2006,2019,13
2014TERE03,Ivan Terekh,48,96,2014,2026,12
2015CAMP01,Rafael Carreiro Campos,38,96,2015,2026,11
2015WHIT03,Brendan White,46,96,2015,2025,10
2016LIBO05,Boying Li (李博莹),44,96,2016,2026,10
2015NATH01,Spondon Nath,42,96,2015,2025,10
2016MARI14,Jacob Marinas,42,96,2016,2026,10
2012SATH01,Abhishek Sathyanarayanan,35,96,2012,2022,10
2017VILJ01,Jami Viljanen,38,96,2017,2026,9
2017SALA07,Ronald Fernando Remuzgo Salazar,30,96,2017,2026,9
2012YOSH02,Taro Yoshioka (吉岡太郎),55,96,2012,2020,8
2018SAYE01,Collin Sayers,53,96,2018,2026,8
2018NGUY14,Dan Nguyen,45,96,2018,2026,8
2015ALLE03,Wesley Allen,41,96,2015,2023,8
2017KOLI01,Mohammed Aiman Koli,40,96,2017,2025,8
2018WASI02,Mateusz Wasil,40,96,2018,2026,8
2018BROW22,Benjamin Brown,39,96,2018,2026,8
2018YUAN02,Anqi Yu,39,96,2018,2026,8
2018RICC02,Alessandro Ricci,32,96,2018,2026,8
2018ZIMM02,Mark Zimmermann,32,96,2018,2026,8
2019TAYA01,Rich Tayag,58,96,2019,2026,7
2019HOCH04,Chuan-Chen Ho (何權宸),49,96,2019,2026,7
2019RATS05,Mike Vidrik Rätsep,46,96,2019,2026,7
2012MEES01,Tiemen De Meester,43,96,2012,2019,7
2019RAGA01,Benjamin Ragan,40,96,2019,2026,7
2017SETH03,Sameer Sethuram,37,96,2017,2024,7
2018CENT02,Giovanni Centili,32,96,2018,2025,7
2012KRAM01,Daryna Kramskykh (Дарина Крамських),51,96,2012,2018,6
2019REGO03,Amber Regoor,39,96,2019,2025,6
2021GUDB01,Jaustin Gudbrandsen,45,96,2021,2026,5
2021ROET01,Victor Roets,34,96,2021,2026,5
2022TOLH01,Gem Tolhurst,48,96,2022,2026,4
2022BOLE01,Idan Bolesto,45,96,2022,2026,4
2022SASA04,Kentaro Sasaki,37,96,2022,2026,4
2022OLSE07,Nilias Samuel Olsen,36,96,2022,2026,4
2022BOLD01,Loris Boldi,35,96,2022,2026,4
2017YANG55,Zixuan Yang (杨子轩),32,96,2017,2021,4
2023GESM01,Dylan Gesmundo,44,96,2023,2026,3
2023TULL04,Max Tully,43,96,2023,2026,3
2023HAND04,Charlie Handley,37,96,2023,2026,3
2023LAEE01,Eetu Lae,37,96,2023,2026,3
2023DONG20,Yize Dong (董一泽),32,96,2023,2026,3
2006AUST01,Greg Austin,42,95,2006,2025,19
2012ALIT01,Tariq Ali,44,95,2012,2025,13
2013THOM04,Jeriel James Thomas,36,95,2013,2026,13
2012MORM01,Serhii Mormul (Сергій Мормуль),48,95,2012,2024,12
2010MAJO01,Tim Major,39,95,2010,2021,11
2016SERR09,David Sánchez Serrano,42,95,2016,2026,10
2016ACUN04,Brian Acuña,41,95,2016,2026,10
2016PIMI02,Juan Manuel Bedoya,36,95,2016,2026,10
2017CHAN47,Vianne Chang,52,95,2017,2026,9
2017FONS04,Jan Fonš,45,95,2017,2026,9
2017DZUL02,Muhammad Fitri Hakim Bin Dzulkarnain,38,95,2017,2026,9
2017SANC20,Jerónimo González Sánchez,36,95,2017,2026,9
2017SUTT01,Titus Sutterfield,31,95,2017,2026,9
2018KUMA01,Nitin Kumar (நிதின் குமார்),47,95,2018,2026,8
2014BAEA01,Andrew Bae,35,95,2014,2022,8
2019TIMM01,Kevin Timmons,67,95,2019,2026,7
2019GAOY01,Yuki Gao,43,95,2019,2026,7
2017MEAD01,Alison Meador,40,95,2017,2024,7
2018BURG03,Edward Burgess,39,95,2018,2025,7
2020TINL01,Thomas Tinlin,37,95,2020,2026,6
2020MORG01,Xavier Morgan,36,95,2020,2026,6
2021JOKE01,Teemu Jokela,60,95,2021,2026,5
2021IRWI01,Miles Irwin,40,95,2021,2026,5
2021COOK03,Lachlan Cooke,37,95,2021,2026,5
2021HUAN02,Shuda Huang (黄黍达),31,95,2021,2026,5
2022OTTO01,Mateusz Otto,51,95,2022,2026,4
2022MERC04,Francis Yuel B. Merced,48,95,2022,2026,4
2022SPIT04,David Spitzer,42,95,2022,2026,4
2022HALD01,Vikram Haldar,37,95,2022,2026,4
2022PIPE02,Aidan Piper,37,95,2022,2026,4
2024CLAE02,Tias Claeys,38,95,2024,2026,2
2024LIZH03,Zhaokun Li (李昭昆),28,95,2024,2026,2
2006SEUN02,SeungWoon Lee (이승운),49,94,2006,2026,20
2008SEAR02,Brian Brooks,44,94,2008,2025,17
2012YANA01,Taku Yanai (矢内拓),57,94,2012,2026,14
2012SHRI01,Anay Shrikar,50,94,2012,2026,14
2009SIEW02,Eason Siew Ee Son (蕭奕晨),49,94,2009,2023,14
2013VALL03,Thomas Valles,45,94,2013,2025,12
2014JIAN14,Jerry Jiang,35,94,2014,2026,12
2015FEDE01,Alexis Fedeler,37,94,2015,2026,11
2015STAU01,Jan Staubach,32,94,2015,2026,11
2016MURP05,Max Murphy,44,94,2016,2026,10
2016MALI02,Shiraz Malik,36,94,2016,2026,10
2016VELE01,Jose Carlos García Vélez,31,94,2016,2026,10
2016LAHT01,Eemil Lahti,42,94,2016,2025,9
2017JIAA01,Alan Jia,39,94,2017,2026,9
2017GUZM05,Camilo Guzmán,37,94,2017,2026,9
2017INDA01,Nathaniel Zakhor,32,94,2017,2025,8
2019JOHN03,Roxana Johnson,57,94,2019,2026,7
2019BROW09,Fabian Browa,33,94,2019,2026,7
2020MELI02,Veerle Melis,42,94,2020,2026,6
2019BUIT01,Victoria Alejandra Zambrano Buitrago,37,94,2019,2025,6
2019SHEN10,Jeremy Sheng,30,94,2019,2025,6
2022JAGO03,Ethan Francis Jagonio,48,94,2022,2026,4
2022GONC01,Mariana Castro,44,94,2022,2026,4
2022OBRA01,Marko Obradović,41,94,2022,2026,4
2022ALPS01,Emil Alpsten,37,94,2022,2026,4
2021MERU01,Dhruva Sai Meruva,36,94,2021,2025,4
2021SKOW01,Maciej Skowroński,36,94,2021,2025,4
2022BARN23,Peter Barnwell,34,94,2022,2026,4
2023VALD01,Sebastian Valdes,45,94,2023,2026,3
2023JINK02,Kaicheng Jin (金开诚),31,94,2023,2026,3
2007LEMO01,Laetitia Lemoine,49,93,2007,2024,17
2006TSAO01,Andy Tsao,32,93,2006,2023,17
2008PRYK01,Owidiusz Pryk,68,93,2008,2024,16
2010EDWA02,David Edwards,56,93,2010,2026,16
2011HAMS01,Jonathan Hamstad,31,93,2011,2026,15
2012PERE04,Carlos Miguel Pérez,44,93,2012,2026,14
2011LEIV01,Jesus Eduardo Leiva Ramos,32,93,2011,2025,14
2013CZEC02,Dominik Czechowski,50,93,2013,2026,13
2013DEAC01,Sam Deacon,40,93,2013,2026,13
2013BEES01,Dominik Beese,34,93,2013,2026,13
2014DICK01,Jeffery Dick,41,93,2014,2026,12
2013AWAL01,Shantanu Awale,34,93,2013,2025,12
2015WANF02,Fiona Wang,50,93,2015,2026,11
2014NUNE05,Rodrigo Pueblas Núñez,34,93,2014,2025,11
2015CONT02,Pablo Contreras,29,93,2015,2026,11
2016MUNO15,Angel Muñoz,50,93,2016,2026,10
2016HINK01,Katie Hinkley,35,93,2016,2026,10
2016GRIG02,Giannis Grigoropoulos,32,93,2016,2026,10
2016RIDD01,Kye Riddell,45,93,2016,2025,9
2017GILL06,Anoop Gill,44,93,2017,2026,9
2016CATR01,Psyron Eubert Catral,40,93,2016,2025,9
2017TRAN21,Kenneth Tran,32,93,2017,2025,8
2018BLOC01,Jonathan Blöcher,31,93,2018,2026,8
2017ROMA11,Edson Bryan Béjar Román,30,93,2017,2025,8
2018TURE01,Anatolii Turenko,41,93,2018,2025,7
2019IGNA02,Alexandru Ignat,41,93,2019,2026,7
2019SREE06,Akash Sreedharan (ஆகாஷ் ஸ்ரீதரன்),40,93,2019,2026,7
2019ROEJ02,Jack Roe,36,93,2019,2026,7
2018MCAR01,Callum McArthur-Mortell,34,93,2018,2025,7
2019POUC01,Alaric Pouchain,32,93,2019,2026,7
2019YANT03,Timothy Yang,32,93,2019,2026,7
2017KISA01,Nipun Kisari,30,93,2017,2024,7
2019HOOG01,Roel Hoogeveen,40,93,2019,2025,6
2020HWAN01,Heewon Hwang,33,93,2020,2026,6
2021OCHO01,Juan Esteban Ochoa,36,93,2021,2026,5
2006ROBA01,Michał Robaczyk,35,93,2006,2011,5
2021PRAS02,Simon Praschl,34,93,2021,2026,5
2022RAJR01,Rohan Raj,55,93,2022,2026,4
2022CHES03,Luke Chestnutt,49,93,2022,2026,4
2022LOOT01,Tim van Loo,40,93,2022,2026,4
2022COCK01,Rik De Cock,37,93,2022,2026,4
2022PHAR01,Jay Pharma,35,93,2022,2026,4
2022YIGA01,Gabriel Neo Jun Yi,35,93,2022,2026,4
2021PARO01,Matteo Parodi,32,93,2021,2025,4
2017KONG05,Weihao Kong (孔维浩),31,93,2017,2021,4
2023OSTM01,Lukas Östman,58,93,2023,2026,3
2023SEVE03,Ezra Severson,45,93,2023,2026,3
2023LALI01,Caleb Lalik,35,93,2023,2026,3
2007HUGH01,Mike Hughey,55,92,2007,2024,17
2007CANA01,James Benedict Cañares,33,92,2007,2024,17
2010HAMA03,Ryuji Hamano (浜野竜二),65,92,2010,2026,16
2011ZHAN24,Chunyu Zhang (张春雨),47,92,2011,2025,14
2012LUGT01,Brandon Lugtu,39,92,2012,2026,14
2013JORD01,Maggie Jordan,37,92,2013,2026,13
2011FREI01,Felipe Baldívio Freires,57,92,2011,2023,12
2013RODR11,Mateo Rodríguez,36,92,2013,2025,12
2015IVAN03,Oleksandr Ivanchak (Олександр Іванчак),45,92,2015,2026,11
2014NOVO01,Tomáš Novotný,34,92,2014,2025,11
2016CARL11,Kenneth Carlos,48,92,2016,2026,10
2016CHIL02,Akshaansh Chilakapati,38,92,2016,2026,10
2013GILM01,Mateusz Gil,36,92,2013,2023,10
2016SCHO08,Jakob Schöley,33,92,2016,2026,10
2017ONDE01,Alexandre Ondet,50,92,2017,2026,9
2017REYE27,Jose Caldas,33,92,2017,2026,9
2013BRAT01,Martin Brath,30,92,2013,2022,9
2018TING05,Ming Dao Ting,45,92,2018,2026,8
2017TIBB01,Ben Tibbetts,34,92,2017,2025,8
2007AGUA01,Alejandro Aguado Barahona,32,92,2007,2015,8
2010LEEY01,Yi-Heng Lee (李宜衡),32,92,2010,2018,8
2014KATR01,Sripad Sarma Katrapati,32,92,2014,2022,8
2010KRAU02,Martin Kraut,31,92,2010,2018,8
2018TENG01,Ng Yong Teng,29,92,2018,2026,8
2018PARI11,Luis Palomar París,75,92,2018,2025,7
2011RECH01,Nick Rech,46,92,2011,2018,7
2018SORI06,Alejandro Soriano Compta,44,92,2018,2025,7
2019CHAW01,Abhi Chawla,35,92,2019,2026,7
2018IMTI01,Muhammad Saleh Imtiaz,34,92,2018,2025,7
2019BERA01,Emma Beranová,43,92,2019,2025,6
2019HEBE01,Maciej Hebel,42,92,2019,2025,6
2010TANE01,Gaurav Taneja,35,92,2010,2016,6
2018COSA01,Umut Coşan,33,92,2018,2024,6
2020SUNB01,Brian Sun,33,92,2020,2026,6
2021FINK01,Cormac Finke,46,92,2021,2026,5
2021KHAN05,Zuhair Raiyan Khan,37,92,2021,2026,5
2021JOVA01,Ilija Jovanovic,33,92,2021,2026,5
2022LOVE06,Paige Lovell,37,92,2022,2026,4
2013GOYA01,Henry Hideki Goya,35,92,2013,2017,4
2022DHAM01,Viraj Dhameja,32,92,2022,2026,4
2022RANN01,Rocco Rannisi,31,92,2022,2026,4
2021XUZI03,Zixuan Xu (徐子轩),30,92,2021,2025,4
2023BELT01,Nicolás Gómez Beltrán,52,92,2023,2026,3
2023BANS03,Ishaan Bansal,40,92,2023,2026,3
2022LIMK01,Kris Lim,32,92,2022,2025,3
2022SLOA01,Jaye Sloan,34,92,2022,2024,2
2006OOKU02,Tatsuya Ookubo (大久保達也),44,91,2006,2025,19
2008CHIN01,Leung Yu Ching (梁宇正),84,91,2008,2026,18
2010ZHAN17,Hao Zhang (张昊),38,91,2010,2026,16
2010OREL02,Gonzalo Orellana Barrasa,39,91,2010,2023,13
2014JITT01,Itthikorn Jittaveeroj (อิทธิกร จิตทวีโรจน์),41,91,2014,2026,12
2012PUTR01,Bintang Kurnia Putra,40,91,2012,2024,12
2014EPPL01,John Eppley,49,91,2014,2025,11
2014GONI01,Christian Goñi,48,91,2014,2025,11
2012DEVI01,Alese Devin,46,91,2012,2023,11
2012LIVS01,Laurence Livsey,41,91,2012,2023,11
2015WENT01,Tao Wen (温韬),34,91,2015,2026,11
2016AREC03,Daniel Isaac Garcia Arechiga,50,91,2016,2026,10
2014CLAR01,Robert Clarke,36,91,2014,2024,10
2015YERT01,Alikhan Yertursyn (Алихан Ертурсын),33,91,2015,2025,10
2016SILV08,Nick Silvestri,45,91,2016,2025,9
2017MEJI03,Luis David Hernández Mejía,40,91,2017,2026,9
2008MEND04,Marco Mendoza,39,91,2008,2017,9
2016ALBR01,John Albright,38,91,2016,2025,9
2017PIET02,Markuss Pietkuns,38,91,2017,2026,9
2014ZAWI02,Patryk Zawieja,34,91,2014,2023,9
2017CALL03,Dylan Aramayo Calle,34,91,2017,2025,8
2018KIMN04,Noah Kim,34,91,2018,2026,8
2019PEAR02,Viktor Pearl,38,91,2019,2026,7
2019KRAL01,Barbara Kralj,37,91,2019,2026,7
2009KORB02,Lasse Korbanka,34,91,2009,2016,7
2013VALE03,Rustam Valeev,38,91,2013,2019,6
2009CHEN35,Weifeng Cheng (程维锋),36,91,2009,2015,6
2021EPPI01,Nicholas Eppingstall,48,91,2021,2026,5
2021TRIP01,Michael Tripodi,42,91,2021,2026,5
2021MOSE02,Lara Moser,39,91,2021,2026,5
2021LAMP01,Elias Lampert,38,91,2021,2026,5
2022RYLA01,Vincent Rylander,47,91,2022,2026,4
2022CHAS02,Wesley Chase,38,91,2022,2026,4
2022NECU01,Anais Isabelle Necula,38,91,2022,2026,4
2022KLAP01,Augusto Agostini Klappoth,37,91,2022,2026,4
2022GUIL06,Hugo Guillet,36,91,2022,2026,4
2022GILB05,Sophie Gilbert,32,91,2022,2026,4
2022ROBI05,Eden Robinson-Rechavi,29,91,2022,2026,4
2023RUNG01,Phumiphat Rungvichaniwat (卢釣丰),40,91,2023,2026,3
2006STAD01,Thomas Stadler,46,90,2006,2026,20
2009ZBIE01,Heike Zbierski,83,90,2009,2026,17
2010YINF01,Fung Hoi Yin (馮凱賢),37,90,2010,2026,16
2010WANG56,Sheng-Wen Wang (王聖文),53,90,2010,2025,15
2011BOGA01,Anders Bogan,38,90,2011,2024,13
2011ZAKA01,Achmad Rizki Zakaria,40,90,2011,2023,12
2007BODO01,Bertalan Bodor,36,90,2007,2019,12
2008CABA03,Jakub Cabaj,43,90,2008,2019,11
2015LIUZ07,Zixuan Liu (刘子瑄),34,90,2015,2026,11
2015DORN02,Paris Dorn,31,90,2015,2026,11
2015AROR02,Arnav Arora,29,90,2015,2026,11
2016CAST01,Luis Eduardo Martínez Castellanos,45,90,2016,2026,10
2016MUNO13,Lucía Pascual Muñoz,42,90,2016,2026,10
2016MEZI01,Thibaut Mézières,41,90,2016,2026,10
2017CHAR16,Mark Charlesworth,81,90,2017,2026,9
2017LEEM04,Mariana K. Lee,48,90,2017,2026,9
2017CEGI01,Robert Cegiel,43,90,2017,2026,9
2017BUSC03,Danny Buschert,41,90,2017,2026,9
2017TIKK01,Hargun Singh Tikku,36,90,2017,2026,9
2018STOC03,Michael Stocker,42,90,2018,2026,8
2017VILL42,Claudio Andre Gomez Villca,31,90,2017,2025,8
2018PONT03,Matías Ponte,31,90,2018,2026,8
2016TORR29,Jose Daniel Cobo Torres,29,90,2016,2024,8
2019YURU02,Rui Yu (余睿),36,90,2019,2026,7
2019BEGU01,José Miguel Beguiristain,34,90,2019,2026,7
2016ANSA02,Pessi Ansaranta,34,90,2016,2022,6
2019POUL02,Brandon Poulton,29,90,2019,2025,6
2009SPIE01,Niklas Spies,38,90,2009,2014,5
2022CHIC02,Jack Chicoine,43,90,2022,2026,4
2022ERIK05,Thelma Eriksson,43,90,2022,2026,4
2022LEUN01,Gordon Leung,36,90,2022,2026,4
2022HAVI03,Sigurd Volan Håvik,35,90,2022,2026,4
2022SPEA04,Henry Spear,35,90,2022,2026,4
2022BLAC01,Adam Black,30,90,2022,2026,4
2022RODR18,Juan Sebastián Lozada Rodríguez,30,90,2022,2026,4
2023TIMO01,Víctor Tretyakov Timofeyeva,47,90,2023,2026,3
2023STRI02,Adam Stringer,44,90,2023,2026,3
2022LEON11,Lucius Leong,34,90,2022,2025,3
2023EMIL02,Matteo Emiliani,33,90,2023,2026,3
2023WILS21,Walter Lee Wilson,32,90,2023,2026,3
2010POSN02,Jacob Posner,47,89,2010,2025,15
2012KEJS01,Ottfried Kejs,32,89,2012,2026,14
2006SOUC01,Aurelien Souchet (高凡),45,89,2006,2019,13
2013GADI01,Krishnam Raju Gadiraju,37,89,2013,2026,13
2015TRIG02,Jorge Miguel Trigo,52,89,2015,2026,11
2014ARUM01,PK Arumugam,45,89,2014,2025,11
2008WITG01,Guus de Wit,35,89,2008,2019,11
2015STAD01,Kostiantyn Stadnyk (Костянтин Стадник),34,89,2015,2026,11
2015WILD01,Noah Wilde,40,89,2015,2025,10
2016LIQI03,Qingze Li (李庆泽),34,89,2016,2026,10
2017CIRA01,Thaddeus Ciras,54,89,2017,2026,9
2017POLY02,Balázs Polyák,50,89,2017,2026,9
2017GLOD01,Carlo Glod,42,89,2017,2026,9
2017TESC01,Pedro Henrique Tesch,41,89,2017,2026,9
2017WALL02,Arthur Wallem,39,89,2017,2026,9
2016SHIX02,Xinjie Shi (施鑫杰),36,89,2016,2025,9
2014BURO01,Luke Burong,32,89,2014,2023,9
2016SOKH01,Nestor Sokhan,54,89,2016,2024,8
2018WAIT02,Ryan Waite,51,89,2018,2026,8
2018FRAN26,Filip Barbirič Frank,39,89,2018,2026,8
2013ANDE04,Rasmus Andersson,35,89,2013,2021,8
2017SENI01,Oleksandr Seniuk (Олександр Сенюк),34,89,2017,2025,8
2018RAMI05,Pablo César Martínez Ramírez,33,89,2018,2026,8
2011JIAN15,Xiaojie Jiang (蒋孝杰),32,89,2011,2019,8
2013DAVA01,Alex Davani,52,89,2013,2020,7
2018GREE09,Oscar Coleman Green,48,89,2018,2025,7
2019WUBO01,Bo-Yan Wu (吳柏彥),37,89,2019,2026,7
2019FREN01,Andy French,35,89,2019,2026,7
2019ROGO04,Wojciech Rogoziński,44,89,2019,2025,6
2020BESS01,Patrick Bessel,36,89,2020,2026,6
2020NUNE01,Arián Martín Núñez,33,89,2020,2026,6
2015ZHAR01,Alexey Zharikov,32,89,2015,2021,6
2015MIKH04,Farid Mikhailov,31,89,2015,2021,6
2015GOUJ01,Justin Gou,32,89,2015,2020,5
2021COUR01,Xavier Courteau-Laing,32,89,2021,2026,5
2020CHEN31,Kai-Lun Cheng (鄭凱倫),30,89,2020,2025,5
2014BURI01,Billy Burier,44,89,2014,2018,4
2022ORBA01,András Orbán,39,89,2022,2026,4
2022URBI01,Sebastián Urbina,39,89,2022,2026,4
2022SEKH02,Kedar Sekhar,37,89,2022,2026,4
2022GIBS04,Lachlan Gibson,34,89,2022,2026,4
2022RICH02,Oliver Richards,32,89,2022,2026,4
2022RUIZ02,Marisa Revaliente Ruiz,30,89,2022,2026,4
2023LAVO01,William Lavoie,36,89,2023,2026,3
2022AUST03,Fergus Matthew Austria,34,89,2022,2025,3
2022HATI01,Sacha Hatier,32,89,2022,2025,3
2005WOIT01,Christophe Woittequand,53,88,2005,2025,20
2006NISH01,Kentaro Nishi (西賢太郎),46,88,2006,2019,13
2012BORR01,Charl Jovan Borromeo,38,88,2012,2025,13
2013PENA05,Nicolás Lasso Peña,31,88,2013,2026,13
2013TRUC01,Florian Truckenthanner,29,88,2013,2026,13
2003LARS01,Anders Larsson,80,88,2003,2015,12
2014DUDE01,Adrian Dudek,44,88,2014,2026,12
2013OLIV03,Mauricio Pinheiro de Oliveira,37,88,2013,2025,12
2012HERN03,Felipe Rueda Hernández,29,88,2012,2024,12
2014ZARA01,Rodrigo Zarate,38,88,2014,2025,11
2015SAXE01,Tanish Saxena,30,88,2015,2026,11
2016GAOY02,Yuan Gao (高原),56,88,2016,2026,10
2016SZYS02,Stanisław Szyszka,42,88,2016,2026,10
2016ATTA01,Fayad Hafiz Attaqi,39,88,2016,2026,10
2010DUJI01,Jiejie Du (杜杰杰),35,88,2010,2020,10
2015BERN02,Agustín Bernasconi,32,88,2015,2025,10
2015PHUE01,Thada Phuenghua (ธาดา พึ่งฮั้ว),31,88,2015,2025,10
2013WANK01,Key Yu Wan,30,88,2013,2023,10
2017MRUD01,Sai Mrudhun (சாய் மிருதுன்),49,88,2017,2026,9
2017NYMD01,Sergelenbat Nymdorj,47,88,2017,2026,9
2016GEEL01,Jade Geels,46,88,2016,2025,9
2017MCNE01,Dallas McNeil,46,88,2017,2026,9
2017LOUY01,Yunhao Lou (娄云皓),41,88,2017,2026,9
2014TONO01,Aharon Campoli Tono,37,88,2014,2023,9
2017HOIU01,Serhii Hoiuk (Сергій Гоюк),37,88,2017,2026,9
2011OLIV03,Thaynara Santana de Oliveira,36,88,2011,2020,9
2017OUDL01,Levi Oud,35,88,2017,2026,9
2017TIMO01,Liam Uno Timour-Silveira,34,88,2017,2026,9
2010DEIM01,Maximilian Deimel,32,88,2010,2019,9
2016DABR02,Marek Dąbrowski,49,88,2016,2024,8
2016CHEN53,Anshu Chennuru,44,88,2016,2024,8
2018GVAR01,Andro Gvaramadze,38,88,2018,2026,8
2018JOHA05,Darren Johan,35,88,2018,2026,8
2014BREN02,Samuel Brenner,30,88,2014,2022,8
2019VERB02,Clara Verbraeken,34,88,2019,2026,7
2018MUSI03,Szymon Musiał,30,88,2018,2025,7
2020KELL01,Liam Finn McCool Kelly,48,88,2020,2026,6
2019NORD06,Elias Nordlund,45,88,2019,2025,6
2019DIAS02,Mario Armando Takahashi Martins Dias,36,88,2019,2025,6
2007JAME01,Patrick Jameson,33,88,2007,2013,6
2021VOAI01,Aileen Vo,42,88,2021,2026,5
2021WALS04,Nuadha Walsh,40,88,2021,2026,5
2020KUNI01,Ivan Kunitcyn,34,88,2020,2025,5
2021FARE01,Nathan Fares,29,88,2021,2026,5
2022FIOL01,Krystian Fiołek,45,88,2022,2026,4
2022MILI01,David B. Militante,43,88,2022,2026,4
2022KEAT02,Tadhg Keating,39,88,2022,2026,4
2022OSTA01,Julian Ostadal,37,88,2022,2026,4
2022GOOD10,Miles Goodman,35,88,2022,2026,4
2022JOHN14,Connor Johnson,32,88,2022,2026,4
2015CABE01,Rodrigo Lucas Pardo,31,88,2022,2026,4
2022BODK01,Jackson Bodkin,27,88,2022,2026,4
2023LION02,Matthew Liong,36,88,2023,2026,3
2023SUWA02,Narawit Suwansin,35,88,2023,2026,3
2024SMIT03,Maddox Smith,34,88,2024,2026,2
2008DONG02,Kim Dong-Young (김동영),51,87,2008,2025,17
2010FUGU01,Guanda Fu (符冠达),44,87,2010,2025,15
2011ALAL01,Muhammad Zhafran Al-Allam,34,87,2011,2026,15
2013MOTT01,Enzo Gonçalves Motta,38,87,2013,2026,13
2012IVAN03,Fyodor Ivanov,35,87,2012,2025,13
2008KEAR01,Nathan Kearney,58,87,2008,2020,12
2013PARE01,Kunaal Parekh,34,87,2013,2025,12
2014DHAN03,Sohan Dhanak,33,87,2014,2026,12
2014CHOR01,Ryan Minjun Cho,38,87,2014,2025,11
2015DIAN02,Agustín Diano,37,87,2015,2026,11
2015LIUZ08,Zifeng Liu (刘子枫),36,87,2015,2026,11
2007ALIW01,Waris Ali,31,87,2007,2018,11
2013MATS02,Fumiya Matsui (松井郁也),46,87,2013,2023,10
2016MOBE01,Marcus Moberg,37,87,2016,2026,10
2015BELJ01,Toni Beljo,31,87,2015,2025,10
2014NERK01,Stanley Nerkowski IV,48,87,2014,2023,9
2016MORO03,Jhair Moron Gejaño,42,87,2016,2025,9
2017FAIZ01,Mohamad Adrian Syahirin Bin Mohd Faizal,40,87,2017,2026,9
2017CAST48,Egdar Castillo,39,87,2017,2026,9
2016RAYM01,Dylan Raymond,36,87,2016,2025,9
2013OLIV01,Fabiano Pinheiro de Oliveira,32,87,2013,2022,9
2017CELL01,Thomas Cellé,30,87,2017,2026,9
2018MEND18,Sara García Mendes,47,87,2018,2026,8
2014GANZ02,Artem Ganzha,31,87,2014,2022,8
2018SAIT06,Darren Saito,31,87,2018,2026,8
2017KIRB01,Ben Kirby,30,87,2017,2025,8
2019ABLA01,Ecevit Ablak,67,87,2019,2026,7
2019NOGA01,Ao Nogami (野上碧),37,87,2019,2026,7
2019NIED02,Marcel Niedl,35,87,2019,2026,7
2010ADHI01,Stephen Adhisaputra,31,87,2010,2017,7
2019AMAT01,Giacomo Amati,31,87,2019,2026,7
2019CATE01,Dominic Cater,39,87,2019,2025,6
2012KABI01,Shubhayan Kabir,34,87,2012,2018,6
2012LIIH01,I-Hsun Li (李奕勳),34,87,2012,2018,6
2020MAYT01,Ingrit Mayta,33,87,2020,2026,6
2019MOYA02,Andrew Moy,29,87,2019,2025,6
2021ABRA02,Max Abramoff,44,87,2021,2026,5
2021DOLA01,Jude Doland,36,87,2021,2026,5
2020BELA01,Badr Ait Belaid,33,87,2020,2025,5
2020ZHAN19,Alikhan Zhanybekov,30,87,2020,2025,5
2022CHUN04,Kawing Chung,63,87,2022,2026,4
2022BATR02,Aarav Batra,36,87,2022,2026,4
2022GORL02,Azaro Gorloo,34,87,2022,2026,4
2022LECL01,Medard Lecluyse,34,87,2022,2026,4
2022ESPI07,Aaron Espiritu,32,87,2022,2026,4
2022ESKE01,Niilo Eskelinen,31,87,2022,2026,4
2022STON01,Graeme Stone,31,87,2022,2026,4
2023LING02,Logan Lingasamy,52,87,2023,2026,3
2023LEER01,Ryan H. Lee,49,87,2023,2026,3
2023RUTE01,Jonathan Rutenberg,38,87,2023,2026,3
2024GABO02,Henryk Gabor,42,87,2024,2026,2
2011YOSH01,Ryohei Yoshioka (吉岡亮平),75,86,2011,2026,15
2011HUAN08,Minjie Huang (黄敏杰),50,86,2011,2026,15
2010MAAL01,Alan Ma,44,86,2010,2024,14
2003POCH01,Stefan Pochmann,39,86,2003,2017,14
2011CHEN19,Qingbin Chen (陈庆斌),33,86,2011,2025,14
2012MCMI01,Matthew McMillan,56,86,2012,2024,12
2014CABR05,Ernesto Cabrera,52,86,2014,2026,12
2013DEVE02,Lydia van Deventer,43,86,2013,2025,12
2011ARAY01,Aníbal Araya,30,86,2011,2023,12
2013CHIC01,Josué Esteban Bacilio Chicoma,28,86,2013,2025,12
2016KWIA01,Andrzej Kwiatkowski,57,86,2016,2026,10
2007YOSH01,Takumi Yoshida (吉田匠),34,86,2007,2017,10
2013FURL01,Mattia Furlan,29,86,2013,2023,10
2017LAWR04,Timothy Lawrance,46,86,2017,2026,9
2017MCLE03,David McLean,42,86,2017,2026,9
2017THYB01,Linus Thyberg,35,86,2017,2026,9
2005KWON01,Darren Kwong,33,86,2005,2014,9
2009SALA01,Jorge Leonardo Sánchez Salazar,30,86,2009,2018,9
2017NORR01,Timo Norrkniivilä,42,86,2017,2025,8
2017GALL07,Ábris Galler,32,86,2017,2025,8
2015PHAN02,Marquez Phan,30,86,2015,2023,8
2018XIAO03,Dunhui Xiao (肖敦慧),30,86,2018,2026,8
2019NOMU01,Yuki Nomura (野村優希),38,86,2019,2026,7
2019EDWA01,Ben Edwards,34,86,2019,2026,7
2020KARA02,Onur Karahan,31,86,2020,2026,6
2021PANE01,Eli Panetta,34,86,2021,2026,5
2015COOK03,Sarah Cook,46,86,2015,2019,4
2022FRAT01,Simone Dalle Fratte,42,86,2022,2026,4
2022POLD01,Simon Poldi,41,86,2022,2026,4
2022MCGR02,Hugo McGrath,40,86,2022,2026,4
2022JAIN33,Kaarnik Jain,35,86,2022,2026,4
2017ILIN01,Maxim Ilin,34,86,2017,2021,4
2022ERIK02,Kasper Eriksson,33,86,2022,2026,4
2022SCHA10,Benjamin Schaham,32,86,2022,2026,4
2022MOTA01,Ángel Quintana Mota,31,86,2022,2026,4
2015FIRM01,Tomoya Firman,29,86,2015,2019,4
2023AANK01,Ankit A,44,86,2023,2026,3
2022SUHC01,Caleb Suh,41,86,2022,2025,3
2023GOUD01,Hugo Goudriaan,35,86,2023,2026,3
2024SUBI01,Gabriel Subion,49,86,2024,2026,2
2008CUST01,John Paul Custodio,56,85,2008,2026,18
2007XUST01,Steven Xu,37,85,2007,2024,17
2012RONK01,Tomi Ronkainen,85,85,2012,2026,14
2010MORO01,Toru Morooka (諸岡徹),50,85,2010,2023,13
2012AMPO01,Mharr Justhinne Ampong,34,85,2012,2025,13
2011SVEN02,Johan Svensson,36,85,2011,2023,12
2013GBIC01,Łukasz Gębicz,33,85,2013,2025,12
2014POLL01,Samuel Pollom,32,85,2014,2026,12
2015CHEN52,Weisheng Chen (陈伟胜),45,85,2015,2026,11
2015SYGI01,Giovanni Sy,40,85,2015,2026,11
2008WOJT01,Marek Wójtowicz,46,85,2008,2018,10
2015SAMO01,Daniel Samoszyn,41,85,2015,2025,10
2016SENN01,Fabian Senn,44,85,2016,2025,9
2017VELA04,Arcadio Soriano Velázquez,43,85,2017,2026,9
2016BATE06,Esukhei Bat-Erdene (Бат-Эрдэнэ Есүхэй),34,85,2016,2025,9
2009FANH01,Haowei Fan (樊浩玮),29,85,2009,2018,9
2018KEEN02,Joel Keenan,39,85,2018,2026,8
2018MUNI02,Eduardo Munive,38,85,2018,2026,8
2018LIAN10,Ephraim Lim Shao Liang (林绍良),36,85,2018,2026,8
2017CHAN07,Sumanth Chandrupatla,32,85,2017,2025,8
2018SOOA01,Arisandra Soo,30,85,2018,2026,8
2018PHUO05,Phạm Đức Phước,29,85,2018,2026,8
2019HAMB01,Alex Hamburg,54,85,2019,2026,7
2019DAWI02,Laura Dawidiak,42,85,2019,2026,7
2019LIER03,Jonas van Lier,38,85,2019,2026,7
2019RENT01,Ricardo Pulido Renteria,36,85,2019,2026,7
2019HERR14,William Herring,33,85,2019,2026,7
2017VOLO02,Anatole Volongo,31,85,2017,2024,7
2019DREW01,Oliver Drew,31,85,2019,2026,7
2019CARD07,Jhoel Manuel Callata Cardoso,29,85,2019,2026,7
2012ROQU01,Pedro Roque,28,85,2012,2019,7
2017HARR06,William Harris,35,85,2017,2023,6
2021PHIL04,Oliver Phillips,41,85,2021,2026,5
2021SYNH01,Henry Syn,41,85,2021,2026,5
2021PAND01,Alessio Pandin,32,85,2021,2026,5
2011MATA01,Jorge Castillo Matas,28,85,2011,2016,5
2015LIZH02,Zhijun Li (李芷筠),45,85,2015,2019,4
2022WANG23,Jonathan Wang (王嘉洺),41,85,2022,2026,4
2021BRAN02,Luke O. Brannon,38,85,2021,2025,4
2022RETI01,Caleb Retik,38,85,2022,2026,4
2022WIND03,Drew Windham,38,85,2022,2026,4
2022ESSL01,César Essling,37,85,2022,2026,4
2022URBA02,Paweł Urbański,37,85,2022,2026,4
2022SUSA02,Jovan Susanto,29,85,2022,2026,4
2023KREJ01,Matyáš Krejcárek,41,85,2023,2026,3
2023PETE28,Anne Peterson,41,85,2023,2026,3
2025LIAN01,Yunzhi Lian (连允之),27,85,2025,2026,1
2009SPRI01,Alexander Springhorn,34,84,2009,2025,16
2012JAMR01,Daniel Jamrużka,37,84,2012,2026,14
2013GARC02,Francisco García,34,84,2013,2026,13
2013TIUL01,Mateo Tiul,33,84,2013,2026,13
2013FISC01,Elias Fischer,31,84,2013,2025,12
2007DIAZ01,Agustín Díaz Morón,40,84,2007,2018,11
2013BAHA01,Alan Guillermo Crespo Bahamondes,30,84,2013,2024,11
2016BEAU03,Maria Beausang,68,84,2016,2026,10
2016HSUE01,Yi-Ho Hsueh (薛以和),50,84,2016,2026,10
2016MEYE02,Christian Meyer,42,84,2016,2026,10
2015DENG08,Chris Deng,36,84,2015,2025,10
2016SANC39,Lucas Sanchez,36,84,2016,2026,10
2016HOFF03,Caleb Hoffman,32,84,2016,2026,10
2017HWAN04,Jerry Hwang (황동욱),43,84,2017,2026,9
2017VASK01,Dylan Vaskevicius,43,84,2017,2026,9
2017BENE05,Botond Benedek,38,84,2017,2026,9
2016KYLE01,Benjamin Kyle,32,84,2016,2025,9
2014SUBR04,Nitin Subramanian,42,84,2014,2022,8
2018REIN01,Martin Reinisch,33,84,2018,2026,8
2017URBA01,Mantas Urbanavičius,29,84,2017,2025,8
2017CAST51,Jadon Castillo,27,84,2017,2025,8
2018GORD04,Tye Gorder,33,84,2018,2025,7
2019MATY01,Oskar Matysik,33,84,2019,2026,7
2015KOEN01,Christian König,30,84,2015,2022,7
2017SOAR01,Ilie-Laurenţiu Soare,32,84,2017,2023,6
2021BECK01,Evan Beck,34,84,2021,2026,5
2021SUSL01,Natan Suslowicz,31,84,2021,2026,5
2022COUL02,Rune Thomas Coulbourne,35,84,2022,2026,4
2022PADU01,Ian Padua,35,84,2022,2026,4
2022BERR06,Lukas Berruti,33,84,2022,2026,4
2022RODR58,Corbin Rodriguez,33,84,2022,2026,4
2022CLEM05,Samuel Bortolan Clemente,32,84,2022,2026,4
2022CUNN04,Thomas Michael Seán Cunningham,31,84,2022,2026,4
2022SAPU01,Steve Jourdane Saputra,31,84,2022,2026,4
2022FISH01,Ezra Fish,30,84,2022,2026,4
2023HAME02,Leah Hamende,38,84,2023,2026,3
2023PENF01,Nicholas Penfold,37,84,2023,2026,3
2021ZHUR03,Ronnie Jinxuan Zhu (朱缙轩),36,84,2021,2024,3
2024SHAR07,Jalen Shareef,45,84,2024,2026,2
2007JOHN02,Erik Johnson,31,83,2007,2026,19
2009KOBA03,Branko Kobal,46,83,2009,2026,17
2006DZOA02,Chris Dzoan,34,83,2006,2023,17
2009PICH01,Piti Pichedpan (ปิติ พิเชษฐพันธ์),29,83,2009,2026,17
2010HONG01,Chi-Lun Hung (洪啟倫),47,83,2010,2026,16
2011ROSE03,Michael Rose,54,83,2011,2025,14
2009OKAD01,Yuta Okada (岡田雄太),47,83,2009,2022,13
2013LOOS01,Stefan Loosli,40,83,2013,2026,13
2013HENR01,Martin Henry,35,83,2013,2026,13
2014HEOG01,Keunsoo Heo (허근수),64,83,2014,2026,12
2014GOME07,António Gomes,43,83,2014,2026,12
2008MANA02,Jules Manalang,41,83,2008,2020,12
2007SINT01,Benjamin Sintes,33,83,2007,2019,12
2014LIDO01,Dongzhe Li (李东哲),42,83,2015,2026,11
2007HABE01,Tim Habermaas,40,83,2007,2018,11
2015TKAC02,Jakub Tkaczyk,40,83,2015,2026,11
2016SUBI02,Xènia Subirats,45,83,2016,2026,10
2016BECK06,Veronika Becková,36,83,2016,2026,10
2016BROO08,Owen Brooks,34,83,2016,2026,10
2011WANG30,Jingzheng Wang (王景正),30,83,2011,2021,10
2014NORD02,Amos Nordman,30,83,2014,2024,10
2015SILV55,Antonio Gabriel Freitas da Silva,29,83,2015,2025,10
2017LIUJ21,Joy Liou Liu (刘丽欧),45,83,2017,2026,9
2017FALA02,Zaky Kurnia Falah,39,83,2017,2026,9
2017BRYA01,Thomas Bryan,35,83,2017,2026,9
2016YURK01,Cory Yurkovic,33,83,2016,2025,9
2017TANG19,Aolin Tang (唐奥林),31,83,2017,2026,9
2018KRIZ01,Jan Křížka,75,83,2018,2026,8
2017LIWI03,Wilson Li (李超雄),52,83,2017,2025,8
2018ZERO01,Alan Żeromski,43,83,2018,2026,8
2018RIAB01,Yurii Riabov (Юрій Рябов),39,83,2018,2026,8
2018JANS03,Tristan Jansen,29,83,2018,2026,8
2018BIDW02,Matthew Bidwell,27,83,2018,2026,8
2007PAPA01,Jonathan Papa,32,83,2007,2014,7
2019RATT02,Louis-Marie Ratto,30,83,2019,2026,7
2018LAUR02,Ricardo Sanchez Laurencio,28,83,2018,2025,7
2015MURN01,Diana Murnik,62,83,2015,2021,6
2019LIJA01,Jayce Li,31,83,2019,2025,6
2021MARC03,Chiara Marcucci,51,83,2021,2026,5
2021SHEN01,Edwin Shen,32,83,2021,2026,5
2022MART26,Astrid Gómez Martin,61,83,2022,2026,4
2022CORD03,Mark Cordell,49,83,2022,2026,4
2022CORR06,Jack Corr,42,83,2022,2026,4
2022GOOD11,Todd Goodwin,41,83,2022,2026,4
2022SMIT20,Eddie Smith,39,83,2022,2026,4
2022BRKI02,Matej Brkić,37,83,2022,2026,4
2022RETT01,Richard Rettich,34,83,2022,2026,4
2022TAPO01,József Tapodi,33,83,2022,2026,4
2014JOHN04,Alex Johnson,32,83,2014,2018,4
2022WANG06,Daniel Wang,31,83,2022,2026,4
2022COOP04,Albie Cooper,28,83,2022,2026,4
2023CASE06,Rich Casey,53,83,2023,2026,3
2023GABA01,Szymon Gabara,44,83,2023,2026,3
2023ROLL01,Charles F. Roller,37,83,2023,2026,3
2022RAYY01,Muhammad Rayyan,36,83,2022,2025,3
2023SAAR01,Carolin Saar,28,83,2023,2026,3
2024PRAS04,Srianiketh Prashanth,32,83,2024,2026,2
2007LUJI01,Jia-Hong Lu (陸嘉宏),45,82,2007,2026,19
2012CHAJ01,Joon Cha (차준혁),37,82,2012,2026,14
2013TEIX02,Jhonatan Martins Teixeira,46,82,2013,2026,13
2015ROBI03,Rafael Alférez Robisco,37,82,2015,2026,11
2008MHLS01,Joris Mühlsteff,35,82,2008,2019,11
2014RAJA02,Sandeep Rajaram,35,82,2014,2025,11
2014VERT01,Genesis Vertudez,33,82,2014,2025,11
2011GUCU01,Can Gücüyener,31,82,2011,2022,11
2014PAUL06,Nicholas Paul,30,82,2014,2025,11
2016REIM01,Denis Reimer,52,82,2016,2026,10
2015KATY01,Alexander Katyukov (Александр Катюков),51,82,2015,2025,10
2016HINS02,Shek Ho Hin (石灝軒),42,82,2016,2026,10
2016MART84,Juan Nicolás Pinzón Martínez,42,82,2016,2026,10
2016RIZO01,Andrew Rizo,34,82,2016,2026,10
2013HOLM01,Kristian Holme,32,82,2013,2023,10
2014KIMD06,Doyul Kim (김도율),32,82,2014,2024,10
2013MARS02,Michał Marszałek,28,82,2013,2023,10
2017SCHM13,Nicolas Schmied,53,82,2017,2026,9
2015DEEJ01,Jasper Alvin Dee,48,82,2015,2024,9
2016GROS06,Christophe Grosjean,46,82,2016,2025,9
2017CHEN05,Maksim Chen,35,82,2017,2026,9
2017GRAH02,Avery Graham,32,82,2017,2026,9
2017TARA01,Ahmet Berkalp Tarakçı,28,82,2017,2026,9
2017MOTI02,Mikas Motiejuitis,41,82,2017,2025,8
2017BARR18,Fabian Andrey Montenegro Barrero,40,82,2017,2025,8
2018HAFE01,Hamza Hafeez,38,82,2018,2026,8
2018WANG40,Zhenyu Wang (王振宇),34,82,2018,2026,8
2010TINJ01,Janelle Tin,33,82,2010,2018,8
2018LEAJ01,AJ Le,28,82,2018,2026,8
2018HUNG09,Thierry Orland Hung (洪蒂威),35,82,2018,2025,7
2019FLOR12,Bea Alexandra Marie Flores,35,82,2019,2026,7
2019MCMO01,Conor Ryan McMorrow,31,82,2019,2026,7
2019HUNG16,Đỗ Quang Hưng,26,82,2019,2026,7
2012ARTH01,Noa Arthurs,50,82,2012,2018,6
2017ONUS01,Maxim Onushkin,41,82,2017,2023,6
2012WESC01,Lucas Wesche,30,82,2012,2018,6
2009BEVA01,Stefano Bevacqua,28,82,2009,2015,6
2014SATT01,Brandon Satterstrom,50,82,2014,2019,5
2022REAV01,Miles Reavis,33,82,2022,2026,4
2022AZIZ02,Bora Azizoğlu,31,82,2022,2026,4
2014ZHOU10,Guanchen Zhou (周冠辰),30,82,2014,2018,4
2022CHIE03,Nathan Chiem,29,82,2022,2026,4
2022KAOB01,Benjamin Kao,29,82,2022,2026,4
2022KALE01,Kaloyan Vladimirov Kalev,28,82,2022,2026,4
2023DIAZ45,Sergio Chaparro Díaz-Cano,45,82,2023,2026,3
2023POSA01,Alvaro Perez Posas,43,82,2023,2026,3
2023KONN01,Yuto Konno,40,82,2023,2026,3
2023MAOS01,Matt Mao,34,82,2023,2026,3
2023BEYA01,Juan José Ramírez Beyaert,28,82,2023,2026,3
2024GRAN16,Leon Granér,50,82,2024,2026,2
2024OPPE03,Jake Oppedisano,37,82,2024,2026,2
2006SHEU01,Vincent Sheu,40,81,2006,2025,19
2013ESTE02,Augusto Rosa Esteves,38,81,2013,2026,13
2014OTER01,Murillo Gomes Otero,35,81,2014,2026,12
2012YUTA01,Tao Yu (喻韬),26,81,2012,2024,12
2005HSUA01,Anthony Hsu,33,81,2005,2016,11
2015WYSS01,Dimitri Wyss,43,81,2015,2025,10
2016FLOR18,Diego Isai Mijangos Flores,31,81,2016,2026,10
2016REND02,Berk Rende,29,81,2016,2026,10
2016GEEN01,Nathaniel Gee,38,81,2016,2025,9
2017MERA01,Diego Alonso Tapia Mera,37,81,2017,2026,9
2017CAOR01,Rilang Cao (曹日朗),35,81,2017,2026,9
2017DOHE01,Tom Doherty,32,81,2017,2026,9
2015SAIF01,Aamir Saifee,31,81,2015,2024,9
2016SUAM01,Maverick Sua,31,81,2016,2025,9
2018HOVO01,Yelysei Hovorun (Єлисей Говорун),39,81,2018,2026,8
2018PIME03,Abraham Venancio Arotinco Pimentel,38,81,2018,2026,8
2018PRAS05,Atis Prasitvatanakul (อธิษฐ์ ประสิทธิ์วัฒนะกุล),35,81,2018,2026,8
2010BAYL01,Nat Baylon,34,81,2010,2018,8
2007CINO01,Rafael de Andrade Cinoto,33,81,2017,2025,8
2011JONA01,Andre Febriato Jonathan,30,81,2011,2019,8
2011VERS03,Georgy Vershinin,28,81,2011,2019,8
2018RUPP02,William Henry Ruppert V,28,81,2018,2026,8
2018SPIL01,Aaron Spiller,42,81,2018,2025,7
2007MOSE02,Jack Moseley,32,81,2007,2014,7
2009SMAR01,Jan Smarschevski,28,81,2009,2016,7
2020OREN01,Kinkajou Celeste Oren,37,81,2020,2026,6
2015KOZH01,Vladislav Kozhin,34,81,2015,2021,6
2017HONG17,Jinseo Hong,33,81,2017,2023,6
2018OLAN01,Nathan Olano,31,81,2018,2024,6
2020COLV01,Vincent Da Col,30,81,2020,2026,6
2021HARR02,Joel Harrop,44,81,2021,2026,5
2014HUNT01,Jason Hunt,36,81,2014,2019,5
2021FORB01,Harry Forbes,34,81,2021,2026,5
2021DING02,Ziqi Ding,33,81,2021,2026,5
2009WANG13,Yuxuan Wang (王宇轩),32,81,2010,2015,5
2019SIER04,Matthew Sieredzinski,32,81,2019,2024,5
2022BURG03,Dominic Burger,45,81,2022,2026,4
2022HONG10,Anderson Hong,43,81,2022,2026,4
2022WOLF02,Jasper Wolfe-Tham,42,81,2022,2026,4
2022HORV01,Tajda Horvat,40,81,2022,2026,4
2022LOLA01,Lola Pap,36,81,2022,2026,4
2022CAMP02,Nicolas Campanario,35,81,2022,2026,4
2022CHOK02,Dev Choksi,35,81,2022,2026,4
2022LAUR09,Elliott Laurent,32,81,2022,2026,4
2022WIGI01,Benjamin Wiginton,32,81,2022,2026,4
2022MART13,Valerio Martinelli,31,81,2022,2026,4
2009BRZE01,Kalina Jakubowska,28,81,2016,2020,4
2023YILU01,Luis Tan Hong Yi (陈宏溢),47,81,2023,2026,3
2022PINO01,Diego Garcia Pino,36,81,2022,2025,3
2023UZUN04,Can Uzun,32,81,2023,2026,3
2023NIKO07,Ilias Nikolaou,29,81,2023,2026,3
2011KERN02,Patrick Kern,31,80,2011,2026,15
2012GAIT01,Luna Gaitán,46,80,2012,2026,14
2012GIOV02,Luiggi Giovanucci,34,80,2012,2026,14
2014MART08,Areli Rubí Gordillo Martínez,79,80,2014,2026,12
2013ARVI02,Sachin Arvind,68,80,2013,2025,12
2014PRES01,Manel Prestieri,50,80,2014,2026,12
2013BROT01,Chris Brotzman,34,80,2013,2025,12
2014MITT02,Tarandeep Mittal,59,80,2014,2025,11
2015CHAK01,Snehashish Chakravarti,47,80,2015,2026,11
2015LULL01,Mohit Lulla,45,80,2015,2026,11
2008ZERU01,Krzysztof Żerucha,38,80,2008,2019,11
2015PARD02,Marvin Orlando Salguero Pardo,27,80,2015,2026,11
2016RIVE14,Rocio Rodriguez Rivera,74,80,2016,2026,10
2009GORY01,Anton Goryachikh,46,80,2009,2019,10
2007JIPT01,Kai Jiptner,35,80,2007,2017,10
2015YAKH01,Daniel Yakhkind (Даніель Яхкінд),31,80,2015,2025,10
2016CHOI01,Chris Choi,30,80,2016,2026,10
2016LAYU01,Lorenzo Layug,37,80,2016,2025,9
2016KOPK01,Kai Kopke,34,80,2016,2025,9
2009THIE02,Alex Thielemier,33,80,2009,2018,9
2016OCON02,Lucas O'Connell,32,80,2016,2025,9
2017MCSH01,Xander McSherry,32,80,2017,2026,9
2007ALCA01,Carlos de Alcântara,26,80,2007,2016,9
2018MITC03,Jayden Mitchell,36,80,2018,2026,8
2014BRED02,Birk Bredland,35,80,2014,2022,8
2018ELLA01,Omar Ellabban,34,80,2018,2026,8
2018PIKE01,Chandler Pike,34,80,2018,2026,8
2018THOM07,Corentin Thomée,32,80,2018,2026,8
2011FANG02,Shujie Fang (方述杰),30,80,2011,2019,8
2018SELL01,Carlos Augusto Gianesi Seller,30,80,2018,2026,8
2018HERR19,Derek Herrera,24,80,2018,2026,8
2014ZHAO10,Jiazheng Zhao (赵家正),42,80,2014,2021,7
2019LUCA01,Kaidyn De Luca-Mazza,40,80,2019,2026,7
2009LOHU01,Hung Lo (羅鴻),39,80,2009,2016,7
2019FONG04,Ryan Fong,38,80,2019,2026,7
2012POJD01,Piotr Pojda,37,80,2012,2019,7
2016JANO01,Jēkabs Janovs,34,80,2016,2023,7
2018BALL01,James Ballantine,31,80,2019,2026,7
2018LJUB01,Jakov Ljubicic,31,80,2018,2025,7
2019DOCK02,Kaden Christopher Dockins,30,80,2019,2026,7
2019BADR01,Osman Badroodin,29,80,2019,2026,7
2019CORA01,Malo Coraboeuf,28,80,2019,2026,7
2019KUMA37,Akshath Naveen Kumar,28,80,2019,2026,7
2019TORR06,Erick Steven Muñoz Torres,27,80,2019,2026,7
2019KERT01,Ffion Haf Kerton,26,80,2019,2026,7
2019TARA09,Timofei Tarasenko,26,80,2019,2026,7
2017SUND09,Waldemar Sundin,25,80,2017,2024,7
2011KOWO01,Paweł Kowol,44,80,2011,2017,6
2013STAC01,Kacper Stacha,41,80,2013,2019,6
2016GUND05,Dmitry Gundin,36,80,2016,2022,6
2019HUET02,Tim van Huet,36,80,2019,2025,6
2013MCGR02,Logan McGraw,33,80,2013,2019,6
2019KEHI01,Omri Kehila,29,80,2019,2025,6
2021ABAL01,Renata Francisca De La Fuente Ábalos,40,80,2021,2026,5
2021CHOU01,Michael Chou (周禹),38,80,2021,2026,5
2021OCON01,Daithí O'Connor,36,80,2021,2026,5
2021SAMP01,Albert Mandicó Sampol,36,80,2021,2026,5
2012WICH01,Bennet Wichmann,29,80,2012,2017,5
2022SAND02,Declan Sander,41,80,2022,2026,4
2022SANO02,Tsukasa Sano (佐野司),37,80,2022,2026,4
2022MEGU01,Tisa Megušar,35,80,2022,2026,4
2022TULL02,Logan Tully,35,80,2022,2026,4
2022COWA02,Luke Cowan,33,80,2022,2026,4
2022SCHU05,Henry Schueneman,33,80,2022,2026,4
2021LINK02,Kai-Xuan Lin (林楷軒),32,80,2021,2025,4
2022BUTL06,Charlie Butler,32,80,2022,2026,4
2022FRED05,Ian Cantius Fredric,32,80,2022,2026,4
2022THOM14,Brayden Thompson,32,80,2022,2026,4
2022THRE02,Samuel Threlkeld,30,80,2022,2026,4
2022ANDZ01,Miłosz Andzel,28,80,2022,2026,4
2022STRA10,Thomas Strasser,26,80,2022,2026,4
2020MORR01,Warren Morris,35,80,2023,2026,3
2022MAOM01,Michael Mao,35,80,2022,2025,3
2022FOLK01,Olle Folkesson,32,80,2022,2025,3
2022PENN04,Alex Pennington,32,80,2022,2025,3
2023RODR31,Jose Miguel Valdes Rodriguez,28,80,2023,2026,3
2010MCIL02,Ryan McIlhenny,31,79,2010,2026,16
2013HSIE01,Ching-Cheng Hsieh (謝京城),43,79,2013,2026,13
2011AGAR05,Sumeet Agarwal,31,79,2011,2024,13
2011LIMA02,Bruno Fonsêca Coelho Lima,30,79,2011,2024,13
2014ZHAN11,Yunke Zhang (张云柯),31,79,2014,2026,12
2013FORT01,Christian de Sena Fortunato,29,79,2013,2025,12
2014MARQ02,Marlon de V. Marques,44,79,2014,2025,11
2014ZAUS01,Krystian Załuski,41,79,2014,2025,11
2016ROBL05,Christofer Alejandro Aguirre Robledo,51,79,2016,2026,10
2015BROM01,Yorick Brommer,45,79,2016,2026,10
2008TOMI01,Takahiro Tomisawa (富沢隆広),39,79,2008,2018,10
2016LIJE01,Jeffrey Li,31,79,2016,2026,10
2016ZHEN09,Ang Chin Zhen (洪靖程),31,79,2016,2026,10
2016HARI06,Shivaan Harichander,29,79,2016,2026,10
2016NIMA01,Raphael Niman,28,79,2016,2026,10
2010TERA01,Kotaro Terada (寺田晃太朗),52,79,2010,2019,9
2017ZUNI05,Axel Uriel Sánchez Zúñiga,40,79,2017,2026,9
2016CAST04,Jairo Paez Castro,36,79,2016,2025,9
2011ADAM03,Mateusz Adamczyk,35,79,2011,2020,9
2016LAIC01,Christopher Lai,32,79,2016,2025,9
2017HUYN02,Timothy Huynh,32,79,2017,2026,9
2017HUNT05,Nate Hunter,31,79,2017,2026,9
2017XUAN03,Shawn Lee Zhi Xuan (李致轩),30,79,2017,2026,9
2018TENE01,Alexander Tenev,36,79,2018,2026,8
2018COOP01,Sam Cooperman,31,79,2018,2026,8
2018ISAK06,Damir Issakov,30,79,2018,2026,8
2018BARK03,Sutton Barkley,29,79,2018,2026,8
2019NESS01,Andreas Nessan,38,79,2019,2026,7
2018GONZ25,Luka Arce González,35,79,2018,2025,7
2013VERM02,Kornél Vermes,33,79,2013,2020,7
2009LIPA01,Patricia Li,27,79,2009,2016,7
2011LAUA01,Alexander Lau,25,79,2011,2018,7
2020TORR01,Ricardo Hurtado Torres,33,79,2020,2026,6
2011STAN02,Nick Stanton,28,79,2011,2017,6
2013UVES01,Mattias Uvesten,28,79,2013,2019,6
2019NATA01,Samaran Natarajan,26,79,2019,2025,6
2021LOPE01,Juan Felipe Gómez López,39,79,2021,2026,5
2014STRI01,Marko Striyeshyn,31,79,2014,2019,5
2014MORE01,Renzo Rodriguez Moreno,30,79,2014,2019,5
2021MAGO02,Quirin Mágori,29,79,2021,2026,5
2018JOSH01,Om Joshi,27,79,2018,2023,5
2022JAGO02,Elijah Francis Jagonio,47,79,2022,2026,4
2022SAND01,Josh Sanderson,40,79,2022,2026,4
2022CATA01,Alvaro Javier Viscarra Catacora,35,79,2022,2026,4
2022HART11,Graham Hartman,33,79,2022,2026,4
2022PRET04,Federico Preti,31,79,2022,2026,4
2022RAJE06,Kavin Rajendran,31,79,2022,2026,4
2021ZHOU19,Anna Zhou,29,79,2021,2025,4
2022SAND19,Angel David Alvarado Sandoval,29,79,2022,2026,4
2022SENS02,Jaxon Sensabaugh,28,79,2022,2026,4
2022SJOG01,Leo Sjögren,27,79,2022,2026,4
2022ADAM01,Lachlan Adams-Romyn,24,79,2022,2026,4
2022CHEN77,Austin Chen,40,79,2023,2026,3
2023SZAJ01,Dominik Szajek,40,79,2023,2026,3
2023BERN07,Florian Bernard,39,79,2023,2026,3
2023CREM01,Lucian Mihai Cremeneanu,38,79,2023,2026,3
2023UDAT01,Artur Udatsnoi,35,79,2023,2026,3
2023GRZE02,Ryne Grzesinski,34,79,2023,2026,3
2023WITT03,Marcus Gottorp Wittendorff,33,79,2023,2026,3
2023KERL01,Johnny Morello Kerlaff,28,79,2023,2026,3
2022GREE02,Theo Greenwood,27,79,2022,2025,3
2023MARA10,Stephanie Rose Martin,27,79,2023,2026,3
2023SALA29,Alessandro Sala,27,79,2023,2026,3
2022VISH01,Yoav Vishne,26,79,2022,2025,3
2023DUFI01,Aaron Dufieux,28,79,2023,2025,2
2023CHAN16,Ryan Chan,23,79,2023,2025,2
2009FLUG01,Andres Flügel,29,78,2009,2026,17
2008CARA01,Gilberto Caracciolo Morelli,59,78,2008,2024,16
2010STEV02,Robbie Stevenson,41,78,2010,2026,16
2009SATO02,Shinichiro Sato (佐藤真一郎),29,78,2009,2025,16
2011HAID01,Denys Haidaichuk,37,78,2011,2025,14
2012CAMP03,Gabriel Pereira Campanha,32,78,2012,2026,14
2013OPOK01,Radosław Opoka,47,78,2013,2026,13
2013WIKO01,Kacper Wiłkojć,40,78,2013,2026,13
2011CHER02,Andrii Chernichko (Андрій Черничко),29,78,2011,2024,13
2014DATT01,Dattatreya Chodavarapu,56,78,2014,2026,12
2012ZHAN50,Xiaojing Zhang (张小静),38,78,2012,2024,12
2013MAZU02,Eduardo Mazuera,35,78,2013,2025,12
2012HJIN01,Jarvis Jin,32,78,2012,2024,12
2015SMED01,Christian Smedegaard,34,78,2015,2026,11
2014MOSA01,Jordan Mosakowski,30,78,2014,2025,11
2015ZHAN62,Xi Zhang (张希),30,78,2015,2026,11
2016ADIB01,Muhammad Adib,41,78,2016,2026,10
2016WEIL02,Alena Weiley,36,78,2016,2026,10
2017NOVA05,João Luiz Melo Novaes,68,78,2017,2026,9
2017MART16,Raúl Serrano Martínez,45,78,2017,2026,9
2017BHOL01,Veenayak Bhola,40,78,2017,2026,9
2017DUNN03,Isaac James Dunn,39,78,2017,2026,9
2009COGH01,Andrew Coghill,36,78,2009,2018,9
2017HARR08,Charlie Harrison,27,78,2017,2026,9
2017GONZ39,Perry Nathaniel Gonzales,39,78,2017,2025,8
2018VANN02,Michael Vanner,33,78,2018,2026,8
2018FOWL03,Braxton Lee Fowler,31,78,2018,2026,8
2018KAJA01,Eetu Kaján,30,78,2018,2026,8
2017DELG12,Enrique Adolfo Delgado,25,78,2017,2025,8
2016WILE01,Kristin Wiley,46,78,2016,2023,7
2019LEON04,Jamar Leonard,42,78,2019,2026,7
2019DARR02,Charles Darrington,38,78,2019,2026,7
2019BAXE02,Nikolas Baxevanis,34,78,2019,2026,7
2019NURS01,Kenneth Nursalim,33,78,2019,2026,7
2017GARC63,Kevin Carrillo García,32,78,2017,2024,7
2016PALC02,Leonid Palchenko (Леонід Пальченко),31,78,2016,2023,7
2017HANY01,Yezhen Han (韩业臻),27,78,2017,2024,7
2020LOPE03,Joan Manuel Ciurlizza López-Caparrós,40,78,2020,2026,6
2020SANC01,Gabriel Sanchez-Rivera,36,78,2020,2026,6
2019SULL01,Tate Sullivan,32,78,2019,2025,6
2018KANT01,Tolga Kaan Kantarcı,27,78,2018,2024,6
2019GUNG01,Muhammed Volkan Güngör,27,78,2019,2025,6
2021LIED01,Tobias Lied,39,78,2021,2026,5
2021GALI02,Carlo Galimberti,31,78,2021,2026,5
2021ZHUR04,Diasbek Zhuraev (Диасбек Жураев),29,78,2021,2026,5
2021ZHUA01,Yiming Zhuang (庄轶茗),27,78,2021,2026,5
2022PEDI01,George Pedigo,41,78,2022,2026,4
2022WONG03,Mason Wong,39,78,2022,2026,4
2022PELT02,Kaleb Peltola,34,78,2022,2026,4
2022IVAN02,Bruno Ivančić,33,78,2022,2026,4
2022KENN12,Deasúin Kenny,30,78,2022,2026,4
2022BANM01,Matthew Ban,24,78,2022,2026,4
2023VICT03,Joakim Hendrich Victorino,39,78,2023,2026,3
2022HERB02,Thea Herborn,38,78,2022,2025,3
2022ZIVA01,Amitai Ziv,35,78,2022,2025,3
2022ANTO01,Eevert Antola,29,78,2022,2025,3
2022BOCA01,Alexandru Boca,28,78,2022,2025,3
2022POUR02,Netanel Pour,27,78,2022,2025,3
2022DAVI06,Dean David,23,78,2022,2024,2
2008WAIM01,Mok Mun Wai (莫滿懷),42,77,2008,2023,15
2012ZHAO05,Yihao Zhao (赵羿皓),47,77,2012,2026,14
2013LIUC02,Chun-Ting Liu (劉淳庭),46,77,2013,2025,12
2014KIMJ02,Jungwoo Kim (김정우),43,77,2014,2026,12
2014GRAY03,Brendan James Gray,35,77,2014,2025,11
2015IYER03,Ansh Iyer,31,77,2015,2026,11
2016RIVE01,Gustavo Riveiro,42,77,2016,2026,10
2015REAG01,Marcus Reagor,39,77,2015,2025,10
2015ZELE01,Eeshan Zele,34,77,2015,2025,10
2016HNID02,Yurii Hnidko (Юрій Гнідко),25,77,2016,2026,10
2016PRZY01,Kamil Przybylski,48,77,2017,2026,9
2008CRAW01,Simon Crawford,26,77,2008,2017,9
2018KRIS28,Sri Ganesh Krishna,47,77,2018,2026,8
2018LOPE09,Jesús Jorge García López,40,77,2018,2026,8
2018MINK01,Nate Minkevich,40,77,2018,2026,8
2018GIRA08,Christian Girardy,33,77,2018,2026,8
2018SUNM09,Max Sun,30,77,2018,2026,8
2018KAST02,Ihor Kastranets (Ігор Кастранець),29,77,2018,2026,8
2018BEIS01,Sanzhar Beisembayev,28,77,2018,2026,8
2018TORS01,Tor Torstensson,28,77,2018,2026,8
2018SIDH02,Dilshawn Sidhu,33,77,2018,2025,7
2019THEO03,Connor Theodore,31,77,2019,2026,7
2020SHRA01,Arghy Shravast,27,77,2020,2026,6
2019ZHEN04,Deng Zhengping,26,77,2019,2025,6
2021NGUY04,Lukas Nguyen,33,77,2021,2026,5
2020FOOT02,Jeremy Foott,29,77,2020,2025,5
2022MENE02,Irene Fraile Menéndez,42,77,2022,2026,4
2022LEEB02,Brendan Lee,39,77,2022,2026,4
2022VENH01,Nanno Venhorst,38,77,2022,2026,4
2021ZHAN52,Martin Zhang (张镐轩),37,77,2021,2025,4
2022BERN01,Beatriz Hernandes Bernardes,36,77,2022,2026,4
2022HONG02,Chris Hong,35,77,2022,2026,4
2022KAKA01,Hrishikesh Kakati,35,77,2022,2026,4
2022BHUW01,Hitesh Kumar Bhuwalka,29,77,2022,2026,4
2022COST18,Joshua Da Costa,28,77,2022,2026,4
2022KAOE01,Emmanuel Kao,26,77,2022,2026,4
2023PETE29,Rachel Joy Peterson,41,77,2023,2026,3
2022MELE01,Angelo Melera,38,77,2022,2025,3
2023SUNX01,Xuanyu Sun,31,77,2023,2026,3
2022NORR01,Finley Norris,27,77,2022,2025,3
2024DORO01,Lev Azaria Doron,31,77,2024,2026,2
2024HUNT04,Scott Hunter,30,77,2024,2026,2
2008ERBI01,Guillaume Erbibou,40,76,2008,2025,17
2005ANGO01,Carlos Angosto Hernández,38,76,2005,2019,14
2011CHAN13,Swaminathan Chandrasekaran,35,76,2011,2025,14
2013STRE01,Ben Streeter,39,76,2013,2026,13
2005FERN01,Ravi Fernando,27,76,2005,2018,13
2013KIMH01,Habin Kim (김하빈),35,76,2013,2025,12
2015PATO01,Alasdair Paton,44,76,2015,2026,11
2015MOEN01,Jesse Moens,43,76,2015,2025,10
2016HAMB02,Brian Hambeck,33,76,2016,2026,10
2016HNID01,Volodymyr Hnidko (Володимир Гнідко),25,76,2016,2026,10
2017DOHA01,Hao Do,29,76,2017,2026,9
2013KLEM01,Lauren Clement,68,76,2017,2025,8
2017YANG64,Shawn Yang,36,76,2017,2025,8
2018BOHN04,Stephen Bohner,36,76,2018,2026,8
2011MAOS01,Shenchuan Mao (毛神川),33,76,2011,2019,8
2015ARJA01,Juho Arjanne,32,76,2015,2023,8
2018GUTH01,Kari Guthrie,31,76,2018,2026,8
2018WATE02,Toby Waters,30,76,2018,2026,8
2014ARYS01,Ilyas Arystanbekov (Ильяс Арыстанбеков),28,76,2014,2022,8
2018MCCA02,Colm McCarthy,28,76,2018,2026,8
2018NGHA02,Hayden Ng (吳宇晞),27,76,2018,2026,8
2018DULL02,Gustavo Dias Dullens,26,76,2018,2026,8
2019SOAR03,Mihai Soare,43,76,2019,2026,7
2011DUAR02,Wilson José Duarte Espitia,39,76,2011,2018,7
2019BROW10,Aidan Browne,38,76,2019,2026,7
2016MELN01,Yevheniia Melnykova (Євгенія Мельникова),28,76,2016,2023,7
2007ZHAN03,Shenjia Zhang (张砷镓),26,76,2007,2014,7
2020PHAM01,Franklin Pham,35,76,2020,2026,6
2019BUSK01,Jared Buske-Fehrle,34,76,2019,2025,6
2008ZIEL01,Kamil Zieliński,33,76,2008,2014,6
2019FRAN18,Elijah Franklin,33,76,2019,2025,6
2020GUAR01,Marco Guarasci,27,76,2020,2026,6
2013ZHYH01,Vladyslav Zhyhailo (Владислав Жигайло),26,76,2013,2019,6
2013LEON05,Angelo Giovanni Licetti León,23,76,2013,2019,6
2021THOM05,Dorian Thomas,29,76,2021,2026,5
2022SHAR37,Colin Sharpe,37,76,2022,2026,4
2022KUMA32,Arnav Kumar,35,76,2022,2026,4
2022CHAR05,Gavin Chartier,33,76,2022,2026,4
2022PLUG01,Jonathan Plug,32,76,2022,2026,4
2022SIME04,Jonathan Hummel Simensen,28,76,2022,2026,4
2021DAHN01,Kiarah Avéline Dähne,26,76,2021,2025,4
2019HUAN73,Cindy Xiaoyue Huang (黄小越),41,76,2022,2025,3
2023JASC01,Lion Jäschke,34,76,2023,2026,3
2023BELT04,Sebastian Bruno Beltran,33,76,2023,2026,3
2023VOIG02,Elliot Voigt,33,76,2023,2026,3
2022LUCA01,Alfred Anthony Riise Lucas,31,76,2022,2025,3
2023JURI01,Jakub Jurika,30,76,2023,2026,3
2024GUTI02,Sergio Camilo Estupiñán Gutiérrez,45,76,2024,2026,2
2007BERN01,Balázs Bernát,31,75,2007,2023,16
2011LIME01,Meng-Yi Li (李孟一),37,75,2011,2026,15
2012HOFL01,Julian Höfler,30,75,2012,2026,14
2012JALO01,Grzegorz Jałocha,39,75,2012,2025,13
2013KOWA01,Sebastian Kowalewski,38,75,2013,2026,13
2013CLAP01,Maxime Clapié,33,75,2013,2026,13
2011SIMC01,Noah Simcox,31,75,2011,2024,13
2014ESPA01,Alyssa Esparaz,53,75,2014,2026,12
2014MALI04,Lilyn Ma,44,75,2014,2026,12
2012SEET01,Nathan Seeto,43,75,2012,2024,12
2013MENT01,Anuj Menta,38,75,2013,2025,12
2015SIMA02,Carolina Cunha Simão,45,75,2015,2026,11
2015BLYB01,Leo Blyberg,35,75,2015,2026,11
2014SCHO03,Amit Schori,30,75,2014,2025,11
2008ZHOU01,Kevin Zhou,29,75,2008,2019,11
2016KANE02,Natapong Kanema,36,75,2016,2026,10
2016DANI08,Justus Danielsen,33,75,2016,2026,10
2015LEEJ02,Jerich Lee,30,75,2015,2025,10
2017STAD03,Lean Stadler,40,75,2017,2026,9
2016JOHA01,Kabir Johal,34,75,2016,2025,9
2017ENKH01,Amarsanaa Enkhbaatar,32,75,2017,2026,9
2017JADA01,Christoph Jadan,32,75,2017,2026,9
2017SORO05,Bilguuntamir Soronzontugs (Соронзонтөгс Билгүүнтамир),32,75,2017,2026,9
2017ANDR16,Timotej Andrejko,29,75,2017,2026,9
2015DUQU01,Santiago Duque,28,75,2015,2024,9
2017WALL12,Stephen Waller,26,75,2017,2026,9
2018BATS01,Buyantogtokh Batsaikhan (Батсайхан Буянтогтох),36,75,2018,2026,8
2017SEMO02,Marcos Ferreira Semolini,34,75,2017,2025,8
2018PERR04,Rémi Perrin,33,75,2018,2026,8
2018YANG92,Chih-Chuan Yang (楊智全),32,75,2018,2026,8
2017PIWA01,Wayne Pi,30,75,2017,2025,8
2018CRUZ17,Ricardo Zapata Cruz,28,75,2018,2026,8
2018MARI04,Stephen Mark V. Mariñas,28,75,2018,2026,8
2019PATT06,Daniel Patton,42,75,2019,2026,7
2017SHAR27,Shyngys Sharapadin (Шынгыс Шарападин),36,75,2017,2024,7
2019ISSA04,Abdel Issa,31,75,2019,2026,7
2019CHAI04,Carol Chai,25,75,2019,2026,7
2019BLOC02,Krzysztof Bloch,24,75,2019,2026,7
2013PING01,Anant Pingle,30,75,2013,2019,6
2021KLIO01,Viltė Klioštoraitytė,30,75,2021,2026,5
2022HAUS03,Nicole Hauser,42,75,2022,2026,4
2022CHAP02,Calder Chapuisat,41,75,2022,2026,4
2022POZU01,Aitor Javier Rubio Pozuelo,40,75,2022,2026,4
2022CHAN02,Tzu-Yang Chang (張子洋),36,75,2022,2026,4
2022HEGT01,Casper Hegt,36,75,2022,2026,4
2022SELL05,Luke Selle,35,75,2022,2026,4
2022GARC32,Thiago Arboleda Garcia,32,75,2022,2026,4
2022PALM14,Leonardo Neptalí Alicastro Palma,29,75,2022,2026,4
2022COIM02,Rémi Coimbra,28,75,2022,2026,4
2022THOM09,Caleb Joshua Thomas,28,75,2022,2026,4
2022PORT01,Elijah La Porte,27,75,2022,2026,4
2023MAUP01,Joshua Aaron Maupin,39,75,2023,2026,3
2022MILL05,Evan Millsap,37,75,2022,2025,3
2023ADAM27,Sawyer Adams,32,75,2023,2026,3
2023SANC02,Yahir Iván Sánchez Sánchez,30,75,2023,2026,3
2023ZIDA01,Liam Zidar,30,75,2023,2026,3
2022CARS01,Jordan Carswell,29,75,2022,2025,3
2023KIZI01,Victor Kiziukiewicz,28,75,2023,2026,3
2023ARRA01,Crimson Arradaza,25,75,2023,2026,3
2024GUST01,Ruben Norén Gustafsson,28,75,2024,2026,2
2007HOHU01,Hui Hing Ho (許鑫豪),42,74,2007,2025,18
2009JOHN05,Jack Johnston,34,74,2009,2026,17
2006HIGO01,Ryosuke Higo (肥後亮佑),31,74,2006,2023,17
2009CYRK01,Tomasz Cyrklaff,29,74,2009,2024,15
2012CHIN04,Lam Yu Ching (林雨晴),44,74,2012,2026,14
2013BENN03,Julianna Bennett,34,74,2013,2025,12
2014MIAO02,Qijun Miao (缪其隽),32,74,2014,2026,12
2014ENDO01,Jolo Endona,27,74,2014,2026,12
2014SCHA03,Tim Schädel,28,74,2014,2025,11
2016GORE02,Neel Gore,41,74,2016,2026,10
2014RUMO01,Antoni Rumowski,37,74,2014,2024,10
2016CHEN79,Owen Chen,34,74,2016,2026,10
2016MELA02,Bryan Melao,34,74,2016,2026,10
2016CVIJ01,Lucijan Cvijetović,31,74,2016,2026,10
2016RAHA02,Alfonsus Rahardjo,31,74,2016,2026,10
2016FARR01,Cormac Farrell,27,74,2016,2026,10
2009BAKK01,Ivo Bakker,31,74,2009,2018,9
2013THOM03,Abishua James Thomas,30,74,2017,2026,9
2017JAKO02,Oskar Feed Jakobsen,29,74,2017,2026,9
2016XIAN01,Ang Chin Xiang,28,74,2016,2025,9
2018DECO02,Elodie Deconninck,54,74,2018,2026,8
2018SCHE09,Ryan Schell,46,74,2018,2026,8
2018LIUY38,Yuchong Liu (刘雨翀),41,74,2018,2026,8
2008FURU01,Takuya Furukawa (古河拓也),37,74,2008,2016,8
2017MELL02,Laura Mellier,35,74,2017,2025,8
2018PUTR06,Azaeel Benaya Putra,33,74,2018,2026,8
2018ADLU01,Amogh Adluri,32,74,2018,2026,8
2018GALL02,Simon Gall,32,74,2018,2026,8
2017AGUI08,Rodrigo Aguilar,31,74,2017,2025,8
2017FLOR18,Luis Flores,27,74,2017,2025,8
2019KANA04,Przemysław Kanarski,67,74,2019,2026,7
2019GOKE01,Kerry Go,54,74,2019,2026,7
2018GODI01,Ivan Ros Godia,41,74,2018,2025,7
2019MART21,Samuel Martin,40,74,2019,2026,7
2017BISA01,Landyn Bisard,39,74,2017,2024,7
2019MATU03,Savion Romeo Matula,39,74,2019,2026,7
2019PASM01,Myrthe ten Pas,35,74,2019,2026,7
2019NELS01,Trenton Nelson,29,74,2019,2026,7
2019BRIT02,Jhonier Andres Díaz Brito,27,74,2019,2026,7
2019OONA01,Adrian Oon,27,74,2019,2026,7
2018HEAT01,Luke Heath-Edwards,37,74,2018,2024,6
2018DOLE01,Tamar Dolenjishvili,31,74,2018,2024,6
2019GARR04,Samuel Garrett,31,74,2019,2025,6
2019LIBE01,Benjamin Li,28,74,2019,2025,6
2019RODR39,Pedro Sanz Rodriguez,28,74,2019,2025,6
2014ZHUS01,Shenjie Zhu (朱申杰),44,74,2014,2019,5
2020WADH01,Taran Wadhera,33,74,2020,2025,5
2021NARA03,Eshiel Benzion Narayanan,33,74,2021,2026,5
2021GROH01,Vojtěch Grohmann,31,74,2021,2026,5
2021RUMM01,Jeremiah Rummerfield,31,74,2021,2026,5
2021YAOE02,Evan Yao,31,74,2021,2026,5
2013JOKI01,Kim Jokinen,27,74,2013,2018,5
2022LUCA04,Eduardo Lucas Muñoz de Lucas,41,74,2022,2026,4
2022MART63,Rodrigo Delgado Martínez,41,74,2022,2026,4
2022ARRI02,Joel Santamaría Arriola,36,74,2022,2026,4
2022KERS01,James Kershaw,36,74,2022,2026,4
2022DIDD01,Peter Didden,32,74,2022,2026,4
2022SING16,Ramandeep Singh,31,74,2022,2026,4
2022COND01,Luzio Batuani Conde,25,74,2022,2026,4
2023ASHT01,Parker Ashton,39,74,2023,2026,3
2023BAEK02,William Baek,31,74,2023,2026,3
2021WALK02,Mats Walker,30,74,2021,2024,3
2022PREC01,Dennis Preciado,29,74,2022,2025,3
2022NEAC01,Sebastian Andrei Neacsu,28,74,2023,2026,3
2023WONG12,Ace Christian C. Wong,28,74,2023,2026,3
2023CARO07,Leonardo Carosio,26,74,2023,2026,3
2023SOUS01,Enzo Perez De Sousa,38,74,2023,2025,2
2024GUAY01,Makai Guay,33,74,2024,2026,2
2023ABEL07,Nate Abeleda,26,74,2023,2025,2
2006MORG01,Błażej Morgała,35,73,2006,2024,18
2009YERU01,Ruzhen Ye (叶儒臻),39,73,2009,2026,17
2009ABRA01,Aaron Abramowitz,31,73,2009,2026,17
2011BOIS01,Thierry Boisivon,38,73,2011,2026,15
2012CALD03,Daniel Coy Calderón,33,73,2012,2026,14
2013WOJC01,Dominik Wojciechowski,41,73,2013,2026,13
2013MORA08,Gabrielle Morasse,39,73,2013,2026,13
2013BARR03,Antoine Barrial,32,73,2013,2026,13
2011JARD01,Felipe Gregorio De Araujo Jardim,30,73,2011,2024,13
2012THIE01,Fin Thiessen,33,73,2012,2023,11
2015CHAV08,Omkar Chavan,25,73,2015,2026,11
2016ROBI05,Brendan Robinson,40,73,2016,2026,10
2013SZUM01,Grzegorz Szumigaj,37,73,2013,2023,10
2010MIAZ01,Filip Miazek,29,73,2010,2020,10
2016ZUIK01,Zennan Zuiker,29,73,2016,2026,10
2013BUCZ01,Ignacy Buczek,27,73,2013,2023,10
2017KUMA30,Sukesh Kumar,51,73,2017,2026,9
2017VILL04,Justine Aaron Villostas,29,73,2017,2026,9
2017ARRE04,Brian Bernabé Bolaños Arreaga,26,73,2017,2026,9
2018SANG01,Erik Tjong Kim Sang,66,73,2018,2026,8
2018PINT07,Adrian Ismael Sirpa Pinto,38,73,2018,2026,8
2007NELS02,Gavin Nelson,35,73,2007,2015,8
2016OZOR01,Isaac Adair Nava Ozorio,35,73,2016,2024,8
2017FERN27,Rodrigo Mateo Inochea Fernández,30,73,2017,2025,8
2018NUTT01,Edward Nutter,26,73,2018,2026,8
2018LUDE01,Anthony Gerard Álvarez Ludeña,25,73,2018,2026,8
2014ZUPA01,Staš Zupanc,24,73,2014,2022,8
2019VERS04,Maaike Versluis,41,73,2019,2026,7
2019JIME10,Aurelio Sanchez Jimenez,31,73,2019,2026,7
2018YADA02,Divij Yadav,30,73,2018,2025,7
2019DYER01,James Dyer,29,73,2019,2026,7
2019YOUL01,Tyler Youlden,29,73,2019,2026,7
2019HERM05,Tobias Hermans,37,73,2019,2025,6
2013MYUN01,Sam Myung,35,73,2013,2019,6
2013ZHEN02,Jinhao Zheng (郑金昊),35,73,2013,2019,6
2021TZEN01,Yu-Shi Tzeng (曾瑀希),41,73,2021,2026,5
2019MAGN03,Morris Magnusson,32,73,2019,2024,5
2015RIZZ02,Luca Rizzi,30,73,2015,2020,5
2021LIMM01,Moses Limmer,30,73,2021,2026,5
2021NARB01,Dario Angelo Narbone,24,73,2021,2026,5
2022TAOS01,Sherry Tao (陶心仪),57,73,2022,2026,4
2022STUA01,Hudson Stuart,39,73,2022,2026,4
2022MOON08,Mark Mooney,35,73,2022,2026,4
2022BATE01,Skye Bateman,33,73,2022,2026,4
2022DOWD02,Samuel Brooks Dowdy,30,73,2022,2026,4
2008BLOH02,Robin Blöhm,29,73,2008,2012,4
2022USTA02,Nihat Sarp Ustaömer,29,73,2022,2026,4
2022CHRI09,Panagiotis Christopoulos,28,73,2022,2026,4
2022SAAR02,Enzo Saariste,27,73,2022,2026,4
2022SOZA01,Tymon Sozański,40,73,2022,2025,3
2023CERT01,James Certeza,40,73,2023,2026,3
2023SHEL01,Liam Sheldon,39,73,2023,2026,3
2023KELL23,Jane Kelly,33,73,2023,2026,3
2023SCOT07,Drake I. Scott,33,73,2023,2026,3
2023ARIA06,Leonardo Jiménez Arias,32,73,2023,2026,3
2023POLI03,Riccardo Polignano,31,73,2023,2026,3
2023GUGU01,Wiktor Gugulski,30,73,2023,2026,3
2023MARS33,Marcos Caballero Marsilla,30,73,2023,2026,3
2023SMEE02,Lennert Smeets,29,73,2023,2026,3
2024STRA19,Patrick Strawder,34,73,2024,2026,2
2008ABAN01,Carlo Nicolai Abana,34,72,2008,2025,17
2011LOHE01,Jessica Lohe,52,72,2011,2025,14
2011HAYA02,Ryouga Hayashi (林竜河),50,72,2011,2025,14
2012KONG01,Qingwei Kong (孔庆玮),40,72,2012,2025,13
2013GRIG01,Bogdan Grigoruţă,34,72,2013,2026,13
2013LANG02,Lukas Lange,26,72,2013,2026,13
2012DESH01,Nitesh Kumar Deshmukh,39,72,2012,2024,12
2014KOZI01,Patryk Kozieł,37,72,2014,2026,12
2014VIDA01,Miguel Vidal,37,72,2014,2026,12
2012DONG02,Han Dong (董晗),36,72,2012,2024,12
2014BULU01,Sergio Bulux,29,72,2014,2026,12
2015CHIA05,Chung-Yao Chiang (江仲堯),53,72,2015,2026,11
2013GONZ05,Eki Gartzia González,30,72,2013,2024,11
2014HELL01,Hampus Hellqvist,28,72,2014,2025,11
2016SMOL01,Anton Smolyanyy,42,72,2016,2026,10
2016ACOS08,Elias Miguel Acosta Acosta,41,72,2016,2026,10
2013LINC02,Chengzhang Lin (林成璋),40,72,2013,2023,10
2016CHAW02,Sameer Chawla,34,72,2016,2026,10
2016MAWA01,Wang Ma (马旺),34,72,2016,2026,10
2009ROST01,Anton Rostovikov,31,72,2009,2019,10
2017GRIS03,Mauricio de Jesus Hernandez Grizalez,42,72,2017,2026,9
2016KOGU01,Piotr Kogut,34,72,2016,2025,9
2017PRES04,Louis Presti,34,72,2017,2026,9
2017YINX01,Xingkai Yin (尹星凯),29,72,2017,2026,9
2014XUDI01,Diwen Xu (许帝文),28,72,2014,2023,9
2009WANG15,Emily Wang,24,72,2009,2018,9
2018TING04,Laura Ting,36,72,2018,2026,8
2018HOUY01,Yu-Chi Hou (侯宥圻),35,72,2018,2026,8
2016KAIS01,Tomas Kaiser,33,72,2016,2024,8
2017QIAN03,Chuah Yi Qian (蔡銥倩),31,72,2017,2025,8
2017CASA09,Alessandro Casarin,27,72,2017,2025,8
2019GONZ22,Alisson Gonzalez,62,72,2019,2026,7
2019CHOI10,Jihyun Choi (최지현),36,72,2019,2026,7
2017WONG13,Andy Wong,30,72,2019,2026,7
2017RAGA02,Yusuf Ragab,28,72,2017,2024,7
2019RODR66,Shalóm Melquisedec Batz Rodríguez,26,72,2019,2026,7
2013BOGD04,Tomek Bogdanik,31,72,2013,2019,6
2016JAIN04,Naman Jain,31,72,2016,2022,6
2014HANT01,Tianlang Han (韩天朗),36,72,2014,2019,5
2021LUMK01,Kalvin Lum,27,72,2021,2026,5
2022MIYA01,Hajime Miyazaki (宮崎朔),38,72,2022,2026,4
2022WEIJ01,Olaf Weijters,33,72,2022,2026,4
2022BURK08,Alessandro van Burken,32,72,2022,2026,4
2022CUIA01,Auric Cui,31,72,2022,2026,4
2022KIMM08,Duncan Kimmett,31,72,2022,2026,4
2022CHIS01,Alex Chisăliță-Ignat,30,72,2022,2026,4
2022JONE01,Cooper Jones,30,72,2022,2026,4
2022MCEW01,Ruben McEwan,30,72,2022,2026,4
2022TELF01,Anthony J. Telford,30,72,2022,2026,4
2022PEAC02,Easan Peacock,29,72,2022,2026,4
2022DUON08,Drew Duong,28,72,2022,2026,4
2021CARV01,Samuel Flórez Carvajal,27,72,2021,2025,4
2022SCHO02,Noah Schoeters,27,72,2022,2026,4
2015BECK02,Jack Beckett,26,72,2015,2019,4
2022GORD03,Bryn Gordon,26,72,2022,2026,4
2022SMIT22,Noah Smith,26,72,2022,2026,4
2022ROUS04,Stefanos Roussos,25,72,2022,2026,4
2022OSBU01,Jesse Osburn,24,72,2022,2026,4
2022NGUY36,Nam Nguyen,22,72,2022,2026,4
2022TURC02,Jakub Turczyk,43,72,2022,2025,3
2023LEPA01,Callie LePage,38,72,2023,2026,3
2023KALI10,Krystian Kalicki,34,72,2023,2026,3
2023ATLA01,Saúl Méndez Atlatenco,27,72,2023,2026,3
2023JORJ01,Tavia Jorjorian-Miller,39,72,2023,2025,2
2022JORM01,Marcus Jormin,38,72,2022,2024,2
2024VASI03,Ville Vasilis,36,72,2024,2026,2
2012GOOD02,Callum James Goodyear-Jørgensen,35,72,2024,2026,2
2024ARIA02,Samuel Fonseca Arias,35,72,2024,2026,2
2023SHAF03,Cole Shaft,32,72,2023,2025,2
2024DALT01,Luca Dalton,28,72,2024,2026,2
2022RADU01,Andrei-Traian Răduț,27,72,2022,2024,2
2008VELA01,Nakai Velasquez,32,71,2008,2025,17
2009CASA01,Leovigildo Sánchez Casado,32,71,2009,2025,16
2010RICH04,Yannick Richter,25,71,2010,2026,16
2011CARP01,George Carpenter,36,71,2011,2025,14
2011SUIH01,Haibo Sui (隋海波),31,71,2011,2025,14
2014KOPE01,Pei-Yu Ko (柯沛羽),70,71,2014,2026,12
2014HALL02,Zachary Hall,39,71,2014,2026,12
2013MARC03,Gabriel Marczak,31,71,2013,2025,12
2014LEES01,Sooho Lee (이수호),31,71,2014,2026,12
2015FALD01,Tadeáš Faldus,38,71,2015,2026,11
2015HIDA03,Rodrigo Noe Gonzalez Hidalgo,35,71,2015,2026,11
2015PINT04,Irene Pinto,33,71,2015,2026,11
2016CULF01,Aston Culf,35,71,2016,2026,10
2015LAII01,Isaac Lai Yin Chung,29,71,2015,2025,10
2016KANI02,Cenan Kanik,29,71,2016,2026,10
2016GOYA02,Bhavya Goyal,26,71,2016,2026,10
2008CIRN01,Fabrizio Cirnigliaro,61,71,2008,2017,9
2017SANT12,Renan da Cunha Santos,51,71,2017,2026,9
2017CHEN28,Yiyun Chen (陈毅昀),42,71,2017,2026,9
2017HOJE01,Jerry Chung (鍾養浩),39,71,2017,2026,9
2017BAYA02,Uuganbayar Bayalagnasan (Баялагнасан Ууганбаяр),33,71,2017,2026,9
2017LOPE33,José Pablo Arévalo López,32,71,2017,2026,9
2012NIKO01,Kyyarkhan Nikolaev,29,71,2012,2021,9
2016ELOV01,Viljo Elo,25,71,2016,2025,9
2017KULK10,Pranav Kulkarni,25,71,2017,2026,9
2018ALBR03,Sage Albright,34,71,2018,2026,8
2018BUIT01,Thai Bui,34,71,2018,2026,8
2018TAHO01,Stephane Tahon,42,71,2018,2025,7
2011DELG01,Elisabet Delgado Mas,38,71,2011,2018,7
2019HUFA01,Iya Franzene L. Hufancia,37,71,2019,2026,7
2015KNOL01,Samuel Knoll,36,71,2015,2022,7
2012DANI01,Viktor Danilov,31,71,2012,2019,7
2019SILB02,Isaac Silberman,28,71,2019,2026,7
2018BALD03,Jhoan Jhunior Alvarado Balderrama,27,71,2018,2025,7
2019MCGI01,Gerard McGinley,27,71,2019,2026,7
2018LASI01,Oleksii Lasiichuk (Олексій Ласійчук),26,71,2018,2025,7
2009LEFE01,Quentin Lefebvre,34,71,2010,2016,6
2010CRIS01,Ethan Crislip,27,71,2010,2016,6
2021EYRA01,Simon Eyraud,27,71,2021,2026,5
2021GRIE01,Leonard Griebel,27,71,2021,2026,5
2014YASH01,Artem Yashkov,24,71,2014,2019,5
2022FERN29,Pedro Lima Fernandes,41,71,2022,2026,4
2022GUTI09,Alejandro Gutierrez,41,71,2022,2026,4
2022LIMA01,Maria Clara Rodrigues Garola Lima,39,71,2022,2026,4
2022LYON01,Amos Lyons,38,71,2022,2026,4
2022ERDE06,Ariunsaikhan Erdenebileg,37,71,2022,2026,4
2022MACH14,Michał Machnik,36,71,2022,2026,4
2022VUCE02,Toms Edvards Vucens,34,71,2022,2026,4
2022RELA01,Shrey Relan,33,71,2022,2026,4
2022ROIK01,Adam Roik,32,71,2022,2026,4
2022TUCK02,Matthew Tucker,32,71,2022,2026,4
2022ADAM16,Nathan Adams,29,71,2022,2026,4
2022AGRA05,Amahl Weinstein Agrawal,29,71,2022,2026,4
2022STEE07,Luke Steele,29,71,2022,2026,4
2022CHON03,Elias Chong,28,71,2022,2026,4
2022CRAM03,Len Valentin Cramer,28,71,2022,2026,4
2022MEYE01,Lucas Meyer,28,71,2022,2026,4
2022MART67,Matías Martínez,27,71,2022,2026,4
2022PALM02,Francesco Palma,27,71,2022,2026,4
2021BURK03,Cathal Burke,25,71,2021,2025,4
2022RHOA01,Brody Rhoades,24,71,2022,2026,4
2022VALD09,Nicolás Arispe Valda,24,71,2022,2026,4
2022KUCA01,Joe Kucala,67,71,2023,2026,3
2023YIMK01,Natchanon Yimkaew (ณัฐชนน ยิ้มเเก้ว),41,71,2023,2026,3
2022HONG09,Daniel Hong,34,71,2022,2025,3
2022KATZ02,Eli Katz,34,71,2022,2025,3
2023LEEA01,Andrew Lee,34,71,2023,2026,3
2021POLI02,Marcel Politowicz,32,71,2021,2024,3
2016DENN04,Ethan Dennis,31,71,2016,2019,3
2019RAGH04,Rafik Eskandar,29,71,2022,2025,3
2023NAMT02,Woravich Namthong (วรวิช น้ำทอง),29,71,2023,2026,3
2022BROO02,CJ Brooke,26,71,2022,2025,3
2023MCGI02,Max McGill,26,71,2023,2026,3
2022ZHAN40,Yan-Heng Zhang,25,71,2022,2025,3
2023MONT04,Miguel Martínez Montañes,24,71,2023,2026,3
2023VELA19,Pablo Amoraga Velasco,24,71,2023,2026,3
2024GOIT01,Gabriel Goit,36,71,2024,2026,2
2008WUHA01,Han Wu (吳翰),62,70,2008,2026,18
2007ALEX01,Piotr Alexandrowicz,29,70,2007,2025,18
2008HACK01,Axel Häck,34,70,2008,2025,17
2010BOUV01,Pierre Bouvier,37,70,2010,2026,16
2013MURU01,Kaoushik Murugan,32,70,2013,2026,13
2014SANT16,Gabriel Silva dos Santos,35,70,2014,2026,12
2015BURG02,Brock Burgi,43,70,2015,2026,11
2011CHIN02,Chin Lam,39,70,2011,2022,11
2015LINY08,Ying Lin (林颖),33,70,2015,2026,11
2015GONS01,James Gonsalves,48,70,2015,2025,10
2013BRYC01,Christine Brychcy,32,70,2013,2023,10
2016DURE02,PX Durel,32,70,2016,2026,10
2016MEND03,Esteban Elías González Méndez,29,70,2016,2026,10
2016LURU01,Ruikang Lu (陆瑞康),27,70,2016,2026,10
2014TUZK01,Salamon Tűzkő,24,70,2014,2024,10
2017SOLE01,Aaron Soley,51,70,2017,2026,9
2017ARIA04,Junior Alfredo Arias,45,70,2017,2026,9
2017GRUP01,Gavin Gruppuso,45,70,2017,2026,9
2014OCHA01,Bartosz Ochał,36,70,2014,2023,9
2017CHEN95,Chen Ching Cheung (陳政璋),35,70,2017,2026,9
2008LIZH02,Zheng Li (李政),28,70,2008,2017,9
2017KORH01,Lauri Korhonen,27,70,2017,2026,9
2018SAIS01,Kittatam Saisaard,40,70,2018,2026,8
2018SOUT02,Céline Souty,39,70,2018,2026,8
2017TANM01,Michael (謝富亦),36,70,2017,2025,8
2018CHOW04,Rafael Chowindra,32,70,2018,2026,8
2018SALI09,Diego Villarreal Salinas,29,70,2018,2026,8
2011LIYI02,Yinqin Li (李尹钦),24,70,2011,2019,8
2017PECI01,Naglis Peciulis,24,70,2017,2025,8
2018SULT03,Chyngyz Sultanbekov (Чынгыз Султанбеков),24,70,2018,2026,8
2017GUTI13,Hazel Moises Ruiz Gutierrez,42,70,2017,2024,7
2018PASA02,Kasper Pasanen,33,70,2018,2025,7
2012SANG02,Rishabh Sanghavi,28,70,2012,2019,7
2017STAL01,John Staley,28,70,2017,2024,7
2019FUHE01,Heyu Fu (付荷语),27,70,2019,2026,7
2017QUEN01,Eben Quenneville,31,70,2017,2023,6
2019ALLC01,Giordano Limber Aguilar Allcca,27,70,2019,2025,6
2021HOLE01,Gordon R. Holey,58,70,2021,2026,5
2021DODS01,Eric Dodson,50,70,2021,2026,5
2012SVEN01,Ross Svensson-Hornbostel,31,70,2012,2017,5
2021MOSC02,Samuel Galarce Moscoso,26,70,2021,2026,5
2013DISA01,Edoardo Disarò,24,70,2013,2018,5
2021RAVI01,Vaibhav-Jai Ravipati,24,70,2021,2026,5
2019CHEG04,Guangmei Chen (陈光美),23,70,2019,2024,5
2022THOM10,Jacob Thomann,41,70,2022,2026,4
2020BARA02,Radomił Baran,40,70,2021,2025,4
2022LEET03,Theodore Harris Powers Lee,39,70,2022,2026,4
2022PLAT04,Davian van Plateringen,35,70,2022,2026,4
2022YOUN04,Ronald Young,30,70,2022,2026,4
2022FODS01,Jonathan Björck Fodstad,29,70,2022,2026,4
2022MAIC01,Iñigo Escolar Maícas,29,70,2022,2026,4
2013VEDE01,Andrii Vedenov (Андрій Веденьов),27,70,2013,2017,4
2022TSER01,Temuulen Tserendagva,27,70,2022,2026,4
2022HAIL01,Yannick Hailer,26,70,2022,2026,4
2022PEZZ01,Anton Kokalj Pezzano,26,70,2022,2026,4
2023BLIN01,Julien Blin,36,70,2023,2026,3
2023CELL01,Yago Malleiro Cellitti,36,70,2023,2026,3
2023LION01,Ian Liong,35,70,2023,2026,3
2023MIHA06,Stefania Gabriela Mihalache,35,70,2023,2026,3
2021DEGE01,Emil Degerman,31,70,2021,2024,3
2023ARIC01,Alonzo Sanchez Arica,31,70,2023,2026,3
2023BACH04,Benjamin Bjerring Bach,30,70,2023,2026,3
2023GARS01,Hugo Garstman,30,70,2023,2026,3
2023VERM01,Kai Vermeulen,29,70,2023,2026,3
2023HALV01,Miles Halverson,28,70,2023,2026,3
2022HALI01,Mikael Hälinen,25,70,2022,2025,3
2022MEND24,Natalia Mendoza,41,70,2022,2024,2
2024KVER01,Jayden Kvernmo,30,70,2024,2026,2
2009CHAI01,Tanai Chaikraveephand (ธนัย ชัยกระวีพันธ์),45,69,2009,2026,17
2008WARL01,Jackson Warley,34,69,2008,2025,17
2008LAMH01,Hong Tan Lam,26,69,2008,2025,17
2010AUNI01,Fayyadh Aunilbarr,30,69,2010,2026,16
2010ROSY02,Allan Tabriez Rosyada,28,69,2010,2025,15
2012ENIK01,Todor Enikov,34,69,2012,2026,14
2012GEAR01,Cyrus Gearhart,34,69,2012,2026,14
2011DUHA01,Haichuan Du (杜海川),29,69,2011,2025,14
2012STRA02,Roman Strakhov,42,69,2012,2025,13
2013STRI01,Viktor Strindell,40,69,2013,2026,13
2013GREN01,Timothy Edegran Gren,38,69,2013,2026,13
2012IONE01,Andrei Răzvan Ionel,31,69,2012,2025,13
2013LAIC01,Alexander Laiche,25,69,2013,2026,13
2011ESQU01,Alexander Esquivel,36,69,2011,2023,12
2014WHEE01,Alexander Wheeler,31,69,2014,2026,12
2014ANIS01,Ilya Anishchanka,28,69,2014,2026,12
2013DUGA02,Daniel Alberto Sánchez Dugarte,25,69,2013,2025,12
2014ENES01,David Serban Enescu,25,69,2014,2026,12
2014OLAR02,James Olarte,24,69,2014,2026,12
2014TURY01,Danyil Turyk (Даниїл Турик),23,69,2014,2026,12
2013BLAN01,Simon Blanchard,32,69,2013,2024,11
2015LEON08,Aldo José Gramajo de León,23,69,2015,2026,11
2016LECO01,Yoann Lecoeur,50,69,2016,2026,10
2016AREL01,Luis Andrei Castillo Arellano,35,69,2016,2026,10
2014WUJI01,Jiawei Wu (伍嘉维),29,69,2014,2024,10
2016RUEB01,Johannes Rueben,28,69,2016,2026,10
2017MUNO06,Valentina Sánchez Muñoz,39,69,2017,2026,9
2017JENS01,Austin Jensen,29,69,2017,2026,9
2018PARK09,Yeeun Park (박예은),47,69,2018,2026,8
2017PEAR01,Luke Pearson,41,69,2017,2025,8
2009PETI01,Loïc Petit,40,69,2009,2017,8
2018LEEP04,Pete Lee,40,69,2018,2026,8
2015JANS02,Simon Jansson,35,69,2015,2023,8
2017SILV16,Juliana Gonzalez Silva,32,69,2017,2025,8
2018RUST05,Edward Rust,26,69,2018,2026,8
2011KIRU01,Kesava Kirupa,25,69,2011,2019,8
2016MONT09,Jaybee Montecillo,24,69,2016,2024,8
2015MANI01,Isaac Wong Chang Man,23,69,2016,2024,8
2019KOGU01,Anna Kogut,45,69,2019,2026,7
2017ZHEN10,Jackey Zheng,40,69,2017,2024,7
2019RETE01,Elijah Gabriel Ret,39,69,2019,2026,7
2018SILV91,Jed Silverman,35,69,2018,2025,7
2019NEGR02,Ayra Aiesha N. Negrillo,35,69,2019,2026,7
2011DUAR01,José Felipe Duarte Coronado,33,69,2011,2018,7
2019SISN01,Ryan Michael Sisneros,33,69,2019,2026,7
2019SPEI01,Cyrill Speiser,31,69,2019,2026,7
2019PASC06,Caden Pascual,25,69,2019,2026,7
2019ZAVA01,Ronaldo Zavala,36,69,2019,2025,6
2020SCHU01,Maarten Schuil,29,69,2020,2026,6
2012PONC01,Gianpierre Ponce,28,69,2012,2018,6
2021GOOD04,Christian Gooding,42,69,2021,2026,5
2021DOLO01,Marcin Dołoto,40,69,2021,2026,5
2021OTSU02,Lucas Otsu,36,69,2021,2026,5
2021BROO02,Jesse Brooke,25,69,2021,2026,5
2022CHAI09,Ming Chai (柴明),55,69,2022,2026,4
2022CORT01,Lars Corthout,39,69,2022,2026,4
2022SANC05,Arturo García Sánchez,39,69,2022,2026,4
2015GOWT01,Saravanan Gowthaman,32,69,2015,2019,4
2022GODE02,Shvant Gode,29,69,2022,2026,4
2022IATR01,Thodoris Iatrou,29,69,2022,2026,4
2015ORTE02,Nathaniel Ortega,25,69,2015,2019,4
2016ZHAO28,Junze Zhao (赵俊泽),25,69,2016,2020,4
2022VENK14,Anish Venkataraman,25,69,2022,2026,4
2022ENGL01,Leila England,24,69,2022,2026,4
2022RICH11,Alexander Richetta,24,69,2022,2026,4
2021LOFT01,Enda Loftus,23,69,2021,2025,4
2023ABAR02,Karl Abarquez,41,69,2023,2026,3
2023RATC01,Amolrada Ratchayakorn (อมลรดา รัฐชยากร),38,69,2023,2026,3
2023LINE03,Ethan Lin,34,69,2023,2026,3
2023CONR01,Bryan B. Conrrado,33,69,2023,2026,3
2023KUBI02,Artur Kubicki,32,69,2023,2026,3
2023HEND11,Kymo Hendriks,27,69,2023,2026,3
2023HIMM02,Dylan Himmelfarb,27,69,2023,2026,3
2023PASS02,Alessio Passerini,26,69,2023,2026,3
2022GOME03,Almudena Gómez-Sancha López-Barajas,37,69,2022,2024,2
2024WUJO01,Joseph Wu,37,69,2024,2026,2
2023MEND66,Omar Nehimar Villarreal Mendoza,26,69,2024,2026,2
2022ULUD01,Yunus Uludag,20,69,2022,2024,2
2006MURA01,Mika Muranushi (村主美佳),56,68,2006,2025,19
2009WANG43,Hao Wang (王皓),50,68,2009,2026,17
2009CHAT03,Wachirawit Chatwiriyacharoen (วชิรวิทย์ ฉัตรวิริยะเจริญ),36,68,2009,2026,17
2010HUYE01,Yefeng Hu (胡叶枫),41,68,2010,2026,16
2010BULA01,Marion Gerard Bulanhagui,35,68,2010,2026,16
2010WIBO01,Ahmad Fauzi Wibowo,30,68,2010,2026,16
2011LIXI02,Xinrui Li (李昕蕊),38,68,2011,2025,14
2010BZDZ01,Bartosz Bździel,33,68,2010,2024,14
2014ALVA04,Alfonso Jose Torres Alvarez,33,68,2014,2026,12
2014SAIT02,Sean Saito,33,68,2014,2026,12
2011KOGL01,Jakob Kogler,28,68,2011,2023,12
2015REIC02,Brandon Reichman,37,68,2015,2026,11
2013RIAB01,Yevhen Riabokon (Євген Рябоконь),30,68,2013,2024,11
2016LASC01,Péter Laschek,40,68,2016,2026,10
2016NAVA14,Ignacio Naval,36,68,2016,2026,10
2016VAUG03,Coleman Vaughn,30,68,2016,2026,10
2015AROR05,Dhruv Arora,29,68,2015,2025,10
2013POHO01,Lukas Pohořelický,26,68,2013,2023,10
2014TAOW01,William Tao,25,68,2014,2024,10
2017QUER02,Aria Querubin,39,68,2017,2026,9
2016WALS01,Agus Wals,37,68,2016,2025,9
2017GONZ24,Asier González Santocildes,33,68,2017,2026,9
2016HERN05,Daniele Vanoli Hernández,32,68,2016,2025,9
2017ASTR01,Vicente Astroza,31,68,2017,2026,9
2017RODR51,Christian Rodríguez,31,68,2017,2026,9
2016LEFK01,Zois Lefkidis,25,68,2016,2025,9
2015MIAO02,Yilin Miao (苗宜琳),41,68,2015,2023,8
2018KWAR03,Tim Kwartler,37,68,2018,2026,8
2017MORS01,Silvan Mors,34,68,2017,2025,8
2018SEIT02,Azamat Seitbekov (Азамат Сейтбеков),32,68,2018,2026,8
2017ODOR01,Francesco Odorizzi,30,68,2017,2025,8
2016LAGO04,Mykhailo Lagoida (Михайло Лагойда),28,68,2016,2024,8
2015JESU01,Francisco Cabral de Jesus,26,68,2015,2023,8
2018CICE01,Emir Yusuf Çiçekdemir,25,68,2018,2026,8
2018HIRS01,Joseph Hirsch,25,68,2018,2026,8
2018CAVE01,Michele Cavezza,24,68,2018,2026,8
2018ORAZ01,Abylai Orazalin (Абылай Оразалин),23,68,2018,2026,8
2019MELC02,Piotr Melczewski,42,68,2019,2026,7
2010MAZU02,Szymon Mazur,32,68,2010,2017,7
2019WUSI01,Sirun Wu (吴思润),28,68,2019,2026,7
2019PINH01,Edgar Nogueira Garcia Pinho,25,68,2019,2026,7
2018MART50,Hutch Martinez-Self,24,68,2018,2025,7
2019DAVI18,Bryce Davies,33,68,2019,2025,6
2017JIME07,Santiago Ramírez Jiménez,25,68,2017,2023,6
2021SPOT01,Marlon Spotkaeff,32,68,2021,2026,5
2016ABAE01,Fedor Abaev,30,68,2016,2021,5
2021GIAC02,Leo Giacobone,30,68,2021,2026,5
2021JIAN07,Anthony Jiang,27,68,2021,2026,5
2014ZHAR01,Maksym Zharov (Максим Жаров),23,68,2014,2019,5
2021PISK01,Karol Piskorek,33,68,2021,2025,4
2022HYNE01,Isaac Hynes,32,68,2022,2026,4
2022YEHY01,Yun-Kai Yeh (葉昀愷),32,68,2022,2026,4
2022HOTO01,Zeki Hotoğlu,30,68,2022,2026,4
2022GUPT16,Trishan Gupta,28,68,2022,2026,4
2022KASP03,Jan Jędrzej Kasprzak,27,68,2022,2026,4
2022DEEP01,Hari A. Deepak,25,68,2022,2026,4
2022GARC02,Dylan Garcia,25,68,2022,2026,4
2022KRAN01,Jan Lucas Krane,25,68,2022,2026,4
2022PORE01,Siddhesh Pore,25,68,2022,2026,4
2021SADR01,Raihan Sadr,24,68,2021,2025,4
2022KILG02,Christopher Kilgallon,24,68,2022,2026,4
2022AGUI03,Mateo Aguirre,21,68,2022,2026,4
2023HOST01,Leny De Pablo Hosty,36,68,2023,2026,3
2023SILV32,Noah Silva,30,68,2023,2026,3
2023KRUG03,Albert Kruger,29,68,2023,2026,3
2023FRIE03,Sigurd Hjalte Frier,28,68,2023,2026,3
2023JENY01,Yen-Lei Jen (任晏磊),28,68,2023,2026,3
2014SANT31,Bernardo Zakur Corrêa Santos,27,68,2014,2017,3
2022ONEA01,Cayden O'Neal,26,68,2022,2025,3
2023FEIC01,Sebastian Feichtinger,26,68,2023,2026,3
2023SWAN03,Carter Swan,23,68,2023,2026,3
2017ABAR02,Joaquin Abarca,22,68,2017,2020,3
2022GOME02,Martín González Gómez,37,68,2022,2024,2
2022CHEN16,Joseph Chen,35,68,2022,2024,2
2025LYNN03,Tommy Lynn,22,68,2025,2026,1
2007OOBA01,Kou Oobatake (大畠功),56,67,2007,2026,19
2005HAYE01,Daniel Hayes,44,67,2005,2024,19
2009ISHI01,Akihiro Ishida (石田朗大),47,67,2009,2025,16
2010YANG16,Muyi Yang (杨慕屹),29,67,2010,2025,15
2009JIAY01,Francis Wong Jia Yen,24,67,2009,2023,14
2013LINZ04,Zihang Lin (林子杭),25,67,2013,2026,13
2014DENG08,Jiahao Deng (邓家豪),35,67,2014,2025,11
2014MONG01,Shlok Mongia,26,67,2014,2025,11
2014REID01,Connor Reid,39,67,2014,2024,10
2016PARK10,Yeon Kyun Park (박연균),33,67,2016,2026,10
2015SERO02,Ernest Seroczyński,30,67,2015,2025,10
2016MONT33,Bruno Alonso Villacorta Montoya,28,67,2016,2026,10
2014LIND04,Nikolaus Lindinger,27,67,2014,2024,10
2014XUDA01,Dawei Xu (徐大卫),21,67,2014,2024,10
2016YODE01,David Yoder,29,67,2016,2025,9
2017MOOR09,Hudson Allen Moore,29,67,2017,2026,9
2017SEOH01,Heewon Seo,25,67,2017,2026,9
2016WALI01,Gustav Wälivaara,24,67,2016,2025,9
2006SAWL01,Jaclyn Sawler,66,67,2006,2014,8
2017MERI01,Eduardo Arturo Palacios Merino,43,67,2017,2025,8
2017BALO02,Ekko Balodimos-Mahi,34,67,2017,2025,8
2018JANS05,Kasper Jansson,34,67,2018,2026,8
2015CHIC01,Wong Yuk Chi (黃昱誌),29,67,2015,2023,8
2016BATT05,Anna Battistini,29,67,2016,2024,8
2017JAMS01,Aysha Jamsheer,29,67,2017,2025,8
2018LACL01,Christian Lacle,27,67,2018,2026,8
2018LIUL01,Lei Liu (刘磊),26,67,2018,2026,8
2016PHAM06,Tu Pham,23,67,2016,2024,8
2018RIVE09,Caleb Salcedo Rivera,22,67,2018,2026,8
2019GOPI01,Vikram Gopinath,39,67,2019,2026,7
2019THAN05,Krishanth Thangarathan,39,67,2019,2026,7
2017WATS04,Alexander Watson,33,67,2017,2024,7
2016GREE04,Steve Greer,31,67,2016,2023,7
2019CALO01,Peio Calonge,31,67,2019,2026,7
2008LEME01,Pierre Lemerle,30,67,2008,2015,7
2018KRAS07,Levi Krassenstein,30,67,2018,2025,7
2018KRAU02,Ryan Krause,28,67,2018,2025,7
2019SCHU08,Christian Schüssler,27,67,2019,2026,7
2005CALV02,David Calvo Vivas,26,67,2005,2012,7
2018DANI09,Philipp Danileiko,26,67,2018,2025,7
2011CAHY03,Hendry Cahyadi,24,67,2011,2018,7
2017HILA01,Piero Sebastian Sanchez Hilario,24,67,2017,2024,7
2018CASS01,Taine Cassar,24,67,2018,2025,7
2016AREL03,Moisés Marco Quispe Arellano,22,67,2016,2023,7
2020ROUY01,Rodolphe Rouyrre,48,67,2020,2026,6
2018PHIL04,Mads Philipsen,36,67,2018,2024,6
2012NALH01,Vinit Nalhe,30,67,2012,2018,6
2010LIPE01,Pengju Li (李鹏举),26,67,2010,2016,6
2013KUMA15,Shubham Kumar,24,67,2013,2019,6
2019TALA02,Sam Talacko,24,67,2019,2025,6
2018TOMA03,Nikodem Tomaszuk,35,67,2018,2023,5
2014SZEP01,István Szepesi-Nagy,30,67,2014,2019,5
2016PRIG01,Nathan Prigent,29,67,2016,2021,5
2021WUCH04,Christoph Wu,27,67,2021,2026,5
2019MARR04,Joshua Marriott,38,67,2019,2023,4
2022SOAL01,Albert So Yik Ban (蘇益品),38,67,2022,2026,4
2022YEEB01,Brandon Yee,34,67,2022,2026,4
2016FISC02,Patrick Fischer,30,67,2016,2020,4
2022GIES01,Cai Giesinger,28,67,2022,2026,4
2023MILL12,Eli Miller,44,67,2023,2026,3
2023LEBK01,Jakub Łebkowski,41,67,2023,2026,3
2023DABR07,Bartosz Dąbrowski,38,67,2023,2026,3
2023POOL02,Justin Poole,36,67,2023,2026,3
2022BERG13,Idris Berghout,35,67,2022,2025,3
2023CIES01,Kazimierz Cieślak,35,67,2023,2026,3
2023PLUG01,Jeroen Plug,35,67,2023,2026,3
2023SEEL02,Hubert Seelieb,33,67,2023,2026,3
2023SRAM01,Jameson R. Sramek,32,67,2023,2026,3
2023MALA10,Thomas Jerónimo Beltran Malagón,30,67,2023,2026,3
2022TUFT01,Martin Gudahl Tufte,29,67,2022,2025,3
2023CARR07,Enrique De Vicente Carrasquilla,28,67,2023,2026,3
2022POWE01,Johannes Djupedal Power,27,67,2022,2025,3
2023SWIA01,Mikołaj Świątek,27,67,2023,2026,3
2022JONS02,David Jonsson,26,67,2022,2025,3
2023HECK01,Micah Heckerling,23,67,2023,2026,3
2023MAZU05,Juan Pablo Erazo Mazuera,23,67,2023,2026,3
2022KANG06,Hao-Jyun Kang (康皓鈞),21,67,2022,2025,3
2023SJOB01,Axel Folke Sjöberg,35,67,2023,2025,2
2022HERN06,Joaquin Hernandez,32,67,2022,2024,2
2024DUNN01,Emmett Dunn,31,67,2024,2026,2
2024ZARR01,Mikel Manterola Zarraga,26,67,2024,2026,2
2024GUEV01,Cristian Castellanos Guevara,24,67,2024,2026,2
2008ITOH01,Hirotaka Ito (伊藤大平),42,66,2008,2026,18
2009LIUJ04,Jici Liu (刘纪赐),35,66,2009,2026,17
2010XIAY01,Yan Xia (夏焱),35,66,2010,2026,16
2009KIJV01,Prin Kijviwattanakarn (ปริญ กิจวิวัฒนการ),32,66,2009,2025,16
2012SUNL03,Liudi Sun (孙柳笛),37,66,2012,2025,13
2009ALLE01,Leandro Vasconcellos Alleoni,34,66,2009,2022,13
2012PETR01,Nikolai Petrov,29,66,2012,2025,13
2013TRAM03,Giovanni Tramontano,25,66,2013,2026,13
2011VARG03,Toni Varga,28,66,2011,2023,12
2012MANU01,Jack Manuel,24,66,2012,2024,12
2015KIMH04,Hyunjo Kim (김현조),64,66,2015,2026,11
2014HEYO01,Young He (何嘉炀),55,66,2014,2025,11
2014PONG01,Tsang Hon Pong (曾漢邦),34,66,2015,2026,11
2015VEGA02,Manuel Ernesto Torres Vega,32,66,2015,2026,11
2015FANG07,George Fan,25,66,2015,2026,11
2006YOUN03,Nick Young,35,66,2006,2016,10
2013BADO01,Hubert Badocha,33,66,2013,2023,10
2016FEJE01,Levente Fejes-Nagyfejeő,30,66,2016,2026,10
2015MARB01,Marjorie Nunes,28,66,2015,2025,10
2016KIDA02,Hitoki Kidahashi (木田橋仁毅),28,66,2016,2026,10
2014DAYM01,Max Day,26,66,2014,2024,10
2016CHAV12,Mauro Daniel Basurto Chavez,43,66,2016,2025,9
2016MCBE02,Gabe McBee,36,66,2016,2025,9
2016MICH01,Kamil Michalak,35,66,2016,2025,9
2015HERR12,Gonzalo Blanco Herrero,33,66,2015,2024,9
2017TOLM01,Marc Tol,32,66,2017,2026,9
2016ASTR01,Jared Astrof,28,66,2016,2025,9
2016ESCO04,Henry Ramirez Escobar,28,66,2016,2025,9
2017POMA02,Sebastián Herrera Pomares,26,66,2017,2026,9
2015YANG02,Daniel Yang,25,66,2015,2024,9
2016GALV06,David Gálvez,25,66,2016,2025,9
2018SHAH38,Aayush Shah,36,66,2018,2026,8
2008SANT01,Andrea Santambrogio,30,66,2008,2016,8
2018ESPI05,Jamila Raine C. Espiritu,30,66,2018,2026,8
2009SUNH02,Hongye Sun (孙虹烨),26,66,2009,2017,8
2016RODR48,Javier Atienza Rodriguez,26,66,2016,2024,8
2017STRU01,Milan Struyf,26,66,2017,2025,8
2017ZIPA01,Nikolai Harvey Sy Zipagan,27,66,2018,2025,7
2018BRAD07,David Brady,27,66,2018,2025,7
2019LAYN01,Elijah Layne,27,66,2019,2026,7
2010SOUZ01,Walter Pereira Rodrigues de Souza,26,66,2010,2017,7
2016SILV02,Luiz Fellipe Oliuza Leal Silva,24,66,2016,2023,7
2018VILB01,Thibault Vilbois,24,66,2018,2025,7
2018TUPP02,James Tuppenney,20,66,2018,2025,7
2018HECK02,Felipe Ignacio Heckersdorf,33,66,2018,2024,6
2020SCHL01,Katharina Schlomberg,31,66,2020,2026,6
2004FERN01,Ernesto Fernández Regueira,28,66,2004,2010,6
2019GREG04,Mark Gregan,28,66,2019,2025,6
2015VASI02,Nikolay Vasilyev,27,66,2015,2021,6
2011PAAV01,Niko Paavilainen,26,66,2011,2017,6
2020ZHAO05,Chenlai Zhao,25,66,2020,2026,6
2019CHEA04,Alex Cheng,24,66,2019,2025,6
2021SPIE02,Ulrich Spies,65,66,2021,2026,5
2021CARB01,Pau Carbonell,36,66,2021,2026,5
2013CHAP02,Sam Chaplin,35,66,2013,2018,5
2022SCHA04,Niklas von Schantz,44,66,2022,2026,4
2022TORR12,Fernando Granado Torres,37,66,2022,2026,4
2022PICH03,Jannik Pichler,34,66,2022,2026,4
2022LEWI07,Jackson Lewis,31,66,2022,2026,4
2022CAAL01,Ethan Caalim,27,66,2022,2026,4
2022MEND14,Trevor Mendelson,27,66,2022,2026,4
2018SOUT01,Ian Southa,26,66,2018,2022,4
2022ANVI01,Leif Anvik,26,66,2022,2026,4
2022BENM02,Hallel Ben-Meir,26,66,2022,2026,4
2022MAIE03,Ethan Mai,26,66,2022,2026,4
2022MATU05,Victor Alejandro Meza Maturana,26,66,2022,2026,4
2011BASA01,Federico Basanese,25,66,2011,2015,4
2017TANG35,Yu Tang (唐语),24,66,2017,2021,4
2022HSUS01,Niklas Hsu-Storaker,23,66,2022,2026,4
2023LOPE09,Jordi Lleixà López,39,66,2023,2026,3
2022REST01,Isaac Sebastian Escando Restrepo,33,66,2022,2025,3
2022GHET01,Teodor Ghețu,29,66,2022,2025,3
2023VASQ09,Alonso Ignacio González Vásquez,29,66,2023,2026,3
2022WALS03,Annalena Walser,28,66,2022,2025,3
2023ARCA03,Brett Tuncer Arcan,28,66,2023,2026,3
2023JIAN21,Shuxiu Jiang (蒋束修),28,66,2023,2026,3
2023LYRE01,Reajnithdra Thesis Ly,28,66,2023,2026,3
2021STAB01,Tim Staberg,26,66,2021,2024,3
2023VILL10,Fabián Villavicencio,26,66,2023,2026,3
2021LEBO01,Maxence Leboeuf,25,66,2021,2024,3
2022LEHM02,Jonathan Karniala Lehmann,25,66,2022,2025,3
2022LIZA03,Efrain Pineda Lizarazo,25,66,2022,2025,3
2023BELA01,Nikolas Belalidis,23,66,2023,2026,3
2024GARC06,Lucía González Garcia-Moya,32,66,2024,2026,2
2024MONT17,Ignacio Montilla,32,66,2024,2026,2
2007SEID01,Alex Seidler,32,65,2007,2026,19
2008LIUX01,Ximiao Liu (刘曦淼),34,65,2008,2026,18
2008WAIC01,Kevin Chau Ka Wai (周嘉偉),28,65,2008,2025,17
2008DIEW01,Jens Diewald,26,65,2008,2024,16
2010CHAR01,Worapat Charoensuk (วรปรัชญ์ เจริญสุข),29,65,2010,2025,15
2009SWEE01,Amos Tay Swee Hui,24,65,2009,2024,15
2010PATZ01,Moritz Patzelt,23,65,2010,2025,15
2012JEFF01,Billy Jeffs,33,65,2012,2026,14
2011MILL01,Wesley Miller,30,65,2011,2025,14
2013GAWA01,Abhi Gawande,31,65,2013,2026,13
2013PARE02,Rafael Gregorio Martinez Paredes,30,65,2013,2026,13
2009BAKA01,Jascha Bakarinow,28,65,2009,2022,13
2012CICH01,Błażej Cichy,39,65,2012,2024,12
2014CHUL02,Chisanupong Chulasereekul (ชิษณุพงศ์ จุฬาเสรีกุล),39,65,2014,2026,12
2014HAMM01,Jason Hammerman,39,65,2014,2026,12
2013MIKH01,Alexey Mikhailov,31,65,2013,2025,12
2014KARL01,Alexander Karlov,31,65,2014,2026,12
2010JUNI02,Alexandre de Siqueira Júnior,24,65,2010,2022,12
2012ROTH01,Philipp Roth,24,65,2012,2024,12
2015TANE02,Ivaylo Tanev,22,65,2015,2026,11
2014PYAT01,Uladzislau Piatnitsa (Владислав Пятница),36,65,2014,2024,10
2016TORO03,Leonardo Sánchez Del Toro,36,65,2016,2026,10
2016COUL02,Kevin Coulter,31,65,2016,2026,10
2016KOND04,Bernabe Kondrak,30,65,2016,2026,10
2016ADHI01,Anup Adhikari,26,65,2016,2026,10
2016SANT03,Andrey Conceição,25,65,2016,2026,10
2015GEER01,Simon Geertsema,22,65,2015,2025,10
2016GARC05,Nick Jordan Mesias Garcia,21,65,2016,2026,10
2016JIAN13,David Jiang (蒋濬哲),35,65,2016,2025,9
2016WYRO01,Leon Jakub Wyrobek,35,65,2016,2025,9
2016GUOS02,Sky Guo (郭建欣),31,65,2016,2025,9
2016REGO01,Sheldon Rego,31,65,2016,2025,9
2015BART01,Luboš Bartík,26,65,2015,2024,9
2017MEDR01,Joaquin Infante Medrano,23,65,2017,2026,9
2017DATZ01,Michael Datz,35,65,2017,2025,8
2018BRAD06,Max Bradley-McFawn,34,65,2018,2026,8
2017STOS01,Livio Stössel,30,65,2017,2025,8
2018DITT02,Mike Ditton,30,65,2018,2026,8
2016CARA04,Kristian Gil Caragan,28,65,2016,2024,8
2018CAPA01,Zee Capangpangan,27,65,2018,2026,8
2016TRUJ03,Diego Trujillo,25,65,2016,2024,8
2015ZHAN85,Zihan Zhang (张子涵),23,65,2015,2023,8
2009SMIT03,Andy Smith,22,65,2009,2017,8
2011ATAS01,Ali Atashi (علی آتشی),22,65,2011,2019,8
2007CHRI02,Mads Mohr Christensen,35,65,2007,2014,7
2019PRIN01,Simon De Prins,35,65,2019,2026,7
2018BEHR01,Roxy Behrle,34,65,2018,2025,7
2019TENG03,Yangshuo Teng (滕仰硕),33,65,2019,2026,7
2017GAYN01,John Gaynor,29,65,2017,2024,7
2019PAGH01,Frederik Perto Pagh,27,65,2019,2026,7
2016WASE01,Yannic Waser,26,65,2016,2023,7
2017CADI02,Alfonso Esteban Cepeda Cádiz,25,65,2017,2024,7
2019KATO02,József Katona,25,65,2019,2026,7
2019SHIL03,Larry Shi,25,65,2019,2026,7
2017BRIO01,Jeremy Jesús Castillo Briones,24,65,2017,2024,7
2017CHAF01,Bolivar Chafla,23,65,2017,2024,7
2018MAHA16,Archit Mahale,32,65,2018,2024,6
2017ERSH01,Alevio Hamizan Ersha,24,65,2017,2023,6
2019MAZZ01,Nicola Mazza,23,65,2019,2025,6
2021WHIT02,Taren White,60,65,2021,2026,5
2013SILV01,Rubix Azevedo Martins da Silva,38,65,2013,2018,5
2021WELS01,Harvey Welsford,38,65,2021,2026,5
2021BHAR01,Vedanth Bharadwaj,35,65,2021,2026,5
2021TSUI01,Adriel Tsui,35,65,2021,2026,5
2021MICH03,Radosław Michałek,33,65,2021,2026,5
2021IZIU01,Ivan Iziumenko (Іван Ізюменко),30,65,2021,2026,5
2021GEON01,Victoria Géonet,29,65,2021,2026,5
2021BERY01,Baptiste Bery,28,65,2021,2026,5
2021HEIS01,Jindřich Heissiger,25,65,2021,2026,5
2021ATKI02,Thomas Atkins,23,65,2021,2026,5
2014DRAP01,Jeffrey Draper,38,65,2014,2018,4
2022CHAU04,Marius Chaudesaygues,33,65,2022,2026,4
2022PHIF01,Zhai Phifer,32,65,2022,2026,4
2022JARR01,James Jarrett,29,65,2022,2026,4
2022FUEN02,Caleb dela Fuente,26,65,2022,2026,4
2022LAUR07,Ryan Lau,26,65,2022,2026,4
2021MIKU01,Andrej Mikulić,25,65,2021,2025,4
2022BARR14,Joaquín Galeano Barrios,25,65,2022,2026,4
2022NTAL01,Ioannis Ntalis,24,65,2022,2026,4
2015WAGH02,Pratham Waghmare,21,65,2015,2019,4
2023QUIN18,Daniel Lencastre de Souza Quintão,34,65,2023,2026,3
2023FARR02,Chase Farrell,33,65,2023,2026,3
2023GONZ15,Kat Gonzalez,32,65,2023,2026,3
2023MABI01,Tiphaine Mabillard,31,65,2023,2026,3
2023BOOS01,Prodpran Boossayajarn (โปรดปราน บุศยาจารย์),30,65,2023,2026,3
2023GUOJ02,Jiayao Guo (郭家瑶),29,65,2023,2026,3
2023LAND18,Nestor Alexander Florez Landinez,28,65,2023,2026,3
2023WANG58,Chun-Chia Wang (王畯家),27,65,2023,2026,3
2023CAPE02,Jordan Cape,25,65,2023,2026,3
2022DESL01,Jack Desloge,24,65,2022,2025,3
2023FANN02,Nathan Aristotle Fan,24,65,2023,2026,3
2021VALD01,Juan David Hernández Valderrama,23,65,2021,2024,3
2022LEEU02,Sjoerd van Leeuwen,23,65,2022,2025,3
2022NUNE01,Robert Yomi Cadenas Nuñez,21,65,2022,2025,3
2024ZAJD01,Mateusz Zajder,47,65,2024,2026,2
2024FUKU04,Shota Fukuoka,25,65,2024,2026,2
2007SEUN04,Yi Seung-Woo (이승우),34,64,2007,2026,19
2007WATI01,Thomas Watiotienne,25,64,2007,2024,17
2011MILA02,João Gabriel de Aguiar Milani,38,64,2011,2024,13
2014SANC17,Jeison Sanchez,62,64,2014,2026,12
2014AREL01,Hime Arellano,29,64,2014,2026,12
2012FABR01,Emilien Fabre,24,64,2012,2024,12
2012QUIA01,Albert Quiñones,36,64,2012,2023,11
2015QUIN09,Valfrido Torres Quintanilha Netto,35,64,2015,2026,11
2015PAPA02,Kostas Papadopoulos,31,64,2015,2026,11
2014NICH02,Dalton Nichols,27,64,2014,2025,11
2015TRUJ04,Diego Trujeque,29,64,2015,2025,10
2016NGAN02,Michael Ngan (顏律言),29,64,2016,2026,10
2013HAHN02,Max Hahnbück,26,64,2013,2023,10
2016BEYE01,Yannick Beyer,26,64,2016,2026,10
2013NARA02,Santosh Naranapatty,22,64,2013,2023,10
2017TABA02,Chris Tabar,41,64,2017,2026,9
2017MART94,Víctor Adán Solis Martinez,34,64,2017,2026,9
2014KALI01,Marcel Kälin,33,64,2014,2023,9
2017NGUY18,Kyle Nguyen,33,64,2017,2026,9
2017PHAM07,Phoenix Pham,30,64,2017,2026,9
2015DZHU01,Stepan Dzhurylo (Степан Джурило),29,64,2015,2024,9
2015RAOJ01,Jun-Rui Rao (饒峻睿),25,64,2015,2024,9
2009KIMA01,Anatoly Kim,24,64,2009,2018,9
2015SUZH01,Zhenwei Su (苏振威),24,64,2015,2024,9
2014SVAR02,Mikkel Svartveit,22,64,2014,2023,9
2018MOLI03,Francisco Huertas Molina,34,64,2018,2026,8
2018VAND08,William Vandergrift,34,64,2018,2026,8
2008SMIT01,Shaden Smith,33,64,2008,2016,8
2018BILL03,Daniel Billingham,32,64,2018,2026,8
2009BALT02,Leandro Baltazar,26,64,2009,2017,8
2018KOLS02,Alejandro Kolster Passos,26,64,2018,2026,8
2015EWBA01,Joe Ewbank,24,64,2015,2023,8
2015JACK04,Sam Jacklin,24,64,2015,2023,8
2018MALD02,Jose Javier Melendez Maldonado,24,64,2018,2026,8
2014WONG08,Vincent Wong,23,64,2014,2022,8
2011FATE01,Seyyed Mohammad Hossein Fatemi (سید محمد حسین فاطمی),22,64,2011,2019,8
2018QUAN17,Trần Anh Quân,22,64,2018,2026,8
2018TELL03,Carlos Daniel Torres Tello,22,64,2018,2026,8
2012SHAL01,Kirill Shalashov,33,64,2012,2019,7
2019BOTE01,Jacob Bote,31,64,2019,2026,7
2016BERN18,Alyssa Bernardo,27,64,2016,2023,7
2019KIMY04,Youyong Kim (김유용),26,64,2019,2026,7
2019WUXI04,Xiang-Yu Wu (吳享諭),26,64,2019,2026,7
2016CRES01,Diego Brizuela Crespo,23,64,2016,2023,7
2017GAZA01,Gabriel Gaza,23,64,2017,2024,7
2019LUGT01,Tim Lugtigheid,31,64,2019,2025,6
2018CAST55,José Miguel Romero Castellón,29,64,2018,2024,6
2019YANG33,Jhih-Chi Yang (楊智期),28,64,2019,2025,6
2016STAN05,Tom Stanton-Barnett,27,64,2016,2022,6
2019CATA02,Gian Carlo C. Catambay,24,64,2019,2025,6
2008CHEN11,Haiping Chen (陈海平),23,64,2008,2014,6
2009JUNY01,Howard Wong Jun Yen (黄俊仁),22,64,2009,2015,6
2019JARM01,Kerrie Jarman,56,64,2019,2024,5
2021DOYL02,Mickey Doyle,36,64,2021,2026,5
2021MALI03,Paweł Malinowski,33,64,2021,2026,5
2015KUZI01,Mikhail Kuzin,29,64,2015,2020,5
2020SCHR02,Olivia Schroeder,26,64,2020,2025,5
2021ALBI01,Damiano Albini,23,64,2021,2026,5
2021ZHON07,Randy Zhong,23,64,2021,2026,5
2017BURK01,June Burkhardt,33,64,2017,2021,4
2022VELM01,Pravith Velmurugan,32,64,2022,2026,4
2022WATT09,Yindee Wattanawong (ยินดี วัฒนวงศ์),32,64,2022,2026,4
2022ZHAN56,Daniel Yuchen Zhang,31,64,2022,2026,4
2022KAUS02,Naitik Kaushal,30,64,2022,2026,4
2022VERB01,Kick Verbeek,28,64,2022,2026,4
2022WALB01,Bram van der Wal,26,64,2022,2026,4
2022KELL21,Tadhg Kelly,23,64,2022,2026,4
2022SCHE05,Isaac Scheepers,23,64,2022,2026,4
2022WALK01,Nico Walker,23,64,2022,2026,4
2021CHEN64,Gilbert Chen (陳牧灼),22,64,2021,2025,4
2022STRE03,Jáchym Střelec,35,64,2022,2025,3
2022PANT01,Samuel Panteon,29,64,2022,2025,3
2023LIWU01,Wu Li (李悟),29,64,2023,2026,3
2023STRY02,Anja Strydom,29,64,2023,2026,3
2023YANY01,Yechen Yan (颜叶辰),27,64,2023,2026,3
2023MESA04,Liberto Ventura Mesa,26,64,2023,2026,3
2022BROE01,Arthur Van Broeckhoven,24,64,2022,2025,3
2023DEVI04,Gavin DeVine,24,64,2023,2026,3
2023SHET02,Kundan Shet,24,64,2023,2026,3
2015RAMI07,Emilio Eleodoro Lahsen Ramírez,23,64,2015,2018,3
2022RITC01,Austin Ritchie,22,64,2022,2025,3
2023YUHA01,Hansen Yu (余翰森),19,64,2023,2026,3
2023MAHA02,Hayden Ma,39,64,2023,2025,2
2024KERN01,Ryan Kern,31,64,2024,2026,2
2022CHAD02,Adam Chadzynski,25,64,2022,2024,2
2024PRAE01,Maxwell Praet,24,64,2024,2026,2
2017EREZ01,Ethan Erez,22,64,2017,2019,2
2005PARI01,Javier París,39,63,2005,2022,17
2010NIEL01,Camilla Jul Nielsson,51,63,2010,2026,16
2006WRIG01,Tristan Wright,31,63,2006,2022,16
2009MOCH01,Jin Mochizuki (望月仁),37,63,2009,2024,15
2010SHEF01,Amit Sheffer,36,63,2010,2025,15
2011AZZO01,Bryson Azzopardi,27,63,2011,2026,15
2012HANJ01,Han Joong Won (한중원),37,63,2012,2026,14
2014WENG01,Zicong Weng (翁子聪),46,63,2014,2026,12
2014MCEL01,Eris McElroy,38,63,2014,2026,12
2012OCTA01,Christophorus Kevin Octavio,34,63,2012,2024,12
2013SEOH01,Hyo-Min Seo (서효민),24,63,2013,2025,12
2008MATS04,Takayuki Matsumoto (松本孝之),57,63,2008,2019,11
2012CHEN44,Maosheng Chen (陈茂盛),44,63,2012,2023,11
2015SUIL01,Lianghai Sui (眭亮海),42,63,2015,2026,11
2015YINC01,Chan Hay Yin (陳希言),37,63,2015,2026,11
2012HIRA01,Tomoyuki Hiraide (平出智之),34,63,2012,2023,11
2010WANG18,Zihao Wang (王子豪),29,63,2010,2021,11
2013WAGN01,Andreas Wagner,26,63,2013,2024,11
2016LOFG01,Andrew Lofgren,34,63,2016,2026,10
2015WUCH01,Cheng-Hua Wu (巫政樺),32,63,2015,2025,10
2016MARB01,Jasper Lee Marbella,32,63,2016,2026,10
2016WARD01,Nicholas Vigo Wardhana,32,63,2016,2026,10
2014JAIN10,Jainendra Jain,31,63,2014,2024,10
2016BRIS01,Axel Brisse,29,63,2016,2026,10
2016YAMA06,Kyle Yamamoto,29,63,2016,2026,10
2011CHAN10,Zhiyang Chen (陈至扬),26,63,2011,2021,10
2016SICO01,Julian Sico,26,63,2016,2026,10
2017PERE26,Angel Torres Perez,41,63,2017,2026,9
2016VASE01,Kristoffer Vasehus,36,63,2016,2025,9
2017AIPK01,Igor Aipkin,35,63,2017,2026,9
2016CUAT02,Angel Omar Pérez Cuate,33,63,2016,2025,9
2017BRAN02,Dominic Brandi,31,63,2017,2026,9
2017PLEI01,Coleton Pleiss,30,63,2017,2026,9
2015SPIT02,Hugo Spitz,26,63,2015,2024,9
2010CARN01,Zane Carney,25,63,2010,2019,9
2017GADG01,Pranav Gadge,25,63,2017,2026,9
2017NOEL03,Lukas Noel,25,63,2017,2026,9
2017PYLY01,Bohdan Pylypchak (Богдан Пилипчак),25,63,2017,2026,9
2017KRON03,Frederiks Rūdolfs Kronbergs,24,63,2017,2026,9
2017MART58,Caio Almeida Martins,24,63,2017,2026,9
2017NEUM01,Paul Neumann,24,63,2017,2026,9
2016ROJA03,José Cruz Lara Rojas,22,63,2016,2025,9
2017SAIA01,Joey Saia,22,63,2017,2026,9
2016YANG84,Yap Jia Yang,20,63,2016,2025,9
2018PERE05,Shalem Birzavit Meneses Pérez,37,63,2018,2026,8
2013SIZO01,Vyacheslav Sizov,34,63,2013,2021,8
2018CALI04,Zach Calin,34,63,2018,2026,8
2017KRIE03,Jack Krieg,33,63,2017,2025,8
2018IMAD01,Thomas Imada,31,63,2018,2026,8
2016BROW06,Edoardo Brown,29,63,2016,2024,8
2017CUTT01,Christian Cutter,28,63,2017,2025,8
2016RACH01,Fahmi Aulia Rachman,25,63,2016,2024,8
2017HOCK01,Leo Hock-Morris,24,63,2017,2025,8
2018LINH02,Hans Lin,24,63,2018,2026,8
2018GUIB01,Leigh Anne Nijel Guibani,22,63,2018,2026,8
2019SHAR40,Vyom Sharma,33,63,2019,2026,7
2019HUNC01,Mariia Hunchak (Марія Гунчак),32,63,2019,2026,7
2019HURL03,Lorenz Hurlet,28,63,2019,2026,7
2018MORG08,Camden Morgan,26,63,2018,2025,7
2018SAKI01,Alper Şakım,26,63,2018,2025,7
2012MEIL01,Ricky Meiler,23,63,2012,2019,7
2017PILL04,Lorenzo Pillon,23,63,2017,2024,7
2011PUME01,Meng'an Pu (浦梦安),22,63,2011,2018,7
2018FEDO04,Serhii Fedorniak (Сергій Федорняк),22,63,2018,2025,7
2017TURC02,Sorin Turculeț,21,63,2017,2024,7
2014MANC03,Siddharth Manchkanti,40,63,2014,2020,6
2016PARE03,Noah Paredes,35,63,2016,2022,6
2020RIEP01,Jeroen Riepma,28,63,2020,2026,6
2017MARC08,Andrea Marconato,23,63,2017,2023,6
2015LIEP02,Imants Liepiņš,22,63,2015,2021,6
2014ISHI02,Katsunori Ishiguro (石黒克典),36,63,2014,2019,5
2021ADAM03,Kuba Adamczyk,29,63,2021,2026,5
2017LAIN01,Santeri Laine,28,63,2017,2022,5
2011CHEN54,Yuxuan Chen (陈雨璇),26,63,2011,2016,5
2014DALA03,Rushil Dalal,21,63,2014,2019,5
2022RULE02,Bennett Rule,36,63,2022,2026,4
2022ARNS01,Anders Arnsten,33,63,2022,2026,4
2021KRAF01,Konrad Julian Jefferson Krafft,32,63,2021,2025,4
2022KEST04,Nora Y. Kester,32,63,2022,2026,4
2022SPIE04,Gabriel Spiewok,32,63,2022,2026,4
2022STEU03,Félicien Steux,32,63,2022,2026,4
2022HAND01,Peter A. Handayana,31,63,2022,2026,4
2022DAWS04,Wilson Dawson,28,63,2022,2026,4
2022ORTE06,Vadhir Roberto Lopez Ortega,28,63,2022,2026,4
2017CHET03,Taoran Chen (陈陶然),27,63,2017,2021,4
2022JOYC02,Krishna Joyce,26,63,2022,2026,4
2022OLEA01,Liam O'Leary,26,63,2022,2026,4
2022FORT01,Mongol Forti,25,63,2022,2026,4
2022HILL02,Tegan Hill,25,63,2022,2026,4
2022PATW01,Radiath Kamal Patwary,25,63,2022,2026,4
2022ARIN01,Gustavo Henrique Arins,24,63,2022,2026,4
2022CHUN09,Gavin Chung,24,63,2022,2026,4
2022BALD01,Leonardo Baldo,23,63,2022,2026,4
2022BUKK01,Kaustubh Bukkapatnam,23,63,2022,2026,4
2022MANW02,Liam Manwaring,23,63,2022,2026,4
2022PATI10,Shrivatsa Patil,23,63,2022,2026,4
2022SUKH01,Bilguun Sukhbaatar,23,63,2022,2026,4
2023AJAN01,Imaad Sohel Ajani,48,63,2023,2026,3
2023STRA33,Eduardo Ribeiro Strauch,38,63,2023,2026,3
2023STOL04,Paweł Stolarski,35,63,2023,2026,3
2023WOLO01,Konrad Wołowiec,35,63,2023,2026,3
2023MONR05,Omar Reyes Monroy,34,63,2023,2026,3
2023COUC01,Zak Couch,31,63,2023,2026,3
2023ARIC02,Dhiago Sanchez Arica,30,63,2023,2026,3
2023DOJT01,Marek Dojtrowski,30,63,2023,2026,3
2022CHIA01,Pei-Ni Chiang (江霈妮),29,63,2022,2025,3
2023NETO08,João Stenzel Neto,29,63,2023,2026,3
2023WONG11,Aaron Josh C. Wong,28,63,2023,2026,3
2021HORN01,René Horn,27,63,2021,2024,3
2023LEYT01,Theo Leyton,27,63,2023,2026,3
2023DINE03,Archimedes Dines,26,63,2023,2026,3
2023ABRE04,Bruno Henrique de Abreu,25,63,2023,2026,3
2023ENGE05,Gunner Engelsman,24,63,2023,2026,3
2023MORE20,Jhustin Charry Moreno,29,63,2023,2025,2
2024PIRE04,Eduardo Pires,25,63,2024,2026,2
2008KACZ01,Tomasz Kaczorowski,28,62,2008,2025,17
2004NAGY01,Olivér Nagy,44,62,2004,2019,15
2005FUNG01,Michael Fung,31,62,2005,2020,15
2010BELO01,Marco Belotti,29,62,2010,2025,15
2012MARC01,Borislav Marchovski,37,62,2012,2026,14
2012SZEW01,Patryk Szewczyk,24,62,2012,2026,14
2013HADK01,Ishaan Hadkar,28,62,2013,2026,13
2014VETS01,Adam Vetser,50,62,2014,2026,12
2014HSIE01,Cheng-Yu Hsieh (謝承諭),43,62,2014,2026,12
2014SHAH08,Shresth Shah,35,62,2014,2026,12
2013QUQI01,Qi Qu (曲祺),30,62,2013,2025,12
2011FLAY02,Matthew Flay,28,62,2011,2023,12
2012HART02,Ben Hart,28,62,2012,2024,12
2014RODR31,Leudy Rodríguez,27,62,2014,2026,12
2013WEAV01,Sydney Weaver,24,62,2013,2025,12
2006KIED01,Tomasz Kiedrowicz,43,62,2006,2017,11
2012FAHM02,Muhammad Yunan Fahmi,38,62,2012,2023,11
2015FERR07,Jared Ferrin,30,62,2015,2026,11
2015HITC01,Jack Hitchman,29,62,2015,2026,11
2015ROSL01,Muhammad Razin Bin Roslan,23,62,2015,2026,11
2015XIAJ01,Jun Xia (夏骏),22,62,2015,2026,11
2014WANG40,Guojie Wang (王国杰),20,62,2014,2025,11
2015SUCK01,Jang SeokWon (장석원),47,62,2015,2025,10
2016DEVI02,Sandra Devi,38,62,2016,2026,10
2016TAMU01,Teruki Tamura (田村旭輝),35,62,2016,2026,10
2016YANG83,Bryan Gan Tze Yang (顏子洋),32,62,2016,2026,10
2009ARSA01,Riadi Arsandi,31,62,2009,2019,10
2016TORR12,Caleb Torres,31,62,2016,2026,10
2016TIMO02,Đorđe Timotijević,29,62,2016,2026,10
2016PETE11,Knut Peterson,27,62,2016,2026,10
2013TAKE01,Atsuto Takemura (竹村篤人),25,62,2013,2023,10
2014TANG07,Wenxuan Tang (唐文轩),23,62,2014,2024,10
2013ALVA04,Camilo Andres Cobos Alvarado,22,62,2013,2023,10
2017ROSS10,Javier Agustín Rossi,52,62,2017,2026,9
2016GALV07,Edgardo Gálvez,36,62,2016,2025,9
2016GOME10,Jesús Fernando Castelán Gómez,36,62,2016,2025,9
2013MORA02,Raúl Morales Hidalgo,34,62,2013,2022,9
2017MINJ03,Minjun Kim (김민준),33,62,2017,2026,9
2016LAGE01,Breanna LaGere,28,62,2016,2025,9
2017LIXI03,Xinyu Li (李欣宇),28,62,2017,2026,9
2017VALE13,Eli Valera,27,62,2017,2026,9
2014WERE01,Wojciech Weremczuk,25,62,2014,2023,9
2017DELA03,Connor J. Delacruz,25,62,2017,2026,9
2014PENA03,Andriuth Peña,24,62,2014,2023,9
2017PERE38,Pedro Agustín Mora Pérez,23,62,2017,2026,9
2010LEED02,Daniil Lee,21,62,2010,2019,9
2017ORTI11,Stiven Ortiz,21,62,2017,2026,9
2017MAKC01,Sivakorn Makcharoen (ศิวกร มรรคเจริญ),33,62,2017,2025,8
2017HANS09,Jake M. Hanson,31,62,2017,2025,8
2017LEET01,Tristan Lee,31,62,2017,2025,8
2017TARS01,Vincentiu Tarsoaga,29,62,2017,2025,8
2005VANH01,Anssi Vanhala,26,62,2005,2013,8
2011ANON06,Anonymous,26,62,2011,2019,8
2017LUWI01,William Lu (呂宇綸),23,62,2017,2025,8
2018PORT11,Javier Portillo,23,62,2018,2026,8
2018MAGG01,Valerio Maggi,22,62,2018,2026,8
2018TIEN05,Hoàng Hà Thủy Tiên,22,62,2018,2026,8
2019DELA02,Thibaut Delaby,48,62,2019,2026,7
2017PREN02,Ryan Prendible,41,62,2017,2024,7
2018HERN24,Rodrigo González Hernández,33,62,2018,2025,7
2019ZHAN21,Jason Zhang,33,62,2019,2026,7
2014THUV01,Johan Thuvesen,31,62,2014,2021,7
2019YUME03,Hiroshi Yumeda (陆天龙),31,62,2019,2026,7
2018PONC02,Andres Sanchez Ponce,29,62,2018,2025,7
2018WEBE04,Samuel Weber,28,62,2018,2025,7
2019WAHY01,Denzel A. J. Wahyudi,27,62,2019,2026,7
2017BATZ01,Alexander Batz,24,62,2017,2024,7
2019DOAA01,Aaron Do,23,62,2019,2026,7
2011HUTN01,Caitlin Hutnyk,21,62,2011,2018,7
2011SOLE02,Armin Soleimani (آرمین سلیمانی),21,62,2011,2018,7
2019WACH01,Adam Wachtel,32,62,2019,2025,6
2018HAEV01,Evan Ha,31,62,2018,2024,6
2017MCGO02,Scott McGowan,28,62,2017,2023,6
2009MAKA01,Ivan Makachev,27,62,2009,2015,6
2013YAMA01,Tomoya Yamashita (山下智也),27,62,2013,2019,6
2010SARD01,Andrea Lo Sardo,22,62,2010,2016,6
2021BOUC01,Stecy Boucher,61,62,2021,2026,5
2021SHET02,Dhruv M. Sheth,35,62,2021,2026,5
2014TROT01,Mykola Trotsenko (Микола Троценко),33,62,2014,2019,5
2011CHAU05,Peter Chau,25,62,2011,2016,5
2021THOR02,Andreas Friis Thorkildsen,24,62,2021,2026,5
2022YILD01,Toprak Berva Yıldırım,35,62,2022,2026,4
2022KIMS12,Siwoo Kim,33,62,2022,2026,4
2022PETE24,Anders Peterson,32,62,2022,2026,4
2022YANG24,Kayden Yang,31,62,2022,2026,4
2022PREM01,Filip Premužić,26,62,2022,2026,4
2022GONZ09,Sergio Ramos González,25,62,2022,2026,4
2013RIVA01,Cristian Alberto Rivas Rivas,22,62,2013,2017,4
2022BOHL01,Magnus Rannem Bøhler,22,62,2022,2026,4
2022HATA01,Kai Hatano,22,62,2022,2026,4
2023MANS04,Lachlan Manson,39,62,2023,2026,3
2022STON03,Tuval Stone,38,62,2022,2025,3
2023BREU01,Lasse Breucking,37,62,2023,2026,3
2016HOLM04,Laurids Abelsen Holm,34,62,2016,2019,3
2023VILL48,Arabel•la Puig Villacorta,33,62,2023,2026,3
2023PODO02,Dominik Podolak,30,62,2023,2026,3
2023ANAN02,Aahan Anand,29,62,2023,2026,3
2023POOR01,Ferre Poortier,29,62,2023,2026,3
2022MCCA04,Brandon McCann,28,62,2022,2025,3
2023HAJA02,Sayed Hajaj,27,62,2023,2026,3
2023HAYW03,TJ Hayward,27,62,2023,2026,3
2023KNOX02,Jamie Knox,26,62,2023,2026,3
2023MALO03,Logan Ma,26,62,2023,2026,3
2016ALRO01,Karam Al-Robaie,24,62,2016,2019,3
2015CURM01,Nejc Ian Čurman,23,62,2015,2018,3
2016GIUL01,Alessio Giuliano,23,62,2016,2019,3
2022DIAZ14,Juan Sebastian Otalora Diaz,22,62,2022,2025,3
2023VIKR02,Akhil Vikram,22,62,2023,2026,3
2022ANON03,Anonymous,36,62,2022,2024,2
2024TAYL02,Peter Taylor,30,62,2024,2026,2
2023BZIN01,Piotr Bzinkowski,28,62,2023,2025,2
2009BOAR01,William Boards,21,61,2009,2026,17
2010GORK01,Krzysztof Górka,30,61,2010,2026,16
2011SUNG01,Sungho Hong (홍성호),28,61,2011,2024,13
2011LINY05,Yan-Jou Lin (林彥州),31,61,2011,2023,12
2014SALV02,Ricardo Bayona Salvador,27,61,2014,2026,12
2011KARI03,Mohammad Reza Karimi (محمد رضا کریمی),25,61,2011,2023,12
2014SMIT09,Hunter Smith,32,61,2014,2025,11
2013HOUJ01,Jiaxin Hou (侯家欣),26,61,2013,2024,11
2013OBLE01,Jakob Obleser,24,61,2013,2024,11
2014SWEE01,Liam Sweet,31,61,2014,2024,10
2008KAGE01,Kengo Kageyama (蔭山賢吾),29,61,2008,2018,10
2010COOK01,Tessa Cookmeyer,29,61,2010,2020,10
2015CAMP17,Alexandre Henrique Afonso Campos,28,61,2015,2025,10
2016RATA01,Chawin Ratanasiri (ชวิน รัตนสิริ),28,61,2016,2026,10
2016VALE18,Jesús Noe Corrales Valenzuela,26,61,2016,2026,10
2015DARL01,Louise Darling,25,61,2015,2025,10
2012SIDO01,Yulia Gritsenko,61,61,2015,2024,9
2017GEES01,Paul N. van de Geest,55,61,2017,2026,9
2016FEIJ02,Jun Fei (费俊),44,61,2016,2025,9
2017HOON03,Kim Dae Hoon (김대훈),37,61,2017,2026,9
2016CAST31,Samuel Hernandez Castro,36,61,2016,2025,9
2016SWIE02,Krystian Święch,31,61,2016,2025,9
2017KAIT01,Troy Tan Hong Kai,31,61,2017,2026,9
2011KUTY01,Maksymilian Kutyła,30,61,2011,2020,9
2011VECC01,Vinny Vecchio,30,61,2011,2020,9
2017ERRO01,Unai Castillo Erro,30,61,2017,2026,9
2010WANG16,Lining Wang (王立宁),29,61,2010,2019,9
2017FORS02,Baden Forster,29,61,2017,2026,9
2017SANI02,Denis Saniga,27,61,2017,2026,9
2017LOWM01,Matthew Low,26,61,2017,2026,9
2017HUAN77,Junliang Huang (黄骏亮),23,61,2017,2026,9
2015MANN02,Marco Manno,22,61,2015,2024,9
2018VLIE03,Ruby van Vliet,43,61,2018,2026,8
2011LUCI01,Philippe Lucien,41,61,2011,2019,8
2018ZIEG02,Kaiden Ziegler,34,61,2018,2026,8
2011REYN02,Alban Reynaud,31,61,2011,2019,8
2018ZHEN42,Weikang Zheng (郑炜康),31,61,2018,2026,8
2014MART44,Celia López Martín,30,61,2014,2022,8
2009KNOP01,Nathaniel Knopf,29,61,2009,2017,8
2016WYSO01,Louis Wysocinski,29,61,2016,2024,8
2017DASN01,Nipun Das,28,61,2017,2025,8
2018CROU02,Sylvia Crouch,27,61,2018,2026,8
2015NAKA02,Nathan Nakaguchi,25,61,2015,2023,8
2012AKAM01,Soichi Akamatsu (赤松聡一),24,61,2012,2020,8
2016SCHU02,Adrien Schumacker,24,61,2016,2024,8
2018AGAN01,Nathan Agan,24,61,2018,2026,8
2011ABBA01,Mohammad Hosein Abbasi (محمد حسین عباسی),23,61,2011,2019,8
2018MAGB01,John Gratian Magbanua,23,61,2018,2026,8
2019THAN04,Aadhiran Thangarathan,39,61,2019,2026,7
2018JINZ02,Zhibo Jin (金智博),28,61,2018,2025,7
2019GALV10,Víctor Gálvez,26,61,2019,2026,7
2019MUSU02,Tarak Sai Musunuri,25,61,2019,2026,7
2017LATT01,Isaac Latta,24,61,2017,2024,7
2018JANK01,Luka Jankovic,24,61,2018,2025,7
2015HSIE02,Ho Hsieh (謝合),23,61,2015,2022,7
2019PRIE03,David Felipe Gómez Prieto,22,61,2019,2026,7
2019MENE04,Lucas Cordeiro do Vale Menezes,21,61,2019,2026,7
2015ZHAO08,Xuan Zhao (赵轩),25,61,2015,2021,6
2011LELE01,Gaspard Leleux,24,61,2011,2017,6
2015CHEN17,Haodong Cheng (程昊东),24,61,2015,2021,6
2021SJOS01,Maica Neri Birch Sjøstrand,25,61,2021,2026,5
2015BLIT01,Efrem Blitz,32,61,2015,2019,4
2019ROBE01,Alistair Robequin,32,61,2019,2023,4
2022JANI01,Adam Janiszewski,26,61,2022,2026,4
2011KULS01,Ayush Kumar,25,61,2011,2015,4
2022KASA01,Shaurya Kasat,25,61,2022,2026,4
2022VENU02,Will Venuti,24,61,2022,2026,4
2022ORDO01,Josué Ordóñez,22,61,2022,2026,4
2022VITA02,Zénó Vitale,22,61,2022,2026,4
2021PIUM01,Fabio Piumatti,21,61,2021,2025,4
2022BURN09,Joseph Burnett,21,61,2022,2026,4
2022CORO03,Giovanni Montagna Coronado,21,61,2022,2026,4
2022BUST01,Rodrigo Bustinza,20,61,2022,2026,4
2023TANM02,Mark Louis Tan (陈小龙),39,61,2023,2026,3
2023MENE01,Pablo Fraile Menendez,36,61,2023,2026,3
2023JALK01,Matthew Jalkut,34,61,2023,2026,3
2022COST12,Sebastian Costa,29,61,2022,2025,3
2022SASA03,Pedro Paulo Lima Sasaki,26,61,2022,2025,3
2023WALL05,Hayden Wallace,26,61,2023,2026,3
2021LIUA02,Alvin Liu,25,61,2021,2024,3
2023GOME71,Darien Camilo Bernal Gomez,23,61,2023,2026,3
2023XUES01,Sheeran Xue (薛思远),23,61,2023,2026,3
2022HAGO01,Simon Hagon,21,61,2022,2025,3
2022MATY01,Ben Matyas,21,61,2022,2025,3
2023CHUG02,Leonardo Aldair Trujillo Chugden,21,61,2023,2026,3
2023COME01,Finn Comerford,21,61,2023,2026,3
2023MORA20,Tiago Morais,21,61,2023,2026,3
2023ALLI04,Thomas Allinson,20,61,2023,2026,3
2023MILO01,Michael Miloslavskiy,34,61,2023,2025,2
2024MOHA21,Sanjam Dash Mohanty,34,61,2024,2026,2
2023LOUF01,Fengyuan Kelvin Lou (楼丰源),24,61,2023,2025,2
2013BLOC01,Marcin Bloch,23,61,2013,2015,2
2022BRED02,Alessandro Breda,23,61,2022,2024,2
2022MUNO13,Samuel Alzate Muñoz,23,61,2022,2024,2
2007LOPE01,Manuel López Sheriff,27,60,2007,2025,18
2009XUEZ01,Xiaoxue Zhou (周晓学),30,60,2009,2025,16
2011TRAN04,Dinh-Anh Tran,31,60,2011,2026,15
2011MINN01,Martin Minnaert,26,60,2011,2026,15
2011SALA06,José Adrian Jaquez Salazar,60,60,2011,2025,14
2009KOMP01,Andrii Kompaniiets (Андрій Компанієць),30,60,2009,2023,14
2012SART01,Louis Sarthou,25,60,2012,2026,14
2010BADR01,Muhammad Badruddin,24,60,2010,2024,14
2011ERYO01,Alexander Eryomin,22,60,2011,2025,14
2013CHEN10,Patrick Chen,41,60,2013,2026,13
2013SANC10,Nestor Sanchez,30,60,2013,2026,13
2011OMAH01,Jack O'Mahony,26,60,2011,2024,13
2014LLOY02,Rhys Lloyd,23,60,2014,2026,12
2012CRIC01,Bruno Galati Paladino Cricelli,35,60,2012,2023,11
2013GOME02,David Ruscalleda Gómez,32,60,2013,2024,11
2015PANS01,Adrian Panszczyk,29,60,2015,2026,11
2015KULK06,Rahul Kulkarni,27,60,2015,2026,11
2008GANC02,Kam Chor Kin (甘楚健),26,60,2008,2019,11
2015UCHI01,Yuki Uchida (内田佑毅),40,60,2015,2025,10
2015HARR03,Chad Harris,35,60,2015,2025,10
2016MEND07,Alfredo Vasquez Mendoza,33,60,2016,2026,10
2016SALA16,Claudio Ramón Castillo Salazar,32,60,2016,2026,10
2014HUAN07,An Hu (胡安),30,60,2014,2024,10
2015LAWB01,Brian Law,27,60,2015,2025,10
2015SARD02,Luis Javier Sanz Sardina,25,60,2015,2025,10
2015CLAR03,Andrés Claros,22,60,2015,2025,10
2015MANS03,Kian Mansour,19,60,2015,2025,10
2017TANI04,Naoki Tani (谷直輝),41,60,2017,2026,9
2017TOYS01,Azael Toysehua,32,60,2017,2026,9
2016KARV01,Titas Karvelis,30,60,2016,2025,9
2016MADI02,Ben Madison,30,60,2016,2025,9
2017ROBE16,Drake Robertson,30,60,2017,2026,9
2009INGE01,Anti Ingel,27,60,2009,2018,9
2016SONI02,Rachit Soni,27,60,2016,2025,9
2013VILL06,Kevin Gómez Villanueva,22,60,2013,2022,9
2017KURM01,Alisher Kurmash,22,60,2017,2026,9
2017SILL02,Brayan Tomas Sillero,22,60,2017,2026,9
2017BROW08,Kayla Brown,46,60,2017,2025,8
2018VIYA01,Saksorn Viyavong (ศักย์ศรณ์ ไวยะวงษ์),35,60,2018,2026,8
2018MAYE01,Matthew Mayernik,34,60,2018,2026,8
2018GAUN01,Sebastián Leonel Gauna,32,60,2018,2026,8
2017NITE01,Vaishnav Nitesh,30,60,2017,2025,8
2017SIER01,Sam Sieracki,25,60,2017,2025,8
2017CADA02,Dragoş Mihai Cadariu,24,60,2017,2025,8
2017LAMO01,Emanuele Lamon,22,60,2017,2025,8
2018PERE31,Mattia Perego,22,60,2018,2026,8
2013SING12,Abhimanyu Singhal,40,60,2013,2020,7
2007PERD01,Antoine Perdereau,39,60,2007,2014,7
2014BLOC01,Josh Bloch,38,60,2014,2021,7
2012SILV07,Marcos Vinícius Vieira Takahashi da Silva,29,60,2012,2019,7
2013WALT01,Zak Walters,28,60,2013,2020,7
2017BORS02,Maja von Borstel,28,60,2017,2024,7
2017MOLI05,Samuel Moliver,27,60,2017,2024,7
2014BENT01,Claudio Bentivoglio,25,60,2014,2021,7
2019MERR02,Alexis Le Merrer,24,60,2019,2026,7
2005BAUM01,Jason Baum,23,60,2005,2012,7
2015CHEV01,Dylan Rene Centeno Chevez,23,60,2015,2022,7
2016TUCH02,Cheung-Hao Tu,23,60,2016,2023,7
2013YWIC01,Marta Żywicka,38,60,2013,2019,6
2020JOHA02,Morten Raknes Johansen,35,60,2020,2026,6
2017BALS01,Yannick Balsiger,29,60,2017,2023,6
2011BENZ01,Boriss Benzerruki,28,60,2011,2017,6
2016DASI01,Siau Hong Da (蕭宏達),26,60,2016,2022,6
2019BATH02,Aayush Manish Bathija,26,60,2019,2025,6
2019SENS02,Philipp Senser,26,60,2019,2025,6
2013TAPP01,Carlos Tapp,24,60,2013,2019,6
2016MASI01,Marcos Masini,24,60,2016,2022,6
2018ROFF01,Kai Roff,21,60,2018,2024,6
2019PERS02,Alexander Persaud,21,60,2019,2025,6
2015SOLO01,Konstantin Solovev (Константин Соловьёв),38,60,2015,2020,5
2021SONN01,Cory Sonntag,34,60,2021,2026,5
2011QUEZ01,Noel Yzaguirre,25,60,2011,2016,5
2021BAKE01,Isaiah Baker,20,60,2021,2026,5
2022ANDR34,Jefferson de Carvalho Andrade,34,60,2022,2026,4
2022CHAI08,Trust Chaiaya,33,60,2022,2026,4
2022DATT02,Adih Datta,33,60,2022,2026,4
2022EDWA05,Sam Edwards,33,60,2022,2026,4
2022BOLA06,William Patrick Boland,31,60,2022,2026,4
2022KERG01,Témi Kergastel,31,60,2022,2026,4
2022ORZE01,Tymoteusz Orzechowski,31,60,2022,2026,4
2022SANT05,Emanuel Victor Araújo dos Santos,31,60,2022,2026,4
2021VERA01,Carlos Jesús Vargas Vera,30,60,2021,2025,4
2008ZIMM01,Monika Zimmermann,29,60,2008,2012,4
2022ADAM15,Michael Adams,29,60,2022,2026,4
2022NOCK01,Jess Nock,28,60,2022,2026,4
2017GONZ50,Ekaitz Rey González,25,60,2022,2026,4
2021ATKI01,Miller Atkinson,25,60,2021,2025,4
2022MUNK08,Temuulen Munkhtushig,25,60,2022,2026,4
2022YANM02,Muxi Yan,25,60,2022,2026,4
2015VERA02,Diego Boasso Vera,23,60,2015,2019,4
2022KLEI01,Callen Kleij,23,60,2022,2026,4
2022ZAYN01,Fouzan Zayn,23,60,2022,2026,4
2016SEGO02,Jorge Marín Segovia,22,60,2016,2020,4
2022OGLO01,Aleksejs Oglobļins,21,60,2022,2026,4
2022THIR02,Sarvesh Thirumalai,20,60,2022,2026,4
2022DURL01,Sarah Durling,19,60,2022,2026,4
2023GRAY10,Will Gray,45,60,2023,2026,3
2009BRUS01,Berit Brüster,39,60,2009,2012,3
2023CHAI02,Anawin Chaichana (อนาวิล ชัยชนะ),34,60,2023,2026,3
2023DIAZ20,Asier Adell Díaz,32,60,2023,2026,3
2022PERT01,Kevin Pertus,31,60,2022,2025,3
2023ONGC01,Carlos Joseph Ong,31,60,2023,2026,3
2023CHEN48,Daniel Cheng,30,60,2023,2026,3
2023LEEG03,Geunyeong Lee (이근영),30,60,2023,2026,3
2022WADH02,Ashwyn Wadhawan,28,60,2022,2025,3
2022BUSS01,Zachary Bussey,27,60,2022,2025,3
2022NUGE01,Tom Nugent,27,60,2022,2025,3
2022MAOA01,Andrew Mao,26,60,2022,2025,3
2023SUNG02,Seung Hyeon Sung (성승현),26,60,2023,2026,3
2023BALL02,Samuel Francis Ballas,25,60,2023,2026,3
2023STRO13,Alec Stromberg,21,60,2023,2026,3
2024OLIK01,Nikodem Olik,32,60,2024,2026,2
2024KORO03,Mateusz Korolkiewicz,28,60,2024,2026,2
2015WANG87,James Wang (王俊杰),26,60,2025,2026,1
2003MORR01,Frank Morris,26,59,2003,2025,22
2010PARF01,Leon Parfitt,22,59,2010,2026,16
2011DION02,Jorge Adrian Hernández Dionicio,42,59,2011,2026,15
2011HYEO01,HyunDong You (유현동),22,59,2011,2026,15
2005BOUC01,Craig Bouchard,26,59,2005,2019,14
2013GAID01,Valeriya Gaidarly (Валерия Гайдарлы),56,59,2013,2026,13
2013BELL06,Jhon Anderson Soto Bellido,34,59,2013,2026,13
2013CHEN43,Yingguang Chen (陈映光),34,59,2013,2026,13
2013GOTT01,Adam Gottscholl,37,59,2013,2025,12
2013SHIH03,Huixuan Shi (施慧轩),25,59,2013,2025,12
2015DORS01,Maxwell Dorset,36,59,2015,2026,11
2015SZEL01,Kacper Szeląg,35,59,2015,2026,11
2015POLL02,Dylan Pollard,32,59,2015,2026,11
2008NOMU01,Keita Nomura (野村啓太),27,59,2008,2019,11
2012STAN04,Simon Stannek,22,59,2012,2023,11
2015WUJI02,Jian Wu (吴建),22,59,2015,2026,11
2015MEUL01,Zac Meulenkamp,45,59,2016,2026,10
2016GARC32,Marco Antonio Olivares Garcia,30,59,2016,2026,10
2016LUDA01,Dan Lu,30,59,2016,2026,10
2008VENK01,Sreeram Venkatarao,37,59,2008,2017,9
2016FORS02,Logan Forsythe,31,59,2016,2025,9
2016BURT01,Darius Burt,23,59,2016,2025,9
2013CHIA02,Lee Chiang (蔣礪),22,59,2013,2022,9
2016NAVA07,Justin John Navarro,21,59,2016,2025,9
2018BAUE04,Jochen Bauer,38,59,2018,2026,8
2017VOLE01,Rohan Volety,35,59,2017,2025,8
2016SOOS01,Jan Erik Soosaar,34,59,2016,2024,8
2011YEJI01,Jiaxi Ye (叶佳希),29,59,2011,2019,8
2018PANT04,Pantos Pantos,28,59,2018,2026,8
2017LOPE38,Luis Gonzalo Porras Lopez,27,59,2017,2025,8
2017MEYN01,Elias Meynckens,22,59,2017,2025,8
2016BRAU02,Firmin Brault,21,59,2016,2024,8
2017PINZ04,Didier Jaizird Ramirez Pinzon,21,59,2017,2025,8
2014BERE01,Máté Berecz,20,59,2014,2022,8
2017TRAN08,Adam Tran,20,59,2017,2025,8
2019LAUR04,Jakob Foged Lauritzen,34,59,2019,2026,7
2009DROS01,Tobias Droste,27,59,2009,2016,7
2019VIMA01,Prayansh Vimal,27,59,2019,2026,7
2011GORB01,Ivans Gorbunovs,25,59,2011,2018,7
2019HANS03,SeungO Han (한승오),24,59,2019,2026,7
2019MALV01,Manuel Malvárez,24,59,2019,2026,7
2019ALMA03,Joshua Almanza,23,59,2019,2026,7
2016HIMA02,Rifa Octavian Himawan,21,59,2016,2023,7
2018CHEY41,Yihan Chen (陈奕涵),21,59,2018,2025,7
2017MEJI13,Carlos Sullca Mejía,20,59,2017,2024,7
2019BASH06,Ilian Bashev,20,59,2019,2026,7
2017MILL07,Zeke Miller,32,59,2017,2023,6
2013ANAN03,Adithyaa Anand,31,59,2013,2019,6
2019ELSE02,Maximilian Elsener,30,59,2019,2025,6
2019CLEA04,Sinéad Cleary,29,59,2019,2025,6
2017LIPE01,Calven Lipec,28,59,2017,2023,6
2020KOOT01,David Kootstra,27,59,2020,2026,6
2019MCCA09,James McCambridge,26,59,2019,2025,6
2019VISH08,Raghav Vishwanath,26,59,2019,2025,6
2013OLIV14,Wendel Rocha de Oliveira,24,59,2013,2019,6
2019SAPE03,Ben Saperstein,23,59,2019,2025,6
2018CHES02,Gjorgji Cheshmedjievski,22,59,2018,2024,6
2018MEIR04,Assylkhan Meirkhanov (Асылхан Мейрханов),22,59,2018,2024,6
2019MEIN01,Ole Meindersma,22,59,2019,2025,6
2019FROG01,Scott Froggatt,20,59,2019,2025,6
2019PLEI01,Paul Pleis,19,59,2019,2025,6
2021MATA01,Levi Benjamin Matara-Ng,29,59,2021,2026,5
2021LEES03,Ian Lees,28,59,2021,2026,5
2017JAGL01,Adam Jagła,27,59,2017,2022,5
2021AUPE01,Peter Au,26,59,2021,2026,5
2021HERN01,Elvis Isaí Rosales Hernández,22,59,2021,2026,5
2004PATR01,Ryan Patricio,21,59,2004,2009,5
2019VALD04,Jeann Valdez,21,59,2019,2024,5
2022DAYJ01,Joey Day,47,59,2022,2026,4
2022TRUJ01,Matías Jesús Hernández Trujillo,36,59,2022,2026,4
2022SCHO12,Dalísha van der Schoor,32,59,2022,2026,4
2022VELO01,Hayley Veloso,32,59,2022,2026,4
2014JOHN05,Neil Johnson,31,59,2014,2018,4
2022BAGU01,Irene Rábago Bagüés,31,59,2022,2026,4
2022QUIN17,Samuel German Giraldo Quintero,31,59,2022,2026,4
2022HUGH08,James Hughes,30,59,2022,2026,4
2022TURN11,Ollie Turner,29,59,2022,2026,4
2022ZACH03,Hugo Zacharoff,29,59,2022,2026,4
2016ZHIT01,Maria Zhits,28,59,2016,2020,4
2022ELIO01,Eliot Evrard,28,59,2022,2026,4
2021WORL01,Austin Worley,27,59,2021,2025,4
2022BENS01,Nathan Benson,27,59,2022,2026,4
2022HADZ01,Victor Hadzhibeev,27,59,2022,2026,4
2022NICK01,Dylan Nickelsburg,27,59,2022,2026,4
2022PIRK01,Veronika Pirklová,26,59,2022,2026,4
2022ROHH01,Hyunmin Roh (노현민),26,59,2022,2026,4
2022SAWA01,Liam Sawade,26,59,2022,2026,4
2016KHUR01,Eeshan Khurana,25,59,2016,2020,4
2022CANT03,Reegan Cantrall,25,59,2022,2026,4
2022CUER01,Oliver Jared Zubieta Cuervo,25,59,2022,2026,4
2022GOKC01,Emirhan Gökçe,25,59,2022,2026,4
2022RIVA03,Ximena Paola Bazán Rivasplata,25,59,2022,2026,4
2021DOBL01,Zachary Doblas,24,59,2021,2025,4
2022JAIN05,Nevan Jain,24,59,2022,2026,4
2022MEDI03,Lía Medina Ortells,24,59,2022,2026,4
2022LINA04,Samuel María Liñares,23,59,2022,2026,4
2022PADI02,Marc Arvinson J. Padilla,23,59,2022,2026,4
2022STAR03,Marlon Starsch,23,59,2022,2026,4
2022TRIE01,Remy Trieu,23,59,2022,2026,4
2022LEVI06,Jacob Levie,21,59,2022,2026,4
2022MOTE01,Hoomaan Motevalli Habibi,21,59,2022,2026,4
2022MURT01,Vismay Murthy,21,59,2022,2026,4
2022WILL04,Jake Williams,20,59,2022,2026,4
2015PARK13,Danny Sungin Park (박성인),19,59,2021,2025,4
2022JOKE01,Ernesti Jokela,32,59,2023,2026,3
2023JAIP01,Yanavut Jaipukdee (ญาณวุฒิ ใจภักดี),30,59,2023,2026,3
2023AXEL01,Melker Axelsson,27,59,2023,2026,3
2023ROME09,Nicolas Romero,27,59,2023,2026,3
2023TRAN04,Henry Tran,27,59,2023,2026,3
2023BETT01,Owen Bettin,25,59,2023,2026,3
2023DOKI01,Hlib Dokiienko (Гліб Докієнко),25,59,2023,2026,3
2017VIKA01,Athul Vikas,24,59,2017,2020,3
2022KATZ01,Noam Katz,24,59,2022,2025,3
2023FENG05,Ziheng Feng (冯梓恒),24,59,2023,2026,3
2023KNAC01,David Knack,23,59,2023,2026,3
2023LEYS01,Arne Leysen,23,59,2023,2026,3
2022ERBL01,Lucas Leon Erb,21,59,2022,2025,3
2023FREI01,Tomás Freire,21,59,2023,2026,3
2023KATA05,Trishan Reddy Katamreddy,21,59,2023,2026,3
2022FORB03,Kenny Forbes,19,59,2022,2025,3
2022RIBE02,Vittorio Ribechini,19,59,2022,2025,3
2024SQUA02,Reilly Squadron,29,59,2024,2026,2
2023OVCH01,Luke Ovcharov,26,59,2023,2025,2
2024PIME02,Elliot Pimentel,25,59,2024,2026,2
2024LIUY11,Yancheng Liu (刘彦程),23,59,2024,2026,2
2023FISS01,Andrea Fissi,21,59,2023,2025,2
2023YANG22,Chih-Hsiang Yang (楊志翔),21,59,2023,2025,2
2009MARK03,James Markey Jr.,38,58,2009,2025,16
2008SEPT01,Rodrigo Septién Rodríguez,21,58,2008,2024,16
2011ZAKR01,Ernest Zakrzewski,36,58,2011,2026,15
2012SILV23,Rafaela Oliveira da Silva,25,58,2012,2026,14
2011SIDA01,Mantas Sidabras,24,58,2011,2025,14
2013FUKA01,Kazuhiro Fukada (深田和宏),36,58,2013,2026,13
2012PERK01,Oleh Perkovskyi (Олег Перковський),23,58,2012,2025,13
2013POBR01,Kaidrich Keolo Pobre,26,58,2013,2025,12
2014FIEC01,Jakob Fiechter,26,58,2014,2026,12
2013KHAN04,Abhishrut Khanna,24,58,2013,2025,12
2015SHEN07,Yue Shen (申粤),29,58,2015,2026,11
2015KABE02,Sulaiman Mohammed Kabeer,23,58,2015,2026,11
2008KOVA01,Endre Kovács,34,58,2008,2018,10
2016LIUX15,Xuan Liu (刘璇),34,58,2016,2026,10
2016SIEG01,Matthew Siegel,27,58,2016,2026,10
2015GOSK01,Max Goskie,26,58,2015,2025,10
2016SINI01,Robert Siniawski,26,58,2016,2026,10
2015GUTI07,Rony James Gutiérrez Tupa,24,58,2015,2025,10
2016CARL02,Jérôme Carlier,24,58,2016,2026,10
2016MALD02,Fabian Alberti Maldonado,21,58,2016,2026,10
2017KITA01,Akatsuki Kitamura (北村曉),52,58,2017,2026,9
2013LEVI03,Lorelei Aiedail Kuusisto,32,58,2016,2025,9
2017KUSA01,Kohdai Kusatani (草谷幸大),29,58,2017,2026,9
2014MRSK01,Dalibor Mrška,28,58,2014,2023,9
2013ALAR02,Javier Eduardo Parra Alarcón,22,58,2013,2022,9
2017SARK01,Subhadeep Sarkar,18,58,2017,2026,9
2018DUBI04,Joanna Dubicka,46,58,2018,2026,8
2017KEEN04,Jacob Keener,33,58,2017,2025,8
2009CIAN01,Simone Ciancotti,28,58,2009,2017,8
2018SONG20,Yuxuan Song (宋宇轩),27,58,2018,2026,8
2005PEER01,Gilles van den Peereboom,25,58,2005,2013,8
2015ISAZ01,Alejandro Isaza,24,58,2015,2023,8
2016TANN01,Ana Beatriz M. Tannenbaum,23,58,2016,2024,8
2017VAYR01,Asla Väyrynen,23,58,2017,2025,8
2018WOOT01,Andrew Wooten,23,58,2018,2026,8
2017PETU02,Óskar Pétursson,21,58,2017,2025,8
2007ASIK01,Aili Asikainen,27,58,2007,2014,7
2011WALL02,Chris Wall,27,58,2011,2018,7
2019CHEN13,Jolina Chen,27,58,2019,2026,7
2018HULT01,Max Hult,23,58,2018,2025,7
2019BEDO02,Duvan Montoya Bedoya,22,58,2019,2026,7
2019LIND05,Isaac Lindsey,22,58,2019,2026,7
2019SIFU01,Gerardo Ornelas Sifuentes,22,58,2019,2026,7
2017YANZ01,Ziang Yan (晏子昂),21,58,2017,2024,7
2016BASC01,Iver Bascope,20,58,2016,2023,7
2011BARB03,Nicola Barbaro,19,58,2011,2018,7
2012POOJ01,Pratik Poojary,28,58,2012,2018,6
2019XIEJ05,Jie-Yu Xie (謝傑宇),27,58,2019,2025,6
2019HINZ02,Dominik Hinze,23,58,2019,2025,6
2012TEPA01,Edrian Oralde Tepait,21,58,2012,2018,6
2013CIUK01,Radosław Ciuk,52,58,2013,2018,5
2021GUAN01,Wangtong Guan (管王彤),27,58,2021,2026,5
2021BLAK01,Jonah Blakeley,23,58,2021,2026,5
2006JACQ01,Thibaut Jacquinot,22,58,2006,2011,5
2013LUDW01,David Ludwig,20,58,2013,2018,5
2022LEEC03,Cameron Lee,36,58,2022,2026,4
2022OTTO02,Emma Ottosson,32,58,2022,2026,4
2022MALO07,Alexander Maloney,30,58,2022,2026,4
2022SOUA01,Rodrigue Souane,30,58,2022,2026,4
2022GARM01,Gage Garman,29,58,2022,2026,4
2022MAMA09,Jose Mauricio Colque Mamani,27,58,2022,2026,4
2022KIMH02,Hyunwoo Kim,26,58,2022,2026,4
2022ALEU01,Ot Caminals Aleu,25,58,2022,2026,4
2022CLAR16,Eli Clarke,25,58,2022,2026,4
2022KOWA01,Adrian Kowalczyk,25,58,2022,2026,4
2022NAIR06,Ritesh R Nair,25,58,2022,2026,4
2022CHOW14,Winston Chow,24,58,2022,2026,4
2022MIHO02,Titus Miholic,24,58,2022,2026,4
2013REDO01,Victor Sanchez Redondo,23,58,2013,2017,4
2021PERR02,Skye Perryn,23,58,2021,2025,4
2022FIOR04,Francesco Fiore,23,58,2022,2026,4
2022KARO02,Tess Karon,23,58,2022,2026,4
2022LIND10,Ugham Lindsay,23,58,2022,2026,4
2022GWAL01,Palash Gwalia,22,58,2022,2026,4
2022IOND01,David-Mihail Ion,22,58,2022,2026,4
2023GADG01,Jay Nikhil Gadgil,35,58,2023,2026,3
2023ABHA02,Ameen Nethaka Abhayasinghe,30,58,2023,2026,3
2016FELD01,Matthew Feldmann,29,58,2016,2019,3
2023AGCA01,Jhon Leinard M. Agcaoili,29,58,2023,2026,3
2023HELO01,Julian Helowicz,29,58,2023,2026,3
2023SAKA04,Kantaro Sakamoto (坂本貫太郎),28,58,2023,2026,3
2023IVIC01,Roko Mihael Ivić,27,58,2023,2026,3
2023VICK03,Thomas Vickers,26,58,2023,2026,3
2022STEV09,Phoenix Stevens,23,58,2022,2025,3
2023ZAGL01,Konstantinos Zaglanis,23,58,2023,2026,3
2016ATHI01,Johan Athial,21,58,2016,2019,3
2022YLAG01,Ryan Ylagan,19,58,2022,2025,3
2023HUAN21,Kaichen Huang (黄楷宸),18,58,2023,2026,3
2017THIO01,Noémie Delaby,26,58,2024,2026,2
2022VIGE01,Soren Vigesaa,26,58,2022,2024,2
2024KONN01,Nathan Kon,26,58,2024,2026,2
2022BROW02,Lucas Brownlie,23,58,2022,2024,2
2024JACO02,Juandré Jacobs,22,58,2024,2026,2
2008BYEO01,Yu Byeong-Seon (유병선),24,57,2008,2026,18
2009BOUR01,Ian Bourn,23,57,2009,2026,17
2011DONA02,Ric Donati,26,57,2011,2026,15
2011POUG01,Thomas Pouget,23,57,2011,2026,15
2012ACIM01,Nikola Aćimović,27,57,2012,2026,14
2010NGUY33,Nguyễn Ngọc Thịnh,24,57,2010,2024,14
2013TANG07,Feilong Tang (唐飞龙),30,57,2013,2026,13
2012ANGE01,Aleksandar Angelov,29,57,2012,2025,13
2013RUKS01,Szymon Ruksza,29,57,2013,2026,13
2013ALTA01,Altanbagana Altangerel (Алтангэрэл Алтанбагана),21,57,2013,2026,13
2014WANG22,Wenjing Wang (王文静),56,57,2014,2026,12
2011GANE01,Fandy Ramadhan Ganefianto,31,57,2011,2023,12
2011CHEN55,Clark Cheng,23,57,2011,2023,12
2012PICH02,Jackson Pichurski,23,57,2012,2024,12
2014BHUT01,Aman Bhutani,22,57,2014,2026,12
2015GIUL01,Noah Giuliano,41,57,2015,2026,11
2014TAND02,Saransh Tandon,40,57,2014,2025,11
2015HABE01,Edward Habeck IV,35,57,2015,2026,11
2013RASM02,Matias Rasmussen,27,57,2013,2024,11
2011LEBA01,Fabien Lebailly,25,57,2011,2022,11
2012SHAK01,Erik Shakirov,21,57,2012,2023,11
2016STIN01,Jeff Stinson,56,57,2016,2026,10
2016CUIH02,Hongbo Cui (崔鈜博),27,57,2016,2026,10
2016JIAN34,Hongyu Jiang (姜宏禹),27,57,2016,2026,10
2016WENT01,Teh Zhe Wen (郑哲文),24,57,2016,2026,10
2015CHNG01,Jonathan Chng,21,57,2015,2025,10
2006BUUS02,Kirstine Buus Aagaard,51,57,2006,2015,9
2017MEUN01,Agnès Meunier,40,57,2017,2026,9
2017MORE17,Lilian Moreau,38,57,2017,2026,9
2015MABA01,Rodolfo Jepte Lutrania Mabanta,37,57,2015,2024,9
2017PANG07,Jonathan Pang,32,57,2017,2026,9
2016CIRG01,Vilius Čirgelis,29,57,2016,2025,9
2015ZARB01,Jakub Zarębski,26,57,2015,2024,9
2006BURN01,Mateusz Burnicki,25,57,2006,2015,9
2010HWAN02,Andrew Hwang,23,57,2010,2019,9
2015KLEI05,Evie Klein,23,57,2015,2024,9
2017OUTH01,Sebastian Outh-Aut,23,57,2017,2026,9
2017XUYI03,Yibo Xu (许一博),23,57,2017,2026,9
2007FIDE01,Willian Fidêncio,21,57,2007,2016,9
2017GAGE01,Alexander Gager,21,57,2017,2026,9
2017HICK06,Maeve Hickey,21,57,2017,2026,9
2017SWAR03,Dylan Swarts,19,57,2017,2026,9
2015MALO01,Aden Malone,27,57,2015,2023,8
2018HUDO01,Matt Hudon,26,57,2018,2026,8
2018BENN03,Henry Bennett,25,57,2018,2026,8
2006GOME01,David Gomes,24,57,2006,2014,8
2015LEWI01,Jay Lewis,24,57,2015,2023,8
2016AUST05,George Austin,24,57,2016,2024,8
2017MANI03,Aarin Manik,24,57,2017,2025,8
2018BRAN01,Charlie Brantley,23,57,2018,2026,8
2017STRO02,Matei Alexandru Stroescu,21,57,2017,2025,8
2018HUSS07,Mohammad Ahmad Abu Hussein,21,57,2018,2026,8
2018SMIT25,Thomas Smith,19,57,2018,2026,8
2016TRUI01,Rio Truija,39,57,2016,2023,7
2009TURI01,Barnabás Turi,27,57,2009,2016,7
2019CHAR08,Ely Charqueno,25,57,2019,2026,7
2019SULE01,Daniyal Suleimen,25,57,2019,2026,7
2019REST01,Julián David Idárraga Restrepo,24,57,2019,2026,7
2019SCHE12,Mathis Schecroun,24,57,2019,2026,7
2019LAWR02,Brady Lawrence,23,57,2019,2026,7
2015LEGU01,Genaro Sahib Leguizamon,21,57,2015,2022,7
2019GONZ39,Gustavo Ignacio Pineda Gonzalez,20,57,2019,2026,7
2018ZHOU08,Justin Zhou,19,57,2018,2025,7
2013LKHA01,Erelkhegbaatar Lkhagva,35,57,2013,2019,6
2007BARR02,Kyle Barry,32,57,2007,2013,6
2017FORE03,Juan-Felipe Forero,27,57,2017,2023,6
2009SHIN02,Forte Shinko,23,57,2009,2015,6
2010GUIQ01,Qianchuan Gui (桂黔川),21,57,2010,2016,6
2020KHER01,Gaurav Kher,21,57,2020,2026,6
2020FRAT02,Adam Frátrik,20,57,2020,2026,6
2013MAHM02,Sameer Mahmood,19,57,2013,2019,6
2021PORT02,Skylar Porter,29,57,2021,2026,5
2014MENO01,Jomar Menor,27,57,2014,2019,5
2012NAVA01,Josep Sanz Navarro,26,57,2012,2017,5
2021PANN01,Eeshir Pannun,26,57,2021,2026,5
2020URRE01,Santiago Peña Urrego,24,57,2020,2025,5
2012HARI01,Aditya Hari,22,57,2012,2017,5
2022MORE12,Romain Moreau,35,57,2022,2026,4
2015DAIS01,Shifei Dai (代时飞),31,57,2015,2019,4
2022EUCK01,Charley Eucker,27,57,2022,2026,4
2022SMED01,Radosław Smędzik,26,57,2022,2026,4
2022LEBL02,Miles LeBlanc,25,57,2022,2026,4
2022YTTE01,Eivind Bäckmark Ytteborg,25,57,2022,2026,4
2017KOLE01,Andrey Kolevatykh (Андрей Колеватых),24,57,2017,2021,4
2022STUH01,Felix Stuhlmann,24,57,2022,2026,4
2022GUPT11,Reyansh Gupta,23,57,2022,2026,4
2010WANG11,Jiaxi Wang (王嘉熙),22,57,2010,2014,4
2022HENS02,Fergus Henstridge,22,57,2022,2026,4
2022KIEL01,Tommy Kiely,22,57,2022,2026,4
2021CUMI01,Bogdan Čumić,21,57,2021,2025,4
2022BANJ01,Joshua Ban,21,57,2022,2026,4
2022VARE01,Dmytro Vareniuk,21,57,2022,2026,4
2022BARE01,Aditya Bareja,20,57,2022,2026,4
2022SOZI01,Carolina Sozio,18,57,2022,2026,4
2016DOTY01,David Doty,32,57,2016,2019,3
2022CERN03,Michal Černý,31,57,2022,2025,3
2023SANA04,Juan David Blanco Sanabria,31,57,2023,2026,3
2023NACI01,Isabela da Ponte Nacif,30,57,2023,2026,3
2023MURP03,Seamus Murphy,29,57,2023,2026,3
2022GAEC01,Connor Gaeckle,27,57,2022,2025,3
2023LIRI02,Richard Albert Li,27,57,2023,2026,3
2023URIN01,Oskar Ďurinský,27,57,2023,2026,3
2023PALM03,Albert Alstrup Palm,26,57,2023,2026,3
2023VELC01,Romain Velcin,26,57,2023,2026,3
2022CHAR04,Peter Charbonneau,25,57,2022,2025,3
2022PAMU01,Louis Pamukcu,25,57,2022,2025,3
2023YEHY01,Yu-Chun Yeh (葉昱均),25,57,2023,2026,3
2022WENC02,Tristan Wenceslao,24,57,2022,2025,3
2023TODO04,Elio Todoverto,24,57,2023,2026,3
2023EGAN03,Griffin Egan,23,57,2023,2026,3
2023MEND17,Artur Augusto Mendes,23,57,2023,2026,3
2023FREI04,Arthur Braum Coelho Freitas,22,57,2023,2026,3
2023JARA10,Juan Manuel Rueda Jaramillo,21,57,2023,2026,3
2023LOIS01,Óscar Gervasini Lois,21,57,2023,2026,3
2023BETA04,Juan Pablo Rodriguez Betancourt,20,57,2023,2026,3
2023SIDD09,Younus Siddiqui,20,57,2023,2026,3
2016LIGH01,Roger Lightbody III,19,57,2016,2019,3
2016ZAPU01,Maximiliano Rojas Zaputovich,19,57,2016,2019,3
2022PALM01,Toby Palmer,18,57,2022,2025,3
2023MAHA01,Harry Ma,39,57,2023,2025,2
2024CHEW02,Justin Chew,30,57,2024,2026,2
2024TSAO01,Tyler Lindow Tsao,29,57,2024,2026,2
2024SYSA01,Maksymilian Sysak,27,57,2024,2026,2
2023WUIT01,Itthikorn Wu (อิทธิกร หวู),24,57,2023,2025,2
2022ANDE07,Jeremy Anderson,22,57,2022,2024,2
2024JENZ01,Emil Jenz,22,57,2024,2026,2
2023VASQ02,Alexis Genaro Llantoy Vasquez,19,57,2023,2025,2
2010YUAN08,Huan Yuan (袁欢),30,56,2010,2026,16
2010SUWA03,Phopphon Suwattee (ภพพนธ์ สุวัตถี),26,56,2010,2026,16
2010MARI02,István Márián,20,56,2010,2025,15
2012CHEN14,Yanhong Chen (陈燕宏),30,56,2012,2026,14
2012HOLE01,Leung Ka Ho (梁家浩),24,56,2012,2026,14
2003WINO01,Ian Winokur,31,56,2003,2016,13
2012LIND02,David Lin,29,56,2012,2025,13
2013HADA01,Adam Hadash,29,56,2013,2025,12
2013ZIEL02,Mateusz Zieliński,27,56,2013,2025,12
2014FUCH01,Luna Fuchsloch,25,56,2014,2026,12
2014DANY02,Yongjun Dan (단용준),23,56,2014,2026,12
2014FAUL01,Darren Faules,34,56,2015,2026,11
2013AYAL03,Duval Valdes Ayala,27,56,2013,2024,11
2014CHHA01,Paarth Chhabra,22,56,2014,2025,11
2015VOON01,Liew Yee Voon (劉倚文),39,56,2015,2025,10
2015ASHL01,Caleb Ashley,32,56,2015,2025,10
2016KURO01,Andrey Kurochkin,28,56,2016,2026,10
2016RACI03,Riccardo Raciti,28,56,2016,2026,10
2007HORV01,Máté Horváth,26,56,2007,2017,10
2009CADM01,Sesi Cadmus,26,56,2009,2019,10
2016MOOR07,James Moore,26,56,2016,2026,10
2009FENG08,Tiancheng Feng (冯天成),24,56,2009,2019,10
2014SZEK01,Dániel Székely,23,56,2014,2024,10
2017RAKS01,Aris Raksamani (อริศม์ รักษมณี),39,56,2017,2026,9
2010WUYU02,Yulun Wu (吴宇伦),32,56,2010,2019,9
2014KUMA42,Priyanshu Kumar,25,56,2014,2023,9
2016LIMI04,Mingzhe Li (李明哲),25,56,2016,2025,9
2017PERR02,Virgile Perrot,24,56,2017,2026,9
2017KAZI01,Ruslan Kazin (Руслан Казин),22,56,2017,2026,9
2015BOSW01,Brent Boswell,21,56,2015,2024,9
2016OLIV01,Yuri de Oliveira,21,56,2016,2025,9
2018SCHU17,Thomas Schukraft,48,56,2018,2026,8
2017RAMI08,Angel Alexis Carrillo Ramirez,33,56,2017,2025,8
2014VOVA01,Ethan Vovan,31,56,2014,2022,8
2010KIKO01,Jacky Koo Chun Ki (顧俊祺),28,56,2010,2018,8
2017BUEL01,Tyler Buel,24,56,2017,2025,8
2017NORI01,Nischal Nori,24,56,2017,2025,8
2015SANT41,Gleiciano Cosmo Santos,23,56,2016,2024,8
2012BABU01,Nithin Babu,21,56,2012,2020,8
2017VEED01,Sofia Veedler,33,56,2017,2024,7
2018FAIR01,Max Fairbanks,30,56,2018,2025,7
2015BOND02,Marianna Bondi,27,56,2015,2022,7
2019FRAG03,Solomon Fraga,24,56,2019,2026,7
2019PREV01,Luc Prevost,23,56,2019,2026,7
2018SCHO07,Ryan Schock,22,56,2018,2025,7
2019CHIN08,Camerone Chin,21,56,2019,2026,7
2019POPP01,Sam Popp,21,56,2019,2026,7
2012CHOS01,SeungBeom Cho (조승범),20,56,2012,2019,7
2016MORA10,Jose Antonio Campero Morales,20,56,2016,2023,7
2016SING33,Pahul Singh,20,56,2016,2023,7
2019MILE04,Nathan Miles,20,56,2019,2026,7
2018ADAM11,Jaidon Adams,19,56,2018,2025,7
2019OREJ01,Brian Fernández Orejón,29,56,2019,2025,6
2013VIDY01,Ramesh Vidyasagar,23,56,2013,2019,6
2018GROB02,Jannis Grob,23,56,2018,2024,6
2019RIBE11,Bárbara Guerra,23,56,2019,2025,6
2019APTE01,Nikhil Apte,22,56,2019,2025,6
2011CHOI01,Karl Choi,21,56,2011,2017,6
2013TORN02,Carlos Carneros Torner,19,56,2013,2019,6
2021TATO01,Aleksandra Tatoń,31,56,2021,2026,5
2019HART11,Matthew Hart,30,56,2019,2024,5
2021GASS01,Jeremy Gassman,30,56,2021,2026,5
2021SMIT17,Daphne Blue Smith,29,56,2021,2026,5
2010RANI01,Dhanayush Raninga,23,56,2010,2015,5
2021SANC01,Austin Sanchez,22,56,2021,2026,5
2022CHEN51,Alex Chen,35,56,2022,2026,4
2022LEPP02,Väinö Leppänen,31,56,2022,2026,4
2022CHAN39,Basile Chandon,30,56,2022,2026,4
2009SEVE01,Frank Severinsen,29,56,2009,2013,4
2022PERN01,Vigo Pernar,29,56,2022,2026,4
2022ZIRU01,Mason Zhou (周子瑞),29,56,2022,2026,4
2022KASP07,Aron Kasprowicz,28,56,2022,2026,4
2022BELL01,Josiah Bell,27,56,2022,2026,4
2022ANAP01,Anurag Anapindi,25,56,2022,2026,4
2022DIER01,Quinten van Diermen,24,56,2022,2026,4
2022FRYE01,Mayson Frye,24,56,2022,2026,4
2022ROSE31,Alberte Rosendal Overgaard,24,56,2022,2026,4
2022ZHDA01,Artem Zhdamirov,23,56,2022,2026,4
2021LINL02,Li-Chen Lin (林立宸),22,56,2021,2025,4
2021LUND02,Ruben Lundquist,22,56,2021,2025,4
2022DUON09,Ivan ThanhDanh Duong,22,56,2022,2026,4
2022LUIE01,Ian Luies,22,56,2022,2026,4
2012LIFS01,Axel Lifschitz,21,56,2012,2016,4
2021JOEN01,Birk Joench-Clausen,20,56,2021,2025,4
2022KEET01,Tan Wei Kee (陈伟祺),20,56,2022,2026,4
2022SALI03,José Ángel Salinas Salinas,20,56,2022,2026,4
2022AUDI02,Quintin Audisho,19,56,2022,2026,4
2023KIER02,Sebastian Kierznikiewicz,40,56,2023,2026,3
2023KATO03,Takumi Kato (加藤匠),35,56,2023,2026,3
2016ZHOU13,Xinwei Zhou (周欣伟),30,56,2016,2019,3
2022ZHOU04,Evan Zhou,28,56,2022,2025,3
2023POUC02,Willem Van Poucke,28,56,2023,2026,3
2023RHEE02,Justin Rhee,28,56,2023,2026,3
2023WAWI01,Marcin Wawiórko,28,56,2023,2026,3
2023PIAM02,Theptharadol Piam-a-kho (เทพธาราดล เปี่ยมอะโข),27,56,2023,2026,3
2022TRAN02,Long Tran,26,56,2022,2025,3
2022ANGU03,Arturo Pérez Anguita,24,56,2022,2025,3
2021TOMI01,Antonín Tomis,22,56,2021,2024,3
2013PRZY02,Ryan Przybocki,21,56,2013,2016,3
2023CAMP03,Marco Campitelli,21,56,2023,2026,3
2023GOUL01,Henry Gould,21,56,2023,2026,3
2022BOLT03,Patrick Bolte,20,56,2022,2025,3
2022FERN01,Jaime Fernandes,20,56,2022,2025,3
2023XUEX01,Xuchen Xue (薛旭辰),20,56,2023,2026,3
2023GARC18,Gabriel Muñoz Garcia,19,56,2023,2026,3
2023SANT45,Nicole Santos,41,56,2023,2025,2
2024VILL02,Anne Gwyneth P. Villaseran,36,56,2024,2026,2
2024YIYI01,Yili Yi,33,56,2024,2026,2
2017YARY01,Alexey Yarygin,31,56,2017,2019,2
2021ELGH01,Emil Elghorn,30,56,2021,2023,2
2024LANG10,Caty Langa,26,56,2024,2026,2
2024NEAL02,Adelynn Neal,25,56,2024,2026,2
2023JOHN36,Davis Johnson,24,56,2023,2025,2
2023HETT01,Oliver Hettrich,23,56,2023,2025,2
2024HUAN31,Handi Huang (黄翰迪),21,56,2024,2026,2
2024BYGD01,Martin Bygdell,28,56,2024,2025,1
2003LEEJ01,Jasmine Lee,44,55,2003,2026,23
2008CASA01,Jaume Casado Ruiz,32,55,2008,2025,17
2008YUDA01,Yu Da-Hyun (유다현),24,55,2008,2023,15
2010ALFA03,Eyal Alfasi,19,55,2010,2025,15
2010ALWA01,Jundi Ahmad Alwan,29,55,2010,2024,14
2008KASP01,Dominik Kasprzak,35,55,2008,2021,13
2013GALL06,Lars Galliker,30,55,2013,2026,13
2013SALA04,Luis Carlos Salazar,29,55,2013,2026,13
2012CONS02,Rey-Ann Constantino,26,55,2012,2025,13
2012GUAZ01,Lorenzo Guazzo,22,55,2012,2025,13
2012HAMA03,Brock Hamann,21,55,2012,2025,13
2014HANU01,Jakub Hanuszkiewicz,31,55,2014,2026,12
2005STUD01,Rafał Studnicki,41,55,2005,2016,11
2015YANG07,Ciao-Yin Yang (楊喬尹),30,55,2015,2026,11
2015LUON01,Quan Trần Thanh Lương,24,55,2015,2026,11
2015RYAN05,Jack Ryan,19,55,2015,2026,11
2015MORA14,Jonathan Monroy Morales,45,55,2016,2026,10
2016LUTH01,Gabriel Luthun,42,55,2016,2026,10
2016XUZH06,Zhengkai Xu (徐正凯),34,55,2016,2026,10
2014CRES02,Manuel Arjona Crespo,22,55,2014,2024,10
2014RONG01,Jonas Rongé,22,55,2014,2024,10
2017DAOU01,Daniel Daoust,48,55,2017,2026,9
2017FLOR20,Axel Hernández Flores,34,55,2017,2026,9
2016BOHA01,Dan Boharon,26,55,2016,2025,9
2013CALD01,Christian Collado Calderón,25,55,2013,2022,9
2015NAZA02,Ilya Nazarov,25,55,2015,2024,9
2017CAOC01,Canzheng Cao (曹参政),25,55,2017,2026,9
2017STRO07,Carter Strouse,25,55,2017,2026,9
2015KASP02,Markus Kasparofsky,24,55,2015,2024,9
2017SOUZ10,Gabriel Lincon Souza,23,55,2017,2026,9
2017MIRA05,Edgar Miranda,22,55,2017,2026,9
2013MOLI04,Angel Ruano,21,55,2013,2022,9
2015ZUBO01,Mikołaj Zubowicz,20,55,2015,2024,9
2012GABO01,Julien Gaboriaud,18,55,2012,2021,9
2006NORS01,Bruce Norskog,54,55,2006,2014,8
2018SONM01,Min-Hyuk Son (손민혁),29,55,2018,2026,8
2017HAWK03,Elliot Hawkins,28,55,2017,2025,8
2017PETC01,Stefania Petcu,28,55,2017,2025,8
2017CONC01,Jak Concepcion,26,55,2017,2025,8
2017CALD04,Roberto Caldas,25,55,2017,2025,8
2013GUOB01,Beixian Guo (郭倍先),22,55,2013,2021,8
2014LUNK01,Pritesh Lunkad,22,55,2014,2022,8
2016GARC33,Nancy Garcés Hazou,22,55,2016,2024,8
2016HORV04,Mihály Horváth,22,55,2016,2024,8
2016REIC01,Andrew Reich,21,55,2016,2024,8
2017YANT03,Tan Kwan Yang,19,55,2017,2025,8
2019AGUE01,Carlos Alberto Ventura Aguero,45,55,2019,2026,7
2018LANG09,Jude Langhout,31,55,2018,2025,7
2019SIMO07,Ádám Simon,29,55,2019,2026,7
2010MAUL03,Muhammad Arsyad Maulana,28,55,2011,2018,7
2018OLII01,Maksym Oliynyk,26,55,2018,2025,7
2017SANC31,Pol Juny Sánchez,25,55,2017,2024,7
2019REMI02,Matthew Remington,25,55,2019,2026,7
2014LSKE01,Constantin Lüske,24,55,2014,2021,7
2017MEHM02,Sam Mehmani (سام مهمانی),24,55,2017,2024,7
2019GUER03,Diogo Miguel Alves Guerreiro,23,55,2019,2026,7
2019JIAN57,Yichen Jiang (姜一辰),23,55,2019,2026,7
2019CAST34,José Eduardo Palacios Castro,22,55,2019,2026,7
2019GERA06,Dorian Bellet,20,55,2019,2026,7
2011LIMR01,Ryan Lim,28,55,2011,2017,6
2017TOWN02,Timothy Townley,27,55,2017,2023,6
2019TILL01,Leander Tiller,26,55,2019,2025,6
2017ERSH02,Alvaro Haidar Ersha,24,55,2017,2023,6
2011ROKI01,Cezary Rokita,21,55,2011,2017,6
2020ZAGO01,Mattia Zago,21,55,2020,2026,6
2011CHOI02,Ludwig Choi,20,55,2011,2017,6
2013HRNK01,Filip Hrnko,20,55,2013,2019,6
2018BACO01,John Bacouël,19,55,2018,2024,6
2021PHIL06,Hannah Phillips,44,55,2021,2026,5
2010EVEL01,Joshua Evely,30,55,2010,2015,5
2013LITV02,Kirill Litvinov,28,55,2013,2018,5
2020LIAN04,Ruei-Hong Liang (梁睿紘),26,55,2020,2025,5
2021SMIG01,Adam Śmigaj,26,55,2021,2026,5
2018FLOW01,Declan Flowers,25,55,2018,2023,5
2017PIRE01,Pedro Luiz Ferreira Pires,24,55,2017,2022,5
2013VIDA01,Tiago Oliveira Vidal,21,55,2013,2018,5
2014MARS04,Ty Marshall,21,55,2014,2019,5
2016GURN01,Will Gurnett,18,55,2016,2021,5
2022REEH01,Heleen van der Ree,54,55,2022,2026,4
2022ZABI01,Dominik Żabiński,48,55,2022,2026,4
2022MCEN01,Charlie McEneaney,31,55,2022,2026,4
2022LEEJ19,Jordan Lee,30,55,2022,2026,4
2022KUOM01,Megan Kuo,27,55,2022,2026,4
2019WALK07,Benjamin Walker,26,55,2019,2023,4
2022CHOI21,Lucas Choi,26,55,2022,2026,4
2022MORE11,Ángel Careaga,25,55,2022,2026,4
2022NARM01,Khuslen Narmandakh,25,55,2022,2026,4
2021MART05,Jack Martin,24,55,2021,2025,4
2022LAND08,Christopher Landgrebe,24,55,2022,2026,4
2022MART37,Jakub Martoch,24,55,2022,2026,4
2022OUEL01,Breylan Ouellette,21,55,2022,2026,4
2022SMIT29,Eli Smith,21,55,2022,2026,4
2015LAHN01,Sergey Lahno,20,55,2015,2019,4
2022LODA01,Nicolo David Lodato,19,55,2022,2026,4
2022WESO01,Witold Wesołowski,55,55,2022,2025,3
2023SCHR02,Noah Schreiber,36,55,2023,2026,3
2023CROO02,Garrett Crook,31,55,2023,2026,3
2023GROI02,Arvid Ahnlund Groiss,31,55,2023,2026,3
2023NEWL01,Abby Newlander,31,55,2023,2026,3
2023BRUD01,Bartosz Brudnicki,30,55,2023,2026,3
2023WARR06,Sophia Warren,30,55,2023,2026,3
2021PRAS01,Amogh Prashanth,29,55,2021,2024,3
2023BARW01,Wesley Barwinski,29,55,2023,2026,3
2022MIGU02,David Miguel-Santiago,27,55,2022,2025,3
2023DOJT02,Adam Dojtrowski,27,55,2023,2026,3
2023EDWA01,Aaron Edwards,27,55,2023,2026,3
2023KARU04,Thanida Karunyapaso (ธนิดา การัณยภาโส),25,55,2023,2026,3
2023RODR39,Juan Diego Rangel Rodriguez,25,55,2023,2026,3
2023VELE05,Benjamín Bermúdez Vélez,25,55,2023,2026,3
2023ERDE03,Albert Erdelez,24,55,2023,2026,3
2023GOOI01,Stijn de Gooijer,24,55,2023,2026,3
2022MEDI09,Christian Medin,23,55,2022,2025,3
2022CENT02,Tim Cents,20,55,2022,2025,3
2022POWE05,Henry Powell,20,55,2022,2025,3
2023BENS02,Franklyn Bensley,20,55,2023,2026,3
2009POOK01,Baramee Pookcharoen (บารมี พุกเจริญ),19,55,2009,2012,3
2022HATC01,Ashley Hatch,19,55,2022,2025,3
2022KAGA01,Rotem Kagan,19,55,2022,2025,3
2022LUTJ01,Kobe Lutjeharms,19,55,2022,2025,3
2023BARB17,Nicolò Barbisan,19,55,2023,2026,3
2023HERI02,Max Herink,19,55,2023,2026,3
2024KETR01,Matthew Ketroser,29,55,2024,2026,2
2022IVCA01,Carter Marshall,27,55,2022,2024,2
2024WAND01,Kacper Wandoch,27,55,2024,2026,2
2024SOLN01,Naomi Solnick,23,55,2024,2026,2
2014ZAHN01,Micha Zahnd,19,55,2014,2016,2
2023SAND02,Mark Sander,18,55,2023,2025,2
2010NATA01,Gerson Natanael,44,54,2010,2026,16
2012CHEN26,Xinyu Chen (陈鑫雨),37,54,2012,2026,14
2012BALS01,Jonas Balsfulland,29,54,2012,2026,14
2009LADA01,Suchakree Ladavarn (สุชาครีย์ ลดาวรรษ์),20,54,2009,2023,14
2012YANG01,Hoe Zi Yang,27,54,2012,2025,13
2010MACA01,Tamara Macadam,32,54,2010,2022,12
2011SANC01,Ciro Roa Sánchez,28,54,2011,2023,12
2013SHIE01,Eleanor Shiels,43,54,2013,2024,11
2014ALVA10,Rafael Alvarez,25,54,2014,2025,11
2015JAGA02,Tarun Jagadish,25,54,2015,2026,11
2015VASQ06,Jarry Tapia Vasquez,25,54,2015,2026,11
2015SANT44,Advay Sant,19,54,2015,2026,11
2013SAWA01,Aneesh Sawant,51,54,2013,2023,10
2016BREW04,Michelle Brewster,38,54,2016,2026,10
2016KANH02,Hsiang-Cheng Kan (闞祥誠),29,54,2016,2026,10
2009BALO03,Dávid Balog,23,54,2009,2019,10
2016ZHAJ08,Jingqi Zhang,21,54,2016,2026,10
2016MART05,Raimy Marte,20,54,2016,2026,10
2017ATHR01,Rahul Athreya,34,54,2017,2026,9
2017LIAN48,Wong Ming Liang (黃泯量),33,54,2017,2026,9
2014STRU02,Justin Strumpf,31,54,2014,2023,9
2013CZEC01,Adam Czech,25,54,2013,2022,9
2014VARK03,Roman Varkuta (Роман Варкута),25,54,2014,2023,9
2017ROSK02,Erik Červek Roškarič,23,54,2017,2026,9
2017HEJE01,Niels Magnus Lund Heje,22,54,2017,2026,9
2016COST03,João Pedro dos Santos Costa,21,54,2016,2025,9
2017JAIN15,Rishab Jain,21,54,2017,2026,9
2017ZEGA01,Wiktor Zegadło,21,54,2017,2026,9
2014WONG06,Sebastián Benites Wong,17,54,2014,2023,9
2018FOST04,Richard Foster,45,54,2018,2026,8
2010TANA02,Yuki Tanaka (田中悠樹),42,54,2010,2018,8
2013BORI01,Fyodor Borisov,30,54,2013,2021,8
2018LANG04,Christian Manuel de Lange,29,54,2018,2026,8
2012ROBO02,Andrey Robota,27,54,2012,2020,8
2017JANS05,Samuel Janssen,25,54,2017,2025,8
2018CHUD02,Grzegorz Chudzik,25,54,2018,2026,8
2017MARI20,Aurelien Marion,24,54,2017,2025,8
2018WOOL02,Jeffrey Woolston,24,54,2018,2026,8
2012SIMS02,Arlo Sims,23,54,2012,2020,8
2016DOYL02,Jack Doyle,23,54,2016,2024,8
2016ARZA01,David Arzamastsev,22,54,2016,2024,8
2018BULK02,Yurii Bulko (Юрій Булко),22,54,2018,2026,8
2017WANG24,Pengcheng Wang (王鹏程),19,54,2017,2025,8
2018CATA01,Diego Catà,19,54,2018,2026,8
2019ERDE14,Khangai Erdenebileg,29,54,2019,2026,7
2019JYOT01,Varenya Jyotiraditya,28,54,2019,2026,7
2019ARCH01,Joseph Archibald,25,54,2019,2026,7
2019NAED01,Théo Naedenoen,25,54,2019,2026,7
2012CONE01,Cristina Orenes Conesa,23,54,2012,2019,7
2019PORT04,Jules Porteners,23,54,2019,2026,7
2019GANT05,Bhuvanesh Ganta,21,54,2019,2026,7
2012TERS02,Semyon Terskov,20,54,2012,2019,7
2016TAYL02,Paul Taylor,20,54,2016,2023,7
2019BISH01,Ryan Bishop,19,54,2019,2026,7
2013GUYU01,Yu Gu (谷雨),32,54,2013,2019,6
2014SIME01,Edbert Sim,30,54,2014,2020,6
2012XIEG01,Geng Xie (谢耿),29,54,2012,2018,6
2020KAYA01,Hugo Kayastha,28,54,2020,2026,6
2019BILA03,Mohamed Bilal,26,54,2019,2025,6
2010SHAP01,Jonathan Midjord Shapira,25,54,2010,2016,6
2019KOBE03,Elliott Kobelansky,24,54,2019,2025,6
2009TESS01,Giovanni Tessari,21,54,2009,2015,6
2014PINT05,György Pintér,21,54,2014,2020,6
2015BAIL04,Léo Bailly,21,54,2015,2021,6
2019PENG02,Richard Jiankun Peng (彭健坤),21,54,2019,2025,6
2020MATA01,Yuan Matalog,21,54,2020,2026,6
2018MELI05,Noah Melita,20,54,2018,2024,6
2016DIAZ21,Jesser Armando Ramírez Diaz,19,54,2016,2022,6
2019MENE03,Levi Cordeiro do Vale Menezes,19,54,2019,2025,6
2019VARM03,Kalidindi Hardhik Varma,19,54,2019,2025,6
2021MORA01,Mikołaj Morawski,27,54,2021,2026,5
2018VLIE02,Sam van Vliet,25,54,2018,2023,5
2011CRUZ02,Natalia Andrea Cruz Ochoa,24,54,2011,2016,5
2020GENN01,Daniele Gennara,24,54,2020,2025,5
2021COLE02,Gabriel Coleman,22,54,2021,2026,5
2020LIGE01,Geoffrey Li,21,54,2020,2025,5
2013TEMP01,Jhon Alexander Taboada Temple,18,54,2013,2018,5
2022BORG04,Anette Warberg Borg,45,54,2022,2026,4
2022ASPE02,Thijs van Asperen,34,54,2022,2026,4
2022MIRA02,Alex Mirau,32,54,2022,2026,4
2022MARE04,Daniel Peñalver Mares,31,54,2022,2026,4
2022DOYL03,Shawn Doyle,30,54,2022,2026,4
2022CALD01,Will Calderon,28,54,2022,2026,4
2022DARM01,Benjamin Darmon,27,54,2022,2026,4
2022MEND13,Ethan Mendelson,27,54,2022,2026,4
2022RUIZ03,Felipe Santamaría Ruiz,27,54,2022,2026,4
2022SHAR23,Connor Sharpe,27,54,2022,2026,4
2022BULC01,Jan Bulczak,26,54,2022,2026,4
2022MIED01,Héctor Sanchis Miedes,26,54,2022,2026,4
2013APAZ01,Yehude Rudy Canaza Apaza,25,54,2013,2017,4
2014POLO01,Juan Andres Ruiz Polo,25,54,2014,2018,4
2022MCCO09,Tiernan McCorry,24,54,2022,2026,4
2022ARIA05,Mauricio Arias,23,54,2022,2026,4
2022PERE32,Tykhon Pererva,23,54,2022,2026,4
2022VEDA01,Halvard Thoen Vedå,23,54,2022,2026,4
2022SILJ01,Aleksandar D. Siljanoski (Александар Д. Сиљаноски),21,54,2022,2026,4
2022ZHAN31,Loïc Zhang,21,54,2022,2026,4
2022BUDA01,Nikodem Buda,20,54,2022,2026,4
2022PONS04,Rufus Ponsford,20,54,2022,2026,4
2021WOZN01,Jan Woźniak,17,54,2021,2025,4
2022GUER04,Emmet Guertin,37,54,2022,2025,3
2023ROUT01,Kai Routhier,31,54,2023,2026,3
2022HERN21,León Fernández Hernández,30,54,2022,2025,3
2017FORI01,Zachary Forino,28,54,2017,2020,3
2022ZHAN53,Cindy Zhang,28,54,2022,2025,3
2023KOZA05,Kacper Kozak,28,54,2023,2026,3
2022TILA01,Eashan Tilaye,27,54,2022,2025,3
2023PERN01,Erin Pernar,26,54,2023,2026,3
2023GHUL01,Anjor Ghule,24,54,2023,2026,3
2023STEL02,Filip Štelbaský,24,54,2023,2026,3
2023VIDA12,Gustavo Mendes Vidal,23,54,2023,2026,3
2023CARM01,Joshua Huante Carmona,22,54,2023,2026,3
2023THIR06,Dhruv Thirumalairajan,21,54,2023,2026,3
2023FONT04,Fausto Claro da Fonte,20,54,2023,2026,3
2023HUTC01,Oliver Hutchings,20,54,2023,2026,3
2023JONE09,Sam Jones,20,54,2023,2026,3
2014CORD04,Freddy Fernández Córdova,18,54,2014,2017,3
2022TANR02,Ryan Tan,18,54,2022,2025,3
2022HOTE01,Maor Hoter,17,54,2022,2025,3
2022NOLA01,Jack Nolan,17,54,2022,2025,3
2018ZWIC01,Ben Zwicky,22,54,2018,2020,2
2022KORN01,Landon Kornegay,19,54,2022,2024,2
1982PETR01,Lars Petrus,31,53,1982,2023,41
2009PHAI01,Nattasit Phaisalrittiwong (ณัฐสิทธิ์ ไพศาลฤทธิวงศ์),28,53,2009,2026,17
2007MINH01,Minhyun Kim (김민현),25,53,2007,2023,16
2009QUED01,Daniel Que,24,53,2009,2025,16
2010ROWL01,Shane Rowland,40,53,2010,2025,15
2010PIMP01,Bannawit Pimpanuwat (บรรณวิชญ์ พิมพานุวัตร),24,53,2010,2025,15
2013MASS01,Fabio Seiji Massui,48,53,2013,2026,13
2009FEAN01,Aldo Feandri,35,53,2009,2022,13
2004ROUX01,Gilles Roux,23,53,2004,2017,13
2013GONG01,Li Gong (龚莉),33,53,2013,2025,12
2013GULD01,Rasmus Guldager,26,53,2013,2025,12
2013STOI01,Alexandru Constantin Stoica,23,53,2013,2025,12
2006MATH01,Jean-Louis Mathieu,47,53,2006,2017,11
2014IFRA01,Rotem Ifrach,33,53,2014,2025,11
2013VIEI02,Gabriel Cantanhêde Vieira,28,53,2013,2024,11
2015JINX01,Tina Xiangyan Jin (金香延),28,53,2015,2026,11
2015CRAN01,Eliott Crancée,26,53,2015,2026,11
2015SUMT01,Timothy Kong Wing Sum (江永琛),25,53,2015,2026,11
2014MART31,Osvaldo Argelis Lopez Marte,20,53,2014,2025,11
2015BULA02,Albert Philip Bulao,19,53,2015,2026,11
2014HOUS01,Shaowei Hou (侯少尉),18,53,2014,2025,11
2015CARA03,Afonso Carapeto,17,53,2015,2026,11
2016LIJI01,Jingbin Li (李晶斌),39,53,2016,2026,10
2016VASS02,Michael Vass,29,53,2016,2026,10
2016NORD02,Theodor Nordstrand,27,53,2016,2026,10
2009STIE02,Olivier Stietel,26,53,2009,2019,10
2016CHOI08,Shiun Choi,25,53,2016,2026,10
2016KANI01,Mannessah Kani,24,53,2016,2026,10
2016BAME01,Michael Bame,23,53,2016,2026,10
2013COST02,João Pedro Batista Ribeiro Costa,22,53,2013,2023,10
2016ZHAC01,Chi Zhang (张弛),21,53,2016,2026,10
2009BART02,Ádám Barta,20,53,2009,2019,10
2013LEES03,Sumi Lee,20,53,2013,2023,10
2016RINE02,Tim Rinehart,20,53,2016,2026,10
2016SIFU02,Omar Ornelas Sifuentes,20,53,2016,2026,10
2016LIZH05,Zhi Li (李志),19,53,2016,2026,10
2012CHEN41,Zheng Chen (陈政),35,53,2012,2021,9
2017KUDE02,Mars Daniel Kudemus,35,53,2017,2026,9
2017BREE02,Ryan Michael Breen,34,53,2017,2026,9
2016JAIN08,Aady Jain,31,53,2016,2025,9
2017SOTI02,Jaime Calvo Sotillos,31,53,2017,2026,9
2009KRUU01,Uku Kruusamägi,30,53,2009,2018,9
2017FUSH01,Shangtong Fu (傅上桐),30,53,2017,2026,9
2012KROK01,Anton Krokhmal (Антон Крохмаль),24,53,2012,2021,9
2016SAIN04,Toby Sainthouse,23,53,2016,2025,9
2016HOWE03,Lee Hoween,22,53,2016,2025,9
2017POVE02,Dagne Poveda,22,53,2017,2026,9
2016HOSE01,Mohammad Soroush Hoseini (محمد سروش حسینی),21,53,2016,2025,9
2017VILL30,Carlos Villanueva,21,53,2017,2026,9
2017BENN10,Derek Bennett,19,53,2017,2026,9
2018CHEN05,Ash Chen,29,53,2018,2026,8
2018YANG70,Zong-Xing Yang (楊宗興),27,53,2018,2026,8
2015SIER01,Pol González Sierras,25,53,2015,2023,8
2018GONZ21,Saul Emmanuel Ramirez Gonzalez,25,53,2018,2026,8
2016RYCH01,Tobiasz Rychlik,24,53,2016,2024,8
2017BUCK01,Jake Buckley,24,53,2017,2025,8
2018JARO02,Mark Jarovoi,23,53,2018,2026,8
2017KHAN32,Pratik Khanna,22,53,2017,2025,8
2012FROL01,Timur Frolov,21,53,2012,2020,8
2018ESKI02,Olle Eskilsson,21,53,2018,2026,8
2016LEEJ11,Jacob Lee,20,53,2016,2024,8
2016OLIV24,Jefferson Nunes Brito de Oliveira,20,53,2016,2024,8
2014KUBI02,Jakub Kubiak,17,53,2014,2022,8
2009OKAY01,Tomoaki Okayama (岡山友昭),44,53,2009,2016,7
2018TUMY01,Peyton Tumy,28,53,2019,2026,7
2019LIUW05,Wuouran Liu (刘巫偶然),28,53,2019,2026,7
2017HUAT03,Tang-Kai Huang (黃堂愷),26,53,2017,2024,7
2019ADAM02,Jack Adams,25,53,2019,2026,7
2011CHUD01,Daniel Chudecki,24,53,2011,2018,7
2018JOHN03,Elmer Alexander Johnsen,24,53,2018,2025,7
2018BEKN02,Jasur Beknazov (Джасур Бекназов),23,53,2018,2025,7
2019MAND11,Pelle Mandel,23,53,2019,2026,7
2014SVIS01,Stanislav Svistun,22,53,2014,2021,7
2019CANN01,Dash Cannon,22,53,2019,2026,7
2018COAR01,Samuel Antonio Cruz Coareti,21,53,2018,2025,7
2019MRZY01,Jeremy Mrzyglocki,21,53,2019,2026,7
2018VACA02,Ariel Vacacela,18,53,2019,2026,7
2019MCEL01,Dev McElroy,18,53,2019,2026,7
2013WANG11,Lei Wang (汪磊),29,53,2013,2019,6
2017SHUL03,Destin Shulfer,28,53,2017,2023,6
2019BEZZ01,Nico Bezzerides,28,53,2019,2025,6
2017MOYD01,Diego Moy,26,53,2017,2023,6
2013MOOR02,Philip Moore,24,53,2013,2019,6
2011SHAO01,Qianqian Shao (邵千芊),21,53,2011,2017,6
2019MAZZ02,Pietro Mazza,21,53,2019,2025,6
2019EROG01,Kerem Eroğlu,20,53,2019,2025,6
2021GARR01,Alayna Garrett,33,53,2021,2026,5
2014MAKU02,Darja Makurina,29,53,2014,2019,5
2020HUAN11,Zih-Siang Huang (黃子翔),28,53,2020,2025,5
2021CAOC01,Chufan Cao (曹楚凡),26,53,2021,2026,5
2021ODEL01,Tomasz Odelga,26,53,2021,2026,5
2018DEJA01,Antoni Deja,21,53,2018,2023,5
2022MILE05,Klaudia Milewczyk,52,53,2022,2026,4
2022HILA02,Gabriel Angelo V. Hilado,28,53,2022,2026,4
2022ARCH02,Nathaniel Lisandro Archie,26,53,2022,2026,4
2022DUTT02,Rahul Dutta,25,53,2022,2026,4
2022MIRR01,Zakaria Mirre,25,53,2022,2026,4
2022THOM13,Tristan Thompson,25,53,2022,2026,4
2022KILB01,Martin Kilbergr,24,53,2022,2026,4
2022LIUJ03,Jui-Hung Liu (劉睿紘),24,53,2022,2026,4
2022SCHE10,Jarrett Scheid,24,53,2022,2026,4
2007LUND01,Daniel Lundwall,22,53,2007,2011,4
2022LEEC02,Caiden Lee,21,53,2022,2026,4
2022NARA05,Gegeenbileg Naranchimeg,21,53,2022,2026,4
2022HEER01,Dylan Heerikhuisen,20,53,2022,2026,4
2022SAVI04,Mihai Savin,19,53,2022,2026,4
2022MANA07,Sebastián Joel Herrera Manangon,18,53,2022,2026,4
2023CLIN01,Doyle Cline,53,53,2023,2026,3
2023BROK01,Piotr Brokos,47,53,2023,2026,3
2022ALCO02,Logan Alcott,37,53,2022,2025,3
2022POTO01,Connor Poto,31,53,2022,2025,3
2023MAKO02,Ignacy Makowski,29,53,2023,2026,3
2023RATT07,Chayanat Rattanaprasat,29,53,2023,2026,3
2023SCHM04,Willem A. Schmidt,27,53,2023,2026,3
2023THAN02,Barath Thandapani,27,53,2023,2026,3
2023ZVIN01,Lucas Naim Zvinys,27,53,2023,2026,3
2022PADL01,Mateusz Padlo,26,53,2022,2025,3
2022ZACH01,Jan Zachwatowicz,26,53,2022,2025,3
2023HUAV01,Vincent Hua,26,53,2023,2026,3
2021MOLL01,Kasper Møller,25,53,2021,2024,3
2022SMIT13,Jad Smith,25,53,2022,2025,3
2023RYAN04,Donnacha Ryan,25,53,2023,2026,3
2023FRID01,Marks Fridmans,24,53,2023,2026,3
2023HYMA01,Zach Hyman,24,53,2023,2026,3
2023KLIN02,Sebastian Kling,24,53,2023,2026,3
2023BAIR02,Ty Baird,23,53,2023,2026,3
2023SUKS03,Thawin Suksaman (ธาวิน สุขสมาน),23,53,2023,2026,3
2023TYRR01,Daniel Tyrrell,23,53,2023,2026,3
2015MARL01,Ben Marlin,22,53,2015,2018,3
2023WILL30,Sam Williams,22,53,2023,2026,3
2022TIMM01,Cas Timmermans,21,53,2022,2025,3
2023OSOR09,Yerik Samuel Bocanegra Osorio,21,53,2023,2026,3
2023SRIP04,Phuwish Sripattrapan (ภูวิศ ศรีภัทราพันธุ์),21,53,2023,2026,3
2022RAIL01,George Railton,20,53,2022,2025,3
2023LIUW02,Wei Liu (刘蔚),20,53,2023,2026,3
2022ANDR42,Radu Andreas,19,53,2022,2025,3
2023VULE01,Le-Duy Vu,19,53,2023,2026,3
2022DIAC01,Klyment Diachun,18,53,2022,2025,3
2022GONZ33,Jesse Gonzales,18,53,2022,2025,3
2022PETR15,William Petrie,18,53,2022,2025,3
2022MATE07,Jacques Mateescu,17,53,2022,2025,3
2024SANT39,Gabriel Vasconcellos Zavrisko dos Santos,36,53,2024,2026,2
2024KIMJ14,Julian Kim,32,53,2024,2026,2
2024FINT01,Conrad Fintland,27,53,2024,2026,2
2022WANG17,Carlos Wang,26,53,2022,2024,2
2024GOME34,Jacobo Vélez Gómez,25,53,2024,2026,2
2024WILL18,Leo Williams,24,53,2024,2026,2
2022GUNA05,Mehmet Efe Günay,21,53,2022,2024,2
2023ZARA02,Santiago Solano Zarate,18,53,2023,2024,1
2010CHOR01,Javier Fernandes Chornet,29,52,2010,2025,15
2012CANT01,Claude Cantin,52,52,2012,2025,13
2009DEUN01,Robin Deun,24,52,2009,2022,13
2014STRO03,Daiven Strom,25,52,2014,2026,12
2011FOYL01,Christian Foyle,23,52,2011,2023,12
2006COLL01,Jimmy Coll,19,52,2006,2018,12
2015COSG01,Angus Cosgrove,41,52,2015,2026,11
2014BERK02,Maximilian Berkmann,29,52,2014,2025,11
2014FRIE03,Zachary Friedman,24,52,2014,2025,11
2015ANAY01,Angel Anaya,23,52,2015,2026,11
2008YIUA01,Agassi Yiu Chun Sing (姚震聲),21,52,2008,2019,11
2015ONOF01,Anuar Miguel Abib Onofre,19,52,2015,2026,11
2005GUST02,Tommy Gustavsson,39,52,2005,2015,10
2016LATH02,Lukhman Abdul Latheef,36,52,2016,2026,10
2016YANG20,Tian-Sin Yang (楊天心),31,52,2016,2026,10
2015YANG35,Ji Won Yang,23,52,2015,2025,10
2016GASI04,Mateusz Gąsiorkiewicz,23,52,2016,2026,10
2016FORS08,Andreas Jensen Forsgren,17,52,2016,2026,10
2017LIXI13,Xiang Li (李响),45,52,2017,2026,9
2016BARO02,Kaiden Alexander Carvajal Baron,32,52,2016,2025,9
2017RODR53,Jose Daniel Solano Rodríguez,32,52,2017,2026,9
2017MEGA01,Thierry Megard,30,52,2017,2026,9
2017MOHA05,Vishal Mohanraju,29,52,2017,2026,9
2008KWAN04,Robin Kwant,28,52,2008,2017,9
2016BRIJ01,Abner Brijesh,28,52,2016,2025,9
2017VIKR01,Bhavya Kant Vikram,28,52,2017,2026,9
2016IKHW02,Ahmad Kamil Ihsan Bin Ikhwan,25,52,2016,2025,9
2010WUJI01,Jiawen Wu (吴嘉文),24,52,2010,2019,9
2017GRZY02,Jakub Grzybowski,23,52,2017,2026,9
2014YANG38,Chun-Yu Yang (楊竣宇),22,52,2014,2023,9
2016LLAN01,Marcelo Lara Llanos,22,52,2016,2025,9
2017DIAZ19,Marc García Díaz,22,52,2017,2026,9
2017JARA09,Piero Stefano Menéndez Jaramillo,22,52,2017,2026,9
2017CUTI01,Marcelo Omar Quispe Cutipa,21,52,2017,2026,9
2017BANI03,Arnab Banik,20,52,2017,2026,9
2017SCHM09,Francesco Schmitt,20,52,2017,2026,9
2015CART01,Bertie Cartwright,19,52,2015,2024,9
2017TUNG16,Jeffers Chan,19,52,2017,2026,9
2015ARON01,Axel Aronsson,17,52,2015,2024,9
2015YIPA01,Alexander Yip,17,52,2015,2024,9
2016BOCA01,Russel Bocalbos,43,52,2016,2024,8
2018HAOL01,Litao Hao (郝立涛),28,52,2018,2026,8
2017CHAV07,Fernando José Muchuch Chavez,25,52,2017,2025,8
2017MAIO01,Santino Maiorino,25,52,2017,2025,8
2017FHAK01,Farid Fakhrian (فرید فخریان),23,52,2017,2025,8
2018GONZ30,Julian Alejandro Forero Gonzalez,23,52,2018,2026,8
2018SURE05,Parth Sachin Surelia,20,52,2018,2026,8
2018BENN01,Hans Bennis,52,52,2018,2025,7
2019CELE01,Earl Bien D. Celestino,34,52,2019,2026,7
2016LITT01,Ethan Littlejohn,31,52,2016,2023,7
2016MILL22,Leo Millar,30,52,2016,2023,7
2013SAVA02,Tom Savage,25,52,2013,2020,7
2018OLIV28,Kalani Oliveira,25,52,2018,2025,7
2017THIO01,Noémie Thiollier,24,52,2017,2024,7
2018HEAT02,David Heaton,24,52,2018,2025,7
2018VANS03,Layne VanSiegel,24,52,2018,2025,7
2018YANG73,Chien-Mu Yang (楊謙牧),24,52,2018,2025,7
2019YUON01,On Yu (온유),24,52,2019,2026,7
2012TALA02,Shreyas Talamakki,22,52,2012,2019,7
2019BILI02,Marcus S. Bilik,22,52,2019,2026,7
2009KHAL01,Muhammad Jihan Khalilurrahman,20,52,2009,2016,7
2019HAND01,Sören Jaan Handschuch,18,52,2019,2026,7
2018KRYV02,Harald Skinnes Kryvi,17,52,2018,2025,7
2016ARMS04,David Armstrong,29,52,2016,2022,6
2019HUAN17,Po-Jui Huang (黃柏睿),29,52,2019,2025,6
2008KWAS01,Tonia Kowalczyk,26,52,2013,2019,6
2019OTTE01,Markus Otten,26,52,2019,2025,6
2008BORR01,Daniel Borrajo Gutiérrez,24,52,2008,2014,6
2019MACD02,Breton MacDonald,22,52,2019,2025,6
2019MAIE01,Felipe Maierowicz,22,52,2019,2025,6
2019QUIN11,Eric Quinn,20,52,2019,2025,6
2011MINI01,Marco Minici,26,52,2011,2016,5
2013SAVO01,Artem Savosik,23,52,2013,2018,5
2019HUAH03,Huining Huang (黄徽宁),21,52,2019,2024,5
2021TURP01,Paúl Alexis Urrutia Turpo,21,52,2021,2026,5
2021OTAI01,Zakarya Otair,20,52,2021,2026,5
2014SUME02,Melissa Su,19,52,2014,2019,5
2014ZONT01,Giorgio Zonta,19,52,2014,2019,5
2013KLEM01,Lauren Klemz,49,52,2013,2017,4
2011GUEL01,Giana Guelfi,43,52,2011,2015,4
2022CAST47,Rachel Castillo,30,52,2022,2026,4
2022HATI02,Xavier Hatier,30,52,2022,2026,4
2022QIAN03,Koh Zi Qian,27,52,2022,2026,4
2022ROUN01,Kendall Rounbehler,27,52,2022,2026,4
2022YIKO01,Koh Zi Yi,27,52,2022,2026,4
2014GONZ18,Dawson Gonzalez,25,52,2014,2018,4
2022STOI03,Tudor Petru Stoica,25,52,2022,2026,4
2015CHIR01,Sergey Chirin,23,52,2015,2019,4
2017MISH06,Andrey Mishin,23,52,2017,2021,4
2019DWYE01,Patrick Drew Dwyer,23,52,2019,2023,4
2022LUST02,Yvo Lustenberger,23,52,2022,2026,4
2022VUTH02,Thang Vinh Vu,23,52,2022,2026,4
2022RINC06,Titouan Rincon,22,52,2022,2026,4
2022GELO01,Logan Ge,21,52,2022,2026,4
2022HOUG05,Nicholas Houghton,21,52,2022,2026,4
2022OFER01,Eitan Ofer,21,52,2022,2026,4
2017DIBA01,Daniel Esteban Rivera Diban,20,52,2017,2021,4
2022HETT02,Matthias Hettwer,20,52,2022,2026,4
2021DIAZ01,Jeyson Paul Espinoza Diaz,19,52,2021,2025,4
2022UBBI01,Mattia Ubbiali,19,52,2022,2026,4
2022CAMA04,Brayan Alexander Sandoval Camacho,18,52,2022,2026,4
2022LAHT01,Ossi Lahtinen,18,52,2022,2026,4
2022LIUC02,Caden Liu,18,52,2022,2026,4
2022MEND06,Oscar Ivan Orihuela Mendoza,18,52,2022,2026,4
2023IIIM01,Mauricio Antonio Escobar III,29,52,2023,2026,3
2023THEP01,Charinda Thepmalee,29,52,2023,2026,3
2023MONN01,Arthur Monnet,27,52,2023,2026,3
2023SMIT44,Elodie Smith,27,52,2023,2026,3
2022FAGE01,Thor Fagerström,26,52,2023,2026,3
2022OLIV01,Jaime Olivé,26,52,2022,2025,3
2023BORJ02,Gabriel Börjesson,26,52,2023,2026,3
2023REDD01,Nirmal Reddy,26,52,2023,2026,3
2023QUIN09,Camilo Quintero,24,52,2023,2026,3
2023MAKA02,Amethyst Mak,23,52,2023,2026,3
2023MEID02,Joseph Meidal,23,52,2023,2026,3
2023PUEL01,Gabriel Enrique Amaya Puello,23,52,2023,2026,3
2022STEM02,Jackson Stempke,21,52,2022,2025,3
2023BAIL04,Leon Eoín Bailey,21,52,2023,2026,3
2017PELH01,George Pelham,20,52,2017,2020,3
2022WANG29,Ethan Wang,20,52,2022,2025,3
2022KHAN53,Yoel Khanin,19,52,2022,2025,3
2023CACU01,Diego Alejandro Bayuelo Cacua,19,52,2023,2026,3
2023MCCA15,Jack McCarley,19,52,2023,2026,3
2023XITI01,Tian Ying Xi (田盈汐),19,52,2023,2026,3
2023CHEX03,Xi Chen (陈曦),18,52,2023,2026,3
2023PISC02,Giovanni Piscitelli,18,52,2023,2026,3
2023THUR01,Benedikt Thurm,18,52,2023,2026,3
2023YANG10,Lucas Tan Ding Yang (陈鼎洋),29,52,2023,2025,2
2023MART31,Alonso Bernabé Claudio Martinez,27,52,2023,2025,2
2024WEST16,Elias Westman,25,52,2024,2026,2
2024GODO08,Steve Godoy,24,52,2024,2026,2
2023WANG57,Chen-Ze Wang (王臣擇),20,52,2023,2025,2
2024CIVI01,Vidal Perea Cívico,20,52,2024,2026,2
2023FORN02,Jackson Forner,19,52,2023,2025,2
2023HANN13,Ahti Isohanni,19,52,2024,2026,2
2024ANDR09,Samuel Rafn Andreasen,27,52,2024,2025,1
2004HERM01,Daniel Hermansson,34,51,2004,2024,20
2008HERN01,Tomás Hernández Pastor,26,51,2008,2026,18
2010WOMA01,Michael Womack,45,51,2010,2026,16
2009LEAN01,Andrew Le,35,51,2009,2025,16
2010ROSS01,Elliott Ross,27,51,2010,2024,14
2012QUAC01,Erickson Quach,25,51,2012,2026,14
2011REYE04,Stephano Saucedo Reyes,19,51,2011,2025,14
2012NOWA01,Joe Nowak,17,51,2012,2026,14
2010WIJA01,Peri Wijaya,33,51,2010,2023,13
2013GOLD03,David Goldberg,32,51,2013,2026,13
2012ATAM01,Andrii Atamaniuk (Андрій Атаманюк),20,51,2012,2025,13
2010AZAR01,Nathan Azaria,19,51,2010,2023,13
2010GROB02,Andreas Gröbmayr,19,51,2010,2023,13
2015LEEK01,Kevin Lee,28,51,2015,2026,11
2015MURA05,Paweł Murawski,28,51,2015,2026,11
2014AMAD01,André Rodrigo César Pinheiro Monte Amado,24,51,2014,2025,11
2013LIUJ03,Jialong Liu (刘嘉龙),19,51,2013,2024,11
2015HEJU02,Justin He,19,51,2015,2026,11
2015ADAR01,Soham Adarkar,39,51,2015,2025,10
2016SUGO01,Elliott Yahya Sugondo,34,51,2016,2026,10
2016PUTR02,Aji Surya Putra,32,51,2016,2026,10
2016ZHEN28,Mingshi Zheng (郑铭师),31,51,2016,2026,10
2009TOMA01,Michał Tomański,28,51,2009,2019,10
2016LOPE48,Rui Alexandre Reis Lopes,27,51,2016,2026,10
2015QUON01,Heyning Quong,24,51,2015,2025,10
2015SCHW08,Mika Schwendener,24,51,2015,2025,10
2016MART16,David Martins,24,51,2016,2026,10
2015DASN01,Nayan Jyoti Das,21,51,2015,2025,10
2015HECH02,Chenxiao He (何辰骁),21,51,2015,2025,10
2016KUGL01,Oliver Kugler,20,51,2016,2026,10
2016SHEI03,David Shei,19,51,2016,2026,10
2016MURI01,Marcos Meibel Corral Murillo,18,51,2016,2026,10
2017DOWL01,Eoin Dowling,31,51,2017,2026,9
2016KLAS01,Jake Klassen,26,51,2016,2025,9
2017RODR24,Dorian Ernesto Rosales Rodriguez,26,51,2017,2026,9
2017SRIV11,Lakshmi Sai Srivatsa,26,51,2017,2026,9
2017GIME01,Nadia Ghadban Gimeno,25,51,2017,2026,9
2017BEEM01,Seb van den Beemt,24,51,2017,2026,9
2017MART50,Antoine Martini,24,51,2017,2026,9
2014HARN01,Micki Kanaiya Harning,23,51,2014,2023,9
2016BUST04,Alberto Arturo Ayllón Bustos,23,51,2016,2025,9
2016IQBA01,Hussain Iqbal,23,51,2016,2025,9
2017TREJ03,Kyle McDonald Trejos,23,51,2017,2026,9
2015CARM03,Desmond Carman,22,51,2015,2024,9
2017AROR08,Eshan Arora,22,51,2017,2026,9
2017BADI03,Anish Sanjay Badithe,22,51,2017,2026,9
2017ZHUY03,Yunqi Zhu (朱云奇),22,51,2017,2026,9
2009WACH02,Julien Wachter,21,51,2009,2018,9
2017NARV01,Juan Pablo Suárez Narváez,19,51,2017,2026,9
2016CANC03,Samuele Cancemi,18,51,2016,2025,9
2018LORE01,Jakub Lorens,37,51,2018,2026,8
2010JIAO01,Yang Jiao (焦阳),31,51,2010,2018,8
2018LONC01,Gustavo Alonso Sandoval Loncón,30,51,2018,2026,8
2017LUND02,Kanyon Lundell,28,51,2017,2025,8
2009TAND01,Ramble Tandar,22,51,2009,2017,8
2018ARNO03,Henrik Arnøy,22,51,2018,2026,8
2018PALL03,Adriano Pallares,22,51,2018,2026,8
2017AHLG01,Nicos Ahlgrimm,20,51,2017,2025,8
2017LIAN32,Andrés Irías Li,20,51,2017,2025,8
2018PODI02,Matīss Maksis Podinskis,20,51,2018,2026,8
2016FURB01,Pietro Furbatto,19,51,2016,2024,8
2011METZ01,Slater Metz,30,51,2011,2018,7
2019MEDI04,Miguel Ángel Galdeano Medina,29,51,2019,2026,7
2018SOEG01,Daphne Soegijono,28,51,2018,2025,7
2017THUL01,Andrea Thull,27,51,2017,2024,7
2012CHEN23,Erik Cheng (鄭聿軒),26,51,2012,2019,7
2016LUSH02,Andrii Lushpak (Андрій Лушпак),24,51,2016,2023,7
2019SCHW07,Preston Schwartz,24,51,2019,2026,7
2012FARA01,Ali Farahani (علی فراهانی),23,51,2012,2019,7
2017FOOY01,Yee Wen Foo,23,51,2017,2024,7
2010PIRV01,Andrei Pîrvu,22,51,2010,2017,7
2019GASN01,Allan Gasnier,22,51,2019,2026,7
2018MORA23,Ivan Alexander Bonilla Morales,21,51,2018,2025,7
2018KENE01,Alimzhan Kenesbek (Алимжан Кенесбек),20,51,2018,2025,7
2019HAYE05,Ethan George Hayes,19,51,2019,2026,7
2019SILL01,Gavin Sillifant,18,51,2019,2026,7
2015PEAR02,David Pearce,17,51,2015,2022,7
2019TANM01,Matthew Tan,17,51,2019,2026,7
2014ROBB01,Sebastian Robbins,41,51,2014,2020,6
2007LOGA01,Bryan Logan,25,51,2007,2013,6
2007WEIN01,Florian Weingarten,25,51,2007,2013,6
2016STAN04,Lee Stanton-Barnett,24,51,2016,2022,6
2017HARV02,Luc Harvey,24,51,2017,2023,6
2019SHOG01,Stevie Shogren,23,51,2019,2025,6
2019LUYI03,Yiming Lu,22,51,2019,2025,6
2013SOLO02,Bernard Solomon,21,51,2013,2019,6
2018LIMA24,Caique Crispim de Lima,21,51,2018,2024,6
2019KANG11,Seongjun Kang,20,51,2019,2025,6
2017LIUX03,Xinyan Liu (刘心妍),19,51,2017,2023,6
2020SCHO03,Ed Scholey,19,51,2020,2026,6
2017AGUI15,Marco Antonio Ponce de León Aguilar,17,51,2017,2023,6
2019PAOL02,Federico De Paoli,17,51,2019,2025,6
2021TIMM01,Hedi Liis Timmusk,29,51,2021,2026,5
2021CHEE01,Abhay Cheemalapati,26,51,2021,2026,5
2016HONG13,Zhaoyang Hong (洪兆阳),24,51,2016,2021,5
2021FRYC01,Charlie Fry,22,51,2021,2026,5
2008CHEN27,Shuang Chen (陈霜),18,51,2008,2013,5
2017SEMI01,Juan Carlos Aguado Seminario,17,51,2017,2022,5
2022ALBE02,Steve Albert,34,51,2022,2026,4
2022WANG59,Mattias Wang,32,51,2022,2026,4
2022WIGI02,Isaac Wiginton,32,51,2022,2026,4
2022GARC03,Amaia Zabalza Garcia,31,51,2022,2026,4
2022HULL02,Jory Hullin,27,51,2022,2026,4
2022TULL01,Caden Tullous,25,51,2022,2026,4
2022IDZE01,Renske Idzenga,23,51,2022,2026,4
2022BLUM01,Linus Blümel,22,51,2022,2026,4
2022CACE02,Kenji Julián Cáceres Matsumoto,21,51,2022,2026,4
2022FORR01,Fox Forrester,21,51,2022,2026,4
2022MIRA04,Mary Ella Joyce R. Miralles,21,51,2022,2026,4
2022CHAN59,Vishal Chandrasekar,20,51,2022,2026,4
2022DAVA01,Gunbilegt Davaakhuu (Даваахүү Гүнбилэгт),20,51,2022,2026,4
2022MART79,Tymon Martyński,20,51,2022,2026,4
2022WICK05,Riley Wicks,20,51,2022,2026,4
2018CHIA05,Loic Chiang,19,51,2018,2022,4
2022KIRR02,Noah Kirrane,19,51,2022,2026,4
2022NIEL06,Marius Bergo Nielsen,19,51,2022,2026,4
2022FABR05,Aaron Fabritius,18,51,2022,2026,4
2014ZHAN01,Angelo Zhang,17,51,2014,2018,4
2023AMBR06,Niklas Ambrosi,35,51,2023,2026,3
2023GONZ90,Lucas Campaniello González,31,51,2023,2026,3
2023ARAZ01,Yannai Arazi,28,51,2023,2026,3
2023EMIL01,Petre Emilian,26,51,2023,2026,3
2022CAIN01,Ellis Cain,25,51,2022,2025,3
2022WINT09,Daniel Winterberg,25,51,2022,2025,3
2022KIMN01,NJ Kim,24,51,2022,2025,3
2023GALL30,Valérie Le Gall,24,51,2023,2026,3
2023LEES15,Samuel Lee,23,51,2023,2026,3
2023TSUI01,Triton Tsui,23,51,2023,2026,3
2023JAIN31,Akash Jain (ジェン明志),22,51,2023,2026,3
2016HANS01,Karl Taagaard Hansen,21,51,2016,2019,3
2022MART06,Viggo Martinsson,21,51,2022,2025,3
2013SANC05,Jacob Sanchez,20,51,2013,2016,3
2023LIUY04,Yening Liu (刘烨宁),20,51,2023,2026,3
2023LOPE18,Matias Víctor Tola Lopez,20,51,2023,2026,3
2023SCHM07,Daniel Schmitt,20,51,2023,2026,3
2023DANT01,Michel D'Antoni,19,51,2023,2026,3
2023LAMP01,Oliver Lampard,19,51,2023,2026,3
2016ALVA09,Juan Sebastián Silva Alvarez,18,51,2016,2019,3
2022CAMP13,Pietro Campagnola,18,51,2022,2025,3
2023ALON03,Jahziel Dominic Alonzo,18,51,2023,2026,3
2022MULL05,Viktor Nyman Müller,25,51,2022,2024,2
2024PAPP01,Rory Pappas,23,51,2024,2026,2
2024RAGH02,Devin Raghu,23,51,2024,2026,2
2023BUEN02,Ayden Kainalu A. Bueno,19,51,2023,2025,2
2023CHIF01,Valentin Chifor,19,51,2023,2025,2
2008PERE01,César Pérez García,46,50,2008,2026,18
2009TSEM01,Tse Yuet Ming (謝乙銘),32,50,2009,2026,17
2008PERE02,Francisco Pérez Padilla,25,50,2008,2024,16
2005UEDA01,Hiroto Ueda (上田浩登),38,50,2005,2020,15
2010WONG01,Benjamin Wong,20,50,2010,2025,15
2011ZHAN03,Lijiaqi Zhang (张李佳琦),21,50,2011,2025,14
2011MANS02,Tomás Mansilla,20,50,2011,2025,14
2008SZER01,András Szermek,19,50,2008,2022,14
2011KOEB01,Charles Koebele,19,50,2011,2025,14
2013BOTR01,Mark Botros,28,50,2013,2026,13
2013JIGA01,Gang Ji (纪纲),26,50,2013,2025,12
2014GIAN01,Michael Giang,26,50,2014,2026,12
2014OUSH01,Shihao Ou (欧世浩),25,50,2014,2026,12
2013TSCH02,Robin Tschümperlin,18,50,2013,2025,12
2013LEWA02,Oskar Lewandowski,30,50,2013,2024,11
2014GREE02,Aussie Greene,26,50,2015,2026,11
2014BORG02,Federico Borgogni,22,50,2014,2025,11
2016ALDE02,Owen Vazques Alderete,41,50,2016,2026,10
2016GARC50,Rodrigo Cortés García,34,50,2016,2026,10
2014COWL01,Ethan Cowlbeck,29,50,2014,2024,10
2016TRAN11,Ngan Tran,26,50,2016,2026,10
2016SERR04,Pedro José García Serrano,24,50,2016,2026,10
2016SMIT32,Kyler Smith,24,50,2016,2026,10
2010LIRA01,Ray Li,23,50,2010,2020,10
2013LIMD01,DongHwan Im (임동환),23,50,2013,2023,10
2015SARM03,Kaushik Sarma,23,50,2015,2025,10
2016KUOA01,Alan Kuo (郭建廷),22,50,2016,2026,10
2015MEND08,Ramiro Mendez,19,50,2015,2025,10
2016GONZ29,Fernando Calle Gonzales,18,50,2016,2026,10
2016FANB01,Boxuan Fan (范柏轩),17,50,2016,2026,10
2017SOLE02,Juliet Soley,46,50,2017,2026,9
2016CRUZ16,Luis Alejandro Carvajal Cruz,35,50,2016,2025,9
2014ITOT01,Takeshi Ito (伊藤健),30,50,2014,2023,9
2017ZHUZ01,Zheqi Zhu (诸哲祺),27,50,2017,2026,9
2016KARO01,Akansh Karody,26,50,2016,2025,9
2017SHIH04,Yuan-Jyun Shih (施元鈞),22,50,2017,2026,9
2016AZEV03,Carlos Gabriel de Azevedo,21,50,2016,2025,9
2008BODO01,Bálint Bodor,20,50,2008,2017,9
2017HUAN05,Hau-Yu Huang (黃浩宇),20,50,2017,2026,9
2015PETR01,Andro Petrinjak,18,50,2015,2024,9
2015MIZU01,Adhemar Mizushima,17,50,2015,2024,9
2016AMIT01,Elai Amit-Wender,17,50,2016,2025,9
2018PRON02,Phakinthorn Pronmongkolsuk (ภคินธร พรมงคลสุข),29,50,2018,2026,8
2018WUYU03,Yuheng Wu (吴雨衡),29,50,2018,2026,8
2016SEGR01,Mano Ségransan,26,50,2016,2024,8
2010CARV01,Gabriel Pitali de Carvalho,23,50,2010,2018,8
2018MANK03,Aliaksei Mankouski,23,50,2018,2026,8
2014CHAN23,Sophie Chan,22,50,2014,2022,8
2017SZIG01,András Szigeti,21,50,2017,2025,8
2018SCHE13,Tyler Schepanski,21,50,2018,2026,8
2010GALV01,Bruno Gálvez,20,50,2010,2018,8
2015AREV02,Josué Arévalo,20,50,2015,2023,8
2017JOHN14,Allen John,20,50,2017,2025,8
2018ROLE01,Jun Roley-Arzaga,20,50,2018,2026,8
2016ZHOU01,Frank Zhou,19,50,2016,2024,8
2017YUER01,Ernest Eh Zhong Yu,18,50,2017,2025,8
2018ABDU12,Anvar Abdullaev,18,50,2018,2026,8
2018SIQU01,Javier Siquité,18,50,2018,2026,8
2017TICO01,Fernando Ticona,17,50,2017,2025,8
2018SCAL03,Piernicola Scalzi,17,50,2018,2026,8
2019BATJ01,Temujin Batjargal,29,50,2019,2026,7
2019KARC02,Petr Karčmař,28,50,2019,2026,7
2012REQU01,Javier Hernandez Requena,27,50,2012,2019,7
2018SAIT07,Ryan Saito,27,50,2018,2025,7
2016GREE10,Owen de Greeff,23,50,2016,2023,7
2019ROOI02,Ronan de Rooij,23,50,2019,2026,7
2012EJLE01,Viktor Ejlertsson,21,50,2012,2019,7
2019STAD01,Jule Stadelmeier,20,50,2019,2026,7
2018YILM06,Utku Yılmaz,19,50,2018,2025,7
2018QUIS04,David Quispe,17,50,2018,2025,7
2019MARA05,Joshua Christian Marais,17,50,2019,2026,7
2012FROS01,Oliver Frost,31,50,2013,2019,6
2016LUIJ01,Olivier van Luijk,27,50,2017,2023,6
2017DUGG01,Bharadwaj Duggaraju,26,50,2017,2023,6
2015FERN07,Gabriel Ignacio Fernández Albarracin,23,50,2015,2021,6
2019GANJ01,Anar Ganjoloo,23,50,2019,2025,6
2019YANY05,Yung-Ching Yang (楊詠晴),23,50,2019,2025,6
2019DAHA02,Orkun Efe Dahar,21,50,2019,2025,6
2017SANT03,Hadyan Jade Santosa,19,50,2017,2023,6
2013LRAF01,Rafael Felipe Cordoba,17,50,2013,2019,6
2019ZIKO01,Nikolaos Zikos,17,50,2019,2025,6
2020DIEN01,Đặng Trần Diễn,17,50,2020,2026,6
2021TYSZ01,Vanessa Tyszkiewicz,30,50,2021,2026,5
2009SUKH01,Sittinon Sukhaya (สิทธินนท์ สุขายะ),23,50,2009,2014,5
2020DEMI02,Timur Demirci,22,50,2020,2025,5
2021MCCO01,Boris McCoy,20,50,2021,2026,5
2022RUSH01,Anthony Kalaya Rush,43,50,2022,2026,4
2022PADU02,Chris Padua,35,50,2022,2026,4
2022ZHAN58,Luke Zhang,28,50,2022,2026,4
2021PIPI01,Liam Pipia,27,50,2021,2025,4
2016BERG03,Koen van den Berg,26,50,2016,2020,4
2022BUIS01,Carla Domingo Buisán,26,50,2022,2026,4
2022LIVI03,Vincent Li,26,50,2022,2026,4
2022ZHAN52,Timothy Zhang (张学义),26,50,2022,2026,4
2021PINH01,Benicio Lins Pinheiro,25,50,2021,2025,4
2022JIME05,Jose Granados Jiménez,25,50,2022,2026,4
2022PAKC01,Chase Pak,24,50,2022,2026,4
2017KUPR02,Arsenij Kuprin,23,50,2022,2026,4
2022VELE03,Luis Carlos Gomez Velez,23,50,2022,2026,4
2022BILL03,İlker Demir Billur,22,50,2022,2026,4
2022HURL02,Julia Hurley,22,50,2022,2026,4
2022ZARO01,Owen Zarovy,22,50,2022,2026,4
2022STRA06,Sofie Strand,21,50,2022,2026,4
2022RATT01,Aaron Rattanachaipipat,20,50,2022,2026,4
2022SWAM01,Pavan Kumar Krishnan Swaminathan,20,50,2022,2026,4
2022MOUR02,Nicholas Mouratidis,19,50,2022,2026,4
2013CHEN84,Alex Chen,18,50,2013,2017,4
2016WIEB01,Adriel Wiebe,17,50,2016,2020,4
2022GREE14,Oscar Green,17,50,2022,2026,4
2023ALTA07,Muhammad Aldrian Altansyah,37,50,2023,2026,3
2023OSPI03,Juan Jose Reina Ospina,35,50,2023,2026,3
2023HETZ01,Carl Hetz,31,50,2023,2026,3
2023WONG19,Augustine H. Wong,30,50,2023,2026,3
2015SMOR01,Wiktor Smorąg,29,50,2015,2018,3
2023LIUY03,Yuyang Liu,25,50,2023,2026,3
2023SZEK01,Gergő Szekeres,25,50,2023,2026,3
2016LYHO01,Theo Lyholm,24,50,2016,2019,3
2022HERN07,Daniel Estrada Hernandez,24,50,2022,2025,3
2023MARU10,Bartul Marušić,24,50,2023,2026,3
2023SOKO04,Oliver Sokolović,23,50,2023,2026,3
2023RAVN03,Simon Øgreid Ravnås,22,50,2023,2026,3
2022SZEP01,Benedek Szepesi-Réder,21,50,2022,2025,3
2023AKAR03,Ömer Eymen Akar,21,50,2023,2026,3
2023LITM01,Clara Litman,21,50,2023,2026,3
2023CARV02,Martim Carvalho,20,50,2023,2026,3
2017SMIR01,Vadzim Smirnou,19,50,2017,2020,3
2023CIDM01,Marta Fernandes Cid,18,50,2023,2026,3
2023COAI01,Qhari Coaila,18,50,2023,2026,3
2023YANG43,Hugo Feng Yang,18,50,2023,2026,3
2022GOUR04,Charidimos Gourniezakis,17,50,2022,2025,3
2022KANG04,Anshveer Kang,17,50,2022,2025,3
2022RAMO14,Matias Franco Echeverria Ramos,17,50,2022,2025,3
2023NEVE01,Rafael Hiroshi Eguchi Neves,17,50,2023,2026,3
2023VIDA03,Caleb Torrico Vidal,17,50,2023,2026,3
2022VILL27,Pietro Villa,15,50,2022,2025,3
2024PERE03,Maria Florentina Isabel Perez,34,50,2024,2026,2
2024FIGU06,Nur Navarro Figueras,29,50,2024,2026,2
2022GOUR01,Neil Gour,28,50,2022,2024,2
2022SUGI01,Maciej Sugier,27,50,2022,2024,2
2024BELZ01,River Alvarran Belz,25,50,2024,2026,2
2022LIMA02,Max Li,24,50,2022,2024,2
2024HOLO01,James Holowinski,24,50,2024,2026,2
2023CHOJ01,Louis Chojnacki,22,50,2023,2025,2
2023WALT04,Lukas Walter,21,50,2023,2025,2
2024XUEZ01,Zhiyuan Xue (薛智远),21,50,2024,2026,2
2018IMAN01,Timur Imanov,20,50,2018,2020,2
2023ROGN01,Brage Rognes,19,50,2023,2025,2
2024LEBL01,Romain Leblond,17,50,2024,2026,2
