person_id,person_name,n_competitions,n_results,first_year,last_year,best_sec_mean,average_sec_mean,span
2013ROGA02,Przemysław Rogalski,259,579,2013,2026,3.159481865284974,4.326027633851468,13
2010ROSE03,Dennis Rosero,253,512,2010,2026,4.9523046875,6.381484375,16
2011EDUA01,Eduard Esteban García Domínguez,255,473,2012,2026,5.919830866807611,7.886849894291755,14
2013WALL03,Daniel Wallin,233,455,2013,2026,3.190351648351648,4.467516483516484,13
2010RONK01,Niko Ronkainen,210,442,2010,2026,4.54237556561086,6.22262443438914,16
2013TOKA01,Piotr Tokarski,193,423,2013,2026,2.974373522458629,4.106879432624114,13
2017GARR05,Luke Garrett,187,417,2017,2026,2.3842685851318945,3.4813189448441246,9
2013OLSZ02,Piotr Olszewski,165,393,2014,2026,2.292111959287532,3.284936386768448,12
2010GRAC02,Fabio Bini Graciose,241,392,2010,2026,7.146964285714286,9.630076530612245,16
2010BENT01,Jan Bentlage,191,365,2010,2026,4.755917808219178,6.459945205479452,16
2013WARY01,Rafał Waryszak,146,352,2013,2026,2.3604261363636363,3.2318749999999996,13
2008AURO01,Sébastien Auroux,187,349,2008,2026,5.427507163323782,7.406934097421203,18
2014PETE03,Tobias Peter,181,340,2014,2026,4.322264705882353,5.7573823529411765,12
2015WINT02,Steven Wintringham,146,336,2015,2026,2.2392857142857143,3.176011904761905,11
2016KELL12,Simon Kellum,143,335,2016,2026,1.9282089552238808,2.760238805970149,10
2008BARA01,Bence Barát,177,321,2008,2026,5.355700934579439,6.9196261682242985,18
2016ROLZ01,Alwin Rölz,155,315,2016,2026,2.4962539682539684,3.4395238095238096,10
2013BURL01,Łukasz Burliga,159,313,2013,2026,3.608626198083067,4.993993610223642,13
2009LIUE01,Evan Liu,168,311,2010,2026,3.9641800643086813,5.296430868167203,16
2011SZAT01,Wojciech Szatanowski,178,309,2011,2026,5.2196440129449835,6.875242718446601,15
2017PALA08,Harsha Paladugu,130,305,2017,2026,1.9734426229508195,2.909344262295082,9
2010DESJ01,Jules Desjardin,140,304,2010,2026,2.420296052631579,3.280328947368421,16
2014JIME05,Diego Alejandro Casas Jimenez,176,299,2015,2026,6.815418060200669,9.21113712374582,11
2015KUCA01,Carter Kucala,130,296,2016,2026,2.609391891891892,3.8152364864864863,10
2008VARG01,Dániel Varga,160,294,2008,2026,5.083843537414967,6.425952380952381,18
2014SZWU01,Mateusz Szwugier,130,287,2014,2026,2.7667595818815327,3.9345993031358883,12
2009PROV01,Matteo Provasi,190,279,2010,2026,7.098458781362007,9.951075268817204,16
2018DUBI01,Łukasz Dubicki,134,279,2018,2026,3.1394982078853046,4.270824372759856,8
2013EGDA02,Martin Vædele Egdal,134,278,2013,2026,2.4952877697841727,3.4507194244604316,13
2014MILL04,Chris Mills,116,270,2014,2026,3.0202962962962965,4.225296296296296,12
2013EGDA01,Daniel Vædele Egdal,133,268,2013,2026,2.9780597014925374,4.076791044776119,13
2013JOHN10,Brian Johnson,122,267,2014,2026,2.292621722846442,3.2511610486891387,12
2010HULL01,Katie Hull,137,264,2015,2026,4.313068181818182,5.516136363636363,11
2017RICH02,Braden Richards,124,264,2017,2026,2.89125,4.1658333333333335,9
2014CHER05,Clément Cherblanc,139,257,2014,2026,4.109182879377432,5.729027237354085,12
2015JAEH01,Konstantin Jaehne,163,257,2015,2026,5.7542023346303495,7.796070038910505,11
2020DWOR01,Kacper Paweł Dworak,164,257,2020,2026,4.447237354085603,6.2268093385214005,6
2016PYWI01,Wilfrid Py,176,256,2016,2026,7.2934765624999995,9.5500390625,10
2012CANT02,Simone Cantarelli,166,253,2012,2026,6.9891699604743085,9.064743083003952,14
2017TSVE02,Alexey Tsvetkov,118,253,2017,2026,2.3298023715415024,3.142806324110672,9
2012BUBE01,Reto Bubendorf,123,247,2012,2026,3.4825506072874495,4.761781376518219,14
2016KOLA02,Tymon Kolasiński,98,244,2016,2023,2.125860655737705,2.9747950819672133,7
2013MART03,Chris Martin,168,242,2013,2026,5.779917355371901,7.777768595041322,13
2014LAFO01,Anthony Lafourcade,114,242,2014,2026,3.035537190082645,3.99896694214876,12
2023ASTR01,Filip Åström,154,238,2023,2026,4.776470588235294,6.502394957983193,3
2011WELC01,Walker Welch,118,236,2012,2026,4.1925423728813564,5.712669491525424,14
2015EWER01,Helmer Ewert,116,236,2015,2026,2.975720338983051,4.287669491525424,11
2016PILA03,Ryan Pilat,106,232,2016,2026,2.4116810344827586,3.3871551724137934,10
2008COUR01,François Courtès,163,231,2008,2016,9.273636363636363,11.913333333333334,8
2012GOOD02,Callum James Goodyear,127,230,2012,2024,5.960521739130435,7.9212608695652165,12
2018CAST11,Raúl Cuevas Castillo,95,227,2018,2026,2.900352422907489,3.8408810572687226,8
2003BRUC01,Ron van Bruchem,178,226,2006,2026,8.247787610619469,10.769823008849558,20
2008ANDE02,Oscar Roth Andersen,107,226,2009,2026,3.049778761061947,4.174601769911504,17
2012PATE01,Antonie Paterakis,117,226,2012,2025,3.3244247787610623,4.715973451327433,13
2021ELIA01,Niklas Aasen Eliasson,94,226,2021,2026,2.7453539823008852,3.7742477876106197,5
2012SANT12,Rafael Rodriguez Santana,117,224,2012,2025,5.5487053571428575,7.4200446428571425,13
2015KAME02,Marcus Kamen,110,224,2015,2026,2.319642857142857,3.0796428571428573,11
2014ZAKR01,Karol Zakrzewski,142,224,2016,2026,4.405803571428572,5.876964285714286,10
2013KLEI03,Livia Kleiner,112,223,2013,2026,2.50067264573991,3.382017937219731,13
2010AMBR01,Jacob Ambrose,120,223,2014,2026,4.517443946188341,6.074260089686098,12
2012HALE01,Callum Hales-Jepp,112,222,2012,2025,5.242432432432432,7.2405405405405405,13
2012MAHV01,Paul Mahvi,134,221,2012,2026,4.599909502262443,6.496651583710407,14
2015ANTO04,Manuel Prieto de Antón,100,221,2015,2026,3.122081447963801,4.315701357466064,11
2016LOPE37,Rubén López de Juan,99,221,2016,2026,3.9692307692307693,5.372986425339366,10
2016MULL04,Daniel Mullen,104,220,2016,2026,3.8271363636363636,5.042772727272728,10
2018HIBS01,Jakub Hibszer,88,220,2018,2026,1.9207272727272728,2.589363636363636,8
2016HOBB01,Emmet Hobbs,92,217,2016,2026,2.3964976958525344,3.3571889400921657,10
2018KUZM02,Olaf Kuźmiński,100,216,2018,2026,2.706944444444445,3.8353703703703705,8
2014FRIT02,Oliver Fritz,91,214,2014,2026,2.831728971962617,3.9893457943925235,12
2016OSTL02,Stian Nystad Østli,86,213,2016,2026,2.2859624413145543,3.1906103286384977,10
2013BOBE01,Krzysztof Bober,165,211,2013,2026,7.05260663507109,8.394928909952606,13
2021KULA02,Maksymilian Kulas,101,211,2021,2026,2.3772511848341233,3.355118483412322,5
2012BRED01,Ulrik Bredland,111,210,2012,2026,6.490857142857142,9.046000000000001,14
2013OWCZ01,Bartłomiej Owczarek,103,210,2013,2026,3.8377619047619045,5.295857142857144,13
2014GUER06,David Stiven Benitez Guerra,105,208,2015,2026,5.397692307692308,7.1037019230769225,11
2009ROTA01,Marco Rota,123,207,2010,2026,5.067101449275363,6.938550724637681,16
2015GORN01,Dominik Górny,78,206,2015,2025,2.2500485436893203,3.028495145631068,10
2011CICH01,Mateusz Cichoracki,91,203,2011,2024,3.759753694581281,5.058226600985221,13
2014CHIC01,Chris Chi,125,203,2015,2026,4.213399014778325,6.077586206896552,11
2011FERA01,Joshua Feran,103,201,2011,2026,4.030796019900498,5.482985074626865,15
2009OHRN01,Laura Ohrndorf,117,201,2010,2023,7.358905472636817,9.825671641791045,13
2011BANS02,Shivam Bansal,84,201,2014,2026,3.6593532338308457,5.161990049751243,12
2005AKKE01,Erik Akkersdijk,130,200,2006,2025,5.41665,7.57725,19
2017PABI01,Magdalena Pabisz,79,198,2017,2026,2.2864141414141415,3.0384343434343437,9
2017CHOD02,Adam Chodyniecki,96,197,2017,2025,3.491421319796954,5.034822335025381,8
2015RODR01,Andres Rodriguez,93,196,2015,2026,2.5298979591836734,3.4084183673469384,11
2014GOSL01,Raymond Goslow,100,195,2015,2026,3.9794871794871796,5.261846153846154,11
2014DETL01,Rasmus Stub Detlefsen,96,194,2015,2026,2.781649484536082,4.047886597938144,11
2005REYN01,Tim Reynolds,138,193,2008,2025,5.865233160621762,7.852124352331606,17
2010KILD02,Wilhelm Kilders,102,193,2011,2026,4.980051813471502,6.8297927461139905,15
2013GERT01,Nicolas Gertner Kilian,102,193,2013,2026,3.99,5.650259067357513,13
2004MASA01,Jesús Masanet García,130,192,2009,2026,7.9415625,10.37125,17
2007JAKU01,Marcin Jakubowski,104,192,2007,2020,6.29015625,7.396249999999999,13
2017PITK01,Antto Pitkänen,88,190,2017,2026,3.801789473684211,5.368473684210526,9
2013ARVI02,Sachin Arvind,92,189,2013,2025,4.888253968253968,6.508888888888889,12
2017PETE04,Tripp Peters,85,189,2017,2026,2.3785185185185185,3.298783068783069,9
2015YOSH01,Yuji Yoshida,129,188,2015,2026,4.115265957446808,5.494095744680852,11
2012ZAKE02,Dušan Zakelšek,88,186,2012,2026,4.40752688172043,5.488010752688172,14
2008MORE02,Hippolyte Moreau,105,185,2010,2026,5.213297297297298,6.8251351351351355,16
2015GIME02,Laura Tarrés Gimeno,86,183,2015,2026,3.442950819672131,4.491366120218579,11
2016LAZA03,Fernando Sáez Lázaro,104,183,2017,2026,6.3273770491803285,8.664153005464481,9
2013LANG03,Mason Langenderfer,104,182,2013,2026,4.263351648351648,5.894505494505494,13
2014HOLU01,Lev Golub (Лев Голуб),82,182,2014,2026,3.335494505494505,4.629615384615385,12
2016SANC08,Joseph Daniel Blas Sanchez,105,182,2016,2026,4.921538461538462,6.361098901098901,10
2021HUGO01,Peter Hugosson-Miller,175,181,2021,2026,14.092320441988951,18.2239226519337,5
2010THOM03,Blake Thompson,106,179,2010,2025,4.688491620111732,6.553240223463687,15
2018MART18,Laura Freitas Martín,82,178,2018,2026,4.620393258426966,6.120224719101124,8
2015BARH01,Anders Barhaugen,79,177,2016,2026,4.375988700564972,6.017627118644067,10
2014KANN02,Arun Kannan,86,176,2014,2026,4.363522727272727,5.69284090909091,12
2012VERS02,Robin Verstraten,99,175,2012,2026,3.675885714285714,4.696114285714286,14
2015DEGL01,Lucas Déglise,85,175,2015,2026,3.3605714285714288,4.355428571428572,11
2011WANG33,Yi Wang (王旖),72,174,2012,2023,2.9116091954022987,3.9053448275862066,11
2013GARC08,Jesús Lindo García,113,173,2013,2026,6.888959537572254,9.145375722543353,13
2015QUAN03,Ng Jia Quan (黄佳铨),82,173,2015,2026,2.5268208092485547,3.7067052023121385,11
2016SATO01,Caio Hideaki Sato,97,173,2016,2026,3.093121387283237,4.214682080924855,10
2017LOPE31,Catalina Herrera López,141,173,2017,2026,10.301849710982658,13.748265895953756,9
2016KRAF01,Noah Kraft,91,172,2016,2026,4.241337209302325,5.542441860465116,10
2018KHAN26,Hassan Khanani,88,172,2018,2026,3.4633139534883726,4.970232558139535,8
2010OMUL02,Matic Omulec,91,171,2010,2025,4.944035087719298,6.6230994152046785,15
2016GOTT01,Benjamin Gottschalk,88,171,2016,2026,3.855906432748538,5.418771929824562,10
2017KRAS05,Lorenzo Escobar Kraskouskaya,84,170,2017,2026,4.314294117647059,6.076941176470588,9
2013GERH01,Kevin Gerhardt,82,169,2013,2026,3.210059171597633,4.501065088757396,13
2011GJER02,Ole Nikolai Gjerset,82,168,2011,2026,5.00452380952381,6.953809523809523,15
2015SALO01,Álvaro Aguilar Salobreña,89,168,2016,2026,5.00625,7.206904761904762,10
2016THOR08,Elvin Thorsen,75,168,2016,2026,2.4419642857142856,3.3385714285714285,10
2018KINN05,Urho Kinnunen,66,168,2018,2026,3.0088690476190476,4.248690476190476,8
2013BOTZ01,Alexander Botz,86,167,2013,2026,4.49245508982036,6.242215568862275,13
2016CHAP04,Stanley Chapel,77,167,2016,2026,2.858502994011976,4.089580838323354,10
2008BAOY01,Ting Sheng Bao Yang,93,166,2009,2025,5.16066265060241,6.866204819277108,16
2016JENS09,William Jensen,75,166,2016,2026,2.8406024096385543,3.942409638554217,10
2018KHAN28,Zayn Khanani,87,166,2018,2026,3.5683132530120485,4.945060240963856,8
2018PERK01,Elliott Perkins,75,164,2018,2026,2.395121951219512,3.403658536585366,8
2013KOSK01,Jonatan Kłosko,69,164,2013,2019,3.8373780487804883,5.12859756097561,6
2012MAYE01,Theo Mayer,91,163,2012,2026,4.930981595092025,6.633251533742332,14
2015CHEA01,Andrey Che,83,163,2015,2026,2.8773006134969323,3.77079754601227,11
2016IHLE01,Malte Ihlefeld,84,163,2016,2026,4.18920245398773,5.631779141104294,10
2022STOJ03,Antoni Stojek,77,163,2022,2026,2.7141104294478526,3.840306748466258,4
2010SCHM01,Leon Schmidtchen,107,162,2010,2026,7.3435802469135805,9.719753086419752,16
2008OLLE01,Alexander Olleta del Molino,97,162,2009,2022,6.793456790123456,9.68395061728395,13
2011CHAP01,José Leonardo Chaparro Prieto,80,162,2011,2024,5.1977160493827155,6.832962962962963,13
2009TIRA01,Javier Tirado Ortiz,111,161,2009,2026,6.2931677018633545,8.619068322981366,17
2014ZYCH01,Jan Zych,88,161,2014,2026,4.37527950310559,5.828260869565217,12
2016SZAN01,Szabolcs Szántai,75,161,2016,2026,3.3215527950310557,4.479130434782609,10
2022SOLO01,Aleksander Sołonczak,75,161,2022,2026,2.6067080745341613,3.6414285714285715,4
2017BACH09,Gaurav Bachani,84,160,2017,2026,5.5273125,7.26425,9
2016AREF01,Aleksander Arefiew,72,159,2016,2026,2.4748427672955975,3.461635220125786,10
2009SHEP01,Daniel Sheppard,82,158,2009,2020,4.491645569620252,5.878924050632912,11
2011FIOL01,Alberto Pérez de Rada Fiol,70,158,2011,2019,4.146835443037975,5.286139240506329,8
2017PIHE01,Remo Pihel,70,158,2018,2026,2.7949367088607597,4.031582278481013,8
2009GARC04,Pau Vela García,109,156,2009,2026,7.258910256410257,9.560897435897436,17
2014ARGA01,Hector David Martinez Argaez,80,156,2014,2026,4.63301282051282,6.4327564102564105,12
2015HAMM01,Billie Hammill,78,156,2015,2026,4.778846153846154,6.43673076923077,11
2013RIVE03,Juan David Martinez Riveros,83,155,2013,2026,5.982064516129032,8.072000000000001,13
2015SHAH09,Krish Shah-Nathwani,77,155,2015,2025,2.5968387096774195,3.5549032258064517,10
2022LARR02,Aratz Larruzea,63,155,2022,2026,2.123225806451613,2.819225806451613,4
2011SAKO01,Corey Sakowski,102,154,2011,2025,4.752207792207792,6.377532467532467,14
2013KRAS02,Michał Krasowski,80,154,2013,2026,3.5627922077922074,5.051103896103896,13
2015MACK06,Zeke Mackay,75,154,2015,2026,2.8791558441558442,4.008701298701299,11
2017ZHAD01,Damir Zhanataev,79,154,2017,2026,3.8256493506493503,5.064350649350649,9
2010LANE02,Mitchell Lane,86,153,2011,2026,4.02,5.539803921568628,15
2012BEAH01,Ciarán Beahan,77,153,2012,2026,3.964640522875817,5.410653594771242,14
2015SANC18,Josete Sánchez,82,153,2015,2026,4.905032679738563,6.611045751633987,11
2015UGAR01,Rodrigo Ugarte,81,153,2015,2025,4.552549019607843,6.056797385620914,10
2015SOAR01,Nikhil Soares,64,153,2015,2025,3.544640522875817,4.872941176470587,10
2021SPIE01,Achim Spies,92,153,2021,2026,4.802483660130719,6.245555555555556,5
2007OEYM01,Maria Oey,150,152,2009,2026,14.982697368421052,20.14486842105263,17
2017LIND01,Leo Lindqvist,77,152,2017,2026,4.118157894736842,5.63828947368421,9
2009YAUR01,Robert Yau,77,151,2010,2023,4.829006622516556,6.654437086092716,13
2016HOUG01,Levin Houghton,88,151,2016,2026,4.4880132450331125,6.1892715231788085,10
2017REDO02,Raúl Martínez Redondo,67,151,2017,2026,4.15635761589404,5.627483443708609,9
2008PRYK01,Owidiusz Pryk,68,150,2008,2024,4.140733333333333,5.2984,16
2012CHON03,Chao-Che Chung (鍾肇哲),91,150,2013,2026,5.318666666666666,7.298333333333333,13
2016CHAR01,Jonathan Charlesworth,74,150,2016,2026,4.0248,5.775266666666666,10
2017WHIT01,Derek White,98,150,2017,2026,4.914000000000001,6.5336,9
2018ALFO01,Diego Alfonso,72,150,2018,2026,2.1420666666666666,2.9122,8
2018PATT04,Phoenix Patterson,65,150,2018,2026,2.900533333333333,4.241133333333333,8
2014GERB01,Henri Gerber,72,149,2014,2026,3.53758389261745,4.944630872483222,12
2015FENG12,Junqi Feng (冯骏骐),61,149,2015,2026,2.398456375838926,3.228456375838926,11
2014NIEL03,Calvin Nielson,102,148,2015,2026,6.024459459459459,8.835202702702702,11
2017AGGA01,Sameer Aggarwal,69,148,2017,2025,2.5930405405405406,3.6400675675675678,8
2018GOME06,Jaime Calzado Gomez,67,148,2018,2026,3.8893918918918917,5.271283783783784,8
2015WANG83,Zhedong Wang (王哲栋),83,148,2019,2026,4.736689189189189,6.45168918918919,7
2022MULL02,Imanuel Müller,78,148,2022,2026,3.6929729729729726,5.276216216216216,4
2011NARA02,Bhargav Narasimhan,75,147,2011,2026,6.287074829931973,8.466802721088435,15
2017MINA04,Hannah Minas,84,147,2017,2026,4.7122448979591836,6.321632653061224,9
2017SIAU02,Max Siauw,77,147,2017,2025,3.2012244897959183,4.448367346938776,8
2010MOFF02,Zoé de Moffarts,79,146,2010,2020,6.115479452054795,8.096301369863014,10
2013SCHM02,Thomas Mæhle Schmidt,70,146,2014,2024,3.3582191780821917,4.502260273972603,10
2016WOJC04,Dawid Wójcik,61,146,2016,2026,2.510821917808219,3.404109589041096,10
2017JARN01,Thomas Sonnenberg Jarner,81,146,2017,2026,4.602123287671232,6.385273972602739,9
2011CAST02,Michael Andres Castillo Lemus,72,145,2011,2025,5.164413793103448,6.917103448275862,14
2016TRAG01,Parker Trager,72,145,2016,2026,2.04,2.9222758620689655,10
2016DEXT01,Riley Dexter,62,145,2016,2026,2.9155172413793102,3.8604827586206896,10
2016PUTT01,Arttu Puttonen,79,145,2016,2025,5.9462758620689655,8.339103448275862,9
2016YONG02,Tristan Chua Yong,66,145,2017,2026,2.4633793103448274,3.499724137931034,9
2016MILL07,Pedro Giuseppe Garcia Milla,71,145,2018,2026,3.0070344827586206,4.137379310344827,8
2022SCHA05,Vincent von Schantz,60,145,2022,2026,3.0024137931034485,4.091172413793104,4
2014YUNO01,Lucas Ichiro Yunomae,92,144,2014,2026,5.6229861111111115,7.755416666666666,12
2011KNOT01,Wojciech Knott,68,144,2011,2020,4.593402777777778,5.833402777777778,9
2011HOFF02,Valentin Hoffmann,89,143,2011,2026,5.376433566433566,7.177972027972029,15
2010KIPA01,Jakub Kipa,66,143,2010,2024,4.116013986013987,5.521538461538462,14
2010CANT02,Antoine Cantin,71,143,2011,2024,3.8352447552447555,5.353496503496503,13
2016MATE04,Arnau Tous Mateu,61,143,2016,2026,2.5282517482517486,3.5786013986013985,10
2018SCHM05,Sophia Schmoll,70,143,2018,2026,3.48986013986014,4.788251748251748,8
2014SCHW02,Fabio Schwandt,69,142,2014,2026,3.596830985915493,4.809929577464788,12
2014GROV01,Saransh Grover,67,142,2014,2024,3.5133802816901407,4.702253521126761,10
2016NILS03,Filip Nilsen,64,142,2016,2026,4.667464788732394,6.42281690140845,10
2018KJOL01,Malte Oliver Bøgh Kjøller,82,142,2018,2026,5.042957746478874,6.611478873239437,8
2019KEDZ01,Adam Kędziorski,63,142,2019,2026,2.0879577464788732,2.905,7
2021EDEN01,Pep Edén,77,142,2021,2026,4.433591549295775,6.250281690140845,5
2021CHEL01,Ianis Costin Chele,75,142,2021,2026,2.17669014084507,3.043098591549296,5
2009ORTI01,Daniel Gracia Ortiz,72,141,2009,2025,4.429858156028369,6.058085106382979,16
2010VALO01,Clément Valot,74,141,2011,2025,4.648652482269504,6.106595744680851,14
2016MAHA07,Shubham Maharana,77,141,2016,2026,4.498936170212766,6.488085106382979,10
2021SOTO01,Juan Miguel Saboya Soto,70,141,2021,2026,3.4899290780141845,4.850354609929078,5
2012MARI04,José David Castiblanco Marin,80,140,2012,2026,6.2279285714285715,8.119642857142857,14
2012KASS01,Daniël Kassab,82,140,2012,2025,3.3145000000000002,4.574285714285714,13
2012DIAZ03,Kevin Vanegas Diaz,73,140,2013,2026,5.334785714285714,7.127642857142857,13
2015RUSS03,Will Russo,84,140,2015,2026,3.897214285714286,5.276928571428571,11
2018BOHA01,Alex Bohac,62,140,2018,2026,2.3511428571428574,3.3702857142857146,8
2018ZHUA10,Ethan Zhuang,86,140,2019,2026,4.210714285714285,5.934928571428571,7
2023CLAR02,Carson Clark (张卡森),61,140,2023,2026,2.500714285714286,3.4762142857142857,3
2016HAND04,Rasmus Händén,86,139,2016,2026,6.292086330935252,8.275395683453237,10
2016PFEI01,Jack Pfeifer,70,139,2016,2026,3.1181294964028776,4.351079136690647,10
2014RZEW01,Michał Rzewuski,75,139,2014,2021,4.7971942446043165,6.269712230215827,7
2023CELI06,Jacob Goossens Celis,66,139,2023,2026,3.6839568345323745,5.0978417266187055,3
2005KOZK01,Piotr Kózka,68,138,2005,2025,4.497898550724638,5.7490579710144925,20
2008PIAU01,Anton Piau,97,138,2009,2026,6.70340579710145,9.45731884057971,17
2014MEND02,Alexis Rodrigo Cazu Mendoza,58,138,2014,2026,3.662463768115942,4.806666666666667,12
2014LAFO02,Clara Lafourcade,95,138,2015,2026,5.966956521739131,8.173188405797102,11
2017NIEL03,Michael Nielsen,63,138,2017,2026,1.9240579710144927,2.5976086956521742,9
2017CHAM09,Cham J. Chambers,66,138,2018,2026,3.433478260869565,4.820652173913044,8
2012CAPP01,Gabriele Cappelletti,77,137,2012,2026,5.960437956204379,7.966642335766424,14
2016PERE44,Iván Brigidano Pérez,63,137,2016,2026,4.590583941605839,6.151678832116788,10
2016BRIN04,Chris Van Der Brink,62,137,2017,2026,2.8517518248175184,3.974744525547445,9
2018HANU02,Oskar Hanuszkiewicz,64,137,2018,2026,2.712189781021898,3.743795620437956,8
2006GALE01,Arnaud van Galen,102,136,2006,2018,10.063308823529411,12.549264705882353,12
2014AMAY01,Ramses Amaya,63,136,2014,2025,3.501323529411765,4.620955882352941,11
2014CZAP01,Maciej Czapiewski,56,136,2014,2021,3.543382352941176,4.627132352941176,7
2021LEMP01,Luukas Lempinen,55,136,2021,2026,3.816323529411765,5.4572794117647065,5
2021JAWO01,Szymon Jaworski,75,135,2021,2026,3.4288148148148148,4.780074074074074,5
2022IVAR01,Ludwig Ivarsson,93,135,2022,2026,4.057333333333333,5.641185185185185,4
2006BUUS01,Henrik Buus Aagaard,92,134,2006,2025,6.808656716417911,9.414701492537313,19
2015TALB01,Seth Talbot,65,134,2015,2026,3.534179104477612,4.813059701492538,11
2019JIAN54,Lingkun Jiang (姜凌坤),60,134,2019,2026,1.4126119402985073,1.9109701492537312,7
2022DINC01,Ayden Dincher,59,134,2022,2026,2.5441044776119406,3.583955223880597,4
2014VENK02,Rahul Venkatesan,67,133,2014,2026,5.4044360902255635,7.249624060150376,12
2014QUYN02,Tomáš Nguyen,53,133,2015,2026,2.66796992481203,3.86781954887218,11
2014STEI03,Annika Stein,81,133,2015,2025,7.132406015037594,9.624210526315789,10
2013SAWA01,Aneesh Sawant,57,133,2013,2023,4.283157894736842,5.666842105263158,10
2017GARC48,Haiver Lenin Reyes Garcia,71,133,2017,2026,6.38187969924812,8.391503759398496,9
2017INIE02,Mikel Pérez Iniesto,61,133,2017,2026,4.298345864661654,5.900601503759399,9
2016RAMO01,Klaus Ramos,65,133,2017,2025,5.456240601503759,7.3746616541353385,8
2020DOZA01,Cyprian Doza,54,133,2020,2026,1.9668421052631577,2.6584962406015036,6
2023CLAR13,Jayden Clark,61,133,2023,2026,3.227142857142857,4.288345864661654,3
2015WITM01,Mattheo de Wit,76,132,2015,2026,3.4961363636363636,4.862196969696969,11
2016JARM01,Myles Jarman,73,132,2016,2026,5.259015151515152,7.090227272727272,10
2016KELL10,Adam Marcellus Kelly,69,132,2016,2026,3.3026515151515152,4.747727272727273,10
2018GUER09,Héctor Haro Guerrero,55,132,2018,2026,2.7448484848484846,3.6142424242424243,8
2008JEWR01,Ryan Jew,100,131,2009,2025,5.6187786259541985,7.506106870229007,16
2011ALVI01,Wilson Alvis (陈智胜),94,131,2011,2026,5.795496183206107,8.02259541984733,15
2013VICE01,Mar Gallego Vicente,77,131,2014,2026,6.239389312977099,7.987404580152671,12
2012ESPI02,Jorge Martín Espinosa,68,131,2012,2024,4.762900763358779,6.235801526717557,12
2017OSTD02,Jason Ostdiek,69,131,2017,2026,3.6890839694656488,4.932671755725191,9
2015DASA02,Aniket Das,51,131,2015,2023,2.806030534351145,3.7377862595419846,8
2016OBRE01,Piero Alessandro Laguna Obregon,65,130,2016,2026,5.021692307692308,6.679461538461538,10
2015BROW03,Elijah Brown,61,130,2015,2025,2.3186153846153847,3.256846153846154,10
2017SUNY01,Owen Yepeng Sun (孙叶芃),59,130,2017,2026,2.0596923076923077,2.776153846153846,9
2018OPAC01,Kajetan Opach,58,130,2018,2026,2.6864615384615385,3.8345384615384615,8
2019WANY36,Yiheng Wang (王艺衡),62,130,2019,2025,2.3376923076923077,2.929076923076923,6
2021ZAJD02,Stefan Zajder,64,130,2021,2026,2.774,4.0193076923076925,5
2008BERE01,Brúnó Bereczki,67,129,2008,2025,3.6073643410852716,4.777984496124031,17
2011HETC01,Patrick Hetco,78,129,2011,2026,6.508682170542635,8.526821705426357,15
2013DICK01,Matthew Dickman,108,129,2013,2026,8.630077519379844,11.655193798449613,13
2012RUPE01,Akash Rupela,60,129,2013,2026,5.819999999999999,7.661627906976745,13
2016HOLZ01,Laura Holzhauer,72,129,2016,2026,4.676201550387597,6.463333333333333,10
2017ECHE04,Ale Restrepo,62,129,2017,2025,4.3352713178294575,5.9802325581395355,8
2021ZAJD03,Teodor Zajder,66,129,2022,2026,2.6506976744186046,3.820542635658915,4
2010WANG07,Yinghao Wang (王鹰豪),64,128,2010,2024,4.6865625,6.292578125,14
2013GHOD01,Abhijeet Ghodgaonkar (अभिजीत घोडगावकर),75,128,2014,2026,5.990703125,7.941953125,12
2015VUJA01,David Vujasić,61,128,2015,2026,3.38265625,4.3575,11
2015CLEM03,Nox Clémenceau,101,128,2016,2026,7.9734375,10.467890625,10
2021GORE01,Kacper Górecki,81,128,2021,2026,4.348359375,5.77203125,5
2022PART02,Daniel Partridge,51,128,2022,2026,1.731328125,2.50203125,4
2010HUNT02,Aneurin Hunt,65,127,2012,2026,5.247165354330709,7.243937007874016,14
2011GRIT01,Oleg Gritsenko,100,127,2012,2025,9.63700787401575,13.138976377952757,13
2013ZIRN01,Jānis Zirnis,80,127,2013,2026,6.882440944881889,8.982913385826771,13
2015FUSH01,Firstian Fushada (符逢城),67,127,2016,2026,3.043700787401575,4.185433070866141,10
2016NOVO01,Gergely Novotni,62,127,2017,2026,3.6271653543307085,4.918582677165354,9
2018AMSB02,Stone Amsbaugh,66,127,2018,2026,4.5385039370078735,6.209370078740157,8
2021RAME01,Saisabari Ramesh,71,127,2022,2026,3.4711811023622046,4.729763779527558,4
2022PINE05,Cristhian Damián Fernández Pineda,63,127,2022,2026,3.87251968503937,5.4216535433070865,4
2009PLES01,Michał Pleskowicz,69,126,2009,2026,5.282301587301587,7.155396825396826,17
2016HART02,Sean Hartman,61,126,2016,2026,3.512777777777778,4.990396825396825,10
2015RAME02,Naren Ramesh,59,126,2015,2025,3.896984126984127,5.326349206349207,10
2021RAHN01,Nathan Rahn,57,126,2021,2026,2.6795238095238094,3.7496825396825395,5
2014BEGU01,Elian Beguec,61,125,2015,2026,3.28432,4.389279999999999,11
2015CHER07,Tommy Cherry,58,125,2015,2025,2.86576,4.14744,10
2016DROB01,Jakub Drobný,52,125,2016,2026,2.59448,3.48608,10
2016HARA02,Knut Skaug Haraldsen,59,125,2017,2026,4.68792,6.4956000000000005,9
2015GUNN01,Jakob Gunnarsson,52,125,2015,2024,3.2832,4.518560000000001,9
2018ABLA01,Ahmet Çınar Ablak,69,125,2018,2026,3.4867199999999996,4.618,8
2015MLOS01,Michał Mlostek,56,125,2015,2023,3.36568,4.462560000000001,8
2019SCHW06,Adam Schwenn,60,125,2019,2026,3.628,5.25752,7
2020SPIR01,Maciej Spirydowicz,75,125,2020,2026,4.348319999999999,6.15808,6
2021LOPE03,Diego Alejandro Camelo López,66,125,2021,2026,5.2614399999999995,7.06088,5
2022NAGA02,Yuki Nagai,59,125,2022,2026,2.55784,3.56096,4
2011STAC01,Marcin Stachura,71,124,2011,2025,6.378790322580645,7.95483870967742,14
2012NICO02,Alessandro Nicolì,64,124,2013,2026,3.8762903225806453,5.091935483870968,13
2015MOHA10,Varun Mohanraj,64,124,2016,2025,3.2920967741935487,4.526129032258065,9
2018BRUU01,Jacob Oliver Bruun,60,124,2018,2026,5.176290322580646,7.286693548387096,8
2020TOMA01,Fabian Tomasović,70,124,2020,2026,5.028306451612903,7.056209677419355,6
2022SZUB01,Oliwier Szubert,83,124,2022,2026,4.54741935483871,6.550080645161291,4
2011BILC01,Ihor Bilchenko (Ігор Більченко),61,123,2011,2023,5.719430894308943,7.468536585365854,12
2015RISC01,Àlex Domingo Risco,61,123,2016,2026,4.637317073170731,6.473089430894309,10
2016KOTW01,Mateusz Kotwica,54,123,2016,2025,3.2704065040650407,4.520406504065041,9
2018MURR03,Jasper Murray,47,123,2018,2026,1.7548780487804878,2.363089430894309,8
2023HULT01,Dante Tellechea Hultmark,83,123,2023,2026,4.633252032520325,6.448943089430895,3
2010KRYU01,Dmitry Kryuzban,59,122,2010,2025,3.25344262295082,4.228524590163935,15
2017BRZA01,Szymon Brzana,69,122,2017,2026,3.8881967213114756,5.185901639344262,9
2016KIAC01,Bence Kiácz,64,122,2017,2026,4.47155737704918,5.959590163934426,9
2017MRUD01,Sai Mrudhun (சாய் மிருதுன்),59,122,2017,2026,3.4301639344262296,4.6245901639344265,9
2017WADE01,Liam Wadek,59,122,2017,2026,4.1041803278688525,5.893688524590163,9
2019EKLU01,Samuel Eklund-Hanna,79,122,2020,2026,4.247131147540983,5.8414754098360655,6
2012BERG04,Nathaniel Berg,60,122,2013,2019,4.399180327868853,5.860901639344262,6
2022TUCK09,Clem Tucker,61,122,2022,2026,2.2062295081967216,3.1576229508196723,4
2017NETO02,Sofía Guerrero Neto,81,121,2017,2025,7.347603305785124,10.234380165289256,8
2019MAGU04,Jose Antonio Cuipal Maguiña,62,121,2019,2026,3.2131404958677687,4.330826446280992,7
2012GAOK01,Kaiyang Gao (高凯阳),62,120,2013,2026,4.388583333333333,5.618083333333333,13
2014ABRA01,Arkadiusz Abramowski,93,120,2014,2026,6.9585,8.517333333333333,12
2016HUNG08,Lim Hung (林弘),89,120,2016,2026,5.352,7.5015833333333335,10
2016PHUN02,Lauren Phung,77,120,2017,2026,4.698583333333334,5.964916666666666,9
2016EVAN06,Daniel Evans,68,120,2017,2026,5.92175,7.65425,9
2017BENN09,Mark Bennis,62,120,2017,2026,2.8060833333333335,3.9410000000000003,9
2018MART75,David Rendón Martínez,62,120,2018,2026,5.181666666666667,7.266,8
2021PIET01,Tomasz Pietruszka,57,120,2021,2026,2.527083333333333,3.72975,5
2005LUCZ01,Grzegorz Łuczyna,87,119,2005,2026,6.480588235294118,7.868823529411765,21
2010BECK01,Karina Grandjean Beck,66,119,2010,2026,4.909999999999999,6.766890756302521,16
2014KOUL01,Sukant Koul,63,119,2014,2026,5.105798319327731,7.0182352941176465,12
2015LARS04,Kim Roger Haraldsen,47,119,2015,2025,4.076974789915966,5.635378151260504,10
2017BYRN01,Magnus Søndergaard Byrne,60,119,2017,2026,3.3415126050420167,4.559747899159664,9
2010WUYU02,Yulun Wu (吴宇伦),49,119,2010,2019,2.8294957983193276,3.8684033613445377,9
2018GRAH05,Kate Grahame,64,119,2018,2026,3.891764705882353,5.253781512605042,8
2019PASQ01,Mattia Pasquini,80,119,2019,2026,5.502857142857144,7.80327731092437,7
2014CHEN08,Boxi Chen (陈博希),53,119,2014,2019,3.3914285714285715,4.519243697478991,5
2022MUNT02,Eskil Munthe,59,119,2022,2026,3.5051260504201682,4.992857142857143,4
2022ALAN02,Leo Alanen,48,119,2022,2026,3.816890756302521,5.265798319327731,4
2023BELT07,Manuel Francisco Beltrán,57,119,2023,2026,2.802016806722689,3.8657983193277308,3
2014STIN01,Jared Stinson,65,118,2015,2026,4.362627118644068,6.296525423728814,11
2014MAUR06,Lorenzo Mauro,59,118,2015,2026,2.7461016949152546,3.8195762711864405,11
2017DUMM01,Matteo Dummar,74,118,2017,2026,4.73271186440678,6.2888983050847465,9
2016HARL01,Jason Harley,52,118,2017,2026,2.5869491525423727,3.514830508474576,9
2017TIMM01,Ben Timmons,61,118,2019,2026,4.774491525423729,6.817966101694915,7
2019MARE07,Sula Mareska,61,118,2019,2026,4.112627118644068,5.5366949152542375,7
2019RAMO05,Dwyane Ramos,46,118,2019,2026,2.7941525423728812,3.9863559322033897,7
2022MATY02,Konrad Matyszek,64,118,2022,2026,3.199406779661017,4.418983050847458,4
2023RODR80,Axel Juan Pablo Moreno Rodriguez,60,118,2023,2026,3.8298305084745765,5.226864406779661,3
2011FRES01,Linus Frész,69,117,2011,2023,6.686068376068376,9.557863247863247,12
2015TERR01,Fabricio Andrés Yañez Terrazas,70,117,2015,2026,5.562222222222222,7.535470085470085,11
2014STAR05,Charlie Stark,68,117,2014,2023,5.463760683760683,8.003333333333334,9
2023LANG03,Alex Rosado Saez de Langarica,54,117,2023,2026,3.851794871794872,5.316068376068376,3
2023LAEE01,Eetu Lae,45,117,2023,2026,4.024700854700854,5.511452991452992,3
2014WILD03,Damian Wilding,64,116,2014,2026,4.838534482758621,6.203275862068966,12
2018HORD01,Vladyslav Hordiienko,56,116,2018,2026,2.878103448275862,4.056637931034483,8
2009ZEMD01,Feliks Zemdegs,60,115,2009,2026,4.3687826086956525,6.125391304347826,17
2012KRIS04,Velidi Venkata Jagan Mohana Murali Krishna,66,115,2012,2026,7.2567826086956515,9.79904347826087,14
2012MICK01,Willi Mickein,52,115,2012,2026,3.3548695652173914,4.599913043478261,14
2012MADA01,Vivek Prasad Mada,69,115,2012,2025,6.459391304347826,9.055652173913044,13
2013GOOD01,Daniel Goodman,59,115,2013,2026,2.4685217391304346,3.275913043478261,13
2014GRIG01,Stephen Griggs,86,115,2014,2026,5.910608695652174,8.069478260869566,12
2013FRAI01,Diego Fraile,59,115,2014,2026,3.365391304347826,4.408434782608696,12
2015CECC01,Vicenzo Guerino Cecchini,55,115,2015,2024,3.39504347826087,4.748608695652174,9
2017VASQ11,Juan David Carmona Vásquez,52,115,2017,2026,3.0198260869565217,3.9643478260869562,9
2018FOST03,Ashley Foster,44,115,2018,2026,2.5961739130434784,3.6127826086956523,8
2019CHAU12,Zayd Chaudhry,52,115,2019,2026,3.104086956521739,4.435478260869565,7
2021MALI02,Ignacy Malinowski,73,115,2022,2026,4.072260869565217,5.9454782608695655,4
2023FLOD01,Erland Flodman,75,115,2023,2026,3.1416521739130436,4.490956521739131,3
2023AJAN01,Imaad Sohel Ajani,53,115,2023,2026,2.071478260869565,2.9763478260869562,3
2009HILD01,James Hildreth,97,114,2010,2025,6.985175438596491,10.08877192982456,15
2010OMUL01,Jernej Omulec,89,114,2011,2026,7.265701754385964,9.695,15
2010UTOM01,Vincent Hartanto Utomo,65,114,2011,2026,3.404561403508772,4.535526315789474,15
2012MCNE01,Jayden McNeill,62,114,2012,2026,4.078421052631579,5.488333333333333,14
2011MAAS01,Alex Maass,59,114,2012,2026,3.048859649122807,4.13140350877193,14
2018STOK01,Ben Stokes,56,114,2018,2026,3.9755263157894736,5.492719298245614,8
2018HAMK01,Jakub Hamkało,80,114,2018,2024,5.54719298245614,7.656754385964913,6
2022HUBE02,Emil Henry Huber,43,114,2022,2026,2.0538596491228067,2.870263157894737,4
2012MAIA01,João Guilherme Barejan Maiale,55,113,2012,2023,3.7068141592920356,5.1470796460176995,11
2017MILL04,Zachary Miller,72,113,2017,2026,5.234513274336283,7.0427433628318585,9
2012POHL01,Andreas Pohl,66,113,2012,2020,8.220176991150442,10.694955752212389,8
2018DREI02,Roberts Dreijers,56,113,2018,2026,4.0958407079646015,5.719646017699115,8
2023HAMI08,Jack Hamilton,56,113,2023,2026,3.5922123893805313,5.023893805309735,3
2014NIET03,Oscar Nieto,59,112,2014,2025,5.578125,7.515982142857142,11
2016SINN01,Eleanor Sinnott,68,112,2016,2026,6.570892857142858,9.263482142857143,10
2015ROSE01,Daniel Rose-Levine,57,112,2015,2024,3.9920535714285714,5.517589285714286,9
2016WETZ01,Leonard Wetzel,51,112,2017,2026,3.9564285714285714,5.262142857142857,9
2017HERN11,Joaquin Ruenes Hernández,47,112,2017,2026,2.267678571428571,3.068035714285714,9
2018EYOU02,Elyas Eyou,42,112,2018,2026,1.8295535714285713,2.602232142857143,8
2018MACK04,Shaun Mack,55,112,2019,2026,2.315892857142857,3.3504464285714284,7
2013ANIR01,Hari Anirudh,53,112,2014,2020,4.887232142857143,6.8774999999999995,6
2012WOLN01,Jakub Wolniewicz,47,112,2012,2018,3.602410714285714,4.711875,6
2014NOWI01,Sebastian Nowicki,81,112,2021,2026,5.203839285714286,7.140982142857142,5
2022CHAI02,Curtis Chai,58,112,2022,2026,2.485982142857143,3.5254464285714286,4
2023SUAR08,Dereck Samuel Marin Suarez,54,112,2023,2026,3.8614285714285717,5.595357142857142,3
2013SAVA01,Harry Savage,51,111,2014,2026,2.8896396396396398,4.203063063063063,12
2014GARB01,Zachary Garber,106,111,2015,2026,9.121711711711711,13.218648648648648,11
2015FONS02,Federico da Fonseca,63,111,2015,2026,3.333963963963964,4.534414414414415,11
2014PRID01,Ethan Pride,73,111,2014,2024,6.621711711711711,8.6609009009009,10
2019SMIT36,Amy Smith,52,111,2019,2026,3.685045045045045,5.105315315315316,7
2021JOKE01,Teemu Jokela,58,111,2022,2026,7.176306306306307,9.316306306306306,4
2010ESTU01,Rémi Esturoune,69,110,2010,2025,5.28890909090909,7.252909090909092,15
2015NILS02,Simon Nilsson,45,110,2015,2026,3.3654545454545453,4.673181818181818,11
2015WIDD01,Owen Widdis,65,110,2015,2025,4.251727272727273,5.94609090909091,10
2016BUCK01,Linus Buck,55,110,2016,2026,3.056,4.006909090909091,10
2015KUND04,Vojtěch Kundera,49,110,2015,2025,4.160272727272727,5.574454545454546,10
2021YEXA01,Xavier Ye,57,110,2022,2026,2.7246363636363635,3.749909090909091,4
2022KOPE01,Atilla Kopecky,47,110,2022,2026,4.049636363636363,5.5979090909090905,4
2008MORE01,Marcos Ameijeiras Moreno,91,109,2008,2026,8.091100917431191,10.839633027522936,18
2011BERG02,Anders Berggren,76,109,2012,2026,6.928990825688073,10.002477064220184,14
2011LIUR02,Rui-Jun Liu (劉睿鈞),69,109,2013,2026,5.114311926605505,6.7890825688073395,13
2012TRZA01,Piotr Trząski,67,109,2012,2025,5.536880733944954,7.17954128440367,13
2013LOYK01,Nikita Loika,62,109,2014,2026,5.217431192660551,7.1193577981651375,12
2014SRIV05,Somya Srivastava,99,109,2015,2026,12.029633027522936,15.441284403669725,11
2015MEDE01,Felipe Medel,59,109,2015,2026,4.113302752293579,5.669357798165138,11
2014DHAN01,Chetan Roger Dhanjal,46,109,2014,2025,4.904954128440367,6.6039449541284405,11
2007CINO01,Rafael Werneck Cinoto,66,109,2009,2017,7.91651376146789,10.677339449541284,8
2018BURG03,Edward Burgess,45,109,2018,2026,2.0223853211009173,2.8307339449541287,8
2021MAJC01,Jakub Majchrzak,47,109,2021,2026,1.8402752293577982,2.4341284403669725,5
2017LLAN01,Juan Sebastian Mendez Llanos,61,109,2022,2026,5.625412844036697,7.627706422018348,4
2022CIEP01,Szymon Ciepiela,58,109,2022,2026,3.155045871559633,4.560366972477064,4
2022SALA09,Aarni Salakari,45,109,2022,2026,4.280917431192661,5.802660550458715,4
2023NESI01,David Nesiba,54,109,2023,2026,3.80697247706422,5.367522935779817,3
2023GUOK01,Kaixi Guo (郭铠希),47,109,2023,2026,1.8171559633027523,2.4927522935779813,3
2011HUNG02,Shao-Heng Hung (洪紹恆),50,108,2011,2025,4.110648148148148,5.5468518518518515,14
2013HANU01,Hubert Hanusiak,74,108,2013,2026,5.03287037037037,6.711018518518518,13
2016OCHS01,Zachary Ochs,49,108,2016,2025,2.6417592592592594,3.8912037037037037,9
2012TERE01,Ilya Tsiareshka,92,108,2013,2021,10.764814814814814,13.788425925925926,8
2017GOLU01,Theo Goluboff,60,108,2017,2025,3.490648148148148,4.742037037037037,8
2012KRIS11,Michael Kristel,58,108,2012,2018,7.2149074074074075,9.550277777777778,6
2007POLI01,Lorenzo Vigani Poli,71,107,2009,2025,8.088411214953272,10.829252336448599,16
2014HOWL02,Tyler Howlett,55,107,2014,2024,2.921308411214953,4.0650467289719625,10
2017CATA04,Ricardo Olea Catalán,63,107,2017,2026,6.3805607476635515,8.906822429906542,9
2016SIMK01,Samuel Simko,53,107,2016,2025,2.6338317757009344,3.5881308411214956,9
2017KUNA01,Linus Kunath,59,107,2018,2026,3.935327102803738,5.856168224299066,8
2021MARI04,Paolo Marino,58,107,2021,2026,3.199252336448598,4.425233644859813,5
2021SOKO03,Roman Sokolovskyi,54,107,2021,2026,4.156448598130841,5.717383177570094,5
2023ROMA10,Adam Romanowski,48,107,2023,2026,2.162803738317757,2.9406542056074763,3
2009ZHEN11,Ming Zheng (郑鸣),98,106,2009,2026,9.467075471698113,12.847924528301888,17
2010GARC02,Carlos Méndez García-Barroso,58,106,2010,2024,4.66,6.559905660377359,14
2013CONA01,Michael Conard,72,106,2013,2026,7.150471698113208,9.85443396226415,13
2014GLYR01,Victor Valentin Glyrskov,59,106,2014,2026,3.243584905660377,4.717735849056604,12
2014JAYE01,Eli Jay,51,106,2014,2026,3.884622641509434,5.414905660377359,12
2007PERG01,Olivér Perge,78,106,2009,2018,7.638867924528302,10.006037735849057,9
2016TYRA02,Mikołaj Tyra,61,106,2016,2025,4.069716981132076,5.552735849056604,9
2018AUBR01,Étienne Aubry,81,106,2018,2026,6.555754716981132,8.686037735849057,8
2018CARR07,Sebastian Carrillo,51,106,2018,2026,3.1621698113207546,4.4602830188679246,8
2019STOU02,Ivo Stoutjesdijk,55,106,2019,2026,3.4680188679245285,4.972358490566038,7
2020REJD01,Gabriel Rejdych,69,106,2020,2025,4.398207547169811,6.0649999999999995,5
2023PAST01,Alexander Pastirčák,48,106,2023,2026,2.9117924528301886,4.082075471698113,3
2015NJAM01,Magne Njå,42,105,2015,2026,4.3102857142857145,5.970285714285715,11
2009TISS01,Lina Tissier,80,105,2013,2023,7.8020000000000005,10.023142857142858,10
2017CUZI01,Trenton Cuzick,68,105,2017,2026,6.674190476190476,8.741333333333333,9
2016KAMA04,AJ Kamal,54,105,2016,2025,3.4332380952380954,4.617523809523809,9
2017DAND01,Pranav Dandgaval,52,105,2017,2026,3.9684761904761903,5.460857142857143,9
2017CAST41,Raymos Castillo,54,105,2018,2026,3.9411428571428573,5.436761904761905,8
2019VUJC01,Alexander Vujcich,40,105,2019,2026,2.9213333333333336,4.152761904761905,7
2019SHER10,Ezra Shere,43,105,2019,2025,1.7553333333333334,2.44152380952381,6
2022STOU01,Rowan Stough,49,105,2022,2026,3.401333333333333,4.8022857142857145,4
2010RAHM02,Cendy Cahyo Rahmat,94,104,2010,2026,8.219423076923077,11.598942307692308,16
2009KONV01,Asia Konvittayayotin (เอเชีย กรวิทยโยธิน),68,104,2010,2026,4.740384615384615,6.643942307692308,16
2016GAMM01,Vincenzo Maria Gammino,79,104,2016,2026,8.076153846153845,10.680673076923076,10
2016THAK01,Ram Thakkar (राम ठक्कर),56,104,2016,2026,5.447884615384615,7.327596153846154,10
2017DIKY01,Yinte Dik,65,104,2017,2026,7.182596153846154,9.660384615384615,9
2018WROT01,Brayden Wroten,47,104,2018,2026,3.0709615384615385,4.260480769230769,8
2022CLIN01,Kian Cline,51,104,2022,2026,3.4548076923076922,4.980192307692308,4
2012KALH01,Simon Kalhofer,59,103,2012,2025,6.0795145631067955,8.014563106796116,13
2013BROW04,Evan Brown,59,103,2014,2026,4.9491262135922325,6.83126213592233,12
2008CLEM01,Kit Clement,77,103,2013,2024,7.120582524271844,9.396699029126214,11
2015WAKE01,Ben Wakelin,65,103,2015,2026,5.207961165048543,7.203009708737864,11
2015CHAK01,Snehashish Chakravarti,46,103,2015,2026,3.566116504854369,4.971747572815534,11
2016ZENK01,Viktor Zenk,79,103,2016,2026,8.826504854368933,11.540582524271846,10
2016BRAV03,Cristóbal Opazo Bravo,53,103,2016,2026,3.775242718446602,4.991844660194174,10
2016GALA04,Andrés Rodríguez Galán,42,103,2016,2026,2.365242718446602,2.7250485436893204,10
2017KLEI02,Luis Kleinheinz,63,103,2017,2026,5.8419417475728155,8.161359223300972,9
2016BELE02,Jensen Belen-Brown,46,103,2017,2026,3.156019417475728,4.361165048543689,9
2017NAJA02,Oscar Sánchez Najarro,64,103,2017,2025,6.203689320388349,8.770873786407767,8
2011MOLL01,James Molloy,74,103,2012,2019,7.643106796116505,10.798252427184467,7
2021LEBK01,Bartosz Łebkowski,74,103,2021,2026,4.86873786407767,6.51883495145631,5
2022CHIA12,Ismaele Chiarella,52,103,2022,2026,2.1657281553398056,3.042815533980583,4
2012CAPA01,Mihai Căpăţinescu,80,102,2012,2024,8.558725490196078,11.910882352941178,12
2015HENN02,Mary Hennessy,69,102,2015,2026,7.860882352941177,10.460490196078432,11
2016WOOD01,Nolan Wood,48,102,2016,2026,2.9483333333333337,4.094705882352941,10
2015ALAN02,Minea Alanen,51,102,2015,2024,4.406078431372549,5.805196078431372,9
2018GIBS04,Levi Gibson,57,102,2018,2026,3.6494117647058824,5.042941176470588,8
2019NOBI01,Jacob Nobili,55,102,2019,2026,4.002254901960785,5.4259803921568635,7
2022OZSV04,Rex Ozsvath,61,102,2022,2026,4.6883333333333335,6.29421568627451,4
2023MIKI01,Gregor Mikic,55,102,2023,2026,5.0346078431372545,7.019607843137255,3
2003VAND01,Lars Vandenbergh,82,101,2006,2026,10.103564356435644,12.192277227722773,20
2015ROBI04,Tyler Robinson,49,101,2016,2026,4.383069306930693,5.8999999999999995,10
2017WONG01,Brenton Angelo Lo Wong,73,101,2018,2026,4.4058415841584155,6.139504950495049,8
2018BOND03,Pavlo Bondar (Павло Бондар),46,101,2018,2025,3.337920792079208,4.693564356435644,7
2013LIZO01,Zongyang Li (李宗阳),56,101,2013,2019,5.175940594059406,6.933564356435643,6
2011KOWO01,Paweł Kowol,44,101,2011,2017,4.329108910891089,5.647524752475247,6
2022GALA03,Satya Bhavesh Gala,46,101,2022,2026,3.12990099009901,4.142871287128713,4
2022SAMS03,Ignacy Samselski,45,101,2022,2026,2.3617821782178217,3.3108910891089107,4
2008VIRO01,Philippe Virouleau,62,100,2009,2025,6.0982,8.4818,16
2012SZEL01,Tommy Szeliga,85,100,2012,2025,6.825399999999999,8.753,13
2013MACI01,Adrián Martínez Macías,53,100,2013,2024,5.687200000000001,7.4699,11
2016POUS01,Fanny Pousset,63,100,2016,2026,5.376,7.0626,10
2015BELO02,Pedro Henrique Maciel Ceccopieri Belo (陈昊然),62,100,2016,2026,5.7861,7.8948,10
2017JABL01,Maciej Jabłoński,46,100,2017,2026,2.7254,3.4156,9
2018GONZ09,Lorenzo Gonzalez,61,100,2018,2025,7.516900000000001,9.4708,7
2019PHEL01,Elijah Rain Phelps,49,100,2019,2026,2.6204,3.6187,7
2019MEAD03,Kyle Meade,47,100,2019,2026,1.8722,2.5745999999999998,7
2020BORG01,Kasper Warberg Borg,60,100,2020,2026,5.8086,7.441599999999999,6
2021DING02,Ziqi Ding,40,100,2021,2026,2.0859,3.0425,5
2022DOMI02,Blanca Hidalgo Domingo,47,100,2022,2026,4.1358,5.619800000000001,4
2022FORS06,Bo Forsell,37,100,2022,2026,2.3909000000000002,3.2903,4
2010KADD01,Abdelhak Kaddour,71,99,2010,2026,6.823636363636363,8.946868686868687,16
2011KUMA01,Akula Pavan Kumar,68,99,2011,2026,8.806161616161615,12.066363636363636,15
2008TAIC01,Chia-Liang Tai (戴嘉良),46,99,2011,2024,3.50030303030303,4.775454545454545,13
2016IRIZ02,Ant Irizarry,81,99,2016,2026,8.414545454545454,11.792828282828284,10
2011CAOS01,Sheng Cao (曹晟),45,99,2014,2024,3.8195959595959597,5.102828282828283,10
2018PELE01,Gijs Peletier,53,99,2018,2026,3.4608080808080808,4.788686868686868,8
2010BRAD01,Drew Brads,45,98,2010,2025,2.1894897959183672,3.170714285714286,15
2012LAHL01,Fabian Löhle,54,98,2012,2025,5.809489795918368,7.915204081632654,13
2010MATT02,Kevin Matthews,75,98,2014,2026,7.071020408163266,9.395510204081633,12
2016DIET01,Amélie Dieterich,62,98,2016,2026,6.086938775510204,8.318673469387756,10
2014CAIL01,Lincheng Cai (蔡林成),53,98,2014,2024,4.609081632653061,6.171224489795918,10
2015GROH02,Matěj Grohmann,52,98,2016,2026,4.339693877551021,6.127551020408164,10
2017NORR01,Timo Norrkniivilä,42,98,2017,2026,3.663775510204082,4.862551020408164,9
2016LAUR01,Linus Laurén,36,98,2016,2024,3.4282653061224493,4.686530612244898,8
2019SART01,Daniel Sartori,54,98,2019,2026,3.431122448979592,4.518061224489796,7
2022CHIA11,Giosuele Chiarella,52,98,2022,2026,2.969795918367347,4.210816326530613,4
2024COLO04,Matteo Rodríguez Colorado,53,98,2024,2026,5.5561224489795915,7.639897959183674,2
2010SYAH03,Muhammad Syahmi,60,97,2010,2026,3.5620618556701027,4.792061855670103,16
2009PARE02,Luis J. Iáñez,59,97,2010,2022,5.213505154639175,6.757319587628866,12
2007YUNQ01,Yunqi Ouyang (欧阳韵奇),54,97,2009,2021,5.234123711340206,6.890103092783505,12
2016EPST02,David Epstein,49,97,2016,2026,4.168762886597938,5.472268041237113,10
2016GARC47,Miguel Ángel González-Herrero García,47,97,2016,2026,4.124123711340206,5.903298969072165,10
2013DIPI01,Guido Dipietro,57,97,2017,2026,4.798041237113401,6.487319587628866,9
2010KUNC01,Krzysztof Kuncki,49,97,2010,2018,5.878762886597938,7.05680412371134,8
2019MCFE01,Emery McFeeter,65,97,2019,2026,6.600618556701031,9.23917525773196,7
2018SAND22,Einar Martin Sandvik,51,97,2022,2026,6.556494845360825,8.991030927835052,4
2022JAME01,Blue James,49,97,2022,2026,3.2187628865979376,4.36979381443299,4
2022GOWM02,Mark Gowman,48,97,2022,2026,2.748556701030928,3.82659793814433,4
2023JAKO04,Jakub Jakoubek,44,97,2023,2026,3.455567010309278,4.810824742268041,3
2023KREJ01,Matyáš Krejcárek,41,97,2023,2026,2.6284536082474226,3.543298969072165,3
2008YOUN02,Michael Young,71,96,2009,2026,6.025729166666667,8.299166666666666,17
2008DONG06,Baiqiang Dong (董百强),87,96,2010,2025,9.3325,13.228229166666667,15
2011TRON01,Fredrik Abildgaard Trondhjem,76,96,2011,2024,9.292291666666667,12.461666666666666,13
2015MYER02,Isaac Myers,59,96,2015,2026,5.119791666666667,7.314687500000001,11
2014STRA03,Felix Strasser,44,96,2015,2025,3.716875,4.998854166666667,10
2017TEIC01,Cyril Teichmann,47,96,2017,2026,3.9448958333333333,5.564791666666667,9
2014SONG08,Zian Song (宋子安),43,96,2015,2024,3.6879166666666667,4.972083333333333,9
2018WILS10,Keon Wilson,43,96,2018,2026,2.088645833333333,2.859583333333333,8
2019LOND02,Andres Felipe Rodríguez Londoño,53,96,2019,2026,6.085520833333334,7.963229166666667,7
2022GOWM01,Gabriel Gowman,50,96,2022,2026,2.877708333333333,3.9135416666666667,4
2023BRYS01,Lucy Grace Bryson,55,96,2023,2026,4.5596875,6.086041666666667,3
2014VIKS01,Olli Vikstedt,56,95,2014,2026,6.754421052631579,9.022,12
2015STEV03,Ethan Stevens,40,95,2015,2026,2.8513684210526313,3.8844210526315788,11
2012REYE04,Niño Francis S. Reyes,89,95,2016,2026,8.621052631578948,11.80421052631579,10
2016VINC01,Marie Vincent,55,95,2016,2026,5.303368421052632,7.133473684210526,10
2016GONG02,Andy Gong,41,95,2016,2026,3.684526315789473,4.939894736842105,10
2017GAET01,José Antonio Gaete Rozas-Peña,50,95,2017,2026,4.05978947368421,5.178105263157895,9
2017KIMM01,Asher Kim-Magierek,49,95,2017,2026,3.569684210526316,4.973052631578947,9
2017HUGH04,Lennon Hughes,46,95,2017,2026,4.52821052631579,6.083052631578947,9
2016CAST48,Timothy Castle,51,95,2017,2025,3.8212631578947365,5.271578947368421,8
2017ARIA04,Junior Alfredo Arias,51,95,2017,2025,5.2950526315789475,7.245368421052632,8
2018ARNE04,Davide Arnesano,46,95,2018,2026,2.289473684210526,3.1765263157894736,8
2016POLA01,Kyle Polage,45,95,2016,2024,3.116736842105263,4.290105263157895,8
2019CARE02,William Carey,46,95,2019,2026,3.678421052631579,5.186105263157895,7
2018OVER04,Carl Overbye,40,95,2019,2026,2.557578947368421,3.5489473684210524,7
2021SALE01,Sofia Saletnich,49,95,2021,2026,3.1617894736842107,4.309052631578948,5
2022STON09,Sebastian Stone,48,95,2022,2026,2.8573684210526316,4.237368421052632,4
2022BARN21,August Barnard,46,95,2022,2026,3.331894736842105,4.874,4
2010STAS01,Vasily Stasyev,59,94,2010,2022,6.5380851063829795,8.841382978723404,12
2013BARK01,Justin Barker,55,94,2014,2026,5.094042553191489,6.798404255319149,12
2014PAST03,Daniel Ortega Pastor,51,94,2014,2025,5.1410638297872335,7.476595744680851,11
2015ZHUA01,Glen Goh Wee Zhuan (吴洧全),94,94,2017,2026,12.307978723404256,15.353297872340425,9
2017DURE01,Ryan Durette,67,94,2017,2026,5.329042553191489,7.085425531914893,9
2016VOSO01,Olivier Vos,60,94,2016,2025,5.867553191489361,7.8331914893617025,9
2017BARU01,Zach Baruch,65,94,2018,2026,6.451595744680851,8.64255319148936,8
2017MARC22,Matej Marčok,51,94,2018,2026,3.920744680851064,5.443723404255319,8
2019GEAA01,Albert Garriga Gea,70,94,2019,2026,8.858617021276595,11.26840425531915,7
2019EYOU01,Levi Eyou,36,94,2019,2026,2.6977659574468085,3.5518085106382977,7
2021LABE01,Igor Łabędź,53,94,2022,2026,3.733404255319149,5.288617021276596,4
2023JAGT01,Dhruva Nikhil Jagtap,47,94,2023,2026,3.427127659574468,4.585212765957447,3
2022SUIJ01,Justin Sui,43,94,2022,2025,3.7440425531914894,4.985851063829787,3
2008ZAFR01,Michael Angelo Zafra,59,93,2009,2026,3.5670967741935486,4.929032258064516,17
2011GONZ04,Javier Gonzalez-Napoleoni,63,93,2011,2026,5.318494623655914,6.725268817204301,15
2010MOND01,Pablo Nicolás Oshiro Mondoñedo,60,93,2010,2025,5.936451612903226,8.160322580645161,15
2014LENI02,Konrad Leśniak,66,93,2014,2026,5.64763440860215,6.9527956989247315,12
2014KIPR01,Tommy Kiprillis,49,93,2014,2026,4.58247311827957,6.052795698924731,12
2013SAYP01,Pablo Say,46,93,2014,2026,5.605806451612904,7.326021505376344,12
2014KARN02,Daniel Karnaukh,54,93,2015,2026,4.020752688172043,5.736344086021505,11
2013DENN01,Andy Denney,50,93,2013,2024,4.277956989247312,5.678709677419355,11
2016ZATR01,Tomáš Zatroch,48,93,2016,2026,4.668064516129032,6.529999999999999,10
2015JETH01,Naman Jethani,42,93,2015,2025,2.9391397849462364,4.06989247311828,10
2016HOUN01,Joshua Hounslow,42,93,2016,2026,2.37,3.3875268817204303,10
2017MAZH04,Zhiyuan Ma (马之元),55,93,2017,2026,4.061075268817205,5.783978494623655,9
2018MACH04,Cezary Mach,56,93,2018,2026,4.0441935483870965,5.239569892473118,8
2019SOTT01,Andrew Sotto,48,93,2019,2026,4.185591397849462,5.809247311827957,7
2018CHAN05,Dylan Chan,43,93,2018,2025,2.2991397849462363,3.2916129032258064,7
2018MATY02,Adrien Auvray Matyn,39,93,2018,2025,3.1838709677419357,4.688924731182795,7
2019PILH01,Jonas Pilhöfer,44,93,2020,2026,3.5309677419354837,4.892043010752688,6
2020TAOR01,Richard Yiheng Tao,37,93,2020,2026,2.649462365591398,3.643333333333333,6
2021DAMM01,Jonathan Dammann,64,93,2021,2026,7.1113978494623655,9.578924731182797,5
2022YING02,Lim Jia Ying (林佳颖),41,93,2022,2026,2.3296774193548386,3.1608602150537632,4
2023BENN04,Jacob Bennett,39,93,2023,2026,2.395698924731183,3.505268817204301,3
2014TERE03,Ivan Terekh,46,92,2014,2026,3.8985869565217395,5.052065217391305,12
2014WENW01,Wong Chong Wen (黄崇文),60,92,2015,2026,4.5301086956521734,6.192608695652174,11
2015LULL01,Mohit Lulla,45,92,2015,2026,5.605434782608696,6.956521739130435,11
2016CARD06,Felipe Cardim,49,92,2016,2026,3.226086956521739,4.48,10
2016MORA24,Sean Moran,49,92,2016,2025,4.650760869565217,6.477065217391305,9
2017VILJ01,Jami Viljanen,36,92,2017,2026,3.7334782608695654,5.199456521739131,9
2018WIDJ01,Carson Widjaja,59,92,2018,2026,4.400652173913044,6.03445652173913,8
2018KEAR02,Caleb Kearney,56,92,2018,2026,4.653913043478261,6.452717391304348,8
2018PARI07,Parist Pariyakanok (พริษฐ์ ปริยกนก),43,92,2018,2026,2.602391304347826,3.6859782608695655,8
2014SEBA01,Juliette Sébastien,57,92,2014,2021,5.895217391304348,7.711956521739131,7
2020PALL01,Oliver Pällo,43,92,2020,2026,3.906630434782609,5.1080434782608695,6
2019KUCA01,Lisa Kucala,72,92,2021,2026,8.90532608695652,10.882282608695652,5
2012ZABR01,Ivan Zabrodin,45,92,2012,2017,6.061739130434782,8.138478260869565,5
2022GLAD01,Igor Gładysz,52,92,2022,2026,3.2936956521739127,4.688586956521739,4
2018SAMK01,Max Kwok U Sam (郭愉琛),48,92,2022,2026,4.509021739130435,6.498152173913044,4
2013FIDO01,Franciszek Fidos,77,91,2013,2026,8.632417582417581,9.264835164835166,13
2015LUND03,Einar Kvam Lundberg,42,91,2015,2025,5.910329670329671,7.933296703296703,10
2016HYTT01,Kari Hyttinen,36,91,2016,2026,5.046923076923076,7.101978021978022,10
2017FUHO01,Hongyuan Fu (傅泓源),60,91,2017,2026,4.724725274725275,6.5249450549450545,9
2017LARS03,Michael Larsen,57,91,2017,2026,4.507692307692308,6.408351648351648,9
2017WILL05,Tyler Williams,48,91,2017,2026,4.005274725274726,5.553406593406594,9
2018SLAV01,Nikita Slavinski,44,91,2018,2026,4.111428571428571,5.478461538461539,8
2017CHOI07,Kyeongmin Choi (최경민),42,91,2018,2026,2.9365934065934067,4.1450549450549445,8
2016MADD01,Jake Maddox,42,91,2019,2026,3.9645054945054943,5.327252747252747,7
2021PANE01,Eli Panetta,34,91,2021,2026,2.3775824175824174,3.487472527472528,5
2022STAD01,Tommy Stady,66,91,2022,2026,7.7506593406593405,10.934285714285714,4
2022ROGE05,Eli Rogers,49,91,2022,2026,3.5024175824175825,4.988901098901099,4
2010STOL01,Cameron Stollery,50,90,2010,2026,5.999666666666667,8.132333333333333,16
2010SABA01,Sergi Sabat,61,90,2010,2025,7.405666666666667,10.261888888888889,15
2012ICKL01,Finn Ickler,68,90,2012,2026,8.439222222222222,12.721222222222224,14
2012CALL01,Will Callan,57,90,2012,2026,5.058666666666666,6.807333333333333,14
2011MELI01,Artem Melikian (Артем Мелікян),45,90,2011,2024,5.167333333333334,6.614333333333333,13
2015GALI02,Luke Galioto,78,90,2015,2025,7.799777777777778,10.26811111111111,10
2016BOUR01,Noé Bourdon,52,90,2016,2026,5.041555555555556,6.8117777777777775,10
2014OHLE01,Simone Ohler,60,90,2014,2023,8.466777777777777,10.777555555555555,9
2017BLAC06,Ash Black,45,90,2017,2025,2.9762222222222223,4.107,8
2018ZEMT01,Maksim Zemtšihhin,45,90,2018,2026,4.701555555555555,6.211111111111111,8
2017KOLI01,Mohammed Aiman Koli,38,90,2017,2025,3.485777777777778,4.585333333333334,8
2022ESKE01,Niilo Eskelinen,39,90,2022,2026,4.927666666666667,6.934555555555556,4
2006OKAY01,Yohei Oka (岡要平),60,89,2006,2018,3.2231460674157306,4.149775280898877,12
2013BARC03,Wojciech Barciaga,57,89,2013,2024,5.701123595505618,7.67123595505618,11
2013CHAN09,Yu-Hsuan Chang (張祐瑄),61,89,2015,2025,6.258988764044943,8.530449438202247,10
2017BRYA06,Aedan Bryant,50,89,2017,2026,3.563258426966292,4.860674157303371,9
2017LEMB02,Mikus Lembergs,44,89,2017,2026,4.047640449438203,5.644831460674157,9
2018LAPE01,Gael Augusto Lapeyre,45,89,2018,2026,2.812584269662921,3.8679775280898876,8
2018ARGA01,Ibai Tobar Argaiz,43,89,2018,2026,5.4733707865168535,7.422584269662922,8
2018WARY01,Wiktoria Waryszak,77,89,2018,2024,7.566629213483146,9.502696629213483,6
2021FOST01,Jaxon Foster,48,89,2021,2026,4.476629213483147,6.02438202247191,5
2022OZSV03,Nico Ozsvath,52,89,2022,2026,4.841797752808989,6.765280898876405,4
2022HUGH04,Ryan Hughes,42,89,2022,2026,3.0677528089887645,4.394382022471911,4
2022HAVI03,Sigurd Volan Håvik,38,89,2022,2026,2.406179775280899,3.4107865168539324,4
2022KEDE01,Matouš Keder,33,89,2022,2026,1.7546067415730338,2.481123595505618,4
2023DARL03,Hubert Darłak,53,89,2023,2026,3.6933707865168537,5.0283146067415725,3
2023DOWL01,Lucas Patrick Dowling,43,89,2023,2026,3.12685393258427,4.678202247191011,3
2023ZAST01,Szymon Zastawny,40,89,2023,2026,2.5013483146067417,3.450449438202247,3
2012ZHAO05,Yihao Zhao (赵羿皓),41,88,2012,2026,3.8204545454545453,5.517272727272727,14
2012HAML01,Francisco Hamlin,49,88,2012,2024,5.202840909090909,7.015113636363637,12
2015SOLT03,Witold Sołtysik,49,88,2015,2025,4.079772727272727,5.020568181818182,10
2016PARK02,Eli Parker,46,88,2016,2026,3.9767045454545453,5.589545454545455,10
2016MOBE01,Marcus Moberg,36,88,2016,2026,3.411704545454546,4.774545454545454,10
2016HARP02,Nico Harper (李有為),57,88,2016,2025,4.418977272727273,6.14375,9
2017KLOS01,Willem Klose,56,88,2017,2026,5.074545454545454,7.003522727272728,9
2017WRIG03,Evan Wright,41,88,2017,2026,2.8625000000000003,4.186136363636364,9
2017PORT04,Daniel Porter,38,88,2017,2026,2.5977272727272727,3.7173863636363635,9
2009BOZS01,Hunor Bózsing,55,88,2010,2018,6.458522727272728,8.802159090909091,8
2022BRAG03,Szymon Brągiel,57,88,2022,2026,4.649318181818182,6.592954545454545,4
2022JOKE01,Ernesti Jokela,41,88,2022,2026,6.330909090909091,8.894204545454546,4
2022PHAN03,Nigel Phang,40,88,2022,2026,2.6602272727272727,3.978181818181818,4
2022PRIN08,Zian Principe,64,88,2023,2025,4.682840909090909,6.4064772727272725,2
2023ANDR25,Milan Vincent Andric,45,88,2024,2026,2.7610227272727275,3.663409090909091,2
2023LARR09,Aitor Ibañez Larrea,39,88,2024,2026,2.6354545454545457,3.7060227272727273,2
2008KLUN01,Vidar Norstein Klungre,54,87,2010,2025,8.132758620689655,10.77,15
2010HEIL02,Martin Heilig,81,87,2012,2026,12.39264367816092,17.074252873563218,14
2014MELL03,Gabriel Sargeiro Gomes de Mello,50,87,2014,2026,5.591839080459771,7.899195402298851,12
2012ORTI04,Jose Abanto Ortiz,43,87,2012,2024,4.439770114942529,5.978850574712643,12
2015DJAN01,Govend Avgerinos Djangoi,36,87,2015,2025,3.3925287356321836,4.526896551724137,10
2017BARR25,Juan Camilo González Barragán,50,87,2017,2026,6.912068965517242,9.243793103448276,9
2018LASS02,Silas Kampp Richter Lassen,54,87,2018,2026,6.058620689655172,8.132068965517242,8
2016LOPE44,Mauro Moisés Ortega López,48,87,2018,2026,4.867931034482758,7.535517241379311,8
2019KLEV01,Patrick Kleverlaan,65,87,2019,2026,7.310804597701149,9.797816091954022,7
2017CHEN36,Xinyun Chen (陈新运),49,87,2017,2024,4.69816091954023,6.594022988505746,7
2019MORG10,Danny Morgan,36,87,2019,2026,2.612298850574713,3.5678160919540227,7
2020MADD02,Jack Maddigan,46,87,2020,2026,5.610229885057471,7.392873563218392,6
2020FRAS02,Daniel Fraser,39,87,2020,2026,4.152068965517242,5.803563218390805,6
2021EYLE01,Henry Eyles,34,87,2021,2026,2.8764367816091956,3.96,5
2021RICH02,Reed W. Richardson,50,87,2022,2026,4.28471264367816,5.990459770114942,4
2024GABO02,Henryk Gabor,39,87,2024,2026,2.1703448275862067,3.0674712643678164,2
2013RAMI02,Adrián Ramírez,55,86,2013,2026,8.44872093023256,11.22593023255814,13
2015KANS01,Magnus Patrick Kanstrup,49,86,2015,2025,5.533720930232558,7.326976744186046,10
2016JONE04,Jode Brewster,43,86,2016,2026,3.377093023255814,4.649651162790698,10
2017CARI02,Ivan Keith Cariaga,60,86,2017,2026,4.24,5.607906976744187,9
2014BUEH01,Manuel Bühler,54,86,2014,2022,6.037558139534884,8.203139534883721,8
2018CAMP17,Bella Campbell,46,86,2018,2026,5.221395348837209,7.276279069767441,8
2018BASA03,Jose Basaes,45,86,2018,2026,3.7386046511627904,5.575348837209303,8
2018WANG39,Yibo Wang (王奕博),43,86,2018,2026,3.5340697674418604,4.898255813953488,8
2017VNKA01,Rūdolfs Vīnkalns,41,86,2017,2025,3.7017441860465117,4.967093023255814,8
2019DARK02,Keenan Darkins,57,86,2019,2026,6.239767441860465,8.351046511627906,7
2019KALL02,Herman Westerlund Kalland,38,86,2019,2026,3.051279069767442,4.1156976744186045,7
2014STRI01,Marko Striyeshyn,31,86,2014,2019,3.0151162790697676,3.9109302325581394,5
2022SZAB02,Ádám Szabó,47,86,2022,2026,4.464302325581396,5.78686046511628,4
2011MAHT02,Natthaphat Mahtani (ณัฐภัทร จี มาทานี),44,85,2011,2026,3.486,5.156470588235294,15
2011FYDR01,Mateusz Fydrych,52,85,2011,2024,5.9141176470588235,7.722823529411764,13
2013PAPA01,Ioannis Papadopoulos,84,85,2014,2026,13.432,19.610823529411764,12
2015TRAN07,Dan Tran,48,85,2016,2026,4.375411764705882,5.909529411764706,10
2015WOJC02,Michał Wojcieszek,45,85,2015,2025,4.730705882352941,5.497529411764706,10
2017KELL08,Simon Kelly,56,85,2017,2026,7.970352941176471,11.246705882352941,9
2016DURA09,Paweł Duraj,53,85,2017,2026,4.783294117647059,6.293882352941177,9
2016DORS01,Jan van Dorst,52,85,2016,2025,4.421294117647059,5.979529411764706,9
2017LUND06,Joel Lundström,46,85,2017,2026,4.314117647058824,6.163411764705883,9
2016PASK01,Aaron Paskow,45,85,2017,2026,2.8463529411764705,3.921411764705882,9
2017CORI01,Leonardo José Hilario Cori,41,85,2017,2026,2.947058823529412,4.0784705882352945,9
2017TOST01,Alexander Tosting,36,85,2017,2026,3.9991764705882353,5.371529411764706,9
2018SKOO01,Theo Skoog,38,85,2018,2026,2.9031764705882352,4.056235294117647,8
2019KARP03,Bartosz Karpiński,64,85,2019,2026,5.268823529411765,7.458941176470588,7
2018LOCA01,Valerio Locatelli,48,85,2019,2026,3.9568235294117646,5.389058823529412,7
2019RIED01,Jan Riedl,39,85,2019,2026,4.114117647058824,5.395882352941176,7
2016SILV07,Joonas Silvennoinen,36,85,2016,2023,5.18,7.274117647058823,7
2021FINK02,Ronan Finke,42,85,2021,2026,4.029176470588236,5.917999999999999,5
2022FURE01,CJ Furey,42,85,2022,2026,3.2803529411764702,4.703529411764706,4
2010HUYN02,Duc Huynh,41,85,2022,2026,2.348705882352941,3.2014117647058824,4
2010PULC01,Ernie Pulchny,65,84,2010,2026,6.2196428571428575,8.246071428571428,16
2006LINC01,Chia-Leo Lin (林珈樂),73,84,2013,2026,8.396309523809524,12.462499999999999,13
2014BART06,Jakub Bartos,56,84,2014,2026,5.315595238095238,6.79702380952381,12
2015ROME03,Alberto Romero,61,84,2015,2026,8.154880952380953,10.721428571428572,11
2015LEON02,Ivan Li Ka Leong (李嘉亮),49,84,2015,2025,4.445,6.0755952380952385,10
2015DEEJ02,Justin Andrew Dee,50,84,2015,2024,3.6666666666666665,5.010238095238096,9
2017NYLE01,Alvar Nylén,40,84,2017,2026,4.151428571428572,5.7003571428571425,9
2017MALO02,Elias Malomgré,62,84,2017,2025,5.420238095238095,7.233809523809524,8
2018CREE01,Kerry Creech,36,84,2018,2026,2.0508333333333333,2.851309523809524,8
2018MCAR01,Callum McArthur-Mortell,31,84,2018,2025,3.408214285714286,4.8725000000000005,7
2021BUTE03,Alex Butera,46,84,2021,2026,5.6119047619047615,7.713809523809524,5
2021SCHE03,Bosse Schelander,43,84,2021,2026,4.137261904761904,5.637023809523809,5
2021LUIZ01,Jhersson Cabezas Luizaga,42,84,2022,2026,3.7653571428571433,4.996309523809524,4
2023BMOH01,Mohith B (ಮೋಹಿತ್ ಬಿ),41,84,2023,2026,3.1303571428571426,4.357380952380952,3
2015HUAN32,Yuxuan Huang (黄宇轩),43,83,2015,2026,4.2297590361445785,5.709879518072289,11
2015SIAN01,Dylan Seah Tze Siang (谢智翔),42,83,2015,2026,2.9497590361445787,4.280602409638554,11
2017CHAN44,Vincent Chan,51,83,2017,2026,4.815421686746988,6.705301204819277,9
2016MART91,Diego Serrano Martínez,48,83,2017,2026,6.129879518072289,8.738795180722892,9
2017AKHU02,Mykhailo Akhunov (Михайло Ахунов),37,83,2017,2026,3.376385542168675,4.518795180722892,9
2017ASMU01,Thor Muto Asmund,59,83,2018,2026,8.409759036144578,10.839277108433734,8
2018SUAR04,Antonio Adorno Suarez,48,83,2018,2026,2.955421686746988,3.823132530120482,8
2017FURE01,Dominik Fürer,46,83,2017,2025,3.8808433734939762,5.023734939759036,8
2018TUUL01,Kaur Tuule,43,83,2018,2025,4.942289156626506,6.929518072289157,7
2018PASA02,Kasper Pasanen,33,83,2018,2025,3.0521686746987955,4.071927710843374,7
2013TANG02,Renxin Tang (汤任欣),38,83,2013,2019,4.717710843373494,6.0771084337349395,6
2022TOMA05,Majk Tomas,60,83,2022,2026,5.002168674698796,7.190963855421687,4
2022BHAV01,Darshan Bhavanasi,43,83,2022,2026,2.3049397590361447,3.429879518072289,4
2016ROBL05,Christofer Alejandro Aguirre Robledo,38,83,2022,2026,4.476867469879518,5.99855421686747,4
2021LEES01,Sebastian Lee,34,83,2022,2026,1.4010843373493977,1.9765060240963856,4
2023BRES01,Taj Bressert,50,83,2023,2026,4.20421686746988,5.854939759036144,3
2023MALO01,Quinn Maloney,41,83,2023,2026,2.6434939759036142,3.829156626506024,3
2013MICK01,Emil Mickein,41,82,2014,2026,5.071585365853658,7.046463414634146,12
2012GEAR01,Cyrus Gearhart,34,82,2014,2026,2.8067073170731707,3.6620731707317074,12
2006KIED01,Tomasz Kiedrowicz,43,82,2006,2017,4.7179268292682925,5.805121951219512,11
2016FEIJ02,Jun Fei (费俊),47,82,2016,2025,5.254512195121952,6.867317073170732,9
2016VERD05,Santiago Borrego Verde,52,82,2018,2026,6.876219512195123,9.046341463414633,8
2017WANY29,Yifan Wang (王逸帆),44,82,2017,2025,3.9042682926829264,5.363048780487805,8
2017BYRN02,Mathias Søndergaard Byrne,43,82,2017,2025,4.731219512195121,6.846463414634146,8
2018RICH05,Drake Denton Richard,40,82,2018,2026,3.830121951219512,5.688780487804879,8
2019AMAR04,Charles Amarello,69,82,2019,2026,6.535365853658536,9.004878048780487,7
2008PADL01,Piotr Michał Padlewski,45,82,2008,2015,6.065365853658537,7.584634146341464,7
2019SCHE10,Matthias Schegers,44,82,2019,2026,2.7241463414634146,3.818170731707317,7
2019ORTI03,Jose Ortiz Jr.,41,82,2019,2026,4.388292682926829,5.680731707317073,7
2019BURK05,Rían Burke,40,82,2019,2026,4.341951219512195,6.262439024390243,7
2021SZAL01,Tymon Szalinski,42,82,2021,2026,5.122926829268293,6.954268292682927,5
2022KLOF01,Klas Klöfver,65,82,2022,2026,7.0580487804878045,9.322317073170732,4
2023XIUY01,Yang Pin Xiu (楊品修),40,82,2023,2026,2.2420731707317074,3.3448780487804877,3
2010GOLD01,Zach Goldman,67,81,2011,2025,6.379506172839506,8.329876543209878,14
2009ZBIE01,Heike Zbierski,62,81,2012,2026,10.615802469135803,14.230246913580247,14
2006OOKU01,Takayuki Ookusa (大艸尊之),54,81,2012,2026,4.0200000000000005,5.434814814814815,14
2011KALM01,Viktor Kalmar,48,81,2011,2025,6.044938271604938,7.790617283950617,14
2013BEES01,Dominik Beese,39,81,2013,2026,4.058148148148148,5.562592592592592,13
2015RIBI01,Vilius Ribinskas,44,81,2015,2026,4.432098765432099,6.1019753086419755,11
2015SUCL01,Pedro Luis Mamani Suclla,43,81,2015,2026,5.781604938271605,7.659506172839506,11
2013BOND02,Yevhenii Bondarenko (Євгеній Бондаренко),41,81,2013,2024,4.99037037037037,6.942345679012346,11
2016ANSE02,Ilona Ansel,43,81,2016,2026,4.669259259259259,6.153456790123457,10
2017MOOR03,Clay Moore,54,81,2017,2026,6.304444444444444,8.284567901234567,9
2012CHEN41,Zheng Chen (陈政),36,81,2012,2021,4.078641975308642,5.352716049382716,9
2022GALA01,Maksymilian Gala,64,81,2022,2026,6.532222222222223,8.760617283950618,4
2021SCHW01,Jacob Schwartz,46,81,2022,2025,3.4760493827160492,4.593086419753087,3
2023ESPI07,Jerónimo Espinosa,41,81,2023,2026,4.378395061728395,6.25111111111111,3
2023PAKL02,Leland Pak,40,81,2023,2026,2.9944444444444445,4.126296296296297,3
2023SHOJ01,Dominic Shoji,40,81,2023,2026,3.282098765432099,4.496296296296296,3
2010WHIT05,Zachary White,61,80,2011,2026,7.183624999999999,10.036,15
2014GARC27,Arthur Garcin,52,80,2014,2026,6.46225,8.681000000000001,12
2009PUNG01,Andreas Pung,42,80,2010,2022,5.43325,7.143375000000001,12
2016GRAS01,Peter Grassard,47,80,2016,2026,4.994375,6.7540000000000004,10
2015JORG01,Mikela Elleby Jørgensen,68,80,2015,2024,11.063875,13.471250000000001,9
2017GONZ21,Miguel Gonzaga,55,80,2017,2026,3.5335,4.930625,9
2016CORV01,Alejandro Daniel Salceda Corvera,50,80,2017,2026,5.738625,7.960625,9
2016ARRE02,César Abraham Briones Arreola,33,80,2016,2025,4.1552500000000006,5.80325,9
2020SOLV01,Alvar Solving,41,80,2020,2026,5.507,7.6715,6
2021CAMB01,Arthur Cambon,58,80,2021,2026,7.327125,10.474125,5
2020KUNI01,Ivan Kunitcyn,38,80,2020,2025,5.471875,7.46075,5
2022SZAB03,Dávid Szabó,48,80,2022,2026,4.998125,7.143125,4
2022GERD01,William Gerdin,41,80,2022,2026,4.540375,6.33725,4
2022JOHN14,Connor Johnson,30,80,2022,2026,1.903625,2.6125,4
2013KACZ01,Oskar Kaczmarek,64,79,2013,2026,8.399746835443038,8.149367088607594,13
2013MALI03,Szymon Malinowski,46,79,2013,2026,5.5813924050632915,6.388101265822785,13
2012CARL03,Alexandre Carlier,42,79,2012,2024,4.715949367088608,6.582151898734177,12
2015JAIN21,Saiyam Jain,66,79,2016,2026,9.685949367088607,12.166962025316456,10
2015ADAR01,Soham Adarkar,41,79,2015,2025,5.943797468354431,7.773164556962026,10
2016HOUG03,Daniel Houghton,65,79,2017,2026,11.11113924050633,14.790886075949368,9
2017MACH03,Chenhao Ma (马晨皓),44,79,2017,2026,3.675443037974684,5.074556962025317,9
2015VANL01,Luke Van Laningham,35,79,2015,2024,2.537088607594937,3.593670886075949,9
2018ALVA16,Jansen Alvarez,48,79,2018,2026,2.0913924050632913,3.178227848101266,8
2017SENI01,Oleksandr Seniuk (Олександр Сенюк),34,79,2017,2025,3.03873417721519,4.144177215189873,8
2017SANK04,Vishwa Sankar,45,79,2017,2024,4.89632911392405,6.804683544303798,7
2019MARI16,Sebastián Morón Mariscal,44,79,2019,2026,5.030379746835442,6.95873417721519,7
2020LOPE03,Joan Manuel Ciurlizza López-Caparrós,39,79,2020,2026,4.976962025316456,6.482531645569621,6
2021DENK01,Michał Denkiewicz,56,79,2021,2026,5.11886075949367,6.925569620253165,5
2021VENZ01,Silvan Venzin,44,79,2021,2026,4.216075949367089,5.531392405063292,5
2021BACK01,Jack Larsson Backsell,37,79,2021,2026,3.8781012658227847,5.190759493670886,5
2020MCDO01,Jack McDougall,33,79,2021,2026,3.2496202531645575,4.440253164556962,5
2013GONZ09,Heder Andrés Ávila González,69,79,2022,2026,11.43,12.488354430379747,4
2022JOHA08,Leo Johansson,53,79,2022,2026,4.1075949367088604,5.384810126582278,4
2022NEVE01,Kaique de Oliveira Neves,42,79,2022,2026,3.0954430379746833,4.459493670886076,4
2009TORO03,Ágoston Török,48,78,2010,2026,6.118461538461538,7.9884615384615385,16
2007GOUL01,Joey Gouly,68,78,2008,2023,10.168846153846154,13.34602564102564,15
2014USER01,Rocío Fernández Usero,67,78,2014,2026,12.079615384615385,15.994487179487178,12
2013SUNY02,Yongtao Sun (孙永涛),62,78,2014,2026,7.296282051282051,9.679871794871795,12
2013KRUC01,Przemysław Kruczek,58,78,2013,2025,7.607435897435898,8.677564102564103,12
2013BASH02,Thabares Nazeer Basha,36,78,2014,2025,5.035641025641025,7.001538461538462,11
2015ORRI01,Jorge Orrite De Alba,53,78,2016,2026,8.280000000000001,11.511794871794871,10
2017GRAY02,Ashley Gray,56,78,2017,2026,8.327948717948718,10.978717948717948,9
2014BENA03,Sebastiano Benato,45,78,2017,2026,2.4685897435897437,3.383461538461539,9
2013RIGG01,Leithian Riggenbach,42,78,2017,2026,5.206538461538462,6.19051282051282,9
2018DUTH01,Manu Dutheil,44,78,2018,2026,4.007435897435897,5.223205128205128,8
2018RUSH01,Daniel Rush,42,78,2019,2026,4.505,6.063076923076923,7
2020LONG05,Shain Papalotl Longbehn,59,78,2021,2026,7.409871794871795,11.032820512820514,5
2021JOSH01,Jacob Joshi,32,78,2021,2026,3.094871794871795,4.413846153846153,5
2022VRAB01,Oana-Simona Vrabie,51,78,2022,2026,7.528717948717949,9.853076923076923,4
2012KUCH01,Piotr Kuchta,38,78,2013,2017,5.084358974358974,5.957051282051282,4
2022WANG39,John Wanger II,36,78,2022,2026,3.338717948717949,4.539487179487179,4
2003BURT01,Bob Burton,77,77,2007,2020,13.926103896103895,18.826363636363634,13
2013PANT01,Mihnea Andrei Panţu,46,77,2014,2026,3.4301298701298704,4.715974025974026,12
2014LALI01,Ishaan Lal,39,77,2014,2026,4.185584415584416,5.583506493506493,12
2015LUCI02,Paul Luciw,50,77,2015,2026,5.423766233766234,7.261038961038961,11
2015ARCE04,Maider Arce López de Ipiña,49,77,2015,2026,7.469740259740259,10.50012987012987,11
2016OLZI01,Myagmardorj Ulziijargal (Өлзийжаргал Мягмардорж),48,77,2016,2026,4.72948051948052,6.444285714285714,10
2017NOKE01,Jacob Nokes,37,77,2017,2026,4.539090909090909,6.254025974025974,9
2018RIDA01,Zach Ridall,49,77,2018,2026,5.751688311688311,8.051948051948052,8
2017BEEM02,Christian Beemelmann,43,77,2018,2026,5.146103896103896,7.070649350649352,8
2016GUTI23,Daniel Gutierrez,42,77,2017,2025,3.3941558441558444,4.892987012987013,8
2014CABR07,Daniel Guardado Cabral,30,77,2014,2022,3.680909090909091,5.088311688311689,8
2019ECKE02,Ryan Eckersley,42,77,2019,2026,5.45961038961039,7.378051948051948,7
2013GALA04,Pavel Galaktionov,41,77,2013,2020,5.324155844155844,7.212597402597402,7
2012POJD01,Piotr Pojda,34,77,2013,2019,4.087402597402598,5.23974025974026,6
2021SPIE02,Ulrich Spies,55,77,2021,2026,8.63038961038961,11.39961038961039,5
2021ZANG01,Alessandro Zangolini,41,77,2021,2026,3.1698701298701297,4.656363636363636,5
2019LAWS01,Quinn Lawson,32,77,2019,2024,2.726103896103896,3.831688311688312,5
2018STAM01,Lucas Stambaugh,59,77,2022,2026,6.841688311688312,9.562597402597403,4
2022GONC01,Mariana Castro,46,77,2022,2026,5.780909090909091,7.907792207792207,4
2023VIDI02,Oskar Vidiček,41,77,2023,2026,3.7089610389610392,5.155324675324675,3
2022HALI01,Mikael Hälinen,30,77,2022,2025,2.6801298701298704,3.5841558441558443,3
2009BONN01,Pauline Bonnaudet,75,76,2009,2026,11.674078947368422,13.548552631578948,17
2010GRAB01,Daniel Grabski,44,76,2010,2026,3.974473684210526,5.608947368421053,16
2011PARR02,Jhon Edinson Arias Parra,42,76,2011,2026,6.071184210526316,8.375921052631579,15
2013VIDA03,Dominik Vidaković,41,76,2013,2026,5.322894736842105,7.103552631578947,13
2014DETU01,Eddy Deturche,43,76,2014,2026,4.8461842105263155,6.369605263157895,12
2011JHAN01,Shun-Hsin Chang (張舜欣),48,76,2014,2025,5.954868421052631,7.898552631578947,11
2014MATH02,Carsten Matheus,39,76,2014,2025,6.420921052631579,8.486315789473684,11
2016GOHN01,RJ Gohn,49,76,2016,2026,5.968421052631579,8.16421052631579,10
2016CHEU04,Andy Mok Man Cheuk (莫文卓),38,76,2016,2026,2.7413157894736844,3.7422368421052634,10
2015RAJA03,Emmanuel Rajapandian,34,76,2015,2025,3.520263157894737,4.729210526315789,10
2016SOTI01,Jorge Alfageme Sotillos,33,76,2016,2026,4.266315789473684,5.7563157894736845,10
2015HERN17,Artur Miralles Hernàndez,45,76,2017,2026,5.729078947368421,7.778157894736842,9
2018WORK01,Lydia Workman,50,76,2018,2026,6.782763157894737,9.17315789473684,8
2018DEVE02,Adam Devere,44,76,2018,2026,5.121447368421053,7.131842105263158,8
2017OWEN01,Harry Owen,40,76,2017,2025,5.163026315789473,6.834605263157894,8
2018JUNT01,Tan Jun (陈俊),35,76,2018,2026,3.119342105263158,4.3475,8
2017JOHN09,Tyler Johnson,34,76,2017,2025,3.453157894736842,4.588157894736842,8
2018DAIN02,Peri Le Dain,46,76,2019,2026,6.026315789473684,8.362105263157895,7
2020BURN06,Luke Burns,35,76,2021,2026,4.72671052631579,6.5873684210526315,5
2022VERA02,Dante Navarro Vera,46,76,2022,2026,3.5603947368421047,4.8393421052631584,4
2022DUNN03,Caleb Wolf Dunn,32,76,2022,2026,2.182894736842105,2.971315789473684,4
2008LAUR01,Mario Laurent,60,75,2009,2026,9.309733333333334,11.543066666666666,17
2013YUSH01,Pavel Yushkevich,46,75,2013,2026,6.398000000000001,8.7832,13
2015NABI01,Javid Nabizade,45,75,2015,2026,5.0309333333333335,6.7510666666666665,11
2016SANT66,João Vinícius Santos,47,75,2016,2026,4.006133333333333,5.406266666666667,10
2015FERA01,Rachel Feran,60,75,2015,2024,8.3256,11.115066666666667,9
2016DABR03,Stanisław Dąbrowski,50,75,2016,2025,5.220933333333333,6.733066666666667,9
2016TARA04,Igor Tarasov,41,75,2016,2025,3.8388000000000004,5.4093333333333335,9
2014MINB01,Leo Min-Bedford,38,75,2014,2023,3.3792,4.602533333333334,9
2017BHOL01,Veenayak Bhola,36,75,2017,2026,2.4974666666666665,3.3646666666666665,9
2017ENGB01,Bryan Eng,36,75,2017,2026,2.921333333333333,4.102533333333334,9
2018GOME29,Frederico Canal Gomes,46,75,2018,2026,4.0356000000000005,5.8402666666666665,8
2018KITA03,Jakob Kitak,39,75,2018,2026,2.7902666666666667,3.9576,8
2016CETR01,Joel Cetra,38,75,2016,2024,3.8724000000000003,5.197333333333334,8
2018MUNI02,Eduardo Munive,36,75,2018,2026,3.564,4.979333333333333,8
2018KAJA01,Eetu Kaján,30,75,2018,2026,4.6712,6.1092,8
2013GILM01,Mateusz Gil,33,75,2015,2022,3.4816000000000003,4.725333333333333,7
2021TRIP01,Michael Tripodi,36,75,2021,2026,3.4303999999999997,4.9319999999999995,5
2015ARJA01,Juho Arjanne,30,75,2016,2021,4.628133333333333,6.232666666666667,5
2016NANK01,Chris Nankervis,55,75,2022,2026,7.351333333333334,10.0532,4
2019BERA01,Emma Beranová,30,75,2021,2025,3.3034666666666666,4.629066666666667,4
2012WENI01,Ivan Lew Yi Wen (刘义文),55,74,2012,2026,5.650135135135136,7.77608108108108,14
2011SALG01,Daniel Cano Salgado,39,74,2011,2025,5.52054054054054,7.476081081081081,14
2013CONT01,Oscar Alberto Ceballos Contreras,45,74,2013,2025,7.587297297297297,10.089459459459459,12
2014SALA15,Luis Sinhue Medina Salas,42,74,2014,2026,5.765810810810811,7.910675675675676,12
2014IRIA01,Julen Simón Iriarte,36,74,2014,2025,4.912972972972973,6.734864864864865,11
2015JOIN01,Kyra Joiner,36,74,2015,2026,4.1264864864864865,5.608243243243243,11
2015TORR12,Bernardo Torres,44,74,2016,2026,4.7447297297297295,6.52054054054054,10
2016COSS01,Dylan Cossin,34,74,2016,2026,2.1855405405405404,3.1909459459459457,10
2016LUMS01,Dominic Lumsden,39,74,2016,2025,3.7421621621621624,5.053918918918919,9
2016FERN07,Javier López Fernández,37,74,2016,2025,5.25,7.283918918918919,9
2016LAHT01,Eemil Lahti,37,74,2016,2025,5.8285135135135135,7.74554054054054,9
2017MADR01,Maximiliano Perez Madrid,36,74,2017,2026,3.006891891891892,4.021351351351351,9
2016HRYN02,Vladyslav Hryniuk (Владислав Гринюк),32,74,2016,2025,3.3943243243243244,4.651486486486486,9
2017EXNE01,Ida Exner,49,74,2018,2026,6.8281081081081085,9.493918918918919,8
2015ERSO01,Can Ersoy,42,74,2017,2024,5.136351351351351,6.7548648648648655,7
2019GARC35,Elies Qin Lloret Garcia,36,74,2019,2026,5.470675675675675,7.387432432432432,7
2017BEZN01,Aleksandr Beznogov,35,74,2017,2021,3.8200000000000003,5.302567567567567,4
2003DENN01,Ton Dennenbroek,56,73,2007,2026,9.115068493150684,11.435616438356163,19
2015CERN01,Will Cerne,44,73,2015,2026,4.7979452054794525,6.596164383561644,11
2015CALD02,Kymberlyn Calderon,47,73,2015,2025,4.097397260273973,5.521232876712329,10
2016VINC03,Justin Vinckenbosch,47,73,2016,2026,5.6061643835616435,7.716986301369864,10
2016YEAG01,Chris Yeager,42,73,2016,2026,4.347260273972603,5.891780821917808,10
2015OSPI01,Luis Angel Contreras Ospina,37,73,2015,2025,4.524931506849315,5.98986301369863,10
2017TRUC02,Jonathan Truchot,45,73,2017,2025,4.776301369863014,6.741780821917808,8
2012GONZ10,Eder Olivencia González,41,73,2018,2026,6.3161643835616434,8.776712328767124,8
2017WURY01,Ryan Wu,37,73,2017,2025,3.253150684931507,4.446438356164383,8
2017BARR18,Fabian Andrey Montenegro Barrero,36,73,2017,2025,4.574520547945205,6.231369863013699,8
2018HARR12,Brandon Harris,36,73,2018,2026,4.76013698630137,6.776712328767123,8
2018SHAH38,Aayush Shah,36,73,2018,2026,2.710821917808219,3.844109589041096,8
2019CHRI17,Nicolas Køster Christensen,39,73,2019,2026,5.076301369863014,7.20027397260274,7
2019HUET02,Tim van Huet,39,73,2019,2026,3.0517808219178084,4.325753424657534,7
2019YANG94,Cian-Jyun Yang (楊謙君),32,73,2019,2025,2.9873972602739727,4.079589041095891,6
2022COST03,Christofor Gabriel Costea,47,73,2022,2026,4.839452054794521,6.756301369863014,4
2022MITC01,William Mitchell,34,73,2022,2026,3.3673972602739726,4.512191780821918,4
2023WILS11,Evan Wilson,38,73,2023,2026,3.466986301369863,5.094383561643835,3
2023ALLE01,Harry Allen,30,73,2023,2026,3.391917808219178,4.646575342465753,3
2024RICC01,Riccardo Fiumefreddo,41,73,2024,2026,3.8816438356164387,5.254931506849315,2
2012LIAO03,Zi-Xian Liao (廖子賢),43,72,2013,2025,5.855138888888889,8.18986111111111,12
2014PHIL02,Joshua Broderick Phillips,39,72,2014,2026,3.290138888888889,4.634444444444444,12
2014FANG01,Samuel Fang,37,72,2014,2025,3.058888888888889,4.323472222222223,11
2015MINK04,Kevin Min,30,72,2015,2026,2.3116666666666665,3.307361111111111,11
2014RUMO01,Antoni Rumowski,37,72,2014,2024,4.63125,5.370555555555556,10
2014PYAT01,Uladzislau Piatnitsa (Владислав Пятница),36,72,2014,2024,4.3573611111111115,5.614166666666667,10
2014RENW01,William Gan Wei Ren (颜伟仁),47,72,2016,2025,5.5881944444444445,7.744583333333334,9
2018SMIT40,Nathan Smith,48,72,2018,2026,5.145972222222222,7.262222222222222,8
2018LOPE09,Jesús Jorge García López,31,72,2018,2026,3.2179166666666665,4.504444444444444,8
2018NIEU01,Lucas Nieuwland,46,72,2018,2025,5.081388888888889,6.764444444444445,7
2017TIMO01,Liam Uno Timour-Silveira,29,72,2017,2024,4.2508333333333335,5.693333333333333,7
2019RATS05,Mike Vidrik Rätsep,41,72,2020,2026,6.797222222222222,8.944027777777778,6
2016HSUE01,Yi-Ho Hsueh (薛以和),31,72,2019,2025,2.807361111111111,3.9244444444444446,6
2021RODR03,Isabela Quesada Rodríguez,40,72,2021,2026,5.886111111111111,8.114305555555555,5
2021SAMP01,Albert Mandicó Sampol,34,72,2021,2026,2.5697222222222225,3.847777777777778,5
2022MONT31,Javier Lizama Montoya,56,72,2022,2026,8.2575,9.904583333333333,4
2021WONG02,Aaron Jake Wong,48,72,2022,2026,4.641944444444444,6.438194444444445,4
2022VIDE02,Dante Videfrost,48,72,2022,2026,5.563611111111111,7.4325,4
2010BICL01,Geert Bicler,47,72,2011,2015,10.795277777777777,14.728055555555557,4
2022GARC19,Jose Sánchez García,36,72,2022,2026,5.362777777777778,7.239583333333333,4
2022URBA02,Paweł Urbański,34,72,2022,2026,2.211666666666667,2.9745833333333334,4
2022STEP04,Matt Stephenson,33,72,2022,2026,4.445972222222222,6.327222222222222,4
2018KEEN02,Joel Keenan,31,72,2022,2026,3.09375,4.3325,4
2023OLWI01,Oisín Olwill,38,72,2023,2026,3.5458333333333334,4.901111111111111,3
2023LIND07,Frank Lindblom,34,72,2023,2026,3.9369444444444444,5.49625,3
2023CURR06,James Kyoichi Curry (ジェイムス 恭一),28,72,2023,2026,2.9279166666666665,4.4376388888888885,3
2013TITO02,Georgiy Titov (Георгій Тітов),49,71,2013,2026,8.53,11.5643661971831,13
2011SBAH01,Rami Sbahi,39,71,2011,2024,3.885070422535211,5.212957746478874,13
2014SHAH08,Shresth Shah,35,71,2014,2026,5.179859154929577,6.387887323943662,12
2014CAIJ02,Jack Cai,54,71,2015,2026,5.988028169014084,8.470845070422534,11
2014SANC28,Julián García Sánchez,27,71,2015,2026,3.946338028169014,5.633802816901408,11
2014NORR01,Riley Norrid,43,71,2014,2023,4.595915492957746,6.396056338028169,9
2016UKAJ01,Lir Ukaj,37,71,2016,2025,4.67943661971831,6.158450704225352,9
2017ENKH01,Amarsanaa Enkhbaatar,33,71,2017,2026,2.6901408450704225,3.5716901408450705,9
2016LIJI05,Jiazhou Li (李佳洲),32,71,2016,2025,2.7167605633802814,3.976338028169014,9
2016DABR02,Marek Dąbrowski,46,71,2016,2024,5.4108450704225355,6.552816901408451,8
2018JEHA01,Samuel Jehanno,44,71,2018,2026,5.231267605633803,7.237746478873239,8
2018STOI03,Mihail Stoicescu,43,71,2018,2026,4.288732394366197,6.302535211267606,8
2015MIAO02,Yilin Miao (苗宜琳),39,71,2015,2023,4.197323943661972,5.479577464788733,8
2018ERVI01,Brandon Ervin,38,71,2018,2026,3.6195774647887324,4.8676056338028175,8
2018RIMI01,Flavio Rimi,38,71,2018,2026,3.809718309859155,5.152112676056338,8
2017ARIA06,Luis Fernando Garfias Arias,29,71,2017,2025,3.6812676056338027,4.895352112676056,8
2017PINT05,Josias Milan Sirpa Pinto,43,71,2018,2025,6.038450704225353,7.647323943661973,7
2014BAAR01,Daan Baartmans,47,71,2014,2020,6.28830985915493,8.277042253521126,6
2014RAJE03,Anish Rajesh,33,71,2014,2020,6.236901408450704,8.310845070422536,6
2022BROK03,Filip Brokos,50,71,2022,2026,4.592253521126761,6.34281690140845,4
2022AHLS01,Arvid Ahlstrand,38,71,2022,2026,3.686056338028169,5.470422535211267,4
2022GIAV01,Julian Giæver-Engesmo,31,71,2022,2026,2.94056338028169,4.113098591549296,4
2023SZCZ04,Antoni Szcześniak,62,71,2023,2026,7.936338028169014,10.355633802816902,3
2023AANK01,Ankit A,41,71,2023,2026,4.463943661971831,6.102676056338028,3
2023HAND04,Charlie Handley,31,71,2023,2026,3.3760563380281687,4.402957746478873,3
2019GAOY01,Yuki Gao,29,71,2023,2026,2.663943661971831,3.766478873239437,3
2023HANN13,Ahti Isohanni,28,71,2024,2026,3.9428169014084506,5.8218309859154935,2
2005KOCZ01,István Kocza,70,70,2006,2026,17.553,17.609285714285715,20
2014KOHA01,Thomas Kohann,35,70,2014,2025,4.622,6.289571428571429,11
2007VALK01,Mats Valk,52,70,2008,2018,6.044142857142857,8.305142857142858,10
2015SAMO01,Daniel Samoszyn,33,70,2015,2025,3.473857142857143,4.669142857142857,10
2017LAMB06,Andreas Lambropoulos,46,70,2017,2026,5.423857142857143,7.198,9
2016KRUE01,Ivan Krueger,43,70,2016,2025,4.988142857142857,6.559142857142857,9
2017CHAM02,Anael Champion,41,70,2017,2026,4.603285714285715,6.443714285714286,9
2015BART05,Aiden Bartlett,40,70,2016,2025,4.460714285714285,6.5925714285714285,9
2017STRA03,Kyle Van Straaten,40,70,2017,2026,4.194571428571429,5.787857142857143,9
2017PIET02,Markuss Pietkuns,35,70,2017,2026,3.124142857142857,4.218857142857143,9
2018YIKL01,Lim Chun Yik (林峻毅),39,70,2018,2026,2.8567142857142858,4.420571428571429,8
2016WHIT16,Jason White,36,70,2017,2025,3.940714285714286,5.506285714285714,8
2016BARO04,Ben Baron,34,70,2017,2025,2.996142857142857,4.284857142857143,8
2018CHAM01,Tucker Chamberlain,32,70,2018,2026,2.903285714285714,4.073714285714286,8
2019HOIN01,Preston Hoing,49,70,2019,2026,7.617428571428571,10.584285714285715,7
2019NATS02,Namuun Natsagdorj,37,70,2019,2026,4.000285714285714,5.692714285714286,7
2019CSEN01,Bálint Csengő,29,70,2019,2026,2.7607142857142857,3.5074285714285716,7
2018SMIT37,Conor Smith,37,70,2019,2025,5.202428571428571,7.523285714285715,6
2013UVES01,Mattias Uvesten,28,70,2013,2019,2.605,3.5582857142857143,6
2019LEEJ10,Justin Lee,42,70,2022,2026,3.8215714285714286,5.276428571428572,4
2021ABER01,Joel Aber,37,70,2022,2026,4.279428571428571,5.870857142857143,4
2022CHUN03,Shivansh Chunduru,34,70,2022,2026,2.6094285714285714,3.6557142857142857,4
2021IRWI01,Miles Irwin,30,70,2022,2026,2.8019999999999996,3.859285714285714,4
2023MARI07,Jon Larruzea Marijuan,50,70,2023,2026,8.738285714285714,11.397714285714287,3
2023STAN09,Radu Mihai Stan,42,70,2023,2026,4.002571428571429,5.436428571428571,3
2011ZALE02,Marcin Zalewski,35,70,2011,2014,5.411714285714286,6.966285714285714,3
2023MOLI01,Germán García Molina,35,70,2023,2026,4.687142857142858,6.280571428571428,3
2023TULL04,Max Tully,32,70,2023,2026,4.044142857142857,5.756571428571428,3
2023XIAT01,Tian Xia (夏天),30,70,2024,2026,1.7647142857142857,2.466142857142857,2
2013MORO01,Szymon Moroń,49,69,2013,2026,6.632898550724638,7.458550724637681,13
2014MUTC01,Alex Mutch,59,69,2014,2026,7.813188405797102,11.559710144927536,12
2014PLOU01,Laura Plourde,50,69,2014,2026,6.530869565217391,9.115652173913043,12
2014BHAT09,Alaik Bhatia,37,69,2014,2025,6.774492753623188,9.31159420289855,11
2015OAKK01,Kunal Oak,33,69,2015,2026,5.0142028985507245,6.510869565217392,11
2014WANG22,Wenjing Wang (王文静),56,69,2016,2026,7.3130434782608695,9.99159420289855,10
2012LUOS01,Shu-Yii Luo (駱書翊),43,69,2013,2023,6.17304347826087,8.378115942028986,10
2015BELJ01,Toni Beljo,30,69,2015,2025,2.7492753623188406,3.9521739130434783,10
2017KANA04,Mateusz Kanarski,57,69,2017,2026,7.214347826086957,8.896521739130435,9
2017SEMO02,Marcos Ferreira Semolini,37,69,2017,2026,3.782173913043479,5.01608695652174,9
2012MAUR01,Jonathan Mauroy,35,69,2013,2022,6.163333333333333,8.719710144927536,9
2014NORD02,Amos Nordman,28,69,2015,2024,4.446811594202899,6.083913043478261,9
2018THOM29,Carter Thomas,34,69,2018,2026,3.0357971014492753,4.254347826086956,8
2017LEEM04,Mariana K. Lee,32,69,2018,2026,2.789855072463768,3.8756521739130436,8
2011SOBR01,Alrimar Dias Rocha Sobrinho,37,69,2012,2019,5.69768115942029,7.351449275362318,7
2012KONG01,Qingwei Kong (孔庆玮),35,69,2012,2019,4.847246376811594,6.533768115942029,7
2017SWOR01,Noah Swor,31,69,2019,2026,2.7871014492753625,4.225072463768115,7
2019BAUM02,Dylan Baumbach,36,69,2019,2025,3.3528985507246376,4.6662318840579715,6
2021NOVI01,Alessia Novizio,43,69,2021,2026,5.929855072463767,8.07231884057971,5
2019NORD06,Elias Nordlund,41,69,2020,2025,7.233333333333333,9.29695652173913,5
2017JAGL01,Adam Jagła,27,69,2017,2022,2.8659420289855073,3.960579710144927,5
2022PAUW01,Joran Pauwels,39,69,2022,2026,3.168695652173913,4.520144927536232,4
2022LAZA11,Emil Lazaryev,33,69,2022,2026,3.47536231884058,4.826376811594202,4
2022SPIT04,David Spitzer,33,69,2022,2026,4.4455072463768115,5.856231884057971,4
2023CAPU02,Luciano James Capuano,33,69,2023,2026,2.7136231884057973,3.9871014492753627,3
2010ZHAO19,Eric Zhao,64,68,2010,2025,9.468088235294118,12.714264705882352,15
2008CLAR01,Thompson Clarke,43,68,2009,2024,5.684558823529412,7.463529411764705,15
2013CHEN22,Victor Chenu,44,68,2013,2026,5.301029411764706,7.492794117647058,13
2014BAUD02,Maxence Baudry,53,68,2014,2026,7.093823529411765,9.961764705882352,12
2012MORM01,Serhii Mormul (Сергій Мормуль),38,68,2012,2024,5.923235294117647,7.9744117647058825,12
2014WALK05,Alex Walker,37,68,2014,2026,5.683088235294117,7.442794117647059,12
2008RIJK01,Hanneke Rijks,67,68,2008,2019,16.079852941176473,18.297794117647058,11
2013SZUM01,Grzegorz Szumigaj,36,68,2013,2023,4.803382352941177,5.719117647058823,10
2016MEUN01,Louis Meunier,42,68,2016,2025,4.519852941176471,6.2325,9
2017GLOD01,Carlo Glod,42,68,2017,2026,4.995147058823529,6.671911764705882,9
2016BITZ01,Carter Bitz,40,68,2016,2025,5.062058823529411,6.8589705882352945,9
2017WANZ25,Zhe Wang (汪哲),37,68,2017,2026,2.7891176470588235,3.8004411764705885,9
2017HANS17,Lucas Hansen,55,68,2018,2026,9.593823529411765,12.908235294117647,8
2010JIMO01,Mo Ji (季默),46,68,2011,2019,7.015588235294118,9.956323529411764,8
2018HOVO01,Yelysei Hovorun (Єлисей Говорун),36,68,2018,2026,3.8267647058823524,5.194852941176471,8
2018ZIEG02,Kaiden Ziegler,29,68,2018,2026,3.751764705882353,5.136911764705882,8
2019AUBI01,Lucas Aubin,42,68,2019,2026,4.351911764705882,5.863088235294118,7
2019EGGI02,Charlie Eggins,33,68,2019,2026,3.738970588235294,5.221470588235294,7
2019PARI10,Ishan Parikh,33,68,2019,2026,4.312205882352941,5.857205882352941,7
2017MAND13,Francisco Moraes Mandalozzo,33,68,2018,2024,3.214264705882353,4.277794117647058,6
2019BONE03,Antonio Bonessi,38,68,2021,2026,4.228088235294117,5.763529411764706,5
2021LIED01,Tobias Lied,36,68,2021,2026,7.544411764705882,10.275735294117647,5
2022SAHL02,Jack Belloni Sahlin,57,68,2022,2026,7.0667647058823535,9.488970588235293,4
2022KRAS02,Samuel Krasne,46,68,2022,2026,5.001323529411764,6.985,4
2022VIDE03,Ian Videfrost,45,68,2022,2026,5.330588235294118,7.242205882352941,4
2022OTTO01,Mateusz Otto,44,68,2022,2026,4.632794117647059,6.375735294117647,4
2021PIOR01,Wojciech Piórczyński,34,68,2022,2026,3.4472058823529412,4.702205882352941,4
2023MAGA09,Juan Miguel Y. Magallanes,52,68,2023,2026,4.861176470588235,6.546029411764706,3
2022LARN01,Felix Lärnestad,46,68,2023,2026,6.386029411764706,8.533382352941176,3
2021VITA01,Kaemon Vita,40,68,2022,2025,5.088235294117647,6.120588235294117,3
2022TURC02,Jakub Turczyk,39,68,2022,2025,3.655294117647059,4.868823529411764,3
2009PAUL01,Tristan Paulussen,44,67,2009,2026,7.344328358208955,10.185373134328358,17
2007BARR01,Kian Barry,62,67,2009,2025,9.661194029850746,12.270746268656715,16
2009JUNW01,Wang Junwen (王俊文),60,67,2010,2026,10.21358208955224,13.13,16
2013GUER03,Leo Guernion,43,67,2013,2026,6.367611940298508,8.773582089552239,13
2008WEST02,Simon Westlund,41,67,2008,2019,5.036865671641791,6.952686567164179,11
2013RIAB01,Yevhen Riabokon (Євген Рябоконь),29,67,2013,2024,4.034776119402985,5.138805970149254,11
2016PATT02,Nicholas Patterson,33,67,2016,2026,3.257313432835821,4.603582089552239,10
2013CHIC01,Josué Esteban Bacilio Chicoma,31,67,2015,2025,2.8813432835820896,4.043134328358208,10
2017CARA04,Kirby Jay Caragan,50,67,2017,2026,5.173134328358209,7.296567164179105,9
2016HAMB01,Rick Hamburger,40,67,2017,2026,4.751641791044777,6.201044776119403,9
2016YIUN01,Nolan Yiu,46,67,2017,2025,4.61910447761194,6.428805970149254,8
2017TKAC04,Oliwier Tkaczyk,37,67,2017,2025,3.9161194029850748,4.974477611940299,8
2014YELI01,Maksym Yeli (Максим Єлі),32,67,2014,2022,4.684776119402985,6.474776119402985,8
2019BREM02,Daniel Brem,38,67,2019,2026,2.3588059701492536,3.2267164179104477,7
2019FONS06,Michael Fonseca,36,67,2019,2026,2.8132835820895523,3.851791044776119,7
2011TORG01,Ivan Torgashov (Иван Торгашов),35,67,2012,2019,5.87223880597015,8.065820895522387,7
2015ALLE03,Wesley Allen,33,67,2016,2023,3.7034328358208954,4.92134328358209,7
2014THUV01,Johan Thuvesen,31,67,2014,2021,3.8559701492537317,5.433731343283582,7
2017TRAN21,Kenneth Tran,26,67,2018,2025,4.193134328358209,6.071940298507463,7
2019LEFE02,Maxime Lefebvre,58,67,2020,2026,8.675074626865673,11.45089552238806,6
2015CHEN56,Yu-Kai Chen (陳宇楷),30,67,2016,2022,4.2655223880597015,5.860597014925373,6
2021WILL06,Carter Williams,44,67,2021,2026,4.674029850746268,6.295820895522388,5
2021EPPI01,Nicholas Eppingstall,42,67,2021,2026,6.348656716417911,8.5455223880597,5
2021ABAL01,Renata Francisca De La Fuente Ábalos,35,67,2021,2026,4.360597014925373,5.773731343283582,5
2022ALPS01,Emil Alpsten,32,67,2022,2026,2.665671641791045,3.716417910447761,4
2022LIPP01,Lucas Lippman-Bruno,32,67,2022,2026,3.5176119402985075,4.973283582089552,4
2023AVEN01,Jeshua Emmanuel Avendaño,50,67,2023,2026,8.930149253731344,12.71582089552239,3
2022ALGA01,Rafael Ricardo Gómez Algarra,37,67,2023,2026,5.222835820895522,6.893582089552239,3
2023MENE01,Pablo Fraile Menendez,34,67,2023,2026,4.8859701492537315,6.684029850746269,3
2009SUPC01,Anukun Supcharoenkun (อนุกูล ทรัพย์เจริญกุล),48,66,2010,2026,4.7648484848484856,7.025757575757575,16
2008BRAN01,Filippo Brancaleoni,52,66,2009,2024,8.224393939393938,10.825000000000001,15
2011ZHAN24,Chunyu Zhang (张春雨),40,66,2011,2025,5.817878787878788,7.660151515151515,14
2013SAVI01,Henry Savich,35,66,2013,2025,3.1524242424242424,4.2704545454545455,12
2013VAKU01,Edward Vakula,35,66,2014,2026,3.5607575757575756,4.923484848484848,12
2015HADA01,Garrett Hadaway,50,66,2015,2026,6.543030303030303,8.551969696969696,11
2015CARD01,Jaime Tadeo Perez Cardona,47,66,2015,2026,7.04,9.741818181818182,11
2014BONA02,Bautista Bonazzola,39,66,2015,2026,4.8959090909090905,6.718030303030303,11
2016CUTS01,Sean Cutshaw,40,66,2016,2026,3.977424242424242,5.393939393939394,10
2015BRAG01,Angela Braganza,38,66,2015,2025,5.706212121212121,7.5227272727272725,10
2017FALA02,Zaky Kurnia Falah,41,66,2017,2026,3.5886363636363634,4.996969696969697,9
2017PARK05,DongSoo Park (박동수),39,66,2017,2026,3.207727272727273,4.579696969696969,9
2016KYLE01,Benjamin Kyle,30,66,2016,2025,2.243181818181818,3.070757575757576,9
2018ADAM06,Brayden Adams,36,66,2018,2026,3.5212121212121215,4.560151515151515,8
2019GUNT04,Timo Günthardt,37,66,2019,2026,3.0560606060606057,4.126212121212121,7
2016CAST23,Javier Tovar Castro,33,66,2016,2023,6.176666666666667,8.033787878787878,7
2019HERR14,William Herring,27,66,2019,2026,2.8860606060606058,4.013181818181819,7
2018ALON07,James Alonso,29,66,2020,2026,4.040151515151515,5.784393939393939,6
2021WARC01,Dominika Warchoł,49,66,2021,2026,6.037121212121212,8.270757575757576,5
2021MARC03,Chiara Marcucci,46,66,2021,2026,8.25909090909091,10.945151515151515,5
2020BERM02,Adam Bermingham,36,66,2021,2026,4.659393939393939,6.758333333333334,5
2019LENS01,Magnus Lensch,32,66,2021,2026,3.428181818181818,4.933787878787879,5
2019ZENG10,Wei-Ming Zeng (曾唯銘),28,66,2020,2025,2.1404545454545456,3.0292424242424243,5
2022ERIK05,Thelma Eriksson,38,66,2022,2026,4.970909090909091,6.846060606060606,4
2022LONN02,Fabian Lönnkvist,37,66,2022,2026,5.442878787878788,7.66469696969697,4
2022MACC01,Evan Maccagnan,35,66,2022,2026,2.6271212121212124,3.7701515151515155,4
2022PHAR01,Jay Pharma,33,66,2022,2026,2.812121212121212,3.79030303030303,4
2021DIAZ01,Jeyson Paul Espinoza Diaz,31,66,2021,2025,1.9887878787878785,2.839090909090909,4
2023JURI01,Jakub Jurika,27,66,2023,2026,3.0775757575757576,4.463181818181818,3
2024ARIA02,Samuel Fonseca Arias,31,66,2024,2026,4.535,5.935,2
2008RODR01,Alejandro Riveiro Rodríguez,43,65,2008,2024,5.9343076923076925,8.267076923076923,16
2010KOHL02,Erwan Kohler,40,65,2010,2025,5.98123076923077,7.448615384615385,15
2012PLAC01,Gianluca Placenti,62,65,2012,2026,13.580615384615385,15.484153846153847,14
2013MARC05,Vako Marchilashvili (ვაკო მარჩილაშვილი),43,65,2015,2026,6.139230769230769,8.066769230769232,11
2014JONA01,Benjamin Thunbo Jonassen,39,65,2016,2026,4.5896923076923075,6.6203076923076924,10
2016LANG12,Fred Lang,39,65,2016,2026,6.131076923076923,8.094615384615384,10
2016CHIL02,Akshaansh Chilakapati,31,65,2016,2026,4.804307692307692,6.0812307692307686,10
2014KARN01,Subash Karnan,29,65,2014,2024,3.616769230769231,4.971230769230769,10
2013KATO01,Eva Kato,49,65,2014,2023,4.774923076923077,6.782,9
2016SHAW02,Sam Shaw,35,65,2016,2025,4.624153846153846,6.063846153846153,9
2016GOME10,Jesús Fernando Castelán Gómez,30,65,2016,2025,3.3164615384615383,4.507076923076923,9
2018WEIS10,Serafim Weiß,47,65,2018,2026,6.587692307692308,9.502461538461539,8
2017OORA01,Charlie van Ooran,38,65,2017,2025,4.9183076923076925,7.133538461538461,8
2017MOTI02,Mikas Motiejuitis,37,65,2017,2025,4.040615384615385,5.365846153846153,8
2017NICO01,Alejandro Nicolay,33,65,2017,2025,4.978615384615384,6.967538461538461,8
2017HUYN05,Aaron Huynh,32,65,2017,2025,2.7996923076923075,3.9183076923076925,8
2018SATO01,Sora Sato,32,65,2018,2026,2.9650769230769227,4.123846153846154,8
2018SIRO01,Rajha Sirokshan,32,65,2018,2026,3.134923076923077,4.322307692307692,8
2019GIOR02,Marco Giordano,34,65,2021,2026,3.218153846153846,4.488307692307693,5
2015NATH02,Nitin Nathan,30,65,2015,2020,4.5661538461538465,6.3156923076923075,5
2022AMAR09,Michael Amarello,65,65,2022,2026,14.340461538461538,20.705692307692306,4
2022SOLI03,Junior Solis,36,65,2022,2026,4.7544615384615385,6.7,4
2022STRE03,Jáchym Střelec,35,65,2022,2026,4.889692307692307,6.966769230769231,4
2022RODR19,Nicolás David Lozada Rodríguez,34,65,2022,2026,7.0323076923076915,9.86246153846154,4
2022SANT05,Emanuel Victor Araújo dos Santos,33,65,2022,2026,2.972769230769231,4.083076923076923,4
2020KOPE01,Michał Kopeć,38,65,2022,2025,4.058307692307693,5.458615384615385,3
2022RAYY01,Muhammad Rayyan,33,65,2022,2025,4.224307692307692,5.61476923076923,3
2010BREC01,John Brechon,43,64,2010,2025,5.3734375,6.99890625,15
2014VIDA01,Miguel Vidal,35,64,2014,2026,3.5984375,4.84265625,12
2012YEMI01,Michel Ye,48,64,2015,2026,6.411875,8.723749999999999,11
2015CAMP03,Damián Jail Campos,43,64,2015,2026,4.8915625,7.03859375,11
2011MOLI01,Alberto Masó Molina,38,64,2013,2023,7.66609375,10.46359375,10
2015MILL01,Dylan Miller,47,64,2016,2025,6.0725,8.42046875,9
2015IACO01,Davi de Andrade Iácono,39,64,2015,2024,8.0340625,11.471718749999999,9
2016COOK02,Matthew Cook,33,64,2016,2025,4.28125,5.7143749999999995,9
2016HERN05,Daniele Vanoli Hernández,32,64,2016,2025,5.9496875,8.315625,9
2017YINX01,Xingkai Yin (尹星凯),26,64,2017,2026,2.72078125,3.75828125,9
2016CLIP01,Andrew Clippinger,46,64,2018,2026,6.24828125,9.2703125,8
2018NEVE02,Adrien Neveu,45,64,2018,2026,6.21921875,8.5684375,8
2018GVAR01,Andro Gvaramadze,38,64,2018,2026,3.415625,4.49625,8
2018RIAB01,Yurii Riabov (Юрій Рябов),35,64,2018,2026,5.9009375,7.76796875,8
2018GRAI01,Aidan Grainger,34,64,2018,2026,4.53453125,5.9934375,8
2018JIME14,Emilio Alberto Rodríguez Jiménez,32,64,2018,2026,3.7028125,5.22,8
2017GUZM05,Camilo Guzmán,31,64,2018,2026,5.09515625,6.77390625,8
2017MADD04,Richard Madden,31,64,2017,2025,3.25625,4.4584375,8
2018KAST02,Ihor Kastranets (Ігор Кастранець),29,64,2018,2026,3.15015625,4.52171875,8
2017SZUL01,Mateusz Szulik,42,64,2017,2024,4.57484375,6.23140625,7
2019BAXE02,Nikolas Baxevanis,34,64,2019,2026,3.869375,5.198125,7
2018AGAB03,Asset Agabekov,32,64,2019,2026,4.72625,6.63359375,7
2019PETT01,Canyon Pettitt,31,64,2019,2026,2.898125,3.93734375,7
2018YUAN02,Anqi Yu,30,64,2018,2025,3.92125,5.3003125,7
2019JIME10,Aurelio Sanchez Jimenez,28,64,2019,2026,3.95890625,5.43265625,7
2019CRIP01,Jordan Crippa,58,64,2021,2026,10.13296875,12.80078125,5
2021CARL01,Alve Carlqvist,39,64,2021,2026,3.8475,5.3190625,5
2021GROH01,Vojtěch Grohmann,29,64,2021,2026,3.2296875,4.71625,5
2022KUCA01,Joe Kucala,53,64,2022,2026,11.2303125,15.620625,4
2021BEDN01,Kinga Bednarska,43,64,2022,2026,4.66421875,6.07953125,4
2022FIOL01,Krystian Fiołek,41,64,2022,2026,4.84421875,6.3696875,4
2022GOME12,Marco Criado Gómez,36,64,2022,2026,5.5396875,7.6528125000000005,4
2022WILS04,Noah A. Wilson,36,64,2022,2026,4.59640625,6.1615625,4
2021SREC01,Jakov Srečković,31,64,2022,2026,3.12265625,4.074375,4
2022HAIN04,Cillian Hainbach,29,64,2022,2026,3.29921875,4.81046875,4
2022MIED01,Héctor Sanchis Miedes,26,64,2022,2026,2.8923437499999998,3.80546875,4
2023GIPS01,Kenji Gipson-Nahman,43,64,2023,2026,4.8490625,6.93953125,3
2022GARC12,Nuria Soria García,41,64,2023,2026,6.90515625,9.69140625,3
2023BERN07,Florian Bernard,37,64,2023,2026,5.11234375,6.71640625,3
2023YILU01,Luis Tan Hong Yi (陈宏溢),34,64,2023,2026,3.12375,4.20953125,3
2022PANT01,Samuel Panteon,28,64,2022,2025,4.0478125,5.83328125,3
2023LIUY04,Yening Liu (刘烨宁),28,64,2023,2026,2.46921875,3.36234375,3
2010CORM02,Louis Cormier,37,63,2011,2026,4.447777777777778,5.651746031746032,15
2009SEIM02,Vegard Seim Karstang,30,63,2010,2025,5.941746031746032,8.146349206349207,15
2015SRIN02,Swami Srinivasan,60,63,2015,2026,11.37968253968254,15.257619047619048,11
2007WOOR01,Riley Woo,54,63,2012,2023,6.634285714285714,9.015555555555556,11
2015SETT01,Fabian Settelen,50,63,2015,2026,7.810476190476191,10.235555555555557,11
2015CLAU02,Carson Claud,41,63,2015,2026,6.183492063492063,8.467936507936509,11
2015TRAC01,Olivia Trace,40,63,2015,2026,4.203968253968254,5.8901587301587295,11
2009ROHR01,Michael Röhrer,47,63,2009,2019,7.756190476190476,10.726666666666667,10
2010OREL02,Gonzalo Orellana Barrasa,37,63,2013,2023,4.552063492063492,6.282539682539682,10
2016PERS01,Ordway Persyn,34,63,2016,2026,4.8834920634920636,6.419841269841269,10
2016SIUM01,Marcus Siu,30,63,2016,2026,3.8614285714285717,5.274126984126984,10
2017GOLD01,Daniel Goldstein,56,63,2017,2026,7.834761904761904,9.903968253968255,9
2017FONS04,Jan Fonš,42,63,2017,2026,6.694126984126984,8.933968253968255,9
2018SANT46,Denniel Santos,39,63,2018,2026,5.153492063492064,6.963015873015873,8
2018LIAN10,Ephraim Lim Shao Liang (林绍良),36,63,2018,2026,2.87,4.2936507936507935,8
2018BATS01,Buyantogtokh Batsaikhan (Батсайхан Буянтогтох),35,63,2018,2026,4.84,6.442222222222222,8
2015HIGH01,Liam Highducheck,33,63,2018,2026,3.9614285714285713,5.312063492063492,8
2016LUIJ01,Olivier van Luijk,36,63,2016,2023,3.0466666666666664,4.234761904761905,7
2019REDI02,Dominic Redisi,30,63,2019,2026,3.4444444444444446,4.880952380952381,7
2013RUIX02,Xiaobin Rui (芮晓彬),33,63,2013,2019,5.534285714285715,7.1998412698412695,6
2014SURE11,Anirudh Sureshram,31,63,2014,2019,5.349682539682539,7.34047619047619,5
2019XIEJ05,Jie-Yu Xie (謝傑宇),28,63,2020,2025,2.786031746031746,3.872063492063492,5
2022KYKE01,Kévin Ky,46,63,2022,2026,6.4274603174603175,8.474920634920634,4
2021WALC02,Miles Walcott,39,63,2022,2026,4.764920634920635,7.042539682539682,4
2022CORT01,Lars Corthout,36,63,2022,2026,4.4779365079365085,6.167142857142856,4
2022RELA01,Shrey Relan,32,63,2022,2026,3.8776190476190475,5.520793650793651,4
2023PERR04,Thibaud Perrin,40,63,2023,2026,5.060634920634921,6.578571428571428,3
2022MAYF01,Boyd Mayfield,39,63,2022,2025,5.316507936507937,7.347936507936508,3
2018CHEN05,Ash Chen,30,63,2023,2026,2.394285714285714,3.831587301587301,3
2009SANT01,Simone Santarsiero,49,62,2009,2026,8.811612903225807,11.061451612903225,17
2010JUNL02,Leow Yi Jun (廖艺畯),54,62,2010,2026,7.428709677419355,10.562096774193549,16
2010VILL03,Robbie Villarica,43,62,2010,2025,4.865322580645161,6.48258064516129,15
2009KITM01,Mok Man Kit (莫文傑),50,62,2010,2024,6.752096774193548,9.751129032258065,14
2012SEVE01,Ainesh Sevellaraja,37,62,2012,2026,3.9012903225806452,5.400967741935484,14
2013PASS01,Piyush Passi,52,62,2013,2025,9.17741935483871,12.154516129032258,12
2009CHRI03,Nora Christ,49,62,2009,2020,10.954032258064515,14.26,11
2015CHHA03,Aryan Chhabra,38,62,2015,2026,6.940806451612903,9.609516129032258,11
2014PUGH01,Benjamin Pugh,36,62,2014,2025,4.819516129032258,6.669838709677419,11
2016PATR03,Tristan Patrick,46,62,2016,2026,7.658870967741936,10.71951612903226,10
2016TYBE01,Andrew Tyberg,44,62,2016,2026,7.455322580645162,10.100645161290323,10
2016MUNO13,Lucía Pascual Muñoz,42,62,2016,2026,7.267258064516129,9.846129032258066,10
2016SERR09,David Sánchez Serrano,41,62,2016,2026,7.842741935483871,10.51258064516129,10
2012SATH01,Abhishek Sathyanarayanan,32,62,2012,2022,6.533870967741936,8.84725806451613,10
2015ZHYD01,Vladyslav Zhydkov (Владислав Жидков),30,62,2015,2025,3.9116129032258065,5.587580645161291,10
2016BEAU03,Maria Beausang,56,62,2017,2026,10.481774193548388,15.106612903225807,9
2017PIET01,Kristiāns Pietkuns,40,62,2017,2026,6.356774193548387,8.68016129032258,9
2017BOHN01,Jack Bohning,31,62,2017,2026,2.8320967741935483,4.103548387096774,9
2017KALL01,Sai Deepak Kalla,29,62,2017,2026,4.163709677419354,5.594516129032258,9
2017NOVA05,João Luiz Melo Novaes,57,62,2018,2026,15.694032258064516,22.11774193548387,8
2018KRIZ01,Jan Křížka,57,62,2018,2026,9.378387096774194,14.619516129032258,8
2016KIMD05,DaYeong Kim (김다영),48,62,2018,2026,7.063870967741935,9.060322580645161,8
2018ANGE01,Karl Matthew Angeles,38,62,2018,2026,2.9783870967741937,4.511290322580645,8
2017PEAR01,Luke Pearson,33,62,2017,2025,3.599838709677419,5.008709677419355,8
2013MICH02,Patrycja Michalska,56,62,2014,2021,11.709193548387097,5.335483870967742,7
2016JANO01,Jēkabs Janovs,29,62,2016,2023,4.123709677419354,5.710806451612903,7
2019CUTT01,Elizabeth Cutting,39,62,2019,2025,6.369354838709677,9.30516129032258,6
2017PIME01,Sergio Minaya Pimentel,35,62,2017,2023,5.042419354838709,6.785967741935484,6
2014OMIA01,Igor Ośmiałowski,33,62,2014,2020,5.206774193548387,6.19258064516129,6
2019BUIT01,Victoria Alejandra Zambrano Buitrago,33,62,2019,2025,5.6214516129032255,7.425161290322581,6
2021WALS04,Nuadha Walsh,37,62,2021,2026,6.387419354838709,8.579354838709676,5
2021DOHE02,Kalin Doherty,33,62,2021,2026,3.712258064516129,5.612580645161291,5
2021FORB01,Harry Forbes,26,62,2021,2026,3.7816129032258066,5.3593548387096765,5
2014PARR02,Berta García Parra,36,62,2015,2019,5.960806451612903,7.703064516129031,4
2022KEDZ01,Ryszard Kędziora,35,62,2022,2026,3.640806451612903,4.942096774193549,4
2022MAOA01,Andrew Mao,32,62,2022,2026,1.7174193548387098,2.415967741935484,4
2022GIES01,Cai Giesinger,30,62,2022,2026,3.9048387096774193,5.222903225806451,4
2022PETO02,Bence Pető,29,62,2022,2026,2.303548387096774,3.036774193548387,4
2021STAW01,Tomasz Stawowy,47,62,2021,2024,7.320483870967742,10.421935483870968,3
2023STRA33,Eduardo Ribeiro Strauch,38,62,2023,2026,5.608225806451612,7.921935483870969,3
2016FANG01,Shenghai Fang (方胜海),35,62,2016,2019,5.1009677419354835,6.868709677419355,3
2023REDD01,Nirmal Reddy,32,62,2023,2026,3.8525806451612903,5.065322580645161,3
2021HUAN02,Shuda Huang (黄黍达),27,62,2023,2026,1.7416129032258065,2.3649999999999998,3
2024DUNN01,Emmett Dunn,31,62,2024,2026,2.8466129032258065,4.182258064516129,2
2010GREG01,Jure Gregorc,34,61,2010,2025,5.171639344262296,7.130163934426229,15
2010GAFF01,Garret von Gaffron,40,61,2010,2024,7.430491803278688,9.54950819672131,14
2012IVAN03,Fyodor Ivanov,32,61,2012,2025,4.737049180327869,6.442295081967213,13
2014MAGA02,Benjamin Sanchez Magaña,33,61,2014,2026,4.8649180327868855,7.248032786885246,12
2015BANA01,Raúl Banacloche Biot,43,61,2015,2026,9.202622950819672,12.58262295081967,11
2014ARUM01,PK Arumugam,39,61,2015,2025,6.35983606557377,8.76327868852459,10
2009KASU01,Sanio Kasumovic,58,61,2010,2019,13.16344262295082,17.544754098360656,9
2011SCHU06,Sam Schultz,55,61,2011,2020,7.372131147540983,10.275901639344262,9
2015PAVE01,Daniel Pavelich,46,61,2016,2025,6.390983606557377,8.38655737704918,9
2015DEEJ01,Jasper Alvin Dee,40,61,2015,2024,5.840163934426229,8.142131147540983,9
2017ELEF02,Michael Eleftheriades,39,61,2017,2026,5.199180327868852,7.216393442622951,9
2010MAJO01,Tim Major,32,61,2010,2019,4.497049180327869,6.068360655737705,9
2017SALA07,Ronald Fernando Remuzgo Salazar,30,61,2017,2026,3.2896721311475408,4.616065573770491,9
2016SHIX02,Xinjie Shi (施鑫杰),29,61,2016,2025,3.5072131147540984,4.751475409836065,9
2018BERR01,Fletcher Berry,47,61,2018,2026,7.337377049180327,10.272786885245901,8
2018SMIT42,Dan Smith,46,61,2018,2026,9.40622950819672,11.918032786885245,8
2018HAOL01,Litao Hao (郝立涛),27,61,2018,2026,2.5298360655737704,3.7793442622950817,8
2019FARD01,Hennie Færden,42,61,2019,2026,8.54704918032787,12.090983606557376,7
2019IGNA05,Javier Ignacio,42,61,2019,2026,4.000983606557377,5.320819672131147,7
2012JAME04,Daniel James,37,61,2013,2020,7.025573770491803,8.629180327868852,7
2018HENN02,Baptiste Hennuy,37,61,2019,2026,6.69344262295082,8.771639344262296,7
2019THAN05,Krishanth Thangarathan,37,61,2019,2026,5.887213114754099,7.8988524590163935,7
2019BIRK01,Asbjørn Brummer Birkelund,36,61,2019,2026,4.264918032786886,6.349180327868853,7
2019BEGU01,José Miguel Beguiristain,29,61,2019,2026,4.639836065573771,6.188524590163935,7
2019KONI03,Flurin König,41,61,2020,2026,5.459180327868852,7.733606557377049,6
2021SUSL01,Natan Suslowicz,29,61,2021,2026,3.9534426229508197,5.463770491803279,5
2012ZAKR01,Amelia Zakrzewska,57,61,2022,2026,9.217868852459016,11.319180327868853,4
2021ZAJD01,Ada Zajder,45,61,2021,2025,4.297377049180327,5.7372131147540975,4
2022POYE01,Pablito Poye,39,61,2022,2026,4.518032786885247,6.41672131147541,4
2022RYLA01,Vincent Rylander,36,61,2022,2026,4.200655737704918,5.561311475409836,4
2022HANT01,Thiago Han,34,61,2022,2026,3.223114754098361,4.453442622950819,4
2022LEET03,Theodore Harris Powers Lee,33,61,2022,2026,3.685737704918033,5.0304918032786885,4
2022MCGR02,Hugo McGrath,32,61,2022,2026,4.848360655737705,6.629672131147541,4
2022OLSE07,Nilias Samuel Olsen,32,61,2022,2026,5.232950819672131,7.142950819672131,4
2022ZUUR01,Florine Zuur,31,61,2022,2026,2.6398360655737707,3.4344262295081966,4
2022SILV08,Luan Philippe Da Silva,30,61,2022,2026,4.3947540983606554,6.022131147540984,4
2022NUNE03,Matias Marcantoni-Nunez,28,61,2022,2026,3.400655737704918,4.815573770491803,4
2013JOKI01,Kim Jokinen,27,61,2013,2017,3.471967213114754,4.811639344262295,4
2023CLIN01,Doyle Cline,45,61,2023,2026,10.0827868852459,13.056393442622952,3
2023CREA02,Christian Crea,34,61,2023,2026,3.425901639344262,4.452459016393443,3
2022JAHA03,Alim Jahangırov,32,61,2023,2026,3.7209836065573767,5.016065573770492,3
2023HOST01,Leny De Pablo Hosty,32,61,2023,2026,4.133770491803278,5.5244262295081965,3
2023ROBI10,Daniel Robinson,31,61,2023,2026,4.5732786885245895,6.557377049180328,3
2023ROEP01,Isak Gylling Roepstorff,30,61,2023,2026,2.7991803278688523,3.931311475409836,3
2022CALD07,Noah Calderon-Kamata,27,61,2022,2025,3.656065573770492,5.1080327868852455,3
2022CAPI02,Kyle Capiral,60,61,2023,2025,9.451475409836066,12.390327868852458,2
2013CZEC02,Dominik Czechowski,44,60,2013,2026,7.686333333333334,8.634833333333335,13
2014BAIR01,Ray Bai,38,60,2014,2026,4.805166666666667,7.033,12
2014LOPE04,Antonio López,32,60,2014,2026,5.308333333333334,7.015666666666666,12
2004KRIG01,Gunnar Krig,50,60,2005,2016,8.670833333333333,11.313666666666668,11
2014PATT02,Thomas Patterson,30,60,2014,2025,4.398,5.839166666666667,11
2016ARVI04,Dante Wallin Arvidsson,35,60,2016,2026,5.930166666666667,7.7218333333333335,10
2014BARR02,Gabriel Barrios,32,60,2014,2024,3.9938333333333333,5.602333333333333,10
2015SAIF01,Aamir Saifee,28,60,2015,2025,4.7,6.512666666666666,10
2016JRAC01,Ace Djun T. Aguirre Jr.,43,60,2016,2025,3.996166666666667,5.318,9
2017MILL02,Carson Miller,39,60,2017,2026,6.025666666666667,8.064166666666667,9
2017MOHA05,Vishal Mohanraju,30,60,2017,2026,3.4451666666666667,4.701,9
2018COOK04,John Cook,59,60,2018,2026,14.501333333333333,17.854666666666667,8
2018MULL07,Hannes Müller,37,60,2018,2026,6.2251666666666665,8.792666666666666,8
2015GONS01,James Gonsalves,36,60,2016,2024,6.707666666666666,8.926166666666667,8
2017LAWR04,Timothy Lawrance,35,60,2018,2026,5.8919999999999995,7.9615,8
2018EKST01,Ethan Ekstrom,35,60,2018,2026,4.820666666666667,6.460333333333334,8
2017KOTA01,Jacob Kotai,32,60,2017,2025,2.5003333333333333,3.5098333333333334,8
2019MYSL01,Szymon Myśliński,38,60,2019,2026,4.012666666666666,5.6755,7
2019BORO03,Šimon Borovský,35,60,2019,2026,5.667666666666666,7.938833333333333,7
2021KOZA01,Maciej Kozar,40,60,2021,2026,3.9635000000000002,5.553,5
2021HARR02,Joel Harrop,30,60,2021,2026,3.5746666666666664,4.848666666666667,5
2022KIER01,Joanna Kierznikiewicz,50,60,2022,2026,6.267166666666667,8.251333333333333,4
2022JARO01,Martyna Jarosz,48,60,2022,2026,5.905333333333333,7.832833333333332,4
2022KORI01,Adam Kořínek,43,60,2022,2026,7.850333333333333,10.1685,4
2021ZHAN52,Martin Zhang (张镐轩),36,60,2021,2025,6.424333333333333,8.604666666666667,4
2022SLIW01,Filip Śliwa,36,60,2022,2026,3.92,5.553,4
2022HINC01,Felix Hincks,33,60,2022,2026,5.517833333333333,7.577166666666667,4
2022LECL01,Medard Lecluyse,32,60,2022,2026,3.5405,4.97,4
2022KAKA01,Hrishikesh Kakati,30,60,2022,2026,2.454,3.5084999999999997,4
2022VUCE02,Toms Edvards Vucens,30,60,2022,2026,5.232,7.095666666666667,4
2013WUFA03,Fazhen Wu (吴法臻),29,60,2015,2019,4.285166666666667,5.7255,4
2022MEYE01,Lucas Meyer,28,60,2022,2026,3.5585,4.9315,4
2023SHIV05,Sid Shivnath,35,60,2023,2026,3.454,4.751333333333333,3
2022BRKI02,Matej Brkić,33,60,2022,2025,3.8613333333333335,4.995666666666667,3
2022SCHE13,Emanuel Schelin,33,60,2023,2026,3.367166666666667,5.137666666666666,3
2022OZSV01,Eli Ozsvath,30,60,2022,2025,3.760166666666667,5.343166666666666,3
2023HAME02,Leah Hamende,27,60,2023,2026,3.4891666666666667,4.711666666666667,3
2008LEEF01,Felix Lee,32,59,2008,2024,4.088474576271186,5.461864406779661,16
2013JEZI01,Szymon Jeziorski,44,59,2013,2025,8.037966101694915,7.916271186440678,12
2011ZAKA01,Achmad Rizki Zakaria,37,59,2011,2023,5.446610169491525,7.183050847457627,12
2014BANS01,Saumya Bansal,24,59,2014,2026,5.541016949152542,7.310847457627118,12
2013SANT13,Sergio Torrijos Santano,43,59,2014,2025,10.02728813559322,14.17271186440678,11
2007SUGA01,Nobuaki Suga (菅信昭),46,59,2008,2017,6.5794915254237285,8.86762711864407,9
2017MCKE02,Aidan McKenzie,45,59,2017,2026,5.333220338983051,6.763728813559322,9
2016STAB01,Fabian Staber,37,59,2017,2026,6.193728813559322,8.270677966101694,9
2017YOUN10,Kaius Young,35,59,2017,2026,5.41,7.327966101694916,9
2017MEEN01,Imruthun Meenakshisundaram,34,59,2017,2026,5.092542372881356,6.746440677966102,9
2016JERO01,Charles Jerome,33,59,2016,2025,4.093389830508475,5.566440677966102,9
2017ENGE01,Amiel Engel,33,59,2017,2026,3.8098305084745765,5.094915254237288,9
2017SUTT01,Titus Sutterfield,26,59,2017,2026,2.830508474576271,3.902542372881356,9
2017KOCH08,Tyler Kochy,37,59,2017,2025,4.54,6.287796610169492,8
2015JANS02,Simon Jansson,35,59,2015,2023,5.601186440677966,7.434406779661017,8
2017KLAU01,William Klauer,31,59,2017,2025,3.519830508474576,4.816101694915254,8
2016LIPS01,Adriano Matoba Lipski,41,59,2016,2023,7.0637288135593215,9.797966101694916,7
2012MEES01,Tiemen De Meester,38,59,2012,2019,9.451186440677967,13.394915254237288,7
2017SWAI01,Adam Swaine,38,59,2017,2024,5.846440677966101,8.233898305084747,7
2019FUJI09,Tiago Akihiro Fujita,35,59,2019,2026,3.489661016949152,4.822203389830508,7
2017GAYN01,John Gaynor,28,59,2017,2024,2.5445762711864406,3.4591525423728813,7
2018TURR01,Jacob Turrubiartes,27,59,2019,2026,3.0884745762711865,4.531525423728814,7
2008PLAC01,Niki Placskó,58,59,2014,2020,12.610338983050847,16.9735593220339,6
2019DIAS02,Mario Armando Takahashi Martins Dias,31,59,2019,2025,2.6888135593220337,3.6228813559322033,6
2018OLAN01,Nathan Olano,25,59,2018,2024,3.7572881355932206,5.075593220338983,6
2021LUUL01,Linh Son Luu,32,59,2021,2026,5.8294915254237285,7.680677966101694,5
2021YEPU01,Putian Ye (叶溥天),32,59,2021,2026,5.4891525423728815,7.450508474576271,5
2020BELA01,Badr Ait Belaid,30,59,2020,2025,3.9903389830508478,4.515932203389831,5
2021PHIL05,Nathan Phillips,29,59,2021,2026,3.724237288135593,5.085762711864406,5
2022MONT30,Arturo Lizama Montoya,52,59,2022,2026,11.038305084745762,13.383898305084745,4
2022ANDE01,Mitchell Anderson,40,59,2022,2026,5.359491525423729,7.23271186440678,4
2022THOM38,MJ Thomas,35,59,2022,2026,4.311864406779661,5.903728813559322,4
2014DRAP01,Jeffrey Draper,31,59,2014,2018,4.208644067796611,5.492881355932203,4
2022PLUG01,Jonathan Plug,29,59,2022,2026,1.8428813559322035,2.615762711864407,4
2022BUTL02,Kellan Butler,28,59,2022,2026,3.376779661016949,4.887288135593221,4
2022RUDA02,Roman Rudakov,26,59,2022,2026,3.3628813559322035,4.761694915254237,4
2022JONE01,Cooper Jones,25,59,2022,2026,2.8610169491525426,3.9393220338983053,4
2022CUBI01,Shanty Rodríguez,49,59,2023,2026,8.284915254237289,11.680508474576271,3
2023MEZA02,Miguel Ángel Meza,46,59,2023,2026,6.941186440677965,10.025762711864406,3
2023ZHEC01,Yanniko Zhechev,37,59,2023,2026,4.706779661016949,6.746271186440677,3
2023PALL04,Varnika Sri Palli,35,59,2023,2026,5.306949152542373,6.897966101694916,3
2023BASL02,Kryštof Basl,34,59,2023,2026,4.674067796610169,6.5442372881355935,3
2023SOUS01,Enzo Perez De Sousa,33,59,2023,2026,5.4403389830508475,7.30271186440678,3
2023PENF01,Nicholas Penfold,32,59,2023,2026,5.092203389830509,6.773050847457627,3
2022BOLD01,Loris Boldi,29,59,2023,2026,2.739830508474576,3.7518644067796614,3
2023SANA04,Juan David Blanco Sanabria,29,59,2023,2026,5.602372881355932,7.08,3
2023LOPE06,Ian Yazid Zavala,27,59,2023,2026,3.7476271186440675,5.262372881355932,3
2024GUTI02,Sergio Camilo Estupiñán Gutiérrez,40,59,2024,2026,7.5486440677966105,10.02135593220339,2
2014PEAR02,Maverick Pearson,33,58,2014,2026,5.137586206896552,6.908620689655172,12
2015HUAN48,Cary Huang,46,58,2015,2026,5.870862068965517,8.252413793103448,11
2015FIRE01,Hubert Firek,44,58,2015,2026,6.743620689655172,8.742931034482758,11
2010PERE05,Erik Román Pérez,41,58,2010,2021,8.870862068965517,11.199655172413793,11
2011DWYE02,Nathan Dwyer,38,58,2011,2022,5.314310344827587,7.1803448275862065,11
2013CISN01,Enrymar Cisneros,36,58,2014,2025,8.068103448275862,10.898965517241379,11
2014HUTF01,Frederik Hutfleß,34,58,2015,2026,5.442758620689656,7.5696551724137935,11
2016DICK03,Eng Dickson (黄迪胜),50,58,2016,2026,7.928793103448276,11.71448275862069,10
2009KOBA02,Yuuki Kobayashi (古林祐輝),40,58,2013,2023,5.09551724137931,6.955,10
2016FLOR24,Axel Flordal,46,58,2016,2025,10.486724137931034,12.561724137931035,9
2017NGOC03,Casey Ngo,36,58,2017,2026,5.858965517241379,8.408275862068965,9
2005ZOLN01,Tomasz Żołnowski,50,58,2008,2016,11.354310344827585,8.280689655172415,8
2016LEEM02,Matt Lee,36,58,2016,2024,5.685344827586207,8.155862068965517,8
2015IVAN03,Oleksandr Ivanchak (Олександр Іванчак),32,58,2015,2023,6.182413793103448,8.225344827586207,8
2018AZEV03,Pedro Azevedo,32,58,2018,2026,5.337413793103448,7.142758620689656,8
2018LONC01,Gustavo Alonso Sandoval Loncón,31,58,2018,2026,2.827931034482759,3.9258620689655173,8
2016MANZ01,Jack Manzo,30,58,2016,2024,3.701206896551724,5.116379310344827,8
2016LIJU02,Junlin Li (李俊霖),29,58,2016,2024,4.696034482758621,6.1482758620689655,8
2016SMUL01,Mika Smulders,39,58,2016,2023,5.837068965517242,8.730862068965518,7
2019HEID03,Thomas Heiden,29,58,2019,2026,3.0665517241379314,4.441034482758621,7
2021ABRA02,Max Abramoff,39,58,2021,2026,5.840000000000001,8.231551724137931,5
2021PIER01,Thomas Pierroz,39,58,2021,2026,6.705689655172414,9.375172413793104,5
2021JOVA01,Ilija Jovanovic,30,58,2021,2026,2.8075862068965516,3.87448275862069,5
2022OZYN01,Stanisław Ożyński,47,58,2022,2026,5.573275862068965,7.507068965517241,4
2022NECU01,Anais Isabelle Necula,35,58,2022,2026,4.557413793103448,6.16,4
2022SILV37,David Andron-Silva,33,58,2022,2026,2.277068965517241,3.2156896551724135,4
2022KUMA30,Thamaneeswar Sathesh Kumar,29,58,2022,2026,3.738103448275862,5.2667241379310346,4
2022ANDZ01,Miłosz Andzel,27,58,2022,2026,2.498965517241379,3.6767241379310347,4
2019WUBO01,Bo-Yan Wu (吳柏彥),25,58,2022,2026,1.9529310344827586,2.6879310344827587,4
2023GABA01,Szymon Gabara,41,58,2023,2026,4.177586206896552,5.6498275862068965,3
2021ZHUR03,Ronnie Jinxuan Zhu (朱缙轩),32,58,2021,2024,5.301379310344828,7.317241379310345,3
2022ARAM01,Ron G. Arama,27,58,2023,2026,2.7839655172413793,3.8532758620689656,3
2022POWE01,Johannes Djupedal Power,26,58,2022,2025,5.831896551724138,7.7348275862068965,3
2023YITI01,Evan Tan Yitian (陈奕添),23,58,2023,2026,2.2263793103448277,3.038448275862069,3
2007COHE01,Dan Cohen,43,57,2007,2025,5.871228070175439,8.579473684210527,18
2010BOUV01,Pierre Bouvier,34,57,2010,2026,6.716491228070175,9.056491228070175,16
2008CHOI04,Ilkyoo Choi (최일규),56,57,2011,2026,11.543508771929824,15.974912280701755,15
2012LEWI01,Phillip Lewicki,41,57,2013,2025,5.941929824561403,8.167017543859648,12
2012HUGH01,Dylan Hughlett,30,57,2012,2024,4.59280701754386,6.008070175438596,12
2013FRON01,Martin Fronescu,37,57,2014,2025,2.6012280701754387,3.508771929824561,11
2015SZEL01,Kacper Szeląg,34,57,2015,2026,4.4435087719298245,5.531228070175438,11
2008CABA03,Jakub Cabaj,37,57,2009,2019,6.545964912280702,8.119824561403508,10
2014WENG01,Zicong Weng (翁子聪),37,57,2014,2023,6.215087719298245,8.189298245614035,9
2016MART09,Eduardo Antonio Lara Martínez,31,57,2017,2026,5.607719298245613,7.87140350877193,9
2010SCHI01,Reinier Schippers,43,57,2010,2018,8.337894736842106,11.842105263157896,8
2016MORO03,Jhair Moron Gejaño,39,57,2016,2024,7.581228070175438,10.286666666666667,8
2018SZUS01,Eddie Szuster,36,57,2018,2026,5.125789473684211,7.043684210526316,8
2018BAKE07,Chaeli Baker,33,57,2018,2026,6.167368421052632,8.218947368421054,8
2018JOHN49,Zachary Johnson,30,57,2018,2026,4.651578947368421,6.4617543859649125,8
2017XURU04,Ruihang Xu (许瑞航),26,57,2017,2025,3.041578947368421,4.255614035087719,8
2018GODI01,Ivan Ros Godia,40,57,2018,2025,7.582105263157895,10.191754385964911,7
2019IGNA02,Alexandru Ignat,37,57,2019,2026,6.345263157894737,8.406315789473684,7
2019BROW09,Fabian Browa,31,57,2019,2026,4.614912280701755,6.0931578947368426,7
2019SICH01,Oliver Michael Sitja Sichel,31,57,2019,2026,4.479824561403508,6.3933333333333335,7
2016TIMO02,Đorđe Timotijević,27,57,2019,2026,3.5485964912280705,4.917543859649123,7
2019URBA01,Tobiasz Urbanowicz,24,57,2019,2026,2.935263157894737,3.9343859649122805,7
2017BASH04,Alexander Bashutkin,36,57,2018,2024,3.0457894736842106,4.491754385964913,6
2019AXEL01,Herman Axelsson,34,57,2019,2025,6.202105263157894,8.529649122807017,6
2017GARC63,Kevin Carrillo García,29,57,2018,2024,5.539649122807018,7.721929824561403,6
2019MACK01,Hunter Mackler,29,57,2019,2025,3.7159649122807017,5.144736842105263,6
2013STAC01,Kacper Stacha,37,57,2013,2018,6.390000000000001,7.862456140350877,5
2013WANG69,Bo Wang (王擘),34,57,2014,2019,5.843859649122807,7.582105263157895,5
2021SHEN01,Edwin Shen,27,57,2021,2026,4.216140350877193,6.132807017543859,5
2022CRIB01,Zachary Cribb,34,57,2022,2026,4.790350877192982,6.535087719298246,4
2022DONA04,Ishan Donavalli,34,57,2022,2026,4.3875438596491225,6.197543859649123,4
2022QUEM01,Antoine Quemerais,33,57,2022,2026,3.8517543859649126,5.217017543859649,4
2022GUIL06,Hugo Guillet,30,57,2022,2026,5.056842105263158,6.573508771929824,4
2022GRIS03,Julian Daza Grisales,29,57,2022,2026,4.784736842105263,6.5382456140350875,4
2022FODS01,Jonathan Björck Fodstad,28,57,2022,2026,5.306842105263158,7.399649122807017,4
2021DUNA01,Brendyn Dunagan,25,57,2022,2026,2.1143859649122807,3.3766666666666665,4
2022GIBS04,Lachlan Gibson,25,57,2022,2026,3.673684210526316,5.2894736842105265,4
2023GONZ18,Aragon Martin Gonzales,37,57,2023,2026,2.2496491228070172,3.141578947368421,3
2022BERG13,Idris Berghout,34,57,2022,2025,3.3524561403508772,4.62719298245614,3
2023GESM01,Dylan Gesmundo,32,57,2023,2026,4.377719298245614,5.944210526315789,3
2023CELL01,Yago Malleiro Cellitti,29,57,2023,2026,3.363859649122807,4.619122807017544,3
2023MODJ01,Wasu Modjang (วสุ โหมดแจ้ง),26,57,2023,2026,2.9233333333333333,3.936315789473684,3
2024LEEJ08,Jovan Lee,25,57,2024,2026,2.1475438596491228,3.0238596491228074,2
2005KOSE01,Fumiki Koseki (古関章記),48,56,2006,2026,7.132142857142857,9.398571428571428,20
2012BALI01,Kobe Balin,46,56,2012,2026,7.7317857142857145,11.139285714285714,14
2012BARA03,Vladislavs Baranovs,38,56,2012,2026,6.717678571428571,8.93517857142857,14
2009METH01,Brady Metherall,35,56,2011,2024,5.830892857142857,7.8774999999999995,13
2013HENA01,Pi Sevilla Hernández,44,56,2013,2025,8.280178571428571,10.96625,12
2014ISSE01,Antoine Isselin,42,56,2014,2026,6.481428571428571,8.87375,12
2015IYER03,Ansh Iyer,27,56,2015,2026,5.730714285714286,7.761071428571428,11
2015KULK06,Rahul Kulkarni,25,56,2015,2026,5.779642857142856,7.325178571428571,11
2016SUBI02,Xènia Subirats,43,56,2016,2026,7.247142857142857,10.078035714285715,10
2013BULM01,JP Bulman,33,56,2013,2023,4.836428571428571,6.4191071428571425,10
2015YANG23,Cheng-Ru Yang,24,56,2015,2025,3.82,5.644821428571428,10
2015SYFR01,Marco Syfrig,48,56,2015,2024,9.873035714285715,12.399285714285714,9
2017OTOO03,Seán O'Toole,44,56,2017,2026,10.04625,14.022678571428571,9
2009DIMP01,Mariano D'Imperio,35,56,2009,2018,6.633392857142858,8.661785714285715,9
2017MINJ03,Minjun Kim (김민준),29,56,2017,2026,2.404821428571428,3.3885714285714283,9
2017STEW08,Jack Flynn Stewart,29,56,2017,2026,3.2842857142857143,4.6346428571428575,9
2017YANR02,Ruimin Yan (颜瑞民),49,56,2017,2025,7.329821428571429,9.093571428571428,8
2016SLEZ01,Gábor Slezák,42,56,2017,2025,6.280892857142858,8.593214285714286,8
2011CHEN54,Yuxuan Chen,39,56,2017,2025,5.938214285714286,8.028035714285714,8
2017BRAS01,Luca Brasini,38,56,2017,2025,7.339642857142857,9.01982142857143,8
2018KODA01,Muhammad Faeyza Koda,35,56,2018,2026,3.86875,5.273392857142857,8
2018FRAN26,Filip Barbirič Frank,34,56,2018,2026,5.149642857142857,7.114821428571429,8
2016LAGO04,Mykhailo Lagoida (Михайло Лагойда),26,56,2016,2024,4.232857142857143,5.8825,8
2018CEPI01,Tomasz Cepil,35,56,2018,2025,4.345535714285714,5.731607142857143,7
2019ERDE14,Khangai Erdenebileg,28,56,2019,2026,3.0749999999999997,4.2196428571428575,7
2016PARE03,Noah Paredes,29,56,2016,2022,4.896071428571429,6.321428571428571,6
2009SPIE01,Niklas Spies,33,56,2009,2014,4.8808928571428565,6.704464285714286,5
2022BOLE01,Idan Bolesto,42,56,2022,2026,6.083571428571429,7.8567857142857145,4
2021WALS03,Iollan Walsh,34,56,2021,2025,6.045,7.713928571428572,4
2022STEU03,Félicien Steux,29,56,2022,2026,2.8267857142857147,3.9794642857142857,4
2022CUIA01,Auric Cui,28,56,2022,2026,4.408035714285714,5.929821428571429,4
2023MILL12,Eli Miller,39,56,2023,2026,7.769821428571428,10.963214285714287,3
2019LINJ04,Jaidon Poraminthara Lin (เจเดิ้น ปรมินทร์ หลิน),38,56,2022,2025,4.579821428571428,6.285178571428572,3
2022PINO01,Diego Garcia Pino,31,56,2022,2025,5.846785714285715,7.4887500000000005,3
2023LAND18,Nestor Alexander Florez Landinez,28,56,2023,2026,4.748571428571429,6.492321428571429,3
2023BEYA01,Juan José Ramírez Beyaert,27,56,2023,2026,3.5539285714285715,5.231964285714286,3
2023FOGU01,Aleix Foguet,25,56,2023,2026,2.595535714285714,3.8557142857142854,3
2012MARC01,Borislav Marchovski,36,55,2012,2026,6.119272727272727,8.216,14
2012ZHAN08,Anyu Zhang (张安宇),44,55,2013,2026,6.7299999999999995,8.599636363636364,13
2012SOLH02,Jonatan Solheim,33,55,2012,2024,7.915272727272727,11.104909090909091,12
2015CHAN37,Max Chan,37,55,2015,2026,4.2736363636363635,5.846181818181819,11
2011SOLA01,Jose Angel Montesa Solaz,36,55,2012,2023,6.116,8.225636363636363,11
2015ANDA01,Daryl Tan Hong An,33,55,2015,2026,3.590727272727273,4.777636363636363,11
2013GONZ05,Eki Gartzia González,27,55,2013,2024,5.203636363636363,7.648545454545455,11
2014TAMI01,Roy Tamir,25,55,2014,2025,3.456363636363636,4.774909090909091,11
2015YAOY02,Yining Yao (姚祎宁),24,55,2015,2026,2.94,4.023818181818182,11
2015NICH04,AJ Nicholls,54,55,2016,2026,13.65709090909091,17.871272727272725,10
2016AQUI02,Jose Polorhenzo Aquino,40,55,2016,2026,3.0629090909090912,4.437818181818182,10
2015MAJE01,Marek Majerik,38,55,2015,2025,7.427272727272728,9.827272727272728,10
2016HINS02,Shek Ho Hin (石灝軒),38,55,2016,2026,4.899818181818182,6.9452727272727275,10
2016BERL03,Dilan Lautaro Almora Berlanga,37,55,2016,2026,6.814909090909091,9.278545454545455,10
2016RUCI01,Marcel Ručigaj,33,55,2016,2026,5.9363636363636365,8.129636363636363,10
2015FAVA01,Alessandro Fava,31,55,2015,2025,3.9,5.109090909090909,10
2014ESCO02,Daniel Escobar,28,55,2014,2024,6.68690909090909,8.81181818181818,10
2017GRZE01,Kacper Grzelakowski,43,55,2017,2026,5.546181818181819,6.395818181818181,9
2016CATR01,Psyron Eubert Catral,37,55,2016,2025,3.0069090909090908,4.184,9
2014ZAUS01,Krystian Załuski,36,55,2014,2023,5.432909090909091,6.637636363636363,9
2017CHAN47,Vianne Chang,35,55,2017,2026,5.525272727272727,7.21909090909091,9
2017LYSK01,Adam Łyskawa,35,55,2017,2026,4.641636363636364,6.2949090909090915,9
2014TONO01,Aharon Campoli Tono,34,55,2014,2023,6.414,8.179636363636364,9
2017DAVI03,Katie Moughan,33,55,2017,2026,6.083090909090909,8.100181818181818,9
2016HENR02,Irenco Peña Henríquez,31,55,2016,2025,5.220545454545454,7.212000000000001,9
2017CHEN28,Yiyun Chen (陈毅昀),27,55,2017,2026,3.558,4.874727272727273,9
2017WARR04,Benjamin Warry,23,55,2017,2026,2.566,3.7985454545454544,9
2018MEND18,Sara García Mendes,41,55,2018,2026,7.249636363636364,10.009818181818181,8
2016WIJS01,Victor Wijsman,35,55,2016,2024,5.124,6.8981818181818175,8
2018WANG35,Guanbo Wang (王冠博),33,55,2018,2026,4.290363636363637,6.181818181818182,8
2018PERR04,Rémi Perrin,32,55,2018,2026,4.641636363636364,5.8732727272727265,8
2014NIGU02,Guillermo Cascales Ñíguez,30,55,2015,2023,5.3090909090909095,7.381636363636364,8
2017HANS09,Jake M. Hanson,23,55,2017,2025,3.355272727272727,4.576363636363636,8
2018KRIS28,Sri Ganesh Krishna,44,55,2019,2026,6.222363636363637,9.01290909090909,7
2008WOJT01,Marek Wójtowicz,41,55,2008,2015,8.812363636363637,7.380181818181819,7
2011LIMA01,Allyson Dias de Lima,34,55,2012,2019,6.856545454545455,9.71890909090909,7
2018OROP01,Gamaliel Jimenez Oropeza,29,55,2019,2026,3.9345454545454546,5.356909090909091,7
2013COLI02,Victor Colin,41,55,2013,2019,7.4452727272727275,10.06109090909091,6
2019REGO03,Amber Regoor,29,55,2019,2025,4.186909090909091,6.358545454545454,6
2018BUDH01,Yash Budhiraja,28,55,2019,2025,3.9496363636363636,5.600545454545454,6
2013PING01,Anant Pingle,27,55,2013,2019,7.20309090909091,9.40781818181818,6
2019SANC20,Samuel Martinez Sanchez,33,55,2021,2026,6.269454545454545,9.128181818181819,5
2015TELL01,Pedro Alejandro Condo Tellez,28,55,2015,2020,4.676727272727273,6.0929090909090915,5
2022LOFB01,Anton Löfberg,39,55,2022,2026,7.549636363636364,10.337272727272726,4
2013FENG02,Zijia Feng (冯子甲),33,55,2013,2017,5.980181818181818,8.334181818181818,4
2020REDD01,Siddharth Reddy,31,55,2022,2026,4.683454545454546,6.910909090909091,4
2022HAMI04,Cy Hamilton,29,55,2022,2026,3.755454545454546,5.3127272727272725,4
2022KIRS01,James Kirschner,28,55,2022,2026,4.274181818181819,5.9763636363636365,4
2022SIME04,Jonathan Hummel Simensen,26,55,2022,2026,4.740909090909091,6.842727272727273,4
2022SOZA01,Tymon Sozański,37,55,2022,2025,5.821272727272728,8.328545454545454,3
2022JAME02,Greyson James,28,55,2022,2025,3.5601818181818183,5.235818181818182,3
2023RUNG01,Phumiphat Rungvichaniwat (卢釣丰),27,55,2023,2026,2.8241818181818186,3.8234545454545454,3
2023VONT01,Saharsh Sai Vontela,27,55,2023,2026,2.8741818181818184,3.870181818181818,3
2016JAIN04,Naman Jain,26,55,2017,2020,5.412181818181819,6.814181818181818,3
2022GOUR01,Neil Gour,30,55,2022,2024,5.000363636363636,6.662181818181819,2
2011CHAN13,Swaminathan Chandrasekaran,29,54,2011,2025,5.217037037037038,6.778333333333332,14
2012HOFL01,Julian Höfler,28,54,2012,2026,4.694814814814815,6.159814814814815,14
2013NELS01,Tom Nelson,38,54,2013,2026,7.602777777777778,10.495185185185186,13
2014JIAN10,Leia Jiang,35,54,2014,2026,5.647777777777778,7.507037037037037,12
2014CHOR01,Ryan Minjun Cho,28,54,2014,2026,3.2383333333333333,4.641851851851852,12
2015VIRA02,Azhar Virani,39,54,2015,2026,7.191666666666667,9.568333333333335,11
2016AREL01,Luis Andrei Castillo Arellano,26,54,2016,2026,4.141481481481481,5.532777777777778,10
2017LIXI13,Xiang Li (李响),41,54,2017,2026,6.763518518518519,7.588148148148148,9
2016SUBI01,Erik Subirats,34,54,2017,2026,5.915925925925926,8.145185185185184,9
2015ZHOU07,Qi Zhou (周祺),31,54,2016,2025,5.643518518518518,7.29074074074074,9
2017BENE05,Botond Benedek,30,54,2017,2026,5.146851851851852,6.842222222222222,9
2017SRIV11,Lakshmi Sai Srivatsa,29,54,2017,2026,5.236481481481481,7.020370370370371,9
2012CRIC01,Bruno Galati Paladino Cricelli,28,54,2013,2022,4.886111111111112,6.775555555555555,9
2017DOHE01,Tom Doherty,26,54,2017,2026,3.347592592592593,4.572222222222222,9
2017MART94,Víctor Adán Solis Martinez,25,54,2017,2026,4.611666666666666,6.196296296296297,9
2018ONGJ01,Joseph Ong,37,54,2018,2026,5.844259259259259,8.078703703703704,8
2017KROK01,Bartłomiej Krokos,33,54,2018,2026,4.348333333333334,5.741851851851852,8
2017KWAN05,Burno Li Chak Kwan (李澤堃),27,54,2018,2026,3.0012962962962964,4.116851851851852,8
2018TURE01,Anatolii Turenko,38,54,2018,2025,4.980740740740741,6.354444444444444,7
2019THAN04,Aadhiran Thangarathan,36,54,2019,2026,7.342962962962963,9.997222222222222,7
2018SZOS01,Filip Szostak,35,54,2018,2025,5.172037037037037,6.936111111111111,7
2019STEL01,Serban Stelian,34,54,2019,2026,4.212777777777778,5.561851851851851,7
2019RATT02,Louis-Marie Ratto,26,54,2019,2026,2.7074074074074073,3.7918518518518516,7
2020ASMU01,Takeru Victor Muto Asmund,34,54,2020,2026,7.266481481481481,9.583518518518519,6
2015MIKH04,Farid Mikhailov,29,54,2015,2021,4.776111111111112,6.412037037037037,6
2017HONG17,Jinseo Hong,28,54,2017,2023,2.599074074074074,3.3342592592592593,6
2019BILA03,Mohamed Bilal,26,54,2019,2025,3.036111111111111,4.382222222222222,6
2021FINK01,Cormac Finke,38,54,2021,2026,7.7662962962962965,11.175185185185185,5
2005BATI01,Milán Baticz,35,54,2007,2012,6.6664814814814815,7.867222222222222,5
2022SCHA04,Niklas von Schantz,39,54,2022,2026,8.481666666666667,11.50111111111111,4
2021SHET02,Dhruv M. Sheth,33,54,2022,2026,5.165925925925926,6.897592592592593,4
2022RUBI10,Zack Rubio,31,54,2022,2026,4.562222222222222,6.054444444444444,4
2014MILE01,Patryk Milewczyk,49,54,2023,2026,8.852777777777778,10.723148148148148,3
2023OSTM01,Lukas Östman,39,54,2023,2026,4.2646296296296295,5.758333333333333,3
2023AMBR04,Frederik Ambrosi,33,54,2023,2026,5.1325925925925935,6.683703703703704,3
2022SHAY03,Muhammad Shayan,32,54,2022,2025,5.337777777777778,6.771666666666667,3
2023DOJT01,Marek Dojtrowski,31,54,2023,2026,3.625185185185185,4.978333333333333,3
2023LOPE09,Jordi Lleixà López,30,54,2023,2026,4.764444444444444,6.662777777777778,3
2022PREC01,Dennis Preciado,29,54,2022,2025,4.815555555555556,6.763333333333334,3
2023STRO13,Alec Stromberg,21,54,2023,2026,3.3537037037037036,4.413703703703704,3
2023CASA08,Thomas Cabezas,38,54,2023,2025,7.645925925925926,10.983148148148148,2
2010YIDA01,Dana Yi,46,53,2011,2026,6.355471698113207,8.530943396226414,15
2011LOHE01,Jessica Lohe,48,53,2011,2025,13.354905660377357,16.47,14
2013MART02,Rubén Moreno Martinez,45,53,2013,2026,9.652830188679246,12.134150943396227,13
2008MAND01,Nikhil Mande,33,53,2011,2024,8.84622641509434,11.692264150943398,13
2014ANIS01,Ilya Anishchanka,27,53,2014,2026,4.321509433962264,5.847924528301887,12
2015COHE02,Alex Cohen,49,53,2015,2025,8.830943396226415,11.274528301886791,10
2016HOLD04,Joanna Hołdakowska,44,53,2016,2026,6.874150943396226,7.5171698113207555,10
2015BROM01,Yorick Brommer,38,53,2015,2025,9.329056603773585,11.824339622641508,10
2016RUIZ05,Iker Carrasco Ruiz,36,53,2016,2026,7.094905660377358,10.018867924528301,10
2016PRES04,Matt Prestwich,31,53,2016,2026,5.452641509433962,7.350566037735849,10
2016MEZI01,Thibaut Mézières,29,53,2016,2026,4.076037735849057,5.473018867924528,10
2016NIJU01,Chun-Pao Ni (倪君寶),42,53,2016,2025,6.9581132075471706,9.851509433962264,9
2017MEJI03,Luis David Hernández Mejía,38,53,2017,2026,8.744528301886792,11.984150943396227,9
2015WYSS01,Dimitri Wyss,36,53,2016,2025,5.772264150943396,7.758679245283019,9
2016LIJI01,Jingbin Li (李晶斌),35,53,2017,2026,5.559811320754717,7.915283018867925,9
2014OCHA01,Bartosz Ochał,34,53,2014,2023,6.961698113207547,7.801698113207547,9
2016ATTA01,Fayad Hafiz Attaqi,31,53,2017,2026,4.576792452830189,5.9575471698113205,9
2017PRES04,Louis Presti,30,53,2017,2026,3.5549056603773583,4.853396226415095,9
2015NAZA02,Ilya Nazarov,27,53,2015,2024,3.079433962264151,4.3192452830188675,9
2016OTGO01,Orgil Otgonbayar (Отгонбаяр Оргил),27,53,2016,2025,4.033962264150944,5.694339622641509,9
2016CUAT02,Angel Omar Pérez Cuate,22,53,2016,2025,3.2249056603773583,4.388301886792453,9
2018TILL02,Jean-Charles Tillit,45,53,2018,2026,9.663773584905659,13.180377358490567,8
2015TKAC02,Jakub Tkaczyk,38,53,2018,2026,5.311698113207547,6.98377358490566,8
2017CONN04,Catherine Connolly,34,53,2018,2026,5.192264150943396,7.055471698113207,8
2018ALAM08,Leon Marcell Alamanda,33,53,2018,2026,3.5756603773584903,4.937735849056604,8
2016HAMB02,Brian Hambeck,30,53,2018,2026,3.0479245283018868,4.076792452830189,8
2018CRUZ17,Ricardo Zapata Cruz,26,53,2018,2026,4.855094339622641,6.66245283018868,8
2018LEAJ01,AJ Le,26,53,2018,2026,3.028679245283019,4.48566037735849,8
2019NOBL01,Tom Noble,40,53,2019,2026,6.727169811320755,9.723207547169812,7
2018GONZ25,Luka Arce González,32,53,2018,2025,5.215849056603774,7.550188679245283,7
2018LJUB01,Jakov Ljubicic,29,53,2018,2025,4.487924528301887,6.317735849056604,7
2012SILV07,Marcos Vinícius Vieira Takahashi da Silva,28,53,2012,2019,5.509245283018868,7.384150943396227,7
2015KOEN01,Christian König,28,53,2015,2022,3.714150943396226,5.029999999999999,7
2019KATO02,József Katona,25,53,2019,2026,3.01188679245283,4.0628301886792455,7
2018BECK05,Cade Beck,34,53,2019,2025,5.391132075471698,7.52377358490566,6
2020SCHU01,Maarten Schuil,26,53,2020,2026,2.8813207547169815,3.9075471698113207,6
2016GUND05,Dmitry Gundin,32,53,2017,2022,3.6233962264150943,4.763584905660378,5
2010DAVI06,Julian David,31,53,2011,2016,4.279622641509434,5.684905660377359,5
2021CHOD01,Daniel Cho,40,53,2022,2026,5.529245283018868,7.809245283018868,4
2022TICK01,Pierce Tickle,37,53,2022,2026,6.55377358490566,9.100754716981132,4
2022RIPP01,Luke Ripperger,36,53,2022,2026,6.684528301886792,9.673962264150944,4
2013KOKS01,Serhii Koksharov (Сергій Кокшаров),33,53,2013,2017,8.204716981132076,11.493773584905659,4
2022PADU02,Chris Padua,33,53,2022,2026,3.0066037735849056,4.333773584905661,4
2022CORB03,Leonardo Corbelli,32,53,2022,2026,3.4626415094339626,4.804528301886792,4
2022NAYS02,Jimi Naysmith,29,53,2022,2026,6.692830188679245,8.643962264150943,4
2022ERIK02,Kasper Eriksson,28,53,2022,2026,4.234716981132076,5.994716981132076,4
2023LEPA01,Callie LePage,31,53,2023,2026,6.418490566037736,8.80811320754717,3
2023BOIS02,Charles Bois,29,53,2023,2026,3.898867924528302,5.796415094339622,3
2013ANDE04,Rasmus Andersson,27,53,2015,2018,5.131320754716981,6.963396226415094,3
2023ABAB01,Roland Ababat,27,53,2023,2026,3.8858490566037736,5.2924528301886795,3
2023SCOT07,Drake I. Scott,27,53,2023,2026,5.69622641509434,7.966603773584906,3
2022JOHU01,Gregory Soo Jo-Huang (苏祖煌),26,53,2022,2025,2.708679245283019,3.710566037735849,3
2022JONE11,Kyle Jones,26,53,2023,2026,3.168490566037736,4.9294339622641505,3
2023MINB01,Becky Foo Zhi Min,26,53,2023,2026,3.0011320754716984,4.203018867924528,3
2023MONT04,Miguel Martínez Montañes,23,53,2023,2026,4.132264150943396,5.791698113207547,3
2022PRIN09,Zoei Principe,48,53,2023,2025,6.899245283018868,9.512264150943397,2
2024SUBI01,Gabriel Subion,38,53,2024,2026,4.1513207547169815,5.9547169811320755,2
2024DORO01,Lev Azaria Doron,28,53,2024,2026,3.9667924528301888,5.2679245283018865,2
2022SLOA01,Jaye Sloan,24,53,2022,2024,3.468490566037736,4.8164150943396224,2
2024LIZI01,Zizhen Li (李子贞),23,53,2024,2026,2.121698113207547,2.7422641509433965,2
2010LAND01,Angel Arrioja Landa,30,52,2011,2026,6.115961538461539,8.525192307692308,15
2009OSTA01,Roman Ostapenko (Роман Остапенко),34,52,2010,2024,7.033076923076924,9.408846153846154,14
2012ELLI01,Keaton Ellis,39,52,2012,2024,6.194423076923077,8.649807692307693,12
2013WIKO01,Kacper Wiłkojć,37,52,2013,2025,6.473076923076923,8.728461538461538,12
2014POLL01,Samuel Pollom,25,52,2014,2026,3.879230769230769,4.8926923076923075,12
2015GREI01,Daniel Greigg,35,52,2015,2026,5.071538461538462,6.644615384615384,11
2012WERB01,Sebastian Werb,30,52,2012,2023,5.9119230769230775,7.846923076923077,11
2013GAWA01,Abhi Gawande,28,52,2013,2024,6.633269230769231,8.795192307692307,11
2012QUIB01,Louie Jay Quibote,47,52,2015,2025,6.693269230769231,9.3625,10
2015BEUG01,David Beugnon,33,52,2016,2026,6.640192307692308,9.194230769230769,10
2014LEZA02,Bruno Lezama,28,52,2015,2025,5.336346153846154,7.032884615384615,10
2015MCAC01,Teri McAcy,28,52,2015,2025,3.977307692307692,5.598461538461539,10
2016SORI04,Luigi Soriano,37,52,2016,2025,4.353846153846154,6.2244230769230775,9
2010SHIX01,Xin Shi (石欣),31,52,2014,2023,5.96326923076923,8.268461538461539,9
2016ROSS04,Alejandro Marze Rossel,31,52,2016,2025,6.220769230769231,7.481538461538462,9
2016DEMU01,Chloé Demuynck,29,52,2016,2025,4.579615384615384,5.88,9
2017LOUY01,Yunhao Lou (娄云皓),28,52,2017,2026,4.360192307692308,5.778653846153846,9
2017NOEL03,Lukas Noel,24,52,2017,2026,4.549615384615385,6.194999999999999,9
2018KHAN27,Ibrahim Khanani,44,52,2018,2026,7.8798076923076925,10.785769230769231,8
2015CHEN20,Austin Chen,33,52,2015,2023,4.503269230769231,6.046346153846153,8
2018FRAN09,Bryan Frank,30,52,2018,2026,2.5140384615384614,3.3696153846153845,8
2018PONT03,Matías Ponte,29,52,2018,2026,4.5925,6.417884615384616,8
2017TANG19,Aolin Tang (唐奥林),26,52,2018,2026,3.636346153846154,4.914423076923077,8
2019SLES02,Robert Ślesicki,51,52,2019,2026,9.743653846153846,12.212499999999999,7
2019GONZ22,Alisson Gonzalez,48,52,2019,2026,14.368269230769231,17.5975,7
2012NIKO01,Kyyarkhan Nikolaev,26,52,2013,2020,4.083846153846154,5.301730769230769,7
2019BELL10,Jack Bellomy,25,52,2019,2026,2.7001923076923076,3.5657692307692304,7
2019DOCK02,Kaden Christopher Dockins,24,52,2019,2026,4.14,5.803846153846154,7
2019HEBE01,Maciej Hebel,39,52,2019,2025,5.446538461538462,7.260384615384615,6
2013BOGD04,Tomek Bogdanik,31,52,2013,2019,5.696346153846154,7.178269230769231,6
2013ZHEN02,Jinhao Zheng (郑金昊),27,52,2013,2019,5.7159615384615385,7.5836538461538465,6
2018CENT02,Giovanni Centili,25,52,2019,2025,2.7280769230769226,3.699230769230769,6
2020BROW01,Jake Brown,24,52,2020,2026,3.1538461538461537,4.447692307692308,6
2017SUND09,Waldemar Sundin,21,52,2017,2023,4.486538461538462,6.195961538461538,6
2015ISAZ01,Alejandro Isaza,22,52,2015,2020,3.153461538461538,4.262692307692308,5
2021GASP01,Elisa Gasperotti,48,52,2022,2026,12.165576923076923,14.863076923076923,4
2022CARU02,Jacob Carubia,38,52,2022,2026,4.882307692307692,6.848846153846154,4
2022TORR12,Fernando Granado Torres,34,52,2022,2026,5.9659615384615385,8.213653846153846,4
2021HART04,Lucas Hart,33,52,2022,2026,4.84173076923077,6.520192307692308,4
2022KEAT02,Tadhg Keating,32,52,2022,2026,6.161346153846154,8.190576923076923,4
2022OTTO02,Emma Ottosson,31,52,2022,2026,5.913076923076924,7.9501923076923084,4
2022SZCZ03,Johanna Szczesny,31,52,2022,2026,6.6905769230769225,9.551346153846154,4
2019VALL10,Tea Raimondi Vallesi,30,52,2021,2025,5.521923076923077,7.276153846153846,4
2021KHAN05,Zuhair Raiyan Khan,30,52,2022,2026,4.916346153846154,6.868076923076923,4
2021OTSU01,Jamie Otsu,29,52,2022,2026,3.9553846153846157,5.994230769230769,4
2022VENH01,Nanno Venhorst,29,52,2022,2026,3.710384615384615,5.170384615384616,4
2021ROBE04,Regan Roberts,27,52,2022,2026,4.602884615384616,6.046538461538462,4
2016ZHAO28,Junze Zhao (赵俊泽),24,52,2016,2020,4.395384615384615,5.703461538461538,4
2022SAWA01,Liam Sawade,24,52,2022,2026,3.134423076923077,4.158653846153846,4
2022CORR06,Jack Corr,31,52,2022,2025,5.3925,7.181153846153847,3
2020MOCO01,Conan Mo,30,52,2021,2024,5.435192307692308,7.413269230769231,3
2022RAMI15,Ledger Ramirez,30,52,2023,2026,3.8473076923076923,5.791923076923077,3
2023DOMI21,Paweł Dominiczak,29,52,2023,2026,3.316923076923077,4.421346153846153,3
2022LOVE06,Paige Lovell,28,52,2022,2025,6.514807692307692,9.369807692307692,3
2023FOXM01,Monty Fox,27,52,2023,2026,4.762307692307693,6.572307692307692,3
2022ALEU01,Ot Caminals Aleu,25,52,2023,2026,4.405,6.099615384615385,3
2022PETE24,Anders Peterson,24,52,2023,2026,3.7961538461538464,5.032307692307692,3
2024TREE01,Patomkal Treemek (ปฐมกาล ตรีเมฆ),26,52,2024,2026,2.822307692307692,4.125961538461539,2
2015JENK02,Oliver Jenks,45,51,2015,2026,11.146274509803922,14.017450980392157,11
2014SANC19,Rafael Antonio Sanchez,29,51,2015,2026,4.83078431372549,6.5154901960784315,11
2015CHAV08,Omkar Chavan,24,51,2015,2026,5.888039215686275,8.495098039215685,11
2016ACUN04,Brian Acuña,38,51,2016,2026,5.313137254901961,7.166078431372548,10
2013MORR03,Christopher Morris,34,51,2013,2023,7.27,10.046470588235294,10
2009ARSA01,Riadi Arsandi,32,51,2009,2019,4.301176470588236,5.503529411764706,10
2016GROS06,Christophe Grosjean,45,51,2016,2025,9.092745098039217,11.289607843137254,9
2010LINZ03,Ziyuan Lin (林子源),39,51,2012,2021,7.56156862745098,9.851372549019608,9
2014HEYO01,Young He (何嘉炀),39,51,2016,2025,6.142352941176471,8.189607843137255,9
2017MATT06,Sandro Mattenberger,38,51,2017,2026,5.4619607843137254,7.86078431372549,9
2016THOM01,Jaden Thompson,31,51,2017,2026,3.899803921568627,4.843333333333333,9
2011SELZ01,Dan Selzer,51,51,2011,2019,9.461764705882354,12.393333333333333,8
2017SCHM13,Nicolas Schmied,46,51,2018,2026,9.056862745098039,12.508235294117647,8
2011BENZ01,Boriss Benzerruki,29,51,2011,2019,5.378235294117648,7.083137254901961,8
2017NITE01,Vaishnav Nitesh,29,51,2017,2025,5.063725490196078,6.7513725490196075,8
2017ZHAN21,Songtao Zhang (张松涛),27,51,2017,2025,3.4611764705882355,4.777058823529412,8
2018TORS01,Tor Torstensson,27,51,2018,2026,5.627450980392157,7.8133333333333335,8
2016ALBR01,John Albright,26,51,2016,2024,4.074313725490196,5.4896078431372555,8
2018SPIL01,Aaron Spiller,37,51,2018,2025,7.347450980392156,10.003725490196079,7
2019TERP01,Angelo Terpening,37,51,2019,2026,5.525490196078431,7.715294117647059,7
2017SHAR27,Shyngys Sharapadin (Шынгыс Шарападин),36,51,2017,2024,6.911764705882353,9.995294117647058,7
2018JERN01,Jakob Jernsletten,32,51,2018,2025,8.565882352941177,12.54156862745098,7
2018IMTI01,Muhammad Saleh Imtiaz,30,51,2018,2025,4.947843137254902,7.12156862745098,7
2018MILL08,Cameron Miller (梅克龍),25,51,2018,2025,2.5505882352941174,3.5505882352941174,7
2019REST01,Julián David Idárraga Restrepo,23,51,2019,2026,2.7196078431372546,3.833921568627451,7
2009KORB01,Björn Korbanka,41,51,2009,2015,10.166862745098038,13.683725490196078,6
2013VALE03,Rustam Valeev,34,51,2013,2019,6.959019607843138,9.193529411764706,6
2016MEUN02,Pierre Meunier,30,51,2018,2024,3.7439215686274507,5.332156862745098,6
2019CORO04,Giacomo Daniele Corò,29,51,2019,2025,5.238627450980393,7.213921568627452,6
2018CAST55,José Miguel Romero Castellón,27,51,2018,2024,6.552745098039216,8.247254901960785,6
2021CALZ01,Alessandro Calzoni,32,51,2021,2026,4.162549019607843,5.646274509803921,5
2010TANE01,Gaurav Taneja,30,51,2011,2016,8.133333333333333,11.077058823529411,5
2020MAYT01,Ingrit Mayta,27,51,2020,2025,4.404313725490196,5.75,5
2017KIRB01,Ben Kirby,21,51,2017,2022,3.8558823529411765,5.220392156862745,5
2022CORR05,Sergio Dorado,40,51,2022,2026,8.356470588235295,11.901372549019609,4
2022SAND23,Eli Sanderson,36,51,2022,2026,7.087058823529412,9.954901960784314,4
2022OBRA01,Marko Obradović,35,51,2022,2026,5.283725490196079,7.170784313725489,4
2017ILIN01,Maxim Ilin,33,51,2017,2021,4.675686274509804,6.463725490196078,4
2022CHES03,Luke Chestnutt,33,51,2022,2026,4.5621568627450975,6.421568627450981,4
2022CHIC02,Jack Chicoine,33,51,2022,2026,4.804705882352941,6.824117647058823,4
2022FERR16,Bastien Ferraud,31,51,2022,2026,5.857058823529411,7.448823529411764,4
2022LOOT01,Tim van Loo,28,51,2022,2026,4.824705882352942,6.797843137254902,4
2019NAYA01,Prabhav Rajaram Nayak,27,51,2022,2026,4.219803921568627,5.610196078431373,4
2022SHAR37,Colin Sharpe,25,51,2022,2026,4.241176470588235,5.960588235294118,4
2022SMED02,Wiktor Smędzik,24,51,2022,2026,2.4968627450980394,3.518039215686274,4
2022GORD03,Bryn Gordon,23,51,2022,2026,4.350196078431373,6.075294117647059,4
2023ANDR11,Radu Andrei Andrieș,32,51,2023,2026,4.4941176470588236,6.122941176470587,3
2023TANM02,Mark Louis Tan (陈小龙),32,51,2023,2026,3.7862745098039214,4.7750980392156865,3
2023SEEL02,Hubert Seelieb,31,51,2023,2026,3.6692156862745096,4.986666666666666,3
2022TALA03,Valentina Trinca Talalin,30,51,2022,2025,3.776862745098039,5.24235294117647,3
2023VILL48,Arabel•la Puig Villacorta,30,51,2023,2026,5.890196078431372,7.808039215686274,3
2016ZHAN45,Yunliang Zhang (张赟量),29,51,2016,2019,4.606862745098039,6.211568627450981,3
2023MODR01,Isaac Modrow,29,51,2023,2026,2.9892156862745094,4.321960784313725,3
2023MAUP01,Joshua Aaron Maupin,27,51,2023,2026,4.403529411764706,5.767647058823529,3
2023RATC01,Amolrada Ratchayakorn (อมลรดา รัฐชยากร),27,51,2023,2026,4.129019607843137,5.658039215686275,3
2023PECH02,Jakub Pecháč,21,51,2023,2026,2.664901960784314,3.8058823529411763,3
2022TURN10,Dan Turner,19,51,2022,2025,3.0694117647058823,4.035098039215686,3
2009SIEW01,Darren Siew Ee Yaang (蕭奕暘),39,50,2010,2023,6.252000000000001,8.3926,13
2015PESC01,Eric Pesci,29,50,2016,2026,4.8107999999999995,6.131,10
2017KELL10,TJ Kelly,46,50,2017,2026,8.337200000000001,11.288,9
2017HOIU01,Serhii Hoiuk (Сергій Гоюк),35,50,2017,2026,6.856599999999999,10.2334,9
2015YASI02,Ryan Yasinko,31,50,2016,2025,4.3814,6.234,9
2011ENCK01,Dennis van Enckevort,36,50,2011,2019,8.4672,8.4214,8
2014NERK01,Stanley Nerkowski IV,35,50,2014,2022,5.2398,7.066599999999999,8
2017BORG02,Gabriel Bergue,32,50,2017,2025,5.327999999999999,7.744199999999999,8
2018WASI02,Mateusz Wasil,28,50,2018,2026,3.2563999999999997,4.523,8
2018TUMY01,Peyton Tumy,25,50,2018,2026,3.5582,4.486599999999999,8
2011JESU01,Samuel Antônio Araújo de Jesus,23,50,2011,2019,3.6492,5.2286,8
2018GREE09,Oscar Coleman Green,32,50,2018,2025,7.4558,10.251,7
2019HOOG01,Roel Hoogeveen,31,50,2019,2026,5.892799999999999,8.19,7
2012CORO01,Giovanny Coronado,30,50,2013,2020,6.8436,9.1368,7
2019RETE01,Elijah Gabriel Ret,28,50,2019,2026,3.9964,5.28,7
2010WANG16,Lining Wang (王立宁),24,50,2012,2019,4.4204,5.6826,7
2017SUDA01,Pradeep Sudakar,22,50,2017,2024,5.029599999999999,7.0554,7
2015KOZH01,Vladislav Kozhin,33,50,2015,2021,4.8557999999999995,6.793200000000001,6
2019BONN05,Chris Bonnello,33,50,2020,2026,8.9152,12.1898,6
2016JOHN30,Keenan Johnson,31,50,2017,2023,5.0148,6.8466,6
2018DOLE01,Tamar Dolenjishvili,28,50,2018,2024,3.2914,4.3036,6
2019PEAR02,Viktor Pearl,28,50,2019,2025,3.4339999999999997,4.732200000000001,6
2018YADA02,Divij Yadav,25,50,2019,2025,3.8952,5.3713999999999995,6
2015MURN01,Diana Murnik,47,50,2016,2021,11.2176,14.1278,5
2019DAWI02,Laura Dawidiak,37,50,2021,2026,7.8006,10.6174,5
2019MOND02,Diego Hernandez Mondul,34,50,2019,2024,7.6524,10.0498,5
2015PABR01,Ujjawal Pabreja,32,50,2015,2020,6.2654,8.570599999999999,5
2021MATA01,Levi Benjamin Matara-Ng,26,50,2021,2026,4.242,6.0696,5
2022MERC04,Francis Yuel B. Merced,38,50,2022,2026,4.7208,6.5296,4
2022LEAV01,Orion Leavitt-Lytle,36,50,2022,2026,5.7094000000000005,7.9424,4
2022FAGE01,Thor Fagerström,28,50,2022,2026,4.8808,7.332000000000001,4
2016ABAE01,Fedor Abaev,27,50,2016,2020,4.671,5.642799999999999,4
2022SELL05,Luke Selle,24,50,2022,2026,4.3974,5.5992,4
2022MCCO09,Tiernan McCorry,23,50,2022,2026,3.0036,4.216,4
2021LOFT01,Enda Loftus,22,50,2021,2025,1.942,2.6818,4
2013KOWA04,Igor Kowalczyk,36,50,2014,2017,7.449400000000001,7.323200000000001,3
2023CIES01,Kazimierz Cieślak,36,50,2023,2026,4.4277999999999995,5.9958,3
2022LUCA01,Alfred Anthony Riise Lucas,28,50,2022,2025,6.0218,7.8668,3
2023CHIT13,Chinnakrit Chittanant (ชินกฤต ชิตตนันท์),25,50,2023,2026,2.86,4.0194,3
2023RODR31,Jose Miguel Valdes Rodriguez,25,50,2023,2026,2.7982,3.9246,3
2022LEHM02,Jonathan Karniala Lehmann,24,50,2022,2025,2.867,3.9388,3
2022POUR02,Netanel Pour,21,50,2022,2025,1.8641999999999999,2.6574,3
2023HIMM02,Dylan Himmelfarb,20,50,2023,2026,2.3028,3.4183999999999997,3
2024VASI03,Ville Vasilis,32,50,2024,2026,5.9846,8.427200000000001,2
2024GARC06,Lucía González Garcia-Moya,28,50,2024,2026,3.7336,5.19,2
