person_id,person_name,competition_date,average_seconds,seq_index
2008AURO01,Sébastien Auroux,2008-04-19,57.88,1
2008AURO01,Sébastien Auroux,2008-08-23,22.29,2
2008AURO01,Sébastien Auroux,2008-10-18,19.54,3
2008AURO01,Sébastien Auroux,2009-10-17,21.96,4
2008AURO01,Sébastien Auroux,2010-01-23,16.26,5
2008AURO01,Sébastien Auroux,2010-02-20,26.92,6
2008AURO01,Sébastien Auroux,2010-02-27,15.1,7
2008AURO01,Sébastien Auroux,2010-02-27,14.06,8
2008AURO01,Sébastien Auroux,2010-03-20,18.5,9
2008AURO01,Sébastien Auroux,2010-03-20,12.22,10
2008AURO01,Sébastien Auroux,2010-03-27,16.92,11
2008AURO01,Sébastien Auroux,2010-04-17,13.63,12
2008AURO01,Sébastien Auroux,2010-05-22,13.76,13
2008AURO01,Sébastien Auroux,2010-06-12,17.92,14
2008AURO01,Sébastien Auroux,2010-06-26,13.73,15
2008AURO01,Sébastien Auroux,2010-06-26,14.88,16
2008AURO01,Sébastien Auroux,2010-07-24,14.75,17
2008AURO01,Sébastien Auroux,2010-07-31,14.79,18
2008AURO01,Sébastien Auroux,2010-08-14,12.94,19
2008AURO01,Sébastien Auroux,2010-09-04,10.33,20
2008AURO01,Sébastien Auroux,2010-09-04,10.24,21
2008AURO01,Sébastien Auroux,2010-09-11,9.04,22
2008AURO01,Sébastien Auroux,2010-10-09,13.61,23
2008AURO01,Sébastien Auroux,2010-10-16,12.25,24
2008AURO01,Sébastien Auroux,2010-11-13,7.18,25
2008AURO01,Sébastien Auroux,2010-11-20,10.36,26
2008AURO01,Sébastien Auroux,2011-01-14,9.67,27
2008AURO01,Sébastien Auroux,2011-03-05,7.63,28
2008AURO01,Sébastien Auroux,2011-03-05,6.68,29
2008AURO01,Sébastien Auroux,2011-03-05,8.17,30
2008AURO01,Sébastien Auroux,2011-03-26,8.48,31
2008AURO01,Sébastien Auroux,2011-04-02,8.2,32
2008AURO01,Sébastien Auroux,2011-04-09,8.19,33
2008AURO01,Sébastien Auroux,2011-04-22,6.78,34
2008AURO01,Sébastien Auroux,2011-04-22,8.47,35
2008AURO01,Sébastien Auroux,2011-04-22,7.27,36
2008AURO01,Sébastien Auroux,2011-04-30,8.48,37
2008AURO01,Sébastien Auroux,2011-04-30,8.27,38
2008AURO01,Sébastien Auroux,2011-05-07,6.45,39
2008AURO01,Sébastien Auroux,2011-05-07,6.14,40
2008AURO01,Sébastien Auroux,2011-06-10,6.82,41
2008AURO01,Sébastien Auroux,2011-06-10,8.51,42
2008AURO01,Sébastien Auroux,2011-06-10,7.87,43
2008AURO01,Sébastien Auroux,2011-06-25,6.25,44
2008AURO01,Sébastien Auroux,2011-06-25,6.29,45
2008AURO01,Sébastien Auroux,2011-07-15,6.32,46
2008AURO01,Sébastien Auroux,2011-07-15,8.26,47
2008AURO01,Sébastien Auroux,2011-08-13,7.66,48
2008AURO01,Sébastien Auroux,2011-08-13,6.86,49
2008AURO01,Sébastien Auroux,2011-08-13,6.65,50
2008AURO01,Sébastien Auroux,2011-08-20,7.93,51
2008AURO01,Sébastien Auroux,2011-08-20,6.91,52
2008AURO01,Sébastien Auroux,2011-08-20,6.02,53
2008AURO01,Sébastien Auroux,2011-10-08,6.34,54
2008AURO01,Sébastien Auroux,2011-10-14,6.92,55
2008AURO01,Sébastien Auroux,2011-10-14,7.91,56
2008AURO01,Sébastien Auroux,2011-10-29,7.07,57
2008AURO01,Sébastien Auroux,2011-11-12,6.68,58
2008AURO01,Sébastien Auroux,2011-11-12,6.03,59
2008AURO01,Sébastien Auroux,2011-11-19,4.81,60
2008AURO01,Sébastien Auroux,2011-11-19,6.47,61
2008AURO01,Sébastien Auroux,2011-11-26,5.62,62
2008AURO01,Sébastien Auroux,2011-11-26,6.03,63
2008AURO01,Sébastien Auroux,2011-12-10,5.5,64
2008AURO01,Sébastien Auroux,2011-12-17,6.54,65
2008AURO01,Sébastien Auroux,2011-12-17,6.83,66
2008AURO01,Sébastien Auroux,2012-02-04,5.59,67
2008AURO01,Sébastien Auroux,2012-02-04,6.87,68
2008AURO01,Sébastien Auroux,2012-02-25,7.93,69
2008AURO01,Sébastien Auroux,2012-02-25,6.98,70
2008AURO01,Sébastien Auroux,2012-02-25,5.97,71
2008AURO01,Sébastien Auroux,2012-03-03,5.25,72
2008AURO01,Sébastien Auroux,2012-03-03,5.88,73
2008AURO01,Sébastien Auroux,2012-03-31,6.99,74
2008AURO01,Sébastien Auroux,2012-03-31,6.34,75
2008AURO01,Sébastien Auroux,2012-04-06,6.32,76
2008AURO01,Sébastien Auroux,2012-04-06,6.24,77
2008AURO01,Sébastien Auroux,2012-04-14,7.16,78
2008AURO01,Sébastien Auroux,2012-04-28,5.94,79
2008AURO01,Sébastien Auroux,2012-04-28,5.87,80
2008AURO01,Sébastien Auroux,2012-05-12,5.92,81
2008AURO01,Sébastien Auroux,2012-05-12,5.52,82
2008AURO01,Sébastien Auroux,2012-05-19,5.5,83
2008AURO01,Sébastien Auroux,2012-06-23,4.6,84
2008AURO01,Sébastien Auroux,2012-06-30,6.07,85
2008AURO01,Sébastien Auroux,2012-06-30,7.5,86
2008AURO01,Sébastien Auroux,2012-07-07,6.31,87
2008AURO01,Sébastien Auroux,2012-07-07,6.65,88
2008AURO01,Sébastien Auroux,2012-07-13,5.53,89
2008AURO01,Sébastien Auroux,2012-07-13,6.89,90
2008AURO01,Sébastien Auroux,2012-08-25,6.3,91
2008AURO01,Sébastien Auroux,2012-08-25,6.65,92
2008AURO01,Sébastien Auroux,2012-09-15,6.8,93
2008AURO01,Sébastien Auroux,2012-09-15,7.15,94
2008AURO01,Sébastien Auroux,2012-10-06,7.37,95
2008AURO01,Sébastien Auroux,2012-10-06,7.19,96
2008AURO01,Sébastien Auroux,2012-10-12,7.56,97
2008AURO01,Sébastien Auroux,2012-11-03,6.48,98
2008AURO01,Sébastien Auroux,2012-11-03,5.9,99
2008AURO01,Sébastien Auroux,2012-11-17,7.07,100
2008AURO01,Sébastien Auroux,2012-11-17,6.72,101
2008AURO01,Sébastien Auroux,2012-12-08,8.34,102
2008AURO01,Sébastien Auroux,2012-12-08,7.62,103
2008AURO01,Sébastien Auroux,2012-12-22,5.77,104
2008AURO01,Sébastien Auroux,2012-12-22,7.01,105
2008AURO01,Sébastien Auroux,2012-12-22,5.94,106
2008AURO01,Sébastien Auroux,2013-02-02,7.19,107
2008AURO01,Sébastien Auroux,2013-02-02,6.06,108
2008AURO01,Sébastien Auroux,2013-02-16,6.84,109
2008AURO01,Sébastien Auroux,2013-02-16,4.92,110
2008AURO01,Sébastien Auroux,2013-03-02,6.64,111
2008AURO01,Sébastien Auroux,2013-03-02,7.29,112
2008AURO01,Sébastien Auroux,2013-03-02,6.71,113
2008AURO01,Sébastien Auroux,2013-04-06,6.97,114
2008AURO01,Sébastien Auroux,2013-04-06,6.99,115
2008AURO01,Sébastien Auroux,2013-04-20,6.73,116
2008AURO01,Sébastien Auroux,2013-04-20,5.2,117
2008AURO01,Sébastien Auroux,2013-05-04,6.71,118
2008AURO01,Sébastien Auroux,2013-05-04,6.12,119
2008AURO01,Sébastien Auroux,2013-05-17,5.91,120
2008AURO01,Sébastien Auroux,2013-05-17,5.41,121
2008AURO01,Sébastien Auroux,2013-06-01,5.56,122
2008AURO01,Sébastien Auroux,2013-06-01,5.68,123
2008AURO01,Sébastien Auroux,2013-06-01,5.79,124
2008AURO01,Sébastien Auroux,2013-06-22,6.38,125
2008AURO01,Sébastien Auroux,2013-06-22,8.09,126
2008AURO01,Sébastien Auroux,2013-06-29,4.92,127
2008AURO01,Sébastien Auroux,2013-07-26,6.1,128
2008AURO01,Sébastien Auroux,2013-07-26,6.33,129
2008AURO01,Sébastien Auroux,2013-07-26,5.8,130
2008AURO01,Sébastien Auroux,2013-08-10,6.13,131
2008AURO01,Sébastien Auroux,2013-08-10,5.14,132
2008AURO01,Sébastien Auroux,2013-08-10,6.19,133
2008AURO01,Sébastien Auroux,2013-09-07,6.13,134
2008AURO01,Sébastien Auroux,2013-09-14,7.74,135
2008AURO01,Sébastien Auroux,2013-09-14,5.96,136
2008AURO01,Sébastien Auroux,2013-10-19,6.13,137
2008AURO01,Sébastien Auroux,2013-11-02,6.58,138
2008AURO01,Sébastien Auroux,2013-11-02,7.17,139
2008AURO01,Sébastien Auroux,2013-11-02,7.03,140
2008AURO01,Sébastien Auroux,2013-11-09,5.02,141
2008AURO01,Sébastien Auroux,2013-11-09,6.44,142
2008AURO01,Sébastien Auroux,2013-11-16,6.28,143
2008AURO01,Sébastien Auroux,2013-11-16,6.31,144
2008AURO01,Sébastien Auroux,2013-11-23,6.87,145
2008AURO01,Sébastien Auroux,2013-11-23,6.29,146
2008AURO01,Sébastien Auroux,2014-01-03,6.67,147
2008AURO01,Sébastien Auroux,2014-01-03,7.91,148
2008AURO01,Sébastien Auroux,2014-01-03,6.79,149
2008AURO01,Sébastien Auroux,2014-01-18,7.4,150
2008AURO01,Sébastien Auroux,2014-01-18,5.66,151
2008AURO01,Sébastien Auroux,2014-02-22,6.13,152
2008AURO01,Sébastien Auroux,2014-02-22,6.76,153
2008AURO01,Sébastien Auroux,2014-03-15,6.71,154
2008AURO01,Sébastien Auroux,2014-03-15,7.93,155
2008AURO01,Sébastien Auroux,2014-03-22,5.76,156
2008AURO01,Sébastien Auroux,2014-03-22,6.36,157
2008AURO01,Sébastien Auroux,2014-03-22,6.5,158
2008AURO01,Sébastien Auroux,2014-04-05,6.0,159
2008AURO01,Sébastien Auroux,2014-04-05,6.05,160
2008AURO01,Sébastien Auroux,2014-04-18,6.98,161
2008AURO01,Sébastien Auroux,2014-04-18,6.14,162
2008AURO01,Sébastien Auroux,2014-05-24,5.15,163
2008AURO01,Sébastien Auroux,2014-05-24,7.8,164
2008AURO01,Sébastien Auroux,2014-05-24,6.61,165
2008AURO01,Sébastien Auroux,2014-06-07,6.55,166
2008AURO01,Sébastien Auroux,2014-06-07,6.52,167
2008AURO01,Sébastien Auroux,2014-07-04,6.93,168
2008AURO01,Sébastien Auroux,2014-07-04,7.52,169
2008AURO01,Sébastien Auroux,2014-08-02,5.47,170
2008AURO01,Sébastien Auroux,2014-08-02,5.97,171
2008AURO01,Sébastien Auroux,2014-08-02,5.17,172
2008AURO01,Sébastien Auroux,2014-08-08,6.51,173
2008AURO01,Sébastien Auroux,2014-08-08,5.68,174
2008AURO01,Sébastien Auroux,2014-09-06,6.56,175
2008AURO01,Sébastien Auroux,2014-09-06,7.44,176
2008AURO01,Sébastien Auroux,2014-10-04,7.08,177
2008AURO01,Sébastien Auroux,2014-10-04,6.18,178
2008AURO01,Sébastien Auroux,2014-10-04,6.56,179
2008AURO01,Sébastien Auroux,2014-11-01,6.75,180
2008AURO01,Sébastien Auroux,2014-11-01,6.55,181
2008AURO01,Sébastien Auroux,2014-11-01,6.44,182
2008AURO01,Sébastien Auroux,2014-11-21,6.56,183
2008AURO01,Sébastien Auroux,2014-11-21,6.28,184
2008AURO01,Sébastien Auroux,2015-01-17,5.86,185
2008AURO01,Sébastien Auroux,2015-01-17,5.76,186
2008AURO01,Sébastien Auroux,2015-01-31,6.94,187
2008AURO01,Sébastien Auroux,2015-01-31,6.86,188
2008AURO01,Sébastien Auroux,2015-02-21,5.31,189
2008AURO01,Sébastien Auroux,2015-02-21,7.6,190
2008AURO01,Sébastien Auroux,2015-03-14,7.84,191
2008AURO01,Sébastien Auroux,2015-03-14,7.58,192
2008AURO01,Sébastien Auroux,2015-03-14,6.65,193
2008AURO01,Sébastien Auroux,2015-04-18,7.12,194
2008AURO01,Sébastien Auroux,2015-04-18,7.13,195
2008AURO01,Sébastien Auroux,2015-05-16,6.51,196
2008AURO01,Sébastien Auroux,2015-05-16,7.12,197
2008AURO01,Sébastien Auroux,2015-06-06,6.43,198
2008AURO01,Sébastien Auroux,2015-06-06,7.54,199
2008AURO01,Sébastien Auroux,2015-07-04,6.59,200
2008AURO01,Sébastien Auroux,2015-07-04,6.25,201
2008AURO01,Sébastien Auroux,2015-07-17,6.24,202
2008AURO01,Sébastien Auroux,2015-07-17,5.9,203
2008AURO01,Sébastien Auroux,2015-08-01,9.26,204
2008AURO01,Sébastien Auroux,2015-08-01,7.13,205
2008AURO01,Sébastien Auroux,2015-08-01,5.59,206
2008AURO01,Sébastien Auroux,2015-08-22,6.6,207
2008AURO01,Sébastien Auroux,2015-08-22,5.63,208
2008AURO01,Sébastien Auroux,2015-09-05,8.64,209
2008AURO01,Sébastien Auroux,2015-09-18,5.96,210
2008AURO01,Sébastien Auroux,2015-09-18,5.06,211
2008AURO01,Sébastien Auroux,2015-12-05,7.11,212
2008AURO01,Sébastien Auroux,2015-12-05,6.88,213
2008AURO01,Sébastien Auroux,2016-01-09,6.58,214
2008AURO01,Sébastien Auroux,2016-01-09,7.53,215
2008AURO01,Sébastien Auroux,2016-01-30,6.6,216
2008AURO01,Sébastien Auroux,2016-01-30,6.47,217
2008AURO01,Sébastien Auroux,2016-02-06,7.47,218
2008AURO01,Sébastien Auroux,2016-03-05,6.91,219
2008AURO01,Sébastien Auroux,2016-03-05,6.07,220
2008AURO01,Sébastien Auroux,2016-03-05,5.98,221
2008AURO01,Sébastien Auroux,2016-04-09,6.92,222
2008AURO01,Sébastien Auroux,2016-04-09,6.27,223
2008AURO01,Sébastien Auroux,2016-05-07,6.34,224
2008AURO01,Sébastien Auroux,2016-05-07,5.95,225
2008AURO01,Sébastien Auroux,2016-07-02,8.03,226
2008AURO01,Sébastien Auroux,2016-07-02,7.13,227
2008AURO01,Sébastien Auroux,2016-07-19,6.73,228
2008AURO01,Sébastien Auroux,2016-08-06,6.18,229
2008AURO01,Sébastien Auroux,2016-08-06,5.55,230
2008AURO01,Sébastien Auroux,2016-08-06,5.53,231
2008AURO01,Sébastien Auroux,2016-08-13,6.36,232
2008AURO01,Sébastien Auroux,2016-09-03,7.21,233
2008AURO01,Sébastien Auroux,2016-10-07,7.51,234
2008AURO01,Sébastien Auroux,2016-10-29,6.46,235
2008AURO01,Sébastien Auroux,2016-10-29,7.55,236
2008AURO01,Sébastien Auroux,2016-11-26,5.5,237
2008AURO01,Sébastien Auroux,2016-11-26,6.27,238
2008AURO01,Sébastien Auroux,2016-11-26,6.29,239
2008AURO01,Sébastien Auroux,2017-01-06,5.11,240
2008AURO01,Sébastien Auroux,2017-01-06,5.77,241
2008AURO01,Sébastien Auroux,2017-01-28,5.45,242
2008AURO01,Sébastien Auroux,2017-01-28,4.98,243
2008AURO01,Sébastien Auroux,2017-03-25,7.41,244
2008AURO01,Sébastien Auroux,2017-03-25,5.87,245
2008AURO01,Sébastien Auroux,2017-04-08,5.42,246
2008AURO01,Sébastien Auroux,2017-04-08,6.26,247
2008AURO01,Sébastien Auroux,2017-04-29,6.17,248
2008AURO01,Sébastien Auroux,2017-04-29,4.96,249
2008AURO01,Sébastien Auroux,2017-05-27,6.63,250
2008AURO01,Sébastien Auroux,2017-05-27,6.44,251
2008AURO01,Sébastien Auroux,2017-06-10,6.47,252
2008AURO01,Sébastien Auroux,2017-06-10,7.48,253
2008AURO01,Sébastien Auroux,2017-07-01,6.8,254
2008AURO01,Sébastien Auroux,2017-07-01,6.47,255
2008AURO01,Sébastien Auroux,2017-07-13,5.31,256
2008AURO01,Sébastien Auroux,2017-07-13,6.04,257
2008AURO01,Sébastien Auroux,2017-08-19,4.29,258
2008AURO01,Sébastien Auroux,2017-08-19,6.61,259
2008AURO01,Sébastien Auroux,2017-09-01,5.87,260
2008AURO01,Sébastien Auroux,2017-09-01,5.67,261
2008AURO01,Sébastien Auroux,2017-09-01,6.42,262
2008AURO01,Sébastien Auroux,2017-09-16,5.74,263
2008AURO01,Sébastien Auroux,2017-09-16,5.12,264
2008AURO01,Sébastien Auroux,2017-10-13,7.13,265
2008AURO01,Sébastien Auroux,2017-10-13,6.74,266
2008AURO01,Sébastien Auroux,2018-01-05,6.01,267
2008AURO01,Sébastien Auroux,2018-01-05,4.84,268
2008AURO01,Sébastien Auroux,2018-02-10,6.19,269
2008AURO01,Sébastien Auroux,2018-02-10,7.18,270
2008AURO01,Sébastien Auroux,2018-03-24,6.72,271
2008AURO01,Sébastien Auroux,2018-03-24,6.69,272
2008AURO01,Sébastien Auroux,2018-04-21,5.93,273
2008AURO01,Sébastien Auroux,2018-04-21,6.02,274
2008AURO01,Sébastien Auroux,2018-05-12,5.61,275
2008AURO01,Sébastien Auroux,2018-05-12,7.1,276
2008AURO01,Sébastien Auroux,2018-07-14,7.88,277
2008AURO01,Sébastien Auroux,2018-07-14,5.52,278
2008AURO01,Sébastien Auroux,2018-07-19,7.29,279
2008AURO01,Sébastien Auroux,2018-07-19,5.65,280
2008AURO01,Sébastien Auroux,2018-07-19,5.32,281
2008AURO01,Sébastien Auroux,2018-09-07,6.66,282
2008AURO01,Sébastien Auroux,2018-09-07,5.99,283
2008AURO01,Sébastien Auroux,2018-09-22,6.01,284
2008AURO01,Sébastien Auroux,2018-09-22,7.28,285
2008AURO01,Sébastien Auroux,2018-11-03,6.52,286
2008AURO01,Sébastien Auroux,2018-12-15,5.89,287
2008AURO01,Sébastien Auroux,2019-01-04,6.61,288
2008AURO01,Sébastien Auroux,2019-01-04,6.83,289
2008AURO01,Sébastien Auroux,2019-04-06,5.89,290
2008AURO01,Sébastien Auroux,2019-04-06,5.49,291
2008AURO01,Sébastien Auroux,2019-04-13,5.97,292
2008AURO01,Sébastien Auroux,2019-04-13,6.72,293
2008AURO01,Sébastien Auroux,2019-05-11,6.85,294
2008AURO01,Sébastien Auroux,2019-05-11,6.04,295
2008AURO01,Sébastien Auroux,2019-08-02,7.33,296
2008AURO01,Sébastien Auroux,2019-09-21,6.03,297
2008AURO01,Sébastien Auroux,2019-09-21,6.83,298
2008AURO01,Sébastien Auroux,2019-10-26,7.52,299
2008AURO01,Sébastien Auroux,2020-01-11,6.29,300
2008AURO01,Sébastien Auroux,2020-01-18,6.44,301
2008AURO01,Sébastien Auroux,2020-01-18,6.0,302
2008AURO01,Sébastien Auroux,2020-02-22,5.21,303
2008AURO01,Sébastien Auroux,2020-02-22,7.56,304
2008AURO01,Sébastien Auroux,2020-02-29,6.37,305
2008AURO01,Sébastien Auroux,2020-02-29,6.66,306
2008AURO01,Sébastien Auroux,2021-10-16,6.77,307
2008AURO01,Sébastien Auroux,2021-11-07,6.83,308
2008AURO01,Sébastien Auroux,2021-11-07,5.89,309
2008AURO01,Sébastien Auroux,2022-04-30,9.49,310
2008AURO01,Sébastien Auroux,2022-04-30,9.67,311
2008AURO01,Sébastien Auroux,2022-05-14,8.46,312
2008AURO01,Sébastien Auroux,2022-05-14,7.15,313
2008AURO01,Sébastien Auroux,2022-07-14,7.01,314
2008AURO01,Sébastien Auroux,2022-08-19,6.34,315
2008AURO01,Sébastien Auroux,2022-09-24,8.41,316
2008AURO01,Sébastien Auroux,2023-04-01,6.94,317
2008AURO01,Sébastien Auroux,2023-04-29,7.14,318
2008AURO01,Sébastien Auroux,2023-04-29,7.33,319
2008AURO01,Sébastien Auroux,2023-08-04,7.78,320
2008AURO01,Sébastien Auroux,2023-08-04,7.44,321
2008AURO01,Sébastien Auroux,2023-10-14,7.52,322
2008AURO01,Sébastien Auroux,2023-10-14,6.98,323
2008AURO01,Sébastien Auroux,2023-11-11,10.54,324
2008AURO01,Sébastien Auroux,2024-03-09,7.39,325
2008AURO01,Sébastien Auroux,2024-04-20,7.98,326
2008AURO01,Sébastien Auroux,2024-04-20,6.84,327
2008AURO01,Sébastien Auroux,2024-05-24,6.16,328
2008AURO01,Sébastien Auroux,2024-05-24,10.71,329
2008AURO01,Sébastien Auroux,2024-09-13,8.56,330
2008AURO01,Sébastien Auroux,2024-09-13,7.5,331
2008AURO01,Sébastien Auroux,2024-09-27,7.77,332
2008AURO01,Sébastien Auroux,2024-09-27,7.62,333
2008AURO01,Sébastien Auroux,2024-10-04,8.34,334
2008AURO01,Sébastien Auroux,2024-10-04,7.89,335
2008AURO01,Sébastien Auroux,2025-03-01,8.12,336
2008AURO01,Sébastien Auroux,2025-05-10,7.97,337
2008AURO01,Sébastien Auroux,2025-05-10,9.22,338
2008AURO01,Sébastien Auroux,2025-09-26,6.09,339
2008AURO01,Sébastien Auroux,2025-09-26,7.24,340
2008AURO01,Sébastien Auroux,2025-10-11,7.14,341
2008AURO01,Sébastien Auroux,2025-10-11,7.37,342
2008AURO01,Sébastien Auroux,2025-10-11,6.38,343
2008AURO01,Sébastien Auroux,2025-11-01,6.24,344
2008AURO01,Sébastien Auroux,2025-11-01,6.85,345
2008AURO01,Sébastien Auroux,2026-04-18,8.28,346
2008AURO01,Sébastien Auroux,2026-04-18,7.02,347
2008AURO01,Sébastien Auroux,2026-05-16,7.13,348
2008AURO01,Sébastien Auroux,2026-05-16,6.96,349
2008BARA01,Bence Barát,2008-08-23,11.44,1
2008BARA01,Bence Barát,2008-09-19,12.47,2
2008BARA01,Bence Barát,2008-10-25,13.41,3
2008BARA01,Bence Barát,2009-01-31,9.42,4
2008BARA01,Bence Barát,2009-03-14,10.69,5
2008BARA01,Bence Barát,2009-04-25,10.48,6
2008BARA01,Bence Barát,2009-07-17,10.1,7
2008BARA01,Bence Barát,2009-09-19,7.21,8
2008BARA01,Bence Barát,2009-10-09,11.05,9
2008BARA01,Bence Barát,2009-10-16,11.63,10
2008BARA01,Bence Barát,2009-10-31,8.4,11
2008BARA01,Bence Barát,2009-11-21,8.72,12
2008BARA01,Bence Barát,2009-11-21,11.24,13
2008BARA01,Bence Barát,2009-11-28,8.58,14
2008BARA01,Bence Barát,2009-11-28,8.28,15
2008BARA01,Bence Barát,2010-02-27,9.01,16
2008BARA01,Bence Barát,2010-03-27,8.63,17
2008BARA01,Bence Barát,2010-03-27,7.52,18
2008BARA01,Bence Barát,2010-04-24,7.46,19
2008BARA01,Bence Barát,2010-06-05,7.65,20
2008BARA01,Bence Barát,2010-07-16,8.28,21
2008BARA01,Bence Barát,2010-07-26,7.07,22
2008BARA01,Bence Barát,2010-07-31,7.45,23
2008BARA01,Bence Barát,2010-07-31,7.02,24
2008BARA01,Bence Barát,2010-08-14,9.31,25
2008BARA01,Bence Barát,2010-09-03,6.84,26
2008BARA01,Bence Barát,2010-09-18,7.31,27
2008BARA01,Bence Barát,2010-09-18,8.37,28
2008BARA01,Bence Barát,2010-10-01,7.91,29
2008BARA01,Bence Barát,2010-10-16,8.09,30
2008BARA01,Bence Barát,2010-12-27,7.17,31
2008BARA01,Bence Barát,2011-03-05,7.19,32
2008BARA01,Bence Barát,2011-03-05,6.99,33
2008BARA01,Bence Barát,2011-05-21,7.38,34
2008BARA01,Bence Barát,2011-05-21,7.66,35
2008BARA01,Bence Barát,2011-07-15,9.28,36
2008BARA01,Bence Barát,2011-09-03,7.85,37
2008BARA01,Bence Barát,2011-09-18,6.36,38
2008BARA01,Bence Barát,2011-09-18,7.39,39
2008BARA01,Bence Barát,2011-09-24,7.47,40
2008BARA01,Bence Barát,2011-09-24,8.36,41
2008BARA01,Bence Barát,2011-10-14,8.28,42
2008BARA01,Bence Barát,2011-10-29,7.32,43
2008BARA01,Bence Barát,2011-11-19,6.74,44
2008BARA01,Bence Barát,2012-02-25,9.46,45
2008BARA01,Bence Barát,2012-02-25,7.45,46
2008BARA01,Bence Barát,2012-03-31,8.22,47
2008BARA01,Bence Barát,2012-07-28,7.12,48
2008BARA01,Bence Barát,2012-07-28,7.7,49
2008BARA01,Bence Barát,2012-09-08,7.61,50
2008BARA01,Bence Barát,2012-09-08,6.73,51
2008BARA01,Bence Barát,2012-10-12,9.17,52
2008BARA01,Bence Barát,2013-02-09,8.03,53
2008BARA01,Bence Barát,2013-02-09,7.31,54
2008BARA01,Bence Barát,2013-03-23,5.95,55
2008BARA01,Bence Barát,2013-04-20,7.59,56
2008BARA01,Bence Barát,2013-07-12,7.37,57
2008BARA01,Bence Barát,2013-07-12,7.87,58
2008BARA01,Bence Barát,2013-07-26,8.06,59
2008BARA01,Bence Barát,2013-07-26,8.36,60
2008BARA01,Bence Barát,2013-09-21,7.15,61
2008BARA01,Bence Barát,2013-09-28,6.74,62
2008BARA01,Bence Barát,2013-09-28,8.17,63
2008BARA01,Bence Barát,2013-11-09,7.81,64
2008BARA01,Bence Barát,2013-11-09,7.88,65
2008BARA01,Bence Barát,2013-11-30,7.08,66
2008BARA01,Bence Barát,2014-02-22,7.96,67
2008BARA01,Bence Barát,2014-02-22,9.17,68
2008BARA01,Bence Barát,2014-02-22,7.41,69
2008BARA01,Bence Barát,2014-03-22,6.7,70
2008BARA01,Bence Barát,2014-03-22,7.12,71
2008BARA01,Bence Barát,2014-03-22,8.03,72
2008BARA01,Bence Barát,2014-04-05,6.91,73
2008BARA01,Bence Barát,2014-04-05,8.75,74
2008BARA01,Bence Barát,2014-04-12,6.61,75
2008BARA01,Bence Barát,2014-04-12,7.86,76
2008BARA01,Bence Barát,2014-07-11,7.89,77
2008BARA01,Bence Barát,2014-07-11,7.3,78
2008BARA01,Bence Barát,2014-07-19,6.01,79
2008BARA01,Bence Barát,2014-07-19,7.54,80
2008BARA01,Bence Barát,2014-07-19,8.42,81
2008BARA01,Bence Barát,2014-08-08,8.94,82
2008BARA01,Bence Barát,2014-08-08,8.09,83
2008BARA01,Bence Barát,2014-09-13,6.84,84
2008BARA01,Bence Barát,2014-09-13,7.46,85
2008BARA01,Bence Barát,2014-09-13,8.36,86
2008BARA01,Bence Barát,2014-09-20,7.11,87
2008BARA01,Bence Barát,2014-09-20,7.14,88
2008BARA01,Bence Barát,2014-10-17,7.78,89
2008BARA01,Bence Barát,2014-10-17,7.24,90
2008BARA01,Bence Barát,2015-01-31,9.45,91
2008BARA01,Bence Barát,2015-01-31,6.27,92
2008BARA01,Bence Barát,2015-02-21,6.24,93
2008BARA01,Bence Barát,2015-02-21,8.14,94
2008BARA01,Bence Barát,2015-03-14,6.9,95
2008BARA01,Bence Barát,2015-03-14,7.85,96
2008BARA01,Bence Barát,2015-04-18,6.88,97
2008BARA01,Bence Barát,2015-04-18,7.29,98
2008BARA01,Bence Barát,2015-05-02,6.43,99
2008BARA01,Bence Barát,2015-05-02,7.45,100
2008BARA01,Bence Barát,2015-05-16,5.84,101
2008BARA01,Bence Barát,2015-05-16,7.04,102
2008BARA01,Bence Barát,2015-06-06,6.14,103
2008BARA01,Bence Barát,2015-06-27,7.14,104
2008BARA01,Bence Barát,2015-06-27,6.37,105
2008BARA01,Bence Barát,2015-06-27,6.34,106
2008BARA01,Bence Barát,2015-07-04,6.91,107
2008BARA01,Bence Barát,2015-07-04,6.19,108
2008BARA01,Bence Barát,2015-07-17,5.92,109
2008BARA01,Bence Barát,2015-07-17,6.26,110
2008BARA01,Bence Barát,2015-07-17,6.29,111
2008BARA01,Bence Barát,2015-08-14,6.54,112
2008BARA01,Bence Barát,2015-08-14,5.42,113
2008BARA01,Bence Barát,2015-08-14,6.17,114
2008BARA01,Bence Barát,2015-09-18,6.73,115
2008BARA01,Bence Barát,2015-09-18,7.04,116
2008BARA01,Bence Barát,2015-10-03,6.38,117
2008BARA01,Bence Barát,2015-10-03,8.06,118
2008BARA01,Bence Barát,2015-11-14,7.05,119
2008BARA01,Bence Barát,2015-11-14,6.44,120
2008BARA01,Bence Barát,2016-02-06,6.74,121
2008BARA01,Bence Barát,2016-02-06,7.6,122
2008BARA01,Bence Barát,2016-02-27,5.86,123
2008BARA01,Bence Barát,2016-02-27,7.4,124
2008BARA01,Bence Barát,2016-04-02,6.62,125
2008BARA01,Bence Barát,2016-04-02,7.9,126
2008BARA01,Bence Barát,2016-04-16,6.59,127
2008BARA01,Bence Barát,2016-04-16,6.25,128
2008BARA01,Bence Barát,2016-04-23,6.21,129
2008BARA01,Bence Barát,2016-04-23,7.08,130
2008BARA01,Bence Barát,2016-05-28,7.5,131
2008BARA01,Bence Barát,2016-05-28,6.5,132
2008BARA01,Bence Barát,2016-06-18,6.51,133
2008BARA01,Bence Barát,2016-06-18,6.03,134
2008BARA01,Bence Barát,2016-06-18,5.85,135
2008BARA01,Bence Barát,2016-07-15,7.28,136
2008BARA01,Bence Barát,2016-07-15,8.16,137
2008BARA01,Bence Barát,2016-07-19,7.21,138
2008BARA01,Bence Barát,2016-08-27,7.17,139
2008BARA01,Bence Barát,2016-08-27,8.08,140
2008BARA01,Bence Barát,2016-09-03,6.58,141
2008BARA01,Bence Barát,2016-09-03,6.57,142
2008BARA01,Bence Barát,2016-09-03,7.21,143
2008BARA01,Bence Barát,2016-10-01,7.13,144
2008BARA01,Bence Barát,2016-10-01,7.5,145
2008BARA01,Bence Barát,2016-10-01,5.45,146
2008BARA01,Bence Barát,2016-10-28,6.71,147
2008BARA01,Bence Barát,2016-10-28,6.46,148
2008BARA01,Bence Barát,2016-10-28,7.36,149
2008BARA01,Bence Barát,2016-11-12,6.04,150
2008BARA01,Bence Barát,2016-11-12,7.06,151
2008BARA01,Bence Barát,2017-02-04,7.31,152
2008BARA01,Bence Barát,2017-02-04,7.46,153
2008BARA01,Bence Barát,2017-02-25,5.49,154
2008BARA01,Bence Barát,2017-02-25,7.37,155
2008BARA01,Bence Barát,2017-03-25,5.75,156
2008BARA01,Bence Barát,2017-03-25,6.04,157
2008BARA01,Bence Barát,2017-03-25,7.57,158
2008BARA01,Bence Barát,2017-04-02,6.59,159
2008BARA01,Bence Barát,2017-04-02,6.36,160
2008BARA01,Bence Barát,2017-04-22,5.73,161
2008BARA01,Bence Barát,2017-04-22,6.29,162
2008BARA01,Bence Barát,2017-05-06,6.67,163
2008BARA01,Bence Barát,2017-05-27,6.28,164
2008BARA01,Bence Barát,2017-06-04,6.44,165
2008BARA01,Bence Barát,2017-06-04,6.46,166
2008BARA01,Bence Barát,2017-06-10,5.44,167
2008BARA01,Bence Barát,2017-06-10,5.66,168
2008BARA01,Bence Barát,2017-06-10,6.92,169
2008BARA01,Bence Barát,2017-06-17,5.55,170
2008BARA01,Bence Barát,2017-06-17,6.99,171
2008BARA01,Bence Barát,2017-06-17,6.27,172
2008BARA01,Bence Barát,2017-07-01,5.45,173
2008BARA01,Bence Barát,2017-07-01,6.59,174
2008BARA01,Bence Barát,2017-07-01,5.91,175
2008BARA01,Bence Barát,2017-07-13,5.09,176
2008BARA01,Bence Barát,2017-07-13,6.34,177
2008BARA01,Bence Barát,2017-07-22,5.88,178
2008BARA01,Bence Barát,2017-07-22,5.43,179
2008BARA01,Bence Barát,2017-08-12,5.58,180
2008BARA01,Bence Barát,2017-08-12,5.63,181
2008BARA01,Bence Barát,2017-08-26,5.89,182
2008BARA01,Bence Barát,2017-09-01,7.02,183
2008BARA01,Bence Barát,2017-09-01,6.14,184
2008BARA01,Bence Barát,2017-09-30,7.17,185
2008BARA01,Bence Barát,2017-10-13,6.38,186
2008BARA01,Bence Barát,2017-10-13,6.98,187
2008BARA01,Bence Barát,2017-10-28,7.17,188
2008BARA01,Bence Barát,2017-10-28,6.03,189
2008BARA01,Bence Barát,2017-10-28,6.1,190
2008BARA01,Bence Barát,2017-11-04,6.87,191
2008BARA01,Bence Barát,2017-11-11,9.24,192
2008BARA01,Bence Barát,2017-12-02,6.26,193
2008BARA01,Bence Barát,2017-12-02,5.87,194
2008BARA01,Bence Barát,2017-12-02,6.76,195
2008BARA01,Bence Barát,2017-12-16,6.84,196
2008BARA01,Bence Barát,2017-12-16,6.23,197
2008BARA01,Bence Barát,2018-01-13,6.16,198
2008BARA01,Bence Barát,2018-01-13,6.97,199
2008BARA01,Bence Barát,2018-02-03,6.83,200
2008BARA01,Bence Barát,2018-02-17,7.3,201
2008BARA01,Bence Barát,2018-02-17,5.24,202
2008BARA01,Bence Barát,2018-02-24,5.45,203
2008BARA01,Bence Barát,2018-02-24,6.6,204
2008BARA01,Bence Barát,2018-03-17,6.24,205
2008BARA01,Bence Barát,2018-03-31,6.75,206
2008BARA01,Bence Barát,2018-03-31,5.89,207
2008BARA01,Bence Barát,2018-03-31,6.77,208
2008BARA01,Bence Barát,2018-04-06,6.24,209
2008BARA01,Bence Barát,2018-04-06,5.96,210
2008BARA01,Bence Barát,2018-04-14,6.91,211
2008BARA01,Bence Barát,2018-04-14,5.21,212
2008BARA01,Bence Barát,2018-05-27,7.42,213
2008BARA01,Bence Barát,2018-07-21,6.12,214
2008BARA01,Bence Barát,2018-08-11,6.55,215
2008BARA01,Bence Barát,2018-08-11,5.39,216
2008BARA01,Bence Barát,2018-08-11,6.25,217
2008BARA01,Bence Barát,2018-09-01,6.89,218
2008BARA01,Bence Barát,2018-09-01,7.84,219
2008BARA01,Bence Barát,2018-09-28,6.88,220
2008BARA01,Bence Barát,2018-09-28,6.56,221
2008BARA01,Bence Barát,2018-10-27,6.46,222
2008BARA01,Bence Barát,2018-10-27,6.77,223
2008BARA01,Bence Barát,2018-12-15,7.34,224
2008BARA01,Bence Barát,2018-12-15,6.62,225
2008BARA01,Bence Barát,2019-02-09,6.67,226
2008BARA01,Bence Barát,2019-02-09,6.32,227
2008BARA01,Bence Barát,2019-02-23,6.4,228
2008BARA01,Bence Barát,2019-02-23,6.49,229
2008BARA01,Bence Barát,2019-03-16,6.49,230
2008BARA01,Bence Barát,2019-03-16,5.88,231
2008BARA01,Bence Barát,2019-03-16,8.04,232
2008BARA01,Bence Barát,2019-03-30,5.25,233
2008BARA01,Bence Barát,2019-03-30,6.3,234
2008BARA01,Bence Barát,2019-05-04,6.58,235
2008BARA01,Bence Barát,2019-05-04,5.79,236
2008BARA01,Bence Barát,2019-08-02,6.19,237
2008BARA01,Bence Barát,2019-08-02,6.85,238
2008BARA01,Bence Barát,2019-08-31,7.66,239
2008BARA01,Bence Barát,2019-09-07,6.62,240
2008BARA01,Bence Barát,2019-09-20,5.86,241
2008BARA01,Bence Barát,2019-09-20,5.19,242
2008BARA01,Bence Barát,2019-09-20,6.94,243
2008BARA01,Bence Barát,2019-10-12,6.61,244
2008BARA01,Bence Barát,2019-10-12,6.32,245
2008BARA01,Bence Barát,2019-10-12,6.64,246
2008BARA01,Bence Barát,2019-11-02,6.28,247
2008BARA01,Bence Barát,2019-11-02,5.4,248
2008BARA01,Bence Barát,2019-11-02,6.15,249
2008BARA01,Bence Barát,2019-11-09,6.46,250
2008BARA01,Bence Barát,2019-11-09,6.1,251
2008BARA01,Bence Barát,2020-02-22,6.44,252
2008BARA01,Bence Barát,2020-02-22,7.76,253
2008BARA01,Bence Barát,2020-02-29,6.34,254
2008BARA01,Bence Barát,2021-10-02,6.12,255
2008BARA01,Bence Barát,2021-10-02,7.43,256
2008BARA01,Bence Barát,2021-11-13,5.86,257
2008BARA01,Bence Barát,2022-03-19,6.16,258
2008BARA01,Bence Barát,2022-03-19,5.98,259
2008BARA01,Bence Barát,2022-06-18,6.34,260
2008BARA01,Bence Barát,2022-06-18,6.87,261
2008BARA01,Bence Barát,2022-07-30,6.25,262
2008BARA01,Bence Barát,2022-07-30,6.77,263
2008BARA01,Bence Barát,2022-09-17,6.1,264
2008BARA01,Bence Barát,2022-09-17,6.18,265
2008BARA01,Bence Barát,2022-10-07,6.41,266
2008BARA01,Bence Barát,2022-10-07,6.37,267
2008BARA01,Bence Barát,2022-10-22,7.49,268
2008BARA01,Bence Barát,2022-10-22,6.27,269
2008BARA01,Bence Barát,2022-10-29,5.36,270
2008BARA01,Bence Barát,2022-10-29,7.46,271
2008BARA01,Bence Barát,2022-11-26,5.45,272
2008BARA01,Bence Barát,2022-11-26,6.0,273
2008BARA01,Bence Barát,2023-02-11,6.77,274
2008BARA01,Bence Barát,2023-02-11,6.05,275
2008BARA01,Bence Barát,2023-02-11,7.25,276
2008BARA01,Bence Barát,2023-04-01,6.99,277
2008BARA01,Bence Barát,2023-04-15,6.48,278
2008BARA01,Bence Barát,2023-04-15,6.96,279
2008BARA01,Bence Barát,2023-05-20,6.74,280
2008BARA01,Bence Barát,2023-05-20,5.93,281
2008BARA01,Bence Barát,2023-05-20,7.09,282
2008BARA01,Bence Barát,2023-06-03,6.35,283
2008BARA01,Bence Barát,2023-06-24,5.21,284
2008BARA01,Bence Barát,2023-06-24,7.8,285
2008BARA01,Bence Barát,2023-07-14,4.96,286
2008BARA01,Bence Barát,2023-07-14,6.23,287
2008BARA01,Bence Barát,2023-08-19,6.0,288
2008BARA01,Bence Barát,2023-09-02,5.0,289
2008BARA01,Bence Barát,2023-09-02,5.69,290
2008BARA01,Bence Barát,2023-09-02,6.18,291
2008BARA01,Bence Barát,2023-09-09,4.92,292
2008BARA01,Bence Barát,2023-09-09,7.89,293
2008BARA01,Bence Barát,2023-09-30,5.4,294
2008BARA01,Bence Barát,2023-09-30,5.38,295
2008BARA01,Bence Barát,2023-10-07,6.33,296
2008BARA01,Bence Barát,2023-10-20,7.1,297
2008BARA01,Bence Barát,2023-10-20,6.11,298
2008BARA01,Bence Barát,2023-12-09,6.42,299
2008BARA01,Bence Barát,2024-03-09,5.9,300
2008BARA01,Bence Barát,2024-03-09,5.25,301
2008BARA01,Bence Barát,2024-07-13,6.92,302
2008BARA01,Bence Barát,2024-08-10,6.06,303
2008BARA01,Bence Barát,2024-08-10,5.53,304
2008BARA01,Bence Barát,2024-11-01,6.28,305
2008BARA01,Bence Barát,2024-11-01,6.15,306
2008BARA01,Bence Barát,2024-11-01,5.26,307
2008BARA01,Bence Barát,2024-11-24,6.27,308
2008BARA01,Bence Barát,2025-01-25,5.76,309
2008BARA01,Bence Barát,2025-01-25,6.73,310
2008BARA01,Bence Barát,2025-05-10,6.32,311
2008BARA01,Bence Barát,2025-05-10,6.42,312
2008BARA01,Bence Barát,2025-07-26,7.73,313
2008BARA01,Bence Barát,2025-08-02,7.82,314
2008BARA01,Bence Barát,2025-08-02,6.81,315
2008BARA01,Bence Barát,2025-08-23,6.42,316
2008BARA01,Bence Barát,2025-09-27,5.2,317
2008BARA01,Bence Barát,2025-09-27,6.25,318
2008BARA01,Bence Barát,2025-10-31,5.86,319
2008BARA01,Bence Barát,2026-01-18,7.31,320
2008VARG01,Dániel Varga,2008-07-12,13.71,1
2008VARG01,Dániel Varga,2008-10-18,11.95,2
2008VARG01,Dániel Varga,2008-10-25,11.58,3
2008VARG01,Dániel Varga,2009-01-31,8.2,4
2008VARG01,Dániel Varga,2009-04-25,7.73,5
2008VARG01,Dániel Varga,2009-07-17,8.86,6
2008VARG01,Dániel Varga,2009-10-09,9.56,7
2008VARG01,Dániel Varga,2009-10-16,9.01,8
2008VARG01,Dániel Varga,2010-04-24,5.89,9
2008VARG01,Dániel Varga,2010-07-16,7.16,10
2008VARG01,Dániel Varga,2010-07-16,6.85,11
2008VARG01,Dániel Varga,2010-07-31,6.92,12
2008VARG01,Dániel Varga,2010-07-31,6.51,13
2008VARG01,Dániel Varga,2010-08-14,8.35,14
2008VARG01,Dániel Varga,2010-09-03,6.47,15
2008VARG01,Dániel Varga,2010-09-18,6.9,16
2008VARG01,Dániel Varga,2010-09-18,7.12,17
2008VARG01,Dániel Varga,2010-10-01,6.48,18
2008VARG01,Dániel Varga,2010-10-01,7.09,19
2008VARG01,Dániel Varga,2010-10-16,6.06,20
2008VARG01,Dániel Varga,2010-12-19,7.97,21
2008VARG01,Dániel Varga,2011-03-05,6.05,22
2008VARG01,Dániel Varga,2011-03-05,6.91,23
2008VARG01,Dániel Varga,2011-04-09,7.02,24
2008VARG01,Dániel Varga,2011-05-21,7.47,25
2008VARG01,Dániel Varga,2011-05-21,5.63,26
2008VARG01,Dániel Varga,2011-07-15,6.99,27
2008VARG01,Dániel Varga,2011-07-15,6.74,28
2008VARG01,Dániel Varga,2011-09-03,6.77,29
2008VARG01,Dániel Varga,2011-09-03,6.75,30
2008VARG01,Dániel Varga,2011-09-18,6.64,31
2008VARG01,Dániel Varga,2011-09-18,6.5,32
2008VARG01,Dániel Varga,2011-10-29,7.05,33
2008VARG01,Dániel Varga,2011-11-19,6.75,34
2008VARG01,Dániel Varga,2012-01-14,6.8,35
2008VARG01,Dániel Varga,2012-03-31,6.35,36
2008VARG01,Dániel Varga,2012-03-31,6.52,37
2008VARG01,Dániel Varga,2012-04-14,7.12,38
2008VARG01,Dániel Varga,2012-04-14,6.79,39
2008VARG01,Dániel Varga,2012-05-12,7.36,40
2008VARG01,Dániel Varga,2012-06-09,7.21,41
2008VARG01,Dániel Varga,2012-06-23,5.45,42
2008VARG01,Dániel Varga,2012-06-23,6.36,43
2008VARG01,Dániel Varga,2012-06-23,6.97,44
2008VARG01,Dániel Varga,2012-07-13,7.73,45
2008VARG01,Dániel Varga,2012-07-13,8.36,46
2008VARG01,Dániel Varga,2012-07-21,5.77,47
2008VARG01,Dániel Varga,2012-07-28,7.42,48
2008VARG01,Dániel Varga,2012-07-28,7.65,49
2008VARG01,Dániel Varga,2012-09-08,8.08,50
2008VARG01,Dániel Varga,2012-10-12,7.66,51
2008VARG01,Dániel Varga,2013-02-09,7.14,52
2008VARG01,Dániel Varga,2013-02-09,6.63,53
2008VARG01,Dániel Varga,2013-03-23,6.03,54
2008VARG01,Dániel Varga,2013-04-20,6.44,55
2008VARG01,Dániel Varga,2013-04-20,7.15,56
2008VARG01,Dániel Varga,2013-05-04,6.21,57
2008VARG01,Dániel Varga,2013-05-04,6.98,58
2008VARG01,Dániel Varga,2013-07-12,6.26,59
2008VARG01,Dániel Varga,2013-07-12,7.42,60
2008VARG01,Dániel Varga,2014-01-04,8.15,61
2008VARG01,Dániel Varga,2014-01-04,6.24,62
2008VARG01,Dániel Varga,2014-01-04,6.75,63
2008VARG01,Dániel Varga,2014-02-22,7.57,64
2008VARG01,Dániel Varga,2014-02-22,7.94,65
2008VARG01,Dániel Varga,2014-03-08,6.28,66
2008VARG01,Dániel Varga,2014-03-08,6.19,67
2008VARG01,Dániel Varga,2014-04-12,6.02,68
2008VARG01,Dániel Varga,2014-04-12,7.48,69
2008VARG01,Dániel Varga,2014-06-07,6.45,70
2008VARG01,Dániel Varga,2014-06-07,6.98,71
2008VARG01,Dániel Varga,2014-06-14,8.9,72
2008VARG01,Dániel Varga,2014-06-14,7.39,73
2008VARG01,Dániel Varga,2014-07-11,6.46,74
2008VARG01,Dániel Varga,2014-07-11,7.12,75
2008VARG01,Dániel Varga,2014-07-11,5.88,76
2008VARG01,Dániel Varga,2014-07-19,6.68,77
2008VARG01,Dániel Varga,2014-07-19,6.01,78
2008VARG01,Dániel Varga,2014-07-19,7.24,79
2008VARG01,Dániel Varga,2014-09-20,5.94,80
2008VARG01,Dániel Varga,2014-09-20,7.11,81
2008VARG01,Dániel Varga,2014-10-17,7.88,82
2008VARG01,Dániel Varga,2014-10-17,7.58,83
2008VARG01,Dániel Varga,2015-01-31,8.48,84
2008VARG01,Dániel Varga,2015-02-21,6.78,85
2008VARG01,Dániel Varga,2015-02-21,6.97,86
2008VARG01,Dániel Varga,2015-05-02,6.3,87
2008VARG01,Dániel Varga,2015-05-02,5.92,88
2008VARG01,Dániel Varga,2015-11-14,6.94,89
2008VARG01,Dániel Varga,2015-11-14,5.92,90
2008VARG01,Dániel Varga,2016-02-06,6.95,91
2008VARG01,Dániel Varga,2016-02-06,6.16,92
2008VARG01,Dániel Varga,2016-02-27,7.19,93
2008VARG01,Dániel Varga,2016-02-27,7.12,94
2008VARG01,Dániel Varga,2016-04-02,6.49,95
2008VARG01,Dániel Varga,2016-04-02,7.68,96
2008VARG01,Dániel Varga,2016-04-16,7.08,97
2008VARG01,Dániel Varga,2016-04-16,5.51,98
2008VARG01,Dániel Varga,2016-04-16,7.03,99
2008VARG01,Dániel Varga,2016-04-23,5.81,100
2008VARG01,Dániel Varga,2016-04-23,6.1,101
2008VARG01,Dániel Varga,2016-07-19,6.91,102
2008VARG01,Dániel Varga,2016-08-27,7.57,103
2008VARG01,Dániel Varga,2016-08-27,8.62,104
2008VARG01,Dániel Varga,2016-09-03,6.39,105
2008VARG01,Dániel Varga,2016-09-03,7.15,106
2008VARG01,Dániel Varga,2016-09-03,6.5,107
2008VARG01,Dániel Varga,2016-10-01,7.39,108
2008VARG01,Dániel Varga,2016-10-01,6.81,109
2008VARG01,Dániel Varga,2016-10-01,5.71,110
2008VARG01,Dániel Varga,2016-10-28,6.15,111
2008VARG01,Dániel Varga,2016-10-28,5.64,112
2008VARG01,Dániel Varga,2016-10-28,6.58,113
2008VARG01,Dániel Varga,2016-11-12,7.22,114
2008VARG01,Dániel Varga,2016-11-12,7.88,115
2008VARG01,Dániel Varga,2017-02-04,7.03,116
2008VARG01,Dániel Varga,2017-02-04,6.3,117
2008VARG01,Dániel Varga,2017-02-25,6.11,118
2008VARG01,Dániel Varga,2017-02-25,7.46,119
2008VARG01,Dániel Varga,2017-03-25,5.59,120
2008VARG01,Dániel Varga,2017-04-02,7.55,121
2008VARG01,Dániel Varga,2017-04-02,7.62,122
2008VARG01,Dániel Varga,2017-04-22,5.62,123
2008VARG01,Dániel Varga,2017-04-22,7.68,124
2008VARG01,Dániel Varga,2017-05-06,6.54,125
2008VARG01,Dániel Varga,2017-05-06,6.94,126
2008VARG01,Dániel Varga,2017-05-27,5.37,127
2008VARG01,Dániel Varga,2017-06-04,5.66,128
2008VARG01,Dániel Varga,2017-06-04,5.41,129
2008VARG01,Dániel Varga,2017-06-10,6.12,130
2008VARG01,Dániel Varga,2017-06-10,5.4,131
2008VARG01,Dániel Varga,2017-06-10,6.89,132
2008VARG01,Dániel Varga,2017-06-17,5.64,133
2008VARG01,Dániel Varga,2017-06-17,6.66,134
2008VARG01,Dániel Varga,2017-06-17,5.64,135
2008VARG01,Dániel Varga,2017-07-01,5.7,136
2008VARG01,Dániel Varga,2017-07-01,6.81,137
2008VARG01,Dániel Varga,2017-07-01,5.43,138
2008VARG01,Dániel Varga,2017-07-13,5.4,139
2008VARG01,Dániel Varga,2017-07-13,5.56,140
2008VARG01,Dániel Varga,2017-07-22,6.04,141
2008VARG01,Dániel Varga,2017-07-22,5.38,142
2008VARG01,Dániel Varga,2017-08-12,4.97,143
2008VARG01,Dániel Varga,2017-08-12,5.36,144
2008VARG01,Dániel Varga,2017-08-26,7.06,145
2008VARG01,Dániel Varga,2017-09-30,6.2,146
2008VARG01,Dániel Varga,2017-09-30,5.6,147
2008VARG01,Dániel Varga,2017-10-13,5.91,148
2008VARG01,Dániel Varga,2017-10-13,6.56,149
2008VARG01,Dániel Varga,2017-10-28,5.99,150
2008VARG01,Dániel Varga,2017-10-28,5.16,151
2008VARG01,Dániel Varga,2017-10-28,5.89,152
2008VARG01,Dániel Varga,2017-11-11,5.98,153
2008VARG01,Dániel Varga,2017-11-11,5.16,154
2008VARG01,Dániel Varga,2017-12-02,5.82,155
2008VARG01,Dániel Varga,2017-12-02,5.78,156
2008VARG01,Dániel Varga,2017-12-02,5.84,157
2008VARG01,Dániel Varga,2018-02-03,6.22,158
2008VARG01,Dániel Varga,2018-02-24,5.4,159
2008VARG01,Dániel Varga,2018-02-24,5.45,160
2008VARG01,Dániel Varga,2018-03-17,6.86,161
2008VARG01,Dániel Varga,2018-03-31,6.66,162
2008VARG01,Dániel Varga,2018-03-31,5.8,163
2008VARG01,Dániel Varga,2018-03-31,5.9,164
2008VARG01,Dániel Varga,2018-04-14,6.53,165
2008VARG01,Dániel Varga,2018-04-14,6.13,166
2008VARG01,Dániel Varga,2018-05-27,6.0,167
2008VARG01,Dániel Varga,2018-05-27,5.8,168
2008VARG01,Dániel Varga,2018-07-21,5.37,169
2008VARG01,Dániel Varga,2018-07-21,6.49,170
2008VARG01,Dániel Varga,2018-08-11,6.49,171
2008VARG01,Dániel Varga,2018-08-11,5.79,172
2008VARG01,Dániel Varga,2018-08-11,5.37,173
2008VARG01,Dániel Varga,2018-09-01,7.9,174
2008VARG01,Dániel Varga,2018-09-01,6.49,175
2008VARG01,Dániel Varga,2018-09-01,5.61,176
2008VARG01,Dániel Varga,2018-09-28,5.33,177
2008VARG01,Dániel Varga,2018-09-28,6.0,178
2008VARG01,Dániel Varga,2018-12-15,6.15,179
2008VARG01,Dániel Varga,2018-12-15,7.52,180
2008VARG01,Dániel Varga,2019-02-09,6.32,181
2008VARG01,Dániel Varga,2019-02-09,8.17,182
2008VARG01,Dániel Varga,2019-02-23,6.78,183
2008VARG01,Dániel Varga,2019-03-16,6.0,184
2008VARG01,Dániel Varga,2019-03-16,5.8,185
2008VARG01,Dániel Varga,2019-03-16,6.19,186
2008VARG01,Dániel Varga,2019-03-30,6.13,187
2008VARG01,Dániel Varga,2019-03-30,6.14,188
2008VARG01,Dániel Varga,2019-04-13,7.24,189
2008VARG01,Dániel Varga,2019-04-13,5.71,190
2008VARG01,Dániel Varga,2019-04-13,5.96,191
2008VARG01,Dániel Varga,2019-07-27,5.85,192
2008VARG01,Dániel Varga,2019-07-27,6.7,193
2008VARG01,Dániel Varga,2019-08-31,6.3,194
2008VARG01,Dániel Varga,2019-09-07,6.57,195
2008VARG01,Dániel Varga,2019-09-20,5.31,196
2008VARG01,Dániel Varga,2019-09-20,5.27,197
2008VARG01,Dániel Varga,2019-09-20,5.51,198
2008VARG01,Dániel Varga,2019-10-12,5.67,199
2008VARG01,Dániel Varga,2019-10-12,7.28,200
2008VARG01,Dániel Varga,2019-11-09,6.63,201
2008VARG01,Dániel Varga,2019-11-09,6.56,202
2008VARG01,Dániel Varga,2020-02-22,6.25,203
2008VARG01,Dániel Varga,2020-02-22,5.91,204
2008VARG01,Dániel Varga,2020-02-29,6.19,205
2008VARG01,Dániel Varga,2020-02-29,5.58,206
2008VARG01,Dániel Varga,2021-08-28,6.37,207
2008VARG01,Dániel Varga,2021-08-28,6.65,208
2008VARG01,Dániel Varga,2021-11-13,8.26,209
2008VARG01,Dániel Varga,2022-03-19,6.6,210
2008VARG01,Dániel Varga,2022-06-18,5.42,211
2008VARG01,Dániel Varga,2022-06-18,6.26,212
2008VARG01,Dániel Varga,2022-06-18,6.32,213
2008VARG01,Dániel Varga,2022-07-30,6.05,214
2008VARG01,Dániel Varga,2022-07-30,6.22,215
2008VARG01,Dániel Varga,2022-09-17,6.49,216
2008VARG01,Dániel Varga,2022-09-17,5.7,217
2008VARG01,Dániel Varga,2022-10-22,7.4,218
2008VARG01,Dániel Varga,2022-10-22,6.26,219
2008VARG01,Dániel Varga,2022-10-29,6.77,220
2008VARG01,Dániel Varga,2022-10-29,5.44,221
2008VARG01,Dániel Varga,2022-10-29,5.82,222
2008VARG01,Dániel Varga,2022-11-26,5.33,223
2008VARG01,Dániel Varga,2022-11-26,4.74,224
2008VARG01,Dániel Varga,2023-02-11,5.22,225
2008VARG01,Dániel Varga,2023-02-11,6.28,226
2008VARG01,Dániel Varga,2023-04-01,6.72,227
2008VARG01,Dániel Varga,2023-04-15,6.4,228
2008VARG01,Dániel Varga,2023-04-15,6.51,229
2008VARG01,Dániel Varga,2023-05-20,6.6,230
2008VARG01,Dániel Varga,2023-05-20,5.2,231
2008VARG01,Dániel Varga,2023-05-20,5.69,232
2008VARG01,Dániel Varga,2023-06-03,7.02,233
2008VARG01,Dániel Varga,2023-07-01,6.1,234
2008VARG01,Dániel Varga,2023-07-14,5.77,235
2008VARG01,Dániel Varga,2023-07-14,6.43,236
2008VARG01,Dániel Varga,2023-08-19,6.76,237
2008VARG01,Dániel Varga,2023-08-26,5.14,238
2008VARG01,Dániel Varga,2023-08-26,6.3,239
2008VARG01,Dániel Varga,2023-09-02,4.69,240
2008VARG01,Dániel Varga,2023-09-02,4.91,241
2008VARG01,Dániel Varga,2023-09-02,6.28,242
2008VARG01,Dániel Varga,2023-09-30,5.86,243
2008VARG01,Dániel Varga,2023-09-30,6.13,244
2008VARG01,Dániel Varga,2023-10-07,6.02,245
2008VARG01,Dániel Varga,2023-10-20,5.14,246
2008VARG01,Dániel Varga,2023-10-20,6.12,247
2008VARG01,Dániel Varga,2023-12-09,5.69,248
2008VARG01,Dániel Varga,2024-02-10,5.52,249
2008VARG01,Dániel Varga,2024-03-09,5.1,250
2008VARG01,Dániel Varga,2024-03-09,5.28,251
2008VARG01,Dániel Varga,2024-04-06,5.84,252
2008VARG01,Dániel Varga,2024-06-08,6.31,253
2008VARG01,Dániel Varga,2024-06-08,6.13,254
2008VARG01,Dániel Varga,2024-06-29,5.94,255
2008VARG01,Dániel Varga,2024-06-29,6.77,256
2008VARG01,Dániel Varga,2024-07-13,5.79,257
2008VARG01,Dániel Varga,2024-07-25,5.81,258
2008VARG01,Dániel Varga,2024-08-10,7.13,259
2008VARG01,Dániel Varga,2024-08-10,5.61,260
2008VARG01,Dániel Varga,2024-09-07,5.76,261
2008VARG01,Dániel Varga,2024-09-07,7.11,262
2008VARG01,Dániel Varga,2024-09-07,5.56,263
2008VARG01,Dániel Varga,2024-11-01,6.8,264
2008VARG01,Dániel Varga,2024-11-01,6.74,265
2008VARG01,Dániel Varga,2024-11-24,5.47,266
2008VARG01,Dániel Varga,2024-12-13,6.07,267
2008VARG01,Dániel Varga,2024-12-13,6.29,268
2008VARG01,Dániel Varga,2025-01-25,6.84,269
2008VARG01,Dániel Varga,2025-05-10,7.92,270
2008VARG01,Dániel Varga,2025-05-17,6.06,271
2008VARG01,Dániel Varga,2025-05-17,5.17,272
2008VARG01,Dániel Varga,2025-06-06,6.92,273
2008VARG01,Dániel Varga,2025-06-06,5.22,274
2008VARG01,Dániel Varga,2025-07-26,6.13,275
2008VARG01,Dániel Varga,2025-07-26,6.34,276
2008VARG01,Dániel Varga,2025-08-02,6.7,277
2008VARG01,Dániel Varga,2025-08-02,5.13,278
2008VARG01,Dániel Varga,2025-08-23,5.19,279
2008VARG01,Dániel Varga,2025-08-23,8.44,280
2008VARG01,Dániel Varga,2025-08-29,6.13,281
2008VARG01,Dániel Varga,2025-08-29,6.21,282
2008VARG01,Dániel Varga,2025-09-27,6.5,283
2008VARG01,Dániel Varga,2025-10-31,5.39,284
2008VARG01,Dániel Varga,2025-10-31,5.81,285
2008VARG01,Dániel Varga,2026-01-18,5.8,286
2008VARG01,Dániel Varga,2026-01-18,6.16,287
2008VARG01,Dániel Varga,2026-03-28,6.63,288
2008VARG01,Dániel Varga,2026-03-28,5.56,289
2008VARG01,Dániel Varga,2026-05-01,5.05,290
2008VARG01,Dániel Varga,2026-05-01,5.04,291
2009LIUE01,Evan Liu,2010-06-13,12.73,1
2009LIUE01,Evan Liu,2010-08-06,14.4,2
2009LIUE01,Evan Liu,2010-11-06,12.3,3
2009LIUE01,Evan Liu,2010-12-11,12.08,4
2009LIUE01,Evan Liu,2010-12-11,13.1,5
2009LIUE01,Evan Liu,2011-02-19,8.94,6
2009LIUE01,Evan Liu,2011-06-18,9.23,7
2009LIUE01,Evan Liu,2011-06-18,9.57,8
2009LIUE01,Evan Liu,2011-09-17,11.39,9
2009LIUE01,Evan Liu,2011-12-10,7.56,10
2009LIUE01,Evan Liu,2012-01-21,7.45,11
2009LIUE01,Evan Liu,2012-01-21,7.29,12
2009LIUE01,Evan Liu,2012-04-14,8.91,13
2009LIUE01,Evan Liu,2012-05-27,8.59,14
2009LIUE01,Evan Liu,2012-08-03,8.55,15
2009LIUE01,Evan Liu,2012-08-03,6.49,16
2009LIUE01,Evan Liu,2012-08-03,6.95,17
2009LIUE01,Evan Liu,2012-10-13,6.67,18
2009LIUE01,Evan Liu,2013-05-11,6.55,19
2009LIUE01,Evan Liu,2013-06-15,5.64,20
2009LIUE01,Evan Liu,2013-07-06,5.56,21
2009LIUE01,Evan Liu,2013-07-06,6.07,22
2009LIUE01,Evan Liu,2013-07-26,7.96,23
2009LIUE01,Evan Liu,2013-07-26,7.37,24
2009LIUE01,Evan Liu,2013-10-12,6.77,25
2009LIUE01,Evan Liu,2013-11-09,9.33,26
2009LIUE01,Evan Liu,2014-02-22,7.09,27
2009LIUE01,Evan Liu,2014-02-22,5.7,28
2009LIUE01,Evan Liu,2014-04-05,6.85,29
2009LIUE01,Evan Liu,2014-05-10,5.41,30
2009LIUE01,Evan Liu,2014-05-10,4.89,31
2009LIUE01,Evan Liu,2014-05-17,5.09,32
2009LIUE01,Evan Liu,2014-06-14,5.47,33
2009LIUE01,Evan Liu,2014-06-14,6.03,34
2009LIUE01,Evan Liu,2014-08-01,6.09,35
2009LIUE01,Evan Liu,2014-08-01,7.47,36
2009LIUE01,Evan Liu,2014-10-11,5.49,37
2009LIUE01,Evan Liu,2014-12-13,5.85,38
2009LIUE01,Evan Liu,2014-12-13,6.2,39
2009LIUE01,Evan Liu,2015-04-04,5.57,40
2009LIUE01,Evan Liu,2015-04-04,5.37,41
2009LIUE01,Evan Liu,2015-06-20,5.37,42
2009LIUE01,Evan Liu,2015-06-20,6.34,43
2009LIUE01,Evan Liu,2015-07-31,5.92,44
2009LIUE01,Evan Liu,2015-07-31,4.67,45
2009LIUE01,Evan Liu,2015-07-31,4.77,46
2009LIUE01,Evan Liu,2015-07-31,6.29,47
2009LIUE01,Evan Liu,2015-09-12,5.38,48
2009LIUE01,Evan Liu,2015-11-07,5.09,49
2009LIUE01,Evan Liu,2015-11-07,5.73,50
2009LIUE01,Evan Liu,2015-12-05,4.69,51
2009LIUE01,Evan Liu,2015-12-05,6.3,52
2009LIUE01,Evan Liu,2015-12-05,3.99,53
2009LIUE01,Evan Liu,2015-12-19,4.15,54
2009LIUE01,Evan Liu,2015-12-19,5.82,55
2009LIUE01,Evan Liu,2016-01-30,4.63,56
2009LIUE01,Evan Liu,2016-01-30,4.91,57
2009LIUE01,Evan Liu,2016-04-02,5.1,58
2009LIUE01,Evan Liu,2016-04-30,5.38,59
2009LIUE01,Evan Liu,2016-04-30,4.85,60
2009LIUE01,Evan Liu,2016-04-30,6.38,61
2009LIUE01,Evan Liu,2016-06-25,5.4,62
2009LIUE01,Evan Liu,2016-06-25,5.31,63
2009LIUE01,Evan Liu,2016-07-15,4.82,64
2009LIUE01,Evan Liu,2016-07-15,5.19,65
2009LIUE01,Evan Liu,2016-07-30,5.3,66
2009LIUE01,Evan Liu,2016-07-30,4.42,67
2009LIUE01,Evan Liu,2016-07-30,4.78,68
2009LIUE01,Evan Liu,2016-08-27,5.24,69
2009LIUE01,Evan Liu,2016-08-27,6.02,70
2009LIUE01,Evan Liu,2016-10-01,4.88,71
2009LIUE01,Evan Liu,2016-10-01,5.97,72
2009LIUE01,Evan Liu,2016-11-04,3.29,73
2009LIUE01,Evan Liu,2016-11-04,4.47,74
2009LIUE01,Evan Liu,2016-12-17,3.96,75
2009LIUE01,Evan Liu,2017-01-14,4.94,76
2009LIUE01,Evan Liu,2017-01-14,5.26,77
2009LIUE01,Evan Liu,2017-04-15,4.27,78
2009LIUE01,Evan Liu,2017-04-15,5.0,79
2009LIUE01,Evan Liu,2017-04-15,3.63,80
2009LIUE01,Evan Liu,2017-06-24,4.47,81
2009LIUE01,Evan Liu,2017-06-24,5.34,82
2009LIUE01,Evan Liu,2017-07-08,5.47,83
2009LIUE01,Evan Liu,2017-07-08,4.53,84
2009LIUE01,Evan Liu,2017-07-13,4.59,85
2009LIUE01,Evan Liu,2017-07-13,5.59,86
2009LIUE01,Evan Liu,2017-08-26,3.92,87
2009LIUE01,Evan Liu,2017-08-26,5.06,88
2009LIUE01,Evan Liu,2017-10-27,4.55,89
2009LIUE01,Evan Liu,2017-10-27,5.54,90
2009LIUE01,Evan Liu,2017-11-25,5.16,91
2009LIUE01,Evan Liu,2017-11-25,4.92,92
2009LIUE01,Evan Liu,2017-12-02,4.41,93
2009LIUE01,Evan Liu,2017-12-02,5.44,94
2009LIUE01,Evan Liu,2018-07-27,5.41,95
2009LIUE01,Evan Liu,2018-07-27,5.78,96
2009LIUE01,Evan Liu,2018-08-17,4.5,97
2009LIUE01,Evan Liu,2018-08-17,4.85,98
2009LIUE01,Evan Liu,2019-03-09,5.37,99
2009LIUE01,Evan Liu,2019-03-09,5.52,100
2009LIUE01,Evan Liu,2019-06-08,3.89,101
2009LIUE01,Evan Liu,2019-06-15,5.38,102
2009LIUE01,Evan Liu,2019-06-15,4.36,103
2009LIUE01,Evan Liu,2019-07-11,5.28,104
2009LIUE01,Evan Liu,2019-07-11,5.71,105
2009LIUE01,Evan Liu,2019-08-01,5.4,106
2009LIUE01,Evan Liu,2019-08-01,4.86,107
2009LIUE01,Evan Liu,2019-10-12,5.62,108
2009LIUE01,Evan Liu,2019-10-12,5.39,109
2009LIUE01,Evan Liu,2019-10-27,4.43,110
2009LIUE01,Evan Liu,2019-10-27,4.68,111
2009LIUE01,Evan Liu,2019-10-27,5.9,112
2009LIUE01,Evan Liu,2019-11-23,4.87,113
2009LIUE01,Evan Liu,2019-11-23,3.82,114
2009LIUE01,Evan Liu,2021-11-14,4.83,115
2009LIUE01,Evan Liu,2021-11-14,5.8,116
2009LIUE01,Evan Liu,2022-03-13,4.77,117
2009LIUE01,Evan Liu,2022-03-13,5.16,118
2009LIUE01,Evan Liu,2022-04-30,5.87,119
2009LIUE01,Evan Liu,2022-04-30,5.13,120
2009LIUE01,Evan Liu,2022-04-30,6.09,121
2009LIUE01,Evan Liu,2022-05-27,5.42,122
2009LIUE01,Evan Liu,2022-05-27,5.13,123
2009LIUE01,Evan Liu,2022-05-27,4.91,124
2009LIUE01,Evan Liu,2022-07-02,5.81,125
2009LIUE01,Evan Liu,2022-07-02,7.84,126
2009LIUE01,Evan Liu,2022-07-07,4.81,127
2009LIUE01,Evan Liu,2022-07-07,5.27,128
2009LIUE01,Evan Liu,2022-08-20,4.41,129
2009LIUE01,Evan Liu,2022-08-27,4.94,130
2009LIUE01,Evan Liu,2022-09-10,5.4,131
2009LIUE01,Evan Liu,2022-09-10,5.09,132
2009LIUE01,Evan Liu,2022-09-18,5.72,133
2009LIUE01,Evan Liu,2022-09-18,5.42,134
2009LIUE01,Evan Liu,2022-10-07,4.77,135
2009LIUE01,Evan Liu,2022-10-07,4.93,136
2009LIUE01,Evan Liu,2022-10-15,4.84,137
2009LIUE01,Evan Liu,2022-12-03,5.01,138
2009LIUE01,Evan Liu,2022-12-03,5.32,139
2009LIUE01,Evan Liu,2022-12-17,5.4,140
2009LIUE01,Evan Liu,2023-01-07,4.83,141
2009LIUE01,Evan Liu,2023-01-14,4.93,142
2009LIUE01,Evan Liu,2023-01-14,4.46,143
2009LIUE01,Evan Liu,2023-02-05,4.63,144
2009LIUE01,Evan Liu,2023-02-25,6.04,145
2009LIUE01,Evan Liu,2023-03-11,5.05,146
2009LIUE01,Evan Liu,2023-03-18,4.75,147
2009LIUE01,Evan Liu,2023-03-18,4.19,148
2009LIUE01,Evan Liu,2023-03-18,3.88,149
2009LIUE01,Evan Liu,2023-04-08,6.3,150
2009LIUE01,Evan Liu,2023-04-08,5.24,151
2009LIUE01,Evan Liu,2023-04-15,4.42,152
2009LIUE01,Evan Liu,2023-04-15,4.19,153
2009LIUE01,Evan Liu,2023-05-06,5.66,154
2009LIUE01,Evan Liu,2023-05-06,3.77,155
2009LIUE01,Evan Liu,2023-05-06,4.03,156
2009LIUE01,Evan Liu,2023-05-13,4.51,157
2009LIUE01,Evan Liu,2023-05-13,3.73,158
2009LIUE01,Evan Liu,2023-05-21,4.75,159
2009LIUE01,Evan Liu,2023-05-21,6.31,160
2009LIUE01,Evan Liu,2023-06-03,5.88,161
2009LIUE01,Evan Liu,2023-06-03,4.57,162
2009LIUE01,Evan Liu,2023-06-10,5.71,163
2009LIUE01,Evan Liu,2023-06-10,5.29,164
2009LIUE01,Evan Liu,2023-06-17,3.92,165
2009LIUE01,Evan Liu,2023-06-17,4.11,166
2009LIUE01,Evan Liu,2023-06-17,3.83,167
2009LIUE01,Evan Liu,2023-06-17,4.19,168
2009LIUE01,Evan Liu,2023-07-09,5.01,169
2009LIUE01,Evan Liu,2023-07-09,4.15,170
2009LIUE01,Evan Liu,2023-07-15,4.26,171
2009LIUE01,Evan Liu,2023-07-15,5.99,172
2009LIUE01,Evan Liu,2023-07-24,3.54,173
2009LIUE01,Evan Liu,2023-07-24,5.83,174
2009LIUE01,Evan Liu,2023-07-27,5.64,175
2009LIUE01,Evan Liu,2023-08-05,4.3,176
2009LIUE01,Evan Liu,2023-08-05,5.06,177
2009LIUE01,Evan Liu,2023-08-11,4.67,178
2009LIUE01,Evan Liu,2023-08-11,4.28,179
2009LIUE01,Evan Liu,2023-08-11,5.09,180
2009LIUE01,Evan Liu,2023-08-20,4.47,181
2009LIUE01,Evan Liu,2023-09-30,5.02,182
2009LIUE01,Evan Liu,2023-09-30,4.78,183
2009LIUE01,Evan Liu,2023-09-30,5.1,184
2009LIUE01,Evan Liu,2023-10-07,3.94,185
2009LIUE01,Evan Liu,2023-10-07,4.42,186
2009LIUE01,Evan Liu,2023-11-04,7.83,187
2009LIUE01,Evan Liu,2023-12-02,5.89,188
2009LIUE01,Evan Liu,2024-01-06,4.37,189
2009LIUE01,Evan Liu,2024-01-13,4.95,190
2009LIUE01,Evan Liu,2024-01-13,4.7,191
2009LIUE01,Evan Liu,2024-01-14,5.99,192
2009LIUE01,Evan Liu,2024-01-14,4.42,193
2009LIUE01,Evan Liu,2024-01-27,6.72,194
2009LIUE01,Evan Liu,2024-02-10,4.64,195
2009LIUE01,Evan Liu,2024-02-10,4.56,196
2009LIUE01,Evan Liu,2024-02-17,4.95,197
2009LIUE01,Evan Liu,2024-02-17,4.17,198
2009LIUE01,Evan Liu,2024-03-09,5.27,199
2009LIUE01,Evan Liu,2024-03-09,5.47,200
2009LIUE01,Evan Liu,2024-03-10,5.37,201
2009LIUE01,Evan Liu,2024-03-10,4.75,202
2009LIUE01,Evan Liu,2024-03-23,4.32,203
2009LIUE01,Evan Liu,2024-03-23,6.63,204
2009LIUE01,Evan Liu,2024-03-30,4.25,205
2009LIUE01,Evan Liu,2024-04-06,6.27,206
2009LIUE01,Evan Liu,2024-04-06,3.97,207
2009LIUE01,Evan Liu,2024-04-06,5.85,208
2009LIUE01,Evan Liu,2024-04-13,4.51,209
2009LIUE01,Evan Liu,2024-04-20,5.44,210
2009LIUE01,Evan Liu,2024-04-20,6.02,211
2009LIUE01,Evan Liu,2024-04-27,3.34,212
2009LIUE01,Evan Liu,2024-05-25,4.59,213
2009LIUE01,Evan Liu,2024-05-25,4.34,214
2009LIUE01,Evan Liu,2024-05-25,4.57,215
2009LIUE01,Evan Liu,2024-06-16,5.17,216
2009LIUE01,Evan Liu,2024-06-16,4.54,217
2009LIUE01,Evan Liu,2024-06-21,4.46,218
2009LIUE01,Evan Liu,2024-06-21,5.56,219
2009LIUE01,Evan Liu,2024-06-27,4.65,220
2009LIUE01,Evan Liu,2024-06-27,4.72,221
2009LIUE01,Evan Liu,2024-07-14,3.88,222
2009LIUE01,Evan Liu,2024-08-04,5.62,223
2009LIUE01,Evan Liu,2024-08-04,4.52,224
2009LIUE01,Evan Liu,2024-08-10,3.76,225
2009LIUE01,Evan Liu,2024-08-10,4.14,226
2009LIUE01,Evan Liu,2024-08-13,4.18,227
2009LIUE01,Evan Liu,2024-08-24,3.02,228
2009LIUE01,Evan Liu,2024-09-14,5.22,229
2009LIUE01,Evan Liu,2024-09-14,4.74,230
2009LIUE01,Evan Liu,2024-09-14,3.53,231
2009LIUE01,Evan Liu,2024-10-06,4.77,232
2009LIUE01,Evan Liu,2024-10-06,4.51,233
2009LIUE01,Evan Liu,2024-10-12,5.46,234
2009LIUE01,Evan Liu,2024-10-12,4.32,235
2009LIUE01,Evan Liu,2024-10-12,4.47,236
2009LIUE01,Evan Liu,2024-10-19,4.86,237
2009LIUE01,Evan Liu,2024-10-19,4.48,238
2009LIUE01,Evan Liu,2024-12-15,5.09,239
2009LIUE01,Evan Liu,2024-12-15,6.04,240
2009LIUE01,Evan Liu,2024-12-21,4.59,241
2009LIUE01,Evan Liu,2024-12-21,4.95,242
2009LIUE01,Evan Liu,2025-01-11,4.54,243
2009LIUE01,Evan Liu,2025-01-11,3.94,244
2009LIUE01,Evan Liu,2025-01-18,5.11,245
2009LIUE01,Evan Liu,2025-01-18,4.69,246
2009LIUE01,Evan Liu,2025-01-26,5.29,247
2009LIUE01,Evan Liu,2025-01-26,4.97,248
2009LIUE01,Evan Liu,2025-02-01,4.87,249
2009LIUE01,Evan Liu,2025-02-01,4.58,250
2009LIUE01,Evan Liu,2025-03-08,4.35,251
2009LIUE01,Evan Liu,2025-03-08,5.02,252
2009LIUE01,Evan Liu,2025-03-22,4.92,253
2009LIUE01,Evan Liu,2025-03-22,4.52,254
2009LIUE01,Evan Liu,2025-03-29,3.98,255
2009LIUE01,Evan Liu,2025-03-29,5.61,256
2009LIUE01,Evan Liu,2025-04-19,5.08,257
2009LIUE01,Evan Liu,2025-04-19,4.83,258
2009LIUE01,Evan Liu,2025-04-19,5.08,259
2009LIUE01,Evan Liu,2025-04-20,4.57,260
2009LIUE01,Evan Liu,2025-04-20,4.16,261
2009LIUE01,Evan Liu,2025-05-04,5.94,262
2009LIUE01,Evan Liu,2025-05-10,4.6,263
2009LIUE01,Evan Liu,2025-05-10,4.51,264
2009LIUE01,Evan Liu,2025-05-17,5.03,265
2009LIUE01,Evan Liu,2025-06-08,4.7,266
2009LIUE01,Evan Liu,2025-06-08,4.74,267
2009LIUE01,Evan Liu,2025-06-08,3.96,268
2009LIUE01,Evan Liu,2025-06-28,3.7,269
2009LIUE01,Evan Liu,2025-06-28,3.92,270
2009LIUE01,Evan Liu,2025-07-03,4.28,271
2009LIUE01,Evan Liu,2025-07-26,4.34,272
2009LIUE01,Evan Liu,2025-07-26,4.6,273
2009LIUE01,Evan Liu,2025-08-02,5.8,274
2009LIUE01,Evan Liu,2025-08-02,3.6,275
2009LIUE01,Evan Liu,2025-08-23,4.15,276
2009LIUE01,Evan Liu,2025-08-23,5.78,277
2009LIUE01,Evan Liu,2025-08-30,4.33,278
2009LIUE01,Evan Liu,2025-08-30,5.04,279
2009LIUE01,Evan Liu,2025-10-12,6.26,280
2009LIUE01,Evan Liu,2025-10-12,9.31,281
2009LIUE01,Evan Liu,2025-10-25,3.96,282
2009LIUE01,Evan Liu,2025-11-08,5.33,283
2009LIUE01,Evan Liu,2025-12-06,4.73,284
2009LIUE01,Evan Liu,2025-12-06,5.19,285
2009LIUE01,Evan Liu,2025-12-07,4.65,286
2009LIUE01,Evan Liu,2025-12-07,4.6,287
2009LIUE01,Evan Liu,2025-12-21,5.3,288
2009LIUE01,Evan Liu,2025-12-31,4.44,289
2009LIUE01,Evan Liu,2026-01-17,3.53,290
2009LIUE01,Evan Liu,2026-01-17,5.58,291
2009LIUE01,Evan Liu,2026-02-14,6.01,292
2009LIUE01,Evan Liu,2026-02-14,4.86,293
2009LIUE01,Evan Liu,2026-02-21,4.42,294
2009LIUE01,Evan Liu,2026-02-21,5.3,295
2009LIUE01,Evan Liu,2026-03-07,5.01,296
2009LIUE01,Evan Liu,2026-03-07,4.66,297
2009LIUE01,Evan Liu,2026-03-21,4.15,298
2009LIUE01,Evan Liu,2026-03-21,4.14,299
2009LIUE01,Evan Liu,2026-03-28,4.72,300
2009LIUE01,Evan Liu,2026-04-04,7.98,301
2009LIUE01,Evan Liu,2026-04-04,4.72,302
2009LIUE01,Evan Liu,2026-04-10,5.37,303
2009LIUE01,Evan Liu,2026-04-10,6.33,304
2009LIUE01,Evan Liu,2026-04-10,5.57,305
2009LIUE01,Evan Liu,2026-04-25,5.54,306
2009LIUE01,Evan Liu,2026-04-25,3.97,307
2009LIUE01,Evan Liu,2026-05-02,5.62,308
2009LIUE01,Evan Liu,2026-05-02,4.38,309
2009LIUE01,Evan Liu,2026-05-09,4.29,310
2010BENT01,Jan Bentlage,2010-01-16,18.98,1
2010BENT01,Jan Bentlage,2010-05-22,17.21,2
2010BENT01,Jan Bentlage,2010-06-12,17.03,3
2010BENT01,Jan Bentlage,2010-06-26,13.85,4
2010BENT01,Jan Bentlage,2010-07-24,14.57,5
2010BENT01,Jan Bentlage,2010-09-04,11.21,6
2010BENT01,Jan Bentlage,2010-09-04,12.01,7
2010BENT01,Jan Bentlage,2010-09-11,10.7,8
2010BENT01,Jan Bentlage,2010-11-13,11.57,9
2010BENT01,Jan Bentlage,2011-01-14,13.92,10
2010BENT01,Jan Bentlage,2011-03-05,10.74,11
2010BENT01,Jan Bentlage,2011-03-05,11.27,12
2010BENT01,Jan Bentlage,2011-03-05,10.61,13
2010BENT01,Jan Bentlage,2011-04-09,12.29,14
2010BENT01,Jan Bentlage,2011-05-07,11.37,15
2010BENT01,Jan Bentlage,2011-06-10,9.21,16
2010BENT01,Jan Bentlage,2011-06-10,10.55,17
2010BENT01,Jan Bentlage,2011-06-10,12.76,18
2010BENT01,Jan Bentlage,2011-08-13,12.01,19
2010BENT01,Jan Bentlage,2011-08-13,11.38,20
2010BENT01,Jan Bentlage,2011-10-29,10.67,21
2010BENT01,Jan Bentlage,2011-11-19,7.44,22
2010BENT01,Jan Bentlage,2011-11-19,10.68,23
2010BENT01,Jan Bentlage,2011-11-26,9.14,24
2010BENT01,Jan Bentlage,2011-11-26,8.32,25
2010BENT01,Jan Bentlage,2011-12-10,10.58,26
2010BENT01,Jan Bentlage,2011-12-17,10.0,27
2010BENT01,Jan Bentlage,2011-12-17,10.21,28
2010BENT01,Jan Bentlage,2012-02-04,7.41,29
2010BENT01,Jan Bentlage,2012-02-04,9.48,30
2010BENT01,Jan Bentlage,2012-02-25,8.87,31
2010BENT01,Jan Bentlage,2012-02-25,9.57,32
2010BENT01,Jan Bentlage,2012-02-25,7.95,33
2010BENT01,Jan Bentlage,2012-04-06,8.66,34
2010BENT01,Jan Bentlage,2012-04-06,9.53,35
2010BENT01,Jan Bentlage,2012-04-28,6.78,36
2010BENT01,Jan Bentlage,2012-04-28,7.6,37
2010BENT01,Jan Bentlage,2012-05-19,7.94,38
2010BENT01,Jan Bentlage,2012-06-23,6.43,39
2010BENT01,Jan Bentlage,2012-07-07,7.64,40
2010BENT01,Jan Bentlage,2012-07-07,8.31,41
2010BENT01,Jan Bentlage,2012-07-13,7.8,42
2010BENT01,Jan Bentlage,2012-07-13,9.68,43
2010BENT01,Jan Bentlage,2012-08-25,9.25,44
2010BENT01,Jan Bentlage,2012-08-25,7.79,45
2010BENT01,Jan Bentlage,2012-09-15,10.22,46
2010BENT01,Jan Bentlage,2012-09-15,7.98,47
2010BENT01,Jan Bentlage,2012-09-22,7.8,48
2010BENT01,Jan Bentlage,2012-09-22,9.12,49
2010BENT01,Jan Bentlage,2012-11-03,12.9,50
2010BENT01,Jan Bentlage,2012-11-17,8.0,51
2010BENT01,Jan Bentlage,2012-11-17,8.87,52
2010BENT01,Jan Bentlage,2012-12-08,7.18,53
2010BENT01,Jan Bentlage,2012-12-08,7.2,54
2010BENT01,Jan Bentlage,2012-12-22,6.85,55
2010BENT01,Jan Bentlage,2012-12-22,7.17,56
2010BENT01,Jan Bentlage,2012-12-22,7.6,57
2010BENT01,Jan Bentlage,2013-02-02,7.86,58
2010BENT01,Jan Bentlage,2013-02-02,8.42,59
2010BENT01,Jan Bentlage,2013-03-02,9.66,60
2010BENT01,Jan Bentlage,2013-03-02,6.95,61
2010BENT01,Jan Bentlage,2013-03-02,6.94,62
2010BENT01,Jan Bentlage,2013-04-01,7.08,63
2010BENT01,Jan Bentlage,2013-04-06,7.63,64
2010BENT01,Jan Bentlage,2013-04-06,6.08,65
2010BENT01,Jan Bentlage,2013-04-20,7.44,66
2010BENT01,Jan Bentlage,2013-04-20,6.18,67
2010BENT01,Jan Bentlage,2013-05-17,6.62,68
2010BENT01,Jan Bentlage,2013-05-17,7.49,69
2010BENT01,Jan Bentlage,2013-06-01,7.05,70
2010BENT01,Jan Bentlage,2013-06-01,7.13,71
2010BENT01,Jan Bentlage,2013-06-22,6.77,72
2010BENT01,Jan Bentlage,2013-06-22,9.54,73
2010BENT01,Jan Bentlage,2013-07-26,7.35,74
2010BENT01,Jan Bentlage,2013-07-26,7.08,75
2010BENT01,Jan Bentlage,2013-08-03,6.78,76
2010BENT01,Jan Bentlage,2013-09-14,7.58,77
2010BENT01,Jan Bentlage,2013-09-14,6.94,78
2010BENT01,Jan Bentlage,2013-10-13,7.37,79
2010BENT01,Jan Bentlage,2013-11-02,6.68,80
2010BENT01,Jan Bentlage,2013-11-02,6.41,81
2010BENT01,Jan Bentlage,2013-11-02,7.55,82
2010BENT01,Jan Bentlage,2013-11-09,7.41,83
2010BENT01,Jan Bentlage,2013-11-09,6.09,84
2010BENT01,Jan Bentlage,2013-11-23,6.05,85
2010BENT01,Jan Bentlage,2013-11-23,7.61,86
2010BENT01,Jan Bentlage,2014-01-03,9.94,87
2010BENT01,Jan Bentlage,2014-01-18,7.4,88
2010BENT01,Jan Bentlage,2014-01-18,6.86,89
2010BENT01,Jan Bentlage,2014-02-15,6.96,90
2010BENT01,Jan Bentlage,2014-02-15,7.15,91
2010BENT01,Jan Bentlage,2014-02-15,6.45,92
2010BENT01,Jan Bentlage,2014-03-15,6.71,93
2010BENT01,Jan Bentlage,2014-03-15,6.92,94
2010BENT01,Jan Bentlage,2014-03-22,6.59,95
2010BENT01,Jan Bentlage,2014-03-22,5.76,96
2010BENT01,Jan Bentlage,2014-03-22,6.6,97
2010BENT01,Jan Bentlage,2014-04-05,7.41,98
2010BENT01,Jan Bentlage,2014-04-05,7.61,99
2010BENT01,Jan Bentlage,2014-04-18,7.54,100
2010BENT01,Jan Bentlage,2014-04-18,5.93,101
2010BENT01,Jan Bentlage,2014-06-07,5.96,102
2010BENT01,Jan Bentlage,2014-06-07,6.22,103
2010BENT01,Jan Bentlage,2014-07-12,5.32,104
2010BENT01,Jan Bentlage,2014-07-12,6.44,105
2010BENT01,Jan Bentlage,2014-08-02,6.37,106
2010BENT01,Jan Bentlage,2014-08-02,6.92,107
2010BENT01,Jan Bentlage,2014-08-02,6.84,108
2010BENT01,Jan Bentlage,2014-08-08,6.27,109
2010BENT01,Jan Bentlage,2014-08-08,5.9,110
2010BENT01,Jan Bentlage,2014-08-08,5.47,111
2010BENT01,Jan Bentlage,2014-09-28,6.66,112
2010BENT01,Jan Bentlage,2014-10-04,6.24,113
2010BENT01,Jan Bentlage,2014-10-04,6.77,114
2010BENT01,Jan Bentlage,2014-10-04,6.97,115
2010BENT01,Jan Bentlage,2014-11-01,5.42,116
2010BENT01,Jan Bentlage,2014-11-01,6.42,117
2010BENT01,Jan Bentlage,2014-11-01,5.28,118
2010BENT01,Jan Bentlage,2014-11-08,6.51,119
2010BENT01,Jan Bentlage,2014-11-08,4.85,120
2010BENT01,Jan Bentlage,2014-11-21,7.9,121
2010BENT01,Jan Bentlage,2014-11-21,6.49,122
2010BENT01,Jan Bentlage,2014-12-27,6.12,123
2010BENT01,Jan Bentlage,2014-12-27,5.67,124
2010BENT01,Jan Bentlage,2015-01-17,7.37,125
2010BENT01,Jan Bentlage,2015-01-17,6.64,126
2010BENT01,Jan Bentlage,2015-01-31,6.38,127
2010BENT01,Jan Bentlage,2015-01-31,6.55,128
2010BENT01,Jan Bentlage,2015-02-21,6.72,129
2010BENT01,Jan Bentlage,2015-02-21,5.97,130
2010BENT01,Jan Bentlage,2015-02-28,6.57,131
2010BENT01,Jan Bentlage,2015-02-28,6.35,132
2010BENT01,Jan Bentlage,2015-02-28,7.42,133
2010BENT01,Jan Bentlage,2015-03-14,5.71,134
2010BENT01,Jan Bentlage,2015-03-14,5.14,135
2010BENT01,Jan Bentlage,2015-03-14,5.15,136
2010BENT01,Jan Bentlage,2015-04-18,5.46,137
2010BENT01,Jan Bentlage,2015-04-18,5.48,138
2010BENT01,Jan Bentlage,2015-05-16,6.22,139
2010BENT01,Jan Bentlage,2015-05-16,5.64,140
2010BENT01,Jan Bentlage,2015-05-23,5.18,141
2010BENT01,Jan Bentlage,2015-05-23,5.83,142
2010BENT01,Jan Bentlage,2015-06-06,5.84,143
2010BENT01,Jan Bentlage,2015-06-06,5.18,144
2010BENT01,Jan Bentlage,2015-06-21,5.93,145
2010BENT01,Jan Bentlage,2015-07-17,5.79,146
2010BENT01,Jan Bentlage,2015-07-17,5.1,147
2010BENT01,Jan Bentlage,2015-07-17,6.9,148
2010BENT01,Jan Bentlage,2015-08-01,6.01,149
2010BENT01,Jan Bentlage,2015-08-01,7.35,150
2010BENT01,Jan Bentlage,2015-08-01,4.73,151
2010BENT01,Jan Bentlage,2015-08-22,6.88,152
2010BENT01,Jan Bentlage,2015-08-22,5.5,153
2010BENT01,Jan Bentlage,2015-09-05,5.01,154
2010BENT01,Jan Bentlage,2015-09-05,5.97,155
2010BENT01,Jan Bentlage,2015-09-12,5.38,156
2010BENT01,Jan Bentlage,2015-09-27,4.99,157
2010BENT01,Jan Bentlage,2015-10-17,8.28,158
2010BENT01,Jan Bentlage,2015-10-31,4.48,159
2010BENT01,Jan Bentlage,2015-10-31,5.69,160
2010BENT01,Jan Bentlage,2015-11-14,6.39,161
2010BENT01,Jan Bentlage,2015-11-14,5.73,162
2010BENT01,Jan Bentlage,2015-12-05,5.34,163
2010BENT01,Jan Bentlage,2015-12-05,6.11,164
2010BENT01,Jan Bentlage,2015-12-19,5.96,165
2010BENT01,Jan Bentlage,2015-12-19,6.32,166
2010BENT01,Jan Bentlage,2016-01-30,6.02,167
2010BENT01,Jan Bentlage,2016-01-30,5.27,168
2010BENT01,Jan Bentlage,2016-03-05,6.38,169
2010BENT01,Jan Bentlage,2016-03-05,5.29,170
2010BENT01,Jan Bentlage,2016-03-05,5.32,171
2010BENT01,Jan Bentlage,2016-04-09,5.06,172
2010BENT01,Jan Bentlage,2016-04-09,5.05,173
2010BENT01,Jan Bentlage,2016-05-07,5.73,174
2010BENT01,Jan Bentlage,2016-05-07,6.03,175
2010BENT01,Jan Bentlage,2016-05-28,6.4,176
2010BENT01,Jan Bentlage,2016-05-28,5.52,177
2010BENT01,Jan Bentlage,2016-07-02,6.06,178
2010BENT01,Jan Bentlage,2016-07-02,5.99,179
2010BENT01,Jan Bentlage,2016-07-15,5.51,180
2010BENT01,Jan Bentlage,2016-07-15,5.84,181
2010BENT01,Jan Bentlage,2016-07-30,5.61,182
2010BENT01,Jan Bentlage,2016-09-03,7.3,183
2010BENT01,Jan Bentlage,2016-10-07,5.84,184
2010BENT01,Jan Bentlage,2016-10-07,5.44,185
2010BENT01,Jan Bentlage,2016-10-29,5.01,186
2010BENT01,Jan Bentlage,2016-10-29,5.95,187
2010BENT01,Jan Bentlage,2016-11-05,5.13,188
2010BENT01,Jan Bentlage,2016-11-05,5.46,189
2010BENT01,Jan Bentlage,2016-11-26,5.35,190
2010BENT01,Jan Bentlage,2016-11-26,5.46,191
2010BENT01,Jan Bentlage,2016-11-26,6.74,192
2010BENT01,Jan Bentlage,2017-01-06,5.04,193
2010BENT01,Jan Bentlage,2017-01-06,4.89,194
2010BENT01,Jan Bentlage,2017-01-28,5.34,195
2010BENT01,Jan Bentlage,2017-01-28,4.7,196
2010BENT01,Jan Bentlage,2017-03-11,6.01,197
2010BENT01,Jan Bentlage,2017-03-11,6.01,198
2010BENT01,Jan Bentlage,2017-03-25,4.68,199
2010BENT01,Jan Bentlage,2017-03-25,4.92,200
2010BENT01,Jan Bentlage,2017-04-08,4.84,201
2010BENT01,Jan Bentlage,2017-04-08,4.87,202
2010BENT01,Jan Bentlage,2017-04-29,4.83,203
2010BENT01,Jan Bentlage,2017-04-29,4.24,204
2010BENT01,Jan Bentlage,2017-05-06,4.85,205
2010BENT01,Jan Bentlage,2017-05-06,5.1,206
2010BENT01,Jan Bentlage,2017-05-20,5.35,207
2010BENT01,Jan Bentlage,2017-05-20,6.02,208
2010BENT01,Jan Bentlage,2017-05-27,4.72,209
2010BENT01,Jan Bentlage,2017-05-27,5.92,210
2010BENT01,Jan Bentlage,2017-06-10,6.62,211
2010BENT01,Jan Bentlage,2017-06-10,5.96,212
2010BENT01,Jan Bentlage,2017-06-24,5.75,213
2010BENT01,Jan Bentlage,2017-06-24,5.94,214
2010BENT01,Jan Bentlage,2017-07-01,5.48,215
2010BENT01,Jan Bentlage,2017-07-01,4.54,216
2010BENT01,Jan Bentlage,2017-07-13,5.88,217
2010BENT01,Jan Bentlage,2017-07-21,4.99,218
2010BENT01,Jan Bentlage,2017-07-21,5.44,219
2010BENT01,Jan Bentlage,2017-07-21,6.26,220
2010BENT01,Jan Bentlage,2017-08-19,5.33,221
2010BENT01,Jan Bentlage,2017-08-19,4.89,222
2010BENT01,Jan Bentlage,2017-09-01,5.31,223
2010BENT01,Jan Bentlage,2017-09-01,5.93,224
2010BENT01,Jan Bentlage,2017-09-01,5.87,225
2010BENT01,Jan Bentlage,2017-09-16,5.23,226
2010BENT01,Jan Bentlage,2017-09-16,5.88,227
2010BENT01,Jan Bentlage,2017-09-22,4.63,228
2010BENT01,Jan Bentlage,2017-09-22,4.54,229
2010BENT01,Jan Bentlage,2017-09-30,5.5,230
2010BENT01,Jan Bentlage,2017-09-30,4.61,231
2010BENT01,Jan Bentlage,2017-10-13,5.21,232
2010BENT01,Jan Bentlage,2017-10-13,5.2,233
2010BENT01,Jan Bentlage,2017-10-13,5.27,234
2010BENT01,Jan Bentlage,2017-10-21,5.81,235
2010BENT01,Jan Bentlage,2017-11-04,5.49,236
2010BENT01,Jan Bentlage,2017-11-04,5.05,237
2010BENT01,Jan Bentlage,2017-11-18,5.43,238
2010BENT01,Jan Bentlage,2017-11-18,5.81,239
2010BENT01,Jan Bentlage,2017-11-18,4.91,240
2010BENT01,Jan Bentlage,2018-01-05,4.97,241
2010BENT01,Jan Bentlage,2018-01-05,6.37,242
2010BENT01,Jan Bentlage,2018-02-10,4.59,243
2010BENT01,Jan Bentlage,2018-02-10,4.61,244
2010BENT01,Jan Bentlage,2018-03-24,4.81,245
2010BENT01,Jan Bentlage,2018-03-24,5.1,246
2010BENT01,Jan Bentlage,2018-04-21,5.38,247
2010BENT01,Jan Bentlage,2018-04-21,5.75,248
2010BENT01,Jan Bentlage,2018-04-28,6.04,249
2010BENT01,Jan Bentlage,2018-05-12,5.91,250
2010BENT01,Jan Bentlage,2018-05-12,4.59,251
2010BENT01,Jan Bentlage,2018-05-19,4.04,252
2010BENT01,Jan Bentlage,2018-05-19,4.66,253
2010BENT01,Jan Bentlage,2018-06-02,5.38,254
2010BENT01,Jan Bentlage,2018-06-02,5.49,255
2010BENT01,Jan Bentlage,2018-06-23,5.53,256
2010BENT01,Jan Bentlage,2018-06-23,5.18,257
2010BENT01,Jan Bentlage,2018-07-14,5.38,258
2010BENT01,Jan Bentlage,2018-07-14,5.54,259
2010BENT01,Jan Bentlage,2018-07-19,5.52,260
2010BENT01,Jan Bentlage,2018-07-19,5.0,261
2010BENT01,Jan Bentlage,2018-07-19,5.26,262
2010BENT01,Jan Bentlage,2018-08-17,5.26,263
2010BENT01,Jan Bentlage,2018-09-07,4.8,264
2010BENT01,Jan Bentlage,2018-09-07,6.23,265
2010BENT01,Jan Bentlage,2018-10-13,4.97,266
2010BENT01,Jan Bentlage,2018-10-27,5.77,267
2010BENT01,Jan Bentlage,2018-11-03,5.09,268
2010BENT01,Jan Bentlage,2019-03-22,4.46,269
2010BENT01,Jan Bentlage,2019-03-22,4.93,270
2010BENT01,Jan Bentlage,2019-04-06,5.01,271
2010BENT01,Jan Bentlage,2019-04-06,4.81,272
2010BENT01,Jan Bentlage,2019-04-20,5.57,273
2010BENT01,Jan Bentlage,2019-04-20,4.65,274
2010BENT01,Jan Bentlage,2019-04-20,4.93,275
2010BENT01,Jan Bentlage,2019-05-11,5.73,276
2010BENT01,Jan Bentlage,2019-05-11,6.0,277
2010BENT01,Jan Bentlage,2019-05-18,4.86,278
2010BENT01,Jan Bentlage,2019-05-18,5.14,279
2010BENT01,Jan Bentlage,2019-05-18,5.24,280
2010BENT01,Jan Bentlage,2019-05-30,4.82,281
2010BENT01,Jan Bentlage,2019-05-30,4.72,282
2010BENT01,Jan Bentlage,2019-05-30,5.38,283
2010BENT01,Jan Bentlage,2019-06-08,7.0,284
2010BENT01,Jan Bentlage,2019-06-08,5.3,285
2010BENT01,Jan Bentlage,2019-06-22,5.28,286
2010BENT01,Jan Bentlage,2019-06-22,5.0,287
2010BENT01,Jan Bentlage,2019-07-11,5.5,288
2010BENT01,Jan Bentlage,2019-08-02,4.95,289
2010BENT01,Jan Bentlage,2019-08-02,4.74,290
2010BENT01,Jan Bentlage,2019-08-10,4.89,291
2010BENT01,Jan Bentlage,2019-08-10,4.59,292
2010BENT01,Jan Bentlage,2019-08-17,6.19,293
2010BENT01,Jan Bentlage,2019-08-17,4.92,294
2010BENT01,Jan Bentlage,2019-08-17,5.09,295
2010BENT01,Jan Bentlage,2019-09-21,4.55,296
2010BENT01,Jan Bentlage,2019-09-21,5.1,297
2010BENT01,Jan Bentlage,2019-10-12,5.29,298
2010BENT01,Jan Bentlage,2019-10-26,4.93,299
2010BENT01,Jan Bentlage,2019-11-23,4.69,300
2010BENT01,Jan Bentlage,2020-01-04,6.2,301
2010BENT01,Jan Bentlage,2020-01-04,6.0,302
2010BENT01,Jan Bentlage,2020-01-18,5.87,303
2010BENT01,Jan Bentlage,2020-01-18,4.11,304
2010BENT01,Jan Bentlage,2020-02-01,4.53,305
2010BENT01,Jan Bentlage,2020-02-01,6.3,306
2010BENT01,Jan Bentlage,2020-02-15,5.49,307
2010BENT01,Jan Bentlage,2020-02-15,5.5,308
2010BENT01,Jan Bentlage,2020-02-22,5.52,309
2010BENT01,Jan Bentlage,2020-02-22,5.63,310
2010BENT01,Jan Bentlage,2020-02-29,5.16,311
2010BENT01,Jan Bentlage,2020-02-29,4.79,312
2010BENT01,Jan Bentlage,2021-10-08,5.82,313
2010BENT01,Jan Bentlage,2021-10-08,5.51,314
2010BENT01,Jan Bentlage,2021-11-06,5.48,315
2010BENT01,Jan Bentlage,2021-11-06,5.27,316
2010BENT01,Jan Bentlage,2022-04-10,4.83,317
2010BENT01,Jan Bentlage,2022-04-10,5.86,318
2010BENT01,Jan Bentlage,2022-04-23,5.39,319
2010BENT01,Jan Bentlage,2022-05-14,5.55,320
2010BENT01,Jan Bentlage,2022-05-14,5.65,321
2010BENT01,Jan Bentlage,2022-05-21,6.69,322
2010BENT01,Jan Bentlage,2022-05-21,6.41,323
2010BENT01,Jan Bentlage,2022-05-21,5.48,324
2010BENT01,Jan Bentlage,2022-06-18,5.58,325
2010BENT01,Jan Bentlage,2022-06-18,5.84,326
2010BENT01,Jan Bentlage,2022-06-18,6.17,327
2010BENT01,Jan Bentlage,2022-07-09,5.52,328
2010BENT01,Jan Bentlage,2022-07-09,5.3,329
2010BENT01,Jan Bentlage,2022-08-19,5.24,330
2010BENT01,Jan Bentlage,2022-08-19,4.98,331
2010BENT01,Jan Bentlage,2022-10-07,6.05,332
2010BENT01,Jan Bentlage,2022-10-07,5.51,333
2010BENT01,Jan Bentlage,2022-10-14,5.58,334
2010BENT01,Jan Bentlage,2022-10-14,5.58,335
2010BENT01,Jan Bentlage,2022-10-14,5.36,336
2010BENT01,Jan Bentlage,2022-11-12,5.81,337
2010BENT01,Jan Bentlage,2023-04-10,5.84,338
2010BENT01,Jan Bentlage,2023-04-10,5.12,339
2010BENT01,Jan Bentlage,2023-04-15,6.43,340
2010BENT01,Jan Bentlage,2023-04-15,4.75,341
2010BENT01,Jan Bentlage,2023-05-20,4.89,342
2010BENT01,Jan Bentlage,2023-07-16,5.81,343
2010BENT01,Jan Bentlage,2023-07-27,6.1,344
2010BENT01,Jan Bentlage,2023-08-04,4.86,345
2010BENT01,Jan Bentlage,2023-08-04,4.77,346
2010BENT01,Jan Bentlage,2023-08-04,6.1,347
2010BENT01,Jan Bentlage,2023-11-11,4.0,348
2010BENT01,Jan Bentlage,2023-11-11,5.93,349
2010BENT01,Jan Bentlage,2024-02-10,5.15,350
2010BENT01,Jan Bentlage,2024-02-10,5.76,351
2010BENT01,Jan Bentlage,2024-04-05,4.76,352
2010BENT01,Jan Bentlage,2024-05-24,4.28,353
2010BENT01,Jan Bentlage,2024-05-24,8.98,354
2010BENT01,Jan Bentlage,2024-07-25,6.93,355
2010BENT01,Jan Bentlage,2024-10-04,5.66,356
2010BENT01,Jan Bentlage,2024-11-15,5.47,357
2010BENT01,Jan Bentlage,2025-05-17,5.39,358
2010BENT01,Jan Bentlage,2025-05-17,4.51,359
2010BENT01,Jan Bentlage,2025-07-03,5.22,360
2010BENT01,Jan Bentlage,2025-08-23,5.19,361
2010BENT01,Jan Bentlage,2025-08-23,5.35,362
2010BENT01,Jan Bentlage,2025-09-26,6.11,363
2010BENT01,Jan Bentlage,2026-05-01,7.47,364
2010BENT01,Jan Bentlage,2026-05-01,5.08,365
2010DESJ01,Jules Desjardin,2010-01-23,13.66,1
2010DESJ01,Jules Desjardin,2010-09-03,10.32,2
2010DESJ01,Jules Desjardin,2011-02-19,6.87,3
2010DESJ01,Jules Desjardin,2011-02-19,7.46,4
2010DESJ01,Jules Desjardin,2011-03-26,5.29,5
2010DESJ01,Jules Desjardin,2011-08-06,7.32,6
2010DESJ01,Jules Desjardin,2011-08-06,6.37,7
2010DESJ01,Jules Desjardin,2011-08-06,4.49,8
2010DESJ01,Jules Desjardin,2011-09-24,4.42,9
2010DESJ01,Jules Desjardin,2011-10-14,4.66,10
2010DESJ01,Jules Desjardin,2011-10-14,4.67,11
2010DESJ01,Jules Desjardin,2011-10-29,3.9,12
2010DESJ01,Jules Desjardin,2011-10-29,4.28,13
2010DESJ01,Jules Desjardin,2011-12-17,5.1,14
2010DESJ01,Jules Desjardin,2011-12-17,5.12,15
2010DESJ01,Jules Desjardin,2011-12-17,4.7,16
2010DESJ01,Jules Desjardin,2012-02-18,5.24,17
2010DESJ01,Jules Desjardin,2012-02-18,4.87,18
2010DESJ01,Jules Desjardin,2012-02-18,4.5,19
2010DESJ01,Jules Desjardin,2012-06-30,4.22,20
2010DESJ01,Jules Desjardin,2012-06-30,4.58,21
2010DESJ01,Jules Desjardin,2012-07-14,4.28,22
2010DESJ01,Jules Desjardin,2012-08-31,4.33,23
2010DESJ01,Jules Desjardin,2012-10-12,3.85,24
2010DESJ01,Jules Desjardin,2012-10-12,3.77,25
2010DESJ01,Jules Desjardin,2013-04-27,3.72,26
2010DESJ01,Jules Desjardin,2013-04-27,3.56,27
2010DESJ01,Jules Desjardin,2013-07-26,3.41,28
2010DESJ01,Jules Desjardin,2013-07-26,4.31,29
2010DESJ01,Jules Desjardin,2013-07-26,4.9,30
2010DESJ01,Jules Desjardin,2013-12-21,3.56,31
2010DESJ01,Jules Desjardin,2013-12-21,3.38,32
2010DESJ01,Jules Desjardin,2014-02-08,3.6,33
2010DESJ01,Jules Desjardin,2014-02-08,3.89,34
2010DESJ01,Jules Desjardin,2014-03-15,3.55,35
2010DESJ01,Jules Desjardin,2014-03-15,3.28,36
2010DESJ01,Jules Desjardin,2014-05-10,4.84,37
2010DESJ01,Jules Desjardin,2014-05-10,3.21,38
2010DESJ01,Jules Desjardin,2014-07-12,3.23,39
2010DESJ01,Jules Desjardin,2014-07-12,3.96,40
2010DESJ01,Jules Desjardin,2014-08-08,3.68,41
2010DESJ01,Jules Desjardin,2014-08-08,3.25,42
2010DESJ01,Jules Desjardin,2014-08-08,4.03,43
2010DESJ01,Jules Desjardin,2014-12-06,2.68,44
2010DESJ01,Jules Desjardin,2014-12-06,3.69,45
2010DESJ01,Jules Desjardin,2015-04-11,3.52,46
2010DESJ01,Jules Desjardin,2015-04-11,4.2,47
2010DESJ01,Jules Desjardin,2015-07-17,4.61,48
2010DESJ01,Jules Desjardin,2015-07-17,3.46,49
2010DESJ01,Jules Desjardin,2015-07-17,3.77,50
2010DESJ01,Jules Desjardin,2015-09-12,4.02,51
2010DESJ01,Jules Desjardin,2015-09-12,3.47,52
2010DESJ01,Jules Desjardin,2015-12-05,3.24,53
2010DESJ01,Jules Desjardin,2015-12-05,3.16,54
2010DESJ01,Jules Desjardin,2016-04-30,5.38,55
2010DESJ01,Jules Desjardin,2016-04-30,2.81,56
2010DESJ01,Jules Desjardin,2016-07-09,3.81,57
2010DESJ01,Jules Desjardin,2016-07-15,2.96,58
2010DESJ01,Jules Desjardin,2016-07-15,3.05,59
2010DESJ01,Jules Desjardin,2016-07-15,3.67,60
2010DESJ01,Jules Desjardin,2016-09-10,2.8,61
2010DESJ01,Jules Desjardin,2016-11-05,3.68,62
2010DESJ01,Jules Desjardin,2016-11-05,3.9,63
2010DESJ01,Jules Desjardin,2016-11-11,3.18,64
2010DESJ01,Jules Desjardin,2016-11-11,3.09,65
2010DESJ01,Jules Desjardin,2016-11-11,3.79,66
2010DESJ01,Jules Desjardin,2016-12-03,4.44,67
2010DESJ01,Jules Desjardin,2016-12-03,3.47,68
2010DESJ01,Jules Desjardin,2016-12-17,3.85,69
2010DESJ01,Jules Desjardin,2016-12-17,3.28,70
2010DESJ01,Jules Desjardin,2016-12-17,3.55,71
2010DESJ01,Jules Desjardin,2017-01-28,3.64,72
2010DESJ01,Jules Desjardin,2017-01-28,3.38,73
2010DESJ01,Jules Desjardin,2017-02-11,2.75,74
2010DESJ01,Jules Desjardin,2017-02-11,2.96,75
2010DESJ01,Jules Desjardin,2017-02-11,2.72,76
2010DESJ01,Jules Desjardin,2017-03-04,3.43,77
2010DESJ01,Jules Desjardin,2017-03-04,3.26,78
2010DESJ01,Jules Desjardin,2017-04-08,3.55,79
2010DESJ01,Jules Desjardin,2017-04-08,3.24,80
2010DESJ01,Jules Desjardin,2017-04-29,3.49,81
2010DESJ01,Jules Desjardin,2017-04-29,3.18,82
2010DESJ01,Jules Desjardin,2017-04-29,2.65,83
2010DESJ01,Jules Desjardin,2017-05-20,3.88,84
2010DESJ01,Jules Desjardin,2017-05-20,2.85,85
2010DESJ01,Jules Desjardin,2017-05-27,4.25,86
2010DESJ01,Jules Desjardin,2017-05-27,2.55,87
2010DESJ01,Jules Desjardin,2017-06-10,2.66,88
2010DESJ01,Jules Desjardin,2017-06-10,3.18,89
2010DESJ01,Jules Desjardin,2017-07-01,3.49,90
2010DESJ01,Jules Desjardin,2017-07-01,2.8,91
2010DESJ01,Jules Desjardin,2017-07-13,2.61,92
2010DESJ01,Jules Desjardin,2017-07-13,2.32,93
2010DESJ01,Jules Desjardin,2017-07-13,4.37,94
2010DESJ01,Jules Desjardin,2017-07-22,2.71,95
2010DESJ01,Jules Desjardin,2017-07-22,2.42,96
2010DESJ01,Jules Desjardin,2017-07-22,2.3,97
2010DESJ01,Jules Desjardin,2017-09-09,2.88,98
2010DESJ01,Jules Desjardin,2017-09-09,2.44,99
2010DESJ01,Jules Desjardin,2017-09-23,2.53,100
2010DESJ01,Jules Desjardin,2017-09-23,2.75,101
2010DESJ01,Jules Desjardin,2017-09-23,2.41,102
2010DESJ01,Jules Desjardin,2017-10-27,3.14,103
2010DESJ01,Jules Desjardin,2017-10-27,2.77,104
2010DESJ01,Jules Desjardin,2017-11-25,7.78,105
2010DESJ01,Jules Desjardin,2017-12-16,3.95,106
2010DESJ01,Jules Desjardin,2017-12-16,2.87,107
2010DESJ01,Jules Desjardin,2017-12-16,3.17,108
2010DESJ01,Jules Desjardin,2018-01-27,2.79,109
2010DESJ01,Jules Desjardin,2018-01-27,2.88,110
2010DESJ01,Jules Desjardin,2018-01-27,2.58,111
2010DESJ01,Jules Desjardin,2018-02-10,2.86,112
2010DESJ01,Jules Desjardin,2018-02-10,2.83,113
2010DESJ01,Jules Desjardin,2018-02-17,2.98,114
2010DESJ01,Jules Desjardin,2018-02-17,3.1,115
2010DESJ01,Jules Desjardin,2018-03-31,2.76,116
2010DESJ01,Jules Desjardin,2018-03-31,2.63,117
2010DESJ01,Jules Desjardin,2018-03-31,3.98,118
2010DESJ01,Jules Desjardin,2018-04-07,2.97,119
2010DESJ01,Jules Desjardin,2018-04-07,2.6,120
2010DESJ01,Jules Desjardin,2018-04-07,2.78,121
2010DESJ01,Jules Desjardin,2018-04-14,3.49,122
2010DESJ01,Jules Desjardin,2018-04-14,2.95,123
2010DESJ01,Jules Desjardin,2018-04-28,3.36,124
2010DESJ01,Jules Desjardin,2018-04-28,3.11,125
2010DESJ01,Jules Desjardin,2018-05-12,3.22,126
2010DESJ01,Jules Desjardin,2018-05-12,3.74,127
2010DESJ01,Jules Desjardin,2018-05-25,2.4,128
2010DESJ01,Jules Desjardin,2018-05-25,2.62,129
2010DESJ01,Jules Desjardin,2018-06-23,2.82,130
2010DESJ01,Jules Desjardin,2018-06-23,3.24,131
2010DESJ01,Jules Desjardin,2018-07-14,3.19,132
2010DESJ01,Jules Desjardin,2018-07-14,3.14,133
2010DESJ01,Jules Desjardin,2018-07-19,2.41,134
2010DESJ01,Jules Desjardin,2018-07-19,3.03,135
2010DESJ01,Jules Desjardin,2018-07-19,3.14,136
2010DESJ01,Jules Desjardin,2018-07-19,2.57,137
2010DESJ01,Jules Desjardin,2018-08-25,2.76,138
2010DESJ01,Jules Desjardin,2018-08-25,3.26,139
2010DESJ01,Jules Desjardin,2018-09-08,4.13,140
2010DESJ01,Jules Desjardin,2018-09-08,2.78,141
2010DESJ01,Jules Desjardin,2018-09-22,3.03,142
2010DESJ01,Jules Desjardin,2018-09-22,2.74,143
2010DESJ01,Jules Desjardin,2018-10-06,3.19,144
2010DESJ01,Jules Desjardin,2018-10-06,2.53,145
2010DESJ01,Jules Desjardin,2018-10-26,3.24,146
2010DESJ01,Jules Desjardin,2018-10-26,2.85,147
2010DESJ01,Jules Desjardin,2018-10-26,3.79,148
2010DESJ01,Jules Desjardin,2018-11-10,2.76,149
2010DESJ01,Jules Desjardin,2018-11-10,3.28,150
2010DESJ01,Jules Desjardin,2018-11-17,4.29,151
2010DESJ01,Jules Desjardin,2018-11-17,2.52,152
2010DESJ01,Jules Desjardin,2018-12-01,3.24,153
2010DESJ01,Jules Desjardin,2018-12-01,2.74,154
2010DESJ01,Jules Desjardin,2019-01-12,2.72,155
2010DESJ01,Jules Desjardin,2019-01-12,4.02,156
2010DESJ01,Jules Desjardin,2019-01-12,3.28,157
2010DESJ01,Jules Desjardin,2019-02-16,2.51,158
2010DESJ01,Jules Desjardin,2019-02-16,3.13,159
2010DESJ01,Jules Desjardin,2019-03-02,3.28,160
2010DESJ01,Jules Desjardin,2019-03-02,2.49,161
2010DESJ01,Jules Desjardin,2019-03-09,3.01,162
2010DESJ01,Jules Desjardin,2019-03-09,3.66,163
2010DESJ01,Jules Desjardin,2019-03-15,2.78,164
2010DESJ01,Jules Desjardin,2019-03-15,2.66,165
2010DESJ01,Jules Desjardin,2019-03-30,2.65,166
2010DESJ01,Jules Desjardin,2019-03-30,3.02,167
2010DESJ01,Jules Desjardin,2019-04-13,2.61,168
2010DESJ01,Jules Desjardin,2019-04-13,2.96,169
2010DESJ01,Jules Desjardin,2019-04-20,2.27,170
2010DESJ01,Jules Desjardin,2019-04-20,3.12,171
2010DESJ01,Jules Desjardin,2019-04-20,2.67,172
2010DESJ01,Jules Desjardin,2019-04-27,3.47,173
2010DESJ01,Jules Desjardin,2019-04-27,2.87,174
2010DESJ01,Jules Desjardin,2019-05-11,3.71,175
2010DESJ01,Jules Desjardin,2019-05-11,2.81,176
2010DESJ01,Jules Desjardin,2019-05-18,3.19,177
2010DESJ01,Jules Desjardin,2019-05-18,4.06,178
2010DESJ01,Jules Desjardin,2019-06-08,2.77,179
2010DESJ01,Jules Desjardin,2019-06-08,4.61,180
2010DESJ01,Jules Desjardin,2019-06-22,2.86,181
2010DESJ01,Jules Desjardin,2019-06-22,2.35,182
2010DESJ01,Jules Desjardin,2019-07-11,3.14,183
2010DESJ01,Jules Desjardin,2019-07-11,2.7,184
2010DESJ01,Jules Desjardin,2019-08-02,3.25,185
2010DESJ01,Jules Desjardin,2019-08-02,3.47,186
2010DESJ01,Jules Desjardin,2019-08-10,3.77,187
2010DESJ01,Jules Desjardin,2019-08-10,2.71,188
2010DESJ01,Jules Desjardin,2019-09-07,2.8,189
2010DESJ01,Jules Desjardin,2019-09-07,3.15,190
2010DESJ01,Jules Desjardin,2019-09-21,3.52,191
2010DESJ01,Jules Desjardin,2019-09-21,2.96,192
2010DESJ01,Jules Desjardin,2019-09-28,2.73,193
2010DESJ01,Jules Desjardin,2019-09-28,2.69,194
2010DESJ01,Jules Desjardin,2019-10-19,2.63,195
2010DESJ01,Jules Desjardin,2019-10-19,2.93,196
2010DESJ01,Jules Desjardin,2019-10-25,3.09,197
2010DESJ01,Jules Desjardin,2019-10-25,3.1,198
2010DESJ01,Jules Desjardin,2019-10-25,2.71,199
2010DESJ01,Jules Desjardin,2019-11-02,3.67,200
2010DESJ01,Jules Desjardin,2019-11-02,2.45,201
2010DESJ01,Jules Desjardin,2019-11-02,2.81,202
2010DESJ01,Jules Desjardin,2020-01-18,3.53,203
2010DESJ01,Jules Desjardin,2020-01-18,2.65,204
2010DESJ01,Jules Desjardin,2020-02-15,3.29,205
2010DESJ01,Jules Desjardin,2020-02-15,3.43,206
2010DESJ01,Jules Desjardin,2020-02-29,2.91,207
2010DESJ01,Jules Desjardin,2020-02-29,3.11,208
2010DESJ01,Jules Desjardin,2021-07-18,2.76,209
2010DESJ01,Jules Desjardin,2021-07-18,2.89,210
2010DESJ01,Jules Desjardin,2021-10-09,3.77,211
2010DESJ01,Jules Desjardin,2021-10-09,2.52,212
2010DESJ01,Jules Desjardin,2022-06-18,2.85,213
2010DESJ01,Jules Desjardin,2022-06-18,2.43,214
2010DESJ01,Jules Desjardin,2022-07-14,3.09,215
2010DESJ01,Jules Desjardin,2022-07-14,2.97,216
2010DESJ01,Jules Desjardin,2022-07-14,2.96,217
2010DESJ01,Jules Desjardin,2022-08-26,2.02,218
2010DESJ01,Jules Desjardin,2022-08-26,2.64,219
2010DESJ01,Jules Desjardin,2022-08-26,3.48,220
2010DESJ01,Jules Desjardin,2022-09-10,2.24,221
2010DESJ01,Jules Desjardin,2022-09-10,2.57,222
2010DESJ01,Jules Desjardin,2022-10-22,2.17,223
2010DESJ01,Jules Desjardin,2022-10-22,3.69,224
2010DESJ01,Jules Desjardin,2022-11-12,2.64,225
2010DESJ01,Jules Desjardin,2022-11-12,3.31,226
2010DESJ01,Jules Desjardin,2023-01-28,2.97,227
2010DESJ01,Jules Desjardin,2023-01-28,2.81,228
2010DESJ01,Jules Desjardin,2023-02-11,2.91,229
2010DESJ01,Jules Desjardin,2023-02-11,2.82,230
2010DESJ01,Jules Desjardin,2023-02-18,3.13,231
2010DESJ01,Jules Desjardin,2023-02-18,2.74,232
2010DESJ01,Jules Desjardin,2023-04-22,3.34,233
2010DESJ01,Jules Desjardin,2023-04-22,2.55,234
2010DESJ01,Jules Desjardin,2023-05-06,3.08,235
2010DESJ01,Jules Desjardin,2023-05-06,2.44,236
2010DESJ01,Jules Desjardin,2023-05-06,2.89,237
2010DESJ01,Jules Desjardin,2023-07-01,2.7,238
2010DESJ01,Jules Desjardin,2023-07-01,3.45,239
2010DESJ01,Jules Desjardin,2023-08-12,3.15,240
2010DESJ01,Jules Desjardin,2023-08-12,2.48,241
2010DESJ01,Jules Desjardin,2023-08-12,2.34,242
2010DESJ01,Jules Desjardin,2023-10-07,2.43,243
2010DESJ01,Jules Desjardin,2023-10-07,2.71,244
2010DESJ01,Jules Desjardin,2023-12-02,2.67,245
2010DESJ01,Jules Desjardin,2024-01-06,3.61,246
2010DESJ01,Jules Desjardin,2024-01-06,3.21,247
2010DESJ01,Jules Desjardin,2024-01-27,2.89,248
2010DESJ01,Jules Desjardin,2024-01-27,2.54,249
2010DESJ01,Jules Desjardin,2024-03-02,2.66,250
2010DESJ01,Jules Desjardin,2024-03-02,2.65,251
2010DESJ01,Jules Desjardin,2024-03-30,2.77,252
2010DESJ01,Jules Desjardin,2024-03-30,3.12,253
2010DESJ01,Jules Desjardin,2024-04-20,2.58,254
2010DESJ01,Jules Desjardin,2024-04-20,3.12,255
2010DESJ01,Jules Desjardin,2024-04-20,3.51,256
2010DESJ01,Jules Desjardin,2024-05-18,2.65,257
2010DESJ01,Jules Desjardin,2024-05-18,2.6,258
2010DESJ01,Jules Desjardin,2024-05-25,2.92,259
2010DESJ01,Jules Desjardin,2024-05-25,2.84,260
2010DESJ01,Jules Desjardin,2024-05-25,2.42,261
2010DESJ01,Jules Desjardin,2024-06-22,2.69,262
2010DESJ01,Jules Desjardin,2024-06-22,2.58,263
2010DESJ01,Jules Desjardin,2024-07-06,3.5,264
2010DESJ01,Jules Desjardin,2024-07-06,2.99,265
2010DESJ01,Jules Desjardin,2024-07-25,2.61,266
2010DESJ01,Jules Desjardin,2024-07-25,2.52,267
2010DESJ01,Jules Desjardin,2024-07-25,2.93,268
2010DESJ01,Jules Desjardin,2024-09-14,2.11,269
2010DESJ01,Jules Desjardin,2024-09-14,2.9,270
2010DESJ01,Jules Desjardin,2024-09-14,3.76,271
2010DESJ01,Jules Desjardin,2024-10-26,3.58,272
2010DESJ01,Jules Desjardin,2024-10-26,2.84,273
2010DESJ01,Jules Desjardin,2025-02-01,2.64,274
2010DESJ01,Jules Desjardin,2025-02-15,3.57,275
2010DESJ01,Jules Desjardin,2025-02-15,3.05,276
2010DESJ01,Jules Desjardin,2025-03-16,2.83,277
2010DESJ01,Jules Desjardin,2025-04-19,3.21,278
2010DESJ01,Jules Desjardin,2025-04-19,2.46,279
2010DESJ01,Jules Desjardin,2025-04-19,3.14,280
2010DESJ01,Jules Desjardin,2025-07-03,2.71,281
2010DESJ01,Jules Desjardin,2025-08-02,2.51,282
2010DESJ01,Jules Desjardin,2025-08-02,3.27,283
2010DESJ01,Jules Desjardin,2025-08-15,2.73,284
2010DESJ01,Jules Desjardin,2025-08-15,2.87,285
2010DESJ01,Jules Desjardin,2025-08-30,3.45,286
2010DESJ01,Jules Desjardin,2025-08-30,2.81,287
2010DESJ01,Jules Desjardin,2025-09-27,3.33,288
2010DESJ01,Jules Desjardin,2025-09-27,2.51,289
2010DESJ01,Jules Desjardin,2025-10-18,2.69,290
2010DESJ01,Jules Desjardin,2025-10-18,3.29,291
2010DESJ01,Jules Desjardin,2025-11-08,2.57,292
2010DESJ01,Jules Desjardin,2025-11-08,3.02,293
2010DESJ01,Jules Desjardin,2026-01-24,2.72,294
2010DESJ01,Jules Desjardin,2026-01-24,2.16,295
2010DESJ01,Jules Desjardin,2026-04-04,3.18,296
2010DESJ01,Jules Desjardin,2026-04-04,2.86,297
2010DESJ01,Jules Desjardin,2026-04-04,4.1,298
2010DESJ01,Jules Desjardin,2026-05-01,3.16,299
2010DESJ01,Jules Desjardin,2026-05-01,3.85,300
2010DESJ01,Jules Desjardin,2026-05-01,3.31,301
2010GRAC02,Fabio Bini Graciose,2010-03-20,17.89,1
2010GRAC02,Fabio Bini Graciose,2010-07-23,19.52,2
2010GRAC02,Fabio Bini Graciose,2010-09-25,11.82,3
2010GRAC02,Fabio Bini Graciose,2011-07-15,14.64,4
2010GRAC02,Fabio Bini Graciose,2011-08-27,14.11,5
2010GRAC02,Fabio Bini Graciose,2011-10-08,13.82,6
2010GRAC02,Fabio Bini Graciose,2011-11-19,11.9,7
2010GRAC02,Fabio Bini Graciose,2012-02-04,16.62,8
2010GRAC02,Fabio Bini Graciose,2012-04-14,16.33,9
2010GRAC02,Fabio Bini Graciose,2012-05-05,15.78,10
2010GRAC02,Fabio Bini Graciose,2012-05-05,14.6,11
2010GRAC02,Fabio Bini Graciose,2012-06-16,15.43,12
2010GRAC02,Fabio Bini Graciose,2012-06-23,15.03,13
2010GRAC02,Fabio Bini Graciose,2012-06-23,14.73,14
2010GRAC02,Fabio Bini Graciose,2012-07-20,12.56,15
2010GRAC02,Fabio Bini Graciose,2012-08-04,11.93,16
2010GRAC02,Fabio Bini Graciose,2012-09-22,13.81,17
2010GRAC02,Fabio Bini Graciose,2012-09-22,14.79,18
2010GRAC02,Fabio Bini Graciose,2012-10-27,13.31,19
2010GRAC02,Fabio Bini Graciose,2012-12-01,11.63,20
2010GRAC02,Fabio Bini Graciose,2013-01-19,12.3,21
2010GRAC02,Fabio Bini Graciose,2013-01-25,12.27,22
2010GRAC02,Fabio Bini Graciose,2013-01-25,15.15,23
2010GRAC02,Fabio Bini Graciose,2013-04-13,12.29,24
2010GRAC02,Fabio Bini Graciose,2013-04-13,11.45,25
2010GRAC02,Fabio Bini Graciose,2013-04-27,12.13,26
2010GRAC02,Fabio Bini Graciose,2013-05-25,11.67,27
2010GRAC02,Fabio Bini Graciose,2013-05-25,11.72,28
2010GRAC02,Fabio Bini Graciose,2013-06-01,14.5,29
2010GRAC02,Fabio Bini Graciose,2013-06-01,11.85,30
2010GRAC02,Fabio Bini Graciose,2013-06-15,12.26,31
2010GRAC02,Fabio Bini Graciose,2013-07-19,9.86,32
2010GRAC02,Fabio Bini Graciose,2013-07-19,11.95,33
2010GRAC02,Fabio Bini Graciose,2013-08-17,15.22,34
2010GRAC02,Fabio Bini Graciose,2013-09-21,11.49,35
2010GRAC02,Fabio Bini Graciose,2013-09-21,12.29,36
2010GRAC02,Fabio Bini Graciose,2013-10-05,13.32,37
2010GRAC02,Fabio Bini Graciose,2013-10-05,12.59,38
2010GRAC02,Fabio Bini Graciose,2013-10-12,11.17,39
2010GRAC02,Fabio Bini Graciose,2013-10-12,13.75,40
2010GRAC02,Fabio Bini Graciose,2013-11-30,14.18,41
2010GRAC02,Fabio Bini Graciose,2013-11-30,13.94,42
2010GRAC02,Fabio Bini Graciose,2014-01-25,9.66,43
2010GRAC02,Fabio Bini Graciose,2014-01-25,12.01,44
2010GRAC02,Fabio Bini Graciose,2014-01-31,13.94,45
2010GRAC02,Fabio Bini Graciose,2014-01-31,11.48,46
2010GRAC02,Fabio Bini Graciose,2014-03-15,10.68,47
2010GRAC02,Fabio Bini Graciose,2014-03-15,11.75,48
2010GRAC02,Fabio Bini Graciose,2014-03-15,16.18,49
2010GRAC02,Fabio Bini Graciose,2014-04-05,12.39,50
2010GRAC02,Fabio Bini Graciose,2014-05-03,11.58,51
2010GRAC02,Fabio Bini Graciose,2014-05-03,13.4,52
2010GRAC02,Fabio Bini Graciose,2014-05-17,12.8,53
2010GRAC02,Fabio Bini Graciose,2014-05-17,11.99,54
2010GRAC02,Fabio Bini Graciose,2014-05-24,9.77,55
2010GRAC02,Fabio Bini Graciose,2014-05-24,10.63,56
2010GRAC02,Fabio Bini Graciose,2014-06-20,11.53,57
2010GRAC02,Fabio Bini Graciose,2014-06-20,10.8,58
2010GRAC02,Fabio Bini Graciose,2014-07-25,10.62,59
2010GRAC02,Fabio Bini Graciose,2014-08-16,12.54,60
2010GRAC02,Fabio Bini Graciose,2014-08-16,13.06,61
2010GRAC02,Fabio Bini Graciose,2014-08-30,14.9,62
2010GRAC02,Fabio Bini Graciose,2014-08-30,9.96,63
2010GRAC02,Fabio Bini Graciose,2014-10-18,9.85,64
2010GRAC02,Fabio Bini Graciose,2014-11-09,12.68,65
2010GRAC02,Fabio Bini Graciose,2014-11-09,9.68,66
2010GRAC02,Fabio Bini Graciose,2014-11-15,12.0,67
2010GRAC02,Fabio Bini Graciose,2014-11-15,13.82,68
2010GRAC02,Fabio Bini Graciose,2014-11-22,12.63,69
2010GRAC02,Fabio Bini Graciose,2014-11-22,12.03,70
2010GRAC02,Fabio Bini Graciose,2014-12-06,14.45,71
2010GRAC02,Fabio Bini Graciose,2014-12-06,11.95,72
2010GRAC02,Fabio Bini Graciose,2015-01-17,17.44,73
2010GRAC02,Fabio Bini Graciose,2015-01-23,12.96,74
2010GRAC02,Fabio Bini Graciose,2015-01-23,12.15,75
2010GRAC02,Fabio Bini Graciose,2015-02-28,11.7,76
2010GRAC02,Fabio Bini Graciose,2015-02-28,10.37,77
2010GRAC02,Fabio Bini Graciose,2015-03-28,9.99,78
2010GRAC02,Fabio Bini Graciose,2015-03-28,12.91,79
2010GRAC02,Fabio Bini Graciose,2015-04-25,11.34,80
2010GRAC02,Fabio Bini Graciose,2015-04-25,13.67,81
2010GRAC02,Fabio Bini Graciose,2015-05-16,10.17,82
2010GRAC02,Fabio Bini Graciose,2015-05-16,10.55,83
2010GRAC02,Fabio Bini Graciose,2015-05-22,11.66,84
2010GRAC02,Fabio Bini Graciose,2015-05-22,11.46,85
2010GRAC02,Fabio Bini Graciose,2015-06-20,12.4,86
2010GRAC02,Fabio Bini Graciose,2015-06-27,12.38,87
2010GRAC02,Fabio Bini Graciose,2015-06-27,10.25,88
2010GRAC02,Fabio Bini Graciose,2015-07-17,11.08,89
2010GRAC02,Fabio Bini Graciose,2015-07-24,13.35,90
2010GRAC02,Fabio Bini Graciose,2015-07-24,10.2,91
2010GRAC02,Fabio Bini Graciose,2015-09-12,11.91,92
2010GRAC02,Fabio Bini Graciose,2015-09-12,9.83,93
2010GRAC02,Fabio Bini Graciose,2015-09-18,11.09,94
2010GRAC02,Fabio Bini Graciose,2015-09-18,10.4,95
2010GRAC02,Fabio Bini Graciose,2015-10-03,13.85,96
2010GRAC02,Fabio Bini Graciose,2015-10-03,13.43,97
2010GRAC02,Fabio Bini Graciose,2015-10-24,11.88,98
2010GRAC02,Fabio Bini Graciose,2015-10-24,8.4,99
2010GRAC02,Fabio Bini Graciose,2015-10-31,8.51,100
2010GRAC02,Fabio Bini Graciose,2015-11-07,11.41,101
2010GRAC02,Fabio Bini Graciose,2015-11-07,8.48,102
2010GRAC02,Fabio Bini Graciose,2015-11-14,9.35,103
2010GRAC02,Fabio Bini Graciose,2015-11-14,7.72,104
2010GRAC02,Fabio Bini Graciose,2015-11-21,9.98,105
2010GRAC02,Fabio Bini Graciose,2015-11-21,9.4,106
2010GRAC02,Fabio Bini Graciose,2015-12-05,7.85,107
2010GRAC02,Fabio Bini Graciose,2015-12-05,10.11,108
2010GRAC02,Fabio Bini Graciose,2015-12-12,10.7,109
2010GRAC02,Fabio Bini Graciose,2015-12-12,8.66,110
2010GRAC02,Fabio Bini Graciose,2016-01-23,9.53,111
2010GRAC02,Fabio Bini Graciose,2016-01-23,9.69,112
2010GRAC02,Fabio Bini Graciose,2016-02-12,7.82,113
2010GRAC02,Fabio Bini Graciose,2016-02-12,9.7,114
2010GRAC02,Fabio Bini Graciose,2016-03-19,11.68,115
2010GRAC02,Fabio Bini Graciose,2016-03-19,9.82,116
2010GRAC02,Fabio Bini Graciose,2016-04-02,11.04,117
2010GRAC02,Fabio Bini Graciose,2016-04-16,10.85,118
2010GRAC02,Fabio Bini Graciose,2016-04-23,8.0,119
2010GRAC02,Fabio Bini Graciose,2016-05-21,9.85,120
2010GRAC02,Fabio Bini Graciose,2016-05-28,9.74,121
2010GRAC02,Fabio Bini Graciose,2016-05-28,10.05,122
2010GRAC02,Fabio Bini Graciose,2016-06-11,8.14,123
2010GRAC02,Fabio Bini Graciose,2016-06-18,10.06,124
2010GRAC02,Fabio Bini Graciose,2016-06-25,13.55,125
2010GRAC02,Fabio Bini Graciose,2016-06-25,8.36,126
2010GRAC02,Fabio Bini Graciose,2016-07-22,10.21,127
2010GRAC02,Fabio Bini Graciose,2016-08-27,8.57,128
2010GRAC02,Fabio Bini Graciose,2016-08-27,6.98,129
2010GRAC02,Fabio Bini Graciose,2016-09-03,10.78,130
2010GRAC02,Fabio Bini Graciose,2016-09-03,8.15,131
2010GRAC02,Fabio Bini Graciose,2016-10-07,8.13,132
2010GRAC02,Fabio Bini Graciose,2016-10-07,8.78,133
2010GRAC02,Fabio Bini Graciose,2016-10-07,11.23,134
2010GRAC02,Fabio Bini Graciose,2016-10-15,8.49,135
2010GRAC02,Fabio Bini Graciose,2016-10-15,8.5,136
2010GRAC02,Fabio Bini Graciose,2016-10-22,10.44,137
2010GRAC02,Fabio Bini Graciose,2016-10-22,8.35,138
2010GRAC02,Fabio Bini Graciose,2016-10-22,11.28,139
2010GRAC02,Fabio Bini Graciose,2016-11-12,8.38,140
2010GRAC02,Fabio Bini Graciose,2016-11-12,6.87,141
2010GRAC02,Fabio Bini Graciose,2016-11-18,10.84,142
2010GRAC02,Fabio Bini Graciose,2016-11-18,7.54,143
2010GRAC02,Fabio Bini Graciose,2016-11-26,9.27,144
2010GRAC02,Fabio Bini Graciose,2016-11-26,10.47,145
2010GRAC02,Fabio Bini Graciose,2016-12-02,10.27,146
2010GRAC02,Fabio Bini Graciose,2016-12-02,9.6,147
2010GRAC02,Fabio Bini Graciose,2016-12-03,8.0,148
2010GRAC02,Fabio Bini Graciose,2016-12-03,8.08,149
2010GRAC02,Fabio Bini Graciose,2016-12-10,8.55,150
2010GRAC02,Fabio Bini Graciose,2016-12-10,9.1,151
2010GRAC02,Fabio Bini Graciose,2017-01-28,6.58,152
2010GRAC02,Fabio Bini Graciose,2017-01-28,9.29,153
2010GRAC02,Fabio Bini Graciose,2017-02-11,9.81,154
2010GRAC02,Fabio Bini Graciose,2017-03-18,9.03,155
2010GRAC02,Fabio Bini Graciose,2017-03-18,10.99,156
2010GRAC02,Fabio Bini Graciose,2017-03-25,8.65,157
2010GRAC02,Fabio Bini Graciose,2017-03-25,8.55,158
2010GRAC02,Fabio Bini Graciose,2017-04-08,8.68,159
2010GRAC02,Fabio Bini Graciose,2017-04-08,9.55,160
2010GRAC02,Fabio Bini Graciose,2017-04-21,9.53,161
2010GRAC02,Fabio Bini Graciose,2017-04-22,9.72,162
2010GRAC02,Fabio Bini Graciose,2017-04-22,7.91,163
2010GRAC02,Fabio Bini Graciose,2017-04-29,10.27,164
2010GRAC02,Fabio Bini Graciose,2017-04-29,8.59,165
2010GRAC02,Fabio Bini Graciose,2017-05-05,8.68,166
2010GRAC02,Fabio Bini Graciose,2017-05-05,8.43,167
2010GRAC02,Fabio Bini Graciose,2017-05-05,9.56,168
2010GRAC02,Fabio Bini Graciose,2017-05-26,9.37,169
2010GRAC02,Fabio Bini Graciose,2017-06-16,10.21,170
2010GRAC02,Fabio Bini Graciose,2017-06-16,8.12,171
2010GRAC02,Fabio Bini Graciose,2017-07-13,8.68,172
2010GRAC02,Fabio Bini Graciose,2017-08-19,10.49,173
2010GRAC02,Fabio Bini Graciose,2017-08-19,8.82,174
2010GRAC02,Fabio Bini Graciose,2017-09-08,8.33,175
2010GRAC02,Fabio Bini Graciose,2017-09-08,9.01,176
2010GRAC02,Fabio Bini Graciose,2017-09-16,6.85,177
2010GRAC02,Fabio Bini Graciose,2017-09-16,11.19,178
2010GRAC02,Fabio Bini Graciose,2017-09-29,9.79,179
2010GRAC02,Fabio Bini Graciose,2017-09-29,10.18,180
2010GRAC02,Fabio Bini Graciose,2017-10-20,8.92,181
2010GRAC02,Fabio Bini Graciose,2017-10-27,8.56,182
2010GRAC02,Fabio Bini Graciose,2017-10-27,8.68,183
2010GRAC02,Fabio Bini Graciose,2017-11-04,8.57,184
2010GRAC02,Fabio Bini Graciose,2017-11-04,7.19,185
2010GRAC02,Fabio Bini Graciose,2017-11-18,8.05,186
2010GRAC02,Fabio Bini Graciose,2017-11-18,10.23,187
2010GRAC02,Fabio Bini Graciose,2017-11-18,9.03,188
2010GRAC02,Fabio Bini Graciose,2017-12-02,8.85,189
2010GRAC02,Fabio Bini Graciose,2017-12-02,7.04,190
2010GRAC02,Fabio Bini Graciose,2017-12-09,8.74,191
2010GRAC02,Fabio Bini Graciose,2017-12-09,8.18,192
2010GRAC02,Fabio Bini Graciose,2017-12-16,8.47,193
2010GRAC02,Fabio Bini Graciose,2017-12-16,8.63,194
2010GRAC02,Fabio Bini Graciose,2018-01-27,6.76,195
2010GRAC02,Fabio Bini Graciose,2018-01-27,8.88,196
2010GRAC02,Fabio Bini Graciose,2018-03-03,7.55,197
2010GRAC02,Fabio Bini Graciose,2018-03-03,9.84,198
2010GRAC02,Fabio Bini Graciose,2018-03-10,8.27,199
2010GRAC02,Fabio Bini Graciose,2018-03-10,10.79,200
2010GRAC02,Fabio Bini Graciose,2018-03-17,8.99,201
2010GRAC02,Fabio Bini Graciose,2018-03-17,8.18,202
2010GRAC02,Fabio Bini Graciose,2018-04-07,7.98,203
2010GRAC02,Fabio Bini Graciose,2018-04-07,10.87,204
2010GRAC02,Fabio Bini Graciose,2018-04-21,7.32,205
2010GRAC02,Fabio Bini Graciose,2018-04-21,9.43,206
2010GRAC02,Fabio Bini Graciose,2018-04-28,7.4,207
2010GRAC02,Fabio Bini Graciose,2018-04-28,7.52,208
2010GRAC02,Fabio Bini Graciose,2018-05-05,9.75,209
2010GRAC02,Fabio Bini Graciose,2018-05-05,8.83,210
2010GRAC02,Fabio Bini Graciose,2018-05-20,7.87,211
2010GRAC02,Fabio Bini Graciose,2018-05-26,8.4,212
2010GRAC02,Fabio Bini Graciose,2018-05-26,8.37,213
2010GRAC02,Fabio Bini Graciose,2018-06-01,6.82,214
2010GRAC02,Fabio Bini Graciose,2018-06-01,7.1,215
2010GRAC02,Fabio Bini Graciose,2018-06-23,8.79,216
2010GRAC02,Fabio Bini Graciose,2018-06-23,6.56,217
2010GRAC02,Fabio Bini Graciose,2018-06-30,8.25,218
2010GRAC02,Fabio Bini Graciose,2018-07-07,7.32,219
2010GRAC02,Fabio Bini Graciose,2018-07-20,8.8,220
2010GRAC02,Fabio Bini Graciose,2018-07-20,8.13,221
2010GRAC02,Fabio Bini Graciose,2018-07-20,9.45,222
2010GRAC02,Fabio Bini Graciose,2018-07-28,7.8,223
2010GRAC02,Fabio Bini Graciose,2018-07-28,9.34,224
2010GRAC02,Fabio Bini Graciose,2018-08-18,8.32,225
2010GRAC02,Fabio Bini Graciose,2018-08-18,8.56,226
2010GRAC02,Fabio Bini Graciose,2018-08-25,8.11,227
2010GRAC02,Fabio Bini Graciose,2018-08-25,6.68,228
2010GRAC02,Fabio Bini Graciose,2018-09-01,9.1,229
2010GRAC02,Fabio Bini Graciose,2018-09-29,7.98,230
2010GRAC02,Fabio Bini Graciose,2018-09-29,8.6,231
2010GRAC02,Fabio Bini Graciose,2018-10-13,7.4,232
2010GRAC02,Fabio Bini Graciose,2018-10-20,8.85,233
2010GRAC02,Fabio Bini Graciose,2018-10-20,7.26,234
2010GRAC02,Fabio Bini Graciose,2018-10-20,8.66,235
2010GRAC02,Fabio Bini Graciose,2018-11-03,9.27,236
2010GRAC02,Fabio Bini Graciose,2018-11-03,8.54,237
2010GRAC02,Fabio Bini Graciose,2018-11-10,7.5,238
2010GRAC02,Fabio Bini Graciose,2018-11-10,8.59,239
2010GRAC02,Fabio Bini Graciose,2018-11-30,7.29,240
2010GRAC02,Fabio Bini Graciose,2018-11-30,8.61,241
2010GRAC02,Fabio Bini Graciose,2018-12-15,9.02,242
2010GRAC02,Fabio Bini Graciose,2019-01-15,8.32,243
2010GRAC02,Fabio Bini Graciose,2019-01-15,8.37,244
2010GRAC02,Fabio Bini Graciose,2019-01-19,10.71,245
2010GRAC02,Fabio Bini Graciose,2019-01-26,7.65,246
2010GRAC02,Fabio Bini Graciose,2019-01-26,8.53,247
2010GRAC02,Fabio Bini Graciose,2019-02-02,6.28,248
2010GRAC02,Fabio Bini Graciose,2019-02-02,8.83,249
2010GRAC02,Fabio Bini Graciose,2019-02-16,9.23,250
2010GRAC02,Fabio Bini Graciose,2019-03-09,8.45,251
2010GRAC02,Fabio Bini Graciose,2019-03-09,7.57,252
2010GRAC02,Fabio Bini Graciose,2019-03-23,7.61,253
2010GRAC02,Fabio Bini Graciose,2019-03-30,12.0,254
2010GRAC02,Fabio Bini Graciose,2019-04-06,8.62,255
2010GRAC02,Fabio Bini Graciose,2019-04-06,7.45,256
2010GRAC02,Fabio Bini Graciose,2019-04-13,7.79,257
2010GRAC02,Fabio Bini Graciose,2019-04-13,7.93,258
2010GRAC02,Fabio Bini Graciose,2019-04-13,7.06,259
2010GRAC02,Fabio Bini Graciose,2019-04-27,9.47,260
2010GRAC02,Fabio Bini Graciose,2019-04-27,7.98,261
2010GRAC02,Fabio Bini Graciose,2019-06-08,7.49,262
2010GRAC02,Fabio Bini Graciose,2019-07-20,8.79,263
2010GRAC02,Fabio Bini Graciose,2019-07-20,7.42,264
2010GRAC02,Fabio Bini Graciose,2019-07-27,7.74,265
2010GRAC02,Fabio Bini Graciose,2019-07-27,6.95,266
2010GRAC02,Fabio Bini Graciose,2019-07-27,8.91,267
2010GRAC02,Fabio Bini Graciose,2019-08-03,7.5,268
2010GRAC02,Fabio Bini Graciose,2019-08-17,8.46,269
2010GRAC02,Fabio Bini Graciose,2019-08-17,8.21,270
2010GRAC02,Fabio Bini Graciose,2019-08-24,7.28,271
2010GRAC02,Fabio Bini Graciose,2019-08-24,7.03,272
2010GRAC02,Fabio Bini Graciose,2019-08-31,8.03,273
2010GRAC02,Fabio Bini Graciose,2019-09-21,9.01,274
2010GRAC02,Fabio Bini Graciose,2019-09-28,8.28,275
2010GRAC02,Fabio Bini Graciose,2019-10-19,8.53,276
2010GRAC02,Fabio Bini Graciose,2019-10-19,5.96,277
2010GRAC02,Fabio Bini Graciose,2019-10-26,7.5,278
2010GRAC02,Fabio Bini Graciose,2019-10-26,10.09,279
2010GRAC02,Fabio Bini Graciose,2019-11-29,8.86,280
2010GRAC02,Fabio Bini Graciose,2019-11-29,8.64,281
2010GRAC02,Fabio Bini Graciose,2019-12-07,8.98,282
2010GRAC02,Fabio Bini Graciose,2019-12-07,8.04,283
2010GRAC02,Fabio Bini Graciose,2019-12-28,8.89,284
2010GRAC02,Fabio Bini Graciose,2020-01-18,6.83,285
2010GRAC02,Fabio Bini Graciose,2020-01-18,8.9,286
2010GRAC02,Fabio Bini Graciose,2020-02-14,7.84,287
2010GRAC02,Fabio Bini Graciose,2020-02-14,8.91,288
2010GRAC02,Fabio Bini Graciose,2022-04-23,8.88,289
2010GRAC02,Fabio Bini Graciose,2022-06-25,9.01,290
2010GRAC02,Fabio Bini Graciose,2022-10-29,7.35,291
2010GRAC02,Fabio Bini Graciose,2022-10-29,7.94,292
2010GRAC02,Fabio Bini Graciose,2022-11-05,11.44,293
2010GRAC02,Fabio Bini Graciose,2023-01-21,10.17,294
2010GRAC02,Fabio Bini Graciose,2023-04-01,7.97,295
2010GRAC02,Fabio Bini Graciose,2023-05-06,8.16,296
2010GRAC02,Fabio Bini Graciose,2023-05-13,9.65,297
2010GRAC02,Fabio Bini Graciose,2023-07-15,9.63,298
2010GRAC02,Fabio Bini Graciose,2023-07-15,10.82,299
2010GRAC02,Fabio Bini Graciose,2023-08-19,9.54,300
2010GRAC02,Fabio Bini Graciose,2023-09-08,8.39,301
2010GRAC02,Fabio Bini Graciose,2023-09-08,8.61,302
2010GRAC02,Fabio Bini Graciose,2023-09-23,9.21,303
2010GRAC02,Fabio Bini Graciose,2023-10-21,10.26,304
2010GRAC02,Fabio Bini Graciose,2023-10-28,8.45,305
2010GRAC02,Fabio Bini Graciose,2023-10-28,9.8,306
2010GRAC02,Fabio Bini Graciose,2023-11-11,11.34,307
2010GRAC02,Fabio Bini Graciose,2023-11-25,9.97,308
2010GRAC02,Fabio Bini Graciose,2024-02-24,9.72,309
2010GRAC02,Fabio Bini Graciose,2024-02-24,8.19,310
2010GRAC02,Fabio Bini Graciose,2024-02-24,7.37,311
2010GRAC02,Fabio Bini Graciose,2024-03-02,8.23,312
2010GRAC02,Fabio Bini Graciose,2024-03-09,9.42,313
2010GRAC02,Fabio Bini Graciose,2024-03-09,9.12,314
2010GRAC02,Fabio Bini Graciose,2024-03-16,9.86,315
2010GRAC02,Fabio Bini Graciose,2024-03-23,9.27,316
2010GRAC02,Fabio Bini Graciose,2024-03-23,9.23,317
2010GRAC02,Fabio Bini Graciose,2024-03-23,8.02,318
2010GRAC02,Fabio Bini Graciose,2024-04-20,11.5,319
2010GRAC02,Fabio Bini Graciose,2024-04-21,8.38,320
2010GRAC02,Fabio Bini Graciose,2024-05-17,7.49,321
2010GRAC02,Fabio Bini Graciose,2024-05-17,6.54,322
2010GRAC02,Fabio Bini Graciose,2024-05-30,7.07,323
2010GRAC02,Fabio Bini Graciose,2024-05-30,8.9,324
2010GRAC02,Fabio Bini Graciose,2024-07-13,8.99,325
2010GRAC02,Fabio Bini Graciose,2024-07-20,7.92,326
2010GRAC02,Fabio Bini Graciose,2024-08-03,6.77,327
2010GRAC02,Fabio Bini Graciose,2024-08-03,9.49,328
2010GRAC02,Fabio Bini Graciose,2024-08-17,7.9,329
2010GRAC02,Fabio Bini Graciose,2024-08-31,10.0,330
2010GRAC02,Fabio Bini Graciose,2024-09-14,8.73,331
2010GRAC02,Fabio Bini Graciose,2024-09-14,7.91,332
2010GRAC02,Fabio Bini Graciose,2024-09-28,8.13,333
2010GRAC02,Fabio Bini Graciose,2024-09-28,8.05,334
2010GRAC02,Fabio Bini Graciose,2024-09-29,7.94,335
2010GRAC02,Fabio Bini Graciose,2024-10-12,8.03,336
2010GRAC02,Fabio Bini Graciose,2024-10-27,8.58,337
2010GRAC02,Fabio Bini Graciose,2024-11-09,7.44,338
2010GRAC02,Fabio Bini Graciose,2024-11-09,7.81,339
2010GRAC02,Fabio Bini Graciose,2024-11-15,8.09,340
2010GRAC02,Fabio Bini Graciose,2024-11-15,7.0,341
2010GRAC02,Fabio Bini Graciose,2024-11-30,9.79,342
2010GRAC02,Fabio Bini Graciose,2024-11-30,8.15,343
2010GRAC02,Fabio Bini Graciose,2024-12-14,8.89,344
2010GRAC02,Fabio Bini Graciose,2024-12-14,8.88,345
2010GRAC02,Fabio Bini Graciose,2024-12-21,7.93,346
2010GRAC02,Fabio Bini Graciose,2024-12-21,8.44,347
2010GRAC02,Fabio Bini Graciose,2025-01-18,7.06,348
2010GRAC02,Fabio Bini Graciose,2025-02-15,9.87,349
2010GRAC02,Fabio Bini Graciose,2025-03-15,7.69,350
2010GRAC02,Fabio Bini Graciose,2025-03-15,9.51,351
2010GRAC02,Fabio Bini Graciose,2025-03-16,6.65,352
2010GRAC02,Fabio Bini Graciose,2025-04-26,7.94,353
2010GRAC02,Fabio Bini Graciose,2025-05-01,9.34,354
2010GRAC02,Fabio Bini Graciose,2025-05-01,8.74,355
2010GRAC02,Fabio Bini Graciose,2025-05-01,7.43,356
2010GRAC02,Fabio Bini Graciose,2025-05-18,7.71,357
2010GRAC02,Fabio Bini Graciose,2025-05-31,8.76,358
2010GRAC02,Fabio Bini Graciose,2025-05-31,7.71,359
2010GRAC02,Fabio Bini Graciose,2025-06-07,8.04,360
2010GRAC02,Fabio Bini Graciose,2025-06-21,9.1,361
2010GRAC02,Fabio Bini Graciose,2025-06-21,6.84,362
2010GRAC02,Fabio Bini Graciose,2025-07-05,8.48,363
2010GRAC02,Fabio Bini Graciose,2025-07-05,8.4,364
2010GRAC02,Fabio Bini Graciose,2025-07-18,9.55,365
2010GRAC02,Fabio Bini Graciose,2025-08-02,7.02,366
2010GRAC02,Fabio Bini Graciose,2025-08-02,7.41,367
2010GRAC02,Fabio Bini Graciose,2025-08-02,7.88,368
2010GRAC02,Fabio Bini Graciose,2025-08-16,6.15,369
2010GRAC02,Fabio Bini Graciose,2025-08-23,7.66,370
2010GRAC02,Fabio Bini Graciose,2025-09-06,7.63,371
2010GRAC02,Fabio Bini Graciose,2025-09-13,7.91,372
2010GRAC02,Fabio Bini Graciose,2025-09-13,6.54,373
2010GRAC02,Fabio Bini Graciose,2025-09-20,8.99,374
2010GRAC02,Fabio Bini Graciose,2025-09-20,8.86,375
2010GRAC02,Fabio Bini Graciose,2025-10-04,8.56,376
2010GRAC02,Fabio Bini Graciose,2025-10-18,6.96,377
2010GRAC02,Fabio Bini Graciose,2025-10-18,8.08,378
2010GRAC02,Fabio Bini Graciose,2025-11-21,8.66,379
2010GRAC02,Fabio Bini Graciose,2025-11-29,7.98,380
2010GRAC02,Fabio Bini Graciose,2025-12-06,8.19,381
2010GRAC02,Fabio Bini Graciose,2026-01-10,8.53,382
2010GRAC02,Fabio Bini Graciose,2026-01-24,10.65,383
2010GRAC02,Fabio Bini Graciose,2026-01-30,9.11,384
2010GRAC02,Fabio Bini Graciose,2026-02-07,7.21,385
2010GRAC02,Fabio Bini Graciose,2026-02-21,8.36,386
2010GRAC02,Fabio Bini Graciose,2026-02-28,7.46,387
2010GRAC02,Fabio Bini Graciose,2026-03-21,8.78,388
2010GRAC02,Fabio Bini Graciose,2026-03-28,7.69,389
2010GRAC02,Fabio Bini Graciose,2026-04-11,7.64,390
2010GRAC02,Fabio Bini Graciose,2026-05-01,7.66,391
2010GRAC02,Fabio Bini Graciose,2026-05-23,8.13,392
2010RONK01,Niko Ronkainen,2010-08-28,20.76,1
2010RONK01,Niko Ronkainen,2010-09-18,16.24,2
2010RONK01,Niko Ronkainen,2010-09-18,16.93,3
2010RONK01,Niko Ronkainen,2011-01-22,12.67,4
2010RONK01,Niko Ronkainen,2011-04-02,11.45,5
2010RONK01,Niko Ronkainen,2011-05-21,12.72,6
2010RONK01,Niko Ronkainen,2011-09-17,10.44,7
2010RONK01,Niko Ronkainen,2011-10-08,11.11,8
2010RONK01,Niko Ronkainen,2011-10-08,9.1,9
2010RONK01,Niko Ronkainen,2011-12-10,9.32,10
2010RONK01,Niko Ronkainen,2012-06-08,6.98,11
2010RONK01,Niko Ronkainen,2012-06-16,7.17,12
2010RONK01,Niko Ronkainen,2012-09-01,7.75,13
2010RONK01,Niko Ronkainen,2012-10-12,7.58,14
2010RONK01,Niko Ronkainen,2012-10-27,8.02,15
2010RONK01,Niko Ronkainen,2012-10-27,8.58,16
2010RONK01,Niko Ronkainen,2012-12-08,11.73,17
2010RONK01,Niko Ronkainen,2012-12-08,10.54,18
2010RONK01,Niko Ronkainen,2013-03-23,8.08,19
2010RONK01,Niko Ronkainen,2013-03-23,8.99,20
2010RONK01,Niko Ronkainen,2013-05-17,7.16,21
2010RONK01,Niko Ronkainen,2013-05-17,9.97,22
2010RONK01,Niko Ronkainen,2013-09-07,7.2,23
2010RONK01,Niko Ronkainen,2013-09-07,8.28,24
2010RONK01,Niko Ronkainen,2013-10-12,8.11,25
2010RONK01,Niko Ronkainen,2013-10-12,5.89,26
2010RONK01,Niko Ronkainen,2013-11-02,5.87,27
2010RONK01,Niko Ronkainen,2013-11-02,6.28,28
2010RONK01,Niko Ronkainen,2014-02-22,7.89,29
2010RONK01,Niko Ronkainen,2014-02-22,5.31,30
2010RONK01,Niko Ronkainen,2014-05-03,7.75,31
2010RONK01,Niko Ronkainen,2014-05-17,7.24,32
2010RONK01,Niko Ronkainen,2014-05-17,6.42,33
2010RONK01,Niko Ronkainen,2014-08-08,9.88,34
2010RONK01,Niko Ronkainen,2014-10-18,6.92,35
2010RONK01,Niko Ronkainen,2014-10-18,10.76,36
2010RONK01,Niko Ronkainen,2014-12-13,5.81,37
2010RONK01,Niko Ronkainen,2014-12-13,6.79,38
2010RONK01,Niko Ronkainen,2015-06-13,5.85,39
2010RONK01,Niko Ronkainen,2015-06-13,6.1,40
2010RONK01,Niko Ronkainen,2015-07-17,7.75,41
2010RONK01,Niko Ronkainen,2015-07-17,7.47,42
2010RONK01,Niko Ronkainen,2015-08-15,7.83,43
2010RONK01,Niko Ronkainen,2015-09-05,6.69,44
2010RONK01,Niko Ronkainen,2015-10-23,5.29,45
2010RONK01,Niko Ronkainen,2015-10-23,6.44,46
2010RONK01,Niko Ronkainen,2015-10-23,6.52,47
2010RONK01,Niko Ronkainen,2015-11-28,7.38,48
2010RONK01,Niko Ronkainen,2015-11-28,6.99,49
2010RONK01,Niko Ronkainen,2016-01-03,5.42,50
2010RONK01,Niko Ronkainen,2016-01-03,7.36,51
2010RONK01,Niko Ronkainen,2016-01-03,7.4,52
2010RONK01,Niko Ronkainen,2016-03-05,6.64,53
2010RONK01,Niko Ronkainen,2016-03-05,6.11,54
2010RONK01,Niko Ronkainen,2016-04-16,8.1,55
2010RONK01,Niko Ronkainen,2016-04-16,7.3,56
2010RONK01,Niko Ronkainen,2016-04-16,7.28,57
2010RONK01,Niko Ronkainen,2016-06-18,6.0,58
2010RONK01,Niko Ronkainen,2016-06-18,7.24,59
2010RONK01,Niko Ronkainen,2016-06-18,9.86,60
2010RONK01,Niko Ronkainen,2016-07-15,5.67,61
2010RONK01,Niko Ronkainen,2016-07-15,8.13,62
2010RONK01,Niko Ronkainen,2016-09-17,6.73,63
2010RONK01,Niko Ronkainen,2016-09-17,5.0,64
2010RONK01,Niko Ronkainen,2016-09-17,7.75,65
2010RONK01,Niko Ronkainen,2016-11-25,7.92,66
2010RONK01,Niko Ronkainen,2016-11-25,6.84,67
2010RONK01,Niko Ronkainen,2016-11-25,6.59,68
2010RONK01,Niko Ronkainen,2017-01-14,5.74,69
2010RONK01,Niko Ronkainen,2017-02-25,6.04,70
2010RONK01,Niko Ronkainen,2017-02-25,6.81,71
2010RONK01,Niko Ronkainen,2017-02-25,7.15,72
2010RONK01,Niko Ronkainen,2017-04-15,6.54,73
2010RONK01,Niko Ronkainen,2017-04-15,5.1,74
2010RONK01,Niko Ronkainen,2017-04-15,5.16,75
2010RONK01,Niko Ronkainen,2017-04-22,5.2,76
2010RONK01,Niko Ronkainen,2017-04-22,7.15,77
2010RONK01,Niko Ronkainen,2017-04-22,6.13,78
2010RONK01,Niko Ronkainen,2017-06-09,6.44,79
2010RONK01,Niko Ronkainen,2017-06-09,4.66,80
2010RONK01,Niko Ronkainen,2017-06-09,5.57,81
2010RONK01,Niko Ronkainen,2017-07-13,6.52,82
2010RONK01,Niko Ronkainen,2017-09-16,6.18,83
2010RONK01,Niko Ronkainen,2017-09-16,6.64,84
2010RONK01,Niko Ronkainen,2017-09-16,7.12,85
2010RONK01,Niko Ronkainen,2017-10-21,8.97,86
2010RONK01,Niko Ronkainen,2017-10-21,6.16,87
2010RONK01,Niko Ronkainen,2017-10-21,6.74,88
2010RONK01,Niko Ronkainen,2017-11-17,8.65,89
2010RONK01,Niko Ronkainen,2017-11-17,7.8,90
2010RONK01,Niko Ronkainen,2018-01-27,6.7,91
2010RONK01,Niko Ronkainen,2018-01-27,6.04,92
2010RONK01,Niko Ronkainen,2018-02-10,6.99,93
2010RONK01,Niko Ronkainen,2018-02-10,5.06,94
2010RONK01,Niko Ronkainen,2018-03-23,6.69,95
2010RONK01,Niko Ronkainen,2018-03-23,5.91,96
2010RONK01,Niko Ronkainen,2018-03-23,5.71,97
2010RONK01,Niko Ronkainen,2018-04-06,5.28,98
2010RONK01,Niko Ronkainen,2018-04-06,5.78,99
2010RONK01,Niko Ronkainen,2018-04-14,5.0,100
2010RONK01,Niko Ronkainen,2018-04-14,5.72,101
2010RONK01,Niko Ronkainen,2018-05-11,5.91,102
2010RONK01,Niko Ronkainen,2018-05-11,6.24,103
2010RONK01,Niko Ronkainen,2018-05-11,5.19,104
2010RONK01,Niko Ronkainen,2018-06-08,5.08,105
2010RONK01,Niko Ronkainen,2018-06-08,6.4,106
2010RONK01,Niko Ronkainen,2018-06-08,4.8,107
2010RONK01,Niko Ronkainen,2018-06-30,5.76,108
2010RONK01,Niko Ronkainen,2018-06-30,6.33,109
2010RONK01,Niko Ronkainen,2018-06-30,6.46,110
2010RONK01,Niko Ronkainen,2018-07-19,6.75,111
2010RONK01,Niko Ronkainen,2018-07-19,5.2,112
2010RONK01,Niko Ronkainen,2018-07-19,6.43,113
2010RONK01,Niko Ronkainen,2018-08-24,6.79,114
2010RONK01,Niko Ronkainen,2018-08-24,7.18,115
2010RONK01,Niko Ronkainen,2018-09-22,6.24,116
2010RONK01,Niko Ronkainen,2018-09-22,5.61,117
2010RONK01,Niko Ronkainen,2018-10-20,5.98,118
2010RONK01,Niko Ronkainen,2018-10-20,4.99,119
2010RONK01,Niko Ronkainen,2018-11-02,5.35,120
2010RONK01,Niko Ronkainen,2018-11-02,6.62,121
2010RONK01,Niko Ronkainen,2018-11-16,5.5,122
2010RONK01,Niko Ronkainen,2018-11-16,6.9,123
2010RONK01,Niko Ronkainen,2018-12-15,5.7,124
2010RONK01,Niko Ronkainen,2018-12-15,6.71,125
2010RONK01,Niko Ronkainen,2019-01-04,7.12,126
2010RONK01,Niko Ronkainen,2019-01-04,6.87,127
2010RONK01,Niko Ronkainen,2019-01-12,5.99,128
2010RONK01,Niko Ronkainen,2019-01-12,5.83,129
2010RONK01,Niko Ronkainen,2019-01-12,5.82,130
2010RONK01,Niko Ronkainen,2019-02-09,6.63,131
2010RONK01,Niko Ronkainen,2019-02-09,5.6,132
2010RONK01,Niko Ronkainen,2019-02-09,7.77,133
2010RONK01,Niko Ronkainen,2019-03-01,5.07,134
2010RONK01,Niko Ronkainen,2019-03-01,5.82,135
2010RONK01,Niko Ronkainen,2019-03-01,6.8,136
2010RONK01,Niko Ronkainen,2019-03-15,5.78,137
2010RONK01,Niko Ronkainen,2019-03-15,5.12,138
2010RONK01,Niko Ronkainen,2019-04-12,5.05,139
2010RONK01,Niko Ronkainen,2019-04-12,5.37,140
2010RONK01,Niko Ronkainen,2019-04-27,6.26,141
2010RONK01,Niko Ronkainen,2019-04-27,6.02,142
2010RONK01,Niko Ronkainen,2019-05-11,5.03,143
2010RONK01,Niko Ronkainen,2019-05-11,6.06,144
2010RONK01,Niko Ronkainen,2019-05-11,5.01,145
2010RONK01,Niko Ronkainen,2019-05-24,5.81,146
2010RONK01,Niko Ronkainen,2019-05-24,6.05,147
2010RONK01,Niko Ronkainen,2019-05-24,5.61,148
2010RONK01,Niko Ronkainen,2019-06-07,7.06,149
2010RONK01,Niko Ronkainen,2019-06-07,5.88,150
2010RONK01,Niko Ronkainen,2019-06-07,7.05,151
2010RONK01,Niko Ronkainen,2019-06-29,5.49,152
2010RONK01,Niko Ronkainen,2019-06-29,6.83,153
2010RONK01,Niko Ronkainen,2019-07-11,6.06,154
2010RONK01,Niko Ronkainen,2019-08-17,6.44,155
2010RONK01,Niko Ronkainen,2019-08-17,5.33,156
2010RONK01,Niko Ronkainen,2019-08-17,5.73,157
2010RONK01,Niko Ronkainen,2019-09-20,6.1,158
2010RONK01,Niko Ronkainen,2019-09-20,5.64,159
2010RONK01,Niko Ronkainen,2019-09-20,5.37,160
2010RONK01,Niko Ronkainen,2019-10-04,5.71,161
2010RONK01,Niko Ronkainen,2019-10-04,5.82,162
2010RONK01,Niko Ronkainen,2019-10-04,6.69,163
2010RONK01,Niko Ronkainen,2019-11-01,6.0,164
2010RONK01,Niko Ronkainen,2019-11-22,5.37,165
2010RONK01,Niko Ronkainen,2019-11-22,6.07,166
2010RONK01,Niko Ronkainen,2019-11-22,6.47,167
2010RONK01,Niko Ronkainen,2019-12-14,6.57,168
2010RONK01,Niko Ronkainen,2019-12-14,5.25,169
2010RONK01,Niko Ronkainen,2020-01-11,6.69,170
2010RONK01,Niko Ronkainen,2020-01-11,6.53,171
2010RONK01,Niko Ronkainen,2020-02-22,5.88,172
2010RONK01,Niko Ronkainen,2020-02-22,5.74,173
2010RONK01,Niko Ronkainen,2020-02-22,5.74,174
2010RONK01,Niko Ronkainen,2020-03-07,5.61,175
2010RONK01,Niko Ronkainen,2020-08-22,4.6,176
2010RONK01,Niko Ronkainen,2020-08-22,5.53,177
2010RONK01,Niko Ronkainen,2021-10-01,5.58,178
2010RONK01,Niko Ronkainen,2021-10-30,6.26,179
2010RONK01,Niko Ronkainen,2021-10-30,7.21,180
2010RONK01,Niko Ronkainen,2021-12-10,6.6,181
2010RONK01,Niko Ronkainen,2022-02-12,6.5,182
2010RONK01,Niko Ronkainen,2022-02-12,6.59,183
2010RONK01,Niko Ronkainen,2022-03-11,7.57,184
2010RONK01,Niko Ronkainen,2022-04-15,5.97,185
2010RONK01,Niko Ronkainen,2022-04-15,7.49,186
2010RONK01,Niko Ronkainen,2022-04-15,6.12,187
2010RONK01,Niko Ronkainen,2022-04-23,6.63,188
2010RONK01,Niko Ronkainen,2022-04-23,5.86,189
2010RONK01,Niko Ronkainen,2022-05-07,5.79,190
2010RONK01,Niko Ronkainen,2022-05-07,7.04,191
2010RONK01,Niko Ronkainen,2022-06-03,5.82,192
2010RONK01,Niko Ronkainen,2022-06-03,5.79,193
2010RONK01,Niko Ronkainen,2022-06-03,6.63,194
2010RONK01,Niko Ronkainen,2022-06-10,5.69,195
2010RONK01,Niko Ronkainen,2022-06-10,5.58,196
2010RONK01,Niko Ronkainen,2022-06-10,5.34,197
2010RONK01,Niko Ronkainen,2022-07-02,6.27,198
2010RONK01,Niko Ronkainen,2022-07-02,6.18,199
2010RONK01,Niko Ronkainen,2022-07-09,5.1,200
2010RONK01,Niko Ronkainen,2022-07-09,5.39,201
2010RONK01,Niko Ronkainen,2022-07-09,4.66,202
2010RONK01,Niko Ronkainen,2022-07-14,5.59,203
2010RONK01,Niko Ronkainen,2022-08-19,6.39,204
2010RONK01,Niko Ronkainen,2022-08-27,4.84,205
2010RONK01,Niko Ronkainen,2022-08-27,8.92,206
2010RONK01,Niko Ronkainen,2022-09-10,5.72,207
2010RONK01,Niko Ronkainen,2022-09-24,6.53,208
2010RONK01,Niko Ronkainen,2022-09-24,4.67,209
2010RONK01,Niko Ronkainen,2022-10-08,6.55,210
2010RONK01,Niko Ronkainen,2022-10-08,4.51,211
2010RONK01,Niko Ronkainen,2022-10-22,7.5,212
2010RONK01,Niko Ronkainen,2022-10-22,5.2,213
2010RONK01,Niko Ronkainen,2022-10-28,7.71,214
2010RONK01,Niko Ronkainen,2022-10-28,5.15,215
2010RONK01,Niko Ronkainen,2022-10-28,5.28,216
2010RONK01,Niko Ronkainen,2022-11-04,6.25,217
2010RONK01,Niko Ronkainen,2022-11-04,5.58,218
2010RONK01,Niko Ronkainen,2022-11-25,8.19,219
2010RONK01,Niko Ronkainen,2022-11-25,5.27,220
2010RONK01,Niko Ronkainen,2022-11-25,6.88,221
2010RONK01,Niko Ronkainen,2022-12-03,5.75,222
2010RONK01,Niko Ronkainen,2022-12-03,5.68,223
2010RONK01,Niko Ronkainen,2022-12-10,5.7,224
2010RONK01,Niko Ronkainen,2022-12-10,5.07,225
2010RONK01,Niko Ronkainen,2023-01-14,6.06,226
2010RONK01,Niko Ronkainen,2023-01-14,6.95,227
2010RONK01,Niko Ronkainen,2023-01-28,7.8,228
2010RONK01,Niko Ronkainen,2023-01-28,6.89,229
2010RONK01,Niko Ronkainen,2023-02-04,6.37,230
2010RONK01,Niko Ronkainen,2023-02-19,6.29,231
2010RONK01,Niko Ronkainen,2023-03-03,5.7,232
2010RONK01,Niko Ronkainen,2023-03-03,6.48,233
2010RONK01,Niko Ronkainen,2023-03-03,6.45,234
2010RONK01,Niko Ronkainen,2023-03-18,6.22,235
2010RONK01,Niko Ronkainen,2023-03-18,6.29,236
2010RONK01,Niko Ronkainen,2023-03-18,5.47,237
2010RONK01,Niko Ronkainen,2023-03-25,5.5,238
2010RONK01,Niko Ronkainen,2023-03-25,6.13,239
2010RONK01,Niko Ronkainen,2023-04-15,5.39,240
2010RONK01,Niko Ronkainen,2023-04-22,5.53,241
2010RONK01,Niko Ronkainen,2023-04-22,5.91,242
2010RONK01,Niko Ronkainen,2023-04-22,4.98,243
2010RONK01,Niko Ronkainen,2023-05-21,6.47,244
2010RONK01,Niko Ronkainen,2023-05-28,5.55,245
2010RONK01,Niko Ronkainen,2023-06-03,4.58,246
2010RONK01,Niko Ronkainen,2023-06-09,4.61,247
2010RONK01,Niko Ronkainen,2023-06-09,6.03,248
2010RONK01,Niko Ronkainen,2023-06-09,4.92,249
2010RONK01,Niko Ronkainen,2023-06-24,6.78,250
2010RONK01,Niko Ronkainen,2023-07-01,5.41,251
2010RONK01,Niko Ronkainen,2023-07-01,5.74,252
2010RONK01,Niko Ronkainen,2023-07-01,7.37,253
2010RONK01,Niko Ronkainen,2023-07-22,5.53,254
2010RONK01,Niko Ronkainen,2023-07-22,7.26,255
2010RONK01,Niko Ronkainen,2023-07-29,5.58,256
2010RONK01,Niko Ronkainen,2023-07-29,5.56,257
2010RONK01,Niko Ronkainen,2023-08-05,5.89,258
2010RONK01,Niko Ronkainen,2023-08-05,5.38,259
2010RONK01,Niko Ronkainen,2023-08-05,4.96,260
2010RONK01,Niko Ronkainen,2023-08-07,6.22,261
2010RONK01,Niko Ronkainen,2023-09-02,5.5,262
2010RONK01,Niko Ronkainen,2023-09-02,6.49,263
2010RONK01,Niko Ronkainen,2023-09-02,5.27,264
2010RONK01,Niko Ronkainen,2023-09-09,6.04,265
2010RONK01,Niko Ronkainen,2023-09-09,6.78,266
2010RONK01,Niko Ronkainen,2023-09-16,5.42,267
2010RONK01,Niko Ronkainen,2023-09-23,5.82,268
2010RONK01,Niko Ronkainen,2023-09-23,8.12,269
2010RONK01,Niko Ronkainen,2023-10-06,5.3,270
2010RONK01,Niko Ronkainen,2023-10-20,4.55,271
2010RONK01,Niko Ronkainen,2023-10-20,6.32,272
2010RONK01,Niko Ronkainen,2023-10-27,4.95,273
2010RONK01,Niko Ronkainen,2023-10-27,6.54,274
2010RONK01,Niko Ronkainen,2023-11-10,6.11,275
2010RONK01,Niko Ronkainen,2023-11-10,5.12,276
2010RONK01,Niko Ronkainen,2023-11-10,4.93,277
2010RONK01,Niko Ronkainen,2023-11-25,6.32,278
2010RONK01,Niko Ronkainen,2023-11-25,6.69,279
2010RONK01,Niko Ronkainen,2023-12-08,5.89,280
2010RONK01,Niko Ronkainen,2024-02-03,5.42,281
2010RONK01,Niko Ronkainen,2024-02-03,4.69,282
2010RONK01,Niko Ronkainen,2024-02-16,4.64,283
2010RONK01,Niko Ronkainen,2024-02-16,6.57,284
2010RONK01,Niko Ronkainen,2024-02-16,5.79,285
2010RONK01,Niko Ronkainen,2024-03-16,6.56,286
2010RONK01,Niko Ronkainen,2024-03-16,5.77,287
2010RONK01,Niko Ronkainen,2024-03-16,5.56,288
2010RONK01,Niko Ronkainen,2024-04-06,5.88,289
2010RONK01,Niko Ronkainen,2024-04-06,5.76,290
2010RONK01,Niko Ronkainen,2024-04-06,5.16,291
2010RONK01,Niko Ronkainen,2024-04-20,5.76,292
2010RONK01,Niko Ronkainen,2024-04-20,7.99,293
2010RONK01,Niko Ronkainen,2024-04-20,5.5,294
2010RONK01,Niko Ronkainen,2024-05-04,6.61,295
2010RONK01,Niko Ronkainen,2024-05-18,5.96,296
2010RONK01,Niko Ronkainen,2024-05-18,6.23,297
2010RONK01,Niko Ronkainen,2024-05-18,5.15,298
2010RONK01,Niko Ronkainen,2024-06-01,5.18,299
2010RONK01,Niko Ronkainen,2024-06-01,4.99,300
2010RONK01,Niko Ronkainen,2024-06-01,5.44,301
2010RONK01,Niko Ronkainen,2024-06-07,6.65,302
2010RONK01,Niko Ronkainen,2024-06-07,6.88,303
2010RONK01,Niko Ronkainen,2024-06-07,5.45,304
2010RONK01,Niko Ronkainen,2024-06-15,5.94,305
2010RONK01,Niko Ronkainen,2024-06-15,5.38,306
2010RONK01,Niko Ronkainen,2024-06-15,4.5,307
2010RONK01,Niko Ronkainen,2024-06-20,5.5,308
2010RONK01,Niko Ronkainen,2024-06-20,4.86,309
2010RONK01,Niko Ronkainen,2024-06-29,5.48,310
2010RONK01,Niko Ronkainen,2024-06-29,5.56,311
2010RONK01,Niko Ronkainen,2024-06-29,5.67,312
2010RONK01,Niko Ronkainen,2024-07-06,5.54,313
2010RONK01,Niko Ronkainen,2024-07-06,5.36,314
2010RONK01,Niko Ronkainen,2024-07-13,6.37,315
2010RONK01,Niko Ronkainen,2024-07-20,5.52,316
2010RONK01,Niko Ronkainen,2024-07-20,4.99,317
2010RONK01,Niko Ronkainen,2024-07-20,4.94,318
2010RONK01,Niko Ronkainen,2024-07-25,4.89,319
2010RONK01,Niko Ronkainen,2024-08-03,6.68,320
2010RONK01,Niko Ronkainen,2024-08-03,6.93,321
2010RONK01,Niko Ronkainen,2024-08-10,6.04,322
2010RONK01,Niko Ronkainen,2024-08-10,5.78,323
2010RONK01,Niko Ronkainen,2024-08-10,5.77,324
2010RONK01,Niko Ronkainen,2024-08-30,5.49,325
2010RONK01,Niko Ronkainen,2024-08-30,5.62,326
2010RONK01,Niko Ronkainen,2024-08-30,4.45,327
2010RONK01,Niko Ronkainen,2024-09-07,6.74,328
2010RONK01,Niko Ronkainen,2024-09-07,6.43,329
2010RONK01,Niko Ronkainen,2024-09-13,5.07,330
2010RONK01,Niko Ronkainen,2024-09-13,5.75,331
2010RONK01,Niko Ronkainen,2024-09-13,4.76,332
2010RONK01,Niko Ronkainen,2024-09-21,6.81,333
2010RONK01,Niko Ronkainen,2024-09-21,4.67,334
2010RONK01,Niko Ronkainen,2024-09-21,6.35,335
2010RONK01,Niko Ronkainen,2024-10-04,5.6,336
2010RONK01,Niko Ronkainen,2024-10-04,6.75,337
2010RONK01,Niko Ronkainen,2024-10-12,6.09,338
2010RONK01,Niko Ronkainen,2024-10-12,5.31,339
2010RONK01,Niko Ronkainen,2024-10-17,5.02,340
2010RONK01,Niko Ronkainen,2024-10-17,4.87,341
2010RONK01,Niko Ronkainen,2024-10-17,5.53,342
2010RONK01,Niko Ronkainen,2024-11-01,5.81,343
2010RONK01,Niko Ronkainen,2024-11-09,5.52,344
2010RONK01,Niko Ronkainen,2024-11-09,5.45,345
2010RONK01,Niko Ronkainen,2024-12-07,6.34,346
2010RONK01,Niko Ronkainen,2024-12-07,6.01,347
2010RONK01,Niko Ronkainen,2024-12-07,5.49,348
2010RONK01,Niko Ronkainen,2025-01-11,6.31,349
2010RONK01,Niko Ronkainen,2025-01-25,7.21,350
2010RONK01,Niko Ronkainen,2025-03-15,5.0,351
2010RONK01,Niko Ronkainen,2025-03-15,4.68,352
2010RONK01,Niko Ronkainen,2025-03-15,6.75,353
2010RONK01,Niko Ronkainen,2025-03-22,6.79,354
2010RONK01,Niko Ronkainen,2025-03-22,5.33,355
2010RONK01,Niko Ronkainen,2025-03-22,6.15,356
2010RONK01,Niko Ronkainen,2025-03-29,4.88,357
2010RONK01,Niko Ronkainen,2025-03-29,6.33,358
2010RONK01,Niko Ronkainen,2025-04-04,6.2,359
2010RONK01,Niko Ronkainen,2025-04-04,5.78,360
2010RONK01,Niko Ronkainen,2025-04-04,6.88,361
2010RONK01,Niko Ronkainen,2025-04-26,5.29,362
2010RONK01,Niko Ronkainen,2025-04-26,6.67,363
2010RONK01,Niko Ronkainen,2025-05-10,4.52,364
2010RONK01,Niko Ronkainen,2025-05-10,5.08,365
2010RONK01,Niko Ronkainen,2025-05-10,5.4,366
2010RONK01,Niko Ronkainen,2025-05-23,5.94,367
2010RONK01,Niko Ronkainen,2025-05-23,5.78,368
2010RONK01,Niko Ronkainen,2025-05-30,5.98,369
2010RONK01,Niko Ronkainen,2025-05-30,6.29,370
2010RONK01,Niko Ronkainen,2025-06-06,6.43,371
2010RONK01,Niko Ronkainen,2025-06-06,5.83,372
2010RONK01,Niko Ronkainen,2025-06-06,4.22,373
2010RONK01,Niko Ronkainen,2025-06-26,5.94,374
2010RONK01,Niko Ronkainen,2025-06-26,6.92,375
2010RONK01,Niko Ronkainen,2025-06-28,5.84,376
2010RONK01,Niko Ronkainen,2025-06-28,4.73,377
2010RONK01,Niko Ronkainen,2025-07-03,5.18,378
2010RONK01,Niko Ronkainen,2025-07-09,4.62,379
2010RONK01,Niko Ronkainen,2025-07-09,4.6,380
2010RONK01,Niko Ronkainen,2025-07-16,6.23,381
2010RONK01,Niko Ronkainen,2025-07-26,5.66,382
2010RONK01,Niko Ronkainen,2025-07-26,4.66,383
2010RONK01,Niko Ronkainen,2025-08-09,5.88,384
2010RONK01,Niko Ronkainen,2025-09-06,5.19,385
2010RONK01,Niko Ronkainen,2025-09-06,5.52,386
2010RONK01,Niko Ronkainen,2025-09-13,6.3,387
2010RONK01,Niko Ronkainen,2025-09-13,5.6,388
2010RONK01,Niko Ronkainen,2025-09-26,4.42,389
2010RONK01,Niko Ronkainen,2025-09-26,6.93,390
2010RONK01,Niko Ronkainen,2025-10-17,4.66,391
2010RONK01,Niko Ronkainen,2025-10-17,5.02,392
2010RONK01,Niko Ronkainen,2025-10-17,4.13,393
2010RONK01,Niko Ronkainen,2025-10-25,5.5,394
2010RONK01,Niko Ronkainen,2025-10-25,5.87,395
2010RONK01,Niko Ronkainen,2025-10-31,4.41,396
2010RONK01,Niko Ronkainen,2025-10-31,5.73,397
2010RONK01,Niko Ronkainen,2025-11-08,6.29,398
2010RONK01,Niko Ronkainen,2025-11-22,4.22,399
2010RONK01,Niko Ronkainen,2025-11-22,5.44,400
2010RONK01,Niko Ronkainen,2025-11-22,5.29,401
2010RONK01,Niko Ronkainen,2025-11-29,5.41,402
2010RONK01,Niko Ronkainen,2025-11-29,5.38,403
2010RONK01,Niko Ronkainen,2025-11-29,5.23,404
2010RONK01,Niko Ronkainen,2025-12-26,5.45,405
2010RONK01,Niko Ronkainen,2025-12-26,5.63,406
2010RONK01,Niko Ronkainen,2025-12-26,5.77,407
2010RONK01,Niko Ronkainen,2026-01-03,4.76,408
2010RONK01,Niko Ronkainen,2026-01-03,5.46,409
2010RONK01,Niko Ronkainen,2026-01-24,4.95,410
2010RONK01,Niko Ronkainen,2026-01-24,5.1,411
2010RONK01,Niko Ronkainen,2026-01-24,4.81,412
2010RONK01,Niko Ronkainen,2026-02-07,6.41,413
2010RONK01,Niko Ronkainen,2026-02-15,5.19,414
2010RONK01,Niko Ronkainen,2026-02-28,6.39,415
2010RONK01,Niko Ronkainen,2026-02-28,5.45,416
2010RONK01,Niko Ronkainen,2026-03-07,4.87,417
2010RONK01,Niko Ronkainen,2026-03-07,4.93,418
2010RONK01,Niko Ronkainen,2026-03-14,6.53,419
2010RONK01,Niko Ronkainen,2026-03-14,6.35,420
2010RONK01,Niko Ronkainen,2026-03-21,5.16,421
2010RONK01,Niko Ronkainen,2026-03-21,6.4,422
2010RONK01,Niko Ronkainen,2026-03-21,7.33,423
2010RONK01,Niko Ronkainen,2026-03-28,5.12,424
2010RONK01,Niko Ronkainen,2026-03-28,5.23,425
2010RONK01,Niko Ronkainen,2026-03-28,5.75,426
2010RONK01,Niko Ronkainen,2026-04-03,6.24,427
2010RONK01,Niko Ronkainen,2026-04-03,5.7,428
2010RONK01,Niko Ronkainen,2026-04-03,5.97,429
2010RONK01,Niko Ronkainen,2026-04-11,4.89,430
2010RONK01,Niko Ronkainen,2026-04-25,4.83,431
2010RONK01,Niko Ronkainen,2026-04-25,5.57,432
2010RONK01,Niko Ronkainen,2026-04-25,4.16,433
2010RONK01,Niko Ronkainen,2026-05-01,5.85,434
2010RONK01,Niko Ronkainen,2026-05-01,4.44,435
2010RONK01,Niko Ronkainen,2026-05-08,6.27,436
2010RONK01,Niko Ronkainen,2026-05-08,5.85,437
2010RONK01,Niko Ronkainen,2026-05-08,4.98,438
2010RONK01,Niko Ronkainen,2026-05-15,5.98,439
2010RONK01,Niko Ronkainen,2026-05-15,6.87,440
2010RONK01,Niko Ronkainen,2026-05-23,5.98,441
2010RONK01,Niko Ronkainen,2026-05-25,6.49,442
2010ROSE03,Dennis Rosero,2010-12-11,15.71,1
2010ROSE03,Dennis Rosero,2011-05-28,13.55,2
2010ROSE03,Dennis Rosero,2011-08-27,10.66,3
2010ROSE03,Dennis Rosero,2011-10-02,11.47,4
2010ROSE03,Dennis Rosero,2011-10-02,12.69,5
2010ROSE03,Dennis Rosero,2011-12-18,8.41,6
2010ROSE03,Dennis Rosero,2012-04-21,7.66,7
2010ROSE03,Dennis Rosero,2012-04-21,9.2,8
2010ROSE03,Dennis Rosero,2012-05-26,10.72,9
2010ROSE03,Dennis Rosero,2012-05-26,9.63,10
2010ROSE03,Dennis Rosero,2012-06-30,8.69,11
2010ROSE03,Dennis Rosero,2012-08-04,8.67,12
2010ROSE03,Dennis Rosero,2012-08-04,8.68,13
2010ROSE03,Dennis Rosero,2012-09-22,9.26,14
2010ROSE03,Dennis Rosero,2012-09-22,11.93,15
2010ROSE03,Dennis Rosero,2012-10-12,8.31,16
2010ROSE03,Dennis Rosero,2012-11-11,6.42,17
2010ROSE03,Dennis Rosero,2012-11-11,8.94,18
2010ROSE03,Dennis Rosero,2013-04-07,7.89,19
2010ROSE03,Dennis Rosero,2013-04-07,8.08,20
2010ROSE03,Dennis Rosero,2013-06-08,7.67,21
2010ROSE03,Dennis Rosero,2013-06-08,8.43,22
2010ROSE03,Dennis Rosero,2013-09-22,8.44,23
2010ROSE03,Dennis Rosero,2013-09-29,5.61,24
2010ROSE03,Dennis Rosero,2013-10-13,7.51,25
2010ROSE03,Dennis Rosero,2013-12-14,8.63,26
2010ROSE03,Dennis Rosero,2013-12-14,5.89,27
2010ROSE03,Dennis Rosero,2013-12-20,7.72,28
2010ROSE03,Dennis Rosero,2013-12-20,8.34,29
2010ROSE03,Dennis Rosero,2014-02-02,7.53,30
2010ROSE03,Dennis Rosero,2014-05-19,6.65,31
2010ROSE03,Dennis Rosero,2014-08-22,9.02,32
2010ROSE03,Dennis Rosero,2014-08-22,6.84,33
2010ROSE03,Dennis Rosero,2014-11-15,7.99,34
2010ROSE03,Dennis Rosero,2014-11-15,6.28,35
2010ROSE03,Dennis Rosero,2015-03-29,9.9,36
2010ROSE03,Dennis Rosero,2015-03-29,6.84,37
2010ROSE03,Dennis Rosero,2015-05-16,6.9,38
2010ROSE03,Dennis Rosero,2015-05-16,7.4,39
2010ROSE03,Dennis Rosero,2015-08-07,6.24,40
2010ROSE03,Dennis Rosero,2015-08-07,7.58,41
2010ROSE03,Dennis Rosero,2015-12-19,7.77,42
2010ROSE03,Dennis Rosero,2015-12-19,6.56,43
2010ROSE03,Dennis Rosero,2016-05-07,7.71,44
2010ROSE03,Dennis Rosero,2016-05-07,6.41,45
2010ROSE03,Dennis Rosero,2016-06-04,6.88,46
2010ROSE03,Dennis Rosero,2016-06-04,6.7,47
2010ROSE03,Dennis Rosero,2016-06-25,6.69,48
2010ROSE03,Dennis Rosero,2016-06-25,6.74,49
2010ROSE03,Dennis Rosero,2016-07-23,7.1,50
2010ROSE03,Dennis Rosero,2016-07-23,6.93,51
2010ROSE03,Dennis Rosero,2016-07-23,7.35,52
2010ROSE03,Dennis Rosero,2016-10-15,7.61,53
2010ROSE03,Dennis Rosero,2016-10-15,7.3,54
2010ROSE03,Dennis Rosero,2016-10-15,6.48,55
2010ROSE03,Dennis Rosero,2016-11-05,7.05,56
2010ROSE03,Dennis Rosero,2016-11-05,6.52,57
2010ROSE03,Dennis Rosero,2017-02-18,6.81,58
2010ROSE03,Dennis Rosero,2017-02-18,6.15,59
2010ROSE03,Dennis Rosero,2017-05-27,6.98,60
2010ROSE03,Dennis Rosero,2017-05-27,6.44,61
2010ROSE03,Dennis Rosero,2017-07-01,5.69,62
2010ROSE03,Dennis Rosero,2017-11-11,6.97,63
2010ROSE03,Dennis Rosero,2018-03-10,6.65,64
2010ROSE03,Dennis Rosero,2018-03-10,6.19,65
2010ROSE03,Dennis Rosero,2018-03-10,6.43,66
2010ROSE03,Dennis Rosero,2018-06-16,7.04,67
2010ROSE03,Dennis Rosero,2018-06-16,6.85,68
2010ROSE03,Dennis Rosero,2018-07-20,7.44,69
2010ROSE03,Dennis Rosero,2018-07-20,6.66,70
2010ROSE03,Dennis Rosero,2018-07-20,7.68,71
2010ROSE03,Dennis Rosero,2018-09-15,7.45,72
2010ROSE03,Dennis Rosero,2018-09-15,6.64,73
2010ROSE03,Dennis Rosero,2018-10-27,8.57,74
2010ROSE03,Dennis Rosero,2018-10-27,5.51,75
2010ROSE03,Dennis Rosero,2018-10-27,6.31,76
2010ROSE03,Dennis Rosero,2018-11-02,7.25,77
2010ROSE03,Dennis Rosero,2018-11-02,7.47,78
2010ROSE03,Dennis Rosero,2018-12-01,6.51,79
2010ROSE03,Dennis Rosero,2018-12-08,4.77,80
2010ROSE03,Dennis Rosero,2018-12-08,7.3,81
2010ROSE03,Dennis Rosero,2018-12-08,7.27,82
2010ROSE03,Dennis Rosero,2019-02-02,6.24,83
2010ROSE03,Dennis Rosero,2019-02-02,6.2,84
2010ROSE03,Dennis Rosero,2019-02-23,6.7,85
2010ROSE03,Dennis Rosero,2019-02-23,6.04,86
2010ROSE03,Dennis Rosero,2019-03-03,6.4,87
2010ROSE03,Dennis Rosero,2019-03-03,5.37,88
2010ROSE03,Dennis Rosero,2019-03-24,6.71,89
2010ROSE03,Dennis Rosero,2019-03-24,6.58,90
2010ROSE03,Dennis Rosero,2019-03-24,5.89,91
2010ROSE03,Dennis Rosero,2019-03-31,5.87,92
2010ROSE03,Dennis Rosero,2019-03-31,6.37,93
2010ROSE03,Dennis Rosero,2019-04-13,6.85,94
2010ROSE03,Dennis Rosero,2019-05-26,7.05,95
2010ROSE03,Dennis Rosero,2019-06-01,6.81,96
2010ROSE03,Dennis Rosero,2019-06-01,6.96,97
2010ROSE03,Dennis Rosero,2019-06-16,6.04,98
2010ROSE03,Dennis Rosero,2019-06-22,6.05,99
2010ROSE03,Dennis Rosero,2019-06-22,7.45,100
2010ROSE03,Dennis Rosero,2019-06-22,6.32,101
2010ROSE03,Dennis Rosero,2019-07-19,7.29,102
2010ROSE03,Dennis Rosero,2019-07-19,5.63,103
2010ROSE03,Dennis Rosero,2019-07-19,6.13,104
2010ROSE03,Dennis Rosero,2019-08-03,7.09,105
2010ROSE03,Dennis Rosero,2019-08-03,5.87,106
2010ROSE03,Dennis Rosero,2019-08-18,6.48,107
2010ROSE03,Dennis Rosero,2019-08-18,6.33,108
2010ROSE03,Dennis Rosero,2019-08-18,5.54,109
2010ROSE03,Dennis Rosero,2019-09-08,7.41,110
2010ROSE03,Dennis Rosero,2019-09-14,7.2,111
2010ROSE03,Dennis Rosero,2019-09-14,6.83,112
2010ROSE03,Dennis Rosero,2019-09-14,5.44,113
2010ROSE03,Dennis Rosero,2019-09-29,6.32,114
2010ROSE03,Dennis Rosero,2019-09-29,5.96,115
2010ROSE03,Dennis Rosero,2019-10-26,6.05,116
2010ROSE03,Dennis Rosero,2019-10-26,5.64,117
2010ROSE03,Dennis Rosero,2019-10-26,6.44,118
2010ROSE03,Dennis Rosero,2019-12-15,5.04,119
2010ROSE03,Dennis Rosero,2020-01-18,6.88,120
2010ROSE03,Dennis Rosero,2020-01-18,6.08,121
2010ROSE03,Dennis Rosero,2020-02-22,6.34,122
2010ROSE03,Dennis Rosero,2020-02-22,5.6,123
2010ROSE03,Dennis Rosero,2020-02-22,6.41,124
2010ROSE03,Dennis Rosero,2020-03-07,8.25,125
2010ROSE03,Dennis Rosero,2020-03-07,6.3,126
2010ROSE03,Dennis Rosero,2021-10-02,6.38,127
2010ROSE03,Dennis Rosero,2021-10-02,6.64,128
2010ROSE03,Dennis Rosero,2021-11-13,6.83,129
2010ROSE03,Dennis Rosero,2021-11-13,6.0,130
2010ROSE03,Dennis Rosero,2021-11-13,7.41,131
2010ROSE03,Dennis Rosero,2021-12-18,6.06,132
2010ROSE03,Dennis Rosero,2021-12-18,5.97,133
2010ROSE03,Dennis Rosero,2022-02-26,7.44,134
2010ROSE03,Dennis Rosero,2022-02-26,7.19,135
2010ROSE03,Dennis Rosero,2022-05-15,7.45,136
2010ROSE03,Dennis Rosero,2022-06-04,6.8,137
2010ROSE03,Dennis Rosero,2022-06-04,6.32,138
2010ROSE03,Dennis Rosero,2022-07-22,6.76,139
2010ROSE03,Dennis Rosero,2022-07-22,6.8,140
2010ROSE03,Dennis Rosero,2022-08-06,6.21,141
2010ROSE03,Dennis Rosero,2022-08-06,6.02,142
2010ROSE03,Dennis Rosero,2022-09-04,7.47,143
2010ROSE03,Dennis Rosero,2022-09-04,5.72,144
2010ROSE03,Dennis Rosero,2022-09-17,6.67,145
2010ROSE03,Dennis Rosero,2022-09-17,7.55,146
2010ROSE03,Dennis Rosero,2022-09-24,6.79,147
2010ROSE03,Dennis Rosero,2022-09-24,5.05,148
2010ROSE03,Dennis Rosero,2022-09-24,6.97,149
2010ROSE03,Dennis Rosero,2022-10-22,6.38,150
2010ROSE03,Dennis Rosero,2022-10-22,7.03,151
2010ROSE03,Dennis Rosero,2022-11-05,5.68,152
2010ROSE03,Dennis Rosero,2022-11-05,6.3,153
2010ROSE03,Dennis Rosero,2022-11-19,6.53,154
2010ROSE03,Dennis Rosero,2022-11-19,5.98,155
2010ROSE03,Dennis Rosero,2022-11-20,7.3,156
2010ROSE03,Dennis Rosero,2022-11-20,6.03,157
2010ROSE03,Dennis Rosero,2022-12-03,6.35,158
2010ROSE03,Dennis Rosero,2022-12-03,6.53,159
2010ROSE03,Dennis Rosero,2023-01-21,5.82,160
2010ROSE03,Dennis Rosero,2023-01-21,7.29,161
2010ROSE03,Dennis Rosero,2023-01-21,6.61,162
2010ROSE03,Dennis Rosero,2023-01-28,6.91,163
2010ROSE03,Dennis Rosero,2023-01-28,5.72,164
2010ROSE03,Dennis Rosero,2023-01-28,6.05,165
2010ROSE03,Dennis Rosero,2023-01-29,6.94,166
2010ROSE03,Dennis Rosero,2023-01-29,8.05,167
2010ROSE03,Dennis Rosero,2023-01-29,6.82,168
2010ROSE03,Dennis Rosero,2023-02-11,6.79,169
2010ROSE03,Dennis Rosero,2023-02-11,6.44,170
2010ROSE03,Dennis Rosero,2023-02-12,6.18,171
2010ROSE03,Dennis Rosero,2023-02-12,7.4,172
2010ROSE03,Dennis Rosero,2023-02-25,8.14,173
2010ROSE03,Dennis Rosero,2023-02-25,7.07,174
2010ROSE03,Dennis Rosero,2023-02-26,6.71,175
2010ROSE03,Dennis Rosero,2023-02-26,8.58,176
2010ROSE03,Dennis Rosero,2023-02-26,6.21,177
2010ROSE03,Dennis Rosero,2023-03-18,5.96,178
2010ROSE03,Dennis Rosero,2023-03-18,6.54,179
2010ROSE03,Dennis Rosero,2023-03-19,6.27,180
2010ROSE03,Dennis Rosero,2023-03-19,6.36,181
2010ROSE03,Dennis Rosero,2023-03-19,5.96,182
2010ROSE03,Dennis Rosero,2023-03-26,7.07,183
2010ROSE03,Dennis Rosero,2023-04-01,7.05,184
2010ROSE03,Dennis Rosero,2023-04-01,5.37,185
2010ROSE03,Dennis Rosero,2023-04-02,6.7,186
2010ROSE03,Dennis Rosero,2023-04-02,6.57,187
2010ROSE03,Dennis Rosero,2023-04-16,5.47,188
2010ROSE03,Dennis Rosero,2023-04-16,5.9,189
2010ROSE03,Dennis Rosero,2023-04-29,5.98,190
2010ROSE03,Dennis Rosero,2023-05-06,5.65,191
2010ROSE03,Dennis Rosero,2023-05-06,5.88,192
2010ROSE03,Dennis Rosero,2023-05-13,5.97,193
2010ROSE03,Dennis Rosero,2023-05-20,7.55,194
2010ROSE03,Dennis Rosero,2023-06-03,5.65,195
2010ROSE03,Dennis Rosero,2023-06-03,5.49,196
2010ROSE03,Dennis Rosero,2023-06-04,5.71,197
2010ROSE03,Dennis Rosero,2023-06-04,6.59,198
2010ROSE03,Dennis Rosero,2023-06-24,5.94,199
2010ROSE03,Dennis Rosero,2023-06-24,5.8,200
2010ROSE03,Dennis Rosero,2023-06-24,6.02,201
2010ROSE03,Dennis Rosero,2023-06-25,6.2,202
2010ROSE03,Dennis Rosero,2023-06-25,6.86,203
2010ROSE03,Dennis Rosero,2023-07-01,6.74,204
2010ROSE03,Dennis Rosero,2023-07-01,7.16,205
2010ROSE03,Dennis Rosero,2023-07-15,4.97,206
2010ROSE03,Dennis Rosero,2023-07-15,6.32,207
2010ROSE03,Dennis Rosero,2023-07-16,5.4,208
2010ROSE03,Dennis Rosero,2023-07-16,6.32,209
2010ROSE03,Dennis Rosero,2023-07-22,7.25,210
2010ROSE03,Dennis Rosero,2023-07-22,6.41,211
2010ROSE03,Dennis Rosero,2023-07-23,7.21,212
2010ROSE03,Dennis Rosero,2023-07-23,6.53,213
2010ROSE03,Dennis Rosero,2023-08-12,6.82,214
2010ROSE03,Dennis Rosero,2023-08-12,6.24,215
2010ROSE03,Dennis Rosero,2023-08-18,6.82,216
2010ROSE03,Dennis Rosero,2023-08-18,6.87,217
2010ROSE03,Dennis Rosero,2023-08-20,7.83,218
2010ROSE03,Dennis Rosero,2023-08-20,7.46,219
2010ROSE03,Dennis Rosero,2023-08-26,5.82,220
2010ROSE03,Dennis Rosero,2023-08-26,5.1,221
2010ROSE03,Dennis Rosero,2023-08-26,5.79,222
2010ROSE03,Dennis Rosero,2023-09-02,6.74,223
2010ROSE03,Dennis Rosero,2023-09-02,5.17,224
2010ROSE03,Dennis Rosero,2023-09-17,5.87,225
2010ROSE03,Dennis Rosero,2023-09-17,5.2,226
2010ROSE03,Dennis Rosero,2023-09-23,4.94,227
2010ROSE03,Dennis Rosero,2023-09-23,5.64,228
2010ROSE03,Dennis Rosero,2023-09-24,7.44,229
2010ROSE03,Dennis Rosero,2023-09-24,6.73,230
2010ROSE03,Dennis Rosero,2023-09-30,5.88,231
2010ROSE03,Dennis Rosero,2023-10-21,6.51,232
2010ROSE03,Dennis Rosero,2023-10-21,6.51,233
2010ROSE03,Dennis Rosero,2023-10-22,6.38,234
2010ROSE03,Dennis Rosero,2023-10-22,6.07,235
2010ROSE03,Dennis Rosero,2023-10-28,5.45,236
2010ROSE03,Dennis Rosero,2023-10-28,5.7,237
2010ROSE03,Dennis Rosero,2023-11-05,6.41,238
2010ROSE03,Dennis Rosero,2023-11-05,6.49,239
2010ROSE03,Dennis Rosero,2023-11-06,5.64,240
2010ROSE03,Dennis Rosero,2023-11-06,6.21,241
2010ROSE03,Dennis Rosero,2023-11-13,5.93,242
2010ROSE03,Dennis Rosero,2023-11-13,5.99,243
2010ROSE03,Dennis Rosero,2023-11-18,5.56,244
2010ROSE03,Dennis Rosero,2023-11-18,5.77,245
2010ROSE03,Dennis Rosero,2023-11-25,4.89,246
2010ROSE03,Dennis Rosero,2023-11-25,6.09,247
2010ROSE03,Dennis Rosero,2023-12-02,5.95,248
2010ROSE03,Dennis Rosero,2023-12-02,6.26,249
2010ROSE03,Dennis Rosero,2023-12-03,6.5,250
2010ROSE03,Dennis Rosero,2023-12-03,5.41,251
2010ROSE03,Dennis Rosero,2023-12-10,6.23,252
2010ROSE03,Dennis Rosero,2023-12-10,6.98,253
2010ROSE03,Dennis Rosero,2023-12-17,6.57,254
2010ROSE03,Dennis Rosero,2023-12-17,6.86,255
2010ROSE03,Dennis Rosero,2023-12-17,5.91,256
2010ROSE03,Dennis Rosero,2023-12-17,5.99,257
2010ROSE03,Dennis Rosero,2023-12-23,5.72,258
2010ROSE03,Dennis Rosero,2023-12-23,5.93,259
2010ROSE03,Dennis Rosero,2024-01-07,5.26,260
2010ROSE03,Dennis Rosero,2024-01-07,6.74,261
2010ROSE03,Dennis Rosero,2024-01-27,5.41,262
2010ROSE03,Dennis Rosero,2024-01-27,6.58,263
2010ROSE03,Dennis Rosero,2024-01-28,5.13,264
2010ROSE03,Dennis Rosero,2024-01-28,4.8,265
2010ROSE03,Dennis Rosero,2024-02-03,6.61,266
2010ROSE03,Dennis Rosero,2024-02-03,5.8,267
2010ROSE03,Dennis Rosero,2024-02-03,6.43,268
2010ROSE03,Dennis Rosero,2024-02-10,5.84,269
2010ROSE03,Dennis Rosero,2024-03-09,5.18,270
2010ROSE03,Dennis Rosero,2024-03-09,6.09,271
2010ROSE03,Dennis Rosero,2024-03-10,5.76,272
2010ROSE03,Dennis Rosero,2024-03-10,5.09,273
2010ROSE03,Dennis Rosero,2024-03-17,6.58,274
2010ROSE03,Dennis Rosero,2024-03-17,6.55,275
2010ROSE03,Dennis Rosero,2024-03-17,7.19,276
2010ROSE03,Dennis Rosero,2024-03-23,6.31,277
2010ROSE03,Dennis Rosero,2024-03-23,6.18,278
2010ROSE03,Dennis Rosero,2024-04-07,6.07,279
2010ROSE03,Dennis Rosero,2024-04-13,7.0,280
2010ROSE03,Dennis Rosero,2024-04-13,6.71,281
2010ROSE03,Dennis Rosero,2024-04-14,6.58,282
2010ROSE03,Dennis Rosero,2024-04-14,6.55,283
2010ROSE03,Dennis Rosero,2024-04-20,6.11,284
2010ROSE03,Dennis Rosero,2024-04-20,5.6,285
2010ROSE03,Dennis Rosero,2024-05-04,6.25,286
2010ROSE03,Dennis Rosero,2024-05-04,5.63,287
2010ROSE03,Dennis Rosero,2024-05-05,5.87,288
2010ROSE03,Dennis Rosero,2024-05-05,5.51,289
2010ROSE03,Dennis Rosero,2024-05-12,5.5,290
2010ROSE03,Dennis Rosero,2024-05-12,5.25,291
2010ROSE03,Dennis Rosero,2024-05-25,5.48,292
2010ROSE03,Dennis Rosero,2024-05-25,6.3,293
2010ROSE03,Dennis Rosero,2024-06-02,5.86,294
2010ROSE03,Dennis Rosero,2024-06-03,7.2,295
2010ROSE03,Dennis Rosero,2024-06-03,6.61,296
2010ROSE03,Dennis Rosero,2024-06-10,5.99,297
2010ROSE03,Dennis Rosero,2024-06-10,6.19,298
2010ROSE03,Dennis Rosero,2024-06-10,5.35,299
2010ROSE03,Dennis Rosero,2024-06-16,5.83,300
2010ROSE03,Dennis Rosero,2024-06-16,5.51,301
2010ROSE03,Dennis Rosero,2024-06-16,5.65,302
2010ROSE03,Dennis Rosero,2024-06-29,5.24,303
2010ROSE03,Dennis Rosero,2024-06-29,6.25,304
2010ROSE03,Dennis Rosero,2024-06-30,7.25,305
2010ROSE03,Dennis Rosero,2024-06-30,5.9,306
2010ROSE03,Dennis Rosero,2024-07-07,6.86,307
2010ROSE03,Dennis Rosero,2024-07-07,5.66,308
2010ROSE03,Dennis Rosero,2024-07-07,5.14,309
2010ROSE03,Dennis Rosero,2024-07-13,7.19,310
2010ROSE03,Dennis Rosero,2024-07-13,6.81,311
2010ROSE03,Dennis Rosero,2024-07-21,5.64,312
2010ROSE03,Dennis Rosero,2024-07-21,5.8,313
2010ROSE03,Dennis Rosero,2024-07-21,5.26,314
2010ROSE03,Dennis Rosero,2024-08-03,4.67,315
2010ROSE03,Dennis Rosero,2024-08-03,5.48,316
2010ROSE03,Dennis Rosero,2024-08-17,5.45,317
2010ROSE03,Dennis Rosero,2024-08-17,4.37,318
2010ROSE03,Dennis Rosero,2024-08-18,6.47,319
2010ROSE03,Dennis Rosero,2024-08-18,5.21,320
2010ROSE03,Dennis Rosero,2024-08-18,5.53,321
2010ROSE03,Dennis Rosero,2024-08-24,5.73,322
2010ROSE03,Dennis Rosero,2024-08-24,5.47,323
2010ROSE03,Dennis Rosero,2024-08-24,5.04,324
2010ROSE03,Dennis Rosero,2024-08-31,6.35,325
2010ROSE03,Dennis Rosero,2024-08-31,6.65,326
2010ROSE03,Dennis Rosero,2024-09-01,6.37,327
2010ROSE03,Dennis Rosero,2024-09-01,6.39,328
2010ROSE03,Dennis Rosero,2024-09-07,5.4,329
2010ROSE03,Dennis Rosero,2024-09-07,5.76,330
2010ROSE03,Dennis Rosero,2024-09-08,6.27,331
2010ROSE03,Dennis Rosero,2024-09-08,6.01,332
2010ROSE03,Dennis Rosero,2024-09-15,5.49,333
2010ROSE03,Dennis Rosero,2024-09-15,5.38,334
2010ROSE03,Dennis Rosero,2024-09-15,5.02,335
2010ROSE03,Dennis Rosero,2024-09-21,5.58,336
2010ROSE03,Dennis Rosero,2024-09-22,5.76,337
2010ROSE03,Dennis Rosero,2024-09-22,6.04,338
2010ROSE03,Dennis Rosero,2024-09-28,5.55,339
2010ROSE03,Dennis Rosero,2024-09-28,4.88,340
2010ROSE03,Dennis Rosero,2024-09-28,5.96,341
2010ROSE03,Dennis Rosero,2024-09-29,6.24,342
2010ROSE03,Dennis Rosero,2024-09-29,5.33,343
2010ROSE03,Dennis Rosero,2024-10-05,5.2,344
2010ROSE03,Dennis Rosero,2024-10-05,4.7,345
2010ROSE03,Dennis Rosero,2024-10-06,5.09,346
2010ROSE03,Dennis Rosero,2024-10-06,6.01,347
2010ROSE03,Dennis Rosero,2024-10-19,6.6,348
2010ROSE03,Dennis Rosero,2024-10-20,6.35,349
2010ROSE03,Dennis Rosero,2024-10-20,5.53,350
2010ROSE03,Dennis Rosero,2024-10-20,6.82,351
2010ROSE03,Dennis Rosero,2024-10-26,5.93,352
2010ROSE03,Dennis Rosero,2024-10-26,6.53,353
2010ROSE03,Dennis Rosero,2024-10-27,5.88,354
2010ROSE03,Dennis Rosero,2024-10-27,5.0,355
2010ROSE03,Dennis Rosero,2024-11-09,5.01,356
2010ROSE03,Dennis Rosero,2024-11-09,5.61,357
2010ROSE03,Dennis Rosero,2024-11-09,6.99,358
2010ROSE03,Dennis Rosero,2024-11-23,4.79,359
2010ROSE03,Dennis Rosero,2024-11-23,5.88,360
2010ROSE03,Dennis Rosero,2024-12-13,5.64,361
2010ROSE03,Dennis Rosero,2024-12-15,7.52,362
2010ROSE03,Dennis Rosero,2024-12-15,6.35,363
2010ROSE03,Dennis Rosero,2025-01-11,5.42,364
2010ROSE03,Dennis Rosero,2025-01-11,5.65,365
2010ROSE03,Dennis Rosero,2025-01-19,5.81,366
2010ROSE03,Dennis Rosero,2025-01-19,5.51,367
2010ROSE03,Dennis Rosero,2025-01-25,6.15,368
2010ROSE03,Dennis Rosero,2025-01-25,10.13,369
2010ROSE03,Dennis Rosero,2025-02-02,5.54,370
2010ROSE03,Dennis Rosero,2025-02-02,6.71,371
2010ROSE03,Dennis Rosero,2025-02-08,5.68,372
2010ROSE03,Dennis Rosero,2025-02-08,5.3,373
2010ROSE03,Dennis Rosero,2025-02-08,7.01,374
2010ROSE03,Dennis Rosero,2025-02-15,6.13,375
2010ROSE03,Dennis Rosero,2025-02-15,11.53,376
2010ROSE03,Dennis Rosero,2025-03-01,6.54,377
2010ROSE03,Dennis Rosero,2025-03-01,5.28,378
2010ROSE03,Dennis Rosero,2025-03-02,5.13,379
2010ROSE03,Dennis Rosero,2025-03-02,5.47,380
2010ROSE03,Dennis Rosero,2025-03-08,5.97,381
2010ROSE03,Dennis Rosero,2025-03-08,6.53,382
2010ROSE03,Dennis Rosero,2025-03-15,5.9,383
2010ROSE03,Dennis Rosero,2025-03-15,4.9,384
2010ROSE03,Dennis Rosero,2025-03-30,6.04,385
2010ROSE03,Dennis Rosero,2025-03-30,6.11,386
2010ROSE03,Dennis Rosero,2025-04-05,5.75,387
2010ROSE03,Dennis Rosero,2025-04-05,6.51,388
2010ROSE03,Dennis Rosero,2025-04-13,5.3,389
2010ROSE03,Dennis Rosero,2025-04-13,6.16,390
2010ROSE03,Dennis Rosero,2025-04-19,5.59,391
2010ROSE03,Dennis Rosero,2025-04-19,5.8,392
2010ROSE03,Dennis Rosero,2025-04-26,5.65,393
2010ROSE03,Dennis Rosero,2025-04-26,6.07,394
2010ROSE03,Dennis Rosero,2025-05-04,5.95,395
2010ROSE03,Dennis Rosero,2025-05-17,8.58,396
2010ROSE03,Dennis Rosero,2025-05-17,5.39,397
2010ROSE03,Dennis Rosero,2025-05-18,6.28,398
2010ROSE03,Dennis Rosero,2025-05-18,5.95,399
2010ROSE03,Dennis Rosero,2025-05-23,7.87,400
2010ROSE03,Dennis Rosero,2025-05-25,6.64,401
2010ROSE03,Dennis Rosero,2025-05-25,5.01,402
2010ROSE03,Dennis Rosero,2025-05-31,6.74,403
2010ROSE03,Dennis Rosero,2025-05-31,5.97,404
2010ROSE03,Dennis Rosero,2025-06-01,5.75,405
2010ROSE03,Dennis Rosero,2025-06-01,5.14,406
2010ROSE03,Dennis Rosero,2025-06-02,5.78,407
2010ROSE03,Dennis Rosero,2025-06-02,5.75,408
2010ROSE03,Dennis Rosero,2025-06-07,6.45,409
2010ROSE03,Dennis Rosero,2025-06-07,5.63,410
2010ROSE03,Dennis Rosero,2025-06-08,5.58,411
2010ROSE03,Dennis Rosero,2025-06-08,6.88,412
2010ROSE03,Dennis Rosero,2025-06-14,5.83,413
2010ROSE03,Dennis Rosero,2025-06-14,5.82,414
2010ROSE03,Dennis Rosero,2025-06-15,6.11,415
2010ROSE03,Dennis Rosero,2025-06-15,5.46,416
2010ROSE03,Dennis Rosero,2025-07-12,5.47,417
2010ROSE03,Dennis Rosero,2025-07-12,5.55,418
2010ROSE03,Dennis Rosero,2025-07-20,4.99,419
2010ROSE03,Dennis Rosero,2025-07-20,5.55,420
2010ROSE03,Dennis Rosero,2025-07-27,5.73,421
2010ROSE03,Dennis Rosero,2025-07-27,6.32,422
2010ROSE03,Dennis Rosero,2025-08-03,5.29,423
2010ROSE03,Dennis Rosero,2025-08-03,5.21,424
2010ROSE03,Dennis Rosero,2025-08-16,5.38,425
2010ROSE03,Dennis Rosero,2025-08-16,9.56,426
2010ROSE03,Dennis Rosero,2025-08-23,5.85,427
2010ROSE03,Dennis Rosero,2025-08-30,5.68,428
2010ROSE03,Dennis Rosero,2025-08-30,5.72,429
2010ROSE03,Dennis Rosero,2025-08-31,4.89,430
2010ROSE03,Dennis Rosero,2025-08-31,6.33,431
2010ROSE03,Dennis Rosero,2025-09-07,6.27,432
2010ROSE03,Dennis Rosero,2025-09-07,6.27,433
2010ROSE03,Dennis Rosero,2025-09-13,5.96,434
2010ROSE03,Dennis Rosero,2025-09-13,4.82,435
2010ROSE03,Dennis Rosero,2025-09-20,5.65,436
2010ROSE03,Dennis Rosero,2025-09-20,6.62,437
2010ROSE03,Dennis Rosero,2025-09-21,6.11,438
2010ROSE03,Dennis Rosero,2025-09-21,5.75,439
2010ROSE03,Dennis Rosero,2025-09-28,4.35,440
2010ROSE03,Dennis Rosero,2025-09-28,5.56,441
2010ROSE03,Dennis Rosero,2025-10-04,5.95,442
2010ROSE03,Dennis Rosero,2025-10-04,6.96,443
2010ROSE03,Dennis Rosero,2025-10-18,6.08,444
2010ROSE03,Dennis Rosero,2025-10-18,6.42,445
2010ROSE03,Dennis Rosero,2025-10-18,7.0,446
2010ROSE03,Dennis Rosero,2025-10-25,5.95,447
2010ROSE03,Dennis Rosero,2025-11-02,5.3,448
2010ROSE03,Dennis Rosero,2025-11-02,5.51,449
2010ROSE03,Dennis Rosero,2025-11-08,6.31,450
2010ROSE03,Dennis Rosero,2025-11-08,6.12,451
2010ROSE03,Dennis Rosero,2025-11-15,6.04,452
2010ROSE03,Dennis Rosero,2025-11-15,5.42,453
2010ROSE03,Dennis Rosero,2025-11-29,5.59,454
2010ROSE03,Dennis Rosero,2025-11-29,6.01,455
2010ROSE03,Dennis Rosero,2025-12-07,6.2,456
2010ROSE03,Dennis Rosero,2025-12-07,5.0,457
2010ROSE03,Dennis Rosero,2025-12-12,7.79,458
2010ROSE03,Dennis Rosero,2025-12-12,5.95,459
2010ROSE03,Dennis Rosero,2025-12-14,6.29,460
2010ROSE03,Dennis Rosero,2025-12-14,5.9,461
2010ROSE03,Dennis Rosero,2025-12-14,7.14,462
2010ROSE03,Dennis Rosero,2025-12-21,5.19,463
2010ROSE03,Dennis Rosero,2025-12-21,6.87,464
2010ROSE03,Dennis Rosero,2025-12-27,8.21,465
2010ROSE03,Dennis Rosero,2025-12-27,5.89,466
2010ROSE03,Dennis Rosero,2025-12-28,5.82,467
2010ROSE03,Dennis Rosero,2025-12-28,5.79,468
2010ROSE03,Dennis Rosero,2025-12-28,6.62,469
2010ROSE03,Dennis Rosero,2026-01-11,6.28,470
2010ROSE03,Dennis Rosero,2026-01-11,6.71,471
2010ROSE03,Dennis Rosero,2026-01-18,7.0,472
2010ROSE03,Dennis Rosero,2026-01-18,5.48,473
2010ROSE03,Dennis Rosero,2026-01-24,5.29,474
2010ROSE03,Dennis Rosero,2026-01-24,8.16,475
2010ROSE03,Dennis Rosero,2026-01-25,5.01,476
2010ROSE03,Dennis Rosero,2026-01-25,5.47,477
2010ROSE03,Dennis Rosero,2026-02-07,5.39,478
2010ROSE03,Dennis Rosero,2026-02-07,6.27,479
2010ROSE03,Dennis Rosero,2026-02-08,5.99,480
2010ROSE03,Dennis Rosero,2026-02-08,6.27,481
2010ROSE03,Dennis Rosero,2026-02-15,5.8,482
2010ROSE03,Dennis Rosero,2026-02-15,6.15,483
2010ROSE03,Dennis Rosero,2026-03-07,5.73,484
2010ROSE03,Dennis Rosero,2026-03-07,6.99,485
2010ROSE03,Dennis Rosero,2026-03-14,5.39,486
2010ROSE03,Dennis Rosero,2026-03-14,6.39,487
2010ROSE03,Dennis Rosero,2026-03-15,7.04,488
2010ROSE03,Dennis Rosero,2026-03-15,5.73,489
2010ROSE03,Dennis Rosero,2026-03-21,5.57,490
2010ROSE03,Dennis Rosero,2026-03-21,4.92,491
2010ROSE03,Dennis Rosero,2026-03-29,6.53,492
2010ROSE03,Dennis Rosero,2026-03-29,5.97,493
2010ROSE03,Dennis Rosero,2026-04-04,4.7,494
2010ROSE03,Dennis Rosero,2026-04-04,5.42,495
2010ROSE03,Dennis Rosero,2026-04-11,5.93,496
2010ROSE03,Dennis Rosero,2026-04-11,5.67,497
2010ROSE03,Dennis Rosero,2026-04-12,5.21,498
2010ROSE03,Dennis Rosero,2026-04-12,4.66,499
2010ROSE03,Dennis Rosero,2026-04-26,6.72,500
2010ROSE03,Dennis Rosero,2026-04-26,5.72,501
2010ROSE03,Dennis Rosero,2026-05-02,5.46,502
2010ROSE03,Dennis Rosero,2026-05-02,5.25,503
2010ROSE03,Dennis Rosero,2026-05-09,5.37,504
2010ROSE03,Dennis Rosero,2026-05-09,7.28,505
2010ROSE03,Dennis Rosero,2026-05-10,5.37,506
2010ROSE03,Dennis Rosero,2026-05-10,4.78,507
2010ROSE03,Dennis Rosero,2026-05-17,5.56,508
2010ROSE03,Dennis Rosero,2026-05-17,5.39,509
2010ROSE03,Dennis Rosero,2026-05-24,6.03,510
2010ROSE03,Dennis Rosero,2026-05-24,8.15,511
2011EDUA01,Eduard Esteban García Domínguez,2012-03-25,22.81,1
2011EDUA01,Eduard Esteban García Domínguez,2012-07-20,16.3,2
2011EDUA01,Eduard Esteban García Domínguez,2012-11-11,18.66,3
2011EDUA01,Eduard Esteban García Domínguez,2013-06-08,15.87,4
2011EDUA01,Eduard Esteban García Domínguez,2013-09-22,14.72,5
2011EDUA01,Eduard Esteban García Domínguez,2013-12-14,14.12,6
2011EDUA01,Eduard Esteban García Domínguez,2014-02-02,10.0,7
2011EDUA01,Eduard Esteban García Domínguez,2014-08-22,13.07,8
2011EDUA01,Eduard Esteban García Domínguez,2014-10-11,10.25,9
2011EDUA01,Eduard Esteban García Domínguez,2014-10-11,11.74,10
2011EDUA01,Eduard Esteban García Domínguez,2014-11-15,12.7,11
2011EDUA01,Eduard Esteban García Domínguez,2015-03-14,13.73,12
2011EDUA01,Eduard Esteban García Domínguez,2015-03-29,11.34,13
2011EDUA01,Eduard Esteban García Domínguez,2015-05-16,10.94,14
2011EDUA01,Eduard Esteban García Domínguez,2015-05-16,12.98,15
2011EDUA01,Eduard Esteban García Domínguez,2015-07-17,13.22,16
2011EDUA01,Eduard Esteban García Domínguez,2015-08-07,9.96,17
2011EDUA01,Eduard Esteban García Domínguez,2015-12-19,12.96,18
2011EDUA01,Eduard Esteban García Domínguez,2016-01-16,8.07,19
2011EDUA01,Eduard Esteban García Domínguez,2016-01-23,10.26,20
2011EDUA01,Eduard Esteban García Domínguez,2016-01-23,8.69,21
2011EDUA01,Eduard Esteban García Domínguez,2016-06-04,8.8,22
2011EDUA01,Eduard Esteban García Domínguez,2016-06-04,8.72,23
2011EDUA01,Eduard Esteban García Domínguez,2016-06-25,8.78,24
2011EDUA01,Eduard Esteban García Domínguez,2016-06-25,10.19,25
2011EDUA01,Eduard Esteban García Domínguez,2016-07-23,9.62,26
2011EDUA01,Eduard Esteban García Domínguez,2016-07-23,9.43,27
2011EDUA01,Eduard Esteban García Domínguez,2016-08-27,10.23,28
2011EDUA01,Eduard Esteban García Domínguez,2016-08-27,9.53,29
2011EDUA01,Eduard Esteban García Domínguez,2016-09-03,10.53,30
2011EDUA01,Eduard Esteban García Domínguez,2016-09-03,10.34,31
2011EDUA01,Eduard Esteban García Domínguez,2016-09-10,8.89,32
2011EDUA01,Eduard Esteban García Domínguez,2016-09-10,8.2,33
2011EDUA01,Eduard Esteban García Domínguez,2016-10-09,13.38,34
2011EDUA01,Eduard Esteban García Domínguez,2016-10-09,8.29,35
2011EDUA01,Eduard Esteban García Domínguez,2016-10-15,10.51,36
2011EDUA01,Eduard Esteban García Domínguez,2016-10-15,8.18,37
2011EDUA01,Eduard Esteban García Domínguez,2016-10-15,7.85,38
2011EDUA01,Eduard Esteban García Domínguez,2016-11-05,7.54,39
2011EDUA01,Eduard Esteban García Domínguez,2016-11-05,7.69,40
2011EDUA01,Eduard Esteban García Domínguez,2016-12-17,7.61,41
2011EDUA01,Eduard Esteban García Domínguez,2016-12-17,10.72,42
2011EDUA01,Eduard Esteban García Domínguez,2017-01-14,8.05,43
2011EDUA01,Eduard Esteban García Domínguez,2017-01-14,9.58,44
2011EDUA01,Eduard Esteban García Domínguez,2017-01-14,8.86,45
2011EDUA01,Eduard Esteban García Domínguez,2017-01-21,8.87,46
2011EDUA01,Eduard Esteban García Domínguez,2017-02-11,7.11,47
2011EDUA01,Eduard Esteban García Domínguez,2017-02-11,8.27,48
2011EDUA01,Eduard Esteban García Domínguez,2017-02-18,7.13,49
2011EDUA01,Eduard Esteban García Domínguez,2017-02-18,7.04,50
2011EDUA01,Eduard Esteban García Domínguez,2017-02-24,7.9,51
2011EDUA01,Eduard Esteban García Domínguez,2017-02-24,10.35,52
2011EDUA01,Eduard Esteban García Domínguez,2017-04-29,6.48,53
2011EDUA01,Eduard Esteban García Domínguez,2017-04-29,8.01,54
2011EDUA01,Eduard Esteban García Domínguez,2017-05-27,7.07,55
2011EDUA01,Eduard Esteban García Domínguez,2017-05-27,7.64,56
2011EDUA01,Eduard Esteban García Domínguez,2017-06-22,10.42,57
2011EDUA01,Eduard Esteban García Domínguez,2017-06-24,6.45,58
2011EDUA01,Eduard Esteban García Domínguez,2017-06-24,8.67,59
2011EDUA01,Eduard Esteban García Domínguez,2017-07-01,6.87,60
2011EDUA01,Eduard Esteban García Domínguez,2017-09-15,8.96,61
2011EDUA01,Eduard Esteban García Domínguez,2017-09-23,7.89,62
2011EDUA01,Eduard Esteban García Domínguez,2017-09-23,7.61,63
2011EDUA01,Eduard Esteban García Domínguez,2017-11-11,7.0,64
2011EDUA01,Eduard Esteban García Domínguez,2017-11-25,7.79,65
2011EDUA01,Eduard Esteban García Domínguez,2017-11-25,7.87,66
2011EDUA01,Eduard Esteban García Domínguez,2017-11-25,7.15,67
2011EDUA01,Eduard Esteban García Domínguez,2017-12-09,6.68,68
2011EDUA01,Eduard Esteban García Domínguez,2017-12-09,8.32,69
2011EDUA01,Eduard Esteban García Domínguez,2018-01-20,7.72,70
2011EDUA01,Eduard Esteban García Domínguez,2018-01-20,6.87,71
2011EDUA01,Eduard Esteban García Domínguez,2018-03-03,8.4,72
2011EDUA01,Eduard Esteban García Domínguez,2018-03-03,8.21,73
2011EDUA01,Eduard Esteban García Domínguez,2018-03-03,7.32,74
2011EDUA01,Eduard Esteban García Domínguez,2018-03-10,7.22,75
2011EDUA01,Eduard Esteban García Domínguez,2018-03-10,7.47,76
2011EDUA01,Eduard Esteban García Domínguez,2018-06-16,6.72,77
2011EDUA01,Eduard Esteban García Domínguez,2018-06-16,7.25,78
2011EDUA01,Eduard Esteban García Domínguez,2018-07-20,10.92,79
2011EDUA01,Eduard Esteban García Domínguez,2018-07-20,8.54,80
2011EDUA01,Eduard Esteban García Domínguez,2018-07-20,8.91,81
2011EDUA01,Eduard Esteban García Domínguez,2018-09-15,7.66,82
2011EDUA01,Eduard Esteban García Domínguez,2018-09-22,8.04,83
2011EDUA01,Eduard Esteban García Domínguez,2018-09-22,6.32,84
2011EDUA01,Eduard Esteban García Domínguez,2018-11-17,8.32,85
2011EDUA01,Eduard Esteban García Domínguez,2018-11-17,7.31,86
2011EDUA01,Eduard Esteban García Domínguez,2018-12-01,7.75,87
2011EDUA01,Eduard Esteban García Domínguez,2018-12-08,7.81,88
2011EDUA01,Eduard Esteban García Domínguez,2018-12-08,11.05,89
2011EDUA01,Eduard Esteban García Domínguez,2019-02-02,8.86,90
2011EDUA01,Eduard Esteban García Domínguez,2019-02-02,7.81,91
2011EDUA01,Eduard Esteban García Domínguez,2019-03-03,8.34,92
2011EDUA01,Eduard Esteban García Domínguez,2019-03-03,7.33,93
2011EDUA01,Eduard Esteban García Domínguez,2019-03-24,10.09,94
2011EDUA01,Eduard Esteban García Domínguez,2019-03-24,7.43,95
2011EDUA01,Eduard Esteban García Domínguez,2019-03-31,8.23,96
2011EDUA01,Eduard Esteban García Domínguez,2019-03-31,7.41,97
2011EDUA01,Eduard Esteban García Domínguez,2019-04-13,7.07,98
2011EDUA01,Eduard Esteban García Domínguez,2019-06-01,6.63,99
2011EDUA01,Eduard Esteban García Domínguez,2019-06-01,10.44,100
2011EDUA01,Eduard Esteban García Domínguez,2019-06-22,8.19,101
2011EDUA01,Eduard Esteban García Domínguez,2019-06-22,7.21,102
2011EDUA01,Eduard Esteban García Domínguez,2019-06-22,11.44,103
2011EDUA01,Eduard Esteban García Domínguez,2019-07-19,7.82,104
2011EDUA01,Eduard Esteban García Domínguez,2019-07-19,6.7,105
2011EDUA01,Eduard Esteban García Domínguez,2019-07-19,7.47,106
2011EDUA01,Eduard Esteban García Domínguez,2019-08-03,9.6,107
2011EDUA01,Eduard Esteban García Domínguez,2019-08-03,8.98,108
2011EDUA01,Eduard Esteban García Domínguez,2019-08-18,8.26,109
2011EDUA01,Eduard Esteban García Domínguez,2019-08-18,7.41,110
2011EDUA01,Eduard Esteban García Domínguez,2019-08-18,7.04,111
2011EDUA01,Eduard Esteban García Domínguez,2019-09-14,6.85,112
2011EDUA01,Eduard Esteban García Domínguez,2019-09-14,8.52,113
2011EDUA01,Eduard Esteban García Domínguez,2019-09-29,7.62,114
2011EDUA01,Eduard Esteban García Domínguez,2019-09-29,11.06,115
2011EDUA01,Eduard Esteban García Domínguez,2019-10-05,6.56,116
2011EDUA01,Eduard Esteban García Domínguez,2019-10-05,7.09,117
2011EDUA01,Eduard Esteban García Domínguez,2019-10-19,7.71,118
2011EDUA01,Eduard Esteban García Domínguez,2019-10-19,6.68,119
2011EDUA01,Eduard Esteban García Domínguez,2019-10-26,9.29,120
2011EDUA01,Eduard Esteban García Domínguez,2019-10-26,7.25,121
2011EDUA01,Eduard Esteban García Domínguez,2019-10-26,8.23,122
2011EDUA01,Eduard Esteban García Domínguez,2019-11-03,7.7,123
2011EDUA01,Eduard Esteban García Domínguez,2019-11-03,6.1,124
2011EDUA01,Eduard Esteban García Domínguez,2019-12-15,5.97,125
2011EDUA01,Eduard Esteban García Domínguez,2020-01-11,7.49,126
2011EDUA01,Eduard Esteban García Domínguez,2020-01-11,7.71,127
2011EDUA01,Eduard Esteban García Domínguez,2020-01-18,9.18,128
2011EDUA01,Eduard Esteban García Domínguez,2020-01-18,10.14,129
2011EDUA01,Eduard Esteban García Domínguez,2020-02-22,6.69,130
2011EDUA01,Eduard Esteban García Domínguez,2020-02-22,6.58,131
2011EDUA01,Eduard Esteban García Domínguez,2020-02-22,6.4,132
2011EDUA01,Eduard Esteban García Domínguez,2020-03-07,7.97,133
2011EDUA01,Eduard Esteban García Domínguez,2020-03-07,9.03,134
2011EDUA01,Eduard Esteban García Domínguez,2021-10-02,7.27,135
2011EDUA01,Eduard Esteban García Domínguez,2021-10-02,8.44,136
2011EDUA01,Eduard Esteban García Domínguez,2021-11-13,9.27,137
2011EDUA01,Eduard Esteban García Domínguez,2021-11-13,7.56,138
2011EDUA01,Eduard Esteban García Domínguez,2021-12-18,5.97,139
2011EDUA01,Eduard Esteban García Domínguez,2021-12-18,7.23,140
2011EDUA01,Eduard Esteban García Domínguez,2022-01-29,9.79,141
2011EDUA01,Eduard Esteban García Domínguez,2022-02-26,10.69,142
2011EDUA01,Eduard Esteban García Domínguez,2022-05-15,7.25,143
2011EDUA01,Eduard Esteban García Domínguez,2022-06-26,10.79,144
2011EDUA01,Eduard Esteban García Domínguez,2022-07-16,7.96,145
2011EDUA01,Eduard Esteban García Domínguez,2022-07-16,6.96,146
2011EDUA01,Eduard Esteban García Domínguez,2022-07-22,8.31,147
2011EDUA01,Eduard Esteban García Domínguez,2022-07-31,8.85,148
2011EDUA01,Eduard Esteban García Domínguez,2022-08-06,7.44,149
2011EDUA01,Eduard Esteban García Domínguez,2022-08-06,7.62,150
2011EDUA01,Eduard Esteban García Domínguez,2022-09-04,8.46,151
2011EDUA01,Eduard Esteban García Domínguez,2022-09-04,8.04,152
2011EDUA01,Eduard Esteban García Domínguez,2022-09-17,8.05,153
2011EDUA01,Eduard Esteban García Domínguez,2022-09-24,6.82,154
2011EDUA01,Eduard Esteban García Domínguez,2022-09-24,8.48,155
2011EDUA01,Eduard Esteban García Domínguez,2022-09-24,10.23,156
2011EDUA01,Eduard Esteban García Domínguez,2022-10-22,8.06,157
2011EDUA01,Eduard Esteban García Domínguez,2022-10-22,7.42,158
2011EDUA01,Eduard Esteban García Domínguez,2022-11-05,6.44,159
2011EDUA01,Eduard Esteban García Domínguez,2022-11-05,8.79,160
2011EDUA01,Eduard Esteban García Domínguez,2022-11-19,7.48,161
2011EDUA01,Eduard Esteban García Domínguez,2022-11-19,6.71,162
2011EDUA01,Eduard Esteban García Domínguez,2022-11-20,7.87,163
2011EDUA01,Eduard Esteban García Domínguez,2022-11-20,7.05,164
2011EDUA01,Eduard Esteban García Domínguez,2022-12-03,7.44,165
2011EDUA01,Eduard Esteban García Domínguez,2022-12-03,8.0,166
2011EDUA01,Eduard Esteban García Domínguez,2023-01-21,8.53,167
2011EDUA01,Eduard Esteban García Domínguez,2023-01-21,7.64,168
2011EDUA01,Eduard Esteban García Domínguez,2023-01-21,8.32,169
2011EDUA01,Eduard Esteban García Domínguez,2023-01-28,8.18,170
2011EDUA01,Eduard Esteban García Domínguez,2023-01-28,7.66,171
2011EDUA01,Eduard Esteban García Domínguez,2023-01-28,7.42,172
2011EDUA01,Eduard Esteban García Domínguez,2023-01-29,6.71,173
2011EDUA01,Eduard Esteban García Domínguez,2023-01-29,7.58,174
2011EDUA01,Eduard Esteban García Domínguez,2023-01-29,7.96,175
2011EDUA01,Eduard Esteban García Domínguez,2023-02-11,8.71,176
2011EDUA01,Eduard Esteban García Domínguez,2023-02-11,6.64,177
2011EDUA01,Eduard Esteban García Domínguez,2023-02-12,6.61,178
2011EDUA01,Eduard Esteban García Domínguez,2023-02-12,9.34,179
2011EDUA01,Eduard Esteban García Domínguez,2023-02-25,9.98,180
2011EDUA01,Eduard Esteban García Domínguez,2023-02-26,8.18,181
2011EDUA01,Eduard Esteban García Domínguez,2023-02-26,8.42,182
2011EDUA01,Eduard Esteban García Domínguez,2023-02-26,8.56,183
2011EDUA01,Eduard Esteban García Domínguez,2023-03-18,8.41,184
2011EDUA01,Eduard Esteban García Domínguez,2023-03-19,7.26,185
2011EDUA01,Eduard Esteban García Domínguez,2023-03-19,7.05,186
2011EDUA01,Eduard Esteban García Domínguez,2023-03-19,7.22,187
2011EDUA01,Eduard Esteban García Domínguez,2023-03-26,7.56,188
2011EDUA01,Eduard Esteban García Domínguez,2023-04-01,8.05,189
2011EDUA01,Eduard Esteban García Domínguez,2023-04-01,7.78,190
2011EDUA01,Eduard Esteban García Domínguez,2023-04-16,8.95,191
2011EDUA01,Eduard Esteban García Domínguez,2023-04-16,7.36,192
2011EDUA01,Eduard Esteban García Domínguez,2023-04-29,7.18,193
2011EDUA01,Eduard Esteban García Domínguez,2023-05-06,8.24,194
2011EDUA01,Eduard Esteban García Domínguez,2023-05-06,8.19,195
2011EDUA01,Eduard Esteban García Domínguez,2023-05-13,6.2,196
2011EDUA01,Eduard Esteban García Domínguez,2023-05-20,9.07,197
2011EDUA01,Eduard Esteban García Domínguez,2023-06-03,8.23,198
2011EDUA01,Eduard Esteban García Domínguez,2023-06-03,8.27,199
2011EDUA01,Eduard Esteban García Domínguez,2023-06-04,7.61,200
2011EDUA01,Eduard Esteban García Domínguez,2023-06-04,7.59,201
2011EDUA01,Eduard Esteban García Domínguez,2023-06-24,11.13,202
2011EDUA01,Eduard Esteban García Domínguez,2023-06-24,7.44,203
2011EDUA01,Eduard Esteban García Domínguez,2023-06-24,8.63,204
2011EDUA01,Eduard Esteban García Domínguez,2023-06-25,7.05,205
2011EDUA01,Eduard Esteban García Domínguez,2023-06-25,7.21,206
2011EDUA01,Eduard Esteban García Domínguez,2023-07-01,7.68,207
2011EDUA01,Eduard Esteban García Domínguez,2023-07-01,7.37,208
2011EDUA01,Eduard Esteban García Domínguez,2023-07-15,8.27,209
2011EDUA01,Eduard Esteban García Domínguez,2023-07-15,7.64,210
2011EDUA01,Eduard Esteban García Domínguez,2023-07-16,7.86,211
2011EDUA01,Eduard Esteban García Domínguez,2023-07-16,9.89,212
2011EDUA01,Eduard Esteban García Domínguez,2023-07-22,7.1,213
2011EDUA01,Eduard Esteban García Domínguez,2023-07-22,7.02,214
2011EDUA01,Eduard Esteban García Domínguez,2023-07-23,9.19,215
2011EDUA01,Eduard Esteban García Domínguez,2023-08-04,8.01,216
2011EDUA01,Eduard Esteban García Domínguez,2023-08-04,7.59,217
2011EDUA01,Eduard Esteban García Domínguez,2023-08-12,6.5,218
2011EDUA01,Eduard Esteban García Domínguez,2023-08-19,6.52,219
2011EDUA01,Eduard Esteban García Domínguez,2023-08-26,8.23,220
2011EDUA01,Eduard Esteban García Domínguez,2023-09-17,9.06,221
2011EDUA01,Eduard Esteban García Domínguez,2023-09-23,6.23,222
2011EDUA01,Eduard Esteban García Domínguez,2023-09-23,6.4,223
2011EDUA01,Eduard Esteban García Domínguez,2023-09-24,7.55,224
2011EDUA01,Eduard Esteban García Domínguez,2023-09-24,7.16,225
2011EDUA01,Eduard Esteban García Domínguez,2023-09-30,7.09,226
2011EDUA01,Eduard Esteban García Domínguez,2023-10-21,7.56,227
2011EDUA01,Eduard Esteban García Domínguez,2023-10-21,8.61,228
2011EDUA01,Eduard Esteban García Domínguez,2023-10-22,7.52,229
2011EDUA01,Eduard Esteban García Domínguez,2023-10-22,7.6,230
2011EDUA01,Eduard Esteban García Domínguez,2023-10-28,6.42,231
2011EDUA01,Eduard Esteban García Domínguez,2023-10-28,5.94,232
2011EDUA01,Eduard Esteban García Domínguez,2023-11-05,6.44,233
2011EDUA01,Eduard Esteban García Domínguez,2023-11-05,10.12,234
2011EDUA01,Eduard Esteban García Domínguez,2023-11-06,7.71,235
2011EDUA01,Eduard Esteban García Domínguez,2023-11-06,8.69,236
2011EDUA01,Eduard Esteban García Domínguez,2023-11-11,7.37,237
2011EDUA01,Eduard Esteban García Domínguez,2023-11-11,6.71,238
2011EDUA01,Eduard Esteban García Domínguez,2023-11-11,8.63,239
2011EDUA01,Eduard Esteban García Domínguez,2023-11-13,7.42,240
2011EDUA01,Eduard Esteban García Domínguez,2023-11-13,7.83,241
2011EDUA01,Eduard Esteban García Domínguez,2023-11-18,6.24,242
2011EDUA01,Eduard Esteban García Domínguez,2023-11-18,8.25,243
2011EDUA01,Eduard Esteban García Domínguez,2023-12-02,7.59,244
2011EDUA01,Eduard Esteban García Domínguez,2023-12-02,8.0,245
2011EDUA01,Eduard Esteban García Domínguez,2023-12-03,7.05,246
2011EDUA01,Eduard Esteban García Domínguez,2023-12-03,5.76,247
2011EDUA01,Eduard Esteban García Domínguez,2023-12-10,7.36,248
2011EDUA01,Eduard Esteban García Domínguez,2023-12-10,7.94,249
2011EDUA01,Eduard Esteban García Domínguez,2023-12-17,7.24,250
2011EDUA01,Eduard Esteban García Domínguez,2023-12-17,7.57,251
2011EDUA01,Eduard Esteban García Domínguez,2023-12-17,8.94,252
2011EDUA01,Eduard Esteban García Domínguez,2023-12-17,7.19,253
2011EDUA01,Eduard Esteban García Domínguez,2023-12-23,7.11,254
2011EDUA01,Eduard Esteban García Domínguez,2023-12-23,8.75,255
2011EDUA01,Eduard Esteban García Domínguez,2024-01-07,5.84,256
2011EDUA01,Eduard Esteban García Domínguez,2024-01-07,6.88,257
2011EDUA01,Eduard Esteban García Domínguez,2024-01-27,7.09,258
2011EDUA01,Eduard Esteban García Domínguez,2024-01-27,6.48,259
2011EDUA01,Eduard Esteban García Domínguez,2024-01-28,8.18,260
2011EDUA01,Eduard Esteban García Domínguez,2024-01-28,7.17,261
2011EDUA01,Eduard Esteban García Domínguez,2024-02-03,8.11,262
2011EDUA01,Eduard Esteban García Domínguez,2024-02-03,7.21,263
2011EDUA01,Eduard Esteban García Domínguez,2024-02-03,7.45,264
2011EDUA01,Eduard Esteban García Domínguez,2024-02-04,7.74,265
2011EDUA01,Eduard Esteban García Domínguez,2024-02-04,7.36,266
2011EDUA01,Eduard Esteban García Domínguez,2024-02-10,6.92,267
2011EDUA01,Eduard Esteban García Domínguez,2024-03-09,7.85,268
2011EDUA01,Eduard Esteban García Domínguez,2024-03-09,7.46,269
2011EDUA01,Eduard Esteban García Domínguez,2024-03-10,7.09,270
2011EDUA01,Eduard Esteban García Domínguez,2024-03-10,7.05,271
2011EDUA01,Eduard Esteban García Domínguez,2024-03-17,6.75,272
2011EDUA01,Eduard Esteban García Domínguez,2024-03-17,6.33,273
2011EDUA01,Eduard Esteban García Domínguez,2024-03-17,7.53,274
2011EDUA01,Eduard Esteban García Domínguez,2024-03-23,6.4,275
2011EDUA01,Eduard Esteban García Domínguez,2024-03-23,9.22,276
2011EDUA01,Eduard Esteban García Domínguez,2024-04-07,6.6,277
2011EDUA01,Eduard Esteban García Domínguez,2024-04-13,7.05,278
2011EDUA01,Eduard Esteban García Domínguez,2024-04-13,8.91,279
2011EDUA01,Eduard Esteban García Domínguez,2024-04-14,6.29,280
2011EDUA01,Eduard Esteban García Domínguez,2024-04-14,7.12,281
2011EDUA01,Eduard Esteban García Domínguez,2024-04-20,6.18,282
2011EDUA01,Eduard Esteban García Domínguez,2024-04-20,7.52,283
2011EDUA01,Eduard Esteban García Domínguez,2024-05-04,7.79,284
2011EDUA01,Eduard Esteban García Domínguez,2024-05-04,8.42,285
2011EDUA01,Eduard Esteban García Domínguez,2024-05-05,6.8,286
2011EDUA01,Eduard Esteban García Domínguez,2024-05-05,7.82,287
2011EDUA01,Eduard Esteban García Domínguez,2024-05-12,7.8,288
2011EDUA01,Eduard Esteban García Domínguez,2024-05-12,6.24,289
2011EDUA01,Eduard Esteban García Domínguez,2024-05-25,8.46,290
2011EDUA01,Eduard Esteban García Domínguez,2024-05-25,7.36,291
2011EDUA01,Eduard Esteban García Domínguez,2024-06-02,7.3,292
2011EDUA01,Eduard Esteban García Domínguez,2024-06-03,7.38,293
2011EDUA01,Eduard Esteban García Domínguez,2024-06-03,7.73,294
2011EDUA01,Eduard Esteban García Domínguez,2024-06-10,8.92,295
2011EDUA01,Eduard Esteban García Domínguez,2024-06-10,6.95,296
2011EDUA01,Eduard Esteban García Domínguez,2024-06-10,8.26,297
2011EDUA01,Eduard Esteban García Domínguez,2024-06-16,7.83,298
2011EDUA01,Eduard Esteban García Domínguez,2024-06-16,6.79,299
2011EDUA01,Eduard Esteban García Domínguez,2024-06-16,7.55,300
2011EDUA01,Eduard Esteban García Domínguez,2024-06-29,5.43,301
2011EDUA01,Eduard Esteban García Domínguez,2024-06-29,7.55,302
2011EDUA01,Eduard Esteban García Domínguez,2024-06-30,6.6,303
2011EDUA01,Eduard Esteban García Domínguez,2024-06-30,7.87,304
2011EDUA01,Eduard Esteban García Domínguez,2024-07-07,9.11,305
2011EDUA01,Eduard Esteban García Domínguez,2024-07-07,6.91,306
2011EDUA01,Eduard Esteban García Domínguez,2024-07-07,6.2,307
2011EDUA01,Eduard Esteban García Domínguez,2024-07-13,7.12,308
2011EDUA01,Eduard Esteban García Domínguez,2024-07-13,7.66,309
2011EDUA01,Eduard Esteban García Domínguez,2024-07-21,8.28,310
2011EDUA01,Eduard Esteban García Domínguez,2024-07-21,7.59,311
2011EDUA01,Eduard Esteban García Domínguez,2024-07-21,6.24,312
2011EDUA01,Eduard Esteban García Domínguez,2024-07-28,7.09,313
2011EDUA01,Eduard Esteban García Domínguez,2024-07-28,6.0,314
2011EDUA01,Eduard Esteban García Domínguez,2024-08-03,10.9,315
2011EDUA01,Eduard Esteban García Domínguez,2024-08-03,6.49,316
2011EDUA01,Eduard Esteban García Domínguez,2024-08-17,7.32,317
2011EDUA01,Eduard Esteban García Domínguez,2024-08-17,6.62,318
2011EDUA01,Eduard Esteban García Domínguez,2024-08-18,6.79,319
2011EDUA01,Eduard Esteban García Domínguez,2024-08-18,7.06,320
2011EDUA01,Eduard Esteban García Domínguez,2024-08-18,6.36,321
2011EDUA01,Eduard Esteban García Domínguez,2024-08-24,7.53,322
2011EDUA01,Eduard Esteban García Domínguez,2024-08-24,6.93,323
2011EDUA01,Eduard Esteban García Domínguez,2024-08-24,5.38,324
2011EDUA01,Eduard Esteban García Domínguez,2024-08-31,5.85,325
2011EDUA01,Eduard Esteban García Domínguez,2024-08-31,6.86,326
2011EDUA01,Eduard Esteban García Domínguez,2024-09-01,8.62,327
2011EDUA01,Eduard Esteban García Domínguez,2024-09-07,7.51,328
2011EDUA01,Eduard Esteban García Domínguez,2024-09-07,7.17,329
2011EDUA01,Eduard Esteban García Domínguez,2024-09-08,5.74,330
2011EDUA01,Eduard Esteban García Domínguez,2024-09-08,7.17,331
2011EDUA01,Eduard Esteban García Domínguez,2024-09-15,8.11,332
2011EDUA01,Eduard Esteban García Domínguez,2024-09-15,6.38,333
2011EDUA01,Eduard Esteban García Domínguez,2024-09-15,6.53,334
2011EDUA01,Eduard Esteban García Domínguez,2024-09-21,6.54,335
2011EDUA01,Eduard Esteban García Domínguez,2024-09-22,6.23,336
2011EDUA01,Eduard Esteban García Domínguez,2024-09-22,6.52,337
2011EDUA01,Eduard Esteban García Domínguez,2024-09-28,6.81,338
2011EDUA01,Eduard Esteban García Domínguez,2024-09-28,8.53,339
2011EDUA01,Eduard Esteban García Domínguez,2024-09-29,8.01,340
2011EDUA01,Eduard Esteban García Domínguez,2024-09-29,5.11,341
2011EDUA01,Eduard Esteban García Domínguez,2024-10-05,7.1,342
2011EDUA01,Eduard Esteban García Domínguez,2024-10-05,7.46,343
2011EDUA01,Eduard Esteban García Domínguez,2024-10-06,7.53,344
2011EDUA01,Eduard Esteban García Domínguez,2024-10-06,10.41,345
2011EDUA01,Eduard Esteban García Domínguez,2024-10-19,9.47,346
2011EDUA01,Eduard Esteban García Domínguez,2024-10-20,7.25,347
2011EDUA01,Eduard Esteban García Domínguez,2024-10-20,7.77,348
2011EDUA01,Eduard Esteban García Domínguez,2024-10-27,7.11,349
2011EDUA01,Eduard Esteban García Domínguez,2024-10-27,5.73,350
2011EDUA01,Eduard Esteban García Domínguez,2024-11-09,6.01,351
2011EDUA01,Eduard Esteban García Domínguez,2024-11-09,6.95,352
2011EDUA01,Eduard Esteban García Domínguez,2024-11-23,6.92,353
2011EDUA01,Eduard Esteban García Domínguez,2024-11-23,6.88,354
2011EDUA01,Eduard Esteban García Domínguez,2024-12-13,8.64,355
2011EDUA01,Eduard Esteban García Domínguez,2024-12-15,9.42,356
2011EDUA01,Eduard Esteban García Domínguez,2025-01-11,7.08,357
2011EDUA01,Eduard Esteban García Domínguez,2025-01-11,7.1,358
2011EDUA01,Eduard Esteban García Domínguez,2025-01-19,7.24,359
2011EDUA01,Eduard Esteban García Domínguez,2025-01-19,6.07,360
2011EDUA01,Eduard Esteban García Domínguez,2025-01-25,7.92,361
2011EDUA01,Eduard Esteban García Domínguez,2025-02-02,8.97,362
2011EDUA01,Eduard Esteban García Domínguez,2025-02-02,9.87,363
2011EDUA01,Eduard Esteban García Domínguez,2025-02-08,8.42,364
2011EDUA01,Eduard Esteban García Domínguez,2025-02-08,6.65,365
2011EDUA01,Eduard Esteban García Domínguez,2025-02-08,7.44,366
2011EDUA01,Eduard Esteban García Domínguez,2025-02-15,7.17,367
2011EDUA01,Eduard Esteban García Domínguez,2025-02-15,7.93,368
2011EDUA01,Eduard Esteban García Domínguez,2025-03-01,9.18,369
2011EDUA01,Eduard Esteban García Domínguez,2025-03-01,5.98,370
2011EDUA01,Eduard Esteban García Domínguez,2025-03-02,5.83,371
2011EDUA01,Eduard Esteban García Domínguez,2025-03-02,7.24,372
2011EDUA01,Eduard Esteban García Domínguez,2025-03-08,8.78,373
2011EDUA01,Eduard Esteban García Domínguez,2025-03-08,5.85,374
2011EDUA01,Eduard Esteban García Domínguez,2025-03-15,6.19,375
2011EDUA01,Eduard Esteban García Domínguez,2025-03-15,7.8,376
2011EDUA01,Eduard Esteban García Domínguez,2025-03-30,7.8,377
2011EDUA01,Eduard Esteban García Domínguez,2025-03-30,7.81,378
2011EDUA01,Eduard Esteban García Domínguez,2025-04-05,8.07,379
2011EDUA01,Eduard Esteban García Domínguez,2025-04-05,8.15,380
2011EDUA01,Eduard Esteban García Domínguez,2025-04-13,7.47,381
2011EDUA01,Eduard Esteban García Domínguez,2025-04-13,7.32,382
2011EDUA01,Eduard Esteban García Domínguez,2025-04-19,6.77,383
2011EDUA01,Eduard Esteban García Domínguez,2025-04-19,7.72,384
2011EDUA01,Eduard Esteban García Domínguez,2025-04-26,5.58,385
2011EDUA01,Eduard Esteban García Domínguez,2025-04-26,6.96,386
2011EDUA01,Eduard Esteban García Domínguez,2025-05-18,6.52,387
2011EDUA01,Eduard Esteban García Domínguez,2025-05-18,7.09,388
2011EDUA01,Eduard Esteban García Domínguez,2025-05-31,8.28,389
2011EDUA01,Eduard Esteban García Domínguez,2025-05-31,7.72,390
2011EDUA01,Eduard Esteban García Domínguez,2025-06-01,7.24,391
2011EDUA01,Eduard Esteban García Domínguez,2025-06-01,7.07,392
2011EDUA01,Eduard Esteban García Domínguez,2025-06-08,6.59,393
2011EDUA01,Eduard Esteban García Domínguez,2025-06-08,7.54,394
2011EDUA01,Eduard Esteban García Domínguez,2025-06-14,6.38,395
2011EDUA01,Eduard Esteban García Domínguez,2025-06-15,6.49,396
2011EDUA01,Eduard Esteban García Domínguez,2025-06-15,6.56,397
2011EDUA01,Eduard Esteban García Domínguez,2025-07-03,5.66,398
2011EDUA01,Eduard Esteban García Domínguez,2025-07-12,8.73,399
2011EDUA01,Eduard Esteban García Domínguez,2025-07-20,7.48,400
2011EDUA01,Eduard Esteban García Domínguez,2025-07-27,6.46,401
2011EDUA01,Eduard Esteban García Domínguez,2025-08-03,8.11,402
2011EDUA01,Eduard Esteban García Domínguez,2025-08-16,8.89,403
2011EDUA01,Eduard Esteban García Domínguez,2025-08-16,8.42,404
2011EDUA01,Eduard Esteban García Domínguez,2025-08-23,8.03,405
2011EDUA01,Eduard Esteban García Domínguez,2025-08-30,7.74,406
2011EDUA01,Eduard Esteban García Domínguez,2025-08-31,5.66,407
2011EDUA01,Eduard Esteban García Domínguez,2025-08-31,6.13,408
2011EDUA01,Eduard Esteban García Domínguez,2025-09-07,7.78,409
2011EDUA01,Eduard Esteban García Domínguez,2025-09-07,8.75,410
2011EDUA01,Eduard Esteban García Domínguez,2025-09-13,7.55,411
2011EDUA01,Eduard Esteban García Domínguez,2025-09-13,7.37,412
2011EDUA01,Eduard Esteban García Domínguez,2025-09-20,6.39,413
2011EDUA01,Eduard Esteban García Domínguez,2025-09-20,5.96,414
2011EDUA01,Eduard Esteban García Domínguez,2025-09-28,7.42,415
2011EDUA01,Eduard Esteban García Domínguez,2025-09-28,7.06,416
2011EDUA01,Eduard Esteban García Domínguez,2025-10-18,6.64,417
2011EDUA01,Eduard Esteban García Domínguez,2025-10-18,7.98,418
2011EDUA01,Eduard Esteban García Domínguez,2025-10-18,9.57,419
2011EDUA01,Eduard Esteban García Domínguez,2025-10-25,7.07,420
2011EDUA01,Eduard Esteban García Domínguez,2025-11-08,8.08,421
2011EDUA01,Eduard Esteban García Domínguez,2025-11-08,7.11,422
2011EDUA01,Eduard Esteban García Domínguez,2025-11-15,10.99,423
2011EDUA01,Eduard Esteban García Domínguez,2025-11-29,6.36,424
2011EDUA01,Eduard Esteban García Domínguez,2025-11-29,6.74,425
2011EDUA01,Eduard Esteban García Domínguez,2025-12-12,7.15,426
2011EDUA01,Eduard Esteban García Domínguez,2025-12-12,7.53,427
2011EDUA01,Eduard Esteban García Domínguez,2025-12-14,8.47,428
2011EDUA01,Eduard Esteban García Domínguez,2025-12-21,7.3,429
2011EDUA01,Eduard Esteban García Domínguez,2025-12-21,7.58,430
2011EDUA01,Eduard Esteban García Domínguez,2025-12-27,6.96,431
2011EDUA01,Eduard Esteban García Domínguez,2025-12-27,7.04,432
2011EDUA01,Eduard Esteban García Domínguez,2025-12-28,6.49,433
2011EDUA01,Eduard Esteban García Domínguez,2025-12-28,8.88,434
2011EDUA01,Eduard Esteban García Domínguez,2025-12-28,7.32,435
2011EDUA01,Eduard Esteban García Domínguez,2026-01-11,7.25,436
2011EDUA01,Eduard Esteban García Domínguez,2026-01-11,7.14,437
2011EDUA01,Eduard Esteban García Domínguez,2026-01-18,6.94,438
2011EDUA01,Eduard Esteban García Domínguez,2026-01-18,6.85,439
2011EDUA01,Eduard Esteban García Domínguez,2026-01-24,9.38,440
2011EDUA01,Eduard Esteban García Domínguez,2026-01-25,8.38,441
2011EDUA01,Eduard Esteban García Domínguez,2026-02-07,9.5,442
2011EDUA01,Eduard Esteban García Domínguez,2026-02-07,10.13,443
2011EDUA01,Eduard Esteban García Domínguez,2026-02-08,6.89,444
2011EDUA01,Eduard Esteban García Domínguez,2026-02-08,8.27,445
2011EDUA01,Eduard Esteban García Domínguez,2026-02-15,8.91,446
2011EDUA01,Eduard Esteban García Domínguez,2026-02-15,7.37,447
2011EDUA01,Eduard Esteban García Domínguez,2026-03-07,6.94,448
2011EDUA01,Eduard Esteban García Domínguez,2026-03-07,8.61,449
2011EDUA01,Eduard Esteban García Domínguez,2026-03-14,6.19,450
2011EDUA01,Eduard Esteban García Domínguez,2026-03-14,7.48,451
2011EDUA01,Eduard Esteban García Domínguez,2026-03-15,8.13,452
2011EDUA01,Eduard Esteban García Domínguez,2026-03-15,6.96,453
2011EDUA01,Eduard Esteban García Domínguez,2026-03-21,7.36,454
2011EDUA01,Eduard Esteban García Domínguez,2026-03-29,6.95,455
2011EDUA01,Eduard Esteban García Domínguez,2026-03-29,6.45,456
2011EDUA01,Eduard Esteban García Domínguez,2026-04-04,8.97,457
2011EDUA01,Eduard Esteban García Domínguez,2026-04-04,6.79,458
2011EDUA01,Eduard Esteban García Domínguez,2026-04-11,7.78,459
2011EDUA01,Eduard Esteban García Domínguez,2026-04-11,9.09,460
2011EDUA01,Eduard Esteban García Domínguez,2026-04-12,7.63,461
2011EDUA01,Eduard Esteban García Domínguez,2026-04-12,7.96,462
2011EDUA01,Eduard Esteban García Domínguez,2026-05-09,8.74,463
2011EDUA01,Eduard Esteban García Domínguez,2026-05-09,8.61,464
2011EDUA01,Eduard Esteban García Domínguez,2026-05-10,6.84,465
2011EDUA01,Eduard Esteban García Domínguez,2026-05-10,6.52,466
2011EDUA01,Eduard Esteban García Domínguez,2026-05-17,6.5,467
2011EDUA01,Eduard Esteban García Domínguez,2026-05-17,7.12,468
2011EDUA01,Eduard Esteban García Domínguez,2026-05-24,11.01,469
2011SZAT01,Wojciech Szatanowski,2011-06-04,15.66,1
2011SZAT01,Wojciech Szatanowski,2011-08-13,11.88,2
2011SZAT01,Wojciech Szatanowski,2011-09-24,10.3,3
2011SZAT01,Wojciech Szatanowski,2011-12-17,11.35,4
2011SZAT01,Wojciech Szatanowski,2011-12-17,11.66,5
2011SZAT01,Wojciech Szatanowski,2012-04-21,8.89,6
2011SZAT01,Wojciech Szatanowski,2012-05-26,9.13,7
2011SZAT01,Wojciech Szatanowski,2012-05-26,10.41,8
2011SZAT01,Wojciech Szatanowski,2012-06-30,7.34,9
2011SZAT01,Wojciech Szatanowski,2012-06-30,8.22,10
2011SZAT01,Wojciech Szatanowski,2012-08-04,8.8,11
2011SZAT01,Wojciech Szatanowski,2012-08-04,9.59,12
2011SZAT01,Wojciech Szatanowski,2012-10-12,7.88,13
2011SZAT01,Wojciech Szatanowski,2012-11-24,7.97,14
2011SZAT01,Wojciech Szatanowski,2012-11-24,8.41,15
2011SZAT01,Wojciech Szatanowski,2013-03-23,7.99,16
2011SZAT01,Wojciech Szatanowski,2013-03-23,8.81,17
2011SZAT01,Wojciech Szatanowski,2013-04-20,6.83,18
2011SZAT01,Wojciech Szatanowski,2013-04-20,7.63,19
2011SZAT01,Wojciech Szatanowski,2013-04-20,6.55,20
2011SZAT01,Wojciech Szatanowski,2013-06-29,7.3,21
2011SZAT01,Wojciech Szatanowski,2013-06-29,8.86,22
2011SZAT01,Wojciech Szatanowski,2013-07-27,5.3,23
2011SZAT01,Wojciech Szatanowski,2013-07-27,5.72,24
2011SZAT01,Wojciech Szatanowski,2013-08-17,9.95,25
2011SZAT01,Wojciech Szatanowski,2013-08-17,6.3,26
2011SZAT01,Wojciech Szatanowski,2013-08-17,6.32,27
2011SZAT01,Wojciech Szatanowski,2013-09-14,6.17,28
2011SZAT01,Wojciech Szatanowski,2013-09-14,6.13,29
2011SZAT01,Wojciech Szatanowski,2013-09-14,9.55,30
2011SZAT01,Wojciech Szatanowski,2013-09-28,6.3,31
2011SZAT01,Wojciech Szatanowski,2013-10-05,5.71,32
2011SZAT01,Wojciech Szatanowski,2013-10-05,6.71,33
2011SZAT01,Wojciech Szatanowski,2013-10-05,5.8,34
2011SZAT01,Wojciech Szatanowski,2013-10-26,9.52,35
2011SZAT01,Wojciech Szatanowski,2013-10-26,6.34,36
2011SZAT01,Wojciech Szatanowski,2013-10-26,6.73,37
2011SZAT01,Wojciech Szatanowski,2013-11-16,7.98,38
2011SZAT01,Wojciech Szatanowski,2013-11-30,6.47,39
2011SZAT01,Wojciech Szatanowski,2013-11-30,6.5,40
2011SZAT01,Wojciech Szatanowski,2013-12-14,7.2,41
2011SZAT01,Wojciech Szatanowski,2013-12-21,7.07,42
2011SZAT01,Wojciech Szatanowski,2013-12-21,8.52,43
2011SZAT01,Wojciech Szatanowski,2014-01-04,6.26,44
2011SZAT01,Wojciech Szatanowski,2014-01-04,7.63,45
2011SZAT01,Wojciech Szatanowski,2014-01-18,7.59,46
2011SZAT01,Wojciech Szatanowski,2014-02-15,7.36,47
2011SZAT01,Wojciech Szatanowski,2014-02-22,8.26,48
2011SZAT01,Wojciech Szatanowski,2014-02-22,7.8,49
2011SZAT01,Wojciech Szatanowski,2014-03-08,6.65,50
2011SZAT01,Wojciech Szatanowski,2014-03-08,6.71,51
2011SZAT01,Wojciech Szatanowski,2014-03-15,7.86,52
2011SZAT01,Wojciech Szatanowski,2014-03-15,8.22,53
2011SZAT01,Wojciech Szatanowski,2014-03-29,6.54,54
2011SZAT01,Wojciech Szatanowski,2014-03-29,6.52,55
2011SZAT01,Wojciech Szatanowski,2014-03-29,7.05,56
2011SZAT01,Wojciech Szatanowski,2014-04-05,7.76,57
2011SZAT01,Wojciech Szatanowski,2014-04-05,6.81,58
2011SZAT01,Wojciech Szatanowski,2014-05-03,7.51,59
2011SZAT01,Wojciech Szatanowski,2014-05-17,7.58,60
2011SZAT01,Wojciech Szatanowski,2014-05-17,7.21,61
2011SZAT01,Wojciech Szatanowski,2014-05-17,5.93,62
2011SZAT01,Wojciech Szatanowski,2014-05-31,6.19,63
2011SZAT01,Wojciech Szatanowski,2014-05-31,6.12,64
2011SZAT01,Wojciech Szatanowski,2014-06-14,8.66,65
2011SZAT01,Wojciech Szatanowski,2014-06-14,7.82,66
2011SZAT01,Wojciech Szatanowski,2014-06-21,5.82,67
2011SZAT01,Wojciech Szatanowski,2014-06-21,7.41,68
2011SZAT01,Wojciech Szatanowski,2014-06-21,6.48,69
2011SZAT01,Wojciech Szatanowski,2014-06-28,7.26,70
2011SZAT01,Wojciech Szatanowski,2014-06-28,5.87,71
2011SZAT01,Wojciech Szatanowski,2014-06-28,7.99,72
2011SZAT01,Wojciech Szatanowski,2014-07-05,6.66,73
2011SZAT01,Wojciech Szatanowski,2014-07-05,7.22,74
2011SZAT01,Wojciech Szatanowski,2014-07-05,7.69,75
2011SZAT01,Wojciech Szatanowski,2014-07-26,7.78,76
2011SZAT01,Wojciech Szatanowski,2014-07-26,7.46,77
2011SZAT01,Wojciech Szatanowski,2014-08-08,7.65,78
2011SZAT01,Wojciech Szatanowski,2014-08-08,5.73,79
2011SZAT01,Wojciech Szatanowski,2014-08-16,7.53,80
2011SZAT01,Wojciech Szatanowski,2014-08-16,5.93,81
2011SZAT01,Wojciech Szatanowski,2014-08-16,9.32,82
2011SZAT01,Wojciech Szatanowski,2014-08-23,6.7,83
2011SZAT01,Wojciech Szatanowski,2014-08-23,6.75,84
2011SZAT01,Wojciech Szatanowski,2014-08-23,6.51,85
2011SZAT01,Wojciech Szatanowski,2014-08-30,6.24,86
2011SZAT01,Wojciech Szatanowski,2014-08-30,6.21,87
2011SZAT01,Wojciech Szatanowski,2014-09-06,6.56,88
2011SZAT01,Wojciech Szatanowski,2014-09-27,5.76,89
2011SZAT01,Wojciech Szatanowski,2014-09-27,6.88,90
2011SZAT01,Wojciech Szatanowski,2014-10-25,6.24,91
2011SZAT01,Wojciech Szatanowski,2014-10-25,5.54,92
2011SZAT01,Wojciech Szatanowski,2014-11-29,6.97,93
2011SZAT01,Wojciech Szatanowski,2014-11-29,6.19,94
2011SZAT01,Wojciech Szatanowski,2014-11-29,7.26,95
2011SZAT01,Wojciech Szatanowski,2014-12-06,7.78,96
2011SZAT01,Wojciech Szatanowski,2014-12-06,6.03,97
2011SZAT01,Wojciech Szatanowski,2014-12-13,8.16,98
2011SZAT01,Wojciech Szatanowski,2014-12-13,7.42,99
2011SZAT01,Wojciech Szatanowski,2014-12-20,6.2,100
2011SZAT01,Wojciech Szatanowski,2014-12-20,6.41,101
2011SZAT01,Wojciech Szatanowski,2015-01-24,7.6,102
2011SZAT01,Wojciech Szatanowski,2015-02-21,5.38,103
2011SZAT01,Wojciech Szatanowski,2015-02-28,6.49,104
2011SZAT01,Wojciech Szatanowski,2015-02-28,6.62,105
2011SZAT01,Wojciech Szatanowski,2015-03-07,8.1,106
2011SZAT01,Wojciech Szatanowski,2015-03-07,7.3,107
2011SZAT01,Wojciech Szatanowski,2015-03-07,6.43,108
2011SZAT01,Wojciech Szatanowski,2015-03-27,8.96,109
2011SZAT01,Wojciech Szatanowski,2015-03-27,5.45,110
2011SZAT01,Wojciech Szatanowski,2015-04-18,7.72,111
2011SZAT01,Wojciech Szatanowski,2015-05-23,7.38,112
2011SZAT01,Wojciech Szatanowski,2015-05-23,6.02,113
2011SZAT01,Wojciech Szatanowski,2015-05-23,5.68,114
2011SZAT01,Wojciech Szatanowski,2015-05-30,7.85,115
2011SZAT01,Wojciech Szatanowski,2015-05-30,7.91,116
2011SZAT01,Wojciech Szatanowski,2015-05-30,7.18,117
2011SZAT01,Wojciech Szatanowski,2015-06-06,5.67,118
2011SZAT01,Wojciech Szatanowski,2015-06-06,5.05,119
2011SZAT01,Wojciech Szatanowski,2015-06-06,5.6,120
2011SZAT01,Wojciech Szatanowski,2015-06-27,7.02,121
2011SZAT01,Wojciech Szatanowski,2015-07-18,6.9,122
2011SZAT01,Wojciech Szatanowski,2015-07-18,8.18,123
2011SZAT01,Wojciech Szatanowski,2015-08-08,5.62,124
2011SZAT01,Wojciech Szatanowski,2015-08-08,6.67,125
2011SZAT01,Wojciech Szatanowski,2015-09-12,7.37,126
2011SZAT01,Wojciech Szatanowski,2015-09-12,5.41,127
2011SZAT01,Wojciech Szatanowski,2015-09-19,6.47,128
2011SZAT01,Wojciech Szatanowski,2015-09-26,6.32,129
2011SZAT01,Wojciech Szatanowski,2015-09-26,9.2,130
2011SZAT01,Wojciech Szatanowski,2015-10-09,6.89,131
2011SZAT01,Wojciech Szatanowski,2015-10-09,5.74,132
2011SZAT01,Wojciech Szatanowski,2015-10-09,7.72,133
2011SZAT01,Wojciech Szatanowski,2015-11-07,6.65,134
2011SZAT01,Wojciech Szatanowski,2015-11-07,5.86,135
2011SZAT01,Wojciech Szatanowski,2015-12-05,9.01,136
2011SZAT01,Wojciech Szatanowski,2015-12-05,5.67,137
2011SZAT01,Wojciech Szatanowski,2015-12-05,5.6,138
2011SZAT01,Wojciech Szatanowski,2016-02-06,7.95,139
2011SZAT01,Wojciech Szatanowski,2016-02-20,6.62,140
2011SZAT01,Wojciech Szatanowski,2016-02-20,8.57,141
2011SZAT01,Wojciech Szatanowski,2016-04-16,6.85,142
2011SZAT01,Wojciech Szatanowski,2016-04-16,5.89,143
2011SZAT01,Wojciech Szatanowski,2016-05-08,5.53,144
2011SZAT01,Wojciech Szatanowski,2016-05-08,5.62,145
2011SZAT01,Wojciech Szatanowski,2016-05-21,7.93,146
2011SZAT01,Wojciech Szatanowski,2016-05-21,5.85,147
2011SZAT01,Wojciech Szatanowski,2016-06-04,5.98,148
2011SZAT01,Wojciech Szatanowski,2016-06-04,8.58,149
2011SZAT01,Wojciech Szatanowski,2016-06-11,6.75,150
2011SZAT01,Wojciech Szatanowski,2016-06-11,6.29,151
2011SZAT01,Wojciech Szatanowski,2016-07-02,4.96,152
2011SZAT01,Wojciech Szatanowski,2016-07-02,6.22,153
2011SZAT01,Wojciech Szatanowski,2016-07-02,7.06,154
2011SZAT01,Wojciech Szatanowski,2016-07-09,8.22,155
2011SZAT01,Wojciech Szatanowski,2016-07-15,9.73,156
2011SZAT01,Wojciech Szatanowski,2016-07-19,5.76,157
2011SZAT01,Wojciech Szatanowski,2016-07-19,5.88,158
2011SZAT01,Wojciech Szatanowski,2016-08-06,6.26,159
2011SZAT01,Wojciech Szatanowski,2016-08-06,7.49,160
2011SZAT01,Wojciech Szatanowski,2016-08-06,7.35,161
2011SZAT01,Wojciech Szatanowski,2016-08-27,6.39,162
2011SZAT01,Wojciech Szatanowski,2016-08-27,7.97,163
2011SZAT01,Wojciech Szatanowski,2016-09-03,7.36,164
2011SZAT01,Wojciech Szatanowski,2016-09-03,8.07,165
2011SZAT01,Wojciech Szatanowski,2016-09-16,7.66,166
2011SZAT01,Wojciech Szatanowski,2016-09-16,6.53,167
2011SZAT01,Wojciech Szatanowski,2016-09-16,6.79,168
2011SZAT01,Wojciech Szatanowski,2016-10-08,6.6,169
2011SZAT01,Wojciech Szatanowski,2016-10-23,6.74,170
2011SZAT01,Wojciech Szatanowski,2016-10-23,6.43,171
2011SZAT01,Wojciech Szatanowski,2016-12-03,6.87,172
2011SZAT01,Wojciech Szatanowski,2016-12-09,8.26,173
2011SZAT01,Wojciech Szatanowski,2016-12-17,7.31,174
2011SZAT01,Wojciech Szatanowski,2016-12-17,6.57,175
2011SZAT01,Wojciech Szatanowski,2017-01-14,7.17,176
2011SZAT01,Wojciech Szatanowski,2017-01-14,7.4,177
2011SZAT01,Wojciech Szatanowski,2017-02-25,6.85,178
2011SZAT01,Wojciech Szatanowski,2017-03-18,6.62,179
2011SZAT01,Wojciech Szatanowski,2017-03-25,5.4,180
2011SZAT01,Wojciech Szatanowski,2017-03-25,9.9,181
2011SZAT01,Wojciech Szatanowski,2017-05-20,6.21,182
2011SZAT01,Wojciech Szatanowski,2017-05-20,6.54,183
2011SZAT01,Wojciech Szatanowski,2017-06-10,6.85,184
2011SZAT01,Wojciech Szatanowski,2017-06-10,6.01,185
2011SZAT01,Wojciech Szatanowski,2017-06-17,6.08,186
2011SZAT01,Wojciech Szatanowski,2017-06-24,6.81,187
2011SZAT01,Wojciech Szatanowski,2017-07-13,6.52,188
2011SZAT01,Wojciech Szatanowski,2017-07-29,6.52,189
2011SZAT01,Wojciech Szatanowski,2017-07-29,8.41,190
2011SZAT01,Wojciech Szatanowski,2017-08-25,8.03,191
2011SZAT01,Wojciech Szatanowski,2017-09-15,6.58,192
2011SZAT01,Wojciech Szatanowski,2017-09-15,6.38,193
2011SZAT01,Wojciech Szatanowski,2017-10-14,6.12,194
2011SZAT01,Wojciech Szatanowski,2017-10-14,7.46,195
2011SZAT01,Wojciech Szatanowski,2017-10-21,6.64,196
2011SZAT01,Wojciech Szatanowski,2017-11-17,7.13,197
2011SZAT01,Wojciech Szatanowski,2017-11-17,6.67,198
2011SZAT01,Wojciech Szatanowski,2017-12-02,6.17,199
2011SZAT01,Wojciech Szatanowski,2017-12-09,5.36,200
2011SZAT01,Wojciech Szatanowski,2017-12-09,5.95,201
2011SZAT01,Wojciech Szatanowski,2017-12-09,5.7,202
2011SZAT01,Wojciech Szatanowski,2017-12-16,7.11,203
2011SZAT01,Wojciech Szatanowski,2017-12-16,6.32,204
2011SZAT01,Wojciech Szatanowski,2018-01-02,7.75,205
2011SZAT01,Wojciech Szatanowski,2018-01-13,8.4,206
2011SZAT01,Wojciech Szatanowski,2018-01-13,6.42,207
2011SZAT01,Wojciech Szatanowski,2018-02-10,4.89,208
2011SZAT01,Wojciech Szatanowski,2018-02-17,5.93,209
2011SZAT01,Wojciech Szatanowski,2018-02-24,5.92,210
2011SZAT01,Wojciech Szatanowski,2018-02-24,7.75,211
2011SZAT01,Wojciech Szatanowski,2018-03-03,6.47,212
2011SZAT01,Wojciech Szatanowski,2018-03-03,6.76,213
2011SZAT01,Wojciech Szatanowski,2018-03-17,5.5,214
2011SZAT01,Wojciech Szatanowski,2018-04-21,5.78,215
2011SZAT01,Wojciech Szatanowski,2018-05-26,5.9,216
2011SZAT01,Wojciech Szatanowski,2018-05-27,5.54,217
2011SZAT01,Wojciech Szatanowski,2018-05-27,6.8,218
2011SZAT01,Wojciech Szatanowski,2018-06-16,6.05,219
2011SZAT01,Wojciech Szatanowski,2018-06-16,6.53,220
2011SZAT01,Wojciech Szatanowski,2018-06-23,6.38,221
2011SZAT01,Wojciech Szatanowski,2018-06-23,6.87,222
2011SZAT01,Wojciech Szatanowski,2018-06-30,7.45,223
2011SZAT01,Wojciech Szatanowski,2018-06-30,10.09,224
2011SZAT01,Wojciech Szatanowski,2018-07-19,7.01,225
2011SZAT01,Wojciech Szatanowski,2018-07-19,6.23,226
2011SZAT01,Wojciech Szatanowski,2018-07-19,5.19,227
2011SZAT01,Wojciech Szatanowski,2018-08-04,5.96,228
2011SZAT01,Wojciech Szatanowski,2018-08-04,7.01,229
2011SZAT01,Wojciech Szatanowski,2018-08-18,6.34,230
2011SZAT01,Wojciech Szatanowski,2018-08-18,6.77,231
2011SZAT01,Wojciech Szatanowski,2018-09-15,7.29,232
2011SZAT01,Wojciech Szatanowski,2018-09-15,6.21,233
2011SZAT01,Wojciech Szatanowski,2018-10-20,7.91,234
2011SZAT01,Wojciech Szatanowski,2018-10-26,6.83,235
2011SZAT01,Wojciech Szatanowski,2018-10-26,8.34,236
2011SZAT01,Wojciech Szatanowski,2018-12-01,7.54,237
2011SZAT01,Wojciech Szatanowski,2019-03-16,6.23,238
2011SZAT01,Wojciech Szatanowski,2019-03-30,6.0,239
2011SZAT01,Wojciech Szatanowski,2019-03-30,6.11,240
2011SZAT01,Wojciech Szatanowski,2019-03-30,6.24,241
2011SZAT01,Wojciech Szatanowski,2019-04-13,6.54,242
2011SZAT01,Wojciech Szatanowski,2019-04-13,7.03,243
2011SZAT01,Wojciech Szatanowski,2019-06-08,5.98,244
2011SZAT01,Wojciech Szatanowski,2019-06-08,7.38,245
2011SZAT01,Wojciech Szatanowski,2019-07-13,6.56,246
2011SZAT01,Wojciech Szatanowski,2019-08-10,8.0,247
2011SZAT01,Wojciech Szatanowski,2019-08-10,6.2,248
2011SZAT01,Wojciech Szatanowski,2019-10-11,6.24,249
2011SZAT01,Wojciech Szatanowski,2019-10-11,7.41,250
2011SZAT01,Wojciech Szatanowski,2019-11-09,6.76,251
2011SZAT01,Wojciech Szatanowski,2019-11-09,7.33,252
2011SZAT01,Wojciech Szatanowski,2019-11-23,6.2,253
2011SZAT01,Wojciech Szatanowski,2019-12-06,6.85,254
2011SZAT01,Wojciech Szatanowski,2019-12-06,7.02,255
2011SZAT01,Wojciech Szatanowski,2020-01-04,6.81,256
2011SZAT01,Wojciech Szatanowski,2021-09-25,9.54,257
2011SZAT01,Wojciech Szatanowski,2021-10-01,5.01,258
2011SZAT01,Wojciech Szatanowski,2022-07-08,7.05,259
2011SZAT01,Wojciech Szatanowski,2023-10-06,8.07,260
2011SZAT01,Wojciech Szatanowski,2023-11-04,6.42,261
2011SZAT01,Wojciech Szatanowski,2024-03-16,7.28,262
2011SZAT01,Wojciech Szatanowski,2024-07-13,7.95,263
2011SZAT01,Wojciech Szatanowski,2024-07-13,7.56,264
2011SZAT01,Wojciech Szatanowski,2024-09-21,7.37,265
2011SZAT01,Wojciech Szatanowski,2024-09-21,6.48,266
2011SZAT01,Wojciech Szatanowski,2024-10-05,5.41,267
2011SZAT01,Wojciech Szatanowski,2024-10-12,6.02,268
2011SZAT01,Wojciech Szatanowski,2024-10-12,5.65,269
2011SZAT01,Wojciech Szatanowski,2024-11-07,6.33,270
2011SZAT01,Wojciech Szatanowski,2024-11-16,7.11,271
2011SZAT01,Wojciech Szatanowski,2024-11-16,7.77,272
2011SZAT01,Wojciech Szatanowski,2024-12-14,6.32,273
2011SZAT01,Wojciech Szatanowski,2025-01-11,6.7,274
2011SZAT01,Wojciech Szatanowski,2025-02-08,6.38,275
2011SZAT01,Wojciech Szatanowski,2025-06-14,6.7,276
2011SZAT01,Wojciech Szatanowski,2025-06-14,6.06,277
2011SZAT01,Wojciech Szatanowski,2025-06-28,7.97,278
2011SZAT01,Wojciech Szatanowski,2025-06-28,6.24,279
2011SZAT01,Wojciech Szatanowski,2025-06-28,5.2,280
2011SZAT01,Wojciech Szatanowski,2025-07-12,6.71,281
2011SZAT01,Wojciech Szatanowski,2025-08-09,9.78,282
2011SZAT01,Wojciech Szatanowski,2025-08-10,5.15,283
2011SZAT01,Wojciech Szatanowski,2025-08-23,7.64,284
2011SZAT01,Wojciech Szatanowski,2025-09-05,8.16,285
2011SZAT01,Wojciech Szatanowski,2025-09-13,6.42,286
2011SZAT01,Wojciech Szatanowski,2025-09-20,7.89,287
2011SZAT01,Wojciech Szatanowski,2025-09-27,7.1,288
2011SZAT01,Wojciech Szatanowski,2025-10-11,7.77,289
2011SZAT01,Wojciech Szatanowski,2025-10-18,6.04,290
2011SZAT01,Wojciech Szatanowski,2025-10-18,6.79,291
2011SZAT01,Wojciech Szatanowski,2025-10-25,5.41,292
2011SZAT01,Wojciech Szatanowski,2025-10-25,6.62,293
2011SZAT01,Wojciech Szatanowski,2025-11-13,6.6,294
2011SZAT01,Wojciech Szatanowski,2025-11-13,8.15,295
2011SZAT01,Wojciech Szatanowski,2025-12-13,7.28,296
2011SZAT01,Wojciech Szatanowski,2026-01-03,5.85,297
2011SZAT01,Wojciech Szatanowski,2026-01-03,7.46,298
2011SZAT01,Wojciech Szatanowski,2026-02-11,5.89,299
2011SZAT01,Wojciech Szatanowski,2026-04-18,5.79,300
2011SZAT01,Wojciech Szatanowski,2026-04-25,5.53,301
2011SZAT01,Wojciech Szatanowski,2026-04-26,6.44,302
2011SZAT01,Wojciech Szatanowski,2026-05-13,6.8,303
2013BURL01,Łukasz Burliga,2013-10-26,18.73,1
2013BURL01,Łukasz Burliga,2014-05-31,11.2,2
2013BURL01,Łukasz Burliga,2014-09-27,8.2,3
2013BURL01,Łukasz Burliga,2014-12-06,9.78,4
2013BURL01,Łukasz Burliga,2014-12-06,7.46,5
2013BURL01,Łukasz Burliga,2015-02-28,6.79,6
2013BURL01,Łukasz Burliga,2015-02-28,6.38,7
2013BURL01,Łukasz Burliga,2015-03-27,6.2,8
2013BURL01,Łukasz Burliga,2015-03-27,5.76,9
2013BURL01,Łukasz Burliga,2015-05-23,6.08,10
2013BURL01,Łukasz Burliga,2015-05-23,5.07,11
2013BURL01,Łukasz Burliga,2015-05-23,7.14,12
2013BURL01,Łukasz Burliga,2015-06-06,5.81,13
2013BURL01,Łukasz Burliga,2015-06-06,5.96,14
2013BURL01,Łukasz Burliga,2015-06-06,7.34,15
2013BURL01,Łukasz Burliga,2015-06-27,7.41,16
2013BURL01,Łukasz Burliga,2015-10-09,5.23,17
2013BURL01,Łukasz Burliga,2015-10-09,6.52,18
2013BURL01,Łukasz Burliga,2015-10-17,5.59,19
2013BURL01,Łukasz Burliga,2015-10-17,6.84,20
2013BURL01,Łukasz Burliga,2015-12-05,6.02,21
2013BURL01,Łukasz Burliga,2015-12-05,5.02,22
2013BURL01,Łukasz Burliga,2015-12-05,6.06,23
2013BURL01,Łukasz Burliga,2016-01-09,4.84,24
2013BURL01,Łukasz Burliga,2016-01-09,5.11,25
2013BURL01,Łukasz Burliga,2016-04-23,5.42,26
2013BURL01,Łukasz Burliga,2016-04-23,4.31,27
2013BURL01,Łukasz Burliga,2016-06-11,6.17,28
2013BURL01,Łukasz Burliga,2016-06-11,4.31,29
2013BURL01,Łukasz Burliga,2016-06-11,7.57,30
2013BURL01,Łukasz Burliga,2016-07-15,6.35,31
2013BURL01,Łukasz Burliga,2016-07-15,5.51,32
2013BURL01,Łukasz Burliga,2016-07-19,5.34,33
2013BURL01,Łukasz Burliga,2016-07-19,5.78,34
2013BURL01,Łukasz Burliga,2016-08-27,6.16,35
2013BURL01,Łukasz Burliga,2016-08-27,5.21,36
2013BURL01,Łukasz Burliga,2016-08-27,5.39,37
2013BURL01,Łukasz Burliga,2016-10-08,4.88,38
2013BURL01,Łukasz Burliga,2016-10-08,5.73,39
2013BURL01,Łukasz Burliga,2016-12-09,5.34,40
2013BURL01,Łukasz Burliga,2016-12-09,5.87,41
2013BURL01,Łukasz Burliga,2016-12-17,5.1,42
2013BURL01,Łukasz Burliga,2016-12-17,4.43,43
2013BURL01,Łukasz Burliga,2016-12-17,4.44,44
2013BURL01,Łukasz Burliga,2017-02-25,4.34,45
2013BURL01,Łukasz Burliga,2017-02-25,3.99,46
2013BURL01,Łukasz Burliga,2017-03-11,4.22,47
2013BURL01,Łukasz Burliga,2017-03-11,3.95,48
2013BURL01,Łukasz Burliga,2017-03-11,5.53,49
2013BURL01,Łukasz Burliga,2017-04-01,4.99,50
2013BURL01,Łukasz Burliga,2017-04-01,5.62,51
2013BURL01,Łukasz Burliga,2017-05-27,3.33,52
2013BURL01,Łukasz Burliga,2017-05-27,6.24,53
2013BURL01,Łukasz Burliga,2017-06-10,5.1,54
2013BURL01,Łukasz Burliga,2017-06-10,4.65,55
2013BURL01,Łukasz Burliga,2017-06-10,4.78,56
2013BURL01,Łukasz Burliga,2017-06-17,5.28,57
2013BURL01,Łukasz Burliga,2017-06-24,5.76,58
2013BURL01,Łukasz Burliga,2017-06-24,4.13,59
2013BURL01,Łukasz Burliga,2017-06-24,3.56,60
2013BURL01,Łukasz Burliga,2017-07-13,4.79,61
2013BURL01,Łukasz Burliga,2017-07-13,4.96,62
2013BURL01,Łukasz Burliga,2017-07-29,5.27,63
2013BURL01,Łukasz Burliga,2017-07-29,5.49,64
2013BURL01,Łukasz Burliga,2017-07-29,4.49,65
2013BURL01,Łukasz Burliga,2017-09-09,4.64,66
2013BURL01,Łukasz Burliga,2017-09-09,3.81,67
2013BURL01,Łukasz Burliga,2017-09-15,5.83,68
2013BURL01,Łukasz Burliga,2017-09-15,4.91,69
2013BURL01,Łukasz Burliga,2017-10-14,3.9,70
2013BURL01,Łukasz Burliga,2017-10-14,5.73,71
2013BURL01,Łukasz Burliga,2017-11-17,5.58,72
2013BURL01,Łukasz Burliga,2017-11-17,3.79,73
2013BURL01,Łukasz Burliga,2017-11-17,5.53,74
2013BURL01,Łukasz Burliga,2017-12-16,5.11,75
2013BURL01,Łukasz Burliga,2017-12-16,4.83,76
2013BURL01,Łukasz Burliga,2017-12-16,6.16,77
2013BURL01,Łukasz Burliga,2018-01-13,3.49,78
2013BURL01,Łukasz Burliga,2018-01-13,4.32,79
2013BURL01,Łukasz Burliga,2018-01-13,4.14,80
2013BURL01,Łukasz Burliga,2018-02-17,3.89,81
2013BURL01,Łukasz Burliga,2018-02-17,4.42,82
2013BURL01,Łukasz Burliga,2018-02-24,4.76,83
2013BURL01,Łukasz Burliga,2018-02-24,5.01,84
2013BURL01,Łukasz Burliga,2018-05-26,5.54,85
2013BURL01,Łukasz Burliga,2018-06-10,4.61,86
2013BURL01,Łukasz Burliga,2018-06-10,4.39,87
2013BURL01,Łukasz Burliga,2018-06-10,4.57,88
2013BURL01,Łukasz Burliga,2018-06-23,4.18,89
2013BURL01,Łukasz Burliga,2018-06-23,3.6,90
2013BURL01,Łukasz Burliga,2018-06-23,5.47,91
2013BURL01,Łukasz Burliga,2018-07-28,5.14,92
2013BURL01,Łukasz Burliga,2018-08-04,3.74,93
2013BURL01,Łukasz Burliga,2018-08-04,4.51,94
2013BURL01,Łukasz Burliga,2018-08-04,4.65,95
2013BURL01,Łukasz Burliga,2018-08-18,3.93,96
2013BURL01,Łukasz Burliga,2018-08-18,5.31,97
2013BURL01,Łukasz Burliga,2018-08-18,4.54,98
2013BURL01,Łukasz Burliga,2018-09-15,6.51,99
2013BURL01,Łukasz Burliga,2018-09-15,3.42,100
2013BURL01,Łukasz Burliga,2018-09-15,7.07,101
2013BURL01,Łukasz Burliga,2018-09-22,6.06,102
2013BURL01,Łukasz Burliga,2018-09-22,3.95,103
2013BURL01,Łukasz Burliga,2018-09-22,3.86,104
2013BURL01,Łukasz Burliga,2018-10-06,4.57,105
2013BURL01,Łukasz Burliga,2018-10-06,5.51,106
2013BURL01,Łukasz Burliga,2018-10-06,4.33,107
2013BURL01,Łukasz Burliga,2018-10-20,5.11,108
2013BURL01,Łukasz Burliga,2018-10-20,4.63,109
2013BURL01,Łukasz Burliga,2018-10-20,4.48,110
2013BURL01,Łukasz Burliga,2018-10-26,5.04,111
2013BURL01,Łukasz Burliga,2018-10-26,3.71,112
2013BURL01,Łukasz Burliga,2018-10-26,5.67,113
2013BURL01,Łukasz Burliga,2018-11-17,4.0,114
2013BURL01,Łukasz Burliga,2018-12-08,4.31,115
2013BURL01,Łukasz Burliga,2018-12-08,5.07,116
2013BURL01,Łukasz Burliga,2019-01-12,4.53,117
2013BURL01,Łukasz Burliga,2019-01-12,4.44,118
2013BURL01,Łukasz Burliga,2019-01-12,9.01,119
2013BURL01,Łukasz Burliga,2019-02-02,5.26,120
2013BURL01,Łukasz Burliga,2019-02-02,6.02,121
2013BURL01,Łukasz Burliga,2019-02-23,5.86,122
2013BURL01,Łukasz Burliga,2019-02-23,4.65,123
2013BURL01,Łukasz Burliga,2019-03-02,4.39,124
2013BURL01,Łukasz Burliga,2019-03-02,4.63,125
2013BURL01,Łukasz Burliga,2019-03-02,4.72,126
2013BURL01,Łukasz Burliga,2019-05-26,4.74,127
2013BURL01,Łukasz Burliga,2019-06-01,6.04,128
2013BURL01,Łukasz Burliga,2019-06-01,5.6,129
2013BURL01,Łukasz Burliga,2019-06-22,4.15,130
2013BURL01,Łukasz Burliga,2019-06-22,3.98,131
2013BURL01,Łukasz Burliga,2019-07-20,3.41,132
2013BURL01,Łukasz Burliga,2019-07-20,4.65,133
2013BURL01,Łukasz Burliga,2019-08-24,5.63,134
2013BURL01,Łukasz Burliga,2019-10-05,4.43,135
2013BURL01,Łukasz Burliga,2019-10-05,4.59,136
2013BURL01,Łukasz Burliga,2019-10-11,3.99,137
2013BURL01,Łukasz Burliga,2019-10-11,3.87,138
2013BURL01,Łukasz Burliga,2019-12-06,4.54,139
2013BURL01,Łukasz Burliga,2019-12-06,5.26,140
2013BURL01,Łukasz Burliga,2020-01-25,6.19,141
2013BURL01,Łukasz Burliga,2020-01-25,6.53,142
2013BURL01,Łukasz Burliga,2020-08-22,3.76,143
2013BURL01,Łukasz Burliga,2020-08-22,4.1,144
2013BURL01,Łukasz Burliga,2020-09-12,5.48,145
2013BURL01,Łukasz Burliga,2021-07-03,5.28,146
2013BURL01,Łukasz Burliga,2021-07-10,6.24,147
2013BURL01,Łukasz Burliga,2021-07-24,4.0,148
2013BURL01,Łukasz Burliga,2021-07-24,3.96,149
2013BURL01,Łukasz Burliga,2021-08-07,3.66,150
2013BURL01,Łukasz Burliga,2021-08-07,4.02,151
2013BURL01,Łukasz Burliga,2021-09-04,5.47,152
2013BURL01,Łukasz Burliga,2021-09-11,5.62,153
2013BURL01,Łukasz Burliga,2021-09-11,4.43,154
2013BURL01,Łukasz Burliga,2021-09-11,4.63,155
2013BURL01,Łukasz Burliga,2021-09-18,4.83,156
2013BURL01,Łukasz Burliga,2021-10-01,4.71,157
2013BURL01,Łukasz Burliga,2021-10-09,5.84,158
2013BURL01,Łukasz Burliga,2021-11-06,6.02,159
2013BURL01,Łukasz Burliga,2022-02-26,5.91,160
2013BURL01,Łukasz Burliga,2022-03-12,4.72,161
2013BURL01,Łukasz Burliga,2022-03-26,5.35,162
2013BURL01,Łukasz Burliga,2022-03-26,4.53,163
2013BURL01,Łukasz Burliga,2022-04-23,4.2,164
2013BURL01,Łukasz Burliga,2022-04-23,5.15,165
2013BURL01,Łukasz Burliga,2022-05-21,4.72,166
2013BURL01,Łukasz Burliga,2022-05-21,6.52,167
2013BURL01,Łukasz Burliga,2022-06-04,3.97,168
2013BURL01,Łukasz Burliga,2022-06-04,4.39,169
2013BURL01,Łukasz Burliga,2022-07-08,5.13,170
2013BURL01,Łukasz Burliga,2022-08-06,3.82,171
2013BURL01,Łukasz Burliga,2022-08-06,4.86,172
2013BURL01,Łukasz Burliga,2022-08-06,5.3,173
2013BURL01,Łukasz Burliga,2022-08-13,3.54,174
2013BURL01,Łukasz Burliga,2022-08-13,3.97,175
2013BURL01,Łukasz Burliga,2022-08-27,6.72,176
2013BURL01,Łukasz Burliga,2022-09-17,5.67,177
2013BURL01,Łukasz Burliga,2022-09-17,5.85,178
2013BURL01,Łukasz Burliga,2022-09-24,4.65,179
2013BURL01,Łukasz Burliga,2022-09-24,3.95,180
2013BURL01,Łukasz Burliga,2022-10-01,3.58,181
2013BURL01,Łukasz Burliga,2022-10-01,4.9,182
2013BURL01,Łukasz Burliga,2022-10-15,4.26,183
2013BURL01,Łukasz Burliga,2022-10-15,3.7,184
2013BURL01,Łukasz Burliga,2022-10-22,4.84,185
2013BURL01,Łukasz Burliga,2022-10-22,4.54,186
2013BURL01,Łukasz Burliga,2022-10-22,5.94,187
2013BURL01,Łukasz Burliga,2022-12-17,3.55,188
2013BURL01,Łukasz Burliga,2022-12-17,5.13,189
2013BURL01,Łukasz Burliga,2023-01-28,5.82,190
2013BURL01,Łukasz Burliga,2023-01-28,3.46,191
2013BURL01,Łukasz Burliga,2023-03-04,3.81,192
2013BURL01,Łukasz Burliga,2023-03-04,4.78,193
2013BURL01,Łukasz Burliga,2023-03-25,4.06,194
2013BURL01,Łukasz Burliga,2023-03-25,4.34,195
2013BURL01,Łukasz Burliga,2023-03-25,4.6,196
2013BURL01,Łukasz Burliga,2023-04-01,5.37,197
2013BURL01,Łukasz Burliga,2023-04-01,4.66,198
2013BURL01,Łukasz Burliga,2023-04-01,5.8,199
2013BURL01,Łukasz Burliga,2023-05-06,4.24,200
2013BURL01,Łukasz Burliga,2023-05-06,4.98,201
2013BURL01,Łukasz Burliga,2023-05-13,4.3,202
2013BURL01,Łukasz Burliga,2023-05-13,4.09,203
2013BURL01,Łukasz Burliga,2023-05-20,5.91,204
2013BURL01,Łukasz Burliga,2023-05-20,4.59,205
2013BURL01,Łukasz Burliga,2023-06-03,4.58,206
2013BURL01,Łukasz Burliga,2023-06-03,4.84,207
2013BURL01,Łukasz Burliga,2023-06-10,6.23,208
2013BURL01,Łukasz Burliga,2023-06-10,3.93,209
2013BURL01,Łukasz Burliga,2023-06-10,5.38,210
2013BURL01,Łukasz Burliga,2023-07-08,4.89,211
2013BURL01,Łukasz Burliga,2023-07-08,3.76,212
2013BURL01,Łukasz Burliga,2023-08-12,4.07,213
2013BURL01,Łukasz Burliga,2023-08-12,6.33,214
2013BURL01,Łukasz Burliga,2023-09-02,4.01,215
2013BURL01,Łukasz Burliga,2023-09-02,5.14,216
2013BURL01,Łukasz Burliga,2023-09-03,5.19,217
2013BURL01,Łukasz Burliga,2023-09-03,5.5,218
2013BURL01,Łukasz Burliga,2023-09-09,5.51,219
2013BURL01,Łukasz Burliga,2023-10-01,5.22,220
2013BURL01,Łukasz Burliga,2023-10-01,3.91,221
2013BURL01,Łukasz Burliga,2023-10-06,4.07,222
2013BURL01,Łukasz Burliga,2023-10-06,6.61,223
2013BURL01,Łukasz Burliga,2023-10-14,7.24,224
2013BURL01,Łukasz Burliga,2023-11-04,3.52,225
2013BURL01,Łukasz Burliga,2023-11-04,3.43,226
2013BURL01,Łukasz Burliga,2023-11-04,5.68,227
2013BURL01,Łukasz Burliga,2023-11-18,6.16,228
2013BURL01,Łukasz Burliga,2023-11-18,3.59,229
2013BURL01,Łukasz Burliga,2023-11-19,5.17,230
2013BURL01,Łukasz Burliga,2023-11-19,7.08,231
2013BURL01,Łukasz Burliga,2023-12-09,6.56,232
2013BURL01,Łukasz Burliga,2023-12-09,4.61,233
2013BURL01,Łukasz Burliga,2024-02-03,4.16,234
2013BURL01,Łukasz Burliga,2024-02-03,6.57,235
2013BURL01,Łukasz Burliga,2024-02-10,3.3,236
2013BURL01,Łukasz Burliga,2024-02-10,4.41,237
2013BURL01,Łukasz Burliga,2024-02-10,5.18,238
2013BURL01,Łukasz Burliga,2024-03-02,5.65,239
2013BURL01,Łukasz Burliga,2024-03-09,5.63,240
2013BURL01,Łukasz Burliga,2024-04-20,5.19,241
2013BURL01,Łukasz Burliga,2024-04-20,6.81,242
2013BURL01,Łukasz Burliga,2024-06-15,4.35,243
2013BURL01,Łukasz Burliga,2024-06-15,6.66,244
2013BURL01,Łukasz Burliga,2024-06-22,5.49,245
2013BURL01,Łukasz Burliga,2024-06-22,5.42,246
2013BURL01,Łukasz Burliga,2024-07-13,5.31,247
2013BURL01,Łukasz Burliga,2024-07-13,6.32,248
2013BURL01,Łukasz Burliga,2024-07-25,6.33,249
2013BURL01,Łukasz Burliga,2024-08-24,4.54,250
2013BURL01,Łukasz Burliga,2024-09-21,4.37,251
2013BURL01,Łukasz Burliga,2024-09-21,7.76,252
2013BURL01,Łukasz Burliga,2024-10-12,4.71,253
2013BURL01,Łukasz Burliga,2024-10-12,5.56,254
2013BURL01,Łukasz Burliga,2024-10-26,4.51,255
2013BURL01,Łukasz Burliga,2024-11-07,4.28,256
2013BURL01,Łukasz Burliga,2024-11-07,5.45,257
2013BURL01,Łukasz Burliga,2024-11-23,6.36,258
2013BURL01,Łukasz Burliga,2024-11-23,3.42,259
2013BURL01,Łukasz Burliga,2024-11-23,4.58,260
2013BURL01,Łukasz Burliga,2025-01-25,5.09,261
2013BURL01,Łukasz Burliga,2025-01-25,5.2,262
2013BURL01,Łukasz Burliga,2025-02-15,4.56,263
2013BURL01,Łukasz Burliga,2025-02-15,6.1,264
2013BURL01,Łukasz Burliga,2025-02-21,4.17,265
2013BURL01,Łukasz Burliga,2025-02-21,5.19,266
2013BURL01,Łukasz Burliga,2025-02-21,5.52,267
2013BURL01,Łukasz Burliga,2025-03-22,3.71,268
2013BURL01,Łukasz Burliga,2025-05-17,3.5,269
2013BURL01,Łukasz Burliga,2025-06-07,3.58,270
2013BURL01,Łukasz Burliga,2025-06-07,4.97,271
2013BURL01,Łukasz Burliga,2025-06-14,7.94,272
2013BURL01,Łukasz Burliga,2025-06-28,5.48,273
2013BURL01,Łukasz Burliga,2025-06-28,3.91,274
2013BURL01,Łukasz Burliga,2025-07-04,3.17,275
2013BURL01,Łukasz Burliga,2025-07-04,3.28,276
2013BURL01,Łukasz Burliga,2025-07-26,3.53,277
2013BURL01,Łukasz Burliga,2025-07-26,4.77,278
2013BURL01,Łukasz Burliga,2025-08-23,4.22,279
2013BURL01,Łukasz Burliga,2025-09-05,4.51,280
2013BURL01,Łukasz Burliga,2025-09-27,4.54,281
2013BURL01,Łukasz Burliga,2025-10-04,3.39,282
2013BURL01,Łukasz Burliga,2025-10-04,6.05,283
2013BURL01,Łukasz Burliga,2025-10-12,6.35,284
2013BURL01,Łukasz Burliga,2025-10-25,3.95,285
2013BURL01,Łukasz Burliga,2025-10-25,5.29,286
2013BURL01,Łukasz Burliga,2025-11-13,5.18,287
2013BURL01,Łukasz Burliga,2025-11-13,7.1,288
2013BURL01,Łukasz Burliga,2025-11-22,4.89,289
2013BURL01,Łukasz Burliga,2025-11-22,3.46,290
2013BURL01,Łukasz Burliga,2025-11-22,4.23,291
2013BURL01,Łukasz Burliga,2025-11-29,4.18,292
2013BURL01,Łukasz Burliga,2025-11-29,6.48,293
2013BURL01,Łukasz Burliga,2025-12-13,4.17,294
2013BURL01,Łukasz Burliga,2025-12-13,3.68,295
2013BURL01,Łukasz Burliga,2025-12-13,3.41,296
2013BURL01,Łukasz Burliga,2025-12-20,4.42,297
2013BURL01,Łukasz Burliga,2026-01-24,4.19,298
2013BURL01,Łukasz Burliga,2026-01-24,3.89,299
2013BURL01,Łukasz Burliga,2026-01-31,4.51,300
2013BURL01,Łukasz Burliga,2026-01-31,6.93,301
2013BURL01,Łukasz Burliga,2026-02-21,3.22,302
2013BURL01,Łukasz Burliga,2026-02-21,4.1,303
2013BURL01,Łukasz Burliga,2026-03-21,5.39,304
2013BURL01,Łukasz Burliga,2026-04-11,4.31,305
2013BURL01,Łukasz Burliga,2026-05-01,4.65,306
2013BURL01,Łukasz Burliga,2026-05-01,4.48,307
2013BURL01,Łukasz Burliga,2026-05-01,6.81,308
2013OLSZ02,Piotr Olszewski,2014-01-04,13.02,1
2013OLSZ02,Piotr Olszewski,2014-01-04,10.05,2
2013OLSZ02,Piotr Olszewski,2016-05-08,7.35,3
2013OLSZ02,Piotr Olszewski,2016-07-09,7.23,4
2013OLSZ02,Piotr Olszewski,2016-12-09,7.74,5
2013OLSZ02,Piotr Olszewski,2016-12-09,9.27,6
2013OLSZ02,Piotr Olszewski,2017-03-11,5.4,7
2013OLSZ02,Piotr Olszewski,2017-03-11,7.53,8
2013OLSZ02,Piotr Olszewski,2017-06-17,4.76,9
2013OLSZ02,Piotr Olszewski,2017-06-17,6.08,10
2013OLSZ02,Piotr Olszewski,2017-09-09,6.05,11
2013OLSZ02,Piotr Olszewski,2017-09-15,6.1,12
2013OLSZ02,Piotr Olszewski,2017-09-15,3.77,13
2013OLSZ02,Piotr Olszewski,2017-09-15,4.73,14
2013OLSZ02,Piotr Olszewski,2017-11-17,5.32,15
2013OLSZ02,Piotr Olszewski,2017-11-17,5.02,16
2013OLSZ02,Piotr Olszewski,2017-12-02,4.91,17
2013OLSZ02,Piotr Olszewski,2017-12-02,6.14,18
2013OLSZ02,Piotr Olszewski,2018-01-13,4.63,19
2013OLSZ02,Piotr Olszewski,2018-01-13,5.5,20
2013OLSZ02,Piotr Olszewski,2018-02-24,5.38,21
2013OLSZ02,Piotr Olszewski,2018-02-24,4.09,22
2013OLSZ02,Piotr Olszewski,2018-02-24,4.69,23
2013OLSZ02,Piotr Olszewski,2018-03-17,5.52,24
2013OLSZ02,Piotr Olszewski,2018-04-21,4.18,25
2013OLSZ02,Piotr Olszewski,2018-04-21,4.77,26
2013OLSZ02,Piotr Olszewski,2018-06-16,3.58,27
2013OLSZ02,Piotr Olszewski,2018-06-16,5.3,28
2013OLSZ02,Piotr Olszewski,2018-07-05,4.21,29
2013OLSZ02,Piotr Olszewski,2018-07-05,3.17,30
2013OLSZ02,Piotr Olszewski,2018-07-05,3.39,31
2013OLSZ02,Piotr Olszewski,2018-07-19,4.41,32
2013OLSZ02,Piotr Olszewski,2018-07-19,3.54,33
2013OLSZ02,Piotr Olszewski,2018-07-19,2.84,34
2013OLSZ02,Piotr Olszewski,2018-07-19,4.0,35
2013OLSZ02,Piotr Olszewski,2018-07-28,3.56,36
2013OLSZ02,Piotr Olszewski,2018-07-28,3.78,37
2013OLSZ02,Piotr Olszewski,2018-07-31,4.61,38
2013OLSZ02,Piotr Olszewski,2018-07-31,4.31,39
2013OLSZ02,Piotr Olszewski,2018-07-31,4.02,40
2013OLSZ02,Piotr Olszewski,2018-08-04,4.44,41
2013OLSZ02,Piotr Olszewski,2018-08-04,3.93,42
2013OLSZ02,Piotr Olszewski,2018-08-04,3.38,43
2013OLSZ02,Piotr Olszewski,2018-08-18,4.56,44
2013OLSZ02,Piotr Olszewski,2018-08-18,3.8,45
2013OLSZ02,Piotr Olszewski,2018-08-18,3.37,46
2013OLSZ02,Piotr Olszewski,2018-09-15,4.43,47
2013OLSZ02,Piotr Olszewski,2018-09-15,4.37,48
2013OLSZ02,Piotr Olszewski,2018-09-15,5.44,49
2013OLSZ02,Piotr Olszewski,2018-09-22,4.63,50
2013OLSZ02,Piotr Olszewski,2018-09-22,4.07,51
2013OLSZ02,Piotr Olszewski,2018-09-22,4.53,52
2013OLSZ02,Piotr Olszewski,2018-10-13,3.57,53
2013OLSZ02,Piotr Olszewski,2018-10-13,3.71,54
2013OLSZ02,Piotr Olszewski,2018-10-13,5.17,55
2013OLSZ02,Piotr Olszewski,2018-10-26,4.16,56
2013OLSZ02,Piotr Olszewski,2018-10-26,5.88,57
2013OLSZ02,Piotr Olszewski,2018-11-10,4.5,58
2013OLSZ02,Piotr Olszewski,2018-11-10,4.15,59
2013OLSZ02,Piotr Olszewski,2018-12-08,3.08,60
2013OLSZ02,Piotr Olszewski,2018-12-08,3.24,61
2013OLSZ02,Piotr Olszewski,2018-12-08,3.87,62
2013OLSZ02,Piotr Olszewski,2019-01-12,4.5,63
2013OLSZ02,Piotr Olszewski,2019-01-12,3.92,64
2013OLSZ02,Piotr Olszewski,2019-01-26,3.48,65
2013OLSZ02,Piotr Olszewski,2019-01-26,3.6,66
2013OLSZ02,Piotr Olszewski,2019-01-26,4.22,67
2013OLSZ02,Piotr Olszewski,2019-02-23,4.29,68
2013OLSZ02,Piotr Olszewski,2019-02-23,4.16,69
2013OLSZ02,Piotr Olszewski,2019-02-23,3.28,70
2013OLSZ02,Piotr Olszewski,2019-03-16,3.44,71
2013OLSZ02,Piotr Olszewski,2019-03-16,2.85,72
2013OLSZ02,Piotr Olszewski,2019-04-06,2.56,73
2013OLSZ02,Piotr Olszewski,2019-04-06,3.94,74
2013OLSZ02,Piotr Olszewski,2019-05-18,3.03,75
2013OLSZ02,Piotr Olszewski,2019-05-18,3.9,76
2013OLSZ02,Piotr Olszewski,2019-05-18,3.36,77
2013OLSZ02,Piotr Olszewski,2019-05-26,3.11,78
2013OLSZ02,Piotr Olszewski,2019-05-26,2.86,79
2013OLSZ02,Piotr Olszewski,2019-06-01,4.32,80
2013OLSZ02,Piotr Olszewski,2019-06-01,3.79,81
2013OLSZ02,Piotr Olszewski,2019-06-01,3.06,82
2013OLSZ02,Piotr Olszewski,2019-06-08,3.25,83
2013OLSZ02,Piotr Olszewski,2019-06-08,3.66,84
2013OLSZ02,Piotr Olszewski,2019-06-08,3.33,85
2013OLSZ02,Piotr Olszewski,2019-06-22,3.44,86
2013OLSZ02,Piotr Olszewski,2019-06-22,3.52,87
2013OLSZ02,Piotr Olszewski,2019-06-22,4.69,88
2013OLSZ02,Piotr Olszewski,2019-07-06,3.48,89
2013OLSZ02,Piotr Olszewski,2019-07-06,3.58,90
2013OLSZ02,Piotr Olszewski,2019-07-06,3.14,91
2013OLSZ02,Piotr Olszewski,2019-07-13,2.84,92
2013OLSZ02,Piotr Olszewski,2019-07-13,2.98,93
2013OLSZ02,Piotr Olszewski,2019-07-20,3.05,94
2013OLSZ02,Piotr Olszewski,2019-07-20,2.85,95
2013OLSZ02,Piotr Olszewski,2019-07-27,2.53,96
2013OLSZ02,Piotr Olszewski,2019-07-27,3.09,97
2013OLSZ02,Piotr Olszewski,2019-08-24,3.25,98
2013OLSZ02,Piotr Olszewski,2019-08-24,2.68,99
2013OLSZ02,Piotr Olszewski,2019-09-13,2.86,100
2013OLSZ02,Piotr Olszewski,2019-09-13,3.98,101
2013OLSZ02,Piotr Olszewski,2019-09-13,3.02,102
2013OLSZ02,Piotr Olszewski,2019-09-21,3.24,103
2013OLSZ02,Piotr Olszewski,2019-09-21,2.91,104
2013OLSZ02,Piotr Olszewski,2019-09-28,4.38,105
2013OLSZ02,Piotr Olszewski,2019-09-28,3.16,106
2013OLSZ02,Piotr Olszewski,2019-09-28,3.23,107
2013OLSZ02,Piotr Olszewski,2019-10-11,3.29,108
2013OLSZ02,Piotr Olszewski,2019-10-11,2.52,109
2013OLSZ02,Piotr Olszewski,2019-10-11,4.19,110
2013OLSZ02,Piotr Olszewski,2019-11-16,2.73,111
2013OLSZ02,Piotr Olszewski,2019-11-16,4.22,112
2013OLSZ02,Piotr Olszewski,2019-11-16,5.6,113
2013OLSZ02,Piotr Olszewski,2019-11-23,4.28,114
2013OLSZ02,Piotr Olszewski,2019-12-14,4.3,115
2013OLSZ02,Piotr Olszewski,2019-12-14,4.22,116
2013OLSZ02,Piotr Olszewski,2019-12-14,3.34,117
2013OLSZ02,Piotr Olszewski,2020-01-04,3.88,118
2013OLSZ02,Piotr Olszewski,2020-01-04,2.67,119
2013OLSZ02,Piotr Olszewski,2020-01-04,3.95,120
2013OLSZ02,Piotr Olszewski,2020-01-25,3.22,121
2013OLSZ02,Piotr Olszewski,2020-01-25,3.14,122
2013OLSZ02,Piotr Olszewski,2020-01-25,3.97,123
2013OLSZ02,Piotr Olszewski,2020-02-29,2.85,124
2013OLSZ02,Piotr Olszewski,2020-02-29,4.98,125
2013OLSZ02,Piotr Olszewski,2020-03-07,2.64,126
2013OLSZ02,Piotr Olszewski,2020-03-07,2.98,127
2013OLSZ02,Piotr Olszewski,2020-08-22,2.66,128
2013OLSZ02,Piotr Olszewski,2020-08-22,2.96,129
2013OLSZ02,Piotr Olszewski,2020-08-22,3.54,130
2013OLSZ02,Piotr Olszewski,2021-07-03,3.41,131
2013OLSZ02,Piotr Olszewski,2021-07-03,3.04,132
2013OLSZ02,Piotr Olszewski,2021-07-03,2.7,133
2013OLSZ02,Piotr Olszewski,2021-07-10,3.03,134
2013OLSZ02,Piotr Olszewski,2021-07-10,3.39,135
2013OLSZ02,Piotr Olszewski,2021-07-24,2.33,136
2013OLSZ02,Piotr Olszewski,2021-07-24,3.1,137
2013OLSZ02,Piotr Olszewski,2021-07-24,4.37,138
2013OLSZ02,Piotr Olszewski,2021-08-07,2.98,139
2013OLSZ02,Piotr Olszewski,2021-08-07,2.71,140
2013OLSZ02,Piotr Olszewski,2021-08-07,3.3,141
2013OLSZ02,Piotr Olszewski,2021-08-28,2.55,142
2013OLSZ02,Piotr Olszewski,2021-08-28,3.35,143
2013OLSZ02,Piotr Olszewski,2021-08-28,2.73,144
2013OLSZ02,Piotr Olszewski,2021-09-18,2.71,145
2013OLSZ02,Piotr Olszewski,2021-09-18,2.44,146
2013OLSZ02,Piotr Olszewski,2021-09-25,2.62,147
2013OLSZ02,Piotr Olszewski,2021-09-25,3.3,148
2013OLSZ02,Piotr Olszewski,2021-10-01,2.88,149
2013OLSZ02,Piotr Olszewski,2021-10-01,4.01,150
2013OLSZ02,Piotr Olszewski,2021-10-09,4.01,151
2013OLSZ02,Piotr Olszewski,2021-12-03,2.39,152
2013OLSZ02,Piotr Olszewski,2021-12-03,2.72,153
2013OLSZ02,Piotr Olszewski,2021-12-18,2.33,154
2013OLSZ02,Piotr Olszewski,2021-12-18,2.77,155
2013OLSZ02,Piotr Olszewski,2021-12-18,2.81,156
2013OLSZ02,Piotr Olszewski,2022-02-26,2.77,157
2013OLSZ02,Piotr Olszewski,2022-02-26,2.44,158
2013OLSZ02,Piotr Olszewski,2022-02-26,2.79,159
2013OLSZ02,Piotr Olszewski,2022-03-12,2.12,160
2013OLSZ02,Piotr Olszewski,2022-03-12,3.72,161
2013OLSZ02,Piotr Olszewski,2022-03-19,2.89,162
2013OLSZ02,Piotr Olszewski,2022-03-19,3.81,163
2013OLSZ02,Piotr Olszewski,2022-03-19,4.15,164
2013OLSZ02,Piotr Olszewski,2022-03-26,3.25,165
2013OLSZ02,Piotr Olszewski,2022-03-26,3.21,166
2013OLSZ02,Piotr Olszewski,2022-04-23,2.45,167
2013OLSZ02,Piotr Olszewski,2022-04-23,2.99,168
2013OLSZ02,Piotr Olszewski,2022-04-23,2.27,169
2013OLSZ02,Piotr Olszewski,2022-05-21,3.87,170
2013OLSZ02,Piotr Olszewski,2022-05-21,3.41,171
2013OLSZ02,Piotr Olszewski,2022-05-21,2.9,172
2013OLSZ02,Piotr Olszewski,2022-05-28,2.85,173
2013OLSZ02,Piotr Olszewski,2022-05-28,2.64,174
2013OLSZ02,Piotr Olszewski,2022-06-04,2.46,175
2013OLSZ02,Piotr Olszewski,2022-06-04,2.37,176
2013OLSZ02,Piotr Olszewski,2022-06-18,3.89,177
2013OLSZ02,Piotr Olszewski,2022-06-18,2.9,178
2013OLSZ02,Piotr Olszewski,2022-06-18,2.04,179
2013OLSZ02,Piotr Olszewski,2022-07-08,3.02,180
2013OLSZ02,Piotr Olszewski,2022-07-08,3.18,181
2013OLSZ02,Piotr Olszewski,2022-07-14,2.87,182
2013OLSZ02,Piotr Olszewski,2022-07-14,2.74,183
2013OLSZ02,Piotr Olszewski,2022-07-14,3.68,184
2013OLSZ02,Piotr Olszewski,2022-07-23,3.4,185
2013OLSZ02,Piotr Olszewski,2022-07-23,2.39,186
2013OLSZ02,Piotr Olszewski,2022-07-23,2.22,187
2013OLSZ02,Piotr Olszewski,2022-08-06,3.45,188
2013OLSZ02,Piotr Olszewski,2022-08-06,2.28,189
2013OLSZ02,Piotr Olszewski,2022-08-06,3.5,190
2013OLSZ02,Piotr Olszewski,2022-08-06,3.34,191
2013OLSZ02,Piotr Olszewski,2022-08-20,4.31,192
2013OLSZ02,Piotr Olszewski,2022-08-27,3.13,193
2013OLSZ02,Piotr Olszewski,2022-08-27,2.38,194
2013OLSZ02,Piotr Olszewski,2022-09-10,3.1,195
2013OLSZ02,Piotr Olszewski,2022-09-10,4.56,196
2013OLSZ02,Piotr Olszewski,2022-10-22,2.89,197
2013OLSZ02,Piotr Olszewski,2022-10-22,3.41,198
2013OLSZ02,Piotr Olszewski,2022-10-22,3.82,199
2013OLSZ02,Piotr Olszewski,2022-11-05,3.77,200
2013OLSZ02,Piotr Olszewski,2022-11-05,2.65,201
2013OLSZ02,Piotr Olszewski,2022-11-19,2.77,202
2013OLSZ02,Piotr Olszewski,2022-11-19,2.99,203
2013OLSZ02,Piotr Olszewski,2022-11-19,2.32,204
2013OLSZ02,Piotr Olszewski,2022-12-03,3.17,205
2013OLSZ02,Piotr Olszewski,2022-12-03,2.74,206
2013OLSZ02,Piotr Olszewski,2022-12-10,2.25,207
2013OLSZ02,Piotr Olszewski,2022-12-10,2.71,208
2013OLSZ02,Piotr Olszewski,2022-12-10,2.73,209
2013OLSZ02,Piotr Olszewski,2023-01-07,3.29,210
2013OLSZ02,Piotr Olszewski,2023-01-07,2.64,211
2013OLSZ02,Piotr Olszewski,2023-01-13,3.54,212
2013OLSZ02,Piotr Olszewski,2023-01-13,2.91,213
2013OLSZ02,Piotr Olszewski,2023-02-18,2.75,214
2013OLSZ02,Piotr Olszewski,2023-02-18,3.21,215
2013OLSZ02,Piotr Olszewski,2023-02-18,1.98,216
2013OLSZ02,Piotr Olszewski,2023-03-04,2.07,217
2013OLSZ02,Piotr Olszewski,2023-03-04,2.67,218
2013OLSZ02,Piotr Olszewski,2023-03-04,5.45,219
2013OLSZ02,Piotr Olszewski,2023-03-18,3.05,220
2013OLSZ02,Piotr Olszewski,2023-03-18,3.54,221
2013OLSZ02,Piotr Olszewski,2023-03-18,3.05,222
2013OLSZ02,Piotr Olszewski,2023-03-25,3.48,223
2013OLSZ02,Piotr Olszewski,2023-03-25,2.67,224
2013OLSZ02,Piotr Olszewski,2023-03-25,3.12,225
2013OLSZ02,Piotr Olszewski,2023-04-01,2.58,226
2013OLSZ02,Piotr Olszewski,2023-04-01,2.56,227
2013OLSZ02,Piotr Olszewski,2023-04-01,3.12,228
2013OLSZ02,Piotr Olszewski,2023-05-13,2.63,229
2013OLSZ02,Piotr Olszewski,2023-05-13,3.63,230
2013OLSZ02,Piotr Olszewski,2023-05-20,2.85,231
2013OLSZ02,Piotr Olszewski,2023-05-20,2.36,232
2013OLSZ02,Piotr Olszewski,2023-05-20,2.04,233
2013OLSZ02,Piotr Olszewski,2023-06-10,3.1,234
2013OLSZ02,Piotr Olszewski,2023-06-10,3.65,235
2013OLSZ02,Piotr Olszewski,2023-06-10,3.04,236
2013OLSZ02,Piotr Olszewski,2023-06-17,3.24,237
2013OLSZ02,Piotr Olszewski,2023-06-24,3.2,238
2013OLSZ02,Piotr Olszewski,2023-06-24,2.78,239
2013OLSZ02,Piotr Olszewski,2023-06-24,2.79,240
2013OLSZ02,Piotr Olszewski,2023-07-15,3.14,241
2013OLSZ02,Piotr Olszewski,2023-07-15,2.41,242
2013OLSZ02,Piotr Olszewski,2023-07-22,2.95,243
2013OLSZ02,Piotr Olszewski,2023-07-22,3.41,244
2013OLSZ02,Piotr Olszewski,2023-08-12,2.52,245
2013OLSZ02,Piotr Olszewski,2023-08-12,3.3,246
2013OLSZ02,Piotr Olszewski,2023-08-26,2.66,247
2013OLSZ02,Piotr Olszewski,2023-08-26,2.35,248
2013OLSZ02,Piotr Olszewski,2023-09-09,3.17,249
2013OLSZ02,Piotr Olszewski,2023-09-09,3.18,250
2013OLSZ02,Piotr Olszewski,2023-09-30,2.19,251
2013OLSZ02,Piotr Olszewski,2023-09-30,2.36,252
2013OLSZ02,Piotr Olszewski,2023-10-06,3.89,253
2013OLSZ02,Piotr Olszewski,2023-10-14,2.3,254
2013OLSZ02,Piotr Olszewski,2023-10-14,2.05,255
2013OLSZ02,Piotr Olszewski,2023-11-04,3.05,256
2013OLSZ02,Piotr Olszewski,2023-11-04,2.09,257
2013OLSZ02,Piotr Olszewski,2023-11-04,2.68,258
2013OLSZ02,Piotr Olszewski,2023-11-11,3.03,259
2013OLSZ02,Piotr Olszewski,2023-11-17,2.88,260
2013OLSZ02,Piotr Olszewski,2023-11-17,2.49,261
2013OLSZ02,Piotr Olszewski,2023-11-17,3.24,262
2013OLSZ02,Piotr Olszewski,2023-12-08,2.31,263
2013OLSZ02,Piotr Olszewski,2023-12-08,2.31,264
2013OLSZ02,Piotr Olszewski,2023-12-08,2.37,265
2013OLSZ02,Piotr Olszewski,2024-01-06,2.95,266
2013OLSZ02,Piotr Olszewski,2024-01-06,3.56,267
2013OLSZ02,Piotr Olszewski,2024-01-13,2.89,268
2013OLSZ02,Piotr Olszewski,2024-01-13,2.47,269
2013OLSZ02,Piotr Olszewski,2024-01-27,3.0,270
2013OLSZ02,Piotr Olszewski,2024-02-10,2.02,271
2013OLSZ02,Piotr Olszewski,2024-02-10,3.66,272
2013OLSZ02,Piotr Olszewski,2024-02-10,3.07,273
2013OLSZ02,Piotr Olszewski,2024-02-10,3.1,274
2013OLSZ02,Piotr Olszewski,2024-02-17,3.55,275
2013OLSZ02,Piotr Olszewski,2024-02-17,2.71,276
2013OLSZ02,Piotr Olszewski,2024-03-02,3.51,277
2013OLSZ02,Piotr Olszewski,2024-03-02,2.44,278
2013OLSZ02,Piotr Olszewski,2024-03-09,3.09,279
2013OLSZ02,Piotr Olszewski,2024-03-09,3.66,280
2013OLSZ02,Piotr Olszewski,2024-03-16,2.51,281
2013OLSZ02,Piotr Olszewski,2024-03-16,2.42,282
2013OLSZ02,Piotr Olszewski,2024-03-23,3.27,283
2013OLSZ02,Piotr Olszewski,2024-03-23,2.89,284
2013OLSZ02,Piotr Olszewski,2024-03-23,3.65,285
2013OLSZ02,Piotr Olszewski,2024-04-06,2.25,286
2013OLSZ02,Piotr Olszewski,2024-04-06,3.03,287
2013OLSZ02,Piotr Olszewski,2024-04-13,2.84,288
2013OLSZ02,Piotr Olszewski,2024-04-13,2.88,289
2013OLSZ02,Piotr Olszewski,2024-04-20,2.43,290
2013OLSZ02,Piotr Olszewski,2024-04-20,3.33,291
2013OLSZ02,Piotr Olszewski,2024-04-20,3.22,292
2013OLSZ02,Piotr Olszewski,2024-05-25,3.41,293
2013OLSZ02,Piotr Olszewski,2024-05-25,2.53,294
2013OLSZ02,Piotr Olszewski,2024-06-08,2.55,295
2013OLSZ02,Piotr Olszewski,2024-07-13,2.98,296
2013OLSZ02,Piotr Olszewski,2024-07-13,2.85,297
2013OLSZ02,Piotr Olszewski,2024-07-13,2.78,298
2013OLSZ02,Piotr Olszewski,2024-07-19,3.43,299
2013OLSZ02,Piotr Olszewski,2024-07-19,2.56,300
2013OLSZ02,Piotr Olszewski,2024-07-25,2.57,301
2013OLSZ02,Piotr Olszewski,2024-07-25,2.6,302
2013OLSZ02,Piotr Olszewski,2024-07-25,3.68,303
2013OLSZ02,Piotr Olszewski,2024-08-24,2.79,304
2013OLSZ02,Piotr Olszewski,2024-08-24,2.89,305
2013OLSZ02,Piotr Olszewski,2024-08-31,2.76,306
2013OLSZ02,Piotr Olszewski,2024-08-31,3.8,307
2013OLSZ02,Piotr Olszewski,2024-09-21,2.69,308
2013OLSZ02,Piotr Olszewski,2024-09-21,2.58,309
2013OLSZ02,Piotr Olszewski,2024-09-21,2.0,310
2013OLSZ02,Piotr Olszewski,2024-10-04,2.91,311
2013OLSZ02,Piotr Olszewski,2024-10-04,2.26,312
2013OLSZ02,Piotr Olszewski,2024-10-04,2.78,313
2013OLSZ02,Piotr Olszewski,2024-10-12,3.19,314
2013OLSZ02,Piotr Olszewski,2024-10-12,2.57,315
2013OLSZ02,Piotr Olszewski,2024-10-12,3.6,316
2013OLSZ02,Piotr Olszewski,2024-11-07,2.14,317
2013OLSZ02,Piotr Olszewski,2024-11-07,3.0,318
2013OLSZ02,Piotr Olszewski,2024-11-07,2.87,319
2013OLSZ02,Piotr Olszewski,2024-11-16,2.99,320
2013OLSZ02,Piotr Olszewski,2024-11-16,2.29,321
2013OLSZ02,Piotr Olszewski,2024-11-30,2.5,322
2013OLSZ02,Piotr Olszewski,2024-11-30,3.46,323
2013OLSZ02,Piotr Olszewski,2024-11-30,2.3,324
2013OLSZ02,Piotr Olszewski,2024-12-14,2.89,325
2013OLSZ02,Piotr Olszewski,2024-12-14,2.21,326
2013OLSZ02,Piotr Olszewski,2024-12-14,2.45,327
2013OLSZ02,Piotr Olszewski,2024-12-27,3.24,328
2013OLSZ02,Piotr Olszewski,2024-12-27,3.85,329
2013OLSZ02,Piotr Olszewski,2024-12-27,2.72,330
2013OLSZ02,Piotr Olszewski,2025-01-18,2.64,331
2013OLSZ02,Piotr Olszewski,2025-01-18,3.65,332
2013OLSZ02,Piotr Olszewski,2025-02-22,2.11,333
2013OLSZ02,Piotr Olszewski,2025-02-22,2.28,334
2013OLSZ02,Piotr Olszewski,2025-03-15,3.47,335
2013OLSZ02,Piotr Olszewski,2025-03-15,2.38,336
2013OLSZ02,Piotr Olszewski,2025-04-05,2.87,337
2013OLSZ02,Piotr Olszewski,2025-05-17,3.65,338
2013OLSZ02,Piotr Olszewski,2025-05-31,2.62,339
2013OLSZ02,Piotr Olszewski,2025-05-31,3.51,340
2013OLSZ02,Piotr Olszewski,2025-05-31,3.09,341
2013OLSZ02,Piotr Olszewski,2025-06-07,3.09,342
2013OLSZ02,Piotr Olszewski,2025-06-07,2.55,343
2013OLSZ02,Piotr Olszewski,2025-06-28,2.28,344
2013OLSZ02,Piotr Olszewski,2025-06-28,3.14,345
2013OLSZ02,Piotr Olszewski,2025-06-28,3.01,346
2013OLSZ02,Piotr Olszewski,2025-07-03,2.55,347
2013OLSZ02,Piotr Olszewski,2025-07-03,2.83,348
2013OLSZ02,Piotr Olszewski,2025-07-11,2.92,349
2013OLSZ02,Piotr Olszewski,2025-07-11,2.6,350
2013OLSZ02,Piotr Olszewski,2025-08-09,2.5,351
2013OLSZ02,Piotr Olszewski,2025-08-09,2.85,352
2013OLSZ02,Piotr Olszewski,2025-08-29,2.97,353
2013OLSZ02,Piotr Olszewski,2025-08-29,2.22,354
2013OLSZ02,Piotr Olszewski,2025-08-29,2.1,355
2013OLSZ02,Piotr Olszewski,2025-09-05,3.63,356
2013OLSZ02,Piotr Olszewski,2025-09-05,3.33,357
2013OLSZ02,Piotr Olszewski,2025-09-27,2.53,358
2013OLSZ02,Piotr Olszewski,2025-09-27,2.48,359
2013OLSZ02,Piotr Olszewski,2025-10-18,3.13,360
2013OLSZ02,Piotr Olszewski,2025-10-18,2.75,361
2013OLSZ02,Piotr Olszewski,2025-10-18,2.14,362
2013OLSZ02,Piotr Olszewski,2025-11-13,3.28,363
2013OLSZ02,Piotr Olszewski,2025-11-13,2.35,364
2013OLSZ02,Piotr Olszewski,2025-11-13,3.22,365
2013OLSZ02,Piotr Olszewski,2025-11-22,3.19,366
2013OLSZ02,Piotr Olszewski,2025-11-22,2.33,367
2013OLSZ02,Piotr Olszewski,2025-11-22,2.58,368
2013OLSZ02,Piotr Olszewski,2026-01-09,2.32,369
2013OLSZ02,Piotr Olszewski,2026-01-09,3.1,370
2013OLSZ02,Piotr Olszewski,2026-02-11,2.97,371
2013OLSZ02,Piotr Olszewski,2026-02-14,2.48,372
2013OLSZ02,Piotr Olszewski,2026-02-14,2.63,373
2013OLSZ02,Piotr Olszewski,2026-02-14,2.78,374
2013OLSZ02,Piotr Olszewski,2026-02-28,2.58,375
2013OLSZ02,Piotr Olszewski,2026-02-28,3.53,376
2013OLSZ02,Piotr Olszewski,2026-03-14,2.81,377
2013OLSZ02,Piotr Olszewski,2026-03-14,3.41,378
2013OLSZ02,Piotr Olszewski,2026-04-11,2.66,379
2013OLSZ02,Piotr Olszewski,2026-04-11,2.8,380
2013OLSZ02,Piotr Olszewski,2026-04-25,2.56,381
2013OLSZ02,Piotr Olszewski,2026-04-25,4.16,382
2013OLSZ02,Piotr Olszewski,2026-05-09,2.6,383
2013OLSZ02,Piotr Olszewski,2026-05-09,2.3,384
2013OLSZ02,Piotr Olszewski,2026-05-10,2.26,385
2013OLSZ02,Piotr Olszewski,2026-05-10,2.76,386
2013OLSZ02,Piotr Olszewski,2026-05-10,2.34,387
2013OLSZ02,Piotr Olszewski,2026-05-13,1.65,388
2013ROGA02,Przemysław Rogalski,2013-12-14,9.12,1
2013ROGA02,Przemysław Rogalski,2014-01-04,7.93,2
2013ROGA02,Przemysław Rogalski,2014-01-04,7.39,3
2013ROGA02,Przemysław Rogalski,2014-01-04,8.49,4
2013ROGA02,Przemysław Rogalski,2014-03-29,7.18,5
2013ROGA02,Przemysław Rogalski,2014-03-29,8.04,6
2013ROGA02,Przemysław Rogalski,2014-03-29,9.15,7
2013ROGA02,Przemysław Rogalski,2014-05-31,8.33,8
2013ROGA02,Przemysław Rogalski,2014-06-28,8.85,9
2013ROGA02,Przemysław Rogalski,2014-06-28,7.39,10
2013ROGA02,Przemysław Rogalski,2014-07-05,7.42,11
2013ROGA02,Przemysław Rogalski,2014-07-05,7.88,12
2013ROGA02,Przemysław Rogalski,2014-07-05,7.45,13
2013ROGA02,Przemysław Rogalski,2014-08-23,6.65,14
2013ROGA02,Przemysław Rogalski,2014-08-23,6.17,15
2013ROGA02,Przemysław Rogalski,2014-08-23,6.59,16
2013ROGA02,Przemysław Rogalski,2014-10-25,5.57,17
2013ROGA02,Przemysław Rogalski,2014-10-25,6.5,18
2013ROGA02,Przemysław Rogalski,2014-11-29,5.42,19
2013ROGA02,Przemysław Rogalski,2014-11-29,6.89,20
2013ROGA02,Przemysław Rogalski,2014-11-29,6.95,21
2013ROGA02,Przemysław Rogalski,2014-12-20,6.73,22
2013ROGA02,Przemysław Rogalski,2014-12-20,5.96,23
2013ROGA02,Przemysław Rogalski,2015-01-24,6.42,24
2013ROGA02,Przemysław Rogalski,2015-06-27,5.73,25
2013ROGA02,Przemysław Rogalski,2015-06-27,6.52,26
2013ROGA02,Przemysław Rogalski,2015-08-08,5.95,27
2013ROGA02,Przemysław Rogalski,2015-09-19,5.83,28
2013ROGA02,Przemysław Rogalski,2015-09-19,5.89,29
2013ROGA02,Przemysław Rogalski,2015-10-09,5.54,30
2013ROGA02,Przemysław Rogalski,2015-10-09,6.37,31
2013ROGA02,Przemysław Rogalski,2016-02-20,4.81,32
2013ROGA02,Przemysław Rogalski,2016-02-20,5.96,33
2013ROGA02,Przemysław Rogalski,2016-02-20,6.58,34
2013ROGA02,Przemysław Rogalski,2016-05-08,4.2,35
2013ROGA02,Przemysław Rogalski,2016-05-08,5.23,36
2013ROGA02,Przemysław Rogalski,2016-06-04,5.16,37
2013ROGA02,Przemysław Rogalski,2016-06-04,6.01,38
2013ROGA02,Przemysław Rogalski,2016-07-09,5.51,39
2013ROGA02,Przemysław Rogalski,2016-07-09,5.03,40
2013ROGA02,Przemysław Rogalski,2016-08-27,5.46,41
2013ROGA02,Przemysław Rogalski,2016-08-27,4.94,42
2013ROGA02,Przemysław Rogalski,2016-08-27,6.3,43
2013ROGA02,Przemysław Rogalski,2016-09-03,7.15,44
2013ROGA02,Przemysław Rogalski,2016-09-03,5.49,45
2013ROGA02,Przemysław Rogalski,2016-10-08,6.54,46
2013ROGA02,Przemysław Rogalski,2016-10-08,5.17,47
2013ROGA02,Przemysław Rogalski,2016-10-23,4.34,48
2013ROGA02,Przemysław Rogalski,2016-10-23,4.02,49
2013ROGA02,Przemysław Rogalski,2016-12-03,4.59,50
2013ROGA02,Przemysław Rogalski,2016-12-03,6.24,51
2013ROGA02,Przemysław Rogalski,2016-12-09,5.56,52
2013ROGA02,Przemysław Rogalski,2016-12-09,5.45,53
2013ROGA02,Przemysław Rogalski,2016-12-17,5.38,54
2013ROGA02,Przemysław Rogalski,2016-12-17,4.55,55
2013ROGA02,Przemysław Rogalski,2016-12-17,4.33,56
2013ROGA02,Przemysław Rogalski,2017-01-14,5.32,57
2013ROGA02,Przemysław Rogalski,2017-01-14,4.84,58
2013ROGA02,Przemysław Rogalski,2017-03-11,4.99,59
2013ROGA02,Przemysław Rogalski,2017-03-11,4.97,60
2013ROGA02,Przemysław Rogalski,2017-03-11,5.48,61
2013ROGA02,Przemysław Rogalski,2017-03-18,4.32,62
2013ROGA02,Przemysław Rogalski,2017-03-18,5.64,63
2013ROGA02,Przemysław Rogalski,2017-03-25,5.8,64
2013ROGA02,Przemysław Rogalski,2017-03-25,4.47,65
2013ROGA02,Przemysław Rogalski,2017-03-25,4.63,66
2013ROGA02,Przemysław Rogalski,2017-04-29,5.43,67
2013ROGA02,Przemysław Rogalski,2017-04-29,4.95,68
2013ROGA02,Przemysław Rogalski,2017-05-27,5.13,69
2013ROGA02,Przemysław Rogalski,2017-05-27,4.49,70
2013ROGA02,Przemysław Rogalski,2017-05-27,5.03,71
2013ROGA02,Przemysław Rogalski,2017-06-10,4.21,72
2013ROGA02,Przemysław Rogalski,2017-06-10,4.96,73
2013ROGA02,Przemysław Rogalski,2017-06-10,4.69,74
2013ROGA02,Przemysław Rogalski,2017-07-29,4.4,75
2013ROGA02,Przemysław Rogalski,2017-07-29,5.05,76
2013ROGA02,Przemysław Rogalski,2017-07-29,5.18,77
2013ROGA02,Przemysław Rogalski,2017-09-09,4.95,78
2013ROGA02,Przemysław Rogalski,2017-09-09,4.08,79
2013ROGA02,Przemysław Rogalski,2017-09-15,4.55,80
2013ROGA02,Przemysław Rogalski,2017-09-15,4.53,81
2013ROGA02,Przemysław Rogalski,2017-09-15,4.95,82
2013ROGA02,Przemysław Rogalski,2017-10-14,4.33,83
2013ROGA02,Przemysław Rogalski,2017-10-14,4.22,84
2013ROGA02,Przemysław Rogalski,2017-10-14,3.67,85
2013ROGA02,Przemysław Rogalski,2017-10-21,4.18,86
2013ROGA02,Przemysław Rogalski,2017-10-21,4.1,87
2013ROGA02,Przemysław Rogalski,2017-11-17,4.96,88
2013ROGA02,Przemysław Rogalski,2017-11-17,4.41,89
2013ROGA02,Przemysław Rogalski,2017-11-17,4.72,90
2013ROGA02,Przemysław Rogalski,2017-12-02,4.19,91
2013ROGA02,Przemysław Rogalski,2017-12-02,4.96,92
2013ROGA02,Przemysław Rogalski,2017-12-09,4.54,93
2013ROGA02,Przemysław Rogalski,2017-12-09,6.17,94
2013ROGA02,Przemysław Rogalski,2017-12-16,5.72,95
2013ROGA02,Przemysław Rogalski,2017-12-16,3.98,96
2013ROGA02,Przemysław Rogalski,2017-12-16,3.86,97
2013ROGA02,Przemysław Rogalski,2018-01-13,4.95,98
2013ROGA02,Przemysław Rogalski,2018-01-13,5.4,99
2013ROGA02,Przemysław Rogalski,2018-02-10,5.26,100
2013ROGA02,Przemysław Rogalski,2018-02-17,4.71,101
2013ROGA02,Przemysław Rogalski,2018-02-17,4.84,102
2013ROGA02,Przemysław Rogalski,2018-02-24,4.97,103
2013ROGA02,Przemysław Rogalski,2018-02-24,4.15,104
2013ROGA02,Przemysław Rogalski,2018-02-24,5.02,105
2013ROGA02,Przemysław Rogalski,2018-03-03,5.25,106
2013ROGA02,Przemysław Rogalski,2018-03-03,3.52,107
2013ROGA02,Przemysław Rogalski,2018-03-03,7.0,108
2013ROGA02,Przemysław Rogalski,2018-03-17,4.47,109
2013ROGA02,Przemysław Rogalski,2018-03-17,5.53,110
2013ROGA02,Przemysław Rogalski,2018-04-21,4.41,111
2013ROGA02,Przemysław Rogalski,2018-04-21,4.87,112
2013ROGA02,Przemysław Rogalski,2018-05-26,4.87,113
2013ROGA02,Przemysław Rogalski,2018-05-26,4.09,114
2013ROGA02,Przemysław Rogalski,2018-05-27,4.27,115
2013ROGA02,Przemysław Rogalski,2018-05-27,4.3,116
2013ROGA02,Przemysław Rogalski,2018-06-16,3.91,117
2013ROGA02,Przemysław Rogalski,2018-06-16,3.94,118
2013ROGA02,Przemysław Rogalski,2018-06-16,4.92,119
2013ROGA02,Przemysław Rogalski,2018-06-23,4.07,120
2013ROGA02,Przemysław Rogalski,2018-06-23,4.7,121
2013ROGA02,Przemysław Rogalski,2018-06-23,4.48,122
2013ROGA02,Przemysław Rogalski,2018-06-30,5.54,123
2013ROGA02,Przemysław Rogalski,2018-06-30,4.8,124
2013ROGA02,Przemysław Rogalski,2018-06-30,5.63,125
2013ROGA02,Przemysław Rogalski,2018-07-05,4.75,126
2013ROGA02,Przemysław Rogalski,2018-07-05,3.54,127
2013ROGA02,Przemysław Rogalski,2018-07-05,4.37,128
2013ROGA02,Przemysław Rogalski,2018-07-19,4.28,129
2013ROGA02,Przemysław Rogalski,2018-07-19,4.92,130
2013ROGA02,Przemysław Rogalski,2018-07-19,5.2,131
2013ROGA02,Przemysław Rogalski,2018-07-28,4.66,132
2013ROGA02,Przemysław Rogalski,2018-07-28,4.07,133
2013ROGA02,Przemysław Rogalski,2018-07-31,4.45,134
2013ROGA02,Przemysław Rogalski,2018-07-31,4.33,135
2013ROGA02,Przemysław Rogalski,2018-07-31,4.97,136
2013ROGA02,Przemysław Rogalski,2018-08-04,4.71,137
2013ROGA02,Przemysław Rogalski,2018-08-04,4.72,138
2013ROGA02,Przemysław Rogalski,2018-08-04,4.69,139
2013ROGA02,Przemysław Rogalski,2018-08-18,5.21,140
2013ROGA02,Przemysław Rogalski,2018-08-18,3.83,141
2013ROGA02,Przemysław Rogalski,2018-08-18,3.85,142
2013ROGA02,Przemysław Rogalski,2018-09-15,3.72,143
2013ROGA02,Przemysław Rogalski,2018-09-15,4.68,144
2013ROGA02,Przemysław Rogalski,2018-10-06,5.17,145
2013ROGA02,Przemysław Rogalski,2018-10-06,4.57,146
2013ROGA02,Przemysław Rogalski,2018-10-06,4.34,147
2013ROGA02,Przemysław Rogalski,2018-10-13,4.55,148
2013ROGA02,Przemysław Rogalski,2018-10-13,5.0,149
2013ROGA02,Przemysław Rogalski,2018-10-20,5.0,150
2013ROGA02,Przemysław Rogalski,2018-10-20,4.56,151
2013ROGA02,Przemysław Rogalski,2018-10-26,4.81,152
2013ROGA02,Przemysław Rogalski,2018-10-26,4.25,153
2013ROGA02,Przemysław Rogalski,2018-10-26,4.29,154
2013ROGA02,Przemysław Rogalski,2018-11-10,3.83,155
2013ROGA02,Przemysław Rogalski,2018-11-10,4.41,156
2013ROGA02,Przemysław Rogalski,2018-12-01,5.65,157
2013ROGA02,Przemysław Rogalski,2018-12-01,5.79,158
2013ROGA02,Przemysław Rogalski,2018-12-08,4.1,159
2013ROGA02,Przemysław Rogalski,2018-12-08,4.48,160
2013ROGA02,Przemysław Rogalski,2018-12-15,4.49,161
2013ROGA02,Przemysław Rogalski,2018-12-15,4.34,162
2013ROGA02,Przemysław Rogalski,2019-01-12,4.99,163
2013ROGA02,Przemysław Rogalski,2019-01-12,4.3,164
2013ROGA02,Przemysław Rogalski,2019-01-12,4.97,165
2013ROGA02,Przemysław Rogalski,2019-02-02,5.59,166
2013ROGA02,Przemysław Rogalski,2019-02-02,4.49,167
2013ROGA02,Przemysław Rogalski,2019-02-02,4.99,168
2013ROGA02,Przemysław Rogalski,2019-02-11,5.01,169
2013ROGA02,Przemysław Rogalski,2019-02-11,3.56,170
2013ROGA02,Przemysław Rogalski,2019-02-11,4.99,171
2013ROGA02,Przemysław Rogalski,2019-02-23,4.72,172
2013ROGA02,Przemysław Rogalski,2019-02-23,4.08,173
2013ROGA02,Przemysław Rogalski,2019-02-23,3.61,174
2013ROGA02,Przemysław Rogalski,2019-03-02,3.65,175
2013ROGA02,Przemysław Rogalski,2019-03-02,4.7,176
2013ROGA02,Przemysław Rogalski,2019-03-02,4.06,177
2013ROGA02,Przemysław Rogalski,2019-03-16,3.89,178
2013ROGA02,Przemysław Rogalski,2019-03-16,4.21,179
2013ROGA02,Przemysław Rogalski,2019-04-06,3.92,180
2013ROGA02,Przemysław Rogalski,2019-04-06,4.44,181
2013ROGA02,Przemysław Rogalski,2019-04-13,4.64,182
2013ROGA02,Przemysław Rogalski,2019-04-13,4.26,183
2013ROGA02,Przemysław Rogalski,2019-04-13,5.24,184
2013ROGA02,Przemysław Rogalski,2019-05-11,4.87,185
2013ROGA02,Przemysław Rogalski,2019-05-11,4.11,186
2013ROGA02,Przemysław Rogalski,2019-05-18,4.19,187
2013ROGA02,Przemysław Rogalski,2019-05-18,5.86,188
2013ROGA02,Przemysław Rogalski,2019-05-26,4.63,189
2013ROGA02,Przemysław Rogalski,2019-05-26,3.94,190
2013ROGA02,Przemysław Rogalski,2019-06-01,4.27,191
2013ROGA02,Przemysław Rogalski,2019-06-01,4.46,192
2013ROGA02,Przemysław Rogalski,2019-06-01,3.75,193
2013ROGA02,Przemysław Rogalski,2019-06-08,3.93,194
2013ROGA02,Przemysław Rogalski,2019-06-08,3.76,195
2013ROGA02,Przemysław Rogalski,2019-06-08,3.32,196
2013ROGA02,Przemysław Rogalski,2019-06-15,4.43,197
2013ROGA02,Przemysław Rogalski,2019-06-15,3.58,198
2013ROGA02,Przemysław Rogalski,2019-06-22,3.78,199
2013ROGA02,Przemysław Rogalski,2019-06-22,4.55,200
2013ROGA02,Przemysław Rogalski,2019-06-29,3.53,201
2013ROGA02,Przemysław Rogalski,2019-06-29,4.56,202
2013ROGA02,Przemysław Rogalski,2019-07-06,4.12,203
2013ROGA02,Przemysław Rogalski,2019-07-06,4.34,204
2013ROGA02,Przemysław Rogalski,2019-07-06,4.92,205
2013ROGA02,Przemysław Rogalski,2019-07-13,3.53,206
2013ROGA02,Przemysław Rogalski,2019-07-13,3.82,207
2013ROGA02,Przemysław Rogalski,2019-07-20,3.69,208
2013ROGA02,Przemysław Rogalski,2019-07-20,4.06,209
2013ROGA02,Przemysław Rogalski,2019-07-27,4.19,210
2013ROGA02,Przemysław Rogalski,2019-07-27,4.31,211
2013ROGA02,Przemysław Rogalski,2019-08-10,5.76,212
2013ROGA02,Przemysław Rogalski,2019-08-10,3.99,213
2013ROGA02,Przemysław Rogalski,2019-08-10,4.57,214
2013ROGA02,Przemysław Rogalski,2019-08-24,3.78,215
2013ROGA02,Przemysław Rogalski,2019-08-24,4.08,216
2013ROGA02,Przemysław Rogalski,2019-09-13,3.83,217
2013ROGA02,Przemysław Rogalski,2019-09-13,3.79,218
2013ROGA02,Przemysław Rogalski,2019-09-13,5.07,219
2013ROGA02,Przemysław Rogalski,2019-09-21,3.76,220
2013ROGA02,Przemysław Rogalski,2019-09-21,3.51,221
2013ROGA02,Przemysław Rogalski,2019-09-28,3.82,222
2013ROGA02,Przemysław Rogalski,2019-09-28,3.57,223
2013ROGA02,Przemysław Rogalski,2019-09-28,3.98,224
2013ROGA02,Przemysław Rogalski,2019-10-05,3.93,225
2013ROGA02,Przemysław Rogalski,2019-10-05,3.8,226
2013ROGA02,Przemysław Rogalski,2019-10-05,3.94,227
2013ROGA02,Przemysław Rogalski,2019-10-11,4.05,228
2013ROGA02,Przemysław Rogalski,2019-10-11,4.35,229
2013ROGA02,Przemysław Rogalski,2019-10-19,3.12,230
2013ROGA02,Przemysław Rogalski,2019-10-19,4.96,231
2013ROGA02,Przemysław Rogalski,2019-10-26,3.94,232
2013ROGA02,Przemysław Rogalski,2019-10-26,3.71,233
2013ROGA02,Przemysław Rogalski,2019-11-09,5.04,234
2013ROGA02,Przemysław Rogalski,2019-11-09,4.23,235
2013ROGA02,Przemysław Rogalski,2019-11-09,4.68,236
2013ROGA02,Przemysław Rogalski,2019-11-16,3.54,237
2013ROGA02,Przemysław Rogalski,2019-11-16,4.38,238
2013ROGA02,Przemysław Rogalski,2019-11-16,3.99,239
2013ROGA02,Przemysław Rogalski,2019-11-23,3.9,240
2013ROGA02,Przemysław Rogalski,2019-11-23,4.46,241
2013ROGA02,Przemysław Rogalski,2019-12-06,3.47,242
2013ROGA02,Przemysław Rogalski,2019-12-06,4.76,243
2013ROGA02,Przemysław Rogalski,2019-12-14,4.5,244
2013ROGA02,Przemysław Rogalski,2019-12-14,4.08,245
2013ROGA02,Przemysław Rogalski,2019-12-14,4.43,246
2013ROGA02,Przemysław Rogalski,2019-12-21,3.66,247
2013ROGA02,Przemysław Rogalski,2019-12-21,4.38,248
2013ROGA02,Przemysław Rogalski,2020-01-04,4.27,249
2013ROGA02,Przemysław Rogalski,2020-01-04,3.17,250
2013ROGA02,Przemysław Rogalski,2020-01-25,3.88,251
2013ROGA02,Przemysław Rogalski,2020-01-25,4.4,252
2013ROGA02,Przemysław Rogalski,2020-02-29,4.0,253
2013ROGA02,Przemysław Rogalski,2020-02-29,4.06,254
2013ROGA02,Przemysław Rogalski,2020-03-07,3.47,255
2013ROGA02,Przemysław Rogalski,2020-03-07,3.53,256
2013ROGA02,Przemysław Rogalski,2020-08-22,3.32,257
2013ROGA02,Przemysław Rogalski,2020-08-22,4.34,258
2013ROGA02,Przemysław Rogalski,2020-09-12,5.63,259
2013ROGA02,Przemysław Rogalski,2020-09-12,3.42,260
2013ROGA02,Przemysław Rogalski,2021-07-03,3.4,261
2013ROGA02,Przemysław Rogalski,2021-07-03,4.51,262
2013ROGA02,Przemysław Rogalski,2021-07-10,4.03,263
2013ROGA02,Przemysław Rogalski,2021-07-10,4.94,264
2013ROGA02,Przemysław Rogalski,2021-07-24,4.2,265
2013ROGA02,Przemysław Rogalski,2021-07-24,4.73,266
2013ROGA02,Przemysław Rogalski,2021-08-07,3.31,267
2013ROGA02,Przemysław Rogalski,2021-08-07,3.58,268
2013ROGA02,Przemysław Rogalski,2021-08-15,4.18,269
2013ROGA02,Przemysław Rogalski,2021-08-15,4.44,270
2013ROGA02,Przemysław Rogalski,2021-08-28,4.62,271
2013ROGA02,Przemysław Rogalski,2021-08-28,3.53,272
2013ROGA02,Przemysław Rogalski,2021-09-04,4.27,273
2013ROGA02,Przemysław Rogalski,2021-09-04,4.92,274
2013ROGA02,Przemysław Rogalski,2021-09-18,3.1,275
2013ROGA02,Przemysław Rogalski,2021-09-18,3.27,276
2013ROGA02,Przemysław Rogalski,2021-09-25,5.13,277
2013ROGA02,Przemysław Rogalski,2021-09-25,3.59,278
2013ROGA02,Przemysław Rogalski,2021-10-01,3.53,279
2013ROGA02,Przemysław Rogalski,2021-10-01,5.59,280
2013ROGA02,Przemysław Rogalski,2021-10-09,3.49,281
2013ROGA02,Przemysław Rogalski,2021-11-06,4.45,282
2013ROGA02,Przemysław Rogalski,2021-11-06,3.89,283
2013ROGA02,Przemysław Rogalski,2021-11-06,5.39,284
2013ROGA02,Przemysław Rogalski,2021-12-03,4.49,285
2013ROGA02,Przemysław Rogalski,2021-12-03,4.89,286
2013ROGA02,Przemysław Rogalski,2021-12-18,3.22,287
2013ROGA02,Przemysław Rogalski,2021-12-18,4.34,288
2013ROGA02,Przemysław Rogalski,2022-02-26,3.72,289
2013ROGA02,Przemysław Rogalski,2022-02-26,3.69,290
2013ROGA02,Przemysław Rogalski,2022-03-12,4.22,291
2013ROGA02,Przemysław Rogalski,2022-03-12,3.3,292
2013ROGA02,Przemysław Rogalski,2022-03-19,3.82,293
2013ROGA02,Przemysław Rogalski,2022-03-19,4.3,294
2013ROGA02,Przemysław Rogalski,2022-03-19,4.08,295
2013ROGA02,Przemysław Rogalski,2022-03-26,3.26,296
2013ROGA02,Przemysław Rogalski,2022-03-26,5.43,297
2013ROGA02,Przemysław Rogalski,2022-04-23,3.79,298
2013ROGA02,Przemysław Rogalski,2022-04-23,4.43,299
2013ROGA02,Przemysław Rogalski,2022-04-23,3.66,300
2013ROGA02,Przemysław Rogalski,2022-05-28,4.54,301
2013ROGA02,Przemysław Rogalski,2022-05-28,4.05,302
2013ROGA02,Przemysław Rogalski,2022-06-04,3.66,303
2013ROGA02,Przemysław Rogalski,2022-06-04,3.81,304
2013ROGA02,Przemysław Rogalski,2022-06-18,3.58,305
2013ROGA02,Przemysław Rogalski,2022-06-18,3.96,306
2013ROGA02,Przemysław Rogalski,2022-06-18,3.13,307
2013ROGA02,Przemysław Rogalski,2022-07-08,4.98,308
2013ROGA02,Przemysław Rogalski,2022-07-14,3.9,309
2013ROGA02,Przemysław Rogalski,2022-07-14,4.63,310
2013ROGA02,Przemysław Rogalski,2022-07-23,4.36,311
2013ROGA02,Przemysław Rogalski,2022-07-23,3.9,312
2013ROGA02,Przemysław Rogalski,2022-07-23,3.57,313
2013ROGA02,Przemysław Rogalski,2022-07-30,4.97,314
2013ROGA02,Przemysław Rogalski,2022-07-30,2.93,315
2013ROGA02,Przemysław Rogalski,2022-08-06,3.7,316
2013ROGA02,Przemysław Rogalski,2022-08-06,3.96,317
2013ROGA02,Przemysław Rogalski,2022-08-06,3.56,318
2013ROGA02,Przemysław Rogalski,2022-08-06,3.21,319
2013ROGA02,Przemysław Rogalski,2022-08-20,3.73,320
2013ROGA02,Przemysław Rogalski,2022-09-10,3.94,321
2013ROGA02,Przemysław Rogalski,2022-09-10,3.99,322
2013ROGA02,Przemysław Rogalski,2022-09-17,3.24,323
2013ROGA02,Przemysław Rogalski,2022-09-17,4.97,324
2013ROGA02,Przemysław Rogalski,2022-09-17,3.66,325
2013ROGA02,Przemysław Rogalski,2022-09-24,4.16,326
2013ROGA02,Przemysław Rogalski,2022-09-24,3.64,327
2013ROGA02,Przemysław Rogalski,2022-10-01,3.69,328
2013ROGA02,Przemysław Rogalski,2022-10-01,4.52,329
2013ROGA02,Przemysław Rogalski,2022-10-15,4.47,330
2013ROGA02,Przemysław Rogalski,2022-10-15,4.88,331
2013ROGA02,Przemysław Rogalski,2022-10-15,3.46,332
2013ROGA02,Przemysław Rogalski,2022-10-22,4.34,333
2013ROGA02,Przemysław Rogalski,2022-10-22,3.89,334
2013ROGA02,Przemysław Rogalski,2022-10-22,3.47,335
2013ROGA02,Przemysław Rogalski,2022-10-29,2.75,336
2013ROGA02,Przemysław Rogalski,2022-10-29,4.04,337
2013ROGA02,Przemysław Rogalski,2022-10-29,3.6,338
2013ROGA02,Przemysław Rogalski,2022-11-05,4.56,339
2013ROGA02,Przemysław Rogalski,2022-11-05,3.75,340
2013ROGA02,Przemysław Rogalski,2022-11-19,4.93,341
2013ROGA02,Przemysław Rogalski,2022-11-19,3.24,342
2013ROGA02,Przemysław Rogalski,2022-11-19,3.09,343
2013ROGA02,Przemysław Rogalski,2022-11-27,3.65,344
2013ROGA02,Przemysław Rogalski,2022-11-27,3.27,345
2013ROGA02,Przemysław Rogalski,2022-12-03,4.08,346
2013ROGA02,Przemysław Rogalski,2022-12-03,3.67,347
2013ROGA02,Przemysław Rogalski,2022-12-10,2.61,348
2013ROGA02,Przemysław Rogalski,2022-12-10,3.41,349
2013ROGA02,Przemysław Rogalski,2022-12-10,4.59,350
2013ROGA02,Przemysław Rogalski,2023-01-07,3.9,351
2013ROGA02,Przemysław Rogalski,2023-01-07,4.2,352
2013ROGA02,Przemysław Rogalski,2023-01-13,4.14,353
2013ROGA02,Przemysław Rogalski,2023-01-13,3.74,354
2013ROGA02,Przemysław Rogalski,2023-02-18,3.8,355
2013ROGA02,Przemysław Rogalski,2023-02-18,3.44,356
2013ROGA02,Przemysław Rogalski,2023-02-18,2.8,357
2013ROGA02,Przemysław Rogalski,2023-03-04,4.07,358
2013ROGA02,Przemysław Rogalski,2023-03-04,3.5,359
2013ROGA02,Przemysław Rogalski,2023-03-04,3.47,360
2013ROGA02,Przemysław Rogalski,2023-03-11,3.75,361
2013ROGA02,Przemysław Rogalski,2023-03-11,3.57,362
2013ROGA02,Przemysław Rogalski,2023-03-25,3.78,363
2013ROGA02,Przemysław Rogalski,2023-03-25,4.41,364
2013ROGA02,Przemysław Rogalski,2023-03-25,3.91,365
2013ROGA02,Przemysław Rogalski,2023-04-01,4.83,366
2013ROGA02,Przemysław Rogalski,2023-04-01,3.44,367
2013ROGA02,Przemysław Rogalski,2023-04-01,4.73,368
2013ROGA02,Przemysław Rogalski,2023-05-13,4.1,369
2013ROGA02,Przemysław Rogalski,2023-05-13,4.6,370
2013ROGA02,Przemysław Rogalski,2023-06-10,4.15,371
2013ROGA02,Przemysław Rogalski,2023-06-10,3.37,372
2013ROGA02,Przemysław Rogalski,2023-06-10,3.79,373
2013ROGA02,Przemysław Rogalski,2023-06-17,4.68,374
2013ROGA02,Przemysław Rogalski,2023-06-24,3.1,375
2013ROGA02,Przemysław Rogalski,2023-06-24,3.37,376
2013ROGA02,Przemysław Rogalski,2023-06-24,3.79,377
2013ROGA02,Przemysław Rogalski,2023-07-15,3.52,378
2013ROGA02,Przemysław Rogalski,2023-07-15,4.85,379
2013ROGA02,Przemysław Rogalski,2023-07-22,3.76,380
2013ROGA02,Przemysław Rogalski,2023-07-22,3.62,381
2013ROGA02,Przemysław Rogalski,2023-08-12,4.49,382
2013ROGA02,Przemysław Rogalski,2023-08-26,3.83,383
2013ROGA02,Przemysław Rogalski,2023-08-26,3.6,384
2013ROGA02,Przemysław Rogalski,2023-09-09,3.72,385
2013ROGA02,Przemysław Rogalski,2023-09-09,3.23,386
2013ROGA02,Przemysław Rogalski,2023-09-23,3.42,387
2013ROGA02,Przemysław Rogalski,2023-09-23,3.33,388
2013ROGA02,Przemysław Rogalski,2023-10-01,4.5,389
2013ROGA02,Przemysław Rogalski,2023-10-01,4.21,390
2013ROGA02,Przemysław Rogalski,2023-10-06,4.4,391
2013ROGA02,Przemysław Rogalski,2023-10-06,3.38,392
2013ROGA02,Przemysław Rogalski,2023-10-06,3.47,393
2013ROGA02,Przemysław Rogalski,2023-10-14,3.66,394
2013ROGA02,Przemysław Rogalski,2023-10-14,3.33,395
2013ROGA02,Przemysław Rogalski,2023-11-04,3.07,396
2013ROGA02,Przemysław Rogalski,2023-11-04,4.14,397
2013ROGA02,Przemysław Rogalski,2023-11-04,4.04,398
2013ROGA02,Przemysław Rogalski,2023-11-11,3.47,399
2013ROGA02,Przemysław Rogalski,2023-11-18,4.19,400
2013ROGA02,Przemysław Rogalski,2023-11-18,3.86,401
2013ROGA02,Przemysław Rogalski,2023-12-02,2.97,402
2013ROGA02,Przemysław Rogalski,2023-12-09,4.65,403
2013ROGA02,Przemysław Rogalski,2023-12-09,3.65,404
2013ROGA02,Przemysław Rogalski,2023-12-09,4.14,405
2013ROGA02,Przemysław Rogalski,2024-01-06,3.64,406
2013ROGA02,Przemysław Rogalski,2024-01-06,3.91,407
2013ROGA02,Przemysław Rogalski,2024-01-13,3.82,408
2013ROGA02,Przemysław Rogalski,2024-01-13,3.12,409
2013ROGA02,Przemysław Rogalski,2024-01-20,3.35,410
2013ROGA02,Przemysław Rogalski,2024-01-20,3.69,411
2013ROGA02,Przemysław Rogalski,2024-01-27,4.21,412
2013ROGA02,Przemysław Rogalski,2024-02-03,3.83,413
2013ROGA02,Przemysław Rogalski,2024-02-03,4.37,414
2013ROGA02,Przemysław Rogalski,2024-02-10,3.26,415
2013ROGA02,Przemysław Rogalski,2024-02-10,4.25,416
2013ROGA02,Przemysław Rogalski,2024-02-10,4.52,417
2013ROGA02,Przemysław Rogalski,2024-02-17,5.44,418
2013ROGA02,Przemysław Rogalski,2024-02-17,4.38,419
2013ROGA02,Przemysław Rogalski,2024-03-02,3.83,420
2013ROGA02,Przemysław Rogalski,2024-03-02,2.97,421
2013ROGA02,Przemysław Rogalski,2024-03-09,4.09,422
2013ROGA02,Przemysław Rogalski,2024-03-09,4.14,423
2013ROGA02,Przemysław Rogalski,2024-03-16,4.33,424
2013ROGA02,Przemysław Rogalski,2024-03-16,4.16,425
2013ROGA02,Przemysław Rogalski,2024-03-23,3.76,426
2013ROGA02,Przemysław Rogalski,2024-03-23,3.21,427
2013ROGA02,Przemysław Rogalski,2024-03-23,4.34,428
2013ROGA02,Przemysław Rogalski,2024-04-06,4.21,429
2013ROGA02,Przemysław Rogalski,2024-04-06,4.49,430
2013ROGA02,Przemysław Rogalski,2024-04-13,3.53,431
2013ROGA02,Przemysław Rogalski,2024-04-13,4.65,432
2013ROGA02,Przemysław Rogalski,2024-04-20,3.87,433
2013ROGA02,Przemysław Rogalski,2024-04-20,3.23,434
2013ROGA02,Przemysław Rogalski,2024-04-20,4.76,435
2013ROGA02,Przemysław Rogalski,2024-05-11,4.4,436
2013ROGA02,Przemysław Rogalski,2024-05-11,3.39,437
2013ROGA02,Przemysław Rogalski,2024-06-08,4.13,438
2013ROGA02,Przemysław Rogalski,2024-06-15,3.35,439
2013ROGA02,Przemysław Rogalski,2024-06-15,4.4,440
2013ROGA02,Przemysław Rogalski,2024-06-22,3.38,441
2013ROGA02,Przemysław Rogalski,2024-06-22,3.24,442
2013ROGA02,Przemysław Rogalski,2024-06-22,3.7,443
2013ROGA02,Przemysław Rogalski,2024-06-29,3.1,444
2013ROGA02,Przemysław Rogalski,2024-06-29,3.92,445
2013ROGA02,Przemysław Rogalski,2024-07-06,3.42,446
2013ROGA02,Przemysław Rogalski,2024-07-06,4.07,447
2013ROGA02,Przemysław Rogalski,2024-07-06,3.84,448
2013ROGA02,Przemysław Rogalski,2024-07-13,5.1,449
2013ROGA02,Przemysław Rogalski,2024-07-13,3.61,450
2013ROGA02,Przemysław Rogalski,2024-07-13,4.43,451
2013ROGA02,Przemysław Rogalski,2024-07-25,3.43,452
2013ROGA02,Przemysław Rogalski,2024-07-25,4.24,453
2013ROGA02,Przemysław Rogalski,2024-08-24,4.15,454
2013ROGA02,Przemysław Rogalski,2024-08-24,4.14,455
2013ROGA02,Przemysław Rogalski,2024-08-31,3.53,456
2013ROGA02,Przemysław Rogalski,2024-08-31,5.08,457
2013ROGA02,Przemysław Rogalski,2024-08-31,3.35,458
2013ROGA02,Przemysław Rogalski,2024-09-14,4.17,459
2013ROGA02,Przemysław Rogalski,2024-09-14,3.69,460
2013ROGA02,Przemysław Rogalski,2024-09-14,4.4,461
2013ROGA02,Przemysław Rogalski,2024-09-21,3.93,462
2013ROGA02,Przemysław Rogalski,2024-09-21,4.36,463
2013ROGA02,Przemysław Rogalski,2024-09-28,3.67,464
2013ROGA02,Przemysław Rogalski,2024-10-05,3.17,465
2013ROGA02,Przemysław Rogalski,2024-10-05,3.2,466
2013ROGA02,Przemysław Rogalski,2024-10-12,4.38,467
2013ROGA02,Przemysław Rogalski,2024-10-12,3.92,468
2013ROGA02,Przemysław Rogalski,2024-10-26,3.62,469
2013ROGA02,Przemysław Rogalski,2024-10-26,4.15,470
2013ROGA02,Przemysław Rogalski,2024-11-07,3.78,471
2013ROGA02,Przemysław Rogalski,2024-11-07,3.87,472
2013ROGA02,Przemysław Rogalski,2024-11-25,3.78,473
2013ROGA02,Przemysław Rogalski,2024-11-30,3.68,474
2013ROGA02,Przemysław Rogalski,2024-11-30,4.43,475
2013ROGA02,Przemysław Rogalski,2024-11-30,4.0,476
2013ROGA02,Przemysław Rogalski,2024-12-07,4.78,477
2013ROGA02,Przemysław Rogalski,2024-12-07,3.67,478
2013ROGA02,Przemysław Rogalski,2024-12-14,4.69,479
2013ROGA02,Przemysław Rogalski,2024-12-14,3.54,480
2013ROGA02,Przemysław Rogalski,2024-12-14,3.29,481
2013ROGA02,Przemysław Rogalski,2025-01-11,3.78,482
2013ROGA02,Przemysław Rogalski,2025-01-11,3.24,483
2013ROGA02,Przemysław Rogalski,2025-01-18,3.8,484
2013ROGA02,Przemysław Rogalski,2025-01-18,4.15,485
2013ROGA02,Przemysław Rogalski,2025-01-25,3.83,486
2013ROGA02,Przemysław Rogalski,2025-01-25,4.66,487
2013ROGA02,Przemysław Rogalski,2025-02-08,3.74,488
2013ROGA02,Przemysław Rogalski,2025-02-08,3.72,489
2013ROGA02,Przemysław Rogalski,2025-02-15,3.31,490
2013ROGA02,Przemysław Rogalski,2025-02-15,4.55,491
2013ROGA02,Przemysław Rogalski,2025-02-22,4.17,492
2013ROGA02,Przemysław Rogalski,2025-02-22,3.55,493
2013ROGA02,Przemysław Rogalski,2025-02-22,3.52,494
2013ROGA02,Przemysław Rogalski,2025-03-08,3.37,495
2013ROGA02,Przemysław Rogalski,2025-03-08,4.05,496
2013ROGA02,Przemysław Rogalski,2025-03-15,5.7,497
2013ROGA02,Przemysław Rogalski,2025-04-26,3.28,498
2013ROGA02,Przemysław Rogalski,2025-04-26,4.27,499
2013ROGA02,Przemysław Rogalski,2025-05-09,3.58,500
2013ROGA02,Przemysław Rogalski,2025-05-09,3.31,501
2013ROGA02,Przemysław Rogalski,2025-05-17,2.65,502
2013ROGA02,Przemysław Rogalski,2025-05-17,3.98,503
2013ROGA02,Przemysław Rogalski,2025-05-24,4.17,504
2013ROGA02,Przemysław Rogalski,2025-05-31,3.88,505
2013ROGA02,Przemysław Rogalski,2025-05-31,3.78,506
2013ROGA02,Przemysław Rogalski,2025-05-31,3.35,507
2013ROGA02,Przemysław Rogalski,2025-06-14,3.73,508
2013ROGA02,Przemysław Rogalski,2025-06-14,3.4,509
2013ROGA02,Przemysław Rogalski,2025-06-28,4.59,510
2013ROGA02,Przemysław Rogalski,2025-06-28,4.04,511
2013ROGA02,Przemysław Rogalski,2025-06-28,4.94,512
2013ROGA02,Przemysław Rogalski,2025-07-03,3.35,513
2013ROGA02,Przemysław Rogalski,2025-07-03,3.11,514
2013ROGA02,Przemysław Rogalski,2025-07-11,3.36,515
2013ROGA02,Przemysław Rogalski,2025-07-11,3.6,516
2013ROGA02,Przemysław Rogalski,2025-08-09,4.52,517
2013ROGA02,Przemysław Rogalski,2025-08-09,3.06,518
2013ROGA02,Przemysław Rogalski,2025-08-23,3.96,519
2013ROGA02,Przemysław Rogalski,2025-09-13,3.51,520
2013ROGA02,Przemysław Rogalski,2025-09-13,4.08,521
2013ROGA02,Przemysław Rogalski,2025-09-20,4.74,522
2013ROGA02,Przemysław Rogalski,2025-09-20,3.89,523
2013ROGA02,Przemysław Rogalski,2025-09-27,3.9,524
2013ROGA02,Przemysław Rogalski,2025-09-27,4.09,525
2013ROGA02,Przemysław Rogalski,2025-10-04,4.15,526
2013ROGA02,Przemysław Rogalski,2025-10-04,3.72,527
2013ROGA02,Przemysław Rogalski,2025-10-04,3.63,528
2013ROGA02,Przemysław Rogalski,2025-10-11,3.66,529
2013ROGA02,Przemysław Rogalski,2025-10-11,3.98,530
2013ROGA02,Przemysław Rogalski,2025-10-18,3.97,531
2013ROGA02,Przemysław Rogalski,2025-10-18,3.77,532
2013ROGA02,Przemysław Rogalski,2025-10-18,2.76,533
2013ROGA02,Przemysław Rogalski,2025-10-25,4.13,534
2013ROGA02,Przemysław Rogalski,2025-10-25,3.96,535
2013ROGA02,Przemysław Rogalski,2025-11-02,3.85,536
2013ROGA02,Przemysław Rogalski,2025-11-13,3.73,537
2013ROGA02,Przemysław Rogalski,2025-11-13,3.75,538
2013ROGA02,Przemysław Rogalski,2025-11-22,4.8,539
2013ROGA02,Przemysław Rogalski,2025-11-22,4.54,540
2013ROGA02,Przemysław Rogalski,2025-11-22,5.03,541
2013ROGA02,Przemysław Rogalski,2025-11-29,4.26,542
2013ROGA02,Przemysław Rogalski,2025-11-29,2.64,543
2013ROGA02,Przemysław Rogalski,2025-12-06,3.03,544
2013ROGA02,Przemysław Rogalski,2025-12-06,3.2,545
2013ROGA02,Przemysław Rogalski,2025-12-13,3.63,546
2013ROGA02,Przemysław Rogalski,2025-12-13,3.78,547
2013ROGA02,Przemysław Rogalski,2025-12-20,3.76,548
2013ROGA02,Przemysław Rogalski,2025-12-20,3.82,549
2013ROGA02,Przemysław Rogalski,2026-01-09,3.62,550
2013ROGA02,Przemysław Rogalski,2026-01-09,4.87,551
2013ROGA02,Przemysław Rogalski,2026-01-24,4.01,552
2013ROGA02,Przemysław Rogalski,2026-01-24,3.34,553
2013ROGA02,Przemysław Rogalski,2026-02-11,5.12,554
2013ROGA02,Przemysław Rogalski,2026-02-14,4.18,555
2013ROGA02,Przemysław Rogalski,2026-02-14,3.42,556
2013ROGA02,Przemysław Rogalski,2026-02-14,4.17,557
2013ROGA02,Przemysław Rogalski,2026-02-21,6.93,558
2013ROGA02,Przemysław Rogalski,2026-02-28,3.04,559
2013ROGA02,Przemysław Rogalski,2026-02-28,3.22,560
2013ROGA02,Przemysław Rogalski,2026-03-14,5.25,561
2013ROGA02,Przemysław Rogalski,2026-03-21,4.22,562
2013ROGA02,Przemysław Rogalski,2026-03-21,3.24,563
2013ROGA02,Przemysław Rogalski,2026-03-28,3.84,564
2013ROGA02,Przemysław Rogalski,2026-03-28,2.64,565
2013ROGA02,Przemysław Rogalski,2026-04-11,3.64,566
2013ROGA02,Przemysław Rogalski,2026-04-11,3.48,567
2013ROGA02,Przemysław Rogalski,2026-04-18,3.02,568
2013ROGA02,Przemysław Rogalski,2026-04-18,3.42,569
2013ROGA02,Przemysław Rogalski,2026-05-09,3.52,570
2013ROGA02,Przemysław Rogalski,2026-05-09,4.78,571
2013ROGA02,Przemysław Rogalski,2026-05-10,3.8,572
2013ROGA02,Przemysław Rogalski,2026-05-10,3.11,573
2013ROGA02,Przemysław Rogalski,2026-05-10,3.43,574
2013ROGA02,Przemysław Rogalski,2026-05-13,3.02,575
2013ROGA02,Przemysław Rogalski,2026-05-16,4.2,576
2013ROGA02,Przemysław Rogalski,2026-05-16,4.24,577
2013ROGA02,Przemysław Rogalski,2026-05-23,3.75,578
2013ROGA02,Przemysław Rogalski,2026-05-23,4.25,579
2013TOKA01,Piotr Tokarski,2014-09-06,11.96,1
2013TOKA01,Piotr Tokarski,2014-12-06,8.78,2
2013TOKA01,Piotr Tokarski,2014-12-06,8.56,3
2013TOKA01,Piotr Tokarski,2015-02-21,7.41,4
2013TOKA01,Piotr Tokarski,2015-03-27,6.95,5
2013TOKA01,Piotr Tokarski,2015-06-27,6.45,6
2013TOKA01,Piotr Tokarski,2015-07-18,6.69,7
2013TOKA01,Piotr Tokarski,2015-07-18,5.13,8
2013TOKA01,Piotr Tokarski,2015-07-18,5.08,9
2013TOKA01,Piotr Tokarski,2015-08-08,5.05,10
2013TOKA01,Piotr Tokarski,2015-08-08,4.7,11
2013TOKA01,Piotr Tokarski,2015-09-19,5.61,12
2013TOKA01,Piotr Tokarski,2015-09-19,4.07,13
2013TOKA01,Piotr Tokarski,2015-09-26,4.59,14
2013TOKA01,Piotr Tokarski,2015-09-26,5.98,15
2013TOKA01,Piotr Tokarski,2015-10-09,5.48,16
2013TOKA01,Piotr Tokarski,2015-10-09,5.74,17
2013TOKA01,Piotr Tokarski,2015-10-09,5.74,18
2013TOKA01,Piotr Tokarski,2015-12-05,5.42,19
2013TOKA01,Piotr Tokarski,2015-12-05,4.7,20
2013TOKA01,Piotr Tokarski,2015-12-05,4.41,21
2013TOKA01,Piotr Tokarski,2016-01-09,4.96,22
2013TOKA01,Piotr Tokarski,2016-01-09,3.67,23
2013TOKA01,Piotr Tokarski,2016-04-23,4.15,24
2013TOKA01,Piotr Tokarski,2016-04-23,3.37,25
2013TOKA01,Piotr Tokarski,2016-04-30,4.87,26
2013TOKA01,Piotr Tokarski,2016-04-30,3.86,27
2013TOKA01,Piotr Tokarski,2016-05-08,4.63,28
2013TOKA01,Piotr Tokarski,2016-05-08,3.98,29
2013TOKA01,Piotr Tokarski,2016-06-04,3.56,30
2013TOKA01,Piotr Tokarski,2016-06-04,4.6,31
2013TOKA01,Piotr Tokarski,2016-06-04,3.82,32
2013TOKA01,Piotr Tokarski,2016-06-11,4.06,33
2013TOKA01,Piotr Tokarski,2016-06-11,3.99,34
2013TOKA01,Piotr Tokarski,2016-06-11,4.79,35
2013TOKA01,Piotr Tokarski,2016-06-25,4.85,36
2013TOKA01,Piotr Tokarski,2016-06-25,5.19,37
2013TOKA01,Piotr Tokarski,2016-07-02,5.33,38
2013TOKA01,Piotr Tokarski,2016-07-02,4.98,39
2013TOKA01,Piotr Tokarski,2016-07-02,3.76,40
2013TOKA01,Piotr Tokarski,2016-07-09,3.92,41
2013TOKA01,Piotr Tokarski,2016-07-09,4.46,42
2013TOKA01,Piotr Tokarski,2016-07-15,3.99,43
2013TOKA01,Piotr Tokarski,2016-07-15,3.73,44
2013TOKA01,Piotr Tokarski,2016-07-15,5.34,45
2013TOKA01,Piotr Tokarski,2016-07-19,3.31,46
2013TOKA01,Piotr Tokarski,2016-07-19,3.85,47
2013TOKA01,Piotr Tokarski,2016-08-27,4.08,48
2013TOKA01,Piotr Tokarski,2016-08-27,3.97,49
2013TOKA01,Piotr Tokarski,2016-08-27,4.69,50
2013TOKA01,Piotr Tokarski,2016-10-08,3.47,51
2013TOKA01,Piotr Tokarski,2016-10-08,3.73,52
2013TOKA01,Piotr Tokarski,2016-10-23,3.87,53
2013TOKA01,Piotr Tokarski,2016-10-23,3.38,54
2013TOKA01,Piotr Tokarski,2016-12-09,4.05,55
2013TOKA01,Piotr Tokarski,2016-12-09,3.75,56
2013TOKA01,Piotr Tokarski,2016-12-09,4.65,57
2013TOKA01,Piotr Tokarski,2016-12-17,3.98,58
2013TOKA01,Piotr Tokarski,2016-12-17,3.57,59
2013TOKA01,Piotr Tokarski,2016-12-17,3.24,60
2013TOKA01,Piotr Tokarski,2017-01-14,4.39,61
2013TOKA01,Piotr Tokarski,2017-01-14,5.38,62
2013TOKA01,Piotr Tokarski,2017-02-25,3.62,63
2013TOKA01,Piotr Tokarski,2017-02-25,4.3,64
2013TOKA01,Piotr Tokarski,2017-03-11,3.98,65
2013TOKA01,Piotr Tokarski,2017-03-11,3.12,66
2013TOKA01,Piotr Tokarski,2017-03-11,5.24,67
2013TOKA01,Piotr Tokarski,2017-03-25,3.43,68
2013TOKA01,Piotr Tokarski,2017-03-25,4.96,69
2013TOKA01,Piotr Tokarski,2017-03-25,3.57,70
2013TOKA01,Piotr Tokarski,2017-04-01,3.75,71
2013TOKA01,Piotr Tokarski,2017-04-01,4.21,72
2013TOKA01,Piotr Tokarski,2017-05-27,3.24,73
2013TOKA01,Piotr Tokarski,2017-05-27,3.13,74
2013TOKA01,Piotr Tokarski,2017-05-27,3.11,75
2013TOKA01,Piotr Tokarski,2017-06-10,4.01,76
2013TOKA01,Piotr Tokarski,2017-06-10,3.43,77
2013TOKA01,Piotr Tokarski,2017-06-10,3.63,78
2013TOKA01,Piotr Tokarski,2017-06-17,2.96,79
2013TOKA01,Piotr Tokarski,2017-06-17,3.62,80
2013TOKA01,Piotr Tokarski,2017-06-24,4.23,81
2013TOKA01,Piotr Tokarski,2017-06-24,3.98,82
2013TOKA01,Piotr Tokarski,2017-06-24,3.63,83
2013TOKA01,Piotr Tokarski,2017-07-29,3.43,84
2013TOKA01,Piotr Tokarski,2017-07-29,3.94,85
2013TOKA01,Piotr Tokarski,2017-07-29,3.46,86
2013TOKA01,Piotr Tokarski,2017-09-09,3.49,87
2013TOKA01,Piotr Tokarski,2017-09-09,2.98,88
2013TOKA01,Piotr Tokarski,2017-09-15,3.73,89
2013TOKA01,Piotr Tokarski,2017-09-15,3.43,90
2013TOKA01,Piotr Tokarski,2017-09-15,3.08,91
2013TOKA01,Piotr Tokarski,2017-11-17,4.16,92
2013TOKA01,Piotr Tokarski,2017-11-17,3.61,93
2013TOKA01,Piotr Tokarski,2017-11-17,2.93,94
2013TOKA01,Piotr Tokarski,2017-12-02,4.47,95
2013TOKA01,Piotr Tokarski,2017-12-02,4.11,96
2013TOKA01,Piotr Tokarski,2017-12-16,3.19,97
2013TOKA01,Piotr Tokarski,2017-12-16,4.81,98
2013TOKA01,Piotr Tokarski,2017-12-16,5.21,99
2013TOKA01,Piotr Tokarski,2018-01-13,4.4,100
2013TOKA01,Piotr Tokarski,2018-02-10,3.62,101
2013TOKA01,Piotr Tokarski,2018-02-17,3.36,102
2013TOKA01,Piotr Tokarski,2018-02-17,3.4,103
2013TOKA01,Piotr Tokarski,2018-02-24,2.8,104
2013TOKA01,Piotr Tokarski,2018-02-24,4.27,105
2013TOKA01,Piotr Tokarski,2018-02-24,3.99,106
2013TOKA01,Piotr Tokarski,2018-03-17,3.22,107
2013TOKA01,Piotr Tokarski,2018-03-17,3.51,108
2013TOKA01,Piotr Tokarski,2018-04-21,3.73,109
2013TOKA01,Piotr Tokarski,2018-04-21,3.49,110
2013TOKA01,Piotr Tokarski,2018-05-26,4.87,111
2013TOKA01,Piotr Tokarski,2018-05-26,3.99,112
2013TOKA01,Piotr Tokarski,2018-06-10,3.21,113
2013TOKA01,Piotr Tokarski,2018-06-10,4.18,114
2013TOKA01,Piotr Tokarski,2018-06-10,3.04,115
2013TOKA01,Piotr Tokarski,2018-06-16,2.97,116
2013TOKA01,Piotr Tokarski,2018-06-16,4.28,117
2013TOKA01,Piotr Tokarski,2018-06-16,3.69,118
2013TOKA01,Piotr Tokarski,2018-06-23,4.79,119
2013TOKA01,Piotr Tokarski,2018-06-23,3.62,120
2013TOKA01,Piotr Tokarski,2018-06-30,4.51,121
2013TOKA01,Piotr Tokarski,2018-06-30,3.23,122
2013TOKA01,Piotr Tokarski,2018-06-30,3.21,123
2013TOKA01,Piotr Tokarski,2018-07-05,3.62,124
2013TOKA01,Piotr Tokarski,2018-07-05,3.29,125
2013TOKA01,Piotr Tokarski,2018-07-05,4.23,126
2013TOKA01,Piotr Tokarski,2018-07-19,4.1,127
2013TOKA01,Piotr Tokarski,2018-07-19,3.6,128
2013TOKA01,Piotr Tokarski,2018-07-19,3.37,129
2013TOKA01,Piotr Tokarski,2018-07-19,2.83,130
2013TOKA01,Piotr Tokarski,2018-07-28,3.5,131
2013TOKA01,Piotr Tokarski,2018-07-28,3.24,132
2013TOKA01,Piotr Tokarski,2018-07-31,4.24,133
2013TOKA01,Piotr Tokarski,2018-07-31,3.12,134
2013TOKA01,Piotr Tokarski,2018-07-31,3.13,135
2013TOKA01,Piotr Tokarski,2018-08-04,3.05,136
2013TOKA01,Piotr Tokarski,2018-08-04,3.16,137
2013TOKA01,Piotr Tokarski,2018-08-04,3.05,138
2013TOKA01,Piotr Tokarski,2018-09-15,3.6,139
2013TOKA01,Piotr Tokarski,2018-09-15,3.69,140
2013TOKA01,Piotr Tokarski,2018-09-15,4.32,141
2013TOKA01,Piotr Tokarski,2018-10-13,3.09,142
2013TOKA01,Piotr Tokarski,2018-10-13,4.14,143
2013TOKA01,Piotr Tokarski,2018-10-13,4.73,144
2013TOKA01,Piotr Tokarski,2018-10-26,3.84,145
2013TOKA01,Piotr Tokarski,2018-10-26,3.38,146
2013TOKA01,Piotr Tokarski,2018-10-26,3.49,147
2013TOKA01,Piotr Tokarski,2018-11-03,3.44,148
2013TOKA01,Piotr Tokarski,2018-11-03,4.15,149
2013TOKA01,Piotr Tokarski,2018-11-17,3.83,150
2013TOKA01,Piotr Tokarski,2018-11-17,3.84,151
2013TOKA01,Piotr Tokarski,2018-12-08,3.73,152
2013TOKA01,Piotr Tokarski,2018-12-08,3.5,153
2013TOKA01,Piotr Tokarski,2018-12-08,4.25,154
2013TOKA01,Piotr Tokarski,2018-12-15,5.19,155
2013TOKA01,Piotr Tokarski,2018-12-15,3.05,156
2013TOKA01,Piotr Tokarski,2019-01-12,3.83,157
2013TOKA01,Piotr Tokarski,2019-01-12,4.36,158
2013TOKA01,Piotr Tokarski,2019-01-12,4.74,159
2013TOKA01,Piotr Tokarski,2019-02-02,3.88,160
2013TOKA01,Piotr Tokarski,2019-02-02,4.19,161
2013TOKA01,Piotr Tokarski,2019-02-02,3.64,162
2013TOKA01,Piotr Tokarski,2019-03-02,4.07,163
2013TOKA01,Piotr Tokarski,2019-03-02,3.58,164
2013TOKA01,Piotr Tokarski,2019-03-02,5.43,165
2013TOKA01,Piotr Tokarski,2019-03-16,3.23,166
2013TOKA01,Piotr Tokarski,2019-03-16,4.46,167
2013TOKA01,Piotr Tokarski,2019-05-18,3.26,168
2013TOKA01,Piotr Tokarski,2019-05-18,4.17,169
2013TOKA01,Piotr Tokarski,2019-05-18,3.96,170
2013TOKA01,Piotr Tokarski,2019-06-01,4.16,171
2013TOKA01,Piotr Tokarski,2019-06-01,4.4,172
2013TOKA01,Piotr Tokarski,2019-06-01,4.13,173
2013TOKA01,Piotr Tokarski,2019-06-15,4.35,174
2013TOKA01,Piotr Tokarski,2019-06-15,4.49,175
2013TOKA01,Piotr Tokarski,2019-06-29,4.48,176
2013TOKA01,Piotr Tokarski,2019-06-29,4.29,177
2013TOKA01,Piotr Tokarski,2019-07-13,3.07,178
2013TOKA01,Piotr Tokarski,2019-07-13,4.44,179
2013TOKA01,Piotr Tokarski,2019-07-20,4.05,180
2013TOKA01,Piotr Tokarski,2019-07-27,4.54,181
2013TOKA01,Piotr Tokarski,2019-07-27,4.81,182
2013TOKA01,Piotr Tokarski,2019-08-24,6.46,183
2013TOKA01,Piotr Tokarski,2019-09-13,4.27,184
2013TOKA01,Piotr Tokarski,2019-09-13,4.1,185
2013TOKA01,Piotr Tokarski,2019-09-13,3.85,186
2013TOKA01,Piotr Tokarski,2019-09-21,4.67,187
2013TOKA01,Piotr Tokarski,2019-10-05,3.65,188
2013TOKA01,Piotr Tokarski,2019-10-05,3.74,189
2013TOKA01,Piotr Tokarski,2019-10-05,3.8,190
2013TOKA01,Piotr Tokarski,2019-10-11,3.69,191
2013TOKA01,Piotr Tokarski,2019-10-11,3.33,192
2013TOKA01,Piotr Tokarski,2019-10-11,3.47,193
2013TOKA01,Piotr Tokarski,2019-10-19,3.7,194
2013TOKA01,Piotr Tokarski,2019-10-19,3.59,195
2013TOKA01,Piotr Tokarski,2019-10-26,4.09,196
2013TOKA01,Piotr Tokarski,2019-10-26,4.5,197
2013TOKA01,Piotr Tokarski,2019-11-09,3.96,198
2013TOKA01,Piotr Tokarski,2019-11-09,4.01,199
2013TOKA01,Piotr Tokarski,2019-11-16,5.04,200
2013TOKA01,Piotr Tokarski,2019-11-16,4.47,201
2013TOKA01,Piotr Tokarski,2019-11-16,4.45,202
2013TOKA01,Piotr Tokarski,2019-11-23,4.13,203
2013TOKA01,Piotr Tokarski,2019-12-06,3.29,204
2013TOKA01,Piotr Tokarski,2019-12-06,3.98,205
2013TOKA01,Piotr Tokarski,2019-12-06,4.63,206
2013TOKA01,Piotr Tokarski,2019-12-14,5.05,207
2013TOKA01,Piotr Tokarski,2019-12-14,4.21,208
2013TOKA01,Piotr Tokarski,2019-12-14,3.56,209
2013TOKA01,Piotr Tokarski,2019-12-21,4.29,210
2013TOKA01,Piotr Tokarski,2019-12-21,3.88,211
2013TOKA01,Piotr Tokarski,2020-01-04,3.45,212
2013TOKA01,Piotr Tokarski,2020-01-04,4.03,213
2013TOKA01,Piotr Tokarski,2020-01-04,3.62,214
2013TOKA01,Piotr Tokarski,2020-01-25,4.5,215
2013TOKA01,Piotr Tokarski,2020-01-25,3.7,216
2013TOKA01,Piotr Tokarski,2020-01-25,5.85,217
2013TOKA01,Piotr Tokarski,2020-02-22,3.81,218
2013TOKA01,Piotr Tokarski,2020-02-22,4.28,219
2013TOKA01,Piotr Tokarski,2020-02-22,3.69,220
2013TOKA01,Piotr Tokarski,2020-02-29,3.13,221
2013TOKA01,Piotr Tokarski,2020-02-29,4.51,222
2013TOKA01,Piotr Tokarski,2020-08-22,5.1,223
2013TOKA01,Piotr Tokarski,2020-09-12,5.46,224
2013TOKA01,Piotr Tokarski,2021-07-03,3.29,225
2013TOKA01,Piotr Tokarski,2021-07-03,3.98,226
2013TOKA01,Piotr Tokarski,2021-07-10,4.5,227
2013TOKA01,Piotr Tokarski,2021-07-10,4.05,228
2013TOKA01,Piotr Tokarski,2021-07-10,5.22,229
2013TOKA01,Piotr Tokarski,2021-07-24,3.83,230
2013TOKA01,Piotr Tokarski,2021-07-24,4.42,231
2013TOKA01,Piotr Tokarski,2021-08-07,4.16,232
2013TOKA01,Piotr Tokarski,2021-08-07,3.8,233
2013TOKA01,Piotr Tokarski,2021-08-28,3.78,234
2013TOKA01,Piotr Tokarski,2021-08-28,5.67,235
2013TOKA01,Piotr Tokarski,2021-09-04,3.82,236
2013TOKA01,Piotr Tokarski,2021-09-04,4.54,237
2013TOKA01,Piotr Tokarski,2021-09-04,4.67,238
2013TOKA01,Piotr Tokarski,2021-09-11,5.67,239
2013TOKA01,Piotr Tokarski,2021-09-11,4.48,240
2013TOKA01,Piotr Tokarski,2021-09-18,6.07,241
2013TOKA01,Piotr Tokarski,2021-09-25,4.54,242
2013TOKA01,Piotr Tokarski,2021-09-25,4.99,243
2013TOKA01,Piotr Tokarski,2021-10-01,3.53,244
2013TOKA01,Piotr Tokarski,2021-10-01,2.99,245
2013TOKA01,Piotr Tokarski,2021-10-09,4.49,246
2013TOKA01,Piotr Tokarski,2021-11-06,3.92,247
2013TOKA01,Piotr Tokarski,2021-11-06,4.02,248
2013TOKA01,Piotr Tokarski,2021-11-06,4.98,249
2013TOKA01,Piotr Tokarski,2021-12-18,3.33,250
2013TOKA01,Piotr Tokarski,2021-12-18,3.44,251
2013TOKA01,Piotr Tokarski,2022-02-26,4.46,252
2013TOKA01,Piotr Tokarski,2022-02-26,4.83,253
2013TOKA01,Piotr Tokarski,2022-03-12,4.11,254
2013TOKA01,Piotr Tokarski,2022-03-12,3.55,255
2013TOKA01,Piotr Tokarski,2022-03-26,3.92,256
2013TOKA01,Piotr Tokarski,2022-03-26,3.64,257
2013TOKA01,Piotr Tokarski,2022-04-23,4.13,258
2013TOKA01,Piotr Tokarski,2022-04-23,3.22,259
2013TOKA01,Piotr Tokarski,2022-04-23,3.95,260
2013TOKA01,Piotr Tokarski,2022-05-21,4.97,261
2013TOKA01,Piotr Tokarski,2022-05-21,5.45,262
2013TOKA01,Piotr Tokarski,2022-06-04,4.34,263
2013TOKA01,Piotr Tokarski,2022-06-04,3.46,264
2013TOKA01,Piotr Tokarski,2022-07-08,3.28,265
2013TOKA01,Piotr Tokarski,2022-07-08,3.85,266
2013TOKA01,Piotr Tokarski,2022-07-14,3.13,267
2013TOKA01,Piotr Tokarski,2022-07-14,3.19,268
2013TOKA01,Piotr Tokarski,2022-07-14,3.4,269
2013TOKA01,Piotr Tokarski,2022-07-30,4.45,270
2013TOKA01,Piotr Tokarski,2022-07-30,3.82,271
2013TOKA01,Piotr Tokarski,2022-08-06,4.27,272
2013TOKA01,Piotr Tokarski,2022-08-13,3.29,273
2013TOKA01,Piotr Tokarski,2022-08-13,2.57,274
2013TOKA01,Piotr Tokarski,2022-08-27,3.89,275
2013TOKA01,Piotr Tokarski,2022-08-27,3.53,276
2013TOKA01,Piotr Tokarski,2022-09-17,4.05,277
2013TOKA01,Piotr Tokarski,2022-09-17,4.52,278
2013TOKA01,Piotr Tokarski,2022-09-17,3.94,279
2013TOKA01,Piotr Tokarski,2022-09-24,3.51,280
2013TOKA01,Piotr Tokarski,2022-09-24,3.23,281
2013TOKA01,Piotr Tokarski,2022-10-01,3.4,282
2013TOKA01,Piotr Tokarski,2022-10-01,2.82,283
2013TOKA01,Piotr Tokarski,2022-10-01,5.0,284
2013TOKA01,Piotr Tokarski,2022-10-15,3.57,285
2013TOKA01,Piotr Tokarski,2022-10-15,3.67,286
2013TOKA01,Piotr Tokarski,2022-11-19,4.24,287
2013TOKA01,Piotr Tokarski,2022-11-19,5.11,288
2013TOKA01,Piotr Tokarski,2022-11-27,4.3,289
2013TOKA01,Piotr Tokarski,2022-11-27,4.43,290
2013TOKA01,Piotr Tokarski,2022-12-17,4.53,291
2013TOKA01,Piotr Tokarski,2022-12-17,4.3,292
2013TOKA01,Piotr Tokarski,2023-01-28,5.53,293
2013TOKA01,Piotr Tokarski,2023-01-28,3.34,294
2013TOKA01,Piotr Tokarski,2023-02-04,4.45,295
2013TOKA01,Piotr Tokarski,2023-02-04,3.67,296
2013TOKA01,Piotr Tokarski,2023-02-05,3.6,297
2013TOKA01,Piotr Tokarski,2023-02-05,4.24,298
2013TOKA01,Piotr Tokarski,2023-02-11,3.55,299
2013TOKA01,Piotr Tokarski,2023-02-11,4.3,300
2013TOKA01,Piotr Tokarski,2023-03-25,4.02,301
2013TOKA01,Piotr Tokarski,2023-03-25,3.65,302
2013TOKA01,Piotr Tokarski,2023-03-25,4.12,303
2013TOKA01,Piotr Tokarski,2023-04-15,4.88,304
2013TOKA01,Piotr Tokarski,2023-04-15,4.23,305
2013TOKA01,Piotr Tokarski,2023-04-15,4.63,306
2013TOKA01,Piotr Tokarski,2023-05-06,4.09,307
2013TOKA01,Piotr Tokarski,2023-05-06,3.09,308
2013TOKA01,Piotr Tokarski,2023-05-13,3.72,309
2013TOKA01,Piotr Tokarski,2023-05-13,3.79,310
2013TOKA01,Piotr Tokarski,2023-05-20,3.48,311
2013TOKA01,Piotr Tokarski,2023-05-20,3.65,312
2013TOKA01,Piotr Tokarski,2023-05-20,3.31,313
2013TOKA01,Piotr Tokarski,2023-08-12,3.14,314
2013TOKA01,Piotr Tokarski,2023-08-12,4.15,315
2013TOKA01,Piotr Tokarski,2023-08-26,5.39,316
2013TOKA01,Piotr Tokarski,2023-08-26,4.25,317
2013TOKA01,Piotr Tokarski,2023-09-02,4.5,318
2013TOKA01,Piotr Tokarski,2023-09-02,3.93,319
2013TOKA01,Piotr Tokarski,2023-09-03,4.15,320
2013TOKA01,Piotr Tokarski,2023-09-03,3.7,321
2013TOKA01,Piotr Tokarski,2023-09-16,4.03,322
2013TOKA01,Piotr Tokarski,2023-09-16,4.41,323
2013TOKA01,Piotr Tokarski,2023-09-16,3.1,324
2013TOKA01,Piotr Tokarski,2023-09-23,3.5,325
2013TOKA01,Piotr Tokarski,2023-09-23,4.18,326
2013TOKA01,Piotr Tokarski,2023-09-23,4.18,327
2013TOKA01,Piotr Tokarski,2023-09-30,3.36,328
2013TOKA01,Piotr Tokarski,2023-09-30,3.7,329
2013TOKA01,Piotr Tokarski,2023-10-01,3.69,330
2013TOKA01,Piotr Tokarski,2023-10-01,4.1,331
2013TOKA01,Piotr Tokarski,2023-10-06,3.58,332
2013TOKA01,Piotr Tokarski,2023-10-06,3.67,333
2013TOKA01,Piotr Tokarski,2023-10-28,4.2,334
2013TOKA01,Piotr Tokarski,2023-10-28,4.2,335
2013TOKA01,Piotr Tokarski,2023-11-18,3.94,336
2013TOKA01,Piotr Tokarski,2023-11-18,3.4,337
2013TOKA01,Piotr Tokarski,2023-11-19,4.22,338
2013TOKA01,Piotr Tokarski,2023-11-19,4.26,339
2013TOKA01,Piotr Tokarski,2023-12-16,4.12,340
2013TOKA01,Piotr Tokarski,2023-12-16,4.44,341
2013TOKA01,Piotr Tokarski,2024-03-02,4.35,342
2013TOKA01,Piotr Tokarski,2024-03-02,3.16,343
2013TOKA01,Piotr Tokarski,2024-03-03,4.04,344
2013TOKA01,Piotr Tokarski,2024-03-03,4.24,345
2013TOKA01,Piotr Tokarski,2024-04-20,4.36,346
2013TOKA01,Piotr Tokarski,2024-04-20,4.01,347
2013TOKA01,Piotr Tokarski,2024-05-11,3.52,348
2013TOKA01,Piotr Tokarski,2024-05-11,3.88,349
2013TOKA01,Piotr Tokarski,2024-05-18,3.19,350
2013TOKA01,Piotr Tokarski,2024-05-18,5.32,351
2013TOKA01,Piotr Tokarski,2024-05-25,4.57,352
2013TOKA01,Piotr Tokarski,2024-05-25,4.06,353
2013TOKA01,Piotr Tokarski,2024-07-06,3.2,354
2013TOKA01,Piotr Tokarski,2024-07-06,3.91,355
2013TOKA01,Piotr Tokarski,2024-07-12,4.51,356
2013TOKA01,Piotr Tokarski,2024-07-12,3.38,357
2013TOKA01,Piotr Tokarski,2024-07-25,3.64,358
2013TOKA01,Piotr Tokarski,2024-07-25,4.19,359
2013TOKA01,Piotr Tokarski,2024-09-21,4.93,360
2013TOKA01,Piotr Tokarski,2024-09-21,4.41,361
2013TOKA01,Piotr Tokarski,2024-10-19,4.14,362
2013TOKA01,Piotr Tokarski,2024-10-19,3.65,363
2013TOKA01,Piotr Tokarski,2024-10-20,3.6,364
2013TOKA01,Piotr Tokarski,2024-10-20,4.46,365
2013TOKA01,Piotr Tokarski,2024-11-07,4.33,366
2013TOKA01,Piotr Tokarski,2024-11-16,3.56,367
2013TOKA01,Piotr Tokarski,2024-11-16,4.31,368
2013TOKA01,Piotr Tokarski,2024-12-14,3.81,369
2013TOKA01,Piotr Tokarski,2024-12-14,3.01,370
2013TOKA01,Piotr Tokarski,2025-01-11,4.7,371
2013TOKA01,Piotr Tokarski,2025-01-11,4.24,372
2013TOKA01,Piotr Tokarski,2025-01-25,4.15,373
2013TOKA01,Piotr Tokarski,2025-01-25,3.99,374
2013TOKA01,Piotr Tokarski,2025-02-15,3.59,375
2013TOKA01,Piotr Tokarski,2025-02-15,3.85,376
2013TOKA01,Piotr Tokarski,2025-02-16,4.34,377
2013TOKA01,Piotr Tokarski,2025-02-16,3.69,378
2013TOKA01,Piotr Tokarski,2025-02-22,3.8,379
2013TOKA01,Piotr Tokarski,2025-02-22,4.23,380
2013TOKA01,Piotr Tokarski,2025-02-23,4.68,381
2013TOKA01,Piotr Tokarski,2025-02-23,5.3,382
2013TOKA01,Piotr Tokarski,2025-03-23,5.14,383
2013TOKA01,Piotr Tokarski,2025-04-27,5.16,384
2013TOKA01,Piotr Tokarski,2025-04-27,5.97,385
2013TOKA01,Piotr Tokarski,2025-05-24,4.49,386
2013TOKA01,Piotr Tokarski,2025-05-24,4.18,387
2013TOKA01,Piotr Tokarski,2025-06-01,4.23,388
2013TOKA01,Piotr Tokarski,2025-06-01,5.0,389
2013TOKA01,Piotr Tokarski,2025-06-07,3.95,390
2013TOKA01,Piotr Tokarski,2025-08-10,4.58,391
2013TOKA01,Piotr Tokarski,2025-08-10,5.41,392
2013TOKA01,Piotr Tokarski,2025-10-11,4.87,393
2013TOKA01,Piotr Tokarski,2025-10-11,4.88,394
2013TOKA01,Piotr Tokarski,2025-10-12,5.63,395
2013TOKA01,Piotr Tokarski,2025-10-25,4.96,396
2013TOKA01,Piotr Tokarski,2025-11-22,3.7,397
2013TOKA01,Piotr Tokarski,2025-11-22,4.11,398
2013TOKA01,Piotr Tokarski,2025-11-29,3.79,399
2013TOKA01,Piotr Tokarski,2025-11-29,3.52,400
2013TOKA01,Piotr Tokarski,2025-12-13,5.01,401
2013TOKA01,Piotr Tokarski,2026-01-10,3.66,402
2013TOKA01,Piotr Tokarski,2026-01-10,3.69,403
2013TOKA01,Piotr Tokarski,2026-01-17,3.65,404
2013TOKA01,Piotr Tokarski,2026-01-17,3.86,405
2013TOKA01,Piotr Tokarski,2026-01-17,2.72,406
2013TOKA01,Piotr Tokarski,2026-01-24,4.41,407
2013TOKA01,Piotr Tokarski,2026-01-24,2.87,408
2013TOKA01,Piotr Tokarski,2026-02-21,4.6,409
2013TOKA01,Piotr Tokarski,2026-02-21,3.24,410
2013TOKA01,Piotr Tokarski,2026-02-28,3.15,411
2013TOKA01,Piotr Tokarski,2026-02-28,3.42,412
2013TOKA01,Piotr Tokarski,2026-03-21,4.51,413
2013TOKA01,Piotr Tokarski,2026-03-21,3.58,414
2013TOKA01,Piotr Tokarski,2026-04-18,5.1,415
2013TOKA01,Piotr Tokarski,2026-04-18,4.2,416
2013TOKA01,Piotr Tokarski,2026-04-19,4.74,417
2013TOKA01,Piotr Tokarski,2026-04-19,3.69,418
2013TOKA01,Piotr Tokarski,2026-04-25,4.82,419
2013TOKA01,Piotr Tokarski,2026-04-26,3.77,420
2013TOKA01,Piotr Tokarski,2026-04-26,4.26,421
2013WALL03,Daniel Wallin,2013-09-14,7.65,1
2013WALL03,Daniel Wallin,2014-02-08,6.08,2
2013WALL03,Daniel Wallin,2014-02-08,6.19,3
2013WALL03,Daniel Wallin,2014-05-03,5.81,4
2013WALL03,Daniel Wallin,2014-08-08,6.62,5
2013WALL03,Daniel Wallin,2014-08-08,5.72,6
2013WALL03,Daniel Wallin,2014-09-20,22.06,7
2013WALL03,Daniel Wallin,2014-09-20,7.7,8
2013WALL03,Daniel Wallin,2014-10-11,8.74,9
2013WALL03,Daniel Wallin,2015-01-17,4.87,10
2013WALL03,Daniel Wallin,2015-03-14,6.19,11
2013WALL03,Daniel Wallin,2015-03-14,6.21,12
2013WALL03,Daniel Wallin,2015-03-14,7.78,13
2013WALL03,Daniel Wallin,2015-05-02,5.78,14
2013WALL03,Daniel Wallin,2015-05-02,4.73,15
2013WALL03,Daniel Wallin,2015-05-02,4.77,16
2013WALL03,Daniel Wallin,2015-06-20,6.43,17
2013WALL03,Daniel Wallin,2015-06-20,6.38,18
2013WALL03,Daniel Wallin,2015-07-17,5.46,19
2013WALL03,Daniel Wallin,2015-07-17,6.83,20
2013WALL03,Daniel Wallin,2015-07-31,6.04,21
2013WALL03,Daniel Wallin,2015-07-31,5.52,22
2013WALL03,Daniel Wallin,2015-07-31,5.43,23
2013WALL03,Daniel Wallin,2015-08-16,4.46,24
2013WALL03,Daniel Wallin,2015-08-16,3.89,25
2013WALL03,Daniel Wallin,2015-10-09,4.93,26
2013WALL03,Daniel Wallin,2015-10-09,3.97,27
2013WALL03,Daniel Wallin,2015-10-09,5.35,28
2013WALL03,Daniel Wallin,2015-10-17,6.58,29
2013WALL03,Daniel Wallin,2015-10-17,3.8,30
2013WALL03,Daniel Wallin,2015-10-17,5.34,31
2013WALL03,Daniel Wallin,2015-10-24,4.42,32
2013WALL03,Daniel Wallin,2015-10-24,4.02,33
2013WALL03,Daniel Wallin,2015-10-24,5.51,34
2013WALL03,Daniel Wallin,2015-12-05,4.31,35
2013WALL03,Daniel Wallin,2016-01-03,3.92,36
2013WALL03,Daniel Wallin,2016-01-03,4.24,37
2013WALL03,Daniel Wallin,2016-01-03,5.52,38
2013WALL03,Daniel Wallin,2016-02-20,4.55,39
2013WALL03,Daniel Wallin,2016-03-04,4.52,40
2013WALL03,Daniel Wallin,2016-03-04,4.8,41
2013WALL03,Daniel Wallin,2016-05-07,6.51,42
2013WALL03,Daniel Wallin,2016-05-07,4.38,43
2013WALL03,Daniel Wallin,2016-05-07,4.45,44
2013WALL03,Daniel Wallin,2016-06-10,4.39,45
2013WALL03,Daniel Wallin,2016-06-10,4.27,46
2013WALL03,Daniel Wallin,2016-06-18,5.71,47
2013WALL03,Daniel Wallin,2016-06-18,4.08,48
2013WALL03,Daniel Wallin,2016-06-18,4.52,49
2013WALL03,Daniel Wallin,2016-07-15,4.82,50
2013WALL03,Daniel Wallin,2016-07-15,5.41,51
2013WALL03,Daniel Wallin,2016-10-15,4.4,52
2013WALL03,Daniel Wallin,2016-10-15,4.47,53
2013WALL03,Daniel Wallin,2016-11-26,5.4,54
2013WALL03,Daniel Wallin,2016-11-26,4.35,55
2013WALL03,Daniel Wallin,2016-11-26,7.8,56
2013WALL03,Daniel Wallin,2016-12-10,3.47,57
2013WALL03,Daniel Wallin,2016-12-10,3.83,58
2013WALL03,Daniel Wallin,2017-03-04,4.18,59
2013WALL03,Daniel Wallin,2017-03-04,4.36,60
2013WALL03,Daniel Wallin,2017-03-18,4.95,61
2013WALL03,Daniel Wallin,2017-03-18,4.2,62
2013WALL03,Daniel Wallin,2017-03-18,5.22,63
2013WALL03,Daniel Wallin,2017-04-08,4.62,64
2013WALL03,Daniel Wallin,2017-04-08,4.12,65
2013WALL03,Daniel Wallin,2017-04-29,4.32,66
2013WALL03,Daniel Wallin,2017-04-29,3.88,67
2013WALL03,Daniel Wallin,2017-04-29,4.25,68
2013WALL03,Daniel Wallin,2017-05-26,4.06,69
2013WALL03,Daniel Wallin,2017-05-26,3.7,70
2013WALL03,Daniel Wallin,2017-05-26,3.52,71
2013WALL03,Daniel Wallin,2017-07-08,4.97,72
2013WALL03,Daniel Wallin,2017-07-08,5.32,73
2013WALL03,Daniel Wallin,2017-07-13,4.22,74
2013WALL03,Daniel Wallin,2017-07-13,4.55,75
2013WALL03,Daniel Wallin,2017-07-29,5.26,76
2013WALL03,Daniel Wallin,2017-07-29,4.21,77
2013WALL03,Daniel Wallin,2017-07-29,3.7,78
2013WALL03,Daniel Wallin,2017-09-10,3.64,79
2013WALL03,Daniel Wallin,2017-09-30,4.98,80
2013WALL03,Daniel Wallin,2017-09-30,4.19,81
2013WALL03,Daniel Wallin,2017-09-30,7.58,82
2013WALL03,Daniel Wallin,2017-11-11,4.9,83
2013WALL03,Daniel Wallin,2017-11-11,5.18,84
2013WALL03,Daniel Wallin,2017-12-02,4.1,85
2013WALL03,Daniel Wallin,2017-12-02,4.82,86
2013WALL03,Daniel Wallin,2018-02-24,7.75,87
2013WALL03,Daniel Wallin,2018-02-24,4.35,88
2013WALL03,Daniel Wallin,2018-02-24,3.36,89
2013WALL03,Daniel Wallin,2018-03-17,7.28,90
2013WALL03,Daniel Wallin,2018-03-17,3.96,91
2013WALL03,Daniel Wallin,2018-03-31,4.63,92
2013WALL03,Daniel Wallin,2018-03-31,5.3,93
2013WALL03,Daniel Wallin,2018-03-31,3.73,94
2013WALL03,Daniel Wallin,2018-04-06,4.17,95
2013WALL03,Daniel Wallin,2018-04-06,4.14,96
2013WALL03,Daniel Wallin,2018-04-06,3.53,97
2013WALL03,Daniel Wallin,2018-04-28,4.0,98
2013WALL03,Daniel Wallin,2018-04-28,4.02,99
2013WALL03,Daniel Wallin,2018-05-11,4.57,100
2013WALL03,Daniel Wallin,2018-05-11,4.27,101
2013WALL03,Daniel Wallin,2018-05-11,4.22,102
2013WALL03,Daniel Wallin,2018-06-30,4.98,103
2013WALL03,Daniel Wallin,2018-06-30,6.29,104
2013WALL03,Daniel Wallin,2018-06-30,4.62,105
2013WALL03,Daniel Wallin,2018-07-19,3.9,106
2013WALL03,Daniel Wallin,2018-07-19,4.47,107
2013WALL03,Daniel Wallin,2018-07-19,4.73,108
2013WALL03,Daniel Wallin,2018-08-24,4.59,109
2013WALL03,Daniel Wallin,2018-08-24,5.02,110
2013WALL03,Daniel Wallin,2018-08-24,4.2,111
2013WALL03,Daniel Wallin,2018-09-01,4.67,112
2013WALL03,Daniel Wallin,2018-09-01,3.3,113
2013WALL03,Daniel Wallin,2018-09-01,3.91,114
2013WALL03,Daniel Wallin,2018-09-07,4.21,115
2013WALL03,Daniel Wallin,2018-09-07,4.44,116
2013WALL03,Daniel Wallin,2018-09-15,4.38,117
2013WALL03,Daniel Wallin,2018-09-15,4.13,118
2013WALL03,Daniel Wallin,2018-09-22,4.46,119
2013WALL03,Daniel Wallin,2018-09-22,4.15,120
2013WALL03,Daniel Wallin,2018-09-22,3.88,121
2013WALL03,Daniel Wallin,2018-10-12,4.79,122
2013WALL03,Daniel Wallin,2018-10-12,3.79,123
2013WALL03,Daniel Wallin,2018-10-20,4.26,124
2013WALL03,Daniel Wallin,2018-10-20,4.3,125
2013WALL03,Daniel Wallin,2018-10-26,4.34,126
2013WALL03,Daniel Wallin,2018-10-26,4.47,127
2013WALL03,Daniel Wallin,2018-11-02,3.3,128
2013WALL03,Daniel Wallin,2018-11-02,4.47,129
2013WALL03,Daniel Wallin,2018-11-02,4.11,130
2013WALL03,Daniel Wallin,2018-11-16,4.8,131
2013WALL03,Daniel Wallin,2018-11-16,5.15,132
2013WALL03,Daniel Wallin,2018-11-16,4.19,133
2013WALL03,Daniel Wallin,2018-11-30,3.27,134
2013WALL03,Daniel Wallin,2018-11-30,4.42,135
2013WALL03,Daniel Wallin,2018-11-30,4.22,136
2013WALL03,Daniel Wallin,2019-01-12,4.34,137
2013WALL03,Daniel Wallin,2019-01-12,3.18,138
2013WALL03,Daniel Wallin,2019-01-26,4.16,139
2013WALL03,Daniel Wallin,2019-01-26,4.97,140
2013WALL03,Daniel Wallin,2019-01-26,3.8,141
2013WALL03,Daniel Wallin,2019-03-09,3.79,142
2013WALL03,Daniel Wallin,2019-03-09,5.34,143
2013WALL03,Daniel Wallin,2019-03-09,3.83,144
2013WALL03,Daniel Wallin,2019-03-15,3.63,145
2013WALL03,Daniel Wallin,2019-03-15,4.42,146
2013WALL03,Daniel Wallin,2019-03-29,3.12,147
2013WALL03,Daniel Wallin,2019-03-29,3.46,148
2013WALL03,Daniel Wallin,2019-03-29,3.31,149
2013WALL03,Daniel Wallin,2019-04-13,3.67,150
2013WALL03,Daniel Wallin,2019-04-13,3.79,151
2013WALL03,Daniel Wallin,2019-05-03,5.03,152
2013WALL03,Daniel Wallin,2019-05-03,3.63,153
2013WALL03,Daniel Wallin,2019-05-03,5.28,154
2013WALL03,Daniel Wallin,2019-05-30,4.07,155
2013WALL03,Daniel Wallin,2019-05-30,3.26,156
2013WALL03,Daniel Wallin,2019-05-30,3.47,157
2013WALL03,Daniel Wallin,2019-05-30,4.87,158
2013WALL03,Daniel Wallin,2019-06-22,5.25,159
2013WALL03,Daniel Wallin,2019-06-22,4.31,160
2013WALL03,Daniel Wallin,2019-06-22,3.88,161
2013WALL03,Daniel Wallin,2019-07-06,4.57,162
2013WALL03,Daniel Wallin,2019-07-06,4.06,163
2013WALL03,Daniel Wallin,2019-07-11,4.97,164
2013WALL03,Daniel Wallin,2019-07-11,4.76,165
2013WALL03,Daniel Wallin,2019-08-03,3.81,166
2013WALL03,Daniel Wallin,2019-08-03,3.77,167
2013WALL03,Daniel Wallin,2019-08-03,3.66,168
2013WALL03,Daniel Wallin,2019-08-10,4.21,169
2013WALL03,Daniel Wallin,2019-08-10,3.92,170
2013WALL03,Daniel Wallin,2019-09-13,4.24,171
2013WALL03,Daniel Wallin,2019-09-13,3.7,172
2013WALL03,Daniel Wallin,2019-10-05,4.17,173
2013WALL03,Daniel Wallin,2019-10-05,4.12,174
2013WALL03,Daniel Wallin,2019-10-05,3.94,175
2013WALL03,Daniel Wallin,2019-10-17,4.1,176
2013WALL03,Daniel Wallin,2019-10-17,3.79,177
2013WALL03,Daniel Wallin,2019-10-17,3.94,178
2013WALL03,Daniel Wallin,2019-11-02,5.09,179
2013WALL03,Daniel Wallin,2019-11-02,4.2,180
2013WALL03,Daniel Wallin,2019-11-02,4.13,181
2013WALL03,Daniel Wallin,2019-12-07,3.71,182
2013WALL03,Daniel Wallin,2019-12-07,4.54,183
2013WALL03,Daniel Wallin,2019-12-07,4.2,184
2013WALL03,Daniel Wallin,2020-01-04,3.47,185
2013WALL03,Daniel Wallin,2020-01-04,4.63,186
2013WALL03,Daniel Wallin,2020-01-31,4.19,187
2013WALL03,Daniel Wallin,2020-01-31,3.33,188
2013WALL03,Daniel Wallin,2020-01-31,5.94,189
2013WALL03,Daniel Wallin,2020-09-26,3.66,190
2013WALL03,Daniel Wallin,2020-09-26,5.4,191
2013WALL03,Daniel Wallin,2021-08-14,6.41,192
2013WALL03,Daniel Wallin,2021-08-14,5.76,193
2013WALL03,Daniel Wallin,2021-09-04,4.73,194
2013WALL03,Daniel Wallin,2021-09-04,3.95,195
2013WALL03,Daniel Wallin,2021-10-02,5.01,196
2013WALL03,Daniel Wallin,2021-10-02,4.8,197
2013WALL03,Daniel Wallin,2021-10-02,5.08,198
2013WALL03,Daniel Wallin,2021-11-05,5.65,199
2013WALL03,Daniel Wallin,2021-11-05,5.62,200
2013WALL03,Daniel Wallin,2021-11-05,3.97,201
2013WALL03,Daniel Wallin,2021-11-12,4.19,202
2013WALL03,Daniel Wallin,2021-11-12,4.64,203
2013WALL03,Daniel Wallin,2021-11-12,4.07,204
2013WALL03,Daniel Wallin,2021-11-27,4.79,205
2013WALL03,Daniel Wallin,2021-11-27,4.36,206
2013WALL03,Daniel Wallin,2021-11-27,3.2,207
2013WALL03,Daniel Wallin,2022-03-05,4.46,208
2013WALL03,Daniel Wallin,2022-03-05,4.02,209
2013WALL03,Daniel Wallin,2022-04-01,6.39,210
2013WALL03,Daniel Wallin,2022-04-01,5.31,211
2013WALL03,Daniel Wallin,2022-04-01,3.92,212
2013WALL03,Daniel Wallin,2022-04-29,3.83,213
2013WALL03,Daniel Wallin,2022-04-29,4.81,214
2013WALL03,Daniel Wallin,2022-04-29,5.86,215
2013WALL03,Daniel Wallin,2022-06-11,4.19,216
2013WALL03,Daniel Wallin,2022-06-11,3.4,217
2013WALL03,Daniel Wallin,2022-06-24,4.3,218
2013WALL03,Daniel Wallin,2022-06-24,3.99,219
2013WALL03,Daniel Wallin,2022-07-09,5.41,220
2013WALL03,Daniel Wallin,2022-07-09,5.17,221
2013WALL03,Daniel Wallin,2022-09-03,5.24,222
2013WALL03,Daniel Wallin,2022-09-03,3.77,223
2013WALL03,Daniel Wallin,2022-09-03,5.42,224
2013WALL03,Daniel Wallin,2022-10-01,6.28,225
2013WALL03,Daniel Wallin,2022-10-14,4.66,226
2013WALL03,Daniel Wallin,2022-10-28,3.47,227
2013WALL03,Daniel Wallin,2022-10-28,4.47,228
2013WALL03,Daniel Wallin,2022-10-28,5.1,229
2013WALL03,Daniel Wallin,2022-11-19,3.85,230
2013WALL03,Daniel Wallin,2022-11-19,4.15,231
2013WALL03,Daniel Wallin,2022-11-19,4.15,232
2013WALL03,Daniel Wallin,2022-11-28,4.64,233
2013WALL03,Daniel Wallin,2022-12-11,4.9,234
2013WALL03,Daniel Wallin,2022-12-11,3.63,235
2013WALL03,Daniel Wallin,2022-12-17,3.65,236
2013WALL03,Daniel Wallin,2022-12-17,3.92,237
2013WALL03,Daniel Wallin,2022-12-17,5.67,238
2013WALL03,Daniel Wallin,2022-12-26,5.05,239
2013WALL03,Daniel Wallin,2023-01-07,5.0,240
2013WALL03,Daniel Wallin,2023-01-07,3.9,241
2013WALL03,Daniel Wallin,2023-01-13,4.43,242
2013WALL03,Daniel Wallin,2023-01-13,4.62,243
2013WALL03,Daniel Wallin,2023-01-28,4.36,244
2013WALL03,Daniel Wallin,2023-01-28,4.1,245
2013WALL03,Daniel Wallin,2023-01-28,3.51,246
2013WALL03,Daniel Wallin,2023-02-01,4.94,247
2013WALL03,Daniel Wallin,2023-02-03,3.76,248
2013WALL03,Daniel Wallin,2023-02-11,5.62,249
2013WALL03,Daniel Wallin,2023-03-04,4.69,250
2013WALL03,Daniel Wallin,2023-03-04,4.56,251
2013WALL03,Daniel Wallin,2023-03-04,3.58,252
2013WALL03,Daniel Wallin,2023-03-11,4.07,253
2013WALL03,Daniel Wallin,2023-03-11,3.2,254
2013WALL03,Daniel Wallin,2023-03-16,4.19,255
2013WALL03,Daniel Wallin,2023-03-25,3.99,256
2013WALL03,Daniel Wallin,2023-03-25,4.29,257
2013WALL03,Daniel Wallin,2023-03-25,3.27,258
2013WALL03,Daniel Wallin,2023-04-01,3.18,259
2013WALL03,Daniel Wallin,2023-04-01,3.25,260
2013WALL03,Daniel Wallin,2023-04-01,4.4,261
2013WALL03,Daniel Wallin,2023-04-10,5.28,262
2013WALL03,Daniel Wallin,2023-04-10,4.75,263
2013WALL03,Daniel Wallin,2023-04-15,4.58,264
2013WALL03,Daniel Wallin,2023-04-15,4.07,265
2013WALL03,Daniel Wallin,2023-04-22,5.81,266
2013WALL03,Daniel Wallin,2023-04-22,3.76,267
2013WALL03,Daniel Wallin,2023-04-24,3.76,268
2013WALL03,Daniel Wallin,2023-04-29,4.35,269
2013WALL03,Daniel Wallin,2023-04-29,3.18,270
2013WALL03,Daniel Wallin,2023-04-29,3.45,271
2013WALL03,Daniel Wallin,2023-05-06,4.51,272
2013WALL03,Daniel Wallin,2023-05-06,4.35,273
2013WALL03,Daniel Wallin,2023-05-11,3.65,274
2013WALL03,Daniel Wallin,2023-05-13,3.81,275
2013WALL03,Daniel Wallin,2023-05-13,3.76,276
2013WALL03,Daniel Wallin,2023-05-20,5.23,277
2013WALL03,Daniel Wallin,2023-05-20,4.31,278
2013WALL03,Daniel Wallin,2023-05-29,4.35,279
2013WALL03,Daniel Wallin,2023-06-03,4.41,280
2013WALL03,Daniel Wallin,2023-06-03,3.76,281
2013WALL03,Daniel Wallin,2023-06-03,4.39,282
2013WALL03,Daniel Wallin,2023-06-16,3.66,283
2013WALL03,Daniel Wallin,2023-06-16,4.87,284
2013WALL03,Daniel Wallin,2023-06-16,4.44,285
2013WALL03,Daniel Wallin,2023-07-08,5.06,286
2013WALL03,Daniel Wallin,2023-07-08,3.75,287
2013WALL03,Daniel Wallin,2023-07-22,3.76,288
2013WALL03,Daniel Wallin,2023-07-22,3.83,289
2013WALL03,Daniel Wallin,2023-09-09,3.82,290
2013WALL03,Daniel Wallin,2023-09-09,5.17,291
2013WALL03,Daniel Wallin,2023-09-09,4.25,292
2013WALL03,Daniel Wallin,2023-09-18,4.08,293
2013WALL03,Daniel Wallin,2023-10-07,4.83,294
2013WALL03,Daniel Wallin,2023-10-07,4.47,295
2013WALL03,Daniel Wallin,2023-10-07,4.75,296
2013WALL03,Daniel Wallin,2023-10-09,3.97,297
2013WALL03,Daniel Wallin,2023-10-14,3.57,298
2013WALL03,Daniel Wallin,2023-11-11,4.98,299
2013WALL03,Daniel Wallin,2023-11-11,4.56,300
2013WALL03,Daniel Wallin,2023-11-11,4.23,301
2013WALL03,Daniel Wallin,2023-11-13,4.42,302
2013WALL03,Daniel Wallin,2023-11-18,4.21,303
2013WALL03,Daniel Wallin,2023-11-19,4.15,304
2013WALL03,Daniel Wallin,2023-11-19,4.12,305
2013WALL03,Daniel Wallin,2023-11-19,3.11,306
2013WALL03,Daniel Wallin,2023-11-23,3.16,307
2013WALL03,Daniel Wallin,2023-12-02,4.98,308
2013WALL03,Daniel Wallin,2023-12-02,5.91,309
2013WALL03,Daniel Wallin,2023-12-08,4.57,310
2013WALL03,Daniel Wallin,2023-12-08,3.64,311
2013WALL03,Daniel Wallin,2024-01-11,4.45,312
2013WALL03,Daniel Wallin,2024-01-13,3.73,313
2013WALL03,Daniel Wallin,2024-01-22,3.61,314
2013WALL03,Daniel Wallin,2024-01-28,4.91,315
2013WALL03,Daniel Wallin,2024-02-03,3.13,316
2013WALL03,Daniel Wallin,2024-02-24,4.6,317
2013WALL03,Daniel Wallin,2024-02-24,3.95,318
2013WALL03,Daniel Wallin,2024-02-28,4.38,319
2013WALL03,Daniel Wallin,2024-03-02,4.92,320
2013WALL03,Daniel Wallin,2024-03-02,3.78,321
2013WALL03,Daniel Wallin,2024-03-16,3.78,322
2013WALL03,Daniel Wallin,2024-03-16,3.42,323
2013WALL03,Daniel Wallin,2024-03-23,4.36,324
2013WALL03,Daniel Wallin,2024-03-25,3.35,325
2013WALL03,Daniel Wallin,2024-04-06,4.84,326
2013WALL03,Daniel Wallin,2024-04-06,3.94,327
2013WALL03,Daniel Wallin,2024-04-09,4.05,328
2013WALL03,Daniel Wallin,2024-04-13,4.18,329
2013WALL03,Daniel Wallin,2024-04-20,3.82,330
2013WALL03,Daniel Wallin,2024-04-20,3.59,331
2013WALL03,Daniel Wallin,2024-04-21,3.91,332
2013WALL03,Daniel Wallin,2024-05-10,4.92,333
2013WALL03,Daniel Wallin,2024-05-10,4.61,334
2013WALL03,Daniel Wallin,2024-05-10,5.89,335
2013WALL03,Daniel Wallin,2024-05-19,3.76,336
2013WALL03,Daniel Wallin,2024-05-19,4.13,337
2013WALL03,Daniel Wallin,2024-05-23,3.62,338
2013WALL03,Daniel Wallin,2024-05-30,3.4,339
2013WALL03,Daniel Wallin,2024-06-01,3.23,340
2013WALL03,Daniel Wallin,2024-06-05,3.74,341
2013WALL03,Daniel Wallin,2024-06-15,3.98,342
2013WALL03,Daniel Wallin,2024-06-28,3.39,343
2013WALL03,Daniel Wallin,2024-06-28,5.81,344
2013WALL03,Daniel Wallin,2024-07-06,4.86,345
2013WALL03,Daniel Wallin,2024-07-06,4.64,346
2013WALL03,Daniel Wallin,2024-07-19,4.74,347
2013WALL03,Daniel Wallin,2024-08-24,3.41,348
2013WALL03,Daniel Wallin,2024-08-27,3.87,349
2013WALL03,Daniel Wallin,2024-09-06,4.56,350
2013WALL03,Daniel Wallin,2024-09-06,4.58,351
2013WALL03,Daniel Wallin,2024-09-06,9.41,352
2013WALL03,Daniel Wallin,2024-09-25,3.55,353
2013WALL03,Daniel Wallin,2024-10-05,4.39,354
2013WALL03,Daniel Wallin,2024-10-05,3.6,355
2013WALL03,Daniel Wallin,2024-10-05,3.3,356
2013WALL03,Daniel Wallin,2024-10-08,3.76,357
2013WALL03,Daniel Wallin,2024-10-19,4.14,358
2013WALL03,Daniel Wallin,2024-10-19,3.42,359
2013WALL03,Daniel Wallin,2024-10-26,4.67,360
2013WALL03,Daniel Wallin,2024-10-26,4.09,361
2013WALL03,Daniel Wallin,2024-11-02,4.06,362
2013WALL03,Daniel Wallin,2024-11-08,7.06,363
2013WALL03,Daniel Wallin,2024-11-08,3.87,364
2013WALL03,Daniel Wallin,2024-11-08,3.85,365
2013WALL03,Daniel Wallin,2024-11-14,5.14,366
2013WALL03,Daniel Wallin,2024-11-16,4.91,367
2013WALL03,Daniel Wallin,2024-11-16,5.35,368
2013WALL03,Daniel Wallin,2024-11-23,3.81,369
2013WALL03,Daniel Wallin,2024-11-23,4.18,370
2013WALL03,Daniel Wallin,2024-11-23,3.54,371
2013WALL03,Daniel Wallin,2024-12-07,4.19,372
2013WALL03,Daniel Wallin,2024-12-16,3.66,373
2013WALL03,Daniel Wallin,2024-12-27,4.07,374
2013WALL03,Daniel Wallin,2024-12-27,3.77,375
2013WALL03,Daniel Wallin,2024-12-27,3.5,376
2013WALL03,Daniel Wallin,2025-01-09,4.63,377
2013WALL03,Daniel Wallin,2025-01-16,4.66,378
2013WALL03,Daniel Wallin,2025-01-18,4.04,379
2013WALL03,Daniel Wallin,2025-02-15,4.99,380
2013WALL03,Daniel Wallin,2025-02-19,5.64,381
2013WALL03,Daniel Wallin,2025-02-22,5.14,382
2013WALL03,Daniel Wallin,2025-02-22,6.74,383
2013WALL03,Daniel Wallin,2025-03-01,4.21,384
2013WALL03,Daniel Wallin,2025-03-25,3.79,385
2013WALL03,Daniel Wallin,2025-04-05,3.93,386
2013WALL03,Daniel Wallin,2025-04-06,3.23,387
2013WALL03,Daniel Wallin,2025-04-06,4.38,388
2013WALL03,Daniel Wallin,2025-04-17,4.52,389
2013WALL03,Daniel Wallin,2025-04-26,4.26,390
2013WALL03,Daniel Wallin,2025-05-10,3.52,391
2013WALL03,Daniel Wallin,2025-05-15,5.88,392
2013WALL03,Daniel Wallin,2025-05-16,4.2,393
2013WALL03,Daniel Wallin,2025-05-16,3.32,394
2013WALL03,Daniel Wallin,2025-05-22,3.65,395
2013WALL03,Daniel Wallin,2025-06-06,4.59,396
2013WALL03,Daniel Wallin,2025-06-06,4.73,397
2013WALL03,Daniel Wallin,2025-06-22,4.33,398
2013WALL03,Daniel Wallin,2025-07-19,3.26,399
2013WALL03,Daniel Wallin,2025-07-19,4.93,400
2013WALL03,Daniel Wallin,2025-08-29,5.56,401
2013WALL03,Daniel Wallin,2025-08-29,3.63,402
2013WALL03,Daniel Wallin,2025-08-29,4.08,403
2013WALL03,Daniel Wallin,2025-09-10,4.22,404
2013WALL03,Daniel Wallin,2025-09-11,4.24,405
2013WALL03,Daniel Wallin,2025-09-27,3.89,406
2013WALL03,Daniel Wallin,2025-09-27,5.38,407
2013WALL03,Daniel Wallin,2025-10-25,4.73,408
2013WALL03,Daniel Wallin,2025-10-25,4.98,409
2013WALL03,Daniel Wallin,2025-10-29,4.21,410
2013WALL03,Daniel Wallin,2025-11-06,4.78,411
2013WALL03,Daniel Wallin,2025-11-15,5.12,412
2013WALL03,Daniel Wallin,2025-11-15,4.04,413
2013WALL03,Daniel Wallin,2025-11-20,4.87,414
2013WALL03,Daniel Wallin,2025-11-29,3.64,415
2013WALL03,Daniel Wallin,2025-11-29,4.67,416
2013WALL03,Daniel Wallin,2025-11-29,4.45,417
2013WALL03,Daniel Wallin,2025-12-04,3.56,418
2013WALL03,Daniel Wallin,2025-12-06,4.44,419
2013WALL03,Daniel Wallin,2025-12-06,4.96,420
2013WALL03,Daniel Wallin,2025-12-13,4.44,421
2013WALL03,Daniel Wallin,2025-12-13,4.49,422
2013WALL03,Daniel Wallin,2026-01-02,4.87,423
2013WALL03,Daniel Wallin,2026-01-05,4.53,424
2013WALL03,Daniel Wallin,2026-01-06,3.44,425
2013WALL03,Daniel Wallin,2026-01-10,5.4,426
2013WALL03,Daniel Wallin,2026-01-10,5.04,427
2013WALL03,Daniel Wallin,2026-01-23,3.99,428
2013WALL03,Daniel Wallin,2026-01-23,5.99,429
2013WALL03,Daniel Wallin,2026-01-31,5.58,430
2013WALL03,Daniel Wallin,2026-02-07,3.79,431
2013WALL03,Daniel Wallin,2026-02-17,3.97,432
2013WALL03,Daniel Wallin,2026-02-21,5.1,433
2013WALL03,Daniel Wallin,2026-03-06,4.66,434
2013WALL03,Daniel Wallin,2026-03-06,4.86,435
2013WALL03,Daniel Wallin,2026-03-06,3.52,436
2013WALL03,Daniel Wallin,2026-03-12,3.76,437
2013WALL03,Daniel Wallin,2026-03-14,4.09,438
2013WALL03,Daniel Wallin,2026-03-21,3.48,439
2013WALL03,Daniel Wallin,2026-03-21,5.08,440
2013WALL03,Daniel Wallin,2026-04-11,5.21,441
2013WALL03,Daniel Wallin,2026-04-14,4.34,442
2013WALL03,Daniel Wallin,2026-04-17,6.36,443
2013WALL03,Daniel Wallin,2026-04-17,6.56,444
2013WALL03,Daniel Wallin,2026-04-17,4.12,445
2013WALL03,Daniel Wallin,2026-05-01,3.64,446
2013WALL03,Daniel Wallin,2026-05-01,2.86,447
2013WALL03,Daniel Wallin,2026-05-09,4.92,448
2013WALL03,Daniel Wallin,2026-05-25,3.53,449
2013WARY01,Rafał Waryszak,2014-03-15,8.53,1
2013WARY01,Rafał Waryszak,2014-03-15,9.26,2
2013WARY01,Rafał Waryszak,2014-06-28,5.09,3
2013WARY01,Rafał Waryszak,2014-06-28,5.15,4
2013WARY01,Rafał Waryszak,2014-06-28,6.85,5
2013WARY01,Rafał Waryszak,2014-07-26,4.5,6
2013WARY01,Rafał Waryszak,2014-07-26,4.75,7
2013WARY01,Rafał Waryszak,2014-07-26,4.38,8
2013WARY01,Rafał Waryszak,2014-09-06,3.95,9
2013WARY01,Rafał Waryszak,2015-02-21,4.72,10
2013WARY01,Rafał Waryszak,2015-02-28,3.52,11
2013WARY01,Rafał Waryszak,2015-02-28,3.58,12
2013WARY01,Rafał Waryszak,2015-02-28,3.39,13
2013WARY01,Rafał Waryszak,2015-03-27,4.38,14
2013WARY01,Rafał Waryszak,2015-03-27,2.97,15
2013WARY01,Rafał Waryszak,2015-05-30,3.79,16
2013WARY01,Rafał Waryszak,2015-05-30,3.99,17
2013WARY01,Rafał Waryszak,2015-05-30,4.3,18
2013WARY01,Rafał Waryszak,2015-06-27,4.18,19
2013WARY01,Rafał Waryszak,2015-07-18,3.79,20
2013WARY01,Rafał Waryszak,2015-07-18,4.21,21
2013WARY01,Rafał Waryszak,2015-07-18,5.06,22
2013WARY01,Rafał Waryszak,2015-09-19,4.1,23
2013WARY01,Rafał Waryszak,2015-09-19,3.71,24
2013WARY01,Rafał Waryszak,2015-10-09,3.09,25
2013WARY01,Rafał Waryszak,2015-10-09,2.83,26
2013WARY01,Rafał Waryszak,2015-10-09,4.23,27
2013WARY01,Rafał Waryszak,2015-12-05,4.16,28
2013WARY01,Rafał Waryszak,2015-12-05,3.66,29
2013WARY01,Rafał Waryszak,2015-12-05,3.33,30
2013WARY01,Rafał Waryszak,2016-01-09,3.09,31
2013WARY01,Rafał Waryszak,2016-01-09,3.96,32
2013WARY01,Rafał Waryszak,2016-04-30,3.14,33
2013WARY01,Rafał Waryszak,2016-04-30,3.75,34
2013WARY01,Rafał Waryszak,2016-06-04,2.64,35
2013WARY01,Rafał Waryszak,2016-06-04,3.59,36
2013WARY01,Rafał Waryszak,2016-06-04,3.3,37
2013WARY01,Rafał Waryszak,2016-06-11,3.44,38
2013WARY01,Rafał Waryszak,2016-06-11,2.7,39
2013WARY01,Rafał Waryszak,2016-06-11,3.57,40
2013WARY01,Rafał Waryszak,2016-07-09,3.86,41
2013WARY01,Rafał Waryszak,2016-07-09,3.0,42
2013WARY01,Rafał Waryszak,2016-07-15,3.16,43
2013WARY01,Rafał Waryszak,2016-07-15,3.62,44
2013WARY01,Rafał Waryszak,2016-07-15,3.97,45
2013WARY01,Rafał Waryszak,2016-07-19,3.47,46
2013WARY01,Rafał Waryszak,2016-07-19,2.41,47
2013WARY01,Rafał Waryszak,2016-08-27,3.9,48
2013WARY01,Rafał Waryszak,2016-08-27,3.01,49
2013WARY01,Rafał Waryszak,2016-08-27,3.74,50
2013WARY01,Rafał Waryszak,2016-10-08,2.57,51
2013WARY01,Rafał Waryszak,2016-10-08,2.84,52
2013WARY01,Rafał Waryszak,2016-12-09,3.48,53
2013WARY01,Rafał Waryszak,2016-12-09,4.01,54
2013WARY01,Rafał Waryszak,2016-12-09,2.52,55
2013WARY01,Rafał Waryszak,2016-12-17,3.33,56
2013WARY01,Rafał Waryszak,2016-12-17,3.18,57
2013WARY01,Rafał Waryszak,2016-12-17,3.47,58
2013WARY01,Rafał Waryszak,2017-03-11,2.93,59
2013WARY01,Rafał Waryszak,2017-03-11,2.71,60
2013WARY01,Rafał Waryszak,2017-03-11,3.56,61
2013WARY01,Rafał Waryszak,2017-03-25,3.31,62
2013WARY01,Rafał Waryszak,2017-03-25,3.12,63
2013WARY01,Rafał Waryszak,2017-03-25,3.28,64
2013WARY01,Rafał Waryszak,2017-04-01,3.11,65
2013WARY01,Rafał Waryszak,2017-04-01,3.16,66
2013WARY01,Rafał Waryszak,2017-05-27,2.5,67
2013WARY01,Rafał Waryszak,2017-05-27,3.72,68
2013WARY01,Rafał Waryszak,2017-05-27,3.06,69
2013WARY01,Rafał Waryszak,2017-06-10,3.19,70
2013WARY01,Rafał Waryszak,2017-06-10,3.29,71
2013WARY01,Rafał Waryszak,2017-06-10,2.77,72
2013WARY01,Rafał Waryszak,2017-09-15,3.11,73
2013WARY01,Rafał Waryszak,2017-09-15,3.12,74
2013WARY01,Rafał Waryszak,2017-09-15,2.76,75
2013WARY01,Rafał Waryszak,2017-10-14,3.58,76
2013WARY01,Rafał Waryszak,2017-10-14,3.0,77
2013WARY01,Rafał Waryszak,2017-10-14,2.49,78
2013WARY01,Rafał Waryszak,2017-11-17,3.2,79
2013WARY01,Rafał Waryszak,2017-11-17,3.67,80
2013WARY01,Rafał Waryszak,2017-11-17,3.94,81
2013WARY01,Rafał Waryszak,2017-12-02,3.23,82
2013WARY01,Rafał Waryszak,2017-12-02,3.47,83
2013WARY01,Rafał Waryszak,2018-01-13,3.05,84
2013WARY01,Rafał Waryszak,2018-01-13,3.28,85
2013WARY01,Rafał Waryszak,2018-01-13,2.52,86
2013WARY01,Rafał Waryszak,2018-02-10,2.39,87
2013WARY01,Rafał Waryszak,2018-02-17,3.29,88
2013WARY01,Rafał Waryszak,2018-02-17,2.38,89
2013WARY01,Rafał Waryszak,2018-02-24,3.83,90
2013WARY01,Rafał Waryszak,2018-02-24,3.51,91
2013WARY01,Rafał Waryszak,2018-02-24,4.39,92
2013WARY01,Rafał Waryszak,2018-03-17,2.51,93
2013WARY01,Rafał Waryszak,2018-03-17,3.39,94
2013WARY01,Rafał Waryszak,2018-04-21,3.49,95
2013WARY01,Rafał Waryszak,2018-04-21,3.31,96
2013WARY01,Rafał Waryszak,2018-05-26,3.01,97
2013WARY01,Rafał Waryszak,2018-05-26,2.86,98
2013WARY01,Rafał Waryszak,2018-06-30,3.08,99
2013WARY01,Rafał Waryszak,2018-06-30,2.96,100
2013WARY01,Rafał Waryszak,2018-06-30,2.77,101
2013WARY01,Rafał Waryszak,2018-07-05,3.09,102
2013WARY01,Rafał Waryszak,2018-07-05,2.36,103
2013WARY01,Rafał Waryszak,2018-07-05,2.88,104
2013WARY01,Rafał Waryszak,2018-07-28,2.59,105
2013WARY01,Rafał Waryszak,2018-07-28,3.03,106
2013WARY01,Rafał Waryszak,2018-07-31,2.98,107
2013WARY01,Rafał Waryszak,2018-07-31,2.72,108
2013WARY01,Rafał Waryszak,2018-07-31,2.56,109
2013WARY01,Rafał Waryszak,2018-08-04,2.87,110
2013WARY01,Rafał Waryszak,2018-08-04,3.48,111
2013WARY01,Rafał Waryszak,2018-08-04,2.68,112
2013WARY01,Rafał Waryszak,2018-09-15,3.56,113
2013WARY01,Rafał Waryszak,2018-09-15,2.7,114
2013WARY01,Rafał Waryszak,2018-09-15,3.29,115
2013WARY01,Rafał Waryszak,2018-10-13,3.52,116
2013WARY01,Rafał Waryszak,2018-10-13,4.15,117
2013WARY01,Rafał Waryszak,2018-10-13,3.0,118
2013WARY01,Rafał Waryszak,2018-10-26,3.18,119
2013WARY01,Rafał Waryszak,2018-10-26,3.4,120
2013WARY01,Rafał Waryszak,2018-10-26,2.86,121
2013WARY01,Rafał Waryszak,2018-11-03,2.86,122
2013WARY01,Rafał Waryszak,2018-11-03,2.58,123
2013WARY01,Rafał Waryszak,2018-11-17,2.55,124
2013WARY01,Rafał Waryszak,2018-11-17,2.58,125
2013WARY01,Rafał Waryszak,2018-12-08,2.76,126
2013WARY01,Rafał Waryszak,2018-12-08,3.06,127
2013WARY01,Rafał Waryszak,2018-12-08,2.58,128
2013WARY01,Rafał Waryszak,2018-12-15,3.15,129
2013WARY01,Rafał Waryszak,2018-12-15,3.26,130
2013WARY01,Rafał Waryszak,2019-01-12,3.26,131
2013WARY01,Rafał Waryszak,2019-01-12,3.05,132
2013WARY01,Rafał Waryszak,2019-01-12,4.03,133
2013WARY01,Rafał Waryszak,2019-02-02,2.55,134
2013WARY01,Rafał Waryszak,2019-02-02,2.82,135
2013WARY01,Rafał Waryszak,2019-02-02,3.11,136
2013WARY01,Rafał Waryszak,2019-03-16,2.71,137
2013WARY01,Rafał Waryszak,2019-03-16,2.83,138
2013WARY01,Rafał Waryszak,2019-05-18,2.78,139
2013WARY01,Rafał Waryszak,2019-05-18,3.93,140
2013WARY01,Rafał Waryszak,2019-05-18,2.49,141
2013WARY01,Rafał Waryszak,2019-06-01,3.27,142
2013WARY01,Rafał Waryszak,2019-06-01,3.71,143
2013WARY01,Rafał Waryszak,2019-06-01,2.37,144
2013WARY01,Rafał Waryszak,2019-06-29,3.67,145
2013WARY01,Rafał Waryszak,2019-06-29,3.09,146
2013WARY01,Rafał Waryszak,2019-07-13,3.04,147
2013WARY01,Rafał Waryszak,2019-07-13,2.69,148
2013WARY01,Rafał Waryszak,2019-07-20,3.09,149
2013WARY01,Rafał Waryszak,2019-07-20,4.02,150
2013WARY01,Rafał Waryszak,2019-07-27,3.37,151
2013WARY01,Rafał Waryszak,2019-07-27,2.8,152
2013WARY01,Rafał Waryszak,2019-08-24,4.57,153
2013WARY01,Rafał Waryszak,2019-09-13,3.08,154
2013WARY01,Rafał Waryszak,2019-09-13,3.97,155
2013WARY01,Rafał Waryszak,2019-09-13,2.72,156
2013WARY01,Rafał Waryszak,2019-09-21,3.92,157
2013WARY01,Rafał Waryszak,2019-09-21,3.17,158
2013WARY01,Rafał Waryszak,2019-10-05,3.26,159
2013WARY01,Rafał Waryszak,2019-10-05,3.68,160
2013WARY01,Rafał Waryszak,2019-10-05,3.14,161
2013WARY01,Rafał Waryszak,2019-10-11,3.32,162
2013WARY01,Rafał Waryszak,2019-10-11,2.57,163
2013WARY01,Rafał Waryszak,2019-10-11,2.87,164
2013WARY01,Rafał Waryszak,2019-10-19,3.24,165
2013WARY01,Rafał Waryszak,2019-10-19,2.68,166
2013WARY01,Rafał Waryszak,2019-10-26,3.47,167
2013WARY01,Rafał Waryszak,2019-10-26,2.61,168
2013WARY01,Rafał Waryszak,2019-11-09,2.61,169
2013WARY01,Rafał Waryszak,2019-11-09,2.89,170
2013WARY01,Rafał Waryszak,2019-11-09,2.7,171
2013WARY01,Rafał Waryszak,2019-11-16,3.45,172
2013WARY01,Rafał Waryszak,2019-11-16,3.44,173
2013WARY01,Rafał Waryszak,2019-11-16,3.16,174
2013WARY01,Rafał Waryszak,2019-11-23,3.31,175
2013WARY01,Rafał Waryszak,2019-11-23,3.64,176
2013WARY01,Rafał Waryszak,2019-12-06,3.0,177
2013WARY01,Rafał Waryszak,2019-12-06,3.09,178
2013WARY01,Rafał Waryszak,2019-12-06,3.15,179
2013WARY01,Rafał Waryszak,2019-12-14,3.06,180
2013WARY01,Rafał Waryszak,2019-12-14,3.71,181
2013WARY01,Rafał Waryszak,2019-12-14,3.8,182
2013WARY01,Rafał Waryszak,2020-01-04,3.52,183
2013WARY01,Rafał Waryszak,2020-01-04,3.26,184
2013WARY01,Rafał Waryszak,2020-01-04,2.52,185
2013WARY01,Rafał Waryszak,2020-01-25,3.86,186
2013WARY01,Rafał Waryszak,2020-01-25,2.8,187
2013WARY01,Rafał Waryszak,2020-01-25,2.82,188
2013WARY01,Rafał Waryszak,2020-02-22,3.67,189
2013WARY01,Rafał Waryszak,2020-02-22,2.72,190
2013WARY01,Rafał Waryszak,2020-02-22,2.95,191
2013WARY01,Rafał Waryszak,2020-02-29,2.43,192
2013WARY01,Rafał Waryszak,2020-02-29,2.36,193
2013WARY01,Rafał Waryszak,2020-08-22,2.98,194
2013WARY01,Rafał Waryszak,2020-08-22,3.33,195
2013WARY01,Rafał Waryszak,2020-08-22,3.61,196
2013WARY01,Rafał Waryszak,2020-09-12,3.34,197
2013WARY01,Rafał Waryszak,2020-09-12,3.23,198
2013WARY01,Rafał Waryszak,2020-09-12,3.2,199
2013WARY01,Rafał Waryszak,2021-07-03,2.75,200
2013WARY01,Rafał Waryszak,2021-07-03,3.15,201
2013WARY01,Rafał Waryszak,2021-07-10,3.11,202
2013WARY01,Rafał Waryszak,2021-07-10,2.86,203
2013WARY01,Rafał Waryszak,2021-07-10,3.3,204
2013WARY01,Rafał Waryszak,2021-07-24,2.52,205
2013WARY01,Rafał Waryszak,2021-07-24,3.0,206
2013WARY01,Rafał Waryszak,2021-07-24,2.54,207
2013WARY01,Rafał Waryszak,2021-08-07,2.81,208
2013WARY01,Rafał Waryszak,2021-08-07,2.94,209
2013WARY01,Rafał Waryszak,2021-08-07,3.03,210
2013WARY01,Rafał Waryszak,2021-08-28,2.69,211
2013WARY01,Rafał Waryszak,2021-08-28,3.43,212
2013WARY01,Rafał Waryszak,2021-08-28,2.77,213
2013WARY01,Rafał Waryszak,2021-09-04,3.47,214
2013WARY01,Rafał Waryszak,2021-09-04,3.06,215
2013WARY01,Rafał Waryszak,2021-09-04,3.77,216
2013WARY01,Rafał Waryszak,2021-09-11,3.58,217
2013WARY01,Rafał Waryszak,2021-09-11,2.49,218
2013WARY01,Rafał Waryszak,2021-09-11,2.81,219
2013WARY01,Rafał Waryszak,2021-09-18,3.06,220
2013WARY01,Rafał Waryszak,2021-09-18,2.36,221
2013WARY01,Rafał Waryszak,2021-09-25,2.91,222
2013WARY01,Rafał Waryszak,2021-09-25,2.42,223
2013WARY01,Rafał Waryszak,2021-10-09,2.69,224
2013WARY01,Rafał Waryszak,2021-11-06,3.12,225
2013WARY01,Rafał Waryszak,2021-11-06,2.99,226
2013WARY01,Rafał Waryszak,2021-11-06,2.9,227
2013WARY01,Rafał Waryszak,2021-12-18,3.13,228
2013WARY01,Rafał Waryszak,2021-12-18,2.36,229
2013WARY01,Rafał Waryszak,2021-12-18,2.75,230
2013WARY01,Rafał Waryszak,2022-02-26,3.04,231
2013WARY01,Rafał Waryszak,2022-02-26,2.76,232
2013WARY01,Rafał Waryszak,2022-02-26,2.66,233
2013WARY01,Rafał Waryszak,2022-03-12,3.53,234
2013WARY01,Rafał Waryszak,2022-03-12,3.4,235
2013WARY01,Rafał Waryszak,2022-03-26,4.15,236
2013WARY01,Rafał Waryszak,2022-03-26,2.93,237
2013WARY01,Rafał Waryszak,2022-04-23,2.9,238
2013WARY01,Rafał Waryszak,2022-04-23,3.41,239
2013WARY01,Rafał Waryszak,2022-04-23,2.99,240
2013WARY01,Rafał Waryszak,2022-05-21,2.94,241
2013WARY01,Rafał Waryszak,2022-05-21,3.4,242
2013WARY01,Rafał Waryszak,2022-05-21,2.18,243
2013WARY01,Rafał Waryszak,2022-06-04,2.88,244
2013WARY01,Rafał Waryszak,2022-06-04,2.88,245
2013WARY01,Rafał Waryszak,2022-07-30,3.28,246
2013WARY01,Rafał Waryszak,2022-07-30,3.4,247
2013WARY01,Rafał Waryszak,2022-08-06,2.78,248
2013WARY01,Rafał Waryszak,2022-08-06,2.65,249
2013WARY01,Rafał Waryszak,2022-08-06,2.86,250
2013WARY01,Rafał Waryszak,2022-08-06,2.37,251
2013WARY01,Rafał Waryszak,2022-08-13,3.54,252
2013WARY01,Rafał Waryszak,2022-08-13,3.07,253
2013WARY01,Rafał Waryszak,2022-08-27,3.06,254
2013WARY01,Rafał Waryszak,2022-08-27,3.22,255
2013WARY01,Rafał Waryszak,2022-09-17,3.44,256
2013WARY01,Rafał Waryszak,2022-09-17,3.64,257
2013WARY01,Rafał Waryszak,2022-09-17,2.82,258
2013WARY01,Rafał Waryszak,2022-09-24,2.95,259
2013WARY01,Rafał Waryszak,2022-09-24,2.72,260
2013WARY01,Rafał Waryszak,2022-10-01,3.53,261
2013WARY01,Rafał Waryszak,2022-10-01,3.28,262
2013WARY01,Rafał Waryszak,2022-10-01,3.04,263
2013WARY01,Rafał Waryszak,2022-10-15,2.67,264
2013WARY01,Rafał Waryszak,2022-10-15,2.87,265
2013WARY01,Rafał Waryszak,2022-11-27,3.14,266
2013WARY01,Rafał Waryszak,2022-11-27,3.35,267
2013WARY01,Rafał Waryszak,2022-12-17,2.35,268
2013WARY01,Rafał Waryszak,2022-12-17,3.46,269
2013WARY01,Rafał Waryszak,2023-01-28,3.01,270
2013WARY01,Rafał Waryszak,2023-01-28,2.58,271
2013WARY01,Rafał Waryszak,2023-02-04,3.42,272
2013WARY01,Rafał Waryszak,2023-02-04,2.5,273
2013WARY01,Rafał Waryszak,2023-02-05,3.08,274
2013WARY01,Rafał Waryszak,2023-02-05,3.06,275
2013WARY01,Rafał Waryszak,2023-03-25,3.44,276
2013WARY01,Rafał Waryszak,2023-03-25,2.46,277
2013WARY01,Rafał Waryszak,2023-03-25,2.65,278
2013WARY01,Rafał Waryszak,2023-04-15,2.9,279
2013WARY01,Rafał Waryszak,2023-04-15,3.25,280
2013WARY01,Rafał Waryszak,2023-04-15,3.17,281
2013WARY01,Rafał Waryszak,2023-05-06,3.14,282
2013WARY01,Rafał Waryszak,2023-05-06,3.16,283
2013WARY01,Rafał Waryszak,2023-05-13,2.86,284
2013WARY01,Rafał Waryszak,2023-05-13,2.67,285
2013WARY01,Rafał Waryszak,2023-05-20,3.61,286
2013WARY01,Rafał Waryszak,2023-05-20,2.73,287
2013WARY01,Rafał Waryszak,2023-05-20,2.45,288
2013WARY01,Rafał Waryszak,2023-08-12,3.19,289
2013WARY01,Rafał Waryszak,2023-08-12,4.45,290
2013WARY01,Rafał Waryszak,2023-08-26,3.66,291
2013WARY01,Rafał Waryszak,2023-08-26,3.33,292
2013WARY01,Rafał Waryszak,2023-09-02,3.09,293
2013WARY01,Rafał Waryszak,2023-09-02,3.07,294
2013WARY01,Rafał Waryszak,2023-09-03,3.06,295
2013WARY01,Rafał Waryszak,2023-09-03,2.84,296
2013WARY01,Rafał Waryszak,2023-09-16,3.25,297
2013WARY01,Rafał Waryszak,2023-09-16,3.2,298
2013WARY01,Rafał Waryszak,2023-09-16,3.55,299
2013WARY01,Rafał Waryszak,2023-09-23,3.15,300
2013WARY01,Rafał Waryszak,2023-09-23,3.26,301
2013WARY01,Rafał Waryszak,2023-09-23,3.39,302
2013WARY01,Rafał Waryszak,2023-09-30,3.78,303
2013WARY01,Rafał Waryszak,2023-09-30,2.98,304
2013WARY01,Rafał Waryszak,2023-11-18,3.29,305
2013WARY01,Rafał Waryszak,2023-11-18,2.81,306
2013WARY01,Rafał Waryszak,2024-03-03,3.65,307
2013WARY01,Rafał Waryszak,2024-03-03,4.26,308
2013WARY01,Rafał Waryszak,2024-04-20,3.12,309
2013WARY01,Rafał Waryszak,2024-04-20,3.69,310
2013WARY01,Rafał Waryszak,2024-07-12,4.02,311
2013WARY01,Rafał Waryszak,2024-07-12,2.98,312
2013WARY01,Rafał Waryszak,2024-09-21,3.0,313
2013WARY01,Rafał Waryszak,2024-09-21,2.7,314
2013WARY01,Rafał Waryszak,2024-10-19,3.69,315
2013WARY01,Rafał Waryszak,2024-10-19,3.16,316
2013WARY01,Rafał Waryszak,2024-10-20,3.11,317
2013WARY01,Rafał Waryszak,2024-10-20,3.93,318
2013WARY01,Rafał Waryszak,2024-12-14,2.96,319
2013WARY01,Rafał Waryszak,2024-12-14,2.96,320
2013WARY01,Rafał Waryszak,2025-02-23,4.15,321
2013WARY01,Rafał Waryszak,2025-02-23,3.3,322
2013WARY01,Rafał Waryszak,2025-04-27,3.5,323
2013WARY01,Rafał Waryszak,2025-04-27,3.02,324
2013WARY01,Rafał Waryszak,2025-05-24,4.33,325
2013WARY01,Rafał Waryszak,2025-05-24,2.64,326
2013WARY01,Rafał Waryszak,2025-06-01,3.16,327
2013WARY01,Rafał Waryszak,2025-06-01,2.98,328
2013WARY01,Rafał Waryszak,2025-08-10,3.18,329
2013WARY01,Rafał Waryszak,2025-08-10,3.96,330
2013WARY01,Rafał Waryszak,2025-10-25,3.95,331
2013WARY01,Rafał Waryszak,2025-10-25,3.51,332
2013WARY01,Rafał Waryszak,2025-11-22,3.01,333
2013WARY01,Rafał Waryszak,2025-11-22,2.4,334
2013WARY01,Rafał Waryszak,2025-11-22,2.46,335
2013WARY01,Rafał Waryszak,2025-11-29,2.79,336
2013WARY01,Rafał Waryszak,2025-11-29,2.12,337
2013WARY01,Rafał Waryszak,2026-01-10,2.99,338
2013WARY01,Rafał Waryszak,2026-02-28,4.14,339
2013WARY01,Rafał Waryszak,2026-02-28,2.45,340
2013WARY01,Rafał Waryszak,2026-03-21,3.71,341
2013WARY01,Rafał Waryszak,2026-03-21,4.0,342
2013WARY01,Rafał Waryszak,2026-04-18,4.13,343
2013WARY01,Rafał Waryszak,2026-04-18,3.05,344
2013WARY01,Rafał Waryszak,2026-04-19,3.33,345
2013WARY01,Rafał Waryszak,2026-04-19,3.09,346
2013WARY01,Rafał Waryszak,2026-04-25,3.08,347
2013WARY01,Rafał Waryszak,2026-04-25,3.76,348
2013WARY01,Rafał Waryszak,2026-04-26,2.93,349
2013WARY01,Rafał Waryszak,2026-04-26,3.17,350
2014JIME05,Diego Alejandro Casas Jimenez,2015-03-29,19.14,1
2014JIME05,Diego Alejandro Casas Jimenez,2015-07-17,14.22,2
2014JIME05,Diego Alejandro Casas Jimenez,2015-08-07,12.23,3
2014JIME05,Diego Alejandro Casas Jimenez,2016-08-27,15.8,4
2014JIME05,Diego Alejandro Casas Jimenez,2016-09-03,16.38,5
2014JIME05,Diego Alejandro Casas Jimenez,2016-11-05,10.75,6
2014JIME05,Diego Alejandro Casas Jimenez,2016-11-05,15.76,7
2014JIME05,Diego Alejandro Casas Jimenez,2016-12-17,14.32,8
2014JIME05,Diego Alejandro Casas Jimenez,2017-01-14,11.24,9
2014JIME05,Diego Alejandro Casas Jimenez,2017-01-14,11.1,10
2014JIME05,Diego Alejandro Casas Jimenez,2017-01-14,13.13,11
2014JIME05,Diego Alejandro Casas Jimenez,2017-02-11,9.75,12
2014JIME05,Diego Alejandro Casas Jimenez,2017-02-11,9.01,13
2014JIME05,Diego Alejandro Casas Jimenez,2017-02-18,8.43,14
2014JIME05,Diego Alejandro Casas Jimenez,2017-02-18,14.3,15
2014JIME05,Diego Alejandro Casas Jimenez,2017-02-24,13.69,16
2014JIME05,Diego Alejandro Casas Jimenez,2017-04-29,11.53,17
2014JIME05,Diego Alejandro Casas Jimenez,2017-04-29,12.38,18
2014JIME05,Diego Alejandro Casas Jimenez,2017-05-27,14.59,19
2014JIME05,Diego Alejandro Casas Jimenez,2017-07-01,13.12,20
2014JIME05,Diego Alejandro Casas Jimenez,2017-09-23,11.89,21
2014JIME05,Diego Alejandro Casas Jimenez,2017-09-23,11.51,22
2014JIME05,Diego Alejandro Casas Jimenez,2017-11-11,10.84,23
2014JIME05,Diego Alejandro Casas Jimenez,2017-11-25,9.5,24
2014JIME05,Diego Alejandro Casas Jimenez,2017-12-09,8.51,25
2014JIME05,Diego Alejandro Casas Jimenez,2018-01-06,9.58,26
2014JIME05,Diego Alejandro Casas Jimenez,2018-01-06,10.59,27
2014JIME05,Diego Alejandro Casas Jimenez,2018-01-20,14.01,28
2014JIME05,Diego Alejandro Casas Jimenez,2018-01-20,12.31,29
2014JIME05,Diego Alejandro Casas Jimenez,2018-03-03,14.21,30
2014JIME05,Diego Alejandro Casas Jimenez,2018-03-03,14.73,31
2014JIME05,Diego Alejandro Casas Jimenez,2018-03-10,8.49,32
2014JIME05,Diego Alejandro Casas Jimenez,2018-03-10,12.74,33
2014JIME05,Diego Alejandro Casas Jimenez,2018-04-07,9.41,34
2014JIME05,Diego Alejandro Casas Jimenez,2018-04-07,9.61,35
2014JIME05,Diego Alejandro Casas Jimenez,2018-06-09,9.63,36
2014JIME05,Diego Alejandro Casas Jimenez,2018-06-09,9.45,37
2014JIME05,Diego Alejandro Casas Jimenez,2018-06-16,9.03,38
2014JIME05,Diego Alejandro Casas Jimenez,2018-06-16,8.33,39
2014JIME05,Diego Alejandro Casas Jimenez,2018-07-20,10.39,40
2014JIME05,Diego Alejandro Casas Jimenez,2018-07-20,10.67,41
2014JIME05,Diego Alejandro Casas Jimenez,2018-08-18,8.79,42
2014JIME05,Diego Alejandro Casas Jimenez,2018-08-18,10.66,43
2014JIME05,Diego Alejandro Casas Jimenez,2018-08-25,12.64,44
2014JIME05,Diego Alejandro Casas Jimenez,2018-09-15,10.13,45
2014JIME05,Diego Alejandro Casas Jimenez,2018-09-22,9.59,46
2014JIME05,Diego Alejandro Casas Jimenez,2018-09-22,11.12,47
2014JIME05,Diego Alejandro Casas Jimenez,2018-10-27,10.32,48
2014JIME05,Diego Alejandro Casas Jimenez,2018-10-27,8.4,49
2014JIME05,Diego Alejandro Casas Jimenez,2018-11-17,12.49,50
2014JIME05,Diego Alejandro Casas Jimenez,2018-11-17,7.67,51
2014JIME05,Diego Alejandro Casas Jimenez,2018-12-01,10.75,52
2014JIME05,Diego Alejandro Casas Jimenez,2018-12-08,7.9,53
2014JIME05,Diego Alejandro Casas Jimenez,2018-12-08,12.16,54
2014JIME05,Diego Alejandro Casas Jimenez,2018-12-15,7.83,55
2014JIME05,Diego Alejandro Casas Jimenez,2018-12-15,15.76,56
2014JIME05,Diego Alejandro Casas Jimenez,2019-02-02,11.68,57
2014JIME05,Diego Alejandro Casas Jimenez,2019-02-02,7.93,58
2014JIME05,Diego Alejandro Casas Jimenez,2019-02-23,9.75,59
2014JIME05,Diego Alejandro Casas Jimenez,2019-02-23,11.71,60
2014JIME05,Diego Alejandro Casas Jimenez,2019-03-03,8.68,61
2014JIME05,Diego Alejandro Casas Jimenez,2019-03-03,8.39,62
2014JIME05,Diego Alejandro Casas Jimenez,2019-03-24,11.38,63
2014JIME05,Diego Alejandro Casas Jimenez,2019-04-13,8.67,64
2014JIME05,Diego Alejandro Casas Jimenez,2019-06-01,9.81,65
2014JIME05,Diego Alejandro Casas Jimenez,2019-06-22,8.41,66
2014JIME05,Diego Alejandro Casas Jimenez,2019-06-22,9.57,67
2014JIME05,Diego Alejandro Casas Jimenez,2019-07-19,9.59,68
2014JIME05,Diego Alejandro Casas Jimenez,2019-07-19,8.27,69
2014JIME05,Diego Alejandro Casas Jimenez,2019-08-03,7.16,70
2014JIME05,Diego Alejandro Casas Jimenez,2019-08-03,9.74,71
2014JIME05,Diego Alejandro Casas Jimenez,2019-08-17,8.15,72
2014JIME05,Diego Alejandro Casas Jimenez,2019-08-17,9.29,73
2014JIME05,Diego Alejandro Casas Jimenez,2019-09-14,10.21,74
2014JIME05,Diego Alejandro Casas Jimenez,2019-09-29,6.19,75
2014JIME05,Diego Alejandro Casas Jimenez,2019-09-29,9.61,76
2014JIME05,Diego Alejandro Casas Jimenez,2019-10-05,9.2,77
2014JIME05,Diego Alejandro Casas Jimenez,2019-10-05,8.77,78
2014JIME05,Diego Alejandro Casas Jimenez,2019-10-12,9.53,79
2014JIME05,Diego Alejandro Casas Jimenez,2019-10-12,6.45,80
2014JIME05,Diego Alejandro Casas Jimenez,2019-10-19,7.29,81
2014JIME05,Diego Alejandro Casas Jimenez,2019-10-19,8.03,82
2014JIME05,Diego Alejandro Casas Jimenez,2019-11-03,7.18,83
2014JIME05,Diego Alejandro Casas Jimenez,2019-11-03,10.67,84
2014JIME05,Diego Alejandro Casas Jimenez,2019-11-09,7.25,85
2014JIME05,Diego Alejandro Casas Jimenez,2019-11-09,8.08,86
2014JIME05,Diego Alejandro Casas Jimenez,2019-12-15,7.03,87
2014JIME05,Diego Alejandro Casas Jimenez,2019-12-21,8.33,88
2014JIME05,Diego Alejandro Casas Jimenez,2019-12-21,10.09,89
2014JIME05,Diego Alejandro Casas Jimenez,2019-12-28,7.78,90
2014JIME05,Diego Alejandro Casas Jimenez,2019-12-28,9.33,91
2014JIME05,Diego Alejandro Casas Jimenez,2020-01-11,8.81,92
2014JIME05,Diego Alejandro Casas Jimenez,2020-01-11,8.99,93
2014JIME05,Diego Alejandro Casas Jimenez,2020-01-18,8.42,94
2014JIME05,Diego Alejandro Casas Jimenez,2020-01-18,8.58,95
2014JIME05,Diego Alejandro Casas Jimenez,2020-02-22,8.14,96
2014JIME05,Diego Alejandro Casas Jimenez,2020-02-22,6.66,97
2014JIME05,Diego Alejandro Casas Jimenez,2020-02-22,7.23,98
2014JIME05,Diego Alejandro Casas Jimenez,2020-03-07,8.42,99
2014JIME05,Diego Alejandro Casas Jimenez,2020-03-07,7.75,100
2014JIME05,Diego Alejandro Casas Jimenez,2021-12-05,10.3,101
2014JIME05,Diego Alejandro Casas Jimenez,2022-06-04,8.95,102
2014JIME05,Diego Alejandro Casas Jimenez,2022-06-04,9.65,103
2014JIME05,Diego Alejandro Casas Jimenez,2022-06-26,9.63,104
2014JIME05,Diego Alejandro Casas Jimenez,2022-07-16,8.12,105
2014JIME05,Diego Alejandro Casas Jimenez,2022-07-16,9.36,106
2014JIME05,Diego Alejandro Casas Jimenez,2022-07-22,9.75,107
2014JIME05,Diego Alejandro Casas Jimenez,2022-07-30,10.42,108
2014JIME05,Diego Alejandro Casas Jimenez,2022-08-06,6.49,109
2014JIME05,Diego Alejandro Casas Jimenez,2022-08-06,9.95,110
2014JIME05,Diego Alejandro Casas Jimenez,2022-08-13,8.09,111
2014JIME05,Diego Alejandro Casas Jimenez,2022-08-13,9.2,112
2014JIME05,Diego Alejandro Casas Jimenez,2022-08-26,8.18,113
2014JIME05,Diego Alejandro Casas Jimenez,2022-08-26,8.08,114
2014JIME05,Diego Alejandro Casas Jimenez,2022-09-04,8.67,115
2014JIME05,Diego Alejandro Casas Jimenez,2022-09-04,7.41,116
2014JIME05,Diego Alejandro Casas Jimenez,2022-09-24,12.28,117
2014JIME05,Diego Alejandro Casas Jimenez,2022-09-24,9.79,118
2014JIME05,Diego Alejandro Casas Jimenez,2022-10-22,9.47,119
2014JIME05,Diego Alejandro Casas Jimenez,2022-10-22,8.59,120
2014JIME05,Diego Alejandro Casas Jimenez,2022-11-05,7.21,121
2014JIME05,Diego Alejandro Casas Jimenez,2022-11-05,9.19,122
2014JIME05,Diego Alejandro Casas Jimenez,2022-11-19,8.08,123
2014JIME05,Diego Alejandro Casas Jimenez,2022-11-20,8.54,124
2014JIME05,Diego Alejandro Casas Jimenez,2022-11-20,7.89,125
2014JIME05,Diego Alejandro Casas Jimenez,2022-12-03,8.49,126
2014JIME05,Diego Alejandro Casas Jimenez,2022-12-03,8.16,127
2014JIME05,Diego Alejandro Casas Jimenez,2023-01-08,10.9,128
2014JIME05,Diego Alejandro Casas Jimenez,2023-02-11,9.1,129
2014JIME05,Diego Alejandro Casas Jimenez,2023-02-11,8.84,130
2014JIME05,Diego Alejandro Casas Jimenez,2023-02-25,14.15,131
2014JIME05,Diego Alejandro Casas Jimenez,2023-02-26,9.44,132
2014JIME05,Diego Alejandro Casas Jimenez,2023-02-26,9.85,133
2014JIME05,Diego Alejandro Casas Jimenez,2023-02-26,10.45,134
2014JIME05,Diego Alejandro Casas Jimenez,2023-03-26,7.72,135
2014JIME05,Diego Alejandro Casas Jimenez,2023-04-01,9.37,136
2014JIME05,Diego Alejandro Casas Jimenez,2023-04-16,8.91,137
2014JIME05,Diego Alejandro Casas Jimenez,2023-05-13,10.29,138
2014JIME05,Diego Alejandro Casas Jimenez,2023-05-20,7.23,139
2014JIME05,Diego Alejandro Casas Jimenez,2023-05-20,9.17,140
2014JIME05,Diego Alejandro Casas Jimenez,2023-06-03,8.39,141
2014JIME05,Diego Alejandro Casas Jimenez,2023-06-03,8.99,142
2014JIME05,Diego Alejandro Casas Jimenez,2023-06-04,11.81,143
2014JIME05,Diego Alejandro Casas Jimenez,2023-07-01,10.34,144
2014JIME05,Diego Alejandro Casas Jimenez,2023-07-15,9.44,145
2014JIME05,Diego Alejandro Casas Jimenez,2023-07-15,12.28,146
2014JIME05,Diego Alejandro Casas Jimenez,2023-07-16,9.3,147
2014JIME05,Diego Alejandro Casas Jimenez,2023-07-22,10.24,148
2014JIME05,Diego Alejandro Casas Jimenez,2023-08-11,7.54,149
2014JIME05,Diego Alejandro Casas Jimenez,2023-08-11,8.58,150
2014JIME05,Diego Alejandro Casas Jimenez,2023-08-11,9.46,151
2014JIME05,Diego Alejandro Casas Jimenez,2023-08-18,8.63,152
2014JIME05,Diego Alejandro Casas Jimenez,2023-08-20,10.52,153
2014JIME05,Diego Alejandro Casas Jimenez,2023-09-02,7.49,154
2014JIME05,Diego Alejandro Casas Jimenez,2023-09-02,8.24,155
2014JIME05,Diego Alejandro Casas Jimenez,2023-09-10,8.97,156
2014JIME05,Diego Alejandro Casas Jimenez,2023-09-16,10.11,157
2014JIME05,Diego Alejandro Casas Jimenez,2023-09-23,8.45,158
2014JIME05,Diego Alejandro Casas Jimenez,2023-09-23,7.44,159
2014JIME05,Diego Alejandro Casas Jimenez,2023-09-24,10.42,160
2014JIME05,Diego Alejandro Casas Jimenez,2023-09-24,8.31,161
2014JIME05,Diego Alejandro Casas Jimenez,2023-10-21,8.6,162
2014JIME05,Diego Alejandro Casas Jimenez,2023-10-21,9.07,163
2014JIME05,Diego Alejandro Casas Jimenez,2023-11-11,8.09,164
2014JIME05,Diego Alejandro Casas Jimenez,2023-11-11,8.55,165
2014JIME05,Diego Alejandro Casas Jimenez,2023-11-25,8.6,166
2014JIME05,Diego Alejandro Casas Jimenez,2023-11-25,9.47,167
2014JIME05,Diego Alejandro Casas Jimenez,2023-12-02,8.85,168
2014JIME05,Diego Alejandro Casas Jimenez,2023-12-02,7.0,169
2014JIME05,Diego Alejandro Casas Jimenez,2023-12-09,9.43,170
2014JIME05,Diego Alejandro Casas Jimenez,2023-12-09,10.67,171
2014JIME05,Diego Alejandro Casas Jimenez,2023-12-10,9.44,172
2014JIME05,Diego Alejandro Casas Jimenez,2023-12-16,9.46,173
2014JIME05,Diego Alejandro Casas Jimenez,2023-12-16,6.86,174
2014JIME05,Diego Alejandro Casas Jimenez,2023-12-17,10.97,175
2014JIME05,Diego Alejandro Casas Jimenez,2023-12-17,7.61,176
2014JIME05,Diego Alejandro Casas Jimenez,2023-12-17,7.75,177
2014JIME05,Diego Alejandro Casas Jimenez,2023-12-23,9.03,178
2014JIME05,Diego Alejandro Casas Jimenez,2023-12-23,7.69,179
2014JIME05,Diego Alejandro Casas Jimenez,2023-12-23,6.99,180
2014JIME05,Diego Alejandro Casas Jimenez,2024-01-07,7.37,181
2014JIME05,Diego Alejandro Casas Jimenez,2024-01-07,7.86,182
2014JIME05,Diego Alejandro Casas Jimenez,2024-02-03,7.99,183
2014JIME05,Diego Alejandro Casas Jimenez,2024-02-03,10.09,184
2014JIME05,Diego Alejandro Casas Jimenez,2024-02-04,8.99,185
2014JIME05,Diego Alejandro Casas Jimenez,2024-02-18,10.26,186
2014JIME05,Diego Alejandro Casas Jimenez,2024-02-24,8.7,187
2014JIME05,Diego Alejandro Casas Jimenez,2024-02-24,7.67,188
2014JIME05,Diego Alejandro Casas Jimenez,2024-03-09,8.38,189
2014JIME05,Diego Alejandro Casas Jimenez,2024-03-10,9.17,190
2014JIME05,Diego Alejandro Casas Jimenez,2024-03-10,7.29,191
2014JIME05,Diego Alejandro Casas Jimenez,2024-03-16,7.28,192
2014JIME05,Diego Alejandro Casas Jimenez,2024-03-16,7.43,193
2014JIME05,Diego Alejandro Casas Jimenez,2024-03-17,6.94,194
2014JIME05,Diego Alejandro Casas Jimenez,2024-03-17,9.04,195
2014JIME05,Diego Alejandro Casas Jimenez,2024-03-23,6.79,196
2014JIME05,Diego Alejandro Casas Jimenez,2024-03-23,8.54,197
2014JIME05,Diego Alejandro Casas Jimenez,2024-04-06,7.53,198
2014JIME05,Diego Alejandro Casas Jimenez,2024-04-06,8.29,199
2014JIME05,Diego Alejandro Casas Jimenez,2024-04-07,8.73,200
2014JIME05,Diego Alejandro Casas Jimenez,2024-04-07,9.34,201
2014JIME05,Diego Alejandro Casas Jimenez,2024-04-13,8.07,202
2014JIME05,Diego Alejandro Casas Jimenez,2024-04-13,8.32,203
2014JIME05,Diego Alejandro Casas Jimenez,2024-04-27,8.37,204
2014JIME05,Diego Alejandro Casas Jimenez,2024-04-27,9.48,205
2014JIME05,Diego Alejandro Casas Jimenez,2024-05-04,9.81,206
2014JIME05,Diego Alejandro Casas Jimenez,2024-05-04,7.62,207
2014JIME05,Diego Alejandro Casas Jimenez,2024-05-05,7.66,208
2014JIME05,Diego Alejandro Casas Jimenez,2024-05-05,9.04,209
2014JIME05,Diego Alejandro Casas Jimenez,2024-05-18,8.65,210
2014JIME05,Diego Alejandro Casas Jimenez,2024-05-18,8.89,211
2014JIME05,Diego Alejandro Casas Jimenez,2024-05-25,7.44,212
2014JIME05,Diego Alejandro Casas Jimenez,2024-05-25,7.3,213
2014JIME05,Diego Alejandro Casas Jimenez,2024-06-16,7.92,214
2014JIME05,Diego Alejandro Casas Jimenez,2024-06-16,9.09,215
2014JIME05,Diego Alejandro Casas Jimenez,2024-06-16,7.68,216
2014JIME05,Diego Alejandro Casas Jimenez,2024-06-22,8.24,217
2014JIME05,Diego Alejandro Casas Jimenez,2024-06-30,8.38,218
2014JIME05,Diego Alejandro Casas Jimenez,2024-06-30,8.21,219
2014JIME05,Diego Alejandro Casas Jimenez,2024-07-07,7.69,220
2014JIME05,Diego Alejandro Casas Jimenez,2024-07-07,7.9,221
2014JIME05,Diego Alejandro Casas Jimenez,2024-07-07,9.58,222
2014JIME05,Diego Alejandro Casas Jimenez,2024-07-13,11.19,223
2014JIME05,Diego Alejandro Casas Jimenez,2024-07-13,7.27,224
2014JIME05,Diego Alejandro Casas Jimenez,2024-07-13,8.86,225
2014JIME05,Diego Alejandro Casas Jimenez,2024-07-28,9.33,226
2014JIME05,Diego Alejandro Casas Jimenez,2024-07-28,7.87,227
2014JIME05,Diego Alejandro Casas Jimenez,2024-08-03,10.68,228
2014JIME05,Diego Alejandro Casas Jimenez,2024-08-03,7.0,229
2014JIME05,Diego Alejandro Casas Jimenez,2024-08-17,8.58,230
2014JIME05,Diego Alejandro Casas Jimenez,2024-08-17,7.05,231
2014JIME05,Diego Alejandro Casas Jimenez,2024-08-18,10.27,232
2014JIME05,Diego Alejandro Casas Jimenez,2024-08-24,7.2,233
2014JIME05,Diego Alejandro Casas Jimenez,2024-08-24,7.34,234
2014JIME05,Diego Alejandro Casas Jimenez,2024-09-07,8.06,235
2014JIME05,Diego Alejandro Casas Jimenez,2024-09-07,8.61,236
2014JIME05,Diego Alejandro Casas Jimenez,2024-09-08,7.01,237
2014JIME05,Diego Alejandro Casas Jimenez,2024-09-08,7.24,238
2014JIME05,Diego Alejandro Casas Jimenez,2024-09-15,8.67,239
2014JIME05,Diego Alejandro Casas Jimenez,2024-09-15,9.64,240
2014JIME05,Diego Alejandro Casas Jimenez,2024-09-28,8.97,241
2014JIME05,Diego Alejandro Casas Jimenez,2024-09-28,8.06,242
2014JIME05,Diego Alejandro Casas Jimenez,2024-09-29,7.24,243
2014JIME05,Diego Alejandro Casas Jimenez,2024-09-29,6.3,244
2014JIME05,Diego Alejandro Casas Jimenez,2024-10-05,8.01,245
2014JIME05,Diego Alejandro Casas Jimenez,2024-10-05,6.77,246
2014JIME05,Diego Alejandro Casas Jimenez,2024-10-06,7.01,247
2014JIME05,Diego Alejandro Casas Jimenez,2024-10-06,8.28,248
2014JIME05,Diego Alejandro Casas Jimenez,2024-10-12,7.49,249
2014JIME05,Diego Alejandro Casas Jimenez,2024-10-12,13.7,250
2014JIME05,Diego Alejandro Casas Jimenez,2024-10-26,9.73,251
2014JIME05,Diego Alejandro Casas Jimenez,2024-10-26,8.4,252
2014JIME05,Diego Alejandro Casas Jimenez,2024-11-09,5.96,253
2014JIME05,Diego Alejandro Casas Jimenez,2024-11-09,7.85,254
2014JIME05,Diego Alejandro Casas Jimenez,2024-11-23,8.41,255
2014JIME05,Diego Alejandro Casas Jimenez,2025-01-04,9.29,256
2014JIME05,Diego Alejandro Casas Jimenez,2025-02-15,9.44,257
2014JIME05,Diego Alejandro Casas Jimenez,2025-04-06,9.61,258
2014JIME05,Diego Alejandro Casas Jimenez,2025-04-06,6.79,259
2014JIME05,Diego Alejandro Casas Jimenez,2025-04-13,8.48,260
2014JIME05,Diego Alejandro Casas Jimenez,2025-04-13,9.34,261
2014JIME05,Diego Alejandro Casas Jimenez,2025-04-19,7.55,262
2014JIME05,Diego Alejandro Casas Jimenez,2025-04-19,8.08,263
2014JIME05,Diego Alejandro Casas Jimenez,2025-05-03,8.63,264
2014JIME05,Diego Alejandro Casas Jimenez,2025-05-31,10.33,265
2014JIME05,Diego Alejandro Casas Jimenez,2025-05-31,7.33,266
2014JIME05,Diego Alejandro Casas Jimenez,2025-06-01,7.58,267
2014JIME05,Diego Alejandro Casas Jimenez,2025-06-01,8.94,268
2014JIME05,Diego Alejandro Casas Jimenez,2025-06-02,9.48,269
2014JIME05,Diego Alejandro Casas Jimenez,2025-06-02,7.17,270
2014JIME05,Diego Alejandro Casas Jimenez,2025-06-14,10.73,271
2014JIME05,Diego Alejandro Casas Jimenez,2025-06-21,8.17,272
2014JIME05,Diego Alejandro Casas Jimenez,2025-06-21,7.76,273
2014JIME05,Diego Alejandro Casas Jimenez,2025-06-28,8.38,274
2014JIME05,Diego Alejandro Casas Jimenez,2025-07-05,8.06,275
2014JIME05,Diego Alejandro Casas Jimenez,2025-07-05,7.79,276
2014JIME05,Diego Alejandro Casas Jimenez,2025-07-19,7.89,277
2014JIME05,Diego Alejandro Casas Jimenez,2025-08-16,10.57,278
2014JIME05,Diego Alejandro Casas Jimenez,2025-08-16,8.41,279
2014JIME05,Diego Alejandro Casas Jimenez,2025-08-23,7.54,280
2014JIME05,Diego Alejandro Casas Jimenez,2025-09-13,9.64,281
2014JIME05,Diego Alejandro Casas Jimenez,2025-10-18,11.06,282
2014JIME05,Diego Alejandro Casas Jimenez,2025-10-25,8.67,283
2014JIME05,Diego Alejandro Casas Jimenez,2025-11-15,8.61,284
2014JIME05,Diego Alejandro Casas Jimenez,2025-11-15,9.09,285
2014JIME05,Diego Alejandro Casas Jimenez,2025-12-13,8.66,286
2014JIME05,Diego Alejandro Casas Jimenez,2025-12-13,9.14,287
2014JIME05,Diego Alejandro Casas Jimenez,2025-12-14,8.39,288
2014JIME05,Diego Alejandro Casas Jimenez,2025-12-18,9.69,289
2014JIME05,Diego Alejandro Casas Jimenez,2026-01-25,9.22,290
2014JIME05,Diego Alejandro Casas Jimenez,2026-03-21,9.82,291
2014JIME05,Diego Alejandro Casas Jimenez,2026-03-22,7.43,292
2014JIME05,Diego Alejandro Casas Jimenez,2026-03-29,8.28,293
2014JIME05,Diego Alejandro Casas Jimenez,2026-03-29,7.89,294
2014JIME05,Diego Alejandro Casas Jimenez,2026-05-01,7.76,295
2014JIME05,Diego Alejandro Casas Jimenez,2026-05-01,9.38,296
2014JIME05,Diego Alejandro Casas Jimenez,2026-05-09,9.49,297
2014JIME05,Diego Alejandro Casas Jimenez,2026-05-17,7.11,298
2014JIME05,Diego Alejandro Casas Jimenez,2026-05-17,9.24,299
2014PETE03,Tobias Peter,2014-05-10,15.04,1
2014PETE03,Tobias Peter,2014-10-11,5.39,2
2014PETE03,Tobias Peter,2014-10-11,6.28,3
2014PETE03,Tobias Peter,2015-02-21,6.62,4
2014PETE03,Tobias Peter,2015-04-18,5.85,5
2014PETE03,Tobias Peter,2015-04-18,5.89,6
2014PETE03,Tobias Peter,2015-05-30,5.9,7
2014PETE03,Tobias Peter,2015-05-30,6.08,8
2014PETE03,Tobias Peter,2015-07-17,6.6,9
2014PETE03,Tobias Peter,2015-07-17,5.86,10
2014PETE03,Tobias Peter,2015-07-24,5.65,11
2014PETE03,Tobias Peter,2015-07-24,7.57,12
2014PETE03,Tobias Peter,2015-09-05,5.55,13
2014PETE03,Tobias Peter,2015-09-05,5.33,14
2014PETE03,Tobias Peter,2015-09-26,4.81,15
2014PETE03,Tobias Peter,2015-09-26,5.83,16
2014PETE03,Tobias Peter,2015-10-10,5.65,17
2014PETE03,Tobias Peter,2015-10-10,6.33,18
2014PETE03,Tobias Peter,2015-12-05,4.52,19
2014PETE03,Tobias Peter,2015-12-05,5.84,20
2014PETE03,Tobias Peter,2016-01-16,6.01,21
2014PETE03,Tobias Peter,2016-01-16,6.66,22
2014PETE03,Tobias Peter,2016-01-30,5.31,23
2014PETE03,Tobias Peter,2016-01-30,5.17,24
2014PETE03,Tobias Peter,2016-04-02,6.91,25
2014PETE03,Tobias Peter,2016-04-16,4.76,26
2014PETE03,Tobias Peter,2016-04-16,5.68,27
2014PETE03,Tobias Peter,2016-05-21,7.61,28
2014PETE03,Tobias Peter,2016-05-21,7.92,29
2014PETE03,Tobias Peter,2016-07-09,7.68,30
2014PETE03,Tobias Peter,2016-07-09,5.6,31
2014PETE03,Tobias Peter,2016-07-15,5.96,32
2014PETE03,Tobias Peter,2016-07-15,6.59,33
2014PETE03,Tobias Peter,2016-08-13,6.49,34
2014PETE03,Tobias Peter,2016-09-03,6.17,35
2014PETE03,Tobias Peter,2016-09-03,6.11,36
2014PETE03,Tobias Peter,2016-10-08,5.68,37
2014PETE03,Tobias Peter,2016-10-08,6.2,38
2014PETE03,Tobias Peter,2016-10-15,4.44,39
2014PETE03,Tobias Peter,2016-10-15,6.19,40
2014PETE03,Tobias Peter,2016-11-05,5.94,41
2014PETE03,Tobias Peter,2016-11-05,6.2,42
2014PETE03,Tobias Peter,2016-11-12,6.29,43
2014PETE03,Tobias Peter,2016-11-12,5.43,44
2014PETE03,Tobias Peter,2016-11-12,5.61,45
2014PETE03,Tobias Peter,2016-12-10,5.87,46
2014PETE03,Tobias Peter,2016-12-10,5.41,47
2014PETE03,Tobias Peter,2017-01-28,5.83,48
2014PETE03,Tobias Peter,2017-01-28,5.18,49
2014PETE03,Tobias Peter,2017-02-04,6.23,50
2014PETE03,Tobias Peter,2017-03-04,7.34,51
2014PETE03,Tobias Peter,2017-03-04,6.31,52
2014PETE03,Tobias Peter,2017-03-11,5.4,53
2014PETE03,Tobias Peter,2017-04-01,6.96,54
2014PETE03,Tobias Peter,2017-04-01,6.52,55
2014PETE03,Tobias Peter,2017-04-29,6.59,56
2014PETE03,Tobias Peter,2017-04-29,5.77,57
2014PETE03,Tobias Peter,2017-04-29,4.71,58
2014PETE03,Tobias Peter,2017-05-06,4.85,59
2014PETE03,Tobias Peter,2017-05-06,6.16,60
2014PETE03,Tobias Peter,2017-05-13,5.66,61
2014PETE03,Tobias Peter,2017-06-10,6.3,62
2014PETE03,Tobias Peter,2017-06-10,5.58,63
2014PETE03,Tobias Peter,2017-07-08,6.3,64
2014PETE03,Tobias Peter,2017-07-13,5.37,65
2014PETE03,Tobias Peter,2017-07-13,5.27,66
2014PETE03,Tobias Peter,2017-07-21,5.03,67
2014PETE03,Tobias Peter,2017-07-21,5.47,68
2014PETE03,Tobias Peter,2017-07-21,5.7,69
2014PETE03,Tobias Peter,2017-08-19,6.71,70
2014PETE03,Tobias Peter,2017-08-19,7.12,71
2014PETE03,Tobias Peter,2017-08-26,7.63,72
2014PETE03,Tobias Peter,2017-09-01,5.24,73
2014PETE03,Tobias Peter,2017-09-01,5.42,74
2014PETE03,Tobias Peter,2017-09-01,6.01,75
2014PETE03,Tobias Peter,2017-09-16,7.42,76
2014PETE03,Tobias Peter,2017-09-16,5.13,77
2014PETE03,Tobias Peter,2017-09-22,5.47,78
2014PETE03,Tobias Peter,2017-09-22,4.24,79
2014PETE03,Tobias Peter,2017-10-07,6.25,80
2014PETE03,Tobias Peter,2017-10-07,5.26,81
2014PETE03,Tobias Peter,2017-10-14,6.45,82
2014PETE03,Tobias Peter,2017-10-14,5.08,83
2014PETE03,Tobias Peter,2017-10-14,5.54,84
2014PETE03,Tobias Peter,2017-10-28,5.8,85
2014PETE03,Tobias Peter,2017-10-28,3.81,86
2014PETE03,Tobias Peter,2017-10-28,6.32,87
2014PETE03,Tobias Peter,2017-11-04,5.87,88
2014PETE03,Tobias Peter,2017-11-04,5.0,89
2014PETE03,Tobias Peter,2017-11-11,5.39,90
2014PETE03,Tobias Peter,2017-11-11,4.86,91
2014PETE03,Tobias Peter,2017-11-25,6.08,92
2014PETE03,Tobias Peter,2017-11-25,5.38,93
2014PETE03,Tobias Peter,2017-12-16,6.38,94
2014PETE03,Tobias Peter,2017-12-16,4.85,95
2014PETE03,Tobias Peter,2018-01-13,6.23,96
2014PETE03,Tobias Peter,2018-01-13,6.14,97
2014PETE03,Tobias Peter,2018-01-20,4.63,98
2014PETE03,Tobias Peter,2018-01-20,5.01,99
2014PETE03,Tobias Peter,2018-01-20,5.42,100
2014PETE03,Tobias Peter,2018-01-27,5.82,101
2014PETE03,Tobias Peter,2018-01-27,5.93,102
2014PETE03,Tobias Peter,2018-01-27,5.77,103
2014PETE03,Tobias Peter,2018-02-10,5.66,104
2014PETE03,Tobias Peter,2018-02-10,7.18,105
2014PETE03,Tobias Peter,2018-03-03,5.81,106
2014PETE03,Tobias Peter,2018-03-03,5.29,107
2014PETE03,Tobias Peter,2018-03-25,5.86,108
2014PETE03,Tobias Peter,2018-03-25,5.31,109
2014PETE03,Tobias Peter,2018-03-31,6.09,110
2014PETE03,Tobias Peter,2018-03-31,6.01,111
2014PETE03,Tobias Peter,2018-03-31,5.12,112
2014PETE03,Tobias Peter,2018-04-06,5.45,113
2014PETE03,Tobias Peter,2018-04-06,5.28,114
2014PETE03,Tobias Peter,2018-04-06,7.17,115
2014PETE03,Tobias Peter,2018-04-28,6.23,116
2014PETE03,Tobias Peter,2018-05-05,5.54,117
2014PETE03,Tobias Peter,2018-05-05,7.71,118
2014PETE03,Tobias Peter,2018-05-12,5.35,119
2014PETE03,Tobias Peter,2018-05-12,5.93,120
2014PETE03,Tobias Peter,2018-05-25,6.5,121
2014PETE03,Tobias Peter,2018-05-25,4.33,122
2014PETE03,Tobias Peter,2018-06-02,5.92,123
2014PETE03,Tobias Peter,2018-06-09,7.53,124
2014PETE03,Tobias Peter,2018-06-09,5.58,125
2014PETE03,Tobias Peter,2018-06-23,6.79,126
2014PETE03,Tobias Peter,2018-06-23,6.6,127
2014PETE03,Tobias Peter,2018-07-07,5.97,128
2014PETE03,Tobias Peter,2018-07-07,6.24,129
2014PETE03,Tobias Peter,2018-07-19,5.13,130
2014PETE03,Tobias Peter,2018-07-19,7.17,131
2014PETE03,Tobias Peter,2018-08-04,6.08,132
2014PETE03,Tobias Peter,2018-08-04,4.75,133
2014PETE03,Tobias Peter,2018-08-25,6.49,134
2014PETE03,Tobias Peter,2018-09-01,4.6,135
2014PETE03,Tobias Peter,2018-09-01,4.48,136
2014PETE03,Tobias Peter,2018-09-07,4.58,137
2014PETE03,Tobias Peter,2018-09-07,6.2,138
2014PETE03,Tobias Peter,2018-09-21,4.87,139
2014PETE03,Tobias Peter,2018-09-21,5.13,140
2014PETE03,Tobias Peter,2018-09-21,4.67,141
2014PETE03,Tobias Peter,2018-10-06,5.65,142
2014PETE03,Tobias Peter,2018-10-06,5.58,143
2014PETE03,Tobias Peter,2018-10-27,5.31,144
2014PETE03,Tobias Peter,2018-10-27,6.74,145
2014PETE03,Tobias Peter,2018-11-03,5.72,146
2014PETE03,Tobias Peter,2018-11-03,5.47,147
2014PETE03,Tobias Peter,2018-11-10,6.08,148
2014PETE03,Tobias Peter,2018-11-10,5.03,149
2014PETE03,Tobias Peter,2018-11-17,5.92,150
2014PETE03,Tobias Peter,2018-11-17,5.66,151
2014PETE03,Tobias Peter,2018-12-08,5.1,152
2014PETE03,Tobias Peter,2018-12-08,4.61,153
2014PETE03,Tobias Peter,2019-01-05,6.01,154
2014PETE03,Tobias Peter,2019-01-05,5.54,155
2014PETE03,Tobias Peter,2019-01-19,5.06,156
2014PETE03,Tobias Peter,2019-01-19,7.04,157
2014PETE03,Tobias Peter,2019-02-02,6.65,158
2014PETE03,Tobias Peter,2019-02-02,6.38,159
2014PETE03,Tobias Peter,2019-02-02,5.65,160
2014PETE03,Tobias Peter,2019-02-09,6.67,161
2014PETE03,Tobias Peter,2019-02-09,6.69,162
2014PETE03,Tobias Peter,2019-02-09,4.33,163
2014PETE03,Tobias Peter,2019-02-16,4.78,164
2014PETE03,Tobias Peter,2019-03-02,4.65,165
2014PETE03,Tobias Peter,2019-03-02,5.0,166
2014PETE03,Tobias Peter,2019-03-30,7.17,167
2014PETE03,Tobias Peter,2019-03-30,3.99,168
2014PETE03,Tobias Peter,2019-04-06,5.74,169
2014PETE03,Tobias Peter,2019-04-06,5.39,170
2014PETE03,Tobias Peter,2019-04-13,4.81,171
2014PETE03,Tobias Peter,2019-04-13,4.7,172
2014PETE03,Tobias Peter,2019-04-27,4.63,173
2014PETE03,Tobias Peter,2019-04-27,5.6,174
2014PETE03,Tobias Peter,2019-05-04,6.37,175
2014PETE03,Tobias Peter,2019-05-04,5.31,176
2014PETE03,Tobias Peter,2019-05-18,5.97,177
2014PETE03,Tobias Peter,2019-05-18,4.49,178
2014PETE03,Tobias Peter,2019-05-18,4.19,179
2014PETE03,Tobias Peter,2019-05-24,5.76,180
2014PETE03,Tobias Peter,2019-05-24,5.63,181
2014PETE03,Tobias Peter,2019-05-24,5.51,182
2014PETE03,Tobias Peter,2019-06-01,4.62,183
2014PETE03,Tobias Peter,2019-06-08,7.47,184
2014PETE03,Tobias Peter,2019-06-08,7.56,185
2014PETE03,Tobias Peter,2019-06-15,5.21,186
2014PETE03,Tobias Peter,2019-06-15,5.42,187
2014PETE03,Tobias Peter,2019-06-22,4.91,188
2014PETE03,Tobias Peter,2019-06-22,4.6,189
2014PETE03,Tobias Peter,2019-06-29,4.68,190
2014PETE03,Tobias Peter,2019-06-29,4.89,191
2014PETE03,Tobias Peter,2019-08-02,5.29,192
2014PETE03,Tobias Peter,2019-08-02,6.38,193
2014PETE03,Tobias Peter,2019-08-10,5.03,194
2014PETE03,Tobias Peter,2019-08-10,6.36,195
2014PETE03,Tobias Peter,2019-08-24,6.94,196
2014PETE03,Tobias Peter,2019-08-24,5.36,197
2014PETE03,Tobias Peter,2019-09-07,6.03,198
2014PETE03,Tobias Peter,2019-09-07,6.92,199
2014PETE03,Tobias Peter,2019-09-28,4.56,200
2014PETE03,Tobias Peter,2019-09-28,5.25,201
2014PETE03,Tobias Peter,2019-10-19,6.83,202
2014PETE03,Tobias Peter,2019-10-19,4.38,203
2014PETE03,Tobias Peter,2019-10-26,6.12,204
2014PETE03,Tobias Peter,2019-10-26,5.21,205
2014PETE03,Tobias Peter,2019-11-02,5.61,206
2014PETE03,Tobias Peter,2019-11-02,4.59,207
2014PETE03,Tobias Peter,2019-11-02,5.31,208
2014PETE03,Tobias Peter,2019-11-09,5.48,209
2014PETE03,Tobias Peter,2019-11-09,4.99,210
2014PETE03,Tobias Peter,2019-11-23,7.16,211
2014PETE03,Tobias Peter,2019-12-07,5.77,212
2014PETE03,Tobias Peter,2019-12-14,5.57,213
2014PETE03,Tobias Peter,2019-12-14,3.86,214
2014PETE03,Tobias Peter,2020-01-04,5.82,215
2014PETE03,Tobias Peter,2020-01-04,4.39,216
2014PETE03,Tobias Peter,2020-02-15,5.6,217
2014PETE03,Tobias Peter,2020-02-15,5.88,218
2014PETE03,Tobias Peter,2020-02-22,5.45,219
2014PETE03,Tobias Peter,2020-02-22,5.11,220
2014PETE03,Tobias Peter,2020-03-07,6.15,221
2014PETE03,Tobias Peter,2020-03-07,5.7,222
2014PETE03,Tobias Peter,2020-08-22,5.93,223
2014PETE03,Tobias Peter,2020-08-22,5.3,224
2014PETE03,Tobias Peter,2021-08-15,5.49,225
2014PETE03,Tobias Peter,2021-08-15,4.31,226
2014PETE03,Tobias Peter,2021-11-07,4.82,227
2014PETE03,Tobias Peter,2022-03-19,4.89,228
2014PETE03,Tobias Peter,2022-03-19,6.05,229
2014PETE03,Tobias Peter,2022-04-09,6.97,230
2014PETE03,Tobias Peter,2022-07-02,5.61,231
2014PETE03,Tobias Peter,2022-07-02,4.54,232
2014PETE03,Tobias Peter,2022-08-20,5.49,233
2014PETE03,Tobias Peter,2022-08-20,4.84,234
2014PETE03,Tobias Peter,2022-09-09,5.41,235
2014PETE03,Tobias Peter,2022-09-09,4.38,236
2014PETE03,Tobias Peter,2022-09-24,4.92,237
2014PETE03,Tobias Peter,2022-10-08,4.99,238
2014PETE03,Tobias Peter,2022-10-08,5.45,239
2014PETE03,Tobias Peter,2022-11-05,6.07,240
2014PETE03,Tobias Peter,2022-12-03,5.32,241
2014PETE03,Tobias Peter,2023-02-04,5.6,242
2014PETE03,Tobias Peter,2023-03-04,6.14,243
2014PETE03,Tobias Peter,2023-03-04,6.99,244
2014PETE03,Tobias Peter,2023-03-18,5.77,245
2014PETE03,Tobias Peter,2023-03-18,6.17,246
2014PETE03,Tobias Peter,2023-04-01,5.59,247
2014PETE03,Tobias Peter,2023-04-01,5.66,248
2014PETE03,Tobias Peter,2023-04-08,5.38,249
2014PETE03,Tobias Peter,2023-05-27,6.51,250
2014PETE03,Tobias Peter,2023-05-27,5.77,251
2014PETE03,Tobias Peter,2023-06-24,4.88,252
2014PETE03,Tobias Peter,2023-06-24,4.98,253
2014PETE03,Tobias Peter,2023-09-23,5.24,254
2014PETE03,Tobias Peter,2023-09-23,4.86,255
2014PETE03,Tobias Peter,2023-09-23,4.98,256
2014PETE03,Tobias Peter,2023-09-30,5.74,257
2014PETE03,Tobias Peter,2023-10-28,5.9,258
2014PETE03,Tobias Peter,2023-10-28,6.1,259
2014PETE03,Tobias Peter,2023-11-03,4.39,260
2014PETE03,Tobias Peter,2023-11-03,4.48,261
2014PETE03,Tobias Peter,2023-11-11,4.96,262
2014PETE03,Tobias Peter,2023-11-11,3.9,263
2014PETE03,Tobias Peter,2023-12-08,5.82,264
2014PETE03,Tobias Peter,2024-01-13,5.33,265
2014PETE03,Tobias Peter,2024-01-13,5.92,266
2014PETE03,Tobias Peter,2024-03-02,6.06,267
2014PETE03,Tobias Peter,2024-03-02,5.01,268
2014PETE03,Tobias Peter,2024-03-30,6.38,269
2014PETE03,Tobias Peter,2024-04-02,5.75,270
2014PETE03,Tobias Peter,2024-05-04,6.66,271
2014PETE03,Tobias Peter,2024-05-04,5.14,272
2014PETE03,Tobias Peter,2024-06-01,4.8,273
2014PETE03,Tobias Peter,2024-06-01,6.37,274
2014PETE03,Tobias Peter,2024-06-01,5.97,275
2014PETE03,Tobias Peter,2024-06-08,6.25,276
2014PETE03,Tobias Peter,2024-06-08,5.21,277
2014PETE03,Tobias Peter,2024-06-29,5.24,278
2014PETE03,Tobias Peter,2024-06-29,7.38,279
2014PETE03,Tobias Peter,2024-07-13,5.48,280
2014PETE03,Tobias Peter,2024-07-13,4.74,281
2014PETE03,Tobias Peter,2024-07-25,5.77,282
2014PETE03,Tobias Peter,2024-08-31,5.53,283
2014PETE03,Tobias Peter,2024-08-31,6.01,284
2014PETE03,Tobias Peter,2024-10-04,5.73,285
2014PETE03,Tobias Peter,2024-10-04,5.73,286
2014PETE03,Tobias Peter,2024-10-19,5.51,287
2014PETE03,Tobias Peter,2024-10-19,5.84,288
2014PETE03,Tobias Peter,2024-10-26,5.23,289
2014PETE03,Tobias Peter,2024-10-26,4.69,290
2014PETE03,Tobias Peter,2024-11-09,5.59,291
2014PETE03,Tobias Peter,2024-12-07,5.71,292
2014PETE03,Tobias Peter,2024-12-07,5.66,293
2014PETE03,Tobias Peter,2024-12-14,6.86,294
2014PETE03,Tobias Peter,2024-12-31,6.42,295
2014PETE03,Tobias Peter,2025-01-11,6.03,296
2014PETE03,Tobias Peter,2025-01-11,3.91,297
2014PETE03,Tobias Peter,2025-01-25,4.97,298
2014PETE03,Tobias Peter,2025-01-25,5.54,299
2014PETE03,Tobias Peter,2025-03-23,4.95,300
2014PETE03,Tobias Peter,2025-04-03,5.83,301
2014PETE03,Tobias Peter,2025-05-24,5.39,302
2014PETE03,Tobias Peter,2025-05-24,5.7,303
2014PETE03,Tobias Peter,2025-06-07,5.78,304
2014PETE03,Tobias Peter,2025-06-07,6.69,305
2014PETE03,Tobias Peter,2025-06-21,6.61,306
2014PETE03,Tobias Peter,2025-06-21,5.55,307
2014PETE03,Tobias Peter,2025-07-03,4.5,308
2014PETE03,Tobias Peter,2025-08-23,4.48,309
2014PETE03,Tobias Peter,2025-08-23,6.17,310
2014PETE03,Tobias Peter,2025-08-30,5.61,311
2014PETE03,Tobias Peter,2025-08-30,5.09,312
2014PETE03,Tobias Peter,2025-09-06,5.41,313
2014PETE03,Tobias Peter,2025-09-06,5.54,314
2014PETE03,Tobias Peter,2025-09-10,6.04,315
2014PETE03,Tobias Peter,2025-09-20,7.51,316
2014PETE03,Tobias Peter,2025-09-20,6.8,317
2014PETE03,Tobias Peter,2025-09-27,6.55,318
2014PETE03,Tobias Peter,2025-09-27,5.8,319
2014PETE03,Tobias Peter,2025-10-04,5.21,320
2014PETE03,Tobias Peter,2025-10-11,7.48,321
2014PETE03,Tobias Peter,2025-10-11,5.82,322
2014PETE03,Tobias Peter,2025-10-25,6.37,323
2014PETE03,Tobias Peter,2025-10-25,7.28,324
2014PETE03,Tobias Peter,2025-11-15,5.74,325
2014PETE03,Tobias Peter,2025-11-15,6.75,326
2014PETE03,Tobias Peter,2025-11-22,5.93,327
2014PETE03,Tobias Peter,2025-11-22,7.5,328
2014PETE03,Tobias Peter,2025-12-06,6.42,329
2014PETE03,Tobias Peter,2026-01-02,7.12,330
2014PETE03,Tobias Peter,2026-02-21,7.58,331
2014PETE03,Tobias Peter,2026-02-21,8.35,332
2014PETE03,Tobias Peter,2026-04-18,8.93,333
2014PETE03,Tobias Peter,2026-04-25,5.35,334
2014PETE03,Tobias Peter,2026-04-25,6.51,335
2014PETE03,Tobias Peter,2026-05-01,6.04,336
2014PETE03,Tobias Peter,2026-05-01,6.33,337
2014PETE03,Tobias Peter,2026-05-23,6.34,338
2014PETE03,Tobias Peter,2026-05-23,7.15,339
2015KUCA01,Carter Kucala,2016-09-03,8.49,1
2015KUCA01,Carter Kucala,2016-12-10,9.25,2
2015KUCA01,Carter Kucala,2016-12-10,8.04,3
2015KUCA01,Carter Kucala,2017-03-18,11.02,4
2015KUCA01,Carter Kucala,2017-07-07,8.04,5
2015KUCA01,Carter Kucala,2017-07-07,8.3,6
2015KUCA01,Carter Kucala,2017-08-05,11.03,7
2015KUCA01,Carter Kucala,2017-10-28,7.05,8
2015KUCA01,Carter Kucala,2017-10-28,8.03,9
2015KUCA01,Carter Kucala,2017-11-12,9.33,10
2015KUCA01,Carter Kucala,2017-11-12,7.87,11
2015KUCA01,Carter Kucala,2018-03-09,6.71,12
2015KUCA01,Carter Kucala,2018-03-31,7.13,13
2015KUCA01,Carter Kucala,2018-03-31,5.56,14
2015KUCA01,Carter Kucala,2018-05-26,7.22,15
2015KUCA01,Carter Kucala,2018-05-26,8.12,16
2015KUCA01,Carter Kucala,2018-05-26,6.73,17
2015KUCA01,Carter Kucala,2018-07-27,7.43,18
2015KUCA01,Carter Kucala,2018-09-02,6.2,19
2015KUCA01,Carter Kucala,2018-09-02,5.92,20
2015KUCA01,Carter Kucala,2018-11-17,5.78,21
2015KUCA01,Carter Kucala,2018-11-17,5.31,22
2015KUCA01,Carter Kucala,2018-12-15,6.73,23
2015KUCA01,Carter Kucala,2018-12-15,4.46,24
2015KUCA01,Carter Kucala,2018-12-15,6.68,25
2015KUCA01,Carter Kucala,2019-02-09,5.51,26
2015KUCA01,Carter Kucala,2019-02-09,6.06,27
2015KUCA01,Carter Kucala,2019-03-09,4.78,28
2015KUCA01,Carter Kucala,2019-03-09,5.1,29
2015KUCA01,Carter Kucala,2019-03-30,5.02,30
2015KUCA01,Carter Kucala,2019-03-30,4.3,31
2015KUCA01,Carter Kucala,2019-03-30,4.05,32
2015KUCA01,Carter Kucala,2019-05-24,4.96,33
2015KUCA01,Carter Kucala,2019-06-16,3.98,34
2015KUCA01,Carter Kucala,2019-06-16,3.53,35
2015KUCA01,Carter Kucala,2019-06-22,6.16,36
2015KUCA01,Carter Kucala,2019-06-22,3.82,37
2015KUCA01,Carter Kucala,2019-06-22,6.47,38
2015KUCA01,Carter Kucala,2019-07-11,6.05,39
2015KUCA01,Carter Kucala,2019-08-01,4.54,40
2015KUCA01,Carter Kucala,2019-08-01,4.37,41
2015KUCA01,Carter Kucala,2019-08-01,4.3,42
2015KUCA01,Carter Kucala,2019-10-19,4.17,43
2015KUCA01,Carter Kucala,2019-10-19,3.84,44
2015KUCA01,Carter Kucala,2019-11-23,3.93,45
2015KUCA01,Carter Kucala,2019-11-23,3.92,46
2015KUCA01,Carter Kucala,2019-11-23,3.83,47
2015KUCA01,Carter Kucala,2019-12-14,4.33,48
2015KUCA01,Carter Kucala,2019-12-14,3.05,49
2015KUCA01,Carter Kucala,2019-12-14,5.02,50
2015KUCA01,Carter Kucala,2019-12-21,4.14,51
2015KUCA01,Carter Kucala,2019-12-21,2.92,52
2015KUCA01,Carter Kucala,2020-01-18,3.48,53
2015KUCA01,Carter Kucala,2020-01-18,4.05,54
2015KUCA01,Carter Kucala,2020-01-18,3.31,55
2015KUCA01,Carter Kucala,2020-03-07,3.08,56
2015KUCA01,Carter Kucala,2020-03-07,4.47,57
2015KUCA01,Carter Kucala,2020-03-07,4.15,58
2015KUCA01,Carter Kucala,2021-07-17,4.11,59
2015KUCA01,Carter Kucala,2021-07-17,3.87,60
2015KUCA01,Carter Kucala,2021-11-13,2.94,61
2015KUCA01,Carter Kucala,2021-11-13,2.94,62
2015KUCA01,Carter Kucala,2021-11-26,4.56,63
2015KUCA01,Carter Kucala,2021-11-26,3.43,64
2015KUCA01,Carter Kucala,2021-12-04,3.26,65
2015KUCA01,Carter Kucala,2021-12-04,3.41,66
2015KUCA01,Carter Kucala,2021-12-18,2.86,67
2015KUCA01,Carter Kucala,2021-12-18,3.29,68
2015KUCA01,Carter Kucala,2022-03-05,3.5,69
2015KUCA01,Carter Kucala,2022-03-12,3.48,70
2015KUCA01,Carter Kucala,2022-03-12,3.29,71
2015KUCA01,Carter Kucala,2022-04-01,2.84,72
2015KUCA01,Carter Kucala,2022-04-01,4.77,73
2015KUCA01,Carter Kucala,2022-04-09,3.85,74
2015KUCA01,Carter Kucala,2022-04-09,3.49,75
2015KUCA01,Carter Kucala,2022-04-29,3.55,76
2015KUCA01,Carter Kucala,2022-04-29,4.42,77
2015KUCA01,Carter Kucala,2022-04-29,3.4,78
2015KUCA01,Carter Kucala,2022-05-27,3.18,79
2015KUCA01,Carter Kucala,2022-05-27,4.06,80
2015KUCA01,Carter Kucala,2022-05-27,3.57,81
2015KUCA01,Carter Kucala,2022-05-27,4.39,82
2015KUCA01,Carter Kucala,2022-07-07,5.1,83
2015KUCA01,Carter Kucala,2022-07-07,4.47,84
2015KUCA01,Carter Kucala,2022-07-14,4.39,85
2015KUCA01,Carter Kucala,2022-07-14,4.09,86
2015KUCA01,Carter Kucala,2022-07-29,4.04,87
2015KUCA01,Carter Kucala,2022-07-29,5.17,88
2015KUCA01,Carter Kucala,2022-08-06,4.39,89
2015KUCA01,Carter Kucala,2022-08-06,3.33,90
2015KUCA01,Carter Kucala,2022-08-20,4.2,91
2015KUCA01,Carter Kucala,2022-08-20,2.64,92
2015KUCA01,Carter Kucala,2022-09-03,2.85,93
2015KUCA01,Carter Kucala,2022-09-03,4.66,94
2015KUCA01,Carter Kucala,2022-09-24,2.35,95
2015KUCA01,Carter Kucala,2022-09-24,3.57,96
2015KUCA01,Carter Kucala,2022-10-22,3.6,97
2015KUCA01,Carter Kucala,2022-10-22,4.05,98
2015KUCA01,Carter Kucala,2022-11-05,4.56,99
2015KUCA01,Carter Kucala,2022-11-05,4.51,100
2015KUCA01,Carter Kucala,2022-12-03,4.41,101
2015KUCA01,Carter Kucala,2022-12-03,4.05,102
2015KUCA01,Carter Kucala,2022-12-10,2.88,103
2015KUCA01,Carter Kucala,2022-12-10,3.64,104
2015KUCA01,Carter Kucala,2023-01-21,3.38,105
2015KUCA01,Carter Kucala,2023-01-21,4.26,106
2015KUCA01,Carter Kucala,2023-02-05,3.75,107
2015KUCA01,Carter Kucala,2023-02-05,3.63,108
2015KUCA01,Carter Kucala,2023-02-11,3.47,109
2015KUCA01,Carter Kucala,2023-02-11,4.65,110
2015KUCA01,Carter Kucala,2023-02-19,4.16,111
2015KUCA01,Carter Kucala,2023-03-18,3.7,112
2015KUCA01,Carter Kucala,2023-03-18,3.06,113
2015KUCA01,Carter Kucala,2023-03-25,3.31,114
2015KUCA01,Carter Kucala,2023-04-08,3.69,115
2015KUCA01,Carter Kucala,2023-04-08,4.28,116
2015KUCA01,Carter Kucala,2023-04-15,3.94,117
2015KUCA01,Carter Kucala,2023-04-15,2.68,118
2015KUCA01,Carter Kucala,2023-04-29,3.69,119
2015KUCA01,Carter Kucala,2023-04-29,3.91,120
2015KUCA01,Carter Kucala,2023-04-30,3.2,121
2015KUCA01,Carter Kucala,2023-04-30,4.3,122
2015KUCA01,Carter Kucala,2023-04-30,3.86,123
2015KUCA01,Carter Kucala,2023-05-06,3.27,124
2015KUCA01,Carter Kucala,2023-05-06,3.79,125
2015KUCA01,Carter Kucala,2023-05-20,3.91,126
2015KUCA01,Carter Kucala,2023-05-20,4.26,127
2015KUCA01,Carter Kucala,2023-05-27,3.48,128
2015KUCA01,Carter Kucala,2023-05-27,4.17,129
2015KUCA01,Carter Kucala,2023-05-27,2.85,130
2015KUCA01,Carter Kucala,2023-06-02,2.96,131
2015KUCA01,Carter Kucala,2023-06-02,3.84,132
2015KUCA01,Carter Kucala,2023-06-02,3.64,133
2015KUCA01,Carter Kucala,2023-06-17,3.86,134
2015KUCA01,Carter Kucala,2023-06-17,2.5,135
2015KUCA01,Carter Kucala,2023-06-17,2.9,136
2015KUCA01,Carter Kucala,2023-07-13,3.59,137
2015KUCA01,Carter Kucala,2023-07-13,2.99,138
2015KUCA01,Carter Kucala,2023-07-13,3.29,139
2015KUCA01,Carter Kucala,2023-07-22,3.26,140
2015KUCA01,Carter Kucala,2023-07-22,2.38,141
2015KUCA01,Carter Kucala,2023-07-27,4.3,142
2015KUCA01,Carter Kucala,2023-07-27,2.62,143
2015KUCA01,Carter Kucala,2023-07-27,3.38,144
2015KUCA01,Carter Kucala,2023-08-12,2.85,145
2015KUCA01,Carter Kucala,2023-08-12,3.18,146
2015KUCA01,Carter Kucala,2023-08-26,2.38,147
2015KUCA01,Carter Kucala,2023-08-26,3.31,148
2015KUCA01,Carter Kucala,2023-08-27,3.27,149
2015KUCA01,Carter Kucala,2023-08-27,3.53,150
2015KUCA01,Carter Kucala,2023-08-27,3.27,151
2015KUCA01,Carter Kucala,2023-09-02,3.78,152
2015KUCA01,Carter Kucala,2023-09-02,3.17,153
2015KUCA01,Carter Kucala,2023-09-02,2.54,154
2015KUCA01,Carter Kucala,2023-09-03,2.99,155
2015KUCA01,Carter Kucala,2023-09-03,3.0,156
2015KUCA01,Carter Kucala,2023-09-10,3.45,157
2015KUCA01,Carter Kucala,2023-09-10,2.5,158
2015KUCA01,Carter Kucala,2023-09-17,3.15,159
2015KUCA01,Carter Kucala,2023-09-17,3.56,160
2015KUCA01,Carter Kucala,2023-09-17,2.53,161
2015KUCA01,Carter Kucala,2023-09-23,4.22,162
2015KUCA01,Carter Kucala,2023-09-23,2.97,163
2015KUCA01,Carter Kucala,2023-10-07,2.78,164
2015KUCA01,Carter Kucala,2023-10-07,4.76,165
2015KUCA01,Carter Kucala,2023-10-07,2.78,166
2015KUCA01,Carter Kucala,2023-10-07,3.41,167
2015KUCA01,Carter Kucala,2023-10-20,3.18,168
2015KUCA01,Carter Kucala,2023-10-20,3.27,169
2015KUCA01,Carter Kucala,2023-10-20,4.26,170
2015KUCA01,Carter Kucala,2023-11-03,2.31,171
2015KUCA01,Carter Kucala,2023-11-03,2.83,172
2015KUCA01,Carter Kucala,2023-11-03,4.06,173
2015KUCA01,Carter Kucala,2023-11-18,3.19,174
2015KUCA01,Carter Kucala,2023-11-18,3.27,175
2015KUCA01,Carter Kucala,2023-11-18,2.78,176
2015KUCA01,Carter Kucala,2023-11-19,3.23,177
2015KUCA01,Carter Kucala,2023-11-19,3.24,178
2015KUCA01,Carter Kucala,2023-11-19,3.95,179
2015KUCA01,Carter Kucala,2023-12-02,3.3,180
2015KUCA01,Carter Kucala,2023-12-02,2.94,181
2015KUCA01,Carter Kucala,2023-12-03,2.74,182
2015KUCA01,Carter Kucala,2023-12-03,2.2,183
2015KUCA01,Carter Kucala,2023-12-09,2.86,184
2015KUCA01,Carter Kucala,2023-12-09,3.18,185
2015KUCA01,Carter Kucala,2024-01-06,3.42,186
2015KUCA01,Carter Kucala,2024-01-06,2.33,187
2015KUCA01,Carter Kucala,2024-01-20,3.23,188
2015KUCA01,Carter Kucala,2024-01-20,2.64,189
2015KUCA01,Carter Kucala,2024-01-20,2.82,190
2015KUCA01,Carter Kucala,2024-03-02,4.33,191
2015KUCA01,Carter Kucala,2024-03-02,3.9,192
2015KUCA01,Carter Kucala,2024-03-09,2.51,193
2015KUCA01,Carter Kucala,2024-03-09,2.84,194
2015KUCA01,Carter Kucala,2024-03-09,3.65,195
2015KUCA01,Carter Kucala,2024-03-16,3.82,196
2015KUCA01,Carter Kucala,2024-04-06,2.73,197
2015KUCA01,Carter Kucala,2024-04-06,3.77,198
2015KUCA01,Carter Kucala,2024-04-20,3.9,199
2015KUCA01,Carter Kucala,2024-04-20,2.63,200
2015KUCA01,Carter Kucala,2024-04-27,3.65,201
2015KUCA01,Carter Kucala,2024-04-27,3.55,202
2015KUCA01,Carter Kucala,2024-05-19,3.45,203
2015KUCA01,Carter Kucala,2024-05-19,3.84,204
2015KUCA01,Carter Kucala,2024-06-01,3.68,205
2015KUCA01,Carter Kucala,2024-06-01,2.74,206
2015KUCA01,Carter Kucala,2024-06-07,3.71,207
2015KUCA01,Carter Kucala,2024-06-07,3.75,208
2015KUCA01,Carter Kucala,2024-06-07,2.78,209
2015KUCA01,Carter Kucala,2024-06-28,3.1,210
2015KUCA01,Carter Kucala,2024-06-28,3.7,211
2015KUCA01,Carter Kucala,2024-06-28,3.19,212
2015KUCA01,Carter Kucala,2024-07-13,3.42,213
2015KUCA01,Carter Kucala,2024-07-13,3.36,214
2015KUCA01,Carter Kucala,2024-07-18,3.57,215
2015KUCA01,Carter Kucala,2024-07-18,3.19,216
2015KUCA01,Carter Kucala,2024-07-25,2.9,217
2015KUCA01,Carter Kucala,2024-07-25,3.2,218
2015KUCA01,Carter Kucala,2024-08-10,3.11,219
2015KUCA01,Carter Kucala,2024-08-10,3.04,220
2015KUCA01,Carter Kucala,2024-08-31,3.24,221
2015KUCA01,Carter Kucala,2024-08-31,3.73,222
2015KUCA01,Carter Kucala,2024-08-31,2.73,223
2015KUCA01,Carter Kucala,2024-10-04,3.95,224
2015KUCA01,Carter Kucala,2024-10-04,2.46,225
2015KUCA01,Carter Kucala,2024-10-04,2.8,226
2015KUCA01,Carter Kucala,2024-10-26,4.72,227
2015KUCA01,Carter Kucala,2024-10-26,2.56,228
2015KUCA01,Carter Kucala,2024-10-26,4.51,229
2015KUCA01,Carter Kucala,2024-10-26,4.64,230
2015KUCA01,Carter Kucala,2024-11-30,4.12,231
2015KUCA01,Carter Kucala,2024-11-30,2.74,232
2015KUCA01,Carter Kucala,2024-12-28,3.54,233
2015KUCA01,Carter Kucala,2024-12-28,3.64,234
2015KUCA01,Carter Kucala,2025-02-09,2.37,235
2015KUCA01,Carter Kucala,2025-02-09,4.29,236
2015KUCA01,Carter Kucala,2025-02-15,2.84,237
2015KUCA01,Carter Kucala,2025-02-15,2.56,238
2015KUCA01,Carter Kucala,2025-03-08,3.87,239
2015KUCA01,Carter Kucala,2025-03-08,3.49,240
2015KUCA01,Carter Kucala,2025-03-08,3.74,241
2015KUCA01,Carter Kucala,2025-03-29,2.53,242
2015KUCA01,Carter Kucala,2025-05-10,4.2,243
2015KUCA01,Carter Kucala,2025-05-10,3.37,244
2015KUCA01,Carter Kucala,2025-05-10,2.26,245
2015KUCA01,Carter Kucala,2025-06-15,2.75,246
2015KUCA01,Carter Kucala,2025-06-15,2.37,247
2015KUCA01,Carter Kucala,2025-06-27,3.21,248
2015KUCA01,Carter Kucala,2025-06-27,3.21,249
2015KUCA01,Carter Kucala,2025-06-28,2.28,250
2015KUCA01,Carter Kucala,2025-06-28,3.28,251
2015KUCA01,Carter Kucala,2025-06-28,2.83,252
2015KUCA01,Carter Kucala,2025-07-03,2.98,253
2015KUCA01,Carter Kucala,2025-07-24,3.34,254
2015KUCA01,Carter Kucala,2025-07-24,2.97,255
2015KUCA01,Carter Kucala,2025-07-24,2.88,256
2015KUCA01,Carter Kucala,2025-08-01,4.06,257
2015KUCA01,Carter Kucala,2025-08-01,3.41,258
2015KUCA01,Carter Kucala,2025-08-01,3.46,259
2015KUCA01,Carter Kucala,2025-08-16,3.29,260
2015KUCA01,Carter Kucala,2025-08-16,2.83,261
2015KUCA01,Carter Kucala,2025-08-22,4.05,262
2015KUCA01,Carter Kucala,2025-08-22,3.45,263
2015KUCA01,Carter Kucala,2025-08-22,3.23,264
2015KUCA01,Carter Kucala,2025-09-05,3.04,265
2015KUCA01,Carter Kucala,2025-09-05,3.15,266
2015KUCA01,Carter Kucala,2025-09-13,3.2,267
2015KUCA01,Carter Kucala,2025-09-13,4.38,268
2015KUCA01,Carter Kucala,2025-09-13,2.14,269
2015KUCA01,Carter Kucala,2025-10-04,2.76,270
2015KUCA01,Carter Kucala,2025-10-04,4.56,271
2015KUCA01,Carter Kucala,2025-11-08,3.64,272
2015KUCA01,Carter Kucala,2025-11-08,2.95,273
2015KUCA01,Carter Kucala,2025-11-08,2.74,274
2015KUCA01,Carter Kucala,2025-11-08,2.36,275
2015KUCA01,Carter Kucala,2025-11-15,2.37,276
2015KUCA01,Carter Kucala,2025-11-15,2.35,277
2015KUCA01,Carter Kucala,2025-11-29,3.55,278
2015KUCA01,Carter Kucala,2025-11-29,2.63,279
2015KUCA01,Carter Kucala,2025-11-29,3.16,280
2015KUCA01,Carter Kucala,2026-01-17,3.53,281
2015KUCA01,Carter Kucala,2026-01-17,1.9,282
2015KUCA01,Carter Kucala,2026-01-17,2.39,283
2015KUCA01,Carter Kucala,2026-01-31,2.48,284
2015KUCA01,Carter Kucala,2026-01-31,3.17,285
2015KUCA01,Carter Kucala,2026-01-31,2.95,286
2015KUCA01,Carter Kucala,2026-02-28,3.4,287
2015KUCA01,Carter Kucala,2026-02-28,2.6,288
2015KUCA01,Carter Kucala,2026-02-28,2.46,289
2015KUCA01,Carter Kucala,2026-03-14,2.38,290
2015KUCA01,Carter Kucala,2026-04-04,3.11,291
2015KUCA01,Carter Kucala,2026-04-04,2.76,292
2015KUCA01,Carter Kucala,2026-05-22,3.54,293
2015KUCA01,Carter Kucala,2026-05-22,3.59,294
2015KUCA01,Carter Kucala,2026-05-22,2.99,295
2015WINT02,Steven Wintringham,2015-06-27,13.86,1
2015WINT02,Steven Wintringham,2016-02-20,7.24,2
2015WINT02,Steven Wintringham,2016-04-02,7.64,3
2015WINT02,Steven Wintringham,2016-04-02,6.29,4
2015WINT02,Steven Wintringham,2016-04-02,7.17,5
2015WINT02,Steven Wintringham,2016-05-14,4.94,6
2015WINT02,Steven Wintringham,2016-05-14,7.71,7
2015WINT02,Steven Wintringham,2016-05-14,5.66,8
2015WINT02,Steven Wintringham,2016-06-25,5.69,9
2015WINT02,Steven Wintringham,2016-06-25,5.46,10
2015WINT02,Steven Wintringham,2016-08-13,5.78,11
2015WINT02,Steven Wintringham,2016-08-13,5.51,12
2015WINT02,Steven Wintringham,2016-12-10,6.19,13
2015WINT02,Steven Wintringham,2017-01-07,5.01,14
2015WINT02,Steven Wintringham,2017-01-07,5.89,15
2015WINT02,Steven Wintringham,2017-03-18,4.71,16
2015WINT02,Steven Wintringham,2017-03-18,5.51,17
2015WINT02,Steven Wintringham,2017-07-07,5.18,18
2015WINT02,Steven Wintringham,2017-07-07,4.43,19
2015WINT02,Steven Wintringham,2017-07-07,3.86,20
2015WINT02,Steven Wintringham,2017-07-07,4.56,21
2015WINT02,Steven Wintringham,2017-08-19,3.92,22
2015WINT02,Steven Wintringham,2017-08-19,4.66,23
2015WINT02,Steven Wintringham,2017-09-16,4.66,24
2015WINT02,Steven Wintringham,2017-09-16,4.44,25
2015WINT02,Steven Wintringham,2017-12-09,3.68,26
2015WINT02,Steven Wintringham,2017-12-09,4.79,27
2015WINT02,Steven Wintringham,2018-02-03,4.03,28
2015WINT02,Steven Wintringham,2018-03-03,4.24,29
2015WINT02,Steven Wintringham,2018-03-03,3.9,30
2015WINT02,Steven Wintringham,2018-04-14,3.93,31
2015WINT02,Steven Wintringham,2018-04-29,4.13,32
2015WINT02,Steven Wintringham,2018-05-18,3.24,33
2015WINT02,Steven Wintringham,2018-05-18,3.17,34
2015WINT02,Steven Wintringham,2018-07-21,3.55,35
2015WINT02,Steven Wintringham,2018-07-21,4.55,36
2015WINT02,Steven Wintringham,2018-08-10,3.35,37
2015WINT02,Steven Wintringham,2018-08-10,4.6,38
2015WINT02,Steven Wintringham,2018-08-25,3.6,39
2015WINT02,Steven Wintringham,2018-08-25,3.15,40
2015WINT02,Steven Wintringham,2018-10-20,4.41,41
2015WINT02,Steven Wintringham,2018-10-20,4.68,42
2015WINT02,Steven Wintringham,2018-10-20,3.23,43
2015WINT02,Steven Wintringham,2018-11-10,3.23,44
2015WINT02,Steven Wintringham,2018-11-10,4.23,45
2015WINT02,Steven Wintringham,2018-12-01,3.21,46
2015WINT02,Steven Wintringham,2018-12-01,3.63,47
2015WINT02,Steven Wintringham,2019-01-12,3.75,48
2015WINT02,Steven Wintringham,2019-01-12,3.62,49
2015WINT02,Steven Wintringham,2019-03-02,4.95,50
2015WINT02,Steven Wintringham,2019-03-02,3.62,51
2015WINT02,Steven Wintringham,2019-03-30,2.73,52
2015WINT02,Steven Wintringham,2019-03-30,3.45,53
2015WINT02,Steven Wintringham,2019-04-14,4.03,54
2015WINT02,Steven Wintringham,2019-04-14,2.79,55
2015WINT02,Steven Wintringham,2019-04-28,3.06,56
2015WINT02,Steven Wintringham,2019-04-28,2.98,57
2015WINT02,Steven Wintringham,2019-05-04,3.23,58
2015WINT02,Steven Wintringham,2019-05-04,3.05,59
2015WINT02,Steven Wintringham,2019-08-01,4.88,60
2015WINT02,Steven Wintringham,2019-08-01,3.36,61
2015WINT02,Steven Wintringham,2019-08-01,6.08,62
2015WINT02,Steven Wintringham,2019-08-24,3.1,63
2015WINT02,Steven Wintringham,2019-08-24,2.82,64
2015WINT02,Steven Wintringham,2019-08-24,3.17,65
2015WINT02,Steven Wintringham,2019-09-14,2.79,66
2015WINT02,Steven Wintringham,2019-09-14,2.89,67
2015WINT02,Steven Wintringham,2019-11-09,2.54,68
2015WINT02,Steven Wintringham,2019-11-09,3.92,69
2015WINT02,Steven Wintringham,2019-11-09,3.4,70
2015WINT02,Steven Wintringham,2019-11-16,3.33,71
2015WINT02,Steven Wintringham,2019-11-16,2.83,72
2015WINT02,Steven Wintringham,2019-12-27,2.99,73
2015WINT02,Steven Wintringham,2019-12-27,2.55,74
2015WINT02,Steven Wintringham,2019-12-27,4.34,75
2015WINT02,Steven Wintringham,2020-02-22,2.89,76
2015WINT02,Steven Wintringham,2020-02-22,2.65,77
2015WINT02,Steven Wintringham,2022-01-08,3.27,78
2015WINT02,Steven Wintringham,2022-01-08,2.86,79
2015WINT02,Steven Wintringham,2022-01-09,3.44,80
2015WINT02,Steven Wintringham,2022-01-09,2.78,81
2015WINT02,Steven Wintringham,2022-01-09,2.32,82
2015WINT02,Steven Wintringham,2022-04-01,2.3,83
2015WINT02,Steven Wintringham,2022-04-01,2.58,84
2015WINT02,Steven Wintringham,2022-07-02,3.39,85
2015WINT02,Steven Wintringham,2022-07-02,2.46,86
2015WINT02,Steven Wintringham,2022-07-07,2.83,87
2015WINT02,Steven Wintringham,2022-07-07,3.17,88
2015WINT02,Steven Wintringham,2022-07-07,2.24,89
2015WINT02,Steven Wintringham,2022-08-27,3.78,90
2015WINT02,Steven Wintringham,2022-08-27,2.71,91
2015WINT02,Steven Wintringham,2022-08-27,2.84,92
2015WINT02,Steven Wintringham,2022-09-03,4.11,93
2015WINT02,Steven Wintringham,2022-09-03,2.32,94
2015WINT02,Steven Wintringham,2022-09-03,2.94,95
2015WINT02,Steven Wintringham,2022-09-24,3.33,96
2015WINT02,Steven Wintringham,2022-09-24,3.64,97
2015WINT02,Steven Wintringham,2022-10-01,2.5,98
2015WINT02,Steven Wintringham,2022-10-01,3.29,99
2015WINT02,Steven Wintringham,2022-10-16,2.69,100
2015WINT02,Steven Wintringham,2022-10-16,3.01,101
2015WINT02,Steven Wintringham,2022-10-16,2.63,102
2015WINT02,Steven Wintringham,2022-10-29,2.58,103
2015WINT02,Steven Wintringham,2022-10-29,2.82,104
2015WINT02,Steven Wintringham,2022-12-03,2.42,105
2015WINT02,Steven Wintringham,2022-12-03,2.25,106
2015WINT02,Steven Wintringham,2023-01-08,3.05,107
2015WINT02,Steven Wintringham,2023-01-08,2.87,108
2015WINT02,Steven Wintringham,2023-01-21,3.1,109
2015WINT02,Steven Wintringham,2023-01-21,2.36,110
2015WINT02,Steven Wintringham,2023-01-21,2.65,111
2015WINT02,Steven Wintringham,2023-02-11,2.23,112
2015WINT02,Steven Wintringham,2023-02-11,2.95,113
2015WINT02,Steven Wintringham,2023-02-19,2.36,114
2015WINT02,Steven Wintringham,2023-02-25,2.3,115
2015WINT02,Steven Wintringham,2023-02-25,2.46,116
2015WINT02,Steven Wintringham,2023-04-01,2.78,117
2015WINT02,Steven Wintringham,2023-04-01,3.73,118
2015WINT02,Steven Wintringham,2023-04-01,2.75,119
2015WINT02,Steven Wintringham,2023-04-08,2.41,120
2015WINT02,Steven Wintringham,2023-04-08,2.81,121
2015WINT02,Steven Wintringham,2023-04-08,3.6,122
2015WINT02,Steven Wintringham,2023-04-09,2.97,123
2015WINT02,Steven Wintringham,2023-04-09,2.21,124
2015WINT02,Steven Wintringham,2023-04-09,3.55,125
2015WINT02,Steven Wintringham,2023-04-29,2.72,126
2015WINT02,Steven Wintringham,2023-04-29,2.29,127
2015WINT02,Steven Wintringham,2023-04-30,3.47,128
2015WINT02,Steven Wintringham,2023-04-30,2.64,129
2015WINT02,Steven Wintringham,2023-04-30,3.85,130
2015WINT02,Steven Wintringham,2023-05-02,3.37,131
2015WINT02,Steven Wintringham,2023-05-02,3.12,132
2015WINT02,Steven Wintringham,2023-05-02,3.42,133
2015WINT02,Steven Wintringham,2023-05-13,2.72,134
2015WINT02,Steven Wintringham,2023-05-13,3.49,135
2015WINT02,Steven Wintringham,2023-05-21,2.87,136
2015WINT02,Steven Wintringham,2023-05-21,3.14,137
2015WINT02,Steven Wintringham,2023-05-21,2.01,138
2015WINT02,Steven Wintringham,2023-05-27,3.42,139
2015WINT02,Steven Wintringham,2023-05-27,2.49,140
2015WINT02,Steven Wintringham,2023-05-29,4.46,141
2015WINT02,Steven Wintringham,2023-05-29,2.78,142
2015WINT02,Steven Wintringham,2023-06-10,3.1,143
2015WINT02,Steven Wintringham,2023-06-10,2.54,144
2015WINT02,Steven Wintringham,2023-07-08,2.17,145
2015WINT02,Steven Wintringham,2023-07-08,2.42,146
2015WINT02,Steven Wintringham,2023-07-22,2.56,147
2015WINT02,Steven Wintringham,2023-07-22,2.13,148
2015WINT02,Steven Wintringham,2023-07-22,2.24,149
2015WINT02,Steven Wintringham,2023-07-27,3.41,150
2015WINT02,Steven Wintringham,2023-07-27,3.03,151
2015WINT02,Steven Wintringham,2023-08-12,3.74,152
2015WINT02,Steven Wintringham,2023-08-12,2.32,153
2015WINT02,Steven Wintringham,2023-08-13,4.85,154
2015WINT02,Steven Wintringham,2023-08-13,2.49,155
2015WINT02,Steven Wintringham,2023-08-13,3.61,156
2015WINT02,Steven Wintringham,2023-08-19,2.66,157
2015WINT02,Steven Wintringham,2023-08-19,2.21,158
2015WINT02,Steven Wintringham,2023-08-27,3.72,159
2015WINT02,Steven Wintringham,2023-08-27,3.09,160
2015WINT02,Steven Wintringham,2023-08-27,3.13,161
2015WINT02,Steven Wintringham,2023-09-02,2.44,162
2015WINT02,Steven Wintringham,2023-09-02,2.6,163
2015WINT02,Steven Wintringham,2023-09-02,2.57,164
2015WINT02,Steven Wintringham,2023-09-03,2.19,165
2015WINT02,Steven Wintringham,2023-09-03,2.9,166
2015WINT02,Steven Wintringham,2023-09-09,2.73,167
2015WINT02,Steven Wintringham,2023-09-09,2.18,168
2015WINT02,Steven Wintringham,2023-09-10,2.52,169
2015WINT02,Steven Wintringham,2023-09-10,3.4,170
2015WINT02,Steven Wintringham,2023-09-17,2.8,171
2015WINT02,Steven Wintringham,2023-09-17,2.69,172
2015WINT02,Steven Wintringham,2023-09-17,3.39,173
2015WINT02,Steven Wintringham,2023-10-07,2.31,174
2015WINT02,Steven Wintringham,2023-10-07,2.13,175
2015WINT02,Steven Wintringham,2023-10-07,2.75,176
2015WINT02,Steven Wintringham,2023-10-07,2.8,177
2015WINT02,Steven Wintringham,2023-10-14,2.7,178
2015WINT02,Steven Wintringham,2023-10-14,2.88,179
2015WINT02,Steven Wintringham,2023-10-14,2.8,180
2015WINT02,Steven Wintringham,2023-10-20,2.98,181
2015WINT02,Steven Wintringham,2023-10-20,2.3,182
2015WINT02,Steven Wintringham,2023-10-20,2.82,183
2015WINT02,Steven Wintringham,2023-11-04,2.74,184
2015WINT02,Steven Wintringham,2023-11-04,2.39,185
2015WINT02,Steven Wintringham,2023-11-19,3.36,186
2015WINT02,Steven Wintringham,2023-11-19,2.3,187
2015WINT02,Steven Wintringham,2023-11-19,2.88,188
2015WINT02,Steven Wintringham,2023-12-03,3.25,189
2015WINT02,Steven Wintringham,2023-12-03,3.72,190
2015WINT02,Steven Wintringham,2023-12-09,2.48,191
2015WINT02,Steven Wintringham,2023-12-09,2.95,192
2015WINT02,Steven Wintringham,2023-12-17,2.56,193
2015WINT02,Steven Wintringham,2023-12-17,3.1,194
2015WINT02,Steven Wintringham,2023-12-17,2.65,195
2015WINT02,Steven Wintringham,2024-01-07,2.52,196
2015WINT02,Steven Wintringham,2024-01-07,3.52,197
2015WINT02,Steven Wintringham,2024-01-20,3.23,198
2015WINT02,Steven Wintringham,2024-01-20,3.17,199
2015WINT02,Steven Wintringham,2024-01-20,2.65,200
2015WINT02,Steven Wintringham,2024-02-03,3.27,201
2015WINT02,Steven Wintringham,2024-02-03,2.99,202
2015WINT02,Steven Wintringham,2024-02-03,2.22,203
2015WINT02,Steven Wintringham,2024-03-09,3.51,204
2015WINT02,Steven Wintringham,2024-03-09,3.45,205
2015WINT02,Steven Wintringham,2024-03-09,3.17,206
2015WINT02,Steven Wintringham,2024-03-16,2.62,207
2015WINT02,Steven Wintringham,2024-03-16,3.32,208
2015WINT02,Steven Wintringham,2024-03-16,2.5,209
2015WINT02,Steven Wintringham,2024-03-23,3.38,210
2015WINT02,Steven Wintringham,2024-03-23,4.36,211
2015WINT02,Steven Wintringham,2024-04-14,2.93,212
2015WINT02,Steven Wintringham,2024-04-14,2.33,213
2015WINT02,Steven Wintringham,2024-04-27,3.88,214
2015WINT02,Steven Wintringham,2024-04-27,2.77,215
2015WINT02,Steven Wintringham,2024-04-28,2.57,216
2015WINT02,Steven Wintringham,2024-04-28,2.85,217
2015WINT02,Steven Wintringham,2024-04-28,2.4,218
2015WINT02,Steven Wintringham,2024-05-18,4.13,219
2015WINT02,Steven Wintringham,2024-05-18,1.91,220
2015WINT02,Steven Wintringham,2024-05-24,3.4,221
2015WINT02,Steven Wintringham,2024-05-24,2.61,222
2015WINT02,Steven Wintringham,2024-06-16,3.92,223
2015WINT02,Steven Wintringham,2024-06-16,2.78,224
2015WINT02,Steven Wintringham,2024-06-27,3.28,225
2015WINT02,Steven Wintringham,2024-06-27,2.0,226
2015WINT02,Steven Wintringham,2024-07-14,2.24,227
2015WINT02,Steven Wintringham,2024-07-14,2.39,228
2015WINT02,Steven Wintringham,2024-07-14,2.32,229
2015WINT02,Steven Wintringham,2024-07-18,2.47,230
2015WINT02,Steven Wintringham,2024-07-18,2.42,231
2015WINT02,Steven Wintringham,2024-07-18,2.73,232
2015WINT02,Steven Wintringham,2024-07-28,4.03,233
2015WINT02,Steven Wintringham,2024-07-28,2.28,234
2015WINT02,Steven Wintringham,2024-08-23,3.05,235
2015WINT02,Steven Wintringham,2024-08-23,2.2,236
2015WINT02,Steven Wintringham,2024-08-23,2.25,237
2015WINT02,Steven Wintringham,2024-09-22,3.26,238
2015WINT02,Steven Wintringham,2024-09-22,2.38,239
2015WINT02,Steven Wintringham,2024-09-22,2.31,240
2015WINT02,Steven Wintringham,2024-09-28,2.33,241
2015WINT02,Steven Wintringham,2024-09-28,2.92,242
2015WINT02,Steven Wintringham,2024-09-28,2.61,243
2015WINT02,Steven Wintringham,2024-10-06,2.01,244
2015WINT02,Steven Wintringham,2024-10-06,2.93,245
2015WINT02,Steven Wintringham,2024-11-03,2.64,246
2015WINT02,Steven Wintringham,2024-11-03,2.47,247
2015WINT02,Steven Wintringham,2024-11-03,2.62,248
2015WINT02,Steven Wintringham,2024-11-17,2.4,249
2015WINT02,Steven Wintringham,2024-11-17,2.83,250
2015WINT02,Steven Wintringham,2024-12-07,2.69,251
2015WINT02,Steven Wintringham,2024-12-07,1.67,252
2015WINT02,Steven Wintringham,2024-12-21,2.92,253
2015WINT02,Steven Wintringham,2024-12-21,2.57,254
2015WINT02,Steven Wintringham,2024-12-21,2.7,255
2015WINT02,Steven Wintringham,2024-12-30,3.75,256
2015WINT02,Steven Wintringham,2024-12-30,2.87,257
2015WINT02,Steven Wintringham,2025-01-11,2.88,258
2015WINT02,Steven Wintringham,2025-01-11,2.92,259
2015WINT02,Steven Wintringham,2025-01-26,4.07,260
2015WINT02,Steven Wintringham,2025-01-26,2.45,261
2015WINT02,Steven Wintringham,2025-02-08,2.42,262
2015WINT02,Steven Wintringham,2025-02-08,2.51,263
2015WINT02,Steven Wintringham,2025-02-09,2.59,264
2015WINT02,Steven Wintringham,2025-02-09,2.66,265
2015WINT02,Steven Wintringham,2025-02-09,3.43,266
2015WINT02,Steven Wintringham,2025-02-16,3.37,267
2015WINT02,Steven Wintringham,2025-02-16,2.09,268
2015WINT02,Steven Wintringham,2025-03-16,2.38,269
2015WINT02,Steven Wintringham,2025-03-16,2.2,270
2015WINT02,Steven Wintringham,2025-03-22,3.22,271
2015WINT02,Steven Wintringham,2025-03-22,2.0,272
2015WINT02,Steven Wintringham,2025-03-29,2.66,273
2015WINT02,Steven Wintringham,2025-04-19,4.47,274
2015WINT02,Steven Wintringham,2025-04-19,2.55,275
2015WINT02,Steven Wintringham,2025-04-19,3.66,276
2015WINT02,Steven Wintringham,2025-04-26,2.12,277
2015WINT02,Steven Wintringham,2025-04-26,4.31,278
2015WINT02,Steven Wintringham,2025-05-04,3.52,279
2015WINT02,Steven Wintringham,2025-05-04,2.46,280
2015WINT02,Steven Wintringham,2025-05-10,2.88,281
2015WINT02,Steven Wintringham,2025-05-20,3.17,282
2015WINT02,Steven Wintringham,2025-06-07,2.87,283
2015WINT02,Steven Wintringham,2025-06-07,2.25,284
2015WINT02,Steven Wintringham,2025-06-08,2.46,285
2015WINT02,Steven Wintringham,2025-06-08,1.97,286
2015WINT02,Steven Wintringham,2025-06-08,2.3,287
2015WINT02,Steven Wintringham,2025-06-20,3.69,288
2015WINT02,Steven Wintringham,2025-06-20,2.83,289
2015WINT02,Steven Wintringham,2025-06-27,2.3,290
2015WINT02,Steven Wintringham,2025-06-27,2.37,291
2015WINT02,Steven Wintringham,2025-06-27,3.02,292
2015WINT02,Steven Wintringham,2025-06-28,3.57,293
2015WINT02,Steven Wintringham,2025-06-28,2.42,294
2015WINT02,Steven Wintringham,2025-06-28,2.79,295
2015WINT02,Steven Wintringham,2025-07-03,2.48,296
2015WINT02,Steven Wintringham,2025-07-03,2.1,297
2015WINT02,Steven Wintringham,2025-07-24,4.11,298
2015WINT02,Steven Wintringham,2025-07-24,2.3,299
2015WINT02,Steven Wintringham,2025-07-24,2.75,300
2015WINT02,Steven Wintringham,2025-08-02,2.95,301
2015WINT02,Steven Wintringham,2025-08-02,1.76,302
2015WINT02,Steven Wintringham,2025-08-23,2.39,303
2015WINT02,Steven Wintringham,2025-08-23,2.89,304
2015WINT02,Steven Wintringham,2025-08-30,2.48,305
2015WINT02,Steven Wintringham,2025-08-30,2.71,306
2015WINT02,Steven Wintringham,2025-08-30,2.86,307
2015WINT02,Steven Wintringham,2025-09-14,4.29,308
2015WINT02,Steven Wintringham,2025-09-14,3.28,309
2015WINT02,Steven Wintringham,2025-10-04,2.38,310
2015WINT02,Steven Wintringham,2025-10-04,4.51,311
2015WINT02,Steven Wintringham,2025-11-01,3.13,312
2015WINT02,Steven Wintringham,2025-11-08,3.08,313
2015WINT02,Steven Wintringham,2025-11-08,4.28,314
2015WINT02,Steven Wintringham,2025-11-08,2.71,315
2015WINT02,Steven Wintringham,2025-11-08,3.47,316
2015WINT02,Steven Wintringham,2025-12-20,3.06,317
2015WINT02,Steven Wintringham,2025-12-20,2.25,318
2015WINT02,Steven Wintringham,2025-12-20,2.74,319
2015WINT02,Steven Wintringham,2025-12-31,2.51,320
2015WINT02,Steven Wintringham,2025-12-31,2.56,321
2015WINT02,Steven Wintringham,2026-01-03,2.37,322
2015WINT02,Steven Wintringham,2026-01-03,2.52,323
2015WINT02,Steven Wintringham,2026-01-10,3.31,324
2015WINT02,Steven Wintringham,2026-01-10,2.89,325
2015WINT02,Steven Wintringham,2026-03-21,2.92,326
2015WINT02,Steven Wintringham,2026-03-21,2.34,327
2015WINT02,Steven Wintringham,2026-03-21,2.76,328
2015WINT02,Steven Wintringham,2026-04-04,2.98,329
2015WINT02,Steven Wintringham,2026-04-04,2.27,330
2015WINT02,Steven Wintringham,2026-04-04,2.93,331
2015WINT02,Steven Wintringham,2026-04-18,2.77,332
2015WINT02,Steven Wintringham,2026-04-18,2.21,333
2015WINT02,Steven Wintringham,2026-05-16,2.52,334
2015WINT02,Steven Wintringham,2026-05-16,3.73,335
2016KELL12,Simon Kellum,2016-09-03,7.32,1
2016KELL12,Simon Kellum,2016-09-03,10.23,2
2016KELL12,Simon Kellum,2016-12-10,6.78,3
2016KELL12,Simon Kellum,2016-12-10,5.97,4
2016KELL12,Simon Kellum,2017-02-18,5.24,5
2016KELL12,Simon Kellum,2017-02-18,4.69,6
2016KELL12,Simon Kellum,2017-03-18,7.09,7
2016KELL12,Simon Kellum,2017-03-18,6.65,8
2016KELL12,Simon Kellum,2017-04-29,4.19,9
2016KELL12,Simon Kellum,2017-04-29,5.09,10
2016KELL12,Simon Kellum,2017-07-07,4.34,11
2016KELL12,Simon Kellum,2017-07-07,5.97,12
2016KELL12,Simon Kellum,2017-08-05,6.42,13
2016KELL12,Simon Kellum,2017-08-05,5.24,14
2016KELL12,Simon Kellum,2017-08-19,3.63,15
2016KELL12,Simon Kellum,2017-08-19,5.5,16
2016KELL12,Simon Kellum,2017-09-09,4.57,17
2016KELL12,Simon Kellum,2017-10-07,3.51,18
2016KELL12,Simon Kellum,2017-10-07,3.35,19
2016KELL12,Simon Kellum,2017-10-07,5.19,20
2016KELL12,Simon Kellum,2018-03-09,3.27,21
2016KELL12,Simon Kellum,2018-03-09,3.12,22
2016KELL12,Simon Kellum,2018-04-28,4.92,23
2016KELL12,Simon Kellum,2018-04-28,3.65,24
2016KELL12,Simon Kellum,2018-05-18,3.07,25
2016KELL12,Simon Kellum,2018-05-18,4.21,26
2016KELL12,Simon Kellum,2018-05-26,3.24,27
2016KELL12,Simon Kellum,2018-05-26,3.13,28
2016KELL12,Simon Kellum,2018-05-26,2.87,29
2016KELL12,Simon Kellum,2018-06-23,3.53,30
2016KELL12,Simon Kellum,2018-06-23,5.04,31
2016KELL12,Simon Kellum,2018-07-27,3.48,32
2016KELL12,Simon Kellum,2018-07-27,3.57,33
2016KELL12,Simon Kellum,2018-07-27,4.84,34
2016KELL12,Simon Kellum,2018-12-15,3.14,35
2016KELL12,Simon Kellum,2018-12-15,3.43,36
2016KELL12,Simon Kellum,2018-12-15,2.67,37
2016KELL12,Simon Kellum,2019-02-10,2.72,38
2016KELL12,Simon Kellum,2019-02-10,3.55,39
2016KELL12,Simon Kellum,2019-03-09,3.38,40
2016KELL12,Simon Kellum,2019-03-09,3.34,41
2016KELL12,Simon Kellum,2019-05-24,4.26,42
2016KELL12,Simon Kellum,2019-05-24,3.29,43
2016KELL12,Simon Kellum,2019-06-16,2.87,44
2016KELL12,Simon Kellum,2019-06-16,2.89,45
2016KELL12,Simon Kellum,2019-06-22,2.86,46
2016KELL12,Simon Kellum,2019-06-22,2.43,47
2016KELL12,Simon Kellum,2019-06-22,3.25,48
2016KELL12,Simon Kellum,2019-08-01,2.99,49
2016KELL12,Simon Kellum,2019-08-01,2.73,50
2016KELL12,Simon Kellum,2019-08-01,2.64,51
2016KELL12,Simon Kellum,2019-08-01,2.87,52
2016KELL12,Simon Kellum,2019-08-31,4.06,53
2016KELL12,Simon Kellum,2019-08-31,4.1,54
2016KELL12,Simon Kellum,2019-10-19,2.7,55
2016KELL12,Simon Kellum,2019-10-19,2.86,56
2016KELL12,Simon Kellum,2019-10-20,2.46,57
2016KELL12,Simon Kellum,2019-10-20,3.07,58
2016KELL12,Simon Kellum,2019-12-14,3.74,59
2016KELL12,Simon Kellum,2019-12-14,3.22,60
2016KELL12,Simon Kellum,2019-12-14,2.49,61
2016KELL12,Simon Kellum,2019-12-21,3.43,62
2016KELL12,Simon Kellum,2019-12-21,2.92,63
2016KELL12,Simon Kellum,2020-01-18,2.62,64
2016KELL12,Simon Kellum,2020-01-18,3.24,65
2016KELL12,Simon Kellum,2020-01-18,2.89,66
2016KELL12,Simon Kellum,2020-02-29,2.14,67
2016KELL12,Simon Kellum,2020-02-29,2.87,68
2016KELL12,Simon Kellum,2020-03-07,3.15,69
2016KELL12,Simon Kellum,2020-03-07,3.08,70
2016KELL12,Simon Kellum,2020-03-07,2.69,71
2016KELL12,Simon Kellum,2021-12-04,2.79,72
2016KELL12,Simon Kellum,2021-12-04,2.17,73
2016KELL12,Simon Kellum,2022-01-08,2.05,74
2016KELL12,Simon Kellum,2022-01-08,2.46,75
2016KELL12,Simon Kellum,2022-01-09,2.64,76
2016KELL12,Simon Kellum,2022-01-09,2.37,77
2016KELL12,Simon Kellum,2022-01-09,1.79,78
2016KELL12,Simon Kellum,2022-03-05,2.51,79
2016KELL12,Simon Kellum,2022-03-12,3.51,80
2016KELL12,Simon Kellum,2022-03-12,3.19,81
2016KELL12,Simon Kellum,2022-03-12,2.03,82
2016KELL12,Simon Kellum,2022-04-01,2.51,83
2016KELL12,Simon Kellum,2022-04-01,3.35,84
2016KELL12,Simon Kellum,2022-04-09,3.34,85
2016KELL12,Simon Kellum,2022-04-09,3.04,86
2016KELL12,Simon Kellum,2022-04-29,3.23,87
2016KELL12,Simon Kellum,2022-04-29,2.89,88
2016KELL12,Simon Kellum,2022-04-29,3.2,89
2016KELL12,Simon Kellum,2022-05-28,2.14,90
2016KELL12,Simon Kellum,2022-07-07,3.59,91
2016KELL12,Simon Kellum,2022-07-07,2.8,92
2016KELL12,Simon Kellum,2022-07-07,2.68,93
2016KELL12,Simon Kellum,2022-07-14,3.11,94
2016KELL12,Simon Kellum,2022-07-14,2.56,95
2016KELL12,Simon Kellum,2022-07-14,3.0,96
2016KELL12,Simon Kellum,2022-07-24,2.0,97
2016KELL12,Simon Kellum,2022-07-24,2.91,98
2016KELL12,Simon Kellum,2022-08-20,3.13,99
2016KELL12,Simon Kellum,2022-08-20,1.99,100
2016KELL12,Simon Kellum,2022-09-03,2.08,101
2016KELL12,Simon Kellum,2022-09-03,2.32,102
2016KELL12,Simon Kellum,2022-09-24,2.09,103
2016KELL12,Simon Kellum,2022-09-24,2.64,104
2016KELL12,Simon Kellum,2022-10-08,3.46,105
2016KELL12,Simon Kellum,2022-10-08,2.41,106
2016KELL12,Simon Kellum,2022-11-05,2.38,107
2016KELL12,Simon Kellum,2022-11-05,2.2,108
2016KELL12,Simon Kellum,2022-11-12,2.42,109
2016KELL12,Simon Kellum,2022-11-12,2.43,110
2016KELL12,Simon Kellum,2022-12-03,2.83,111
2016KELL12,Simon Kellum,2022-12-03,2.5,112
2016KELL12,Simon Kellum,2023-01-10,2.36,113
2016KELL12,Simon Kellum,2023-01-10,3.05,114
2016KELL12,Simon Kellum,2023-01-10,2.43,115
2016KELL12,Simon Kellum,2023-01-14,3.28,116
2016KELL12,Simon Kellum,2023-01-14,2.36,117
2016KELL12,Simon Kellum,2023-01-21,3.11,118
2016KELL12,Simon Kellum,2023-01-21,4.31,119
2016KELL12,Simon Kellum,2023-02-05,2.79,120
2016KELL12,Simon Kellum,2023-02-05,1.99,121
2016KELL12,Simon Kellum,2023-02-11,2.82,122
2016KELL12,Simon Kellum,2023-02-11,2.33,123
2016KELL12,Simon Kellum,2023-02-19,3.49,124
2016KELL12,Simon Kellum,2023-03-11,2.45,125
2016KELL12,Simon Kellum,2023-03-18,3.29,126
2016KELL12,Simon Kellum,2023-03-18,2.23,127
2016KELL12,Simon Kellum,2023-03-26,2.66,128
2016KELL12,Simon Kellum,2023-04-08,2.03,129
2016KELL12,Simon Kellum,2023-04-08,1.95,130
2016KELL12,Simon Kellum,2023-04-15,2.11,131
2016KELL12,Simon Kellum,2023-04-15,3.05,132
2016KELL12,Simon Kellum,2023-04-29,2.5,133
2016KELL12,Simon Kellum,2023-04-29,2.03,134
2016KELL12,Simon Kellum,2023-04-30,2.52,135
2016KELL12,Simon Kellum,2023-04-30,2.09,136
2016KELL12,Simon Kellum,2023-04-30,2.62,137
2016KELL12,Simon Kellum,2023-05-06,1.76,138
2016KELL12,Simon Kellum,2023-05-06,2.31,139
2016KELL12,Simon Kellum,2023-05-13,2.27,140
2016KELL12,Simon Kellum,2023-05-13,2.96,141
2016KELL12,Simon Kellum,2023-05-20,2.32,142
2016KELL12,Simon Kellum,2023-05-20,2.51,143
2016KELL12,Simon Kellum,2023-05-27,1.91,144
2016KELL12,Simon Kellum,2023-05-27,2.03,145
2016KELL12,Simon Kellum,2023-05-27,2.09,146
2016KELL12,Simon Kellum,2023-06-02,1.99,147
2016KELL12,Simon Kellum,2023-06-02,2.91,148
2016KELL12,Simon Kellum,2023-06-02,1.94,149
2016KELL12,Simon Kellum,2023-06-10,2.61,150
2016KELL12,Simon Kellum,2023-06-10,2.63,151
2016KELL12,Simon Kellum,2023-06-10,2.43,152
2016KELL12,Simon Kellum,2023-06-13,3.03,153
2016KELL12,Simon Kellum,2023-06-13,1.99,154
2016KELL12,Simon Kellum,2023-06-13,2.4,155
2016KELL12,Simon Kellum,2023-06-17,2.06,156
2016KELL12,Simon Kellum,2023-06-17,2.72,157
2016KELL12,Simon Kellum,2023-06-17,2.21,158
2016KELL12,Simon Kellum,2023-06-29,2.14,159
2016KELL12,Simon Kellum,2023-06-29,2.32,160
2016KELL12,Simon Kellum,2023-07-01,2.19,161
2016KELL12,Simon Kellum,2023-07-01,2.13,162
2016KELL12,Simon Kellum,2023-07-15,2.49,163
2016KELL12,Simon Kellum,2023-07-15,3.17,164
2016KELL12,Simon Kellum,2023-07-22,2.51,165
2016KELL12,Simon Kellum,2023-07-22,2.38,166
2016KELL12,Simon Kellum,2023-07-27,1.89,167
2016KELL12,Simon Kellum,2023-07-27,2.61,168
2016KELL12,Simon Kellum,2023-07-27,3.2,169
2016KELL12,Simon Kellum,2023-08-12,2.52,170
2016KELL12,Simon Kellum,2023-08-12,1.97,171
2016KELL12,Simon Kellum,2023-08-12,2.54,172
2016KELL12,Simon Kellum,2023-08-26,3.28,173
2016KELL12,Simon Kellum,2023-08-26,2.19,174
2016KELL12,Simon Kellum,2023-08-27,1.99,175
2016KELL12,Simon Kellum,2023-08-27,2.2,176
2016KELL12,Simon Kellum,2023-08-27,2.93,177
2016KELL12,Simon Kellum,2023-09-02,2.54,178
2016KELL12,Simon Kellum,2023-09-02,2.72,179
2016KELL12,Simon Kellum,2023-09-02,2.15,180
2016KELL12,Simon Kellum,2023-09-03,2.24,181
2016KELL12,Simon Kellum,2023-09-03,2.0,182
2016KELL12,Simon Kellum,2023-09-10,2.05,183
2016KELL12,Simon Kellum,2023-09-10,3.49,184
2016KELL12,Simon Kellum,2023-09-17,3.18,185
2016KELL12,Simon Kellum,2023-09-17,1.76,186
2016KELL12,Simon Kellum,2023-09-23,2.91,187
2016KELL12,Simon Kellum,2023-09-23,2.68,188
2016KELL12,Simon Kellum,2023-10-07,2.07,189
2016KELL12,Simon Kellum,2023-10-07,1.77,190
2016KELL12,Simon Kellum,2023-10-07,3.01,191
2016KELL12,Simon Kellum,2023-10-07,3.28,192
2016KELL12,Simon Kellum,2023-10-20,1.94,193
2016KELL12,Simon Kellum,2023-10-20,2.79,194
2016KELL12,Simon Kellum,2023-10-20,2.28,195
2016KELL12,Simon Kellum,2023-11-03,1.92,196
2016KELL12,Simon Kellum,2023-11-03,2.64,197
2016KELL12,Simon Kellum,2023-11-03,2.16,198
2016KELL12,Simon Kellum,2023-11-18,2.22,199
2016KELL12,Simon Kellum,2023-11-18,2.12,200
2016KELL12,Simon Kellum,2023-11-18,2.44,201
2016KELL12,Simon Kellum,2023-11-19,2.74,202
2016KELL12,Simon Kellum,2023-11-19,2.43,203
2016KELL12,Simon Kellum,2023-11-19,2.42,204
2016KELL12,Simon Kellum,2023-12-02,1.53,205
2016KELL12,Simon Kellum,2023-12-02,1.95,206
2016KELL12,Simon Kellum,2023-12-03,2.16,207
2016KELL12,Simon Kellum,2023-12-03,3.48,208
2016KELL12,Simon Kellum,2023-12-09,2.86,209
2016KELL12,Simon Kellum,2023-12-09,2.7,210
2016KELL12,Simon Kellum,2023-12-21,2.31,211
2016KELL12,Simon Kellum,2023-12-21,3.02,212
2016KELL12,Simon Kellum,2024-01-06,2.05,213
2016KELL12,Simon Kellum,2024-01-06,2.87,214
2016KELL12,Simon Kellum,2024-01-20,2.35,215
2016KELL12,Simon Kellum,2024-01-20,1.98,216
2016KELL12,Simon Kellum,2024-01-20,3.17,217
2016KELL12,Simon Kellum,2024-03-02,2.49,218
2016KELL12,Simon Kellum,2024-03-02,2.17,219
2016KELL12,Simon Kellum,2024-03-09,2.3,220
2016KELL12,Simon Kellum,2024-03-09,1.79,221
2016KELL12,Simon Kellum,2024-03-09,1.95,222
2016KELL12,Simon Kellum,2024-03-16,2.59,223
2016KELL12,Simon Kellum,2024-03-16,1.94,224
2016KELL12,Simon Kellum,2024-04-06,3.27,225
2016KELL12,Simon Kellum,2024-04-06,2.35,226
2016KELL12,Simon Kellum,2024-04-08,2.54,227
2016KELL12,Simon Kellum,2024-04-08,2.55,228
2016KELL12,Simon Kellum,2024-04-13,2.49,229
2016KELL12,Simon Kellum,2024-04-13,3.34,230
2016KELL12,Simon Kellum,2024-04-20,4.06,231
2016KELL12,Simon Kellum,2024-04-20,1.99,232
2016KELL12,Simon Kellum,2024-04-27,2.55,233
2016KELL12,Simon Kellum,2024-04-27,2.38,234
2016KELL12,Simon Kellum,2024-05-19,2.05,235
2016KELL12,Simon Kellum,2024-05-19,1.94,236
2016KELL12,Simon Kellum,2024-05-25,2.23,237
2016KELL12,Simon Kellum,2024-05-25,2.24,238
2016KELL12,Simon Kellum,2024-06-01,2.17,239
2016KELL12,Simon Kellum,2024-06-01,1.83,240
2016KELL12,Simon Kellum,2024-06-08,2.65,241
2016KELL12,Simon Kellum,2024-06-08,2.78,242
2016KELL12,Simon Kellum,2024-06-12,2.29,243
2016KELL12,Simon Kellum,2024-06-12,2.19,244
2016KELL12,Simon Kellum,2024-06-12,2.46,245
2016KELL12,Simon Kellum,2024-07-13,2.27,246
2016KELL12,Simon Kellum,2024-07-13,2.23,247
2016KELL12,Simon Kellum,2024-07-18,2.29,248
2016KELL12,Simon Kellum,2024-07-18,2.6,249
2016KELL12,Simon Kellum,2024-07-18,2.24,250
2016KELL12,Simon Kellum,2024-07-25,2.87,251
2016KELL12,Simon Kellum,2024-07-25,1.97,252
2016KELL12,Simon Kellum,2024-07-25,4.03,253
2016KELL12,Simon Kellum,2024-08-09,1.96,254
2016KELL12,Simon Kellum,2024-08-09,2.89,255
2016KELL12,Simon Kellum,2024-08-09,2.55,256
2016KELL12,Simon Kellum,2024-08-31,2.48,257
2016KELL12,Simon Kellum,2024-08-31,2.3,258
2016KELL12,Simon Kellum,2024-08-31,3.12,259
2016KELL12,Simon Kellum,2024-09-28,2.77,260
2016KELL12,Simon Kellum,2024-09-28,2.11,261
2016KELL12,Simon Kellum,2024-09-28,2.19,262
2016KELL12,Simon Kellum,2024-10-12,3.06,263
2016KELL12,Simon Kellum,2024-10-12,2.75,264
2016KELL12,Simon Kellum,2024-10-12,1.93,265
2016KELL12,Simon Kellum,2024-10-26,3.27,266
2016KELL12,Simon Kellum,2024-10-26,1.79,267
2016KELL12,Simon Kellum,2024-10-26,2.58,268
2016KELL12,Simon Kellum,2024-10-26,1.95,269
2016KELL12,Simon Kellum,2024-11-17,2.01,270
2016KELL12,Simon Kellum,2024-11-17,1.87,271
2016KELL12,Simon Kellum,2024-11-22,2.35,272
2016KELL12,Simon Kellum,2024-11-22,2.35,273
2016KELL12,Simon Kellum,2024-11-22,2.59,274
2016KELL12,Simon Kellum,2024-11-30,2.13,275
2016KELL12,Simon Kellum,2024-11-30,2.33,276
2016KELL12,Simon Kellum,2024-12-28,2.04,277
2016KELL12,Simon Kellum,2024-12-28,2.64,278
2016KELL12,Simon Kellum,2025-02-09,2.31,279
2016KELL12,Simon Kellum,2025-02-09,2.0,280
2016KELL12,Simon Kellum,2025-02-09,2.44,281
2016KELL12,Simon Kellum,2025-02-15,2.08,282
2016KELL12,Simon Kellum,2025-02-15,2.59,283
2016KELL12,Simon Kellum,2025-03-01,1.91,284
2016KELL12,Simon Kellum,2025-03-01,2.51,285
2016KELL12,Simon Kellum,2025-03-08,2.24,286
2016KELL12,Simon Kellum,2025-03-08,2.48,287
2016KELL12,Simon Kellum,2025-03-08,3.22,288
2016KELL12,Simon Kellum,2025-03-29,3.22,289
2016KELL12,Simon Kellum,2025-05-10,2.05,290
2016KELL12,Simon Kellum,2025-06-15,2.86,291
2016KELL12,Simon Kellum,2025-06-15,1.81,292
2016KELL12,Simon Kellum,2025-06-27,2.64,293
2016KELL12,Simon Kellum,2025-06-27,2.23,294
2016KELL12,Simon Kellum,2025-06-27,2.94,295
2016KELL12,Simon Kellum,2025-06-28,2.64,296
2016KELL12,Simon Kellum,2025-06-28,1.97,297
2016KELL12,Simon Kellum,2025-06-28,2.49,298
2016KELL12,Simon Kellum,2025-07-03,2.14,299
2016KELL12,Simon Kellum,2025-07-03,1.9,300
2016KELL12,Simon Kellum,2025-07-03,2.85,301
2016KELL12,Simon Kellum,2025-08-01,2.04,302
2016KELL12,Simon Kellum,2025-08-01,2.21,303
2016KELL12,Simon Kellum,2025-08-01,2.38,304
2016KELL12,Simon Kellum,2025-08-22,3.36,305
2016KELL12,Simon Kellum,2025-08-22,1.91,306
2016KELL12,Simon Kellum,2025-08-22,2.23,307
2016KELL12,Simon Kellum,2025-09-05,2.29,308
2016KELL12,Simon Kellum,2025-09-05,3.12,309
2016KELL12,Simon Kellum,2025-09-13,2.66,310
2016KELL12,Simon Kellum,2025-09-13,2.42,311
2016KELL12,Simon Kellum,2025-09-13,2.38,312
2016KELL12,Simon Kellum,2025-10-04,4.19,313
2016KELL12,Simon Kellum,2025-10-04,2.48,314
2016KELL12,Simon Kellum,2025-10-11,2.51,315
2016KELL12,Simon Kellum,2025-10-11,1.56,316
2016KELL12,Simon Kellum,2025-11-01,2.55,317
2016KELL12,Simon Kellum,2025-11-01,2.16,318
2016KELL12,Simon Kellum,2025-11-08,2.38,319
2016KELL12,Simon Kellum,2025-11-08,1.86,320
2016KELL12,Simon Kellum,2025-11-08,2.95,321
2016KELL12,Simon Kellum,2025-11-08,1.98,322
2016KELL12,Simon Kellum,2026-02-28,2.41,323
2016KELL12,Simon Kellum,2026-02-28,2.16,324
2016KELL12,Simon Kellum,2026-02-28,2.05,325
2016KELL12,Simon Kellum,2026-03-14,2.21,326
2016KELL12,Simon Kellum,2026-04-04,2.34,327
2016KELL12,Simon Kellum,2026-04-04,1.86,328
2016KELL12,Simon Kellum,2026-04-18,2.23,329
2016KELL12,Simon Kellum,2026-04-18,2.83,330
2016KELL12,Simon Kellum,2026-04-18,2.22,331
2016KELL12,Simon Kellum,2026-04-26,2.43,332
2016KELL12,Simon Kellum,2026-04-26,2.08,333
2016ROLZ01,Alwin Rölz,2016-05-28,7.83,1
2016ROLZ01,Alwin Rölz,2016-05-28,7.69,2
2016ROLZ01,Alwin Rölz,2016-07-15,6.89,3
2016ROLZ01,Alwin Rölz,2016-07-15,5.61,4
2016ROLZ01,Alwin Rölz,2016-08-13,6.73,5
2016ROLZ01,Alwin Rölz,2016-08-13,7.06,6
2016ROLZ01,Alwin Rölz,2016-11-05,5.62,7
2016ROLZ01,Alwin Rölz,2016-11-05,6.76,8
2016ROLZ01,Alwin Rölz,2016-11-26,5.45,9
2016ROLZ01,Alwin Rölz,2016-11-26,6.33,10
2016ROLZ01,Alwin Rölz,2016-11-26,5.39,11
2016ROLZ01,Alwin Rölz,2016-12-10,4.25,12
2016ROLZ01,Alwin Rölz,2016-12-10,3.96,13
2016ROLZ01,Alwin Rölz,2017-01-06,4.09,14
2016ROLZ01,Alwin Rölz,2017-01-06,3.5,15
2016ROLZ01,Alwin Rölz,2017-03-11,4.47,16
2016ROLZ01,Alwin Rölz,2017-03-25,3.75,17
2016ROLZ01,Alwin Rölz,2017-03-25,4.32,18
2016ROLZ01,Alwin Rölz,2017-04-01,3.46,19
2016ROLZ01,Alwin Rölz,2017-04-01,4.18,20
2016ROLZ01,Alwin Rölz,2017-04-29,3.66,21
2016ROLZ01,Alwin Rölz,2017-04-29,3.26,22
2016ROLZ01,Alwin Rölz,2017-06-10,4.97,23
2016ROLZ01,Alwin Rölz,2017-06-10,5.37,24
2016ROLZ01,Alwin Rölz,2017-07-13,3.74,25
2016ROLZ01,Alwin Rölz,2017-07-13,3.38,26
2016ROLZ01,Alwin Rölz,2017-07-13,3.69,27
2016ROLZ01,Alwin Rölz,2017-07-21,3.91,28
2016ROLZ01,Alwin Rölz,2017-07-21,3.29,29
2016ROLZ01,Alwin Rölz,2017-07-21,3.28,30
2016ROLZ01,Alwin Rölz,2017-08-26,2.94,31
2016ROLZ01,Alwin Rölz,2017-08-26,4.16,32
2016ROLZ01,Alwin Rölz,2017-09-01,4.07,33
2016ROLZ01,Alwin Rölz,2017-09-01,4.08,34
2016ROLZ01,Alwin Rölz,2017-09-01,3.14,35
2016ROLZ01,Alwin Rölz,2017-09-16,3.88,36
2016ROLZ01,Alwin Rölz,2017-09-16,3.09,37
2016ROLZ01,Alwin Rölz,2017-10-14,3.86,38
2016ROLZ01,Alwin Rölz,2017-10-14,4.15,39
2016ROLZ01,Alwin Rölz,2017-10-14,3.1,40
2016ROLZ01,Alwin Rölz,2017-11-04,3.84,41
2016ROLZ01,Alwin Rölz,2017-11-04,4.02,42
2016ROLZ01,Alwin Rölz,2017-11-18,3.86,43
2016ROLZ01,Alwin Rölz,2017-11-18,3.73,44
2016ROLZ01,Alwin Rölz,2017-11-18,3.55,45
2016ROLZ01,Alwin Rölz,2017-12-16,4.13,46
2016ROLZ01,Alwin Rölz,2017-12-16,3.19,47
2016ROLZ01,Alwin Rölz,2018-01-05,3.28,48
2016ROLZ01,Alwin Rölz,2018-01-05,3.44,49
2016ROLZ01,Alwin Rölz,2018-01-13,3.5,50
2016ROLZ01,Alwin Rölz,2018-01-13,3.5,51
2016ROLZ01,Alwin Rölz,2018-02-10,3.57,52
2016ROLZ01,Alwin Rölz,2018-02-10,3.85,53
2016ROLZ01,Alwin Rölz,2018-03-25,4.34,54
2016ROLZ01,Alwin Rölz,2018-03-25,3.08,55
2016ROLZ01,Alwin Rölz,2018-04-28,3.74,56
2016ROLZ01,Alwin Rölz,2018-04-28,3.34,57
2016ROLZ01,Alwin Rölz,2018-05-12,4.28,58
2016ROLZ01,Alwin Rölz,2018-05-12,3.29,59
2016ROLZ01,Alwin Rölz,2018-06-02,4.32,60
2016ROLZ01,Alwin Rölz,2018-06-23,3.25,61
2016ROLZ01,Alwin Rölz,2018-06-23,3.96,62
2016ROLZ01,Alwin Rölz,2018-07-19,3.83,63
2016ROLZ01,Alwin Rölz,2018-07-19,3.02,64
2016ROLZ01,Alwin Rölz,2018-07-19,2.65,65
2016ROLZ01,Alwin Rölz,2018-07-19,3.55,66
2016ROLZ01,Alwin Rölz,2018-08-10,3.25,67
2016ROLZ01,Alwin Rölz,2018-08-10,3.26,68
2016ROLZ01,Alwin Rölz,2018-08-10,3.33,69
2016ROLZ01,Alwin Rölz,2018-08-17,3.09,70
2016ROLZ01,Alwin Rölz,2018-08-17,3.21,71
2016ROLZ01,Alwin Rölz,2018-09-01,4.25,72
2016ROLZ01,Alwin Rölz,2018-09-01,4.41,73
2016ROLZ01,Alwin Rölz,2018-09-07,3.26,74
2016ROLZ01,Alwin Rölz,2018-09-07,3.21,75
2016ROLZ01,Alwin Rölz,2018-09-21,2.41,76
2016ROLZ01,Alwin Rölz,2018-09-21,3.7,77
2016ROLZ01,Alwin Rölz,2018-09-21,3.29,78
2016ROLZ01,Alwin Rölz,2018-10-27,3.42,79
2016ROLZ01,Alwin Rölz,2018-12-08,3.07,80
2016ROLZ01,Alwin Rölz,2018-12-08,5.17,81
2016ROLZ01,Alwin Rölz,2019-01-19,3.34,82
2016ROLZ01,Alwin Rölz,2019-01-19,3.55,83
2016ROLZ01,Alwin Rölz,2019-03-02,3.13,84
2016ROLZ01,Alwin Rölz,2019-03-02,3.37,85
2016ROLZ01,Alwin Rölz,2019-03-30,2.57,86
2016ROLZ01,Alwin Rölz,2019-03-30,3.26,87
2016ROLZ01,Alwin Rölz,2019-04-06,3.27,88
2016ROLZ01,Alwin Rölz,2019-04-06,3.59,89
2016ROLZ01,Alwin Rölz,2019-04-20,2.9,90
2016ROLZ01,Alwin Rölz,2019-04-20,3.83,91
2016ROLZ01,Alwin Rölz,2019-04-20,3.84,92
2016ROLZ01,Alwin Rölz,2019-04-27,3.4,93
2016ROLZ01,Alwin Rölz,2019-04-27,3.1,94
2016ROLZ01,Alwin Rölz,2019-05-18,3.36,95
2016ROLZ01,Alwin Rölz,2019-05-18,3.21,96
2016ROLZ01,Alwin Rölz,2019-05-18,2.98,97
2016ROLZ01,Alwin Rölz,2019-06-08,2.97,98
2016ROLZ01,Alwin Rölz,2019-06-08,2.82,99
2016ROLZ01,Alwin Rölz,2019-06-22,3.65,100
2016ROLZ01,Alwin Rölz,2019-06-22,3.03,101
2016ROLZ01,Alwin Rölz,2019-06-29,3.05,102
2016ROLZ01,Alwin Rölz,2019-08-10,3.84,103
2016ROLZ01,Alwin Rölz,2019-08-10,3.18,104
2016ROLZ01,Alwin Rölz,2019-08-16,5.37,105
2016ROLZ01,Alwin Rölz,2019-08-16,3.26,106
2016ROLZ01,Alwin Rölz,2019-08-31,3.21,107
2016ROLZ01,Alwin Rölz,2019-08-31,2.89,108
2016ROLZ01,Alwin Rölz,2019-10-12,4.41,109
2016ROLZ01,Alwin Rölz,2019-10-12,3.19,110
2016ROLZ01,Alwin Rölz,2019-10-26,2.89,111
2016ROLZ01,Alwin Rölz,2019-11-02,3.52,112
2016ROLZ01,Alwin Rölz,2019-11-02,4.46,113
2016ROLZ01,Alwin Rölz,2019-11-02,3.08,114
2016ROLZ01,Alwin Rölz,2019-11-23,3.03,115
2016ROLZ01,Alwin Rölz,2019-12-07,3.29,116
2016ROLZ01,Alwin Rölz,2019-12-14,3.3,117
2016ROLZ01,Alwin Rölz,2019-12-14,2.63,118
2016ROLZ01,Alwin Rölz,2020-02-22,2.49,119
2016ROLZ01,Alwin Rölz,2020-02-22,2.8,120
2016ROLZ01,Alwin Rölz,2020-03-07,2.59,121
2016ROLZ01,Alwin Rölz,2020-03-07,3.2,122
2016ROLZ01,Alwin Rölz,2021-10-16,2.91,123
2016ROLZ01,Alwin Rölz,2022-01-29,3.33,124
2016ROLZ01,Alwin Rölz,2022-01-29,3.53,125
2016ROLZ01,Alwin Rölz,2022-04-09,3.63,126
2016ROLZ01,Alwin Rölz,2022-04-09,3.82,127
2016ROLZ01,Alwin Rölz,2022-06-03,3.51,128
2016ROLZ01,Alwin Rölz,2022-06-03,4.22,129
2016ROLZ01,Alwin Rölz,2022-06-03,2.82,130
2016ROLZ01,Alwin Rölz,2022-07-02,3.38,131
2016ROLZ01,Alwin Rölz,2022-07-02,2.83,132
2016ROLZ01,Alwin Rölz,2022-07-09,2.49,133
2016ROLZ01,Alwin Rölz,2022-07-09,3.6,134
2016ROLZ01,Alwin Rölz,2022-07-14,2.98,135
2016ROLZ01,Alwin Rölz,2022-07-14,3.11,136
2016ROLZ01,Alwin Rölz,2022-07-14,3.25,137
2016ROLZ01,Alwin Rölz,2022-08-19,3.0,138
2016ROLZ01,Alwin Rölz,2022-08-19,5.35,139
2016ROLZ01,Alwin Rölz,2022-08-27,3.56,140
2016ROLZ01,Alwin Rölz,2022-08-27,2.69,141
2016ROLZ01,Alwin Rölz,2022-09-09,2.98,142
2016ROLZ01,Alwin Rölz,2022-09-09,3.18,143
2016ROLZ01,Alwin Rölz,2022-10-08,2.73,144
2016ROLZ01,Alwin Rölz,2022-10-08,4.9,145
2016ROLZ01,Alwin Rölz,2022-11-05,3.14,146
2016ROLZ01,Alwin Rölz,2022-11-05,3.63,147
2016ROLZ01,Alwin Rölz,2022-11-26,3.39,148
2016ROLZ01,Alwin Rölz,2022-11-26,3.7,149
2016ROLZ01,Alwin Rölz,2022-12-03,3.25,150
2016ROLZ01,Alwin Rölz,2023-02-25,3.04,151
2016ROLZ01,Alwin Rölz,2023-02-25,2.85,152
2016ROLZ01,Alwin Rölz,2023-03-03,3.55,153
2016ROLZ01,Alwin Rölz,2023-03-03,2.89,154
2016ROLZ01,Alwin Rölz,2023-03-03,3.4,155
2016ROLZ01,Alwin Rölz,2023-03-18,3.34,156
2016ROLZ01,Alwin Rölz,2023-03-18,2.76,157
2016ROLZ01,Alwin Rölz,2023-04-01,3.33,158
2016ROLZ01,Alwin Rölz,2023-04-01,2.83,159
2016ROLZ01,Alwin Rölz,2023-04-08,3.9,160
2016ROLZ01,Alwin Rölz,2023-04-15,3.08,161
2016ROLZ01,Alwin Rölz,2023-04-15,3.17,162
2016ROLZ01,Alwin Rölz,2023-04-29,2.49,163
2016ROLZ01,Alwin Rölz,2023-04-29,3.08,164
2016ROLZ01,Alwin Rölz,2023-05-13,3.42,165
2016ROLZ01,Alwin Rölz,2023-05-13,3.38,166
2016ROLZ01,Alwin Rölz,2023-05-20,5.77,167
2016ROLZ01,Alwin Rölz,2023-05-27,2.92,168
2016ROLZ01,Alwin Rölz,2023-05-27,3.48,169
2016ROLZ01,Alwin Rölz,2023-06-03,3.32,170
2016ROLZ01,Alwin Rölz,2023-06-24,3.65,171
2016ROLZ01,Alwin Rölz,2023-06-24,3.06,172
2016ROLZ01,Alwin Rölz,2023-07-01,3.18,173
2016ROLZ01,Alwin Rölz,2023-07-01,3.02,174
2016ROLZ01,Alwin Rölz,2023-07-22,2.95,175
2016ROLZ01,Alwin Rölz,2023-07-22,3.12,176
2016ROLZ01,Alwin Rölz,2023-08-04,4.2,177
2016ROLZ01,Alwin Rölz,2023-08-04,2.68,178
2016ROLZ01,Alwin Rölz,2023-08-04,2.69,179
2016ROLZ01,Alwin Rölz,2023-08-12,3.14,180
2016ROLZ01,Alwin Rölz,2023-08-12,3.69,181
2016ROLZ01,Alwin Rölz,2023-09-09,3.32,182
2016ROLZ01,Alwin Rölz,2023-09-23,2.5,183
2016ROLZ01,Alwin Rölz,2023-09-23,3.93,184
2016ROLZ01,Alwin Rölz,2023-09-23,2.93,185
2016ROLZ01,Alwin Rölz,2023-09-30,2.92,186
2016ROLZ01,Alwin Rölz,2023-10-21,3.31,187
2016ROLZ01,Alwin Rölz,2023-10-21,3.45,188
2016ROLZ01,Alwin Rölz,2023-10-21,3.25,189
2016ROLZ01,Alwin Rölz,2023-10-28,2.83,190
2016ROLZ01,Alwin Rölz,2023-10-28,2.74,191
2016ROLZ01,Alwin Rölz,2023-11-03,4.03,192
2016ROLZ01,Alwin Rölz,2023-11-03,2.72,193
2016ROLZ01,Alwin Rölz,2023-11-11,2.95,194
2016ROLZ01,Alwin Rölz,2023-11-11,2.37,195
2016ROLZ01,Alwin Rölz,2023-11-25,3.19,196
2016ROLZ01,Alwin Rölz,2023-11-25,2.22,197
2016ROLZ01,Alwin Rölz,2023-12-08,3.23,198
2016ROLZ01,Alwin Rölz,2023-12-08,3.73,199
2016ROLZ01,Alwin Rölz,2023-12-08,3.53,200
2016ROLZ01,Alwin Rölz,2024-01-13,3.63,201
2016ROLZ01,Alwin Rölz,2024-01-13,3.43,202
2016ROLZ01,Alwin Rölz,2024-02-03,4.14,203
2016ROLZ01,Alwin Rölz,2024-02-03,3.08,204
2016ROLZ01,Alwin Rölz,2024-02-03,3.24,205
2016ROLZ01,Alwin Rölz,2024-02-16,3.16,206
2016ROLZ01,Alwin Rölz,2024-02-16,3.53,207
2016ROLZ01,Alwin Rölz,2024-02-16,3.02,208
2016ROLZ01,Alwin Rölz,2024-03-02,3.98,209
2016ROLZ01,Alwin Rölz,2024-03-02,2.57,210
2016ROLZ01,Alwin Rölz,2024-03-30,2.95,211
2016ROLZ01,Alwin Rölz,2024-03-30,3.66,212
2016ROLZ01,Alwin Rölz,2024-04-02,2.67,213
2016ROLZ01,Alwin Rölz,2024-04-05,2.98,214
2016ROLZ01,Alwin Rölz,2024-04-13,3.14,215
2016ROLZ01,Alwin Rölz,2024-04-20,3.41,216
2016ROLZ01,Alwin Rölz,2024-04-20,2.95,217
2016ROLZ01,Alwin Rölz,2024-05-04,3.61,218
2016ROLZ01,Alwin Rölz,2024-05-04,4.5,219
2016ROLZ01,Alwin Rölz,2024-05-04,4.11,220
2016ROLZ01,Alwin Rölz,2024-05-11,3.16,221
2016ROLZ01,Alwin Rölz,2024-05-11,3.33,222
2016ROLZ01,Alwin Rölz,2024-05-24,2.6,223
2016ROLZ01,Alwin Rölz,2024-05-24,3.88,224
2016ROLZ01,Alwin Rölz,2024-06-08,2.76,225
2016ROLZ01,Alwin Rölz,2024-06-08,3.33,226
2016ROLZ01,Alwin Rölz,2024-06-08,2.81,227
2016ROLZ01,Alwin Rölz,2024-06-15,4.09,228
2016ROLZ01,Alwin Rölz,2024-06-15,3.48,229
2016ROLZ01,Alwin Rölz,2024-06-15,3.06,230
2016ROLZ01,Alwin Rölz,2024-06-20,3.65,231
2016ROLZ01,Alwin Rölz,2024-06-20,2.32,232
2016ROLZ01,Alwin Rölz,2024-06-29,3.4,233
2016ROLZ01,Alwin Rölz,2024-06-29,2.75,234
2016ROLZ01,Alwin Rölz,2024-07-19,3.21,235
2016ROLZ01,Alwin Rölz,2024-07-19,2.44,236
2016ROLZ01,Alwin Rölz,2024-07-25,3.58,237
2016ROLZ01,Alwin Rölz,2024-07-25,3.16,238
2016ROLZ01,Alwin Rölz,2024-08-02,3.59,239
2016ROLZ01,Alwin Rölz,2024-08-02,2.91,240
2016ROLZ01,Alwin Rölz,2024-08-02,4.38,241
2016ROLZ01,Alwin Rölz,2024-08-24,3.99,242
2016ROLZ01,Alwin Rölz,2024-08-24,2.92,243
2016ROLZ01,Alwin Rölz,2024-08-30,2.55,244
2016ROLZ01,Alwin Rölz,2024-08-30,3.16,245
2016ROLZ01,Alwin Rölz,2024-08-30,2.34,246
2016ROLZ01,Alwin Rölz,2024-10-04,3.26,247
2016ROLZ01,Alwin Rölz,2024-10-04,3.41,248
2016ROLZ01,Alwin Rölz,2024-10-26,3.85,249
2016ROLZ01,Alwin Rölz,2024-10-26,2.55,250
2016ROLZ01,Alwin Rölz,2024-11-09,3.07,251
2016ROLZ01,Alwin Rölz,2024-12-14,2.6,252
2016ROLZ01,Alwin Rölz,2024-12-31,3.14,253
2016ROLZ01,Alwin Rölz,2025-02-15,3.23,254
2016ROLZ01,Alwin Rölz,2025-02-15,3.02,255
2016ROLZ01,Alwin Rölz,2025-02-22,2.84,256
2016ROLZ01,Alwin Rölz,2025-02-22,3.15,257
2016ROLZ01,Alwin Rölz,2025-02-22,3.06,258
2016ROLZ01,Alwin Rölz,2025-03-23,2.61,259
2016ROLZ01,Alwin Rölz,2025-04-18,5.06,260
2016ROLZ01,Alwin Rölz,2025-04-18,3.15,261
2016ROLZ01,Alwin Rölz,2025-05-03,3.66,262
2016ROLZ01,Alwin Rölz,2025-05-24,2.79,263
2016ROLZ01,Alwin Rölz,2025-05-24,3.17,264
2016ROLZ01,Alwin Rölz,2025-05-30,4.35,265
2016ROLZ01,Alwin Rölz,2025-06-07,2.54,266
2016ROLZ01,Alwin Rölz,2025-06-07,3.43,267
2016ROLZ01,Alwin Rölz,2025-06-14,4.44,268
2016ROLZ01,Alwin Rölz,2025-06-14,3.06,269
2016ROLZ01,Alwin Rölz,2025-06-21,4.12,270
2016ROLZ01,Alwin Rölz,2025-06-21,3.11,271
2016ROLZ01,Alwin Rölz,2025-07-03,2.68,272
2016ROLZ01,Alwin Rölz,2025-07-03,3.39,273
2016ROLZ01,Alwin Rölz,2025-08-23,2.49,274
2016ROLZ01,Alwin Rölz,2025-08-23,2.83,275
2016ROLZ01,Alwin Rölz,2025-08-30,4.51,276
2016ROLZ01,Alwin Rölz,2025-08-30,3.48,277
2016ROLZ01,Alwin Rölz,2025-09-10,2.95,278
2016ROLZ01,Alwin Rölz,2025-09-13,3.11,279
2016ROLZ01,Alwin Rölz,2025-09-13,3.27,280
2016ROLZ01,Alwin Rölz,2025-09-26,2.8,281
2016ROLZ01,Alwin Rölz,2025-09-26,2.47,282
2016ROLZ01,Alwin Rölz,2025-09-26,3.16,283
2016ROLZ01,Alwin Rölz,2025-10-04,2.9,284
2016ROLZ01,Alwin Rölz,2025-10-09,3.4,285
2016ROLZ01,Alwin Rölz,2025-10-09,4.12,286
2016ROLZ01,Alwin Rölz,2025-10-09,2.93,287
2016ROLZ01,Alwin Rölz,2025-10-25,2.8,288
2016ROLZ01,Alwin Rölz,2025-10-25,3.9,289
2016ROLZ01,Alwin Rölz,2025-11-01,2.43,290
2016ROLZ01,Alwin Rölz,2025-11-01,4.07,291
2016ROLZ01,Alwin Rölz,2025-11-15,5.12,292
2016ROLZ01,Alwin Rölz,2025-11-15,2.48,293
2016ROLZ01,Alwin Rölz,2025-11-29,3.28,294
2016ROLZ01,Alwin Rölz,2025-12-06,3.32,295
2016ROLZ01,Alwin Rölz,2026-03-14,2.65,296
2016ROLZ01,Alwin Rölz,2026-03-14,2.68,297
2016ROLZ01,Alwin Rölz,2026-03-28,3.43,298
2016ROLZ01,Alwin Rölz,2026-03-28,4.11,299
2016ROLZ01,Alwin Rölz,2026-03-28,2.27,300
2016ROLZ01,Alwin Rölz,2026-04-04,3.68,301
2016ROLZ01,Alwin Rölz,2026-04-04,3.47,302
2016ROLZ01,Alwin Rölz,2026-04-04,3.42,303
2016ROLZ01,Alwin Rölz,2026-04-11,3.13,304
2016ROLZ01,Alwin Rölz,2026-04-17,3.59,305
2016ROLZ01,Alwin Rölz,2026-04-17,2.85,306
2016ROLZ01,Alwin Rölz,2026-04-25,2.57,307
2016ROLZ01,Alwin Rölz,2026-04-25,1.9,308
2016ROLZ01,Alwin Rölz,2026-05-16,5.29,309
2016ROLZ01,Alwin Rölz,2026-05-16,3.09,310
2016ROLZ01,Alwin Rölz,2026-05-23,2.75,311
2016ROLZ01,Alwin Rölz,2026-05-23,2.34,312
2017GARR05,Luke Garrett,2017-12-09,9.27,1
2017GARR05,Luke Garrett,2018-01-20,8.54,2
2017GARR05,Luke Garrett,2018-02-03,8.82,3
2017GARR05,Luke Garrett,2018-03-03,9.16,4
2017GARR05,Luke Garrett,2018-03-17,7.94,5
2017GARR05,Luke Garrett,2018-04-14,6.71,6
2017GARR05,Luke Garrett,2018-04-29,6.64,7
2017GARR05,Luke Garrett,2018-05-18,7.17,8
2017GARR05,Luke Garrett,2018-05-26,7.36,9
2017GARR05,Luke Garrett,2018-05-26,6.03,10
2017GARR05,Luke Garrett,2018-05-26,6.72,11
2017GARR05,Luke Garrett,2018-07-21,6.72,12
2017GARR05,Luke Garrett,2018-07-27,6.22,13
2017GARR05,Luke Garrett,2018-07-27,6.07,14
2017GARR05,Luke Garrett,2018-08-10,6.38,15
2017GARR05,Luke Garrett,2018-08-10,6.04,16
2017GARR05,Luke Garrett,2018-08-25,6.01,17
2017GARR05,Luke Garrett,2018-10-20,6.21,18
2017GARR05,Luke Garrett,2018-10-20,6.29,19
2017GARR05,Luke Garrett,2018-12-01,5.64,20
2017GARR05,Luke Garrett,2018-12-01,5.88,21
2017GARR05,Luke Garrett,2019-01-12,5.71,22
2017GARR05,Luke Garrett,2019-01-12,5.3,23
2017GARR05,Luke Garrett,2019-01-26,4.61,24
2017GARR05,Luke Garrett,2019-01-26,8.17,25
2017GARR05,Luke Garrett,2019-02-10,6.35,26
2017GARR05,Luke Garrett,2019-02-10,5.8,27
2017GARR05,Luke Garrett,2019-03-02,6.53,28
2017GARR05,Luke Garrett,2019-03-30,5.64,29
2017GARR05,Luke Garrett,2019-03-30,5.01,30
2017GARR05,Luke Garrett,2019-04-14,6.05,31
2017GARR05,Luke Garrett,2019-04-14,5.46,32
2017GARR05,Luke Garrett,2019-04-28,5.76,33
2017GARR05,Luke Garrett,2019-05-04,5.84,34
2017GARR05,Luke Garrett,2019-05-04,5.0,35
2017GARR05,Luke Garrett,2019-05-24,5.29,36
2017GARR05,Luke Garrett,2019-06-01,4.61,37
2017GARR05,Luke Garrett,2019-06-01,4.47,38
2017GARR05,Luke Garrett,2019-06-16,5.35,39
2017GARR05,Luke Garrett,2019-06-16,5.85,40
2017GARR05,Luke Garrett,2019-07-06,6.36,41
2017GARR05,Luke Garrett,2019-07-11,6.81,42
2017GARR05,Luke Garrett,2019-07-20,5.45,43
2017GARR05,Luke Garrett,2019-07-20,4.08,44
2017GARR05,Luke Garrett,2019-08-01,5.66,45
2017GARR05,Luke Garrett,2019-08-16,4.4,46
2017GARR05,Luke Garrett,2019-08-16,5.01,47
2017GARR05,Luke Garrett,2019-08-24,5.03,48
2017GARR05,Luke Garrett,2019-08-24,5.35,49
2017GARR05,Luke Garrett,2019-08-24,5.5,50
2017GARR05,Luke Garrett,2019-09-14,6.86,51
2017GARR05,Luke Garrett,2019-09-14,4.66,52
2017GARR05,Luke Garrett,2019-10-12,4.61,53
2017GARR05,Luke Garrett,2019-10-12,4.43,54
2017GARR05,Luke Garrett,2019-10-19,5.15,55
2017GARR05,Luke Garrett,2019-10-19,6.6,56
2017GARR05,Luke Garrett,2019-10-20,5.61,57
2017GARR05,Luke Garrett,2019-10-20,5.55,58
2017GARR05,Luke Garrett,2019-11-09,4.62,59
2017GARR05,Luke Garrett,2019-11-09,4.36,60
2017GARR05,Luke Garrett,2019-11-09,5.12,61
2017GARR05,Luke Garrett,2019-11-16,5.29,62
2017GARR05,Luke Garrett,2019-11-16,4.77,63
2017GARR05,Luke Garrett,2019-12-01,4.44,64
2017GARR05,Luke Garrett,2019-12-01,4.91,65
2017GARR05,Luke Garrett,2019-12-07,3.63,66
2017GARR05,Luke Garrett,2019-12-07,5.52,67
2017GARR05,Luke Garrett,2019-12-27,4.92,68
2017GARR05,Luke Garrett,2019-12-27,5.27,69
2017GARR05,Luke Garrett,2019-12-27,5.87,70
2017GARR05,Luke Garrett,2020-02-01,4.08,71
2017GARR05,Luke Garrett,2020-02-01,4.45,72
2017GARR05,Luke Garrett,2020-02-22,5.05,73
2017GARR05,Luke Garrett,2020-02-22,4.04,74
2017GARR05,Luke Garrett,2021-07-17,4.84,75
2017GARR05,Luke Garrett,2021-07-17,4.73,76
2017GARR05,Luke Garrett,2021-07-22,3.75,77
2017GARR05,Luke Garrett,2021-07-22,4.35,78
2017GARR05,Luke Garrett,2021-07-31,4.12,79
2017GARR05,Luke Garrett,2021-07-31,5.23,80
2017GARR05,Luke Garrett,2021-11-14,4.29,81
2017GARR05,Luke Garrett,2021-11-14,3.13,82
2017GARR05,Luke Garrett,2021-12-04,4.16,83
2017GARR05,Luke Garrett,2021-12-04,3.74,84
2017GARR05,Luke Garrett,2022-01-08,4.49,85
2017GARR05,Luke Garrett,2022-01-08,3.72,86
2017GARR05,Luke Garrett,2022-01-09,5.08,87
2017GARR05,Luke Garrett,2022-01-09,4.53,88
2017GARR05,Luke Garrett,2022-01-09,5.13,89
2017GARR05,Luke Garrett,2022-03-05,3.55,90
2017GARR05,Luke Garrett,2022-03-13,3.43,91
2017GARR05,Luke Garrett,2022-03-13,3.21,92
2017GARR05,Luke Garrett,2022-04-01,4.13,93
2017GARR05,Luke Garrett,2022-04-01,3.51,94
2017GARR05,Luke Garrett,2022-04-09,5.09,95
2017GARR05,Luke Garrett,2022-04-16,5.34,96
2017GARR05,Luke Garrett,2022-04-16,3.31,97
2017GARR05,Luke Garrett,2022-04-29,4.01,98
2017GARR05,Luke Garrett,2022-04-29,4.35,99
2017GARR05,Luke Garrett,2022-04-29,5.15,100
2017GARR05,Luke Garrett,2022-05-07,3.65,101
2017GARR05,Luke Garrett,2022-05-07,4.88,102
2017GARR05,Luke Garrett,2022-05-07,4.83,103
2017GARR05,Luke Garrett,2022-05-28,4.07,104
2017GARR05,Luke Garrett,2022-05-28,3.95,105
2017GARR05,Luke Garrett,2022-06-25,4.11,106
2017GARR05,Luke Garrett,2022-06-25,5.02,107
2017GARR05,Luke Garrett,2022-07-07,3.68,108
2017GARR05,Luke Garrett,2022-07-07,5.4,109
2017GARR05,Luke Garrett,2022-07-24,4.47,110
2017GARR05,Luke Garrett,2022-07-24,4.89,111
2017GARR05,Luke Garrett,2022-07-29,4.13,112
2017GARR05,Luke Garrett,2022-07-29,4.84,113
2017GARR05,Luke Garrett,2022-08-06,4.94,114
2017GARR05,Luke Garrett,2022-08-06,3.15,115
2017GARR05,Luke Garrett,2022-08-13,2.86,116
2017GARR05,Luke Garrett,2022-08-13,3.06,117
2017GARR05,Luke Garrett,2022-08-19,3.77,118
2017GARR05,Luke Garrett,2022-08-19,3.98,119
2017GARR05,Luke Garrett,2022-08-27,3.12,120
2017GARR05,Luke Garrett,2022-08-27,4.14,121
2017GARR05,Luke Garrett,2022-08-27,2.82,122
2017GARR05,Luke Garrett,2022-09-03,3.02,123
2017GARR05,Luke Garrett,2022-09-03,2.73,124
2017GARR05,Luke Garrett,2022-10-01,2.8,125
2017GARR05,Luke Garrett,2022-10-01,2.8,126
2017GARR05,Luke Garrett,2022-10-08,2.92,127
2017GARR05,Luke Garrett,2022-10-08,3.09,128
2017GARR05,Luke Garrett,2022-10-22,3.69,129
2017GARR05,Luke Garrett,2022-10-22,4.03,130
2017GARR05,Luke Garrett,2022-10-29,4.07,131
2017GARR05,Luke Garrett,2022-10-29,2.93,132
2017GARR05,Luke Garrett,2022-11-05,2.75,133
2017GARR05,Luke Garrett,2022-11-05,3.48,134
2017GARR05,Luke Garrett,2022-12-03,3.42,135
2017GARR05,Luke Garrett,2022-12-03,3.2,136
2017GARR05,Luke Garrett,2022-12-03,3.13,137
2017GARR05,Luke Garrett,2022-12-10,4.35,138
2017GARR05,Luke Garrett,2022-12-10,2.67,139
2017GARR05,Luke Garrett,2022-12-10,3.09,140
2017GARR05,Luke Garrett,2022-12-17,3.88,141
2017GARR05,Luke Garrett,2022-12-17,3.87,142
2017GARR05,Luke Garrett,2023-01-21,2.63,143
2017GARR05,Luke Garrett,2023-01-21,2.66,144
2017GARR05,Luke Garrett,2023-01-21,2.99,145
2017GARR05,Luke Garrett,2023-02-05,2.89,146
2017GARR05,Luke Garrett,2023-02-05,3.24,147
2017GARR05,Luke Garrett,2023-02-11,3.66,148
2017GARR05,Luke Garrett,2023-02-11,2.76,149
2017GARR05,Luke Garrett,2023-02-18,3.31,150
2017GARR05,Luke Garrett,2023-02-18,3.2,151
2017GARR05,Luke Garrett,2023-03-25,2.92,152
2017GARR05,Luke Garrett,2023-03-25,3.58,153
2017GARR05,Luke Garrett,2023-03-26,3.65,154
2017GARR05,Luke Garrett,2023-04-01,4.07,155
2017GARR05,Luke Garrett,2023-04-01,5.12,156
2017GARR05,Luke Garrett,2023-04-01,3.58,157
2017GARR05,Luke Garrett,2023-04-08,3.36,158
2017GARR05,Luke Garrett,2023-04-08,2.59,159
2017GARR05,Luke Garrett,2023-04-08,3.3,160
2017GARR05,Luke Garrett,2023-04-09,2.65,161
2017GARR05,Luke Garrett,2023-04-09,3.04,162
2017GARR05,Luke Garrett,2023-04-09,3.09,163
2017GARR05,Luke Garrett,2023-04-15,3.83,164
2017GARR05,Luke Garrett,2023-04-15,3.02,165
2017GARR05,Luke Garrett,2023-04-15,4.38,166
2017GARR05,Luke Garrett,2023-04-29,2.66,167
2017GARR05,Luke Garrett,2023-04-29,2.75,168
2017GARR05,Luke Garrett,2023-05-07,4.05,169
2017GARR05,Luke Garrett,2023-05-07,2.69,170
2017GARR05,Luke Garrett,2023-05-13,3.5,171
2017GARR05,Luke Garrett,2023-05-13,2.38,172
2017GARR05,Luke Garrett,2023-05-21,3.12,173
2017GARR05,Luke Garrett,2023-05-21,2.24,174
2017GARR05,Luke Garrett,2023-05-21,4.12,175
2017GARR05,Luke Garrett,2023-05-27,3.92,176
2017GARR05,Luke Garrett,2023-05-27,3.06,177
2017GARR05,Luke Garrett,2023-05-27,3.23,178
2017GARR05,Luke Garrett,2023-06-02,3.07,179
2017GARR05,Luke Garrett,2023-06-02,2.78,180
2017GARR05,Luke Garrett,2023-06-02,4.64,181
2017GARR05,Luke Garrett,2023-06-10,2.52,182
2017GARR05,Luke Garrett,2023-06-10,3.67,183
2017GARR05,Luke Garrett,2023-06-10,3.8,184
2017GARR05,Luke Garrett,2023-06-13,2.7,185
2017GARR05,Luke Garrett,2023-06-13,2.52,186
2017GARR05,Luke Garrett,2023-06-13,2.58,187
2017GARR05,Luke Garrett,2023-06-22,2.77,188
2017GARR05,Luke Garrett,2023-06-22,3.39,189
2017GARR05,Luke Garrett,2023-06-22,2.22,190
2017GARR05,Luke Garrett,2023-06-22,2.9,191
2017GARR05,Luke Garrett,2023-07-01,2.94,192
2017GARR05,Luke Garrett,2023-07-01,2.63,193
2017GARR05,Luke Garrett,2023-07-08,2.96,194
2017GARR05,Luke Garrett,2023-07-08,3.22,195
2017GARR05,Luke Garrett,2023-07-22,3.63,196
2017GARR05,Luke Garrett,2023-07-22,2.98,197
2017GARR05,Luke Garrett,2023-07-22,2.29,198
2017GARR05,Luke Garrett,2023-07-27,3.27,199
2017GARR05,Luke Garrett,2023-07-27,3.31,200
2017GARR05,Luke Garrett,2023-08-12,2.69,201
2017GARR05,Luke Garrett,2023-08-12,3.34,202
2017GARR05,Luke Garrett,2023-08-27,2.86,203
2017GARR05,Luke Garrett,2023-08-27,2.03,204
2017GARR05,Luke Garrett,2023-08-27,2.56,205
2017GARR05,Luke Garrett,2023-09-02,3.02,206
2017GARR05,Luke Garrett,2023-09-02,3.16,207
2017GARR05,Luke Garrett,2023-09-02,2.74,208
2017GARR05,Luke Garrett,2023-09-03,2.68,209
2017GARR05,Luke Garrett,2023-09-03,2.25,210
2017GARR05,Luke Garrett,2023-09-09,2.88,211
2017GARR05,Luke Garrett,2023-09-09,2.19,212
2017GARR05,Luke Garrett,2023-09-10,3.03,213
2017GARR05,Luke Garrett,2023-09-10,2.39,214
2017GARR05,Luke Garrett,2023-09-17,2.53,215
2017GARR05,Luke Garrett,2023-09-17,3.14,216
2017GARR05,Luke Garrett,2023-09-17,2.6,217
2017GARR05,Luke Garrett,2023-09-23,3.72,218
2017GARR05,Luke Garrett,2023-09-23,2.5,219
2017GARR05,Luke Garrett,2023-09-23,2.13,220
2017GARR05,Luke Garrett,2023-10-07,2.26,221
2017GARR05,Luke Garrett,2023-10-07,3.18,222
2017GARR05,Luke Garrett,2023-10-07,2.76,223
2017GARR05,Luke Garrett,2023-10-07,3.96,224
2017GARR05,Luke Garrett,2023-10-14,2.92,225
2017GARR05,Luke Garrett,2023-10-14,3.07,226
2017GARR05,Luke Garrett,2023-10-14,2.56,227
2017GARR05,Luke Garrett,2023-10-20,2.47,228
2017GARR05,Luke Garrett,2023-10-20,2.68,229
2017GARR05,Luke Garrett,2023-10-20,2.46,230
2017GARR05,Luke Garrett,2023-11-04,2.63,231
2017GARR05,Luke Garrett,2023-11-04,4.25,232
2017GARR05,Luke Garrett,2023-11-19,3.88,233
2017GARR05,Luke Garrett,2023-11-19,2.32,234
2017GARR05,Luke Garrett,2023-11-19,2.4,235
2017GARR05,Luke Garrett,2023-12-02,3.03,236
2017GARR05,Luke Garrett,2023-12-02,1.9,237
2017GARR05,Luke Garrett,2023-12-02,2.38,238
2017GARR05,Luke Garrett,2023-12-09,3.33,239
2017GARR05,Luke Garrett,2023-12-09,2.19,240
2017GARR05,Luke Garrett,2023-12-17,3.27,241
2017GARR05,Luke Garrett,2023-12-17,3.36,242
2017GARR05,Luke Garrett,2023-12-17,2.72,243
2017GARR05,Luke Garrett,2024-01-06,2.38,244
2017GARR05,Luke Garrett,2024-01-06,4.91,245
2017GARR05,Luke Garrett,2024-01-21,2.72,246
2017GARR05,Luke Garrett,2024-01-21,2.55,247
2017GARR05,Luke Garrett,2024-02-03,2.87,248
2017GARR05,Luke Garrett,2024-02-03,2.77,249
2017GARR05,Luke Garrett,2024-02-03,2.03,250
2017GARR05,Luke Garrett,2024-02-17,2.95,251
2017GARR05,Luke Garrett,2024-02-17,2.66,252
2017GARR05,Luke Garrett,2024-02-24,2.1,253
2017GARR05,Luke Garrett,2024-02-24,2.84,254
2017GARR05,Luke Garrett,2024-03-02,3.64,255
2017GARR05,Luke Garrett,2024-03-02,2.76,256
2017GARR05,Luke Garrett,2024-03-02,2.21,257
2017GARR05,Luke Garrett,2024-03-09,2.56,258
2017GARR05,Luke Garrett,2024-03-09,2.43,259
2017GARR05,Luke Garrett,2024-03-09,2.41,260
2017GARR05,Luke Garrett,2024-03-16,2.03,261
2017GARR05,Luke Garrett,2024-03-16,2.4,262
2017GARR05,Luke Garrett,2024-03-23,2.97,263
2017GARR05,Luke Garrett,2024-03-23,2.82,264
2017GARR05,Luke Garrett,2024-04-08,2.26,265
2017GARR05,Luke Garrett,2024-04-08,2.64,266
2017GARR05,Luke Garrett,2024-04-13,2.76,267
2017GARR05,Luke Garrett,2024-04-13,2.99,268
2017GARR05,Luke Garrett,2024-04-27,3.06,269
2017GARR05,Luke Garrett,2024-04-27,2.78,270
2017GARR05,Luke Garrett,2024-04-28,2.99,271
2017GARR05,Luke Garrett,2024-04-28,4.22,272
2017GARR05,Luke Garrett,2024-04-28,3.29,273
2017GARR05,Luke Garrett,2024-05-04,2.7,274
2017GARR05,Luke Garrett,2024-05-04,2.23,275
2017GARR05,Luke Garrett,2024-05-05,2.95,276
2017GARR05,Luke Garrett,2024-05-18,3.09,277
2017GARR05,Luke Garrett,2024-05-18,2.55,278
2017GARR05,Luke Garrett,2024-05-19,3.58,279
2017GARR05,Luke Garrett,2024-05-19,2.76,280
2017GARR05,Luke Garrett,2024-06-07,3.41,281
2017GARR05,Luke Garrett,2024-06-07,2.98,282
2017GARR05,Luke Garrett,2024-06-07,2.23,283
2017GARR05,Luke Garrett,2024-06-16,2.57,284
2017GARR05,Luke Garrett,2024-06-16,2.59,285
2017GARR05,Luke Garrett,2024-06-16,2.31,286
2017GARR05,Luke Garrett,2024-06-28,2.76,287
2017GARR05,Luke Garrett,2024-06-28,2.22,288
2017GARR05,Luke Garrett,2024-06-28,3.23,289
2017GARR05,Luke Garrett,2024-06-28,2.95,290
2017GARR05,Luke Garrett,2024-07-18,3.59,291
2017GARR05,Luke Garrett,2024-07-18,2.39,292
2017GARR05,Luke Garrett,2024-07-18,3.79,293
2017GARR05,Luke Garrett,2024-08-31,3.72,294
2017GARR05,Luke Garrett,2024-08-31,2.59,295
2017GARR05,Luke Garrett,2024-09-08,2.82,296
2017GARR05,Luke Garrett,2024-09-08,2.98,297
2017GARR05,Luke Garrett,2024-09-14,2.8,298
2017GARR05,Luke Garrett,2024-09-14,2.97,299
2017GARR05,Luke Garrett,2024-09-28,2.19,300
2017GARR05,Luke Garrett,2024-09-28,2.57,301
2017GARR05,Luke Garrett,2024-09-28,3.3,302
2017GARR05,Luke Garrett,2024-10-04,3.48,303
2017GARR05,Luke Garrett,2024-10-04,2.43,304
2017GARR05,Luke Garrett,2024-10-04,3.11,305
2017GARR05,Luke Garrett,2024-10-19,3.11,306
2017GARR05,Luke Garrett,2024-10-19,2.18,307
2017GARR05,Luke Garrett,2024-11-10,2.11,308
2017GARR05,Luke Garrett,2024-11-10,2.39,309
2017GARR05,Luke Garrett,2024-11-17,1.87,310
2017GARR05,Luke Garrett,2024-11-17,3.8,311
2017GARR05,Luke Garrett,2024-11-22,2.93,312
2017GARR05,Luke Garrett,2024-11-22,2.41,313
2017GARR05,Luke Garrett,2024-11-22,2.78,314
2017GARR05,Luke Garrett,2024-12-14,2.83,315
2017GARR05,Luke Garrett,2024-12-14,2.77,316
2017GARR05,Luke Garrett,2024-12-14,2.28,317
2017GARR05,Luke Garrett,2024-12-21,2.95,318
2017GARR05,Luke Garrett,2024-12-21,2.07,319
2017GARR05,Luke Garrett,2024-12-21,1.99,320
2017GARR05,Luke Garrett,2024-12-28,2.19,321
2017GARR05,Luke Garrett,2024-12-28,2.9,322
2017GARR05,Luke Garrett,2025-01-11,2.11,323
2017GARR05,Luke Garrett,2025-01-11,2.35,324
2017GARR05,Luke Garrett,2025-01-11,1.74,325
2017GARR05,Luke Garrett,2025-02-01,2.75,326
2017GARR05,Luke Garrett,2025-02-01,3.06,327
2017GARR05,Luke Garrett,2025-02-08,2.24,328
2017GARR05,Luke Garrett,2025-02-08,4.74,329
2017GARR05,Luke Garrett,2025-02-09,3.17,330
2017GARR05,Luke Garrett,2025-02-09,2.61,331
2017GARR05,Luke Garrett,2025-02-09,2.1,332
2017GARR05,Luke Garrett,2025-02-15,3.26,333
2017GARR05,Luke Garrett,2025-02-15,1.81,334
2017GARR05,Luke Garrett,2025-02-22,2.49,335
2017GARR05,Luke Garrett,2025-02-22,2.31,336
2017GARR05,Luke Garrett,2025-03-29,2.38,337
2017GARR05,Luke Garrett,2025-04-12,1.8,338
2017GARR05,Luke Garrett,2025-04-12,3.49,339
2017GARR05,Luke Garrett,2025-04-12,2.12,340
2017GARR05,Luke Garrett,2025-04-19,2.3,341
2017GARR05,Luke Garrett,2025-04-19,2.1,342
2017GARR05,Luke Garrett,2025-05-31,3.25,343
2017GARR05,Luke Garrett,2025-05-31,2.38,344
2017GARR05,Luke Garrett,2025-06-07,3.49,345
2017GARR05,Luke Garrett,2025-06-07,4.73,346
2017GARR05,Luke Garrett,2025-06-13,1.96,347
2017GARR05,Luke Garrett,2025-06-13,2.88,348
2017GARR05,Luke Garrett,2025-06-13,2.08,349
2017GARR05,Luke Garrett,2025-06-21,1.77,350
2017GARR05,Luke Garrett,2025-06-21,2.48,351
2017GARR05,Luke Garrett,2025-06-28,2.31,352
2017GARR05,Luke Garrett,2025-06-28,2.13,353
2017GARR05,Luke Garrett,2025-06-28,2.34,354
2017GARR05,Luke Garrett,2025-07-03,2.31,355
2017GARR05,Luke Garrett,2025-07-03,1.73,356
2017GARR05,Luke Garrett,2025-07-03,2.36,357
2017GARR05,Luke Garrett,2025-07-19,1.83,358
2017GARR05,Luke Garrett,2025-07-19,2.71,359
2017GARR05,Luke Garrett,2025-07-20,2.16,360
2017GARR05,Luke Garrett,2025-07-20,3.0,361
2017GARR05,Luke Garrett,2025-07-20,2.51,362
2017GARR05,Luke Garrett,2025-07-26,2.98,363
2017GARR05,Luke Garrett,2025-07-26,2.75,364
2017GARR05,Luke Garrett,2025-07-26,2.11,365
2017GARR05,Luke Garrett,2025-08-01,3.34,366
2017GARR05,Luke Garrett,2025-08-01,2.43,367
2017GARR05,Luke Garrett,2025-08-01,2.49,368
2017GARR05,Luke Garrett,2025-08-09,2.03,369
2017GARR05,Luke Garrett,2025-08-09,2.33,370
2017GARR05,Luke Garrett,2025-08-24,2.7,371
2017GARR05,Luke Garrett,2025-08-24,3.54,372
2017GARR05,Luke Garrett,2025-09-13,2.46,373
2017GARR05,Luke Garrett,2025-09-13,3.05,374
2017GARR05,Luke Garrett,2025-09-13,3.13,375
2017GARR05,Luke Garrett,2025-10-04,2.7,376
2017GARR05,Luke Garrett,2025-10-04,3.96,377
2017GARR05,Luke Garrett,2025-10-11,3.25,378
2017GARR05,Luke Garrett,2025-10-11,2.03,379
2017GARR05,Luke Garrett,2025-11-01,2.8,380
2017GARR05,Luke Garrett,2025-11-01,2.21,381
2017GARR05,Luke Garrett,2025-11-16,2.73,382
2017GARR05,Luke Garrett,2025-11-16,3.08,383
2017GARR05,Luke Garrett,2025-12-20,1.84,384
2017GARR05,Luke Garrett,2025-12-20,2.11,385
2017GARR05,Luke Garrett,2025-12-20,2.03,386
2017GARR05,Luke Garrett,2025-12-27,2.86,387
2017GARR05,Luke Garrett,2025-12-27,2.71,388
2017GARR05,Luke Garrett,2025-12-27,2.83,389
2017GARR05,Luke Garrett,2026-01-17,2.24,390
2017GARR05,Luke Garrett,2026-01-17,2.17,391
2017GARR05,Luke Garrett,2026-01-17,2.01,392
2017GARR05,Luke Garrett,2026-01-31,2.18,393
2017GARR05,Luke Garrett,2026-01-31,2.01,394
2017GARR05,Luke Garrett,2026-02-21,2.1,395
2017GARR05,Luke Garrett,2026-02-21,1.88,396
2017GARR05,Luke Garrett,2026-03-07,2.35,397
2017GARR05,Luke Garrett,2026-03-07,2.25,398
2017GARR05,Luke Garrett,2026-03-15,2.84,399
2017GARR05,Luke Garrett,2026-03-15,2.17,400
2017GARR05,Luke Garrett,2026-03-21,2.45,401
2017GARR05,Luke Garrett,2026-03-21,1.88,402
2017GARR05,Luke Garrett,2026-03-21,3.0,403
2017GARR05,Luke Garrett,2026-03-29,2.08,404
2017GARR05,Luke Garrett,2026-03-29,2.62,405
2017GARR05,Luke Garrett,2026-04-11,2.46,406
2017GARR05,Luke Garrett,2026-04-11,2.15,407
2017GARR05,Luke Garrett,2026-04-11,2.59,408
2017GARR05,Luke Garrett,2026-04-18,2.78,409
2017GARR05,Luke Garrett,2026-04-18,1.96,410
2017GARR05,Luke Garrett,2026-04-18,2.39,411
2017GARR05,Luke Garrett,2026-04-25,2.43,412
2017GARR05,Luke Garrett,2026-04-25,2.5,413
2017GARR05,Luke Garrett,2026-04-25,1.98,414
2017GARR05,Luke Garrett,2026-04-26,2.06,415
2017GARR05,Luke Garrett,2026-04-26,2.39,416
2017PALA08,Harsha Paladugu,2017-08-19,14.55,1
2017PALA08,Harsha Paladugu,2017-09-09,13.62,2
2017PALA08,Harsha Paladugu,2017-12-09,9.83,3
2017PALA08,Harsha Paladugu,2018-03-03,10.36,4
2017PALA08,Harsha Paladugu,2018-04-14,5.87,5
2017PALA08,Harsha Paladugu,2018-07-21,7.58,6
2017PALA08,Harsha Paladugu,2018-08-25,4.87,7
2017PALA08,Harsha Paladugu,2018-08-25,5.61,8
2017PALA08,Harsha Paladugu,2018-10-20,5.98,9
2017PALA08,Harsha Paladugu,2018-10-20,4.49,10
2017PALA08,Harsha Paladugu,2018-10-20,5.05,11
2017PALA08,Harsha Paladugu,2018-11-10,4.27,12
2017PALA08,Harsha Paladugu,2018-11-10,4.04,13
2017PALA08,Harsha Paladugu,2018-12-01,4.41,14
2017PALA08,Harsha Paladugu,2018-12-01,3.86,15
2017PALA08,Harsha Paladugu,2018-12-01,3.77,16
2017PALA08,Harsha Paladugu,2019-01-12,3.85,17
2017PALA08,Harsha Paladugu,2019-01-12,3.54,18
2017PALA08,Harsha Paladugu,2019-01-26,3.26,19
2017PALA08,Harsha Paladugu,2019-01-26,3.53,20
2017PALA08,Harsha Paladugu,2019-03-02,4.89,21
2017PALA08,Harsha Paladugu,2019-03-02,4.2,22
2017PALA08,Harsha Paladugu,2019-03-24,2.66,23
2017PALA08,Harsha Paladugu,2019-03-24,3.23,24
2017PALA08,Harsha Paladugu,2019-04-28,3.65,25
2017PALA08,Harsha Paladugu,2019-04-28,2.89,26
2017PALA08,Harsha Paladugu,2019-06-01,3.81,27
2017PALA08,Harsha Paladugu,2019-06-01,4.12,28
2017PALA08,Harsha Paladugu,2019-08-01,2.96,29
2017PALA08,Harsha Paladugu,2019-08-01,3.59,30
2017PALA08,Harsha Paladugu,2019-08-01,2.8,31
2017PALA08,Harsha Paladugu,2019-08-01,3.31,32
2017PALA08,Harsha Paladugu,2019-08-24,3.44,33
2017PALA08,Harsha Paladugu,2019-08-24,3.9,34
2017PALA08,Harsha Paladugu,2019-08-24,3.36,35
2017PALA08,Harsha Paladugu,2019-09-28,3.17,36
2017PALA08,Harsha Paladugu,2019-09-28,3.54,37
2017PALA08,Harsha Paladugu,2019-09-28,2.74,38
2017PALA08,Harsha Paladugu,2019-11-09,2.7,39
2017PALA08,Harsha Paladugu,2019-11-09,3.32,40
2017PALA08,Harsha Paladugu,2019-11-09,2.67,41
2017PALA08,Harsha Paladugu,2019-11-16,2.89,42
2017PALA08,Harsha Paladugu,2019-11-16,2.79,43
2017PALA08,Harsha Paladugu,2021-07-18,2.78,44
2017PALA08,Harsha Paladugu,2021-07-18,3.43,45
2017PALA08,Harsha Paladugu,2021-07-22,3.74,46
2017PALA08,Harsha Paladugu,2021-07-22,2.59,47
2017PALA08,Harsha Paladugu,2021-12-04,2.58,48
2017PALA08,Harsha Paladugu,2021-12-04,3.15,49
2017PALA08,Harsha Paladugu,2022-01-08,2.69,50
2017PALA08,Harsha Paladugu,2022-01-08,3.69,51
2017PALA08,Harsha Paladugu,2022-01-09,2.29,52
2017PALA08,Harsha Paladugu,2022-01-09,2.94,53
2017PALA08,Harsha Paladugu,2022-01-09,2.56,54
2017PALA08,Harsha Paladugu,2022-03-13,2.61,55
2017PALA08,Harsha Paladugu,2022-03-13,2.34,56
2017PALA08,Harsha Paladugu,2022-04-01,3.54,57
2017PALA08,Harsha Paladugu,2022-04-01,3.94,58
2017PALA08,Harsha Paladugu,2022-04-09,2.25,59
2017PALA08,Harsha Paladugu,2022-04-09,2.86,60
2017PALA08,Harsha Paladugu,2022-04-29,2.76,61
2017PALA08,Harsha Paladugu,2022-04-29,2.46,62
2017PALA08,Harsha Paladugu,2022-04-29,2.28,63
2017PALA08,Harsha Paladugu,2022-05-07,3.52,64
2017PALA08,Harsha Paladugu,2022-05-07,2.34,65
2017PALA08,Harsha Paladugu,2022-05-07,2.66,66
2017PALA08,Harsha Paladugu,2022-05-21,3.27,67
2017PALA08,Harsha Paladugu,2022-05-21,2.91,68
2017PALA08,Harsha Paladugu,2022-05-27,2.66,69
2017PALA08,Harsha Paladugu,2022-05-28,3.16,70
2017PALA08,Harsha Paladugu,2022-06-03,2.54,71
2017PALA08,Harsha Paladugu,2022-06-03,2.32,72
2017PALA08,Harsha Paladugu,2022-06-11,2.73,73
2017PALA08,Harsha Paladugu,2022-06-11,3.05,74
2017PALA08,Harsha Paladugu,2022-06-25,2.4,75
2017PALA08,Harsha Paladugu,2022-06-25,3.57,76
2017PALA08,Harsha Paladugu,2022-06-25,3.24,77
2017PALA08,Harsha Paladugu,2022-07-02,3.52,78
2017PALA08,Harsha Paladugu,2022-07-02,2.8,79
2017PALA08,Harsha Paladugu,2022-07-07,2.85,80
2017PALA08,Harsha Paladugu,2022-07-07,2.97,81
2017PALA08,Harsha Paladugu,2022-07-07,2.06,82
2017PALA08,Harsha Paladugu,2022-07-29,3.18,83
2017PALA08,Harsha Paladugu,2022-07-29,2.68,84
2017PALA08,Harsha Paladugu,2022-07-29,4.57,85
2017PALA08,Harsha Paladugu,2022-08-13,2.16,86
2017PALA08,Harsha Paladugu,2022-08-13,2.18,87
2017PALA08,Harsha Paladugu,2022-08-27,2.66,88
2017PALA08,Harsha Paladugu,2022-08-27,2.66,89
2017PALA08,Harsha Paladugu,2022-08-27,2.52,90
2017PALA08,Harsha Paladugu,2022-09-03,3.14,91
2017PALA08,Harsha Paladugu,2022-09-03,2.27,92
2017PALA08,Harsha Paladugu,2022-09-03,2.11,93
2017PALA08,Harsha Paladugu,2022-09-24,1.97,94
2017PALA08,Harsha Paladugu,2022-09-24,2.16,95
2017PALA08,Harsha Paladugu,2022-10-01,2.37,96
2017PALA08,Harsha Paladugu,2022-10-01,4.02,97
2017PALA08,Harsha Paladugu,2022-10-16,2.04,98
2017PALA08,Harsha Paladugu,2022-10-16,3.92,99
2017PALA08,Harsha Paladugu,2022-10-16,2.98,100
2017PALA08,Harsha Paladugu,2022-10-29,3.13,101
2017PALA08,Harsha Paladugu,2022-10-29,3.55,102
2017PALA08,Harsha Paladugu,2022-11-27,3.19,103
2017PALA08,Harsha Paladugu,2022-11-27,2.27,104
2017PALA08,Harsha Paladugu,2022-12-03,2.25,105
2017PALA08,Harsha Paladugu,2022-12-03,3.08,106
2017PALA08,Harsha Paladugu,2022-12-03,1.82,107
2017PALA08,Harsha Paladugu,2023-01-21,2.37,108
2017PALA08,Harsha Paladugu,2023-01-21,3.37,109
2017PALA08,Harsha Paladugu,2023-01-21,2.27,110
2017PALA08,Harsha Paladugu,2023-02-04,4.03,111
2017PALA08,Harsha Paladugu,2023-02-04,2.12,112
2017PALA08,Harsha Paladugu,2023-02-11,2.81,113
2017PALA08,Harsha Paladugu,2023-02-11,3.77,114
2017PALA08,Harsha Paladugu,2023-02-25,2.73,115
2017PALA08,Harsha Paladugu,2023-02-25,2.36,116
2017PALA08,Harsha Paladugu,2023-03-04,1.87,117
2017PALA08,Harsha Paladugu,2023-03-04,2.28,118
2017PALA08,Harsha Paladugu,2023-04-01,2.0,119
2017PALA08,Harsha Paladugu,2023-04-01,2.26,120
2017PALA08,Harsha Paladugu,2023-04-01,3.03,121
2017PALA08,Harsha Paladugu,2023-04-08,2.27,122
2017PALA08,Harsha Paladugu,2023-04-08,1.8,123
2017PALA08,Harsha Paladugu,2023-04-08,1.84,124
2017PALA08,Harsha Paladugu,2023-04-09,2.74,125
2017PALA08,Harsha Paladugu,2023-04-09,2.68,126
2017PALA08,Harsha Paladugu,2023-04-09,3.89,127
2017PALA08,Harsha Paladugu,2023-04-15,2.9,128
2017PALA08,Harsha Paladugu,2023-04-15,3.46,129
2017PALA08,Harsha Paladugu,2023-04-29,2.61,130
2017PALA08,Harsha Paladugu,2023-04-29,2.21,131
2017PALA08,Harsha Paladugu,2023-04-30,2.33,132
2017PALA08,Harsha Paladugu,2023-04-30,1.88,133
2017PALA08,Harsha Paladugu,2023-04-30,2.74,134
2017PALA08,Harsha Paladugu,2023-05-02,2.29,135
2017PALA08,Harsha Paladugu,2023-05-02,2.9,136
2017PALA08,Harsha Paladugu,2023-05-02,3.55,137
2017PALA08,Harsha Paladugu,2023-05-13,2.65,138
2017PALA08,Harsha Paladugu,2023-05-13,2.04,139
2017PALA08,Harsha Paladugu,2023-05-21,4.24,140
2017PALA08,Harsha Paladugu,2023-05-27,2.22,141
2017PALA08,Harsha Paladugu,2023-05-27,2.76,142
2017PALA08,Harsha Paladugu,2023-05-27,2.97,143
2017PALA08,Harsha Paladugu,2023-06-03,2.17,144
2017PALA08,Harsha Paladugu,2023-06-03,3.7,145
2017PALA08,Harsha Paladugu,2023-06-10,2.0,146
2017PALA08,Harsha Paladugu,2023-06-10,2.25,147
2017PALA08,Harsha Paladugu,2023-07-08,2.44,148
2017PALA08,Harsha Paladugu,2023-07-08,2.46,149
2017PALA08,Harsha Paladugu,2023-07-13,2.32,150
2017PALA08,Harsha Paladugu,2023-07-13,1.88,151
2017PALA08,Harsha Paladugu,2023-07-13,1.9,152
2017PALA08,Harsha Paladugu,2023-07-22,1.82,153
2017PALA08,Harsha Paladugu,2023-07-22,2.02,154
2017PALA08,Harsha Paladugu,2023-07-22,2.08,155
2017PALA08,Harsha Paladugu,2023-07-27,2.39,156
2017PALA08,Harsha Paladugu,2023-07-27,1.78,157
2017PALA08,Harsha Paladugu,2023-07-27,2.34,158
2017PALA08,Harsha Paladugu,2023-08-12,2.28,159
2017PALA08,Harsha Paladugu,2023-08-12,2.4,160
2017PALA08,Harsha Paladugu,2023-08-12,2.91,161
2017PALA08,Harsha Paladugu,2023-09-03,1.93,162
2017PALA08,Harsha Paladugu,2023-09-03,2.15,163
2017PALA08,Harsha Paladugu,2023-09-09,1.99,164
2017PALA08,Harsha Paladugu,2023-09-09,1.92,165
2017PALA08,Harsha Paladugu,2023-09-10,2.02,166
2017PALA08,Harsha Paladugu,2023-09-10,2.08,167
2017PALA08,Harsha Paladugu,2023-09-17,3.26,168
2017PALA08,Harsha Paladugu,2023-09-17,1.94,169
2017PALA08,Harsha Paladugu,2023-09-17,1.73,170
2017PALA08,Harsha Paladugu,2023-09-23,1.94,171
2017PALA08,Harsha Paladugu,2023-09-23,2.22,172
2017PALA08,Harsha Paladugu,2023-09-23,2.71,173
2017PALA08,Harsha Paladugu,2023-10-07,3.22,174
2017PALA08,Harsha Paladugu,2023-10-07,2.28,175
2017PALA08,Harsha Paladugu,2023-10-07,1.99,176
2017PALA08,Harsha Paladugu,2023-10-07,2.58,177
2017PALA08,Harsha Paladugu,2023-10-14,3.59,178
2017PALA08,Harsha Paladugu,2023-10-14,2.68,179
2017PALA08,Harsha Paladugu,2023-10-14,3.15,180
2017PALA08,Harsha Paladugu,2023-10-20,2.63,181
2017PALA08,Harsha Paladugu,2023-10-20,4.09,182
2017PALA08,Harsha Paladugu,2023-11-04,2.93,183
2017PALA08,Harsha Paladugu,2023-11-04,2.18,184
2017PALA08,Harsha Paladugu,2023-11-19,3.29,185
2017PALA08,Harsha Paladugu,2023-11-19,3.15,186
2017PALA08,Harsha Paladugu,2023-11-19,2.58,187
2017PALA08,Harsha Paladugu,2023-12-09,2.78,188
2017PALA08,Harsha Paladugu,2023-12-09,2.04,189
2017PALA08,Harsha Paladugu,2023-12-16,3.63,190
2017PALA08,Harsha Paladugu,2023-12-16,1.98,191
2017PALA08,Harsha Paladugu,2023-12-17,2.7,192
2017PALA08,Harsha Paladugu,2023-12-17,3.41,193
2017PALA08,Harsha Paladugu,2023-12-17,1.95,194
2017PALA08,Harsha Paladugu,2023-12-23,3.29,195
2017PALA08,Harsha Paladugu,2023-12-23,2.87,196
2017PALA08,Harsha Paladugu,2023-12-23,2.86,197
2017PALA08,Harsha Paladugu,2024-01-20,2.22,198
2017PALA08,Harsha Paladugu,2024-01-20,3.26,199
2017PALA08,Harsha Paladugu,2024-01-20,2.05,200
2017PALA08,Harsha Paladugu,2024-02-03,1.97,201
2017PALA08,Harsha Paladugu,2024-02-03,2.24,202
2017PALA08,Harsha Paladugu,2024-02-03,2.11,203
2017PALA08,Harsha Paladugu,2024-02-18,2.91,204
2017PALA08,Harsha Paladugu,2024-02-18,2.36,205
2017PALA08,Harsha Paladugu,2024-03-16,3.0,206
2017PALA08,Harsha Paladugu,2024-03-16,2.83,207
2017PALA08,Harsha Paladugu,2024-03-16,2.06,208
2017PALA08,Harsha Paladugu,2024-03-23,2.19,209
2017PALA08,Harsha Paladugu,2024-03-23,2.41,210
2017PALA08,Harsha Paladugu,2024-04-08,2.06,211
2017PALA08,Harsha Paladugu,2024-04-08,3.21,212
2017PALA08,Harsha Paladugu,2024-04-27,3.44,213
2017PALA08,Harsha Paladugu,2024-04-27,2.89,214
2017PALA08,Harsha Paladugu,2024-04-28,3.29,215
2017PALA08,Harsha Paladugu,2024-04-28,2.37,216
2017PALA08,Harsha Paladugu,2024-04-28,2.07,217
2017PALA08,Harsha Paladugu,2024-05-18,3.26,218
2017PALA08,Harsha Paladugu,2024-05-18,2.17,219
2017PALA08,Harsha Paladugu,2024-06-08,3.0,220
2017PALA08,Harsha Paladugu,2024-06-08,2.64,221
2017PALA08,Harsha Paladugu,2024-06-16,2.92,222
2017PALA08,Harsha Paladugu,2024-06-16,3.44,223
2017PALA08,Harsha Paladugu,2024-06-16,2.56,224
2017PALA08,Harsha Paladugu,2024-06-29,3.04,225
2017PALA08,Harsha Paladugu,2024-06-29,3.47,226
2017PALA08,Harsha Paladugu,2024-07-13,2.6,227
2017PALA08,Harsha Paladugu,2024-07-13,2.87,228
2017PALA08,Harsha Paladugu,2024-07-18,2.84,229
2017PALA08,Harsha Paladugu,2024-07-18,2.47,230
2017PALA08,Harsha Paladugu,2024-07-18,4.14,231
2017PALA08,Harsha Paladugu,2024-07-29,1.86,232
2017PALA08,Harsha Paladugu,2024-07-29,2.47,233
2017PALA08,Harsha Paladugu,2024-07-29,3.07,234
2017PALA08,Harsha Paladugu,2024-08-09,2.4,235
2017PALA08,Harsha Paladugu,2024-09-14,2.15,236
2017PALA08,Harsha Paladugu,2024-09-14,2.98,237
2017PALA08,Harsha Paladugu,2024-10-04,2.62,238
2017PALA08,Harsha Paladugu,2024-10-04,2.92,239
2017PALA08,Harsha Paladugu,2024-10-04,2.64,240
2017PALA08,Harsha Paladugu,2024-10-19,4.88,241
2017PALA08,Harsha Paladugu,2024-10-19,3.34,242
2017PALA08,Harsha Paladugu,2024-11-03,3.34,243
2017PALA08,Harsha Paladugu,2024-11-03,2.41,244
2017PALA08,Harsha Paladugu,2024-11-03,2.88,245
2017PALA08,Harsha Paladugu,2024-11-17,2.66,246
2017PALA08,Harsha Paladugu,2024-11-17,2.38,247
2017PALA08,Harsha Paladugu,2024-11-22,2.23,248
2017PALA08,Harsha Paladugu,2024-11-22,2.71,249
2017PALA08,Harsha Paladugu,2024-11-22,2.82,250
2017PALA08,Harsha Paladugu,2024-12-14,2.04,251
2017PALA08,Harsha Paladugu,2024-12-14,3.08,252
2017PALA08,Harsha Paladugu,2024-12-14,4.1,253
2017PALA08,Harsha Paladugu,2024-12-21,2.62,254
2017PALA08,Harsha Paladugu,2024-12-21,3.35,255
2017PALA08,Harsha Paladugu,2024-12-21,2.84,256
2017PALA08,Harsha Paladugu,2024-12-28,3.74,257
2017PALA08,Harsha Paladugu,2024-12-28,3.61,258
2017PALA08,Harsha Paladugu,2025-01-11,2.66,259
2017PALA08,Harsha Paladugu,2025-01-11,2.82,260
2017PALA08,Harsha Paladugu,2025-01-11,2.79,261
2017PALA08,Harsha Paladugu,2025-01-25,3.34,262
2017PALA08,Harsha Paladugu,2025-02-09,2.28,263
2017PALA08,Harsha Paladugu,2025-02-09,1.98,264
2017PALA08,Harsha Paladugu,2025-02-09,2.46,265
2017PALA08,Harsha Paladugu,2025-02-22,2.45,266
2017PALA08,Harsha Paladugu,2025-02-22,2.51,267
2017PALA08,Harsha Paladugu,2025-03-29,2.2,268
2017PALA08,Harsha Paladugu,2025-06-28,4.17,269
2017PALA08,Harsha Paladugu,2025-06-28,3.71,270
2017PALA08,Harsha Paladugu,2025-06-28,1.85,271
2017PALA08,Harsha Paladugu,2025-07-24,3.54,272
2017PALA08,Harsha Paladugu,2025-07-24,2.68,273
2017PALA08,Harsha Paladugu,2025-07-24,2.59,274
2017PALA08,Harsha Paladugu,2025-08-09,2.93,275
2017PALA08,Harsha Paladugu,2025-08-09,1.91,276
2017PALA08,Harsha Paladugu,2025-08-24,1.88,277
2017PALA08,Harsha Paladugu,2025-09-13,2.65,278
2017PALA08,Harsha Paladugu,2025-09-13,3.27,279
2017PALA08,Harsha Paladugu,2025-09-13,2.09,280
2017PALA08,Harsha Paladugu,2025-10-04,2.0,281
2017PALA08,Harsha Paladugu,2025-10-04,3.72,282
2017PALA08,Harsha Paladugu,2025-10-04,3.12,283
2017PALA08,Harsha Paladugu,2025-10-11,2.76,284
2017PALA08,Harsha Paladugu,2025-10-11,2.32,285
2017PALA08,Harsha Paladugu,2025-12-20,3.34,286
2017PALA08,Harsha Paladugu,2025-12-20,2.39,287
2017PALA08,Harsha Paladugu,2025-12-20,2.15,288
2017PALA08,Harsha Paladugu,2026-01-31,2.13,289
2017PALA08,Harsha Paladugu,2026-01-31,2.78,290
2017PALA08,Harsha Paladugu,2026-02-21,3.19,291
2017PALA08,Harsha Paladugu,2026-02-21,2.02,292
2017PALA08,Harsha Paladugu,2026-03-07,1.98,293
2017PALA08,Harsha Paladugu,2026-03-07,1.87,294
2017PALA08,Harsha Paladugu,2026-03-15,2.15,295
2017PALA08,Harsha Paladugu,2026-03-15,1.68,296
2017PALA08,Harsha Paladugu,2026-04-25,2.58,297
2017PALA08,Harsha Paladugu,2026-04-25,2.86,298
2017PALA08,Harsha Paladugu,2026-04-25,2.09,299
