person_id,person_name,competition_date,average_seconds,seq_index
2003BRUC01,Ron van Bruchem,2003-08-23,22.92,1
2003BRUC01,Ron van Bruchem,2004-04-24,20.01,2
2003BRUC01,Ron van Bruchem,2004-04-24,21.28,3
2003BRUC01,Ron van Bruchem,2004-04-24,18.52,4
2003BRUC01,Ron van Bruchem,2004-08-07,18.39,5
2003BRUC01,Ron van Bruchem,2004-08-07,19.4,6
2003BRUC01,Ron van Bruchem,2004-10-10,17.12,7
2003BRUC01,Ron van Bruchem,2004-10-10,19.79,8
2003BRUC01,Ron van Bruchem,2005-04-23,18.94,9
2003BRUC01,Ron van Bruchem,2005-04-23,18.12,10
2003BRUC01,Ron van Bruchem,2005-04-23,18.22,11
2003BRUC01,Ron van Bruchem,2005-09-18,18.37,12
2003BRUC01,Ron van Bruchem,2005-09-18,19.34,13
2003BRUC01,Ron van Bruchem,2005-10-16,18.39,14
2003BRUC01,Ron van Bruchem,2005-10-16,16.21,15
2003BRUC01,Ron van Bruchem,2005-10-29,16.88,16
2003BRUC01,Ron van Bruchem,2005-11-05,17.9,17
2003BRUC01,Ron van Bruchem,2006-04-21,17.53,18
2003BRUC01,Ron van Bruchem,2006-04-21,17.39,19
2003BRUC01,Ron van Bruchem,2006-05-06,14.82,20
2003BRUC01,Ron van Bruchem,2006-05-06,17.44,21
2003BRUC01,Ron van Bruchem,2006-07-23,15.95,22
2003BRUC01,Ron van Bruchem,2006-07-23,17.9,23
2003BRUC01,Ron van Bruchem,2006-09-16,18.24,24
2003BRUC01,Ron van Bruchem,2006-09-16,17.82,25
2003BRUC01,Ron van Bruchem,2006-09-23,19.05,26
2003BRUC01,Ron van Bruchem,2006-09-23,18.27,27
2003BRUC01,Ron van Bruchem,2006-10-14,15.9,28
2003BRUC01,Ron van Bruchem,2006-10-14,16.61,29
2003BRUC01,Ron van Bruchem,2006-10-14,15.92,30
2003BRUC01,Ron van Bruchem,2006-10-28,15.7,31
2003BRUC01,Ron van Bruchem,2006-11-18,14.13,32
2003BRUC01,Ron van Bruchem,2006-11-18,16.81,33
2003BRUC01,Ron van Bruchem,2007-02-24,15.89,34
2003BRUC01,Ron van Bruchem,2007-02-24,17.9,35
2003BRUC01,Ron van Bruchem,2007-02-24,15.74,36
2003BRUC01,Ron van Bruchem,2007-04-28,19.67,37
2003BRUC01,Ron van Bruchem,2007-04-28,15.97,38
2003BRUC01,Ron van Bruchem,2007-05-26,15.6,39
2003BRUC01,Ron van Bruchem,2007-05-26,18.83,40
2003BRUC01,Ron van Bruchem,2007-09-15,15.38,41
2003BRUC01,Ron van Bruchem,2007-09-15,15.44,42
2003BRUC01,Ron van Bruchem,2007-10-05,15.7,43
2003BRUC01,Ron van Bruchem,2007-10-05,16.34,44
2003BRUC01,Ron van Bruchem,2007-10-13,16.28,45
2003BRUC01,Ron van Bruchem,2007-10-13,15.5,46
2003BRUC01,Ron van Bruchem,2007-10-13,16.92,47
2003BRUC01,Ron van Bruchem,2007-11-10,16.86,48
2003BRUC01,Ron van Bruchem,2007-11-10,17.68,49
2003BRUC01,Ron van Bruchem,2007-11-24,16.95,50
2003BRUC01,Ron van Bruchem,2007-11-24,16.24,51
2003BRUC01,Ron van Bruchem,2008-02-02,15.44,52
2003BRUC01,Ron van Bruchem,2008-02-02,15.35,53
2003BRUC01,Ron van Bruchem,2008-02-02,16.77,54
2003BRUC01,Ron van Bruchem,2008-02-16,15.23,55
2003BRUC01,Ron van Bruchem,2008-02-16,15.22,56
2003BRUC01,Ron van Bruchem,2008-02-16,16.2,57
2003BRUC01,Ron van Bruchem,2008-03-15,17.8,58
2003BRUC01,Ron van Bruchem,2008-03-15,15.23,59
2003BRUC01,Ron van Bruchem,2008-03-15,16.52,60
2003BRUC01,Ron van Bruchem,2008-04-19,16.83,61
2003BRUC01,Ron van Bruchem,2008-04-19,14.73,62
2003BRUC01,Ron van Bruchem,2008-04-19,15.46,63
2003BRUC01,Ron van Bruchem,2008-07-12,15.24,64
2003BRUC01,Ron van Bruchem,2008-07-12,15.5,65
2003BRUC01,Ron van Bruchem,2008-07-12,14.84,66
2003BRUC01,Ron van Bruchem,2008-08-23,16.01,67
2003BRUC01,Ron van Bruchem,2008-08-23,15.6,68
2003BRUC01,Ron van Bruchem,2008-08-23,14.4,69
2003BRUC01,Ron van Bruchem,2008-09-06,15.21,70
2003BRUC01,Ron van Bruchem,2008-09-06,15.97,71
2003BRUC01,Ron van Bruchem,2008-09-06,14.32,72
2003BRUC01,Ron van Bruchem,2008-09-19,14.25,73
2003BRUC01,Ron van Bruchem,2008-09-19,14.28,74
2003BRUC01,Ron van Bruchem,2008-09-19,13.85,75
2003BRUC01,Ron van Bruchem,2008-10-18,14.06,76
2003BRUC01,Ron van Bruchem,2008-10-18,14.61,77
2003BRUC01,Ron van Bruchem,2008-10-18,15.01,78
2003BRUC01,Ron van Bruchem,2008-10-25,16.43,79
2003BRUC01,Ron van Bruchem,2008-11-08,17.48,80
2003BRUC01,Ron van Bruchem,2008-11-08,15.13,81
2003BRUC01,Ron van Bruchem,2008-11-08,14.67,82
2003BRUC01,Ron van Bruchem,2008-11-15,14.22,83
2003BRUC01,Ron van Bruchem,2008-11-15,15.67,84
2003BRUC01,Ron van Bruchem,2008-11-29,16.48,85
2003BRUC01,Ron van Bruchem,2008-11-29,15.58,86
2003BRUC01,Ron van Bruchem,2008-11-29,14.68,87
2003BRUC01,Ron van Bruchem,2009-01-10,17.29,88
2003BRUC01,Ron van Bruchem,2009-01-10,15.62,89
2003BRUC01,Ron van Bruchem,2009-01-10,15.84,90
2003BRUC01,Ron van Bruchem,2009-02-21,15.95,91
2003BRUC01,Ron van Bruchem,2009-02-21,14.41,92
2003BRUC01,Ron van Bruchem,2009-02-21,14.64,93
2003BRUC01,Ron van Bruchem,2009-02-28,15.12,94
2003BRUC01,Ron van Bruchem,2009-02-28,16.01,95
2003BRUC01,Ron van Bruchem,2009-02-28,17.79,96
2003BRUC01,Ron van Bruchem,2009-03-14,17.19,97
2003BRUC01,Ron van Bruchem,2009-03-14,15.54,98
2003BRUC01,Ron van Bruchem,2009-04-25,15.17,99
2003BRUC01,Ron van Bruchem,2009-04-25,15.88,100
2003BRUC01,Ron van Bruchem,2009-04-25,16.86,101
2003BRUC01,Ron van Bruchem,2009-07-11,15.56,102
2003BRUC01,Ron van Bruchem,2009-07-11,17.4,103
2003BRUC01,Ron van Bruchem,2009-07-11,16.31,104
2003BRUC01,Ron van Bruchem,2009-09-12,14.08,105
2003BRUC01,Ron van Bruchem,2009-09-12,15.5,106
2003BRUC01,Ron van Bruchem,2009-09-12,14.0,107
2003BRUC01,Ron van Bruchem,2009-10-09,16.51,108
2003BRUC01,Ron van Bruchem,2009-10-17,15.51,109
2003BRUC01,Ron van Bruchem,2009-10-17,14.99,110
2003BRUC01,Ron van Bruchem,2009-10-24,14.6,111
2003BRUC01,Ron van Bruchem,2009-10-24,13.51,112
2003BRUC01,Ron van Bruchem,2009-11-14,14.51,113
2003BRUC01,Ron van Bruchem,2009-11-14,14.45,114
2003BRUC01,Ron van Bruchem,2009-11-14,14.39,115
2003BRUC01,Ron van Bruchem,2009-11-21,16.19,116
2003BRUC01,Ron van Bruchem,2009-11-21,15.24,117
2003BRUC01,Ron van Bruchem,2009-11-21,15.32,118
2003BRUC01,Ron van Bruchem,2009-12-12,13.59,119
2003BRUC01,Ron van Bruchem,2009-12-12,16.43,120
2003BRUC01,Ron van Bruchem,2009-12-12,15.83,121
2003BRUC01,Ron van Bruchem,2010-01-16,14.15,122
2003BRUC01,Ron van Bruchem,2010-01-16,16.0,123
2003BRUC01,Ron van Bruchem,2010-02-20,14.83,124
2003BRUC01,Ron van Bruchem,2010-02-20,15.51,125
2003BRUC01,Ron van Bruchem,2010-03-06,14.76,126
2003BRUC01,Ron van Bruchem,2010-03-06,14.98,127
2003BRUC01,Ron van Bruchem,2010-04-17,16.34,128
2003BRUC01,Ron van Bruchem,2010-04-17,16.51,129
2003BRUC01,Ron van Bruchem,2010-04-24,19.91,130
2003BRUC01,Ron van Bruchem,2010-04-24,15.96,131
2003BRUC01,Ron van Bruchem,2010-05-22,14.75,132
2003BRUC01,Ron van Bruchem,2010-05-22,15.12,133
2003BRUC01,Ron van Bruchem,2010-05-22,17.44,134
2003BRUC01,Ron van Bruchem,2010-06-13,15.19,135
2003BRUC01,Ron van Bruchem,2010-06-13,18.37,136
2003BRUC01,Ron van Bruchem,2010-06-13,16.58,137
2003BRUC01,Ron van Bruchem,2010-07-24,14.59,138
2003BRUC01,Ron van Bruchem,2010-07-24,16.38,139
2003BRUC01,Ron van Bruchem,2010-09-03,15.29,140
2003BRUC01,Ron van Bruchem,2010-09-03,14.95,141
2003BRUC01,Ron van Bruchem,2010-09-11,15.12,142
2003BRUC01,Ron van Bruchem,2010-09-11,14.45,143
2003BRUC01,Ron van Bruchem,2010-10-01,16.52,144
2003BRUC01,Ron van Bruchem,2010-10-09,14.46,145
2003BRUC01,Ron van Bruchem,2010-10-09,14.64,146
2003BRUC01,Ron van Bruchem,2010-10-16,13.82,147
2003BRUC01,Ron van Bruchem,2010-10-16,17.73,148
2003BRUC01,Ron van Bruchem,2010-11-13,16.09,149
2003BRUC01,Ron van Bruchem,2010-11-13,16.42,150
2003BRUC01,Ron van Bruchem,2011-01-14,15.3,151
2003BRUC01,Ron van Bruchem,2011-01-14,13.6,152
2003BRUC01,Ron van Bruchem,2011-01-14,21.37,153
2003BRUC01,Ron van Bruchem,2011-04-02,14.73,154
2003BRUC01,Ron van Bruchem,2011-04-02,16.55,155
2003BRUC01,Ron van Bruchem,2011-04-09,18.59,156
2003BRUC01,Ron van Bruchem,2011-04-09,15.44,157
2003BRUC01,Ron van Bruchem,2011-05-07,12.62,158
2003BRUC01,Ron van Bruchem,2011-05-07,16.52,159
2003BRUC01,Ron van Bruchem,2011-05-07,15.79,160
2003BRUC01,Ron van Bruchem,2011-09-01,15.82,161
2003BRUC01,Ron van Bruchem,2011-09-01,13.9,162
2003BRUC01,Ron van Bruchem,2011-09-01,14.82,163
2003BRUC01,Ron van Bruchem,2011-10-08,13.91,164
2003BRUC01,Ron van Bruchem,2011-10-08,14.08,165
2003BRUC01,Ron van Bruchem,2011-10-08,15.41,166
2003BRUC01,Ron van Bruchem,2011-10-14,13.23,167
2003BRUC01,Ron van Bruchem,2011-10-14,14.91,168
2003BRUC01,Ron van Bruchem,2011-10-29,13.63,169
2003BRUC01,Ron van Bruchem,2011-10-29,13.51,170
2003BRUC01,Ron van Bruchem,2011-11-19,17.12,171
2003BRUC01,Ron van Bruchem,2011-11-19,14.75,172
2003BRUC01,Ron van Bruchem,2011-11-19,15.13,173
2003BRUC01,Ron van Bruchem,2011-12-10,15.24,174
2003BRUC01,Ron van Bruchem,2011-12-10,14.65,175
2003BRUC01,Ron van Bruchem,2011-12-17,14.43,176
2003BRUC01,Ron van Bruchem,2011-12-17,15.16,177
2003BRUC01,Ron van Bruchem,2011-12-17,14.27,178
2003BRUC01,Ron van Bruchem,2012-02-25,16.77,179
2003BRUC01,Ron van Bruchem,2012-02-25,13.26,180
2003BRUC01,Ron van Bruchem,2012-02-25,14.84,181
2003BRUC01,Ron van Bruchem,2012-03-03,13.95,182
2003BRUC01,Ron van Bruchem,2012-03-03,14.41,183
2003BRUC01,Ron van Bruchem,2012-03-31,14.88,184
2003BRUC01,Ron van Bruchem,2012-03-31,15.52,185
2003BRUC01,Ron van Bruchem,2012-04-14,15.83,186
2003BRUC01,Ron van Bruchem,2012-04-14,14.91,187
2003BRUC01,Ron van Bruchem,2012-05-12,13.91,188
2003BRUC01,Ron van Bruchem,2012-05-12,15.29,189
2003BRUC01,Ron van Bruchem,2012-05-12,15.58,190
2003BRUC01,Ron van Bruchem,2012-05-19,14.54,191
2003BRUC01,Ron van Bruchem,2012-05-19,14.29,192
2003BRUC01,Ron van Bruchem,2012-05-19,16.75,193
2003BRUC01,Ron van Bruchem,2012-06-09,15.34,194
2003BRUC01,Ron van Bruchem,2012-06-09,13.96,195
2003BRUC01,Ron van Bruchem,2012-06-09,15.25,196
2003BRUC01,Ron van Bruchem,2012-07-21,16.98,197
2003BRUC01,Ron van Bruchem,2012-07-21,14.39,198
2003BRUC01,Ron van Bruchem,2012-08-12,15.91,199
2003BRUC01,Ron van Bruchem,2012-08-12,14.01,200
2003BRUC01,Ron van Bruchem,2012-08-25,17.57,201
2003BRUC01,Ron van Bruchem,2012-08-25,14.59,202
2003BRUC01,Ron van Bruchem,2012-09-15,13.21,203
2003BRUC01,Ron van Bruchem,2012-09-15,15.46,204
2003BRUC01,Ron van Bruchem,2012-09-15,14.37,205
2003BRUC01,Ron van Bruchem,2012-09-22,16.3,206
2003BRUC01,Ron van Bruchem,2012-09-22,13.61,207
2003BRUC01,Ron van Bruchem,2012-09-22,13.6,208
2003BRUC01,Ron van Bruchem,2012-10-12,14.86,209
2003BRUC01,Ron van Bruchem,2012-10-12,14.14,210
2003BRUC01,Ron van Bruchem,2012-11-03,15.38,211
2003BRUC01,Ron van Bruchem,2012-11-03,14.43,212
2003BRUC01,Ron van Bruchem,2012-11-03,13.42,213
2003BRUC01,Ron van Bruchem,2013-03-02,13.36,214
2003BRUC01,Ron van Bruchem,2013-03-02,14.27,215
2003BRUC01,Ron van Bruchem,2013-03-02,16.72,216
2003BRUC01,Ron van Bruchem,2013-04-01,14.16,217
2003BRUC01,Ron van Bruchem,2013-04-01,16.01,218
2003BRUC01,Ron van Bruchem,2013-04-27,15.59,219
2003BRUC01,Ron van Bruchem,2013-04-27,14.25,220
2003BRUC01,Ron van Bruchem,2013-04-27,14.56,221
2003BRUC01,Ron van Bruchem,2013-05-11,16.0,222
2003BRUC01,Ron van Bruchem,2013-05-11,14.72,223
2003BRUC01,Ron van Bruchem,2013-05-11,15.57,224
2003BRUC01,Ron van Bruchem,2013-06-01,14.31,225
2003BRUC01,Ron van Bruchem,2013-06-01,14.72,226
2003BRUC01,Ron van Bruchem,2013-06-01,15.54,227
2003BRUC01,Ron van Bruchem,2013-07-26,13.42,228
2003BRUC01,Ron van Bruchem,2013-07-26,14.84,229
2003BRUC01,Ron van Bruchem,2013-09-21,14.55,230
2003BRUC01,Ron van Bruchem,2013-09-21,14.56,231
2003BRUC01,Ron van Bruchem,2013-10-13,14.84,232
2003BRUC01,Ron van Bruchem,2013-10-13,15.73,233
2003BRUC01,Ron van Bruchem,2013-10-19,15.09,234
2003BRUC01,Ron van Bruchem,2013-10-19,15.09,235
2003BRUC01,Ron van Bruchem,2013-10-19,16.76,236
2003BRUC01,Ron van Bruchem,2013-11-16,14.85,237
2003BRUC01,Ron van Bruchem,2013-11-16,14.12,238
2003BRUC01,Ron van Bruchem,2013-11-16,15.28,239
2003BRUC01,Ron van Bruchem,2013-12-21,16.6,240
2003BRUC01,Ron van Bruchem,2013-12-21,15.61,241
2003BRUC01,Ron van Bruchem,2013-12-21,13.7,242
2003BRUC01,Ron van Bruchem,2014-02-02,14.7,243
2003BRUC01,Ron van Bruchem,2014-02-02,15.58,244
2003BRUC01,Ron van Bruchem,2014-06-21,14.29,245
2003BRUC01,Ron van Bruchem,2014-06-21,14.35,246
2003BRUC01,Ron van Bruchem,2014-06-21,15.12,247
2003BRUC01,Ron van Bruchem,2014-07-19,14.18,248
2003BRUC01,Ron van Bruchem,2014-07-19,16.05,249
2003BRUC01,Ron van Bruchem,2014-07-19,14.19,250
2003BRUC01,Ron van Bruchem,2014-08-02,15.63,251
2003BRUC01,Ron van Bruchem,2014-08-02,15.96,252
2003BRUC01,Ron van Bruchem,2014-08-08,17.01,253
2003BRUC01,Ron van Bruchem,2014-09-20,17.72,254
2003BRUC01,Ron van Bruchem,2014-09-20,13.19,255
2003BRUC01,Ron van Bruchem,2014-09-20,14.99,256
2003BRUC01,Ron van Bruchem,2014-09-28,15.9,257
2003BRUC01,Ron van Bruchem,2014-09-28,14.1,258
2003BRUC01,Ron van Bruchem,2014-09-28,16.19,259
2003BRUC01,Ron van Bruchem,2014-11-01,14.07,260
2003BRUC01,Ron van Bruchem,2014-11-01,13.96,261
2003BRUC01,Ron van Bruchem,2014-12-22,16.65,262
2003BRUC01,Ron van Bruchem,2015-05-24,15.54,263
2003BRUC01,Ron van Bruchem,2015-05-24,13.54,264
2003BRUC01,Ron van Bruchem,2015-05-24,14.92,265
2003BRUC01,Ron van Bruchem,2015-06-27,14.91,266
2003BRUC01,Ron van Bruchem,2015-06-27,13.83,267
2003BRUC01,Ron van Bruchem,2015-06-27,16.7,268
2003BRUC01,Ron van Bruchem,2015-07-11,17.13,269
2003BRUC01,Ron van Bruchem,2015-07-11,14.0,270
2003BRUC01,Ron van Bruchem,2015-07-11,15.67,271
2003BRUC01,Ron van Bruchem,2015-07-17,14.95,272
2003BRUC01,Ron van Bruchem,2015-07-17,16.66,273
2003BRUC01,Ron van Bruchem,2015-08-08,13.35,274
2003BRUC01,Ron van Bruchem,2015-08-08,14.5,275
2003BRUC01,Ron van Bruchem,2015-08-08,15.43,276
2003BRUC01,Ron van Bruchem,2015-09-27,15.05,277
2003BRUC01,Ron van Bruchem,2015-09-27,14.28,278
2003BRUC01,Ron van Bruchem,2015-10-17,15.09,279
2003BRUC01,Ron van Bruchem,2015-10-17,17.08,280
2003BRUC01,Ron van Bruchem,2016-02-21,15.16,281
2003BRUC01,Ron van Bruchem,2016-02-21,18.19,282
2003BRUC01,Ron van Bruchem,2016-03-20,14.11,283
2003BRUC01,Ron van Bruchem,2016-03-20,14.61,284
2003BRUC01,Ron van Bruchem,2016-05-21,14.87,285
2003BRUC01,Ron van Bruchem,2016-05-21,15.64,286
2003BRUC01,Ron van Bruchem,2016-06-26,15.62,287
2003BRUC01,Ron van Bruchem,2016-06-26,15.43,288
2003BRUC01,Ron van Bruchem,2016-07-15,14.93,289
2003BRUC01,Ron van Bruchem,2016-08-27,14.24,290
2003BRUC01,Ron van Bruchem,2016-08-27,15.29,291
2003BRUC01,Ron van Bruchem,2016-09-03,14.58,292
2003BRUC01,Ron van Bruchem,2016-09-03,15.46,293
2003BRUC01,Ron van Bruchem,2016-10-01,14.65,294
2003BRUC01,Ron van Bruchem,2016-10-01,15.71,295
2003BRUC01,Ron van Bruchem,2016-10-29,14.57,296
2003BRUC01,Ron van Bruchem,2016-10-29,13.35,297
2003BRUC01,Ron van Bruchem,2016-11-26,14.95,298
2003BRUC01,Ron van Bruchem,2016-11-26,14.83,299
2003BRUC01,Ron van Bruchem,2016-12-24,17.53,300
2003BRUC01,Ron van Bruchem,2016-12-24,18.81,301
2003BRUC01,Ron van Bruchem,2017-01-06,16.27,302
2003BRUC01,Ron van Bruchem,2017-01-06,14.85,303
2003BRUC01,Ron van Bruchem,2017-02-11,13.12,304
2003BRUC01,Ron van Bruchem,2017-02-11,14.15,305
2003BRUC01,Ron van Bruchem,2017-02-11,16.58,306
2003BRUC01,Ron van Bruchem,2017-03-05,15.45,307
2003BRUC01,Ron van Bruchem,2017-03-05,15.34,308
2003BRUC01,Ron van Bruchem,2017-03-25,15.7,309
2003BRUC01,Ron van Bruchem,2017-03-25,13.85,310
2003BRUC01,Ron van Bruchem,2017-04-15,16.65,311
2003BRUC01,Ron van Bruchem,2017-04-15,18.86,312
2003BRUC01,Ron van Bruchem,2017-06-10,13.34,313
2003BRUC01,Ron van Bruchem,2017-06-10,15.78,314
2003BRUC01,Ron van Bruchem,2017-07-13,13.78,315
2003BRUC01,Ron van Bruchem,2017-07-28,15.52,316
2003BRUC01,Ron van Bruchem,2017-07-28,14.47,317
2003BRUC01,Ron van Bruchem,2017-08-19,14.77,318
2003BRUC01,Ron van Bruchem,2017-08-19,14.18,319
2003BRUC01,Ron van Bruchem,2017-09-17,14.94,320
2003BRUC01,Ron van Bruchem,2017-09-17,17.43,321
2003BRUC01,Ron van Bruchem,2017-09-23,15.1,322
2003BRUC01,Ron van Bruchem,2017-09-23,16.0,323
2003BRUC01,Ron van Bruchem,2017-10-08,13.95,324
2003BRUC01,Ron van Bruchem,2017-10-08,14.99,325
2003BRUC01,Ron van Bruchem,2017-10-14,16.76,326
2003BRUC01,Ron van Bruchem,2017-10-14,15.98,327
2003BRUC01,Ron van Bruchem,2017-10-21,14.96,328
2003BRUC01,Ron van Bruchem,2017-10-21,14.39,329
2003BRUC01,Ron van Bruchem,2017-12-16,14.93,330
2003BRUC01,Ron van Bruchem,2017-12-16,14.85,331
2003BRUC01,Ron van Bruchem,2018-01-05,16.01,332
2003BRUC01,Ron van Bruchem,2018-01-05,14.37,333
2003BRUC01,Ron van Bruchem,2018-01-27,17.55,334
2003BRUC01,Ron van Bruchem,2018-01-27,13.59,335
2003BRUC01,Ron van Bruchem,2018-01-27,14.31,336
2003BRUC01,Ron van Bruchem,2018-02-10,13.82,337
2003BRUC01,Ron van Bruchem,2018-02-10,14.47,338
2003BRUC01,Ron van Bruchem,2018-03-03,14.03,339
2003BRUC01,Ron van Bruchem,2018-03-03,15.88,340
2003BRUC01,Ron van Bruchem,2018-03-24,15.22,341
2003BRUC01,Ron van Bruchem,2018-03-24,13.13,342
2003BRUC01,Ron van Bruchem,2018-04-14,15.09,343
2003BRUC01,Ron van Bruchem,2018-04-14,15.19,344
2003BRUC01,Ron van Bruchem,2018-04-14,14.95,345
2003BRUC01,Ron van Bruchem,2018-05-19,12.69,346
2003BRUC01,Ron van Bruchem,2018-05-19,14.36,347
2003BRUC01,Ron van Bruchem,2018-06-08,16.27,348
2003BRUC01,Ron van Bruchem,2018-06-08,12.74,349
2003BRUC01,Ron van Bruchem,2018-06-08,14.44,350
2003BRUC01,Ron van Bruchem,2018-06-23,15.32,351
2003BRUC01,Ron van Bruchem,2018-06-23,14.22,352
2003BRUC01,Ron van Bruchem,2018-07-19,15.38,353
2003BRUC01,Ron van Bruchem,2018-07-19,18.25,354
2003BRUC01,Ron van Bruchem,2018-08-17,14.44,355
2003BRUC01,Ron van Bruchem,2018-08-17,14.34,356
2003BRUC01,Ron van Bruchem,2018-09-08,14.12,357
2003BRUC01,Ron van Bruchem,2018-09-08,14.4,358
2003BRUC01,Ron van Bruchem,2018-09-22,12.78,359
2003BRUC01,Ron van Bruchem,2018-09-22,15.75,360
2003BRUC01,Ron van Bruchem,2018-10-13,16.26,361
2003BRUC01,Ron van Bruchem,2018-10-13,16.22,362
2003BRUC01,Ron van Bruchem,2018-10-27,16.11,363
2003BRUC01,Ron van Bruchem,2018-10-27,12.22,364
2003BRUC01,Ron van Bruchem,2018-11-10,13.44,365
2003BRUC01,Ron van Bruchem,2018-11-10,17.89,366
2003BRUC01,Ron van Bruchem,2018-11-10,13.67,367
2003BRUC01,Ron van Bruchem,2018-11-10,13.86,368
2003BRUC01,Ron van Bruchem,2018-11-17,11.91,369
2003BRUC01,Ron van Bruchem,2018-11-17,12.99,370
2003BRUC01,Ron van Bruchem,2018-11-18,16.76,371
2003BRUC01,Ron van Bruchem,2018-11-18,13.51,372
2003BRUC01,Ron van Bruchem,2018-12-15,15.04,373
2003BRUC01,Ron van Bruchem,2018-12-15,13.87,374
2003BRUC01,Ron van Bruchem,2019-01-05,16.23,375
2003BRUC01,Ron van Bruchem,2019-01-05,13.44,376
2003BRUC01,Ron van Bruchem,2019-01-12,14.31,377
2003BRUC01,Ron van Bruchem,2019-01-12,13.8,378
2003BRUC01,Ron van Bruchem,2019-02-10,15.01,379
2003BRUC01,Ron van Bruchem,2019-02-10,14.06,380
2003BRUC01,Ron van Bruchem,2019-03-22,14.99,381
2003BRUC01,Ron van Bruchem,2019-03-22,18.83,382
2003BRUC01,Ron van Bruchem,2019-04-06,13.83,383
2003BRUC01,Ron van Bruchem,2019-04-06,15.71,384
2003BRUC01,Ron van Bruchem,2019-06-08,14.69,385
2003BRUC01,Ron van Bruchem,2019-06-08,15.05,386
2003BRUC01,Ron van Bruchem,2019-07-11,16.49,387
2003BRUC01,Ron van Bruchem,2019-08-16,15.33,388
2003BRUC01,Ron van Bruchem,2019-08-16,14.36,389
2003BRUC01,Ron van Bruchem,2019-09-21,13.92,390
2003BRUC01,Ron van Bruchem,2019-09-21,14.71,391
2003BRUC01,Ron van Bruchem,2019-10-12,14.37,392
2003BRUC01,Ron van Bruchem,2019-10-12,15.96,393
2003BRUC01,Ron van Bruchem,2019-11-30,15.95,394
2003BRUC01,Ron van Bruchem,2019-11-30,16.79,395
2003BRUC01,Ron van Bruchem,2019-12-08,13.83,396
2003BRUC01,Ron van Bruchem,2019-12-08,16.52,397
2003BRUC01,Ron van Bruchem,2020-01-04,15.42,398
2003BRUC01,Ron van Bruchem,2020-01-04,15.36,399
2003BRUC01,Ron van Bruchem,2020-01-11,13.9,400
2003BRUC01,Ron van Bruchem,2020-01-11,15.55,401
2003BRUC01,Ron van Bruchem,2020-02-01,14.36,402
2003BRUC01,Ron van Bruchem,2020-02-01,16.04,403
2003BRUC01,Ron van Bruchem,2020-02-29,15.58,404
2003BRUC01,Ron van Bruchem,2020-02-29,14.99,405
2003BRUC01,Ron van Bruchem,2021-12-10,14.82,406
2003BRUC01,Ron van Bruchem,2021-12-10,14.92,407
2003BRUC01,Ron van Bruchem,2022-04-17,13.96,408
2003BRUC01,Ron van Bruchem,2022-04-17,17.47,409
2003BRUC01,Ron van Bruchem,2022-05-21,14.95,410
2003BRUC01,Ron van Bruchem,2022-05-21,16.31,411
2003BRUC01,Ron van Bruchem,2022-06-25,15.98,412
2003BRUC01,Ron van Bruchem,2022-06-25,17.12,413
2003BRUC01,Ron van Bruchem,2022-07-02,14.17,414
2003BRUC01,Ron van Bruchem,2022-07-02,15.04,415
2003BRUC01,Ron van Bruchem,2022-07-14,17.93,416
2003BRUC01,Ron van Bruchem,2022-08-11,15.1,417
2003BRUC01,Ron van Bruchem,2022-08-11,15.68,418
2003BRUC01,Ron van Bruchem,2022-09-25,14.06,419
2003BRUC01,Ron van Bruchem,2022-09-25,15.53,420
2003BRUC01,Ron van Bruchem,2022-10-15,16.54,421
2003BRUC01,Ron van Bruchem,2022-10-22,13.45,422
2003BRUC01,Ron van Bruchem,2022-10-22,13.82,423
2003BRUC01,Ron van Bruchem,2022-11-26,19.71,424
2003BRUC01,Ron van Bruchem,2022-11-26,12.87,425
2003BRUC01,Ron van Bruchem,2023-02-05,17.79,426
2003BRUC01,Ron van Bruchem,2023-02-05,15.23,427
2003BRUC01,Ron van Bruchem,2023-03-11,15.56,428
2003BRUC01,Ron van Bruchem,2023-03-11,14.91,429
2003BRUC01,Ron van Bruchem,2023-04-23,14.89,430
2003BRUC01,Ron van Bruchem,2023-05-07,18.47,431
2003BRUC01,Ron van Bruchem,2023-05-14,15.14,432
2003BRUC01,Ron van Bruchem,2023-05-14,14.31,433
2003BRUC01,Ron van Bruchem,2023-06-03,15.82,434
2003BRUC01,Ron van Bruchem,2023-06-03,13.73,435
2003BRUC01,Ron van Bruchem,2023-08-12,15.04,436
2003BRUC01,Ron van Bruchem,2023-08-26,14.52,437
2003BRUC01,Ron van Bruchem,2023-08-26,15.5,438
2003BRUC01,Ron van Bruchem,2023-09-10,16.9,439
2003BRUC01,Ron van Bruchem,2023-09-10,16.12,440
2003BRUC01,Ron van Bruchem,2023-09-16,17.12,441
2003BRUC01,Ron van Bruchem,2023-09-16,14.24,442
2003BRUC01,Ron van Bruchem,2023-09-23,15.63,443
2003BRUC01,Ron van Bruchem,2023-09-23,19.13,444
2003BRUC01,Ron van Bruchem,2023-10-06,16.73,445
2003BRUC01,Ron van Bruchem,2023-10-06,14.82,446
2003BRUC01,Ron van Bruchem,2023-11-11,14.07,447
2003BRUC01,Ron van Bruchem,2023-11-25,12.96,448
2003BRUC01,Ron van Bruchem,2023-11-25,14.78,449
2003BRUC01,Ron van Bruchem,2023-12-16,13.98,450
2003BRUC01,Ron van Bruchem,2023-12-16,16.4,451
2003BRUC01,Ron van Bruchem,2024-01-05,15.08,452
2003BRUC01,Ron van Bruchem,2024-01-05,14.67,453
2003BRUC01,Ron van Bruchem,2024-01-05,21.92,454
2003BRUC01,Ron van Bruchem,2024-01-14,14.23,455
2003BRUC01,Ron van Bruchem,2024-01-14,15.26,456
2003BRUC01,Ron van Bruchem,2024-01-14,15.14,457
2003BRUC01,Ron van Bruchem,2024-01-20,13.99,458
2003BRUC01,Ron van Bruchem,2024-01-20,15.31,459
2003BRUC01,Ron van Bruchem,2024-02-03,17.32,460
2003BRUC01,Ron van Bruchem,2024-02-03,13.86,461
2003BRUC01,Ron van Bruchem,2024-02-03,15.85,462
2003BRUC01,Ron van Bruchem,2024-02-17,15.08,463
2003BRUC01,Ron van Bruchem,2024-03-09,14.34,464
2003BRUC01,Ron van Bruchem,2024-03-09,16.23,465
2003BRUC01,Ron van Bruchem,2024-03-24,14.31,466
2003BRUC01,Ron van Bruchem,2024-03-24,15.44,467
2003BRUC01,Ron van Bruchem,2024-04-07,14.99,468
2003BRUC01,Ron van Bruchem,2024-04-07,14.82,469
2003BRUC01,Ron van Bruchem,2024-05-04,15.67,470
2003BRUC01,Ron van Bruchem,2024-05-04,13.78,471
2003BRUC01,Ron van Bruchem,2024-06-09,14.85,472
2003BRUC01,Ron van Bruchem,2024-06-09,15.26,473
2003BRUC01,Ron van Bruchem,2024-07-25,15.87,474
2003BRUC01,Ron van Bruchem,2024-08-31,15.68,475
2003BRUC01,Ron van Bruchem,2024-08-31,14.78,476
2003BRUC01,Ron van Bruchem,2024-09-08,15.53,477
2003BRUC01,Ron van Bruchem,2024-09-08,16.35,478
2003BRUC01,Ron van Bruchem,2024-09-14,15.78,479
2003BRUC01,Ron van Bruchem,2024-09-21,15.54,480
2003BRUC01,Ron van Bruchem,2024-10-12,15.23,481
2003BRUC01,Ron van Bruchem,2024-10-26,16.57,482
2003BRUC01,Ron van Bruchem,2024-10-26,15.48,483
2003BRUC01,Ron van Bruchem,2024-11-01,13.83,484
2003BRUC01,Ron van Bruchem,2024-11-15,13.09,485
2003BRUC01,Ron van Bruchem,2024-11-15,14.94,486
2003BRUC01,Ron van Bruchem,2024-12-07,16.53,487
2003BRUC01,Ron van Bruchem,2024-12-07,14.41,488
2003BRUC01,Ron van Bruchem,2024-12-22,14.28,489
2003BRUC01,Ron van Bruchem,2024-12-22,15.01,490
2003BRUC01,Ron van Bruchem,2025-01-18,16.52,491
2003BRUC01,Ron van Bruchem,2025-02-08,16.44,492
2003BRUC01,Ron van Bruchem,2025-02-08,14.62,493
2003BRUC01,Ron van Bruchem,2025-02-15,13.92,494
2003BRUC01,Ron van Bruchem,2025-03-01,16.07,495
2003BRUC01,Ron van Bruchem,2025-03-01,13.2,496
2003BRUC01,Ron van Bruchem,2025-03-22,14.13,497
2003BRUC01,Ron van Bruchem,2025-03-22,13.84,498
2003BRUC01,Ron van Bruchem,2025-03-22,15.53,499
2003BRUC01,Ron van Bruchem,2025-04-12,15.17,500
2003BRUC01,Ron van Bruchem,2025-04-12,17.25,501
2003BRUC01,Ron van Bruchem,2025-05-03,15.07,502
2003BRUC01,Ron van Bruchem,2025-05-03,14.81,503
2003BRUC01,Ron van Bruchem,2025-06-28,14.8,504
2003BRUC01,Ron van Bruchem,2025-06-28,14.33,505
2003BRUC01,Ron van Bruchem,2025-06-28,14.11,506
2003BRUC01,Ron van Bruchem,2025-07-03,14.43,507
2003BRUC01,Ron van Bruchem,2025-07-19,15.3,508
2003BRUC01,Ron van Bruchem,2025-07-19,15.65,509
2003BRUC01,Ron van Bruchem,2025-08-03,17.0,510
2003BRUC01,Ron van Bruchem,2025-08-03,15.83,511
2003BRUC01,Ron van Bruchem,2025-08-10,15.57,512
2003BRUC01,Ron van Bruchem,2025-08-10,15.22,513
2003BRUC01,Ron van Bruchem,2025-08-23,14.8,514
2003BRUC01,Ron van Bruchem,2025-08-23,14.07,515
2003BRUC01,Ron van Bruchem,2025-08-23,17.38,516
2003BRUC01,Ron van Bruchem,2025-09-05,13.44,517
2003BRUC01,Ron van Bruchem,2025-09-05,15.81,518
2003BRUC01,Ron van Bruchem,2025-09-27,15.43,519
2003BRUC01,Ron van Bruchem,2025-10-18,15.14,520
2003BRUC01,Ron van Bruchem,2025-10-18,14.87,521
2003BRUC01,Ron van Bruchem,2025-10-25,13.74,522
2003BRUC01,Ron van Bruchem,2025-10-25,15.64,523
2003BRUC01,Ron van Bruchem,2025-11-06,22.46,524
2003BRUC01,Ron van Bruchem,2025-11-09,14.81,525
2003BRUC01,Ron van Bruchem,2025-11-11,15.64,526
2003BRUC01,Ron van Bruchem,2025-11-11,17.88,527
2003BRUC01,Ron van Bruchem,2025-12-06,16.27,528
2003BRUC01,Ron van Bruchem,2025-12-06,14.02,529
2003BRUC01,Ron van Bruchem,2025-12-20,14.92,530
2003BRUC01,Ron van Bruchem,2025-12-20,16.45,531
2003BRUC01,Ron van Bruchem,2025-12-20,15.02,532
2003BRUC01,Ron van Bruchem,2025-12-21,17.37,533
2003BRUC01,Ron van Bruchem,2025-12-21,13.47,534
2003BRUC01,Ron van Bruchem,2025-12-21,20.2,535
2003BRUC01,Ron van Bruchem,2026-01-10,15.43,536
2003BRUC01,Ron van Bruchem,2026-01-10,14.98,537
2003BRUC01,Ron van Bruchem,2026-01-10,16.6,538
2003BRUC01,Ron van Bruchem,2026-01-31,15.01,539
2003BRUC01,Ron van Bruchem,2026-01-31,16.73,540
2003BRUC01,Ron van Bruchem,2026-02-22,13.9,541
2003BRUC01,Ron van Bruchem,2026-02-22,15.36,542
2003BRUC01,Ron van Bruchem,2026-03-08,14.94,543
2003BRUC01,Ron van Bruchem,2026-03-08,16.0,544
2003BRUC01,Ron van Bruchem,2026-03-08,16.24,545
2003BRUC01,Ron van Bruchem,2026-04-18,16.04,546
2003BRUC01,Ron van Bruchem,2026-04-18,13.76,547
2003BRUC01,Ron van Bruchem,2026-04-18,14.47,548
2003BRUC01,Ron van Bruchem,2026-05-02,15.97,549
2003BRUC01,Ron van Bruchem,2026-05-02,14.56,550
2003BRUC01,Ron van Bruchem,2026-05-02,13.95,551
2008AURO01,Sébastien Auroux,2008-04-19,31.1,1
2008AURO01,Sébastien Auroux,2008-08-23,28.44,2
2008AURO01,Sébastien Auroux,2008-10-18,26.91,3
2008AURO01,Sébastien Auroux,2008-10-18,25.01,4
2008AURO01,Sébastien Auroux,2008-10-25,24.24,5
2008AURO01,Sébastien Auroux,2008-11-08,26.43,6
2008AURO01,Sébastien Auroux,2008-11-08,25.16,7
2008AURO01,Sébastien Auroux,2008-11-15,25.19,8
2008AURO01,Sébastien Auroux,2008-11-29,22.84,9
2008AURO01,Sébastien Auroux,2008-11-29,25.94,10
2008AURO01,Sébastien Auroux,2009-01-10,23.04,11
2008AURO01,Sébastien Auroux,2009-01-10,21.33,12
2008AURO01,Sébastien Auroux,2009-02-21,22.6,13
2008AURO01,Sébastien Auroux,2009-02-21,21.75,14
2008AURO01,Sébastien Auroux,2009-03-14,20.04,15
2008AURO01,Sébastien Auroux,2009-03-14,20.37,16
2008AURO01,Sébastien Auroux,2009-04-25,23.25,17
2008AURO01,Sébastien Auroux,2009-04-25,20.7,18
2008AURO01,Sébastien Auroux,2009-10-09,19.12,19
2008AURO01,Sébastien Auroux,2009-10-17,17.71,20
2008AURO01,Sébastien Auroux,2009-10-17,18.56,21
2008AURO01,Sébastien Auroux,2009-11-21,17.81,22
2008AURO01,Sébastien Auroux,2009-11-21,18.85,23
2008AURO01,Sébastien Auroux,2010-01-16,18.62,24
2008AURO01,Sébastien Auroux,2010-01-16,19.36,25
2008AURO01,Sébastien Auroux,2010-01-23,17.31,26
2008AURO01,Sébastien Auroux,2010-01-23,16.75,27
2008AURO01,Sébastien Auroux,2010-01-23,17.59,28
2008AURO01,Sébastien Auroux,2010-02-20,14.92,29
2008AURO01,Sébastien Auroux,2010-02-20,17.37,30
2008AURO01,Sébastien Auroux,2010-02-27,17.98,31
2008AURO01,Sébastien Auroux,2010-02-27,17.09,32
2008AURO01,Sébastien Auroux,2010-02-27,17.24,33
2008AURO01,Sébastien Auroux,2010-03-20,17.31,34
2008AURO01,Sébastien Auroux,2010-03-20,17.29,35
2008AURO01,Sébastien Auroux,2010-03-20,18.52,36
2008AURO01,Sébastien Auroux,2010-03-27,18.6,37
2008AURO01,Sébastien Auroux,2010-03-27,19.64,38
2008AURO01,Sébastien Auroux,2010-03-27,18.47,39
2008AURO01,Sébastien Auroux,2010-04-17,17.45,40
2008AURO01,Sébastien Auroux,2010-04-17,18.65,41
2008AURO01,Sébastien Auroux,2010-05-22,16.34,42
2008AURO01,Sébastien Auroux,2010-05-22,18.35,43
2008AURO01,Sébastien Auroux,2010-06-12,17.38,44
2008AURO01,Sébastien Auroux,2010-06-12,17.71,45
2008AURO01,Sébastien Auroux,2010-06-12,16.94,46
2008AURO01,Sébastien Auroux,2010-06-26,16.99,47
2008AURO01,Sébastien Auroux,2010-06-26,17.25,48
2008AURO01,Sébastien Auroux,2010-06-26,17.76,49
2008AURO01,Sébastien Auroux,2010-07-24,16.74,50
2008AURO01,Sébastien Auroux,2010-07-24,21.06,51
2008AURO01,Sébastien Auroux,2010-07-31,15.93,52
2008AURO01,Sébastien Auroux,2010-07-31,17.2,53
2008AURO01,Sébastien Auroux,2010-08-14,19.17,54
2008AURO01,Sébastien Auroux,2010-08-14,16.71,55
2008AURO01,Sébastien Auroux,2010-09-04,18.01,56
2008AURO01,Sébastien Auroux,2010-09-04,16.21,57
2008AURO01,Sébastien Auroux,2010-09-04,16.91,58
2008AURO01,Sébastien Auroux,2010-09-11,16.83,59
2008AURO01,Sébastien Auroux,2010-09-11,16.73,60
2008AURO01,Sébastien Auroux,2010-10-09,17.68,61
2008AURO01,Sébastien Auroux,2010-10-09,17.64,62
2008AURO01,Sébastien Auroux,2010-10-16,16.22,63
2008AURO01,Sébastien Auroux,2010-10-16,15.78,64
2008AURO01,Sébastien Auroux,2010-11-13,18.39,65
2008AURO01,Sébastien Auroux,2010-11-13,16.2,66
2008AURO01,Sébastien Auroux,2010-11-13,17.14,67
2008AURO01,Sébastien Auroux,2010-11-20,15.39,68
2008AURO01,Sébastien Auroux,2010-11-20,16.04,69
2008AURO01,Sébastien Auroux,2011-01-14,17.55,70
2008AURO01,Sébastien Auroux,2011-01-14,16.02,71
2008AURO01,Sébastien Auroux,2011-01-14,16.31,72
2008AURO01,Sébastien Auroux,2011-03-05,15.88,73
2008AURO01,Sébastien Auroux,2011-03-05,16.41,74
2008AURO01,Sébastien Auroux,2011-03-05,14.7,75
2008AURO01,Sébastien Auroux,2011-03-26,13.71,76
2008AURO01,Sébastien Auroux,2011-03-26,17.37,77
2008AURO01,Sébastien Auroux,2011-03-26,15.71,78
2008AURO01,Sébastien Auroux,2011-04-02,16.59,79
2008AURO01,Sébastien Auroux,2011-04-02,14.15,80
2008AURO01,Sébastien Auroux,2011-04-02,16.0,81
2008AURO01,Sébastien Auroux,2011-04-09,14.39,82
2008AURO01,Sébastien Auroux,2011-04-09,16.96,83
2008AURO01,Sébastien Auroux,2011-04-22,17.11,84
2008AURO01,Sébastien Auroux,2011-04-22,15.25,85
2008AURO01,Sébastien Auroux,2011-04-30,15.1,86
2008AURO01,Sébastien Auroux,2011-04-30,14.18,87
2008AURO01,Sébastien Auroux,2011-04-30,14.36,88
2008AURO01,Sébastien Auroux,2011-05-07,14.1,89
2008AURO01,Sébastien Auroux,2011-05-07,15.36,90
2008AURO01,Sébastien Auroux,2011-05-07,15.91,91
2008AURO01,Sébastien Auroux,2011-05-28,16.78,92
2008AURO01,Sébastien Auroux,2011-05-28,14.08,93
2008AURO01,Sébastien Auroux,2011-06-10,16.6,94
2008AURO01,Sébastien Auroux,2011-06-10,15.0,95
2008AURO01,Sébastien Auroux,2011-06-10,14.83,96
2008AURO01,Sébastien Auroux,2011-06-25,15.33,97
2008AURO01,Sébastien Auroux,2011-06-25,14.65,98
2008AURO01,Sébastien Auroux,2011-06-25,15.7,99
2008AURO01,Sébastien Auroux,2011-07-15,16.54,100
2008AURO01,Sébastien Auroux,2011-07-15,15.53,101
2008AURO01,Sébastien Auroux,2011-08-13,15.59,102
2008AURO01,Sébastien Auroux,2011-08-13,17.76,103
2008AURO01,Sébastien Auroux,2011-08-20,16.78,104
2008AURO01,Sébastien Auroux,2011-08-20,15.29,105
2008AURO01,Sébastien Auroux,2011-08-20,14.07,106
2008AURO01,Sébastien Auroux,2011-10-08,13.88,107
2008AURO01,Sébastien Auroux,2011-10-08,15.35,108
2008AURO01,Sébastien Auroux,2011-10-08,14.94,109
2008AURO01,Sébastien Auroux,2011-10-14,15.75,110
2008AURO01,Sébastien Auroux,2011-10-22,15.38,111
2008AURO01,Sébastien Auroux,2011-10-22,15.27,112
2008AURO01,Sébastien Auroux,2011-10-29,14.98,113
2008AURO01,Sébastien Auroux,2011-10-29,13.98,114
2008AURO01,Sébastien Auroux,2011-11-12,15.39,115
2008AURO01,Sébastien Auroux,2011-11-12,13.5,116
2008AURO01,Sébastien Auroux,2011-11-12,16.23,117
2008AURO01,Sébastien Auroux,2011-11-19,15.31,118
2008AURO01,Sébastien Auroux,2011-11-19,16.86,119
2008AURO01,Sébastien Auroux,2011-11-26,15.5,120
2008AURO01,Sébastien Auroux,2011-11-26,14.43,121
2008AURO01,Sébastien Auroux,2011-12-10,13.85,122
2008AURO01,Sébastien Auroux,2011-12-10,15.18,123
2008AURO01,Sébastien Auroux,2011-12-17,15.84,124
2008AURO01,Sébastien Auroux,2011-12-17,14.07,125
2008AURO01,Sébastien Auroux,2012-02-04,16.3,126
2008AURO01,Sébastien Auroux,2012-02-04,15.01,127
2008AURO01,Sébastien Auroux,2012-02-04,13.81,128
2008AURO01,Sébastien Auroux,2012-02-25,13.82,129
2008AURO01,Sébastien Auroux,2012-02-25,15.64,130
2008AURO01,Sébastien Auroux,2012-02-25,14.75,131
2008AURO01,Sébastien Auroux,2012-03-03,13.45,132
2008AURO01,Sébastien Auroux,2012-03-31,15.5,133
2008AURO01,Sébastien Auroux,2012-03-31,15.34,134
2008AURO01,Sébastien Auroux,2012-03-31,15.0,135
2008AURO01,Sébastien Auroux,2012-04-06,14.32,136
2008AURO01,Sébastien Auroux,2012-04-06,14.59,137
2008AURO01,Sébastien Auroux,2012-04-06,14.92,138
2008AURO01,Sébastien Auroux,2012-04-14,15.02,139
2008AURO01,Sébastien Auroux,2012-04-14,13.79,140
2008AURO01,Sébastien Auroux,2012-04-28,15.32,141
2008AURO01,Sébastien Auroux,2012-04-28,13.97,142
2008AURO01,Sébastien Auroux,2012-05-12,15.37,143
2008AURO01,Sébastien Auroux,2012-05-12,14.54,144
2008AURO01,Sébastien Auroux,2012-05-12,14.64,145
2008AURO01,Sébastien Auroux,2012-05-19,13.61,146
2008AURO01,Sébastien Auroux,2012-05-19,14.46,147
2008AURO01,Sébastien Auroux,2012-05-19,15.27,148
2008AURO01,Sébastien Auroux,2012-06-23,15.77,149
2008AURO01,Sébastien Auroux,2012-06-23,14.81,150
2008AURO01,Sébastien Auroux,2012-06-23,14.9,151
2008AURO01,Sébastien Auroux,2012-06-30,16.05,152
2008AURO01,Sébastien Auroux,2012-06-30,13.53,153
2008AURO01,Sébastien Auroux,2012-06-30,14.7,154
2008AURO01,Sébastien Auroux,2012-07-07,15.02,155
2008AURO01,Sébastien Auroux,2012-07-07,14.76,156
2008AURO01,Sébastien Auroux,2012-07-07,14.87,157
2008AURO01,Sébastien Auroux,2012-07-13,13.48,158
2008AURO01,Sébastien Auroux,2012-07-13,15.47,159
2008AURO01,Sébastien Auroux,2012-08-25,15.53,160
2008AURO01,Sébastien Auroux,2012-08-25,15.59,161
2008AURO01,Sébastien Auroux,2012-08-25,14.26,162
2008AURO01,Sébastien Auroux,2012-08-31,15.46,163
2008AURO01,Sébastien Auroux,2012-08-31,15.63,164
2008AURO01,Sébastien Auroux,2012-09-01,14.55,165
2008AURO01,Sébastien Auroux,2012-09-01,13.97,166
2008AURO01,Sébastien Auroux,2012-09-01,13.48,167
2008AURO01,Sébastien Auroux,2012-09-15,14.91,168
2008AURO01,Sébastien Auroux,2012-09-15,15.18,169
2008AURO01,Sébastien Auroux,2012-09-15,15.43,170
2008AURO01,Sébastien Auroux,2012-10-06,14.15,171
2008AURO01,Sébastien Auroux,2012-10-06,15.16,172
2008AURO01,Sébastien Auroux,2012-10-12,14.68,173
2008AURO01,Sébastien Auroux,2012-10-12,14.84,174
2008AURO01,Sébastien Auroux,2012-10-20,13.84,175
2008AURO01,Sébastien Auroux,2012-10-20,16.47,176
2008AURO01,Sébastien Auroux,2012-10-20,14.45,177
2008AURO01,Sébastien Auroux,2012-11-03,15.15,178
2008AURO01,Sébastien Auroux,2012-11-03,14.74,179
2008AURO01,Sébastien Auroux,2012-11-17,14.12,180
2008AURO01,Sébastien Auroux,2012-11-17,14.2,181
2008AURO01,Sébastien Auroux,2012-11-17,14.93,182
2008AURO01,Sébastien Auroux,2012-12-08,16.36,183
2008AURO01,Sébastien Auroux,2012-12-08,14.99,184
2008AURO01,Sébastien Auroux,2012-12-22,15.41,185
2008AURO01,Sébastien Auroux,2012-12-22,14.13,186
2008AURO01,Sébastien Auroux,2012-12-22,15.55,187
2008AURO01,Sébastien Auroux,2013-02-02,14.84,188
2008AURO01,Sébastien Auroux,2013-02-02,15.58,189
2008AURO01,Sébastien Auroux,2013-02-16,13.83,190
2008AURO01,Sébastien Auroux,2013-02-16,14.13,191
2008AURO01,Sébastien Auroux,2013-02-16,18.07,192
2008AURO01,Sébastien Auroux,2013-03-02,16.63,193
2008AURO01,Sébastien Auroux,2013-04-06,16.88,194
2008AURO01,Sébastien Auroux,2013-04-06,15.85,195
2008AURO01,Sébastien Auroux,2013-04-20,13.62,196
2008AURO01,Sébastien Auroux,2013-04-20,14.52,197
2008AURO01,Sébastien Auroux,2013-04-20,14.7,198
2008AURO01,Sébastien Auroux,2013-05-04,15.92,199
2008AURO01,Sébastien Auroux,2013-05-04,14.39,200
2008AURO01,Sébastien Auroux,2013-05-04,14.01,201
2008AURO01,Sébastien Auroux,2013-05-17,16.33,202
2008AURO01,Sébastien Auroux,2013-05-17,13.79,203
2008AURO01,Sébastien Auroux,2013-05-17,14.43,204
2008AURO01,Sébastien Auroux,2013-06-01,16.0,205
2008AURO01,Sébastien Auroux,2013-06-01,13.57,206
2008AURO01,Sébastien Auroux,2013-06-01,15.3,207
2008AURO01,Sébastien Auroux,2013-06-22,13.82,208
2008AURO01,Sébastien Auroux,2013-06-22,13.58,209
2008AURO01,Sébastien Auroux,2013-06-22,14.57,210
2008AURO01,Sébastien Auroux,2013-06-29,14.78,211
2008AURO01,Sébastien Auroux,2013-06-29,13.78,212
2008AURO01,Sébastien Auroux,2013-06-29,14.5,213
2008AURO01,Sébastien Auroux,2013-07-26,15.47,214
2008AURO01,Sébastien Auroux,2013-08-10,15.23,215
2008AURO01,Sébastien Auroux,2013-08-10,15.33,216
2008AURO01,Sébastien Auroux,2013-08-10,13.7,217
2008AURO01,Sébastien Auroux,2013-09-07,14.67,218
2008AURO01,Sébastien Auroux,2013-09-07,15.49,219
2008AURO01,Sébastien Auroux,2013-09-07,14.7,220
2008AURO01,Sébastien Auroux,2013-09-14,16.42,221
2008AURO01,Sébastien Auroux,2013-09-14,15.81,222
2008AURO01,Sébastien Auroux,2013-09-14,14.05,223
2008AURO01,Sébastien Auroux,2013-10-19,15.38,224
2008AURO01,Sébastien Auroux,2013-10-19,15.52,225
2008AURO01,Sébastien Auroux,2013-10-26,14.33,226
2008AURO01,Sébastien Auroux,2013-10-26,14.25,227
2008AURO01,Sébastien Auroux,2013-10-26,15.66,228
2008AURO01,Sébastien Auroux,2013-11-02,13.32,229
2008AURO01,Sébastien Auroux,2013-11-02,12.83,230
2008AURO01,Sébastien Auroux,2013-11-02,15.03,231
2008AURO01,Sébastien Auroux,2013-11-09,15.72,232
2008AURO01,Sébastien Auroux,2013-11-09,13.93,233
2008AURO01,Sébastien Auroux,2013-11-09,16.14,234
2008AURO01,Sébastien Auroux,2013-11-23,14.35,235
2008AURO01,Sébastien Auroux,2013-11-23,14.92,236
2008AURO01,Sébastien Auroux,2013-12-07,14.26,237
2008AURO01,Sébastien Auroux,2013-12-07,14.28,238
2008AURO01,Sébastien Auroux,2013-12-07,14.77,239
2008AURO01,Sébastien Auroux,2013-12-29,15.38,240
2008AURO01,Sébastien Auroux,2013-12-29,13.79,241
2008AURO01,Sébastien Auroux,2013-12-29,16.82,242
2008AURO01,Sébastien Auroux,2014-01-03,12.3,243
2008AURO01,Sébastien Auroux,2014-01-03,14.45,244
2008AURO01,Sébastien Auroux,2014-01-03,13.07,245
2008AURO01,Sébastien Auroux,2014-01-18,14.93,246
2008AURO01,Sébastien Auroux,2014-01-18,13.06,247
2008AURO01,Sébastien Auroux,2014-01-18,14.46,248
2008AURO01,Sébastien Auroux,2014-02-22,14.69,249
2008AURO01,Sébastien Auroux,2014-02-22,16.03,250
2008AURO01,Sébastien Auroux,2014-02-22,16.82,251
2008AURO01,Sébastien Auroux,2014-03-15,13.98,252
2008AURO01,Sébastien Auroux,2014-03-15,16.08,253
2008AURO01,Sébastien Auroux,2014-03-15,15.73,254
2008AURO01,Sébastien Auroux,2014-03-22,14.59,255
2008AURO01,Sébastien Auroux,2014-03-22,15.47,256
2008AURO01,Sébastien Auroux,2014-03-22,15.4,257
2008AURO01,Sébastien Auroux,2014-04-05,16.44,258
2008AURO01,Sébastien Auroux,2014-04-05,16.34,259
2008AURO01,Sébastien Auroux,2014-04-05,15.94,260
2008AURO01,Sébastien Auroux,2014-04-18,15.09,261
2008AURO01,Sébastien Auroux,2014-04-18,15.06,262
2008AURO01,Sébastien Auroux,2014-04-18,13.63,263
2008AURO01,Sébastien Auroux,2014-05-24,15.51,264
2008AURO01,Sébastien Auroux,2014-05-24,13.51,265
2008AURO01,Sébastien Auroux,2014-05-24,14.67,266
2008AURO01,Sébastien Auroux,2014-06-07,15.21,267
2008AURO01,Sébastien Auroux,2014-06-07,14.52,268
2008AURO01,Sébastien Auroux,2014-06-07,14.54,269
2008AURO01,Sébastien Auroux,2014-07-04,13.71,270
2008AURO01,Sébastien Auroux,2014-07-04,13.91,271
2008AURO01,Sébastien Auroux,2014-08-02,14.23,272
2008AURO01,Sébastien Auroux,2014-08-02,14.11,273
2008AURO01,Sébastien Auroux,2014-08-02,17.29,274
2008AURO01,Sébastien Auroux,2014-08-08,14.98,275
2008AURO01,Sébastien Auroux,2014-08-08,13.75,276
2008AURO01,Sébastien Auroux,2014-09-06,13.89,277
2008AURO01,Sébastien Auroux,2014-09-06,14.42,278
2008AURO01,Sébastien Auroux,2014-10-04,14.39,279
2008AURO01,Sébastien Auroux,2014-10-04,13.89,280
2008AURO01,Sébastien Auroux,2014-10-04,14.14,281
2008AURO01,Sébastien Auroux,2014-11-01,14.12,282
2008AURO01,Sébastien Auroux,2014-11-01,14.23,283
2008AURO01,Sébastien Auroux,2014-11-01,15.96,284
2008AURO01,Sébastien Auroux,2014-11-21,14.21,285
2008AURO01,Sébastien Auroux,2014-11-21,12.54,286
2008AURO01,Sébastien Auroux,2014-11-21,15.92,287
2008AURO01,Sébastien Auroux,2014-12-27,15.17,288
2008AURO01,Sébastien Auroux,2014-12-27,13.25,289
2008AURO01,Sébastien Auroux,2014-12-27,13.84,290
2008AURO01,Sébastien Auroux,2015-01-17,13.93,291
2008AURO01,Sébastien Auroux,2015-01-17,13.44,292
2008AURO01,Sébastien Auroux,2015-01-17,14.78,293
2008AURO01,Sébastien Auroux,2015-01-31,13.88,294
2008AURO01,Sébastien Auroux,2015-01-31,14.14,295
2008AURO01,Sébastien Auroux,2015-02-21,14.08,296
2008AURO01,Sébastien Auroux,2015-02-21,14.93,297
2008AURO01,Sébastien Auroux,2015-02-21,14.37,298
2008AURO01,Sébastien Auroux,2015-03-14,13.47,299
2008AURO01,Sébastien Auroux,2015-03-14,15.05,300
2008AURO01,Sébastien Auroux,2015-03-14,14.23,301
2008AURO01,Sébastien Auroux,2015-04-18,15.96,302
2008AURO01,Sébastien Auroux,2015-04-18,13.28,303
2008AURO01,Sébastien Auroux,2015-04-18,13.98,304
2008AURO01,Sébastien Auroux,2015-05-16,14.13,305
2008AURO01,Sébastien Auroux,2015-05-16,13.31,306
2008AURO01,Sébastien Auroux,2015-06-06,13.36,307
2008AURO01,Sébastien Auroux,2015-06-06,14.61,308
2008AURO01,Sébastien Auroux,2015-06-06,14.74,309
2008AURO01,Sébastien Auroux,2015-07-04,16.14,310
2008AURO01,Sébastien Auroux,2015-07-04,12.6,311
2008AURO01,Sébastien Auroux,2015-07-04,14.64,312
2008AURO01,Sébastien Auroux,2015-07-17,13.34,313
2008AURO01,Sébastien Auroux,2015-07-17,14.52,314
2008AURO01,Sébastien Auroux,2015-08-01,13.06,315
2008AURO01,Sébastien Auroux,2015-08-01,14.41,316
2008AURO01,Sébastien Auroux,2015-08-01,12.97,317
2008AURO01,Sébastien Auroux,2015-08-22,14.09,318
2008AURO01,Sébastien Auroux,2015-08-22,14.75,319
2008AURO01,Sébastien Auroux,2015-08-22,14.22,320
2008AURO01,Sébastien Auroux,2015-09-05,15.19,321
2008AURO01,Sébastien Auroux,2015-09-05,15.12,322
2008AURO01,Sébastien Auroux,2015-09-18,15.14,323
2008AURO01,Sébastien Auroux,2015-09-18,13.59,324
2008AURO01,Sébastien Auroux,2015-12-05,14.41,325
2008AURO01,Sébastien Auroux,2015-12-05,14.3,326
2008AURO01,Sébastien Auroux,2015-12-05,14.09,327
2008AURO01,Sébastien Auroux,2016-01-09,13.68,328
2008AURO01,Sébastien Auroux,2016-01-09,13.55,329
2008AURO01,Sébastien Auroux,2016-01-30,13.92,330
2008AURO01,Sébastien Auroux,2016-01-30,14.64,331
2008AURO01,Sébastien Auroux,2016-01-30,13.17,332
2008AURO01,Sébastien Auroux,2016-02-06,13.69,333
2008AURO01,Sébastien Auroux,2016-02-06,12.82,334
2008AURO01,Sébastien Auroux,2016-03-05,15.56,335
2008AURO01,Sébastien Auroux,2016-03-05,12.4,336
2008AURO01,Sébastien Auroux,2016-03-05,14.17,337
2008AURO01,Sébastien Auroux,2016-04-09,15.44,338
2008AURO01,Sébastien Auroux,2016-04-09,15.42,339
2008AURO01,Sébastien Auroux,2016-05-07,13.32,340
2008AURO01,Sébastien Auroux,2016-05-07,13.89,341
2008AURO01,Sébastien Auroux,2016-05-07,12.84,342
2008AURO01,Sébastien Auroux,2016-06-19,14.71,343
2008AURO01,Sébastien Auroux,2016-06-19,13.86,344
2008AURO01,Sébastien Auroux,2016-07-02,13.17,345
2008AURO01,Sébastien Auroux,2016-07-02,13.91,346
2008AURO01,Sébastien Auroux,2016-07-02,13.31,347
2008AURO01,Sébastien Auroux,2016-07-15,14.02,348
2008AURO01,Sébastien Auroux,2016-07-19,13.56,349
2008AURO01,Sébastien Auroux,2016-07-19,12.68,350
2008AURO01,Sébastien Auroux,2016-08-06,14.63,351
2008AURO01,Sébastien Auroux,2016-08-06,13.44,352
2008AURO01,Sébastien Auroux,2016-08-06,14.89,353
2008AURO01,Sébastien Auroux,2016-08-13,13.56,354
2008AURO01,Sébastien Auroux,2016-08-13,13.75,355
2008AURO01,Sébastien Auroux,2016-08-13,14.34,356
2008AURO01,Sébastien Auroux,2016-09-03,15.23,357
2008AURO01,Sébastien Auroux,2016-09-03,14.77,358
2008AURO01,Sébastien Auroux,2016-09-03,13.41,359
2008AURO01,Sébastien Auroux,2016-10-07,13.68,360
2008AURO01,Sébastien Auroux,2016-10-07,15.53,361
2008AURO01,Sébastien Auroux,2016-10-29,15.04,362
2008AURO01,Sébastien Auroux,2016-10-29,13.16,363
2008AURO01,Sébastien Auroux,2016-10-29,13.08,364
2008AURO01,Sébastien Auroux,2016-11-26,12.28,365
2008AURO01,Sébastien Auroux,2016-11-26,11.86,366
2008AURO01,Sébastien Auroux,2016-11-26,13.05,367
2008AURO01,Sébastien Auroux,2017-01-06,13.39,368
2008AURO01,Sébastien Auroux,2017-01-06,13.34,369
2008AURO01,Sébastien Auroux,2017-01-28,13.79,370
2008AURO01,Sébastien Auroux,2017-01-28,13.09,371
2008AURO01,Sébastien Auroux,2017-01-28,14.04,372
2008AURO01,Sébastien Auroux,2017-02-25,12.87,373
2008AURO01,Sébastien Auroux,2017-02-25,13.48,374
2008AURO01,Sébastien Auroux,2017-03-25,12.24,375
2008AURO01,Sébastien Auroux,2017-03-25,13.02,376
2008AURO01,Sébastien Auroux,2017-04-08,13.39,377
2008AURO01,Sébastien Auroux,2017-04-08,11.71,378
2008AURO01,Sébastien Auroux,2017-04-29,12.09,379
2008AURO01,Sébastien Auroux,2017-04-29,13.04,380
2008AURO01,Sébastien Auroux,2017-05-27,13.21,381
2008AURO01,Sébastien Auroux,2017-05-27,13.01,382
2008AURO01,Sébastien Auroux,2017-05-27,13.9,383
2008AURO01,Sébastien Auroux,2017-06-10,14.15,384
2008AURO01,Sébastien Auroux,2017-06-10,13.01,385
2008AURO01,Sébastien Auroux,2017-06-10,13.8,386
2008AURO01,Sébastien Auroux,2017-07-01,12.7,387
2008AURO01,Sébastien Auroux,2017-07-01,12.12,388
2008AURO01,Sébastien Auroux,2017-07-01,12.43,389
2008AURO01,Sébastien Auroux,2017-07-13,12.88,390
2008AURO01,Sébastien Auroux,2017-07-13,12.08,391
2008AURO01,Sébastien Auroux,2017-08-19,13.04,392
2008AURO01,Sébastien Auroux,2017-08-19,13.89,393
2008AURO01,Sébastien Auroux,2017-09-01,12.07,394
2008AURO01,Sébastien Auroux,2017-09-01,14.81,395
2008AURO01,Sébastien Auroux,2017-09-01,15.25,396
2008AURO01,Sébastien Auroux,2017-09-16,12.66,397
2008AURO01,Sébastien Auroux,2017-09-16,13.63,398
2008AURO01,Sébastien Auroux,2017-09-16,11.97,399
2008AURO01,Sébastien Auroux,2017-10-13,13.02,400
2008AURO01,Sébastien Auroux,2017-10-13,12.72,401
2008AURO01,Sébastien Auroux,2017-10-13,13.76,402
2008AURO01,Sébastien Auroux,2017-12-02,14.39,403
2008AURO01,Sébastien Auroux,2017-12-02,13.77,404
2008AURO01,Sébastien Auroux,2017-12-02,13.0,405
2008AURO01,Sébastien Auroux,2018-01-05,14.32,406
2008AURO01,Sébastien Auroux,2018-01-05,13.65,407
2008AURO01,Sébastien Auroux,2018-02-10,13.01,408
2008AURO01,Sébastien Auroux,2018-02-10,12.3,409
2008AURO01,Sébastien Auroux,2018-02-10,16.26,410
2008AURO01,Sébastien Auroux,2018-03-24,12.77,411
2008AURO01,Sébastien Auroux,2018-03-24,13.2,412
2008AURO01,Sébastien Auroux,2018-04-21,14.57,413
2008AURO01,Sébastien Auroux,2018-04-21,15.07,414
2008AURO01,Sébastien Auroux,2018-05-12,13.98,415
2008AURO01,Sébastien Auroux,2018-05-12,12.62,416
2008AURO01,Sébastien Auroux,2018-05-12,11.1,417
2008AURO01,Sébastien Auroux,2018-07-14,13.82,418
2008AURO01,Sébastien Auroux,2018-07-14,14.45,419
2008AURO01,Sébastien Auroux,2018-07-19,12.77,420
2008AURO01,Sébastien Auroux,2018-07-19,12.04,421
2008AURO01,Sébastien Auroux,2018-09-07,12.27,422
2008AURO01,Sébastien Auroux,2018-09-07,14.84,423
2008AURO01,Sébastien Auroux,2018-09-07,13.8,424
2008AURO01,Sébastien Auroux,2018-09-22,12.07,425
2008AURO01,Sébastien Auroux,2018-09-22,13.32,426
2008AURO01,Sébastien Auroux,2018-09-22,12.46,427
2008AURO01,Sébastien Auroux,2018-11-03,14.12,428
2008AURO01,Sébastien Auroux,2018-11-03,12.61,429
2008AURO01,Sébastien Auroux,2018-11-03,13.8,430
2008AURO01,Sébastien Auroux,2018-12-15,12.62,431
2008AURO01,Sébastien Auroux,2018-12-15,14.01,432
2008AURO01,Sébastien Auroux,2019-01-04,13.54,433
2008AURO01,Sébastien Auroux,2019-01-04,13.69,434
2008AURO01,Sébastien Auroux,2019-01-04,15.43,435
2008AURO01,Sébastien Auroux,2019-01-19,12.99,436
2008AURO01,Sébastien Auroux,2019-01-19,13.14,437
2008AURO01,Sébastien Auroux,2019-01-19,11.57,438
2008AURO01,Sébastien Auroux,2019-02-16,13.57,439
2008AURO01,Sébastien Auroux,2019-02-16,13.25,440
2008AURO01,Sébastien Auroux,2019-03-22,14.02,441
2008AURO01,Sébastien Auroux,2019-03-22,13.85,442
2008AURO01,Sébastien Auroux,2019-04-06,13.24,443
2008AURO01,Sébastien Auroux,2019-04-06,14.04,444
2008AURO01,Sébastien Auroux,2019-04-13,14.91,445
2008AURO01,Sébastien Auroux,2019-04-13,13.76,446
2008AURO01,Sébastien Auroux,2019-04-13,12.99,447
2008AURO01,Sébastien Auroux,2019-05-11,12.57,448
2008AURO01,Sébastien Auroux,2019-05-11,14.08,449
2008AURO01,Sébastien Auroux,2019-05-11,12.7,450
2008AURO01,Sébastien Auroux,2019-07-11,12.64,451
2008AURO01,Sébastien Auroux,2019-07-11,12.38,452
2008AURO01,Sébastien Auroux,2019-08-02,12.03,453
2008AURO01,Sébastien Auroux,2019-08-02,13.25,454
2008AURO01,Sébastien Auroux,2019-09-21,13.27,455
2008AURO01,Sébastien Auroux,2019-09-21,14.19,456
2008AURO01,Sébastien Auroux,2019-09-21,14.85,457
2008AURO01,Sébastien Auroux,2019-10-19,11.52,458
2008AURO01,Sébastien Auroux,2019-10-19,13.29,459
2008AURO01,Sébastien Auroux,2019-10-19,13.28,460
2008AURO01,Sébastien Auroux,2019-10-26,12.34,461
2008AURO01,Sébastien Auroux,2019-10-26,13.52,462
2008AURO01,Sébastien Auroux,2019-10-26,13.48,463
2008AURO01,Sébastien Auroux,2019-11-30,11.98,464
2008AURO01,Sébastien Auroux,2019-11-30,12.25,465
2008AURO01,Sébastien Auroux,2020-01-11,12.94,466
2008AURO01,Sébastien Auroux,2020-01-11,11.98,467
2008AURO01,Sébastien Auroux,2020-01-11,13.84,468
2008AURO01,Sébastien Auroux,2020-01-18,11.68,469
2008AURO01,Sébastien Auroux,2020-01-18,15.56,470
2008AURO01,Sébastien Auroux,2020-01-18,13.81,471
2008AURO01,Sébastien Auroux,2020-02-01,13.02,472
2008AURO01,Sébastien Auroux,2020-02-01,12.57,473
2008AURO01,Sébastien Auroux,2020-02-22,14.02,474
2008AURO01,Sébastien Auroux,2020-02-22,12.76,475
2008AURO01,Sébastien Auroux,2020-02-22,12.27,476
2008AURO01,Sébastien Auroux,2020-02-29,13.37,477
2008AURO01,Sébastien Auroux,2020-02-29,12.34,478
2008AURO01,Sébastien Auroux,2020-02-29,16.13,479
2008AURO01,Sébastien Auroux,2021-10-16,15.47,480
2008AURO01,Sébastien Auroux,2021-10-16,14.02,481
2008AURO01,Sébastien Auroux,2021-11-07,14.13,482
2008AURO01,Sébastien Auroux,2021-11-07,12.62,483
2008AURO01,Sébastien Auroux,2021-11-07,13.05,484
2008AURO01,Sébastien Auroux,2022-04-30,17.01,485
2008AURO01,Sébastien Auroux,2022-04-30,15.5,486
2008AURO01,Sébastien Auroux,2022-04-30,17.44,487
2008AURO01,Sébastien Auroux,2022-05-14,17.28,488
2008AURO01,Sébastien Auroux,2022-05-14,13.72,489
2008AURO01,Sébastien Auroux,2022-05-14,16.09,490
2008AURO01,Sébastien Auroux,2022-07-14,14.31,491
2008AURO01,Sébastien Auroux,2022-07-14,15.71,492
2008AURO01,Sébastien Auroux,2022-08-19,14.68,493
2008AURO01,Sébastien Auroux,2022-08-19,14.49,494
2008AURO01,Sébastien Auroux,2022-09-24,15.48,495
2008AURO01,Sébastien Auroux,2022-09-24,15.4,496
2008AURO01,Sébastien Auroux,2022-10-08,14.59,497
2008AURO01,Sébastien Auroux,2022-10-08,13.59,498
2008AURO01,Sébastien Auroux,2023-04-01,15.56,499
2008AURO01,Sébastien Auroux,2023-04-01,16.0,500
2008AURO01,Sébastien Auroux,2023-04-07,15.54,501
2008AURO01,Sébastien Auroux,2023-04-07,15.83,502
2008AURO01,Sébastien Auroux,2023-04-07,15.47,503
2008AURO01,Sébastien Auroux,2023-04-29,15.78,504
2008AURO01,Sébastien Auroux,2023-04-29,14.05,505
2008AURO01,Sébastien Auroux,2023-04-29,14.27,506
2008AURO01,Sébastien Auroux,2023-08-04,15.88,507
2008AURO01,Sébastien Auroux,2023-08-04,17.94,508
2008AURO01,Sébastien Auroux,2023-08-12,15.32,509
2008AURO01,Sébastien Auroux,2023-10-07,14.8,510
2008AURO01,Sébastien Auroux,2023-10-07,15.3,511
2008AURO01,Sébastien Auroux,2023-10-14,16.16,512
2008AURO01,Sébastien Auroux,2023-10-14,14.28,513
2008AURO01,Sébastien Auroux,2023-10-14,14.05,514
2008AURO01,Sébastien Auroux,2023-11-11,15.13,515
2008AURO01,Sébastien Auroux,2023-11-11,13.78,516
2008AURO01,Sébastien Auroux,2023-11-11,13.28,517
2008AURO01,Sébastien Auroux,2024-03-09,15.76,518
2008AURO01,Sébastien Auroux,2024-03-09,15.31,519
2008AURO01,Sébastien Auroux,2024-03-09,14.27,520
2008AURO01,Sébastien Auroux,2024-04-20,16.06,521
2008AURO01,Sébastien Auroux,2024-04-20,14.22,522
2008AURO01,Sébastien Auroux,2024-05-24,17.26,523
2008AURO01,Sébastien Auroux,2024-05-24,14.08,524
2008AURO01,Sébastien Auroux,2024-05-24,15.83,525
2008AURO01,Sébastien Auroux,2024-09-13,15.11,526
2008AURO01,Sébastien Auroux,2024-09-13,14.42,527
2008AURO01,Sébastien Auroux,2024-09-27,15.03,528
2008AURO01,Sébastien Auroux,2024-09-27,17.56,529
2008AURO01,Sébastien Auroux,2024-10-04,16.61,530
2008AURO01,Sébastien Auroux,2024-10-04,17.51,531
2008AURO01,Sébastien Auroux,2024-10-19,15.63,532
2008AURO01,Sébastien Auroux,2025-03-01,15.58,533
2008AURO01,Sébastien Auroux,2025-03-01,16.22,534
2008AURO01,Sébastien Auroux,2025-03-01,16.18,535
2008AURO01,Sébastien Auroux,2025-04-11,15.61,536
2008AURO01,Sébastien Auroux,2025-04-11,15.38,537
2008AURO01,Sébastien Auroux,2025-04-11,14.38,538
2008AURO01,Sébastien Auroux,2025-05-10,14.98,539
2008AURO01,Sébastien Auroux,2025-05-10,15.37,540
2008AURO01,Sébastien Auroux,2025-05-10,14.52,541
2008AURO01,Sébastien Auroux,2025-05-23,16.12,542
2008AURO01,Sébastien Auroux,2025-08-23,16.4,543
2008AURO01,Sébastien Auroux,2025-08-23,14.32,544
2008AURO01,Sébastien Auroux,2025-08-23,14.58,545
2008AURO01,Sébastien Auroux,2025-09-26,15.18,546
2008AURO01,Sébastien Auroux,2025-09-26,17.27,547
2008AURO01,Sébastien Auroux,2025-10-11,15.33,548
2008AURO01,Sébastien Auroux,2025-10-11,12.93,549
2008AURO01,Sébastien Auroux,2025-10-11,12.89,550
2008AURO01,Sébastien Auroux,2025-11-01,15.58,551
2008AURO01,Sébastien Auroux,2025-11-01,12.41,552
2008AURO01,Sébastien Auroux,2025-11-01,12.91,553
2008AURO01,Sébastien Auroux,2026-01-16,16.12,554
2008AURO01,Sébastien Auroux,2026-01-16,15.71,555
2008AURO01,Sébastien Auroux,2026-03-20,14.2,556
2008AURO01,Sébastien Auroux,2026-03-20,14.77,557
2008AURO01,Sébastien Auroux,2026-04-18,13.66,558
2008AURO01,Sébastien Auroux,2026-04-18,15.12,559
2008AURO01,Sébastien Auroux,2026-04-18,14.37,560
2008AURO01,Sébastien Auroux,2026-05-16,12.44,561
2008AURO01,Sébastien Auroux,2026-05-16,14.54,562
2008AURO01,Sébastien Auroux,2026-05-16,13.9,563
2008BARA01,Bence Barát,2008-08-23,17.94,1
2008BARA01,Bence Barát,2008-08-23,16.54,2
2008BARA01,Bence Barát,2008-08-23,17.86,3
2008BARA01,Bence Barát,2008-09-19,18.21,4
2008BARA01,Bence Barát,2008-09-19,18.32,5
2008BARA01,Bence Barát,2008-10-25,17.23,6
2008BARA01,Bence Barát,2008-10-25,18.03,7
2008BARA01,Bence Barát,2009-01-31,15.6,8
2008BARA01,Bence Barát,2009-01-31,15.58,9
2008BARA01,Bence Barát,2009-01-31,17.48,10
2008BARA01,Bence Barát,2009-03-14,17.77,11
2008BARA01,Bence Barát,2009-03-14,17.9,12
2008BARA01,Bence Barát,2009-04-25,14.13,13
2008BARA01,Bence Barát,2009-04-25,18.06,14
2008BARA01,Bence Barát,2009-06-17,15.04,15
2008BARA01,Bence Barát,2009-07-17,14.73,16
2008BARA01,Bence Barát,2009-07-17,15.3,17
2008BARA01,Bence Barát,2009-07-17,15.31,18
2008BARA01,Bence Barát,2009-09-19,13.77,19
2008BARA01,Bence Barát,2009-09-19,15.36,20
2008BARA01,Bence Barát,2009-10-09,15.14,21
2008BARA01,Bence Barát,2009-10-09,14.22,22
2008BARA01,Bence Barát,2009-10-16,14.81,23
2008BARA01,Bence Barát,2009-10-16,14.93,24
2008BARA01,Bence Barát,2009-10-31,13.59,25
2008BARA01,Bence Barát,2009-10-31,14.09,26
2008BARA01,Bence Barát,2009-10-31,14.63,27
2008BARA01,Bence Barát,2009-11-21,13.46,28
2008BARA01,Bence Barát,2009-11-21,15.96,29
2008BARA01,Bence Barát,2009-11-21,14.57,30
2008BARA01,Bence Barát,2009-11-28,14.48,31
2008BARA01,Bence Barát,2009-11-28,13.73,32
2008BARA01,Bence Barát,2010-02-27,14.46,33
2008BARA01,Bence Barát,2010-02-27,13.42,34
2008BARA01,Bence Barát,2010-02-27,14.13,35
2008BARA01,Bence Barát,2010-03-27,15.17,36
2008BARA01,Bence Barát,2010-03-27,15.29,37
2008BARA01,Bence Barát,2010-03-27,11.93,38
2008BARA01,Bence Barát,2010-04-24,13.14,39
2008BARA01,Bence Barát,2010-04-24,13.27,40
2008BARA01,Bence Barát,2010-04-24,13.59,41
2008BARA01,Bence Barát,2010-06-05,13.93,42
2008BARA01,Bence Barát,2010-06-05,14.45,43
2008BARA01,Bence Barát,2010-06-05,13.0,44
2008BARA01,Bence Barát,2010-07-03,13.32,45
2008BARA01,Bence Barát,2010-07-03,13.26,46
2008BARA01,Bence Barát,2010-07-03,13.19,47
2008BARA01,Bence Barát,2010-07-16,15.37,48
2008BARA01,Bence Barát,2010-07-16,12.98,49
2008BARA01,Bence Barát,2010-07-16,13.23,50
2008BARA01,Bence Barát,2010-07-26,12.09,51
2008BARA01,Bence Barát,2010-07-26,14.47,52
2008BARA01,Bence Barát,2010-07-26,12.21,53
2008BARA01,Bence Barát,2010-07-31,13.13,54
2008BARA01,Bence Barát,2010-07-31,12.68,55
2008BARA01,Bence Barát,2010-07-31,13.04,56
2008BARA01,Bence Barát,2010-08-14,13.94,57
2008BARA01,Bence Barát,2010-08-14,13.55,58
2008BARA01,Bence Barát,2010-08-14,11.53,59
2008BARA01,Bence Barát,2010-09-03,12.39,60
2008BARA01,Bence Barát,2010-09-03,13.17,61
2008BARA01,Bence Barát,2010-09-03,12.76,62
2008BARA01,Bence Barát,2010-09-18,12.55,63
2008BARA01,Bence Barát,2010-09-18,13.4,64
2008BARA01,Bence Barát,2010-09-18,12.7,65
2008BARA01,Bence Barát,2010-10-01,12.59,66
2008BARA01,Bence Barát,2010-10-01,12.87,67
2008BARA01,Bence Barát,2010-10-16,13.75,68
2008BARA01,Bence Barát,2010-10-16,13.46,69
2008BARA01,Bence Barát,2010-10-16,12.12,70
2008BARA01,Bence Barát,2010-12-27,11.92,71
2008BARA01,Bence Barát,2010-12-27,13.2,72
2008BARA01,Bence Barát,2010-12-27,12.83,73
2008BARA01,Bence Barát,2011-03-05,12.16,74
2008BARA01,Bence Barát,2011-03-05,12.75,75
2008BARA01,Bence Barát,2011-03-05,12.51,76
2008BARA01,Bence Barát,2011-05-21,11.18,77
2008BARA01,Bence Barát,2011-05-21,11.95,78
2008BARA01,Bence Barát,2011-05-21,12.2,79
2008BARA01,Bence Barát,2011-07-15,12.15,80
2008BARA01,Bence Barát,2011-07-15,11.54,81
2008BARA01,Bence Barát,2011-07-15,11.46,82
2008BARA01,Bence Barát,2011-09-03,12.51,83
2008BARA01,Bence Barát,2011-09-03,13.0,84
2008BARA01,Bence Barát,2011-09-18,10.62,85
2008BARA01,Bence Barát,2011-09-18,11.92,86
2008BARA01,Bence Barát,2011-09-18,11.27,87
2008BARA01,Bence Barát,2011-09-24,12.51,88
2008BARA01,Bence Barát,2011-09-24,11.47,89
2008BARA01,Bence Barát,2011-09-24,11.37,90
2008BARA01,Bence Barát,2011-10-14,11.01,91
2008BARA01,Bence Barát,2011-10-14,11.08,92
2008BARA01,Bence Barát,2011-10-14,10.28,93
2008BARA01,Bence Barát,2011-10-14,10.84,94
2008BARA01,Bence Barát,2011-10-22,11.92,95
2008BARA01,Bence Barát,2011-10-22,11.16,96
2008BARA01,Bence Barát,2011-10-29,11.05,97
2008BARA01,Bence Barát,2011-10-29,11.61,98
2008BARA01,Bence Barát,2011-10-29,12.24,99
2008BARA01,Bence Barát,2011-11-19,11.84,100
2008BARA01,Bence Barát,2011-11-19,10.85,101
2008BARA01,Bence Barát,2011-11-19,12.11,102
2008BARA01,Bence Barát,2012-02-25,12.85,103
2008BARA01,Bence Barát,2012-02-25,11.78,104
2008BARA01,Bence Barát,2012-02-25,11.81,105
2008BARA01,Bence Barát,2012-03-31,11.54,106
2008BARA01,Bence Barát,2012-07-28,12.64,107
2008BARA01,Bence Barát,2012-07-28,11.85,108
2008BARA01,Bence Barát,2012-07-28,11.58,109
2008BARA01,Bence Barát,2012-09-08,10.99,110
2008BARA01,Bence Barát,2012-09-08,10.95,111
2008BARA01,Bence Barát,2012-09-08,11.3,112
2008BARA01,Bence Barát,2012-10-12,12.03,113
2008BARA01,Bence Barát,2012-10-12,10.83,114
2008BARA01,Bence Barát,2012-10-12,11.42,115
2008BARA01,Bence Barát,2013-02-09,10.78,116
2008BARA01,Bence Barát,2013-02-09,11.36,117
2008BARA01,Bence Barát,2013-02-09,11.04,118
2008BARA01,Bence Barát,2013-03-23,11.65,119
2008BARA01,Bence Barát,2013-03-23,10.64,120
2008BARA01,Bence Barát,2013-03-23,11.45,121
2008BARA01,Bence Barát,2013-04-20,10.68,122
2008BARA01,Bence Barát,2013-04-20,10.67,123
2008BARA01,Bence Barát,2013-04-20,11.1,124
2008BARA01,Bence Barát,2013-07-12,11.27,125
2008BARA01,Bence Barát,2013-07-12,11.72,126
2008BARA01,Bence Barát,2013-07-12,10.85,127
2008BARA01,Bence Barát,2013-07-26,11.85,128
2008BARA01,Bence Barát,2013-07-26,10.87,129
2008BARA01,Bence Barát,2013-07-26,11.03,130
2008BARA01,Bence Barát,2013-08-24,11.67,131
2008BARA01,Bence Barát,2013-08-24,11.57,132
2008BARA01,Bence Barát,2013-08-24,10.83,133
2008BARA01,Bence Barát,2013-09-21,10.7,134
2008BARA01,Bence Barát,2013-09-21,11.6,135
2008BARA01,Bence Barát,2013-09-21,12.34,136
2008BARA01,Bence Barát,2013-09-28,10.12,137
2008BARA01,Bence Barát,2013-09-28,10.9,138
2008BARA01,Bence Barát,2013-09-28,10.5,139
2008BARA01,Bence Barát,2013-10-05,10.52,140
2008BARA01,Bence Barát,2013-10-05,10.97,141
2008BARA01,Bence Barát,2013-10-05,10.75,142
2008BARA01,Bence Barát,2013-11-09,11.5,143
2008BARA01,Bence Barát,2013-11-09,10.65,144
2008BARA01,Bence Barát,2013-11-09,11.62,145
2008BARA01,Bence Barát,2013-11-09,10.75,146
2008BARA01,Bence Barát,2013-11-30,12.45,147
2008BARA01,Bence Barát,2013-11-30,10.65,148
2008BARA01,Bence Barát,2013-11-30,10.82,149
2008BARA01,Bence Barát,2014-02-22,12.0,150
2008BARA01,Bence Barát,2014-02-22,10.57,151
2008BARA01,Bence Barát,2014-02-22,11.59,152
2008BARA01,Bence Barát,2014-03-08,10.8,153
2008BARA01,Bence Barát,2014-03-08,11.39,154
2008BARA01,Bence Barát,2014-03-08,11.31,155
2008BARA01,Bence Barát,2014-03-08,10.4,156
2008BARA01,Bence Barát,2014-03-22,10.72,157
2008BARA01,Bence Barát,2014-03-22,11.31,158
2008BARA01,Bence Barát,2014-03-22,10.85,159
2008BARA01,Bence Barát,2014-04-05,11.9,160
2008BARA01,Bence Barát,2014-04-05,11.94,161
2008BARA01,Bence Barát,2014-04-05,11.72,162
2008BARA01,Bence Barát,2014-04-12,11.07,163
2008BARA01,Bence Barát,2014-04-12,9.65,164
2008BARA01,Bence Barát,2014-04-12,10.4,165
2008BARA01,Bence Barát,2014-04-26,10.92,166
2008BARA01,Bence Barát,2014-04-26,10.8,167
2008BARA01,Bence Barát,2014-04-26,11.29,168
2008BARA01,Bence Barát,2014-06-14,10.49,169
2008BARA01,Bence Barát,2014-06-14,10.94,170
2008BARA01,Bence Barát,2014-07-11,11.85,171
2008BARA01,Bence Barát,2014-07-11,10.77,172
2008BARA01,Bence Barát,2014-07-11,12.13,173
2008BARA01,Bence Barát,2014-07-19,11.35,174
2008BARA01,Bence Barát,2014-07-19,10.23,175
2008BARA01,Bence Barát,2014-07-19,11.81,176
2008BARA01,Bence Barát,2014-08-08,10.75,177
2008BARA01,Bence Barát,2014-08-08,10.85,178
2008BARA01,Bence Barát,2014-08-08,10.88,179
2008BARA01,Bence Barát,2014-09-13,10.59,180
2008BARA01,Bence Barát,2014-09-13,10.52,181
2008BARA01,Bence Barát,2014-09-13,11.19,182
2008BARA01,Bence Barát,2014-09-20,9.8,183
2008BARA01,Bence Barát,2014-09-20,10.82,184
2008BARA01,Bence Barát,2014-09-20,9.63,185
2008BARA01,Bence Barát,2014-10-17,11.1,186
2008BARA01,Bence Barát,2014-10-17,11.56,187
2008BARA01,Bence Barát,2014-10-17,10.89,188
2008BARA01,Bence Barát,2014-11-08,10.17,189
2008BARA01,Bence Barát,2014-11-08,10.95,190
2008BARA01,Bence Barát,2014-11-08,11.89,191
2008BARA01,Bence Barát,2014-11-15,10.68,192
2008BARA01,Bence Barát,2014-11-15,10.83,193
2008BARA01,Bence Barát,2014-11-15,10.34,194
2008BARA01,Bence Barát,2015-01-31,10.68,195
2008BARA01,Bence Barát,2015-01-31,11.84,196
2008BARA01,Bence Barát,2015-01-31,11.55,197
2008BARA01,Bence Barát,2015-02-21,11.14,198
2008BARA01,Bence Barát,2015-02-21,10.48,199
2008BARA01,Bence Barát,2015-02-21,11.48,200
2008BARA01,Bence Barát,2015-03-14,10.26,201
2008BARA01,Bence Barát,2015-03-14,11.27,202
2008BARA01,Bence Barát,2015-03-14,11.11,203
2008BARA01,Bence Barát,2015-04-18,10.82,204
2008BARA01,Bence Barát,2015-04-18,10.57,205
2008BARA01,Bence Barát,2015-04-18,10.86,206
2008BARA01,Bence Barát,2015-05-02,11.52,207
2008BARA01,Bence Barát,2015-05-02,9.82,208
2008BARA01,Bence Barát,2015-05-02,11.44,209
2008BARA01,Bence Barát,2015-05-16,10.75,210
2008BARA01,Bence Barát,2015-05-16,10.6,211
2008BARA01,Bence Barát,2015-05-16,10.72,212
2008BARA01,Bence Barát,2015-06-06,9.99,213
2008BARA01,Bence Barát,2015-06-06,11.25,214
2008BARA01,Bence Barát,2015-06-06,10.17,215
2008BARA01,Bence Barát,2015-06-27,10.03,216
2008BARA01,Bence Barát,2015-06-27,10.85,217
2008BARA01,Bence Barát,2015-06-27,10.78,218
2008BARA01,Bence Barát,2015-07-04,10.17,219
2008BARA01,Bence Barát,2015-07-04,10.75,220
2008BARA01,Bence Barát,2015-07-04,11.89,221
2008BARA01,Bence Barát,2015-07-17,10.79,222
2008BARA01,Bence Barát,2015-07-17,9.51,223
2008BARA01,Bence Barát,2015-07-17,11.23,224
2008BARA01,Bence Barát,2015-08-14,10.27,225
2008BARA01,Bence Barát,2015-08-14,10.19,226
2008BARA01,Bence Barát,2015-08-14,9.69,227
2008BARA01,Bence Barát,2015-09-18,11.23,228
2008BARA01,Bence Barát,2015-09-18,10.89,229
2008BARA01,Bence Barát,2015-09-18,11.56,230
2008BARA01,Bence Barát,2015-10-03,10.78,231
2008BARA01,Bence Barát,2015-10-03,11.37,232
2008BARA01,Bence Barát,2015-10-03,10.73,233
2008BARA01,Bence Barát,2015-11-14,10.8,234
2008BARA01,Bence Barát,2015-11-14,11.04,235
2008BARA01,Bence Barát,2015-11-14,10.88,236
2008BARA01,Bence Barát,2016-02-06,11.46,237
2008BARA01,Bence Barát,2016-02-06,11.35,238
2008BARA01,Bence Barát,2016-02-06,10.97,239
2008BARA01,Bence Barát,2016-02-27,11.57,240
2008BARA01,Bence Barát,2016-02-27,10.73,241
2008BARA01,Bence Barát,2016-02-27,10.7,242
2008BARA01,Bence Barát,2016-03-19,11.16,243
2008BARA01,Bence Barát,2016-03-19,11.29,244
2008BARA01,Bence Barát,2016-03-19,10.65,245
2008BARA01,Bence Barát,2016-04-02,10.68,246
2008BARA01,Bence Barát,2016-04-02,12.39,247
2008BARA01,Bence Barát,2016-04-02,12.05,248
2008BARA01,Bence Barát,2016-04-16,10.43,249
2008BARA01,Bence Barát,2016-04-16,11.15,250
2008BARA01,Bence Barát,2016-04-16,10.2,251
2008BARA01,Bence Barát,2016-04-16,10.51,252
2008BARA01,Bence Barát,2016-04-23,11.07,253
2008BARA01,Bence Barát,2016-04-23,10.63,254
2008BARA01,Bence Barát,2016-04-23,11.35,255
2008BARA01,Bence Barát,2016-05-28,11.73,256
2008BARA01,Bence Barát,2016-05-28,11.0,257
2008BARA01,Bence Barát,2016-05-28,10.64,258
2008BARA01,Bence Barát,2016-06-18,9.91,259
2008BARA01,Bence Barát,2016-06-18,11.07,260
2008BARA01,Bence Barát,2016-06-18,10.4,261
2008BARA01,Bence Barát,2016-07-15,10.56,262
2008BARA01,Bence Barát,2016-07-15,10.38,263
2008BARA01,Bence Barát,2016-07-15,10.44,264
2008BARA01,Bence Barát,2016-07-19,10.67,265
2008BARA01,Bence Barát,2016-07-19,10.79,266
2008BARA01,Bence Barát,2016-08-27,10.66,267
2008BARA01,Bence Barát,2016-08-27,10.51,268
2008BARA01,Bence Barát,2016-08-27,11.22,269
2008BARA01,Bence Barát,2016-09-03,11.5,270
2008BARA01,Bence Barát,2016-09-03,10.9,271
2008BARA01,Bence Barát,2016-09-03,10.26,272
2008BARA01,Bence Barát,2016-10-01,11.52,273
2008BARA01,Bence Barát,2016-10-01,9.99,274
2008BARA01,Bence Barát,2016-10-01,11.08,275
2008BARA01,Bence Barát,2016-10-28,11.55,276
2008BARA01,Bence Barát,2016-10-28,11.05,277
2008BARA01,Bence Barát,2016-10-28,10.5,278
2008BARA01,Bence Barát,2016-10-28,11.12,279
2008BARA01,Bence Barát,2016-11-12,10.94,280
2008BARA01,Bence Barát,2016-11-12,10.84,281
2008BARA01,Bence Barát,2016-11-12,10.76,282
2008BARA01,Bence Barát,2016-11-19,11.0,283
2008BARA01,Bence Barát,2016-11-19,10.95,284
2008BARA01,Bence Barát,2016-11-19,10.82,285
2008BARA01,Bence Barát,2017-02-04,9.88,286
2008BARA01,Bence Barát,2017-02-04,10.99,287
2008BARA01,Bence Barát,2017-02-04,12.52,288
2008BARA01,Bence Barát,2017-02-25,11.77,289
2008BARA01,Bence Barát,2017-02-25,10.52,290
2008BARA01,Bence Barát,2017-02-25,11.51,291
2008BARA01,Bence Barát,2017-03-25,10.72,292
2008BARA01,Bence Barát,2017-03-25,10.57,293
2008BARA01,Bence Barát,2017-03-25,10.43,294
2008BARA01,Bence Barát,2017-03-25,10.45,295
2008BARA01,Bence Barát,2017-04-02,10.13,296
2008BARA01,Bence Barát,2017-04-02,10.33,297
2008BARA01,Bence Barát,2017-04-02,9.52,298
2008BARA01,Bence Barát,2017-04-22,10.88,299
2008BARA01,Bence Barát,2017-04-22,10.49,300
2008BARA01,Bence Barát,2017-04-22,10.21,301
2008BARA01,Bence Barát,2017-05-06,10.15,302
2008BARA01,Bence Barát,2017-05-06,10.77,303
2008BARA01,Bence Barát,2017-05-06,11.47,304
2008BARA01,Bence Barát,2017-05-27,9.74,305
2008BARA01,Bence Barát,2017-05-27,10.84,306
2008BARA01,Bence Barát,2017-05-27,10.43,307
2008BARA01,Bence Barát,2017-06-04,9.95,308
2008BARA01,Bence Barát,2017-06-04,9.51,309
2008BARA01,Bence Barát,2017-06-04,11.24,310
2008BARA01,Bence Barát,2017-06-10,10.57,311
2008BARA01,Bence Barát,2017-06-10,10.11,312
2008BARA01,Bence Barát,2017-06-10,11.08,313
2008BARA01,Bence Barát,2017-06-17,9.75,314
2008BARA01,Bence Barát,2017-07-01,10.51,315
2008BARA01,Bence Barát,2017-07-01,10.4,316
2008BARA01,Bence Barát,2017-07-01,10.04,317
2008BARA01,Bence Barát,2017-07-13,11.61,318
2008BARA01,Bence Barát,2017-07-13,10.65,319
2008BARA01,Bence Barát,2017-07-22,10.46,320
2008BARA01,Bence Barát,2017-07-22,9.86,321
2008BARA01,Bence Barát,2017-07-22,10.77,322
2008BARA01,Bence Barát,2017-08-12,11.26,323
2008BARA01,Bence Barát,2017-08-12,9.56,324
2008BARA01,Bence Barát,2017-08-12,9.44,325
2008BARA01,Bence Barát,2017-08-26,10.67,326
2008BARA01,Bence Barát,2017-08-26,10.29,327
2008BARA01,Bence Barát,2017-08-26,10.8,328
2008BARA01,Bence Barát,2017-09-01,10.61,329
2008BARA01,Bence Barát,2017-09-01,10.03,330
2008BARA01,Bence Barát,2017-09-01,10.07,331
2008BARA01,Bence Barát,2017-09-01,9.95,332
2008BARA01,Bence Barát,2017-09-30,10.91,333
2008BARA01,Bence Barát,2017-09-30,10.55,334
2008BARA01,Bence Barát,2017-09-30,10.02,335
2008BARA01,Bence Barát,2017-10-13,10.37,336
2008BARA01,Bence Barát,2017-10-13,10.64,337
2008BARA01,Bence Barát,2017-10-13,10.33,338
2008BARA01,Bence Barát,2017-10-13,10.13,339
2008BARA01,Bence Barát,2017-10-28,10.44,340
2008BARA01,Bence Barát,2017-10-28,10.09,341
2008BARA01,Bence Barát,2017-10-28,9.48,342
2008BARA01,Bence Barát,2017-11-04,10.11,343
2008BARA01,Bence Barát,2017-11-04,9.45,344
2008BARA01,Bence Barát,2017-11-04,10.31,345
2008BARA01,Bence Barát,2017-11-04,9.86,346
2008BARA01,Bence Barát,2017-11-11,10.38,347
2008BARA01,Bence Barát,2017-11-11,10.74,348
2008BARA01,Bence Barát,2017-11-11,9.14,349
2008BARA01,Bence Barát,2017-11-25,10.53,350
2008BARA01,Bence Barát,2017-11-25,11.59,351
2008BARA01,Bence Barát,2017-12-02,10.45,352
2008BARA01,Bence Barát,2017-12-02,10.06,353
2008BARA01,Bence Barát,2017-12-02,10.75,354
2008BARA01,Bence Barát,2017-12-16,10.63,355
2008BARA01,Bence Barát,2017-12-16,10.34,356
2008BARA01,Bence Barát,2017-12-16,9.85,357
2008BARA01,Bence Barát,2018-01-13,10.6,358
2008BARA01,Bence Barát,2018-01-13,11.54,359
2008BARA01,Bence Barát,2018-01-13,11.07,360
2008BARA01,Bence Barát,2018-02-03,9.43,361
2008BARA01,Bence Barát,2018-02-03,10.0,362
2008BARA01,Bence Barát,2018-02-03,10.04,363
2008BARA01,Bence Barát,2018-02-17,10.18,364
2008BARA01,Bence Barát,2018-02-17,10.5,365
2008BARA01,Bence Barát,2018-02-17,9.71,366
2008BARA01,Bence Barát,2018-02-24,10.65,367
2008BARA01,Bence Barát,2018-02-24,9.95,368
2008BARA01,Bence Barát,2018-02-24,10.0,369
2008BARA01,Bence Barát,2018-03-17,11.19,370
2008BARA01,Bence Barát,2018-03-17,10.25,371
2008BARA01,Bence Barát,2018-03-17,10.38,372
2008BARA01,Bence Barát,2018-03-31,10.07,373
2008BARA01,Bence Barát,2018-03-31,10.48,374
2008BARA01,Bence Barát,2018-03-31,9.26,375
2008BARA01,Bence Barát,2018-03-31,9.76,376
2008BARA01,Bence Barát,2018-04-06,10.14,377
2008BARA01,Bence Barát,2018-04-06,10.87,378
2008BARA01,Bence Barát,2018-04-06,12.26,379
2008BARA01,Bence Barát,2018-04-14,10.55,380
2008BARA01,Bence Barát,2018-04-14,9.12,381
2008BARA01,Bence Barát,2018-04-14,10.74,382
2008BARA01,Bence Barát,2018-05-27,11.35,383
2008BARA01,Bence Barát,2018-05-27,10.2,384
2008BARA01,Bence Barát,2018-05-27,9.92,385
2008BARA01,Bence Barát,2018-07-21,10.9,386
2008BARA01,Bence Barát,2018-07-21,9.96,387
2008BARA01,Bence Barát,2018-07-21,10.62,388
2008BARA01,Bence Barát,2018-08-11,9.76,389
2008BARA01,Bence Barát,2018-08-11,10.04,390
2008BARA01,Bence Barát,2018-08-11,10.47,391
2008BARA01,Bence Barát,2018-08-18,11.24,392
2008BARA01,Bence Barát,2018-08-18,10.13,393
2008BARA01,Bence Barát,2018-09-01,10.33,394
2008BARA01,Bence Barát,2018-09-01,9.96,395
2008BARA01,Bence Barát,2018-09-01,9.41,396
2008BARA01,Bence Barát,2018-09-28,10.07,397
2008BARA01,Bence Barát,2018-09-28,9.73,398
2008BARA01,Bence Barát,2018-09-28,9.72,399
2008BARA01,Bence Barát,2018-09-28,9.48,400
2008BARA01,Bence Barát,2018-10-27,10.19,401
2008BARA01,Bence Barát,2018-10-27,10.15,402
2008BARA01,Bence Barát,2018-10-27,10.0,403
2008BARA01,Bence Barát,2018-10-27,10.43,404
2008BARA01,Bence Barát,2018-12-15,10.26,405
2008BARA01,Bence Barát,2018-12-15,9.12,406
2008BARA01,Bence Barát,2018-12-15,9.94,407
2008BARA01,Bence Barát,2019-02-09,10.45,408
2008BARA01,Bence Barát,2019-02-09,11.22,409
2008BARA01,Bence Barát,2019-02-16,9.94,410
2008BARA01,Bence Barát,2019-02-16,10.34,411
2008BARA01,Bence Barát,2019-02-16,10.4,412
2008BARA01,Bence Barát,2019-02-23,10.11,413
2008BARA01,Bence Barát,2019-02-23,10.71,414
2008BARA01,Bence Barát,2019-02-23,10.19,415
2008BARA01,Bence Barát,2019-03-16,11.06,416
2008BARA01,Bence Barát,2019-03-16,11.1,417
2008BARA01,Bence Barát,2019-03-16,10.14,418
2008BARA01,Bence Barát,2019-03-30,10.63,419
2008BARA01,Bence Barát,2019-03-30,10.26,420
2008BARA01,Bence Barát,2019-03-30,10.64,421
2008BARA01,Bence Barát,2019-05-04,10.44,422
2008BARA01,Bence Barát,2019-05-04,10.56,423
2008BARA01,Bence Barát,2019-05-04,10.14,424
2008BARA01,Bence Barát,2019-08-02,11.81,425
2008BARA01,Bence Barát,2019-08-02,11.39,426
2008BARA01,Bence Barát,2019-08-02,9.94,427
2008BARA01,Bence Barát,2019-08-02,10.34,428
2008BARA01,Bence Barát,2019-08-24,10.53,429
2008BARA01,Bence Barát,2019-08-24,11.29,430
2008BARA01,Bence Barát,2019-08-31,9.77,431
2008BARA01,Bence Barát,2019-08-31,10.16,432
2008BARA01,Bence Barát,2019-08-31,10.14,433
2008BARA01,Bence Barát,2019-09-20,11.19,434
2008BARA01,Bence Barát,2019-09-20,11.03,435
2008BARA01,Bence Barát,2019-09-20,10.96,436
2008BARA01,Bence Barát,2019-10-12,9.81,437
2008BARA01,Bence Barát,2019-10-12,10.08,438
2008BARA01,Bence Barát,2019-10-12,10.19,439
2008BARA01,Bence Barát,2019-11-09,10.11,440
2008BARA01,Bence Barát,2019-11-09,9.58,441
2008BARA01,Bence Barát,2019-11-09,10.47,442
2008BARA01,Bence Barát,2020-02-22,10.95,443
2008BARA01,Bence Barát,2020-02-22,9.73,444
2008BARA01,Bence Barát,2020-02-22,10.35,445
2008BARA01,Bence Barát,2020-02-29,10.54,446
2008BARA01,Bence Barát,2020-02-29,10.35,447
2008BARA01,Bence Barát,2020-02-29,10.51,448
2008BARA01,Bence Barát,2021-10-02,11.16,449
2008BARA01,Bence Barát,2021-10-02,9.61,450
2008BARA01,Bence Barát,2021-10-02,9.87,451
2008BARA01,Bence Barát,2021-11-13,10.12,452
2008BARA01,Bence Barát,2021-11-13,10.41,453
2008BARA01,Bence Barát,2021-11-13,10.03,454
2008BARA01,Bence Barát,2021-11-27,9.54,455
2008BARA01,Bence Barát,2021-11-27,9.24,456
2008BARA01,Bence Barát,2021-11-27,10.03,457
2008BARA01,Bence Barát,2022-01-02,11.04,458
2008BARA01,Bence Barát,2022-01-02,10.48,459
2008BARA01,Bence Barát,2022-03-19,9.37,460
2008BARA01,Bence Barát,2022-03-19,10.07,461
2008BARA01,Bence Barát,2022-03-19,9.27,462
2008BARA01,Bence Barát,2022-06-18,9.94,463
2008BARA01,Bence Barát,2022-06-18,9.81,464
2008BARA01,Bence Barát,2022-06-18,9.48,465
2008BARA01,Bence Barát,2022-07-30,9.53,466
2008BARA01,Bence Barát,2022-07-30,10.06,467
2008BARA01,Bence Barát,2022-07-30,9.24,468
2008BARA01,Bence Barát,2022-08-13,10.09,469
2008BARA01,Bence Barát,2022-08-13,10.82,470
2008BARA01,Bence Barát,2022-09-17,10.14,471
2008BARA01,Bence Barát,2022-09-17,10.24,472
2008BARA01,Bence Barát,2022-09-17,9.86,473
2008BARA01,Bence Barát,2022-10-07,11.11,474
2008BARA01,Bence Barát,2022-10-07,10.34,475
2008BARA01,Bence Barát,2022-10-07,10.73,476
2008BARA01,Bence Barát,2022-10-22,9.2,477
2008BARA01,Bence Barát,2022-10-22,10.63,478
2008BARA01,Bence Barát,2022-10-22,10.28,479
2008BARA01,Bence Barát,2022-10-29,10.62,480
2008BARA01,Bence Barát,2022-10-29,9.53,481
2008BARA01,Bence Barát,2022-10-29,10.18,482
2008BARA01,Bence Barát,2022-11-26,9.91,483
2008BARA01,Bence Barát,2022-11-26,11.08,484
2008BARA01,Bence Barát,2022-12-16,9.53,485
2008BARA01,Bence Barát,2022-12-16,10.18,486
2008BARA01,Bence Barát,2022-12-16,10.07,487
2008BARA01,Bence Barát,2023-02-11,10.22,488
2008BARA01,Bence Barát,2023-02-11,10.7,489
2008BARA01,Bence Barát,2023-02-25,10.49,490
2008BARA01,Bence Barát,2023-02-25,10.43,491
2008BARA01,Bence Barát,2023-02-25,9.64,492
2008BARA01,Bence Barát,2023-04-01,11.81,493
2008BARA01,Bence Barát,2023-04-01,9.83,494
2008BARA01,Bence Barát,2023-04-15,10.12,495
2008BARA01,Bence Barát,2023-04-15,9.69,496
2008BARA01,Bence Barát,2023-04-15,9.38,497
2008BARA01,Bence Barát,2023-05-06,9.07,498
2008BARA01,Bence Barát,2023-05-06,9.92,499
2008BARA01,Bence Barát,2023-05-06,10.07,500
2008BARA01,Bence Barát,2023-05-07,10.54,501
2008BARA01,Bence Barát,2023-05-07,9.76,502
2008BARA01,Bence Barát,2023-05-07,9.95,503
2008BARA01,Bence Barát,2023-05-20,9.69,504
2008BARA01,Bence Barát,2023-05-20,9.05,505
2008BARA01,Bence Barát,2023-05-20,9.91,506
2008BARA01,Bence Barát,2023-06-03,10.37,507
2008BARA01,Bence Barát,2023-06-03,10.56,508
2008BARA01,Bence Barát,2023-06-24,9.56,509
2008BARA01,Bence Barát,2023-06-24,9.65,510
2008BARA01,Bence Barát,2023-06-24,9.71,511
2008BARA01,Bence Barát,2023-07-01,10.41,512
2008BARA01,Bence Barát,2023-07-01,9.72,513
2008BARA01,Bence Barát,2023-07-01,11.2,514
2008BARA01,Bence Barát,2023-07-14,10.36,515
2008BARA01,Bence Barát,2023-07-14,10.17,516
2008BARA01,Bence Barát,2023-07-14,10.07,517
2008BARA01,Bence Barát,2023-07-14,9.66,518
2008BARA01,Bence Barát,2023-09-02,9.61,519
2008BARA01,Bence Barát,2023-09-02,9.48,520
2008BARA01,Bence Barát,2023-09-02,9.03,521
2008BARA01,Bence Barát,2023-09-09,9.78,522
2008BARA01,Bence Barát,2023-09-09,10.71,523
2008BARA01,Bence Barát,2023-09-09,10.14,524
2008BARA01,Bence Barát,2023-09-30,9.16,525
2008BARA01,Bence Barát,2023-09-30,10.37,526
2008BARA01,Bence Barát,2023-09-30,10.02,527
2008BARA01,Bence Barát,2023-10-07,9.5,528
2008BARA01,Bence Barát,2023-10-07,8.99,529
2008BARA01,Bence Barát,2023-10-07,10.8,530
2008BARA01,Bence Barát,2023-10-20,9.58,531
2008BARA01,Bence Barát,2023-10-20,9.99,532
2008BARA01,Bence Barát,2023-10-20,9.38,533
2008BARA01,Bence Barát,2023-11-04,10.07,534
2008BARA01,Bence Barát,2023-11-04,10.99,535
2008BARA01,Bence Barát,2023-12-09,9.71,536
2008BARA01,Bence Barát,2023-12-09,9.86,537
2008BARA01,Bence Barát,2024-03-09,10.03,538
2008BARA01,Bence Barát,2024-03-09,9.97,539
2008BARA01,Bence Barát,2024-04-06,9.82,540
2008BARA01,Bence Barát,2024-04-06,9.3,541
2008BARA01,Bence Barát,2024-04-06,10.84,542
2008BARA01,Bence Barát,2024-04-14,9.19,543
2008BARA01,Bence Barát,2024-04-14,9.64,544
2008BARA01,Bence Barát,2024-05-12,10.43,545
2008BARA01,Bence Barát,2024-05-12,9.87,546
2008BARA01,Bence Barát,2024-06-08,9.26,547
2008BARA01,Bence Barát,2024-06-08,9.94,548
2008BARA01,Bence Barát,2024-06-08,9.59,549
2008BARA01,Bence Barát,2024-07-06,8.91,550
2008BARA01,Bence Barát,2024-07-06,10.55,551
2008BARA01,Bence Barát,2024-07-13,10.0,552
2008BARA01,Bence Barát,2024-07-13,9.16,553
2008BARA01,Bence Barát,2024-08-19,8.92,554
2008BARA01,Bence Barát,2024-08-19,9.49,555
2008BARA01,Bence Barát,2024-08-19,10.22,556
2008BARA01,Bence Barát,2024-09-21,9.49,557
2008BARA01,Bence Barát,2024-09-21,9.24,558
2008BARA01,Bence Barát,2024-11-01,9.71,559
2008BARA01,Bence Barát,2024-11-01,9.97,560
2008BARA01,Bence Barát,2024-11-01,9.97,561
2008BARA01,Bence Barát,2024-11-24,9.66,562
2008BARA01,Bence Barát,2024-12-07,9.71,563
2008BARA01,Bence Barát,2024-12-07,9.61,564
2008BARA01,Bence Barát,2024-12-13,11.09,565
2008BARA01,Bence Barát,2024-12-13,9.54,566
2008BARA01,Bence Barát,2024-12-13,9.61,567
2008BARA01,Bence Barát,2025-01-25,9.79,568
2008BARA01,Bence Barát,2025-01-25,11.34,569
2008BARA01,Bence Barát,2025-03-08,10.21,570
2008BARA01,Bence Barát,2025-03-08,9.96,571
2008BARA01,Bence Barát,2025-04-12,10.03,572
2008BARA01,Bence Barát,2025-04-12,11.32,573
2008BARA01,Bence Barát,2025-05-10,11.02,574
2008BARA01,Bence Barát,2025-05-10,10.9,575
2008BARA01,Bence Barát,2025-05-17,9.98,576
2008BARA01,Bence Barát,2025-05-17,10.2,577
2008BARA01,Bence Barát,2025-06-21,10.16,578
2008BARA01,Bence Barát,2025-06-21,9.81,579
2008BARA01,Bence Barát,2025-07-26,9.72,580
2008BARA01,Bence Barát,2025-07-26,9.47,581
2008BARA01,Bence Barát,2025-08-02,10.13,582
2008BARA01,Bence Barát,2025-08-02,8.98,583
2008BARA01,Bence Barát,2025-08-02,10.0,584
2008BARA01,Bence Barát,2025-09-06,9.53,585
2008BARA01,Bence Barát,2025-09-06,10.23,586
2008BARA01,Bence Barát,2025-09-27,9.78,587
2008BARA01,Bence Barát,2025-09-27,10.28,588
2008BARA01,Bence Barát,2025-10-31,10.32,589
2008BARA01,Bence Barát,2025-10-31,9.91,590
2008BARA01,Bence Barát,2025-12-06,9.57,591
2008BARA01,Bence Barát,2025-12-06,9.36,592
2008BARA01,Bence Barát,2026-01-18,9.59,593
2008BARA01,Bence Barát,2026-01-18,9.83,594
2008BARA01,Bence Barát,2026-02-28,10.32,595
2008BARA01,Bence Barát,2026-02-28,9.88,596
2008BARA01,Bence Barát,2026-03-28,9.52,597
2008BARA01,Bence Barát,2026-03-28,10.9,598
2009LIUE01,Evan Liu,2009-05-30,44.77,1
2009LIUE01,Evan Liu,2009-08-14,33.3,2
2009LIUE01,Evan Liu,2010-01-30,20.28,3
2009LIUE01,Evan Liu,2010-01-30,21.71,4
2009LIUE01,Evan Liu,2010-04-18,20.91,5
2009LIUE01,Evan Liu,2010-06-13,21.23,6
2009LIUE01,Evan Liu,2010-06-13,18.13,7
2009LIUE01,Evan Liu,2010-06-13,21.16,8
2009LIUE01,Evan Liu,2010-08-06,20.03,9
2009LIUE01,Evan Liu,2010-10-16,17.15,10
2009LIUE01,Evan Liu,2010-10-16,18.37,11
2009LIUE01,Evan Liu,2010-10-16,17.27,12
2009LIUE01,Evan Liu,2010-11-06,18.48,13
2009LIUE01,Evan Liu,2010-11-06,16.26,14
2009LIUE01,Evan Liu,2010-12-11,18.06,15
2009LIUE01,Evan Liu,2010-12-11,18.14,16
2009LIUE01,Evan Liu,2011-02-19,17.05,17
2009LIUE01,Evan Liu,2011-02-19,15.12,18
2009LIUE01,Evan Liu,2011-06-18,16.35,19
2009LIUE01,Evan Liu,2011-06-18,15.47,20
2009LIUE01,Evan Liu,2011-06-18,14.4,21
2009LIUE01,Evan Liu,2011-09-17,16.74,22
2009LIUE01,Evan Liu,2011-09-17,14.79,23
2009LIUE01,Evan Liu,2011-09-17,14.82,24
2009LIUE01,Evan Liu,2011-12-10,13.92,25
2009LIUE01,Evan Liu,2011-12-10,12.7,26
2009LIUE01,Evan Liu,2011-12-10,14.36,27
2009LIUE01,Evan Liu,2012-01-21,13.33,28
2009LIUE01,Evan Liu,2012-01-21,12.74,29
2009LIUE01,Evan Liu,2012-01-21,13.5,30
2009LIUE01,Evan Liu,2012-04-14,13.99,31
2009LIUE01,Evan Liu,2012-04-14,12.91,32
2009LIUE01,Evan Liu,2012-04-14,13.43,33
2009LIUE01,Evan Liu,2012-05-27,14.37,34
2009LIUE01,Evan Liu,2012-05-27,12.67,35
2009LIUE01,Evan Liu,2012-05-27,13.86,36
2009LIUE01,Evan Liu,2012-07-21,16.01,37
2009LIUE01,Evan Liu,2012-07-21,13.57,38
2009LIUE01,Evan Liu,2012-07-21,13.57,39
2009LIUE01,Evan Liu,2012-07-28,13.7,40
2009LIUE01,Evan Liu,2012-07-28,13.96,41
2009LIUE01,Evan Liu,2012-08-03,14.39,42
2009LIUE01,Evan Liu,2012-08-03,13.69,43
2009LIUE01,Evan Liu,2012-10-13,12.81,44
2009LIUE01,Evan Liu,2012-10-13,12.63,45
2009LIUE01,Evan Liu,2012-10-13,12.57,46
2009LIUE01,Evan Liu,2012-12-08,12.89,47
2009LIUE01,Evan Liu,2012-12-08,12.47,48
2009LIUE01,Evan Liu,2012-12-08,13.5,49
2009LIUE01,Evan Liu,2013-04-13,12.6,50
2009LIUE01,Evan Liu,2013-04-13,12.04,51
2009LIUE01,Evan Liu,2013-04-13,11.71,52
2009LIUE01,Evan Liu,2013-05-11,12.47,53
2009LIUE01,Evan Liu,2013-05-11,13.7,54
2009LIUE01,Evan Liu,2013-05-11,12.54,55
2009LIUE01,Evan Liu,2013-06-15,13.14,56
2009LIUE01,Evan Liu,2013-06-15,10.89,57
2009LIUE01,Evan Liu,2013-06-15,12.5,58
2009LIUE01,Evan Liu,2013-07-06,12.15,59
2009LIUE01,Evan Liu,2013-07-06,11.53,60
2009LIUE01,Evan Liu,2013-07-06,12.24,61
2009LIUE01,Evan Liu,2013-07-26,13.19,62
2009LIUE01,Evan Liu,2013-07-26,11.6,63
2009LIUE01,Evan Liu,2013-07-26,11.88,64
2009LIUE01,Evan Liu,2013-10-12,11.88,65
2009LIUE01,Evan Liu,2013-10-12,12.01,66
2009LIUE01,Evan Liu,2013-10-12,12.27,67
2009LIUE01,Evan Liu,2013-11-09,12.72,68
2009LIUE01,Evan Liu,2013-11-09,12.07,69
2009LIUE01,Evan Liu,2013-11-09,12.87,70
2009LIUE01,Evan Liu,2013-11-23,12.59,71
2009LIUE01,Evan Liu,2013-11-23,14.58,72
2009LIUE01,Evan Liu,2014-02-22,13.1,73
2009LIUE01,Evan Liu,2014-02-22,11.52,74
2009LIUE01,Evan Liu,2014-02-22,11.78,75
2009LIUE01,Evan Liu,2014-04-05,14.02,76
2009LIUE01,Evan Liu,2014-04-05,11.35,77
2009LIUE01,Evan Liu,2014-04-05,12.31,78
2009LIUE01,Evan Liu,2014-05-10,13.42,79
2009LIUE01,Evan Liu,2014-05-10,11.92,80
2009LIUE01,Evan Liu,2014-05-10,12.37,81
2009LIUE01,Evan Liu,2014-05-17,12.29,82
2009LIUE01,Evan Liu,2014-05-17,11.79,83
2009LIUE01,Evan Liu,2014-05-17,10.58,84
2009LIUE01,Evan Liu,2014-06-14,12.66,85
2009LIUE01,Evan Liu,2014-06-14,12.04,86
2009LIUE01,Evan Liu,2014-06-14,12.12,87
2009LIUE01,Evan Liu,2014-08-01,11.97,88
2009LIUE01,Evan Liu,2014-08-01,13.78,89
2009LIUE01,Evan Liu,2014-10-11,12.36,90
2009LIUE01,Evan Liu,2014-10-11,12.96,91
2009LIUE01,Evan Liu,2014-10-11,11.04,92
2009LIUE01,Evan Liu,2014-11-22,12.5,93
2009LIUE01,Evan Liu,2014-11-22,11.45,94
2009LIUE01,Evan Liu,2014-12-13,11.61,95
2009LIUE01,Evan Liu,2014-12-13,11.68,96
2009LIUE01,Evan Liu,2014-12-13,11.81,97
2009LIUE01,Evan Liu,2015-03-07,11.05,98
2009LIUE01,Evan Liu,2015-03-07,10.13,99
2009LIUE01,Evan Liu,2015-03-07,11.55,100
2009LIUE01,Evan Liu,2015-04-04,10.22,101
2009LIUE01,Evan Liu,2015-04-04,10.07,102
2009LIUE01,Evan Liu,2015-04-04,12.04,103
2009LIUE01,Evan Liu,2015-05-09,11.08,104
2009LIUE01,Evan Liu,2015-05-09,12.01,105
2009LIUE01,Evan Liu,2015-05-09,11.87,106
2009LIUE01,Evan Liu,2015-06-06,11.64,107
2009LIUE01,Evan Liu,2015-06-06,10.37,108
2009LIUE01,Evan Liu,2015-06-06,11.66,109
2009LIUE01,Evan Liu,2015-07-31,11.07,110
2009LIUE01,Evan Liu,2015-07-31,11.53,111
2009LIUE01,Evan Liu,2015-07-31,11.23,112
2009LIUE01,Evan Liu,2015-09-12,10.85,113
2009LIUE01,Evan Liu,2015-09-12,10.84,114
2009LIUE01,Evan Liu,2015-09-12,11.71,115
2009LIUE01,Evan Liu,2015-09-26,10.0,116
2009LIUE01,Evan Liu,2015-09-26,10.16,117
2009LIUE01,Evan Liu,2015-11-07,9.95,118
2009LIUE01,Evan Liu,2015-11-07,11.99,119
2009LIUE01,Evan Liu,2015-11-07,11.68,120
2009LIUE01,Evan Liu,2015-12-05,10.99,121
2009LIUE01,Evan Liu,2015-12-05,11.94,122
2009LIUE01,Evan Liu,2015-12-05,11.08,123
2009LIUE01,Evan Liu,2015-12-19,11.2,124
2009LIUE01,Evan Liu,2015-12-19,10.46,125
2009LIUE01,Evan Liu,2015-12-19,11.02,126
2009LIUE01,Evan Liu,2016-01-30,12.64,127
2009LIUE01,Evan Liu,2016-01-30,9.98,128
2009LIUE01,Evan Liu,2016-01-30,11.98,129
2009LIUE01,Evan Liu,2016-04-02,10.03,130
2009LIUE01,Evan Liu,2016-04-02,11.28,131
2009LIUE01,Evan Liu,2016-04-02,10.29,132
2009LIUE01,Evan Liu,2016-04-30,10.76,133
2009LIUE01,Evan Liu,2016-04-30,10.19,134
2009LIUE01,Evan Liu,2016-04-30,10.28,135
2009LIUE01,Evan Liu,2016-06-25,11.57,136
2009LIUE01,Evan Liu,2016-06-25,10.58,137
2009LIUE01,Evan Liu,2016-06-25,10.99,138
2009LIUE01,Evan Liu,2016-07-15,9.93,139
2009LIUE01,Evan Liu,2016-07-15,10.63,140
2009LIUE01,Evan Liu,2016-07-30,11.64,141
2009LIUE01,Evan Liu,2016-07-30,11.56,142
2009LIUE01,Evan Liu,2016-07-30,10.91,143
2009LIUE01,Evan Liu,2016-08-27,10.68,144
2009LIUE01,Evan Liu,2016-08-27,11.87,145
2009LIUE01,Evan Liu,2016-08-27,10.21,146
2009LIUE01,Evan Liu,2016-10-01,9.55,147
2009LIUE01,Evan Liu,2016-10-01,9.73,148
2009LIUE01,Evan Liu,2016-10-01,10.11,149
2009LIUE01,Evan Liu,2016-11-04,11.51,150
2009LIUE01,Evan Liu,2016-11-04,10.87,151
2009LIUE01,Evan Liu,2016-11-04,11.49,152
2009LIUE01,Evan Liu,2016-12-17,10.97,153
2009LIUE01,Evan Liu,2016-12-17,9.76,154
2009LIUE01,Evan Liu,2016-12-17,11.94,155
2009LIUE01,Evan Liu,2017-01-14,12.13,156
2009LIUE01,Evan Liu,2017-01-14,10.21,157
2009LIUE01,Evan Liu,2017-01-14,10.91,158
2009LIUE01,Evan Liu,2017-03-04,9.7,159
2009LIUE01,Evan Liu,2017-03-04,10.82,160
2009LIUE01,Evan Liu,2017-03-04,10.4,161
2009LIUE01,Evan Liu,2017-04-15,10.92,162
2009LIUE01,Evan Liu,2017-04-15,10.47,163
2009LIUE01,Evan Liu,2017-04-15,10.91,164
2009LIUE01,Evan Liu,2017-06-03,10.58,165
2009LIUE01,Evan Liu,2017-06-03,10.38,166
2009LIUE01,Evan Liu,2017-06-24,10.79,167
2009LIUE01,Evan Liu,2017-06-24,10.56,168
2009LIUE01,Evan Liu,2017-06-24,10.92,169
2009LIUE01,Evan Liu,2017-07-08,10.75,170
2009LIUE01,Evan Liu,2017-07-08,9.68,171
2009LIUE01,Evan Liu,2017-07-08,11.7,172
2009LIUE01,Evan Liu,2017-07-13,10.84,173
2009LIUE01,Evan Liu,2017-07-13,10.97,174
2009LIUE01,Evan Liu,2017-08-26,9.17,175
2009LIUE01,Evan Liu,2017-08-26,9.37,176
2009LIUE01,Evan Liu,2017-08-26,9.85,177
2009LIUE01,Evan Liu,2017-09-23,10.55,178
2009LIUE01,Evan Liu,2017-09-23,10.87,179
2009LIUE01,Evan Liu,2017-09-23,10.03,180
2009LIUE01,Evan Liu,2017-10-27,11.07,181
2009LIUE01,Evan Liu,2017-10-27,10.12,182
2009LIUE01,Evan Liu,2017-10-27,9.95,183
2009LIUE01,Evan Liu,2017-10-27,10.91,184
2009LIUE01,Evan Liu,2017-11-25,10.53,185
2009LIUE01,Evan Liu,2017-11-25,11.61,186
2009LIUE01,Evan Liu,2017-11-25,10.07,187
2009LIUE01,Evan Liu,2017-12-02,11.22,188
2009LIUE01,Evan Liu,2017-12-02,9.93,189
2009LIUE01,Evan Liu,2017-12-02,9.18,190
2009LIUE01,Evan Liu,2018-07-27,10.62,191
2009LIUE01,Evan Liu,2018-07-27,9.94,192
2009LIUE01,Evan Liu,2018-07-27,10.13,193
2009LIUE01,Evan Liu,2018-08-17,10.92,194
2009LIUE01,Evan Liu,2018-08-17,10.93,195
2009LIUE01,Evan Liu,2018-08-17,9.72,196
2009LIUE01,Evan Liu,2018-08-17,11.02,197
2009LIUE01,Evan Liu,2018-12-08,10.38,198
2009LIUE01,Evan Liu,2018-12-08,10.1,199
2009LIUE01,Evan Liu,2018-12-08,10.55,200
2009LIUE01,Evan Liu,2019-03-09,10.49,201
2009LIUE01,Evan Liu,2019-03-09,10.95,202
2009LIUE01,Evan Liu,2019-03-09,11.48,203
2009LIUE01,Evan Liu,2019-04-20,10.3,204
2009LIUE01,Evan Liu,2019-04-20,9.86,205
2009LIUE01,Evan Liu,2019-04-20,9.4,206
2009LIUE01,Evan Liu,2019-05-11,8.65,207
2009LIUE01,Evan Liu,2019-05-11,10.32,208
2009LIUE01,Evan Liu,2019-06-08,9.76,209
2009LIUE01,Evan Liu,2019-06-08,8.98,210
2009LIUE01,Evan Liu,2019-06-08,10.69,211
2009LIUE01,Evan Liu,2019-06-15,9.87,212
2009LIUE01,Evan Liu,2019-06-15,9.08,213
2009LIUE01,Evan Liu,2019-06-15,10.98,214
2009LIUE01,Evan Liu,2019-06-22,10.26,215
2009LIUE01,Evan Liu,2019-06-22,10.86,216
2009LIUE01,Evan Liu,2019-06-22,10.27,217
2009LIUE01,Evan Liu,2019-07-11,9.61,218
2009LIUE01,Evan Liu,2019-07-11,9.42,219
2009LIUE01,Evan Liu,2019-08-01,10.12,220
2009LIUE01,Evan Liu,2019-08-01,9.27,221
2009LIUE01,Evan Liu,2019-08-01,11.11,222
2009LIUE01,Evan Liu,2019-09-21,8.32,223
2009LIUE01,Evan Liu,2019-09-21,11.21,224
2009LIUE01,Evan Liu,2019-09-21,10.67,225
2009LIUE01,Evan Liu,2019-10-12,9.57,226
2009LIUE01,Evan Liu,2019-10-12,9.73,227
2009LIUE01,Evan Liu,2019-10-12,9.77,228
2009LIUE01,Evan Liu,2019-11-23,10.08,229
2009LIUE01,Evan Liu,2019-11-23,9.72,230
2009LIUE01,Evan Liu,2019-11-23,9.21,231
2009LIUE01,Evan Liu,2019-12-07,10.2,232
2009LIUE01,Evan Liu,2019-12-07,11.28,233
2009LIUE01,Evan Liu,2019-12-07,10.17,234
2009LIUE01,Evan Liu,2020-01-11,11.07,235
2009LIUE01,Evan Liu,2020-01-11,9.89,236
2009LIUE01,Evan Liu,2020-01-11,9.36,237
2009LIUE01,Evan Liu,2020-01-18,10.41,238
2009LIUE01,Evan Liu,2020-01-18,11.59,239
2009LIUE01,Evan Liu,2020-02-15,9.91,240
2009LIUE01,Evan Liu,2020-02-15,10.59,241
2009LIUE01,Evan Liu,2020-02-15,10.26,242
2009LIUE01,Evan Liu,2021-07-31,11.12,243
2009LIUE01,Evan Liu,2021-07-31,10.9,244
2009LIUE01,Evan Liu,2021-11-14,8.02,245
2009LIUE01,Evan Liu,2021-11-14,8.94,246
2009LIUE01,Evan Liu,2021-11-14,10.57,247
2009LIUE01,Evan Liu,2021-11-20,8.66,248
2009LIUE01,Evan Liu,2021-11-20,9.78,249
2009LIUE01,Evan Liu,2022-01-16,9.13,250
2009LIUE01,Evan Liu,2022-01-16,11.91,251
2009LIUE01,Evan Liu,2022-03-19,10.1,252
2009LIUE01,Evan Liu,2022-03-19,10.23,253
2009LIUE01,Evan Liu,2022-04-30,10.67,254
2009LIUE01,Evan Liu,2022-04-30,12.12,255
2009LIUE01,Evan Liu,2022-05-27,9.74,256
2009LIUE01,Evan Liu,2022-05-27,10.36,257
2009LIUE01,Evan Liu,2022-05-27,10.91,258
2009LIUE01,Evan Liu,2022-06-04,10.0,259
2009LIUE01,Evan Liu,2022-06-04,11.24,260
2009LIUE01,Evan Liu,2022-06-04,9.59,261
2009LIUE01,Evan Liu,2022-07-02,9.89,262
2009LIUE01,Evan Liu,2022-07-02,10.21,263
2009LIUE01,Evan Liu,2022-07-02,9.39,264
2009LIUE01,Evan Liu,2022-07-02,9.89,265
2009LIUE01,Evan Liu,2022-07-07,9.46,266
2009LIUE01,Evan Liu,2022-07-07,10.87,267
2009LIUE01,Evan Liu,2022-07-23,10.07,268
2009LIUE01,Evan Liu,2022-07-23,8.45,269
2009LIUE01,Evan Liu,2022-07-23,9.65,270
2009LIUE01,Evan Liu,2022-07-30,9.99,271
2009LIUE01,Evan Liu,2022-07-30,9.55,272
2009LIUE01,Evan Liu,2022-07-30,8.79,273
2009LIUE01,Evan Liu,2022-08-14,9.95,274
2009LIUE01,Evan Liu,2022-08-14,10.1,275
2009LIUE01,Evan Liu,2022-08-14,11.11,276
2009LIUE01,Evan Liu,2022-08-20,8.71,277
2009LIUE01,Evan Liu,2022-08-20,8.55,278
2009LIUE01,Evan Liu,2022-08-20,10.89,279
2009LIUE01,Evan Liu,2022-08-27,10.13,280
2009LIUE01,Evan Liu,2022-08-27,10.15,281
2009LIUE01,Evan Liu,2022-09-10,8.96,282
2009LIUE01,Evan Liu,2022-09-10,11.25,283
2009LIUE01,Evan Liu,2022-09-18,8.51,284
2009LIUE01,Evan Liu,2022-09-18,8.53,285
2009LIUE01,Evan Liu,2022-09-18,10.62,286
2009LIUE01,Evan Liu,2022-10-07,9.7,287
2009LIUE01,Evan Liu,2022-10-07,10.02,288
2009LIUE01,Evan Liu,2022-10-07,9.73,289
2009LIUE01,Evan Liu,2022-10-07,10.98,290
2009LIUE01,Evan Liu,2022-10-15,9.46,291
2009LIUE01,Evan Liu,2022-10-15,10.26,292
2009LIUE01,Evan Liu,2022-10-15,10.2,293
2009LIUE01,Evan Liu,2022-11-05,8.59,294
2009LIUE01,Evan Liu,2022-11-05,8.28,295
2009LIUE01,Evan Liu,2022-11-05,9.73,296
2009LIUE01,Evan Liu,2022-11-19,10.31,297
2009LIUE01,Evan Liu,2022-11-19,10.61,298
2009LIUE01,Evan Liu,2022-11-19,8.67,299
2009LIUE01,Evan Liu,2022-11-20,10.42,300
2009LIUE01,Evan Liu,2022-11-20,9.74,301
2009LIUE01,Evan Liu,2022-11-20,9.66,302
2009LIUE01,Evan Liu,2022-12-03,13.48,303
2009LIUE01,Evan Liu,2022-12-03,9.57,304
2009LIUE01,Evan Liu,2022-12-10,9.35,305
2009LIUE01,Evan Liu,2022-12-10,9.31,306
2009LIUE01,Evan Liu,2022-12-17,10.64,307
2009LIUE01,Evan Liu,2022-12-17,10.56,308
2009LIUE01,Evan Liu,2022-12-31,9.51,309
2009LIUE01,Evan Liu,2022-12-31,9.43,310
2009LIUE01,Evan Liu,2023-01-07,10.16,311
2009LIUE01,Evan Liu,2023-01-07,9.67,312
2009LIUE01,Evan Liu,2023-01-07,10.09,313
2009LIUE01,Evan Liu,2023-01-08,9.68,314
2009LIUE01,Evan Liu,2023-01-08,9.81,315
2009LIUE01,Evan Liu,2023-01-14,9.98,316
2009LIUE01,Evan Liu,2023-01-14,9.15,317
2009LIUE01,Evan Liu,2023-01-14,10.08,318
2009LIUE01,Evan Liu,2023-02-05,9.81,319
2009LIUE01,Evan Liu,2023-02-05,10.1,320
2009LIUE01,Evan Liu,2023-02-25,11.55,321
2009LIUE01,Evan Liu,2023-02-25,10.57,322
2009LIUE01,Evan Liu,2023-02-25,10.66,323
2009LIUE01,Evan Liu,2023-03-11,8.92,324
2009LIUE01,Evan Liu,2023-03-11,10.15,325
2009LIUE01,Evan Liu,2023-03-11,10.91,326
2009LIUE01,Evan Liu,2023-03-18,9.36,327
2009LIUE01,Evan Liu,2023-03-18,9.55,328
2009LIUE01,Evan Liu,2023-03-25,8.92,329
2009LIUE01,Evan Liu,2023-03-25,10.87,330
2009LIUE01,Evan Liu,2023-03-25,10.75,331
2009LIUE01,Evan Liu,2023-04-08,10.8,332
2009LIUE01,Evan Liu,2023-04-08,7.92,333
2009LIUE01,Evan Liu,2023-04-08,8.88,334
2009LIUE01,Evan Liu,2023-04-15,10.1,335
2009LIUE01,Evan Liu,2023-04-15,11.23,336
2009LIUE01,Evan Liu,2023-04-22,11.02,337
2009LIUE01,Evan Liu,2023-04-22,8.74,338
2009LIUE01,Evan Liu,2023-04-22,9.76,339
2009LIUE01,Evan Liu,2023-05-06,8.92,340
2009LIUE01,Evan Liu,2023-05-06,9.14,341
2009LIUE01,Evan Liu,2023-05-13,8.51,342
2009LIUE01,Evan Liu,2023-05-13,8.39,343
2009LIUE01,Evan Liu,2023-05-13,9.33,344
2009LIUE01,Evan Liu,2023-05-21,11.26,345
2009LIUE01,Evan Liu,2023-05-21,9.67,346
2009LIUE01,Evan Liu,2023-05-21,10.16,347
2009LIUE01,Evan Liu,2023-06-03,8.9,348
2009LIUE01,Evan Liu,2023-06-03,8.98,349
2009LIUE01,Evan Liu,2023-06-03,9.42,350
2009LIUE01,Evan Liu,2023-06-10,9.8,351
2009LIUE01,Evan Liu,2023-06-10,10.79,352
2009LIUE01,Evan Liu,2023-06-10,8.82,353
2009LIUE01,Evan Liu,2023-06-17,9.8,354
2009LIUE01,Evan Liu,2023-06-17,11.4,355
2009LIUE01,Evan Liu,2023-06-17,9.21,356
2009LIUE01,Evan Liu,2023-07-08,9.77,357
2009LIUE01,Evan Liu,2023-07-08,10.03,358
2009LIUE01,Evan Liu,2023-07-09,10.65,359
2009LIUE01,Evan Liu,2023-07-09,10.58,360
2009LIUE01,Evan Liu,2023-07-09,9.2,361
2009LIUE01,Evan Liu,2023-07-15,10.38,362
2009LIUE01,Evan Liu,2023-07-15,9.47,363
2009LIUE01,Evan Liu,2023-07-24,9.29,364
2009LIUE01,Evan Liu,2023-07-24,8.66,365
2009LIUE01,Evan Liu,2023-07-27,9.84,366
2009LIUE01,Evan Liu,2023-07-27,8.77,367
2009LIUE01,Evan Liu,2023-08-05,9.5,368
2009LIUE01,Evan Liu,2023-08-05,9.61,369
2009LIUE01,Evan Liu,2023-08-05,9.66,370
2009LIUE01,Evan Liu,2023-08-11,10.83,371
2009LIUE01,Evan Liu,2023-08-11,9.23,372
2009LIUE01,Evan Liu,2023-08-11,9.83,373
2009LIUE01,Evan Liu,2023-08-20,10.87,374
2009LIUE01,Evan Liu,2023-08-20,10.01,375
2009LIUE01,Evan Liu,2023-08-20,10.94,376
2009LIUE01,Evan Liu,2023-08-26,8.77,377
2009LIUE01,Evan Liu,2023-08-26,8.92,378
2009LIUE01,Evan Liu,2023-08-26,8.97,379
2009LIUE01,Evan Liu,2023-09-09,7.82,380
2009LIUE01,Evan Liu,2023-09-09,9.6,381
2009LIUE01,Evan Liu,2023-09-09,10.45,382
2009LIUE01,Evan Liu,2023-09-23,9.24,383
2009LIUE01,Evan Liu,2023-09-23,10.24,384
2009LIUE01,Evan Liu,2023-09-23,9.86,385
2009LIUE01,Evan Liu,2023-09-30,10.13,386
2009LIUE01,Evan Liu,2023-09-30,9.81,387
2009LIUE01,Evan Liu,2023-10-07,8.78,388
2009LIUE01,Evan Liu,2023-10-07,9.16,389
2009LIUE01,Evan Liu,2023-10-07,9.07,390
2009LIUE01,Evan Liu,2023-10-21,10.98,391
2009LIUE01,Evan Liu,2023-10-21,9.09,392
2009LIUE01,Evan Liu,2023-10-21,9.21,393
2009LIUE01,Evan Liu,2023-11-04,9.51,394
2009LIUE01,Evan Liu,2023-11-04,10.42,395
2009LIUE01,Evan Liu,2023-11-18,9.0,396
2009LIUE01,Evan Liu,2023-11-18,9.37,397
2009LIUE01,Evan Liu,2023-11-18,8.6,398
2009LIUE01,Evan Liu,2023-11-19,11.02,399
2009LIUE01,Evan Liu,2023-11-19,9.71,400
2009LIUE01,Evan Liu,2023-11-19,10.1,401
2009LIUE01,Evan Liu,2023-12-02,9.83,402
2009LIUE01,Evan Liu,2023-12-02,9.34,403
2009LIUE01,Evan Liu,2023-12-02,10.32,404
2009LIUE01,Evan Liu,2023-12-03,9.58,405
2009LIUE01,Evan Liu,2023-12-03,9.24,406
2009LIUE01,Evan Liu,2023-12-03,10.11,407
2009LIUE01,Evan Liu,2023-12-09,10.03,408
2009LIUE01,Evan Liu,2023-12-09,9.43,409
2009LIUE01,Evan Liu,2023-12-31,7.62,410
2009LIUE01,Evan Liu,2023-12-31,10.4,411
2009LIUE01,Evan Liu,2024-01-06,10.25,412
2009LIUE01,Evan Liu,2024-01-06,8.58,413
2009LIUE01,Evan Liu,2024-01-06,10.08,414
2009LIUE01,Evan Liu,2024-01-13,8.22,415
2009LIUE01,Evan Liu,2024-01-13,10.44,416
2009LIUE01,Evan Liu,2024-01-14,9.56,417
2009LIUE01,Evan Liu,2024-01-14,10.08,418
2009LIUE01,Evan Liu,2024-01-27,8.49,419
2009LIUE01,Evan Liu,2024-01-27,10.04,420
2009LIUE01,Evan Liu,2024-01-27,8.75,421
2009LIUE01,Evan Liu,2024-02-03,8.91,422
2009LIUE01,Evan Liu,2024-02-03,9.86,423
2009LIUE01,Evan Liu,2024-02-03,10.76,424
2009LIUE01,Evan Liu,2024-02-10,8.84,425
2009LIUE01,Evan Liu,2024-02-10,12.49,426
2009LIUE01,Evan Liu,2024-02-17,8.85,427
2009LIUE01,Evan Liu,2024-02-17,9.18,428
2009LIUE01,Evan Liu,2024-02-17,9.33,429
2009LIUE01,Evan Liu,2024-03-02,9.04,430
2009LIUE01,Evan Liu,2024-03-02,10.33,431
2009LIUE01,Evan Liu,2024-03-02,10.54,432
2009LIUE01,Evan Liu,2024-03-09,10.15,433
2009LIUE01,Evan Liu,2024-03-09,8.68,434
2009LIUE01,Evan Liu,2024-03-09,9.39,435
2009LIUE01,Evan Liu,2024-03-10,9.89,436
2009LIUE01,Evan Liu,2024-03-10,9.31,437
2009LIUE01,Evan Liu,2024-03-10,9.92,438
2009LIUE01,Evan Liu,2024-03-16,8.53,439
2009LIUE01,Evan Liu,2024-03-16,8.06,440
2009LIUE01,Evan Liu,2024-03-16,7.48,441
2009LIUE01,Evan Liu,2024-03-24,9.02,442
2009LIUE01,Evan Liu,2024-03-24,9.92,443
2009LIUE01,Evan Liu,2024-03-30,8.41,444
2009LIUE01,Evan Liu,2024-03-30,8.92,445
2009LIUE01,Evan Liu,2024-03-30,8.91,446
2009LIUE01,Evan Liu,2024-04-06,8.51,447
2009LIUE01,Evan Liu,2024-04-06,9.31,448
2009LIUE01,Evan Liu,2024-04-06,8.87,449
2009LIUE01,Evan Liu,2024-04-13,10.72,450
2009LIUE01,Evan Liu,2024-04-13,9.03,451
2009LIUE01,Evan Liu,2024-04-20,8.68,452
2009LIUE01,Evan Liu,2024-04-20,9.98,453
2009LIUE01,Evan Liu,2024-04-20,10.52,454
2009LIUE01,Evan Liu,2024-04-27,8.96,455
2009LIUE01,Evan Liu,2024-04-27,9.63,456
2009LIUE01,Evan Liu,2024-05-11,8.98,457
2009LIUE01,Evan Liu,2024-05-11,8.17,458
2009LIUE01,Evan Liu,2024-05-11,8.44,459
2009LIUE01,Evan Liu,2024-05-18,9.7,460
2009LIUE01,Evan Liu,2024-05-18,10.77,461
2009LIUE01,Evan Liu,2024-05-18,9.06,462
2009LIUE01,Evan Liu,2024-05-25,10.38,463
2009LIUE01,Evan Liu,2024-05-25,9.71,464
2009LIUE01,Evan Liu,2024-05-25,10.41,465
2009LIUE01,Evan Liu,2024-06-02,9.65,466
2009LIUE01,Evan Liu,2024-06-02,8.64,467
2009LIUE01,Evan Liu,2024-06-02,8.84,468
2009LIUE01,Evan Liu,2024-06-08,8.54,469
2009LIUE01,Evan Liu,2024-06-08,9.93,470
2009LIUE01,Evan Liu,2024-06-08,9.16,471
2009LIUE01,Evan Liu,2024-06-15,7.81,472
2009LIUE01,Evan Liu,2024-06-15,10.33,473
2009LIUE01,Evan Liu,2024-06-15,9.26,474
2009LIUE01,Evan Liu,2024-06-16,9.9,475
2009LIUE01,Evan Liu,2024-06-16,9.42,476
2009LIUE01,Evan Liu,2024-06-16,9.82,477
2009LIUE01,Evan Liu,2024-06-21,8.4,478
2009LIUE01,Evan Liu,2024-06-21,8.48,479
2009LIUE01,Evan Liu,2024-06-21,10.38,480
2009LIUE01,Evan Liu,2024-06-29,8.49,481
2009LIUE01,Evan Liu,2024-06-29,8.91,482
2009LIUE01,Evan Liu,2024-06-29,9.75,483
2009LIUE01,Evan Liu,2024-07-13,9.84,484
2009LIUE01,Evan Liu,2024-07-13,9.73,485
2009LIUE01,Evan Liu,2024-07-13,7.71,486
2009LIUE01,Evan Liu,2024-07-14,9.84,487
2009LIUE01,Evan Liu,2024-07-14,8.27,488
2009LIUE01,Evan Liu,2024-07-14,8.7,489
2009LIUE01,Evan Liu,2024-07-27,9.22,490
2009LIUE01,Evan Liu,2024-07-27,10.4,491
2009LIUE01,Evan Liu,2024-08-04,9.8,492
2009LIUE01,Evan Liu,2024-08-04,9.48,493
2009LIUE01,Evan Liu,2024-08-04,9.39,494
2009LIUE01,Evan Liu,2024-08-10,10.78,495
2009LIUE01,Evan Liu,2024-08-10,8.55,496
2009LIUE01,Evan Liu,2024-08-10,9.39,497
2009LIUE01,Evan Liu,2024-08-13,10.41,498
2009LIUE01,Evan Liu,2024-08-22,8.89,499
2009LIUE01,Evan Liu,2024-08-22,10.19,500
2009LIUE01,Evan Liu,2024-08-24,9.26,501
2009LIUE01,Evan Liu,2024-08-24,7.77,502
2009LIUE01,Evan Liu,2024-09-08,9.93,503
2009LIUE01,Evan Liu,2024-09-08,9.97,504
2009LIUE01,Evan Liu,2024-09-08,9.44,505
2009LIUE01,Evan Liu,2024-09-14,9.28,506
2009LIUE01,Evan Liu,2024-09-14,8.5,507
2009LIUE01,Evan Liu,2024-09-14,10.37,508
2009LIUE01,Evan Liu,2024-09-21,9.34,509
2009LIUE01,Evan Liu,2024-09-21,9.55,510
2009LIUE01,Evan Liu,2024-09-21,8.96,511
2009LIUE01,Evan Liu,2024-09-22,10.03,512
2009LIUE01,Evan Liu,2024-09-22,9.27,513
2009LIUE01,Evan Liu,2024-09-22,9.78,514
2009LIUE01,Evan Liu,2024-10-06,8.11,515
2009LIUE01,Evan Liu,2024-10-06,9.26,516
2009LIUE01,Evan Liu,2024-10-06,8.28,517
2009LIUE01,Evan Liu,2024-10-12,7.4,518
2009LIUE01,Evan Liu,2024-10-12,8.42,519
2009LIUE01,Evan Liu,2024-10-12,8.62,520
2009LIUE01,Evan Liu,2024-10-19,8.69,521
2009LIUE01,Evan Liu,2024-10-19,8.89,522
2009LIUE01,Evan Liu,2024-10-26,9.22,523
2009LIUE01,Evan Liu,2024-10-26,10.13,524
2009LIUE01,Evan Liu,2024-10-26,9.79,525
2009LIUE01,Evan Liu,2024-11-02,9.62,526
2009LIUE01,Evan Liu,2024-11-02,8.6,527
2009LIUE01,Evan Liu,2024-11-02,8.64,528
2009LIUE01,Evan Liu,2024-11-09,8.94,529
2009LIUE01,Evan Liu,2024-11-10,9.28,530
2009LIUE01,Evan Liu,2024-11-10,7.21,531
2009LIUE01,Evan Liu,2024-11-16,8.03,532
2009LIUE01,Evan Liu,2024-11-16,8.56,533
2009LIUE01,Evan Liu,2024-11-17,8.5,534
2009LIUE01,Evan Liu,2024-11-17,8.25,535
2009LIUE01,Evan Liu,2024-11-24,8.16,536
2009LIUE01,Evan Liu,2024-11-24,7.42,537
2009LIUE01,Evan Liu,2024-12-07,9.49,538
2009LIUE01,Evan Liu,2024-12-07,8.8,539
2009LIUE01,Evan Liu,2024-12-07,8.08,540
2009LIUE01,Evan Liu,2024-12-21,9.3,541
2009LIUE01,Evan Liu,2024-12-21,8.97,542
2009LIUE01,Evan Liu,2024-12-21,9.41,543
2009LIUE01,Evan Liu,2024-12-31,9.04,544
2009LIUE01,Evan Liu,2024-12-31,8.96,545
2009LIUE01,Evan Liu,2025-01-04,9.06,546
2009LIUE01,Evan Liu,2025-01-04,9.97,547
2009LIUE01,Evan Liu,2025-01-11,9.27,548
2009LIUE01,Evan Liu,2025-01-11,10.16,549
2009LIUE01,Evan Liu,2025-01-12,9.74,550
2009LIUE01,Evan Liu,2025-01-12,10.37,551
2009LIUE01,Evan Liu,2025-01-12,9.42,552
2009LIUE01,Evan Liu,2025-01-18,9.79,553
2009LIUE01,Evan Liu,2025-01-18,9.52,554
2009LIUE01,Evan Liu,2025-01-18,9.88,555
2009LIUE01,Evan Liu,2025-01-25,8.46,556
2009LIUE01,Evan Liu,2025-01-25,8.22,557
2009LIUE01,Evan Liu,2025-01-25,9.13,558
2009LIUE01,Evan Liu,2025-01-26,11.71,559
2009LIUE01,Evan Liu,2025-01-26,8.97,560
2009LIUE01,Evan Liu,2025-02-01,9.61,561
2009LIUE01,Evan Liu,2025-02-01,9.01,562
2009LIUE01,Evan Liu,2025-02-01,8.62,563
2009LIUE01,Evan Liu,2025-02-08,8.06,564
2009LIUE01,Evan Liu,2025-02-08,7.95,565
2009LIUE01,Evan Liu,2025-02-08,7.48,566
2009LIUE01,Evan Liu,2025-03-08,8.19,567
2009LIUE01,Evan Liu,2025-03-08,9.57,568
2009LIUE01,Evan Liu,2025-03-15,9.79,569
2009LIUE01,Evan Liu,2025-03-15,8.99,570
2009LIUE01,Evan Liu,2025-03-15,9.24,571
2009LIUE01,Evan Liu,2025-03-22,9.09,572
2009LIUE01,Evan Liu,2025-03-22,9.1,573
2009LIUE01,Evan Liu,2025-03-22,7.68,574
2009LIUE01,Evan Liu,2025-03-23,8.96,575
2009LIUE01,Evan Liu,2025-03-23,9.76,576
2009LIUE01,Evan Liu,2025-03-23,7.07,577
2009LIUE01,Evan Liu,2025-03-29,7.74,578
2009LIUE01,Evan Liu,2025-03-29,9.58,579
2009LIUE01,Evan Liu,2025-03-29,9.58,580
2009LIUE01,Evan Liu,2025-03-30,9.31,581
2009LIUE01,Evan Liu,2025-03-30,9.49,582
2009LIUE01,Evan Liu,2025-04-12,10.08,583
2009LIUE01,Evan Liu,2025-04-12,9.11,584
2009LIUE01,Evan Liu,2025-04-12,9.44,585
2009LIUE01,Evan Liu,2025-04-19,8.68,586
2009LIUE01,Evan Liu,2025-04-19,9.46,587
2009LIUE01,Evan Liu,2025-04-19,10.03,588
2009LIUE01,Evan Liu,2025-04-20,9.33,589
2009LIUE01,Evan Liu,2025-04-20,8.99,590
2009LIUE01,Evan Liu,2025-05-04,10.66,591
2009LIUE01,Evan Liu,2025-05-04,9.7,592
2009LIUE01,Evan Liu,2025-05-04,9.43,593
2009LIUE01,Evan Liu,2025-05-10,9.07,594
2009LIUE01,Evan Liu,2025-05-10,9.0,595
2009LIUE01,Evan Liu,2025-05-10,9.6,596
2009LIUE01,Evan Liu,2025-05-17,9.31,597
2009LIUE01,Evan Liu,2025-05-17,9.46,598
2009LIUE01,Evan Liu,2025-05-24,9.4,599
2009LIUE01,Evan Liu,2025-05-24,8.55,600
2009LIUE01,Evan Liu,2025-05-24,9.55,601
2009LIUE01,Evan Liu,2025-06-07,8.5,602
2009LIUE01,Evan Liu,2025-06-07,8.61,603
2009LIUE01,Evan Liu,2025-06-07,8.64,604
2009LIUE01,Evan Liu,2025-06-21,8.61,605
2009LIUE01,Evan Liu,2025-06-21,8.63,606
2009LIUE01,Evan Liu,2025-06-21,9.24,607
2009LIUE01,Evan Liu,2025-06-22,8.23,608
2009LIUE01,Evan Liu,2025-06-28,7.98,609
2009LIUE01,Evan Liu,2025-06-28,8.05,610
2009LIUE01,Evan Liu,2025-07-03,9.45,611
2009LIUE01,Evan Liu,2025-07-03,9.27,612
2009LIUE01,Evan Liu,2025-07-12,9.49,613
2009LIUE01,Evan Liu,2025-07-12,8.59,614
2009LIUE01,Evan Liu,2025-07-12,8.61,615
2009LIUE01,Evan Liu,2025-07-19,8.81,616
2009LIUE01,Evan Liu,2025-07-19,9.4,617
2009LIUE01,Evan Liu,2025-07-19,8.2,618
2009LIUE01,Evan Liu,2025-07-26,8.69,619
2009LIUE01,Evan Liu,2025-07-26,9.05,620
2009LIUE01,Evan Liu,2025-07-26,7.95,621
2009LIUE01,Evan Liu,2025-08-02,10.07,622
2009LIUE01,Evan Liu,2025-08-02,8.61,623
2009LIUE01,Evan Liu,2025-08-09,8.79,624
2009LIUE01,Evan Liu,2025-08-09,8.94,625
2009LIUE01,Evan Liu,2025-08-09,9.18,626
2009LIUE01,Evan Liu,2025-08-23,6.98,627
2009LIUE01,Evan Liu,2025-08-23,8.45,628
2009LIUE01,Evan Liu,2025-08-23,8.31,629
2009LIUE01,Evan Liu,2025-08-30,9.01,630
2009LIUE01,Evan Liu,2025-08-30,8.66,631
2009LIUE01,Evan Liu,2025-08-30,10.4,632
2009LIUE01,Evan Liu,2025-09-13,9.61,633
2009LIUE01,Evan Liu,2025-09-13,8.28,634
2009LIUE01,Evan Liu,2025-09-13,8.56,635
2009LIUE01,Evan Liu,2025-09-27,10.79,636
2009LIUE01,Evan Liu,2025-09-27,8.78,637
2009LIUE01,Evan Liu,2025-10-12,8.52,638
2009LIUE01,Evan Liu,2025-10-12,8.35,639
2009LIUE01,Evan Liu,2025-10-12,9.07,640
2009LIUE01,Evan Liu,2025-10-25,9.17,641
2009LIUE01,Evan Liu,2025-10-25,8.87,642
2009LIUE01,Evan Liu,2025-10-26,10.0,643
2009LIUE01,Evan Liu,2025-10-26,9.73,644
2009LIUE01,Evan Liu,2025-11-08,8.53,645
2009LIUE01,Evan Liu,2025-11-08,8.56,646
2009LIUE01,Evan Liu,2025-12-06,8.82,647
2009LIUE01,Evan Liu,2025-12-06,9.22,648
2009LIUE01,Evan Liu,2025-12-06,9.36,649
2009LIUE01,Evan Liu,2025-12-07,9.14,650
2009LIUE01,Evan Liu,2025-12-07,9.25,651
2009LIUE01,Evan Liu,2025-12-07,9.67,652
2009LIUE01,Evan Liu,2025-12-20,9.62,653
2009LIUE01,Evan Liu,2025-12-20,10.01,654
2009LIUE01,Evan Liu,2025-12-21,9.05,655
2009LIUE01,Evan Liu,2025-12-31,9.47,656
2009LIUE01,Evan Liu,2025-12-31,10.02,657
2009LIUE01,Evan Liu,2026-01-17,8.73,658
2009LIUE01,Evan Liu,2026-01-17,8.51,659
2009LIUE01,Evan Liu,2026-01-17,9.57,660
2009LIUE01,Evan Liu,2026-02-07,10.47,661
2009LIUE01,Evan Liu,2026-02-07,8.7,662
2009LIUE01,Evan Liu,2026-02-14,8.06,663
2009LIUE01,Evan Liu,2026-02-14,7.41,664
2009LIUE01,Evan Liu,2026-02-14,8.03,665
2009LIUE01,Evan Liu,2026-02-21,8.59,666
2009LIUE01,Evan Liu,2026-02-21,8.03,667
2009LIUE01,Evan Liu,2026-02-28,7.8,668
2009LIUE01,Evan Liu,2026-02-28,7.85,669
2009LIUE01,Evan Liu,2026-02-28,8.2,670
2009LIUE01,Evan Liu,2026-03-07,9.72,671
2009LIUE01,Evan Liu,2026-03-07,10.48,672
2009LIUE01,Evan Liu,2026-03-14,8.45,673
2009LIUE01,Evan Liu,2026-03-14,8.98,674
2009LIUE01,Evan Liu,2026-03-14,9.02,675
2009LIUE01,Evan Liu,2026-03-21,8.78,676
2009LIUE01,Evan Liu,2026-03-21,8.94,677
2009LIUE01,Evan Liu,2026-03-28,8.91,678
2009LIUE01,Evan Liu,2026-03-28,8.66,679
2009LIUE01,Evan Liu,2026-04-04,9.97,680
2009LIUE01,Evan Liu,2026-04-04,9.66,681
2009LIUE01,Evan Liu,2026-04-04,9.07,682
2009LIUE01,Evan Liu,2026-04-10,9.88,683
2009LIUE01,Evan Liu,2026-04-10,9.55,684
2009LIUE01,Evan Liu,2026-04-10,10.22,685
2009LIUE01,Evan Liu,2026-04-25,9.84,686
2009LIUE01,Evan Liu,2026-04-25,7.02,687
2009LIUE01,Evan Liu,2026-04-26,9.06,688
2009LIUE01,Evan Liu,2026-04-26,8.31,689
2009LIUE01,Evan Liu,2026-05-02,9.19,690
2009LIUE01,Evan Liu,2026-05-02,8.67,691
2009LIUE01,Evan Liu,2026-05-02,9.09,692
2009LIUE01,Evan Liu,2026-05-09,9.32,693
2009LIUE01,Evan Liu,2026-05-09,8.66,694
2009LIUE01,Evan Liu,2026-05-09,10.52,695
2009LIUE01,Evan Liu,2026-05-10,8.43,696
2009LIUE01,Evan Liu,2026-05-10,9.02,697
2009LIUE01,Evan Liu,2026-05-17,9.73,698
2009LIUE01,Evan Liu,2026-05-17,9.93,699
2009LIUE01,Evan Liu,2026-05-17,8.28,700
2009PROV01,Matteo Provasi,2009-12-07,39.03,1
2009PROV01,Matteo Provasi,2010-03-07,37.25,2
2009PROV01,Matteo Provasi,2010-04-25,28.73,3
2009PROV01,Matteo Provasi,2010-04-25,26.2,4
2009PROV01,Matteo Provasi,2010-06-05,26.46,5
2009PROV01,Matteo Provasi,2010-09-12,20.72,6
2009PROV01,Matteo Provasi,2010-09-12,21.12,7
2009PROV01,Matteo Provasi,2010-10-02,20.87,8
2009PROV01,Matteo Provasi,2010-10-31,21.03,9
2009PROV01,Matteo Provasi,2010-10-31,20.8,10
2009PROV01,Matteo Provasi,2011-03-05,20.32,11
2009PROV01,Matteo Provasi,2011-04-21,18.98,12
2009PROV01,Matteo Provasi,2011-04-21,19.01,13
2009PROV01,Matteo Provasi,2011-06-11,18.18,14
2009PROV01,Matteo Provasi,2011-06-11,18.13,15
2009PROV01,Matteo Provasi,2011-07-23,16.6,16
2009PROV01,Matteo Provasi,2011-07-23,16.68,17
2009PROV01,Matteo Provasi,2011-09-04,17.04,18
2009PROV01,Matteo Provasi,2011-09-04,19.07,19
2009PROV01,Matteo Provasi,2011-10-01,17.1,20
2009PROV01,Matteo Provasi,2011-10-01,19.03,21
2009PROV01,Matteo Provasi,2011-11-12,16.31,22
2009PROV01,Matteo Provasi,2011-11-12,16.39,23
2009PROV01,Matteo Provasi,2011-11-12,18.6,24
2009PROV01,Matteo Provasi,2011-12-17,16.5,25
2009PROV01,Matteo Provasi,2011-12-17,16.03,26
2009PROV01,Matteo Provasi,2012-03-10,15.11,27
2009PROV01,Matteo Provasi,2012-03-10,15.88,28
2009PROV01,Matteo Provasi,2012-04-01,15.89,29
2009PROV01,Matteo Provasi,2012-04-01,15.5,30
2009PROV01,Matteo Provasi,2012-04-01,16.3,31
2009PROV01,Matteo Provasi,2012-04-29,16.42,32
2009PROV01,Matteo Provasi,2012-04-29,15.98,33
2009PROV01,Matteo Provasi,2012-06-09,15.09,34
2009PROV01,Matteo Provasi,2012-06-09,16.19,35
2009PROV01,Matteo Provasi,2012-06-09,15.64,36
2009PROV01,Matteo Provasi,2012-10-06,16.93,37
2009PROV01,Matteo Provasi,2012-10-06,17.07,38
2009PROV01,Matteo Provasi,2012-10-06,15.53,39
2009PROV01,Matteo Provasi,2012-12-08,17.47,40
2009PROV01,Matteo Provasi,2012-12-08,14.68,41
2009PROV01,Matteo Provasi,2013-01-12,14.47,42
2009PROV01,Matteo Provasi,2013-01-12,20.43,43
2009PROV01,Matteo Provasi,2013-03-09,16.56,44
2009PROV01,Matteo Provasi,2013-03-09,15.93,45
2009PROV01,Matteo Provasi,2013-04-20,15.7,46
2009PROV01,Matteo Provasi,2013-04-20,15.48,47
2009PROV01,Matteo Provasi,2013-09-07,14.87,48
2009PROV01,Matteo Provasi,2013-09-07,16.14,49
2009PROV01,Matteo Provasi,2013-09-22,15.74,50
2009PROV01,Matteo Provasi,2013-09-22,13.36,51
2009PROV01,Matteo Provasi,2013-09-22,15.22,52
2009PROV01,Matteo Provasi,2013-10-05,15.17,53
2009PROV01,Matteo Provasi,2013-10-05,14.76,54
2009PROV01,Matteo Provasi,2013-10-05,13.11,55
2009PROV01,Matteo Provasi,2013-11-02,14.84,56
2009PROV01,Matteo Provasi,2013-11-02,15.75,57
2009PROV01,Matteo Provasi,2013-11-30,15.36,58
2009PROV01,Matteo Provasi,2013-11-30,13.93,59
2009PROV01,Matteo Provasi,2014-01-12,16.18,60
2009PROV01,Matteo Provasi,2014-01-12,13.29,61
2009PROV01,Matteo Provasi,2014-01-12,13.91,62
2009PROV01,Matteo Provasi,2014-03-09,14.02,63
2009PROV01,Matteo Provasi,2014-03-09,15.69,64
2009PROV01,Matteo Provasi,2014-03-09,12.35,65
2009PROV01,Matteo Provasi,2014-03-29,13.42,66
2009PROV01,Matteo Provasi,2014-03-29,15.27,67
2009PROV01,Matteo Provasi,2014-03-29,14.32,68
2009PROV01,Matteo Provasi,2014-04-05,15.64,69
2009PROV01,Matteo Provasi,2014-04-05,14.28,70
2009PROV01,Matteo Provasi,2014-04-05,14.64,71
2009PROV01,Matteo Provasi,2014-05-10,15.14,72
2009PROV01,Matteo Provasi,2014-05-10,13.92,73
2009PROV01,Matteo Provasi,2014-05-24,14.06,74
2009PROV01,Matteo Provasi,2014-05-24,14.57,75
2009PROV01,Matteo Provasi,2014-05-24,14.22,76
2009PROV01,Matteo Provasi,2014-05-31,14.26,77
2009PROV01,Matteo Provasi,2014-05-31,13.6,78
2009PROV01,Matteo Provasi,2014-05-31,14.02,79
2009PROV01,Matteo Provasi,2014-06-21,14.52,80
2009PROV01,Matteo Provasi,2014-06-21,13.77,81
2009PROV01,Matteo Provasi,2014-06-21,15.39,82
2009PROV01,Matteo Provasi,2014-09-06,14.24,83
2009PROV01,Matteo Provasi,2014-09-06,14.58,84
2009PROV01,Matteo Provasi,2014-09-06,15.09,85
2009PROV01,Matteo Provasi,2014-09-14,13.11,86
2009PROV01,Matteo Provasi,2014-09-14,14.28,87
2009PROV01,Matteo Provasi,2014-09-14,14.81,88
2009PROV01,Matteo Provasi,2014-11-22,12.84,89
2009PROV01,Matteo Provasi,2014-11-22,13.6,90
2009PROV01,Matteo Provasi,2014-11-22,13.47,91
2009PROV01,Matteo Provasi,2014-12-13,13.07,92
2009PROV01,Matteo Provasi,2014-12-13,14.77,93
2009PROV01,Matteo Provasi,2015-01-04,13.92,94
2009PROV01,Matteo Provasi,2015-01-04,14.02,95
2009PROV01,Matteo Provasi,2015-01-04,14.61,96
2009PROV01,Matteo Provasi,2015-02-22,15.19,97
2009PROV01,Matteo Provasi,2015-02-22,15.2,98
2009PROV01,Matteo Provasi,2015-02-22,13.92,99
2009PROV01,Matteo Provasi,2015-03-29,12.91,100
2009PROV01,Matteo Provasi,2015-03-29,13.04,101
2009PROV01,Matteo Provasi,2015-03-29,15.07,102
2009PROV01,Matteo Provasi,2015-04-11,13.96,103
2009PROV01,Matteo Provasi,2015-04-11,13.03,104
2009PROV01,Matteo Provasi,2015-04-11,14.23,105
2009PROV01,Matteo Provasi,2015-05-10,14.33,106
2009PROV01,Matteo Provasi,2015-05-10,13.57,107
2009PROV01,Matteo Provasi,2015-05-10,12.32,108
2009PROV01,Matteo Provasi,2015-05-30,13.89,109
2009PROV01,Matteo Provasi,2015-05-30,13.83,110
2009PROV01,Matteo Provasi,2015-08-29,13.45,111
2009PROV01,Matteo Provasi,2015-08-29,12.91,112
2009PROV01,Matteo Provasi,2015-08-29,14.28,113
2009PROV01,Matteo Provasi,2015-09-19,15.68,114
2009PROV01,Matteo Provasi,2015-09-19,13.35,115
2009PROV01,Matteo Provasi,2015-09-19,12.84,116
2009PROV01,Matteo Provasi,2015-10-11,14.64,117
2009PROV01,Matteo Provasi,2015-10-11,13.54,118
2009PROV01,Matteo Provasi,2015-10-11,12.15,119
2009PROV01,Matteo Provasi,2015-10-17,13.23,120
2009PROV01,Matteo Provasi,2015-10-17,13.45,121
2009PROV01,Matteo Provasi,2015-10-17,13.42,122
2009PROV01,Matteo Provasi,2015-10-31,12.84,123
2009PROV01,Matteo Provasi,2015-10-31,13.13,124
2009PROV01,Matteo Provasi,2015-10-31,13.27,125
2009PROV01,Matteo Provasi,2015-11-21,13.52,126
2009PROV01,Matteo Provasi,2015-11-21,12.81,127
2009PROV01,Matteo Provasi,2015-12-05,14.83,128
2009PROV01,Matteo Provasi,2015-12-05,14.32,129
2009PROV01,Matteo Provasi,2016-01-16,12.8,130
2009PROV01,Matteo Provasi,2016-01-16,13.92,131
2009PROV01,Matteo Provasi,2016-01-16,13.0,132
2009PROV01,Matteo Provasi,2016-02-06,13.12,133
2009PROV01,Matteo Provasi,2016-02-06,13.56,134
2009PROV01,Matteo Provasi,2016-03-13,13.4,135
2009PROV01,Matteo Provasi,2016-03-13,13.25,136
2009PROV01,Matteo Provasi,2016-03-13,14.02,137
2009PROV01,Matteo Provasi,2016-04-17,13.34,138
2009PROV01,Matteo Provasi,2016-04-17,12.45,139
2009PROV01,Matteo Provasi,2016-04-17,12.62,140
2009PROV01,Matteo Provasi,2016-05-14,13.47,141
2009PROV01,Matteo Provasi,2016-05-14,12.79,142
2009PROV01,Matteo Provasi,2016-05-14,12.6,143
2009PROV01,Matteo Provasi,2016-05-21,12.68,144
2009PROV01,Matteo Provasi,2016-05-21,13.88,145
2009PROV01,Matteo Provasi,2016-05-21,12.23,146
2009PROV01,Matteo Provasi,2016-05-29,13.07,147
2009PROV01,Matteo Provasi,2016-05-29,12.89,148
2009PROV01,Matteo Provasi,2016-05-29,13.34,149
2009PROV01,Matteo Provasi,2016-07-31,11.99,150
2009PROV01,Matteo Provasi,2016-07-31,13.65,151
2009PROV01,Matteo Provasi,2016-07-31,12.7,152
2009PROV01,Matteo Provasi,2016-08-27,11.8,153
2009PROV01,Matteo Provasi,2016-08-27,13.93,154
2009PROV01,Matteo Provasi,2016-10-08,12.59,155
2009PROV01,Matteo Provasi,2016-10-08,14.65,156
2009PROV01,Matteo Provasi,2016-11-12,13.89,157
2009PROV01,Matteo Provasi,2016-11-12,13.37,158
2009PROV01,Matteo Provasi,2016-11-12,15.71,159
2009PROV01,Matteo Provasi,2016-12-03,12.77,160
2009PROV01,Matteo Provasi,2016-12-03,13.6,161
2009PROV01,Matteo Provasi,2017-02-04,14.01,162
2009PROV01,Matteo Provasi,2017-03-05,14.11,163
2009PROV01,Matteo Provasi,2017-03-05,13.78,164
2009PROV01,Matteo Provasi,2017-03-11,12.94,165
2009PROV01,Matteo Provasi,2017-03-11,13.82,166
2009PROV01,Matteo Provasi,2017-03-19,13.51,167
2009PROV01,Matteo Provasi,2017-03-19,14.5,168
2009PROV01,Matteo Provasi,2017-03-19,12.4,169
2009PROV01,Matteo Provasi,2017-04-02,13.95,170
2009PROV01,Matteo Provasi,2017-04-02,12.91,171
2009PROV01,Matteo Provasi,2017-04-02,13.59,172
2009PROV01,Matteo Provasi,2017-05-13,13.75,173
2009PROV01,Matteo Provasi,2017-05-13,15.02,174
2009PROV01,Matteo Provasi,2017-06-10,12.07,175
2009PROV01,Matteo Provasi,2017-06-10,12.74,176
2009PROV01,Matteo Provasi,2017-06-10,14.22,177
2009PROV01,Matteo Provasi,2017-07-08,12.89,178
2009PROV01,Matteo Provasi,2017-07-08,13.48,179
2009PROV01,Matteo Provasi,2017-08-19,16.02,180
2009PROV01,Matteo Provasi,2017-08-19,12.49,181
2009PROV01,Matteo Provasi,2017-08-19,12.61,182
2009PROV01,Matteo Provasi,2017-09-24,12.66,183
2009PROV01,Matteo Provasi,2017-09-24,11.69,184
2009PROV01,Matteo Provasi,2017-09-24,13.29,185
2009PROV01,Matteo Provasi,2017-10-21,13.54,186
2009PROV01,Matteo Provasi,2017-10-21,12.33,187
2009PROV01,Matteo Provasi,2017-10-21,13.19,188
2009PROV01,Matteo Provasi,2017-12-16,12.36,189
2009PROV01,Matteo Provasi,2017-12-16,13.25,190
2009PROV01,Matteo Provasi,2018-01-13,13.26,191
2009PROV01,Matteo Provasi,2018-01-13,12.85,192
2009PROV01,Matteo Provasi,2018-02-04,13.44,193
2009PROV01,Matteo Provasi,2018-02-04,12.95,194
2009PROV01,Matteo Provasi,2018-02-04,14.01,195
2009PROV01,Matteo Provasi,2018-02-17,14.34,196
2009PROV01,Matteo Provasi,2018-02-17,12.44,197
2009PROV01,Matteo Provasi,2018-02-17,14.32,198
2009PROV01,Matteo Provasi,2018-02-25,13.19,199
2009PROV01,Matteo Provasi,2018-02-25,13.66,200
2009PROV01,Matteo Provasi,2018-02-25,14.17,201
2009PROV01,Matteo Provasi,2018-03-03,12.52,202
2009PROV01,Matteo Provasi,2018-03-03,12.22,203
2009PROV01,Matteo Provasi,2018-03-03,12.55,204
2009PROV01,Matteo Provasi,2018-03-25,12.99,205
2009PROV01,Matteo Provasi,2018-03-25,12.84,206
2009PROV01,Matteo Provasi,2018-03-25,13.85,207
2009PROV01,Matteo Provasi,2018-04-14,13.84,208
2009PROV01,Matteo Provasi,2018-04-14,13.53,209
2009PROV01,Matteo Provasi,2018-04-14,12.06,210
2009PROV01,Matteo Provasi,2018-04-15,13.73,211
2009PROV01,Matteo Provasi,2018-04-15,13.24,212
2009PROV01,Matteo Provasi,2018-04-15,13.01,213
2009PROV01,Matteo Provasi,2018-05-12,13.41,214
2009PROV01,Matteo Provasi,2018-05-12,13.8,215
2009PROV01,Matteo Provasi,2018-05-12,12.88,216
2009PROV01,Matteo Provasi,2018-05-26,12.72,217
2009PROV01,Matteo Provasi,2018-05-26,13.23,218
2009PROV01,Matteo Provasi,2018-05-26,11.51,219
2009PROV01,Matteo Provasi,2018-06-02,12.59,220
2009PROV01,Matteo Provasi,2018-06-02,12.9,221
2009PROV01,Matteo Provasi,2018-06-02,12.38,222
2009PROV01,Matteo Provasi,2018-06-23,12.06,223
2009PROV01,Matteo Provasi,2018-06-23,13.01,224
2009PROV01,Matteo Provasi,2018-06-23,12.17,225
2009PROV01,Matteo Provasi,2018-07-01,12.96,226
2009PROV01,Matteo Provasi,2018-07-01,12.15,227
2009PROV01,Matteo Provasi,2018-07-01,11.98,228
2009PROV01,Matteo Provasi,2018-07-07,12.52,229
2009PROV01,Matteo Provasi,2018-07-07,11.82,230
2009PROV01,Matteo Provasi,2018-07-07,12.46,231
2009PROV01,Matteo Provasi,2018-09-08,12.65,232
2009PROV01,Matteo Provasi,2018-09-08,12.24,233
2009PROV01,Matteo Provasi,2018-09-08,11.56,234
2009PROV01,Matteo Provasi,2018-09-21,12.19,235
2009PROV01,Matteo Provasi,2018-09-21,12.88,236
2009PROV01,Matteo Provasi,2018-09-21,12.61,237
2009PROV01,Matteo Provasi,2018-11-02,13.11,238
2009PROV01,Matteo Provasi,2018-11-02,12.01,239
2009PROV01,Matteo Provasi,2018-11-02,13.05,240
2009PROV01,Matteo Provasi,2018-11-17,15.87,241
2009PROV01,Matteo Provasi,2018-11-17,13.97,242
2009PROV01,Matteo Provasi,2018-11-17,13.66,243
2009PROV01,Matteo Provasi,2018-12-08,11.63,244
2009PROV01,Matteo Provasi,2018-12-08,11.92,245
2009PROV01,Matteo Provasi,2018-12-08,12.57,246
2009PROV01,Matteo Provasi,2018-12-08,13.11,247
2009PROV01,Matteo Provasi,2018-12-08,12.79,248
2009PROV01,Matteo Provasi,2018-12-15,12.79,249
2009PROV01,Matteo Provasi,2018-12-15,14.28,250
2009PROV01,Matteo Provasi,2018-12-15,12.34,251
2009PROV01,Matteo Provasi,2019-01-05,13.96,252
2009PROV01,Matteo Provasi,2019-01-05,13.41,253
2009PROV01,Matteo Provasi,2019-01-05,12.79,254
2009PROV01,Matteo Provasi,2019-03-02,11.84,255
2009PROV01,Matteo Provasi,2019-03-02,12.8,256
2009PROV01,Matteo Provasi,2019-04-06,12.33,257
2009PROV01,Matteo Provasi,2019-04-06,12.9,258
2009PROV01,Matteo Provasi,2019-06-08,12.37,259
2009PROV01,Matteo Provasi,2019-06-08,11.46,260
2009PROV01,Matteo Provasi,2019-09-21,13.36,261
2009PROV01,Matteo Provasi,2019-09-21,12.07,262
2009PROV01,Matteo Provasi,2019-09-21,12.91,263
2009PROV01,Matteo Provasi,2019-10-19,12.82,264
2009PROV01,Matteo Provasi,2019-10-19,12.56,265
2009PROV01,Matteo Provasi,2019-10-19,12.62,266
2009PROV01,Matteo Provasi,2019-11-01,12.82,267
2009PROV01,Matteo Provasi,2019-11-01,13.67,268
2009PROV01,Matteo Provasi,2021-07-31,12.68,269
2009PROV01,Matteo Provasi,2021-07-31,12.57,270
2009PROV01,Matteo Provasi,2021-07-31,10.73,271
2009PROV01,Matteo Provasi,2021-08-14,13.67,272
2009PROV01,Matteo Provasi,2021-08-14,12.5,273
2009PROV01,Matteo Provasi,2021-08-14,12.78,274
2009PROV01,Matteo Provasi,2021-10-30,12.49,275
2009PROV01,Matteo Provasi,2021-10-30,12.15,276
2009PROV01,Matteo Provasi,2021-10-30,12.84,277
2009PROV01,Matteo Provasi,2021-11-06,12.19,278
2009PROV01,Matteo Provasi,2021-11-06,13.36,279
2009PROV01,Matteo Provasi,2022-01-22,13.11,280
2009PROV01,Matteo Provasi,2022-01-22,11.43,281
2009PROV01,Matteo Provasi,2022-01-22,13.25,282
2009PROV01,Matteo Provasi,2022-02-26,13.02,283
2009PROV01,Matteo Provasi,2022-02-26,13.52,284
2009PROV01,Matteo Provasi,2022-03-19,14.54,285
2009PROV01,Matteo Provasi,2022-03-19,12.53,286
2009PROV01,Matteo Provasi,2022-04-09,12.24,287
2009PROV01,Matteo Provasi,2022-04-09,13.32,288
2009PROV01,Matteo Provasi,2022-04-09,12.4,289
2009PROV01,Matteo Provasi,2022-04-23,13.08,290
2009PROV01,Matteo Provasi,2022-04-23,13.36,291
2009PROV01,Matteo Provasi,2022-04-23,13.77,292
2009PROV01,Matteo Provasi,2022-05-21,11.3,293
2009PROV01,Matteo Provasi,2022-05-21,12.33,294
2009PROV01,Matteo Provasi,2022-06-18,13.72,295
2009PROV01,Matteo Provasi,2022-06-18,12.2,296
2009PROV01,Matteo Provasi,2022-06-18,15.43,297
2009PROV01,Matteo Provasi,2022-07-02,11.67,298
2009PROV01,Matteo Provasi,2022-07-02,12.3,299
2009PROV01,Matteo Provasi,2022-07-14,12.32,300
2009PROV01,Matteo Provasi,2022-07-14,13.16,301
2009PROV01,Matteo Provasi,2022-07-30,12.48,302
2009PROV01,Matteo Provasi,2022-07-30,12.75,303
2009PROV01,Matteo Provasi,2022-07-30,13.56,304
2009PROV01,Matteo Provasi,2022-08-20,13.46,305
2009PROV01,Matteo Provasi,2022-08-20,12.23,306
2009PROV01,Matteo Provasi,2022-08-27,11.66,307
2009PROV01,Matteo Provasi,2022-08-27,12.64,308
2009PROV01,Matteo Provasi,2022-08-27,12.1,309
2009PROV01,Matteo Provasi,2022-09-09,13.43,310
2009PROV01,Matteo Provasi,2022-09-09,11.76,311
2009PROV01,Matteo Provasi,2022-10-15,14.18,312
2009PROV01,Matteo Provasi,2022-10-15,12.02,313
2009PROV01,Matteo Provasi,2022-10-15,12.39,314
2009PROV01,Matteo Provasi,2022-10-29,12.86,315
2009PROV01,Matteo Provasi,2022-10-29,13.97,316
2009PROV01,Matteo Provasi,2022-10-29,13.48,317
2009PROV01,Matteo Provasi,2022-10-29,14.26,318
2009PROV01,Matteo Provasi,2022-11-05,12.56,319
2009PROV01,Matteo Provasi,2022-11-05,11.65,320
2009PROV01,Matteo Provasi,2022-11-05,12.22,321
2009PROV01,Matteo Provasi,2022-12-03,13.06,322
2009PROV01,Matteo Provasi,2022-12-09,12.22,323
2009PROV01,Matteo Provasi,2022-12-09,11.55,324
2009PROV01,Matteo Provasi,2022-12-09,12.54,325
2009PROV01,Matteo Provasi,2022-12-31,11.52,326
2009PROV01,Matteo Provasi,2022-12-31,12.67,327
2009PROV01,Matteo Provasi,2023-01-14,11.63,328
2009PROV01,Matteo Provasi,2023-01-14,13.06,329
2009PROV01,Matteo Provasi,2023-02-04,13.23,330
2009PROV01,Matteo Provasi,2023-02-04,11.82,331
2009PROV01,Matteo Provasi,2023-03-11,12.49,332
2009PROV01,Matteo Provasi,2023-03-11,13.21,333
2009PROV01,Matteo Provasi,2023-03-11,11.55,334
2009PROV01,Matteo Provasi,2023-03-11,12.61,335
2009PROV01,Matteo Provasi,2023-04-01,11.21,336
2009PROV01,Matteo Provasi,2023-04-01,11.47,337
2009PROV01,Matteo Provasi,2023-04-01,11.67,338
2009PROV01,Matteo Provasi,2023-04-01,11.56,339
2009PROV01,Matteo Provasi,2023-04-08,11.64,340
2009PROV01,Matteo Provasi,2023-04-08,11.48,341
2009PROV01,Matteo Provasi,2023-04-08,11.24,342
2009PROV01,Matteo Provasi,2023-04-15,11.59,343
2009PROV01,Matteo Provasi,2023-04-15,12.18,344
2009PROV01,Matteo Provasi,2023-04-15,12.63,345
2009PROV01,Matteo Provasi,2023-04-22,12.54,346
2009PROV01,Matteo Provasi,2023-04-22,11.19,347
2009PROV01,Matteo Provasi,2023-04-22,12.27,348
2009PROV01,Matteo Provasi,2023-04-22,12.07,349
2009PROV01,Matteo Provasi,2023-04-29,11.57,350
2009PROV01,Matteo Provasi,2023-04-29,12.12,351
2009PROV01,Matteo Provasi,2023-04-29,11.87,352
2009PROV01,Matteo Provasi,2023-05-06,11.77,353
2009PROV01,Matteo Provasi,2023-05-06,12.12,354
2009PROV01,Matteo Provasi,2023-05-06,11.37,355
2009PROV01,Matteo Provasi,2023-05-07,13.47,356
2009PROV01,Matteo Provasi,2023-05-07,12.8,357
2009PROV01,Matteo Provasi,2023-05-13,12.58,358
2009PROV01,Matteo Provasi,2023-05-13,11.18,359
2009PROV01,Matteo Provasi,2023-05-20,13.56,360
2009PROV01,Matteo Provasi,2023-05-20,13.51,361
2009PROV01,Matteo Provasi,2023-05-20,11.94,362
2009PROV01,Matteo Provasi,2023-05-27,11.6,363
2009PROV01,Matteo Provasi,2023-05-27,13.26,364
2009PROV01,Matteo Provasi,2023-05-27,13.32,365
2009PROV01,Matteo Provasi,2023-06-17,11.58,366
2009PROV01,Matteo Provasi,2023-06-17,12.04,367
2009PROV01,Matteo Provasi,2023-06-17,11.59,368
2009PROV01,Matteo Provasi,2023-06-24,11.38,369
2009PROV01,Matteo Provasi,2023-06-24,11.45,370
2009PROV01,Matteo Provasi,2023-06-24,10.79,371
2009PROV01,Matteo Provasi,2023-06-24,11.13,372
2009PROV01,Matteo Provasi,2023-06-30,10.85,373
2009PROV01,Matteo Provasi,2023-06-30,11.42,374
2009PROV01,Matteo Provasi,2023-06-30,10.16,375
2009PROV01,Matteo Provasi,2023-07-09,11.54,376
2009PROV01,Matteo Provasi,2023-07-09,11.58,377
2009PROV01,Matteo Provasi,2023-07-09,11.13,378
2009PROV01,Matteo Provasi,2023-07-15,12.57,379
2009PROV01,Matteo Provasi,2023-07-15,11.99,380
2009PROV01,Matteo Provasi,2023-07-15,11.53,381
2009PROV01,Matteo Provasi,2023-07-15,10.84,382
2009PROV01,Matteo Provasi,2023-08-12,11.36,383
2009PROV01,Matteo Provasi,2023-08-26,11.85,384
2009PROV01,Matteo Provasi,2023-08-26,11.39,385
2009PROV01,Matteo Provasi,2023-08-26,12.55,386
2009PROV01,Matteo Provasi,2023-09-02,11.9,387
2009PROV01,Matteo Provasi,2023-09-02,12.96,388
2009PROV01,Matteo Provasi,2023-09-02,10.62,389
2009PROV01,Matteo Provasi,2023-09-09,12.81,390
2009PROV01,Matteo Provasi,2023-09-09,11.37,391
2009PROV01,Matteo Provasi,2023-09-09,11.47,392
2009PROV01,Matteo Provasi,2023-09-16,11.56,393
2009PROV01,Matteo Provasi,2023-09-16,11.59,394
2009PROV01,Matteo Provasi,2023-09-16,12.42,395
2009PROV01,Matteo Provasi,2023-09-16,12.52,396
2009PROV01,Matteo Provasi,2023-09-30,12.22,397
2009PROV01,Matteo Provasi,2023-09-30,11.28,398
2009PROV01,Matteo Provasi,2023-09-30,12.99,399
2009PROV01,Matteo Provasi,2023-10-07,13.43,400
2009PROV01,Matteo Provasi,2023-10-07,11.46,401
2009PROV01,Matteo Provasi,2023-10-07,12.44,402
2009PROV01,Matteo Provasi,2023-10-07,11.35,403
2009PROV01,Matteo Provasi,2023-10-28,10.81,404
2009PROV01,Matteo Provasi,2023-10-28,11.26,405
2009PROV01,Matteo Provasi,2023-10-28,11.19,406
2009PROV01,Matteo Provasi,2023-11-18,12.08,407
2009PROV01,Matteo Provasi,2023-11-18,11.62,408
2009PROV01,Matteo Provasi,2023-11-18,11.61,409
2009PROV01,Matteo Provasi,2023-12-08,11.67,410
2009PROV01,Matteo Provasi,2023-12-08,12.2,411
2009PROV01,Matteo Provasi,2023-12-08,12.66,412
2009PROV01,Matteo Provasi,2023-12-16,12.07,413
2009PROV01,Matteo Provasi,2023-12-16,10.42,414
2009PROV01,Matteo Provasi,2023-12-16,10.85,415
2009PROV01,Matteo Provasi,2023-12-30,12.0,416
2009PROV01,Matteo Provasi,2023-12-30,11.97,417
2009PROV01,Matteo Provasi,2023-12-30,11.61,418
2009PROV01,Matteo Provasi,2023-12-30,12.8,419
2009PROV01,Matteo Provasi,2023-12-30,12.14,420
2009PROV01,Matteo Provasi,2023-12-30,11.16,421
2009PROV01,Matteo Provasi,2024-02-10,12.29,422
2009PROV01,Matteo Provasi,2024-02-10,11.98,423
2009PROV01,Matteo Provasi,2024-02-10,12.75,424
2009PROV01,Matteo Provasi,2024-02-18,12.03,425
2009PROV01,Matteo Provasi,2024-02-18,11.39,426
2009PROV01,Matteo Provasi,2024-02-18,11.47,427
2009PROV01,Matteo Provasi,2024-02-24,11.99,428
2009PROV01,Matteo Provasi,2024-02-24,11.84,429
2009PROV01,Matteo Provasi,2024-02-24,11.15,430
2009PROV01,Matteo Provasi,2024-02-24,12.64,431
2009PROV01,Matteo Provasi,2024-03-02,13.41,432
2009PROV01,Matteo Provasi,2024-03-02,12.25,433
2009PROV01,Matteo Provasi,2024-03-02,11.55,434
2009PROV01,Matteo Provasi,2024-03-17,12.17,435
2009PROV01,Matteo Provasi,2024-03-17,10.89,436
2009PROV01,Matteo Provasi,2024-03-17,12.07,437
2009PROV01,Matteo Provasi,2024-03-23,12.52,438
2009PROV01,Matteo Provasi,2024-03-23,11.27,439
2009PROV01,Matteo Provasi,2024-03-23,11.46,440
2009PROV01,Matteo Provasi,2024-03-30,12.06,441
2009PROV01,Matteo Provasi,2024-03-30,11.31,442
2009PROV01,Matteo Provasi,2024-03-30,11.26,443
2009PROV01,Matteo Provasi,2024-04-06,12.71,444
2009PROV01,Matteo Provasi,2024-04-06,10.92,445
2009PROV01,Matteo Provasi,2024-04-06,11.0,446
2009PROV01,Matteo Provasi,2024-04-13,12.01,447
2009PROV01,Matteo Provasi,2024-04-13,11.09,448
2009PROV01,Matteo Provasi,2024-04-13,10.97,449
2009PROV01,Matteo Provasi,2024-04-20,11.14,450
2009PROV01,Matteo Provasi,2024-04-20,11.51,451
2009PROV01,Matteo Provasi,2024-04-20,11.1,452
2009PROV01,Matteo Provasi,2024-04-28,12.41,453
2009PROV01,Matteo Provasi,2024-04-28,11.26,454
2009PROV01,Matteo Provasi,2024-04-28,10.26,455
2009PROV01,Matteo Provasi,2024-05-04,11.54,456
2009PROV01,Matteo Provasi,2024-05-04,11.54,457
2009PROV01,Matteo Provasi,2024-05-04,10.74,458
2009PROV01,Matteo Provasi,2024-05-11,10.42,459
2009PROV01,Matteo Provasi,2024-05-11,11.24,460
2009PROV01,Matteo Provasi,2024-05-11,12.28,461
2009PROV01,Matteo Provasi,2024-05-18,13.25,462
2009PROV01,Matteo Provasi,2024-05-18,12.33,463
2009PROV01,Matteo Provasi,2024-05-18,10.54,464
2009PROV01,Matteo Provasi,2024-05-18,12.81,465
2009PROV01,Matteo Provasi,2024-06-01,11.56,466
2009PROV01,Matteo Provasi,2024-06-01,13.29,467
2009PROV01,Matteo Provasi,2024-06-01,12.15,468
2009PROV01,Matteo Provasi,2024-06-08,11.32,469
2009PROV01,Matteo Provasi,2024-06-08,11.24,470
2009PROV01,Matteo Provasi,2024-06-08,11.9,471
2009PROV01,Matteo Provasi,2024-06-08,11.29,472
2009PROV01,Matteo Provasi,2024-06-15,10.67,473
2009PROV01,Matteo Provasi,2024-06-15,10.49,474
2009PROV01,Matteo Provasi,2024-06-15,11.41,475
2009PROV01,Matteo Provasi,2024-06-22,10.94,476
2009PROV01,Matteo Provasi,2024-06-22,12.5,477
2009PROV01,Matteo Provasi,2024-06-22,11.93,478
2009PROV01,Matteo Provasi,2024-06-29,10.25,479
2009PROV01,Matteo Provasi,2024-06-29,10.15,480
2009PROV01,Matteo Provasi,2024-06-29,11.8,481
2009PROV01,Matteo Provasi,2024-07-06,11.72,482
2009PROV01,Matteo Provasi,2024-07-06,12.1,483
2009PROV01,Matteo Provasi,2024-07-06,10.61,484
2009PROV01,Matteo Provasi,2024-07-13,12.02,485
2009PROV01,Matteo Provasi,2024-07-13,12.04,486
2009PROV01,Matteo Provasi,2024-07-13,11.33,487
2009PROV01,Matteo Provasi,2024-07-19,11.37,488
2009PROV01,Matteo Provasi,2024-07-19,13.77,489
2009PROV01,Matteo Provasi,2024-07-25,12.29,490
2009PROV01,Matteo Provasi,2024-08-02,9.85,491
2009PROV01,Matteo Provasi,2024-08-02,11.05,492
2009PROV01,Matteo Provasi,2024-08-02,11.44,493
2009PROV01,Matteo Provasi,2024-08-11,11.89,494
2009PROV01,Matteo Provasi,2024-08-11,11.71,495
2009PROV01,Matteo Provasi,2024-08-11,11.32,496
2009PROV01,Matteo Provasi,2024-08-17,11.65,497
2009PROV01,Matteo Provasi,2024-08-17,9.89,498
2009PROV01,Matteo Provasi,2024-08-17,11.05,499
2009PROV01,Matteo Provasi,2024-08-17,11.26,500
2009PROV01,Matteo Provasi,2024-08-17,12.43,501
2009PROV01,Matteo Provasi,2024-08-17,12.66,502
2009PROV01,Matteo Provasi,2024-08-24,10.86,503
2009PROV01,Matteo Provasi,2024-08-24,11.81,504
2009PROV01,Matteo Provasi,2024-08-24,10.97,505
2009PROV01,Matteo Provasi,2024-09-01,11.29,506
2009PROV01,Matteo Provasi,2024-09-01,10.76,507
2009PROV01,Matteo Provasi,2024-09-01,11.23,508
2009PROV01,Matteo Provasi,2024-09-07,11.98,509
2009PROV01,Matteo Provasi,2024-09-07,11.75,510
2009PROV01,Matteo Provasi,2024-09-07,11.95,511
2009PROV01,Matteo Provasi,2024-09-14,10.74,512
2009PROV01,Matteo Provasi,2024-09-14,11.49,513
2009PROV01,Matteo Provasi,2024-09-14,10.77,514
2009PROV01,Matteo Provasi,2024-09-21,11.19,515
2009PROV01,Matteo Provasi,2024-09-21,11.96,516
2009PROV01,Matteo Provasi,2024-09-21,11.7,517
2009PROV01,Matteo Provasi,2024-09-21,11.93,518
2009PROV01,Matteo Provasi,2024-09-28,11.31,519
2009PROV01,Matteo Provasi,2024-09-28,11.15,520
2009PROV01,Matteo Provasi,2024-09-28,13.02,521
2009PROV01,Matteo Provasi,2024-10-05,10.41,522
2009PROV01,Matteo Provasi,2024-10-05,10.62,523
2009PROV01,Matteo Provasi,2024-10-05,12.33,524
2009PROV01,Matteo Provasi,2024-10-19,10.94,525
2009PROV01,Matteo Provasi,2024-10-19,11.46,526
2009PROV01,Matteo Provasi,2024-10-19,12.04,527
2009PROV01,Matteo Provasi,2024-10-26,11.02,528
2009PROV01,Matteo Provasi,2024-10-26,11.9,529
2009PROV01,Matteo Provasi,2024-10-26,11.77,530
2009PROV01,Matteo Provasi,2024-11-01,11.0,531
2009PROV01,Matteo Provasi,2024-11-01,12.19,532
2009PROV01,Matteo Provasi,2024-11-01,11.2,533
2009PROV01,Matteo Provasi,2024-11-09,11.98,534
2009PROV01,Matteo Provasi,2024-11-09,11.33,535
2009PROV01,Matteo Provasi,2024-11-09,11.39,536
2009PROV01,Matteo Provasi,2024-11-16,12.28,537
2009PROV01,Matteo Provasi,2024-11-16,11.64,538
2009PROV01,Matteo Provasi,2024-11-16,11.42,539
2009PROV01,Matteo Provasi,2024-11-24,12.61,540
2009PROV01,Matteo Provasi,2024-11-30,11.12,541
2009PROV01,Matteo Provasi,2024-11-30,12.8,542
2009PROV01,Matteo Provasi,2024-12-07,12.48,543
2009PROV01,Matteo Provasi,2024-12-07,10.98,544
2009PROV01,Matteo Provasi,2024-12-07,11.19,545
2009PROV01,Matteo Provasi,2024-12-07,10.29,546
2009PROV01,Matteo Provasi,2024-12-15,12.05,547
2009PROV01,Matteo Provasi,2024-12-15,10.44,548
2009PROV01,Matteo Provasi,2024-12-21,11.02,549
2009PROV01,Matteo Provasi,2024-12-21,12.17,550
2009PROV01,Matteo Provasi,2024-12-21,11.92,551
2009PROV01,Matteo Provasi,2024-12-28,11.66,552
2009PROV01,Matteo Provasi,2024-12-28,12.59,553
2009PROV01,Matteo Provasi,2024-12-28,11.42,554
2009PROV01,Matteo Provasi,2024-12-31,11.5,555
2009PROV01,Matteo Provasi,2024-12-31,10.93,556
2009PROV01,Matteo Provasi,2025-01-11,11.31,557
2009PROV01,Matteo Provasi,2025-01-11,12.55,558
2009PROV01,Matteo Provasi,2025-01-11,11.69,559
2009PROV01,Matteo Provasi,2025-01-25,10.13,560
2009PROV01,Matteo Provasi,2025-01-25,11.27,561
2009PROV01,Matteo Provasi,2025-01-25,11.27,562
2009PROV01,Matteo Provasi,2025-02-01,11.24,563
2009PROV01,Matteo Provasi,2025-02-01,11.46,564
2009PROV01,Matteo Provasi,2025-02-01,12.27,565
2009PROV01,Matteo Provasi,2025-02-08,12.05,566
2009PROV01,Matteo Provasi,2025-02-08,10.66,567
2009PROV01,Matteo Provasi,2025-02-08,12.92,568
2009PROV01,Matteo Provasi,2025-02-15,12.84,569
2009PROV01,Matteo Provasi,2025-02-15,12.01,570
2009PROV01,Matteo Provasi,2025-02-15,9.91,571
2009PROV01,Matteo Provasi,2025-02-22,11.66,572
2009PROV01,Matteo Provasi,2025-02-22,10.81,573
2009PROV01,Matteo Provasi,2025-02-22,11.09,574
2009PROV01,Matteo Provasi,2025-03-01,11.3,575
2009PROV01,Matteo Provasi,2025-03-01,10.21,576
2009PROV01,Matteo Provasi,2025-03-08,12.43,577
2009PROV01,Matteo Provasi,2025-03-08,11.69,578
2009PROV01,Matteo Provasi,2025-03-08,11.33,579
2009PROV01,Matteo Provasi,2025-03-15,10.08,580
2009PROV01,Matteo Provasi,2025-03-15,11.51,581
2009PROV01,Matteo Provasi,2025-03-15,10.69,582
2009PROV01,Matteo Provasi,2025-03-15,11.41,583
2009PROV01,Matteo Provasi,2025-03-22,10.42,584
2009PROV01,Matteo Provasi,2025-03-22,11.06,585
2009PROV01,Matteo Provasi,2025-03-22,11.94,586
2009PROV01,Matteo Provasi,2025-03-29,11.07,587
2009PROV01,Matteo Provasi,2025-03-29,10.63,588
2009PROV01,Matteo Provasi,2025-03-29,11.61,589
2009PROV01,Matteo Provasi,2025-04-12,10.96,590
2009PROV01,Matteo Provasi,2025-04-12,11.27,591
2009PROV01,Matteo Provasi,2025-04-12,11.35,592
2009PROV01,Matteo Provasi,2025-04-25,11.44,593
2009PROV01,Matteo Provasi,2025-04-25,10.02,594
2009PROV01,Matteo Provasi,2025-04-25,10.23,595
2009PROV01,Matteo Provasi,2025-05-03,12.05,596
2009PROV01,Matteo Provasi,2025-05-03,10.18,597
2009PROV01,Matteo Provasi,2025-05-03,11.25,598
2009PROV01,Matteo Provasi,2025-05-10,11.52,599
2009PROV01,Matteo Provasi,2025-05-10,11.38,600
2009PROV01,Matteo Provasi,2025-05-10,11.28,601
2009PROV01,Matteo Provasi,2025-05-10,12.05,602
2009PROV01,Matteo Provasi,2025-05-10,11.75,603
2009PROV01,Matteo Provasi,2025-05-17,10.13,604
2009PROV01,Matteo Provasi,2025-05-17,10.54,605
2009PROV01,Matteo Provasi,2025-05-17,10.63,606
2009PROV01,Matteo Provasi,2025-05-23,11.73,607
2009PROV01,Matteo Provasi,2025-05-23,10.93,608
2009PROV01,Matteo Provasi,2025-05-23,12.07,609
2009PROV01,Matteo Provasi,2025-05-31,11.82,610
2009PROV01,Matteo Provasi,2025-05-31,11.81,611
2009PROV01,Matteo Provasi,2025-05-31,12.56,612
2009PROV01,Matteo Provasi,2025-06-07,10.58,613
2009PROV01,Matteo Provasi,2025-06-07,11.24,614
2009PROV01,Matteo Provasi,2025-06-07,11.53,615
2009PROV01,Matteo Provasi,2025-06-14,11.5,616
2009PROV01,Matteo Provasi,2025-06-14,10.75,617
2009PROV01,Matteo Provasi,2025-06-14,11.34,618
2009PROV01,Matteo Provasi,2025-06-21,12.3,619
2009PROV01,Matteo Provasi,2025-06-21,10.67,620
2009PROV01,Matteo Provasi,2025-06-21,14.2,621
2009PROV01,Matteo Provasi,2025-06-21,10.87,622
2009PROV01,Matteo Provasi,2025-06-21,10.81,623
2009PROV01,Matteo Provasi,2025-06-28,11.73,624
2009PROV01,Matteo Provasi,2025-06-28,11.36,625
2009PROV01,Matteo Provasi,2025-06-28,11.45,626
2009PROV01,Matteo Provasi,2025-07-03,10.69,627
2009PROV01,Matteo Provasi,2025-07-12,11.44,628
2009PROV01,Matteo Provasi,2025-07-12,11.26,629
2009PROV01,Matteo Provasi,2025-07-12,11.35,630
2009PROV01,Matteo Provasi,2025-07-19,11.84,631
2009PROV01,Matteo Provasi,2025-07-19,10.66,632
2009PROV01,Matteo Provasi,2025-07-19,10.2,633
2009PROV01,Matteo Provasi,2025-07-26,10.81,634
2009PROV01,Matteo Provasi,2025-07-26,10.68,635
2009PROV01,Matteo Provasi,2025-07-26,10.21,636
2009PROV01,Matteo Provasi,2025-08-09,11.05,637
2009PROV01,Matteo Provasi,2025-08-09,11.21,638
2009PROV01,Matteo Provasi,2025-08-09,11.87,639
2009PROV01,Matteo Provasi,2025-08-10,11.0,640
2009PROV01,Matteo Provasi,2025-08-23,11.2,641
2009PROV01,Matteo Provasi,2025-08-23,11.2,642
2009PROV01,Matteo Provasi,2025-08-30,11.34,643
2009PROV01,Matteo Provasi,2025-08-30,10.32,644
2009PROV01,Matteo Provasi,2025-08-30,11.16,645
2009PROV01,Matteo Provasi,2025-09-06,11.09,646
2009PROV01,Matteo Provasi,2025-09-06,10.32,647
2009PROV01,Matteo Provasi,2025-09-06,10.57,648
2009PROV01,Matteo Provasi,2025-09-13,10.35,649
2009PROV01,Matteo Provasi,2025-09-13,10.92,650
2009PROV01,Matteo Provasi,2025-09-13,11.09,651
2009PROV01,Matteo Provasi,2025-09-20,9.57,652
2009PROV01,Matteo Provasi,2025-09-20,10.47,653
2009PROV01,Matteo Provasi,2025-09-26,11.35,654
2009PROV01,Matteo Provasi,2025-09-27,10.85,655
2009PROV01,Matteo Provasi,2025-09-27,10.78,656
2009PROV01,Matteo Provasi,2025-10-04,11.86,657
2009PROV01,Matteo Provasi,2025-10-04,11.07,658
2009PROV01,Matteo Provasi,2025-10-04,10.69,659
2009PROV01,Matteo Provasi,2025-10-11,12.07,660
2009PROV01,Matteo Provasi,2025-10-11,10.54,661
2009PROV01,Matteo Provasi,2025-10-11,11.24,662
2009PROV01,Matteo Provasi,2025-10-18,11.7,663
2009PROV01,Matteo Provasi,2025-10-18,10.69,664
2009PROV01,Matteo Provasi,2025-10-18,11.07,665
2009PROV01,Matteo Provasi,2025-10-18,10.85,666
2009PROV01,Matteo Provasi,2025-11-01,12.16,667
2009PROV01,Matteo Provasi,2025-11-01,10.86,668
2009PROV01,Matteo Provasi,2025-11-01,11.55,669
2009PROV01,Matteo Provasi,2025-11-15,11.64,670
2009PROV01,Matteo Provasi,2025-11-15,12.17,671
2009PROV01,Matteo Provasi,2025-11-29,10.74,672
2009PROV01,Matteo Provasi,2025-11-29,11.3,673
2009PROV01,Matteo Provasi,2025-11-29,12.59,674
2009PROV01,Matteo Provasi,2025-12-06,10.14,675
2009PROV01,Matteo Provasi,2025-12-06,11.24,676
2009PROV01,Matteo Provasi,2025-12-06,11.31,677
2009PROV01,Matteo Provasi,2025-12-13,10.51,678
2009PROV01,Matteo Provasi,2025-12-13,11.82,679
2009PROV01,Matteo Provasi,2025-12-19,11.53,680
2009PROV01,Matteo Provasi,2025-12-19,11.17,681
2009PROV01,Matteo Provasi,2025-12-19,11.9,682
2009PROV01,Matteo Provasi,2025-12-31,11.41,683
2009PROV01,Matteo Provasi,2025-12-31,11.85,684
2009PROV01,Matteo Provasi,2025-12-31,11.53,685
2009PROV01,Matteo Provasi,2026-01-02,11.59,686
2009PROV01,Matteo Provasi,2026-01-02,10.93,687
2009PROV01,Matteo Provasi,2026-01-02,12.24,688
2009PROV01,Matteo Provasi,2026-01-16,12.2,689
2009PROV01,Matteo Provasi,2026-01-16,11.0,690
2009PROV01,Matteo Provasi,2026-01-16,12.09,691
2009PROV01,Matteo Provasi,2026-01-17,12.25,692
2009PROV01,Matteo Provasi,2026-01-17,11.79,693
2009PROV01,Matteo Provasi,2026-01-17,10.6,694
2009PROV01,Matteo Provasi,2026-01-24,10.65,695
2009PROV01,Matteo Provasi,2026-01-24,13.48,696
2009PROV01,Matteo Provasi,2026-01-24,11.42,697
2009PROV01,Matteo Provasi,2026-01-31,12.13,698
2009PROV01,Matteo Provasi,2026-01-31,10.63,699
2009PROV01,Matteo Provasi,2026-01-31,10.85,700
2009PROV01,Matteo Provasi,2026-02-07,10.75,701
2009PROV01,Matteo Provasi,2026-02-07,13.75,702
2009PROV01,Matteo Provasi,2026-02-07,10.39,703
2009PROV01,Matteo Provasi,2026-02-14,10.77,704
2009PROV01,Matteo Provasi,2026-02-14,10.65,705
2009PROV01,Matteo Provasi,2026-02-15,11.61,706
2009PROV01,Matteo Provasi,2026-02-15,11.11,707
2009PROV01,Matteo Provasi,2026-02-15,12.33,708
2009PROV01,Matteo Provasi,2026-02-21,11.81,709
2009PROV01,Matteo Provasi,2026-02-21,10.31,710
2009PROV01,Matteo Provasi,2026-02-28,10.87,711
2009PROV01,Matteo Provasi,2026-02-28,11.01,712
2009PROV01,Matteo Provasi,2026-02-28,10.36,713
2009PROV01,Matteo Provasi,2026-03-08,10.11,714
2009PROV01,Matteo Provasi,2026-03-08,12.02,715
2009PROV01,Matteo Provasi,2026-03-14,11.94,716
2009PROV01,Matteo Provasi,2026-03-14,10.75,717
2009PROV01,Matteo Provasi,2026-03-14,10.05,718
2009PROV01,Matteo Provasi,2026-03-21,10.9,719
2009PROV01,Matteo Provasi,2026-03-21,11.42,720
2009PROV01,Matteo Provasi,2026-03-21,11.31,721
2009PROV01,Matteo Provasi,2026-03-28,11.03,722
2009PROV01,Matteo Provasi,2026-03-28,12.18,723
2009PROV01,Matteo Provasi,2026-03-28,11.45,724
2009PROV01,Matteo Provasi,2026-03-28,10.86,725
2009PROV01,Matteo Provasi,2026-03-28,11.15,726
2009PROV01,Matteo Provasi,2026-04-04,12.0,727
2009PROV01,Matteo Provasi,2026-04-04,11.13,728
2009PROV01,Matteo Provasi,2026-04-04,9.62,729
2009PROV01,Matteo Provasi,2026-04-11,12.49,730
2009PROV01,Matteo Provasi,2026-04-11,11.05,731
2009PROV01,Matteo Provasi,2026-04-11,10.84,732
2009PROV01,Matteo Provasi,2026-04-11,11.16,733
2009PROV01,Matteo Provasi,2026-04-18,12.52,734
2009PROV01,Matteo Provasi,2026-04-18,10.9,735
2009PROV01,Matteo Provasi,2026-04-18,11.53,736
2009PROV01,Matteo Provasi,2026-04-25,11.41,737
2009PROV01,Matteo Provasi,2026-04-25,11.05,738
2009PROV01,Matteo Provasi,2026-04-25,10.81,739
2009PROV01,Matteo Provasi,2026-04-25,12.93,740
2009PROV01,Matteo Provasi,2026-04-25,11.58,741
2009PROV01,Matteo Provasi,2026-04-25,11.57,742
2009PROV01,Matteo Provasi,2026-05-01,11.91,743
2009PROV01,Matteo Provasi,2026-05-01,11.81,744
2009PROV01,Matteo Provasi,2026-05-01,11.37,745
2009PROV01,Matteo Provasi,2026-05-09,12.15,746
2009PROV01,Matteo Provasi,2026-05-09,13.14,747
2009PROV01,Matteo Provasi,2026-05-09,10.91,748
2009PROV01,Matteo Provasi,2026-05-23,11.01,749
2009PROV01,Matteo Provasi,2026-05-23,12.71,750
2010HULL01,Katie Hull,2010-07-31,23.12,1
2010HULL01,Katie Hull,2010-07-31,21.53,2
2010HULL01,Katie Hull,2010-07-31,20.9,3
2010HULL01,Katie Hull,2011-07-30,13.95,4
2010HULL01,Katie Hull,2011-07-30,13.85,5
2010HULL01,Katie Hull,2011-07-30,14.81,6
2010HULL01,Katie Hull,2015-08-08,11.53,7
2010HULL01,Katie Hull,2015-08-08,10.62,8
2010HULL01,Katie Hull,2015-09-12,13.52,9
2010HULL01,Katie Hull,2015-09-12,10.88,10
2010HULL01,Katie Hull,2015-09-12,10.57,11
2010HULL01,Katie Hull,2015-10-24,11.61,12
2010HULL01,Katie Hull,2015-10-24,12.43,13
2010HULL01,Katie Hull,2015-10-24,12.82,14
2010HULL01,Katie Hull,2015-12-12,10.07,15
2010HULL01,Katie Hull,2015-12-12,10.89,16
2010HULL01,Katie Hull,2015-12-12,11.48,17
2010HULL01,Katie Hull,2016-01-02,11.03,18
2010HULL01,Katie Hull,2016-01-02,10.64,19
2010HULL01,Katie Hull,2016-01-02,11.25,20
2010HULL01,Katie Hull,2016-02-06,11.43,21
2010HULL01,Katie Hull,2016-02-06,9.72,22
2010HULL01,Katie Hull,2016-02-06,11.57,23
2010HULL01,Katie Hull,2016-03-19,12.64,24
2010HULL01,Katie Hull,2016-03-19,9.96,25
2010HULL01,Katie Hull,2016-03-19,11.27,26
2010HULL01,Katie Hull,2016-04-23,12.1,27
2010HULL01,Katie Hull,2016-04-23,10.81,28
2010HULL01,Katie Hull,2016-04-23,9.87,29
2010HULL01,Katie Hull,2016-04-23,12.23,30
2010HULL01,Katie Hull,2016-05-07,12.84,31
2010HULL01,Katie Hull,2016-05-07,10.75,32
2010HULL01,Katie Hull,2016-05-07,10.32,33
2010HULL01,Katie Hull,2016-06-04,11.19,34
2010HULL01,Katie Hull,2016-06-04,12.17,35
2010HULL01,Katie Hull,2016-06-04,10.88,36
2010HULL01,Katie Hull,2016-07-17,10.02,37
2010HULL01,Katie Hull,2016-07-17,9.82,38
2010HULL01,Katie Hull,2016-07-17,11.84,39
2010HULL01,Katie Hull,2016-07-29,10.29,40
2010HULL01,Katie Hull,2016-07-29,10.9,41
2010HULL01,Katie Hull,2016-08-13,10.85,42
2010HULL01,Katie Hull,2016-08-13,10.02,43
2010HULL01,Katie Hull,2016-08-13,10.86,44
2010HULL01,Katie Hull,2016-10-08,9.87,45
2010HULL01,Katie Hull,2016-10-08,10.33,46
2010HULL01,Katie Hull,2016-11-05,10.51,47
2010HULL01,Katie Hull,2016-11-05,10.54,48
2010HULL01,Katie Hull,2016-11-05,9.73,49
2010HULL01,Katie Hull,2016-12-03,10.37,50
2010HULL01,Katie Hull,2016-12-03,11.32,51
2010HULL01,Katie Hull,2016-12-03,9.4,52
2010HULL01,Katie Hull,2016-12-04,10.7,53
2010HULL01,Katie Hull,2016-12-04,10.1,54
2010HULL01,Katie Hull,2016-12-04,10.03,55
2010HULL01,Katie Hull,2017-01-07,10.46,56
2010HULL01,Katie Hull,2017-01-07,9.72,57
2010HULL01,Katie Hull,2017-01-07,10.18,58
2010HULL01,Katie Hull,2017-01-21,10.89,59
2010HULL01,Katie Hull,2017-01-21,10.48,60
2010HULL01,Katie Hull,2017-01-21,10.56,61
2010HULL01,Katie Hull,2017-02-11,10.47,62
2010HULL01,Katie Hull,2017-02-11,8.89,63
2010HULL01,Katie Hull,2017-02-11,9.24,64
2010HULL01,Katie Hull,2017-02-18,9.89,65
2010HULL01,Katie Hull,2017-02-18,10.59,66
2010HULL01,Katie Hull,2017-02-18,9.91,67
2010HULL01,Katie Hull,2017-02-25,9.94,68
2010HULL01,Katie Hull,2017-02-25,9.53,69
2010HULL01,Katie Hull,2017-02-25,10.12,70
2010HULL01,Katie Hull,2017-03-04,10.57,71
2010HULL01,Katie Hull,2017-03-04,10.22,72
2010HULL01,Katie Hull,2017-03-04,9.72,73
2010HULL01,Katie Hull,2017-03-11,9.76,74
2010HULL01,Katie Hull,2017-03-11,11.47,75
2010HULL01,Katie Hull,2017-03-11,10.88,76
2010HULL01,Katie Hull,2017-03-18,10.13,77
2010HULL01,Katie Hull,2017-03-18,10.43,78
2010HULL01,Katie Hull,2017-03-18,9.6,79
2010HULL01,Katie Hull,2017-03-25,9.47,80
2010HULL01,Katie Hull,2017-03-25,10.56,81
2010HULL01,Katie Hull,2017-03-25,10.25,82
2010HULL01,Katie Hull,2017-04-01,11.32,83
2010HULL01,Katie Hull,2017-04-01,10.83,84
2010HULL01,Katie Hull,2017-04-01,9.89,85
2010HULL01,Katie Hull,2017-04-02,10.84,86
2010HULL01,Katie Hull,2017-04-02,10.01,87
2010HULL01,Katie Hull,2017-04-02,11.03,88
2010HULL01,Katie Hull,2017-04-02,9.09,89
2010HULL01,Katie Hull,2017-04-08,9.36,90
2010HULL01,Katie Hull,2017-04-08,8.99,91
2010HULL01,Katie Hull,2017-04-08,10.2,92
2010HULL01,Katie Hull,2017-04-29,10.35,93
2010HULL01,Katie Hull,2017-04-29,10.14,94
2010HULL01,Katie Hull,2017-04-29,10.59,95
2010HULL01,Katie Hull,2017-05-13,10.06,96
2010HULL01,Katie Hull,2017-05-13,9.92,97
2010HULL01,Katie Hull,2017-05-13,9.28,98
2010HULL01,Katie Hull,2017-06-10,10.62,99
2010HULL01,Katie Hull,2017-06-10,11.2,100
2010HULL01,Katie Hull,2017-06-10,9.26,101
2010HULL01,Katie Hull,2017-06-24,10.09,102
2010HULL01,Katie Hull,2017-06-24,9.72,103
2010HULL01,Katie Hull,2017-06-24,10.87,104
2010HULL01,Katie Hull,2017-07-02,9.67,105
2010HULL01,Katie Hull,2017-07-02,8.74,106
2010HULL01,Katie Hull,2017-07-02,11.17,107
2010HULL01,Katie Hull,2017-07-07,9.46,108
2010HULL01,Katie Hull,2017-07-07,9.56,109
2010HULL01,Katie Hull,2017-07-07,10.15,110
2010HULL01,Katie Hull,2017-07-15,11.14,111
2010HULL01,Katie Hull,2017-07-15,9.36,112
2010HULL01,Katie Hull,2017-07-15,11.06,113
2010HULL01,Katie Hull,2017-07-15,9.84,114
2010HULL01,Katie Hull,2017-07-22,9.57,115
2010HULL01,Katie Hull,2017-07-22,9.76,116
2010HULL01,Katie Hull,2017-07-22,9.81,117
2010HULL01,Katie Hull,2017-07-29,9.68,118
2010HULL01,Katie Hull,2017-07-29,9.51,119
2010HULL01,Katie Hull,2017-07-29,10.17,120
2010HULL01,Katie Hull,2017-08-05,9.26,121
2010HULL01,Katie Hull,2017-08-05,9.8,122
2010HULL01,Katie Hull,2017-08-05,10.19,123
2010HULL01,Katie Hull,2017-08-05,9.16,124
2010HULL01,Katie Hull,2017-08-19,10.8,125
2010HULL01,Katie Hull,2017-08-19,10.14,126
2010HULL01,Katie Hull,2017-09-02,9.77,127
2010HULL01,Katie Hull,2017-09-02,10.25,128
2010HULL01,Katie Hull,2017-09-02,9.38,129
2010HULL01,Katie Hull,2017-09-03,10.45,130
2010HULL01,Katie Hull,2017-09-03,10.63,131
2010HULL01,Katie Hull,2017-09-03,9.65,132
2010HULL01,Katie Hull,2017-09-09,10.12,133
2010HULL01,Katie Hull,2017-09-09,10.36,134
2010HULL01,Katie Hull,2017-09-09,9.64,135
2010HULL01,Katie Hull,2017-09-15,10.32,136
2010HULL01,Katie Hull,2017-09-15,9.59,137
2010HULL01,Katie Hull,2017-09-15,9.88,138
2010HULL01,Katie Hull,2017-09-24,10.18,139
2010HULL01,Katie Hull,2017-09-24,9.62,140
2010HULL01,Katie Hull,2017-09-24,9.79,141
2010HULL01,Katie Hull,2017-09-30,9.22,142
2010HULL01,Katie Hull,2017-09-30,8.58,143
2010HULL01,Katie Hull,2017-09-30,9.08,144
2010HULL01,Katie Hull,2017-10-07,10.46,145
2010HULL01,Katie Hull,2017-10-07,10.44,146
2010HULL01,Katie Hull,2017-10-07,9.6,147
2010HULL01,Katie Hull,2017-10-14,8.93,148
2010HULL01,Katie Hull,2017-10-14,8.93,149
2010HULL01,Katie Hull,2017-10-14,10.47,150
2010HULL01,Katie Hull,2017-10-27,10.92,151
2010HULL01,Katie Hull,2017-10-27,9.01,152
2010HULL01,Katie Hull,2017-10-27,10.18,153
2010HULL01,Katie Hull,2017-11-11,10.21,154
2010HULL01,Katie Hull,2017-11-11,9.3,155
2010HULL01,Katie Hull,2017-11-11,9.18,156
2010HULL01,Katie Hull,2017-12-02,9.5,157
2010HULL01,Katie Hull,2017-12-02,9.81,158
2010HULL01,Katie Hull,2017-12-02,10.31,159
2010HULL01,Katie Hull,2017-12-09,9.9,160
2010HULL01,Katie Hull,2017-12-09,11.49,161
2010HULL01,Katie Hull,2017-12-09,9.21,162
2010HULL01,Katie Hull,2018-01-06,9.41,163
2010HULL01,Katie Hull,2018-01-06,10.1,164
2010HULL01,Katie Hull,2018-01-06,9.6,165
2010HULL01,Katie Hull,2018-01-20,11.01,166
2010HULL01,Katie Hull,2018-01-20,10.02,167
2010HULL01,Katie Hull,2018-01-20,10.25,168
2010HULL01,Katie Hull,2018-01-27,10.38,169
2010HULL01,Katie Hull,2018-01-27,10.83,170
2010HULL01,Katie Hull,2018-02-03,9.9,171
2010HULL01,Katie Hull,2018-02-03,10.2,172
2010HULL01,Katie Hull,2018-02-03,9.65,173
2010HULL01,Katie Hull,2018-02-10,8.98,174
2010HULL01,Katie Hull,2018-02-10,9.82,175
2010HULL01,Katie Hull,2018-02-10,9.43,176
2010HULL01,Katie Hull,2018-02-17,8.68,177
2010HULL01,Katie Hull,2018-02-17,9.21,178
2010HULL01,Katie Hull,2018-02-17,10.89,179
2010HULL01,Katie Hull,2018-03-03,9.26,180
2010HULL01,Katie Hull,2018-03-03,9.23,181
2010HULL01,Katie Hull,2018-03-03,8.99,182
2010HULL01,Katie Hull,2018-03-25,8.89,183
2010HULL01,Katie Hull,2018-03-25,8.56,184
2010HULL01,Katie Hull,2018-03-25,8.71,185
2010HULL01,Katie Hull,2018-03-31,9.68,186
2010HULL01,Katie Hull,2018-03-31,9.31,187
2010HULL01,Katie Hull,2018-03-31,10.1,188
2010HULL01,Katie Hull,2018-04-13,9.04,189
2010HULL01,Katie Hull,2018-04-13,9.58,190
2010HULL01,Katie Hull,2018-04-13,9.81,191
2010HULL01,Katie Hull,2018-04-13,10.0,192
2010HULL01,Katie Hull,2018-04-21,9.88,193
2010HULL01,Katie Hull,2018-04-21,8.6,194
2010HULL01,Katie Hull,2018-04-21,11.23,195
2010HULL01,Katie Hull,2018-04-29,10.22,196
2010HULL01,Katie Hull,2018-04-29,8.83,197
2010HULL01,Katie Hull,2018-05-12,9.24,198
2010HULL01,Katie Hull,2018-05-12,9.35,199
2010HULL01,Katie Hull,2018-05-12,8.89,200
2010HULL01,Katie Hull,2018-05-18,9.24,201
2010HULL01,Katie Hull,2018-05-18,9.76,202
2010HULL01,Katie Hull,2018-05-18,11.85,203
2010HULL01,Katie Hull,2018-06-09,9.67,204
2010HULL01,Katie Hull,2018-06-09,9.48,205
2010HULL01,Katie Hull,2018-06-16,9.49,206
2010HULL01,Katie Hull,2018-06-16,9.37,207
2010HULL01,Katie Hull,2018-06-16,10.22,208
2010HULL01,Katie Hull,2018-06-30,9.83,209
2010HULL01,Katie Hull,2018-06-30,10.19,210
2010HULL01,Katie Hull,2018-06-30,9.49,211
2010HULL01,Katie Hull,2018-07-14,9.35,212
2010HULL01,Katie Hull,2018-07-14,9.95,213
2010HULL01,Katie Hull,2018-07-14,9.47,214
2010HULL01,Katie Hull,2018-07-27,9.1,215
2010HULL01,Katie Hull,2018-07-27,10.34,216
2010HULL01,Katie Hull,2018-09-08,9.82,217
2010HULL01,Katie Hull,2018-09-08,9.2,218
2010HULL01,Katie Hull,2018-09-08,10.24,219
2010HULL01,Katie Hull,2018-09-22,9.47,220
2010HULL01,Katie Hull,2018-09-22,9.41,221
2010HULL01,Katie Hull,2018-09-22,9.49,222
2010HULL01,Katie Hull,2018-10-13,10.02,223
2010HULL01,Katie Hull,2018-10-13,9.45,224
2010HULL01,Katie Hull,2018-10-13,9.06,225
2010HULL01,Katie Hull,2018-11-03,9.33,226
2010HULL01,Katie Hull,2018-11-03,8.72,227
2010HULL01,Katie Hull,2018-11-03,9.83,228
2010HULL01,Katie Hull,2018-11-17,9.7,229
2010HULL01,Katie Hull,2018-11-17,8.28,230
2010HULL01,Katie Hull,2018-12-01,9.91,231
2010HULL01,Katie Hull,2018-12-01,9.86,232
2010HULL01,Katie Hull,2018-12-01,9.08,233
2010HULL01,Katie Hull,2018-12-14,9.26,234
2010HULL01,Katie Hull,2018-12-14,8.57,235
2010HULL01,Katie Hull,2018-12-14,9.45,236
2010HULL01,Katie Hull,2019-01-19,10.33,237
2010HULL01,Katie Hull,2019-01-19,9.55,238
2010HULL01,Katie Hull,2019-01-19,9.89,239
2010HULL01,Katie Hull,2019-02-02,10.25,240
2010HULL01,Katie Hull,2019-02-02,9.52,241
2010HULL01,Katie Hull,2019-02-02,9.81,242
2010HULL01,Katie Hull,2019-02-16,9.21,243
2010HULL01,Katie Hull,2019-02-16,9.03,244
2010HULL01,Katie Hull,2019-02-16,9.27,245
2010HULL01,Katie Hull,2019-03-02,9.47,246
2010HULL01,Katie Hull,2019-03-02,9.63,247
2010HULL01,Katie Hull,2019-03-02,9.12,248
2010HULL01,Katie Hull,2019-03-09,9.36,249
2010HULL01,Katie Hull,2019-03-09,9.33,250
2010HULL01,Katie Hull,2019-03-09,9.31,251
2010HULL01,Katie Hull,2019-03-16,8.71,252
2010HULL01,Katie Hull,2019-03-16,9.66,253
2010HULL01,Katie Hull,2019-03-16,9.71,254
2010HULL01,Katie Hull,2019-03-30,10.38,255
2010HULL01,Katie Hull,2019-03-30,8.91,256
2010HULL01,Katie Hull,2019-03-30,8.87,257
2010HULL01,Katie Hull,2019-04-27,9.61,258
2010HULL01,Katie Hull,2019-04-27,10.04,259
2010HULL01,Katie Hull,2019-04-27,10.83,260
2010HULL01,Katie Hull,2019-05-04,9.77,261
2010HULL01,Katie Hull,2019-05-04,8.59,262
2010HULL01,Katie Hull,2019-05-04,8.75,263
2010HULL01,Katie Hull,2019-05-11,9.22,264
2010HULL01,Katie Hull,2019-05-11,9.13,265
2010HULL01,Katie Hull,2019-05-11,9.64,266
2010HULL01,Katie Hull,2019-05-25,10.0,267
2010HULL01,Katie Hull,2019-05-25,9.08,268
2010HULL01,Katie Hull,2019-05-25,9.47,269
2010HULL01,Katie Hull,2019-06-22,10.79,270
2010HULL01,Katie Hull,2019-06-22,9.56,271
2010HULL01,Katie Hull,2019-06-22,8.7,272
2010HULL01,Katie Hull,2019-06-29,10.31,273
2010HULL01,Katie Hull,2019-06-29,8.97,274
2010HULL01,Katie Hull,2019-06-29,8.73,275
2010HULL01,Katie Hull,2019-07-20,9.37,276
2010HULL01,Katie Hull,2019-07-20,9.71,277
2010HULL01,Katie Hull,2019-07-20,10.06,278
2010HULL01,Katie Hull,2019-07-27,9.59,279
2010HULL01,Katie Hull,2019-07-27,8.62,280
2010HULL01,Katie Hull,2019-07-27,9.55,281
2010HULL01,Katie Hull,2019-08-01,10.07,282
2010HULL01,Katie Hull,2019-08-01,8.57,283
2010HULL01,Katie Hull,2019-08-01,9.46,284
2010HULL01,Katie Hull,2019-08-30,10.65,285
2010HULL01,Katie Hull,2019-08-30,9.42,286
2010HULL01,Katie Hull,2019-08-30,7.86,287
2010HULL01,Katie Hull,2019-09-14,9.39,288
2010HULL01,Katie Hull,2019-09-14,8.6,289
2010HULL01,Katie Hull,2019-09-14,8.43,290
2010HULL01,Katie Hull,2019-09-21,9.25,291
2010HULL01,Katie Hull,2019-09-21,8.48,292
2010HULL01,Katie Hull,2019-09-21,8.34,293
2010HULL01,Katie Hull,2019-09-28,9.06,294
2010HULL01,Katie Hull,2019-09-28,8.83,295
2010HULL01,Katie Hull,2019-09-28,9.75,296
2010HULL01,Katie Hull,2019-10-19,9.18,297
2010HULL01,Katie Hull,2019-10-19,8.79,298
2010HULL01,Katie Hull,2019-10-19,11.05,299
2010HULL01,Katie Hull,2019-11-01,8.67,300
2010HULL01,Katie Hull,2019-11-01,8.51,301
2010HULL01,Katie Hull,2019-11-01,8.73,302
2010HULL01,Katie Hull,2019-11-09,8.32,303
2010HULL01,Katie Hull,2019-11-09,8.67,304
2010HULL01,Katie Hull,2019-11-09,9.28,305
2010HULL01,Katie Hull,2019-11-23,9.82,306
2010HULL01,Katie Hull,2019-11-23,9.43,307
2010HULL01,Katie Hull,2019-12-07,9.81,308
2010HULL01,Katie Hull,2019-12-07,9.43,309
2010HULL01,Katie Hull,2019-12-07,9.42,310
2010HULL01,Katie Hull,2019-12-14,9.11,311
2010HULL01,Katie Hull,2019-12-14,9.36,312
2010HULL01,Katie Hull,2019-12-14,8.99,313
2010HULL01,Katie Hull,2019-12-21,9.98,314
2010HULL01,Katie Hull,2019-12-21,9.31,315
2010HULL01,Katie Hull,2019-12-21,9.26,316
2010HULL01,Katie Hull,2020-01-04,9.24,317
2010HULL01,Katie Hull,2020-01-04,9.14,318
2010HULL01,Katie Hull,2020-01-04,8.45,319
2010HULL01,Katie Hull,2020-01-18,9.43,320
2010HULL01,Katie Hull,2020-01-18,8.28,321
2010HULL01,Katie Hull,2020-01-18,9.26,322
2010HULL01,Katie Hull,2020-02-08,9.06,323
2010HULL01,Katie Hull,2020-02-08,9.15,324
2010HULL01,Katie Hull,2020-02-08,8.39,325
2010HULL01,Katie Hull,2020-03-13,9.61,326
2010HULL01,Katie Hull,2020-03-13,8.9,327
2010HULL01,Katie Hull,2020-03-13,8.46,328
2010HULL01,Katie Hull,2021-07-11,9.39,329
2010HULL01,Katie Hull,2021-07-11,8.35,330
2010HULL01,Katie Hull,2021-07-11,8.82,331
2010HULL01,Katie Hull,2021-07-24,10.1,332
2010HULL01,Katie Hull,2021-10-30,8.64,333
2010HULL01,Katie Hull,2021-10-30,9.82,334
2010HULL01,Katie Hull,2021-12-04,10.33,335
2010HULL01,Katie Hull,2021-12-04,9.63,336
2010HULL01,Katie Hull,2021-12-04,8.77,337
2010HULL01,Katie Hull,2021-12-11,8.82,338
2010HULL01,Katie Hull,2021-12-11,8.4,339
2010HULL01,Katie Hull,2022-01-22,10.18,340
2010HULL01,Katie Hull,2022-01-22,8.85,341
2010HULL01,Katie Hull,2022-01-22,8.38,342
2010HULL01,Katie Hull,2022-01-29,8.32,343
2010HULL01,Katie Hull,2022-01-29,9.13,344
2010HULL01,Katie Hull,2022-02-12,9.64,345
2010HULL01,Katie Hull,2022-02-12,9.57,346
2010HULL01,Katie Hull,2022-02-12,9.2,347
2010HULL01,Katie Hull,2022-02-27,8.68,348
2010HULL01,Katie Hull,2022-02-27,9.19,349
2010HULL01,Katie Hull,2022-02-27,9.37,350
2010HULL01,Katie Hull,2022-03-12,8.55,351
2010HULL01,Katie Hull,2022-03-12,8.07,352
2010HULL01,Katie Hull,2022-03-12,8.52,353
2010HULL01,Katie Hull,2022-04-10,9.1,354
2010HULL01,Katie Hull,2022-04-10,8.94,355
2010HULL01,Katie Hull,2022-04-10,8.75,356
2010HULL01,Katie Hull,2022-04-23,8.88,357
2010HULL01,Katie Hull,2022-04-23,9.76,358
2010HULL01,Katie Hull,2022-04-23,8.47,359
2010HULL01,Katie Hull,2022-04-24,8.67,360
2010HULL01,Katie Hull,2022-04-24,9.32,361
2010HULL01,Katie Hull,2022-04-24,8.64,362
2010HULL01,Katie Hull,2022-05-07,9.83,363
2010HULL01,Katie Hull,2022-05-07,10.29,364
2010HULL01,Katie Hull,2022-05-07,9.6,365
2010HULL01,Katie Hull,2022-05-14,8.9,366
2010HULL01,Katie Hull,2022-05-14,8.88,367
2010HULL01,Katie Hull,2022-05-14,8.34,368
2010HULL01,Katie Hull,2022-05-21,9.45,369
2010HULL01,Katie Hull,2022-05-21,9.34,370
2010HULL01,Katie Hull,2022-05-21,8.02,371
2010HULL01,Katie Hull,2022-06-03,8.6,372
2010HULL01,Katie Hull,2022-06-03,8.22,373
2010HULL01,Katie Hull,2022-06-03,9.99,374
2010HULL01,Katie Hull,2022-06-11,9.82,375
2010HULL01,Katie Hull,2022-06-11,8.74,376
2010HULL01,Katie Hull,2022-06-11,10.41,377
2010HULL01,Katie Hull,2022-06-25,9.05,378
2010HULL01,Katie Hull,2022-06-25,8.98,379
2010HULL01,Katie Hull,2022-06-25,8.85,380
2010HULL01,Katie Hull,2022-07-07,9.19,381
2010HULL01,Katie Hull,2022-07-07,8.64,382
2010HULL01,Katie Hull,2022-07-07,9.03,383
2010HULL01,Katie Hull,2022-07-29,8.24,384
2010HULL01,Katie Hull,2022-07-29,8.75,385
2010HULL01,Katie Hull,2022-07-29,9.62,386
2010HULL01,Katie Hull,2022-08-27,8.93,387
2010HULL01,Katie Hull,2022-08-27,8.04,388
2010HULL01,Katie Hull,2022-08-27,8.88,389
2010HULL01,Katie Hull,2022-09-24,9.45,390
2010HULL01,Katie Hull,2022-09-24,9.13,391
2010HULL01,Katie Hull,2022-09-24,8.81,392
2010HULL01,Katie Hull,2022-10-22,8.28,393
2010HULL01,Katie Hull,2022-10-22,9.0,394
2010HULL01,Katie Hull,2022-10-22,9.71,395
2010HULL01,Katie Hull,2022-10-29,9.36,396
2010HULL01,Katie Hull,2022-10-29,9.15,397
2010HULL01,Katie Hull,2022-10-29,9.42,398
2010HULL01,Katie Hull,2022-11-12,8.78,399
2010HULL01,Katie Hull,2022-11-12,8.54,400
2010HULL01,Katie Hull,2022-11-20,8.07,401
2010HULL01,Katie Hull,2022-12-03,9.12,402
2010HULL01,Katie Hull,2022-12-03,9.3,403
2010HULL01,Katie Hull,2022-12-03,9.84,404
2010HULL01,Katie Hull,2023-01-07,8.77,405
2010HULL01,Katie Hull,2023-01-07,8.8,406
2010HULL01,Katie Hull,2023-01-07,9.14,407
2010HULL01,Katie Hull,2023-01-15,8.52,408
2010HULL01,Katie Hull,2023-01-15,8.49,409
2010HULL01,Katie Hull,2023-01-15,8.18,410
2010HULL01,Katie Hull,2023-01-21,8.76,411
2010HULL01,Katie Hull,2023-01-21,8.93,412
2010HULL01,Katie Hull,2023-01-21,8.59,413
2010HULL01,Katie Hull,2023-02-05,9.61,414
2010HULL01,Katie Hull,2023-02-05,10.11,415
2010HULL01,Katie Hull,2023-02-05,8.28,416
2010HULL01,Katie Hull,2023-03-04,9.43,417
2010HULL01,Katie Hull,2023-03-04,9.0,418
2010HULL01,Katie Hull,2023-03-04,9.32,419
2010HULL01,Katie Hull,2023-03-19,8.63,420
2010HULL01,Katie Hull,2023-03-19,8.35,421
2010HULL01,Katie Hull,2023-03-19,8.35,422
2010HULL01,Katie Hull,2023-03-25,9.08,423
2010HULL01,Katie Hull,2023-03-25,9.12,424
2010HULL01,Katie Hull,2023-03-25,8.13,425
2010HULL01,Katie Hull,2023-04-08,9.54,426
2010HULL01,Katie Hull,2023-04-08,7.93,427
2010HULL01,Katie Hull,2023-04-08,9.78,428
2010HULL01,Katie Hull,2023-04-15,9.08,429
2010HULL01,Katie Hull,2023-04-15,8.07,430
2010HULL01,Katie Hull,2023-04-15,9.03,431
2010HULL01,Katie Hull,2023-04-22,9.78,432
2010HULL01,Katie Hull,2023-04-22,9.2,433
2010HULL01,Katie Hull,2023-04-22,8.98,434
2010HULL01,Katie Hull,2023-04-29,9.49,435
2010HULL01,Katie Hull,2023-04-29,9.71,436
2010HULL01,Katie Hull,2023-04-29,8.5,437
2010HULL01,Katie Hull,2023-05-07,8.96,438
2010HULL01,Katie Hull,2023-05-07,9.29,439
2010HULL01,Katie Hull,2023-05-07,9.01,440
2010HULL01,Katie Hull,2023-05-20,9.44,441
2010HULL01,Katie Hull,2023-05-20,9.0,442
2010HULL01,Katie Hull,2023-05-20,8.78,443
2010HULL01,Katie Hull,2023-06-25,8.72,444
2010HULL01,Katie Hull,2023-06-25,9.31,445
2010HULL01,Katie Hull,2023-06-25,8.65,446
2010HULL01,Katie Hull,2023-07-01,9.03,447
2010HULL01,Katie Hull,2023-07-01,8.55,448
2010HULL01,Katie Hull,2023-07-01,9.38,449
2010HULL01,Katie Hull,2023-07-09,9.21,450
2010HULL01,Katie Hull,2023-07-09,9.2,451
2010HULL01,Katie Hull,2023-07-09,8.69,452
2010HULL01,Katie Hull,2023-07-15,9.41,453
2010HULL01,Katie Hull,2023-07-15,9.03,454
2010HULL01,Katie Hull,2023-07-15,9.22,455
2010HULL01,Katie Hull,2023-07-27,8.09,456
2010HULL01,Katie Hull,2023-07-27,9.81,457
2010HULL01,Katie Hull,2023-09-02,8.54,458
2010HULL01,Katie Hull,2023-09-02,8.57,459
2010HULL01,Katie Hull,2023-09-02,8.51,460
2010HULL01,Katie Hull,2023-09-09,9.54,461
2010HULL01,Katie Hull,2023-09-09,8.76,462
2010HULL01,Katie Hull,2023-09-09,9.22,463
2010HULL01,Katie Hull,2023-09-16,8.69,464
2010HULL01,Katie Hull,2023-09-16,9.3,465
2010HULL01,Katie Hull,2023-09-16,8.21,466
2010HULL01,Katie Hull,2023-09-23,9.21,467
2010HULL01,Katie Hull,2023-09-23,8.72,468
2010HULL01,Katie Hull,2023-09-23,8.62,469
2010HULL01,Katie Hull,2023-10-07,8.51,470
2010HULL01,Katie Hull,2023-10-07,8.59,471
2010HULL01,Katie Hull,2023-10-07,8.53,472
2010HULL01,Katie Hull,2023-10-15,9.89,473
2010HULL01,Katie Hull,2023-10-15,9.1,474
2010HULL01,Katie Hull,2023-10-15,9.63,475
2010HULL01,Katie Hull,2023-11-04,8.61,476
2010HULL01,Katie Hull,2023-11-04,7.98,477
2010HULL01,Katie Hull,2023-11-04,8.88,478
2010HULL01,Katie Hull,2023-11-11,9.35,479
2010HULL01,Katie Hull,2023-11-11,8.14,480
2010HULL01,Katie Hull,2023-11-19,9.2,481
2010HULL01,Katie Hull,2023-11-19,9.56,482
2010HULL01,Katie Hull,2023-11-19,8.94,483
2010HULL01,Katie Hull,2023-11-25,9.19,484
2010HULL01,Katie Hull,2023-11-25,8.32,485
2010HULL01,Katie Hull,2023-11-25,8.92,486
2010HULL01,Katie Hull,2023-12-02,8.8,487
2010HULL01,Katie Hull,2023-12-02,8.45,488
2010HULL01,Katie Hull,2023-12-02,10.38,489
2010HULL01,Katie Hull,2023-12-02,8.93,490
2010HULL01,Katie Hull,2023-12-16,8.37,491
2010HULL01,Katie Hull,2023-12-16,9.75,492
2010HULL01,Katie Hull,2023-12-16,8.47,493
2010HULL01,Katie Hull,2024-01-06,8.25,494
2010HULL01,Katie Hull,2024-01-06,8.34,495
2010HULL01,Katie Hull,2024-01-06,9.31,496
2010HULL01,Katie Hull,2024-01-13,9.8,497
2010HULL01,Katie Hull,2024-01-13,9.01,498
2010HULL01,Katie Hull,2024-01-13,9.28,499
2010HULL01,Katie Hull,2024-02-03,8.23,500
2010HULL01,Katie Hull,2024-02-03,8.41,501
2010HULL01,Katie Hull,2024-02-10,8.69,502
2010HULL01,Katie Hull,2024-02-10,9.05,503
2010HULL01,Katie Hull,2024-02-10,7.98,504
2010HULL01,Katie Hull,2024-02-24,9.06,505
2010HULL01,Katie Hull,2024-02-24,9.04,506
2010HULL01,Katie Hull,2024-02-24,8.9,507
2010HULL01,Katie Hull,2024-03-02,8.98,508
2010HULL01,Katie Hull,2024-03-02,9.06,509
2010HULL01,Katie Hull,2024-03-02,8.17,510
2010HULL01,Katie Hull,2024-03-09,8.84,511
2010HULL01,Katie Hull,2024-03-09,9.1,512
2010HULL01,Katie Hull,2024-03-09,8.7,513
2010HULL01,Katie Hull,2024-03-23,8.34,514
2010HULL01,Katie Hull,2024-03-23,10.55,515
2010HULL01,Katie Hull,2024-03-23,9.4,516
2010HULL01,Katie Hull,2024-03-30,9.35,517
2010HULL01,Katie Hull,2024-03-30,9.36,518
2010HULL01,Katie Hull,2024-03-30,8.66,519
2010HULL01,Katie Hull,2024-04-20,9.3,520
2010HULL01,Katie Hull,2024-04-20,8.18,521
2010HULL01,Katie Hull,2024-04-20,8.19,522
2010HULL01,Katie Hull,2024-05-11,9.79,523
2010HULL01,Katie Hull,2024-05-11,8.78,524
2010HULL01,Katie Hull,2024-05-11,8.94,525
2010HULL01,Katie Hull,2024-06-02,9.3,526
2010HULL01,Katie Hull,2024-06-02,8.32,527
2010HULL01,Katie Hull,2024-06-02,8.32,528
2010HULL01,Katie Hull,2024-06-09,9.26,529
2010HULL01,Katie Hull,2024-06-09,8.46,530
2010HULL01,Katie Hull,2024-06-09,8.97,531
2010HULL01,Katie Hull,2024-06-16,8.84,532
2010HULL01,Katie Hull,2024-06-16,9.01,533
2010HULL01,Katie Hull,2024-06-28,10.13,534
2010HULL01,Katie Hull,2024-06-28,8.75,535
2010HULL01,Katie Hull,2024-06-28,8.99,536
2010HULL01,Katie Hull,2024-07-18,8.8,537
2010HULL01,Katie Hull,2024-07-18,8.88,538
2010HULL01,Katie Hull,2024-08-10,8.94,539
2010HULL01,Katie Hull,2024-08-10,9.47,540
2010HULL01,Katie Hull,2024-08-10,8.74,541
2010HULL01,Katie Hull,2024-08-31,9.3,542
2010HULL01,Katie Hull,2024-08-31,8.56,543
2010HULL01,Katie Hull,2024-08-31,9.14,544
2010HULL01,Katie Hull,2024-10-04,7.89,545
2010HULL01,Katie Hull,2024-10-04,8.58,546
2010HULL01,Katie Hull,2024-10-04,7.83,547
2010HULL01,Katie Hull,2024-10-04,8.89,548
2010HULL01,Katie Hull,2024-10-13,8.73,549
2010HULL01,Katie Hull,2024-10-13,8.8,550
2010HULL01,Katie Hull,2024-10-13,8.36,551
2010HULL01,Katie Hull,2024-10-19,10.43,552
2010HULL01,Katie Hull,2024-10-19,9.13,553
2010HULL01,Katie Hull,2024-10-19,9.03,554
2010HULL01,Katie Hull,2024-11-02,9.82,555
2010HULL01,Katie Hull,2024-11-02,9.02,556
2010HULL01,Katie Hull,2024-11-02,8.68,557
2010HULL01,Katie Hull,2024-11-23,9.05,558
2010HULL01,Katie Hull,2024-11-23,9.55,559
2010HULL01,Katie Hull,2024-11-23,8.68,560
2010HULL01,Katie Hull,2024-12-14,8.62,561
2010HULL01,Katie Hull,2024-12-14,8.75,562
2010HULL01,Katie Hull,2024-12-14,8.91,563
2010HULL01,Katie Hull,2025-01-04,9.83,564
2010HULL01,Katie Hull,2025-01-04,8.37,565
2010HULL01,Katie Hull,2025-01-04,8.68,566
2010HULL01,Katie Hull,2025-01-18,9.38,567
2010HULL01,Katie Hull,2025-01-18,8.37,568
2010HULL01,Katie Hull,2025-01-18,8.52,569
2010HULL01,Katie Hull,2025-01-25,8.74,570
2010HULL01,Katie Hull,2025-01-25,8.49,571
2010HULL01,Katie Hull,2025-01-25,9.45,572
2010HULL01,Katie Hull,2025-02-01,8.61,573
2010HULL01,Katie Hull,2025-02-01,8.48,574
2010HULL01,Katie Hull,2025-02-01,9.0,575
2010HULL01,Katie Hull,2025-02-08,10.11,576
2010HULL01,Katie Hull,2025-02-08,8.53,577
2010HULL01,Katie Hull,2025-02-08,9.76,578
2010HULL01,Katie Hull,2025-02-23,9.22,579
2010HULL01,Katie Hull,2025-02-23,8.41,580
2010HULL01,Katie Hull,2025-02-23,9.21,581
2010HULL01,Katie Hull,2025-03-02,9.76,582
2010HULL01,Katie Hull,2025-03-02,8.42,583
2010HULL01,Katie Hull,2025-03-02,8.72,584
2010HULL01,Katie Hull,2025-03-08,7.99,585
2010HULL01,Katie Hull,2025-03-08,8.46,586
2010HULL01,Katie Hull,2025-03-08,7.72,587
2010HULL01,Katie Hull,2025-03-15,9.08,588
2010HULL01,Katie Hull,2025-03-15,8.42,589
2010HULL01,Katie Hull,2025-03-22,8.61,590
2010HULL01,Katie Hull,2025-03-22,8.94,591
2010HULL01,Katie Hull,2025-03-22,8.95,592
2010HULL01,Katie Hull,2025-03-30,8.93,593
2010HULL01,Katie Hull,2025-03-30,8.94,594
2010HULL01,Katie Hull,2025-03-30,9.1,595
2010HULL01,Katie Hull,2025-03-30,8.66,596
2010HULL01,Katie Hull,2025-04-05,8.31,597
2010HULL01,Katie Hull,2025-04-05,8.48,598
2010HULL01,Katie Hull,2025-04-05,8.68,599
2010HULL01,Katie Hull,2025-05-03,8.8,600
2010HULL01,Katie Hull,2025-05-03,9.46,601
2010HULL01,Katie Hull,2025-05-03,9.81,602
2010HULL01,Katie Hull,2025-05-10,8.33,603
2010HULL01,Katie Hull,2025-05-10,9.98,604
2010HULL01,Katie Hull,2025-05-10,9.55,605
2010HULL01,Katie Hull,2025-05-17,9.32,606
2010HULL01,Katie Hull,2025-05-17,8.98,607
2010HULL01,Katie Hull,2025-05-17,10.2,608
2010HULL01,Katie Hull,2025-05-24,8.25,609
2010HULL01,Katie Hull,2025-05-24,9.07,610
2010HULL01,Katie Hull,2025-05-24,8.38,611
2010HULL01,Katie Hull,2025-06-13,10.15,612
2010HULL01,Katie Hull,2025-06-13,8.77,613
2010HULL01,Katie Hull,2025-06-13,8.42,614
2010HULL01,Katie Hull,2025-07-03,8.57,615
2010HULL01,Katie Hull,2025-07-03,8.26,616
2010HULL01,Katie Hull,2025-08-02,8.99,617
2010HULL01,Katie Hull,2025-08-02,8.84,618
2010HULL01,Katie Hull,2025-08-02,8.24,619
2010HULL01,Katie Hull,2025-08-09,9.48,620
2010HULL01,Katie Hull,2025-08-09,8.6,621
2010HULL01,Katie Hull,2025-08-09,8.99,622
2010HULL01,Katie Hull,2025-08-16,7.8,623
2010HULL01,Katie Hull,2025-08-16,8.75,624
2010HULL01,Katie Hull,2025-08-16,9.17,625
2010HULL01,Katie Hull,2025-09-07,9.61,626
2010HULL01,Katie Hull,2025-09-07,9.37,627
2010HULL01,Katie Hull,2025-09-07,8.81,628
2010HULL01,Katie Hull,2025-09-20,9.21,629
2010HULL01,Katie Hull,2025-09-20,9.82,630
2010HULL01,Katie Hull,2025-09-27,8.71,631
2010HULL01,Katie Hull,2025-09-27,12.11,632
2010HULL01,Katie Hull,2025-10-12,8.69,633
2010HULL01,Katie Hull,2025-10-12,8.76,634
2010HULL01,Katie Hull,2025-10-12,9.08,635
2010HULL01,Katie Hull,2025-10-19,9.89,636
2010HULL01,Katie Hull,2025-10-19,9.09,637
2010HULL01,Katie Hull,2025-10-19,8.61,638
2010HULL01,Katie Hull,2025-10-19,9.33,639
2010HULL01,Katie Hull,2025-10-25,8.36,640
2010HULL01,Katie Hull,2025-10-25,8.33,641
2010HULL01,Katie Hull,2025-10-25,8.33,642
2010HULL01,Katie Hull,2025-12-06,8.54,643
2010HULL01,Katie Hull,2025-12-06,9.04,644
2010HULL01,Katie Hull,2025-12-06,8.68,645
2010HULL01,Katie Hull,2026-01-17,9.06,646
2010HULL01,Katie Hull,2026-01-17,8.99,647
2010HULL01,Katie Hull,2026-01-17,9.19,648
2010HULL01,Katie Hull,2026-02-07,8.43,649
2010HULL01,Katie Hull,2026-02-07,9.59,650
2010HULL01,Katie Hull,2026-02-07,9.36,651
2010HULL01,Katie Hull,2026-02-09,9.46,652
2010HULL01,Katie Hull,2026-02-09,8.64,653
2010HULL01,Katie Hull,2026-02-14,8.22,654
2010HULL01,Katie Hull,2026-02-14,7.96,655
2010HULL01,Katie Hull,2026-02-14,8.42,656
2010HULL01,Katie Hull,2026-02-22,10.3,657
2010HULL01,Katie Hull,2026-03-07,9.05,658
2010HULL01,Katie Hull,2026-03-07,8.08,659
2010HULL01,Katie Hull,2026-03-07,9.02,660
2010HULL01,Katie Hull,2026-03-16,8.53,661
2010HULL01,Katie Hull,2026-03-16,8.83,662
2010HULL01,Katie Hull,2026-03-21,8.51,663
2010HULL01,Katie Hull,2026-03-21,8.44,664
2010HULL01,Katie Hull,2026-03-21,9.13,665
2010HULL01,Katie Hull,2026-04-06,8.94,666
2010HULL01,Katie Hull,2026-04-06,8.3,667
2010HULL01,Katie Hull,2026-04-11,8.9,668
2010HULL01,Katie Hull,2026-04-11,8.93,669
2010HULL01,Katie Hull,2026-04-11,8.73,670
2010HULL01,Katie Hull,2026-04-14,8.91,671
2010HULL01,Katie Hull,2026-04-14,8.05,672
2010HULL01,Katie Hull,2026-04-25,8.86,673
2010HULL01,Katie Hull,2026-04-25,9.0,674
2010HULL01,Katie Hull,2026-04-25,8.81,675
2010HULL01,Katie Hull,2026-05-09,8.18,676
2010HULL01,Katie Hull,2026-05-09,9.0,677
2010HULL01,Katie Hull,2026-05-16,8.62,678
2010HULL01,Katie Hull,2026-05-16,8.85,679
2010HULL01,Katie Hull,2026-05-16,8.58,680
2010HULL01,Katie Hull,2026-05-16,8.94,681
2010HULL01,Katie Hull,2026-05-24,9.03,682
2010HULL01,Katie Hull,2026-05-24,8.46,683
2010HULL01,Katie Hull,2026-05-24,9.28,684
2010RONK01,Niko Ronkainen,2010-02-27,42.31,1
2010RONK01,Niko Ronkainen,2010-08-28,23.33,2
2010RONK01,Niko Ronkainen,2010-08-28,23.14,3
2010RONK01,Niko Ronkainen,2010-09-18,27.93,4
2010RONK01,Niko Ronkainen,2010-09-18,24.56,5
2010RONK01,Niko Ronkainen,2011-01-22,21.37,6
2010RONK01,Niko Ronkainen,2011-01-22,20.81,7
2010RONK01,Niko Ronkainen,2011-04-02,19.12,8
2010RONK01,Niko Ronkainen,2011-04-02,19.15,9
2010RONK01,Niko Ronkainen,2011-05-21,26.31,10
2010RONK01,Niko Ronkainen,2011-05-21,18.98,11
2010RONK01,Niko Ronkainen,2011-09-17,18.5,12
2010RONK01,Niko Ronkainen,2011-09-17,18.44,13
2010RONK01,Niko Ronkainen,2011-10-08,18.64,14
2010RONK01,Niko Ronkainen,2011-10-08,16.84,15
2010RONK01,Niko Ronkainen,2011-12-10,17.44,16
2010RONK01,Niko Ronkainen,2011-12-10,16.53,17
2010RONK01,Niko Ronkainen,2012-06-08,16.65,18
2010RONK01,Niko Ronkainen,2012-06-08,16.64,19
2010RONK01,Niko Ronkainen,2012-06-16,18.65,20
2010RONK01,Niko Ronkainen,2012-06-16,17.26,21
2010RONK01,Niko Ronkainen,2012-09-01,18.71,22
2010RONK01,Niko Ronkainen,2012-10-12,14.87,23
2010RONK01,Niko Ronkainen,2012-10-12,17.16,24
2010RONK01,Niko Ronkainen,2012-10-27,16.44,25
2010RONK01,Niko Ronkainen,2012-10-27,15.9,26
2010RONK01,Niko Ronkainen,2012-12-08,16.97,27
2010RONK01,Niko Ronkainen,2012-12-08,17.15,28
2010RONK01,Niko Ronkainen,2013-03-23,14.27,29
2010RONK01,Niko Ronkainen,2013-03-23,15.0,30
2010RONK01,Niko Ronkainen,2013-03-23,16.8,31
2010RONK01,Niko Ronkainen,2013-05-17,14.51,32
2010RONK01,Niko Ronkainen,2013-05-17,15.65,33
2010RONK01,Niko Ronkainen,2013-09-07,16.4,34
2010RONK01,Niko Ronkainen,2013-09-07,14.1,35
2010RONK01,Niko Ronkainen,2013-09-07,16.75,36
2010RONK01,Niko Ronkainen,2013-10-12,16.06,37
2010RONK01,Niko Ronkainen,2013-10-12,13.72,38
2010RONK01,Niko Ronkainen,2013-10-12,14.89,39
2010RONK01,Niko Ronkainen,2013-11-02,14.39,40
2010RONK01,Niko Ronkainen,2013-11-02,13.28,41
2010RONK01,Niko Ronkainen,2013-11-02,16.63,42
2010RONK01,Niko Ronkainen,2014-02-22,15.08,43
2010RONK01,Niko Ronkainen,2014-02-22,16.24,44
2010RONK01,Niko Ronkainen,2014-02-22,20.73,45
2010RONK01,Niko Ronkainen,2014-05-03,16.32,46
2010RONK01,Niko Ronkainen,2014-05-03,12.41,47
2010RONK01,Niko Ronkainen,2014-05-03,14.92,48
2010RONK01,Niko Ronkainen,2014-05-17,14.23,49
2010RONK01,Niko Ronkainen,2014-05-17,14.0,50
2010RONK01,Niko Ronkainen,2014-05-17,13.7,51
2010RONK01,Niko Ronkainen,2014-08-08,14.05,52
2010RONK01,Niko Ronkainen,2014-08-08,14.79,53
2010RONK01,Niko Ronkainen,2014-10-18,13.09,54
2010RONK01,Niko Ronkainen,2014-10-18,14.44,55
2010RONK01,Niko Ronkainen,2014-10-18,15.16,56
2010RONK01,Niko Ronkainen,2014-12-13,13.73,57
2010RONK01,Niko Ronkainen,2014-12-13,15.57,58
2010RONK01,Niko Ronkainen,2014-12-13,16.64,59
2010RONK01,Niko Ronkainen,2015-06-13,14.57,60
2010RONK01,Niko Ronkainen,2015-06-13,13.96,61
2010RONK01,Niko Ronkainen,2015-06-13,12.17,62
2010RONK01,Niko Ronkainen,2015-07-17,13.03,63
2010RONK01,Niko Ronkainen,2015-07-17,12.76,64
2010RONK01,Niko Ronkainen,2015-08-15,11.96,65
2010RONK01,Niko Ronkainen,2015-08-15,11.89,66
2010RONK01,Niko Ronkainen,2015-09-05,13.77,67
2010RONK01,Niko Ronkainen,2015-09-05,13.15,68
2010RONK01,Niko Ronkainen,2015-09-05,13.55,69
2010RONK01,Niko Ronkainen,2015-10-23,12.47,70
2010RONK01,Niko Ronkainen,2015-10-23,12.69,71
2010RONK01,Niko Ronkainen,2015-10-23,13.01,72
2010RONK01,Niko Ronkainen,2015-11-28,11.6,73
2010RONK01,Niko Ronkainen,2015-11-28,12.81,74
2010RONK01,Niko Ronkainen,2015-11-28,12.9,75
2010RONK01,Niko Ronkainen,2016-03-05,13.26,76
2010RONK01,Niko Ronkainen,2016-03-05,12.48,77
2010RONK01,Niko Ronkainen,2016-03-05,11.8,78
2010RONK01,Niko Ronkainen,2016-04-16,11.83,79
2010RONK01,Niko Ronkainen,2016-04-16,12.16,80
2010RONK01,Niko Ronkainen,2016-04-16,11.07,81
2010RONK01,Niko Ronkainen,2016-06-18,13.4,82
2010RONK01,Niko Ronkainen,2016-06-18,12.98,83
2010RONK01,Niko Ronkainen,2016-06-18,12.46,84
2010RONK01,Niko Ronkainen,2016-07-15,10.71,85
2010RONK01,Niko Ronkainen,2016-07-15,12.92,86
2010RONK01,Niko Ronkainen,2016-09-17,11.86,87
2010RONK01,Niko Ronkainen,2016-09-17,11.02,88
2010RONK01,Niko Ronkainen,2016-09-17,11.85,89
2010RONK01,Niko Ronkainen,2016-11-25,13.56,90
2010RONK01,Niko Ronkainen,2016-11-25,11.02,91
2010RONK01,Niko Ronkainen,2016-11-25,13.78,92
2010RONK01,Niko Ronkainen,2017-01-14,12.85,93
2010RONK01,Niko Ronkainen,2017-01-14,11.05,94
2010RONK01,Niko Ronkainen,2017-02-25,12.8,95
2010RONK01,Niko Ronkainen,2017-02-25,12.12,96
2010RONK01,Niko Ronkainen,2017-02-25,12.29,97
2010RONK01,Niko Ronkainen,2017-04-15,11.96,98
2010RONK01,Niko Ronkainen,2017-04-15,11.83,99
2010RONK01,Niko Ronkainen,2017-04-15,11.17,100
2010RONK01,Niko Ronkainen,2017-04-22,12.31,101
2010RONK01,Niko Ronkainen,2017-04-22,12.41,102
2010RONK01,Niko Ronkainen,2017-04-22,10.41,103
2010RONK01,Niko Ronkainen,2017-06-09,11.73,104
2010RONK01,Niko Ronkainen,2017-06-09,11.21,105
2010RONK01,Niko Ronkainen,2017-06-09,12.28,106
2010RONK01,Niko Ronkainen,2017-07-13,13.29,107
2010RONK01,Niko Ronkainen,2017-07-13,11.24,108
2010RONK01,Niko Ronkainen,2017-09-16,11.41,109
2010RONK01,Niko Ronkainen,2017-09-16,11.68,110
2010RONK01,Niko Ronkainen,2017-09-16,11.96,111
2010RONK01,Niko Ronkainen,2017-10-21,11.06,112
2010RONK01,Niko Ronkainen,2017-10-21,13.62,113
2010RONK01,Niko Ronkainen,2017-10-21,11.18,114
2010RONK01,Niko Ronkainen,2017-11-17,11.5,115
2010RONK01,Niko Ronkainen,2017-11-17,12.13,116
2010RONK01,Niko Ronkainen,2017-11-17,11.59,117
2010RONK01,Niko Ronkainen,2018-01-27,10.61,118
2010RONK01,Niko Ronkainen,2018-01-27,11.23,119
2010RONK01,Niko Ronkainen,2018-01-27,11.54,120
2010RONK01,Niko Ronkainen,2018-02-10,11.95,121
2010RONK01,Niko Ronkainen,2018-02-10,10.58,122
2010RONK01,Niko Ronkainen,2018-03-23,12.17,123
2010RONK01,Niko Ronkainen,2018-03-23,12.16,124
2010RONK01,Niko Ronkainen,2018-03-23,13.32,125
2010RONK01,Niko Ronkainen,2018-04-06,12.79,126
2010RONK01,Niko Ronkainen,2018-04-06,11.49,127
2010RONK01,Niko Ronkainen,2018-04-06,10.19,128
2010RONK01,Niko Ronkainen,2018-04-06,11.46,129
2010RONK01,Niko Ronkainen,2018-04-14,11.49,130
2010RONK01,Niko Ronkainen,2018-04-14,11.2,131
2010RONK01,Niko Ronkainen,2018-04-14,11.02,132
2010RONK01,Niko Ronkainen,2018-05-11,11.88,133
2010RONK01,Niko Ronkainen,2018-05-11,12.28,134
2010RONK01,Niko Ronkainen,2018-05-11,12.53,135
2010RONK01,Niko Ronkainen,2018-06-08,10.3,136
2010RONK01,Niko Ronkainen,2018-06-08,12.76,137
2010RONK01,Niko Ronkainen,2018-06-08,10.81,138
2010RONK01,Niko Ronkainen,2018-06-30,12.48,139
2010RONK01,Niko Ronkainen,2018-06-30,11.04,140
2010RONK01,Niko Ronkainen,2018-06-30,12.58,141
2010RONK01,Niko Ronkainen,2018-07-19,12.05,142
2010RONK01,Niko Ronkainen,2018-07-19,11.09,143
2010RONK01,Niko Ronkainen,2018-08-24,12.48,144
2010RONK01,Niko Ronkainen,2018-08-24,12.56,145
2010RONK01,Niko Ronkainen,2018-09-22,10.94,146
2010RONK01,Niko Ronkainen,2018-09-22,11.03,147
2010RONK01,Niko Ronkainen,2018-10-20,12.39,148
2010RONK01,Niko Ronkainen,2018-10-20,10.94,149
2010RONK01,Niko Ronkainen,2018-10-20,11.7,150
2010RONK01,Niko Ronkainen,2018-11-02,12.22,151
2010RONK01,Niko Ronkainen,2018-11-02,11.53,152
2010RONK01,Niko Ronkainen,2018-11-02,11.99,153
2010RONK01,Niko Ronkainen,2018-11-16,11.67,154
2010RONK01,Niko Ronkainen,2018-11-16,11.06,155
2010RONK01,Niko Ronkainen,2018-11-16,11.29,156
2010RONK01,Niko Ronkainen,2018-12-15,10.56,157
2010RONK01,Niko Ronkainen,2018-12-15,13.98,158
2010RONK01,Niko Ronkainen,2018-12-15,11.57,159
2010RONK01,Niko Ronkainen,2019-01-04,11.38,160
2010RONK01,Niko Ronkainen,2019-01-04,12.19,161
2010RONK01,Niko Ronkainen,2019-01-04,11.18,162
2010RONK01,Niko Ronkainen,2019-01-12,11.57,163
2010RONK01,Niko Ronkainen,2019-01-12,11.08,164
2010RONK01,Niko Ronkainen,2019-01-12,11.54,165
2010RONK01,Niko Ronkainen,2019-02-09,12.54,166
2010RONK01,Niko Ronkainen,2019-02-09,12.45,167
2010RONK01,Niko Ronkainen,2019-02-09,10.65,168
2010RONK01,Niko Ronkainen,2019-03-01,11.74,169
2010RONK01,Niko Ronkainen,2019-03-01,11.76,170
2010RONK01,Niko Ronkainen,2019-03-01,13.0,171
2010RONK01,Niko Ronkainen,2019-03-15,10.62,172
2010RONK01,Niko Ronkainen,2019-03-15,11.44,173
2010RONK01,Niko Ronkainen,2019-04-12,11.27,174
2010RONK01,Niko Ronkainen,2019-04-12,12.23,175
2010RONK01,Niko Ronkainen,2019-04-27,11.81,176
2010RONK01,Niko Ronkainen,2019-04-27,11.15,177
2010RONK01,Niko Ronkainen,2019-04-27,10.71,178
2010RONK01,Niko Ronkainen,2019-05-11,11.76,179
2010RONK01,Niko Ronkainen,2019-05-11,11.5,180
2010RONK01,Niko Ronkainen,2019-05-11,10.87,181
2010RONK01,Niko Ronkainen,2019-05-11,10.87,182
2010RONK01,Niko Ronkainen,2019-05-24,11.61,183
2010RONK01,Niko Ronkainen,2019-05-24,11.42,184
2010RONK01,Niko Ronkainen,2019-05-24,10.91,185
2010RONK01,Niko Ronkainen,2019-06-07,12.01,186
2010RONK01,Niko Ronkainen,2019-06-07,11.36,187
2010RONK01,Niko Ronkainen,2019-06-07,11.36,188
2010RONK01,Niko Ronkainen,2019-06-29,11.44,189
2010RONK01,Niko Ronkainen,2019-06-29,11.17,190
2010RONK01,Niko Ronkainen,2019-07-11,11.12,191
2010RONK01,Niko Ronkainen,2019-07-11,10.77,192
2010RONK01,Niko Ronkainen,2019-08-17,9.84,193
2010RONK01,Niko Ronkainen,2019-08-17,10.74,194
2010RONK01,Niko Ronkainen,2019-08-17,12.45,195
2010RONK01,Niko Ronkainen,2019-09-20,11.25,196
2010RONK01,Niko Ronkainen,2019-09-20,11.86,197
2010RONK01,Niko Ronkainen,2019-09-20,10.14,198
2010RONK01,Niko Ronkainen,2019-09-20,11.0,199
2010RONK01,Niko Ronkainen,2019-10-04,11.97,200
2010RONK01,Niko Ronkainen,2019-10-04,11.87,201
2010RONK01,Niko Ronkainen,2019-10-04,10.71,202
2010RONK01,Niko Ronkainen,2019-11-01,11.32,203
2010RONK01,Niko Ronkainen,2019-11-01,12.13,204
2010RONK01,Niko Ronkainen,2019-11-01,10.97,205
2010RONK01,Niko Ronkainen,2019-11-01,11.32,206
2010RONK01,Niko Ronkainen,2019-11-22,11.89,207
2010RONK01,Niko Ronkainen,2019-11-22,11.01,208
2010RONK01,Niko Ronkainen,2019-11-22,10.08,209
2010RONK01,Niko Ronkainen,2019-12-14,10.67,210
2010RONK01,Niko Ronkainen,2019-12-14,10.26,211
2010RONK01,Niko Ronkainen,2019-12-14,11.53,212
2010RONK01,Niko Ronkainen,2020-01-11,12.07,213
2010RONK01,Niko Ronkainen,2020-01-11,11.7,214
2010RONK01,Niko Ronkainen,2020-02-15,10.43,215
2010RONK01,Niko Ronkainen,2020-02-22,11.94,216
2010RONK01,Niko Ronkainen,2020-02-22,11.12,217
2010RONK01,Niko Ronkainen,2020-02-22,11.94,218
2010RONK01,Niko Ronkainen,2020-03-07,10.64,219
2010RONK01,Niko Ronkainen,2020-03-07,10.33,220
2010RONK01,Niko Ronkainen,2020-08-22,12.09,221
2010RONK01,Niko Ronkainen,2020-08-30,11.21,222
2010RONK01,Niko Ronkainen,2020-08-30,11.06,223
2010RONK01,Niko Ronkainen,2021-10-01,13.25,224
2010RONK01,Niko Ronkainen,2021-10-01,11.39,225
2010RONK01,Niko Ronkainen,2021-10-30,11.56,226
2010RONK01,Niko Ronkainen,2021-10-30,11.56,227
2010RONK01,Niko Ronkainen,2021-10-30,11.4,228
2010RONK01,Niko Ronkainen,2021-12-10,11.49,229
2010RONK01,Niko Ronkainen,2021-12-10,11.07,230
2010RONK01,Niko Ronkainen,2021-12-10,12.42,231
2010RONK01,Niko Ronkainen,2022-02-12,11.69,232
2010RONK01,Niko Ronkainen,2022-02-12,12.05,233
2010RONK01,Niko Ronkainen,2022-02-12,10.97,234
2010RONK01,Niko Ronkainen,2022-03-11,10.61,235
2010RONK01,Niko Ronkainen,2022-03-11,10.88,236
2010RONK01,Niko Ronkainen,2022-04-15,10.5,237
2010RONK01,Niko Ronkainen,2022-04-15,10.8,238
2010RONK01,Niko Ronkainen,2022-04-15,12.08,239
2010RONK01,Niko Ronkainen,2022-04-23,12.43,240
2010RONK01,Niko Ronkainen,2022-04-23,9.65,241
2010RONK01,Niko Ronkainen,2022-04-23,10.85,242
2010RONK01,Niko Ronkainen,2022-05-07,11.94,243
2010RONK01,Niko Ronkainen,2022-05-07,10.57,244
2010RONK01,Niko Ronkainen,2022-05-07,11.96,245
2010RONK01,Niko Ronkainen,2022-06-03,10.24,246
2010RONK01,Niko Ronkainen,2022-06-03,10.81,247
2010RONK01,Niko Ronkainen,2022-06-03,10.78,248
2010RONK01,Niko Ronkainen,2022-06-10,12.24,249
2010RONK01,Niko Ronkainen,2022-06-10,12.3,250
2010RONK01,Niko Ronkainen,2022-06-10,11.17,251
2010RONK01,Niko Ronkainen,2022-07-02,10.74,252
2010RONK01,Niko Ronkainen,2022-07-02,10.62,253
2010RONK01,Niko Ronkainen,2022-07-02,11.73,254
2010RONK01,Niko Ronkainen,2022-07-09,10.84,255
2010RONK01,Niko Ronkainen,2022-07-09,10.94,256
2010RONK01,Niko Ronkainen,2022-07-09,12.52,257
2010RONK01,Niko Ronkainen,2022-07-14,10.92,258
2010RONK01,Niko Ronkainen,2022-07-14,11.12,259
2010RONK01,Niko Ronkainen,2022-08-19,10.94,260
2010RONK01,Niko Ronkainen,2022-08-19,11.98,261
2010RONK01,Niko Ronkainen,2022-08-19,10.5,262
2010RONK01,Niko Ronkainen,2022-08-27,10.56,263
2010RONK01,Niko Ronkainen,2022-08-27,11.82,264
2010RONK01,Niko Ronkainen,2022-08-27,12.07,265
2010RONK01,Niko Ronkainen,2022-08-27,11.29,266
2010RONK01,Niko Ronkainen,2022-09-10,10.29,267
2010RONK01,Niko Ronkainen,2022-09-10,11.81,268
2010RONK01,Niko Ronkainen,2022-09-10,11.2,269
2010RONK01,Niko Ronkainen,2022-09-24,10.88,270
2010RONK01,Niko Ronkainen,2022-09-24,11.05,271
2010RONK01,Niko Ronkainen,2022-09-24,11.05,272
2010RONK01,Niko Ronkainen,2022-10-08,11.95,273
2010RONK01,Niko Ronkainen,2022-10-08,10.71,274
2010RONK01,Niko Ronkainen,2022-10-08,12.55,275
2010RONK01,Niko Ronkainen,2022-10-22,13.22,276
2010RONK01,Niko Ronkainen,2022-10-22,10.99,277
2010RONK01,Niko Ronkainen,2022-10-22,10.41,278
2010RONK01,Niko Ronkainen,2022-10-28,10.88,279
2010RONK01,Niko Ronkainen,2022-10-28,11.04,280
2010RONK01,Niko Ronkainen,2022-10-28,10.91,281
2010RONK01,Niko Ronkainen,2022-11-04,10.34,282
2010RONK01,Niko Ronkainen,2022-11-04,10.94,283
2010RONK01,Niko Ronkainen,2022-11-04,11.39,284
2010RONK01,Niko Ronkainen,2022-11-12,11.46,285
2010RONK01,Niko Ronkainen,2022-11-12,11.15,286
2010RONK01,Niko Ronkainen,2022-11-12,11.19,287
2010RONK01,Niko Ronkainen,2022-11-25,10.79,288
2010RONK01,Niko Ronkainen,2022-11-25,10.74,289
2010RONK01,Niko Ronkainen,2022-11-25,11.62,290
2010RONK01,Niko Ronkainen,2022-11-25,9.94,291
2010RONK01,Niko Ronkainen,2022-12-03,10.5,292
2010RONK01,Niko Ronkainen,2022-12-03,12.02,293
2010RONK01,Niko Ronkainen,2022-12-03,11.01,294
2010RONK01,Niko Ronkainen,2022-12-10,12.05,295
2010RONK01,Niko Ronkainen,2022-12-10,11.93,296
2010RONK01,Niko Ronkainen,2022-12-10,10.22,297
2010RONK01,Niko Ronkainen,2022-12-16,11.13,298
2010RONK01,Niko Ronkainen,2022-12-16,10.98,299
2010RONK01,Niko Ronkainen,2023-01-01,9.83,300
2010RONK01,Niko Ronkainen,2023-01-01,10.49,301
2010RONK01,Niko Ronkainen,2023-01-14,11.67,302
2010RONK01,Niko Ronkainen,2023-01-14,11.16,303
2010RONK01,Niko Ronkainen,2023-01-14,10.04,304
2010RONK01,Niko Ronkainen,2023-01-28,11.24,305
2010RONK01,Niko Ronkainen,2023-01-28,11.97,306
2010RONK01,Niko Ronkainen,2023-01-28,11.24,307
2010RONK01,Niko Ronkainen,2023-02-04,10.14,308
2010RONK01,Niko Ronkainen,2023-02-04,10.61,309
2010RONK01,Niko Ronkainen,2023-02-19,11.79,310
2010RONK01,Niko Ronkainen,2023-02-19,10.96,311
2010RONK01,Niko Ronkainen,2023-02-19,10.76,312
2010RONK01,Niko Ronkainen,2023-03-03,10.54,313
2010RONK01,Niko Ronkainen,2023-03-03,11.06,314
2010RONK01,Niko Ronkainen,2023-03-03,10.82,315
2010RONK01,Niko Ronkainen,2023-03-03,10.11,316
2010RONK01,Niko Ronkainen,2023-03-11,10.34,317
2010RONK01,Niko Ronkainen,2023-03-11,10.26,318
2010RONK01,Niko Ronkainen,2023-03-11,9.48,319
2010RONK01,Niko Ronkainen,2023-03-18,11.6,320
2010RONK01,Niko Ronkainen,2023-03-18,10.72,321
2010RONK01,Niko Ronkainen,2023-03-18,10.18,322
2010RONK01,Niko Ronkainen,2023-03-18,10.36,323
2010RONK01,Niko Ronkainen,2023-03-18,11.16,324
2010RONK01,Niko Ronkainen,2023-03-25,11.43,325
2010RONK01,Niko Ronkainen,2023-04-15,10.23,326
2010RONK01,Niko Ronkainen,2023-04-15,11.32,327
2010RONK01,Niko Ronkainen,2023-04-26,10.3,328
2010RONK01,Niko Ronkainen,2023-04-26,10.74,329
2010RONK01,Niko Ronkainen,2023-04-30,11.1,330
2010RONK01,Niko Ronkainen,2023-04-30,10.13,331
2010RONK01,Niko Ronkainen,2023-04-30,10.84,332
2010RONK01,Niko Ronkainen,2023-05-06,12.52,333
2010RONK01,Niko Ronkainen,2023-05-06,11.11,334
2010RONK01,Niko Ronkainen,2023-05-06,11.44,335
2010RONK01,Niko Ronkainen,2023-05-07,10.71,336
2010RONK01,Niko Ronkainen,2023-05-07,10.64,337
2010RONK01,Niko Ronkainen,2023-05-07,10.92,338
2010RONK01,Niko Ronkainen,2023-05-21,12.17,339
2010RONK01,Niko Ronkainen,2023-05-21,10.89,340
2010RONK01,Niko Ronkainen,2023-05-28,10.1,341
2010RONK01,Niko Ronkainen,2023-05-28,9.75,342
2010RONK01,Niko Ronkainen,2023-06-03,10.14,343
2010RONK01,Niko Ronkainen,2023-06-03,10.39,344
2010RONK01,Niko Ronkainen,2023-06-03,10.63,345
2010RONK01,Niko Ronkainen,2023-06-03,10.16,346
2010RONK01,Niko Ronkainen,2023-06-09,11.38,347
2010RONK01,Niko Ronkainen,2023-06-09,10.51,348
2010RONK01,Niko Ronkainen,2023-06-09,11.37,349
2010RONK01,Niko Ronkainen,2023-06-17,10.99,350
2010RONK01,Niko Ronkainen,2023-06-17,10.84,351
2010RONK01,Niko Ronkainen,2023-06-17,10.64,352
2010RONK01,Niko Ronkainen,2023-06-24,11.41,353
2010RONK01,Niko Ronkainen,2023-06-24,9.99,354
2010RONK01,Niko Ronkainen,2023-06-24,10.01,355
2010RONK01,Niko Ronkainen,2023-07-01,11.24,356
2010RONK01,Niko Ronkainen,2023-07-01,10.28,357
2010RONK01,Niko Ronkainen,2023-07-01,10.47,358
2010RONK01,Niko Ronkainen,2023-07-22,10.77,359
2010RONK01,Niko Ronkainen,2023-07-22,10.51,360
2010RONK01,Niko Ronkainen,2023-07-22,10.83,361
2010RONK01,Niko Ronkainen,2023-07-29,9.88,362
2010RONK01,Niko Ronkainen,2023-07-29,12.02,363
2010RONK01,Niko Ronkainen,2023-07-29,10.41,364
2010RONK01,Niko Ronkainen,2023-08-05,11.95,365
2010RONK01,Niko Ronkainen,2023-08-05,10.62,366
2010RONK01,Niko Ronkainen,2023-08-05,11.15,367
2010RONK01,Niko Ronkainen,2023-08-07,11.72,368
2010RONK01,Niko Ronkainen,2023-08-07,10.59,369
2010RONK01,Niko Ronkainen,2023-08-12,11.31,370
2010RONK01,Niko Ronkainen,2023-09-02,10.44,371
2010RONK01,Niko Ronkainen,2023-09-02,10.81,372
2010RONK01,Niko Ronkainen,2023-09-02,10.79,373
2010RONK01,Niko Ronkainen,2023-09-09,10.2,374
2010RONK01,Niko Ronkainen,2023-09-09,10.65,375
2010RONK01,Niko Ronkainen,2023-09-09,9.65,376
2010RONK01,Niko Ronkainen,2023-09-16,11.1,377
2010RONK01,Niko Ronkainen,2023-09-16,11.92,378
2010RONK01,Niko Ronkainen,2023-09-23,13.44,379
2010RONK01,Niko Ronkainen,2023-09-23,10.39,380
2010RONK01,Niko Ronkainen,2023-09-23,13.82,381
2010RONK01,Niko Ronkainen,2023-10-06,10.9,382
2010RONK01,Niko Ronkainen,2023-10-06,10.14,383
2010RONK01,Niko Ronkainen,2023-10-06,10.56,384
2010RONK01,Niko Ronkainen,2023-10-20,11.09,385
2010RONK01,Niko Ronkainen,2023-10-20,10.01,386
2010RONK01,Niko Ronkainen,2023-10-20,11.79,387
2010RONK01,Niko Ronkainen,2023-10-27,10.97,388
2010RONK01,Niko Ronkainen,2023-10-27,10.1,389
2010RONK01,Niko Ronkainen,2023-10-27,11.66,390
2010RONK01,Niko Ronkainen,2023-11-10,10.12,391
2010RONK01,Niko Ronkainen,2023-11-10,11.75,392
2010RONK01,Niko Ronkainen,2023-11-10,11.47,393
2010RONK01,Niko Ronkainen,2023-12-08,11.84,394
2010RONK01,Niko Ronkainen,2023-12-08,10.78,395
2010RONK01,Niko Ronkainen,2023-12-08,10.64,396
2010RONK01,Niko Ronkainen,2024-02-03,9.47,397
2010RONK01,Niko Ronkainen,2024-02-03,11.1,398
2010RONK01,Niko Ronkainen,2024-02-16,11.04,399
2010RONK01,Niko Ronkainen,2024-02-16,10.73,400
2010RONK01,Niko Ronkainen,2024-02-16,10.07,401
2010RONK01,Niko Ronkainen,2024-03-16,12.29,402
2010RONK01,Niko Ronkainen,2024-03-16,10.07,403
2010RONK01,Niko Ronkainen,2024-03-16,10.43,404
2010RONK01,Niko Ronkainen,2024-04-06,10.83,405
2010RONK01,Niko Ronkainen,2024-04-06,11.19,406
2010RONK01,Niko Ronkainen,2024-04-06,11.35,407
2010RONK01,Niko Ronkainen,2024-04-20,11.28,408
2010RONK01,Niko Ronkainen,2024-04-20,10.83,409
2010RONK01,Niko Ronkainen,2024-04-20,9.99,410
2010RONK01,Niko Ronkainen,2024-05-04,9.7,411
2010RONK01,Niko Ronkainen,2024-05-04,10.0,412
2010RONK01,Niko Ronkainen,2024-05-04,11.26,413
2010RONK01,Niko Ronkainen,2024-05-11,12.27,414
2010RONK01,Niko Ronkainen,2024-05-11,10.23,415
2010RONK01,Niko Ronkainen,2024-05-18,10.32,416
2010RONK01,Niko Ronkainen,2024-05-18,11.22,417
2010RONK01,Niko Ronkainen,2024-05-18,12.53,418
2010RONK01,Niko Ronkainen,2024-05-18,10.69,419
2010RONK01,Niko Ronkainen,2024-05-18,11.48,420
2010RONK01,Niko Ronkainen,2024-06-07,12.07,421
2010RONK01,Niko Ronkainen,2024-06-07,9.54,422
2010RONK01,Niko Ronkainen,2024-06-07,10.27,423
2010RONK01,Niko Ronkainen,2024-06-15,10.13,424
2010RONK01,Niko Ronkainen,2024-06-15,10.95,425
2010RONK01,Niko Ronkainen,2024-06-15,9.35,426
2010RONK01,Niko Ronkainen,2024-06-20,10.91,427
2010RONK01,Niko Ronkainen,2024-06-20,9.53,428
2010RONK01,Niko Ronkainen,2024-07-06,11.77,429
2010RONK01,Niko Ronkainen,2024-07-06,10.32,430
2010RONK01,Niko Ronkainen,2024-07-13,10.82,431
2010RONK01,Niko Ronkainen,2024-07-13,10.98,432
2010RONK01,Niko Ronkainen,2024-07-13,14.0,433
2010RONK01,Niko Ronkainen,2024-07-25,10.36,434
2010RONK01,Niko Ronkainen,2024-07-25,11.35,435
2010RONK01,Niko Ronkainen,2024-08-03,11.01,436
2010RONK01,Niko Ronkainen,2024-08-03,9.95,437
2010RONK01,Niko Ronkainen,2024-08-03,11.94,438
2010RONK01,Niko Ronkainen,2024-08-24,10.8,439
2010RONK01,Niko Ronkainen,2024-08-24,11.01,440
2010RONK01,Niko Ronkainen,2024-08-24,9.92,441
2010RONK01,Niko Ronkainen,2024-08-30,10.56,442
2010RONK01,Niko Ronkainen,2024-08-30,11.27,443
2010RONK01,Niko Ronkainen,2024-08-30,9.82,444
2010RONK01,Niko Ronkainen,2024-08-30,10.34,445
2010RONK01,Niko Ronkainen,2024-09-07,10.36,446
2010RONK01,Niko Ronkainen,2024-09-07,10.71,447
2010RONK01,Niko Ronkainen,2024-09-07,10.83,448
2010RONK01,Niko Ronkainen,2024-09-21,11.6,449
2010RONK01,Niko Ronkainen,2024-09-21,11.4,450
2010RONK01,Niko Ronkainen,2024-09-21,10.53,451
2010RONK01,Niko Ronkainen,2024-09-21,12.08,452
2010RONK01,Niko Ronkainen,2024-10-04,10.59,453
2010RONK01,Niko Ronkainen,2024-10-04,12.09,454
2010RONK01,Niko Ronkainen,2024-10-04,10.52,455
2010RONK01,Niko Ronkainen,2024-10-12,10.78,456
2010RONK01,Niko Ronkainen,2024-10-12,11.31,457
2010RONK01,Niko Ronkainen,2024-10-12,11.12,458
2010RONK01,Niko Ronkainen,2024-10-17,12.81,459
2010RONK01,Niko Ronkainen,2024-10-17,11.59,460
2010RONK01,Niko Ronkainen,2024-10-17,10.62,461
2010RONK01,Niko Ronkainen,2024-10-17,11.41,462
2010RONK01,Niko Ronkainen,2024-11-01,10.5,463
2010RONK01,Niko Ronkainen,2024-11-09,11.38,464
2010RONK01,Niko Ronkainen,2024-12-07,10.09,465
2010RONK01,Niko Ronkainen,2024-12-07,11.12,466
2010RONK01,Niko Ronkainen,2024-12-07,11.41,467
2010RONK01,Niko Ronkainen,2025-01-11,9.6,468
2010RONK01,Niko Ronkainen,2025-01-11,11.05,469
2010RONK01,Niko Ronkainen,2025-01-11,10.65,470
2010RONK01,Niko Ronkainen,2025-01-25,11.39,471
2010RONK01,Niko Ronkainen,2025-01-25,12.2,472
2010RONK01,Niko Ronkainen,2025-01-25,11.31,473
2010RONK01,Niko Ronkainen,2025-02-22,11.27,474
2010RONK01,Niko Ronkainen,2025-02-22,10.29,475
2010RONK01,Niko Ronkainen,2025-03-15,11.35,476
2010RONK01,Niko Ronkainen,2025-03-15,9.57,477
2010RONK01,Niko Ronkainen,2025-03-15,11.86,478
2010RONK01,Niko Ronkainen,2025-04-04,11.0,479
2010RONK01,Niko Ronkainen,2025-04-04,10.78,480
2010RONK01,Niko Ronkainen,2025-04-04,12.96,481
2010RONK01,Niko Ronkainen,2025-04-26,11.3,482
2010RONK01,Niko Ronkainen,2025-04-26,10.85,483
2010RONK01,Niko Ronkainen,2025-04-26,10.94,484
2010RONK01,Niko Ronkainen,2025-05-10,11.38,485
2010RONK01,Niko Ronkainen,2025-05-10,9.87,486
2010RONK01,Niko Ronkainen,2025-05-10,10.57,487
2010RONK01,Niko Ronkainen,2025-05-23,9.89,488
2010RONK01,Niko Ronkainen,2025-05-23,10.68,489
2010RONK01,Niko Ronkainen,2025-06-06,11.22,490
2010RONK01,Niko Ronkainen,2025-06-06,11.23,491
2010RONK01,Niko Ronkainen,2025-06-06,10.89,492
2010RONK01,Niko Ronkainen,2025-06-14,10.04,493
2010RONK01,Niko Ronkainen,2025-06-14,11.4,494
2010RONK01,Niko Ronkainen,2025-06-14,11.6,495
2010RONK01,Niko Ronkainen,2025-06-26,10.16,496
2010RONK01,Niko Ronkainen,2025-06-26,11.21,497
2010RONK01,Niko Ronkainen,2025-06-28,11.28,498
2010RONK01,Niko Ronkainen,2025-06-28,10.15,499
2010RONK01,Niko Ronkainen,2025-06-28,11.56,500
2010RONK01,Niko Ronkainen,2025-07-03,12.64,501
2010RONK01,Niko Ronkainen,2025-07-09,10.09,502
2010RONK01,Niko Ronkainen,2025-07-09,9.5,503
2010RONK01,Niko Ronkainen,2025-07-10,10.06,504
2010RONK01,Niko Ronkainen,2025-07-10,9.91,505
2010RONK01,Niko Ronkainen,2025-07-10,11.8,506
2010RONK01,Niko Ronkainen,2025-07-11,10.57,507
2010RONK01,Niko Ronkainen,2025-07-11,10.79,508
2010RONK01,Niko Ronkainen,2025-07-15,11.24,509
2010RONK01,Niko Ronkainen,2025-07-16,10.2,510
2010RONK01,Niko Ronkainen,2025-07-16,9.95,511
2010RONK01,Niko Ronkainen,2025-07-16,9.6,512
2010RONK01,Niko Ronkainen,2025-07-26,10.71,513
2010RONK01,Niko Ronkainen,2025-07-26,11.4,514
2010RONK01,Niko Ronkainen,2025-08-09,12.17,515
2010RONK01,Niko Ronkainen,2025-08-09,10.95,516
2010RONK01,Niko Ronkainen,2025-09-13,11.56,517
2010RONK01,Niko Ronkainen,2025-09-13,11.36,518
2010RONK01,Niko Ronkainen,2025-09-13,12.54,519
2010RONK01,Niko Ronkainen,2025-09-26,10.94,520
2010RONK01,Niko Ronkainen,2025-09-26,12.39,521
2010RONK01,Niko Ronkainen,2025-10-17,11.92,522
2010RONK01,Niko Ronkainen,2025-10-17,10.18,523
2010RONK01,Niko Ronkainen,2025-10-17,9.89,524
2010RONK01,Niko Ronkainen,2025-10-25,12.18,525
2010RONK01,Niko Ronkainen,2025-10-25,11.21,526
2010RONK01,Niko Ronkainen,2025-10-31,9.67,527
2010RONK01,Niko Ronkainen,2025-10-31,10.67,528
2010RONK01,Niko Ronkainen,2025-11-08,11.58,529
2010RONK01,Niko Ronkainen,2025-11-15,10.77,530
2010RONK01,Niko Ronkainen,2025-11-15,10.65,531
2010RONK01,Niko Ronkainen,2025-11-15,11.01,532
2010RONK01,Niko Ronkainen,2025-11-22,10.42,533
2010RONK01,Niko Ronkainen,2025-11-22,10.43,534
2010RONK01,Niko Ronkainen,2025-11-22,11.38,535
2010RONK01,Niko Ronkainen,2025-11-29,9.76,536
2010RONK01,Niko Ronkainen,2025-11-29,10.83,537
2010RONK01,Niko Ronkainen,2025-11-29,12.71,538
2010RONK01,Niko Ronkainen,2025-12-26,11.94,539
2010RONK01,Niko Ronkainen,2025-12-26,11.18,540
2010RONK01,Niko Ronkainen,2025-12-26,10.5,541
2010RONK01,Niko Ronkainen,2026-01-03,9.91,542
2010RONK01,Niko Ronkainen,2026-01-03,10.4,543
2010RONK01,Niko Ronkainen,2026-01-03,11.46,544
2010RONK01,Niko Ronkainen,2026-01-24,10.83,545
2010RONK01,Niko Ronkainen,2026-01-24,10.42,546
2010RONK01,Niko Ronkainen,2026-01-24,9.69,547
2010RONK01,Niko Ronkainen,2026-02-15,10.7,548
2010RONK01,Niko Ronkainen,2026-02-15,9.77,549
2010RONK01,Niko Ronkainen,2026-02-15,10.66,550
2010RONK01,Niko Ronkainen,2026-02-28,11.51,551
2010RONK01,Niko Ronkainen,2026-02-28,14.09,552
2010RONK01,Niko Ronkainen,2026-02-28,10.44,553
2010RONK01,Niko Ronkainen,2026-03-14,10.61,554
2010RONK01,Niko Ronkainen,2026-03-14,11.55,555
2010RONK01,Niko Ronkainen,2026-03-14,10.24,556
2010RONK01,Niko Ronkainen,2026-03-21,11.5,557
2010RONK01,Niko Ronkainen,2026-03-21,12.44,558
2010RONK01,Niko Ronkainen,2026-03-21,11.02,559
2010RONK01,Niko Ronkainen,2026-03-28,10.33,560
2010RONK01,Niko Ronkainen,2026-03-28,10.72,561
2010RONK01,Niko Ronkainen,2026-03-28,10.08,562
2010RONK01,Niko Ronkainen,2026-04-03,10.77,563
2010RONK01,Niko Ronkainen,2026-04-03,10.34,564
2010RONK01,Niko Ronkainen,2026-04-03,10.02,565
2010RONK01,Niko Ronkainen,2026-04-11,11.77,566
2010RONK01,Niko Ronkainen,2026-04-11,11.18,567
2010RONK01,Niko Ronkainen,2026-04-18,11.2,568
2010RONK01,Niko Ronkainen,2026-04-18,10.32,569
2010RONK01,Niko Ronkainen,2026-04-18,10.03,570
2010RONK01,Niko Ronkainen,2026-04-25,11.74,571
2010RONK01,Niko Ronkainen,2026-04-25,9.69,572
2010RONK01,Niko Ronkainen,2026-04-25,10.86,573
2010RONK01,Niko Ronkainen,2026-05-01,10.41,574
2010RONK01,Niko Ronkainen,2026-05-01,11.65,575
2010RONK01,Niko Ronkainen,2026-05-01,11.59,576
2010RONK01,Niko Ronkainen,2026-05-08,10.42,577
2010RONK01,Niko Ronkainen,2026-05-08,12.14,578
2010RONK01,Niko Ronkainen,2026-05-08,10.11,579
2010RONK01,Niko Ronkainen,2026-05-15,13.14,580
2010RONK01,Niko Ronkainen,2026-05-15,11.35,581
2010RONK01,Niko Ronkainen,2026-05-23,11.11,582
2010RONK01,Niko Ronkainen,2026-05-23,11.05,583
2010RONK01,Niko Ronkainen,2026-05-25,13.01,584
2010ROSE03,Dennis Rosero,2010-12-11,25.88,1
2010ROSE03,Dennis Rosero,2011-05-28,22.31,2
2010ROSE03,Dennis Rosero,2011-05-28,22.98,3
2010ROSE03,Dennis Rosero,2011-08-06,21.57,4
2010ROSE03,Dennis Rosero,2011-08-06,20.17,5
2010ROSE03,Dennis Rosero,2011-08-06,20.72,6
2010ROSE03,Dennis Rosero,2011-08-27,21.16,7
2010ROSE03,Dennis Rosero,2011-08-27,23.84,8
2010ROSE03,Dennis Rosero,2011-10-02,23.66,9
2010ROSE03,Dennis Rosero,2011-10-02,19.41,10
2010ROSE03,Dennis Rosero,2011-10-02,19.14,11
2010ROSE03,Dennis Rosero,2011-12-18,17.91,12
2010ROSE03,Dennis Rosero,2011-12-18,19.15,13
2010ROSE03,Dennis Rosero,2011-12-18,18.71,14
2010ROSE03,Dennis Rosero,2012-04-21,22.37,15
2010ROSE03,Dennis Rosero,2012-05-26,18.22,16
2010ROSE03,Dennis Rosero,2012-05-26,18.13,17
2010ROSE03,Dennis Rosero,2012-06-30,19.33,18
2010ROSE03,Dennis Rosero,2012-08-04,20.13,19
2010ROSE03,Dennis Rosero,2012-09-22,18.24,20
2010ROSE03,Dennis Rosero,2012-10-12,15.63,21
2010ROSE03,Dennis Rosero,2012-10-12,19.42,22
2010ROSE03,Dennis Rosero,2012-11-11,17.64,23
2010ROSE03,Dennis Rosero,2012-11-11,18.36,24
2010ROSE03,Dennis Rosero,2013-02-17,18.95,25
2010ROSE03,Dennis Rosero,2013-02-17,19.1,26
2010ROSE03,Dennis Rosero,2013-04-07,16.98,27
2010ROSE03,Dennis Rosero,2013-04-07,18.06,28
2010ROSE03,Dennis Rosero,2013-06-08,17.21,29
2010ROSE03,Dennis Rosero,2013-06-08,16.07,30
2010ROSE03,Dennis Rosero,2013-06-08,17.71,31
2010ROSE03,Dennis Rosero,2013-09-22,18.4,32
2010ROSE03,Dennis Rosero,2013-09-22,16.68,33
2010ROSE03,Dennis Rosero,2013-09-29,18.08,34
2010ROSE03,Dennis Rosero,2013-09-29,19.25,35
2010ROSE03,Dennis Rosero,2013-09-29,15.65,36
2010ROSE03,Dennis Rosero,2013-10-13,16.32,37
2010ROSE03,Dennis Rosero,2013-10-13,15.85,38
2010ROSE03,Dennis Rosero,2013-12-14,17.23,39
2010ROSE03,Dennis Rosero,2013-12-14,17.58,40
2010ROSE03,Dennis Rosero,2013-12-20,16.63,41
2010ROSE03,Dennis Rosero,2013-12-20,18.1,42
2010ROSE03,Dennis Rosero,2013-12-20,20.45,43
2010ROSE03,Dennis Rosero,2014-02-02,17.49,44
2010ROSE03,Dennis Rosero,2014-02-02,15.56,45
2010ROSE03,Dennis Rosero,2014-03-15,17.74,46
2010ROSE03,Dennis Rosero,2014-03-15,16.13,47
2010ROSE03,Dennis Rosero,2014-03-15,15.63,48
2010ROSE03,Dennis Rosero,2014-05-19,14.82,49
2010ROSE03,Dennis Rosero,2014-05-19,14.63,50
2010ROSE03,Dennis Rosero,2014-08-22,17.42,51
2010ROSE03,Dennis Rosero,2014-08-22,18.03,52
2010ROSE03,Dennis Rosero,2014-09-27,17.65,53
2010ROSE03,Dennis Rosero,2014-09-27,14.81,54
2010ROSE03,Dennis Rosero,2014-11-15,15.03,55
2010ROSE03,Dennis Rosero,2014-11-15,14.8,56
2010ROSE03,Dennis Rosero,2014-11-15,14.96,57
2010ROSE03,Dennis Rosero,2015-03-29,15.48,58
2010ROSE03,Dennis Rosero,2015-03-29,16.26,59
2010ROSE03,Dennis Rosero,2015-04-18,21.13,60
2010ROSE03,Dennis Rosero,2015-04-18,15.89,61
2010ROSE03,Dennis Rosero,2015-05-16,16.25,62
2010ROSE03,Dennis Rosero,2015-05-16,13.68,63
2010ROSE03,Dennis Rosero,2015-05-16,15.84,64
2010ROSE03,Dennis Rosero,2015-06-20,18.28,65
2010ROSE03,Dennis Rosero,2015-08-07,18.07,66
2010ROSE03,Dennis Rosero,2015-08-07,15.99,67
2010ROSE03,Dennis Rosero,2015-09-12,16.17,68
2010ROSE03,Dennis Rosero,2015-09-12,16.33,69
2010ROSE03,Dennis Rosero,2015-10-04,16.19,70
2010ROSE03,Dennis Rosero,2015-10-04,15.1,71
2010ROSE03,Dennis Rosero,2015-10-04,17.24,72
2010ROSE03,Dennis Rosero,2015-11-15,15.7,73
2010ROSE03,Dennis Rosero,2015-11-15,14.99,74
2010ROSE03,Dennis Rosero,2015-11-15,16.31,75
2010ROSE03,Dennis Rosero,2015-12-19,15.91,76
2010ROSE03,Dennis Rosero,2015-12-19,15.35,77
2010ROSE03,Dennis Rosero,2016-02-28,15.76,78
2010ROSE03,Dennis Rosero,2016-02-28,15.18,79
2010ROSE03,Dennis Rosero,2016-04-16,16.35,80
2010ROSE03,Dennis Rosero,2016-04-16,15.87,81
2010ROSE03,Dennis Rosero,2016-04-16,17.45,82
2010ROSE03,Dennis Rosero,2016-05-07,15.46,83
2010ROSE03,Dennis Rosero,2016-05-07,15.93,84
2010ROSE03,Dennis Rosero,2016-05-07,15.78,85
2010ROSE03,Dennis Rosero,2016-06-04,14.23,86
2010ROSE03,Dennis Rosero,2016-06-04,15.55,87
2010ROSE03,Dennis Rosero,2016-06-25,14.26,88
2010ROSE03,Dennis Rosero,2016-06-25,14.24,89
2010ROSE03,Dennis Rosero,2016-06-25,15.55,90
2010ROSE03,Dennis Rosero,2016-07-23,14.5,91
2010ROSE03,Dennis Rosero,2016-07-23,15.87,92
2010ROSE03,Dennis Rosero,2016-10-15,15.4,93
2010ROSE03,Dennis Rosero,2016-10-15,15.14,94
2010ROSE03,Dennis Rosero,2016-10-15,15.51,95
2010ROSE03,Dennis Rosero,2016-11-05,14.58,96
2010ROSE03,Dennis Rosero,2016-11-05,15.99,97
2010ROSE03,Dennis Rosero,2016-11-05,15.31,98
2010ROSE03,Dennis Rosero,2017-02-04,15.59,99
2010ROSE03,Dennis Rosero,2017-02-04,14.04,100
2010ROSE03,Dennis Rosero,2017-02-18,15.4,101
2010ROSE03,Dennis Rosero,2017-02-18,14.42,102
2010ROSE03,Dennis Rosero,2017-02-18,15.2,103
2010ROSE03,Dennis Rosero,2017-04-08,17.3,104
2010ROSE03,Dennis Rosero,2017-04-08,14.93,105
2010ROSE03,Dennis Rosero,2017-05-27,16.16,106
2010ROSE03,Dennis Rosero,2017-05-27,15.61,107
2010ROSE03,Dennis Rosero,2017-05-27,15.73,108
2010ROSE03,Dennis Rosero,2017-06-28,14.98,109
2010ROSE03,Dennis Rosero,2017-06-28,16.64,110
2010ROSE03,Dennis Rosero,2017-06-28,14.24,111
2010ROSE03,Dennis Rosero,2017-07-01,16.38,112
2010ROSE03,Dennis Rosero,2017-07-01,15.68,113
2010ROSE03,Dennis Rosero,2017-08-26,15.1,114
2010ROSE03,Dennis Rosero,2017-08-26,15.05,115
2010ROSE03,Dennis Rosero,2017-09-30,17.29,116
2010ROSE03,Dennis Rosero,2017-09-30,16.24,117
2010ROSE03,Dennis Rosero,2017-11-11,15.82,118
2010ROSE03,Dennis Rosero,2017-11-11,15.72,119
2010ROSE03,Dennis Rosero,2018-03-10,16.78,120
2010ROSE03,Dennis Rosero,2018-03-10,15.69,121
2010ROSE03,Dennis Rosero,2018-04-22,15.41,122
2010ROSE03,Dennis Rosero,2018-04-22,15.17,123
2010ROSE03,Dennis Rosero,2018-06-16,15.95,124
2010ROSE03,Dennis Rosero,2018-06-16,14.59,125
2010ROSE03,Dennis Rosero,2018-07-20,15.91,126
2010ROSE03,Dennis Rosero,2018-07-20,17.01,127
2010ROSE03,Dennis Rosero,2018-09-15,15.57,128
2010ROSE03,Dennis Rosero,2018-09-15,19.6,129
2010ROSE03,Dennis Rosero,2018-10-27,14.07,130
2010ROSE03,Dennis Rosero,2018-10-27,16.04,131
2010ROSE03,Dennis Rosero,2018-11-02,16.18,132
2010ROSE03,Dennis Rosero,2018-11-02,14.95,133
2010ROSE03,Dennis Rosero,2018-11-02,16.59,134
2010ROSE03,Dennis Rosero,2018-12-01,13.69,135
2010ROSE03,Dennis Rosero,2018-12-01,14.98,136
2010ROSE03,Dennis Rosero,2018-12-08,14.06,137
2010ROSE03,Dennis Rosero,2018-12-08,14.22,138
2010ROSE03,Dennis Rosero,2018-12-08,14.18,139
2010ROSE03,Dennis Rosero,2019-02-02,13.86,140
2010ROSE03,Dennis Rosero,2019-02-02,16.04,141
2010ROSE03,Dennis Rosero,2019-02-23,15.74,142
2010ROSE03,Dennis Rosero,2019-02-23,14.75,143
2010ROSE03,Dennis Rosero,2019-03-03,13.85,144
2010ROSE03,Dennis Rosero,2019-03-03,14.99,145
2010ROSE03,Dennis Rosero,2019-03-03,16.33,146
2010ROSE03,Dennis Rosero,2019-03-24,15.25,147
2010ROSE03,Dennis Rosero,2019-03-24,16.19,148
2010ROSE03,Dennis Rosero,2019-03-31,15.32,149
2010ROSE03,Dennis Rosero,2019-03-31,14.98,150
2010ROSE03,Dennis Rosero,2019-04-13,16.31,151
2010ROSE03,Dennis Rosero,2019-04-13,16.39,152
2010ROSE03,Dennis Rosero,2019-05-26,17.55,153
2010ROSE03,Dennis Rosero,2019-05-26,14.55,154
2010ROSE03,Dennis Rosero,2019-06-01,14.32,155
2010ROSE03,Dennis Rosero,2019-06-01,14.22,156
2010ROSE03,Dennis Rosero,2019-06-01,16.57,157
2010ROSE03,Dennis Rosero,2019-06-16,16.47,158
2010ROSE03,Dennis Rosero,2019-06-16,15.36,159
2010ROSE03,Dennis Rosero,2019-06-22,15.29,160
2010ROSE03,Dennis Rosero,2019-06-22,17.13,161
2010ROSE03,Dennis Rosero,2019-07-19,15.14,162
2010ROSE03,Dennis Rosero,2019-07-19,15.04,163
2010ROSE03,Dennis Rosero,2019-08-03,14.27,164
2010ROSE03,Dennis Rosero,2019-08-03,15.52,165
2010ROSE03,Dennis Rosero,2019-08-03,14.4,166
2010ROSE03,Dennis Rosero,2019-08-18,15.4,167
2010ROSE03,Dennis Rosero,2019-08-18,15.0,168
2010ROSE03,Dennis Rosero,2019-09-08,16.54,169
2010ROSE03,Dennis Rosero,2019-09-08,15.49,170
2010ROSE03,Dennis Rosero,2019-09-14,14.96,171
2010ROSE03,Dennis Rosero,2019-09-14,15.51,172
2010ROSE03,Dennis Rosero,2019-09-29,17.72,173
2010ROSE03,Dennis Rosero,2019-09-29,14.25,174
2010ROSE03,Dennis Rosero,2019-09-29,13.75,175
2010ROSE03,Dennis Rosero,2019-10-26,15.4,176
2010ROSE03,Dennis Rosero,2019-10-26,16.02,177
2010ROSE03,Dennis Rosero,2019-11-16,14.79,178
2010ROSE03,Dennis Rosero,2019-11-16,14.53,179
2010ROSE03,Dennis Rosero,2019-12-15,14.61,180
2010ROSE03,Dennis Rosero,2019-12-15,13.81,181
2010ROSE03,Dennis Rosero,2020-01-18,15.32,182
2010ROSE03,Dennis Rosero,2020-01-18,15.87,183
2010ROSE03,Dennis Rosero,2020-02-22,17.67,184
2010ROSE03,Dennis Rosero,2020-02-22,16.23,185
2010ROSE03,Dennis Rosero,2020-03-07,14.96,186
2010ROSE03,Dennis Rosero,2020-03-07,15.9,187
2010ROSE03,Dennis Rosero,2021-10-02,15.52,188
2010ROSE03,Dennis Rosero,2021-10-02,14.46,189
2010ROSE03,Dennis Rosero,2021-11-13,15.21,190
2010ROSE03,Dennis Rosero,2021-11-13,16.77,191
2010ROSE03,Dennis Rosero,2021-12-18,14.52,192
2010ROSE03,Dennis Rosero,2021-12-18,15.04,193
2010ROSE03,Dennis Rosero,2022-02-26,15.03,194
2010ROSE03,Dennis Rosero,2022-02-26,15.02,195
2010ROSE03,Dennis Rosero,2022-05-15,13.78,196
2010ROSE03,Dennis Rosero,2022-05-15,14.68,197
2010ROSE03,Dennis Rosero,2022-06-04,15.96,198
2010ROSE03,Dennis Rosero,2022-06-04,15.82,199
2010ROSE03,Dennis Rosero,2022-07-22,16.4,200
2010ROSE03,Dennis Rosero,2022-07-22,18.13,201
2010ROSE03,Dennis Rosero,2022-08-06,14.55,202
2010ROSE03,Dennis Rosero,2022-08-06,14.18,203
2010ROSE03,Dennis Rosero,2022-08-06,15.16,204
2010ROSE03,Dennis Rosero,2022-08-27,16.01,205
2010ROSE03,Dennis Rosero,2022-08-27,15.55,206
2010ROSE03,Dennis Rosero,2022-09-04,15.84,207
2010ROSE03,Dennis Rosero,2022-09-04,14.81,208
2010ROSE03,Dennis Rosero,2022-09-04,15.34,209
2010ROSE03,Dennis Rosero,2022-09-17,16.84,210
2010ROSE03,Dennis Rosero,2022-09-17,15.84,211
2010ROSE03,Dennis Rosero,2022-09-24,15.25,212
2010ROSE03,Dennis Rosero,2022-10-22,14.87,213
2010ROSE03,Dennis Rosero,2022-10-22,15.09,214
2010ROSE03,Dennis Rosero,2022-11-05,16.78,215
2010ROSE03,Dennis Rosero,2022-11-19,16.3,216
2010ROSE03,Dennis Rosero,2022-11-19,15.94,217
2010ROSE03,Dennis Rosero,2022-11-19,14.76,218
2010ROSE03,Dennis Rosero,2022-11-20,16.28,219
2010ROSE03,Dennis Rosero,2022-11-20,16.52,220
2010ROSE03,Dennis Rosero,2022-11-27,15.84,221
2010ROSE03,Dennis Rosero,2022-11-27,16.34,222
2010ROSE03,Dennis Rosero,2022-12-03,17.57,223
2010ROSE03,Dennis Rosero,2022-12-03,16.35,224
2010ROSE03,Dennis Rosero,2023-01-07,15.94,225
2010ROSE03,Dennis Rosero,2023-01-07,15.4,226
2010ROSE03,Dennis Rosero,2023-01-21,14.11,227
2010ROSE03,Dennis Rosero,2023-01-21,15.05,228
2010ROSE03,Dennis Rosero,2023-01-28,15.0,229
2010ROSE03,Dennis Rosero,2023-01-28,15.86,230
2010ROSE03,Dennis Rosero,2023-01-28,15.92,231
2010ROSE03,Dennis Rosero,2023-01-29,15.29,232
2010ROSE03,Dennis Rosero,2023-01-29,16.82,233
2010ROSE03,Dennis Rosero,2023-02-04,17.85,234
2010ROSE03,Dennis Rosero,2023-02-11,16.67,235
2010ROSE03,Dennis Rosero,2023-02-11,14.77,236
2010ROSE03,Dennis Rosero,2023-02-11,14.97,237
2010ROSE03,Dennis Rosero,2023-02-12,14.44,238
2010ROSE03,Dennis Rosero,2023-02-12,15.06,239
2010ROSE03,Dennis Rosero,2023-02-25,14.41,240
2010ROSE03,Dennis Rosero,2023-02-25,14.72,241
2010ROSE03,Dennis Rosero,2023-02-26,15.87,242
2010ROSE03,Dennis Rosero,2023-02-26,15.69,243
2010ROSE03,Dennis Rosero,2023-02-26,16.06,244
2010ROSE03,Dennis Rosero,2023-03-18,15.55,245
2010ROSE03,Dennis Rosero,2023-03-18,15.65,246
2010ROSE03,Dennis Rosero,2023-03-19,14.16,247
2010ROSE03,Dennis Rosero,2023-03-19,14.66,248
2010ROSE03,Dennis Rosero,2023-03-26,14.13,249
2010ROSE03,Dennis Rosero,2023-03-26,14.53,250
2010ROSE03,Dennis Rosero,2023-04-01,14.41,251
2010ROSE03,Dennis Rosero,2023-04-01,14.35,252
2010ROSE03,Dennis Rosero,2023-04-01,14.14,253
2010ROSE03,Dennis Rosero,2023-04-02,15.21,254
2010ROSE03,Dennis Rosero,2023-04-02,14.78,255
2010ROSE03,Dennis Rosero,2023-04-16,16.63,256
2010ROSE03,Dennis Rosero,2023-04-16,14.28,257
2010ROSE03,Dennis Rosero,2023-04-16,13.79,258
2010ROSE03,Dennis Rosero,2023-04-29,15.65,259
2010ROSE03,Dennis Rosero,2023-04-29,14.48,260
2010ROSE03,Dennis Rosero,2023-05-06,14.42,261
2010ROSE03,Dennis Rosero,2023-05-06,15.01,262
2010ROSE03,Dennis Rosero,2023-05-06,14.34,263
2010ROSE03,Dennis Rosero,2023-05-07,15.37,264
2010ROSE03,Dennis Rosero,2023-05-07,14.45,265
2010ROSE03,Dennis Rosero,2023-05-07,13.97,266
2010ROSE03,Dennis Rosero,2023-05-13,15.55,267
2010ROSE03,Dennis Rosero,2023-05-13,14.31,268
2010ROSE03,Dennis Rosero,2023-05-13,15.38,269
2010ROSE03,Dennis Rosero,2023-05-20,13.88,270
2010ROSE03,Dennis Rosero,2023-05-20,14.59,271
2010ROSE03,Dennis Rosero,2023-06-03,17.05,272
2010ROSE03,Dennis Rosero,2023-06-03,14.95,273
2010ROSE03,Dennis Rosero,2023-06-04,15.62,274
2010ROSE03,Dennis Rosero,2023-06-04,15.92,275
2010ROSE03,Dennis Rosero,2023-06-24,15.05,276
2010ROSE03,Dennis Rosero,2023-06-24,14.62,277
2010ROSE03,Dennis Rosero,2023-06-24,13.97,278
2010ROSE03,Dennis Rosero,2023-06-25,15.17,279
2010ROSE03,Dennis Rosero,2023-06-25,13.87,280
2010ROSE03,Dennis Rosero,2023-06-25,14.76,281
2010ROSE03,Dennis Rosero,2023-07-01,14.74,282
2010ROSE03,Dennis Rosero,2023-07-01,14.46,283
2010ROSE03,Dennis Rosero,2023-07-01,15.31,284
2010ROSE03,Dennis Rosero,2023-07-02,14.89,285
2010ROSE03,Dennis Rosero,2023-07-02,14.96,286
2010ROSE03,Dennis Rosero,2023-07-15,14.99,287
2010ROSE03,Dennis Rosero,2023-07-15,14.84,288
2010ROSE03,Dennis Rosero,2023-07-15,14.49,289
2010ROSE03,Dennis Rosero,2023-07-16,15.37,290
2010ROSE03,Dennis Rosero,2023-07-16,15.72,291
2010ROSE03,Dennis Rosero,2023-07-16,14.83,292
2010ROSE03,Dennis Rosero,2023-07-22,15.14,293
2010ROSE03,Dennis Rosero,2023-07-22,13.56,294
2010ROSE03,Dennis Rosero,2023-07-22,14.28,295
2010ROSE03,Dennis Rosero,2023-07-23,15.3,296
2010ROSE03,Dennis Rosero,2023-07-23,15.08,297
2010ROSE03,Dennis Rosero,2023-08-13,15.15,298
2010ROSE03,Dennis Rosero,2023-08-13,15.24,299
2010ROSE03,Dennis Rosero,2023-08-18,15.25,300
2010ROSE03,Dennis Rosero,2023-08-18,15.42,301
2010ROSE03,Dennis Rosero,2023-08-18,14.36,302
2010ROSE03,Dennis Rosero,2023-08-20,15.47,303
2010ROSE03,Dennis Rosero,2023-08-20,14.14,304
2010ROSE03,Dennis Rosero,2023-08-20,13.55,305
2010ROSE03,Dennis Rosero,2023-08-21,15.17,306
2010ROSE03,Dennis Rosero,2023-08-21,16.37,307
2010ROSE03,Dennis Rosero,2023-08-26,14.25,308
2010ROSE03,Dennis Rosero,2023-08-26,15.82,309
2010ROSE03,Dennis Rosero,2023-09-02,14.85,310
2010ROSE03,Dennis Rosero,2023-09-02,15.88,311
2010ROSE03,Dennis Rosero,2023-09-02,15.68,312
2010ROSE03,Dennis Rosero,2023-09-16,14.71,313
2010ROSE03,Dennis Rosero,2023-09-16,14.49,314
2010ROSE03,Dennis Rosero,2023-09-16,14.45,315
2010ROSE03,Dennis Rosero,2023-09-17,14.92,316
2010ROSE03,Dennis Rosero,2023-09-17,14.56,317
2010ROSE03,Dennis Rosero,2023-09-17,15.62,318
2010ROSE03,Dennis Rosero,2023-09-23,15.8,319
2010ROSE03,Dennis Rosero,2023-09-23,14.78,320
2010ROSE03,Dennis Rosero,2023-09-23,14.97,321
2010ROSE03,Dennis Rosero,2023-09-24,14.76,322
2010ROSE03,Dennis Rosero,2023-09-24,14.14,323
2010ROSE03,Dennis Rosero,2023-09-24,13.59,324
2010ROSE03,Dennis Rosero,2023-09-30,13.62,325
2010ROSE03,Dennis Rosero,2023-09-30,14.18,326
2010ROSE03,Dennis Rosero,2023-10-21,13.92,327
2010ROSE03,Dennis Rosero,2023-10-21,16.36,328
2010ROSE03,Dennis Rosero,2023-10-21,13.4,329
2010ROSE03,Dennis Rosero,2023-10-22,13.27,330
2010ROSE03,Dennis Rosero,2023-10-22,14.37,331
2010ROSE03,Dennis Rosero,2023-10-22,13.49,332
2010ROSE03,Dennis Rosero,2023-10-22,14.35,333
2010ROSE03,Dennis Rosero,2023-10-28,15.74,334
2010ROSE03,Dennis Rosero,2023-10-28,14.18,335
2010ROSE03,Dennis Rosero,2023-10-28,15.48,336
2010ROSE03,Dennis Rosero,2023-11-05,15.61,337
2010ROSE03,Dennis Rosero,2023-11-05,13.92,338
2010ROSE03,Dennis Rosero,2023-11-05,12.93,339
2010ROSE03,Dennis Rosero,2023-11-06,15.35,340
2010ROSE03,Dennis Rosero,2023-11-06,15.02,341
2010ROSE03,Dennis Rosero,2023-11-12,15.68,342
2010ROSE03,Dennis Rosero,2023-11-12,14.79,343
2010ROSE03,Dennis Rosero,2023-11-12,15.4,344
2010ROSE03,Dennis Rosero,2023-11-13,15.49,345
2010ROSE03,Dennis Rosero,2023-11-13,13.6,346
2010ROSE03,Dennis Rosero,2023-11-18,15.37,347
2010ROSE03,Dennis Rosero,2023-11-18,16.05,348
2010ROSE03,Dennis Rosero,2023-11-18,14.89,349
2010ROSE03,Dennis Rosero,2023-11-19,15.88,350
2010ROSE03,Dennis Rosero,2023-11-19,15.53,351
2010ROSE03,Dennis Rosero,2023-11-19,14.62,352
2010ROSE03,Dennis Rosero,2023-11-25,13.9,353
2010ROSE03,Dennis Rosero,2023-11-25,15.19,354
2010ROSE03,Dennis Rosero,2023-11-26,14.6,355
2010ROSE03,Dennis Rosero,2023-11-26,13.71,356
2010ROSE03,Dennis Rosero,2023-11-26,15.56,357
2010ROSE03,Dennis Rosero,2023-12-02,15.13,358
2010ROSE03,Dennis Rosero,2023-12-02,15.0,359
2010ROSE03,Dennis Rosero,2023-12-02,13.85,360
2010ROSE03,Dennis Rosero,2023-12-03,15.12,361
2010ROSE03,Dennis Rosero,2023-12-03,14.73,362
2010ROSE03,Dennis Rosero,2023-12-03,13.85,363
2010ROSE03,Dennis Rosero,2023-12-10,14.87,364
2010ROSE03,Dennis Rosero,2023-12-10,15.28,365
2010ROSE03,Dennis Rosero,2023-12-16,15.51,366
2010ROSE03,Dennis Rosero,2023-12-16,13.45,367
2010ROSE03,Dennis Rosero,2023-12-16,14.67,368
2010ROSE03,Dennis Rosero,2023-12-17,14.36,369
2010ROSE03,Dennis Rosero,2023-12-17,14.68,370
2010ROSE03,Dennis Rosero,2023-12-17,14.34,371
2010ROSE03,Dennis Rosero,2023-12-23,14.7,372
2010ROSE03,Dennis Rosero,2023-12-23,14.77,373
2010ROSE03,Dennis Rosero,2024-01-07,13.95,374
2010ROSE03,Dennis Rosero,2024-01-07,15.26,375
2010ROSE03,Dennis Rosero,2024-01-21,14.76,376
2010ROSE03,Dennis Rosero,2024-01-21,13.26,377
2010ROSE03,Dennis Rosero,2024-01-21,14.24,378
2010ROSE03,Dennis Rosero,2024-01-27,14.62,379
2010ROSE03,Dennis Rosero,2024-01-27,14.55,380
2010ROSE03,Dennis Rosero,2024-01-28,15.93,381
2010ROSE03,Dennis Rosero,2024-01-28,15.39,382
2010ROSE03,Dennis Rosero,2024-02-03,15.74,383
2010ROSE03,Dennis Rosero,2024-02-03,14.46,384
2010ROSE03,Dennis Rosero,2024-02-03,14.91,385
2010ROSE03,Dennis Rosero,2024-02-10,13.5,386
2010ROSE03,Dennis Rosero,2024-02-10,13.94,387
2010ROSE03,Dennis Rosero,2024-02-11,14.37,388
2010ROSE03,Dennis Rosero,2024-02-11,16.52,389
2010ROSE03,Dennis Rosero,2024-02-18,15.14,390
2010ROSE03,Dennis Rosero,2024-02-18,14.94,391
2010ROSE03,Dennis Rosero,2024-02-24,14.65,392
2010ROSE03,Dennis Rosero,2024-02-24,14.66,393
2010ROSE03,Dennis Rosero,2024-02-24,14.82,394
2010ROSE03,Dennis Rosero,2024-02-25,16.41,395
2010ROSE03,Dennis Rosero,2024-02-25,14.18,396
2010ROSE03,Dennis Rosero,2024-02-25,15.2,397
2010ROSE03,Dennis Rosero,2024-03-09,15.41,398
2010ROSE03,Dennis Rosero,2024-03-09,14.28,399
2010ROSE03,Dennis Rosero,2024-03-09,14.31,400
2010ROSE03,Dennis Rosero,2024-03-10,15.39,401
2010ROSE03,Dennis Rosero,2024-03-10,16.64,402
2010ROSE03,Dennis Rosero,2024-03-10,15.05,403
2010ROSE03,Dennis Rosero,2024-03-16,14.56,404
2010ROSE03,Dennis Rosero,2024-03-16,13.97,405
2010ROSE03,Dennis Rosero,2024-03-16,16.71,406
2010ROSE03,Dennis Rosero,2024-03-17,13.53,407
2010ROSE03,Dennis Rosero,2024-03-17,14.33,408
2010ROSE03,Dennis Rosero,2024-03-23,14.71,409
2010ROSE03,Dennis Rosero,2024-03-23,14.06,410
2010ROSE03,Dennis Rosero,2024-04-07,13.55,411
2010ROSE03,Dennis Rosero,2024-04-13,16.85,412
2010ROSE03,Dennis Rosero,2024-04-13,14.96,413
2010ROSE03,Dennis Rosero,2024-04-13,15.06,414
2010ROSE03,Dennis Rosero,2024-04-14,14.57,415
2010ROSE03,Dennis Rosero,2024-04-14,15.14,416
2010ROSE03,Dennis Rosero,2024-04-14,15.99,417
2010ROSE03,Dennis Rosero,2024-04-20,14.46,418
2010ROSE03,Dennis Rosero,2024-04-20,14.91,419
2010ROSE03,Dennis Rosero,2024-04-20,14.07,420
2010ROSE03,Dennis Rosero,2024-04-21,14.59,421
2010ROSE03,Dennis Rosero,2024-04-21,15.63,422
2010ROSE03,Dennis Rosero,2024-05-04,14.15,423
2010ROSE03,Dennis Rosero,2024-05-04,14.7,424
2010ROSE03,Dennis Rosero,2024-05-05,14.55,425
2010ROSE03,Dennis Rosero,2024-05-05,13.93,426
2010ROSE03,Dennis Rosero,2024-05-05,13.41,427
2010ROSE03,Dennis Rosero,2024-05-12,15.96,428
2010ROSE03,Dennis Rosero,2024-05-12,15.97,429
2010ROSE03,Dennis Rosero,2024-05-12,13.54,430
2010ROSE03,Dennis Rosero,2024-05-25,14.8,431
2010ROSE03,Dennis Rosero,2024-05-25,15.18,432
2010ROSE03,Dennis Rosero,2024-05-25,14.67,433
2010ROSE03,Dennis Rosero,2024-05-26,15.85,434
2010ROSE03,Dennis Rosero,2024-05-26,13.94,435
2010ROSE03,Dennis Rosero,2024-05-26,14.43,436
2010ROSE03,Dennis Rosero,2024-06-02,14.52,437
2010ROSE03,Dennis Rosero,2024-06-02,15.64,438
2010ROSE03,Dennis Rosero,2024-06-02,14.46,439
2010ROSE03,Dennis Rosero,2024-06-03,15.6,440
2010ROSE03,Dennis Rosero,2024-06-03,13.57,441
2010ROSE03,Dennis Rosero,2024-06-03,14.96,442
2010ROSE03,Dennis Rosero,2024-06-08,13.23,443
2010ROSE03,Dennis Rosero,2024-06-08,15.63,444
2010ROSE03,Dennis Rosero,2024-06-09,15.13,445
2010ROSE03,Dennis Rosero,2024-06-09,13.84,446
2010ROSE03,Dennis Rosero,2024-06-09,15.14,447
2010ROSE03,Dennis Rosero,2024-06-10,14.22,448
2010ROSE03,Dennis Rosero,2024-06-10,13.95,449
2010ROSE03,Dennis Rosero,2024-06-10,16.08,450
2010ROSE03,Dennis Rosero,2024-06-16,13.72,451
2010ROSE03,Dennis Rosero,2024-06-16,13.42,452
2010ROSE03,Dennis Rosero,2024-06-16,12.95,453
2010ROSE03,Dennis Rosero,2024-06-29,15.44,454
2010ROSE03,Dennis Rosero,2024-06-29,13.38,455
2010ROSE03,Dennis Rosero,2024-06-29,15.22,456
2010ROSE03,Dennis Rosero,2024-06-30,13.73,457
2010ROSE03,Dennis Rosero,2024-06-30,14.86,458
2010ROSE03,Dennis Rosero,2024-06-30,16.91,459
2010ROSE03,Dennis Rosero,2024-07-07,13.67,460
2010ROSE03,Dennis Rosero,2024-07-07,14.45,461
2010ROSE03,Dennis Rosero,2024-07-07,14.0,462
2010ROSE03,Dennis Rosero,2024-07-13,15.07,463
2010ROSE03,Dennis Rosero,2024-07-13,14.25,464
2010ROSE03,Dennis Rosero,2024-07-13,16.03,465
2010ROSE03,Dennis Rosero,2024-07-21,13.3,466
2010ROSE03,Dennis Rosero,2024-07-21,14.97,467
2010ROSE03,Dennis Rosero,2024-07-21,14.35,468
2010ROSE03,Dennis Rosero,2024-08-03,14.97,469
2010ROSE03,Dennis Rosero,2024-08-03,15.16,470
2010ROSE03,Dennis Rosero,2024-08-03,13.67,471
2010ROSE03,Dennis Rosero,2024-08-03,16.23,472
2010ROSE03,Dennis Rosero,2024-08-03,14.38,473
2010ROSE03,Dennis Rosero,2024-08-17,15.69,474
2010ROSE03,Dennis Rosero,2024-08-17,14.85,475
2010ROSE03,Dennis Rosero,2024-08-17,14.86,476
2010ROSE03,Dennis Rosero,2024-08-18,15.07,477
2010ROSE03,Dennis Rosero,2024-08-18,15.2,478
2010ROSE03,Dennis Rosero,2024-08-24,16.63,479
2010ROSE03,Dennis Rosero,2024-08-24,15.25,480
2010ROSE03,Dennis Rosero,2024-08-24,14.3,481
2010ROSE03,Dennis Rosero,2024-08-25,14.88,482
2010ROSE03,Dennis Rosero,2024-08-25,14.36,483
2010ROSE03,Dennis Rosero,2024-08-25,13.92,484
2010ROSE03,Dennis Rosero,2024-08-31,15.75,485
2010ROSE03,Dennis Rosero,2024-08-31,14.28,486
2010ROSE03,Dennis Rosero,2024-08-31,14.17,487
2010ROSE03,Dennis Rosero,2024-09-01,15.36,488
2010ROSE03,Dennis Rosero,2024-09-01,14.79,489
2010ROSE03,Dennis Rosero,2024-09-07,14.44,490
2010ROSE03,Dennis Rosero,2024-09-07,15.99,491
2010ROSE03,Dennis Rosero,2024-09-07,14.93,492
2010ROSE03,Dennis Rosero,2024-09-08,14.55,493
2010ROSE03,Dennis Rosero,2024-09-08,13.81,494
2010ROSE03,Dennis Rosero,2024-09-08,14.79,495
2010ROSE03,Dennis Rosero,2024-09-15,13.77,496
2010ROSE03,Dennis Rosero,2024-09-15,15.12,497
2010ROSE03,Dennis Rosero,2024-09-21,13.9,498
2010ROSE03,Dennis Rosero,2024-09-21,15.63,499
2010ROSE03,Dennis Rosero,2024-09-21,14.95,500
2010ROSE03,Dennis Rosero,2024-09-22,14.26,501
2010ROSE03,Dennis Rosero,2024-09-22,13.87,502
2010ROSE03,Dennis Rosero,2024-09-22,15.25,503
2010ROSE03,Dennis Rosero,2024-09-28,16.4,504
2010ROSE03,Dennis Rosero,2024-09-28,15.58,505
2010ROSE03,Dennis Rosero,2024-09-29,14.4,506
2010ROSE03,Dennis Rosero,2024-09-29,14.95,507
2010ROSE03,Dennis Rosero,2024-10-05,17.07,508
2010ROSE03,Dennis Rosero,2024-10-05,14.82,509
2010ROSE03,Dennis Rosero,2024-10-05,14.89,510
2010ROSE03,Dennis Rosero,2024-10-06,15.94,511
2010ROSE03,Dennis Rosero,2024-10-06,15.53,512
2010ROSE03,Dennis Rosero,2024-10-19,14.01,513
2010ROSE03,Dennis Rosero,2024-10-19,15.31,514
2010ROSE03,Dennis Rosero,2024-10-20,13.78,515
2010ROSE03,Dennis Rosero,2024-10-20,16.24,516
2010ROSE03,Dennis Rosero,2024-10-26,14.81,517
2010ROSE03,Dennis Rosero,2024-10-26,15.68,518
2010ROSE03,Dennis Rosero,2024-10-26,15.09,519
2010ROSE03,Dennis Rosero,2024-10-27,17.05,520
2010ROSE03,Dennis Rosero,2024-10-27,18.28,521
2010ROSE03,Dennis Rosero,2024-11-09,15.43,522
2010ROSE03,Dennis Rosero,2024-11-09,14.68,523
2010ROSE03,Dennis Rosero,2024-11-23,14.71,524
2010ROSE03,Dennis Rosero,2024-11-23,14.89,525
2010ROSE03,Dennis Rosero,2024-11-23,15.0,526
2010ROSE03,Dennis Rosero,2024-11-24,14.52,527
2010ROSE03,Dennis Rosero,2024-11-24,14.75,528
2010ROSE03,Dennis Rosero,2024-11-24,14.02,529
2010ROSE03,Dennis Rosero,2024-12-01,14.29,530
2010ROSE03,Dennis Rosero,2024-12-01,13.08,531
2010ROSE03,Dennis Rosero,2024-12-01,14.83,532
2010ROSE03,Dennis Rosero,2024-12-13,15.58,533
2010ROSE03,Dennis Rosero,2024-12-13,14.84,534
2010ROSE03,Dennis Rosero,2024-12-15,13.94,535
2010ROSE03,Dennis Rosero,2024-12-15,15.12,536
2010ROSE03,Dennis Rosero,2025-01-11,14.28,537
2010ROSE03,Dennis Rosero,2025-01-11,15.47,538
2010ROSE03,Dennis Rosero,2025-01-11,14.17,539
2010ROSE03,Dennis Rosero,2025-01-19,13.95,540
2010ROSE03,Dennis Rosero,2025-01-19,15.63,541
2010ROSE03,Dennis Rosero,2025-01-25,14.45,542
2010ROSE03,Dennis Rosero,2025-01-25,14.58,543
2010ROSE03,Dennis Rosero,2025-01-25,14.11,544
2010ROSE03,Dennis Rosero,2025-02-02,13.85,545
2010ROSE03,Dennis Rosero,2025-02-02,15.45,546
2010ROSE03,Dennis Rosero,2025-02-08,15.09,547
2010ROSE03,Dennis Rosero,2025-02-08,14.89,548
2010ROSE03,Dennis Rosero,2025-02-15,16.4,549
2010ROSE03,Dennis Rosero,2025-02-15,14.26,550
2010ROSE03,Dennis Rosero,2025-03-01,15.17,551
2010ROSE03,Dennis Rosero,2025-03-01,14.14,552
2010ROSE03,Dennis Rosero,2025-03-01,13.03,553
2010ROSE03,Dennis Rosero,2025-03-02,13.95,554
2010ROSE03,Dennis Rosero,2025-03-02,13.66,555
2010ROSE03,Dennis Rosero,2025-03-08,14.73,556
2010ROSE03,Dennis Rosero,2025-03-08,14.51,557
2010ROSE03,Dennis Rosero,2025-03-08,15.23,558
2010ROSE03,Dennis Rosero,2025-03-15,14.3,559
2010ROSE03,Dennis Rosero,2025-03-15,14.16,560
2010ROSE03,Dennis Rosero,2025-03-30,14.35,561
2010ROSE03,Dennis Rosero,2025-03-30,14.53,562
2010ROSE03,Dennis Rosero,2025-04-05,13.37,563
2010ROSE03,Dennis Rosero,2025-04-05,15.48,564
2010ROSE03,Dennis Rosero,2025-04-12,15.33,565
2010ROSE03,Dennis Rosero,2025-04-12,14.16,566
2010ROSE03,Dennis Rosero,2025-04-13,15.09,567
2010ROSE03,Dennis Rosero,2025-04-13,15.08,568
2010ROSE03,Dennis Rosero,2025-04-13,14.11,569
2010ROSE03,Dennis Rosero,2025-04-19,13.54,570
2010ROSE03,Dennis Rosero,2025-04-19,14.25,571
2010ROSE03,Dennis Rosero,2025-04-19,15.08,572
2010ROSE03,Dennis Rosero,2025-04-20,13.37,573
2010ROSE03,Dennis Rosero,2025-04-20,12.73,574
2010ROSE03,Dennis Rosero,2025-04-26,13.59,575
2010ROSE03,Dennis Rosero,2025-04-26,13.96,576
2010ROSE03,Dennis Rosero,2025-04-26,13.38,577
2010ROSE03,Dennis Rosero,2025-05-04,13.72,578
2010ROSE03,Dennis Rosero,2025-05-17,13.39,579
2010ROSE03,Dennis Rosero,2025-05-17,14.52,580
2010ROSE03,Dennis Rosero,2025-05-17,15.08,581
2010ROSE03,Dennis Rosero,2025-05-18,15.45,582
2010ROSE03,Dennis Rosero,2025-05-18,13.5,583
2010ROSE03,Dennis Rosero,2025-05-23,16.43,584
2010ROSE03,Dennis Rosero,2025-05-23,15.19,585
2010ROSE03,Dennis Rosero,2025-05-23,14.05,586
2010ROSE03,Dennis Rosero,2025-05-24,14.49,587
2010ROSE03,Dennis Rosero,2025-05-24,13.7,588
2010ROSE03,Dennis Rosero,2025-05-24,15.5,589
2010ROSE03,Dennis Rosero,2025-05-25,15.39,590
2010ROSE03,Dennis Rosero,2025-05-25,14.42,591
2010ROSE03,Dennis Rosero,2025-05-25,14.27,592
2010ROSE03,Dennis Rosero,2025-05-31,14.95,593
2010ROSE03,Dennis Rosero,2025-05-31,14.92,594
2010ROSE03,Dennis Rosero,2025-05-31,13.68,595
2010ROSE03,Dennis Rosero,2025-06-01,14.27,596
2010ROSE03,Dennis Rosero,2025-06-01,14.6,597
2010ROSE03,Dennis Rosero,2025-06-01,17.36,598
2010ROSE03,Dennis Rosero,2025-06-02,14.15,599
2010ROSE03,Dennis Rosero,2025-06-02,13.46,600
2010ROSE03,Dennis Rosero,2025-06-07,14.75,601
2010ROSE03,Dennis Rosero,2025-06-07,14.27,602
2010ROSE03,Dennis Rosero,2025-06-08,15.15,603
2010ROSE03,Dennis Rosero,2025-06-08,14.27,604
2010ROSE03,Dennis Rosero,2025-06-14,14.99,605
2010ROSE03,Dennis Rosero,2025-06-14,13.64,606
2010ROSE03,Dennis Rosero,2025-06-14,12.95,607
2010ROSE03,Dennis Rosero,2025-06-15,13.98,608
2010ROSE03,Dennis Rosero,2025-06-15,14.56,609
2010ROSE03,Dennis Rosero,2025-07-12,13.76,610
2010ROSE03,Dennis Rosero,2025-07-12,13.71,611
2010ROSE03,Dennis Rosero,2025-07-20,14.92,612
2010ROSE03,Dennis Rosero,2025-07-20,14.54,613
2010ROSE03,Dennis Rosero,2025-07-26,13.24,614
2010ROSE03,Dennis Rosero,2025-07-26,14.26,615
2010ROSE03,Dennis Rosero,2025-07-27,13.73,616
2010ROSE03,Dennis Rosero,2025-07-27,14.74,617
2010ROSE03,Dennis Rosero,2025-08-03,14.0,618
2010ROSE03,Dennis Rosero,2025-08-03,13.53,619
2010ROSE03,Dennis Rosero,2025-08-16,13.0,620
2010ROSE03,Dennis Rosero,2025-08-16,15.02,621
2010ROSE03,Dennis Rosero,2025-08-16,14.08,622
2010ROSE03,Dennis Rosero,2025-08-23,14.29,623
2010ROSE03,Dennis Rosero,2025-08-23,14.96,624
2010ROSE03,Dennis Rosero,2025-08-30,13.88,625
2010ROSE03,Dennis Rosero,2025-08-30,14.95,626
2010ROSE03,Dennis Rosero,2025-08-30,14.7,627
2010ROSE03,Dennis Rosero,2025-08-31,13.73,628
2010ROSE03,Dennis Rosero,2025-08-31,14.04,629
2010ROSE03,Dennis Rosero,2025-09-06,14.22,630
2010ROSE03,Dennis Rosero,2025-09-06,15.02,631
2010ROSE03,Dennis Rosero,2025-09-06,12.84,632
2010ROSE03,Dennis Rosero,2025-09-07,12.98,633
2010ROSE03,Dennis Rosero,2025-09-07,13.65,634
2010ROSE03,Dennis Rosero,2025-09-07,14.43,635
2010ROSE03,Dennis Rosero,2025-09-13,14.15,636
2010ROSE03,Dennis Rosero,2025-09-13,14.85,637
2010ROSE03,Dennis Rosero,2025-09-13,14.13,638
2010ROSE03,Dennis Rosero,2025-09-20,14.35,639
2010ROSE03,Dennis Rosero,2025-09-20,13.99,640
2010ROSE03,Dennis Rosero,2025-09-20,14.08,641
2010ROSE03,Dennis Rosero,2025-09-21,15.82,642
2010ROSE03,Dennis Rosero,2025-09-21,14.01,643
2010ROSE03,Dennis Rosero,2025-09-21,14.01,644
2010ROSE03,Dennis Rosero,2025-09-28,14.6,645
2010ROSE03,Dennis Rosero,2025-09-28,14.09,646
2010ROSE03,Dennis Rosero,2025-10-04,13.57,647
2010ROSE03,Dennis Rosero,2025-10-04,12.35,648
2010ROSE03,Dennis Rosero,2025-10-04,13.49,649
2010ROSE03,Dennis Rosero,2025-10-05,12.28,650
2010ROSE03,Dennis Rosero,2025-10-05,14.89,651
2010ROSE03,Dennis Rosero,2025-10-05,13.94,652
2010ROSE03,Dennis Rosero,2025-10-18,14.36,653
2010ROSE03,Dennis Rosero,2025-10-18,14.26,654
2010ROSE03,Dennis Rosero,2025-10-18,13.82,655
2010ROSE03,Dennis Rosero,2025-10-25,15.59,656
2010ROSE03,Dennis Rosero,2025-10-25,14.8,657
2010ROSE03,Dennis Rosero,2025-11-01,14.35,658
2010ROSE03,Dennis Rosero,2025-11-01,14.26,659
2010ROSE03,Dennis Rosero,2025-11-01,13.85,660
2010ROSE03,Dennis Rosero,2025-11-02,14.34,661
2010ROSE03,Dennis Rosero,2025-11-02,15.23,662
2010ROSE03,Dennis Rosero,2025-11-02,14.66,663
2010ROSE03,Dennis Rosero,2025-11-08,14.12,664
2010ROSE03,Dennis Rosero,2025-11-08,14.89,665
2010ROSE03,Dennis Rosero,2025-11-15,14.47,666
2010ROSE03,Dennis Rosero,2025-11-15,15.34,667
2010ROSE03,Dennis Rosero,2025-11-29,14.17,668
2010ROSE03,Dennis Rosero,2025-11-29,14.06,669
2010ROSE03,Dennis Rosero,2025-11-29,12.67,670
2010ROSE03,Dennis Rosero,2025-11-30,13.87,671
2010ROSE03,Dennis Rosero,2025-11-30,15.79,672
2010ROSE03,Dennis Rosero,2025-12-06,14.68,673
2010ROSE03,Dennis Rosero,2025-12-06,13.74,674
2010ROSE03,Dennis Rosero,2025-12-06,15.27,675
2010ROSE03,Dennis Rosero,2025-12-07,15.0,676
2010ROSE03,Dennis Rosero,2025-12-07,13.37,677
2010ROSE03,Dennis Rosero,2025-12-07,14.03,678
2010ROSE03,Dennis Rosero,2025-12-12,16.55,679
2010ROSE03,Dennis Rosero,2025-12-12,14.8,680
2010ROSE03,Dennis Rosero,2025-12-12,14.79,681
2010ROSE03,Dennis Rosero,2025-12-13,15.11,682
2010ROSE03,Dennis Rosero,2025-12-13,13.66,683
2010ROSE03,Dennis Rosero,2025-12-13,14.95,684
2010ROSE03,Dennis Rosero,2025-12-14,14.27,685
2010ROSE03,Dennis Rosero,2025-12-14,14.19,686
2010ROSE03,Dennis Rosero,2025-12-14,13.59,687
2010ROSE03,Dennis Rosero,2025-12-20,14.21,688
2010ROSE03,Dennis Rosero,2025-12-20,13.33,689
2010ROSE03,Dennis Rosero,2025-12-20,13.78,690
2010ROSE03,Dennis Rosero,2025-12-21,13.12,691
2010ROSE03,Dennis Rosero,2025-12-21,15.07,692
2010ROSE03,Dennis Rosero,2025-12-27,14.58,693
2010ROSE03,Dennis Rosero,2025-12-27,14.17,694
2010ROSE03,Dennis Rosero,2025-12-27,15.37,695
2010ROSE03,Dennis Rosero,2025-12-28,14.68,696
2010ROSE03,Dennis Rosero,2025-12-28,14.07,697
2010ROSE03,Dennis Rosero,2026-01-11,17.1,698
2010ROSE03,Dennis Rosero,2026-01-11,14.99,699
2010ROSE03,Dennis Rosero,2026-01-11,13.36,700
2010ROSE03,Dennis Rosero,2026-01-18,13.54,701
2010ROSE03,Dennis Rosero,2026-01-18,13.79,702
2010ROSE03,Dennis Rosero,2026-01-24,13.53,703
2010ROSE03,Dennis Rosero,2026-01-24,13.61,704
2010ROSE03,Dennis Rosero,2026-01-24,15.95,705
2010ROSE03,Dennis Rosero,2026-01-25,13.79,706
2010ROSE03,Dennis Rosero,2026-01-25,15.35,707
2010ROSE03,Dennis Rosero,2026-02-07,13.79,708
2010ROSE03,Dennis Rosero,2026-02-07,14.28,709
2010ROSE03,Dennis Rosero,2026-02-07,13.82,710
2010ROSE03,Dennis Rosero,2026-02-08,15.96,711
2010ROSE03,Dennis Rosero,2026-02-08,13.68,712
2010ROSE03,Dennis Rosero,2026-02-08,14.02,713
2010ROSE03,Dennis Rosero,2026-02-15,14.42,714
2010ROSE03,Dennis Rosero,2026-02-15,15.16,715
2010ROSE03,Dennis Rosero,2026-02-22,15.4,716
2010ROSE03,Dennis Rosero,2026-02-22,14.57,717
2010ROSE03,Dennis Rosero,2026-02-22,14.93,718
2010ROSE03,Dennis Rosero,2026-03-07,14.23,719
2010ROSE03,Dennis Rosero,2026-03-07,14.25,720
2010ROSE03,Dennis Rosero,2026-03-14,15.27,721
2010ROSE03,Dennis Rosero,2026-03-14,14.5,722
2010ROSE03,Dennis Rosero,2026-03-14,16.43,723
2010ROSE03,Dennis Rosero,2026-03-15,13.98,724
2010ROSE03,Dennis Rosero,2026-03-15,14.24,725
2010ROSE03,Dennis Rosero,2026-03-21,14.62,726
2010ROSE03,Dennis Rosero,2026-03-21,13.7,727
2010ROSE03,Dennis Rosero,2026-03-29,15.44,728
2010ROSE03,Dennis Rosero,2026-03-29,14.26,729
2010ROSE03,Dennis Rosero,2026-03-29,13.09,730
2010ROSE03,Dennis Rosero,2026-04-04,14.22,731
2010ROSE03,Dennis Rosero,2026-04-04,13.79,732
2010ROSE03,Dennis Rosero,2026-04-04,12.98,733
2010ROSE03,Dennis Rosero,2026-04-11,13.78,734
2010ROSE03,Dennis Rosero,2026-04-11,14.08,735
2010ROSE03,Dennis Rosero,2026-04-11,14.93,736
2010ROSE03,Dennis Rosero,2026-04-12,14.92,737
2010ROSE03,Dennis Rosero,2026-04-12,13.25,738
2010ROSE03,Dennis Rosero,2026-04-18,15.94,739
2010ROSE03,Dennis Rosero,2026-04-18,14.69,740
2010ROSE03,Dennis Rosero,2026-04-18,13.49,741
2010ROSE03,Dennis Rosero,2026-04-19,14.51,742
2010ROSE03,Dennis Rosero,2026-04-19,13.55,743
2010ROSE03,Dennis Rosero,2026-04-19,13.49,744
2010ROSE03,Dennis Rosero,2026-04-26,13.79,745
2010ROSE03,Dennis Rosero,2026-04-26,13.75,746
2010ROSE03,Dennis Rosero,2026-04-26,14.24,747
2010ROSE03,Dennis Rosero,2026-05-02,15.11,748
2010ROSE03,Dennis Rosero,2026-05-02,14.17,749
2010ROSE03,Dennis Rosero,2026-05-09,15.25,750
2010ROSE03,Dennis Rosero,2026-05-09,14.96,751
2010ROSE03,Dennis Rosero,2026-05-09,14.98,752
2010ROSE03,Dennis Rosero,2026-05-10,14.59,753
2010ROSE03,Dennis Rosero,2026-05-10,14.94,754
2010ROSE03,Dennis Rosero,2026-05-10,13.64,755
2010ROSE03,Dennis Rosero,2026-05-17,13.91,756
2010ROSE03,Dennis Rosero,2026-05-17,14.32,757
2010ROSE03,Dennis Rosero,2026-05-24,14.46,758
2010ROSE03,Dennis Rosero,2026-05-24,15.13,759
2010THOM03,Blake Thompson,2010-06-05,23.52,1
2010THOM03,Blake Thompson,2010-06-05,24.3,2
2010THOM03,Blake Thompson,2010-10-02,21.44,3
2010THOM03,Blake Thompson,2010-10-02,18.5,4
2010THOM03,Blake Thompson,2011-06-18,17.89,5
2010THOM03,Blake Thompson,2011-06-18,13.6,6
2010THOM03,Blake Thompson,2011-06-18,15.76,7
2010THOM03,Blake Thompson,2011-08-12,15.56,8
2010THOM03,Blake Thompson,2011-08-12,15.73,9
2010THOM03,Blake Thompson,2011-10-15,13.64,10
2010THOM03,Blake Thompson,2011-10-15,13.08,11
2010THOM03,Blake Thompson,2011-10-15,13.89,12
2010THOM03,Blake Thompson,2012-03-03,14.73,13
2010THOM03,Blake Thompson,2012-03-03,14.11,14
2010THOM03,Blake Thompson,2012-03-03,13.37,15
2010THOM03,Blake Thompson,2012-06-02,12.03,16
2010THOM03,Blake Thompson,2012-06-02,12.5,17
2010THOM03,Blake Thompson,2012-06-02,11.87,18
2010THOM03,Blake Thompson,2012-08-03,14.18,19
2010THOM03,Blake Thompson,2012-08-03,14.59,20
2010THOM03,Blake Thompson,2013-02-23,13.6,21
2010THOM03,Blake Thompson,2013-02-23,12.97,22
2010THOM03,Blake Thompson,2013-02-23,11.7,23
2010THOM03,Blake Thompson,2013-06-15,12.71,24
2010THOM03,Blake Thompson,2013-06-15,12.34,25
2010THOM03,Blake Thompson,2013-06-15,10.56,26
2010THOM03,Blake Thompson,2013-07-26,12.58,27
2010THOM03,Blake Thompson,2013-07-26,11.69,28
2010THOM03,Blake Thompson,2013-07-26,13.32,29
2010THOM03,Blake Thompson,2013-10-12,15.03,30
2010THOM03,Blake Thompson,2013-10-12,11.49,31
2010THOM03,Blake Thompson,2013-10-12,11.81,32
2010THOM03,Blake Thompson,2013-11-09,11.53,33
2010THOM03,Blake Thompson,2013-11-09,11.56,34
2010THOM03,Blake Thompson,2013-11-09,12.12,35
2010THOM03,Blake Thompson,2014-01-11,12.83,36
2010THOM03,Blake Thompson,2014-01-11,9.43,37
2010THOM03,Blake Thompson,2014-01-11,12.85,38
2010THOM03,Blake Thompson,2014-02-15,10.36,39
2010THOM03,Blake Thompson,2014-02-15,10.34,40
2010THOM03,Blake Thompson,2014-03-08,11.82,41
2010THOM03,Blake Thompson,2014-03-08,10.52,42
2010THOM03,Blake Thompson,2014-03-08,11.45,43
2010THOM03,Blake Thompson,2014-05-10,11.16,44
2010THOM03,Blake Thompson,2014-05-10,12.15,45
2010THOM03,Blake Thompson,2014-06-21,10.34,46
2010THOM03,Blake Thompson,2014-06-21,12.12,47
2010THOM03,Blake Thompson,2014-06-21,11.77,48
2010THOM03,Blake Thompson,2014-07-12,12.49,49
2010THOM03,Blake Thompson,2014-07-12,11.25,50
2010THOM03,Blake Thompson,2014-07-12,11.02,51
2010THOM03,Blake Thompson,2014-08-01,10.68,52
2010THOM03,Blake Thompson,2014-08-01,10.86,53
2010THOM03,Blake Thompson,2014-08-01,11.81,54
2010THOM03,Blake Thompson,2014-09-27,10.74,55
2010THOM03,Blake Thompson,2014-09-27,9.84,56
2010THOM03,Blake Thompson,2014-09-27,12.27,57
2010THOM03,Blake Thompson,2014-11-22,9.65,58
2010THOM03,Blake Thompson,2014-11-22,10.32,59
2010THOM03,Blake Thompson,2014-12-13,9.85,60
2010THOM03,Blake Thompson,2014-12-13,10.11,61
2010THOM03,Blake Thompson,2014-12-13,10.71,62
2010THOM03,Blake Thompson,2015-01-31,9.76,63
2010THOM03,Blake Thompson,2015-01-31,9.51,64
2010THOM03,Blake Thompson,2015-03-07,11.62,65
2010THOM03,Blake Thompson,2015-03-07,9.95,66
2010THOM03,Blake Thompson,2015-03-07,10.55,67
2010THOM03,Blake Thompson,2015-04-04,11.14,68
2010THOM03,Blake Thompson,2015-04-04,9.4,69
2010THOM03,Blake Thompson,2015-04-04,9.38,70
2010THOM03,Blake Thompson,2015-04-18,9.83,71
2010THOM03,Blake Thompson,2015-04-18,10.41,72
2010THOM03,Blake Thompson,2015-04-18,9.84,73
2010THOM03,Blake Thompson,2015-06-12,9.81,74
2010THOM03,Blake Thompson,2015-06-12,10.24,75
2010THOM03,Blake Thompson,2015-06-27,11.02,76
2010THOM03,Blake Thompson,2015-06-27,9.84,77
2010THOM03,Blake Thompson,2015-06-27,9.27,78
2010THOM03,Blake Thompson,2015-07-10,10.77,79
2010THOM03,Blake Thompson,2015-07-10,10.31,80
2010THOM03,Blake Thompson,2015-07-10,10.06,81
2010THOM03,Blake Thompson,2015-07-18,9.3,82
2010THOM03,Blake Thompson,2015-07-18,9.87,83
2010THOM03,Blake Thompson,2015-07-18,9.67,84
2010THOM03,Blake Thompson,2015-07-31,10.2,85
2010THOM03,Blake Thompson,2015-07-31,10.03,86
2010THOM03,Blake Thompson,2015-07-31,10.51,87
2010THOM03,Blake Thompson,2015-08-22,10.49,88
2010THOM03,Blake Thompson,2015-08-22,9.92,89
2010THOM03,Blake Thompson,2015-09-13,9.08,90
2010THOM03,Blake Thompson,2015-09-13,9.13,91
2010THOM03,Blake Thompson,2015-09-26,8.92,92
2010THOM03,Blake Thompson,2015-09-26,9.33,93
2010THOM03,Blake Thompson,2015-09-26,8.98,94
2010THOM03,Blake Thompson,2015-12-19,10.44,95
2010THOM03,Blake Thompson,2015-12-19,9.7,96
2010THOM03,Blake Thompson,2015-12-19,9.77,97
2010THOM03,Blake Thompson,2016-01-09,11.6,98
2010THOM03,Blake Thompson,2016-01-09,10.12,99
2010THOM03,Blake Thompson,2016-01-09,9.66,100
2010THOM03,Blake Thompson,2016-02-20,9.17,101
2010THOM03,Blake Thompson,2016-02-20,9.23,102
2010THOM03,Blake Thompson,2016-02-20,8.46,103
2010THOM03,Blake Thompson,2016-02-27,10.23,104
2010THOM03,Blake Thompson,2016-02-27,11.59,105
2010THOM03,Blake Thompson,2016-02-27,9.56,106
2010THOM03,Blake Thompson,2016-03-26,9.06,107
2010THOM03,Blake Thompson,2016-03-26,9.48,108
2010THOM03,Blake Thompson,2016-03-26,9.4,109
2010THOM03,Blake Thompson,2016-04-02,9.0,110
2010THOM03,Blake Thompson,2016-04-02,9.96,111
2010THOM03,Blake Thompson,2016-04-02,8.85,112
2010THOM03,Blake Thompson,2016-04-23,9.49,113
2010THOM03,Blake Thompson,2016-04-23,9.36,114
2010THOM03,Blake Thompson,2016-04-23,8.75,115
2010THOM03,Blake Thompson,2016-04-23,11.8,116
2010THOM03,Blake Thompson,2016-05-07,9.92,117
2010THOM03,Blake Thompson,2016-05-07,9.8,118
2010THOM03,Blake Thompson,2016-05-07,8.43,119
2010THOM03,Blake Thompson,2016-05-07,8.59,120
2010THOM03,Blake Thompson,2016-05-14,8.73,121
2010THOM03,Blake Thompson,2016-05-14,10.04,122
2010THOM03,Blake Thompson,2016-05-14,8.4,123
2010THOM03,Blake Thompson,2016-06-18,9.45,124
2010THOM03,Blake Thompson,2016-06-18,9.75,125
2010THOM03,Blake Thompson,2016-06-18,9.24,126
2010THOM03,Blake Thompson,2016-06-18,9.0,127
2010THOM03,Blake Thompson,2016-06-25,10.63,128
2010THOM03,Blake Thompson,2016-06-25,8.56,129
2010THOM03,Blake Thompson,2016-06-25,9.88,130
2010THOM03,Blake Thompson,2016-07-23,8.77,131
2010THOM03,Blake Thompson,2016-07-23,10.0,132
2010THOM03,Blake Thompson,2016-07-23,9.54,133
2010THOM03,Blake Thompson,2016-07-29,8.21,134
2010THOM03,Blake Thompson,2016-07-29,9.5,135
2010THOM03,Blake Thompson,2016-07-29,9.04,136
2010THOM03,Blake Thompson,2016-07-29,10.26,137
2010THOM03,Blake Thompson,2016-08-13,8.3,138
2010THOM03,Blake Thompson,2016-08-13,9.61,139
2010THOM03,Blake Thompson,2016-08-13,10.21,140
2010THOM03,Blake Thompson,2016-09-03,9.78,141
2010THOM03,Blake Thompson,2016-09-03,9.95,142
2010THOM03,Blake Thompson,2016-09-03,10.17,143
2010THOM03,Blake Thompson,2016-10-08,10.47,144
2010THOM03,Blake Thompson,2016-10-08,8.83,145
2010THOM03,Blake Thompson,2016-10-08,10.71,146
2010THOM03,Blake Thompson,2016-11-05,8.83,147
2010THOM03,Blake Thompson,2016-11-05,10.19,148
2010THOM03,Blake Thompson,2016-11-05,8.29,149
2010THOM03,Blake Thompson,2016-12-10,9.26,150
2010THOM03,Blake Thompson,2016-12-10,8.97,151
2010THOM03,Blake Thompson,2016-12-10,8.15,152
2010THOM03,Blake Thompson,2017-01-07,9.29,153
2010THOM03,Blake Thompson,2017-01-07,10.53,154
2010THOM03,Blake Thompson,2017-01-07,9.0,155
2010THOM03,Blake Thompson,2017-01-14,10.18,156
2010THOM03,Blake Thompson,2017-01-14,9.88,157
2010THOM03,Blake Thompson,2017-01-14,10.3,158
2010THOM03,Blake Thompson,2017-01-21,9.34,159
2010THOM03,Blake Thompson,2017-01-21,9.63,160
2010THOM03,Blake Thompson,2017-01-21,9.57,161
2010THOM03,Blake Thompson,2017-01-21,9.02,162
2010THOM03,Blake Thompson,2017-02-18,9.16,163
2010THOM03,Blake Thompson,2017-02-18,9.76,164
2010THOM03,Blake Thompson,2017-02-18,8.98,165
2010THOM03,Blake Thompson,2017-03-04,9.79,166
2010THOM03,Blake Thompson,2017-03-04,9.65,167
2010THOM03,Blake Thompson,2017-03-04,8.31,168
2010THOM03,Blake Thompson,2017-03-11,8.28,169
2010THOM03,Blake Thompson,2017-03-11,8.52,170
2010THOM03,Blake Thompson,2017-03-11,7.7,171
2010THOM03,Blake Thompson,2017-03-18,9.55,172
2010THOM03,Blake Thompson,2017-03-18,9.52,173
2010THOM03,Blake Thompson,2017-03-18,7.7,174
2010THOM03,Blake Thompson,2017-04-08,8.89,175
2010THOM03,Blake Thompson,2017-04-08,9.57,176
2010THOM03,Blake Thompson,2017-04-08,8.21,177
2010THOM03,Blake Thompson,2017-04-08,9.09,178
2010THOM03,Blake Thompson,2017-04-29,9.9,179
2010THOM03,Blake Thompson,2017-04-29,9.1,180
2010THOM03,Blake Thompson,2017-06-03,8.82,181
2010THOM03,Blake Thompson,2017-06-03,9.0,182
2010THOM03,Blake Thompson,2017-06-03,9.2,183
2010THOM03,Blake Thompson,2017-06-25,8.97,184
2010THOM03,Blake Thompson,2017-06-25,8.09,185
2010THOM03,Blake Thompson,2017-07-07,9.23,186
2010THOM03,Blake Thompson,2017-07-07,9.67,187
2010THOM03,Blake Thompson,2017-07-07,8.37,188
2010THOM03,Blake Thompson,2017-07-07,9.8,189
2010THOM03,Blake Thompson,2017-08-05,10.0,190
2010THOM03,Blake Thompson,2017-08-05,8.61,191
2010THOM03,Blake Thompson,2017-08-05,8.75,192
2010THOM03,Blake Thompson,2017-08-11,8.38,193
2010THOM03,Blake Thompson,2017-08-11,10.58,194
2010THOM03,Blake Thompson,2017-08-11,11.12,195
2010THOM03,Blake Thompson,2017-08-19,10.29,196
2010THOM03,Blake Thompson,2017-08-19,9.34,197
2010THOM03,Blake Thompson,2017-09-16,8.93,198
2010THOM03,Blake Thompson,2017-09-16,10.11,199
2010THOM03,Blake Thompson,2017-09-16,9.17,200
2010THOM03,Blake Thompson,2017-10-07,9.04,201
2010THOM03,Blake Thompson,2017-10-07,8.2,202
2010THOM03,Blake Thompson,2017-10-07,9.51,203
2010THOM03,Blake Thompson,2017-10-14,8.29,204
2010THOM03,Blake Thompson,2017-10-14,8.79,205
2010THOM03,Blake Thompson,2017-10-14,8.65,206
2010THOM03,Blake Thompson,2017-10-28,8.43,207
2010THOM03,Blake Thompson,2017-10-28,8.77,208
2010THOM03,Blake Thompson,2017-10-28,8.53,209
2010THOM03,Blake Thompson,2017-10-28,8.31,210
2010THOM03,Blake Thompson,2017-10-29,9.09,211
2010THOM03,Blake Thompson,2017-10-29,10.02,212
2010THOM03,Blake Thompson,2017-10-29,9.0,213
2010THOM03,Blake Thompson,2017-12-02,8.59,214
2010THOM03,Blake Thompson,2017-12-02,8.58,215
2010THOM03,Blake Thompson,2017-12-02,8.31,216
2010THOM03,Blake Thompson,2018-01-13,9.67,217
2010THOM03,Blake Thompson,2018-01-13,9.24,218
2010THOM03,Blake Thompson,2018-01-13,8.74,219
2010THOM03,Blake Thompson,2018-01-27,9.38,220
2010THOM03,Blake Thompson,2018-01-27,8.74,221
2010THOM03,Blake Thompson,2018-01-27,8.35,222
2010THOM03,Blake Thompson,2018-02-03,10.97,223
2010THOM03,Blake Thompson,2018-02-03,9.17,224
2010THOM03,Blake Thompson,2018-02-03,8.07,225
2010THOM03,Blake Thompson,2018-02-10,9.32,226
2010THOM03,Blake Thompson,2018-02-10,9.68,227
2010THOM03,Blake Thompson,2018-02-10,8.52,228
2010THOM03,Blake Thompson,2018-02-10,8.88,229
2010THOM03,Blake Thompson,2018-03-03,9.68,230
2010THOM03,Blake Thompson,2018-03-03,8.22,231
2010THOM03,Blake Thompson,2018-03-03,9.3,232
2010THOM03,Blake Thompson,2018-03-10,8.63,233
2010THOM03,Blake Thompson,2018-03-10,8.17,234
2010THOM03,Blake Thompson,2018-03-10,9.34,235
2010THOM03,Blake Thompson,2018-03-18,9.29,236
2010THOM03,Blake Thompson,2018-03-18,8.72,237
2010THOM03,Blake Thompson,2018-03-18,10.3,238
2010THOM03,Blake Thompson,2018-04-22,10.09,239
2010THOM03,Blake Thompson,2018-04-22,9.22,240
2010THOM03,Blake Thompson,2018-04-22,9.52,241
2010THOM03,Blake Thompson,2018-04-29,8.27,242
2010THOM03,Blake Thompson,2018-04-29,7.83,243
2010THOM03,Blake Thompson,2018-04-29,8.2,244
2010THOM03,Blake Thompson,2018-05-05,9.26,245
2010THOM03,Blake Thompson,2018-05-05,8.04,246
2010THOM03,Blake Thompson,2018-05-05,11.72,247
2010THOM03,Blake Thompson,2018-05-18,8.89,248
2010THOM03,Blake Thompson,2018-05-18,8.02,249
2010THOM03,Blake Thompson,2018-05-18,8.1,250
2010THOM03,Blake Thompson,2018-05-18,9.5,251
2010THOM03,Blake Thompson,2018-06-02,9.69,252
2010THOM03,Blake Thompson,2018-06-02,9.23,253
2010THOM03,Blake Thompson,2018-06-17,7.48,254
2010THOM03,Blake Thompson,2018-06-17,8.34,255
2010THOM03,Blake Thompson,2018-06-17,6.75,256
2010THOM03,Blake Thompson,2018-06-23,9.29,257
2010THOM03,Blake Thompson,2018-06-23,8.43,258
2010THOM03,Blake Thompson,2018-06-23,8.97,259
2010THOM03,Blake Thompson,2018-06-24,9.16,260
2010THOM03,Blake Thompson,2018-06-24,9.08,261
2010THOM03,Blake Thompson,2018-06-24,8.68,262
2010THOM03,Blake Thompson,2018-07-14,9.72,263
2010THOM03,Blake Thompson,2018-07-14,9.02,264
2010THOM03,Blake Thompson,2018-07-14,8.8,265
2010THOM03,Blake Thompson,2018-07-21,10.19,266
2010THOM03,Blake Thompson,2018-07-21,8.15,267
2010THOM03,Blake Thompson,2018-07-21,7.6,268
2010THOM03,Blake Thompson,2018-07-27,8.52,269
2010THOM03,Blake Thompson,2018-07-27,8.88,270
2010THOM03,Blake Thompson,2018-07-27,8.64,271
2010THOM03,Blake Thompson,2018-08-10,8.98,272
2010THOM03,Blake Thompson,2018-08-10,10.27,273
2010THOM03,Blake Thompson,2018-08-10,9.04,274
2010THOM03,Blake Thompson,2018-08-10,9.38,275
2010THOM03,Blake Thompson,2018-09-29,8.76,276
2010THOM03,Blake Thompson,2018-09-29,9.32,277
2010THOM03,Blake Thompson,2018-09-29,8.86,278
2010THOM03,Blake Thompson,2018-11-10,8.5,279
2010THOM03,Blake Thompson,2018-11-10,8.45,280
2010THOM03,Blake Thompson,2018-11-10,6.82,281
2010THOM03,Blake Thompson,2019-01-05,7.99,282
2010THOM03,Blake Thompson,2019-01-05,8.75,283
2010THOM03,Blake Thompson,2019-01-05,8.68,284
2010THOM03,Blake Thompson,2019-01-20,9.34,285
2010THOM03,Blake Thompson,2019-01-20,8.22,286
2010THOM03,Blake Thompson,2019-03-09,8.44,287
2010THOM03,Blake Thompson,2019-03-09,9.06,288
2010THOM03,Blake Thompson,2019-03-09,8.8,289
2010THOM03,Blake Thompson,2019-04-06,8.23,290
2010THOM03,Blake Thompson,2019-04-06,9.46,291
2010THOM03,Blake Thompson,2019-04-06,7.75,292
2010THOM03,Blake Thompson,2019-04-14,8.87,293
2010THOM03,Blake Thompson,2019-04-14,8.26,294
2010THOM03,Blake Thompson,2019-04-14,9.87,295
2010THOM03,Blake Thompson,2019-04-14,9.14,296
2010THOM03,Blake Thompson,2019-05-24,11.04,297
2010THOM03,Blake Thompson,2019-05-24,9.43,298
2010THOM03,Blake Thompson,2019-05-24,9.32,299
2010THOM03,Blake Thompson,2019-05-24,9.18,300
2010THOM03,Blake Thompson,2019-06-02,9.33,301
2010THOM03,Blake Thompson,2019-06-02,8.09,302
2010THOM03,Blake Thompson,2019-06-02,9.0,303
2010THOM03,Blake Thompson,2019-06-15,9.53,304
2010THOM03,Blake Thompson,2019-06-15,9.1,305
2010THOM03,Blake Thompson,2019-06-15,10.11,306
2010THOM03,Blake Thompson,2019-06-22,8.25,307
2010THOM03,Blake Thompson,2019-06-22,7.98,308
2010THOM03,Blake Thompson,2019-06-22,7.96,309
2010THOM03,Blake Thompson,2019-07-20,9.69,310
2010THOM03,Blake Thompson,2019-07-20,9.67,311
2010THOM03,Blake Thompson,2019-07-20,9.58,312
2010THOM03,Blake Thompson,2019-07-27,9.05,313
2010THOM03,Blake Thompson,2019-07-27,8.64,314
2010THOM03,Blake Thompson,2019-07-27,9.14,315
2010THOM03,Blake Thompson,2019-08-01,10.61,316
2010THOM03,Blake Thompson,2019-08-01,9.86,317
2010THOM03,Blake Thompson,2019-08-09,9.5,318
2010THOM03,Blake Thompson,2019-08-09,8.2,319
2010THOM03,Blake Thompson,2019-08-09,10.31,320
2010THOM03,Blake Thompson,2019-08-16,8.66,321
2010THOM03,Blake Thompson,2019-08-16,8.53,322
2010THOM03,Blake Thompson,2019-08-16,9.47,323
2010THOM03,Blake Thompson,2019-08-16,8.15,324
2010THOM03,Blake Thompson,2019-09-14,9.41,325
2010THOM03,Blake Thompson,2019-09-14,9.26,326
2010THOM03,Blake Thompson,2019-09-14,8.5,327
2010THOM03,Blake Thompson,2019-10-05,8.69,328
2010THOM03,Blake Thompson,2019-10-05,8.0,329
2010THOM03,Blake Thompson,2019-10-05,9.7,330
2010THOM03,Blake Thompson,2019-11-02,8.48,331
2010THOM03,Blake Thompson,2019-11-02,7.96,332
2010THOM03,Blake Thompson,2019-11-02,9.42,333
2010THOM03,Blake Thompson,2019-11-09,8.79,334
2010THOM03,Blake Thompson,2019-11-16,9.0,335
2010THOM03,Blake Thompson,2019-11-16,9.48,336
2010THOM03,Blake Thompson,2019-11-16,8.28,337
2010THOM03,Blake Thompson,2020-01-18,8.44,338
2010THOM03,Blake Thompson,2020-01-18,8.73,339
2010THOM03,Blake Thompson,2020-01-18,10.6,340
2010THOM03,Blake Thompson,2020-02-22,8.92,341
2010THOM03,Blake Thompson,2020-02-22,9.42,342
2010THOM03,Blake Thompson,2020-02-22,10.36,343
2010THOM03,Blake Thompson,2020-02-22,9.38,344
2010THOM03,Blake Thompson,2020-02-29,8.88,345
2010THOM03,Blake Thompson,2020-02-29,8.92,346
2010THOM03,Blake Thompson,2020-02-29,9.73,347
2010THOM03,Blake Thompson,2021-07-16,8.39,348
2010THOM03,Blake Thompson,2021-07-16,9.46,349
2010THOM03,Blake Thompson,2021-07-31,8.78,350
2010THOM03,Blake Thompson,2021-07-31,9.24,351
2010THOM03,Blake Thompson,2021-11-06,8.19,352
2010THOM03,Blake Thompson,2021-11-06,9.64,353
2010THOM03,Blake Thompson,2021-11-06,9.19,354
2010THOM03,Blake Thompson,2021-12-18,8.83,355
2010THOM03,Blake Thompson,2021-12-18,9.18,356
2010THOM03,Blake Thompson,2021-12-31,9.22,357
2010THOM03,Blake Thompson,2021-12-31,8.96,358
2010THOM03,Blake Thompson,2022-01-22,8.3,359
2010THOM03,Blake Thompson,2022-01-22,8.47,360
2010THOM03,Blake Thompson,2022-01-22,8.49,361
2010THOM03,Blake Thompson,2022-02-05,9.47,362
2010THOM03,Blake Thompson,2022-02-05,9.37,363
2010THOM03,Blake Thompson,2022-03-05,9.75,364
2010THOM03,Blake Thompson,2022-03-05,9.43,365
2010THOM03,Blake Thompson,2022-03-19,9.92,366
2010THOM03,Blake Thompson,2022-03-19,10.85,367
2010THOM03,Blake Thompson,2022-03-26,10.28,368
2010THOM03,Blake Thompson,2022-03-26,9.62,369
2010THOM03,Blake Thompson,2022-03-26,10.62,370
2010THOM03,Blake Thompson,2022-04-02,7.76,371
2010THOM03,Blake Thompson,2022-04-02,8.5,372
2010THOM03,Blake Thompson,2022-04-02,9.57,373
2010THOM03,Blake Thompson,2022-05-27,9.27,374
2010THOM03,Blake Thompson,2022-05-27,9.4,375
2010THOM03,Blake Thompson,2022-05-27,10.9,376
2010THOM03,Blake Thompson,2022-06-17,8.93,377
2010THOM03,Blake Thompson,2022-06-17,10.0,378
2010THOM03,Blake Thompson,2022-06-17,10.2,379
2010THOM03,Blake Thompson,2022-07-07,9.78,380
2010THOM03,Blake Thompson,2022-07-07,8.53,381
2010THOM03,Blake Thompson,2022-07-07,8.95,382
2010THOM03,Blake Thompson,2022-07-23,9.02,383
2010THOM03,Blake Thompson,2022-07-23,8.23,384
2010THOM03,Blake Thompson,2022-07-23,9.57,385
2010THOM03,Blake Thompson,2022-07-29,9.46,386
2010THOM03,Blake Thompson,2022-07-29,9.49,387
2010THOM03,Blake Thompson,2022-07-29,9.28,388
2010THOM03,Blake Thompson,2022-08-13,10.12,389
2010THOM03,Blake Thompson,2022-08-13,9.48,390
2010THOM03,Blake Thompson,2022-08-13,8.05,391
2010THOM03,Blake Thompson,2022-08-19,9.3,392
2010THOM03,Blake Thompson,2022-08-19,8.82,393
2010THOM03,Blake Thompson,2022-08-19,9.86,394
2010THOM03,Blake Thompson,2022-09-03,8.71,395
2010THOM03,Blake Thompson,2022-09-03,8.63,396
2010THOM03,Blake Thompson,2022-09-03,9.61,397
2010THOM03,Blake Thompson,2022-10-01,8.84,398
2010THOM03,Blake Thompson,2022-10-01,8.44,399
2010THOM03,Blake Thompson,2022-10-01,9.28,400
2010THOM03,Blake Thompson,2022-10-08,9.05,401
2010THOM03,Blake Thompson,2022-10-08,10.15,402
2010THOM03,Blake Thompson,2022-10-08,10.6,403
2010THOM03,Blake Thompson,2022-10-29,8.91,404
2010THOM03,Blake Thompson,2022-10-29,9.05,405
2010THOM03,Blake Thompson,2022-11-19,7.85,406
2010THOM03,Blake Thompson,2022-11-19,8.98,407
2010THOM03,Blake Thompson,2022-11-19,8.03,408
2010THOM03,Blake Thompson,2022-12-10,10.32,409
2010THOM03,Blake Thompson,2022-12-10,7.98,410
2010THOM03,Blake Thompson,2022-12-10,9.97,411
2010THOM03,Blake Thompson,2023-01-22,7.87,412
2010THOM03,Blake Thompson,2023-01-22,8.79,413
2010THOM03,Blake Thompson,2023-02-18,8.88,414
2010THOM03,Blake Thompson,2023-02-18,8.99,415
2010THOM03,Blake Thompson,2023-02-18,9.12,416
2010THOM03,Blake Thompson,2023-02-25,8.42,417
2010THOM03,Blake Thompson,2023-02-25,8.27,418
2010THOM03,Blake Thompson,2023-03-04,9.6,419
2010THOM03,Blake Thompson,2023-03-04,8.52,420
2010THOM03,Blake Thompson,2023-03-04,8.51,421
2010THOM03,Blake Thompson,2023-03-11,8.45,422
2010THOM03,Blake Thompson,2023-03-11,8.82,423
2010THOM03,Blake Thompson,2023-03-11,9.71,424
2010THOM03,Blake Thompson,2023-03-25,9.13,425
2010THOM03,Blake Thompson,2023-03-25,8.6,426
2010THOM03,Blake Thompson,2023-03-25,8.17,427
2010THOM03,Blake Thompson,2023-04-08,9.92,428
2010THOM03,Blake Thompson,2023-04-08,9.54,429
2010THOM03,Blake Thompson,2023-04-08,8.6,430
2010THOM03,Blake Thompson,2023-04-15,8.88,431
2010THOM03,Blake Thompson,2023-04-15,9.93,432
2010THOM03,Blake Thompson,2023-05-06,9.45,433
2010THOM03,Blake Thompson,2023-05-06,9.02,434
2010THOM03,Blake Thompson,2023-05-06,8.53,435
2010THOM03,Blake Thompson,2023-06-03,8.17,436
2010THOM03,Blake Thompson,2023-06-03,8.55,437
2010THOM03,Blake Thompson,2023-06-03,8.34,438
2010THOM03,Blake Thompson,2023-06-10,10.65,439
2010THOM03,Blake Thompson,2023-06-10,8.82,440
2010THOM03,Blake Thompson,2023-06-10,8.77,441
2010THOM03,Blake Thompson,2023-06-17,9.23,442
2010THOM03,Blake Thompson,2023-06-17,9.15,443
2010THOM03,Blake Thompson,2023-06-17,7.54,444
2010THOM03,Blake Thompson,2023-07-08,9.08,445
2010THOM03,Blake Thompson,2023-07-08,8.13,446
2010THOM03,Blake Thompson,2023-07-08,8.48,447
2010THOM03,Blake Thompson,2023-07-08,11.41,448
2010THOM03,Blake Thompson,2023-07-27,9.57,449
2010THOM03,Blake Thompson,2023-07-27,10.26,450
2010THOM03,Blake Thompson,2023-08-12,8.81,451
2010THOM03,Blake Thompson,2023-08-12,9.51,452
2010THOM03,Blake Thompson,2023-08-26,10.27,453
2010THOM03,Blake Thompson,2023-08-26,9.46,454
2010THOM03,Blake Thompson,2023-08-26,8.74,455
2010THOM03,Blake Thompson,2023-08-26,7.93,456
2010THOM03,Blake Thompson,2023-09-02,9.23,457
2010THOM03,Blake Thompson,2023-09-02,7.72,458
2010THOM03,Blake Thompson,2023-09-02,8.88,459
2010THOM03,Blake Thompson,2023-09-30,8.44,460
2010THOM03,Blake Thompson,2023-09-30,8.05,461
2010THOM03,Blake Thompson,2023-09-30,9.25,462
2010THOM03,Blake Thompson,2023-10-07,9.53,463
2010THOM03,Blake Thompson,2023-10-07,9.53,464
2010THOM03,Blake Thompson,2023-10-07,8.84,465
2010THOM03,Blake Thompson,2023-10-20,9.12,466
2010THOM03,Blake Thompson,2023-10-20,7.77,467
2010THOM03,Blake Thompson,2023-10-20,9.61,468
2010THOM03,Blake Thompson,2023-11-10,10.36,469
2010THOM03,Blake Thompson,2023-11-10,7.95,470
2010THOM03,Blake Thompson,2023-11-10,9.09,471
2010THOM03,Blake Thompson,2024-01-20,8.92,472
2010THOM03,Blake Thompson,2024-01-20,9.97,473
2010THOM03,Blake Thompson,2024-02-03,8.05,474
2010THOM03,Blake Thompson,2024-02-03,8.05,475
2010THOM03,Blake Thompson,2024-02-03,8.69,476
2010THOM03,Blake Thompson,2024-02-04,8.86,477
2010THOM03,Blake Thompson,2024-02-04,8.34,478
2010THOM03,Blake Thompson,2024-02-04,8.32,479
2010THOM03,Blake Thompson,2024-02-10,9.24,480
2010THOM03,Blake Thompson,2024-02-10,10.7,481
2010THOM03,Blake Thompson,2024-02-17,9.48,482
2010THOM03,Blake Thompson,2024-02-17,9.65,483
2010THOM03,Blake Thompson,2024-02-17,9.89,484
2010THOM03,Blake Thompson,2024-03-02,9.36,485
2010THOM03,Blake Thompson,2024-03-02,9.2,486
2010THOM03,Blake Thompson,2024-03-02,10.03,487
2010THOM03,Blake Thompson,2024-04-13,8.13,488
2010THOM03,Blake Thompson,2024-04-13,9.49,489
2010THOM03,Blake Thompson,2024-04-13,9.01,490
2010THOM03,Blake Thompson,2024-04-27,9.11,491
2010THOM03,Blake Thompson,2024-04-27,8.61,492
2010THOM03,Blake Thompson,2024-04-27,8.38,493
2010THOM03,Blake Thompson,2024-05-04,8.73,494
2010THOM03,Blake Thompson,2024-05-04,8.99,495
2010THOM03,Blake Thompson,2024-05-25,8.89,496
2010THOM03,Blake Thompson,2024-05-25,9.58,497
2010THOM03,Blake Thompson,2024-05-25,10.3,498
2010THOM03,Blake Thompson,2024-05-25,10.28,499
2010THOM03,Blake Thompson,2024-06-01,8.32,500
2010THOM03,Blake Thompson,2024-06-01,8.89,501
2010THOM03,Blake Thompson,2024-06-01,9.12,502
2010THOM03,Blake Thompson,2024-06-29,10.07,503
2010THOM03,Blake Thompson,2024-06-29,9.02,504
2010THOM03,Blake Thompson,2024-06-29,9.47,505
2010THOM03,Blake Thompson,2024-07-01,8.84,506
2010THOM03,Blake Thompson,2024-07-01,8.44,507
2010THOM03,Blake Thompson,2024-07-01,8.77,508
2010THOM03,Blake Thompson,2024-07-18,8.93,509
2010THOM03,Blake Thompson,2024-07-18,9.28,510
2010THOM03,Blake Thompson,2024-07-25,9.25,511
2010THOM03,Blake Thompson,2024-07-25,9.13,512
2010THOM03,Blake Thompson,2024-08-03,11.41,513
2010THOM03,Blake Thompson,2024-08-03,8.12,514
2010THOM03,Blake Thompson,2024-08-03,8.89,515
2010THOM03,Blake Thompson,2024-08-31,9.93,516
2010THOM03,Blake Thompson,2024-08-31,9.46,517
2010THOM03,Blake Thompson,2024-08-31,9.18,518
2010THOM03,Blake Thompson,2024-09-14,9.45,519
2010THOM03,Blake Thompson,2024-09-14,9.36,520
2010THOM03,Blake Thompson,2024-09-14,8.91,521
2010THOM03,Blake Thompson,2024-09-21,9.44,522
2010THOM03,Blake Thompson,2024-09-21,8.95,523
2010THOM03,Blake Thompson,2024-09-21,8.43,524
2010THOM03,Blake Thompson,2024-10-12,8.96,525
2010THOM03,Blake Thompson,2024-10-12,9.08,526
2010THOM03,Blake Thompson,2024-10-12,8.3,527
2010THOM03,Blake Thompson,2024-10-21,10.28,528
2010THOM03,Blake Thompson,2024-10-21,7.89,529
2010THOM03,Blake Thompson,2024-10-21,7.89,530
2010THOM03,Blake Thompson,2024-11-09,8.09,531
2010THOM03,Blake Thompson,2024-11-09,8.45,532
2010THOM03,Blake Thompson,2024-11-09,8.59,533
2010THOM03,Blake Thompson,2024-12-02,9.55,534
2010THOM03,Blake Thompson,2024-12-02,9.21,535
2010THOM03,Blake Thompson,2024-12-07,8.9,536
2010THOM03,Blake Thompson,2024-12-07,9.72,537
2010THOM03,Blake Thompson,2024-12-07,8.05,538
2010THOM03,Blake Thompson,2024-12-30,9.02,539
2010THOM03,Blake Thompson,2024-12-30,8.16,540
2010THOM03,Blake Thompson,2024-12-30,7.98,541
2010THOM03,Blake Thompson,2025-01-18,7.62,542
2010THOM03,Blake Thompson,2025-01-18,8.11,543
2010THOM03,Blake Thompson,2025-01-18,9.5,544
2010THOM03,Blake Thompson,2025-02-01,7.79,545
2010THOM03,Blake Thompson,2025-02-01,8.56,546
2010THOM03,Blake Thompson,2025-02-01,7.43,547
2010THOM03,Blake Thompson,2025-02-22,8.65,548
2010THOM03,Blake Thompson,2025-02-22,9.81,549
2010THOM03,Blake Thompson,2025-02-22,9.31,550
2010THOM03,Blake Thompson,2025-02-22,9.7,551
2010THOM03,Blake Thompson,2025-03-08,8.6,552
2010THOM03,Blake Thompson,2025-03-08,8.84,553
2010THOM03,Blake Thompson,2025-03-15,8.66,554
2010THOM03,Blake Thompson,2025-03-15,7.96,555
2010THOM03,Blake Thompson,2025-03-15,8.4,556
2010THOM03,Blake Thompson,2025-06-28,8.83,557
2010THOM03,Blake Thompson,2025-06-28,7.89,558
2010THOM03,Blake Thompson,2025-06-28,8.62,559
2010THOM03,Blake Thompson,2025-07-03,8.49,560
2010THOM03,Blake Thompson,2025-07-03,10.43,561
2010THOM03,Blake Thompson,2025-08-09,8.52,562
2010THOM03,Blake Thompson,2025-08-09,8.45,563
2010THOM03,Blake Thompson,2025-08-09,10.22,564
2010THOM03,Blake Thompson,2025-10-04,8.64,565
2010THOM03,Blake Thompson,2025-10-04,9.96,566
2010THOM03,Blake Thompson,2025-10-04,8.97,567
2010THOM03,Blake Thompson,2025-11-22,8.37,568
2010THOM03,Blake Thompson,2025-11-22,9.84,569
2010THOM03,Blake Thompson,2025-11-22,8.83,570
2010THOM03,Blake Thompson,2026-04-18,8.76,571
2010THOM03,Blake Thompson,2026-04-18,8.43,572
2010THOM03,Blake Thompson,2026-04-18,9.3,573
2010THOM03,Blake Thompson,2026-05-09,9.06,574
2010THOM03,Blake Thompson,2026-05-09,8.63,575
2010THOM03,Blake Thompson,2026-05-09,9.19,576
2010WEYE02,Sebastian Weyer,2010-06-12,19.56,1
2010WEYE02,Sebastian Weyer,2010-06-12,21.62,2
2010WEYE02,Sebastian Weyer,2010-08-14,16.43,3
2010WEYE02,Sebastian Weyer,2010-08-14,16.79,4
2010WEYE02,Sebastian Weyer,2010-09-11,14.99,5
2010WEYE02,Sebastian Weyer,2010-09-11,15.78,6
2010WEYE02,Sebastian Weyer,2010-10-09,15.27,7
2010WEYE02,Sebastian Weyer,2010-10-09,14.59,8
2010WEYE02,Sebastian Weyer,2010-10-09,13.5,9
2010WEYE02,Sebastian Weyer,2011-01-14,13.23,10
2010WEYE02,Sebastian Weyer,2011-01-14,10.7,11
2010WEYE02,Sebastian Weyer,2011-01-14,11.95,12
2010WEYE02,Sebastian Weyer,2011-01-14,10.75,13
2010WEYE02,Sebastian Weyer,2011-04-09,11.28,14
2010WEYE02,Sebastian Weyer,2011-04-09,9.91,15
2010WEYE02,Sebastian Weyer,2011-04-09,12.11,16
2010WEYE02,Sebastian Weyer,2011-04-30,9.97,17
2010WEYE02,Sebastian Weyer,2011-04-30,10.27,18
2010WEYE02,Sebastian Weyer,2011-04-30,11.09,19
2010WEYE02,Sebastian Weyer,2011-05-28,10.95,20
2010WEYE02,Sebastian Weyer,2011-05-28,9.84,21
2010WEYE02,Sebastian Weyer,2011-06-10,10.98,22
2010WEYE02,Sebastian Weyer,2011-06-10,10.07,23
2010WEYE02,Sebastian Weyer,2011-06-10,10.62,24
2010WEYE02,Sebastian Weyer,2011-08-13,11.22,25
2010WEYE02,Sebastian Weyer,2011-08-13,10.23,26
2010WEYE02,Sebastian Weyer,2011-08-13,14.23,27
2010WEYE02,Sebastian Weyer,2011-12-10,9.72,28
2010WEYE02,Sebastian Weyer,2011-12-10,11.04,29
2010WEYE02,Sebastian Weyer,2011-12-10,10.46,30
2010WEYE02,Sebastian Weyer,2012-02-04,9.86,31
2010WEYE02,Sebastian Weyer,2012-02-04,10.8,32
2010WEYE02,Sebastian Weyer,2012-02-04,10.03,33
2010WEYE02,Sebastian Weyer,2012-03-03,10.63,34
2010WEYE02,Sebastian Weyer,2012-03-03,10.97,35
2010WEYE02,Sebastian Weyer,2012-03-03,10.84,36
2010WEYE02,Sebastian Weyer,2012-04-14,10.71,37
2010WEYE02,Sebastian Weyer,2012-04-14,9.16,38
2010WEYE02,Sebastian Weyer,2012-04-14,8.98,39
2010WEYE02,Sebastian Weyer,2012-06-23,10.46,40
2010WEYE02,Sebastian Weyer,2012-06-23,11.78,41
2010WEYE02,Sebastian Weyer,2012-06-23,10.3,42
2010WEYE02,Sebastian Weyer,2012-11-03,10.96,43
2010WEYE02,Sebastian Weyer,2012-11-03,10.22,44
2010WEYE02,Sebastian Weyer,2012-11-03,10.07,45
2010WEYE02,Sebastian Weyer,2012-12-08,10.42,46
2010WEYE02,Sebastian Weyer,2012-12-08,10.51,47
2010WEYE02,Sebastian Weyer,2012-12-08,10.29,48
2010WEYE02,Sebastian Weyer,2013-02-16,9.77,49
2010WEYE02,Sebastian Weyer,2013-02-16,8.48,50
2010WEYE02,Sebastian Weyer,2013-02-16,9.14,51
2010WEYE02,Sebastian Weyer,2013-07-26,9.04,52
2010WEYE02,Sebastian Weyer,2013-07-26,9.22,53
2010WEYE02,Sebastian Weyer,2013-07-26,9.4,54
2010WEYE02,Sebastian Weyer,2013-07-26,8.86,55
2010WEYE02,Sebastian Weyer,2013-10-26,9.23,56
2010WEYE02,Sebastian Weyer,2013-10-26,9.12,57
2010WEYE02,Sebastian Weyer,2013-10-26,9.48,58
2010WEYE02,Sebastian Weyer,2013-11-23,9.42,59
2010WEYE02,Sebastian Weyer,2013-11-23,9.94,60
2010WEYE02,Sebastian Weyer,2013-11-23,10.17,61
2010WEYE02,Sebastian Weyer,2014-01-03,8.72,62
2010WEYE02,Sebastian Weyer,2014-01-03,8.93,63
2010WEYE02,Sebastian Weyer,2014-01-03,8.97,64
2010WEYE02,Sebastian Weyer,2014-01-18,9.24,65
2010WEYE02,Sebastian Weyer,2014-01-18,7.97,66
2010WEYE02,Sebastian Weyer,2014-01-18,8.59,67
2010WEYE02,Sebastian Weyer,2014-04-18,8.5,68
2010WEYE02,Sebastian Weyer,2014-04-18,8.53,69
2010WEYE02,Sebastian Weyer,2014-04-18,8.11,70
2010WEYE02,Sebastian Weyer,2014-08-08,8.38,71
2010WEYE02,Sebastian Weyer,2014-08-08,8.42,72
2010WEYE02,Sebastian Weyer,2014-08-08,8.5,73
2010WEYE02,Sebastian Weyer,2014-08-08,9.06,74
2010WEYE02,Sebastian Weyer,2014-09-06,8.13,75
2010WEYE02,Sebastian Weyer,2014-09-06,10.25,76
2010WEYE02,Sebastian Weyer,2014-09-06,10.2,77
2010WEYE02,Sebastian Weyer,2014-10-04,7.91,78
2010WEYE02,Sebastian Weyer,2014-10-04,8.77,79
2010WEYE02,Sebastian Weyer,2014-10-04,9.11,80
2010WEYE02,Sebastian Weyer,2014-11-08,8.19,81
2010WEYE02,Sebastian Weyer,2014-11-08,8.12,82
2010WEYE02,Sebastian Weyer,2014-11-08,8.59,83
2010WEYE02,Sebastian Weyer,2015-02-21,8.48,84
2010WEYE02,Sebastian Weyer,2015-02-21,8.47,85
2010WEYE02,Sebastian Weyer,2015-02-21,8.14,86
2010WEYE02,Sebastian Weyer,2015-04-18,8.75,87
2010WEYE02,Sebastian Weyer,2015-04-18,8.54,88
2010WEYE02,Sebastian Weyer,2015-04-18,8.2,89
2010WEYE02,Sebastian Weyer,2015-06-06,8.18,90
2010WEYE02,Sebastian Weyer,2015-06-06,8.71,91
2010WEYE02,Sebastian Weyer,2015-06-06,8.45,92
2010WEYE02,Sebastian Weyer,2015-09-05,9.05,93
2010WEYE02,Sebastian Weyer,2015-09-05,8.91,94
2010WEYE02,Sebastian Weyer,2015-09-05,9.08,95
2010WEYE02,Sebastian Weyer,2016-01-09,8.24,96
2010WEYE02,Sebastian Weyer,2016-01-09,8.46,97
2010WEYE02,Sebastian Weyer,2016-01-09,8.38,98
2010WEYE02,Sebastian Weyer,2016-01-30,8.92,99
2010WEYE02,Sebastian Weyer,2016-01-30,9.09,100
2010WEYE02,Sebastian Weyer,2016-01-30,8.39,101
2010WEYE02,Sebastian Weyer,2016-04-09,7.83,102
2010WEYE02,Sebastian Weyer,2016-04-09,8.71,103
2010WEYE02,Sebastian Weyer,2016-04-09,8.2,104
2010WEYE02,Sebastian Weyer,2016-07-15,8.13,105
2010WEYE02,Sebastian Weyer,2016-07-15,8.27,106
2010WEYE02,Sebastian Weyer,2016-07-15,8.91,107
2010WEYE02,Sebastian Weyer,2016-08-13,8.77,108
2010WEYE02,Sebastian Weyer,2016-08-13,8.26,109
2010WEYE02,Sebastian Weyer,2016-08-13,7.91,110
2010WEYE02,Sebastian Weyer,2016-10-07,6.81,111
2010WEYE02,Sebastian Weyer,2016-10-07,8.5,112
2010WEYE02,Sebastian Weyer,2016-10-07,7.99,113
2010WEYE02,Sebastian Weyer,2016-10-07,8.45,114
2010WEYE02,Sebastian Weyer,2016-10-29,7.94,115
2010WEYE02,Sebastian Weyer,2016-10-29,8.54,116
2010WEYE02,Sebastian Weyer,2016-10-29,8.09,117
2010WEYE02,Sebastian Weyer,2016-11-05,7.87,118
2010WEYE02,Sebastian Weyer,2016-11-05,7.0,119
2010WEYE02,Sebastian Weyer,2016-11-05,7.82,120
2010WEYE02,Sebastian Weyer,2016-11-26,7.94,121
2010WEYE02,Sebastian Weyer,2016-11-26,7.44,122
2010WEYE02,Sebastian Weyer,2016-11-26,8.16,123
2010WEYE02,Sebastian Weyer,2017-01-06,7.62,124
2010WEYE02,Sebastian Weyer,2017-01-06,8.01,125
2010WEYE02,Sebastian Weyer,2017-01-06,9.15,126
2010WEYE02,Sebastian Weyer,2017-01-28,8.48,127
2010WEYE02,Sebastian Weyer,2017-01-28,7.93,128
2010WEYE02,Sebastian Weyer,2017-01-28,8.38,129
2010WEYE02,Sebastian Weyer,2017-04-29,8.47,130
2010WEYE02,Sebastian Weyer,2017-04-29,7.56,131
2010WEYE02,Sebastian Weyer,2017-04-29,7.88,132
2010WEYE02,Sebastian Weyer,2017-06-10,7.04,133
2010WEYE02,Sebastian Weyer,2017-06-10,8.25,134
2010WEYE02,Sebastian Weyer,2017-06-10,7.54,135
2010WEYE02,Sebastian Weyer,2017-07-01,7.34,136
2010WEYE02,Sebastian Weyer,2017-07-01,8.69,137
2010WEYE02,Sebastian Weyer,2017-07-01,8.52,138
2010WEYE02,Sebastian Weyer,2017-07-08,7.03,139
2010WEYE02,Sebastian Weyer,2017-07-08,7.69,140
2010WEYE02,Sebastian Weyer,2017-07-08,7.23,141
2010WEYE02,Sebastian Weyer,2017-07-13,7.92,142
2010WEYE02,Sebastian Weyer,2017-07-13,8.28,143
2010WEYE02,Sebastian Weyer,2017-07-13,8.54,144
2010WEYE02,Sebastian Weyer,2017-09-01,7.73,145
2010WEYE02,Sebastian Weyer,2017-09-01,7.81,146
2010WEYE02,Sebastian Weyer,2017-09-01,7.39,147
2010WEYE02,Sebastian Weyer,2017-09-01,7.66,148
2010WEYE02,Sebastian Weyer,2017-09-16,6.82,149
2010WEYE02,Sebastian Weyer,2017-09-16,7.62,150
2010WEYE02,Sebastian Weyer,2017-09-16,7.38,151
2010WEYE02,Sebastian Weyer,2017-10-27,7.43,152
2010WEYE02,Sebastian Weyer,2017-10-27,7.49,153
2010WEYE02,Sebastian Weyer,2017-10-27,8.2,154
2010WEYE02,Sebastian Weyer,2017-10-27,7.33,155
2010WEYE02,Sebastian Weyer,2017-11-04,7.28,156
2010WEYE02,Sebastian Weyer,2017-11-04,7.74,157
2010WEYE02,Sebastian Weyer,2017-11-04,7.13,158
2010WEYE02,Sebastian Weyer,2017-11-04,7.52,159
2010WEYE02,Sebastian Weyer,2017-11-18,7.15,160
2010WEYE02,Sebastian Weyer,2017-11-18,8.38,161
2010WEYE02,Sebastian Weyer,2017-11-18,8.03,162
2010WEYE02,Sebastian Weyer,2017-12-02,7.79,163
2010WEYE02,Sebastian Weyer,2017-12-02,8.29,164
2010WEYE02,Sebastian Weyer,2017-12-02,7.64,165
2010WEYE02,Sebastian Weyer,2018-01-13,6.8,166
2010WEYE02,Sebastian Weyer,2018-01-13,7.6,167
2010WEYE02,Sebastian Weyer,2018-01-13,7.94,168
2010WEYE02,Sebastian Weyer,2018-02-10,7.51,169
2010WEYE02,Sebastian Weyer,2018-02-10,7.49,170
2010WEYE02,Sebastian Weyer,2018-02-10,7.9,171
2010WEYE02,Sebastian Weyer,2018-02-17,6.69,172
2010WEYE02,Sebastian Weyer,2018-02-17,7.62,173
2010WEYE02,Sebastian Weyer,2018-02-17,7.5,174
2010WEYE02,Sebastian Weyer,2018-03-24,8.12,175
2010WEYE02,Sebastian Weyer,2018-03-24,7.11,176
2010WEYE02,Sebastian Weyer,2018-03-24,8.47,177
2010WEYE02,Sebastian Weyer,2018-04-21,7.78,178
2010WEYE02,Sebastian Weyer,2018-04-21,7.2,179
2010WEYE02,Sebastian Weyer,2018-04-21,7.12,180
2010WEYE02,Sebastian Weyer,2018-04-28,7.15,181
2010WEYE02,Sebastian Weyer,2018-04-28,7.46,182
2010WEYE02,Sebastian Weyer,2018-04-28,7.91,183
2010WEYE02,Sebastian Weyer,2018-04-28,7.48,184
2010WEYE02,Sebastian Weyer,2018-05-12,7.15,185
2010WEYE02,Sebastian Weyer,2018-05-12,6.97,186
2010WEYE02,Sebastian Weyer,2018-05-12,7.99,187
2010WEYE02,Sebastian Weyer,2018-06-02,7.69,188
2010WEYE02,Sebastian Weyer,2018-06-02,7.27,189
2010WEYE02,Sebastian Weyer,2018-06-02,6.97,190
2010WEYE02,Sebastian Weyer,2018-07-19,8.55,191
2010WEYE02,Sebastian Weyer,2018-07-19,7.49,192
2010WEYE02,Sebastian Weyer,2018-07-19,7.99,193
2010WEYE02,Sebastian Weyer,2018-07-19,7.36,194
2010WEYE02,Sebastian Weyer,2018-07-27,7.03,195
2010WEYE02,Sebastian Weyer,2018-07-27,7.67,196
2010WEYE02,Sebastian Weyer,2018-07-27,6.76,197
2010WEYE02,Sebastian Weyer,2018-07-27,7.58,198
2010WEYE02,Sebastian Weyer,2018-08-25,7.02,199
2010WEYE02,Sebastian Weyer,2018-08-25,7.98,200
2010WEYE02,Sebastian Weyer,2018-08-25,8.49,201
2010WEYE02,Sebastian Weyer,2018-09-07,7.23,202
2010WEYE02,Sebastian Weyer,2018-09-07,7.09,203
2010WEYE02,Sebastian Weyer,2018-09-07,6.7,204
2010WEYE02,Sebastian Weyer,2018-09-07,7.32,205
2010WEYE02,Sebastian Weyer,2018-10-26,8.7,206
2010WEYE02,Sebastian Weyer,2018-10-26,7.5,207
2010WEYE02,Sebastian Weyer,2018-10-26,7.33,208
2010WEYE02,Sebastian Weyer,2018-10-26,7.96,209
2010WEYE02,Sebastian Weyer,2018-11-03,7.85,210
2010WEYE02,Sebastian Weyer,2018-11-03,6.73,211
2010WEYE02,Sebastian Weyer,2018-11-03,6.97,212
2010WEYE02,Sebastian Weyer,2018-11-10,7.74,213
2010WEYE02,Sebastian Weyer,2018-11-10,8.06,214
2010WEYE02,Sebastian Weyer,2018-11-10,7.3,215
2010WEYE02,Sebastian Weyer,2018-11-17,7.52,216
2010WEYE02,Sebastian Weyer,2018-11-17,7.42,217
2010WEYE02,Sebastian Weyer,2018-11-17,7.27,218
2010WEYE02,Sebastian Weyer,2018-11-24,7.78,219
2010WEYE02,Sebastian Weyer,2018-11-24,7.48,220
2010WEYE02,Sebastian Weyer,2018-11-24,6.64,221
2010WEYE02,Sebastian Weyer,2018-12-08,7.57,222
2010WEYE02,Sebastian Weyer,2018-12-08,7.18,223
2010WEYE02,Sebastian Weyer,2018-12-08,7.84,224
2010WEYE02,Sebastian Weyer,2019-01-19,8.6,225
2010WEYE02,Sebastian Weyer,2019-01-19,7.14,226
2010WEYE02,Sebastian Weyer,2019-01-19,8.21,227
2010WEYE02,Sebastian Weyer,2019-02-09,8.82,228
2010WEYE02,Sebastian Weyer,2019-02-09,7.25,229
2010WEYE02,Sebastian Weyer,2019-02-09,7.29,230
2010WEYE02,Sebastian Weyer,2019-02-16,7.61,231
2010WEYE02,Sebastian Weyer,2019-02-16,7.07,232
2010WEYE02,Sebastian Weyer,2019-02-16,7.57,233
2010WEYE02,Sebastian Weyer,2019-03-09,8.33,234
2010WEYE02,Sebastian Weyer,2019-03-09,6.92,235
2010WEYE02,Sebastian Weyer,2019-03-09,7.11,236
2010WEYE02,Sebastian Weyer,2019-03-15,7.28,237
2010WEYE02,Sebastian Weyer,2019-03-15,7.75,238
2010WEYE02,Sebastian Weyer,2019-03-30,8.23,239
2010WEYE02,Sebastian Weyer,2019-03-30,7.76,240
2010WEYE02,Sebastian Weyer,2019-03-30,6.86,241
2010WEYE02,Sebastian Weyer,2019-04-06,6.56,242
2010WEYE02,Sebastian Weyer,2019-04-06,6.67,243
2010WEYE02,Sebastian Weyer,2019-04-06,7.75,244
2010WEYE02,Sebastian Weyer,2019-04-20,7.3,245
2010WEYE02,Sebastian Weyer,2019-04-20,7.4,246
2010WEYE02,Sebastian Weyer,2019-04-20,7.42,247
2010WEYE02,Sebastian Weyer,2019-04-27,7.06,248
2010WEYE02,Sebastian Weyer,2019-04-27,6.88,249
2010WEYE02,Sebastian Weyer,2019-04-27,7.25,250
2010WEYE02,Sebastian Weyer,2019-05-11,7.07,251
2010WEYE02,Sebastian Weyer,2019-05-11,7.29,252
2010WEYE02,Sebastian Weyer,2019-05-11,7.01,253
2010WEYE02,Sebastian Weyer,2019-05-11,6.8,254
2010WEYE02,Sebastian Weyer,2019-05-18,7.07,255
2010WEYE02,Sebastian Weyer,2019-05-18,6.47,256
2010WEYE02,Sebastian Weyer,2019-05-18,6.96,257
2010WEYE02,Sebastian Weyer,2019-05-18,7.51,258
2010WEYE02,Sebastian Weyer,2019-06-08,7.15,259
2010WEYE02,Sebastian Weyer,2019-06-08,7.47,260
2010WEYE02,Sebastian Weyer,2019-06-08,7.2,261
2010WEYE02,Sebastian Weyer,2019-06-22,6.93,262
2010WEYE02,Sebastian Weyer,2019-06-22,7.27,263
2010WEYE02,Sebastian Weyer,2019-06-29,8.04,264
2010WEYE02,Sebastian Weyer,2019-06-29,7.41,265
2010WEYE02,Sebastian Weyer,2019-06-29,7.0,266
2010WEYE02,Sebastian Weyer,2019-07-06,7.64,267
2010WEYE02,Sebastian Weyer,2019-07-06,7.17,268
2010WEYE02,Sebastian Weyer,2019-07-06,7.37,269
2010WEYE02,Sebastian Weyer,2019-07-11,7.71,270
2010WEYE02,Sebastian Weyer,2019-07-11,7.88,271
2010WEYE02,Sebastian Weyer,2019-07-11,7.45,272
2010WEYE02,Sebastian Weyer,2019-07-11,6.81,273
2010WEYE02,Sebastian Weyer,2019-08-02,7.29,274
2010WEYE02,Sebastian Weyer,2019-08-02,8.11,275
2010WEYE02,Sebastian Weyer,2019-08-02,6.74,276
2010WEYE02,Sebastian Weyer,2019-08-02,6.93,277
2010WEYE02,Sebastian Weyer,2019-08-24,7.45,278
2010WEYE02,Sebastian Weyer,2019-08-24,7.88,279
2010WEYE02,Sebastian Weyer,2019-08-24,6.62,280
2010WEYE02,Sebastian Weyer,2019-08-31,7.78,281
2010WEYE02,Sebastian Weyer,2019-08-31,7.54,282
2010WEYE02,Sebastian Weyer,2019-08-31,7.53,283
2010WEYE02,Sebastian Weyer,2019-09-13,7.23,284
2010WEYE02,Sebastian Weyer,2019-09-13,7.45,285
2010WEYE02,Sebastian Weyer,2019-09-13,7.02,286
2010WEYE02,Sebastian Weyer,2019-09-21,7.62,287
2010WEYE02,Sebastian Weyer,2019-09-21,7.66,288
2010WEYE02,Sebastian Weyer,2019-09-21,6.68,289
2010WEYE02,Sebastian Weyer,2019-09-28,6.66,290
2010WEYE02,Sebastian Weyer,2019-09-28,6.46,291
2010WEYE02,Sebastian Weyer,2019-09-28,6.66,292
2010WEYE02,Sebastian Weyer,2019-10-12,6.7,293
2010WEYE02,Sebastian Weyer,2019-10-12,7.17,294
2010WEYE02,Sebastian Weyer,2019-10-12,7.27,295
2010WEYE02,Sebastian Weyer,2019-10-19,7.73,296
2010WEYE02,Sebastian Weyer,2019-10-19,7.84,297
2010WEYE02,Sebastian Weyer,2019-10-19,8.08,298
2010WEYE02,Sebastian Weyer,2019-10-25,7.06,299
2010WEYE02,Sebastian Weyer,2019-10-25,7.69,300
2010WEYE02,Sebastian Weyer,2019-10-25,7.16,301
2010WEYE02,Sebastian Weyer,2019-10-25,6.68,302
2010WEYE02,Sebastian Weyer,2019-11-02,6.72,303
2010WEYE02,Sebastian Weyer,2019-11-02,7.36,304
2010WEYE02,Sebastian Weyer,2019-11-02,6.98,305
2010WEYE02,Sebastian Weyer,2019-11-23,6.83,306
2010WEYE02,Sebastian Weyer,2019-11-23,6.78,307
2010WEYE02,Sebastian Weyer,2019-11-23,6.84,308
2010WEYE02,Sebastian Weyer,2019-11-30,8.11,309
2010WEYE02,Sebastian Weyer,2019-11-30,7.93,310
2010WEYE02,Sebastian Weyer,2019-11-30,7.83,311
2010WEYE02,Sebastian Weyer,2019-11-30,6.83,312
2010WEYE02,Sebastian Weyer,2019-11-30,6.44,313
2010WEYE02,Sebastian Weyer,2019-11-30,6.81,314
2010WEYE02,Sebastian Weyer,2019-12-14,6.73,315
2010WEYE02,Sebastian Weyer,2019-12-14,7.55,316
2010WEYE02,Sebastian Weyer,2019-12-14,7.03,317
2010WEYE02,Sebastian Weyer,2020-01-18,6.81,318
2010WEYE02,Sebastian Weyer,2020-01-18,8.36,319
2010WEYE02,Sebastian Weyer,2020-01-18,6.95,320
2010WEYE02,Sebastian Weyer,2020-02-08,7.39,321
2010WEYE02,Sebastian Weyer,2020-02-08,6.62,322
2010WEYE02,Sebastian Weyer,2020-02-08,6.82,323
2010WEYE02,Sebastian Weyer,2020-02-15,7.47,324
2010WEYE02,Sebastian Weyer,2020-02-15,6.8,325
2010WEYE02,Sebastian Weyer,2020-02-15,7.45,326
2010WEYE02,Sebastian Weyer,2020-02-22,6.82,327
2010WEYE02,Sebastian Weyer,2020-02-22,7.4,328
2010WEYE02,Sebastian Weyer,2020-02-22,7.16,329
2010WEYE02,Sebastian Weyer,2020-02-29,7.97,330
2010WEYE02,Sebastian Weyer,2020-02-29,6.83,331
2010WEYE02,Sebastian Weyer,2020-02-29,7.9,332
2010WEYE02,Sebastian Weyer,2020-03-07,7.39,333
2010WEYE02,Sebastian Weyer,2020-03-07,7.37,334
2010WEYE02,Sebastian Weyer,2020-03-07,7.03,335
2010WEYE02,Sebastian Weyer,2020-03-14,7.11,336
2010WEYE02,Sebastian Weyer,2020-03-14,7.03,337
2010WEYE02,Sebastian Weyer,2020-03-14,7.95,338
2010WEYE02,Sebastian Weyer,2021-07-10,8.26,339
2010WEYE02,Sebastian Weyer,2021-07-10,7.09,340
2010WEYE02,Sebastian Weyer,2021-07-10,6.26,341
2010WEYE02,Sebastian Weyer,2021-10-09,6.21,342
2010WEYE02,Sebastian Weyer,2021-10-09,7.17,343
2010WEYE02,Sebastian Weyer,2021-10-09,6.53,344
2010WEYE02,Sebastian Weyer,2021-11-06,7.43,345
2010WEYE02,Sebastian Weyer,2021-11-06,6.95,346
2010WEYE02,Sebastian Weyer,2021-11-06,6.53,347
2010WEYE02,Sebastian Weyer,2021-12-11,7.11,348
2010WEYE02,Sebastian Weyer,2021-12-11,6.48,349
2010WEYE02,Sebastian Weyer,2021-12-11,7.21,350
2010WEYE02,Sebastian Weyer,2022-02-05,6.41,351
2010WEYE02,Sebastian Weyer,2022-02-05,6.55,352
2010WEYE02,Sebastian Weyer,2022-02-05,6.76,353
2010WEYE02,Sebastian Weyer,2022-03-19,7.77,354
2010WEYE02,Sebastian Weyer,2022-03-19,7.07,355
2010WEYE02,Sebastian Weyer,2022-03-19,7.01,356
2010WEYE02,Sebastian Weyer,2022-04-16,6.88,357
2010WEYE02,Sebastian Weyer,2022-04-16,6.98,358
2010WEYE02,Sebastian Weyer,2022-04-16,7.23,359
2010WEYE02,Sebastian Weyer,2022-05-14,7.12,360
2010WEYE02,Sebastian Weyer,2022-05-14,6.84,361
2010WEYE02,Sebastian Weyer,2022-05-14,6.94,362
2010WEYE02,Sebastian Weyer,2022-05-21,7.37,363
2010WEYE02,Sebastian Weyer,2022-05-21,8.33,364
2010WEYE02,Sebastian Weyer,2022-05-21,7.08,365
2010WEYE02,Sebastian Weyer,2022-06-04,7.68,366
2010WEYE02,Sebastian Weyer,2022-06-04,6.87,367
2010WEYE02,Sebastian Weyer,2022-06-04,7.31,368
2010WEYE02,Sebastian Weyer,2022-06-11,6.86,369
2010WEYE02,Sebastian Weyer,2022-06-11,7.08,370
2010WEYE02,Sebastian Weyer,2022-06-11,7.37,371
2010WEYE02,Sebastian Weyer,2022-06-18,6.69,372
2010WEYE02,Sebastian Weyer,2022-06-18,7.18,373
2010WEYE02,Sebastian Weyer,2022-06-18,6.84,374
2010WEYE02,Sebastian Weyer,2022-07-14,7.14,375
2010WEYE02,Sebastian Weyer,2022-07-14,8.01,376
2010WEYE02,Sebastian Weyer,2022-07-14,7.14,377
2010WEYE02,Sebastian Weyer,2022-07-14,6.51,378
2010WEYE02,Sebastian Weyer,2022-08-19,7.94,379
2010WEYE02,Sebastian Weyer,2022-08-19,6.86,380
2010WEYE02,Sebastian Weyer,2022-08-19,7.54,381
2010WEYE02,Sebastian Weyer,2022-08-19,6.46,382
2010WEYE02,Sebastian Weyer,2022-08-27,7.78,383
2010WEYE02,Sebastian Weyer,2022-09-03,7.27,384
2010WEYE02,Sebastian Weyer,2022-09-03,7.51,385
2010WEYE02,Sebastian Weyer,2022-09-03,7.32,386
2010WEYE02,Sebastian Weyer,2022-09-24,7.28,387
2010WEYE02,Sebastian Weyer,2022-09-24,7.01,388
2010WEYE02,Sebastian Weyer,2022-09-24,6.59,389
2010WEYE02,Sebastian Weyer,2022-10-08,7.92,390
2010WEYE02,Sebastian Weyer,2022-10-08,7.57,391
2010WEYE02,Sebastian Weyer,2022-10-08,6.89,392
2010WEYE02,Sebastian Weyer,2022-10-28,6.99,393
2010WEYE02,Sebastian Weyer,2022-10-28,7.39,394
2010WEYE02,Sebastian Weyer,2022-10-28,6.5,395
2010WEYE02,Sebastian Weyer,2022-10-28,7.31,396
2010WEYE02,Sebastian Weyer,2022-12-03,6.9,397
2010WEYE02,Sebastian Weyer,2022-12-03,6.93,398
2010WEYE02,Sebastian Weyer,2022-12-03,7.13,399
2010WEYE02,Sebastian Weyer,2023-02-11,6.74,400
2010WEYE02,Sebastian Weyer,2023-02-11,6.63,401
2010WEYE02,Sebastian Weyer,2023-02-11,6.91,402
2010WEYE02,Sebastian Weyer,2023-02-18,7.14,403
2010WEYE02,Sebastian Weyer,2023-02-18,7.16,404
2010WEYE02,Sebastian Weyer,2023-02-18,7.1,405
2010WEYE02,Sebastian Weyer,2023-02-25,7.2,406
2010WEYE02,Sebastian Weyer,2023-02-25,6.95,407
2010WEYE02,Sebastian Weyer,2023-02-25,6.97,408
2010WEYE02,Sebastian Weyer,2023-03-04,6.21,409
2010WEYE02,Sebastian Weyer,2023-03-04,7.44,410
2010WEYE02,Sebastian Weyer,2023-03-04,7.75,411
2010WEYE02,Sebastian Weyer,2023-03-18,7.46,412
2010WEYE02,Sebastian Weyer,2023-03-18,7.61,413
2010WEYE02,Sebastian Weyer,2023-03-18,7.08,414
2010WEYE02,Sebastian Weyer,2023-03-18,6.67,415
2010WEYE02,Sebastian Weyer,2023-04-15,7.7,416
2010WEYE02,Sebastian Weyer,2023-04-15,7.22,417
2010WEYE02,Sebastian Weyer,2023-04-15,7.57,418
2010WEYE02,Sebastian Weyer,2023-05-06,7.36,419
2010WEYE02,Sebastian Weyer,2023-05-06,7.15,420
2010WEYE02,Sebastian Weyer,2023-05-06,6.59,421
2010WEYE02,Sebastian Weyer,2023-05-06,6.95,422
2010WEYE02,Sebastian Weyer,2023-06-24,6.55,423
2010WEYE02,Sebastian Weyer,2023-06-24,6.77,424
2010WEYE02,Sebastian Weyer,2023-06-24,6.41,425
2010WEYE02,Sebastian Weyer,2023-06-24,7.14,426
2010WEYE02,Sebastian Weyer,2023-07-08,7.48,427
2010WEYE02,Sebastian Weyer,2023-07-08,6.54,428
2010WEYE02,Sebastian Weyer,2023-07-08,7.03,429
2010WEYE02,Sebastian Weyer,2023-07-14,7.01,430
2010WEYE02,Sebastian Weyer,2023-07-14,7.16,431
2010WEYE02,Sebastian Weyer,2023-07-14,7.19,432
2010WEYE02,Sebastian Weyer,2023-07-22,6.88,433
2010WEYE02,Sebastian Weyer,2023-07-22,6.12,434
2010WEYE02,Sebastian Weyer,2023-07-22,6.77,435
2010WEYE02,Sebastian Weyer,2023-08-12,6.82,436
2010WEYE02,Sebastian Weyer,2023-08-12,6.96,437
2010WEYE02,Sebastian Weyer,2023-08-12,7.0,438
2010WEYE02,Sebastian Weyer,2023-09-02,7.48,439
2010WEYE02,Sebastian Weyer,2023-09-02,6.59,440
2010WEYE02,Sebastian Weyer,2023-09-02,6.52,441
2010WEYE02,Sebastian Weyer,2023-10-21,6.87,442
2010WEYE02,Sebastian Weyer,2023-10-21,7.26,443
2010WEYE02,Sebastian Weyer,2023-10-21,6.89,444
2010WEYE02,Sebastian Weyer,2023-10-28,7.33,445
2010WEYE02,Sebastian Weyer,2023-10-28,6.97,446
2010WEYE02,Sebastian Weyer,2023-10-28,6.79,447
2010WEYE02,Sebastian Weyer,2023-11-18,7.17,448
2010WEYE02,Sebastian Weyer,2023-11-18,6.97,449
2010WEYE02,Sebastian Weyer,2023-11-25,6.77,450
2010WEYE02,Sebastian Weyer,2023-11-25,7.01,451
2010WEYE02,Sebastian Weyer,2023-11-25,7.05,452
2010WEYE02,Sebastian Weyer,2024-01-27,7.14,453
2010WEYE02,Sebastian Weyer,2024-01-27,7.68,454
2010WEYE02,Sebastian Weyer,2024-01-27,7.82,455
2010WEYE02,Sebastian Weyer,2024-01-27,7.07,456
2010WEYE02,Sebastian Weyer,2024-02-17,6.9,457
2010WEYE02,Sebastian Weyer,2024-02-17,6.07,458
2010WEYE02,Sebastian Weyer,2024-02-17,6.58,459
2010WEYE02,Sebastian Weyer,2024-03-02,7.15,460
2010WEYE02,Sebastian Weyer,2024-03-02,7.03,461
2010WEYE02,Sebastian Weyer,2024-03-02,7.45,462
2010WEYE02,Sebastian Weyer,2024-03-16,7.31,463
2010WEYE02,Sebastian Weyer,2024-03-16,7.15,464
2010WEYE02,Sebastian Weyer,2024-03-16,7.17,465
2010WEYE02,Sebastian Weyer,2024-03-30,7.09,466
2010WEYE02,Sebastian Weyer,2024-03-30,7.06,467
2010WEYE02,Sebastian Weyer,2024-03-30,6.99,468
2010WEYE02,Sebastian Weyer,2024-03-30,6.78,469
2010WEYE02,Sebastian Weyer,2024-04-20,7.65,470
2010WEYE02,Sebastian Weyer,2024-04-20,6.49,471
2010WEYE02,Sebastian Weyer,2024-04-20,6.93,472
2010WEYE02,Sebastian Weyer,2024-04-20,7.34,473
2010WEYE02,Sebastian Weyer,2024-05-04,6.86,474
2010WEYE02,Sebastian Weyer,2024-05-04,7.17,475
2010WEYE02,Sebastian Weyer,2024-05-04,7.67,476
2010WEYE02,Sebastian Weyer,2024-05-25,7.5,477
2010WEYE02,Sebastian Weyer,2024-05-25,6.16,478
2010WEYE02,Sebastian Weyer,2024-05-25,6.43,479
2010WEYE02,Sebastian Weyer,2024-06-08,8.12,480
2010WEYE02,Sebastian Weyer,2024-06-08,6.89,481
2010WEYE02,Sebastian Weyer,2024-06-08,6.71,482
2010WEYE02,Sebastian Weyer,2024-06-29,6.57,483
2010WEYE02,Sebastian Weyer,2024-06-29,6.76,484
2010WEYE02,Sebastian Weyer,2024-06-29,7.17,485
2010WEYE02,Sebastian Weyer,2024-06-29,6.87,486
2010WEYE02,Sebastian Weyer,2024-07-13,7.19,487
2010WEYE02,Sebastian Weyer,2024-07-13,6.75,488
2010WEYE02,Sebastian Weyer,2024-07-13,6.49,489
2010WEYE02,Sebastian Weyer,2024-07-19,6.82,490
2010WEYE02,Sebastian Weyer,2024-07-19,6.53,491
2010WEYE02,Sebastian Weyer,2024-07-19,7.0,492
2010WEYE02,Sebastian Weyer,2024-07-19,6.52,493
2010WEYE02,Sebastian Weyer,2024-07-25,7.42,494
2010WEYE02,Sebastian Weyer,2024-07-25,6.98,495
2010WEYE02,Sebastian Weyer,2024-07-25,7.09,496
2010WEYE02,Sebastian Weyer,2024-09-07,6.77,497
2010WEYE02,Sebastian Weyer,2024-09-07,7.18,498
2010WEYE02,Sebastian Weyer,2024-09-07,6.86,499
2010WEYE02,Sebastian Weyer,2024-09-14,6.63,500
2010WEYE02,Sebastian Weyer,2024-09-14,6.94,501
2010WEYE02,Sebastian Weyer,2024-09-14,7.48,502
2010WEYE02,Sebastian Weyer,2024-09-21,6.81,503
2010WEYE02,Sebastian Weyer,2024-09-21,7.87,504
2010WEYE02,Sebastian Weyer,2024-09-21,6.47,505
2010WEYE02,Sebastian Weyer,2024-10-04,7.14,506
2010WEYE02,Sebastian Weyer,2024-10-04,7.17,507
2010WEYE02,Sebastian Weyer,2024-10-04,7.26,508
2010WEYE02,Sebastian Weyer,2024-10-04,7.05,509
2010WEYE02,Sebastian Weyer,2024-11-09,6.99,510
2010WEYE02,Sebastian Weyer,2024-11-09,6.73,511
2010WEYE02,Sebastian Weyer,2024-11-09,6.67,512
2010WEYE02,Sebastian Weyer,2024-11-16,6.72,513
2010WEYE02,Sebastian Weyer,2024-11-16,6.67,514
2010WEYE02,Sebastian Weyer,2024-11-16,6.57,515
2010WEYE02,Sebastian Weyer,2024-12-14,6.81,516
2010WEYE02,Sebastian Weyer,2024-12-14,6.64,517
2010WEYE02,Sebastian Weyer,2024-12-14,6.98,518
2010WEYE02,Sebastian Weyer,2024-12-21,6.85,519
2010WEYE02,Sebastian Weyer,2024-12-21,6.26,520
2010WEYE02,Sebastian Weyer,2024-12-21,6.35,521
2010WEYE02,Sebastian Weyer,2024-12-21,6.36,522
2010WEYE02,Sebastian Weyer,2025-02-15,6.99,523
2010WEYE02,Sebastian Weyer,2025-02-15,6.78,524
2010WEYE02,Sebastian Weyer,2025-02-15,6.86,525
2010WEYE02,Sebastian Weyer,2025-05-17,6.74,526
2010WEYE02,Sebastian Weyer,2025-05-17,7.21,527
2010WEYE02,Sebastian Weyer,2025-05-17,7.05,528
2010WEYE02,Sebastian Weyer,2025-05-30,6.73,529
2010WEYE02,Sebastian Weyer,2025-05-30,7.16,530
2010WEYE02,Sebastian Weyer,2025-07-03,6.47,531
2010WEYE02,Sebastian Weyer,2025-07-03,6.87,532
2010WEYE02,Sebastian Weyer,2025-07-03,6.76,533
2010WEYE02,Sebastian Weyer,2025-07-12,6.37,534
2010WEYE02,Sebastian Weyer,2025-07-12,6.38,535
2010WEYE02,Sebastian Weyer,2025-07-12,6.73,536
2010WEYE02,Sebastian Weyer,2025-08-09,6.89,537
2010WEYE02,Sebastian Weyer,2025-08-09,7.72,538
2010WEYE02,Sebastian Weyer,2025-08-15,7.39,539
2010WEYE02,Sebastian Weyer,2025-08-15,6.88,540
2010WEYE02,Sebastian Weyer,2025-08-15,6.95,541
2010WEYE02,Sebastian Weyer,2025-09-06,6.76,542
2010WEYE02,Sebastian Weyer,2025-09-06,7.3,543
2010WEYE02,Sebastian Weyer,2025-09-06,6.92,544
2010WEYE02,Sebastian Weyer,2025-09-13,7.11,545
2010WEYE02,Sebastian Weyer,2025-09-13,6.97,546
2010WEYE02,Sebastian Weyer,2025-09-26,7.64,547
2010WEYE02,Sebastian Weyer,2025-09-26,6.64,548
2010WEYE02,Sebastian Weyer,2025-09-26,5.87,549
2010WEYE02,Sebastian Weyer,2025-09-26,6.99,550
2010WEYE02,Sebastian Weyer,2025-10-04,7.01,551
2010WEYE02,Sebastian Weyer,2025-10-04,8.02,552
2010WEYE02,Sebastian Weyer,2025-10-04,6.23,553
2010WEYE02,Sebastian Weyer,2025-10-18,6.49,554
2010WEYE02,Sebastian Weyer,2025-10-18,7.07,555
2010WEYE02,Sebastian Weyer,2025-11-29,6.86,556
2010WEYE02,Sebastian Weyer,2025-11-29,6.53,557
2010WEYE02,Sebastian Weyer,2025-11-29,6.99,558
2010WEYE02,Sebastian Weyer,2025-12-19,7.24,559
2010WEYE02,Sebastian Weyer,2025-12-19,6.98,560
2010WEYE02,Sebastian Weyer,2025-12-19,6.87,561
2010WEYE02,Sebastian Weyer,2026-01-16,6.56,562
2010WEYE02,Sebastian Weyer,2026-02-21,6.83,563
2010WEYE02,Sebastian Weyer,2026-02-21,6.85,564
2010WEYE02,Sebastian Weyer,2026-02-21,6.89,565
2010WEYE02,Sebastian Weyer,2026-04-04,7.31,566
2010WEYE02,Sebastian Weyer,2026-04-04,6.64,567
2010WEYE02,Sebastian Weyer,2026-04-04,7.39,568
2010WEYE02,Sebastian Weyer,2026-04-04,6.57,569
2010WEYE02,Sebastian Weyer,2026-04-25,6.75,570
2010WEYE02,Sebastian Weyer,2026-04-25,6.9,571
2010WEYE02,Sebastian Weyer,2026-05-08,6.51,572
2010WEYE02,Sebastian Weyer,2026-05-08,7.46,573
2010WEYE02,Sebastian Weyer,2026-05-08,6.62,574
2011EDUA01,Eduard Esteban García Domínguez,2011-10-02,133.34,1
2011EDUA01,Eduard Esteban García Domínguez,2012-03-25,28.39,2
2011EDUA01,Eduard Esteban García Domínguez,2012-05-20,28.36,3
2011EDUA01,Eduard Esteban García Domínguez,2012-07-20,25.53,4
2011EDUA01,Eduard Esteban García Domínguez,2012-11-11,24.13,5
2011EDUA01,Eduard Esteban García Domínguez,2012-11-11,22.89,6
2011EDUA01,Eduard Esteban García Domínguez,2013-02-17,19.48,7
2011EDUA01,Eduard Esteban García Domínguez,2013-02-17,20.84,8
2011EDUA01,Eduard Esteban García Domínguez,2013-04-07,19.82,9
2011EDUA01,Eduard Esteban García Domínguez,2013-04-07,19.33,10
2011EDUA01,Eduard Esteban García Domínguez,2013-06-08,16.89,11
2011EDUA01,Eduard Esteban García Domínguez,2013-06-08,18.59,12
2011EDUA01,Eduard Esteban García Domínguez,2013-09-22,17.33,13
2011EDUA01,Eduard Esteban García Domínguez,2013-09-22,17.17,14
2011EDUA01,Eduard Esteban García Domínguez,2013-12-14,16.77,15
2011EDUA01,Eduard Esteban García Domínguez,2013-12-14,19.45,16
2011EDUA01,Eduard Esteban García Domínguez,2014-02-02,17.3,17
2011EDUA01,Eduard Esteban García Domínguez,2014-02-02,15.85,18
2011EDUA01,Eduard Esteban García Domínguez,2014-03-15,16.25,19
2011EDUA01,Eduard Esteban García Domínguez,2014-03-15,15.96,20
2011EDUA01,Eduard Esteban García Domínguez,2014-03-15,16.06,21
2011EDUA01,Eduard Esteban García Domínguez,2014-08-22,15.77,22
2011EDUA01,Eduard Esteban García Domínguez,2014-08-22,15.66,23
2011EDUA01,Eduard Esteban García Domínguez,2014-09-27,14.23,24
2011EDUA01,Eduard Esteban García Domínguez,2014-09-27,15.81,25
2011EDUA01,Eduard Esteban García Domínguez,2014-10-11,16.87,26
2011EDUA01,Eduard Esteban García Domínguez,2014-10-11,17.21,27
2011EDUA01,Eduard Esteban García Domínguez,2014-10-11,17.01,28
2011EDUA01,Eduard Esteban García Domínguez,2014-11-15,14.88,29
2011EDUA01,Eduard Esteban García Domínguez,2014-11-15,14.77,30
2011EDUA01,Eduard Esteban García Domínguez,2014-11-15,15.19,31
2011EDUA01,Eduard Esteban García Domínguez,2015-03-14,15.97,32
2011EDUA01,Eduard Esteban García Domínguez,2015-03-14,15.19,33
2011EDUA01,Eduard Esteban García Domínguez,2015-03-14,16.39,34
2011EDUA01,Eduard Esteban García Domínguez,2015-03-29,15.1,35
2011EDUA01,Eduard Esteban García Domínguez,2015-03-29,14.02,36
2011EDUA01,Eduard Esteban García Domínguez,2015-03-29,14.92,37
2011EDUA01,Eduard Esteban García Domínguez,2015-04-18,15.18,38
2011EDUA01,Eduard Esteban García Domínguez,2015-04-18,16.47,39
2011EDUA01,Eduard Esteban García Domínguez,2015-05-16,15.94,40
2011EDUA01,Eduard Esteban García Domínguez,2015-05-16,14.37,41
2011EDUA01,Eduard Esteban García Domínguez,2015-06-20,13.9,42
2011EDUA01,Eduard Esteban García Domínguez,2015-06-20,14.38,43
2011EDUA01,Eduard Esteban García Domínguez,2015-07-17,14.89,44
2011EDUA01,Eduard Esteban García Domínguez,2015-07-17,16.15,45
2011EDUA01,Eduard Esteban García Domínguez,2015-08-07,16.68,46
2011EDUA01,Eduard Esteban García Domínguez,2015-08-07,15.78,47
2011EDUA01,Eduard Esteban García Domínguez,2015-09-12,13.88,48
2011EDUA01,Eduard Esteban García Domínguez,2015-09-12,13.7,49
2011EDUA01,Eduard Esteban García Domínguez,2015-09-12,13.39,50
2011EDUA01,Eduard Esteban García Domínguez,2015-10-04,15.98,51
2011EDUA01,Eduard Esteban García Domínguez,2015-10-04,14.45,52
2011EDUA01,Eduard Esteban García Domínguez,2015-10-04,16.85,53
2011EDUA01,Eduard Esteban García Domínguez,2015-11-15,14.06,54
2011EDUA01,Eduard Esteban García Domínguez,2015-11-15,15.19,55
2011EDUA01,Eduard Esteban García Domínguez,2015-11-15,15.27,56
2011EDUA01,Eduard Esteban García Domínguez,2015-12-19,15.53,57
2011EDUA01,Eduard Esteban García Domínguez,2015-12-19,16.79,58
2011EDUA01,Eduard Esteban García Domínguez,2016-01-16,16.52,59
2011EDUA01,Eduard Esteban García Domínguez,2016-01-16,12.76,60
2011EDUA01,Eduard Esteban García Domínguez,2016-01-16,14.25,61
2011EDUA01,Eduard Esteban García Domínguez,2016-01-23,14.15,62
2011EDUA01,Eduard Esteban García Domínguez,2016-01-23,15.69,63
2011EDUA01,Eduard Esteban García Domínguez,2016-02-28,15.04,64
2011EDUA01,Eduard Esteban García Domínguez,2016-02-28,15.56,65
2011EDUA01,Eduard Esteban García Domínguez,2016-04-16,14.54,66
2011EDUA01,Eduard Esteban García Domínguez,2016-04-16,13.29,67
2011EDUA01,Eduard Esteban García Domínguez,2016-04-16,14.84,68
2011EDUA01,Eduard Esteban García Domínguez,2016-05-07,13.03,69
2011EDUA01,Eduard Esteban García Domínguez,2016-05-07,14.2,70
2011EDUA01,Eduard Esteban García Domínguez,2016-05-07,13.72,71
2011EDUA01,Eduard Esteban García Domínguez,2016-06-04,15.11,72
2011EDUA01,Eduard Esteban García Domínguez,2016-06-04,14.21,73
2011EDUA01,Eduard Esteban García Domínguez,2016-06-04,14.64,74
2011EDUA01,Eduard Esteban García Domínguez,2016-06-25,13.88,75
2011EDUA01,Eduard Esteban García Domínguez,2016-06-25,14.38,76
2011EDUA01,Eduard Esteban García Domínguez,2016-06-25,13.68,77
2011EDUA01,Eduard Esteban García Domínguez,2016-07-23,13.32,78
2011EDUA01,Eduard Esteban García Domínguez,2016-07-23,15.9,79
2011EDUA01,Eduard Esteban García Domínguez,2016-08-27,15.24,80
2011EDUA01,Eduard Esteban García Domínguez,2016-08-27,13.24,81
2011EDUA01,Eduard Esteban García Domínguez,2016-08-27,14.0,82
2011EDUA01,Eduard Esteban García Domínguez,2016-09-03,12.39,83
2011EDUA01,Eduard Esteban García Domínguez,2016-09-03,13.83,84
2011EDUA01,Eduard Esteban García Domínguez,2016-09-03,13.46,85
2011EDUA01,Eduard Esteban García Domínguez,2016-09-10,13.41,86
2011EDUA01,Eduard Esteban García Domínguez,2016-09-10,14.45,87
2011EDUA01,Eduard Esteban García Domínguez,2016-09-10,13.63,88
2011EDUA01,Eduard Esteban García Domínguez,2016-10-09,13.3,89
2011EDUA01,Eduard Esteban García Domínguez,2016-10-09,13.9,90
2011EDUA01,Eduard Esteban García Domínguez,2016-10-09,14.6,91
2011EDUA01,Eduard Esteban García Domínguez,2016-10-15,13.07,92
2011EDUA01,Eduard Esteban García Domínguez,2016-10-15,14.54,93
2011EDUA01,Eduard Esteban García Domínguez,2016-10-15,14.61,94
2011EDUA01,Eduard Esteban García Domínguez,2016-11-05,15.81,95
2011EDUA01,Eduard Esteban García Domínguez,2016-11-05,12.74,96
2011EDUA01,Eduard Esteban García Domínguez,2016-11-05,13.95,97
2011EDUA01,Eduard Esteban García Domínguez,2016-12-17,15.51,98
2011EDUA01,Eduard Esteban García Domínguez,2016-12-17,14.06,99
2011EDUA01,Eduard Esteban García Domínguez,2017-01-14,13.21,100
2011EDUA01,Eduard Esteban García Domínguez,2017-01-14,12.73,101
2011EDUA01,Eduard Esteban García Domínguez,2017-01-14,14.22,102
2011EDUA01,Eduard Esteban García Domínguez,2017-01-21,14.34,103
2011EDUA01,Eduard Esteban García Domínguez,2017-01-21,13.29,104
2011EDUA01,Eduard Esteban García Domínguez,2017-01-21,13.28,105
2011EDUA01,Eduard Esteban García Domínguez,2017-02-04,14.82,106
2011EDUA01,Eduard Esteban García Domínguez,2017-02-04,15.45,107
2011EDUA01,Eduard Esteban García Domínguez,2017-02-11,12.89,108
2011EDUA01,Eduard Esteban García Domínguez,2017-02-11,13.65,109
2011EDUA01,Eduard Esteban García Domínguez,2017-02-11,15.35,110
2011EDUA01,Eduard Esteban García Domínguez,2017-02-18,12.68,111
2011EDUA01,Eduard Esteban García Domínguez,2017-02-18,14.32,112
2011EDUA01,Eduard Esteban García Domínguez,2017-02-18,13.56,113
2011EDUA01,Eduard Esteban García Domínguez,2017-02-24,14.84,114
2011EDUA01,Eduard Esteban García Domínguez,2017-02-24,13.4,115
2011EDUA01,Eduard Esteban García Domínguez,2017-02-24,13.73,116
2011EDUA01,Eduard Esteban García Domínguez,2017-04-29,12.55,117
2011EDUA01,Eduard Esteban García Domínguez,2017-04-29,14.61,118
2011EDUA01,Eduard Esteban García Domínguez,2017-04-29,14.6,119
2011EDUA01,Eduard Esteban García Domínguez,2017-05-27,14.17,120
2011EDUA01,Eduard Esteban García Domínguez,2017-05-27,14.45,121
2011EDUA01,Eduard Esteban García Domínguez,2017-05-27,13.13,122
2011EDUA01,Eduard Esteban García Domínguez,2017-06-22,13.4,123
2011EDUA01,Eduard Esteban García Domínguez,2017-06-22,13.53,124
2011EDUA01,Eduard Esteban García Domínguez,2017-06-24,14.12,125
2011EDUA01,Eduard Esteban García Domínguez,2017-06-24,12.97,126
2011EDUA01,Eduard Esteban García Domínguez,2017-06-24,13.47,127
2011EDUA01,Eduard Esteban García Domínguez,2017-06-28,13.77,128
2011EDUA01,Eduard Esteban García Domínguez,2017-06-28,14.62,129
2011EDUA01,Eduard Esteban García Domínguez,2017-06-28,13.98,130
2011EDUA01,Eduard Esteban García Domínguez,2017-07-01,13.03,131
2011EDUA01,Eduard Esteban García Domínguez,2017-07-01,14.77,132
2011EDUA01,Eduard Esteban García Domínguez,2017-08-26,14.15,133
2011EDUA01,Eduard Esteban García Domínguez,2017-08-26,14.9,134
2011EDUA01,Eduard Esteban García Domínguez,2017-09-15,12.98,135
2011EDUA01,Eduard Esteban García Domínguez,2017-09-15,13.12,136
2011EDUA01,Eduard Esteban García Domínguez,2017-09-15,14.32,137
2011EDUA01,Eduard Esteban García Domínguez,2017-09-23,14.19,138
2011EDUA01,Eduard Esteban García Domínguez,2017-09-23,11.93,139
2011EDUA01,Eduard Esteban García Domínguez,2017-09-23,12.02,140
2011EDUA01,Eduard Esteban García Domínguez,2017-09-30,12.79,141
2011EDUA01,Eduard Esteban García Domínguez,2017-09-30,16.06,142
2011EDUA01,Eduard Esteban García Domínguez,2017-09-30,13.94,143
2011EDUA01,Eduard Esteban García Domínguez,2017-11-11,13.86,144
2011EDUA01,Eduard Esteban García Domínguez,2017-11-11,13.24,145
2011EDUA01,Eduard Esteban García Domínguez,2017-11-25,14.69,146
2011EDUA01,Eduard Esteban García Domínguez,2017-11-25,14.0,147
2011EDUA01,Eduard Esteban García Domínguez,2017-11-25,13.54,148
2011EDUA01,Eduard Esteban García Domínguez,2017-12-09,12.89,149
2011EDUA01,Eduard Esteban García Domínguez,2017-12-09,12.61,150
2011EDUA01,Eduard Esteban García Domínguez,2017-12-09,14.66,151
2011EDUA01,Eduard Esteban García Domínguez,2018-01-20,12.99,152
2011EDUA01,Eduard Esteban García Domínguez,2018-01-20,14.4,153
2011EDUA01,Eduard Esteban García Domínguez,2018-01-20,14.26,154
2011EDUA01,Eduard Esteban García Domínguez,2018-03-03,12.62,155
2011EDUA01,Eduard Esteban García Domínguez,2018-03-03,12.2,156
2011EDUA01,Eduard Esteban García Domínguez,2018-03-03,14.33,157
2011EDUA01,Eduard Esteban García Domínguez,2018-03-10,14.78,158
2011EDUA01,Eduard Esteban García Domínguez,2018-03-10,14.53,159
2011EDUA01,Eduard Esteban García Domínguez,2018-03-10,13.67,160
2011EDUA01,Eduard Esteban García Domínguez,2018-04-22,13.61,161
2011EDUA01,Eduard Esteban García Domínguez,2018-04-22,14.44,162
2011EDUA01,Eduard Esteban García Domínguez,2018-06-16,14.7,163
2011EDUA01,Eduard Esteban García Domínguez,2018-06-16,14.63,164
2011EDUA01,Eduard Esteban García Domínguez,2018-07-20,14.49,165
2011EDUA01,Eduard Esteban García Domínguez,2018-07-20,14.46,166
2011EDUA01,Eduard Esteban García Domínguez,2018-07-20,14.68,167
2011EDUA01,Eduard Esteban García Domínguez,2018-09-15,14.0,168
2011EDUA01,Eduard Esteban García Domínguez,2018-09-15,14.44,169
2011EDUA01,Eduard Esteban García Domínguez,2018-09-22,12.82,170
2011EDUA01,Eduard Esteban García Domínguez,2018-09-22,12.61,171
2011EDUA01,Eduard Esteban García Domínguez,2018-09-22,12.9,172
2011EDUA01,Eduard Esteban García Domínguez,2018-11-17,14.46,173
2011EDUA01,Eduard Esteban García Domínguez,2018-11-17,13.38,174
2011EDUA01,Eduard Esteban García Domínguez,2018-11-17,14.19,175
2011EDUA01,Eduard Esteban García Domínguez,2018-12-01,12.14,176
2011EDUA01,Eduard Esteban García Domínguez,2018-12-01,13.37,177
2011EDUA01,Eduard Esteban García Domínguez,2018-12-01,14.08,178
2011EDUA01,Eduard Esteban García Domínguez,2018-12-08,15.01,179
2011EDUA01,Eduard Esteban García Domínguez,2018-12-08,14.0,180
2011EDUA01,Eduard Esteban García Domínguez,2018-12-08,13.84,181
2011EDUA01,Eduard Esteban García Domínguez,2019-02-02,14.77,182
2011EDUA01,Eduard Esteban García Domínguez,2019-02-02,13.3,183
2011EDUA01,Eduard Esteban García Domínguez,2019-03-03,12.83,184
2011EDUA01,Eduard Esteban García Domínguez,2019-03-03,13.91,185
2011EDUA01,Eduard Esteban García Domínguez,2019-03-03,13.82,186
2011EDUA01,Eduard Esteban García Domínguez,2019-03-24,13.03,187
2011EDUA01,Eduard Esteban García Domínguez,2019-03-24,13.51,188
2011EDUA01,Eduard Esteban García Domínguez,2019-03-24,13.01,189
2011EDUA01,Eduard Esteban García Domínguez,2019-03-31,13.46,190
2011EDUA01,Eduard Esteban García Domínguez,2019-03-31,14.78,191
2011EDUA01,Eduard Esteban García Domínguez,2019-03-31,11.56,192
2011EDUA01,Eduard Esteban García Domínguez,2019-04-13,12.9,193
2011EDUA01,Eduard Esteban García Domínguez,2019-04-13,14.1,194
2011EDUA01,Eduard Esteban García Domínguez,2019-05-26,12.58,195
2011EDUA01,Eduard Esteban García Domínguez,2019-06-01,13.41,196
2011EDUA01,Eduard Esteban García Domínguez,2019-06-01,14.09,197
2011EDUA01,Eduard Esteban García Domínguez,2019-06-01,18.18,198
2011EDUA01,Eduard Esteban García Domínguez,2019-06-16,13.28,199
2011EDUA01,Eduard Esteban García Domínguez,2019-06-16,13.12,200
2011EDUA01,Eduard Esteban García Domínguez,2019-06-22,13.18,201
2011EDUA01,Eduard Esteban García Domínguez,2019-06-22,12.77,202
2011EDUA01,Eduard Esteban García Domínguez,2019-06-22,16.09,203
2011EDUA01,Eduard Esteban García Domínguez,2019-07-19,13.72,204
2011EDUA01,Eduard Esteban García Domínguez,2019-07-19,13.45,205
2011EDUA01,Eduard Esteban García Domínguez,2019-08-03,13.98,206
2011EDUA01,Eduard Esteban García Domínguez,2019-08-03,13.63,207
2011EDUA01,Eduard Esteban García Domínguez,2019-08-03,13.52,208
2011EDUA01,Eduard Esteban García Domínguez,2019-08-18,12.27,209
2011EDUA01,Eduard Esteban García Domínguez,2019-08-18,14.32,210
2011EDUA01,Eduard Esteban García Domínguez,2019-09-14,13.53,211
2011EDUA01,Eduard Esteban García Domínguez,2019-09-14,12.07,212
2011EDUA01,Eduard Esteban García Domínguez,2019-09-14,12.92,213
2011EDUA01,Eduard Esteban García Domínguez,2019-09-29,13.13,214
2011EDUA01,Eduard Esteban García Domínguez,2019-09-29,12.03,215
2011EDUA01,Eduard Esteban García Domínguez,2019-09-29,12.34,216
2011EDUA01,Eduard Esteban García Domínguez,2019-10-05,14.45,217
2011EDUA01,Eduard Esteban García Domínguez,2019-10-05,13.02,218
2011EDUA01,Eduard Esteban García Domínguez,2019-10-05,11.57,219
2011EDUA01,Eduard Esteban García Domínguez,2019-10-19,13.22,220
2011EDUA01,Eduard Esteban García Domínguez,2019-10-19,13.61,221
2011EDUA01,Eduard Esteban García Domínguez,2019-10-19,12.59,222
2011EDUA01,Eduard Esteban García Domínguez,2019-10-26,13.79,223
2011EDUA01,Eduard Esteban García Domínguez,2019-10-26,14.38,224
2011EDUA01,Eduard Esteban García Domínguez,2019-11-03,12.69,225
2011EDUA01,Eduard Esteban García Domínguez,2019-11-03,13.18,226
2011EDUA01,Eduard Esteban García Domínguez,2019-11-03,12.83,227
2011EDUA01,Eduard Esteban García Domínguez,2019-11-16,12.48,228
2011EDUA01,Eduard Esteban García Domínguez,2019-11-16,13.05,229
2011EDUA01,Eduard Esteban García Domínguez,2019-11-16,12.8,230
2011EDUA01,Eduard Esteban García Domínguez,2019-12-15,13.66,231
2011EDUA01,Eduard Esteban García Domínguez,2019-12-15,12.98,232
2011EDUA01,Eduard Esteban García Domínguez,2019-12-15,14.16,233
2011EDUA01,Eduard Esteban García Domínguez,2020-01-11,12.59,234
2011EDUA01,Eduard Esteban García Domínguez,2020-01-11,13.28,235
2011EDUA01,Eduard Esteban García Domínguez,2020-01-11,14.17,236
2011EDUA01,Eduard Esteban García Domínguez,2020-01-18,13.39,237
2011EDUA01,Eduard Esteban García Domínguez,2020-01-18,15.72,238
2011EDUA01,Eduard Esteban García Domínguez,2020-02-22,13.94,239
2011EDUA01,Eduard Esteban García Domínguez,2020-02-22,12.68,240
2011EDUA01,Eduard Esteban García Domínguez,2020-02-22,14.71,241
2011EDUA01,Eduard Esteban García Domínguez,2020-03-07,14.9,242
2011EDUA01,Eduard Esteban García Domínguez,2020-03-07,12.52,243
2011EDUA01,Eduard Esteban García Domínguez,2020-03-07,14.9,244
2011EDUA01,Eduard Esteban García Domínguez,2021-10-02,12.24,245
2011EDUA01,Eduard Esteban García Domínguez,2021-10-02,13.35,246
2011EDUA01,Eduard Esteban García Domínguez,2021-11-13,12.68,247
2011EDUA01,Eduard Esteban García Domínguez,2021-11-13,13.55,248
2011EDUA01,Eduard Esteban García Domínguez,2021-12-18,13.1,249
2011EDUA01,Eduard Esteban García Domínguez,2021-12-18,13.92,250
2011EDUA01,Eduard Esteban García Domínguez,2022-01-29,13.21,251
2011EDUA01,Eduard Esteban García Domínguez,2022-01-29,12.54,252
2011EDUA01,Eduard Esteban García Domínguez,2022-01-29,12.74,253
2011EDUA01,Eduard Esteban García Domínguez,2022-02-26,12.71,254
2011EDUA01,Eduard Esteban García Domínguez,2022-02-26,13.24,255
2011EDUA01,Eduard Esteban García Domínguez,2022-03-20,15.96,256
2011EDUA01,Eduard Esteban García Domínguez,2022-03-20,14.12,257
2011EDUA01,Eduard Esteban García Domínguez,2022-05-15,11.29,258
2011EDUA01,Eduard Esteban García Domínguez,2022-05-15,12.79,259
2011EDUA01,Eduard Esteban García Domínguez,2022-05-15,14.22,260
2011EDUA01,Eduard Esteban García Domínguez,2022-06-04,12.45,261
2011EDUA01,Eduard Esteban García Domínguez,2022-06-04,13.35,262
2011EDUA01,Eduard Esteban García Domínguez,2022-06-04,14.09,263
2011EDUA01,Eduard Esteban García Domínguez,2022-06-26,12.08,264
2011EDUA01,Eduard Esteban García Domínguez,2022-06-26,13.18,265
2011EDUA01,Eduard Esteban García Domínguez,2022-07-16,12.42,266
2011EDUA01,Eduard Esteban García Domínguez,2022-07-16,12.8,267
2011EDUA01,Eduard Esteban García Domínguez,2022-07-16,12.45,268
2011EDUA01,Eduard Esteban García Domínguez,2022-07-22,14.63,269
2011EDUA01,Eduard Esteban García Domínguez,2022-07-22,12.58,270
2011EDUA01,Eduard Esteban García Domínguez,2022-07-31,13.54,271
2011EDUA01,Eduard Esteban García Domínguez,2022-07-31,12.4,272
2011EDUA01,Eduard Esteban García Domínguez,2022-07-31,12.71,273
2011EDUA01,Eduard Esteban García Domínguez,2022-08-06,11.71,274
2011EDUA01,Eduard Esteban García Domínguez,2022-08-06,13.28,275
2011EDUA01,Eduard Esteban García Domínguez,2022-08-06,13.48,276
2011EDUA01,Eduard Esteban García Domínguez,2022-08-27,14.99,277
2011EDUA01,Eduard Esteban García Domínguez,2022-08-27,13.78,278
2011EDUA01,Eduard Esteban García Domínguez,2022-09-04,12.52,279
2011EDUA01,Eduard Esteban García Domínguez,2022-09-04,11.69,280
2011EDUA01,Eduard Esteban García Domínguez,2022-09-04,14.36,281
2011EDUA01,Eduard Esteban García Domínguez,2022-09-17,14.33,282
2011EDUA01,Eduard Esteban García Domínguez,2022-09-17,13.21,283
2011EDUA01,Eduard Esteban García Domínguez,2022-09-24,12.71,284
2011EDUA01,Eduard Esteban García Domínguez,2022-09-24,13.1,285
2011EDUA01,Eduard Esteban García Domínguez,2022-10-22,13.31,286
2011EDUA01,Eduard Esteban García Domínguez,2022-10-22,12.96,287
2011EDUA01,Eduard Esteban García Domínguez,2022-10-22,15.38,288
2011EDUA01,Eduard Esteban García Domínguez,2022-11-05,13.26,289
2011EDUA01,Eduard Esteban García Domínguez,2022-11-05,12.13,290
2011EDUA01,Eduard Esteban García Domínguez,2022-11-05,12.4,291
2011EDUA01,Eduard Esteban García Domínguez,2022-11-19,13.68,292
2011EDUA01,Eduard Esteban García Domínguez,2022-11-19,13.45,293
2011EDUA01,Eduard Esteban García Domínguez,2022-11-19,13.04,294
2011EDUA01,Eduard Esteban García Domínguez,2022-11-20,14.29,295
2011EDUA01,Eduard Esteban García Domínguez,2022-11-20,13.73,296
2011EDUA01,Eduard Esteban García Domínguez,2022-11-20,15.5,297
2011EDUA01,Eduard Esteban García Domínguez,2022-11-27,12.09,298
2011EDUA01,Eduard Esteban García Domínguez,2022-11-27,13.41,299
2011EDUA01,Eduard Esteban García Domínguez,2022-12-03,13.09,300
2011EDUA01,Eduard Esteban García Domínguez,2022-12-03,12.67,301
2011EDUA01,Eduard Esteban García Domínguez,2022-12-03,12.67,302
2011EDUA01,Eduard Esteban García Domínguez,2023-01-07,11.9,303
2011EDUA01,Eduard Esteban García Domínguez,2023-01-07,13.18,304
2011EDUA01,Eduard Esteban García Domínguez,2023-01-07,12.8,305
2011EDUA01,Eduard Esteban García Domínguez,2023-01-21,12.48,306
2011EDUA01,Eduard Esteban García Domínguez,2023-01-21,13.28,307
2011EDUA01,Eduard Esteban García Domínguez,2023-01-28,13.22,308
2011EDUA01,Eduard Esteban García Domínguez,2023-01-28,14.66,309
2011EDUA01,Eduard Esteban García Domínguez,2023-01-28,15.66,310
2011EDUA01,Eduard Esteban García Domínguez,2023-01-29,13.88,311
2011EDUA01,Eduard Esteban García Domínguez,2023-01-29,12.35,312
2011EDUA01,Eduard Esteban García Domínguez,2023-01-29,13.11,313
2011EDUA01,Eduard Esteban García Domínguez,2023-02-04,12.14,314
2011EDUA01,Eduard Esteban García Domínguez,2023-02-04,13.5,315
2011EDUA01,Eduard Esteban García Domínguez,2023-02-11,13.46,316
2011EDUA01,Eduard Esteban García Domínguez,2023-02-11,14.82,317
2011EDUA01,Eduard Esteban García Domínguez,2023-02-11,14.82,318
2011EDUA01,Eduard Esteban García Domínguez,2023-02-12,14.84,319
2011EDUA01,Eduard Esteban García Domínguez,2023-02-12,15.06,320
2011EDUA01,Eduard Esteban García Domínguez,2023-02-25,12.95,321
2011EDUA01,Eduard Esteban García Domínguez,2023-02-25,13.95,322
2011EDUA01,Eduard Esteban García Domínguez,2023-02-26,13.84,323
2011EDUA01,Eduard Esteban García Domínguez,2023-02-26,14.3,324
2011EDUA01,Eduard Esteban García Domínguez,2023-02-26,13.78,325
2011EDUA01,Eduard Esteban García Domínguez,2023-03-18,13.44,326
2011EDUA01,Eduard Esteban García Domínguez,2023-03-18,12.82,327
2011EDUA01,Eduard Esteban García Domínguez,2023-03-19,12.84,328
2011EDUA01,Eduard Esteban García Domínguez,2023-03-19,12.68,329
2011EDUA01,Eduard Esteban García Domínguez,2023-03-19,13.78,330
2011EDUA01,Eduard Esteban García Domínguez,2023-03-26,13.87,331
2011EDUA01,Eduard Esteban García Domínguez,2023-03-26,12.41,332
2011EDUA01,Eduard Esteban García Domínguez,2023-04-01,13.82,333
2011EDUA01,Eduard Esteban García Domínguez,2023-04-01,12.1,334
2011EDUA01,Eduard Esteban García Domínguez,2023-04-01,13.18,335
2011EDUA01,Eduard Esteban García Domínguez,2023-04-02,13.34,336
2011EDUA01,Eduard Esteban García Domínguez,2023-04-02,12.81,337
2011EDUA01,Eduard Esteban García Domínguez,2023-04-16,12.45,338
2011EDUA01,Eduard Esteban García Domínguez,2023-04-16,14.71,339
2011EDUA01,Eduard Esteban García Domínguez,2023-04-16,13.4,340
2011EDUA01,Eduard Esteban García Domínguez,2023-05-06,14.28,341
2011EDUA01,Eduard Esteban García Domínguez,2023-05-06,14.2,342
2011EDUA01,Eduard Esteban García Domínguez,2023-05-06,12.54,343
2011EDUA01,Eduard Esteban García Domínguez,2023-05-07,14.02,344
2011EDUA01,Eduard Esteban García Domínguez,2023-05-07,13.59,345
2011EDUA01,Eduard Esteban García Domínguez,2023-05-07,12.67,346
2011EDUA01,Eduard Esteban García Domínguez,2023-05-13,10.7,347
2011EDUA01,Eduard Esteban García Domínguez,2023-05-13,12.65,348
2011EDUA01,Eduard Esteban García Domínguez,2023-05-13,12.5,349
2011EDUA01,Eduard Esteban García Domínguez,2023-05-20,11.13,350
2011EDUA01,Eduard Esteban García Domínguez,2023-05-20,13.41,351
2011EDUA01,Eduard Esteban García Domínguez,2023-05-20,12.09,352
2011EDUA01,Eduard Esteban García Domínguez,2023-06-03,11.51,353
2011EDUA01,Eduard Esteban García Domínguez,2023-06-03,12.61,354
2011EDUA01,Eduard Esteban García Domínguez,2023-06-03,12.81,355
2011EDUA01,Eduard Esteban García Domínguez,2023-06-04,15.7,356
2011EDUA01,Eduard Esteban García Domínguez,2023-06-04,12.34,357
2011EDUA01,Eduard Esteban García Domínguez,2023-06-04,13.75,358
2011EDUA01,Eduard Esteban García Domínguez,2023-06-24,13.6,359
2011EDUA01,Eduard Esteban García Domínguez,2023-06-24,13.02,360
2011EDUA01,Eduard Esteban García Domínguez,2023-06-24,12.53,361
2011EDUA01,Eduard Esteban García Domínguez,2023-06-25,12.69,362
2011EDUA01,Eduard Esteban García Domínguez,2023-06-25,11.86,363
2011EDUA01,Eduard Esteban García Domínguez,2023-06-25,13.19,364
2011EDUA01,Eduard Esteban García Domínguez,2023-07-01,12.81,365
2011EDUA01,Eduard Esteban García Domínguez,2023-07-01,11.96,366
2011EDUA01,Eduard Esteban García Domínguez,2023-07-01,12.49,367
2011EDUA01,Eduard Esteban García Domínguez,2023-07-02,12.91,368
2011EDUA01,Eduard Esteban García Domínguez,2023-07-02,12.24,369
2011EDUA01,Eduard Esteban García Domínguez,2023-07-15,12.19,370
2011EDUA01,Eduard Esteban García Domínguez,2023-07-15,14.15,371
2011EDUA01,Eduard Esteban García Domínguez,2023-07-15,13.17,372
2011EDUA01,Eduard Esteban García Domínguez,2023-07-16,12.14,373
2011EDUA01,Eduard Esteban García Domínguez,2023-07-16,10.74,374
2011EDUA01,Eduard Esteban García Domínguez,2023-07-16,11.87,375
2011EDUA01,Eduard Esteban García Domínguez,2023-07-22,13.5,376
2011EDUA01,Eduard Esteban García Domínguez,2023-07-22,12.16,377
2011EDUA01,Eduard Esteban García Domínguez,2023-07-22,12.69,378
2011EDUA01,Eduard Esteban García Domínguez,2023-07-23,13.59,379
2011EDUA01,Eduard Esteban García Domínguez,2023-07-23,12.09,380
2011EDUA01,Eduard Esteban García Domínguez,2023-07-23,12.86,381
2011EDUA01,Eduard Esteban García Domínguez,2023-08-04,14.11,382
2011EDUA01,Eduard Esteban García Domínguez,2023-08-04,12.96,383
2011EDUA01,Eduard Esteban García Domínguez,2023-08-12,12.95,384
2011EDUA01,Eduard Esteban García Domínguez,2023-08-19,12.56,385
2011EDUA01,Eduard Esteban García Domínguez,2023-08-26,12.49,386
2011EDUA01,Eduard Esteban García Domínguez,2023-09-16,12.17,387
2011EDUA01,Eduard Esteban García Domínguez,2023-09-16,12.38,388
2011EDUA01,Eduard Esteban García Domínguez,2023-09-16,11.98,389
2011EDUA01,Eduard Esteban García Domínguez,2023-09-17,12.38,390
2011EDUA01,Eduard Esteban García Domínguez,2023-09-17,12.35,391
2011EDUA01,Eduard Esteban García Domínguez,2023-09-17,14.17,392
2011EDUA01,Eduard Esteban García Domínguez,2023-09-23,11.97,393
2011EDUA01,Eduard Esteban García Domínguez,2023-09-23,11.73,394
2011EDUA01,Eduard Esteban García Domínguez,2023-09-23,12.07,395
2011EDUA01,Eduard Esteban García Domínguez,2023-09-24,12.6,396
2011EDUA01,Eduard Esteban García Domínguez,2023-09-24,12.25,397
2011EDUA01,Eduard Esteban García Domínguez,2023-09-24,12.8,398
2011EDUA01,Eduard Esteban García Domínguez,2023-09-30,12.4,399
2011EDUA01,Eduard Esteban García Domínguez,2023-09-30,13.61,400
2011EDUA01,Eduard Esteban García Domínguez,2023-10-21,12.31,401
2011EDUA01,Eduard Esteban García Domínguez,2023-10-21,13.14,402
2011EDUA01,Eduard Esteban García Domínguez,2023-10-21,12.41,403
2011EDUA01,Eduard Esteban García Domínguez,2023-10-22,12.35,404
2011EDUA01,Eduard Esteban García Domínguez,2023-10-22,12.72,405
2011EDUA01,Eduard Esteban García Domínguez,2023-10-22,11.22,406
2011EDUA01,Eduard Esteban García Domínguez,2023-10-22,13.32,407
2011EDUA01,Eduard Esteban García Domínguez,2023-10-28,12.45,408
2011EDUA01,Eduard Esteban García Domínguez,2023-10-28,13.86,409
2011EDUA01,Eduard Esteban García Domínguez,2023-10-28,14.52,410
2011EDUA01,Eduard Esteban García Domínguez,2023-11-05,12.61,411
2011EDUA01,Eduard Esteban García Domínguez,2023-11-05,12.71,412
2011EDUA01,Eduard Esteban García Domínguez,2023-11-05,13.74,413
2011EDUA01,Eduard Esteban García Domínguez,2023-11-06,11.84,414
2011EDUA01,Eduard Esteban García Domínguez,2023-11-06,12.45,415
2011EDUA01,Eduard Esteban García Domínguez,2023-11-06,12.14,416
2011EDUA01,Eduard Esteban García Domínguez,2023-11-11,12.86,417
2011EDUA01,Eduard Esteban García Domínguez,2023-11-11,11.99,418
2011EDUA01,Eduard Esteban García Domínguez,2023-11-11,10.94,419
2011EDUA01,Eduard Esteban García Domínguez,2023-11-12,12.98,420
2011EDUA01,Eduard Esteban García Domínguez,2023-11-12,13.34,421
2011EDUA01,Eduard Esteban García Domínguez,2023-11-12,12.32,422
2011EDUA01,Eduard Esteban García Domínguez,2023-11-13,12.24,423
2011EDUA01,Eduard Esteban García Domínguez,2023-11-13,12.04,424
2011EDUA01,Eduard Esteban García Domínguez,2023-11-13,12.89,425
2011EDUA01,Eduard Esteban García Domínguez,2023-11-18,12.34,426
2011EDUA01,Eduard Esteban García Domínguez,2023-11-18,11.78,427
2011EDUA01,Eduard Esteban García Domínguez,2023-11-18,12.29,428
2011EDUA01,Eduard Esteban García Domínguez,2023-11-19,13.63,429
2011EDUA01,Eduard Esteban García Domínguez,2023-11-19,12.87,430
2011EDUA01,Eduard Esteban García Domínguez,2023-11-19,11.79,431
2011EDUA01,Eduard Esteban García Domínguez,2023-11-19,12.8,432
2011EDUA01,Eduard Esteban García Domínguez,2023-11-26,13.13,433
2011EDUA01,Eduard Esteban García Domínguez,2023-11-26,13.4,434
2011EDUA01,Eduard Esteban García Domínguez,2023-11-26,12.11,435
2011EDUA01,Eduard Esteban García Domínguez,2023-12-02,13.3,436
2011EDUA01,Eduard Esteban García Domínguez,2023-12-02,13.27,437
2011EDUA01,Eduard Esteban García Domínguez,2023-12-02,12.51,438
2011EDUA01,Eduard Esteban García Domínguez,2023-12-03,11.82,439
2011EDUA01,Eduard Esteban García Domínguez,2023-12-03,11.73,440
2011EDUA01,Eduard Esteban García Domínguez,2023-12-03,12.16,441
2011EDUA01,Eduard Esteban García Domínguez,2023-12-10,12.62,442
2011EDUA01,Eduard Esteban García Domínguez,2023-12-10,12.59,443
2011EDUA01,Eduard Esteban García Domínguez,2023-12-10,12.66,444
2011EDUA01,Eduard Esteban García Domínguez,2023-12-16,11.16,445
2011EDUA01,Eduard Esteban García Domínguez,2023-12-16,13.65,446
2011EDUA01,Eduard Esteban García Domínguez,2023-12-16,14.04,447
2011EDUA01,Eduard Esteban García Domínguez,2023-12-17,11.76,448
2011EDUA01,Eduard Esteban García Domínguez,2023-12-17,12.23,449
2011EDUA01,Eduard Esteban García Domínguez,2023-12-17,12.69,450
2011EDUA01,Eduard Esteban García Domínguez,2023-12-17,12.72,451
2011EDUA01,Eduard Esteban García Domínguez,2023-12-23,12.44,452
2011EDUA01,Eduard Esteban García Domínguez,2023-12-23,12.25,453
2011EDUA01,Eduard Esteban García Domínguez,2023-12-23,13.08,454
2011EDUA01,Eduard Esteban García Domínguez,2024-01-07,11.76,455
2011EDUA01,Eduard Esteban García Domínguez,2024-01-07,13.41,456
2011EDUA01,Eduard Esteban García Domínguez,2024-01-21,12.31,457
2011EDUA01,Eduard Esteban García Domínguez,2024-01-21,12.8,458
2011EDUA01,Eduard Esteban García Domínguez,2024-01-21,11.82,459
2011EDUA01,Eduard Esteban García Domínguez,2024-01-21,12.97,460
2011EDUA01,Eduard Esteban García Domínguez,2024-01-27,14.28,461
2011EDUA01,Eduard Esteban García Domínguez,2024-01-27,12.74,462
2011EDUA01,Eduard Esteban García Domínguez,2024-01-27,12.97,463
2011EDUA01,Eduard Esteban García Domínguez,2024-01-28,15.07,464
2011EDUA01,Eduard Esteban García Domínguez,2024-01-28,13.61,465
2011EDUA01,Eduard Esteban García Domínguez,2024-01-28,14.72,466
2011EDUA01,Eduard Esteban García Domínguez,2024-02-03,11.64,467
2011EDUA01,Eduard Esteban García Domínguez,2024-02-03,12.56,468
2011EDUA01,Eduard Esteban García Domínguez,2024-02-03,12.16,469
2011EDUA01,Eduard Esteban García Domínguez,2024-02-04,12.2,470
2011EDUA01,Eduard Esteban García Domínguez,2024-02-04,11.85,471
2011EDUA01,Eduard Esteban García Domínguez,2024-02-04,11.11,472
2011EDUA01,Eduard Esteban García Domínguez,2024-02-04,13.12,473
2011EDUA01,Eduard Esteban García Domínguez,2024-02-10,13.13,474
2011EDUA01,Eduard Esteban García Domínguez,2024-02-10,13.78,475
2011EDUA01,Eduard Esteban García Domínguez,2024-02-11,14.09,476
2011EDUA01,Eduard Esteban García Domínguez,2024-02-11,12.66,477
2011EDUA01,Eduard Esteban García Domínguez,2024-02-11,13.12,478
2011EDUA01,Eduard Esteban García Domínguez,2024-02-18,13.04,479
2011EDUA01,Eduard Esteban García Domínguez,2024-02-18,11.48,480
2011EDUA01,Eduard Esteban García Domínguez,2024-02-18,12.78,481
2011EDUA01,Eduard Esteban García Domínguez,2024-02-24,13.34,482
2011EDUA01,Eduard Esteban García Domínguez,2024-02-24,11.9,483
2011EDUA01,Eduard Esteban García Domínguez,2024-02-24,11.52,484
2011EDUA01,Eduard Esteban García Domínguez,2024-02-25,11.2,485
2011EDUA01,Eduard Esteban García Domínguez,2024-02-25,13.62,486
2011EDUA01,Eduard Esteban García Domínguez,2024-02-25,12.86,487
2011EDUA01,Eduard Esteban García Domínguez,2024-03-09,13.73,488
2011EDUA01,Eduard Esteban García Domínguez,2024-03-09,13.62,489
2011EDUA01,Eduard Esteban García Domínguez,2024-03-09,11.99,490
2011EDUA01,Eduard Esteban García Domínguez,2024-03-10,11.18,491
2011EDUA01,Eduard Esteban García Domínguez,2024-03-10,13.02,492
2011EDUA01,Eduard Esteban García Domínguez,2024-03-10,12.02,493
2011EDUA01,Eduard Esteban García Domínguez,2024-03-16,13.2,494
2011EDUA01,Eduard Esteban García Domínguez,2024-03-16,12.78,495
2011EDUA01,Eduard Esteban García Domínguez,2024-03-16,11.87,496
2011EDUA01,Eduard Esteban García Domínguez,2024-03-17,12.93,497
2011EDUA01,Eduard Esteban García Domínguez,2024-03-17,13.47,498
2011EDUA01,Eduard Esteban García Domínguez,2024-03-23,11.61,499
2011EDUA01,Eduard Esteban García Domínguez,2024-03-23,12.87,500
2011EDUA01,Eduard Esteban García Domínguez,2024-03-23,12.74,501
2011EDUA01,Eduard Esteban García Domínguez,2024-04-07,12.09,502
2011EDUA01,Eduard Esteban García Domínguez,2024-04-13,12.51,503
2011EDUA01,Eduard Esteban García Domínguez,2024-04-13,12.66,504
2011EDUA01,Eduard Esteban García Domínguez,2024-04-13,12.67,505
2011EDUA01,Eduard Esteban García Domínguez,2024-04-14,11.14,506
2011EDUA01,Eduard Esteban García Domínguez,2024-04-14,12.29,507
2011EDUA01,Eduard Esteban García Domínguez,2024-04-14,12.71,508
2011EDUA01,Eduard Esteban García Domínguez,2024-04-20,11.86,509
2011EDUA01,Eduard Esteban García Domínguez,2024-04-20,12.03,510
2011EDUA01,Eduard Esteban García Domínguez,2024-04-20,12.0,511
2011EDUA01,Eduard Esteban García Domínguez,2024-04-21,14.72,512
2011EDUA01,Eduard Esteban García Domínguez,2024-04-21,11.93,513
2011EDUA01,Eduard Esteban García Domínguez,2024-04-21,11.92,514
2011EDUA01,Eduard Esteban García Domínguez,2024-05-04,12.31,515
2011EDUA01,Eduard Esteban García Domínguez,2024-05-04,11.84,516
2011EDUA01,Eduard Esteban García Domínguez,2024-05-04,12.74,517
2011EDUA01,Eduard Esteban García Domínguez,2024-05-05,12.6,518
2011EDUA01,Eduard Esteban García Domínguez,2024-05-05,12.31,519
2011EDUA01,Eduard Esteban García Domínguez,2024-05-05,12.52,520
2011EDUA01,Eduard Esteban García Domínguez,2024-05-12,12.34,521
2011EDUA01,Eduard Esteban García Domínguez,2024-05-12,12.84,522
2011EDUA01,Eduard Esteban García Domínguez,2024-05-12,12.27,523
2011EDUA01,Eduard Esteban García Domínguez,2024-05-25,13.13,524
2011EDUA01,Eduard Esteban García Domínguez,2024-05-25,13.28,525
2011EDUA01,Eduard Esteban García Domínguez,2024-05-25,13.36,526
2011EDUA01,Eduard Esteban García Domínguez,2024-05-26,13.9,527
2011EDUA01,Eduard Esteban García Domínguez,2024-05-26,12.79,528
2011EDUA01,Eduard Esteban García Domínguez,2024-05-26,12.73,529
2011EDUA01,Eduard Esteban García Domínguez,2024-06-02,14.73,530
2011EDUA01,Eduard Esteban García Domínguez,2024-06-02,12.43,531
2011EDUA01,Eduard Esteban García Domínguez,2024-06-02,12.28,532
2011EDUA01,Eduard Esteban García Domínguez,2024-06-03,11.86,533
2011EDUA01,Eduard Esteban García Domínguez,2024-06-03,12.78,534
2011EDUA01,Eduard Esteban García Domínguez,2024-06-03,12.63,535
2011EDUA01,Eduard Esteban García Domínguez,2024-06-08,14.19,536
2011EDUA01,Eduard Esteban García Domínguez,2024-06-08,12.53,537
2011EDUA01,Eduard Esteban García Domínguez,2024-06-08,13.8,538
2011EDUA01,Eduard Esteban García Domínguez,2024-06-09,13.57,539
2011EDUA01,Eduard Esteban García Domínguez,2024-06-09,11.18,540
2011EDUA01,Eduard Esteban García Domínguez,2024-06-09,13.02,541
2011EDUA01,Eduard Esteban García Domínguez,2024-06-10,13.1,542
2011EDUA01,Eduard Esteban García Domínguez,2024-06-10,12.19,543
2011EDUA01,Eduard Esteban García Domínguez,2024-06-10,12.23,544
2011EDUA01,Eduard Esteban García Domínguez,2024-06-16,12.75,545
2011EDUA01,Eduard Esteban García Domínguez,2024-06-16,11.9,546
2011EDUA01,Eduard Esteban García Domínguez,2024-06-16,11.87,547
2011EDUA01,Eduard Esteban García Domínguez,2024-06-29,11.96,548
2011EDUA01,Eduard Esteban García Domínguez,2024-06-29,13.39,549
2011EDUA01,Eduard Esteban García Domínguez,2024-06-29,13.12,550
2011EDUA01,Eduard Esteban García Domínguez,2024-06-30,12.41,551
2011EDUA01,Eduard Esteban García Domínguez,2024-06-30,12.98,552
2011EDUA01,Eduard Esteban García Domínguez,2024-06-30,11.06,553
2011EDUA01,Eduard Esteban García Domínguez,2024-07-07,12.42,554
2011EDUA01,Eduard Esteban García Domínguez,2024-07-07,16.36,555
2011EDUA01,Eduard Esteban García Domínguez,2024-07-07,13.95,556
2011EDUA01,Eduard Esteban García Domínguez,2024-07-13,13.85,557
2011EDUA01,Eduard Esteban García Domínguez,2024-07-13,12.2,558
2011EDUA01,Eduard Esteban García Domínguez,2024-07-13,13.34,559
2011EDUA01,Eduard Esteban García Domínguez,2024-07-21,13.19,560
2011EDUA01,Eduard Esteban García Domínguez,2024-07-21,12.15,561
2011EDUA01,Eduard Esteban García Domínguez,2024-07-21,12.26,562
2011EDUA01,Eduard Esteban García Domínguez,2024-07-28,11.64,563
2011EDUA01,Eduard Esteban García Domínguez,2024-07-28,13.41,564
2011EDUA01,Eduard Esteban García Domínguez,2024-07-28,12.13,565
2011EDUA01,Eduard Esteban García Domínguez,2024-08-03,12.11,566
2011EDUA01,Eduard Esteban García Domínguez,2024-08-03,12.51,567
2011EDUA01,Eduard Esteban García Domínguez,2024-08-03,13.51,568
2011EDUA01,Eduard Esteban García Domínguez,2024-08-03,13.97,569
2011EDUA01,Eduard Esteban García Domínguez,2024-08-03,12.36,570
2011EDUA01,Eduard Esteban García Domínguez,2024-08-03,12.56,571
2011EDUA01,Eduard Esteban García Domínguez,2024-08-17,12.37,572
2011EDUA01,Eduard Esteban García Domínguez,2024-08-17,15.24,573
2011EDUA01,Eduard Esteban García Domínguez,2024-08-17,12.89,574
2011EDUA01,Eduard Esteban García Domínguez,2024-08-18,12.72,575
2011EDUA01,Eduard Esteban García Domínguez,2024-08-18,12.35,576
2011EDUA01,Eduard Esteban García Domínguez,2024-08-18,11.6,577
2011EDUA01,Eduard Esteban García Domínguez,2024-08-24,15.05,578
2011EDUA01,Eduard Esteban García Domínguez,2024-08-24,13.52,579
2011EDUA01,Eduard Esteban García Domínguez,2024-08-24,13.83,580
2011EDUA01,Eduard Esteban García Domínguez,2024-08-25,14.28,581
2011EDUA01,Eduard Esteban García Domínguez,2024-08-25,13.67,582
2011EDUA01,Eduard Esteban García Domínguez,2024-08-25,11.64,583
2011EDUA01,Eduard Esteban García Domínguez,2024-08-31,12.54,584
2011EDUA01,Eduard Esteban García Domínguez,2024-08-31,13.66,585
2011EDUA01,Eduard Esteban García Domínguez,2024-08-31,14.42,586
2011EDUA01,Eduard Esteban García Domínguez,2024-09-01,13.79,587
2011EDUA01,Eduard Esteban García Domínguez,2024-09-01,13.82,588
2011EDUA01,Eduard Esteban García Domínguez,2024-09-01,12.75,589
2011EDUA01,Eduard Esteban García Domínguez,2024-09-07,13.39,590
2011EDUA01,Eduard Esteban García Domínguez,2024-09-07,12.2,591
2011EDUA01,Eduard Esteban García Domínguez,2024-09-07,12.94,592
2011EDUA01,Eduard Esteban García Domínguez,2024-09-08,12.78,593
2011EDUA01,Eduard Esteban García Domínguez,2024-09-08,13.31,594
2011EDUA01,Eduard Esteban García Domínguez,2024-09-08,12.26,595
2011EDUA01,Eduard Esteban García Domínguez,2024-09-14,15.15,596
2011EDUA01,Eduard Esteban García Domínguez,2024-09-14,12.56,597
2011EDUA01,Eduard Esteban García Domínguez,2024-09-14,13.34,598
2011EDUA01,Eduard Esteban García Domínguez,2024-09-15,12.76,599
2011EDUA01,Eduard Esteban García Domínguez,2024-09-15,12.25,600
2011EDUA01,Eduard Esteban García Domínguez,2024-09-15,13.08,601
2011EDUA01,Eduard Esteban García Domínguez,2024-09-21,14.46,602
2011EDUA01,Eduard Esteban García Domínguez,2024-09-21,12.24,603
2011EDUA01,Eduard Esteban García Domínguez,2024-09-21,15.42,604
2011EDUA01,Eduard Esteban García Domínguez,2024-09-22,12.32,605
2011EDUA01,Eduard Esteban García Domínguez,2024-09-22,12.68,606
2011EDUA01,Eduard Esteban García Domínguez,2024-09-22,13.13,607
2011EDUA01,Eduard Esteban García Domínguez,2024-09-28,16.1,608
2011EDUA01,Eduard Esteban García Domínguez,2024-09-28,12.23,609
2011EDUA01,Eduard Esteban García Domínguez,2024-09-28,12.53,610
2011EDUA01,Eduard Esteban García Domínguez,2024-09-29,12.48,611
2011EDUA01,Eduard Esteban García Domínguez,2024-09-29,12.18,612
2011EDUA01,Eduard Esteban García Domínguez,2024-09-29,11.75,613
2011EDUA01,Eduard Esteban García Domínguez,2024-10-05,11.26,614
2011EDUA01,Eduard Esteban García Domínguez,2024-10-05,12.21,615
2011EDUA01,Eduard Esteban García Domínguez,2024-10-05,13.34,616
2011EDUA01,Eduard Esteban García Domínguez,2024-10-06,13.13,617
2011EDUA01,Eduard Esteban García Domínguez,2024-10-06,11.24,618
2011EDUA01,Eduard Esteban García Domínguez,2024-10-06,13.62,619
2011EDUA01,Eduard Esteban García Domínguez,2024-10-19,11.27,620
2011EDUA01,Eduard Esteban García Domínguez,2024-10-19,13.43,621
2011EDUA01,Eduard Esteban García Domínguez,2024-10-20,12.91,622
2011EDUA01,Eduard Esteban García Domínguez,2024-10-20,13.42,623
2011EDUA01,Eduard Esteban García Domínguez,2024-10-27,12.51,624
2011EDUA01,Eduard Esteban García Domínguez,2024-10-27,14.0,625
2011EDUA01,Eduard Esteban García Domínguez,2024-11-09,14.3,626
2011EDUA01,Eduard Esteban García Domínguez,2024-11-09,12.69,627
2011EDUA01,Eduard Esteban García Domínguez,2024-11-09,12.45,628
2011EDUA01,Eduard Esteban García Domínguez,2024-11-23,12.66,629
2011EDUA01,Eduard Esteban García Domínguez,2024-11-23,11.74,630
2011EDUA01,Eduard Esteban García Domínguez,2024-11-23,13.5,631
2011EDUA01,Eduard Esteban García Domínguez,2024-11-24,13.02,632
2011EDUA01,Eduard Esteban García Domínguez,2024-11-24,14.21,633
2011EDUA01,Eduard Esteban García Domínguez,2024-11-24,13.91,634
2011EDUA01,Eduard Esteban García Domínguez,2024-12-01,13.86,635
2011EDUA01,Eduard Esteban García Domínguez,2024-12-01,11.95,636
2011EDUA01,Eduard Esteban García Domínguez,2024-12-01,11.87,637
2011EDUA01,Eduard Esteban García Domínguez,2024-12-13,13.39,638
2011EDUA01,Eduard Esteban García Domínguez,2024-12-13,13.63,639
2011EDUA01,Eduard Esteban García Domínguez,2024-12-15,14.77,640
2011EDUA01,Eduard Esteban García Domínguez,2024-12-15,12.42,641
2011EDUA01,Eduard Esteban García Domínguez,2025-01-11,11.63,642
2011EDUA01,Eduard Esteban García Domínguez,2025-01-11,16.06,643
2011EDUA01,Eduard Esteban García Domínguez,2025-01-19,12.59,644
2011EDUA01,Eduard Esteban García Domínguez,2025-01-19,12.36,645
2011EDUA01,Eduard Esteban García Domínguez,2025-01-19,12.68,646
2011EDUA01,Eduard Esteban García Domínguez,2025-01-25,12.69,647
2011EDUA01,Eduard Esteban García Domínguez,2025-01-25,12.61,648
2011EDUA01,Eduard Esteban García Domínguez,2025-01-25,13.53,649
2011EDUA01,Eduard Esteban García Domínguez,2025-02-02,14.27,650
2011EDUA01,Eduard Esteban García Domínguez,2025-02-02,11.79,651
2011EDUA01,Eduard Esteban García Domínguez,2025-02-02,11.0,652
2011EDUA01,Eduard Esteban García Domínguez,2025-02-08,12.89,653
2011EDUA01,Eduard Esteban García Domínguez,2025-02-08,12.32,654
2011EDUA01,Eduard Esteban García Domínguez,2025-02-15,13.29,655
2011EDUA01,Eduard Esteban García Domínguez,2025-02-15,12.3,656
2011EDUA01,Eduard Esteban García Domínguez,2025-02-15,12.85,657
2011EDUA01,Eduard Esteban García Domínguez,2025-03-01,12.26,658
2011EDUA01,Eduard Esteban García Domínguez,2025-03-01,11.65,659
2011EDUA01,Eduard Esteban García Domínguez,2025-03-01,12.22,660
2011EDUA01,Eduard Esteban García Domínguez,2025-03-02,13.85,661
2011EDUA01,Eduard Esteban García Domínguez,2025-03-02,14.82,662
2011EDUA01,Eduard Esteban García Domínguez,2025-03-08,11.92,663
2011EDUA01,Eduard Esteban García Domínguez,2025-03-08,13.86,664
2011EDUA01,Eduard Esteban García Domínguez,2025-03-08,11.14,665
2011EDUA01,Eduard Esteban García Domínguez,2025-03-15,14.0,666
2011EDUA01,Eduard Esteban García Domínguez,2025-03-15,13.16,667
2011EDUA01,Eduard Esteban García Domínguez,2025-03-15,11.5,668
2011EDUA01,Eduard Esteban García Domínguez,2025-03-30,12.96,669
2011EDUA01,Eduard Esteban García Domínguez,2025-03-30,13.28,670
2011EDUA01,Eduard Esteban García Domínguez,2025-04-05,11.94,671
2011EDUA01,Eduard Esteban García Domínguez,2025-04-05,13.64,672
2011EDUA01,Eduard Esteban García Domínguez,2025-04-05,13.78,673
2011EDUA01,Eduard Esteban García Domínguez,2025-04-12,12.89,674
2011EDUA01,Eduard Esteban García Domínguez,2025-04-12,11.98,675
2011EDUA01,Eduard Esteban García Domínguez,2025-04-12,11.95,676
2011EDUA01,Eduard Esteban García Domínguez,2025-04-13,12.19,677
2011EDUA01,Eduard Esteban García Domínguez,2025-04-13,12.9,678
2011EDUA01,Eduard Esteban García Domínguez,2025-04-13,13.36,679
2011EDUA01,Eduard Esteban García Domínguez,2025-04-19,13.08,680
2011EDUA01,Eduard Esteban García Domínguez,2025-04-19,13.23,681
2011EDUA01,Eduard Esteban García Domínguez,2025-04-19,12.29,682
2011EDUA01,Eduard Esteban García Domínguez,2025-04-20,12.12,683
2011EDUA01,Eduard Esteban García Domínguez,2025-04-20,12.86,684
2011EDUA01,Eduard Esteban García Domínguez,2025-04-26,12.79,685
2011EDUA01,Eduard Esteban García Domínguez,2025-04-26,11.27,686
2011EDUA01,Eduard Esteban García Domínguez,2025-04-26,13.12,687
2011EDUA01,Eduard Esteban García Domínguez,2025-05-17,12.95,688
2011EDUA01,Eduard Esteban García Domínguez,2025-05-17,11.35,689
2011EDUA01,Eduard Esteban García Domínguez,2025-05-17,13.42,690
2011EDUA01,Eduard Esteban García Domínguez,2025-05-18,14.0,691
2011EDUA01,Eduard Esteban García Domínguez,2025-05-18,12.56,692
2011EDUA01,Eduard Esteban García Domínguez,2025-05-24,12.33,693
2011EDUA01,Eduard Esteban García Domínguez,2025-05-25,11.75,694
2011EDUA01,Eduard Esteban García Domínguez,2025-05-25,14.02,695
2011EDUA01,Eduard Esteban García Domínguez,2025-05-25,12.77,696
2011EDUA01,Eduard Esteban García Domínguez,2025-05-31,12.27,697
2011EDUA01,Eduard Esteban García Domínguez,2025-05-31,13.95,698
2011EDUA01,Eduard Esteban García Domínguez,2025-05-31,15.1,699
2011EDUA01,Eduard Esteban García Domínguez,2025-06-01,13.07,700
2011EDUA01,Eduard Esteban García Domínguez,2025-06-01,12.02,701
2011EDUA01,Eduard Esteban García Domínguez,2025-06-01,12.97,702
2011EDUA01,Eduard Esteban García Domínguez,2025-06-02,11.92,703
2011EDUA01,Eduard Esteban García Domínguez,2025-06-02,14.54,704
2011EDUA01,Eduard Esteban García Domínguez,2025-06-07,14.17,705
2011EDUA01,Eduard Esteban García Domínguez,2025-06-07,11.76,706
2011EDUA01,Eduard Esteban García Domínguez,2025-06-08,11.93,707
2011EDUA01,Eduard Esteban García Domínguez,2025-06-08,13.29,708
2011EDUA01,Eduard Esteban García Domínguez,2025-06-14,12.26,709
2011EDUA01,Eduard Esteban García Domínguez,2025-06-14,12.05,710
2011EDUA01,Eduard Esteban García Domínguez,2025-06-14,13.56,711
2011EDUA01,Eduard Esteban García Domínguez,2025-06-15,13.02,712
2011EDUA01,Eduard Esteban García Domínguez,2025-06-15,12.82,713
2011EDUA01,Eduard Esteban García Domínguez,2025-07-03,13.73,714
2011EDUA01,Eduard Esteban García Domínguez,2025-07-12,12.04,715
2011EDUA01,Eduard Esteban García Domínguez,2025-07-12,11.75,716
2011EDUA01,Eduard Esteban García Domínguez,2025-07-12,12.39,717
2011EDUA01,Eduard Esteban García Domínguez,2025-07-20,12.44,718
2011EDUA01,Eduard Esteban García Domínguez,2025-07-20,11.91,719
2011EDUA01,Eduard Esteban García Domínguez,2025-07-27,12.97,720
2011EDUA01,Eduard Esteban García Domínguez,2025-07-27,12.59,721
2011EDUA01,Eduard Esteban García Domínguez,2025-08-03,12.11,722
2011EDUA01,Eduard Esteban García Domínguez,2025-08-03,12.52,723
2011EDUA01,Eduard Esteban García Domínguez,2025-08-16,12.7,724
2011EDUA01,Eduard Esteban García Domínguez,2025-08-16,12.91,725
2011EDUA01,Eduard Esteban García Domínguez,2025-08-16,12.68,726
2011EDUA01,Eduard Esteban García Domínguez,2025-08-23,13.42,727
2011EDUA01,Eduard Esteban García Domínguez,2025-08-23,13.21,728
2011EDUA01,Eduard Esteban García Domínguez,2025-08-30,14.31,729
2011EDUA01,Eduard Esteban García Domínguez,2025-08-30,13.08,730
2011EDUA01,Eduard Esteban García Domínguez,2025-08-31,12.15,731
2011EDUA01,Eduard Esteban García Domínguez,2025-08-31,11.46,732
2011EDUA01,Eduard Esteban García Domínguez,2025-09-06,11.97,733
2011EDUA01,Eduard Esteban García Domínguez,2025-09-06,12.92,734
2011EDUA01,Eduard Esteban García Domínguez,2025-09-06,13.04,735
2011EDUA01,Eduard Esteban García Domínguez,2025-09-07,12.37,736
2011EDUA01,Eduard Esteban García Domínguez,2025-09-07,12.81,737
2011EDUA01,Eduard Esteban García Domínguez,2025-09-07,12.04,738
2011EDUA01,Eduard Esteban García Domínguez,2025-09-13,13.74,739
2011EDUA01,Eduard Esteban García Domínguez,2025-09-13,13.02,740
2011EDUA01,Eduard Esteban García Domínguez,2025-09-13,12.64,741
2011EDUA01,Eduard Esteban García Domínguez,2025-09-20,12.44,742
2011EDUA01,Eduard Esteban García Domínguez,2025-09-20,12.88,743
2011EDUA01,Eduard Esteban García Domínguez,2025-09-20,12.41,744
2011EDUA01,Eduard Esteban García Domínguez,2025-09-21,13.89,745
2011EDUA01,Eduard Esteban García Domínguez,2025-09-21,11.11,746
2011EDUA01,Eduard Esteban García Domínguez,2025-09-21,12.65,747
2011EDUA01,Eduard Esteban García Domínguez,2025-09-28,13.58,748
2011EDUA01,Eduard Esteban García Domínguez,2025-09-28,11.47,749
2011EDUA01,Eduard Esteban García Domínguez,2025-10-04,14.99,750
2011EDUA01,Eduard Esteban García Domínguez,2025-10-04,13.02,751
2011EDUA01,Eduard Esteban García Domínguez,2025-10-05,13.47,752
2011EDUA01,Eduard Esteban García Domínguez,2025-10-05,11.97,753
2011EDUA01,Eduard Esteban García Domínguez,2025-10-05,11.93,754
2011EDUA01,Eduard Esteban García Domínguez,2025-10-18,13.79,755
2011EDUA01,Eduard Esteban García Domínguez,2025-10-18,16.53,756
2011EDUA01,Eduard Esteban García Domínguez,2025-10-18,13.76,757
2011EDUA01,Eduard Esteban García Domínguez,2025-10-25,14.93,758
2011EDUA01,Eduard Esteban García Domínguez,2025-10-25,14.88,759
2011EDUA01,Eduard Esteban García Domínguez,2025-11-01,13.92,760
2011EDUA01,Eduard Esteban García Domínguez,2025-11-01,13.79,761
2011EDUA01,Eduard Esteban García Domínguez,2025-11-01,16.57,762
2011EDUA01,Eduard Esteban García Domínguez,2025-11-02,12.06,763
2011EDUA01,Eduard Esteban García Domínguez,2025-11-02,13.39,764
2011EDUA01,Eduard Esteban García Domínguez,2025-11-02,11.95,765
2011EDUA01,Eduard Esteban García Domínguez,2025-11-08,13.2,766
2011EDUA01,Eduard Esteban García Domínguez,2025-11-08,14.04,767
2011EDUA01,Eduard Esteban García Domínguez,2025-11-15,11.59,768
2011EDUA01,Eduard Esteban García Domínguez,2025-11-15,12.72,769
2011EDUA01,Eduard Esteban García Domínguez,2025-11-29,13.56,770
2011EDUA01,Eduard Esteban García Domínguez,2025-11-29,12.57,771
2011EDUA01,Eduard Esteban García Domínguez,2025-11-29,13.19,772
2011EDUA01,Eduard Esteban García Domínguez,2025-11-30,12.46,773
2011EDUA01,Eduard Esteban García Domínguez,2025-11-30,12.52,774
2011EDUA01,Eduard Esteban García Domínguez,2025-12-06,13.03,775
2011EDUA01,Eduard Esteban García Domínguez,2025-12-06,14.31,776
2011EDUA01,Eduard Esteban García Domínguez,2025-12-07,14.65,777
2011EDUA01,Eduard Esteban García Domínguez,2025-12-07,11.48,778
2011EDUA01,Eduard Esteban García Domínguez,2025-12-07,13.19,779
2011EDUA01,Eduard Esteban García Domínguez,2025-12-12,13.4,780
2011EDUA01,Eduard Esteban García Domínguez,2025-12-12,12.04,781
2011EDUA01,Eduard Esteban García Domínguez,2025-12-12,12.43,782
2011EDUA01,Eduard Esteban García Domínguez,2025-12-13,15.06,783
2011EDUA01,Eduard Esteban García Domínguez,2025-12-13,13.74,784
2011EDUA01,Eduard Esteban García Domínguez,2025-12-14,11.47,785
2011EDUA01,Eduard Esteban García Domínguez,2025-12-14,14.76,786
2011EDUA01,Eduard Esteban García Domínguez,2025-12-14,13.42,787
2011EDUA01,Eduard Esteban García Domínguez,2025-12-20,11.83,788
2011EDUA01,Eduard Esteban García Domínguez,2025-12-20,12.06,789
2011EDUA01,Eduard Esteban García Domínguez,2025-12-20,11.98,790
2011EDUA01,Eduard Esteban García Domínguez,2025-12-21,12.66,791
2011EDUA01,Eduard Esteban García Domínguez,2025-12-21,12.25,792
2011EDUA01,Eduard Esteban García Domínguez,2025-12-21,11.74,793
2011EDUA01,Eduard Esteban García Domínguez,2025-12-27,12.43,794
2011EDUA01,Eduard Esteban García Domínguez,2025-12-27,14.03,795
2011EDUA01,Eduard Esteban García Domínguez,2025-12-27,11.75,796
2011EDUA01,Eduard Esteban García Domínguez,2025-12-28,14.35,797
2011EDUA01,Eduard Esteban García Domínguez,2025-12-28,12.36,798
2011EDUA01,Eduard Esteban García Domínguez,2025-12-28,13.29,799
2011EDUA01,Eduard Esteban García Domínguez,2026-01-11,13.52,800
2011EDUA01,Eduard Esteban García Domínguez,2026-01-11,12.46,801
2011EDUA01,Eduard Esteban García Domínguez,2026-01-11,12.52,802
2011EDUA01,Eduard Esteban García Domínguez,2026-01-18,11.25,803
2011EDUA01,Eduard Esteban García Domínguez,2026-01-18,12.4,804
2011EDUA01,Eduard Esteban García Domínguez,2026-01-18,12.16,805
2011EDUA01,Eduard Esteban García Domínguez,2026-01-24,13.94,806
2011EDUA01,Eduard Esteban García Domínguez,2026-01-24,12.89,807
2011EDUA01,Eduard Esteban García Domínguez,2026-01-24,13.57,808
2011EDUA01,Eduard Esteban García Domínguez,2026-01-25,12.97,809
2011EDUA01,Eduard Esteban García Domínguez,2026-01-25,14.23,810
2011EDUA01,Eduard Esteban García Domínguez,2026-02-07,13.12,811
2011EDUA01,Eduard Esteban García Domínguez,2026-02-07,12.27,812
2011EDUA01,Eduard Esteban García Domínguez,2026-02-07,11.83,813
2011EDUA01,Eduard Esteban García Domínguez,2026-02-08,13.22,814
2011EDUA01,Eduard Esteban García Domínguez,2026-02-08,13.02,815
2011EDUA01,Eduard Esteban García Domínguez,2026-02-08,13.03,816
2011EDUA01,Eduard Esteban García Domínguez,2026-02-15,12.32,817
2011EDUA01,Eduard Esteban García Domínguez,2026-02-15,12.85,818
2011EDUA01,Eduard Esteban García Domínguez,2026-02-15,12.08,819
2011EDUA01,Eduard Esteban García Domínguez,2026-02-22,13.48,820
2011EDUA01,Eduard Esteban García Domínguez,2026-02-22,13.51,821
2011EDUA01,Eduard Esteban García Domínguez,2026-02-22,13.06,822
2011EDUA01,Eduard Esteban García Domínguez,2026-03-07,15.38,823
2011EDUA01,Eduard Esteban García Domínguez,2026-03-07,13.15,824
2011EDUA01,Eduard Esteban García Domínguez,2026-03-14,12.05,825
2011EDUA01,Eduard Esteban García Domínguez,2026-03-14,12.49,826
2011EDUA01,Eduard Esteban García Domínguez,2026-03-14,12.95,827
2011EDUA01,Eduard Esteban García Domínguez,2026-03-15,12.57,828
2011EDUA01,Eduard Esteban García Domínguez,2026-03-15,13.29,829
2011EDUA01,Eduard Esteban García Domínguez,2026-03-15,12.15,830
2011EDUA01,Eduard Esteban García Domínguez,2026-03-21,12.03,831
2011EDUA01,Eduard Esteban García Domínguez,2026-03-21,11.81,832
2011EDUA01,Eduard Esteban García Domínguez,2026-03-21,12.71,833
2011EDUA01,Eduard Esteban García Domínguez,2026-03-29,13.02,834
2011EDUA01,Eduard Esteban García Domínguez,2026-03-29,13.8,835
2011EDUA01,Eduard Esteban García Domínguez,2026-03-29,11.45,836
2011EDUA01,Eduard Esteban García Domínguez,2026-04-04,11.7,837
2011EDUA01,Eduard Esteban García Domínguez,2026-04-04,13.38,838
2011EDUA01,Eduard Esteban García Domínguez,2026-04-04,12.96,839
2011EDUA01,Eduard Esteban García Domínguez,2026-04-11,12.19,840
2011EDUA01,Eduard Esteban García Domínguez,2026-04-11,12.96,841
2011EDUA01,Eduard Esteban García Domínguez,2026-04-11,11.87,842
2011EDUA01,Eduard Esteban García Domínguez,2026-04-12,15.29,843
2011EDUA01,Eduard Esteban García Domínguez,2026-04-12,13.15,844
2011EDUA01,Eduard Esteban García Domínguez,2026-04-18,13.58,845
2011EDUA01,Eduard Esteban García Domínguez,2026-04-18,12.47,846
2011EDUA01,Eduard Esteban García Domínguez,2026-04-18,14.15,847
2011EDUA01,Eduard Esteban García Domínguez,2026-04-19,11.66,848
2011EDUA01,Eduard Esteban García Domínguez,2026-04-19,13.9,849
2011EDUA01,Eduard Esteban García Domínguez,2026-04-19,11.14,850
2011EDUA01,Eduard Esteban García Domínguez,2026-05-09,13.0,851
2011EDUA01,Eduard Esteban García Domínguez,2026-05-09,13.96,852
2011EDUA01,Eduard Esteban García Domínguez,2026-05-09,12.72,853
2011EDUA01,Eduard Esteban García Domínguez,2026-05-10,13.04,854
2011EDUA01,Eduard Esteban García Domínguez,2026-05-10,12.74,855
2011EDUA01,Eduard Esteban García Domínguez,2026-05-10,11.34,856
2011EDUA01,Eduard Esteban García Domínguez,2026-05-17,12.4,857
2011EDUA01,Eduard Esteban García Domínguez,2026-05-17,13.63,858
2011EDUA01,Eduard Esteban García Domínguez,2026-05-24,12.66,859
2011EDUA01,Eduard Esteban García Domínguez,2026-05-24,13.56,860
2012CANT02,Simone Cantarelli,2012-04-01,27.91,1
2012CANT02,Simone Cantarelli,2012-06-09,27.1,2
2012CANT02,Simone Cantarelli,2012-12-08,21.03,3
2012CANT02,Simone Cantarelli,2012-12-08,20.76,4
2012CANT02,Simone Cantarelli,2013-03-09,18.23,5
2012CANT02,Simone Cantarelli,2013-03-09,19.06,6
2012CANT02,Simone Cantarelli,2013-04-20,19.53,7
2012CANT02,Simone Cantarelli,2013-04-20,19.32,8
2012CANT02,Simone Cantarelli,2013-05-12,16.67,9
2012CANT02,Simone Cantarelli,2013-05-12,18.58,10
2012CANT02,Simone Cantarelli,2014-01-12,17.03,11
2012CANT02,Simone Cantarelli,2014-01-12,17.24,12
2012CANT02,Simone Cantarelli,2014-03-29,17.69,13
2012CANT02,Simone Cantarelli,2014-03-29,15.04,14
2012CANT02,Simone Cantarelli,2014-03-29,14.97,15
2012CANT02,Simone Cantarelli,2014-04-05,17.48,16
2012CANT02,Simone Cantarelli,2014-04-05,17.65,17
2012CANT02,Simone Cantarelli,2014-05-10,16.72,18
2012CANT02,Simone Cantarelli,2014-05-10,14.99,19
2012CANT02,Simone Cantarelli,2014-08-08,19.03,20
2012CANT02,Simone Cantarelli,2014-08-08,15.43,21
2012CANT02,Simone Cantarelli,2014-11-22,14.67,22
2012CANT02,Simone Cantarelli,2014-11-22,15.23,23
2012CANT02,Simone Cantarelli,2014-11-22,14.4,24
2012CANT02,Simone Cantarelli,2015-02-22,13.27,25
2012CANT02,Simone Cantarelli,2015-02-22,14.99,26
2012CANT02,Simone Cantarelli,2015-02-22,14.04,27
2012CANT02,Simone Cantarelli,2015-05-30,15.16,28
2012CANT02,Simone Cantarelli,2015-05-30,15.48,29
2012CANT02,Simone Cantarelli,2015-08-29,12.93,30
2012CANT02,Simone Cantarelli,2015-08-29,13.02,31
2012CANT02,Simone Cantarelli,2015-10-11,13.74,32
2012CANT02,Simone Cantarelli,2015-10-11,13.97,33
2012CANT02,Simone Cantarelli,2015-10-11,13.28,34
2012CANT02,Simone Cantarelli,2015-10-31,13.49,35
2012CANT02,Simone Cantarelli,2015-10-31,11.99,36
2012CANT02,Simone Cantarelli,2015-10-31,13.38,37
2012CANT02,Simone Cantarelli,2015-12-05,15.22,38
2012CANT02,Simone Cantarelli,2015-12-05,15.64,39
2012CANT02,Simone Cantarelli,2016-05-14,11.81,40
2012CANT02,Simone Cantarelli,2016-05-14,13.51,41
2012CANT02,Simone Cantarelli,2016-05-14,14.03,42
2012CANT02,Simone Cantarelli,2016-05-29,14.14,43
2012CANT02,Simone Cantarelli,2016-05-29,12.83,44
2012CANT02,Simone Cantarelli,2016-05-29,13.66,45
2012CANT02,Simone Cantarelli,2016-07-15,14.29,46
2012CANT02,Simone Cantarelli,2016-07-24,12.86,47
2012CANT02,Simone Cantarelli,2016-07-24,13.38,48
2012CANT02,Simone Cantarelli,2016-07-24,14.16,49
2012CANT02,Simone Cantarelli,2016-07-31,13.87,50
2012CANT02,Simone Cantarelli,2016-07-31,13.35,51
2012CANT02,Simone Cantarelli,2016-07-31,12.83,52
2012CANT02,Simone Cantarelli,2016-08-27,12.96,53
2012CANT02,Simone Cantarelli,2016-08-27,15.02,54
2012CANT02,Simone Cantarelli,2016-10-08,12.31,55
2012CANT02,Simone Cantarelli,2016-10-23,12.06,56
2012CANT02,Simone Cantarelli,2016-10-23,12.79,57
2012CANT02,Simone Cantarelli,2016-10-23,13.55,58
2012CANT02,Simone Cantarelli,2016-12-03,13.11,59
2012CANT02,Simone Cantarelli,2016-12-03,12.78,60
2012CANT02,Simone Cantarelli,2017-02-04,12.16,61
2012CANT02,Simone Cantarelli,2017-02-04,14.83,62
2012CANT02,Simone Cantarelli,2017-03-19,12.78,63
2012CANT02,Simone Cantarelli,2017-03-19,11.81,64
2012CANT02,Simone Cantarelli,2017-03-19,11.68,65
2012CANT02,Simone Cantarelli,2017-05-06,11.8,66
2012CANT02,Simone Cantarelli,2017-05-06,12.54,67
2012CANT02,Simone Cantarelli,2017-05-06,11.86,68
2012CANT02,Simone Cantarelli,2017-05-27,13.38,69
2012CANT02,Simone Cantarelli,2017-05-27,12.07,70
2012CANT02,Simone Cantarelli,2017-05-27,11.53,71
2012CANT02,Simone Cantarelli,2017-07-08,12.58,72
2012CANT02,Simone Cantarelli,2017-07-08,13.67,73
2012CANT02,Simone Cantarelli,2017-07-13,11.63,74
2012CANT02,Simone Cantarelli,2017-07-13,12.41,75
2012CANT02,Simone Cantarelli,2017-09-24,11.81,76
2012CANT02,Simone Cantarelli,2017-09-24,11.1,77
2012CANT02,Simone Cantarelli,2017-09-24,10.1,78
2012CANT02,Simone Cantarelli,2017-10-07,11.21,79
2012CANT02,Simone Cantarelli,2017-10-07,10.81,80
2012CANT02,Simone Cantarelli,2017-10-07,13.9,81
2012CANT02,Simone Cantarelli,2017-10-21,11.22,82
2012CANT02,Simone Cantarelli,2017-10-21,12.13,83
2012CANT02,Simone Cantarelli,2017-10-21,11.9,84
2012CANT02,Simone Cantarelli,2017-11-25,12.26,85
2012CANT02,Simone Cantarelli,2017-11-25,10.64,86
2012CANT02,Simone Cantarelli,2017-11-25,11.62,87
2012CANT02,Simone Cantarelli,2017-12-16,11.26,88
2012CANT02,Simone Cantarelli,2017-12-16,11.33,89
2012CANT02,Simone Cantarelli,2017-12-16,11.46,90
2012CANT02,Simone Cantarelli,2018-01-13,12.08,91
2012CANT02,Simone Cantarelli,2018-01-13,11.5,92
2012CANT02,Simone Cantarelli,2018-01-13,12.16,93
2012CANT02,Simone Cantarelli,2018-02-04,12.0,94
2012CANT02,Simone Cantarelli,2018-02-04,11.06,95
2012CANT02,Simone Cantarelli,2018-02-04,11.87,96
2012CANT02,Simone Cantarelli,2018-02-25,10.76,97
2012CANT02,Simone Cantarelli,2018-02-25,11.26,98
2012CANT02,Simone Cantarelli,2018-02-25,11.44,99
2012CANT02,Simone Cantarelli,2018-03-10,11.03,100
2012CANT02,Simone Cantarelli,2018-03-10,11.46,101
2012CANT02,Simone Cantarelli,2018-03-10,11.63,102
2012CANT02,Simone Cantarelli,2018-03-25,10.73,103
2012CANT02,Simone Cantarelli,2018-03-25,12.31,104
2012CANT02,Simone Cantarelli,2018-03-25,12.75,105
2012CANT02,Simone Cantarelli,2018-04-14,11.54,106
2012CANT02,Simone Cantarelli,2018-04-14,11.46,107
2012CANT02,Simone Cantarelli,2018-04-14,10.99,108
2012CANT02,Simone Cantarelli,2018-05-05,12.02,109
2012CANT02,Simone Cantarelli,2018-05-05,11.86,110
2012CANT02,Simone Cantarelli,2018-05-05,12.43,111
2012CANT02,Simone Cantarelli,2018-05-26,12.13,112
2012CANT02,Simone Cantarelli,2018-05-26,11.3,113
2012CANT02,Simone Cantarelli,2018-05-26,10.94,114
2012CANT02,Simone Cantarelli,2018-07-01,12.0,115
2012CANT02,Simone Cantarelli,2018-07-01,11.15,116
2012CANT02,Simone Cantarelli,2018-07-01,14.07,117
2012CANT02,Simone Cantarelli,2018-07-19,11.59,118
2012CANT02,Simone Cantarelli,2018-07-19,10.94,119
2012CANT02,Simone Cantarelli,2018-08-11,11.41,120
2012CANT02,Simone Cantarelli,2018-08-11,11.0,121
2012CANT02,Simone Cantarelli,2018-08-11,11.15,122
2012CANT02,Simone Cantarelli,2018-08-17,10.5,123
2012CANT02,Simone Cantarelli,2018-08-17,10.29,124
2012CANT02,Simone Cantarelli,2018-08-17,11.04,125
2012CANT02,Simone Cantarelli,2018-09-08,11.25,126
2012CANT02,Simone Cantarelli,2018-09-08,11.5,127
2012CANT02,Simone Cantarelli,2018-09-08,11.74,128
2012CANT02,Simone Cantarelli,2018-10-06,12.97,129
2012CANT02,Simone Cantarelli,2018-10-06,10.71,130
2012CANT02,Simone Cantarelli,2018-10-06,10.36,131
2012CANT02,Simone Cantarelli,2018-11-02,10.81,132
2012CANT02,Simone Cantarelli,2018-11-02,11.65,133
2012CANT02,Simone Cantarelli,2018-11-02,12.48,134
2012CANT02,Simone Cantarelli,2018-11-17,10.89,135
2012CANT02,Simone Cantarelli,2018-11-17,9.94,136
2012CANT02,Simone Cantarelli,2018-11-17,10.62,137
2012CANT02,Simone Cantarelli,2018-12-08,11.38,138
2012CANT02,Simone Cantarelli,2018-12-08,11.35,139
2012CANT02,Simone Cantarelli,2018-12-08,11.09,140
2012CANT02,Simone Cantarelli,2018-12-15,10.88,141
2012CANT02,Simone Cantarelli,2018-12-15,10.83,142
2012CANT02,Simone Cantarelli,2018-12-15,12.02,143
2012CANT02,Simone Cantarelli,2019-01-12,11.86,144
2012CANT02,Simone Cantarelli,2019-01-12,11.62,145
2012CANT02,Simone Cantarelli,2019-01-12,11.64,146
2012CANT02,Simone Cantarelli,2019-02-16,10.96,147
2012CANT02,Simone Cantarelli,2019-02-16,11.64,148
2012CANT02,Simone Cantarelli,2019-02-16,12.74,149
2012CANT02,Simone Cantarelli,2019-03-02,11.5,150
2012CANT02,Simone Cantarelli,2019-03-02,10.76,151
2012CANT02,Simone Cantarelli,2019-03-02,12.29,152
2012CANT02,Simone Cantarelli,2019-04-06,12.42,153
2012CANT02,Simone Cantarelli,2019-04-06,11.05,154
2012CANT02,Simone Cantarelli,2019-04-06,11.08,155
2012CANT02,Simone Cantarelli,2019-05-04,10.2,156
2012CANT02,Simone Cantarelli,2019-05-04,10.37,157
2012CANT02,Simone Cantarelli,2019-05-04,11.04,158
2012CANT02,Simone Cantarelli,2019-05-11,11.18,159
2012CANT02,Simone Cantarelli,2019-05-11,12.1,160
2012CANT02,Simone Cantarelli,2019-05-11,10.61,161
2012CANT02,Simone Cantarelli,2019-06-08,11.12,162
2012CANT02,Simone Cantarelli,2019-06-08,10.12,163
2012CANT02,Simone Cantarelli,2019-06-08,10.8,164
2012CANT02,Simone Cantarelli,2019-07-06,10.92,165
2012CANT02,Simone Cantarelli,2019-07-06,11.29,166
2012CANT02,Simone Cantarelli,2019-07-11,10.53,167
2012CANT02,Simone Cantarelli,2019-07-11,11.43,168
2012CANT02,Simone Cantarelli,2019-08-17,11.49,169
2012CANT02,Simone Cantarelli,2019-08-17,11.46,170
2012CANT02,Simone Cantarelli,2019-08-17,11.21,171
2012CANT02,Simone Cantarelli,2019-09-07,12.24,172
2012CANT02,Simone Cantarelli,2019-09-07,11.3,173
2012CANT02,Simone Cantarelli,2019-09-07,10.39,174
2012CANT02,Simone Cantarelli,2019-09-21,12.16,175
2012CANT02,Simone Cantarelli,2019-09-21,11.93,176
2012CANT02,Simone Cantarelli,2019-09-21,11.37,177
2012CANT02,Simone Cantarelli,2019-10-05,9.97,178
2012CANT02,Simone Cantarelli,2019-10-05,11.51,179
2012CANT02,Simone Cantarelli,2019-10-05,11.38,180
2012CANT02,Simone Cantarelli,2019-10-19,12.51,181
2012CANT02,Simone Cantarelli,2019-10-19,11.99,182
2012CANT02,Simone Cantarelli,2019-10-19,12.36,183
2012CANT02,Simone Cantarelli,2019-11-01,12.69,184
2012CANT02,Simone Cantarelli,2019-11-01,11.11,185
2012CANT02,Simone Cantarelli,2019-11-01,10.39,186
2012CANT02,Simone Cantarelli,2019-11-01,10.0,187
2012CANT02,Simone Cantarelli,2019-11-30,10.98,188
2012CANT02,Simone Cantarelli,2019-11-30,10.55,189
2012CANT02,Simone Cantarelli,2019-11-30,10.47,190
2012CANT02,Simone Cantarelli,2020-01-04,10.35,191
2012CANT02,Simone Cantarelli,2020-01-04,11.18,192
2012CANT02,Simone Cantarelli,2020-01-04,10.34,193
2012CANT02,Simone Cantarelli,2020-02-15,12.7,194
2012CANT02,Simone Cantarelli,2020-02-15,11.02,195
2012CANT02,Simone Cantarelli,2020-02-15,10.83,196
2012CANT02,Simone Cantarelli,2021-07-10,11.87,197
2012CANT02,Simone Cantarelli,2021-07-10,11.89,198
2012CANT02,Simone Cantarelli,2021-07-31,11.75,199
2012CANT02,Simone Cantarelli,2021-07-31,12.1,200
2012CANT02,Simone Cantarelli,2021-07-31,11.91,201
2012CANT02,Simone Cantarelli,2021-08-07,11.03,202
2012CANT02,Simone Cantarelli,2021-08-07,10.79,203
2012CANT02,Simone Cantarelli,2021-08-07,12.39,204
2012CANT02,Simone Cantarelli,2021-08-14,10.87,205
2012CANT02,Simone Cantarelli,2021-08-14,10.84,206
2012CANT02,Simone Cantarelli,2021-08-28,12.88,207
2012CANT02,Simone Cantarelli,2021-08-28,12.26,208
2012CANT02,Simone Cantarelli,2021-08-28,10.75,209
2012CANT02,Simone Cantarelli,2021-10-01,12.52,210
2012CANT02,Simone Cantarelli,2021-10-01,10.24,211
2012CANT02,Simone Cantarelli,2021-10-30,11.06,212
2012CANT02,Simone Cantarelli,2021-10-30,11.38,213
2012CANT02,Simone Cantarelli,2021-10-30,12.09,214
2012CANT02,Simone Cantarelli,2021-11-06,11.23,215
2012CANT02,Simone Cantarelli,2021-11-06,9.89,216
2012CANT02,Simone Cantarelli,2021-11-06,10.2,217
2012CANT02,Simone Cantarelli,2022-01-02,11.5,218
2012CANT02,Simone Cantarelli,2022-01-02,11.43,219
2012CANT02,Simone Cantarelli,2022-01-02,10.58,220
2012CANT02,Simone Cantarelli,2022-01-22,10.72,221
2012CANT02,Simone Cantarelli,2022-01-22,11.02,222
2012CANT02,Simone Cantarelli,2022-01-22,10.5,223
2012CANT02,Simone Cantarelli,2022-02-06,10.57,224
2012CANT02,Simone Cantarelli,2022-02-06,10.92,225
2012CANT02,Simone Cantarelli,2022-02-26,10.48,226
2012CANT02,Simone Cantarelli,2022-02-26,11.55,227
2012CANT02,Simone Cantarelli,2022-02-26,10.62,228
2012CANT02,Simone Cantarelli,2022-03-11,9.68,229
2012CANT02,Simone Cantarelli,2022-03-11,11.56,230
2012CANT02,Simone Cantarelli,2022-04-09,10.16,231
2012CANT02,Simone Cantarelli,2022-04-09,11.0,232
2012CANT02,Simone Cantarelli,2022-04-09,9.37,233
2012CANT02,Simone Cantarelli,2022-04-15,11.5,234
2012CANT02,Simone Cantarelli,2022-04-15,10.92,235
2012CANT02,Simone Cantarelli,2022-04-15,10.51,236
2012CANT02,Simone Cantarelli,2022-04-23,11.33,237
2012CANT02,Simone Cantarelli,2022-04-23,9.2,238
2012CANT02,Simone Cantarelli,2022-04-23,10.29,239
2012CANT02,Simone Cantarelli,2022-05-07,9.56,240
2012CANT02,Simone Cantarelli,2022-05-07,10.23,241
2012CANT02,Simone Cantarelli,2022-05-07,11.38,242
2012CANT02,Simone Cantarelli,2022-05-14,10.62,243
2012CANT02,Simone Cantarelli,2022-05-14,11.04,244
2012CANT02,Simone Cantarelli,2022-05-14,10.26,245
2012CANT02,Simone Cantarelli,2022-06-18,11.05,246
2012CANT02,Simone Cantarelli,2022-06-18,11.17,247
2012CANT02,Simone Cantarelli,2022-06-18,9.99,248
2012CANT02,Simone Cantarelli,2022-06-25,10.85,249
2012CANT02,Simone Cantarelli,2022-06-25,9.82,250
2012CANT02,Simone Cantarelli,2022-06-25,12.07,251
2012CANT02,Simone Cantarelli,2022-07-02,11.5,252
2012CANT02,Simone Cantarelli,2022-07-02,11.29,253
2012CANT02,Simone Cantarelli,2022-07-02,10.99,254
2012CANT02,Simone Cantarelli,2022-07-14,11.46,255
2012CANT02,Simone Cantarelli,2022-07-14,10.64,256
2012CANT02,Simone Cantarelli,2022-07-30,10.97,257
2012CANT02,Simone Cantarelli,2022-07-30,11.26,258
2012CANT02,Simone Cantarelli,2022-07-30,11.9,259
2012CANT02,Simone Cantarelli,2022-08-19,12.38,260
2012CANT02,Simone Cantarelli,2022-08-19,10.73,261
2012CANT02,Simone Cantarelli,2022-08-19,11.16,262
2012CANT02,Simone Cantarelli,2022-08-27,10.76,263
2012CANT02,Simone Cantarelli,2022-08-27,11.67,264
2012CANT02,Simone Cantarelli,2022-08-27,9.85,265
2012CANT02,Simone Cantarelli,2022-09-10,10.02,266
2012CANT02,Simone Cantarelli,2022-09-10,8.85,267
2012CANT02,Simone Cantarelli,2022-09-10,10.92,268
2012CANT02,Simone Cantarelli,2022-10-07,10.9,269
2012CANT02,Simone Cantarelli,2022-10-07,10.57,270
2012CANT02,Simone Cantarelli,2022-10-07,9.96,271
2012CANT02,Simone Cantarelli,2022-10-15,11.3,272
2012CANT02,Simone Cantarelli,2022-10-15,9.58,273
2012CANT02,Simone Cantarelli,2022-10-15,10.46,274
2012CANT02,Simone Cantarelli,2022-10-29,11.6,275
2012CANT02,Simone Cantarelli,2022-10-29,10.44,276
2012CANT02,Simone Cantarelli,2022-10-29,10.84,277
2012CANT02,Simone Cantarelli,2022-10-29,10.4,278
2012CANT02,Simone Cantarelli,2022-11-05,10.47,279
2012CANT02,Simone Cantarelli,2022-11-05,10.55,280
2012CANT02,Simone Cantarelli,2022-11-05,10.28,281
2012CANT02,Simone Cantarelli,2022-11-12,11.22,282
2012CANT02,Simone Cantarelli,2022-11-12,12.23,283
2012CANT02,Simone Cantarelli,2022-11-12,11.08,284
2012CANT02,Simone Cantarelli,2022-12-09,10.8,285
2012CANT02,Simone Cantarelli,2022-12-09,12.41,286
2012CANT02,Simone Cantarelli,2022-12-09,11.2,287
2012CANT02,Simone Cantarelli,2022-12-31,10.02,288
2012CANT02,Simone Cantarelli,2022-12-31,10.96,289
2012CANT02,Simone Cantarelli,2023-02-04,10.71,290
2012CANT02,Simone Cantarelli,2023-02-04,10.96,291
2012CANT02,Simone Cantarelli,2023-02-11,11.07,292
2012CANT02,Simone Cantarelli,2023-02-11,9.85,293
2012CANT02,Simone Cantarelli,2023-02-11,10.59,294
2012CANT02,Simone Cantarelli,2023-02-25,11.52,295
2012CANT02,Simone Cantarelli,2023-02-25,11.35,296
2012CANT02,Simone Cantarelli,2023-02-25,11.32,297
2012CANT02,Simone Cantarelli,2023-03-03,10.29,298
2012CANT02,Simone Cantarelli,2023-03-03,9.97,299
2012CANT02,Simone Cantarelli,2023-03-03,9.58,300
2012CANT02,Simone Cantarelli,2023-03-03,11.36,301
2012CANT02,Simone Cantarelli,2023-03-11,9.98,302
2012CANT02,Simone Cantarelli,2023-03-11,10.79,303
2012CANT02,Simone Cantarelli,2023-03-11,11.13,304
2012CANT02,Simone Cantarelli,2023-03-11,10.89,305
2012CANT02,Simone Cantarelli,2023-04-01,10.48,306
2012CANT02,Simone Cantarelli,2023-04-01,10.73,307
2012CANT02,Simone Cantarelli,2023-04-01,10.22,308
2012CANT02,Simone Cantarelli,2023-04-01,12.2,309
2012CANT02,Simone Cantarelli,2023-04-08,11.18,310
2012CANT02,Simone Cantarelli,2023-04-08,10.05,311
2012CANT02,Simone Cantarelli,2023-04-08,9.63,312
2012CANT02,Simone Cantarelli,2023-04-15,10.2,313
2012CANT02,Simone Cantarelli,2023-04-15,11.49,314
2012CANT02,Simone Cantarelli,2023-04-15,9.66,315
2012CANT02,Simone Cantarelli,2023-04-22,10.6,316
2012CANT02,Simone Cantarelli,2023-04-22,10.14,317
2012CANT02,Simone Cantarelli,2023-04-22,10.57,318
2012CANT02,Simone Cantarelli,2023-04-22,10.12,319
2012CANT02,Simone Cantarelli,2023-04-29,11.4,320
2012CANT02,Simone Cantarelli,2023-04-29,10.78,321
2012CANT02,Simone Cantarelli,2023-04-29,9.57,322
2012CANT02,Simone Cantarelli,2023-05-06,10.09,323
2012CANT02,Simone Cantarelli,2023-05-06,11.49,324
2012CANT02,Simone Cantarelli,2023-05-06,11.22,325
2012CANT02,Simone Cantarelli,2023-05-07,9.29,326
2012CANT02,Simone Cantarelli,2023-05-07,10.27,327
2012CANT02,Simone Cantarelli,2023-05-07,10.87,328
2012CANT02,Simone Cantarelli,2023-05-20,12.25,329
2012CANT02,Simone Cantarelli,2023-05-20,9.59,330
2012CANT02,Simone Cantarelli,2023-05-20,10.26,331
2012CANT02,Simone Cantarelli,2023-05-27,10.12,332
2012CANT02,Simone Cantarelli,2023-05-27,10.28,333
2012CANT02,Simone Cantarelli,2023-05-27,10.4,334
2012CANT02,Simone Cantarelli,2023-06-03,9.84,335
2012CANT02,Simone Cantarelli,2023-06-03,11.92,336
2012CANT02,Simone Cantarelli,2023-06-17,9.8,337
2012CANT02,Simone Cantarelli,2023-06-17,10.19,338
2012CANT02,Simone Cantarelli,2023-06-17,9.79,339
2012CANT02,Simone Cantarelli,2023-06-24,11.23,340
2012CANT02,Simone Cantarelli,2023-06-24,9.87,341
2012CANT02,Simone Cantarelli,2023-06-24,11.44,342
2012CANT02,Simone Cantarelli,2023-06-24,10.95,343
2012CANT02,Simone Cantarelli,2023-06-30,10.55,344
2012CANT02,Simone Cantarelli,2023-06-30,9.67,345
2012CANT02,Simone Cantarelli,2023-06-30,10.32,346
2012CANT02,Simone Cantarelli,2023-07-09,9.55,347
2012CANT02,Simone Cantarelli,2023-07-09,9.98,348
2012CANT02,Simone Cantarelli,2023-07-09,10.85,349
2012CANT02,Simone Cantarelli,2023-07-15,10.03,350
2012CANT02,Simone Cantarelli,2023-07-15,10.81,351
2012CANT02,Simone Cantarelli,2023-07-15,11.52,352
2012CANT02,Simone Cantarelli,2023-07-15,12.05,353
2012CANT02,Simone Cantarelli,2023-08-12,10.29,354
2012CANT02,Simone Cantarelli,2023-08-12,10.55,355
2012CANT02,Simone Cantarelli,2023-08-26,10.22,356
2012CANT02,Simone Cantarelli,2023-08-26,10.64,357
2012CANT02,Simone Cantarelli,2023-08-26,9.75,358
2012CANT02,Simone Cantarelli,2023-09-02,10.43,359
2012CANT02,Simone Cantarelli,2023-09-02,11.05,360
2012CANT02,Simone Cantarelli,2023-09-02,11.87,361
2012CANT02,Simone Cantarelli,2023-09-09,9.7,362
2012CANT02,Simone Cantarelli,2023-09-09,10.25,363
2012CANT02,Simone Cantarelli,2023-09-09,9.93,364
2012CANT02,Simone Cantarelli,2023-09-15,10.42,365
2012CANT02,Simone Cantarelli,2023-09-15,10.65,366
2012CANT02,Simone Cantarelli,2023-09-15,10.27,367
2012CANT02,Simone Cantarelli,2023-09-15,9.92,368
2012CANT02,Simone Cantarelli,2023-09-30,10.24,369
2012CANT02,Simone Cantarelli,2023-09-30,10.7,370
2012CANT02,Simone Cantarelli,2023-09-30,10.41,371
2012CANT02,Simone Cantarelli,2023-10-07,10.16,372
2012CANT02,Simone Cantarelli,2023-10-07,9.88,373
2012CANT02,Simone Cantarelli,2023-10-07,10.68,374
2012CANT02,Simone Cantarelli,2023-10-07,10.54,375
2012CANT02,Simone Cantarelli,2023-10-14,10.98,376
2012CANT02,Simone Cantarelli,2023-10-14,10.34,377
2012CANT02,Simone Cantarelli,2023-10-14,11.08,378
2012CANT02,Simone Cantarelli,2023-10-21,9.3,379
2012CANT02,Simone Cantarelli,2023-10-21,10.58,380
2012CANT02,Simone Cantarelli,2023-10-21,11.12,381
2012CANT02,Simone Cantarelli,2023-10-28,10.57,382
2012CANT02,Simone Cantarelli,2023-10-28,10.02,383
2012CANT02,Simone Cantarelli,2023-10-28,9.49,384
2012CANT02,Simone Cantarelli,2023-11-18,10.45,385
2012CANT02,Simone Cantarelli,2023-11-18,10.62,386
2012CANT02,Simone Cantarelli,2023-11-18,11.58,387
2012CANT02,Simone Cantarelli,2023-12-08,10.73,388
2012CANT02,Simone Cantarelli,2023-12-08,10.1,389
2012CANT02,Simone Cantarelli,2023-12-08,10.1,390
2012CANT02,Simone Cantarelli,2023-12-16,10.25,391
2012CANT02,Simone Cantarelli,2023-12-16,9.69,392
2012CANT02,Simone Cantarelli,2023-12-16,10.26,393
2012CANT02,Simone Cantarelli,2023-12-30,9.82,394
2012CANT02,Simone Cantarelli,2023-12-30,11.35,395
2012CANT02,Simone Cantarelli,2023-12-30,9.21,396
2012CANT02,Simone Cantarelli,2024-02-10,10.71,397
2012CANT02,Simone Cantarelli,2024-02-10,10.67,398
2012CANT02,Simone Cantarelli,2024-02-10,9.7,399
2012CANT02,Simone Cantarelli,2024-02-17,10.5,400
2012CANT02,Simone Cantarelli,2024-02-17,10.17,401
2012CANT02,Simone Cantarelli,2024-02-17,9.89,402
2012CANT02,Simone Cantarelli,2024-02-24,9.84,403
2012CANT02,Simone Cantarelli,2024-02-24,10.06,404
2012CANT02,Simone Cantarelli,2024-02-24,11.01,405
2012CANT02,Simone Cantarelli,2024-02-24,10.52,406
2012CANT02,Simone Cantarelli,2024-03-02,10.09,407
2012CANT02,Simone Cantarelli,2024-03-02,10.49,408
2012CANT02,Simone Cantarelli,2024-03-02,10.94,409
2012CANT02,Simone Cantarelli,2024-03-17,10.09,410
2012CANT02,Simone Cantarelli,2024-03-17,10.48,411
2012CANT02,Simone Cantarelli,2024-03-17,10.38,412
2012CANT02,Simone Cantarelli,2024-03-23,10.44,413
2012CANT02,Simone Cantarelli,2024-03-23,10.73,414
2012CANT02,Simone Cantarelli,2024-03-23,10.23,415
2012CANT02,Simone Cantarelli,2024-03-30,9.75,416
2012CANT02,Simone Cantarelli,2024-03-30,10.29,417
2012CANT02,Simone Cantarelli,2024-03-30,10.47,418
2012CANT02,Simone Cantarelli,2024-04-06,9.71,419
2012CANT02,Simone Cantarelli,2024-04-06,11.14,420
2012CANT02,Simone Cantarelli,2024-04-06,10.14,421
2012CANT02,Simone Cantarelli,2024-04-20,11.22,422
2012CANT02,Simone Cantarelli,2024-04-20,10.27,423
2012CANT02,Simone Cantarelli,2024-04-28,9.69,424
2012CANT02,Simone Cantarelli,2024-04-28,10.94,425
2012CANT02,Simone Cantarelli,2024-04-28,9.79,426
2012CANT02,Simone Cantarelli,2024-05-04,10.42,427
2012CANT02,Simone Cantarelli,2024-05-04,10.71,428
2012CANT02,Simone Cantarelli,2024-05-04,9.49,429
2012CANT02,Simone Cantarelli,2024-05-11,9.55,430
2012CANT02,Simone Cantarelli,2024-05-11,11.06,431
2012CANT02,Simone Cantarelli,2024-05-11,9.75,432
2012CANT02,Simone Cantarelli,2024-05-18,9.77,433
2012CANT02,Simone Cantarelli,2024-05-18,9.29,434
2012CANT02,Simone Cantarelli,2024-05-18,12.18,435
2012CANT02,Simone Cantarelli,2024-05-18,10.28,436
2012CANT02,Simone Cantarelli,2024-05-18,10.45,437
2012CANT02,Simone Cantarelli,2024-06-08,9.99,438
2012CANT02,Simone Cantarelli,2024-06-08,10.62,439
2012CANT02,Simone Cantarelli,2024-06-08,10.51,440
2012CANT02,Simone Cantarelli,2024-06-08,10.21,441
2012CANT02,Simone Cantarelli,2024-06-15,9.64,442
2012CANT02,Simone Cantarelli,2024-06-15,10.38,443
2012CANT02,Simone Cantarelli,2024-06-15,8.7,444
2012CANT02,Simone Cantarelli,2024-06-20,11.69,445
2012CANT02,Simone Cantarelli,2024-06-20,11.55,446
2012CANT02,Simone Cantarelli,2024-06-29,10.15,447
2012CANT02,Simone Cantarelli,2024-06-29,10.71,448
2012CANT02,Simone Cantarelli,2024-06-29,10.32,449
2012CANT02,Simone Cantarelli,2024-07-06,10.56,450
2012CANT02,Simone Cantarelli,2024-07-06,9.69,451
2012CANT02,Simone Cantarelli,2024-07-06,11.22,452
2012CANT02,Simone Cantarelli,2024-07-13,10.39,453
2012CANT02,Simone Cantarelli,2024-07-13,11.65,454
2012CANT02,Simone Cantarelli,2024-07-13,10.52,455
2012CANT02,Simone Cantarelli,2024-07-25,10.33,456
2012CANT02,Simone Cantarelli,2024-07-25,9.85,457
2012CANT02,Simone Cantarelli,2024-08-03,10.49,458
2012CANT02,Simone Cantarelli,2024-08-03,9.81,459
2012CANT02,Simone Cantarelli,2024-08-03,10.13,460
2012CANT02,Simone Cantarelli,2024-08-11,10.13,461
2012CANT02,Simone Cantarelli,2024-08-11,9.93,462
2012CANT02,Simone Cantarelli,2024-08-11,10.88,463
2012CANT02,Simone Cantarelli,2024-08-17,10.54,464
2012CANT02,Simone Cantarelli,2024-08-17,9.25,465
2012CANT02,Simone Cantarelli,2024-08-17,10.45,466
2012CANT02,Simone Cantarelli,2024-08-17,9.92,467
2012CANT02,Simone Cantarelli,2024-08-17,10.77,468
2012CANT02,Simone Cantarelli,2024-08-17,10.02,469
2012CANT02,Simone Cantarelli,2024-09-01,10.19,470
2012CANT02,Simone Cantarelli,2024-09-01,10.28,471
2012CANT02,Simone Cantarelli,2024-09-01,10.14,472
2012CANT02,Simone Cantarelli,2024-09-07,11.25,473
2012CANT02,Simone Cantarelli,2024-09-07,11.03,474
2012CANT02,Simone Cantarelli,2024-09-07,11.02,475
2012CANT02,Simone Cantarelli,2024-09-14,11.05,476
2012CANT02,Simone Cantarelli,2024-09-14,10.85,477
2012CANT02,Simone Cantarelli,2024-09-14,11.13,478
2012CANT02,Simone Cantarelli,2024-09-21,9.98,479
2012CANT02,Simone Cantarelli,2024-09-21,11.27,480
2012CANT02,Simone Cantarelli,2024-09-21,9.98,481
2012CANT02,Simone Cantarelli,2024-10-12,11.16,482
2012CANT02,Simone Cantarelli,2024-10-12,10.89,483
2012CANT02,Simone Cantarelli,2024-10-12,9.87,484
2012CANT02,Simone Cantarelli,2024-10-19,10.44,485
2012CANT02,Simone Cantarelli,2024-10-19,9.59,486
2012CANT02,Simone Cantarelli,2024-10-19,10.84,487
2012CANT02,Simone Cantarelli,2024-11-01,9.3,488
2012CANT02,Simone Cantarelli,2024-11-01,10.94,489
2012CANT02,Simone Cantarelli,2024-11-01,9.78,490
2012CANT02,Simone Cantarelli,2024-11-16,10.8,491
2012CANT02,Simone Cantarelli,2024-11-16,10.27,492
2012CANT02,Simone Cantarelli,2024-11-16,11.16,493
2012CANT02,Simone Cantarelli,2024-12-15,12.79,494
2012CANT02,Simone Cantarelli,2024-12-15,10.68,495
2012CANT02,Simone Cantarelli,2024-12-28,11.17,496
2012CANT02,Simone Cantarelli,2024-12-28,10.79,497
2012CANT02,Simone Cantarelli,2024-12-28,9.61,498
2012CANT02,Simone Cantarelli,2025-01-11,10.56,499
2012CANT02,Simone Cantarelli,2025-01-11,9.9,500
2012CANT02,Simone Cantarelli,2025-01-11,10.77,501
2012CANT02,Simone Cantarelli,2025-01-25,10.27,502
2012CANT02,Simone Cantarelli,2025-01-25,9.5,503
2012CANT02,Simone Cantarelli,2025-01-25,9.81,504
2012CANT02,Simone Cantarelli,2025-02-01,9.68,505
2012CANT02,Simone Cantarelli,2025-02-01,9.56,506
2012CANT02,Simone Cantarelli,2025-02-01,10.63,507
2012CANT02,Simone Cantarelli,2025-02-08,11.56,508
2012CANT02,Simone Cantarelli,2025-02-08,9.77,509
2012CANT02,Simone Cantarelli,2025-02-08,10.67,510
2012CANT02,Simone Cantarelli,2025-02-22,9.96,511
2012CANT02,Simone Cantarelli,2025-02-22,9.07,512
2012CANT02,Simone Cantarelli,2025-02-22,10.03,513
2012CANT02,Simone Cantarelli,2025-03-08,10.29,514
2012CANT02,Simone Cantarelli,2025-03-08,9.96,515
2012CANT02,Simone Cantarelli,2025-03-08,9.58,516
2012CANT02,Simone Cantarelli,2025-03-15,9.57,517
2012CANT02,Simone Cantarelli,2025-03-15,10.26,518
2012CANT02,Simone Cantarelli,2025-03-15,10.3,519
2012CANT02,Simone Cantarelli,2025-03-15,11.14,520
2012CANT02,Simone Cantarelli,2025-03-22,9.94,521
2012CANT02,Simone Cantarelli,2025-03-22,10.77,522
2012CANT02,Simone Cantarelli,2025-03-22,10.26,523
2012CANT02,Simone Cantarelli,2025-03-29,10.92,524
2012CANT02,Simone Cantarelli,2025-03-29,9.6,525
2012CANT02,Simone Cantarelli,2025-03-29,10.78,526
2012CANT02,Simone Cantarelli,2025-04-12,10.1,527
2012CANT02,Simone Cantarelli,2025-04-12,10.1,528
2012CANT02,Simone Cantarelli,2025-04-12,11.11,529
2012CANT02,Simone Cantarelli,2025-04-25,9.8,530
2012CANT02,Simone Cantarelli,2025-04-25,10.48,531
2012CANT02,Simone Cantarelli,2025-04-25,10.22,532
2012CANT02,Simone Cantarelli,2025-05-03,10.42,533
2012CANT02,Simone Cantarelli,2025-05-03,10.34,534
2012CANT02,Simone Cantarelli,2025-05-03,10.8,535
2012CANT02,Simone Cantarelli,2025-05-17,10.6,536
2012CANT02,Simone Cantarelli,2025-05-17,9.4,537
2012CANT02,Simone Cantarelli,2025-05-17,9.16,538
2012CANT02,Simone Cantarelli,2025-05-23,10.3,539
2012CANT02,Simone Cantarelli,2025-05-23,10.3,540
2012CANT02,Simone Cantarelli,2025-05-23,9.77,541
2012CANT02,Simone Cantarelli,2025-06-28,9.29,542
2012CANT02,Simone Cantarelli,2025-06-28,10.42,543
2012CANT02,Simone Cantarelli,2025-06-28,10.42,544
2012CANT02,Simone Cantarelli,2025-07-03,10.23,545
2012CANT02,Simone Cantarelli,2025-07-12,10.27,546
2012CANT02,Simone Cantarelli,2025-07-12,11.02,547
2012CANT02,Simone Cantarelli,2025-07-12,9.85,548
2012CANT02,Simone Cantarelli,2025-08-09,9.41,549
2012CANT02,Simone Cantarelli,2025-08-09,10.22,550
2012CANT02,Simone Cantarelli,2025-08-09,11.02,551
2012CANT02,Simone Cantarelli,2025-09-13,9.69,552
2012CANT02,Simone Cantarelli,2025-09-13,9.91,553
2012CANT02,Simone Cantarelli,2025-09-13,9.83,554
2012CANT02,Simone Cantarelli,2025-09-20,10.96,555
2012CANT02,Simone Cantarelli,2025-09-20,11.47,556
2012CANT02,Simone Cantarelli,2025-09-27,10.06,557
2012CANT02,Simone Cantarelli,2025-09-27,9.72,558
2012CANT02,Simone Cantarelli,2025-10-11,11.27,559
2012CANT02,Simone Cantarelli,2025-10-11,10.21,560
2012CANT02,Simone Cantarelli,2025-10-11,10.46,561
2012CANT02,Simone Cantarelli,2025-10-18,10.9,562
2012CANT02,Simone Cantarelli,2025-10-18,10.26,563
2012CANT02,Simone Cantarelli,2025-10-18,9.76,564
2012CANT02,Simone Cantarelli,2025-11-01,12.4,565
2012CANT02,Simone Cantarelli,2025-11-01,10.56,566
2012CANT02,Simone Cantarelli,2025-11-01,9.51,567
2012CANT02,Simone Cantarelli,2025-12-06,10.25,568
2012CANT02,Simone Cantarelli,2025-12-06,9.65,569
2012CANT02,Simone Cantarelli,2025-12-06,10.93,570
2012CANT02,Simone Cantarelli,2025-12-26,11.1,571
2012CANT02,Simone Cantarelli,2025-12-26,10.85,572
2012CANT02,Simone Cantarelli,2025-12-26,9.03,573
2012CANT02,Simone Cantarelli,2026-01-24,10.17,574
2012CANT02,Simone Cantarelli,2026-01-24,10.08,575
2012CANT02,Simone Cantarelli,2026-01-24,10.69,576
2012CANT02,Simone Cantarelli,2026-02-28,9.09,577
2012CANT02,Simone Cantarelli,2026-02-28,8.86,578
2012CANT02,Simone Cantarelli,2026-02-28,10.35,579
2012CANT02,Simone Cantarelli,2026-04-04,10.22,580
2012CANT02,Simone Cantarelli,2026-04-04,10.01,581
2012CANT02,Simone Cantarelli,2026-04-04,9.61,582
2012CANT02,Simone Cantarelli,2026-04-11,10.9,583
2012CANT02,Simone Cantarelli,2026-04-11,10.25,584
2012CANT02,Simone Cantarelli,2026-04-18,11.85,585
2012CANT02,Simone Cantarelli,2026-04-18,9.76,586
2012CANT02,Simone Cantarelli,2026-04-18,9.71,587
2012CANT02,Simone Cantarelli,2026-05-09,9.74,588
2012CANT02,Simone Cantarelli,2026-05-09,9.41,589
2012CANT02,Simone Cantarelli,2026-05-09,10.07,590
2012MAHV01,Paul Mahvi,2012-09-02,39.92,1
2012MAHV01,Paul Mahvi,2012-11-10,24.77,2
2012MAHV01,Paul Mahvi,2012-11-10,25.04,3
2012MAHV01,Paul Mahvi,2013-03-09,20.79,4
2012MAHV01,Paul Mahvi,2013-03-09,23.23,5
2012MAHV01,Paul Mahvi,2013-07-26,21.51,6
2012MAHV01,Paul Mahvi,2013-08-03,17.2,7
2012MAHV01,Paul Mahvi,2013-11-02,19.1,8
2012MAHV01,Paul Mahvi,2013-11-02,20.35,9
2012MAHV01,Paul Mahvi,2014-02-01,16.06,10
2012MAHV01,Paul Mahvi,2014-04-19,18.97,11
2012MAHV01,Paul Mahvi,2014-04-19,17.39,12
2012MAHV01,Paul Mahvi,2014-06-14,13.38,13
2012MAHV01,Paul Mahvi,2014-06-14,15.07,14
2012MAHV01,Paul Mahvi,2014-08-01,14.55,15
2012MAHV01,Paul Mahvi,2014-08-01,14.11,16
2012MAHV01,Paul Mahvi,2014-09-06,13.97,17
2012MAHV01,Paul Mahvi,2014-09-06,14.43,18
2012MAHV01,Paul Mahvi,2014-11-02,13.78,19
2012MAHV01,Paul Mahvi,2014-11-02,13.83,20
2012MAHV01,Paul Mahvi,2015-02-21,11.68,21
2012MAHV01,Paul Mahvi,2015-02-21,11.87,22
2012MAHV01,Paul Mahvi,2015-02-21,12.5,23
2012MAHV01,Paul Mahvi,2015-02-28,12.32,24
2012MAHV01,Paul Mahvi,2015-02-28,12.61,25
2012MAHV01,Paul Mahvi,2015-04-12,12.09,26
2012MAHV01,Paul Mahvi,2015-04-12,11.96,27
2012MAHV01,Paul Mahvi,2015-04-12,10.73,28
2012MAHV01,Paul Mahvi,2015-04-19,10.62,29
2012MAHV01,Paul Mahvi,2015-04-19,12.06,30
2012MAHV01,Paul Mahvi,2015-04-19,13.17,31
2012MAHV01,Paul Mahvi,2015-05-30,11.62,32
2012MAHV01,Paul Mahvi,2015-05-30,11.25,33
2012MAHV01,Paul Mahvi,2015-07-11,10.76,34
2012MAHV01,Paul Mahvi,2015-07-11,12.38,35
2012MAHV01,Paul Mahvi,2015-07-31,12.49,36
2012MAHV01,Paul Mahvi,2015-07-31,10.07,37
2012MAHV01,Paul Mahvi,2015-07-31,10.56,38
2012MAHV01,Paul Mahvi,2015-08-08,10.92,39
2012MAHV01,Paul Mahvi,2015-08-08,11.36,40
2012MAHV01,Paul Mahvi,2015-09-12,9.98,41
2012MAHV01,Paul Mahvi,2015-09-12,10.96,42
2012MAHV01,Paul Mahvi,2015-09-12,9.58,43
2012MAHV01,Paul Mahvi,2015-11-22,10.75,44
2012MAHV01,Paul Mahvi,2015-11-22,10.32,45
2012MAHV01,Paul Mahvi,2015-11-22,10.4,46
2012MAHV01,Paul Mahvi,2016-01-03,9.5,47
2012MAHV01,Paul Mahvi,2016-01-03,9.88,48
2012MAHV01,Paul Mahvi,2016-01-09,9.38,49
2012MAHV01,Paul Mahvi,2016-01-09,9.63,50
2012MAHV01,Paul Mahvi,2016-01-09,10.43,51
2012MAHV01,Paul Mahvi,2016-02-20,9.25,52
2012MAHV01,Paul Mahvi,2016-02-20,9.5,53
2012MAHV01,Paul Mahvi,2016-02-20,9.27,54
2012MAHV01,Paul Mahvi,2016-04-10,11.07,55
2012MAHV01,Paul Mahvi,2016-04-10,10.12,56
2012MAHV01,Paul Mahvi,2016-04-10,12.82,57
2012MAHV01,Paul Mahvi,2016-04-16,10.81,58
2012MAHV01,Paul Mahvi,2016-04-16,9.86,59
2012MAHV01,Paul Mahvi,2016-04-16,9.18,60
2012MAHV01,Paul Mahvi,2016-06-26,11.52,61
2012MAHV01,Paul Mahvi,2016-06-26,9.79,62
2012MAHV01,Paul Mahvi,2016-06-26,9.82,63
2012MAHV01,Paul Mahvi,2016-07-02,9.74,64
2012MAHV01,Paul Mahvi,2016-07-02,10.01,65
2012MAHV01,Paul Mahvi,2016-07-02,9.9,66
2012MAHV01,Paul Mahvi,2016-07-15,9.01,67
2012MAHV01,Paul Mahvi,2016-07-15,10.04,68
2012MAHV01,Paul Mahvi,2016-07-15,11.7,69
2012MAHV01,Paul Mahvi,2016-07-29,9.14,70
2012MAHV01,Paul Mahvi,2016-07-29,10.35,71
2012MAHV01,Paul Mahvi,2016-07-29,10.09,72
2012MAHV01,Paul Mahvi,2016-09-17,10.28,73
2012MAHV01,Paul Mahvi,2016-09-17,9.84,74
2012MAHV01,Paul Mahvi,2016-09-17,9.73,75
2012MAHV01,Paul Mahvi,2016-11-12,9.07,76
2012MAHV01,Paul Mahvi,2016-11-12,10.22,77
2012MAHV01,Paul Mahvi,2016-11-12,9.75,78
2012MAHV01,Paul Mahvi,2016-11-19,9.0,79
2012MAHV01,Paul Mahvi,2016-11-19,9.42,80
2012MAHV01,Paul Mahvi,2016-11-19,10.31,81
2012MAHV01,Paul Mahvi,2016-12-17,9.41,82
2012MAHV01,Paul Mahvi,2016-12-17,9.47,83
2012MAHV01,Paul Mahvi,2016-12-17,10.5,84
2012MAHV01,Paul Mahvi,2017-01-21,9.63,85
2012MAHV01,Paul Mahvi,2017-01-21,9.39,86
2012MAHV01,Paul Mahvi,2017-01-21,9.9,87
2012MAHV01,Paul Mahvi,2017-02-11,9.28,88
2012MAHV01,Paul Mahvi,2017-02-11,9.93,89
2012MAHV01,Paul Mahvi,2017-02-11,10.07,90
2012MAHV01,Paul Mahvi,2017-03-18,9.62,91
2012MAHV01,Paul Mahvi,2017-03-18,9.09,92
2012MAHV01,Paul Mahvi,2017-03-18,9.89,93
2012MAHV01,Paul Mahvi,2017-03-25,9.17,94
2012MAHV01,Paul Mahvi,2017-03-25,9.8,95
2012MAHV01,Paul Mahvi,2017-03-25,9.33,96
2012MAHV01,Paul Mahvi,2017-04-22,9.04,97
2012MAHV01,Paul Mahvi,2017-04-22,9.12,98
2012MAHV01,Paul Mahvi,2017-04-22,8.57,99
2012MAHV01,Paul Mahvi,2017-05-20,9.28,100
2012MAHV01,Paul Mahvi,2017-05-20,8.21,101
2012MAHV01,Paul Mahvi,2017-05-20,8.79,102
2012MAHV01,Paul Mahvi,2017-06-24,8.89,103
2012MAHV01,Paul Mahvi,2017-06-24,8.96,104
2012MAHV01,Paul Mahvi,2017-06-24,8.73,105
2012MAHV01,Paul Mahvi,2017-07-01,8.68,106
2012MAHV01,Paul Mahvi,2017-07-01,9.42,107
2012MAHV01,Paul Mahvi,2017-07-01,8.73,108
2012MAHV01,Paul Mahvi,2017-07-08,8.56,109
2012MAHV01,Paul Mahvi,2017-07-08,9.9,110
2012MAHV01,Paul Mahvi,2017-07-13,8.42,111
2012MAHV01,Paul Mahvi,2017-07-13,9.35,112
2012MAHV01,Paul Mahvi,2017-07-13,9.15,113
2012MAHV01,Paul Mahvi,2017-08-26,9.21,114
2012MAHV01,Paul Mahvi,2017-08-26,8.73,115
2012MAHV01,Paul Mahvi,2017-08-26,8.65,116
2012MAHV01,Paul Mahvi,2017-09-16,9.26,117
2012MAHV01,Paul Mahvi,2017-09-16,10.94,118
2012MAHV01,Paul Mahvi,2017-10-08,9.38,119
2012MAHV01,Paul Mahvi,2017-10-08,10.12,120
2012MAHV01,Paul Mahvi,2017-10-08,8.75,121
2012MAHV01,Paul Mahvi,2017-10-28,9.8,122
2012MAHV01,Paul Mahvi,2017-10-28,8.62,123
2012MAHV01,Paul Mahvi,2017-10-28,8.11,124
2012MAHV01,Paul Mahvi,2017-11-11,8.91,125
2012MAHV01,Paul Mahvi,2017-11-11,8.83,126
2012MAHV01,Paul Mahvi,2017-11-11,8.49,127
2012MAHV01,Paul Mahvi,2017-11-18,9.12,128
2012MAHV01,Paul Mahvi,2017-11-18,7.88,129
2012MAHV01,Paul Mahvi,2017-11-18,8.75,130
2012MAHV01,Paul Mahvi,2017-12-16,8.48,131
2012MAHV01,Paul Mahvi,2017-12-16,9.33,132
2012MAHV01,Paul Mahvi,2017-12-16,9.33,133
2012MAHV01,Paul Mahvi,2018-01-13,8.43,134
2012MAHV01,Paul Mahvi,2018-01-13,8.75,135
2012MAHV01,Paul Mahvi,2018-01-13,9.75,136
2012MAHV01,Paul Mahvi,2018-01-27,10.45,137
2012MAHV01,Paul Mahvi,2018-01-27,9.09,138
2012MAHV01,Paul Mahvi,2018-01-27,9.02,139
2012MAHV01,Paul Mahvi,2018-02-17,9.15,140
2012MAHV01,Paul Mahvi,2018-02-17,8.53,141
2012MAHV01,Paul Mahvi,2018-02-17,9.03,142
2012MAHV01,Paul Mahvi,2018-02-24,9.59,143
2012MAHV01,Paul Mahvi,2018-02-24,9.59,144
2012MAHV01,Paul Mahvi,2018-02-24,8.46,145
2012MAHV01,Paul Mahvi,2018-04-07,8.41,146
2012MAHV01,Paul Mahvi,2018-04-07,8.49,147
2012MAHV01,Paul Mahvi,2018-04-07,8.46,148
2012MAHV01,Paul Mahvi,2018-04-28,8.78,149
2012MAHV01,Paul Mahvi,2018-04-28,8.85,150
2012MAHV01,Paul Mahvi,2018-04-28,8.7,151
2012MAHV01,Paul Mahvi,2018-05-27,8.27,152
2012MAHV01,Paul Mahvi,2018-05-27,9.47,153
2012MAHV01,Paul Mahvi,2018-05-27,8.94,154
2012MAHV01,Paul Mahvi,2018-06-15,8.78,155
2012MAHV01,Paul Mahvi,2018-06-15,7.52,156
2012MAHV01,Paul Mahvi,2018-06-15,8.37,157
2012MAHV01,Paul Mahvi,2018-07-08,7.86,158
2012MAHV01,Paul Mahvi,2018-07-08,8.91,159
2012MAHV01,Paul Mahvi,2018-07-08,9.17,160
2012MAHV01,Paul Mahvi,2018-07-14,8.8,161
2012MAHV01,Paul Mahvi,2018-07-14,8.96,162
2012MAHV01,Paul Mahvi,2018-07-14,9.47,163
2012MAHV01,Paul Mahvi,2018-07-15,8.93,164
2012MAHV01,Paul Mahvi,2018-07-15,9.46,165
2012MAHV01,Paul Mahvi,2018-07-15,9.47,166
2012MAHV01,Paul Mahvi,2018-07-27,8.67,167
2012MAHV01,Paul Mahvi,2018-07-27,9.15,168
2012MAHV01,Paul Mahvi,2018-07-27,8.97,169
2012MAHV01,Paul Mahvi,2018-08-10,8.34,170
2012MAHV01,Paul Mahvi,2018-08-10,9.59,171
2012MAHV01,Paul Mahvi,2018-08-10,8.57,172
2012MAHV01,Paul Mahvi,2018-08-25,8.9,173
2012MAHV01,Paul Mahvi,2018-08-25,9.41,174
2012MAHV01,Paul Mahvi,2018-08-25,8.43,175
2012MAHV01,Paul Mahvi,2018-10-21,8.36,176
2012MAHV01,Paul Mahvi,2018-10-21,9.16,177
2012MAHV01,Paul Mahvi,2018-10-21,7.72,178
2012MAHV01,Paul Mahvi,2018-11-03,8.95,179
2012MAHV01,Paul Mahvi,2018-11-03,9.33,180
2012MAHV01,Paul Mahvi,2018-11-03,8.67,181
2012MAHV01,Paul Mahvi,2018-11-17,9.05,182
2012MAHV01,Paul Mahvi,2018-11-17,9.72,183
2012MAHV01,Paul Mahvi,2018-11-17,9.27,184
2012MAHV01,Paul Mahvi,2018-12-14,8.53,185
2012MAHV01,Paul Mahvi,2018-12-14,8.46,186
2012MAHV01,Paul Mahvi,2018-12-14,9.24,187
2012MAHV01,Paul Mahvi,2019-01-05,9.19,188
2012MAHV01,Paul Mahvi,2019-01-05,9.66,189
2012MAHV01,Paul Mahvi,2019-01-05,9.45,190
2012MAHV01,Paul Mahvi,2019-02-16,8.26,191
2012MAHV01,Paul Mahvi,2019-02-16,8.37,192
2012MAHV01,Paul Mahvi,2019-02-16,8.36,193
2012MAHV01,Paul Mahvi,2019-02-23,8.3,194
2012MAHV01,Paul Mahvi,2019-02-23,8.1,195
2012MAHV01,Paul Mahvi,2019-02-23,9.56,196
2012MAHV01,Paul Mahvi,2019-03-10,7.98,197
2012MAHV01,Paul Mahvi,2019-03-10,8.17,198
2012MAHV01,Paul Mahvi,2019-03-10,8.28,199
2012MAHV01,Paul Mahvi,2019-03-30,9.41,200
2012MAHV01,Paul Mahvi,2019-03-30,8.13,201
2012MAHV01,Paul Mahvi,2019-03-30,8.15,202
2012MAHV01,Paul Mahvi,2019-04-21,9.11,203
2012MAHV01,Paul Mahvi,2019-04-21,9.01,204
2012MAHV01,Paul Mahvi,2019-04-21,7.74,205
2012MAHV01,Paul Mahvi,2019-05-04,8.01,206
2012MAHV01,Paul Mahvi,2019-05-04,8.35,207
2012MAHV01,Paul Mahvi,2019-05-04,7.69,208
2012MAHV01,Paul Mahvi,2019-05-11,8.26,209
2012MAHV01,Paul Mahvi,2019-05-11,7.76,210
2012MAHV01,Paul Mahvi,2019-05-11,7.53,211
2012MAHV01,Paul Mahvi,2019-05-25,8.28,212
2012MAHV01,Paul Mahvi,2019-05-25,8.91,213
2012MAHV01,Paul Mahvi,2019-05-25,7.92,214
2012MAHV01,Paul Mahvi,2019-06-01,8.55,215
2012MAHV01,Paul Mahvi,2019-06-01,8.65,216
2012MAHV01,Paul Mahvi,2019-06-01,9.72,217
2012MAHV01,Paul Mahvi,2019-06-22,9.91,218
2012MAHV01,Paul Mahvi,2019-06-22,8.77,219
2012MAHV01,Paul Mahvi,2019-06-22,8.66,220
2012MAHV01,Paul Mahvi,2019-07-06,8.54,221
2012MAHV01,Paul Mahvi,2019-07-06,8.31,222
2012MAHV01,Paul Mahvi,2019-07-11,8.39,223
2012MAHV01,Paul Mahvi,2019-07-11,7.9,224
2012MAHV01,Paul Mahvi,2019-07-11,9.52,225
2012MAHV01,Paul Mahvi,2019-07-26,9.07,226
2012MAHV01,Paul Mahvi,2019-07-26,9.34,227
2012MAHV01,Paul Mahvi,2019-07-26,9.44,228
2012MAHV01,Paul Mahvi,2019-07-26,9.42,229
2012MAHV01,Paul Mahvi,2019-08-01,8.76,230
2012MAHV01,Paul Mahvi,2019-08-01,8.64,231
2012MAHV01,Paul Mahvi,2019-08-01,8.9,232
2012MAHV01,Paul Mahvi,2019-08-16,9.28,233
2012MAHV01,Paul Mahvi,2019-08-16,8.9,234
2012MAHV01,Paul Mahvi,2019-08-16,8.81,235
2012MAHV01,Paul Mahvi,2019-08-16,9.38,236
2012MAHV01,Paul Mahvi,2019-09-08,9.16,237
2012MAHV01,Paul Mahvi,2019-09-08,8.9,238
2012MAHV01,Paul Mahvi,2019-09-08,7.62,239
2012MAHV01,Paul Mahvi,2019-09-21,8.97,240
2012MAHV01,Paul Mahvi,2019-09-21,8.18,241
2012MAHV01,Paul Mahvi,2019-09-21,8.31,242
2012MAHV01,Paul Mahvi,2019-09-28,8.13,243
2012MAHV01,Paul Mahvi,2019-09-28,8.77,244
2012MAHV01,Paul Mahvi,2019-09-28,8.52,245
2012MAHV01,Paul Mahvi,2019-10-12,8.22,246
2012MAHV01,Paul Mahvi,2019-10-12,8.12,247
2012MAHV01,Paul Mahvi,2019-10-12,8.26,248
2012MAHV01,Paul Mahvi,2019-10-19,8.54,249
2012MAHV01,Paul Mahvi,2019-10-19,8.97,250
2012MAHV01,Paul Mahvi,2019-10-19,8.24,251
2012MAHV01,Paul Mahvi,2019-11-10,8.69,252
2012MAHV01,Paul Mahvi,2019-11-10,8.16,253
2012MAHV01,Paul Mahvi,2019-11-10,9.31,254
2012MAHV01,Paul Mahvi,2019-12-01,8.38,255
2012MAHV01,Paul Mahvi,2019-12-01,8.58,256
2012MAHV01,Paul Mahvi,2019-12-01,9.67,257
2012MAHV01,Paul Mahvi,2019-12-07,8.71,258
2012MAHV01,Paul Mahvi,2019-12-07,7.68,259
2012MAHV01,Paul Mahvi,2019-12-07,7.98,260
2012MAHV01,Paul Mahvi,2019-12-14,8.1,261
2012MAHV01,Paul Mahvi,2019-12-14,6.73,262
2012MAHV01,Paul Mahvi,2019-12-14,8.59,263
2012MAHV01,Paul Mahvi,2019-12-21,8.09,264
2012MAHV01,Paul Mahvi,2019-12-21,8.3,265
2012MAHV01,Paul Mahvi,2019-12-21,8.29,266
2012MAHV01,Paul Mahvi,2020-01-12,8.92,267
2012MAHV01,Paul Mahvi,2020-01-12,7.74,268
2012MAHV01,Paul Mahvi,2020-01-12,9.69,269
2012MAHV01,Paul Mahvi,2020-01-18,8.09,270
2012MAHV01,Paul Mahvi,2020-01-18,8.41,271
2012MAHV01,Paul Mahvi,2020-01-18,8.83,272
2012MAHV01,Paul Mahvi,2020-01-25,8.54,273
2012MAHV01,Paul Mahvi,2020-01-25,8.44,274
2012MAHV01,Paul Mahvi,2020-01-25,8.23,275
2012MAHV01,Paul Mahvi,2020-02-15,8.77,276
2012MAHV01,Paul Mahvi,2020-02-15,8.09,277
2012MAHV01,Paul Mahvi,2020-02-15,8.47,278
2012MAHV01,Paul Mahvi,2020-02-22,7.2,279
2012MAHV01,Paul Mahvi,2020-02-22,7.99,280
2012MAHV01,Paul Mahvi,2020-02-22,9.28,281
2012MAHV01,Paul Mahvi,2020-02-22,7.86,282
2012MAHV01,Paul Mahvi,2021-07-16,7.45,283
2012MAHV01,Paul Mahvi,2021-07-16,8.44,284
2012MAHV01,Paul Mahvi,2021-11-06,7.7,285
2012MAHV01,Paul Mahvi,2021-11-06,9.04,286
2012MAHV01,Paul Mahvi,2021-11-06,7.91,287
2012MAHV01,Paul Mahvi,2021-11-13,6.89,288
2012MAHV01,Paul Mahvi,2021-11-13,7.59,289
2012MAHV01,Paul Mahvi,2021-11-13,8.07,290
2012MAHV01,Paul Mahvi,2021-11-20,7.79,291
2012MAHV01,Paul Mahvi,2021-11-20,9.21,292
2012MAHV01,Paul Mahvi,2021-11-26,8.28,293
2012MAHV01,Paul Mahvi,2021-11-26,7.83,294
2012MAHV01,Paul Mahvi,2021-12-11,7.69,295
2012MAHV01,Paul Mahvi,2021-12-11,8.55,296
2012MAHV01,Paul Mahvi,2021-12-11,7.87,297
2012MAHV01,Paul Mahvi,2022-02-05,8.34,298
2012MAHV01,Paul Mahvi,2022-02-05,7.71,299
2012MAHV01,Paul Mahvi,2022-02-05,6.9,300
2012MAHV01,Paul Mahvi,2022-02-12,8.05,301
2012MAHV01,Paul Mahvi,2022-02-12,8.26,302
2012MAHV01,Paul Mahvi,2022-02-12,8.15,303
2012MAHV01,Paul Mahvi,2022-03-19,7.98,304
2012MAHV01,Paul Mahvi,2022-03-19,7.94,305
2012MAHV01,Paul Mahvi,2022-03-19,7.5,306
2012MAHV01,Paul Mahvi,2022-03-27,8.54,307
2012MAHV01,Paul Mahvi,2022-03-27,8.21,308
2012MAHV01,Paul Mahvi,2022-03-27,7.66,309
2012MAHV01,Paul Mahvi,2022-04-30,8.24,310
2012MAHV01,Paul Mahvi,2022-04-30,8.48,311
2012MAHV01,Paul Mahvi,2022-04-30,8.48,312
2012MAHV01,Paul Mahvi,2022-05-22,8.67,313
2012MAHV01,Paul Mahvi,2022-05-22,8.57,314
2012MAHV01,Paul Mahvi,2022-05-22,8.29,315
2012MAHV01,Paul Mahvi,2022-06-11,8.52,316
2012MAHV01,Paul Mahvi,2022-06-11,8.12,317
2012MAHV01,Paul Mahvi,2022-06-11,8.5,318
2012MAHV01,Paul Mahvi,2022-07-03,7.18,319
2012MAHV01,Paul Mahvi,2022-07-03,8.81,320
2012MAHV01,Paul Mahvi,2022-07-03,8.12,321
2012MAHV01,Paul Mahvi,2022-07-07,8.07,322
2012MAHV01,Paul Mahvi,2022-07-07,8.53,323
2012MAHV01,Paul Mahvi,2022-07-07,7.76,324
2012MAHV01,Paul Mahvi,2022-07-14,7.79,325
2012MAHV01,Paul Mahvi,2022-07-14,8.02,326
2012MAHV01,Paul Mahvi,2022-07-14,9.36,327
2012MAHV01,Paul Mahvi,2022-08-13,8.19,328
2012MAHV01,Paul Mahvi,2022-08-13,8.61,329
2012MAHV01,Paul Mahvi,2022-08-13,7.74,330
2012MAHV01,Paul Mahvi,2022-08-19,8.51,331
2012MAHV01,Paul Mahvi,2022-08-19,9.22,332
2012MAHV01,Paul Mahvi,2022-08-19,7.92,333
2012MAHV01,Paul Mahvi,2022-08-19,8.21,334
2012MAHV01,Paul Mahvi,2022-08-28,8.5,335
2012MAHV01,Paul Mahvi,2022-08-28,8.71,336
2012MAHV01,Paul Mahvi,2022-08-28,9.08,337
2012MAHV01,Paul Mahvi,2022-09-10,7.55,338
2012MAHV01,Paul Mahvi,2022-09-10,8.12,339
2012MAHV01,Paul Mahvi,2022-09-10,9.04,340
2012MAHV01,Paul Mahvi,2022-09-24,8.76,341
2012MAHV01,Paul Mahvi,2022-09-24,7.81,342
2012MAHV01,Paul Mahvi,2022-09-24,8.62,343
2012MAHV01,Paul Mahvi,2022-09-24,7.78,344
2012MAHV01,Paul Mahvi,2022-10-07,7.7,345
2012MAHV01,Paul Mahvi,2022-10-07,8.67,346
2012MAHV01,Paul Mahvi,2022-10-07,8.17,347
2012MAHV01,Paul Mahvi,2022-10-07,8.86,348
2012MAHV01,Paul Mahvi,2022-10-22,9.02,349
2012MAHV01,Paul Mahvi,2022-10-22,8.12,350
2012MAHV01,Paul Mahvi,2022-10-22,8.69,351
2012MAHV01,Paul Mahvi,2022-11-05,8.03,352
2012MAHV01,Paul Mahvi,2022-11-05,7.78,353
2012MAHV01,Paul Mahvi,2022-11-05,8.06,354
2012MAHV01,Paul Mahvi,2022-11-19,8.86,355
2012MAHV01,Paul Mahvi,2022-11-19,7.55,356
2012MAHV01,Paul Mahvi,2022-11-19,8.27,357
2012MAHV01,Paul Mahvi,2022-11-19,8.16,358
2012MAHV01,Paul Mahvi,2022-12-04,6.91,359
2012MAHV01,Paul Mahvi,2022-12-04,7.84,360
2012MAHV01,Paul Mahvi,2022-12-04,8.16,361
2012MAHV01,Paul Mahvi,2022-12-04,8.48,362
2012MAHV01,Paul Mahvi,2022-12-17,7.88,363
2012MAHV01,Paul Mahvi,2022-12-17,8.41,364
2012MAHV01,Paul Mahvi,2022-12-17,9.32,365
2012MAHV01,Paul Mahvi,2023-01-14,9.38,366
2012MAHV01,Paul Mahvi,2023-01-14,7.57,367
2012MAHV01,Paul Mahvi,2023-01-14,9.48,368
2012MAHV01,Paul Mahvi,2023-01-21,8.75,369
2012MAHV01,Paul Mahvi,2023-01-21,8.41,370
2012MAHV01,Paul Mahvi,2023-01-21,7.97,371
2012MAHV01,Paul Mahvi,2023-01-21,8.5,372
2012MAHV01,Paul Mahvi,2023-02-12,8.73,373
2012MAHV01,Paul Mahvi,2023-02-12,8.16,374
2012MAHV01,Paul Mahvi,2023-02-12,8.11,375
2012MAHV01,Paul Mahvi,2023-02-12,8.07,376
2012MAHV01,Paul Mahvi,2023-02-18,7.76,377
2012MAHV01,Paul Mahvi,2023-02-18,7.57,378
2012MAHV01,Paul Mahvi,2023-02-18,9.57,379
2012MAHV01,Paul Mahvi,2023-02-25,9.48,380
2012MAHV01,Paul Mahvi,2023-02-25,8.68,381
2012MAHV01,Paul Mahvi,2023-02-25,8.21,382
2012MAHV01,Paul Mahvi,2023-03-11,7.66,383
2012MAHV01,Paul Mahvi,2023-03-11,8.51,384
2012MAHV01,Paul Mahvi,2023-03-11,8.52,385
2012MAHV01,Paul Mahvi,2023-03-25,8.43,386
2012MAHV01,Paul Mahvi,2023-03-25,7.52,387
2012MAHV01,Paul Mahvi,2023-03-25,8.32,388
2012MAHV01,Paul Mahvi,2023-04-01,7.78,389
2012MAHV01,Paul Mahvi,2023-04-01,9.56,390
2012MAHV01,Paul Mahvi,2023-04-01,8.58,391
2012MAHV01,Paul Mahvi,2023-04-15,8.94,392
2012MAHV01,Paul Mahvi,2023-04-15,8.27,393
2012MAHV01,Paul Mahvi,2023-04-15,8.83,394
2012MAHV01,Paul Mahvi,2023-04-22,8.43,395
2012MAHV01,Paul Mahvi,2023-04-22,8.02,396
2012MAHV01,Paul Mahvi,2023-04-22,8.43,397
2012MAHV01,Paul Mahvi,2023-04-29,8.02,398
2012MAHV01,Paul Mahvi,2023-04-29,8.5,399
2012MAHV01,Paul Mahvi,2023-04-29,8.29,400
2012MAHV01,Paul Mahvi,2023-05-06,7.54,401
2012MAHV01,Paul Mahvi,2023-05-06,7.77,402
2012MAHV01,Paul Mahvi,2023-05-20,8.88,403
2012MAHV01,Paul Mahvi,2023-05-20,8.63,404
2012MAHV01,Paul Mahvi,2023-05-20,7.97,405
2012MAHV01,Paul Mahvi,2023-05-27,7.88,406
2012MAHV01,Paul Mahvi,2023-05-27,8.22,407
2012MAHV01,Paul Mahvi,2023-06-03,8.29,408
2012MAHV01,Paul Mahvi,2023-06-03,8.09,409
2012MAHV01,Paul Mahvi,2023-06-03,7.97,410
2012MAHV01,Paul Mahvi,2023-06-10,8.02,411
2012MAHV01,Paul Mahvi,2023-06-10,7.95,412
2012MAHV01,Paul Mahvi,2023-06-10,7.72,413
2012MAHV01,Paul Mahvi,2023-06-17,7.71,414
2012MAHV01,Paul Mahvi,2023-06-17,8.18,415
2012MAHV01,Paul Mahvi,2023-06-17,9.38,416
2012MAHV01,Paul Mahvi,2023-06-25,7.51,417
2012MAHV01,Paul Mahvi,2023-06-25,7.89,418
2012MAHV01,Paul Mahvi,2023-06-25,8.98,419
2012MAHV01,Paul Mahvi,2023-06-30,7.82,420
2012MAHV01,Paul Mahvi,2023-06-30,7.3,421
2012MAHV01,Paul Mahvi,2023-06-30,7.67,422
2012MAHV01,Paul Mahvi,2023-06-30,9.44,423
2012MAHV01,Paul Mahvi,2023-07-13,8.52,424
2012MAHV01,Paul Mahvi,2023-07-13,8.29,425
2012MAHV01,Paul Mahvi,2023-07-13,8.24,426
2012MAHV01,Paul Mahvi,2023-07-27,7.68,427
2012MAHV01,Paul Mahvi,2023-07-27,7.86,428
2012MAHV01,Paul Mahvi,2023-07-27,9.32,429
2012MAHV01,Paul Mahvi,2023-08-12,7.06,430
2012MAHV01,Paul Mahvi,2023-08-12,8.5,431
2012MAHV01,Paul Mahvi,2023-08-26,7.44,432
2012MAHV01,Paul Mahvi,2023-08-26,8.81,433
2012MAHV01,Paul Mahvi,2023-08-26,8.48,434
2012MAHV01,Paul Mahvi,2023-09-03,7.55,435
2012MAHV01,Paul Mahvi,2023-09-03,7.72,436
2012MAHV01,Paul Mahvi,2023-09-03,8.68,437
2012MAHV01,Paul Mahvi,2023-09-09,7.34,438
2012MAHV01,Paul Mahvi,2023-09-09,8.64,439
2012MAHV01,Paul Mahvi,2023-09-09,8.78,440
2012MAHV01,Paul Mahvi,2023-09-17,7.75,441
2012MAHV01,Paul Mahvi,2023-09-17,9.15,442
2012MAHV01,Paul Mahvi,2023-09-17,7.13,443
2012MAHV01,Paul Mahvi,2023-09-24,9.24,444
2012MAHV01,Paul Mahvi,2023-09-24,9.02,445
2012MAHV01,Paul Mahvi,2023-09-24,8.85,446
2012MAHV01,Paul Mahvi,2023-09-24,9.24,447
2012MAHV01,Paul Mahvi,2023-10-01,8.58,448
2012MAHV01,Paul Mahvi,2023-10-01,8.08,449
2012MAHV01,Paul Mahvi,2023-10-01,8.04,450
2012MAHV01,Paul Mahvi,2023-10-07,7.95,451
2012MAHV01,Paul Mahvi,2023-10-07,8.78,452
2012MAHV01,Paul Mahvi,2023-10-07,8.06,453
2012MAHV01,Paul Mahvi,2023-10-15,8.69,454
2012MAHV01,Paul Mahvi,2023-10-15,8.78,455
2012MAHV01,Paul Mahvi,2023-10-15,8.51,456
2012MAHV01,Paul Mahvi,2023-10-29,8.27,457
2012MAHV01,Paul Mahvi,2023-10-29,8.47,458
2012MAHV01,Paul Mahvi,2023-10-29,8.47,459
2012MAHV01,Paul Mahvi,2023-10-29,9.39,460
2012MAHV01,Paul Mahvi,2023-11-05,9.09,461
2012MAHV01,Paul Mahvi,2023-11-05,7.47,462
2012MAHV01,Paul Mahvi,2023-11-05,7.66,463
2012MAHV01,Paul Mahvi,2023-11-11,9.19,464
2012MAHV01,Paul Mahvi,2023-11-11,7.56,465
2012MAHV01,Paul Mahvi,2023-11-11,8.0,466
2012MAHV01,Paul Mahvi,2023-11-18,8.06,467
2012MAHV01,Paul Mahvi,2023-11-18,8.19,468
2012MAHV01,Paul Mahvi,2023-11-18,8.15,469
2012MAHV01,Paul Mahvi,2023-12-03,7.56,470
2012MAHV01,Paul Mahvi,2023-12-03,8.34,471
2012MAHV01,Paul Mahvi,2023-12-03,8.27,472
2012MAHV01,Paul Mahvi,2023-12-10,7.82,473
2012MAHV01,Paul Mahvi,2023-12-10,7.05,474
2012MAHV01,Paul Mahvi,2023-12-10,7.74,475
2012MAHV01,Paul Mahvi,2023-12-17,7.87,476
2012MAHV01,Paul Mahvi,2023-12-17,8.51,477
2012MAHV01,Paul Mahvi,2023-12-17,7.87,478
2012MAHV01,Paul Mahvi,2024-01-05,8.72,479
2012MAHV01,Paul Mahvi,2024-01-05,8.0,480
2012MAHV01,Paul Mahvi,2024-01-05,8.46,481
2012MAHV01,Paul Mahvi,2024-01-05,8.1,482
2012MAHV01,Paul Mahvi,2024-01-14,8.23,483
2012MAHV01,Paul Mahvi,2024-01-14,7.37,484
2012MAHV01,Paul Mahvi,2024-01-14,8.68,485
2012MAHV01,Paul Mahvi,2024-01-20,8.53,486
2012MAHV01,Paul Mahvi,2024-01-20,7.51,487
2012MAHV01,Paul Mahvi,2024-01-20,8.3,488
2012MAHV01,Paul Mahvi,2024-01-27,8.23,489
2012MAHV01,Paul Mahvi,2024-01-27,9.15,490
2012MAHV01,Paul Mahvi,2024-01-27,8.09,491
2012MAHV01,Paul Mahvi,2024-02-04,8.28,492
2012MAHV01,Paul Mahvi,2024-02-04,8.24,493
2012MAHV01,Paul Mahvi,2024-02-04,9.14,494
2012MAHV01,Paul Mahvi,2024-02-18,8.51,495
2012MAHV01,Paul Mahvi,2024-02-18,7.84,496
2012MAHV01,Paul Mahvi,2024-02-18,8.15,497
2012MAHV01,Paul Mahvi,2024-02-18,8.18,498
2012MAHV01,Paul Mahvi,2024-03-09,7.34,499
2012MAHV01,Paul Mahvi,2024-03-09,6.78,500
2012MAHV01,Paul Mahvi,2024-03-09,8.77,501
2012MAHV01,Paul Mahvi,2024-03-16,8.93,502
2012MAHV01,Paul Mahvi,2024-03-16,7.49,503
2012MAHV01,Paul Mahvi,2024-03-16,7.6,504
2012MAHV01,Paul Mahvi,2024-03-17,7.95,505
2012MAHV01,Paul Mahvi,2024-03-17,7.59,506
2012MAHV01,Paul Mahvi,2024-03-17,7.59,507
2012MAHV01,Paul Mahvi,2024-03-23,8.64,508
2012MAHV01,Paul Mahvi,2024-03-23,8.03,509
2012MAHV01,Paul Mahvi,2024-03-23,7.5,510
2012MAHV01,Paul Mahvi,2024-03-30,9.22,511
2012MAHV01,Paul Mahvi,2024-03-30,8.38,512
2012MAHV01,Paul Mahvi,2024-03-30,9.03,513
2012MAHV01,Paul Mahvi,2024-04-06,8.12,514
2012MAHV01,Paul Mahvi,2024-04-06,7.82,515
2012MAHV01,Paul Mahvi,2024-04-06,7.36,516
2012MAHV01,Paul Mahvi,2024-04-08,8.41,517
2012MAHV01,Paul Mahvi,2024-04-08,7.17,518
2012MAHV01,Paul Mahvi,2024-04-08,8.08,519
2012MAHV01,Paul Mahvi,2024-04-12,6.98,520
2012MAHV01,Paul Mahvi,2024-04-12,7.76,521
2012MAHV01,Paul Mahvi,2024-04-12,8.22,522
2012MAHV01,Paul Mahvi,2024-04-20,7.72,523
2012MAHV01,Paul Mahvi,2024-04-20,7.73,524
2012MAHV01,Paul Mahvi,2024-04-20,8.07,525
2012MAHV01,Paul Mahvi,2024-04-21,7.64,526
2012MAHV01,Paul Mahvi,2024-04-27,8.09,527
2012MAHV01,Paul Mahvi,2024-04-27,7.81,528
2012MAHV01,Paul Mahvi,2024-04-27,8.58,529
2012MAHV01,Paul Mahvi,2024-05-04,8.09,530
2012MAHV01,Paul Mahvi,2024-05-04,7.33,531
2012MAHV01,Paul Mahvi,2024-05-04,6.72,532
2012MAHV01,Paul Mahvi,2024-05-11,7.72,533
2012MAHV01,Paul Mahvi,2024-05-11,9.02,534
2012MAHV01,Paul Mahvi,2024-05-11,8.21,535
2012MAHV01,Paul Mahvi,2024-05-25,8.34,536
2012MAHV01,Paul Mahvi,2024-05-25,9.11,537
2012MAHV01,Paul Mahvi,2024-05-25,8.38,538
2012MAHV01,Paul Mahvi,2024-05-25,9.11,539
2012MAHV01,Paul Mahvi,2024-06-02,7.55,540
2012MAHV01,Paul Mahvi,2024-06-02,7.34,541
2012MAHV01,Paul Mahvi,2024-06-02,7.25,542
2012MAHV01,Paul Mahvi,2024-06-09,7.82,543
2012MAHV01,Paul Mahvi,2024-06-09,8.24,544
2012MAHV01,Paul Mahvi,2024-06-09,7.55,545
2012MAHV01,Paul Mahvi,2024-06-22,7.54,546
2012MAHV01,Paul Mahvi,2024-06-22,8.94,547
2012MAHV01,Paul Mahvi,2024-06-22,7.73,548
2012MAHV01,Paul Mahvi,2024-06-22,7.87,549
2012MAHV01,Paul Mahvi,2024-07-07,9.43,550
2012MAHV01,Paul Mahvi,2024-07-07,8.12,551
2012MAHV01,Paul Mahvi,2024-07-07,8.24,552
2012MAHV01,Paul Mahvi,2024-07-18,7.54,553
2012MAHV01,Paul Mahvi,2024-07-18,9.37,554
2012MAHV01,Paul Mahvi,2024-08-02,7.89,555
2012MAHV01,Paul Mahvi,2024-08-02,7.04,556
2012MAHV01,Paul Mahvi,2024-08-02,7.39,557
2012MAHV01,Paul Mahvi,2024-08-02,7.74,558
2012MAHV01,Paul Mahvi,2024-08-17,8.16,559
2012MAHV01,Paul Mahvi,2024-08-17,7.53,560
2012MAHV01,Paul Mahvi,2024-08-17,8.29,561
2012MAHV01,Paul Mahvi,2024-08-31,7.62,562
2012MAHV01,Paul Mahvi,2024-08-31,7.81,563
2012MAHV01,Paul Mahvi,2024-08-31,8.4,564
2012MAHV01,Paul Mahvi,2024-08-31,8.35,565
2012MAHV01,Paul Mahvi,2024-09-15,7.79,566
2012MAHV01,Paul Mahvi,2024-09-15,8.59,567
2012MAHV01,Paul Mahvi,2024-09-28,8.09,568
2012MAHV01,Paul Mahvi,2024-09-28,9.06,569
2012MAHV01,Paul Mahvi,2024-09-28,7.67,570
2012MAHV01,Paul Mahvi,2024-09-29,7.27,571
2012MAHV01,Paul Mahvi,2024-09-29,7.37,572
2012MAHV01,Paul Mahvi,2024-10-20,7.89,573
2012MAHV01,Paul Mahvi,2024-10-20,7.89,574
2012MAHV01,Paul Mahvi,2024-10-20,8.58,575
2012MAHV01,Paul Mahvi,2024-11-09,8.07,576
2012MAHV01,Paul Mahvi,2024-11-09,8.72,577
2012MAHV01,Paul Mahvi,2024-11-09,8.58,578
2012MAHV01,Paul Mahvi,2024-11-16,8.36,579
2012MAHV01,Paul Mahvi,2024-11-16,8.03,580
2012MAHV01,Paul Mahvi,2024-11-16,7.84,581
2012MAHV01,Paul Mahvi,2024-11-30,7.58,582
2012MAHV01,Paul Mahvi,2024-11-30,8.36,583
2012MAHV01,Paul Mahvi,2024-11-30,9.08,584
2012MAHV01,Paul Mahvi,2024-12-08,8.37,585
2012MAHV01,Paul Mahvi,2024-12-08,8.48,586
2012MAHV01,Paul Mahvi,2024-12-15,7.33,587
2012MAHV01,Paul Mahvi,2024-12-15,7.91,588
2012MAHV01,Paul Mahvi,2024-12-15,7.88,589
2012MAHV01,Paul Mahvi,2025-01-04,8.03,590
2012MAHV01,Paul Mahvi,2025-01-04,8.3,591
2012MAHV01,Paul Mahvi,2025-01-04,7.81,592
2012MAHV01,Paul Mahvi,2025-01-12,7.55,593
2012MAHV01,Paul Mahvi,2025-01-12,8.06,594
2012MAHV01,Paul Mahvi,2025-01-12,8.42,595
2012MAHV01,Paul Mahvi,2025-01-19,8.21,596
2012MAHV01,Paul Mahvi,2025-01-19,7.48,597
2012MAHV01,Paul Mahvi,2025-01-19,8.48,598
2012MAHV01,Paul Mahvi,2025-02-07,9.1,599
2012MAHV01,Paul Mahvi,2025-02-07,7.33,600
2012MAHV01,Paul Mahvi,2025-02-15,8.16,601
2012MAHV01,Paul Mahvi,2025-02-15,8.69,602
2012MAHV01,Paul Mahvi,2025-03-02,7.8,603
2012MAHV01,Paul Mahvi,2025-03-02,8.66,604
2012MAHV01,Paul Mahvi,2025-03-02,7.91,605
2012MAHV01,Paul Mahvi,2025-03-02,9.06,606
2012MAHV01,Paul Mahvi,2025-03-08,8.14,607
2012MAHV01,Paul Mahvi,2025-03-08,8.89,608
2012MAHV01,Paul Mahvi,2025-03-08,8.12,609
2012MAHV01,Paul Mahvi,2025-03-14,8.05,610
2012MAHV01,Paul Mahvi,2025-03-14,7.55,611
2012MAHV01,Paul Mahvi,2025-03-14,8.53,612
2012MAHV01,Paul Mahvi,2025-03-22,8.23,613
2012MAHV01,Paul Mahvi,2025-03-22,9.11,614
2012MAHV01,Paul Mahvi,2025-03-22,7.25,615
2012MAHV01,Paul Mahvi,2025-03-29,8.01,616
2012MAHV01,Paul Mahvi,2025-03-29,7.66,617
2012MAHV01,Paul Mahvi,2025-03-29,7.79,618
2012MAHV01,Paul Mahvi,2025-04-12,7.64,619
2012MAHV01,Paul Mahvi,2025-04-12,7.85,620
2012MAHV01,Paul Mahvi,2025-04-12,7.5,621
2012MAHV01,Paul Mahvi,2025-04-27,8.03,622
2012MAHV01,Paul Mahvi,2025-04-27,8.21,623
2012MAHV01,Paul Mahvi,2025-04-27,7.61,624
2012MAHV01,Paul Mahvi,2025-05-18,9.14,625
2012MAHV01,Paul Mahvi,2025-05-18,7.47,626
2012MAHV01,Paul Mahvi,2025-05-18,8.19,627
2012MAHV01,Paul Mahvi,2025-06-25,7.51,628
2012MAHV01,Paul Mahvi,2025-06-25,8.26,629
2012MAHV01,Paul Mahvi,2025-06-28,8.31,630
2012MAHV01,Paul Mahvi,2025-06-28,7.9,631
2012MAHV01,Paul Mahvi,2025-06-28,7.73,632
2012MAHV01,Paul Mahvi,2025-06-28,8.39,633
2012MAHV01,Paul Mahvi,2025-07-03,8.64,634
2012MAHV01,Paul Mahvi,2025-07-03,8.48,635
2012MAHV01,Paul Mahvi,2025-07-18,7.34,636
2012MAHV01,Paul Mahvi,2025-07-18,8.13,637
2012MAHV01,Paul Mahvi,2025-07-18,8.66,638
2012MAHV01,Paul Mahvi,2025-08-02,8.43,639
2012MAHV01,Paul Mahvi,2025-08-02,9.38,640
2012MAHV01,Paul Mahvi,2025-08-02,10.4,641
2012MAHV01,Paul Mahvi,2025-08-09,8.68,642
2012MAHV01,Paul Mahvi,2025-08-09,7.91,643
2012MAHV01,Paul Mahvi,2025-08-09,8.35,644
2012MAHV01,Paul Mahvi,2025-08-29,7.45,645
2012MAHV01,Paul Mahvi,2025-08-29,8.58,646
2012MAHV01,Paul Mahvi,2025-08-29,6.89,647
2012MAHV01,Paul Mahvi,2025-08-29,9.33,648
2012MAHV01,Paul Mahvi,2025-09-28,8.17,649
2012MAHV01,Paul Mahvi,2025-09-28,7.8,650
2012MAHV01,Paul Mahvi,2025-09-28,7.82,651
2012MAHV01,Paul Mahvi,2025-10-04,7.87,652
2012MAHV01,Paul Mahvi,2025-10-04,8.49,653
2012MAHV01,Paul Mahvi,2025-10-19,7.5,654
2012MAHV01,Paul Mahvi,2025-10-19,7.7,655
2012MAHV01,Paul Mahvi,2025-10-25,8.5,656
2012MAHV01,Paul Mahvi,2025-10-25,9.3,657
2012MAHV01,Paul Mahvi,2025-10-25,8.25,658
2012MAHV01,Paul Mahvi,2025-11-01,7.89,659
2012MAHV01,Paul Mahvi,2025-11-15,7.22,660
2012MAHV01,Paul Mahvi,2025-11-15,8.54,661
2012MAHV01,Paul Mahvi,2025-11-15,8.02,662
2012MAHV01,Paul Mahvi,2025-11-22,9.38,663
2012MAHV01,Paul Mahvi,2025-11-22,7.15,664
2012MAHV01,Paul Mahvi,2025-11-22,8.04,665
2012MAHV01,Paul Mahvi,2025-12-13,7.62,666
2012MAHV01,Paul Mahvi,2025-12-13,7.99,667
2012MAHV01,Paul Mahvi,2025-12-13,7.61,668
2012MAHV01,Paul Mahvi,2026-01-09,6.98,669
2012MAHV01,Paul Mahvi,2026-01-09,8.77,670
2012MAHV01,Paul Mahvi,2026-01-09,8.96,671
2012MAHV01,Paul Mahvi,2026-01-18,8.15,672
2012MAHV01,Paul Mahvi,2026-01-18,7.54,673
2012MAHV01,Paul Mahvi,2026-01-18,7.62,674
2012MAHV01,Paul Mahvi,2026-02-07,8.38,675
2012MAHV01,Paul Mahvi,2026-02-07,7.85,676
2012MAHV01,Paul Mahvi,2026-02-07,8.12,677
2012MAHV01,Paul Mahvi,2026-02-26,7.48,678
2012MAHV01,Paul Mahvi,2026-02-26,7.76,679
2012MAHV01,Paul Mahvi,2026-03-01,8.61,680
2012MAHV01,Paul Mahvi,2026-03-01,8.0,681
2012MAHV01,Paul Mahvi,2026-03-01,8.34,682
2012MAHV01,Paul Mahvi,2026-03-07,7.75,683
2012MAHV01,Paul Mahvi,2026-03-07,7.71,684
2012MAHV01,Paul Mahvi,2026-03-07,7.12,685
2012MAHV01,Paul Mahvi,2026-03-14,7.96,686
2012MAHV01,Paul Mahvi,2026-03-14,8.52,687
2012MAHV01,Paul Mahvi,2026-03-21,7.69,688
2012MAHV01,Paul Mahvi,2026-03-21,8.35,689
2012MAHV01,Paul Mahvi,2026-04-19,8.46,690
2012MAHV01,Paul Mahvi,2026-04-19,8.75,691
2012MAHV01,Paul Mahvi,2026-04-19,7.2,692
2012MAHV01,Paul Mahvi,2026-05-01,7.29,693
2012MAHV01,Paul Mahvi,2026-05-01,7.95,694
2012MAHV01,Paul Mahvi,2026-05-01,8.07,695
2012MAHV01,Paul Mahvi,2026-05-09,8.27,696
2012MAHV01,Paul Mahvi,2026-05-09,7.86,697
2012MAHV01,Paul Mahvi,2026-05-09,8.01,698
2012MAHV01,Paul Mahvi,2026-05-23,8.7,699
2012MAHV01,Paul Mahvi,2026-05-23,9.04,700
2012MAHV01,Paul Mahvi,2026-05-23,8.09,701
2012PARK03,Max Park,2012-08-18,20.56,1
2012PARK03,Max Park,2012-10-14,16.6,2
2012PARK03,Max Park,2012-10-14,19.01,3
2012PARK03,Max Park,2013-05-25,15.13,4
2012PARK03,Max Park,2013-06-08,13.96,5
2012PARK03,Max Park,2013-06-08,15.0,6
2012PARK03,Max Park,2013-07-26,14.08,7
2012PARK03,Max Park,2013-07-26,14.98,8
2012PARK03,Max Park,2013-08-17,14.51,9
2012PARK03,Max Park,2013-10-12,12.49,10
2012PARK03,Max Park,2013-10-12,13.7,11
2012PARK03,Max Park,2013-11-16,15.07,12
2012PARK03,Max Park,2014-02-22,12.99,13
2012PARK03,Max Park,2014-10-04,12.4,14
2012PARK03,Max Park,2014-10-04,13.91,15
2012PARK03,Max Park,2015-01-17,11.79,16
2012PARK03,Max Park,2015-01-17,11.96,17
2012PARK03,Max Park,2015-01-17,11.27,18
2012PARK03,Max Park,2015-05-23,11.87,19
2012PARK03,Max Park,2015-05-23,11.06,20
2012PARK03,Max Park,2015-05-23,11.55,21
2012PARK03,Max Park,2015-06-27,11.09,22
2012PARK03,Max Park,2015-06-27,10.8,23
2012PARK03,Max Park,2015-06-27,10.62,24
2012PARK03,Max Park,2015-06-27,10.17,25
2012PARK03,Max Park,2015-08-15,10.43,26
2012PARK03,Max Park,2015-08-15,9.9,27
2012PARK03,Max Park,2015-10-11,10.47,28
2012PARK03,Max Park,2015-10-11,9.73,29
2012PARK03,Max Park,2015-10-11,10.85,30
2012PARK03,Max Park,2015-11-21,9.52,31
2012PARK03,Max Park,2015-11-21,9.98,32
2012PARK03,Max Park,2015-11-21,10.28,33
2012PARK03,Max Park,2016-01-16,8.83,34
2012PARK03,Max Park,2016-01-16,8.86,35
2012PARK03,Max Park,2016-01-16,8.77,36
2012PARK03,Max Park,2016-02-20,9.25,37
2012PARK03,Max Park,2016-02-20,8.41,38
2012PARK03,Max Park,2016-02-20,8.44,39
2012PARK03,Max Park,2016-03-26,8.48,40
2012PARK03,Max Park,2016-03-26,8.88,41
2012PARK03,Max Park,2016-03-26,9.3,42
2012PARK03,Max Park,2016-04-24,8.71,43
2012PARK03,Max Park,2016-04-24,8.34,44
2012PARK03,Max Park,2016-04-24,8.26,45
2012PARK03,Max Park,2016-05-07,8.2,46
2012PARK03,Max Park,2016-05-07,8.34,47
2012PARK03,Max Park,2016-05-07,7.94,48
2012PARK03,Max Park,2016-05-29,9.0,49
2012PARK03,Max Park,2016-05-29,8.66,50
2012PARK03,Max Park,2016-05-29,8.88,51
2012PARK03,Max Park,2016-06-25,8.56,52
2012PARK03,Max Park,2016-06-25,8.92,53
2012PARK03,Max Park,2016-07-09,8.19,54
2012PARK03,Max Park,2016-07-09,8.89,55
2012PARK03,Max Park,2016-07-09,7.81,56
2012PARK03,Max Park,2016-07-09,7.63,57
2012PARK03,Max Park,2016-07-29,9.06,58
2012PARK03,Max Park,2016-07-29,7.67,59
2012PARK03,Max Park,2016-07-29,8.32,60
2012PARK03,Max Park,2016-07-29,8.32,61
2012PARK03,Max Park,2016-08-20,8.37,62
2012PARK03,Max Park,2016-08-20,8.34,63
2012PARK03,Max Park,2016-09-17,7.32,64
2012PARK03,Max Park,2016-09-17,7.78,65
2012PARK03,Max Park,2016-09-17,10.63,66
2012PARK03,Max Park,2016-10-08,7.74,67
2012PARK03,Max Park,2016-10-08,8.35,68
2012PARK03,Max Park,2016-10-08,7.9,69
2012PARK03,Max Park,2016-12-10,7.86,70
2012PARK03,Max Park,2016-12-10,7.51,71
2012PARK03,Max Park,2016-12-10,7.34,72
2012PARK03,Max Park,2016-12-17,8.02,73
2012PARK03,Max Park,2016-12-17,7.37,74
2012PARK03,Max Park,2016-12-17,7.36,75
2012PARK03,Max Park,2017-02-25,6.94,76
2012PARK03,Max Park,2017-02-25,6.96,77
2012PARK03,Max Park,2017-02-25,6.92,78
2012PARK03,Max Park,2017-03-25,7.44,79
2012PARK03,Max Park,2017-03-25,7.12,80
2012PARK03,Max Park,2017-04-08,7.86,81
2012PARK03,Max Park,2017-04-08,7.57,82
2012PARK03,Max Park,2017-04-08,7.25,83
2012PARK03,Max Park,2017-04-23,6.83,84
2012PARK03,Max Park,2017-04-23,6.39,85
2012PARK03,Max Park,2017-04-23,7.25,86
2012PARK03,Max Park,2017-04-23,6.61,87
2012PARK03,Max Park,2017-05-27,6.57,88
2012PARK03,Max Park,2017-05-27,6.71,89
2012PARK03,Max Park,2017-05-27,7.4,90
2012PARK03,Max Park,2017-06-11,6.83,91
2012PARK03,Max Park,2017-06-11,6.88,92
2012PARK03,Max Park,2017-06-11,7.43,93
2012PARK03,Max Park,2017-07-07,7.03,94
2012PARK03,Max Park,2017-07-07,7.01,95
2012PARK03,Max Park,2017-07-07,7.39,96
2012PARK03,Max Park,2017-07-07,7.06,97
2012PARK03,Max Park,2017-07-13,7.34,98
2012PARK03,Max Park,2017-07-13,6.83,99
2012PARK03,Max Park,2017-07-13,7.39,100
2012PARK03,Max Park,2017-07-13,6.85,101
2012PARK03,Max Park,2017-08-19,6.96,102
2012PARK03,Max Park,2017-08-19,7.17,103
2012PARK03,Max Park,2017-08-19,6.77,104
2012PARK03,Max Park,2017-08-26,7.13,105
2012PARK03,Max Park,2017-08-26,7.22,106
2012PARK03,Max Park,2017-08-26,6.79,107
2012PARK03,Max Park,2017-09-09,7.03,108
2012PARK03,Max Park,2017-09-09,6.24,109
2012PARK03,Max Park,2017-09-09,7.65,110
2012PARK03,Max Park,2017-09-23,6.26,111
2012PARK03,Max Park,2017-09-23,7.17,112
2012PARK03,Max Park,2017-09-23,6.57,113
2012PARK03,Max Park,2017-10-01,7.08,114
2012PARK03,Max Park,2017-10-01,6.42,115
2012PARK03,Max Park,2017-10-01,7.32,116
2012PARK03,Max Park,2017-10-01,7.88,117
2012PARK03,Max Park,2017-10-07,6.44,118
2012PARK03,Max Park,2017-10-07,6.41,119
2012PARK03,Max Park,2017-10-07,6.53,120
2012PARK03,Max Park,2017-11-05,6.76,121
2012PARK03,Max Park,2017-11-05,6.56,122
2012PARK03,Max Park,2017-11-05,6.24,123
2012PARK03,Max Park,2017-11-11,6.59,124
2012PARK03,Max Park,2017-11-11,7.0,125
2012PARK03,Max Park,2017-11-11,6.18,126
2012PARK03,Max Park,2017-11-18,6.86,127
2012PARK03,Max Park,2017-11-18,6.69,128
2012PARK03,Max Park,2017-11-18,6.41,129
2012PARK03,Max Park,2017-12-09,6.71,130
2012PARK03,Max Park,2017-12-09,6.49,131
2012PARK03,Max Park,2017-12-09,7.8,132
2012PARK03,Max Park,2017-12-16,7.39,133
2012PARK03,Max Park,2017-12-16,6.93,134
2012PARK03,Max Park,2017-12-16,7.35,135
2012PARK03,Max Park,2018-01-13,7.2,136
2012PARK03,Max Park,2018-01-13,6.6,137
2012PARK03,Max Park,2018-01-13,6.8,138
2012PARK03,Max Park,2018-01-27,6.84,139
2012PARK03,Max Park,2018-01-27,6.38,140
2012PARK03,Max Park,2018-01-27,6.35,141
2012PARK03,Max Park,2018-02-24,6.74,142
2012PARK03,Max Park,2018-02-24,6.46,143
2012PARK03,Max Park,2018-02-24,6.95,144
2012PARK03,Max Park,2018-04-07,6.7,145
2012PARK03,Max Park,2018-04-07,5.99,146
2012PARK03,Max Park,2018-04-07,6.61,147
2012PARK03,Max Park,2018-04-14,6.63,148
2012PARK03,Max Park,2018-04-14,7.08,149
2012PARK03,Max Park,2018-04-14,6.57,150
2012PARK03,Max Park,2018-04-21,7.12,151
2012PARK03,Max Park,2018-04-21,6.27,152
2012PARK03,Max Park,2018-04-21,6.0,153
2012PARK03,Max Park,2018-05-12,6.35,154
2012PARK03,Max Park,2018-05-12,6.63,155
2012PARK03,Max Park,2018-05-12,6.36,156
2012PARK03,Max Park,2018-05-19,6.21,157
2012PARK03,Max Park,2018-05-19,6.03,158
2012PARK03,Max Park,2018-05-19,5.95,159
2012PARK03,Max Park,2018-05-27,6.92,160
2012PARK03,Max Park,2018-05-27,6.19,161
2012PARK03,Max Park,2018-05-27,6.74,162
2012PARK03,Max Park,2018-06-15,6.02,163
2012PARK03,Max Park,2018-06-15,7.19,164
2012PARK03,Max Park,2018-06-15,6.55,165
2012PARK03,Max Park,2018-07-11,7.28,166
2012PARK03,Max Park,2018-07-11,6.92,167
2012PARK03,Max Park,2018-07-11,6.09,168
2012PARK03,Max Park,2018-07-14,6.73,169
2012PARK03,Max Park,2018-07-14,7.21,170
2012PARK03,Max Park,2018-07-14,6.6,171
2012PARK03,Max Park,2018-07-15,6.67,172
2012PARK03,Max Park,2018-07-15,6.89,173
2012PARK03,Max Park,2018-07-15,6.47,174
2012PARK03,Max Park,2018-07-27,6.23,175
2012PARK03,Max Park,2018-07-27,6.44,176
2012PARK03,Max Park,2018-07-27,6.85,177
2012PARK03,Max Park,2018-07-27,7.26,178
2012PARK03,Max Park,2018-08-17,6.62,179
2012PARK03,Max Park,2018-08-17,6.6,180
2012PARK03,Max Park,2018-08-17,6.3,181
2012PARK03,Max Park,2018-08-17,6.58,182
2012PARK03,Max Park,2018-08-25,6.15,183
2012PARK03,Max Park,2018-08-25,6.13,184
2012PARK03,Max Park,2018-08-25,6.9,185
2012PARK03,Max Park,2018-09-15,6.46,186
2012PARK03,Max Park,2018-09-15,6.67,187
2012PARK03,Max Park,2018-09-15,6.77,188
2012PARK03,Max Park,2018-10-20,6.46,189
2012PARK03,Max Park,2018-10-20,6.56,190
2012PARK03,Max Park,2018-10-20,6.73,191
2012PARK03,Max Park,2018-11-03,6.4,192
2012PARK03,Max Park,2018-11-03,6.64,193
2012PARK03,Max Park,2018-11-03,6.39,194
2012PARK03,Max Park,2018-11-17,6.18,195
2012PARK03,Max Park,2018-11-17,6.35,196
2012PARK03,Max Park,2018-11-17,7.58,197
2012PARK03,Max Park,2018-11-17,6.66,198
2012PARK03,Max Park,2018-12-14,6.63,199
2012PARK03,Max Park,2018-12-14,6.81,200
2012PARK03,Max Park,2018-12-14,6.97,201
2012PARK03,Max Park,2018-12-22,6.3,202
2012PARK03,Max Park,2018-12-22,6.33,203
2012PARK03,Max Park,2018-12-22,6.04,204
2012PARK03,Max Park,2019-01-12,6.72,205
2012PARK03,Max Park,2019-01-12,6.13,206
2012PARK03,Max Park,2019-01-12,6.71,207
2012PARK03,Max Park,2019-01-12,6.42,208
2012PARK03,Max Park,2019-02-02,6.38,209
2012PARK03,Max Park,2019-02-02,7.04,210
2012PARK03,Max Park,2019-02-16,6.06,211
2012PARK03,Max Park,2019-02-16,6.46,212
2012PARK03,Max Park,2019-02-16,6.1,213
2012PARK03,Max Park,2019-02-23,6.78,214
2012PARK03,Max Park,2019-02-23,6.72,215
2012PARK03,Max Park,2019-02-23,6.68,216
2012PARK03,Max Park,2019-03-10,6.15,217
2012PARK03,Max Park,2019-03-10,6.13,218
2012PARK03,Max Park,2019-03-10,5.83,219
2012PARK03,Max Park,2019-03-23,6.76,220
2012PARK03,Max Park,2019-03-23,6.33,221
2012PARK03,Max Park,2019-03-23,6.32,222
2012PARK03,Max Park,2019-03-30,6.84,223
2012PARK03,Max Park,2019-03-30,6.75,224
2012PARK03,Max Park,2019-03-30,6.28,225
2012PARK03,Max Park,2019-06-01,6.57,226
2012PARK03,Max Park,2019-06-01,6.55,227
2012PARK03,Max Park,2019-06-01,6.18,228
2012PARK03,Max Park,2019-06-22,6.19,229
2012PARK03,Max Park,2019-06-22,6.71,230
2012PARK03,Max Park,2019-06-22,7.14,231
2012PARK03,Max Park,2019-07-06,6.74,232
2012PARK03,Max Park,2019-07-06,6.57,233
2012PARK03,Max Park,2019-07-06,6.39,234
2012PARK03,Max Park,2019-07-11,5.88,235
2012PARK03,Max Park,2019-07-11,5.95,236
2012PARK03,Max Park,2019-07-11,6.35,237
2012PARK03,Max Park,2019-07-11,6.83,238
2012PARK03,Max Park,2019-08-01,6.28,239
2012PARK03,Max Park,2019-08-01,6.96,240
2012PARK03,Max Park,2019-08-01,7.23,241
2012PARK03,Max Park,2019-08-01,7.36,242
2012PARK03,Max Park,2019-08-17,6.59,243
2012PARK03,Max Park,2019-08-17,6.49,244
2012PARK03,Max Park,2019-08-31,7.65,245
2012PARK03,Max Park,2019-08-31,6.58,246
2012PARK03,Max Park,2019-08-31,5.84,247
2012PARK03,Max Park,2019-09-28,6.28,248
2012PARK03,Max Park,2019-09-28,6.07,249
2012PARK03,Max Park,2019-09-28,6.53,250
2012PARK03,Max Park,2019-10-05,6.05,251
2012PARK03,Max Park,2019-10-05,6.38,252
2012PARK03,Max Park,2019-10-05,6.16,253
2012PARK03,Max Park,2019-10-12,6.28,254
2012PARK03,Max Park,2019-10-12,6.55,255
2012PARK03,Max Park,2019-10-12,6.75,256
2012PARK03,Max Park,2019-12-01,6.43,257
2012PARK03,Max Park,2019-12-01,6.32,258
2012PARK03,Max Park,2019-12-01,6.09,259
2012PARK03,Max Park,2019-12-14,6.18,260
2012PARK03,Max Park,2019-12-14,6.85,261
2012PARK03,Max Park,2019-12-14,6.55,262
2012PARK03,Max Park,2019-12-21,6.02,263
2012PARK03,Max Park,2019-12-21,6.56,264
2012PARK03,Max Park,2019-12-21,5.87,265
2012PARK03,Max Park,2020-01-18,6.2,266
2012PARK03,Max Park,2020-01-18,5.95,267
2012PARK03,Max Park,2020-01-18,6.05,268
2012PARK03,Max Park,2020-01-25,6.46,269
2012PARK03,Max Park,2020-01-25,5.59,270
2012PARK03,Max Park,2020-01-25,6.45,271
2012PARK03,Max Park,2020-02-22,6.73,272
2012PARK03,Max Park,2020-02-22,6.63,273
2012PARK03,Max Park,2020-02-22,6.72,274
2012PARK03,Max Park,2020-02-22,6.46,275
2012PARK03,Max Park,2021-10-23,6.12,276
2012PARK03,Max Park,2021-10-23,6.27,277
2012PARK03,Max Park,2021-11-06,5.47,278
2012PARK03,Max Park,2021-11-06,5.32,279
2012PARK03,Max Park,2021-11-06,6.25,280
2012PARK03,Max Park,2021-11-13,6.04,281
2012PARK03,Max Park,2021-11-13,5.74,282
2012PARK03,Max Park,2021-11-13,5.43,283
2012PARK03,Max Park,2021-11-26,5.98,284
2012PARK03,Max Park,2021-11-26,5.57,285
2012PARK03,Max Park,2021-12-11,6.61,286
2012PARK03,Max Park,2021-12-11,5.62,287
2012PARK03,Max Park,2022-01-22,5.85,288
2012PARK03,Max Park,2022-01-22,5.53,289
2012PARK03,Max Park,2022-01-22,5.85,290
2012PARK03,Max Park,2022-02-05,6.46,291
2012PARK03,Max Park,2022-02-05,6.01,292
2012PARK03,Max Park,2022-02-05,5.43,293
2012PARK03,Max Park,2022-03-12,5.8,294
2012PARK03,Max Park,2022-03-12,6.0,295
2012PARK03,Max Park,2022-03-12,5.91,296
2012PARK03,Max Park,2022-03-19,5.74,297
2012PARK03,Max Park,2022-03-19,5.92,298
2012PARK03,Max Park,2022-03-19,6.72,299
2012PARK03,Max Park,2022-03-27,5.62,300
2012PARK03,Max Park,2022-03-27,6.45,301
2012PARK03,Max Park,2022-03-27,5.96,302
2012PARK03,Max Park,2022-04-03,5.98,303
2012PARK03,Max Park,2022-04-03,5.08,304
2012PARK03,Max Park,2022-04-03,5.88,305
2012PARK03,Max Park,2022-04-16,5.66,306
2012PARK03,Max Park,2022-04-16,5.91,307
2012PARK03,Max Park,2022-04-16,5.4,308
2012PARK03,Max Park,2022-05-08,5.57,309
2012PARK03,Max Park,2022-05-08,5.34,310
2012PARK03,Max Park,2022-05-08,5.53,311
2012PARK03,Max Park,2022-05-21,6.41,312
2012PARK03,Max Park,2022-05-21,5.79,313
2012PARK03,Max Park,2022-05-21,5.51,314
2012PARK03,Max Park,2022-06-11,6.66,315
2012PARK03,Max Park,2022-06-11,5.98,316
2012PARK03,Max Park,2022-06-11,6.2,317
2012PARK03,Max Park,2022-07-03,5.83,318
2012PARK03,Max Park,2022-07-03,5.56,319
2012PARK03,Max Park,2022-07-03,5.91,320
2012PARK03,Max Park,2022-07-29,5.71,321
2012PARK03,Max Park,2022-07-29,5.5,322
2012PARK03,Max Park,2022-07-29,5.17,323
2012PARK03,Max Park,2022-07-29,5.73,324
2012PARK03,Max Park,2022-08-06,5.83,325
2012PARK03,Max Park,2022-08-06,5.37,326
2012PARK03,Max Park,2022-08-06,5.28,327
2012PARK03,Max Park,2022-08-12,5.76,328
2012PARK03,Max Park,2022-08-12,6.23,329
2012PARK03,Max Park,2022-08-12,6.04,330
2012PARK03,Max Park,2022-08-20,5.6,331
2012PARK03,Max Park,2022-08-20,5.63,332
2012PARK03,Max Park,2022-08-20,5.51,333
2012PARK03,Max Park,2022-08-27,5.66,334
2012PARK03,Max Park,2022-08-27,5.37,335
2012PARK03,Max Park,2022-08-27,5.37,336
2012PARK03,Max Park,2022-08-27,5.87,337
2012PARK03,Max Park,2022-09-24,5.86,338
2012PARK03,Max Park,2022-09-24,4.86,339
2012PARK03,Max Park,2022-09-24,5.45,340
2012PARK03,Max Park,2022-09-24,5.38,341
2012PARK03,Max Park,2022-10-07,5.91,342
2012PARK03,Max Park,2022-10-07,6.16,343
2012PARK03,Max Park,2022-10-07,5.48,344
2012PARK03,Max Park,2022-10-07,5.99,345
2012PARK03,Max Park,2022-10-28,6.14,346
2012PARK03,Max Park,2022-10-28,5.97,347
2012PARK03,Max Park,2022-10-28,5.75,348
2012PARK03,Max Park,2022-10-28,6.01,349
2012PARK03,Max Park,2022-11-19,5.78,350
2012PARK03,Max Park,2022-11-19,5.03,351
2012PARK03,Max Park,2022-11-19,5.59,352
2012PARK03,Max Park,2022-12-04,5.32,353
2012PARK03,Max Park,2022-12-04,5.24,354
2012PARK03,Max Park,2022-12-04,5.64,355
2012PARK03,Max Park,2022-12-04,5.72,356
2012PARK03,Max Park,2022-12-17,6.28,357
2012PARK03,Max Park,2022-12-17,5.67,358
2012PARK03,Max Park,2022-12-17,5.66,359
2012PARK03,Max Park,2022-12-31,6.27,360
2012PARK03,Max Park,2022-12-31,5.42,361
2012PARK03,Max Park,2022-12-31,5.7,362
2012PARK03,Max Park,2023-01-22,5.28,363
2012PARK03,Max Park,2023-01-22,5.63,364
2012PARK03,Max Park,2023-01-22,6.04,365
2012PARK03,Max Park,2023-01-22,5.69,366
2012PARK03,Max Park,2023-01-28,5.72,367
2012PARK03,Max Park,2023-01-28,5.6,368
2012PARK03,Max Park,2023-01-28,5.98,369
2012PARK03,Max Park,2023-01-29,5.8,370
2012PARK03,Max Park,2023-01-29,6.01,371
2012PARK03,Max Park,2023-01-29,5.08,372
2012PARK03,Max Park,2023-02-04,5.78,373
2012PARK03,Max Park,2023-02-04,5.44,374
2012PARK03,Max Park,2023-02-04,5.16,375
2012PARK03,Max Park,2023-02-25,6.07,376
2012PARK03,Max Park,2023-02-25,6.14,377
2012PARK03,Max Park,2023-02-25,5.57,378
2012PARK03,Max Park,2023-03-04,5.87,379
2012PARK03,Max Park,2023-03-04,5.6,380
2012PARK03,Max Park,2023-03-04,5.06,381
2012PARK03,Max Park,2023-03-11,5.68,382
2012PARK03,Max Park,2023-03-11,5.46,383
2012PARK03,Max Park,2023-03-11,5.72,384
2012PARK03,Max Park,2023-03-11,5.74,385
2012PARK03,Max Park,2023-03-19,5.5,386
2012PARK03,Max Park,2023-03-19,5.56,387
2012PARK03,Max Park,2023-03-19,6.11,388
2012PARK03,Max Park,2023-03-25,6.07,389
2012PARK03,Max Park,2023-03-25,5.82,390
2012PARK03,Max Park,2023-03-25,6.08,391
2012PARK03,Max Park,2023-04-02,5.46,392
2012PARK03,Max Park,2023-04-02,6.21,393
2012PARK03,Max Park,2023-04-02,6.32,394
2012PARK03,Max Park,2023-04-08,5.6,395
2012PARK03,Max Park,2023-04-08,5.66,396
2012PARK03,Max Park,2023-04-08,5.2,397
2012PARK03,Max Park,2023-04-15,5.32,398
2012PARK03,Max Park,2023-04-15,5.33,399
2012PARK03,Max Park,2023-04-15,5.67,400
2012PARK03,Max Park,2023-04-15,5.42,401
2012PARK03,Max Park,2023-04-22,6.32,402
2012PARK03,Max Park,2023-04-22,5.74,403
2012PARK03,Max Park,2023-04-22,5.25,404
2012PARK03,Max Park,2023-05-06,5.66,405
2012PARK03,Max Park,2023-05-06,5.84,406
2012PARK03,Max Park,2023-05-13,5.91,407
2012PARK03,Max Park,2023-05-13,5.68,408
2012PARK03,Max Park,2023-05-13,5.42,409
2012PARK03,Max Park,2023-05-27,6.23,410
2012PARK03,Max Park,2023-05-27,5.84,411
2012PARK03,Max Park,2023-06-03,5.19,412
2012PARK03,Max Park,2023-06-03,5.52,413
2012PARK03,Max Park,2023-06-03,5.4,414
2012PARK03,Max Park,2023-06-11,6.0,415
2012PARK03,Max Park,2023-06-11,5.73,416
2012PARK03,Max Park,2023-06-11,6.24,417
2012PARK03,Max Park,2023-06-17,5.66,418
2012PARK03,Max Park,2023-06-17,5.63,419
2012PARK03,Max Park,2023-06-17,6.23,420
2012PARK03,Max Park,2023-06-18,6.66,421
2012PARK03,Max Park,2023-06-18,5.34,422
2012PARK03,Max Park,2023-06-18,6.03,423
2012PARK03,Max Park,2023-06-30,5.78,424
2012PARK03,Max Park,2023-06-30,5.67,425
2012PARK03,Max Park,2023-06-30,5.66,426
2012PARK03,Max Park,2023-06-30,5.37,427
2012PARK03,Max Park,2023-07-22,5.47,428
2012PARK03,Max Park,2023-07-22,5.34,429
2012PARK03,Max Park,2023-07-22,5.25,430
2012PARK03,Max Park,2023-07-27,5.86,431
2012PARK03,Max Park,2023-07-27,5.46,432
2012PARK03,Max Park,2023-07-27,6.26,433
2012PARK03,Max Park,2023-07-27,5.52,434
2012PARK03,Max Park,2023-08-12,5.17,435
2012PARK03,Max Park,2023-08-12,5.9,436
2012PARK03,Max Park,2023-08-12,5.79,437
2012PARK03,Max Park,2023-08-12,5.31,438
2012PARK03,Max Park,2023-09-02,5.71,439
2012PARK03,Max Park,2023-09-02,5.42,440
2012PARK03,Max Park,2023-09-02,5.99,441
2012PARK03,Max Park,2023-09-24,5.74,442
2012PARK03,Max Park,2023-09-24,5.95,443
2012PARK03,Max Park,2023-09-24,6.34,444
2012PARK03,Max Park,2023-09-24,7.15,445
2012PARK03,Max Park,2023-10-07,6.03,446
2012PARK03,Max Park,2023-10-07,5.8,447
2012PARK03,Max Park,2023-10-07,6.08,448
2012PARK03,Max Park,2023-11-18,5.42,449
2012PARK03,Max Park,2023-11-18,5.15,450
2012PARK03,Max Park,2023-11-18,5.33,451
2012PARK03,Max Park,2023-12-03,5.88,452
2012PARK03,Max Park,2023-12-03,5.86,453
2012PARK03,Max Park,2023-12-03,5.5,454
2012PARK03,Max Park,2023-12-10,5.53,455
2012PARK03,Max Park,2023-12-10,5.41,456
2012PARK03,Max Park,2023-12-10,5.16,457
2012PARK03,Max Park,2023-12-16,5.52,458
2012PARK03,Max Park,2023-12-16,5.78,459
2012PARK03,Max Park,2023-12-16,5.62,460
2012PARK03,Max Park,2024-01-07,5.92,461
2012PARK03,Max Park,2024-01-07,5.51,462
2012PARK03,Max Park,2024-01-07,5.28,463
2012PARK03,Max Park,2024-01-27,5.68,464
2012PARK03,Max Park,2024-01-27,5.68,465
2012PARK03,Max Park,2024-01-27,6.57,466
2012PARK03,Max Park,2024-02-03,5.92,467
2012PARK03,Max Park,2024-02-03,5.67,468
2012PARK03,Max Park,2024-02-03,5.84,469
2012PARK03,Max Park,2024-02-11,6.02,470
2012PARK03,Max Park,2024-02-11,5.74,471
2012PARK03,Max Park,2024-02-11,5.41,472
2012PARK03,Max Park,2024-02-11,5.43,473
2012PARK03,Max Park,2024-02-24,5.46,474
2012PARK03,Max Park,2024-02-24,6.98,475
2012PARK03,Max Park,2024-02-24,5.42,476
2012PARK03,Max Park,2024-03-16,5.65,477
2012PARK03,Max Park,2024-03-16,5.3,478
2012PARK03,Max Park,2024-03-16,5.99,479
2012PARK03,Max Park,2024-03-16,7.94,480
2012PARK03,Max Park,2024-03-23,6.05,481
2012PARK03,Max Park,2024-03-23,5.31,482
2012PARK03,Max Park,2024-03-23,6.11,483
2012PARK03,Max Park,2024-03-30,5.82,484
2012PARK03,Max Park,2024-03-30,6.05,485
2012PARK03,Max Park,2024-03-30,5.66,486
2012PARK03,Max Park,2024-04-20,5.58,487
2012PARK03,Max Park,2024-04-20,5.76,488
2012PARK03,Max Park,2024-04-20,5.79,489
2012PARK03,Max Park,2024-04-27,5.51,490
2012PARK03,Max Park,2024-04-27,5.7,491
2012PARK03,Max Park,2024-04-27,5.51,492
2012PARK03,Max Park,2024-05-11,6.1,493
2012PARK03,Max Park,2024-05-11,5.9,494
2012PARK03,Max Park,2024-05-11,6.8,495
2012PARK03,Max Park,2024-06-08,5.98,496
2012PARK03,Max Park,2024-06-08,5.82,497
2012PARK03,Max Park,2024-06-08,6.14,498
2012PARK03,Max Park,2024-06-09,6.48,499
2012PARK03,Max Park,2024-06-09,6.19,500
2012PARK03,Max Park,2024-06-09,6.88,501
2012PARK03,Max Park,2024-06-10,5.9,502
2012PARK03,Max Park,2024-06-10,5.63,503
2012PARK03,Max Park,2024-06-10,6.09,504
2012PARK03,Max Park,2024-06-11,5.81,505
2012PARK03,Max Park,2024-06-11,5.83,506
2012PARK03,Max Park,2024-06-11,5.8,507
2012PARK03,Max Park,2024-07-14,5.42,508
2012PARK03,Max Park,2024-07-14,5.43,509
2012PARK03,Max Park,2024-07-14,5.9,510
2012PARK03,Max Park,2024-07-18,5.35,511
2012PARK03,Max Park,2024-07-18,5.88,512
2012PARK03,Max Park,2024-07-18,5.66,513
2012PARK03,Max Park,2024-07-18,5.69,514
2012PARK03,Max Park,2024-08-02,5.49,515
2012PARK03,Max Park,2024-08-02,6.11,516
2012PARK03,Max Park,2024-08-02,5.3,517
2012PARK03,Max Park,2024-08-02,6.45,518
2012PARK03,Max Park,2024-08-24,5.96,519
2012PARK03,Max Park,2024-08-24,6.04,520
2012PARK03,Max Park,2024-08-24,5.45,521
2012PARK03,Max Park,2024-09-08,5.84,522
2012PARK03,Max Park,2024-09-08,5.49,523
2012PARK03,Max Park,2024-09-08,5.75,524
2012PARK03,Max Park,2024-09-28,5.62,525
2012PARK03,Max Park,2024-09-28,5.75,526
2012PARK03,Max Park,2024-09-28,5.8,527
2012PARK03,Max Park,2024-09-28,5.9,528
2012PARK03,Max Park,2024-10-26,5.76,529
2012PARK03,Max Park,2024-10-26,5.88,530
2012PARK03,Max Park,2024-10-26,6.24,531
2012PARK03,Max Park,2024-11-02,5.59,532
2012PARK03,Max Park,2024-11-02,6.48,533
2012PARK03,Max Park,2024-11-02,6.33,534
2012PARK03,Max Park,2024-12-14,5.11,535
2012PARK03,Max Park,2024-12-14,5.47,536
2012PARK03,Max Park,2024-12-14,5.34,537
2012PARK03,Max Park,2025-01-04,6.22,538
2012PARK03,Max Park,2025-01-04,5.94,539
2012PARK03,Max Park,2025-01-04,5.88,540
2012PARK03,Max Park,2025-02-01,5.63,541
2012PARK03,Max Park,2025-02-01,5.25,542
2012PARK03,Max Park,2025-02-01,5.4,543
2012PARK03,Max Park,2025-02-08,5.41,544
2012PARK03,Max Park,2025-02-08,6.07,545
2012PARK03,Max Park,2025-02-08,5.61,546
2012PARK03,Max Park,2025-03-14,5.43,547
2012PARK03,Max Park,2025-03-14,5.05,548
2012PARK03,Max Park,2025-03-14,5.56,549
2012PARK03,Max Park,2025-03-30,5.4,550
2012PARK03,Max Park,2025-03-30,5.8,551
2012PARK03,Max Park,2025-03-30,5.82,552
2012PARK03,Max Park,2025-04-12,5.03,553
2012PARK03,Max Park,2025-04-12,5.58,554
2012PARK03,Max Park,2025-04-12,6.04,555
2012PARK03,Max Park,2025-04-26,6.24,556
2012PARK03,Max Park,2025-04-26,6.06,557
2012PARK03,Max Park,2025-04-26,5.27,558
2012PARK03,Max Park,2025-05-03,5.93,559
2012PARK03,Max Park,2025-05-03,5.3,560
2012PARK03,Max Park,2025-05-03,5.6,561
2012PARK03,Max Park,2025-05-25,5.23,562
2012PARK03,Max Park,2025-05-25,5.49,563
2012PARK03,Max Park,2025-05-25,5.73,564
2012PARK03,Max Park,2025-06-21,5.69,565
2012PARK03,Max Park,2025-06-21,5.72,566
2012PARK03,Max Park,2025-06-21,5.18,567
2012PARK03,Max Park,2025-07-03,5.36,568
2012PARK03,Max Park,2025-07-03,5.75,569
2012PARK03,Max Park,2025-07-03,5.32,570
2012PARK03,Max Park,2025-07-03,5.92,571
2012PARK03,Max Park,2025-08-24,5.34,572
2012PARK03,Max Park,2025-08-24,5.25,573
2012PARK03,Max Park,2025-08-24,5.79,574
2012PARK03,Max Park,2025-08-29,5.39,575
2012PARK03,Max Park,2025-08-29,5.21,576
2012PARK03,Max Park,2025-08-29,5.79,577
2012PARK03,Max Park,2025-08-29,5.67,578
2012PARK03,Max Park,2025-10-04,5.22,579
2012PARK03,Max Park,2025-10-04,5.4,580
2012PARK03,Max Park,2025-10-04,5.95,581
2012PARK03,Max Park,2025-10-12,5.8,582
2012PARK03,Max Park,2025-10-12,5.19,583
2012PARK03,Max Park,2025-10-12,5.39,584
2012PARK03,Max Park,2025-10-17,5.44,585
2012PARK03,Max Park,2025-10-17,5.92,586
2012PARK03,Max Park,2025-10-17,5.38,587
2012PARK03,Max Park,2025-11-01,5.03,588
2012PARK03,Max Park,2025-11-01,5.54,589
2012PARK03,Max Park,2025-11-01,5.65,590
2012PARK03,Max Park,2025-11-08,5.37,591
2012PARK03,Max Park,2025-11-08,5.85,592
2012PARK03,Max Park,2025-11-08,5.36,593
2012PARK03,Max Park,2025-12-13,5.98,594
2012PARK03,Max Park,2025-12-13,5.47,595
2012PARK03,Max Park,2025-12-13,5.28,596
2012PARK03,Max Park,2026-01-09,6.05,597
2012PARK03,Max Park,2026-01-09,5.94,598
2012PARK03,Max Park,2026-01-09,5.75,599
2012PARK03,Max Park,2026-02-15,5.52,600
2012PARK03,Max Park,2026-02-15,5.63,601
2012PARK03,Max Park,2026-02-15,5.34,602
2012PARK03,Max Park,2026-03-07,5.54,603
2012PARK03,Max Park,2026-03-07,5.93,604
2012PARK03,Max Park,2026-03-07,5.09,605
2012PARK03,Max Park,2026-04-04,5.62,606
2012PARK03,Max Park,2026-04-04,5.44,607
2012PARK03,Max Park,2026-04-04,5.55,608
2012PARK03,Max Park,2026-04-19,5.92,609
2012PARK03,Max Park,2026-04-19,5.62,610
2012PARK03,Max Park,2026-04-19,5.1,611
2012PARK03,Max Park,2026-05-16,5.69,612
2012PARK03,Max Park,2026-05-16,5.34,613
2012PARK03,Max Park,2026-05-16,5.28,614
2012PARK03,Max Park,2026-05-23,5.65,615
2012PARK03,Max Park,2026-05-23,5.6,616
2012PARK03,Max Park,2026-05-23,5.59,617
2013BURL01,Łukasz Burliga,2013-09-28,44.33,1
2013BURL01,Łukasz Burliga,2013-10-26,32.92,2
2013BURL01,Łukasz Burliga,2013-11-30,27.37,3
2013BURL01,Łukasz Burliga,2014-02-22,22.53,4
2013BURL01,Łukasz Burliga,2014-05-03,19.5,5
2013BURL01,Łukasz Burliga,2014-05-03,20.21,6
2013BURL01,Łukasz Burliga,2014-05-31,18.94,7
2013BURL01,Łukasz Burliga,2014-09-27,17.54,8
2013BURL01,Łukasz Burliga,2014-12-06,13.06,9
2013BURL01,Łukasz Burliga,2014-12-06,13.58,10
2013BURL01,Łukasz Burliga,2014-12-06,14.93,11
2013BURL01,Łukasz Burliga,2015-02-28,14.24,12
2013BURL01,Łukasz Burliga,2015-02-28,14.14,13
2013BURL01,Łukasz Burliga,2015-03-27,12.15,14
2013BURL01,Łukasz Burliga,2015-03-27,13.51,15
2013BURL01,Łukasz Burliga,2015-05-23,12.58,16
2013BURL01,Łukasz Burliga,2015-05-23,13.45,17
2013BURL01,Łukasz Burliga,2015-05-23,12.41,18
2013BURL01,Łukasz Burliga,2015-06-06,13.08,19
2013BURL01,Łukasz Burliga,2015-06-06,14.59,20
2013BURL01,Łukasz Burliga,2015-06-27,12.88,21
2013BURL01,Łukasz Burliga,2015-06-27,11.31,22
2013BURL01,Łukasz Burliga,2015-10-09,11.79,23
2013BURL01,Łukasz Burliga,2015-10-09,12.84,24
2013BURL01,Łukasz Burliga,2015-10-09,10.76,25
2013BURL01,Łukasz Burliga,2015-10-09,12.42,26
2013BURL01,Łukasz Burliga,2015-10-17,10.42,27
2013BURL01,Łukasz Burliga,2015-10-17,11.66,28
2013BURL01,Łukasz Burliga,2015-10-17,10.74,29
2013BURL01,Łukasz Burliga,2015-12-05,10.77,30
2013BURL01,Łukasz Burliga,2015-12-05,12.16,31
2013BURL01,Łukasz Burliga,2015-12-05,11.09,32
2013BURL01,Łukasz Burliga,2015-12-05,11.01,33
2013BURL01,Łukasz Burliga,2016-01-09,11.08,34
2013BURL01,Łukasz Burliga,2016-01-09,10.66,35
2013BURL01,Łukasz Burliga,2016-01-09,10.14,36
2013BURL01,Łukasz Burliga,2016-04-23,10.91,37
2013BURL01,Łukasz Burliga,2016-04-23,11.5,38
2013BURL01,Łukasz Burliga,2016-04-23,10.82,39
2013BURL01,Łukasz Burliga,2016-06-11,11.07,40
2013BURL01,Łukasz Burliga,2016-06-11,11.58,41
2013BURL01,Łukasz Burliga,2016-06-11,9.8,42
2013BURL01,Łukasz Burliga,2016-07-15,10.45,43
2013BURL01,Łukasz Burliga,2016-07-15,10.22,44
2013BURL01,Łukasz Burliga,2016-07-15,10.1,45
2013BURL01,Łukasz Burliga,2016-07-19,10.4,46
2013BURL01,Łukasz Burliga,2016-07-19,10.99,47
2013BURL01,Łukasz Burliga,2016-08-27,9.84,48
2013BURL01,Łukasz Burliga,2016-08-27,11.24,49
2013BURL01,Łukasz Burliga,2016-10-08,10.96,50
2013BURL01,Łukasz Burliga,2016-10-08,10.49,51
2013BURL01,Łukasz Burliga,2016-10-08,11.02,52
2013BURL01,Łukasz Burliga,2016-12-09,9.86,53
2013BURL01,Łukasz Burliga,2016-12-09,10.57,54
2013BURL01,Łukasz Burliga,2016-12-09,9.94,55
2013BURL01,Łukasz Burliga,2016-12-09,9.18,56
2013BURL01,Łukasz Burliga,2016-12-17,10.33,57
2013BURL01,Łukasz Burliga,2016-12-17,11.31,58
2013BURL01,Łukasz Burliga,2016-12-17,8.92,59
2013BURL01,Łukasz Burliga,2016-12-17,10.56,60
2013BURL01,Łukasz Burliga,2017-01-14,9.21,61
2013BURL01,Łukasz Burliga,2017-01-14,10.68,62
2013BURL01,Łukasz Burliga,2017-01-14,9.84,63
2013BURL01,Łukasz Burliga,2017-02-25,10.72,64
2013BURL01,Łukasz Burliga,2017-02-25,9.3,65
2013BURL01,Łukasz Burliga,2017-02-25,10.1,66
2013BURL01,Łukasz Burliga,2017-03-11,10.3,67
2013BURL01,Łukasz Burliga,2017-03-11,9.21,68
2013BURL01,Łukasz Burliga,2017-03-11,9.09,69
2013BURL01,Łukasz Burliga,2017-04-01,9.61,70
2013BURL01,Łukasz Burliga,2017-04-01,8.93,71
2013BURL01,Łukasz Burliga,2017-04-01,9.74,72
2013BURL01,Łukasz Burliga,2017-05-27,10.79,73
2013BURL01,Łukasz Burliga,2017-05-27,9.98,74
2013BURL01,Łukasz Burliga,2017-05-27,9.75,75
2013BURL01,Łukasz Burliga,2017-06-10,10.59,76
2013BURL01,Łukasz Burliga,2017-06-10,10.28,77
2013BURL01,Łukasz Burliga,2017-06-10,8.69,78
2013BURL01,Łukasz Burliga,2017-06-17,8.6,79
2013BURL01,Łukasz Burliga,2017-06-17,9.57,80
2013BURL01,Łukasz Burliga,2017-06-17,9.31,81
2013BURL01,Łukasz Burliga,2017-06-24,10.47,82
2013BURL01,Łukasz Burliga,2017-06-24,10.34,83
2013BURL01,Łukasz Burliga,2017-06-24,9.97,84
2013BURL01,Łukasz Burliga,2017-07-13,9.57,85
2013BURL01,Łukasz Burliga,2017-07-13,11.46,86
2013BURL01,Łukasz Burliga,2017-07-29,9.83,87
2013BURL01,Łukasz Burliga,2017-07-29,10.12,88
2013BURL01,Łukasz Burliga,2017-07-29,9.1,89
2013BURL01,Łukasz Burliga,2017-07-29,9.23,90
2013BURL01,Łukasz Burliga,2017-09-09,9.01,91
2013BURL01,Łukasz Burliga,2017-09-09,8.26,92
2013BURL01,Łukasz Burliga,2017-09-09,8.85,93
2013BURL01,Łukasz Burliga,2017-09-15,8.62,94
2013BURL01,Łukasz Burliga,2017-09-15,9.41,95
2013BURL01,Łukasz Burliga,2017-09-15,9.58,96
2013BURL01,Łukasz Burliga,2017-10-14,8.99,97
2013BURL01,Łukasz Burliga,2017-10-14,8.91,98
2013BURL01,Łukasz Burliga,2017-10-14,9.49,99
2013BURL01,Łukasz Burliga,2017-11-17,10.16,100
2013BURL01,Łukasz Burliga,2017-11-17,8.26,101
2013BURL01,Łukasz Burliga,2017-11-17,9.95,102
2013BURL01,Łukasz Burliga,2017-11-17,9.86,103
2013BURL01,Łukasz Burliga,2017-12-16,9.41,104
2013BURL01,Łukasz Burliga,2017-12-16,9.57,105
2013BURL01,Łukasz Burliga,2017-12-16,9.07,106
2013BURL01,Łukasz Burliga,2018-01-13,8.77,107
2013BURL01,Łukasz Burliga,2018-01-13,10.02,108
2013BURL01,Łukasz Burliga,2018-01-13,9.1,109
2013BURL01,Łukasz Burliga,2018-02-17,9.2,110
2013BURL01,Łukasz Burliga,2018-02-17,8.81,111
2013BURL01,Łukasz Burliga,2018-02-17,8.1,112
2013BURL01,Łukasz Burliga,2018-02-24,8.99,113
2013BURL01,Łukasz Burliga,2018-02-24,8.5,114
2013BURL01,Łukasz Burliga,2018-02-24,8.69,115
2013BURL01,Łukasz Burliga,2018-05-26,9.07,116
2013BURL01,Łukasz Burliga,2018-05-26,9.41,117
2013BURL01,Łukasz Burliga,2018-06-10,8.21,118
2013BURL01,Łukasz Burliga,2018-06-10,8.16,119
2013BURL01,Łukasz Burliga,2018-06-10,8.2,120
2013BURL01,Łukasz Burliga,2018-06-23,8.89,121
2013BURL01,Łukasz Burliga,2018-06-23,9.31,122
2013BURL01,Łukasz Burliga,2018-06-23,9.04,123
2013BURL01,Łukasz Burliga,2018-07-07,9.64,124
2013BURL01,Łukasz Burliga,2018-07-07,10.37,125
2013BURL01,Łukasz Burliga,2018-07-19,8.82,126
2013BURL01,Łukasz Burliga,2018-07-19,7.86,127
2013BURL01,Łukasz Burliga,2018-07-19,8.94,128
2013BURL01,Łukasz Burliga,2018-07-28,9.28,129
2013BURL01,Łukasz Burliga,2018-07-28,9.12,130
2013BURL01,Łukasz Burliga,2018-07-28,8.92,131
2013BURL01,Łukasz Burliga,2018-08-04,9.06,132
2013BURL01,Łukasz Burliga,2018-08-04,7.36,133
2013BURL01,Łukasz Burliga,2018-08-04,8.05,134
2013BURL01,Łukasz Burliga,2018-08-18,9.34,135
2013BURL01,Łukasz Burliga,2018-08-18,8.24,136
2013BURL01,Łukasz Burliga,2018-08-18,8.19,137
2013BURL01,Łukasz Burliga,2018-09-15,8.58,138
2013BURL01,Łukasz Burliga,2018-09-15,8.48,139
2013BURL01,Łukasz Burliga,2018-09-15,9.06,140
2013BURL01,Łukasz Burliga,2018-09-22,9.29,141
2013BURL01,Łukasz Burliga,2018-09-22,8.84,142
2013BURL01,Łukasz Burliga,2018-09-22,8.86,143
2013BURL01,Łukasz Burliga,2018-10-06,8.95,144
2013BURL01,Łukasz Burliga,2018-10-06,8.45,145
2013BURL01,Łukasz Burliga,2018-10-06,10.9,146
2013BURL01,Łukasz Burliga,2018-10-20,9.83,147
2013BURL01,Łukasz Burliga,2018-10-20,8.35,148
2013BURL01,Łukasz Burliga,2018-10-20,8.86,149
2013BURL01,Łukasz Burliga,2018-10-26,8.52,150
2013BURL01,Łukasz Burliga,2018-10-26,8.43,151
2013BURL01,Łukasz Burliga,2018-10-26,8.3,152
2013BURL01,Łukasz Burliga,2018-11-17,7.73,153
2013BURL01,Łukasz Burliga,2018-11-17,7.8,154
2013BURL01,Łukasz Burliga,2018-11-17,7.7,155
2013BURL01,Łukasz Burliga,2018-12-08,8.36,156
2013BURL01,Łukasz Burliga,2018-12-08,8.17,157
2013BURL01,Łukasz Burliga,2018-12-08,8.41,158
2013BURL01,Łukasz Burliga,2019-01-12,8.01,159
2013BURL01,Łukasz Burliga,2019-01-12,9.16,160
2013BURL01,Łukasz Burliga,2019-01-12,8.62,161
2013BURL01,Łukasz Burliga,2019-02-02,8.98,162
2013BURL01,Łukasz Burliga,2019-02-02,9.21,163
2013BURL01,Łukasz Burliga,2019-02-02,7.91,164
2013BURL01,Łukasz Burliga,2019-02-16,7.4,165
2013BURL01,Łukasz Burliga,2019-02-16,8.77,166
2013BURL01,Łukasz Burliga,2019-02-16,8.45,167
2013BURL01,Łukasz Burliga,2019-02-23,8.81,168
2013BURL01,Łukasz Burliga,2019-02-23,7.87,169
2013BURL01,Łukasz Burliga,2019-02-23,7.92,170
2013BURL01,Łukasz Burliga,2019-03-02,8.26,171
2013BURL01,Łukasz Burliga,2019-03-02,9.3,172
2013BURL01,Łukasz Burliga,2019-03-02,7.63,173
2013BURL01,Łukasz Burliga,2019-05-26,8.61,174
2013BURL01,Łukasz Burliga,2019-05-26,8.93,175
2013BURL01,Łukasz Burliga,2019-05-26,8.04,176
2013BURL01,Łukasz Burliga,2019-06-01,7.93,177
2013BURL01,Łukasz Burliga,2019-06-01,7.02,178
2013BURL01,Łukasz Burliga,2019-06-01,8.66,179
2013BURL01,Łukasz Burliga,2019-06-22,7.45,180
2013BURL01,Łukasz Burliga,2019-06-22,8.14,181
2013BURL01,Łukasz Burliga,2019-06-22,8.62,182
2013BURL01,Łukasz Burliga,2019-07-11,9.34,183
2013BURL01,Łukasz Burliga,2019-07-11,7.62,184
2013BURL01,Łukasz Burliga,2019-07-11,7.67,185
2013BURL01,Łukasz Burliga,2019-07-20,7.95,186
2013BURL01,Łukasz Burliga,2019-07-20,8.86,187
2013BURL01,Łukasz Burliga,2019-07-20,7.52,188
2013BURL01,Łukasz Burliga,2019-08-24,8.92,189
2013BURL01,Łukasz Burliga,2019-08-24,8.82,190
2013BURL01,Łukasz Burliga,2019-08-24,8.74,191
2013BURL01,Łukasz Burliga,2019-09-13,9.65,192
2013BURL01,Łukasz Burliga,2019-09-13,9.16,193
2013BURL01,Łukasz Burliga,2019-09-13,7.52,194
2013BURL01,Łukasz Burliga,2019-09-28,9.06,195
2013BURL01,Łukasz Burliga,2019-09-28,8.05,196
2013BURL01,Łukasz Burliga,2019-09-28,9.36,197
2013BURL01,Łukasz Burliga,2019-10-05,8.54,198
2013BURL01,Łukasz Burliga,2019-10-05,9.01,199
2013BURL01,Łukasz Burliga,2019-10-05,8.4,200
2013BURL01,Łukasz Burliga,2019-10-11,8.51,201
2013BURL01,Łukasz Burliga,2019-10-11,8.06,202
2013BURL01,Łukasz Burliga,2019-10-11,8.79,203
2013BURL01,Łukasz Burliga,2019-10-11,8.37,204
2013BURL01,Łukasz Burliga,2019-12-06,9.57,205
2013BURL01,Łukasz Burliga,2019-12-06,7.89,206
2013BURL01,Łukasz Burliga,2019-12-06,8.71,207
2013BURL01,Łukasz Burliga,2020-01-25,9.03,208
2013BURL01,Łukasz Burliga,2020-01-25,8.63,209
2013BURL01,Łukasz Burliga,2020-01-25,8.26,210
2013BURL01,Łukasz Burliga,2020-08-22,8.92,211
2013BURL01,Łukasz Burliga,2020-08-22,8.63,212
2013BURL01,Łukasz Burliga,2020-08-22,7.67,213
2013BURL01,Łukasz Burliga,2020-09-12,8.21,214
2013BURL01,Łukasz Burliga,2020-09-12,9.07,215
2013BURL01,Łukasz Burliga,2020-09-12,8.85,216
2013BURL01,Łukasz Burliga,2021-07-03,7.82,217
2013BURL01,Łukasz Burliga,2021-07-03,8.67,218
2013BURL01,Łukasz Burliga,2021-07-03,7.89,219
2013BURL01,Łukasz Burliga,2021-07-10,8.47,220
2013BURL01,Łukasz Burliga,2021-07-10,8.83,221
2013BURL01,Łukasz Burliga,2021-07-10,8.52,222
2013BURL01,Łukasz Burliga,2021-07-24,8.21,223
2013BURL01,Łukasz Burliga,2021-07-24,8.41,224
2013BURL01,Łukasz Burliga,2021-07-24,7.48,225
2013BURL01,Łukasz Burliga,2021-08-07,8.84,226
2013BURL01,Łukasz Burliga,2021-08-07,8.26,227
2013BURL01,Łukasz Burliga,2021-08-07,8.23,228
2013BURL01,Łukasz Burliga,2021-09-04,8.04,229
2013BURL01,Łukasz Burliga,2021-09-04,8.37,230
2013BURL01,Łukasz Burliga,2021-09-04,8.05,231
2013BURL01,Łukasz Burliga,2021-09-11,9.03,232
2013BURL01,Łukasz Burliga,2021-09-11,8.64,233
2013BURL01,Łukasz Burliga,2021-09-11,7.77,234
2013BURL01,Łukasz Burliga,2021-09-18,8.63,235
2013BURL01,Łukasz Burliga,2021-09-18,7.79,236
2013BURL01,Łukasz Burliga,2021-09-18,7.71,237
2013BURL01,Łukasz Burliga,2021-10-01,8.31,238
2013BURL01,Łukasz Burliga,2021-10-01,8.45,239
2013BURL01,Łukasz Burliga,2021-10-01,7.98,240
2013BURL01,Łukasz Burliga,2021-10-09,9.12,241
2013BURL01,Łukasz Burliga,2021-10-09,8.39,242
2013BURL01,Łukasz Burliga,2021-10-09,9.06,243
2013BURL01,Łukasz Burliga,2021-11-06,8.37,244
2013BURL01,Łukasz Burliga,2021-11-06,9.08,245
2013BURL01,Łukasz Burliga,2021-11-06,7.75,246
2013BURL01,Łukasz Burliga,2021-12-18,8.7,247
2013BURL01,Łukasz Burliga,2021-12-18,8.05,248
2013BURL01,Łukasz Burliga,2021-12-18,7.35,249
2013BURL01,Łukasz Burliga,2022-02-26,8.33,250
2013BURL01,Łukasz Burliga,2022-02-26,7.67,251
2013BURL01,Łukasz Burliga,2022-02-26,7.61,252
2013BURL01,Łukasz Burliga,2022-03-12,8.22,253
2013BURL01,Łukasz Burliga,2022-03-12,7.56,254
2013BURL01,Łukasz Burliga,2022-03-12,9.34,255
2013BURL01,Łukasz Burliga,2022-03-26,7.52,256
2013BURL01,Łukasz Burliga,2022-03-26,8.29,257
2013BURL01,Łukasz Burliga,2022-03-26,8.34,258
2013BURL01,Łukasz Burliga,2022-04-23,8.74,259
2013BURL01,Łukasz Burliga,2022-04-23,8.53,260
2013BURL01,Łukasz Burliga,2022-04-23,7.93,261
2013BURL01,Łukasz Burliga,2022-04-23,7.75,262
2013BURL01,Łukasz Burliga,2022-05-21,7.7,263
2013BURL01,Łukasz Burliga,2022-05-21,7.57,264
2013BURL01,Łukasz Burliga,2022-05-21,8.58,265
2013BURL01,Łukasz Burliga,2022-05-21,8.07,266
2013BURL01,Łukasz Burliga,2022-06-04,8.66,267
2013BURL01,Łukasz Burliga,2022-06-04,8.98,268
2013BURL01,Łukasz Burliga,2022-06-04,8.58,269
2013BURL01,Łukasz Burliga,2022-07-02,7.91,270
2013BURL01,Łukasz Burliga,2022-07-02,8.07,271
2013BURL01,Łukasz Burliga,2022-07-02,9.06,272
2013BURL01,Łukasz Burliga,2022-07-08,7.43,273
2013BURL01,Łukasz Burliga,2022-07-08,8.16,274
2013BURL01,Łukasz Burliga,2022-07-08,8.26,275
2013BURL01,Łukasz Burliga,2022-07-14,8.61,276
2013BURL01,Łukasz Burliga,2022-07-14,7.54,277
2013BURL01,Łukasz Burliga,2022-07-14,7.29,278
2013BURL01,Łukasz Burliga,2022-07-14,8.16,279
2013BURL01,Łukasz Burliga,2022-08-06,8.87,280
2013BURL01,Łukasz Burliga,2022-08-06,8.49,281
2013BURL01,Łukasz Burliga,2022-08-06,7.6,282
2013BURL01,Łukasz Burliga,2022-08-06,7.49,283
2013BURL01,Łukasz Burliga,2022-08-13,6.98,284
2013BURL01,Łukasz Burliga,2022-08-13,7.65,285
2013BURL01,Łukasz Burliga,2022-08-13,7.85,286
2013BURL01,Łukasz Burliga,2022-08-27,7.72,287
2013BURL01,Łukasz Burliga,2022-08-27,7.57,288
2013BURL01,Łukasz Burliga,2022-08-27,7.7,289
2013BURL01,Łukasz Burliga,2022-08-27,7.39,290
2013BURL01,Łukasz Burliga,2022-09-17,8.91,291
2013BURL01,Łukasz Burliga,2022-09-17,8.23,292
2013BURL01,Łukasz Burliga,2022-09-17,7.96,293
2013BURL01,Łukasz Burliga,2022-09-24,7.96,294
2013BURL01,Łukasz Burliga,2022-09-24,8.27,295
2013BURL01,Łukasz Burliga,2022-09-24,8.18,296
2013BURL01,Łukasz Burliga,2022-10-01,7.92,297
2013BURL01,Łukasz Burliga,2022-10-01,7.19,298
2013BURL01,Łukasz Burliga,2022-10-01,7.72,299
2013BURL01,Łukasz Burliga,2022-10-01,7.85,300
2013BURL01,Łukasz Burliga,2022-10-15,7.75,301
2013BURL01,Łukasz Burliga,2022-10-15,8.29,302
2013BURL01,Łukasz Burliga,2022-10-15,8.11,303
2013BURL01,Łukasz Burliga,2022-10-22,8.08,304
2013BURL01,Łukasz Burliga,2022-10-22,8.21,305
2013BURL01,Łukasz Burliga,2022-10-22,7.68,306
2013BURL01,Łukasz Burliga,2022-11-12,9.23,307
2013BURL01,Łukasz Burliga,2022-11-12,9.22,308
2013BURL01,Łukasz Burliga,2022-11-12,7.63,309
2013BURL01,Łukasz Burliga,2022-12-17,7.81,310
2013BURL01,Łukasz Burliga,2022-12-17,7.64,311
2013BURL01,Łukasz Burliga,2022-12-17,8.02,312
2013BURL01,Łukasz Burliga,2023-01-28,9.33,313
2013BURL01,Łukasz Burliga,2023-01-28,7.45,314
2013BURL01,Łukasz Burliga,2023-01-28,8.3,315
2013BURL01,Łukasz Burliga,2023-02-04,8.3,316
2013BURL01,Łukasz Burliga,2023-02-04,8.23,317
2013BURL01,Łukasz Burliga,2023-02-04,7.45,318
2013BURL01,Łukasz Burliga,2023-02-25,7.73,319
2013BURL01,Łukasz Burliga,2023-02-25,8.39,320
2013BURL01,Łukasz Burliga,2023-02-25,7.17,321
2013BURL01,Łukasz Burliga,2023-03-04,8.27,322
2013BURL01,Łukasz Burliga,2023-03-04,7.57,323
2013BURL01,Łukasz Burliga,2023-03-04,7.94,324
2013BURL01,Łukasz Burliga,2023-03-18,7.72,325
2013BURL01,Łukasz Burliga,2023-03-18,8.18,326
2013BURL01,Łukasz Burliga,2023-03-18,7.87,327
2013BURL01,Łukasz Burliga,2023-03-25,7.74,328
2013BURL01,Łukasz Burliga,2023-03-25,7.86,329
2013BURL01,Łukasz Burliga,2023-03-25,8.09,330
2013BURL01,Łukasz Burliga,2023-04-01,7.3,331
2013BURL01,Łukasz Burliga,2023-04-01,8.17,332
2013BURL01,Łukasz Burliga,2023-04-01,7.78,333
2013BURL01,Łukasz Burliga,2023-04-15,7.27,334
2013BURL01,Łukasz Burliga,2023-04-15,8.05,335
2013BURL01,Łukasz Burliga,2023-04-15,7.64,336
2013BURL01,Łukasz Burliga,2023-05-06,7.47,337
2013BURL01,Łukasz Burliga,2023-05-06,8.13,338
2013BURL01,Łukasz Burliga,2023-05-06,7.35,339
2013BURL01,Łukasz Burliga,2023-05-13,7.78,340
2013BURL01,Łukasz Burliga,2023-05-13,7.05,341
2013BURL01,Łukasz Burliga,2023-05-13,7.66,342
2013BURL01,Łukasz Burliga,2023-05-20,8.27,343
2013BURL01,Łukasz Burliga,2023-05-20,7.74,344
2013BURL01,Łukasz Burliga,2023-05-20,7.79,345
2013BURL01,Łukasz Burliga,2023-05-27,9.15,346
2013BURL01,Łukasz Burliga,2023-05-27,7.03,347
2013BURL01,Łukasz Burliga,2023-06-03,7.87,348
2013BURL01,Łukasz Burliga,2023-06-03,7.67,349
2013BURL01,Łukasz Burliga,2023-06-03,8.4,350
2013BURL01,Łukasz Burliga,2023-06-10,8.72,351
2013BURL01,Łukasz Burliga,2023-06-10,7.7,352
2013BURL01,Łukasz Burliga,2023-06-10,7.05,353
2013BURL01,Łukasz Burliga,2023-06-17,8.03,354
2013BURL01,Łukasz Burliga,2023-06-24,8.38,355
2013BURL01,Łukasz Burliga,2023-06-24,7.49,356
2013BURL01,Łukasz Burliga,2023-06-24,8.09,357
2013BURL01,Łukasz Burliga,2023-07-08,9.01,358
2013BURL01,Łukasz Burliga,2023-07-08,8.55,359
2013BURL01,Łukasz Burliga,2023-07-08,8.95,360
2013BURL01,Łukasz Burliga,2023-07-28,8.09,361
2013BURL01,Łukasz Burliga,2023-07-28,7.03,362
2013BURL01,Łukasz Burliga,2023-08-12,7.94,363
2013BURL01,Łukasz Burliga,2023-08-12,8.65,364
2013BURL01,Łukasz Burliga,2023-08-12,7.66,365
2013BURL01,Łukasz Burliga,2023-08-19,7.97,366
2013BURL01,Łukasz Burliga,2023-08-19,8.19,367
2013BURL01,Łukasz Burliga,2023-08-19,8.88,368
2013BURL01,Łukasz Burliga,2023-08-26,8.01,369
2013BURL01,Łukasz Burliga,2023-08-26,7.34,370
2013BURL01,Łukasz Burliga,2023-08-26,7.56,371
2013BURL01,Łukasz Burliga,2023-09-02,7.65,372
2013BURL01,Łukasz Burliga,2023-09-02,8.29,373
2013BURL01,Łukasz Burliga,2023-09-02,7.42,374
2013BURL01,Łukasz Burliga,2023-09-03,9.61,375
2013BURL01,Łukasz Burliga,2023-09-03,7.87,376
2013BURL01,Łukasz Burliga,2023-09-03,8.1,377
2013BURL01,Łukasz Burliga,2023-09-09,7.29,378
2013BURL01,Łukasz Burliga,2023-09-09,7.77,379
2013BURL01,Łukasz Burliga,2023-09-09,7.92,380
2013BURL01,Łukasz Burliga,2023-09-16,7.61,381
2013BURL01,Łukasz Burliga,2023-09-16,7.61,382
2013BURL01,Łukasz Burliga,2023-09-16,7.86,383
2013BURL01,Łukasz Burliga,2023-09-23,9.62,384
2013BURL01,Łukasz Burliga,2023-09-23,9.3,385
2013BURL01,Łukasz Burliga,2023-09-23,7.66,386
2013BURL01,Łukasz Burliga,2023-10-01,9.18,387
2013BURL01,Łukasz Burliga,2023-10-01,8.5,388
2013BURL01,Łukasz Burliga,2023-10-01,8.09,389
2013BURL01,Łukasz Burliga,2023-10-06,7.38,390
2013BURL01,Łukasz Burliga,2023-10-06,7.49,391
2013BURL01,Łukasz Burliga,2023-10-06,8.03,392
2013BURL01,Łukasz Burliga,2023-10-14,8.78,393
2013BURL01,Łukasz Burliga,2023-10-14,7.35,394
2013BURL01,Łukasz Burliga,2023-10-14,8.51,395
2013BURL01,Łukasz Burliga,2023-11-04,8.8,396
2013BURL01,Łukasz Burliga,2023-11-04,7.7,397
2013BURL01,Łukasz Burliga,2023-11-04,7.79,398
2013BURL01,Łukasz Burliga,2023-11-04,7.6,399
2013BURL01,Łukasz Burliga,2023-11-18,7.58,400
2013BURL01,Łukasz Burliga,2023-11-18,7.27,401
2013BURL01,Łukasz Burliga,2023-11-18,7.45,402
2013BURL01,Łukasz Burliga,2023-11-19,8.25,403
2013BURL01,Łukasz Burliga,2023-11-19,7.16,404
2013BURL01,Łukasz Burliga,2023-11-19,8.43,405
2013BURL01,Łukasz Burliga,2023-12-09,7.37,406
2013BURL01,Łukasz Burliga,2023-12-09,7.0,407
2013BURL01,Łukasz Burliga,2023-12-09,7.41,408
2013BURL01,Łukasz Burliga,2023-12-16,7.82,409
2013BURL01,Łukasz Burliga,2023-12-16,7.72,410
2013BURL01,Łukasz Burliga,2023-12-16,7.61,411
2013BURL01,Łukasz Burliga,2024-02-03,8.18,412
2013BURL01,Łukasz Burliga,2024-02-03,7.45,413
2013BURL01,Łukasz Burliga,2024-02-03,7.5,414
2013BURL01,Łukasz Burliga,2024-02-10,7.85,415
2013BURL01,Łukasz Burliga,2024-02-10,8.01,416
2013BURL01,Łukasz Burliga,2024-02-10,6.59,417
2013BURL01,Łukasz Burliga,2024-03-02,7.8,418
2013BURL01,Łukasz Burliga,2024-03-02,7.66,419
2013BURL01,Łukasz Burliga,2024-03-02,8.01,420
2013BURL01,Łukasz Burliga,2024-03-09,7.03,421
2013BURL01,Łukasz Burliga,2024-03-09,7.28,422
2013BURL01,Łukasz Burliga,2024-04-13,7.95,423
2013BURL01,Łukasz Burliga,2024-04-13,8.82,424
2013BURL01,Łukasz Burliga,2024-04-13,7.26,425
2013BURL01,Łukasz Burliga,2024-04-20,8.52,426
2013BURL01,Łukasz Burliga,2024-04-20,8.28,427
2013BURL01,Łukasz Burliga,2024-04-20,7.67,428
2013BURL01,Łukasz Burliga,2024-05-17,8.6,429
2013BURL01,Łukasz Burliga,2024-05-17,6.98,430
2013BURL01,Łukasz Burliga,2024-05-17,8.98,431
2013BURL01,Łukasz Burliga,2024-05-25,8.0,432
2013BURL01,Łukasz Burliga,2024-05-25,7.43,433
2013BURL01,Łukasz Burliga,2024-05-25,8.46,434
2013BURL01,Łukasz Burliga,2024-05-25,8.22,435
2013BURL01,Łukasz Burliga,2024-05-25,7.52,436
2013BURL01,Łukasz Burliga,2024-05-31,8.68,437
2013BURL01,Łukasz Burliga,2024-05-31,7.71,438
2013BURL01,Łukasz Burliga,2024-05-31,8.42,439
2013BURL01,Łukasz Burliga,2024-06-15,7.65,440
2013BURL01,Łukasz Burliga,2024-06-15,9.9,441
2013BURL01,Łukasz Burliga,2024-06-22,7.47,442
2013BURL01,Łukasz Burliga,2024-06-22,8.23,443
2013BURL01,Łukasz Burliga,2024-06-22,7.0,444
2013BURL01,Łukasz Burliga,2024-06-29,7.17,445
2013BURL01,Łukasz Burliga,2024-06-29,7.6,446
2013BURL01,Łukasz Burliga,2024-06-29,8.09,447
2013BURL01,Łukasz Burliga,2024-07-13,7.26,448
2013BURL01,Łukasz Burliga,2024-07-13,7.73,449
2013BURL01,Łukasz Burliga,2024-07-13,7.46,450
2013BURL01,Łukasz Burliga,2024-07-25,7.05,451
2013BURL01,Łukasz Burliga,2024-07-25,7.99,452
2013BURL01,Łukasz Burliga,2024-07-25,7.34,453
2013BURL01,Łukasz Burliga,2024-08-03,7.52,454
2013BURL01,Łukasz Burliga,2024-08-03,7.59,455
2013BURL01,Łukasz Burliga,2024-08-03,7.95,456
2013BURL01,Łukasz Burliga,2024-08-24,8.09,457
2013BURL01,Łukasz Burliga,2024-08-24,7.77,458
2013BURL01,Łukasz Burliga,2024-08-24,6.93,459
2013BURL01,Łukasz Burliga,2024-09-21,8.13,460
2013BURL01,Łukasz Burliga,2024-09-21,8.06,461
2013BURL01,Łukasz Burliga,2024-09-21,7.36,462
2013BURL01,Łukasz Burliga,2024-10-12,6.86,463
2013BURL01,Łukasz Burliga,2024-10-12,8.26,464
2013BURL01,Łukasz Burliga,2024-10-12,7.15,465
2013BURL01,Łukasz Burliga,2024-10-12,7.91,466
2013BURL01,Łukasz Burliga,2024-10-26,7.4,467
2013BURL01,Łukasz Burliga,2024-10-26,8.05,468
2013BURL01,Łukasz Burliga,2024-10-26,7.36,469
2013BURL01,Łukasz Burliga,2024-11-07,7.86,470
2013BURL01,Łukasz Burliga,2024-11-07,8.73,471
2013BURL01,Łukasz Burliga,2024-11-07,8.49,472
2013BURL01,Łukasz Burliga,2024-11-23,7.94,473
2013BURL01,Łukasz Burliga,2024-11-23,7.61,474
2013BURL01,Łukasz Burliga,2024-11-23,7.37,475
2013BURL01,Łukasz Burliga,2024-11-30,7.11,476
2013BURL01,Łukasz Burliga,2024-11-30,7.35,477
2013BURL01,Łukasz Burliga,2025-01-25,7.55,478
2013BURL01,Łukasz Burliga,2025-01-25,8.05,479
2013BURL01,Łukasz Burliga,2025-01-25,7.65,480
2013BURL01,Łukasz Burliga,2025-02-01,9.16,481
2013BURL01,Łukasz Burliga,2025-02-01,6.56,482
2013BURL01,Łukasz Burliga,2025-02-01,7.37,483
2013BURL01,Łukasz Burliga,2025-02-15,7.68,484
2013BURL01,Łukasz Burliga,2025-02-15,8.32,485
2013BURL01,Łukasz Burliga,2025-02-15,7.73,486
2013BURL01,Łukasz Burliga,2025-02-21,7.85,487
2013BURL01,Łukasz Burliga,2025-02-21,8.04,488
2013BURL01,Łukasz Burliga,2025-02-21,7.27,489
2013BURL01,Łukasz Burliga,2025-03-08,7.06,490
2013BURL01,Łukasz Burliga,2025-03-08,7.54,491
2013BURL01,Łukasz Burliga,2025-03-08,8.08,492
2013BURL01,Łukasz Burliga,2025-03-22,7.65,493
2013BURL01,Łukasz Burliga,2025-03-22,7.88,494
2013BURL01,Łukasz Burliga,2025-03-22,7.66,495
2013BURL01,Łukasz Burliga,2025-03-29,7.67,496
2013BURL01,Łukasz Burliga,2025-03-29,8.03,497
2013BURL01,Łukasz Burliga,2025-03-29,7.46,498
2013BURL01,Łukasz Burliga,2025-04-05,7.82,499
2013BURL01,Łukasz Burliga,2025-04-05,8.59,500
2013BURL01,Łukasz Burliga,2025-04-12,8.19,501
2013BURL01,Łukasz Burliga,2025-04-12,7.48,502
2013BURL01,Łukasz Burliga,2025-04-12,7.87,503
2013BURL01,Łukasz Burliga,2025-05-17,7.75,504
2013BURL01,Łukasz Burliga,2025-05-17,7.25,505
2013BURL01,Łukasz Burliga,2025-05-17,8.85,506
2013BURL01,Łukasz Burliga,2025-05-31,7.79,507
2013BURL01,Łukasz Burliga,2025-05-31,7.65,508
2013BURL01,Łukasz Burliga,2025-05-31,8.41,509
2013BURL01,Łukasz Burliga,2025-06-07,7.35,510
2013BURL01,Łukasz Burliga,2025-06-07,7.1,511
2013BURL01,Łukasz Burliga,2025-06-07,8.49,512
2013BURL01,Łukasz Burliga,2025-06-14,7.11,513
2013BURL01,Łukasz Burliga,2025-06-14,9.11,514
2013BURL01,Łukasz Burliga,2025-06-14,7.57,515
2013BURL01,Łukasz Burliga,2025-06-28,8.34,516
2013BURL01,Łukasz Burliga,2025-06-28,6.68,517
2013BURL01,Łukasz Burliga,2025-06-28,7.79,518
2013BURL01,Łukasz Burliga,2025-07-04,7.44,519
2013BURL01,Łukasz Burliga,2025-07-04,7.38,520
2013BURL01,Łukasz Burliga,2025-07-04,7.21,521
2013BURL01,Łukasz Burliga,2025-07-26,8.72,522
2013BURL01,Łukasz Burliga,2025-07-26,6.99,523
2013BURL01,Łukasz Burliga,2025-07-26,7.56,524
2013BURL01,Łukasz Burliga,2025-08-23,8.31,525
2013BURL01,Łukasz Burliga,2025-08-23,7.47,526
2013BURL01,Łukasz Burliga,2025-08-23,7.14,527
2013BURL01,Łukasz Burliga,2025-09-05,7.67,528
2013BURL01,Łukasz Burliga,2025-09-05,7.18,529
2013BURL01,Łukasz Burliga,2025-09-05,7.72,530
2013BURL01,Łukasz Burliga,2025-09-27,8.16,531
2013BURL01,Łukasz Burliga,2025-09-27,7.94,532
2013BURL01,Łukasz Burliga,2025-09-27,7.87,533
2013BURL01,Łukasz Burliga,2025-10-04,7.65,534
2013BURL01,Łukasz Burliga,2025-10-04,7.6,535
2013BURL01,Łukasz Burliga,2025-10-04,6.94,536
2013BURL01,Łukasz Burliga,2025-10-12,7.36,537
2013BURL01,Łukasz Burliga,2025-10-12,7.85,538
2013BURL01,Łukasz Burliga,2025-10-12,8.56,539
2013BURL01,Łukasz Burliga,2025-10-25,7.49,540
2013BURL01,Łukasz Burliga,2025-10-25,7.64,541
2013BURL01,Łukasz Burliga,2025-10-25,6.82,542
2013BURL01,Łukasz Burliga,2025-11-13,7.36,543
2013BURL01,Łukasz Burliga,2025-11-13,8.31,544
2013BURL01,Łukasz Burliga,2025-11-13,8.55,545
2013BURL01,Łukasz Burliga,2025-11-22,9.48,546
2013BURL01,Łukasz Burliga,2025-11-22,6.84,547
2013BURL01,Łukasz Burliga,2025-11-22,7.04,548
2013BURL01,Łukasz Burliga,2025-11-29,6.67,549
2013BURL01,Łukasz Burliga,2025-11-29,7.01,550
2013BURL01,Łukasz Burliga,2025-11-29,7.63,551
2013BURL01,Łukasz Burliga,2025-11-29,7.06,552
2013BURL01,Łukasz Burliga,2025-12-13,7.21,553
2013BURL01,Łukasz Burliga,2025-12-13,7.0,554
2013BURL01,Łukasz Burliga,2025-12-13,7.31,555
2013BURL01,Łukasz Burliga,2025-12-20,7.9,556
2013BURL01,Łukasz Burliga,2025-12-20,7.21,557
2013BURL01,Łukasz Burliga,2025-12-20,8.96,558
2013BURL01,Łukasz Burliga,2026-01-24,8.16,559
2013BURL01,Łukasz Burliga,2026-01-24,7.51,560
2013BURL01,Łukasz Burliga,2026-01-24,8.72,561
2013BURL01,Łukasz Burliga,2026-02-21,8.41,562
2013BURL01,Łukasz Burliga,2026-02-21,7.52,563
2013BURL01,Łukasz Burliga,2026-02-21,7.42,564
2013BURL01,Łukasz Burliga,2026-03-21,8.44,565
2013BURL01,Łukasz Burliga,2026-03-21,7.54,566
2013BURL01,Łukasz Burliga,2026-03-21,6.92,567
2013BURL01,Łukasz Burliga,2026-04-11,8.73,568
2013BURL01,Łukasz Burliga,2026-04-11,7.03,569
2013BURL01,Łukasz Burliga,2026-04-11,7.41,570
2013BURL01,Łukasz Burliga,2026-05-01,7.43,571
2013BURL01,Łukasz Burliga,2026-05-01,8.12,572
2013BURL01,Łukasz Burliga,2026-05-01,8.54,573
2013BURL01,Łukasz Burliga,2026-05-01,7.69,574
2013BURL01,Łukasz Burliga,2026-05-16,6.41,575
2013BURL01,Łukasz Burliga,2026-05-16,7.74,576
2013BURL01,Łukasz Burliga,2026-05-16,7.69,577
2013JOHN10,Brian Johnson,2013-10-05,22.29,1
2013JOHN10,Brian Johnson,2013-10-05,23.65,2
2013JOHN10,Brian Johnson,2013-12-07,18.81,3
2013JOHN10,Brian Johnson,2013-12-07,16.72,4
2013JOHN10,Brian Johnson,2014-03-29,15.49,5
2013JOHN10,Brian Johnson,2014-03-29,13.6,6
2013JOHN10,Brian Johnson,2014-06-07,13.64,7
2013JOHN10,Brian Johnson,2014-06-07,13.45,8
2013JOHN10,Brian Johnson,2014-06-07,12.84,9
2013JOHN10,Brian Johnson,2014-07-19,12.95,10
2013JOHN10,Brian Johnson,2014-07-19,14.4,11
2013JOHN10,Brian Johnson,2014-07-19,12.96,12
2013JOHN10,Brian Johnson,2014-09-06,14.08,13
2013JOHN10,Brian Johnson,2014-09-06,12.26,14
2013JOHN10,Brian Johnson,2014-09-27,13.4,15
2013JOHN10,Brian Johnson,2014-09-27,13.5,16
2013JOHN10,Brian Johnson,2015-03-07,13.14,17
2013JOHN10,Brian Johnson,2015-03-07,10.99,18
2013JOHN10,Brian Johnson,2015-03-07,11.99,19
2013JOHN10,Brian Johnson,2015-04-18,11.35,20
2013JOHN10,Brian Johnson,2015-04-18,10.45,21
2013JOHN10,Brian Johnson,2015-04-18,12.63,22
2013JOHN10,Brian Johnson,2015-06-12,10.8,23
2013JOHN10,Brian Johnson,2015-06-12,12.43,24
2013JOHN10,Brian Johnson,2015-06-27,12.37,25
2013JOHN10,Brian Johnson,2015-06-27,10.75,26
2013JOHN10,Brian Johnson,2015-06-27,13.22,27
2013JOHN10,Brian Johnson,2015-08-22,11.68,28
2013JOHN10,Brian Johnson,2015-08-22,10.54,29
2013JOHN10,Brian Johnson,2015-09-05,10.17,30
2013JOHN10,Brian Johnson,2015-09-05,10.76,31
2013JOHN10,Brian Johnson,2016-02-06,10.34,32
2013JOHN10,Brian Johnson,2016-02-06,10.02,33
2013JOHN10,Brian Johnson,2016-02-06,10.68,34
2013JOHN10,Brian Johnson,2016-08-13,10.0,35
2013JOHN10,Brian Johnson,2016-08-13,10.03,36
2013JOHN10,Brian Johnson,2016-08-13,10.3,37
2013JOHN10,Brian Johnson,2016-10-08,10.99,38
2013JOHN10,Brian Johnson,2016-10-08,9.98,39
2013JOHN10,Brian Johnson,2016-10-08,10.56,40
2013JOHN10,Brian Johnson,2017-02-18,8.82,41
2013JOHN10,Brian Johnson,2017-02-18,9.76,42
2013JOHN10,Brian Johnson,2017-02-18,9.49,43
2013JOHN10,Brian Johnson,2017-06-10,9.19,44
2013JOHN10,Brian Johnson,2017-06-10,9.71,45
2013JOHN10,Brian Johnson,2017-06-10,8.88,46
2013JOHN10,Brian Johnson,2017-07-07,9.28,47
2013JOHN10,Brian Johnson,2017-07-07,9.19,48
2013JOHN10,Brian Johnson,2017-07-07,9.09,49
2013JOHN10,Brian Johnson,2017-08-05,9.4,50
2013JOHN10,Brian Johnson,2017-08-05,9.32,51
2013JOHN10,Brian Johnson,2017-08-05,10.9,52
2013JOHN10,Brian Johnson,2017-09-09,9.59,53
2013JOHN10,Brian Johnson,2017-09-09,10.2,54
2013JOHN10,Brian Johnson,2017-10-28,8.14,55
2013JOHN10,Brian Johnson,2017-10-28,8.4,56
2013JOHN10,Brian Johnson,2017-10-28,8.56,57
2013JOHN10,Brian Johnson,2017-10-28,8.0,58
2013JOHN10,Brian Johnson,2017-12-02,9.62,59
2013JOHN10,Brian Johnson,2017-12-02,9.39,60
2013JOHN10,Brian Johnson,2017-12-02,8.55,61
2013JOHN10,Brian Johnson,2018-01-21,8.43,62
2013JOHN10,Brian Johnson,2018-01-21,9.09,63
2013JOHN10,Brian Johnson,2018-01-21,8.52,64
2013JOHN10,Brian Johnson,2018-03-09,8.74,65
2013JOHN10,Brian Johnson,2018-03-09,9.45,66
2013JOHN10,Brian Johnson,2018-03-09,9.28,67
2013JOHN10,Brian Johnson,2018-03-18,9.08,68
2013JOHN10,Brian Johnson,2018-03-18,9.14,69
2013JOHN10,Brian Johnson,2018-03-18,9.76,70
2013JOHN10,Brian Johnson,2018-04-21,8.53,71
2013JOHN10,Brian Johnson,2018-04-21,9.51,72
2013JOHN10,Brian Johnson,2018-04-21,7.25,73
2013JOHN10,Brian Johnson,2018-05-18,8.48,74
2013JOHN10,Brian Johnson,2018-05-18,9.34,75
2013JOHN10,Brian Johnson,2018-05-18,8.28,76
2013JOHN10,Brian Johnson,2018-05-18,8.65,77
2013JOHN10,Brian Johnson,2018-06-03,9.21,78
2013JOHN10,Brian Johnson,2018-06-03,7.74,79
2013JOHN10,Brian Johnson,2018-06-03,8.23,80
2013JOHN10,Brian Johnson,2018-07-27,8.74,81
2013JOHN10,Brian Johnson,2018-07-27,8.53,82
2013JOHN10,Brian Johnson,2018-07-27,8.19,83
2013JOHN10,Brian Johnson,2018-12-08,8.25,84
2013JOHN10,Brian Johnson,2018-12-08,7.61,85
2013JOHN10,Brian Johnson,2018-12-08,8.99,86
2013JOHN10,Brian Johnson,2019-02-02,8.64,87
2013JOHN10,Brian Johnson,2019-02-02,9.06,88
2013JOHN10,Brian Johnson,2019-02-16,7.93,89
2013JOHN10,Brian Johnson,2019-02-16,8.85,90
2013JOHN10,Brian Johnson,2019-02-16,8.44,91
2013JOHN10,Brian Johnson,2019-03-09,8.35,92
2013JOHN10,Brian Johnson,2019-03-09,8.48,93
2013JOHN10,Brian Johnson,2019-03-09,8.31,94
2013JOHN10,Brian Johnson,2019-03-30,8.69,95
2013JOHN10,Brian Johnson,2019-03-30,8.19,96
2013JOHN10,Brian Johnson,2019-03-30,7.09,97
2013JOHN10,Brian Johnson,2019-05-24,7.74,98
2013JOHN10,Brian Johnson,2019-05-24,8.55,99
2013JOHN10,Brian Johnson,2019-05-24,7.37,100
2013JOHN10,Brian Johnson,2019-05-24,7.05,101
2013JOHN10,Brian Johnson,2019-06-16,7.92,102
2013JOHN10,Brian Johnson,2019-06-16,8.27,103
2013JOHN10,Brian Johnson,2019-06-16,7.88,104
2013JOHN10,Brian Johnson,2019-08-01,7.64,105
2013JOHN10,Brian Johnson,2019-08-01,8.14,106
2013JOHN10,Brian Johnson,2019-08-01,7.31,107
2013JOHN10,Brian Johnson,2019-08-01,8.7,108
2013JOHN10,Brian Johnson,2019-09-21,8.48,109
2013JOHN10,Brian Johnson,2019-09-21,8.55,110
2013JOHN10,Brian Johnson,2019-10-20,8.16,111
2013JOHN10,Brian Johnson,2019-10-20,8.87,112
2013JOHN10,Brian Johnson,2019-11-09,7.61,113
2013JOHN10,Brian Johnson,2019-11-09,8.09,114
2013JOHN10,Brian Johnson,2019-11-09,7.16,115
2013JOHN10,Brian Johnson,2019-12-01,8.57,116
2013JOHN10,Brian Johnson,2019-12-01,8.04,117
2013JOHN10,Brian Johnson,2019-12-01,7.51,118
2013JOHN10,Brian Johnson,2019-12-21,7.45,119
2013JOHN10,Brian Johnson,2019-12-21,7.4,120
2013JOHN10,Brian Johnson,2020-02-16,7.78,121
2013JOHN10,Brian Johnson,2020-02-16,7.82,122
2013JOHN10,Brian Johnson,2020-02-16,7.97,123
2013JOHN10,Brian Johnson,2021-07-10,8.73,124
2013JOHN10,Brian Johnson,2021-07-10,7.3,125
2013JOHN10,Brian Johnson,2021-07-10,7.03,126
2013JOHN10,Brian Johnson,2021-10-30,7.4,127
2013JOHN10,Brian Johnson,2021-10-30,7.65,128
2013JOHN10,Brian Johnson,2021-10-30,7.65,129
2013JOHN10,Brian Johnson,2021-12-04,7.81,130
2013JOHN10,Brian Johnson,2021-12-04,7.15,131
2013JOHN10,Brian Johnson,2021-12-04,6.98,132
2013JOHN10,Brian Johnson,2021-12-31,6.46,133
2013JOHN10,Brian Johnson,2021-12-31,7.52,134
2013JOHN10,Brian Johnson,2022-01-08,6.48,135
2013JOHN10,Brian Johnson,2022-01-08,6.65,136
2013JOHN10,Brian Johnson,2022-01-08,6.55,137
2013JOHN10,Brian Johnson,2022-01-09,7.25,138
2013JOHN10,Brian Johnson,2022-01-09,7.12,139
2013JOHN10,Brian Johnson,2022-02-05,7.1,140
2013JOHN10,Brian Johnson,2022-02-05,6.13,141
2013JOHN10,Brian Johnson,2022-02-05,6.79,142
2013JOHN10,Brian Johnson,2022-03-05,6.12,143
2013JOHN10,Brian Johnson,2022-03-05,6.94,144
2013JOHN10,Brian Johnson,2022-03-19,7.32,145
2013JOHN10,Brian Johnson,2022-03-19,8.27,146
2013JOHN10,Brian Johnson,2022-03-19,7.3,147
2013JOHN10,Brian Johnson,2022-04-01,6.32,148
2013JOHN10,Brian Johnson,2022-04-01,8.03,149
2013JOHN10,Brian Johnson,2022-04-01,7.18,150
2013JOHN10,Brian Johnson,2022-04-09,7.02,151
2013JOHN10,Brian Johnson,2022-04-09,6.34,152
2013JOHN10,Brian Johnson,2022-04-09,6.84,153
2013JOHN10,Brian Johnson,2022-05-28,7.84,154
2013JOHN10,Brian Johnson,2022-05-28,6.54,155
2013JOHN10,Brian Johnson,2022-05-28,7.78,156
2013JOHN10,Brian Johnson,2022-06-18,7.72,157
2013JOHN10,Brian Johnson,2022-06-18,6.73,158
2013JOHN10,Brian Johnson,2022-06-18,6.7,159
2013JOHN10,Brian Johnson,2022-07-07,7.11,160
2013JOHN10,Brian Johnson,2022-07-07,7.7,161
2013JOHN10,Brian Johnson,2022-07-07,7.55,162
2013JOHN10,Brian Johnson,2022-07-07,8.58,163
2013JOHN10,Brian Johnson,2022-07-24,6.32,164
2013JOHN10,Brian Johnson,2022-07-24,7.14,165
2013JOHN10,Brian Johnson,2022-07-24,6.43,166
2013JOHN10,Brian Johnson,2022-07-29,7.85,167
2013JOHN10,Brian Johnson,2022-07-29,7.52,168
2013JOHN10,Brian Johnson,2022-07-29,7.57,169
2013JOHN10,Brian Johnson,2022-07-29,7.5,170
2013JOHN10,Brian Johnson,2022-08-06,7.52,171
2013JOHN10,Brian Johnson,2022-08-06,7.62,172
2013JOHN10,Brian Johnson,2022-08-06,7.61,173
2013JOHN10,Brian Johnson,2022-08-14,7.92,174
2013JOHN10,Brian Johnson,2022-08-14,7.36,175
2013JOHN10,Brian Johnson,2022-08-14,7.15,176
2013JOHN10,Brian Johnson,2022-08-19,6.98,177
2013JOHN10,Brian Johnson,2022-08-19,7.21,178
2013JOHN10,Brian Johnson,2022-08-19,7.23,179
2013JOHN10,Brian Johnson,2022-09-10,6.82,180
2013JOHN10,Brian Johnson,2022-09-10,6.72,181
2013JOHN10,Brian Johnson,2022-09-10,7.42,182
2013JOHN10,Brian Johnson,2022-09-24,5.91,183
2013JOHN10,Brian Johnson,2022-09-24,6.12,184
2013JOHN10,Brian Johnson,2022-09-24,6.98,185
2013JOHN10,Brian Johnson,2022-10-08,7.28,186
2013JOHN10,Brian Johnson,2022-10-08,7.31,187
2013JOHN10,Brian Johnson,2022-10-08,6.58,188
2013JOHN10,Brian Johnson,2022-10-22,7.0,189
2013JOHN10,Brian Johnson,2022-10-22,6.62,190
2013JOHN10,Brian Johnson,2022-10-22,7.51,191
2013JOHN10,Brian Johnson,2022-11-12,6.85,192
2013JOHN10,Brian Johnson,2022-11-12,7.64,193
2013JOHN10,Brian Johnson,2022-11-12,6.67,194
2013JOHN10,Brian Johnson,2022-11-19,6.0,195
2013JOHN10,Brian Johnson,2022-11-19,6.42,196
2013JOHN10,Brian Johnson,2022-11-19,7.6,197
2013JOHN10,Brian Johnson,2022-12-03,7.15,198
2013JOHN10,Brian Johnson,2022-12-03,7.08,199
2013JOHN10,Brian Johnson,2022-12-03,7.3,200
2013JOHN10,Brian Johnson,2022-12-17,7.23,201
2013JOHN10,Brian Johnson,2022-12-17,7.36,202
2013JOHN10,Brian Johnson,2022-12-17,7.74,203
2013JOHN10,Brian Johnson,2022-12-31,6.88,204
2013JOHN10,Brian Johnson,2022-12-31,7.58,205
2013JOHN10,Brian Johnson,2022-12-31,7.58,206
2013JOHN10,Brian Johnson,2023-01-14,6.74,207
2013JOHN10,Brian Johnson,2023-01-14,7.42,208
2013JOHN10,Brian Johnson,2023-01-14,6.47,209
2013JOHN10,Brian Johnson,2023-01-21,6.64,210
2013JOHN10,Brian Johnson,2023-01-21,8.65,211
2013JOHN10,Brian Johnson,2023-01-21,7.68,212
2013JOHN10,Brian Johnson,2023-02-05,6.31,213
2013JOHN10,Brian Johnson,2023-02-05,6.55,214
2013JOHN10,Brian Johnson,2023-02-11,7.06,215
2013JOHN10,Brian Johnson,2023-02-11,7.0,216
2013JOHN10,Brian Johnson,2023-02-11,6.96,217
2013JOHN10,Brian Johnson,2023-02-18,6.95,218
2013JOHN10,Brian Johnson,2023-02-18,7.35,219
2013JOHN10,Brian Johnson,2023-02-18,6.2,220
2013JOHN10,Brian Johnson,2023-02-18,7.08,221
2013JOHN10,Brian Johnson,2023-03-18,6.69,222
2013JOHN10,Brian Johnson,2023-03-18,6.34,223
2013JOHN10,Brian Johnson,2023-03-18,6.41,224
2013JOHN10,Brian Johnson,2023-03-25,6.32,225
2013JOHN10,Brian Johnson,2023-03-25,7.5,226
2013JOHN10,Brian Johnson,2023-04-01,6.34,227
2013JOHN10,Brian Johnson,2023-04-01,6.98,228
2013JOHN10,Brian Johnson,2023-04-01,7.74,229
2013JOHN10,Brian Johnson,2023-04-08,6.51,230
2013JOHN10,Brian Johnson,2023-04-08,7.66,231
2013JOHN10,Brian Johnson,2023-04-08,6.46,232
2013JOHN10,Brian Johnson,2023-04-22,6.97,233
2013JOHN10,Brian Johnson,2023-04-22,7.15,234
2013JOHN10,Brian Johnson,2023-04-22,7.58,235
2013JOHN10,Brian Johnson,2023-05-06,6.88,236
2013JOHN10,Brian Johnson,2023-05-06,7.27,237
2013JOHN10,Brian Johnson,2023-05-06,6.74,238
2013JOHN10,Brian Johnson,2023-05-20,6.91,239
2013JOHN10,Brian Johnson,2023-05-20,7.19,240
2013JOHN10,Brian Johnson,2023-05-20,7.31,241
2013JOHN10,Brian Johnson,2023-05-27,6.75,242
2013JOHN10,Brian Johnson,2023-05-27,7.73,243
2013JOHN10,Brian Johnson,2023-05-27,6.56,244
2013JOHN10,Brian Johnson,2023-06-02,6.47,245
2013JOHN10,Brian Johnson,2023-06-02,7.01,246
2013JOHN10,Brian Johnson,2023-06-02,7.27,247
2013JOHN10,Brian Johnson,2023-06-02,7.53,248
2013JOHN10,Brian Johnson,2023-06-10,6.56,249
2013JOHN10,Brian Johnson,2023-06-10,6.4,250
2013JOHN10,Brian Johnson,2023-06-10,7.1,251
2013JOHN10,Brian Johnson,2023-06-29,6.17,252
2013JOHN10,Brian Johnson,2023-06-29,6.38,253
2013JOHN10,Brian Johnson,2023-06-29,6.6,254
2013JOHN10,Brian Johnson,2023-07-01,7.01,255
2013JOHN10,Brian Johnson,2023-07-01,7.63,256
2013JOHN10,Brian Johnson,2023-07-01,7.11,257
2013JOHN10,Brian Johnson,2023-07-08,7.07,258
2013JOHN10,Brian Johnson,2023-07-08,6.43,259
2013JOHN10,Brian Johnson,2023-07-08,7.0,260
2013JOHN10,Brian Johnson,2023-07-22,6.76,261
2013JOHN10,Brian Johnson,2023-07-22,7.23,262
2013JOHN10,Brian Johnson,2023-07-22,7.0,263
2013JOHN10,Brian Johnson,2023-07-23,7.18,264
2013JOHN10,Brian Johnson,2023-07-23,8.73,265
2013JOHN10,Brian Johnson,2023-07-23,7.34,266
2013JOHN10,Brian Johnson,2023-07-27,6.39,267
2013JOHN10,Brian Johnson,2023-07-27,7.01,268
2013JOHN10,Brian Johnson,2023-07-27,7.22,269
2013JOHN10,Brian Johnson,2023-08-12,6.89,270
2013JOHN10,Brian Johnson,2023-08-12,6.76,271
2013JOHN10,Brian Johnson,2023-08-12,7.58,272
2013JOHN10,Brian Johnson,2023-08-19,6.11,273
2013JOHN10,Brian Johnson,2023-08-19,7.4,274
2013JOHN10,Brian Johnson,2023-08-19,7.62,275
2013JOHN10,Brian Johnson,2023-08-26,8.07,276
2013JOHN10,Brian Johnson,2023-08-26,7.28,277
2013JOHN10,Brian Johnson,2023-08-26,7.47,278
2013JOHN10,Brian Johnson,2023-08-27,6.12,279
2013JOHN10,Brian Johnson,2023-08-27,6.11,280
2013JOHN10,Brian Johnson,2023-08-27,7.8,281
2013JOHN10,Brian Johnson,2023-09-02,7.85,282
2013JOHN10,Brian Johnson,2023-09-02,8.2,283
2013JOHN10,Brian Johnson,2023-09-02,6.27,284
2013JOHN10,Brian Johnson,2023-09-02,7.07,285
2013JOHN10,Brian Johnson,2023-09-03,5.98,286
2013JOHN10,Brian Johnson,2023-09-03,7.18,287
2013JOHN10,Brian Johnson,2023-09-03,7.43,288
2013JOHN10,Brian Johnson,2023-09-09,7.73,289
2013JOHN10,Brian Johnson,2023-09-09,6.68,290
2013JOHN10,Brian Johnson,2023-09-10,6.08,291
2013JOHN10,Brian Johnson,2023-09-10,6.78,292
2013JOHN10,Brian Johnson,2023-09-10,6.48,293
2013JOHN10,Brian Johnson,2023-09-17,7.47,294
2013JOHN10,Brian Johnson,2023-09-17,6.72,295
2013JOHN10,Brian Johnson,2023-09-17,7.32,296
2013JOHN10,Brian Johnson,2023-09-23,6.3,297
2013JOHN10,Brian Johnson,2023-09-23,6.81,298
2013JOHN10,Brian Johnson,2023-09-23,7.02,299
2013JOHN10,Brian Johnson,2023-09-30,10.14,300
2013JOHN10,Brian Johnson,2023-09-30,6.69,301
2013JOHN10,Brian Johnson,2023-09-30,6.79,302
2013JOHN10,Brian Johnson,2023-10-07,6.36,303
2013JOHN10,Brian Johnson,2023-10-07,6.82,304
2013JOHN10,Brian Johnson,2023-10-20,6.32,305
2013JOHN10,Brian Johnson,2023-10-20,7.21,306
2013JOHN10,Brian Johnson,2023-10-20,6.86,307
2013JOHN10,Brian Johnson,2023-10-20,6.59,308
2013JOHN10,Brian Johnson,2023-11-03,7.15,309
2013JOHN10,Brian Johnson,2023-11-03,6.73,310
2013JOHN10,Brian Johnson,2023-11-03,6.87,311
2013JOHN10,Brian Johnson,2023-12-02,6.33,312
2013JOHN10,Brian Johnson,2023-12-02,7.46,313
2013JOHN10,Brian Johnson,2023-12-02,6.91,314
2013JOHN10,Brian Johnson,2023-12-03,6.79,315
2013JOHN10,Brian Johnson,2023-12-03,6.73,316
2013JOHN10,Brian Johnson,2023-12-03,7.15,317
2013JOHN10,Brian Johnson,2023-12-21,7.28,318
2013JOHN10,Brian Johnson,2023-12-21,6.63,319
2013JOHN10,Brian Johnson,2023-12-21,6.12,320
2013JOHN10,Brian Johnson,2023-12-30,6.64,321
2013JOHN10,Brian Johnson,2023-12-30,7.41,322
2013JOHN10,Brian Johnson,2023-12-30,5.83,323
2013JOHN10,Brian Johnson,2024-01-06,6.24,324
2013JOHN10,Brian Johnson,2024-01-06,6.78,325
2013JOHN10,Brian Johnson,2024-01-06,7.21,326
2013JOHN10,Brian Johnson,2024-01-20,7.13,327
2013JOHN10,Brian Johnson,2024-01-20,6.36,328
2013JOHN10,Brian Johnson,2024-01-20,6.49,329
2013JOHN10,Brian Johnson,2024-01-27,6.87,330
2013JOHN10,Brian Johnson,2024-01-27,7.1,331
2013JOHN10,Brian Johnson,2024-01-27,7.04,332
2013JOHN10,Brian Johnson,2024-02-03,7.76,333
2013JOHN10,Brian Johnson,2024-02-03,6.88,334
2013JOHN10,Brian Johnson,2024-02-03,7.07,335
2013JOHN10,Brian Johnson,2024-02-24,8.11,336
2013JOHN10,Brian Johnson,2024-02-24,6.3,337
2013JOHN10,Brian Johnson,2024-02-24,6.48,338
2013JOHN10,Brian Johnson,2024-03-03,6.13,339
2013JOHN10,Brian Johnson,2024-03-03,6.92,340
2013JOHN10,Brian Johnson,2024-03-03,7.12,341
2013JOHN10,Brian Johnson,2024-03-09,6.43,342
2013JOHN10,Brian Johnson,2024-03-09,8.37,343
2013JOHN10,Brian Johnson,2024-03-23,6.94,344
2013JOHN10,Brian Johnson,2024-03-23,7.03,345
2013JOHN10,Brian Johnson,2024-03-23,6.88,346
2013JOHN10,Brian Johnson,2024-04-06,7.74,347
2013JOHN10,Brian Johnson,2024-04-06,7.28,348
2013JOHN10,Brian Johnson,2024-04-06,6.74,349
2013JOHN10,Brian Johnson,2024-04-08,6.32,350
2013JOHN10,Brian Johnson,2024-04-08,7.4,351
2013JOHN10,Brian Johnson,2024-04-08,7.44,352
2013JOHN10,Brian Johnson,2024-04-20,6.96,353
2013JOHN10,Brian Johnson,2024-04-20,6.65,354
2013JOHN10,Brian Johnson,2024-04-27,6.33,355
2013JOHN10,Brian Johnson,2024-04-27,5.97,356
2013JOHN10,Brian Johnson,2024-04-27,7.22,357
2013JOHN10,Brian Johnson,2024-05-11,6.89,358
2013JOHN10,Brian Johnson,2024-05-11,7.14,359
2013JOHN10,Brian Johnson,2024-05-11,7.08,360
2013JOHN10,Brian Johnson,2024-05-19,7.76,361
2013JOHN10,Brian Johnson,2024-05-19,5.96,362
2013JOHN10,Brian Johnson,2024-05-19,7.44,363
2013JOHN10,Brian Johnson,2024-06-01,7.03,364
2013JOHN10,Brian Johnson,2024-06-01,6.4,365
2013JOHN10,Brian Johnson,2024-06-01,7.18,366
2013JOHN10,Brian Johnson,2024-06-07,5.99,367
2013JOHN10,Brian Johnson,2024-06-07,7.01,368
2013JOHN10,Brian Johnson,2024-06-07,6.0,369
2013JOHN10,Brian Johnson,2024-06-15,7.65,370
2013JOHN10,Brian Johnson,2024-06-15,6.79,371
2013JOHN10,Brian Johnson,2024-06-15,6.86,372
2013JOHN10,Brian Johnson,2024-06-28,6.81,373
2013JOHN10,Brian Johnson,2024-06-28,6.44,374
2013JOHN10,Brian Johnson,2024-06-28,8.17,375
2013JOHN10,Brian Johnson,2024-06-28,7.55,376
2013JOHN10,Brian Johnson,2024-07-13,6.73,377
2013JOHN10,Brian Johnson,2024-07-13,6.61,378
2013JOHN10,Brian Johnson,2024-07-13,6.68,379
2013JOHN10,Brian Johnson,2024-07-16,7.5,380
2013JOHN10,Brian Johnson,2024-07-16,5.74,381
2013JOHN10,Brian Johnson,2024-07-16,7.05,382
2013JOHN10,Brian Johnson,2024-07-18,7.13,383
2013JOHN10,Brian Johnson,2024-07-18,7.63,384
2013JOHN10,Brian Johnson,2024-07-18,6.78,385
2013JOHN10,Brian Johnson,2024-07-18,6.48,386
2013JOHN10,Brian Johnson,2024-08-03,6.4,387
2013JOHN10,Brian Johnson,2024-08-03,6.91,388
2013JOHN10,Brian Johnson,2024-08-03,7.49,389
2013JOHN10,Brian Johnson,2024-08-10,7.2,390
2013JOHN10,Brian Johnson,2024-08-10,6.77,391
2013JOHN10,Brian Johnson,2024-08-10,6.22,392
2013JOHN10,Brian Johnson,2024-08-31,6.69,393
2013JOHN10,Brian Johnson,2024-08-31,6.75,394
2013JOHN10,Brian Johnson,2024-08-31,6.9,395
2013JOHN10,Brian Johnson,2024-09-15,7.37,396
2013JOHN10,Brian Johnson,2024-09-15,7.36,397
2013JOHN10,Brian Johnson,2024-09-28,6.24,398
2013JOHN10,Brian Johnson,2024-09-28,6.34,399
2013JOHN10,Brian Johnson,2024-09-28,6.89,400
2013JOHN10,Brian Johnson,2024-09-28,7.06,401
2013JOHN10,Brian Johnson,2024-10-04,6.61,402
2013JOHN10,Brian Johnson,2024-10-04,6.77,403
2013JOHN10,Brian Johnson,2024-10-04,7.34,404
2013JOHN10,Brian Johnson,2024-10-04,8.18,405
2013JOHN10,Brian Johnson,2024-10-19,6.89,406
2013JOHN10,Brian Johnson,2024-10-19,6.67,407
2013JOHN10,Brian Johnson,2024-10-19,7.24,408
2013JOHN10,Brian Johnson,2024-10-26,5.95,409
2013JOHN10,Brian Johnson,2024-10-26,7.62,410
2013JOHN10,Brian Johnson,2024-10-26,9.98,411
2013JOHN10,Brian Johnson,2024-11-16,6.28,412
2013JOHN10,Brian Johnson,2024-11-16,6.32,413
2013JOHN10,Brian Johnson,2024-11-16,6.52,414
2013JOHN10,Brian Johnson,2024-11-22,5.9,415
2013JOHN10,Brian Johnson,2024-11-22,6.36,416
2013JOHN10,Brian Johnson,2024-11-22,6.47,417
2013JOHN10,Brian Johnson,2024-11-22,7.29,418
2013JOHN10,Brian Johnson,2024-11-30,6.66,419
2013JOHN10,Brian Johnson,2024-11-30,7.09,420
2013JOHN10,Brian Johnson,2024-11-30,6.9,421
2013JOHN10,Brian Johnson,2024-11-30,7.0,422
2013JOHN10,Brian Johnson,2024-12-07,7.93,423
2013JOHN10,Brian Johnson,2024-12-07,6.5,424
2013JOHN10,Brian Johnson,2024-12-07,6.76,425
2013JOHN10,Brian Johnson,2024-12-31,7.01,426
2013JOHN10,Brian Johnson,2024-12-31,6.98,427
2013JOHN10,Brian Johnson,2025-01-04,7.54,428
2013JOHN10,Brian Johnson,2025-01-04,6.88,429
2013JOHN10,Brian Johnson,2025-01-04,6.52,430
2013JOHN10,Brian Johnson,2025-01-09,6.71,431
2013JOHN10,Brian Johnson,2025-01-11,7.03,432
2013JOHN10,Brian Johnson,2025-01-11,6.77,433
2013JOHN10,Brian Johnson,2025-01-11,6.94,434
2013JOHN10,Brian Johnson,2025-01-18,6.59,435
2013JOHN10,Brian Johnson,2025-01-18,7.38,436
2013JOHN10,Brian Johnson,2025-01-18,7.03,437
2013JOHN10,Brian Johnson,2025-01-25,6.92,438
2013JOHN10,Brian Johnson,2025-02-01,6.84,439
2013JOHN10,Brian Johnson,2025-02-01,7.57,440
2013JOHN10,Brian Johnson,2025-02-01,6.29,441
2013JOHN10,Brian Johnson,2025-02-15,5.96,442
2013JOHN10,Brian Johnson,2025-02-15,7.5,443
2013JOHN10,Brian Johnson,2025-02-15,6.72,444
2013JOHN10,Brian Johnson,2025-03-01,7.48,445
2013JOHN10,Brian Johnson,2025-03-01,6.94,446
2013JOHN10,Brian Johnson,2025-03-01,6.16,447
2013JOHN10,Brian Johnson,2025-03-08,6.75,448
2013JOHN10,Brian Johnson,2025-03-08,7.3,449
2013JOHN10,Brian Johnson,2025-03-08,6.75,450
2013JOHN10,Brian Johnson,2025-03-29,6.64,451
2013JOHN10,Brian Johnson,2025-03-29,7.2,452
2013JOHN10,Brian Johnson,2025-04-06,7.18,453
2013JOHN10,Brian Johnson,2025-04-06,6.91,454
2013JOHN10,Brian Johnson,2025-04-27,7.56,455
2013JOHN10,Brian Johnson,2025-04-27,6.57,456
2013JOHN10,Brian Johnson,2025-04-27,5.78,457
2013JOHN10,Brian Johnson,2025-05-10,6.88,458
2013JOHN10,Brian Johnson,2025-05-10,6.47,459
2013JOHN10,Brian Johnson,2025-05-10,6.63,460
2013JOHN10,Brian Johnson,2025-06-07,7.45,461
2013JOHN10,Brian Johnson,2025-06-07,6.4,462
2013JOHN10,Brian Johnson,2025-06-15,7.1,463
2013JOHN10,Brian Johnson,2025-06-15,6.73,464
2013JOHN10,Brian Johnson,2025-06-28,6.65,465
2013JOHN10,Brian Johnson,2025-06-28,6.61,466
2013JOHN10,Brian Johnson,2025-06-28,6.17,467
2013JOHN10,Brian Johnson,2025-06-28,6.73,468
2013JOHN10,Brian Johnson,2025-07-03,6.88,469
2013JOHN10,Brian Johnson,2025-07-03,6.78,470
2013JOHN10,Brian Johnson,2025-07-03,7.04,471
2013JOHN10,Brian Johnson,2025-07-19,7.1,472
2013JOHN10,Brian Johnson,2025-07-19,6.87,473
2013JOHN10,Brian Johnson,2025-07-19,7.26,474
2013JOHN10,Brian Johnson,2025-08-01,6.45,475
2013JOHN10,Brian Johnson,2025-08-01,6.78,476
2013JOHN10,Brian Johnson,2025-08-01,7.39,477
2013JOHN10,Brian Johnson,2025-08-01,7.54,478
2013JOHN10,Brian Johnson,2025-08-15,6.99,479
2013JOHN10,Brian Johnson,2025-08-15,6.69,480
2013JOHN10,Brian Johnson,2025-08-15,6.03,481
2013JOHN10,Brian Johnson,2025-08-22,7.56,482
2013JOHN10,Brian Johnson,2025-08-22,6.97,483
2013JOHN10,Brian Johnson,2025-08-22,7.85,484
2013JOHN10,Brian Johnson,2025-08-22,8.08,485
2013JOHN10,Brian Johnson,2025-09-05,7.01,486
2013JOHN10,Brian Johnson,2025-09-05,6.53,487
2013JOHN10,Brian Johnson,2025-09-05,6.88,488
2013JOHN10,Brian Johnson,2025-09-13,6.68,489
2013JOHN10,Brian Johnson,2025-09-13,6.58,490
2013JOHN10,Brian Johnson,2025-09-13,6.62,491
2013JOHN10,Brian Johnson,2025-10-04,6.9,492
2013JOHN10,Brian Johnson,2025-10-04,6.26,493
2013JOHN10,Brian Johnson,2025-10-04,5.27,494
2013JOHN10,Brian Johnson,2025-10-04,6.54,495
2013JOHN10,Brian Johnson,2025-10-11,6.52,496
2013JOHN10,Brian Johnson,2025-10-11,6.31,497
2013JOHN10,Brian Johnson,2025-10-11,5.83,498
2013JOHN10,Brian Johnson,2025-10-18,7.04,499
2013JOHN10,Brian Johnson,2025-10-18,5.76,500
2013JOHN10,Brian Johnson,2025-10-18,6.22,501
2013JOHN10,Brian Johnson,2025-11-01,6.52,502
2013JOHN10,Brian Johnson,2025-11-01,5.92,503
2013JOHN10,Brian Johnson,2025-11-01,6.56,504
2013JOHN10,Brian Johnson,2025-11-08,7.04,505
2013JOHN10,Brian Johnson,2025-11-08,6.74,506
2013JOHN10,Brian Johnson,2025-11-08,6.66,507
2013JOHN10,Brian Johnson,2025-11-15,6.29,508
2013JOHN10,Brian Johnson,2025-11-15,7.11,509
2013JOHN10,Brian Johnson,2025-11-15,7.53,510
2013JOHN10,Brian Johnson,2025-11-22,6.61,511
2013JOHN10,Brian Johnson,2025-11-22,6.29,512
2013JOHN10,Brian Johnson,2025-11-22,6.62,513
2013JOHN10,Brian Johnson,2025-12-06,6.52,514
2013JOHN10,Brian Johnson,2025-12-06,6.11,515
2013JOHN10,Brian Johnson,2026-01-24,5.92,516
2013JOHN10,Brian Johnson,2026-01-24,6.06,517
2013JOHN10,Brian Johnson,2026-01-24,6.89,518
2013JOHN10,Brian Johnson,2026-02-28,7.77,519
2013JOHN10,Brian Johnson,2026-02-28,6.42,520
2013JOHN10,Brian Johnson,2026-03-14,6.12,521
2013JOHN10,Brian Johnson,2026-03-14,5.82,522
2013JOHN10,Brian Johnson,2026-03-14,6.62,523
2013JOHN10,Brian Johnson,2026-03-21,6.71,524
2013JOHN10,Brian Johnson,2026-03-21,7.25,525
2013JOHN10,Brian Johnson,2026-03-21,6.56,526
2013JOHN10,Brian Johnson,2026-03-21,6.43,527
2013JOHN10,Brian Johnson,2026-04-04,5.2,528
2013JOHN10,Brian Johnson,2026-04-04,6.68,529
2013JOHN10,Brian Johnson,2026-04-04,6.13,530
2013JOHN10,Brian Johnson,2026-04-11,6.4,531
2013JOHN10,Brian Johnson,2026-04-11,7.77,532
2013JOHN10,Brian Johnson,2026-04-11,6.61,533
2013JOHN10,Brian Johnson,2026-04-18,6.12,534
2013JOHN10,Brian Johnson,2026-04-18,6.0,535
2013JOHN10,Brian Johnson,2026-04-18,6.52,536
2013JOHN10,Brian Johnson,2026-04-26,6.12,537
2013JOHN10,Brian Johnson,2026-04-26,5.21,538
2013JOHN10,Brian Johnson,2026-05-08,6.34,539
2013JOHN10,Brian Johnson,2026-05-08,7.07,540
2013JOHN10,Brian Johnson,2026-05-08,6.24,541
2013JOHN10,Brian Johnson,2026-05-22,6.63,542
2013JOHN10,Brian Johnson,2026-05-22,6.34,543
2013JOHN10,Brian Johnson,2026-05-22,6.97,544
2013JOHN10,Brian Johnson,2026-05-22,7.58,545
2013ROGA02,Przemysław Rogalski,2013-12-14,18.63,1
2013ROGA02,Przemysław Rogalski,2013-12-14,20.6,2
2013ROGA02,Przemysław Rogalski,2014-01-04,19.97,3
2013ROGA02,Przemysław Rogalski,2014-01-04,21.13,4
2013ROGA02,Przemysław Rogalski,2014-01-04,21.77,5
2013ROGA02,Przemysław Rogalski,2014-03-29,18.32,6
2013ROGA02,Przemysław Rogalski,2014-03-29,17.54,7
2013ROGA02,Przemysław Rogalski,2014-05-31,18.93,8
2013ROGA02,Przemysław Rogalski,2014-06-28,16.95,9
2013ROGA02,Przemysław Rogalski,2014-06-28,17.96,10
2013ROGA02,Przemysław Rogalski,2014-07-05,16.0,11
2013ROGA02,Przemysław Rogalski,2014-07-05,18.77,12
2013ROGA02,Przemysław Rogalski,2014-08-23,17.71,13
2013ROGA02,Przemysław Rogalski,2014-08-23,16.5,14
2013ROGA02,Przemysław Rogalski,2014-09-07,16.24,15
2013ROGA02,Przemysław Rogalski,2014-09-07,15.82,16
2013ROGA02,Przemysław Rogalski,2014-10-25,16.69,17
2013ROGA02,Przemysław Rogalski,2014-10-25,16.8,18
2013ROGA02,Przemysław Rogalski,2014-11-29,18.09,19
2013ROGA02,Przemysław Rogalski,2014-11-29,18.14,20
2013ROGA02,Przemysław Rogalski,2014-12-20,17.63,21
2013ROGA02,Przemysław Rogalski,2014-12-20,15.83,22
2013ROGA02,Przemysław Rogalski,2015-01-24,17.04,23
2013ROGA02,Przemysław Rogalski,2015-01-24,15.76,24
2013ROGA02,Przemysław Rogalski,2015-06-27,16.25,25
2013ROGA02,Przemysław Rogalski,2015-06-27,18.8,26
2013ROGA02,Przemysław Rogalski,2015-08-08,16.64,27
2013ROGA02,Przemysław Rogalski,2015-09-19,16.39,28
2013ROGA02,Przemysław Rogalski,2015-09-19,15.98,29
2013ROGA02,Przemysław Rogalski,2015-10-09,15.38,30
2013ROGA02,Przemysław Rogalski,2015-10-09,15.25,31
2013ROGA02,Przemysław Rogalski,2015-11-21,14.7,32
2013ROGA02,Przemysław Rogalski,2015-11-21,13.73,33
2013ROGA02,Przemysław Rogalski,2016-02-20,14.85,34
2013ROGA02,Przemysław Rogalski,2016-02-20,15.01,35
2013ROGA02,Przemysław Rogalski,2016-05-08,15.22,36
2013ROGA02,Przemysław Rogalski,2016-05-08,13.84,37
2013ROGA02,Przemysław Rogalski,2016-06-04,16.04,38
2013ROGA02,Przemysław Rogalski,2016-06-04,14.86,39
2013ROGA02,Przemysław Rogalski,2016-07-09,13.74,40
2013ROGA02,Przemysław Rogalski,2016-08-27,13.68,41
2013ROGA02,Przemysław Rogalski,2016-08-27,14.21,42
2013ROGA02,Przemysław Rogalski,2016-09-03,13.47,43
2013ROGA02,Przemysław Rogalski,2016-09-03,13.87,44
2013ROGA02,Przemysław Rogalski,2016-10-08,14.71,45
2013ROGA02,Przemysław Rogalski,2016-10-08,14.37,46
2013ROGA02,Przemysław Rogalski,2016-10-23,13.73,47
2013ROGA02,Przemysław Rogalski,2016-10-23,13.5,48
2013ROGA02,Przemysław Rogalski,2016-11-05,16.98,49
2013ROGA02,Przemysław Rogalski,2016-11-05,12.34,50
2013ROGA02,Przemysław Rogalski,2016-11-05,13.76,51
2013ROGA02,Przemysław Rogalski,2016-12-03,14.84,52
2013ROGA02,Przemysław Rogalski,2016-12-03,14.5,53
2013ROGA02,Przemysław Rogalski,2016-12-09,13.73,54
2013ROGA02,Przemysław Rogalski,2016-12-09,13.55,55
2013ROGA02,Przemysław Rogalski,2016-12-17,14.65,56
2013ROGA02,Przemysław Rogalski,2016-12-17,13.87,57
2013ROGA02,Przemysław Rogalski,2016-12-17,13.64,58
2013ROGA02,Przemysław Rogalski,2017-01-14,14.41,59
2013ROGA02,Przemysław Rogalski,2017-01-14,13.6,60
2013ROGA02,Przemysław Rogalski,2017-03-11,14.66,61
2013ROGA02,Przemysław Rogalski,2017-03-11,14.08,62
2013ROGA02,Przemysław Rogalski,2017-03-18,14.21,63
2013ROGA02,Przemysław Rogalski,2017-03-18,13.9,64
2013ROGA02,Przemysław Rogalski,2017-03-25,13.67,65
2013ROGA02,Przemysław Rogalski,2017-03-25,12.6,66
2013ROGA02,Przemysław Rogalski,2017-04-29,13.91,67
2013ROGA02,Przemysław Rogalski,2017-04-29,14.86,68
2013ROGA02,Przemysław Rogalski,2017-05-27,13.93,69
2013ROGA02,Przemysław Rogalski,2017-05-27,16.13,70
2013ROGA02,Przemysław Rogalski,2017-06-10,13.02,71
2013ROGA02,Przemysław Rogalski,2017-06-10,13.11,72
2013ROGA02,Przemysław Rogalski,2017-06-17,13.39,73
2013ROGA02,Przemysław Rogalski,2017-06-17,13.77,74
2013ROGA02,Przemysław Rogalski,2017-07-29,13.94,75
2013ROGA02,Przemysław Rogalski,2017-07-29,11.75,76
2013ROGA02,Przemysław Rogalski,2017-07-29,13.09,77
2013ROGA02,Przemysław Rogalski,2017-08-05,14.39,78
2013ROGA02,Przemysław Rogalski,2017-08-05,14.84,79
2013ROGA02,Przemysław Rogalski,2017-09-09,15.15,80
2013ROGA02,Przemysław Rogalski,2017-09-09,12.83,81
2013ROGA02,Przemysław Rogalski,2017-09-15,13.07,82
2013ROGA02,Przemysław Rogalski,2017-09-15,13.99,83
2013ROGA02,Przemysław Rogalski,2017-10-14,14.41,84
2013ROGA02,Przemysław Rogalski,2017-10-14,12.71,85
2013ROGA02,Przemysław Rogalski,2017-10-21,14.0,86
2013ROGA02,Przemysław Rogalski,2017-10-21,14.17,87
2013ROGA02,Przemysław Rogalski,2017-11-17,13.38,88
2013ROGA02,Przemysław Rogalski,2017-11-17,14.56,89
2013ROGA02,Przemysław Rogalski,2017-12-02,13.4,90
2013ROGA02,Przemysław Rogalski,2017-12-02,14.7,91
2013ROGA02,Przemysław Rogalski,2017-12-09,14.77,92
2013ROGA02,Przemysław Rogalski,2017-12-09,13.87,93
2013ROGA02,Przemysław Rogalski,2017-12-16,14.72,94
2013ROGA02,Przemysław Rogalski,2017-12-16,14.17,95
2013ROGA02,Przemysław Rogalski,2018-01-13,14.41,96
2013ROGA02,Przemysław Rogalski,2018-01-13,14.69,97
2013ROGA02,Przemysław Rogalski,2018-02-10,12.95,98
2013ROGA02,Przemysław Rogalski,2018-02-17,13.18,99
2013ROGA02,Przemysław Rogalski,2018-02-17,15.17,100
2013ROGA02,Przemysław Rogalski,2018-02-24,12.86,101
2013ROGA02,Przemysław Rogalski,2018-02-24,14.53,102
2013ROGA02,Przemysław Rogalski,2018-03-03,13.84,103
2013ROGA02,Przemysław Rogalski,2018-03-03,13.25,104
2013ROGA02,Przemysław Rogalski,2018-03-17,13.39,105
2013ROGA02,Przemysław Rogalski,2018-04-07,12.06,106
2013ROGA02,Przemysław Rogalski,2018-04-07,14.91,107
2013ROGA02,Przemysław Rogalski,2018-04-21,14.63,108
2013ROGA02,Przemysław Rogalski,2018-05-26,11.94,109
2013ROGA02,Przemysław Rogalski,2018-05-27,14.1,110
2013ROGA02,Przemysław Rogalski,2018-05-27,12.77,111
2013ROGA02,Przemysław Rogalski,2018-06-16,13.98,112
2013ROGA02,Przemysław Rogalski,2018-06-16,14.7,113
2013ROGA02,Przemysław Rogalski,2018-06-23,12.38,114
2013ROGA02,Przemysław Rogalski,2018-06-23,13.7,115
2013ROGA02,Przemysław Rogalski,2018-06-30,12.81,116
2013ROGA02,Przemysław Rogalski,2018-06-30,11.86,117
2013ROGA02,Przemysław Rogalski,2018-06-30,14.17,118
2013ROGA02,Przemysław Rogalski,2018-07-05,13.68,119
2013ROGA02,Przemysław Rogalski,2018-07-05,12.77,120
2013ROGA02,Przemysław Rogalski,2018-07-05,12.02,121
2013ROGA02,Przemysław Rogalski,2018-07-07,13.37,122
2013ROGA02,Przemysław Rogalski,2018-07-07,14.1,123
2013ROGA02,Przemysław Rogalski,2018-07-19,12.91,124
2013ROGA02,Przemysław Rogalski,2018-07-19,12.0,125
2013ROGA02,Przemysław Rogalski,2018-07-28,12.78,126
2013ROGA02,Przemysław Rogalski,2018-07-28,12.69,127
2013ROGA02,Przemysław Rogalski,2018-07-31,13.48,128
2013ROGA02,Przemysław Rogalski,2018-07-31,12.7,129
2013ROGA02,Przemysław Rogalski,2018-08-04,14.31,130
2013ROGA02,Przemysław Rogalski,2018-08-18,13.1,131
2013ROGA02,Przemysław Rogalski,2018-08-18,12.69,132
2013ROGA02,Przemysław Rogalski,2018-09-15,13.83,133
2013ROGA02,Przemysław Rogalski,2018-09-15,13.15,134
2013ROGA02,Przemysław Rogalski,2018-10-06,13.67,135
2013ROGA02,Przemysław Rogalski,2018-10-06,13.42,136
2013ROGA02,Przemysław Rogalski,2018-10-13,13.6,137
2013ROGA02,Przemysław Rogalski,2018-10-13,13.19,138
2013ROGA02,Przemysław Rogalski,2018-10-20,12.94,139
2013ROGA02,Przemysław Rogalski,2018-10-20,14.95,140
2013ROGA02,Przemysław Rogalski,2018-10-26,12.93,141
2013ROGA02,Przemysław Rogalski,2018-11-10,13.62,142
2013ROGA02,Przemysław Rogalski,2018-11-10,12.87,143
2013ROGA02,Przemysław Rogalski,2018-12-01,13.29,144
2013ROGA02,Przemysław Rogalski,2018-12-01,12.96,145
2013ROGA02,Przemysław Rogalski,2018-12-08,12.12,146
2013ROGA02,Przemysław Rogalski,2018-12-08,12.31,147
2013ROGA02,Przemysław Rogalski,2018-12-15,12.13,148
2013ROGA02,Przemysław Rogalski,2018-12-15,12.9,149
2013ROGA02,Przemysław Rogalski,2019-01-12,14.17,150
2013ROGA02,Przemysław Rogalski,2019-01-12,12.3,151
2013ROGA02,Przemysław Rogalski,2019-02-02,13.85,152
2013ROGA02,Przemysław Rogalski,2019-02-02,12.8,153
2013ROGA02,Przemysław Rogalski,2019-02-11,12.27,154
2013ROGA02,Przemysław Rogalski,2019-02-11,12.24,155
2013ROGA02,Przemysław Rogalski,2019-02-11,12.47,156
2013ROGA02,Przemysław Rogalski,2019-02-16,12.12,157
2013ROGA02,Przemysław Rogalski,2019-02-16,11.87,158
2013ROGA02,Przemysław Rogalski,2019-02-23,12.1,159
2013ROGA02,Przemysław Rogalski,2019-02-23,12.65,160
2013ROGA02,Przemysław Rogalski,2019-03-02,12.77,161
2013ROGA02,Przemysław Rogalski,2019-03-02,12.09,162
2013ROGA02,Przemysław Rogalski,2019-03-16,11.71,163
2013ROGA02,Przemysław Rogalski,2019-03-16,15.63,164
2013ROGA02,Przemysław Rogalski,2019-04-06,12.51,165
2013ROGA02,Przemysław Rogalski,2019-04-13,12.44,166
2013ROGA02,Przemysław Rogalski,2019-04-13,15.38,167
2013ROGA02,Przemysław Rogalski,2019-05-11,12.67,168
2013ROGA02,Przemysław Rogalski,2019-05-11,11.58,169
2013ROGA02,Przemysław Rogalski,2019-05-11,12.53,170
2013ROGA02,Przemysław Rogalski,2019-05-18,14.72,171
2013ROGA02,Przemysław Rogalski,2019-05-18,11.67,172
2013ROGA02,Przemysław Rogalski,2019-05-26,13.18,173
2013ROGA02,Przemysław Rogalski,2019-05-26,12.41,174
2013ROGA02,Przemysław Rogalski,2019-06-01,13.05,175
2013ROGA02,Przemysław Rogalski,2019-06-01,11.34,176
2013ROGA02,Przemysław Rogalski,2019-06-08,12.63,177
2013ROGA02,Przemysław Rogalski,2019-06-08,12.28,178
2013ROGA02,Przemysław Rogalski,2019-06-15,12.95,179
2013ROGA02,Przemysław Rogalski,2019-06-15,12.91,180
2013ROGA02,Przemysław Rogalski,2019-06-22,13.74,181
2013ROGA02,Przemysław Rogalski,2019-06-22,13.73,182
2013ROGA02,Przemysław Rogalski,2019-06-29,12.16,183
2013ROGA02,Przemysław Rogalski,2019-06-29,14.94,184
2013ROGA02,Przemysław Rogalski,2019-07-06,12.76,185
2013ROGA02,Przemysław Rogalski,2019-07-06,13.25,186
2013ROGA02,Przemysław Rogalski,2019-07-13,13.12,187
2013ROGA02,Przemysław Rogalski,2019-07-13,13.46,188
2013ROGA02,Przemysław Rogalski,2019-07-20,13.26,189
2013ROGA02,Przemysław Rogalski,2019-07-20,12.75,190
2013ROGA02,Przemysław Rogalski,2019-07-27,12.98,191
2013ROGA02,Przemysław Rogalski,2019-07-27,11.64,192
2013ROGA02,Przemysław Rogalski,2019-07-27,12.76,193
2013ROGA02,Przemysław Rogalski,2019-08-10,13.48,194
2013ROGA02,Przemysław Rogalski,2019-08-10,12.81,195
2013ROGA02,Przemysław Rogalski,2019-08-24,12.48,196
2013ROGA02,Przemysław Rogalski,2019-08-24,12.55,197
2013ROGA02,Przemysław Rogalski,2019-09-13,12.35,198
2013ROGA02,Przemysław Rogalski,2019-09-13,13.7,199
2013ROGA02,Przemysław Rogalski,2019-09-21,11.7,200
2013ROGA02,Przemysław Rogalski,2019-09-21,13.62,201
2013ROGA02,Przemysław Rogalski,2019-09-28,12.56,202
2013ROGA02,Przemysław Rogalski,2019-09-28,11.41,203
2013ROGA02,Przemysław Rogalski,2019-10-05,11.67,204
2013ROGA02,Przemysław Rogalski,2019-10-05,11.98,205
2013ROGA02,Przemysław Rogalski,2019-10-11,12.55,206
2013ROGA02,Przemysław Rogalski,2019-10-11,12.33,207
2013ROGA02,Przemysław Rogalski,2019-10-19,11.83,208
2013ROGA02,Przemysław Rogalski,2019-10-19,12.17,209
2013ROGA02,Przemysław Rogalski,2019-10-19,12.66,210
2013ROGA02,Przemysław Rogalski,2019-10-26,11.29,211
2013ROGA02,Przemysław Rogalski,2019-10-26,11.56,212
2013ROGA02,Przemysław Rogalski,2019-11-09,11.56,213
2013ROGA02,Przemysław Rogalski,2019-11-09,12.87,214
2013ROGA02,Przemysław Rogalski,2019-11-16,12.46,215
2013ROGA02,Przemysław Rogalski,2019-11-16,12.0,216
2013ROGA02,Przemysław Rogalski,2019-11-23,12.63,217
2013ROGA02,Przemysław Rogalski,2019-11-23,10.96,218
2013ROGA02,Przemysław Rogalski,2019-12-06,12.33,219
2013ROGA02,Przemysław Rogalski,2019-12-06,11.76,220
2013ROGA02,Przemysław Rogalski,2019-12-14,11.96,221
2013ROGA02,Przemysław Rogalski,2019-12-14,10.82,222
2013ROGA02,Przemysław Rogalski,2019-12-14,13.57,223
2013ROGA02,Przemysław Rogalski,2019-12-21,12.69,224
2013ROGA02,Przemysław Rogalski,2019-12-21,13.78,225
2013ROGA02,Przemysław Rogalski,2020-01-04,12.98,226
2013ROGA02,Przemysław Rogalski,2020-01-04,11.5,227
2013ROGA02,Przemysław Rogalski,2020-01-25,12.43,228
2013ROGA02,Przemysław Rogalski,2020-01-25,13.1,229
2013ROGA02,Przemysław Rogalski,2020-02-22,12.33,230
2013ROGA02,Przemysław Rogalski,2020-02-22,11.97,231
2013ROGA02,Przemysław Rogalski,2020-02-22,12.69,232
2013ROGA02,Przemysław Rogalski,2020-02-29,12.31,233
2013ROGA02,Przemysław Rogalski,2020-02-29,13.19,234
2013ROGA02,Przemysław Rogalski,2020-02-29,12.7,235
2013ROGA02,Przemysław Rogalski,2020-03-07,12.54,236
2013ROGA02,Przemysław Rogalski,2020-03-07,12.74,237
2013ROGA02,Przemysław Rogalski,2020-08-22,12.16,238
2013ROGA02,Przemysław Rogalski,2020-08-22,11.73,239
2013ROGA02,Przemysław Rogalski,2020-09-12,12.85,240
2013ROGA02,Przemysław Rogalski,2020-09-12,12.32,241
2013ROGA02,Przemysław Rogalski,2020-09-12,11.49,242
2013ROGA02,Przemysław Rogalski,2020-09-12,11.06,243
2013ROGA02,Przemysław Rogalski,2021-07-03,11.31,244
2013ROGA02,Przemysław Rogalski,2021-07-03,11.39,245
2013ROGA02,Przemysław Rogalski,2021-07-10,12.14,246
2013ROGA02,Przemysław Rogalski,2021-07-10,11.35,247
2013ROGA02,Przemysław Rogalski,2021-07-24,11.44,248
2013ROGA02,Przemysław Rogalski,2021-07-24,12.02,249
2013ROGA02,Przemysław Rogalski,2021-08-07,13.45,250
2013ROGA02,Przemysław Rogalski,2021-08-15,11.78,251
2013ROGA02,Przemysław Rogalski,2021-08-15,10.98,252
2013ROGA02,Przemysław Rogalski,2021-08-15,12.03,253
2013ROGA02,Przemysław Rogalski,2021-08-28,11.45,254
2013ROGA02,Przemysław Rogalski,2021-08-28,11.49,255
2013ROGA02,Przemysław Rogalski,2021-08-28,12.16,256
2013ROGA02,Przemysław Rogalski,2021-08-28,11.73,257
2013ROGA02,Przemysław Rogalski,2021-09-04,10.33,258
2013ROGA02,Przemysław Rogalski,2021-09-04,10.77,259
2013ROGA02,Przemysław Rogalski,2021-09-11,11.83,260
2013ROGA02,Przemysław Rogalski,2021-09-11,12.0,261
2013ROGA02,Przemysław Rogalski,2021-09-18,11.09,262
2013ROGA02,Przemysław Rogalski,2021-09-18,11.26,263
2013ROGA02,Przemysław Rogalski,2021-09-25,11.18,264
2013ROGA02,Przemysław Rogalski,2021-09-25,12.93,265
2013ROGA02,Przemysław Rogalski,2021-10-01,11.85,266
2013ROGA02,Przemysław Rogalski,2021-10-01,12.33,267
2013ROGA02,Przemysław Rogalski,2021-10-09,12.2,268
2013ROGA02,Przemysław Rogalski,2021-10-09,11.76,269
2013ROGA02,Przemysław Rogalski,2021-11-06,12.64,270
2013ROGA02,Przemysław Rogalski,2021-11-06,12.41,271
2013ROGA02,Przemysław Rogalski,2021-12-03,12.21,272
2013ROGA02,Przemysław Rogalski,2021-12-03,12.17,273
2013ROGA02,Przemysław Rogalski,2021-12-18,11.78,274
2013ROGA02,Przemysław Rogalski,2021-12-18,13.33,275
2013ROGA02,Przemysław Rogalski,2022-02-26,11.55,276
2013ROGA02,Przemysław Rogalski,2022-02-26,12.28,277
2013ROGA02,Przemysław Rogalski,2022-03-12,11.89,278
2013ROGA02,Przemysław Rogalski,2022-03-12,11.0,279
2013ROGA02,Przemysław Rogalski,2022-03-19,12.35,280
2013ROGA02,Przemysław Rogalski,2022-03-19,10.85,281
2013ROGA02,Przemysław Rogalski,2022-03-19,11.49,282
2013ROGA02,Przemysław Rogalski,2022-03-26,11.66,283
2013ROGA02,Przemysław Rogalski,2022-03-26,11.21,284
2013ROGA02,Przemysław Rogalski,2022-04-23,11.15,285
2013ROGA02,Przemysław Rogalski,2022-04-23,12.09,286
2013ROGA02,Przemysław Rogalski,2022-04-23,12.71,287
2013ROGA02,Przemysław Rogalski,2022-05-07,12.41,288
2013ROGA02,Przemysław Rogalski,2022-05-07,12.31,289
2013ROGA02,Przemysław Rogalski,2022-05-21,13.44,290
2013ROGA02,Przemysław Rogalski,2022-05-21,11.44,291
2013ROGA02,Przemysław Rogalski,2022-05-21,10.63,292
2013ROGA02,Przemysław Rogalski,2022-05-28,12.17,293
2013ROGA02,Przemysław Rogalski,2022-05-28,12.25,294
2013ROGA02,Przemysław Rogalski,2022-06-04,11.81,295
2013ROGA02,Przemysław Rogalski,2022-06-04,11.86,296
2013ROGA02,Przemysław Rogalski,2022-06-18,11.22,297
2013ROGA02,Przemysław Rogalski,2022-06-18,12.37,298
2013ROGA02,Przemysław Rogalski,2022-07-02,11.83,299
2013ROGA02,Przemysław Rogalski,2022-07-02,13.73,300
2013ROGA02,Przemysław Rogalski,2022-07-08,11.13,301
2013ROGA02,Przemysław Rogalski,2022-07-08,11.71,302
2013ROGA02,Przemysław Rogalski,2022-07-14,10.87,303
2013ROGA02,Przemysław Rogalski,2022-07-14,12.12,304
2013ROGA02,Przemysław Rogalski,2022-07-23,11.17,305
2013ROGA02,Przemysław Rogalski,2022-07-23,10.47,306
2013ROGA02,Przemysław Rogalski,2022-07-30,10.88,307
2013ROGA02,Przemysław Rogalski,2022-07-30,11.64,308
2013ROGA02,Przemysław Rogalski,2022-08-06,11.72,309
2013ROGA02,Przemysław Rogalski,2022-08-06,11.3,310
2013ROGA02,Przemysław Rogalski,2022-08-20,11.79,311
2013ROGA02,Przemysław Rogalski,2022-08-20,11.87,312
2013ROGA02,Przemysław Rogalski,2022-08-20,10.89,313
2013ROGA02,Przemysław Rogalski,2022-08-27,11.62,314
2013ROGA02,Przemysław Rogalski,2022-08-27,12.01,315
2013ROGA02,Przemysław Rogalski,2022-09-10,11.51,316
2013ROGA02,Przemysław Rogalski,2022-09-10,11.87,317
2013ROGA02,Przemysław Rogalski,2022-09-17,11.79,318
2013ROGA02,Przemysław Rogalski,2022-09-17,12.35,319
2013ROGA02,Przemysław Rogalski,2022-09-24,11.06,320
2013ROGA02,Przemysław Rogalski,2022-09-24,13.0,321
2013ROGA02,Przemysław Rogalski,2022-10-01,12.26,322
2013ROGA02,Przemysław Rogalski,2022-10-01,11.85,323
2013ROGA02,Przemysław Rogalski,2022-10-01,10.79,324
2013ROGA02,Przemysław Rogalski,2022-10-15,11.47,325
2013ROGA02,Przemysław Rogalski,2022-10-15,11.88,326
2013ROGA02,Przemysław Rogalski,2022-10-22,11.73,327
2013ROGA02,Przemysław Rogalski,2022-10-22,11.73,328
2013ROGA02,Przemysław Rogalski,2022-10-29,13.14,329
2013ROGA02,Przemysław Rogalski,2022-10-29,10.53,330
2013ROGA02,Przemysław Rogalski,2022-11-05,11.99,331
2013ROGA02,Przemysław Rogalski,2022-11-05,10.9,332
2013ROGA02,Przemysław Rogalski,2022-11-19,10.65,333
2013ROGA02,Przemysław Rogalski,2022-11-19,12.18,334
2013ROGA02,Przemysław Rogalski,2022-11-27,11.04,335
2013ROGA02,Przemysław Rogalski,2022-11-27,10.83,336
2013ROGA02,Przemysław Rogalski,2022-11-27,11.41,337
2013ROGA02,Przemysław Rogalski,2022-12-03,11.55,338
2013ROGA02,Przemysław Rogalski,2022-12-03,11.53,339
2013ROGA02,Przemysław Rogalski,2022-12-03,11.5,340
2013ROGA02,Przemysław Rogalski,2022-12-10,12.42,341
2013ROGA02,Przemysław Rogalski,2022-12-10,11.93,342
2013ROGA02,Przemysław Rogalski,2022-12-16,10.94,343
2013ROGA02,Przemysław Rogalski,2022-12-16,11.6,344
2013ROGA02,Przemysław Rogalski,2023-01-07,11.85,345
2013ROGA02,Przemysław Rogalski,2023-01-07,10.87,346
2013ROGA02,Przemysław Rogalski,2023-01-13,12.89,347
2013ROGA02,Przemysław Rogalski,2023-01-13,10.48,348
2013ROGA02,Przemysław Rogalski,2023-01-13,10.94,349
2013ROGA02,Przemysław Rogalski,2023-02-04,13.04,350
2013ROGA02,Przemysław Rogalski,2023-02-04,11.74,351
2013ROGA02,Przemysław Rogalski,2023-02-11,11.58,352
2013ROGA02,Przemysław Rogalski,2023-02-11,11.49,353
2013ROGA02,Przemysław Rogalski,2023-02-18,12.05,354
2013ROGA02,Przemysław Rogalski,2023-02-18,11.34,355
2013ROGA02,Przemysław Rogalski,2023-02-25,11.79,356
2013ROGA02,Przemysław Rogalski,2023-02-25,12.03,357
2013ROGA02,Przemysław Rogalski,2023-03-04,12.26,358
2013ROGA02,Przemysław Rogalski,2023-03-04,12.07,359
2013ROGA02,Przemysław Rogalski,2023-03-11,12.53,360
2013ROGA02,Przemysław Rogalski,2023-03-11,11.67,361
2013ROGA02,Przemysław Rogalski,2023-03-18,11.06,362
2013ROGA02,Przemysław Rogalski,2023-03-18,11.43,363
2013ROGA02,Przemysław Rogalski,2023-03-25,11.52,364
2013ROGA02,Przemysław Rogalski,2023-03-25,12.34,365
2013ROGA02,Przemysław Rogalski,2023-04-01,11.16,366
2013ROGA02,Przemysław Rogalski,2023-04-01,11.33,367
2013ROGA02,Przemysław Rogalski,2023-04-15,12.33,368
2013ROGA02,Przemysław Rogalski,2023-04-15,11.85,369
2013ROGA02,Przemysław Rogalski,2023-05-13,12.45,370
2013ROGA02,Przemysław Rogalski,2023-05-13,11.99,371
2013ROGA02,Przemysław Rogalski,2023-05-20,10.85,372
2013ROGA02,Przemysław Rogalski,2023-05-20,11.93,373
2013ROGA02,Przemysław Rogalski,2023-05-27,11.16,374
2013ROGA02,Przemysław Rogalski,2023-05-27,10.89,375
2013ROGA02,Przemysław Rogalski,2023-06-10,11.46,376
2013ROGA02,Przemysław Rogalski,2023-06-10,10.56,377
2013ROGA02,Przemysław Rogalski,2023-06-17,12.03,378
2013ROGA02,Przemysław Rogalski,2023-06-17,12.66,379
2013ROGA02,Przemysław Rogalski,2023-06-24,13.2,380
2013ROGA02,Przemysław Rogalski,2023-06-24,11.16,381
2013ROGA02,Przemysław Rogalski,2023-06-30,12.41,382
2013ROGA02,Przemysław Rogalski,2023-06-30,10.48,383
2013ROGA02,Przemysław Rogalski,2023-07-15,11.13,384
2013ROGA02,Przemysław Rogalski,2023-07-15,11.98,385
2013ROGA02,Przemysław Rogalski,2023-07-22,12.36,386
2013ROGA02,Przemysław Rogalski,2023-08-12,10.82,387
2013ROGA02,Przemysław Rogalski,2023-08-26,11.84,388
2013ROGA02,Przemysław Rogalski,2023-08-26,12.28,389
2013ROGA02,Przemysław Rogalski,2023-09-09,12.11,390
2013ROGA02,Przemysław Rogalski,2023-09-09,11.42,391
2013ROGA02,Przemysław Rogalski,2023-09-23,10.71,392
2013ROGA02,Przemysław Rogalski,2023-09-23,10.8,393
2013ROGA02,Przemysław Rogalski,2023-10-01,11.21,394
2013ROGA02,Przemysław Rogalski,2023-10-01,11.03,395
2013ROGA02,Przemysław Rogalski,2023-10-06,11.52,396
2013ROGA02,Przemysław Rogalski,2023-10-06,11.25,397
2013ROGA02,Przemysław Rogalski,2023-10-06,11.92,398
2013ROGA02,Przemysław Rogalski,2023-10-14,11.46,399
2013ROGA02,Przemysław Rogalski,2023-10-14,10.55,400
2013ROGA02,Przemysław Rogalski,2023-10-21,11.27,401
2013ROGA02,Przemysław Rogalski,2023-11-04,10.3,402
2013ROGA02,Przemysław Rogalski,2023-11-04,11.27,403
2013ROGA02,Przemysław Rogalski,2023-11-04,11.25,404
2013ROGA02,Przemysław Rogalski,2023-11-11,12.28,405
2013ROGA02,Przemysław Rogalski,2023-11-18,10.79,406
2013ROGA02,Przemysław Rogalski,2023-11-18,11.99,407
2013ROGA02,Przemysław Rogalski,2023-11-25,12.93,408
2013ROGA02,Przemysław Rogalski,2023-11-25,11.6,409
2013ROGA02,Przemysław Rogalski,2023-12-02,10.18,410
2013ROGA02,Przemysław Rogalski,2023-12-02,11.39,411
2013ROGA02,Przemysław Rogalski,2023-12-09,10.99,412
2013ROGA02,Przemysław Rogalski,2023-12-09,11.81,413
2013ROGA02,Przemysław Rogalski,2023-12-16,11.37,414
2013ROGA02,Przemysław Rogalski,2023-12-16,11.77,415
2013ROGA02,Przemysław Rogalski,2023-12-16,10.72,416
2013ROGA02,Przemysław Rogalski,2023-12-16,11.86,417
2013ROGA02,Przemysław Rogalski,2023-12-16,11.25,418
2013ROGA02,Przemysław Rogalski,2024-01-06,11.28,419
2013ROGA02,Przemysław Rogalski,2024-01-06,11.87,420
2013ROGA02,Przemysław Rogalski,2024-01-13,10.95,421
2013ROGA02,Przemysław Rogalski,2024-01-13,13.51,422
2013ROGA02,Przemysław Rogalski,2024-01-20,12.14,423
2013ROGA02,Przemysław Rogalski,2024-01-20,10.46,424
2013ROGA02,Przemysław Rogalski,2024-01-27,11.58,425
2013ROGA02,Przemysław Rogalski,2024-01-27,12.01,426
2013ROGA02,Przemysław Rogalski,2024-01-27,11.51,427
2013ROGA02,Przemysław Rogalski,2024-02-03,12.29,428
2013ROGA02,Przemysław Rogalski,2024-02-03,10.61,429
2013ROGA02,Przemysław Rogalski,2024-02-10,10.34,430
2013ROGA02,Przemysław Rogalski,2024-02-10,11.19,431
2013ROGA02,Przemysław Rogalski,2024-02-17,11.6,432
2013ROGA02,Przemysław Rogalski,2024-02-17,11.21,433
2013ROGA02,Przemysław Rogalski,2024-03-02,11.52,434
2013ROGA02,Przemysław Rogalski,2024-03-02,11.07,435
2013ROGA02,Przemysław Rogalski,2024-03-02,11.29,436
2013ROGA02,Przemysław Rogalski,2024-03-09,10.62,437
2013ROGA02,Przemysław Rogalski,2024-03-09,11.01,438
2013ROGA02,Przemysław Rogalski,2024-03-16,11.56,439
2013ROGA02,Przemysław Rogalski,2024-03-16,12.03,440
2013ROGA02,Przemysław Rogalski,2024-03-23,11.15,441
2013ROGA02,Przemysław Rogalski,2024-03-23,10.88,442
2013ROGA02,Przemysław Rogalski,2024-03-23,12.21,443
2013ROGA02,Przemysław Rogalski,2024-04-06,12.0,444
2013ROGA02,Przemysław Rogalski,2024-04-06,11.95,445
2013ROGA02,Przemysław Rogalski,2024-04-13,10.31,446
2013ROGA02,Przemysław Rogalski,2024-04-13,11.4,447
2013ROGA02,Przemysław Rogalski,2024-04-13,11.52,448
2013ROGA02,Przemysław Rogalski,2024-04-13,11.7,449
2013ROGA02,Przemysław Rogalski,2024-04-13,11.19,450
2013ROGA02,Przemysław Rogalski,2024-04-20,10.7,451
2013ROGA02,Przemysław Rogalski,2024-04-20,11.68,452
2013ROGA02,Przemysław Rogalski,2024-05-11,12.49,453
2013ROGA02,Przemysław Rogalski,2024-05-11,11.19,454
2013ROGA02,Przemysław Rogalski,2024-05-25,11.27,455
2013ROGA02,Przemysław Rogalski,2024-06-08,11.14,456
2013ROGA02,Przemysław Rogalski,2024-06-08,12.05,457
2013ROGA02,Przemysław Rogalski,2024-06-15,11.81,458
2013ROGA02,Przemysław Rogalski,2024-06-15,11.85,459
2013ROGA02,Przemysław Rogalski,2024-06-22,11.76,460
2013ROGA02,Przemysław Rogalski,2024-06-22,11.56,461
2013ROGA02,Przemysław Rogalski,2024-06-29,10.74,462
2013ROGA02,Przemysław Rogalski,2024-06-29,10.62,463
2013ROGA02,Przemysław Rogalski,2024-07-06,10.92,464
2013ROGA02,Przemysław Rogalski,2024-07-06,11.55,465
2013ROGA02,Przemysław Rogalski,2024-07-13,10.51,466
2013ROGA02,Przemysław Rogalski,2024-07-13,10.83,467
2013ROGA02,Przemysław Rogalski,2024-07-25,12.76,468
2013ROGA02,Przemysław Rogalski,2024-08-24,12.78,469
2013ROGA02,Przemysław Rogalski,2024-08-24,11.33,470
2013ROGA02,Przemysław Rogalski,2024-08-31,10.7,471
2013ROGA02,Przemysław Rogalski,2024-08-31,10.85,472
2013ROGA02,Przemysław Rogalski,2024-09-14,11.23,473
2013ROGA02,Przemysław Rogalski,2024-09-14,11.52,474
2013ROGA02,Przemysław Rogalski,2024-09-21,11.24,475
2013ROGA02,Przemysław Rogalski,2024-09-21,10.94,476
2013ROGA02,Przemysław Rogalski,2024-09-28,11.04,477
2013ROGA02,Przemysław Rogalski,2024-09-28,10.35,478
2013ROGA02,Przemysław Rogalski,2024-10-05,10.98,479
2013ROGA02,Przemysław Rogalski,2024-10-05,10.44,480
2013ROGA02,Przemysław Rogalski,2024-10-12,10.97,481
2013ROGA02,Przemysław Rogalski,2024-10-12,11.45,482
2013ROGA02,Przemysław Rogalski,2024-10-12,11.36,483
2013ROGA02,Przemysław Rogalski,2024-10-26,13.13,484
2013ROGA02,Przemysław Rogalski,2024-10-26,11.17,485
2013ROGA02,Przemysław Rogalski,2024-11-07,10.63,486
2013ROGA02,Przemysław Rogalski,2024-11-07,11.66,487
2013ROGA02,Przemysław Rogalski,2024-11-25,11.88,488
2013ROGA02,Przemysław Rogalski,2024-11-30,11.48,489
2013ROGA02,Przemysław Rogalski,2024-11-30,11.03,490
2013ROGA02,Przemysław Rogalski,2024-11-30,12.06,491
2013ROGA02,Przemysław Rogalski,2024-12-07,12.08,492
2013ROGA02,Przemysław Rogalski,2024-12-07,11.58,493
2013ROGA02,Przemysław Rogalski,2024-12-14,12.51,494
2013ROGA02,Przemysław Rogalski,2024-12-14,11.21,495
2013ROGA02,Przemysław Rogalski,2024-12-14,11.72,496
2013ROGA02,Przemysław Rogalski,2025-01-11,11.06,497
2013ROGA02,Przemysław Rogalski,2025-01-11,11.65,498
2013ROGA02,Przemysław Rogalski,2025-01-18,11.58,499
2013ROGA02,Przemysław Rogalski,2025-01-18,11.76,500
2013ROGA02,Przemysław Rogalski,2025-01-25,10.75,501
2013ROGA02,Przemysław Rogalski,2025-01-25,11.77,502
2013ROGA02,Przemysław Rogalski,2025-02-01,11.32,503
2013ROGA02,Przemysław Rogalski,2025-02-01,11.11,504
2013ROGA02,Przemysław Rogalski,2025-02-08,12.67,505
2013ROGA02,Przemysław Rogalski,2025-02-08,11.52,506
2013ROGA02,Przemysław Rogalski,2025-02-15,11.7,507
2013ROGA02,Przemysław Rogalski,2025-02-15,11.06,508
2013ROGA02,Przemysław Rogalski,2025-02-22,13.96,509
2013ROGA02,Przemysław Rogalski,2025-02-22,10.0,510
2013ROGA02,Przemysław Rogalski,2025-02-22,10.29,511
2013ROGA02,Przemysław Rogalski,2025-03-08,10.82,512
2013ROGA02,Przemysław Rogalski,2025-03-08,11.54,513
2013ROGA02,Przemysław Rogalski,2025-03-15,11.29,514
2013ROGA02,Przemysław Rogalski,2025-03-15,10.9,515
2013ROGA02,Przemysław Rogalski,2025-04-05,11.01,516
2013ROGA02,Przemysław Rogalski,2025-04-05,11.91,517
2013ROGA02,Przemysław Rogalski,2025-04-05,9.67,518
2013ROGA02,Przemysław Rogalski,2025-04-05,10.9,519
2013ROGA02,Przemysław Rogalski,2025-04-26,10.43,520
2013ROGA02,Przemysław Rogalski,2025-04-26,11.69,521
2013ROGA02,Przemysław Rogalski,2025-05-09,11.39,522
2013ROGA02,Przemysław Rogalski,2025-05-09,12.14,523
2013ROGA02,Przemysław Rogalski,2025-05-17,11.21,524
2013ROGA02,Przemysław Rogalski,2025-05-17,10.69,525
2013ROGA02,Przemysław Rogalski,2025-05-24,11.64,526
2013ROGA02,Przemysław Rogalski,2025-05-24,11.06,527
2013ROGA02,Przemysław Rogalski,2025-05-31,11.68,528
2013ROGA02,Przemysław Rogalski,2025-05-31,11.94,529
2013ROGA02,Przemysław Rogalski,2025-05-31,11.79,530
2013ROGA02,Przemysław Rogalski,2025-06-07,11.16,531
2013ROGA02,Przemysław Rogalski,2025-06-07,11.55,532
2013ROGA02,Przemysław Rogalski,2025-06-07,11.6,533
2013ROGA02,Przemysław Rogalski,2025-06-14,10.44,534
2013ROGA02,Przemysław Rogalski,2025-06-14,10.36,535
2013ROGA02,Przemysław Rogalski,2025-06-28,12.82,536
2013ROGA02,Przemysław Rogalski,2025-06-28,11.57,537
2013ROGA02,Przemysław Rogalski,2025-06-28,11.61,538
2013ROGA02,Przemysław Rogalski,2025-07-03,11.29,539
2013ROGA02,Przemysław Rogalski,2025-07-11,10.87,540
2013ROGA02,Przemysław Rogalski,2025-07-11,12.1,541
2013ROGA02,Przemysław Rogalski,2025-07-26,11.77,542
2013ROGA02,Przemysław Rogalski,2025-07-26,10.9,543
2013ROGA02,Przemysław Rogalski,2025-07-26,11.48,544
2013ROGA02,Przemysław Rogalski,2025-08-09,11.46,545
2013ROGA02,Przemysław Rogalski,2025-08-09,13.58,546
2013ROGA02,Przemysław Rogalski,2025-08-23,10.22,547
2013ROGA02,Przemysław Rogalski,2025-08-23,10.77,548
2013ROGA02,Przemysław Rogalski,2025-08-30,12.73,549
2013ROGA02,Przemysław Rogalski,2025-08-30,10.85,550
2013ROGA02,Przemysław Rogalski,2025-08-30,10.49,551
2013ROGA02,Przemysław Rogalski,2025-09-13,11.14,552
2013ROGA02,Przemysław Rogalski,2025-09-13,11.29,553
2013ROGA02,Przemysław Rogalski,2025-09-20,12.65,554
2013ROGA02,Przemysław Rogalski,2025-09-20,11.08,555
2013ROGA02,Przemysław Rogalski,2025-09-27,11.57,556
2013ROGA02,Przemysław Rogalski,2025-09-27,11.27,557
2013ROGA02,Przemysław Rogalski,2025-10-04,11.02,558
2013ROGA02,Przemysław Rogalski,2025-10-04,10.58,559
2013ROGA02,Przemysław Rogalski,2025-10-04,13.4,560
2013ROGA02,Przemysław Rogalski,2025-10-11,10.61,561
2013ROGA02,Przemysław Rogalski,2025-10-11,10.75,562
2013ROGA02,Przemysław Rogalski,2025-10-18,10.69,563
2013ROGA02,Przemysław Rogalski,2025-10-18,11.57,564
2013ROGA02,Przemysław Rogalski,2025-10-25,11.56,565
2013ROGA02,Przemysław Rogalski,2025-10-25,11.58,566
2013ROGA02,Przemysław Rogalski,2025-11-01,12.33,567
2013ROGA02,Przemysław Rogalski,2025-11-01,10.8,568
2013ROGA02,Przemysław Rogalski,2025-11-13,12.41,569
2013ROGA02,Przemysław Rogalski,2025-11-13,11.21,570
2013ROGA02,Przemysław Rogalski,2025-11-13,12.35,571
2013ROGA02,Przemysław Rogalski,2025-11-22,12.32,572
2013ROGA02,Przemysław Rogalski,2025-11-22,11.1,573
2013ROGA02,Przemysław Rogalski,2025-11-22,12.18,574
2013ROGA02,Przemysław Rogalski,2025-11-29,10.56,575
2013ROGA02,Przemysław Rogalski,2025-11-29,12.26,576
2013ROGA02,Przemysław Rogalski,2025-12-06,11.47,577
2013ROGA02,Przemysław Rogalski,2025-12-06,10.36,578
2013ROGA02,Przemysław Rogalski,2025-12-06,12.39,579
2013ROGA02,Przemysław Rogalski,2025-12-09,11.64,580
2013ROGA02,Przemysław Rogalski,2025-12-13,12.01,581
2013ROGA02,Przemysław Rogalski,2025-12-13,10.46,582
2013ROGA02,Przemysław Rogalski,2025-12-20,10.76,583
2013ROGA02,Przemysław Rogalski,2025-12-20,10.86,584
2013ROGA02,Przemysław Rogalski,2026-01-09,11.91,585
2013ROGA02,Przemysław Rogalski,2026-01-09,11.86,586
2013ROGA02,Przemysław Rogalski,2026-01-24,12.72,587
2013ROGA02,Przemysław Rogalski,2026-01-24,11.15,588
2013ROGA02,Przemysław Rogalski,2026-02-07,10.17,589
2013ROGA02,Przemysław Rogalski,2026-02-07,11.34,590
2013ROGA02,Przemysław Rogalski,2026-02-11,11.8,591
2013ROGA02,Przemysław Rogalski,2026-02-14,11.74,592
2013ROGA02,Przemysław Rogalski,2026-02-14,12.16,593
2013ROGA02,Przemysław Rogalski,2026-02-28,10.08,594
2013ROGA02,Przemysław Rogalski,2026-02-28,12.02,595
2013ROGA02,Przemysław Rogalski,2026-03-14,11.51,596
2013ROGA02,Przemysław Rogalski,2026-03-14,11.5,597
2013ROGA02,Przemysław Rogalski,2026-03-21,10.94,598
2013ROGA02,Przemysław Rogalski,2026-03-21,12.73,599
2013ROGA02,Przemysław Rogalski,2026-03-21,11.45,600
2013ROGA02,Przemysław Rogalski,2026-03-25,10.88,601
2013ROGA02,Przemysław Rogalski,2026-03-25,10.54,602
2013ROGA02,Przemysław Rogalski,2026-03-28,12.23,603
2013ROGA02,Przemysław Rogalski,2026-03-28,12.39,604
2013ROGA02,Przemysław Rogalski,2026-03-28,11.2,605
2013ROGA02,Przemysław Rogalski,2026-04-11,12.03,606
2013ROGA02,Przemysław Rogalski,2026-04-11,10.81,607
2013ROGA02,Przemysław Rogalski,2026-04-11,11.42,608
2013ROGA02,Przemysław Rogalski,2026-04-15,11.06,609
2013ROGA02,Przemysław Rogalski,2026-04-18,13.07,610
2013ROGA02,Przemysław Rogalski,2026-04-18,11.09,611
2013ROGA02,Przemysław Rogalski,2026-04-18,11.41,612
2013ROGA02,Przemysław Rogalski,2026-04-25,12.77,613
2013ROGA02,Przemysław Rogalski,2026-04-25,12.02,614
2013ROGA02,Przemysław Rogalski,2026-05-09,11.33,615
2013ROGA02,Przemysław Rogalski,2026-05-09,11.75,616
2013ROGA02,Przemysław Rogalski,2026-05-09,11.23,617
2013ROGA02,Przemysław Rogalski,2026-05-10,11.08,618
2013ROGA02,Przemysław Rogalski,2026-05-10,11.34,619
2013ROGA02,Przemysław Rogalski,2026-05-10,11.91,620
2013ROGA02,Przemysław Rogalski,2026-05-16,11.1,621
2013ROGA02,Przemysław Rogalski,2026-05-16,9.81,622
2013ROGA02,Przemysław Rogalski,2026-05-16,11.1,623
2013ROGA02,Przemysław Rogalski,2026-05-23,11.44,624
2013ROGA02,Przemysław Rogalski,2026-05-23,11.85,625
2013ROGA02,Przemysław Rogalski,2026-05-23,12.85,626
2013WALL03,Daniel Wallin,2013-09-14,18.58,1
2013WALL03,Daniel Wallin,2013-11-23,18.42,2
2013WALL03,Daniel Wallin,2014-02-08,15.29,3
2013WALL03,Daniel Wallin,2014-02-08,14.44,4
2013WALL03,Daniel Wallin,2014-03-08,14.56,5
2013WALL03,Daniel Wallin,2014-03-08,15.52,6
2013WALL03,Daniel Wallin,2014-05-03,14.07,7
2013WALL03,Daniel Wallin,2014-05-03,13.67,8
2013WALL03,Daniel Wallin,2014-05-03,16.05,9
2013WALL03,Daniel Wallin,2014-05-24,13.15,10
2013WALL03,Daniel Wallin,2014-05-24,14.3,11
2013WALL03,Daniel Wallin,2014-08-08,13.38,12
2013WALL03,Daniel Wallin,2014-08-08,13.89,13
2013WALL03,Daniel Wallin,2014-09-20,13.71,14
2013WALL03,Daniel Wallin,2014-09-20,13.76,15
2013WALL03,Daniel Wallin,2014-10-11,13.97,16
2013WALL03,Daniel Wallin,2014-10-11,13.94,17
2013WALL03,Daniel Wallin,2015-01-10,15.38,18
2013WALL03,Daniel Wallin,2015-01-10,13.56,19
2013WALL03,Daniel Wallin,2015-01-10,11.18,20
2013WALL03,Daniel Wallin,2015-01-17,13.34,21
2013WALL03,Daniel Wallin,2015-03-14,12.34,22
2013WALL03,Daniel Wallin,2015-03-14,12.51,23
2013WALL03,Daniel Wallin,2015-03-14,12.08,24
2013WALL03,Daniel Wallin,2015-04-18,11.1,25
2013WALL03,Daniel Wallin,2015-04-18,10.43,26
2013WALL03,Daniel Wallin,2015-05-02,11.31,27
2013WALL03,Daniel Wallin,2015-05-02,11.29,28
2013WALL03,Daniel Wallin,2015-05-02,12.77,29
2013WALL03,Daniel Wallin,2015-06-20,12.41,30
2013WALL03,Daniel Wallin,2015-06-20,11.69,31
2013WALL03,Daniel Wallin,2015-06-20,12.53,32
2013WALL03,Daniel Wallin,2015-07-17,11.46,33
2013WALL03,Daniel Wallin,2015-07-17,10.56,34
2013WALL03,Daniel Wallin,2015-07-17,10.35,35
2013WALL03,Daniel Wallin,2015-07-31,12.49,36
2013WALL03,Daniel Wallin,2015-07-31,11.74,37
2013WALL03,Daniel Wallin,2015-08-16,11.3,38
2013WALL03,Daniel Wallin,2015-10-09,10.65,39
2013WALL03,Daniel Wallin,2015-10-09,13.65,40
2013WALL03,Daniel Wallin,2015-10-09,11.7,41
2013WALL03,Daniel Wallin,2015-10-17,12.7,42
2013WALL03,Daniel Wallin,2015-10-17,11.67,43
2013WALL03,Daniel Wallin,2015-10-17,10.22,44
2013WALL03,Daniel Wallin,2015-10-24,10.2,45
2013WALL03,Daniel Wallin,2015-10-24,12.67,46
2013WALL03,Daniel Wallin,2015-10-24,11.37,47
2013WALL03,Daniel Wallin,2015-12-05,10.98,48
2013WALL03,Daniel Wallin,2015-12-05,10.47,49
2013WALL03,Daniel Wallin,2015-12-05,11.27,50
2013WALL03,Daniel Wallin,2016-02-20,10.47,51
2013WALL03,Daniel Wallin,2016-02-20,9.6,52
2013WALL03,Daniel Wallin,2016-03-04,9.78,53
2013WALL03,Daniel Wallin,2016-03-04,12.21,54
2013WALL03,Daniel Wallin,2016-03-04,9.44,55
2013WALL03,Daniel Wallin,2016-05-07,9.67,56
2013WALL03,Daniel Wallin,2016-05-07,8.89,57
2013WALL03,Daniel Wallin,2016-05-07,10.92,58
2013WALL03,Daniel Wallin,2016-06-10,10.49,59
2013WALL03,Daniel Wallin,2016-06-10,10.75,60
2013WALL03,Daniel Wallin,2016-06-10,10.29,61
2013WALL03,Daniel Wallin,2016-06-18,10.25,62
2013WALL03,Daniel Wallin,2016-06-18,11.33,63
2013WALL03,Daniel Wallin,2016-06-18,11.11,64
2013WALL03,Daniel Wallin,2016-07-15,9.62,65
2013WALL03,Daniel Wallin,2016-07-15,10.48,66
2013WALL03,Daniel Wallin,2016-07-15,10.32,67
2013WALL03,Daniel Wallin,2016-10-15,9.63,68
2013WALL03,Daniel Wallin,2016-10-15,10.8,69
2013WALL03,Daniel Wallin,2016-10-15,8.99,70
2013WALL03,Daniel Wallin,2016-11-26,9.96,71
2013WALL03,Daniel Wallin,2016-11-26,10.74,72
2013WALL03,Daniel Wallin,2016-11-26,10.35,73
2013WALL03,Daniel Wallin,2016-12-10,10.11,74
2013WALL03,Daniel Wallin,2016-12-10,9.43,75
2013WALL03,Daniel Wallin,2017-01-14,9.27,76
2013WALL03,Daniel Wallin,2017-01-14,9.33,77
2013WALL03,Daniel Wallin,2017-01-14,9.13,78
2013WALL03,Daniel Wallin,2017-03-04,9.43,79
2013WALL03,Daniel Wallin,2017-03-04,10.2,80
2013WALL03,Daniel Wallin,2017-03-04,10.11,81
2013WALL03,Daniel Wallin,2017-03-18,10.34,82
2013WALL03,Daniel Wallin,2017-03-18,10.99,83
2013WALL03,Daniel Wallin,2017-03-18,9.94,84
2013WALL03,Daniel Wallin,2017-03-18,11.48,85
2013WALL03,Daniel Wallin,2017-04-08,9.18,86
2013WALL03,Daniel Wallin,2017-04-08,10.84,87
2013WALL03,Daniel Wallin,2017-04-08,9.99,88
2013WALL03,Daniel Wallin,2017-04-08,9.18,89
2013WALL03,Daniel Wallin,2017-04-29,9.36,90
2013WALL03,Daniel Wallin,2017-04-29,8.22,91
2013WALL03,Daniel Wallin,2017-04-29,9.17,92
2013WALL03,Daniel Wallin,2017-05-26,10.18,93
2013WALL03,Daniel Wallin,2017-05-26,9.09,94
2013WALL03,Daniel Wallin,2017-05-26,8.67,95
2013WALL03,Daniel Wallin,2017-05-26,8.73,96
2013WALL03,Daniel Wallin,2017-07-08,9.3,97
2013WALL03,Daniel Wallin,2017-07-08,9.83,98
2013WALL03,Daniel Wallin,2017-07-08,9.75,99
2013WALL03,Daniel Wallin,2017-07-13,9.87,100
2013WALL03,Daniel Wallin,2017-07-13,9.45,101
2013WALL03,Daniel Wallin,2017-07-13,8.5,102
2013WALL03,Daniel Wallin,2017-07-29,8.68,103
2013WALL03,Daniel Wallin,2017-07-29,8.58,104
2013WALL03,Daniel Wallin,2017-07-29,9.04,105
2013WALL03,Daniel Wallin,2017-09-10,8.69,106
2013WALL03,Daniel Wallin,2017-09-30,9.75,107
2013WALL03,Daniel Wallin,2017-09-30,10.16,108
2013WALL03,Daniel Wallin,2017-09-30,10.42,109
2013WALL03,Daniel Wallin,2017-11-11,8.69,110
2013WALL03,Daniel Wallin,2017-11-11,9.7,111
2013WALL03,Daniel Wallin,2017-11-11,9.91,112
2013WALL03,Daniel Wallin,2017-12-02,10.3,113
2013WALL03,Daniel Wallin,2017-12-02,9.23,114
2013WALL03,Daniel Wallin,2017-12-02,9.04,115
2013WALL03,Daniel Wallin,2018-02-24,10.56,116
2013WALL03,Daniel Wallin,2018-02-24,8.45,117
2013WALL03,Daniel Wallin,2018-02-24,8.88,118
2013WALL03,Daniel Wallin,2018-03-17,8.88,119
2013WALL03,Daniel Wallin,2018-03-17,10.27,120
2013WALL03,Daniel Wallin,2018-03-31,9.91,121
2013WALL03,Daniel Wallin,2018-03-31,8.92,122
2013WALL03,Daniel Wallin,2018-03-31,8.5,123
2013WALL03,Daniel Wallin,2018-04-06,9.39,124
2013WALL03,Daniel Wallin,2018-04-06,9.18,125
2013WALL03,Daniel Wallin,2018-04-06,9.53,126
2013WALL03,Daniel Wallin,2018-04-06,8.54,127
2013WALL03,Daniel Wallin,2018-04-28,8.48,128
2013WALL03,Daniel Wallin,2018-04-28,9.3,129
2013WALL03,Daniel Wallin,2018-04-28,8.93,130
2013WALL03,Daniel Wallin,2018-05-11,10.79,131
2013WALL03,Daniel Wallin,2018-05-11,9.64,132
2013WALL03,Daniel Wallin,2018-05-11,9.45,133
2013WALL03,Daniel Wallin,2018-05-11,10.23,134
2013WALL03,Daniel Wallin,2018-06-15,8.31,135
2013WALL03,Daniel Wallin,2018-06-15,9.35,136
2013WALL03,Daniel Wallin,2018-06-30,8.56,137
2013WALL03,Daniel Wallin,2018-06-30,10.14,138
2013WALL03,Daniel Wallin,2018-06-30,8.39,139
2013WALL03,Daniel Wallin,2018-07-19,10.92,140
2013WALL03,Daniel Wallin,2018-07-19,8.35,141
2013WALL03,Daniel Wallin,2018-07-19,8.51,142
2013WALL03,Daniel Wallin,2018-08-11,8.92,143
2013WALL03,Daniel Wallin,2018-08-11,8.53,144
2013WALL03,Daniel Wallin,2018-08-11,10.66,145
2013WALL03,Daniel Wallin,2018-08-24,9.23,146
2013WALL03,Daniel Wallin,2018-08-24,8.79,147
2013WALL03,Daniel Wallin,2018-08-24,8.76,148
2013WALL03,Daniel Wallin,2018-09-01,8.45,149
2013WALL03,Daniel Wallin,2018-09-01,8.91,150
2013WALL03,Daniel Wallin,2018-09-01,8.87,151
2013WALL03,Daniel Wallin,2018-09-07,8.69,152
2013WALL03,Daniel Wallin,2018-09-07,8.15,153
2013WALL03,Daniel Wallin,2018-09-07,7.73,154
2013WALL03,Daniel Wallin,2018-09-07,9.73,155
2013WALL03,Daniel Wallin,2018-09-15,8.24,156
2013WALL03,Daniel Wallin,2018-09-15,8.85,157
2013WALL03,Daniel Wallin,2018-09-15,8.93,158
2013WALL03,Daniel Wallin,2018-09-22,8.68,159
2013WALL03,Daniel Wallin,2018-09-22,9.65,160
2013WALL03,Daniel Wallin,2018-09-22,8.97,161
2013WALL03,Daniel Wallin,2018-10-12,8.69,162
2013WALL03,Daniel Wallin,2018-10-12,8.55,163
2013WALL03,Daniel Wallin,2018-10-12,9.52,164
2013WALL03,Daniel Wallin,2018-10-20,8.43,165
2013WALL03,Daniel Wallin,2018-10-20,8.92,166
2013WALL03,Daniel Wallin,2018-10-20,9.53,167
2013WALL03,Daniel Wallin,2018-10-26,8.33,168
2013WALL03,Daniel Wallin,2018-10-26,7.7,169
2013WALL03,Daniel Wallin,2018-10-26,7.93,170
2013WALL03,Daniel Wallin,2018-11-02,8.07,171
2013WALL03,Daniel Wallin,2018-11-02,8.96,172
2013WALL03,Daniel Wallin,2018-11-02,9.97,173
2013WALL03,Daniel Wallin,2018-11-02,8.58,174
2013WALL03,Daniel Wallin,2018-11-16,9.5,175
2013WALL03,Daniel Wallin,2018-11-16,7.9,176
2013WALL03,Daniel Wallin,2018-11-16,8.37,177
2013WALL03,Daniel Wallin,2018-11-30,8.75,178
2013WALL03,Daniel Wallin,2018-11-30,8.81,179
2013WALL03,Daniel Wallin,2018-11-30,9.68,180
2013WALL03,Daniel Wallin,2019-01-12,9.17,181
2013WALL03,Daniel Wallin,2019-01-12,8.82,182
2013WALL03,Daniel Wallin,2019-01-12,7.81,183
2013WALL03,Daniel Wallin,2019-01-26,9.73,184
2013WALL03,Daniel Wallin,2019-01-26,8.46,185
2013WALL03,Daniel Wallin,2019-01-26,7.84,186
2013WALL03,Daniel Wallin,2019-03-09,7.92,187
2013WALL03,Daniel Wallin,2019-03-09,8.19,188
2013WALL03,Daniel Wallin,2019-03-09,10.97,189
2013WALL03,Daniel Wallin,2019-03-15,7.95,190
2013WALL03,Daniel Wallin,2019-03-15,8.97,191
2013WALL03,Daniel Wallin,2019-03-29,9.7,192
2013WALL03,Daniel Wallin,2019-03-29,8.88,193
2013WALL03,Daniel Wallin,2019-03-29,8.91,194
2013WALL03,Daniel Wallin,2019-03-29,8.0,195
2013WALL03,Daniel Wallin,2019-04-13,8.54,196
2013WALL03,Daniel Wallin,2019-04-13,9.35,197
2013WALL03,Daniel Wallin,2019-04-13,8.55,198
2013WALL03,Daniel Wallin,2019-05-03,9.2,199
2013WALL03,Daniel Wallin,2019-05-03,9.12,200
2013WALL03,Daniel Wallin,2019-05-03,7.87,201
2013WALL03,Daniel Wallin,2019-05-30,8.54,202
2013WALL03,Daniel Wallin,2019-05-30,8.54,203
2013WALL03,Daniel Wallin,2019-05-30,8.58,204
2013WALL03,Daniel Wallin,2019-05-30,8.7,205
2013WALL03,Daniel Wallin,2019-06-22,8.48,206
2013WALL03,Daniel Wallin,2019-06-22,8.12,207
2013WALL03,Daniel Wallin,2019-06-22,9.68,208
2013WALL03,Daniel Wallin,2019-07-03,8.55,209
2013WALL03,Daniel Wallin,2019-07-03,8.07,210
2013WALL03,Daniel Wallin,2019-07-03,8.42,211
2013WALL03,Daniel Wallin,2019-07-06,8.47,212
2013WALL03,Daniel Wallin,2019-07-06,7.86,213
2013WALL03,Daniel Wallin,2019-07-06,9.14,214
2013WALL03,Daniel Wallin,2019-07-11,8.22,215
2013WALL03,Daniel Wallin,2019-07-11,8.69,216
2013WALL03,Daniel Wallin,2019-07-11,8.25,217
2013WALL03,Daniel Wallin,2019-08-03,8.55,218
2013WALL03,Daniel Wallin,2019-08-03,9.8,219
2013WALL03,Daniel Wallin,2019-08-03,7.99,220
2013WALL03,Daniel Wallin,2019-09-13,8.33,221
2013WALL03,Daniel Wallin,2019-09-13,7.83,222
2013WALL03,Daniel Wallin,2019-09-13,9.51,223
2013WALL03,Daniel Wallin,2019-10-05,8.87,224
2013WALL03,Daniel Wallin,2019-10-05,7.49,225
2013WALL03,Daniel Wallin,2019-10-05,8.67,226
2013WALL03,Daniel Wallin,2019-10-17,10.07,227
2013WALL03,Daniel Wallin,2019-10-17,8.99,228
2013WALL03,Daniel Wallin,2019-10-17,8.06,229
2013WALL03,Daniel Wallin,2019-10-17,8.77,230
2013WALL03,Daniel Wallin,2019-11-02,8.18,231
2013WALL03,Daniel Wallin,2019-11-02,9.05,232
2013WALL03,Daniel Wallin,2019-11-02,9.37,233
2013WALL03,Daniel Wallin,2019-12-07,9.32,234
2013WALL03,Daniel Wallin,2019-12-07,8.44,235
2013WALL03,Daniel Wallin,2019-12-07,7.75,236
2013WALL03,Daniel Wallin,2020-01-04,9.42,237
2013WALL03,Daniel Wallin,2020-01-04,9.95,238
2013WALL03,Daniel Wallin,2020-01-04,8.52,239
2013WALL03,Daniel Wallin,2020-01-31,8.52,240
2013WALL03,Daniel Wallin,2020-01-31,8.21,241
2013WALL03,Daniel Wallin,2020-01-31,8.76,242
2013WALL03,Daniel Wallin,2020-09-26,9.14,243
2013WALL03,Daniel Wallin,2020-09-26,9.08,244
2013WALL03,Daniel Wallin,2020-09-26,8.56,245
2013WALL03,Daniel Wallin,2021-08-14,9.5,246
2013WALL03,Daniel Wallin,2021-08-14,7.67,247
2013WALL03,Daniel Wallin,2021-08-14,8.22,248
2013WALL03,Daniel Wallin,2021-09-04,8.79,249
2013WALL03,Daniel Wallin,2021-09-04,8.57,250
2013WALL03,Daniel Wallin,2021-09-04,9.37,251
2013WALL03,Daniel Wallin,2021-10-02,8.89,252
2013WALL03,Daniel Wallin,2021-10-02,8.6,253
2013WALL03,Daniel Wallin,2021-10-02,8.34,254
2013WALL03,Daniel Wallin,2021-10-08,8.67,255
2013WALL03,Daniel Wallin,2021-10-08,8.98,256
2013WALL03,Daniel Wallin,2021-10-08,8.66,257
2013WALL03,Daniel Wallin,2021-11-05,9.37,258
2013WALL03,Daniel Wallin,2021-11-05,8.88,259
2013WALL03,Daniel Wallin,2021-11-05,9.24,260
2013WALL03,Daniel Wallin,2021-11-12,7.83,261
2013WALL03,Daniel Wallin,2021-11-12,8.04,262
2013WALL03,Daniel Wallin,2021-11-12,7.42,263
2013WALL03,Daniel Wallin,2021-11-27,9.33,264
2013WALL03,Daniel Wallin,2021-11-27,8.61,265
2013WALL03,Daniel Wallin,2021-11-27,8.41,266
2013WALL03,Daniel Wallin,2022-03-05,9.87,267
2013WALL03,Daniel Wallin,2022-03-05,8.97,268
2013WALL03,Daniel Wallin,2022-03-05,8.31,269
2013WALL03,Daniel Wallin,2022-04-01,8.98,270
2013WALL03,Daniel Wallin,2022-04-01,8.66,271
2013WALL03,Daniel Wallin,2022-04-01,7.32,272
2013WALL03,Daniel Wallin,2022-04-29,8.15,273
2013WALL03,Daniel Wallin,2022-04-29,8.47,274
2013WALL03,Daniel Wallin,2022-04-29,8.39,275
2013WALL03,Daniel Wallin,2022-06-11,9.08,276
2013WALL03,Daniel Wallin,2022-06-11,8.71,277
2013WALL03,Daniel Wallin,2022-06-11,8.7,278
2013WALL03,Daniel Wallin,2022-06-11,9.18,279
2013WALL03,Daniel Wallin,2022-06-24,8.96,280
2013WALL03,Daniel Wallin,2022-06-24,8.5,281
2013WALL03,Daniel Wallin,2022-06-24,8.13,282
2013WALL03,Daniel Wallin,2022-07-09,9.56,283
2013WALL03,Daniel Wallin,2022-07-09,9.11,284
2013WALL03,Daniel Wallin,2022-07-09,9.09,285
2013WALL03,Daniel Wallin,2022-07-09,8.74,286
2013WALL03,Daniel Wallin,2022-07-14,7.5,287
2013WALL03,Daniel Wallin,2022-07-14,7.91,288
2013WALL03,Daniel Wallin,2022-07-14,8.41,289
2013WALL03,Daniel Wallin,2022-09-03,9.52,290
2013WALL03,Daniel Wallin,2022-09-03,9.04,291
2013WALL03,Daniel Wallin,2022-09-03,7.49,292
2013WALL03,Daniel Wallin,2022-10-01,10.56,293
2013WALL03,Daniel Wallin,2022-10-01,8.24,294
2013WALL03,Daniel Wallin,2022-10-01,8.78,295
2013WALL03,Daniel Wallin,2022-10-14,9.51,296
2013WALL03,Daniel Wallin,2022-10-14,8.88,297
2013WALL03,Daniel Wallin,2022-10-14,7.82,298
2013WALL03,Daniel Wallin,2022-10-28,8.68,299
2013WALL03,Daniel Wallin,2022-10-28,8.27,300
2013WALL03,Daniel Wallin,2022-10-28,8.88,301
2013WALL03,Daniel Wallin,2022-10-28,9.32,302
2013WALL03,Daniel Wallin,2022-11-19,8.79,303
2013WALL03,Daniel Wallin,2022-11-19,8.75,304
2013WALL03,Daniel Wallin,2022-11-19,8.57,305
2013WALL03,Daniel Wallin,2022-11-28,8.94,306
2013WALL03,Daniel Wallin,2022-12-11,8.68,307
2013WALL03,Daniel Wallin,2022-12-11,8.52,308
2013WALL03,Daniel Wallin,2022-12-11,8.63,309
2013WALL03,Daniel Wallin,2022-12-17,8.83,310
2013WALL03,Daniel Wallin,2022-12-17,8.59,311
2013WALL03,Daniel Wallin,2022-12-17,7.97,312
2013WALL03,Daniel Wallin,2022-12-26,8.78,313
2013WALL03,Daniel Wallin,2023-01-07,8.19,314
2013WALL03,Daniel Wallin,2023-01-07,7.68,315
2013WALL03,Daniel Wallin,2023-01-07,7.63,316
2013WALL03,Daniel Wallin,2023-01-13,8.2,317
2013WALL03,Daniel Wallin,2023-01-13,9.4,318
2013WALL03,Daniel Wallin,2023-01-13,7.44,319
2013WALL03,Daniel Wallin,2023-01-13,8.73,320
2013WALL03,Daniel Wallin,2023-01-19,8.22,321
2013WALL03,Daniel Wallin,2023-01-28,9.59,322
2013WALL03,Daniel Wallin,2023-01-28,8.81,323
2013WALL03,Daniel Wallin,2023-01-28,7.92,324
2013WALL03,Daniel Wallin,2023-02-01,7.84,325
2013WALL03,Daniel Wallin,2023-02-03,8.94,326
2013WALL03,Daniel Wallin,2023-02-11,7.97,327
2013WALL03,Daniel Wallin,2023-02-11,8.26,328
2013WALL03,Daniel Wallin,2023-02-11,8.86,329
2013WALL03,Daniel Wallin,2023-02-16,7.72,330
2013WALL03,Daniel Wallin,2023-03-01,9.44,331
2013WALL03,Daniel Wallin,2023-03-04,8.46,332
2013WALL03,Daniel Wallin,2023-03-04,7.87,333
2013WALL03,Daniel Wallin,2023-03-04,8.09,334
2013WALL03,Daniel Wallin,2023-03-07,8.33,335
2013WALL03,Daniel Wallin,2023-03-11,8.52,336
2013WALL03,Daniel Wallin,2023-03-11,7.87,337
2013WALL03,Daniel Wallin,2023-03-11,8.97,338
2013WALL03,Daniel Wallin,2023-03-16,9.49,339
2013WALL03,Daniel Wallin,2023-03-25,7.86,340
2013WALL03,Daniel Wallin,2023-03-25,8.25,341
2013WALL03,Daniel Wallin,2023-03-25,9.45,342
2013WALL03,Daniel Wallin,2023-03-29,9.19,343
2013WALL03,Daniel Wallin,2023-04-01,7.68,344
2013WALL03,Daniel Wallin,2023-04-01,8.84,345
2013WALL03,Daniel Wallin,2023-04-01,8.14,346
2013WALL03,Daniel Wallin,2023-04-10,10.4,347
2013WALL03,Daniel Wallin,2023-04-10,9.12,348
2013WALL03,Daniel Wallin,2023-04-15,9.4,349
2013WALL03,Daniel Wallin,2023-04-15,7.62,350
2013WALL03,Daniel Wallin,2023-04-15,8.65,351
2013WALL03,Daniel Wallin,2023-04-22,8.21,352
2013WALL03,Daniel Wallin,2023-04-22,8.89,353
2013WALL03,Daniel Wallin,2023-04-22,8.3,354
2013WALL03,Daniel Wallin,2023-04-24,8.11,355
2013WALL03,Daniel Wallin,2023-04-25,8.35,356
2013WALL03,Daniel Wallin,2023-04-29,8.62,357
2013WALL03,Daniel Wallin,2023-04-29,7.78,358
2013WALL03,Daniel Wallin,2023-04-29,7.66,359
2013WALL03,Daniel Wallin,2023-05-06,9.17,360
2013WALL03,Daniel Wallin,2023-05-06,7.75,361
2013WALL03,Daniel Wallin,2023-05-06,8.26,362
2013WALL03,Daniel Wallin,2023-05-08,7.79,363
2013WALL03,Daniel Wallin,2023-05-11,9.07,364
2013WALL03,Daniel Wallin,2023-05-20,7.59,365
2013WALL03,Daniel Wallin,2023-05-20,8.04,366
2013WALL03,Daniel Wallin,2023-05-20,8.84,367
2013WALL03,Daniel Wallin,2023-05-24,7.94,368
2013WALL03,Daniel Wallin,2023-05-29,8.56,369
2013WALL03,Daniel Wallin,2023-06-03,7.94,370
2013WALL03,Daniel Wallin,2023-06-03,8.39,371
2013WALL03,Daniel Wallin,2023-06-03,8.44,372
2013WALL03,Daniel Wallin,2023-06-03,8.94,373
2013WALL03,Daniel Wallin,2023-06-08,9.08,374
2013WALL03,Daniel Wallin,2023-06-16,9.09,375
2013WALL03,Daniel Wallin,2023-06-16,8.95,376
2013WALL03,Daniel Wallin,2023-06-16,8.07,377
2013WALL03,Daniel Wallin,2023-06-21,8.8,378
2013WALL03,Daniel Wallin,2023-06-21,8.4,379
2013WALL03,Daniel Wallin,2023-06-26,7.7,380
2013WALL03,Daniel Wallin,2023-06-26,8.01,381
2013WALL03,Daniel Wallin,2023-07-08,8.5,382
2013WALL03,Daniel Wallin,2023-07-08,9.66,383
2013WALL03,Daniel Wallin,2023-07-08,7.93,384
2013WALL03,Daniel Wallin,2023-07-22,7.98,385
2013WALL03,Daniel Wallin,2023-07-22,8.65,386
2013WALL03,Daniel Wallin,2023-08-07,9.55,387
2013WALL03,Daniel Wallin,2023-08-07,8.36,388
2013WALL03,Daniel Wallin,2023-08-12,7.67,389
2013WALL03,Daniel Wallin,2023-08-12,9.45,390
2013WALL03,Daniel Wallin,2023-09-09,8.42,391
2013WALL03,Daniel Wallin,2023-09-09,7.61,392
2013WALL03,Daniel Wallin,2023-09-09,7.47,393
2013WALL03,Daniel Wallin,2023-09-18,9.38,394
2013WALL03,Daniel Wallin,2023-09-28,9.13,395
2013WALL03,Daniel Wallin,2023-10-07,8.7,396
2013WALL03,Daniel Wallin,2023-10-07,7.53,397
2013WALL03,Daniel Wallin,2023-10-07,8.52,398
2013WALL03,Daniel Wallin,2023-10-09,7.03,399
2013WALL03,Daniel Wallin,2023-10-14,7.44,400
2013WALL03,Daniel Wallin,2023-10-14,8.21,401
2013WALL03,Daniel Wallin,2023-10-14,7.85,402
2013WALL03,Daniel Wallin,2023-10-19,8.69,403
2013WALL03,Daniel Wallin,2023-10-23,8.27,404
2013WALL03,Daniel Wallin,2023-10-28,8.42,405
2013WALL03,Daniel Wallin,2023-10-28,8.38,406
2013WALL03,Daniel Wallin,2023-10-28,7.75,407
2013WALL03,Daniel Wallin,2023-11-08,8.3,408
2013WALL03,Daniel Wallin,2023-11-11,8.93,409
2013WALL03,Daniel Wallin,2023-11-11,8.5,410
2013WALL03,Daniel Wallin,2023-11-11,7.67,411
2013WALL03,Daniel Wallin,2023-11-13,8.41,412
2013WALL03,Daniel Wallin,2023-11-18,7.57,413
2013WALL03,Daniel Wallin,2023-11-18,9.15,414
2013WALL03,Daniel Wallin,2023-11-18,7.77,415
2013WALL03,Daniel Wallin,2023-11-19,8.49,416
2013WALL03,Daniel Wallin,2023-11-19,7.98,417
2013WALL03,Daniel Wallin,2023-11-19,9.04,418
2013WALL03,Daniel Wallin,2023-11-23,9.78,419
2013WALL03,Daniel Wallin,2023-12-02,7.83,420
2013WALL03,Daniel Wallin,2023-12-02,8.59,421
2013WALL03,Daniel Wallin,2023-12-06,7.62,422
2013WALL03,Daniel Wallin,2023-12-08,9.49,423
2013WALL03,Daniel Wallin,2023-12-08,7.82,424
2013WALL03,Daniel Wallin,2023-12-08,9.24,425
2013WALL03,Daniel Wallin,2023-12-18,8.29,426
2013WALL03,Daniel Wallin,2023-12-18,8.73,427
2013WALL03,Daniel Wallin,2023-12-21,8.79,428
2013WALL03,Daniel Wallin,2024-01-11,8.11,429
2013WALL03,Daniel Wallin,2024-01-13,8.61,430
2013WALL03,Daniel Wallin,2024-01-13,8.59,431
2013WALL03,Daniel Wallin,2024-01-13,8.56,432
2013WALL03,Daniel Wallin,2024-01-22,7.84,433
2013WALL03,Daniel Wallin,2024-01-28,7.58,434
2013WALL03,Daniel Wallin,2024-02-03,9.05,435
2013WALL03,Daniel Wallin,2024-02-03,7.94,436
2013WALL03,Daniel Wallin,2024-02-03,8.27,437
2013WALL03,Daniel Wallin,2024-02-07,8.29,438
2013WALL03,Daniel Wallin,2024-02-24,8.81,439
2013WALL03,Daniel Wallin,2024-02-24,8.7,440
2013WALL03,Daniel Wallin,2024-02-24,8.77,441
2013WALL03,Daniel Wallin,2024-02-28,8.69,442
2013WALL03,Daniel Wallin,2024-02-29,10.59,443
2013WALL03,Daniel Wallin,2024-03-02,8.0,444
2013WALL03,Daniel Wallin,2024-03-02,8.2,445
2013WALL03,Daniel Wallin,2024-03-02,9.29,446
2013WALL03,Daniel Wallin,2024-03-14,7.69,447
2013WALL03,Daniel Wallin,2024-03-16,8.08,448
2013WALL03,Daniel Wallin,2024-03-16,7.67,449
2013WALL03,Daniel Wallin,2024-03-16,10.55,450
2013WALL03,Daniel Wallin,2024-03-23,7.81,451
2013WALL03,Daniel Wallin,2024-03-23,8.09,452
2013WALL03,Daniel Wallin,2024-03-23,8.61,453
2013WALL03,Daniel Wallin,2024-03-25,8.09,454
2013WALL03,Daniel Wallin,2024-04-06,9.43,455
2013WALL03,Daniel Wallin,2024-04-06,8.89,456
2013WALL03,Daniel Wallin,2024-04-06,7.59,457
2013WALL03,Daniel Wallin,2024-04-09,7.82,458
2013WALL03,Daniel Wallin,2024-04-13,7.36,459
2013WALL03,Daniel Wallin,2024-04-13,7.32,460
2013WALL03,Daniel Wallin,2024-04-20,7.53,461
2013WALL03,Daniel Wallin,2024-04-20,9.37,462
2013WALL03,Daniel Wallin,2024-04-20,8.79,463
2013WALL03,Daniel Wallin,2024-04-21,8.0,464
2013WALL03,Daniel Wallin,2024-04-21,8.09,465
2013WALL03,Daniel Wallin,2024-04-21,8.76,466
2013WALL03,Daniel Wallin,2024-04-22,9.02,467
2013WALL03,Daniel Wallin,2024-05-01,7.5,468
2013WALL03,Daniel Wallin,2024-05-10,8.65,469
2013WALL03,Daniel Wallin,2024-05-10,8.02,470
2013WALL03,Daniel Wallin,2024-05-10,7.88,471
2013WALL03,Daniel Wallin,2024-05-10,8.0,472
2013WALL03,Daniel Wallin,2024-05-19,9.06,473
2013WALL03,Daniel Wallin,2024-05-19,8.3,474
2013WALL03,Daniel Wallin,2024-05-19,7.74,475
2013WALL03,Daniel Wallin,2024-05-23,8.32,476
2013WALL03,Daniel Wallin,2024-05-30,9.63,477
2013WALL03,Daniel Wallin,2024-06-01,8.57,478
2013WALL03,Daniel Wallin,2024-06-01,8.03,479
2013WALL03,Daniel Wallin,2024-06-01,8.99,480
2013WALL03,Daniel Wallin,2024-06-05,8.05,481
2013WALL03,Daniel Wallin,2024-06-05,8.1,482
2013WALL03,Daniel Wallin,2024-06-15,7.06,483
2013WALL03,Daniel Wallin,2024-06-15,7.56,484
2013WALL03,Daniel Wallin,2024-06-15,7.94,485
2013WALL03,Daniel Wallin,2024-06-19,8.47,486
2013WALL03,Daniel Wallin,2024-06-19,7.88,487
2013WALL03,Daniel Wallin,2024-06-24,9.02,488
2013WALL03,Daniel Wallin,2024-06-24,7.28,489
2013WALL03,Daniel Wallin,2024-06-28,8.28,490
2013WALL03,Daniel Wallin,2024-06-28,9.96,491
2013WALL03,Daniel Wallin,2024-06-28,8.27,492
2013WALL03,Daniel Wallin,2024-07-06,8.23,493
2013WALL03,Daniel Wallin,2024-07-06,9.19,494
2013WALL03,Daniel Wallin,2024-07-19,7.48,495
2013WALL03,Daniel Wallin,2024-07-19,7.65,496
2013WALL03,Daniel Wallin,2024-07-19,9.03,497
2013WALL03,Daniel Wallin,2024-07-25,7.85,498
2013WALL03,Daniel Wallin,2024-07-25,8.1,499
2013WALL03,Daniel Wallin,2024-07-25,9.12,500
2013WALL03,Daniel Wallin,2024-08-19,8.3,501
2013WALL03,Daniel Wallin,2024-08-24,7.0,502
2013WALL03,Daniel Wallin,2024-08-24,7.35,503
2013WALL03,Daniel Wallin,2024-08-24,7.99,504
2013WALL03,Daniel Wallin,2024-08-27,9.64,505
2013WALL03,Daniel Wallin,2024-09-06,7.33,506
2013WALL03,Daniel Wallin,2024-09-06,7.9,507
2013WALL03,Daniel Wallin,2024-09-06,7.42,508
2013WALL03,Daniel Wallin,2024-09-24,8.07,509
2013WALL03,Daniel Wallin,2024-09-25,8.49,510
2013WALL03,Daniel Wallin,2024-09-29,7.26,511
2013WALL03,Daniel Wallin,2024-10-05,7.95,512
2013WALL03,Daniel Wallin,2024-10-05,8.35,513
2013WALL03,Daniel Wallin,2024-10-05,7.95,514
2013WALL03,Daniel Wallin,2024-10-08,8.05,515
2013WALL03,Daniel Wallin,2024-10-19,7.77,516
2013WALL03,Daniel Wallin,2024-10-19,7.94,517
2013WALL03,Daniel Wallin,2024-10-19,7.54,518
2013WALL03,Daniel Wallin,2024-10-26,6.93,519
2013WALL03,Daniel Wallin,2024-10-26,8.52,520
2013WALL03,Daniel Wallin,2024-10-26,8.81,521
2013WALL03,Daniel Wallin,2024-10-28,8.01,522
2013WALL03,Daniel Wallin,2024-10-31,8.88,523
2013WALL03,Daniel Wallin,2024-11-02,9.16,524
2013WALL03,Daniel Wallin,2024-11-02,8.41,525
2013WALL03,Daniel Wallin,2024-11-02,8.06,526
2013WALL03,Daniel Wallin,2024-11-08,7.84,527
2013WALL03,Daniel Wallin,2024-11-08,9.54,528
2013WALL03,Daniel Wallin,2024-11-08,7.67,529
2013WALL03,Daniel Wallin,2024-11-14,7.57,530
2013WALL03,Daniel Wallin,2024-11-16,8.51,531
2013WALL03,Daniel Wallin,2024-11-16,8.22,532
2013WALL03,Daniel Wallin,2024-11-16,8.21,533
2013WALL03,Daniel Wallin,2024-11-23,8.38,534
2013WALL03,Daniel Wallin,2024-11-23,9.18,535
2013WALL03,Daniel Wallin,2024-11-23,7.79,536
2013WALL03,Daniel Wallin,2024-11-25,7.26,537
2013WALL03,Daniel Wallin,2024-12-07,8.38,538
2013WALL03,Daniel Wallin,2024-12-07,7.91,539
2013WALL03,Daniel Wallin,2024-12-07,8.12,540
2013WALL03,Daniel Wallin,2024-12-14,8.72,541
2013WALL03,Daniel Wallin,2024-12-14,8.28,542
2013WALL03,Daniel Wallin,2024-12-16,8.0,543
2013WALL03,Daniel Wallin,2024-12-16,7.74,544
2013WALL03,Daniel Wallin,2024-12-19,7.89,545
2013WALL03,Daniel Wallin,2024-12-19,7.83,546
2013WALL03,Daniel Wallin,2024-12-27,7.54,547
2013WALL03,Daniel Wallin,2024-12-27,7.9,548
2013WALL03,Daniel Wallin,2024-12-27,8.39,549
2013WALL03,Daniel Wallin,2025-01-09,6.86,550
2013WALL03,Daniel Wallin,2025-01-16,8.7,551
2013WALL03,Daniel Wallin,2025-01-16,8.91,552
2013WALL03,Daniel Wallin,2025-01-18,8.14,553
2013WALL03,Daniel Wallin,2025-01-18,7.64,554
2013WALL03,Daniel Wallin,2025-01-18,7.65,555
2013WALL03,Daniel Wallin,2025-01-30,8.13,556
2013WALL03,Daniel Wallin,2025-02-15,9.05,557
2013WALL03,Daniel Wallin,2025-02-15,8.64,558
2013WALL03,Daniel Wallin,2025-02-15,7.58,559
2013WALL03,Daniel Wallin,2025-02-17,8.01,560
2013WALL03,Daniel Wallin,2025-02-17,9.79,561
2013WALL03,Daniel Wallin,2025-02-19,7.72,562
2013WALL03,Daniel Wallin,2025-02-22,8.3,563
2013WALL03,Daniel Wallin,2025-02-22,7.55,564
2013WALL03,Daniel Wallin,2025-02-22,7.18,565
2013WALL03,Daniel Wallin,2025-03-01,7.96,566
2013WALL03,Daniel Wallin,2025-03-01,8.27,567
2013WALL03,Daniel Wallin,2025-03-01,7.92,568
2013WALL03,Daniel Wallin,2025-03-18,8.85,569
2013WALL03,Daniel Wallin,2025-03-25,7.81,570
2013WALL03,Daniel Wallin,2025-03-25,7.81,571
2013WALL03,Daniel Wallin,2025-04-05,7.84,572
2013WALL03,Daniel Wallin,2025-04-05,6.87,573
2013WALL03,Daniel Wallin,2025-04-05,7.13,574
2013WALL03,Daniel Wallin,2025-04-06,7.82,575
2013WALL03,Daniel Wallin,2025-04-06,6.87,576
2013WALL03,Daniel Wallin,2025-04-12,8.58,577
2013WALL03,Daniel Wallin,2025-04-12,7.55,578
2013WALL03,Daniel Wallin,2025-04-17,10.32,579
2013WALL03,Daniel Wallin,2025-04-21,8.36,580
2013WALL03,Daniel Wallin,2025-04-21,9.07,581
2013WALL03,Daniel Wallin,2025-04-26,7.97,582
2013WALL03,Daniel Wallin,2025-04-26,6.82,583
2013WALL03,Daniel Wallin,2025-04-26,7.39,584
2013WALL03,Daniel Wallin,2025-05-01,7.39,585
2013WALL03,Daniel Wallin,2025-05-10,8.17,586
2013WALL03,Daniel Wallin,2025-05-10,7.52,587
2013WALL03,Daniel Wallin,2025-05-10,7.68,588
2013WALL03,Daniel Wallin,2025-05-15,8.87,589
2013WALL03,Daniel Wallin,2025-05-16,7.24,590
2013WALL03,Daniel Wallin,2025-05-16,6.91,591
2013WALL03,Daniel Wallin,2025-05-16,7.52,592
2013WALL03,Daniel Wallin,2025-05-22,8.38,593
2013WALL03,Daniel Wallin,2025-05-22,7.36,594
2013WALL03,Daniel Wallin,2025-06-06,7.58,595
2013WALL03,Daniel Wallin,2025-06-06,7.73,596
2013WALL03,Daniel Wallin,2025-06-06,7.31,597
2013WALL03,Daniel Wallin,2025-06-06,8.19,598
2013WALL03,Daniel Wallin,2025-06-16,7.75,599
2013WALL03,Daniel Wallin,2025-06-16,7.67,600
2013WALL03,Daniel Wallin,2025-06-17,8.13,601
2013WALL03,Daniel Wallin,2025-06-17,8.81,602
2013WALL03,Daniel Wallin,2025-06-22,8.51,603
2013WALL03,Daniel Wallin,2025-06-22,9.09,604
2013WALL03,Daniel Wallin,2025-06-22,7.59,605
2013WALL03,Daniel Wallin,2025-07-03,7.17,606
2013WALL03,Daniel Wallin,2025-07-03,9.29,607
2013WALL03,Daniel Wallin,2025-07-19,8.03,608
2013WALL03,Daniel Wallin,2025-07-19,7.73,609
2013WALL03,Daniel Wallin,2025-07-19,7.95,610
2013WALL03,Daniel Wallin,2025-08-21,8.72,611
2013WALL03,Daniel Wallin,2025-08-21,8.98,612
2013WALL03,Daniel Wallin,2025-08-29,8.85,613
2013WALL03,Daniel Wallin,2025-08-29,7.75,614
2013WALL03,Daniel Wallin,2025-08-29,8.01,615
2013WALL03,Daniel Wallin,2025-09-10,9.14,616
2013WALL03,Daniel Wallin,2025-09-11,7.98,617
2013WALL03,Daniel Wallin,2025-09-11,7.69,618
2013WALL03,Daniel Wallin,2025-09-27,8.02,619
2013WALL03,Daniel Wallin,2025-09-27,8.21,620
2013WALL03,Daniel Wallin,2025-09-27,8.84,621
2013WALL03,Daniel Wallin,2025-10-15,7.68,622
2013WALL03,Daniel Wallin,2025-10-15,8.22,623
2013WALL03,Daniel Wallin,2025-10-25,8.63,624
2013WALL03,Daniel Wallin,2025-10-25,8.25,625
2013WALL03,Daniel Wallin,2025-10-25,7.91,626
2013WALL03,Daniel Wallin,2025-10-29,8.49,627
2013WALL03,Daniel Wallin,2025-11-06,7.59,628
2013WALL03,Daniel Wallin,2025-11-06,7.64,629
2013WALL03,Daniel Wallin,2025-11-11,8.14,630
2013WALL03,Daniel Wallin,2025-11-15,7.7,631
2013WALL03,Daniel Wallin,2025-11-15,7.29,632
2013WALL03,Daniel Wallin,2025-11-15,7.45,633
2013WALL03,Daniel Wallin,2025-11-20,7.53,634
2013WALL03,Daniel Wallin,2025-11-29,7.75,635
2013WALL03,Daniel Wallin,2025-11-29,7.51,636
2013WALL03,Daniel Wallin,2025-11-29,7.13,637
2013WALL03,Daniel Wallin,2025-12-04,8.36,638
2013WALL03,Daniel Wallin,2025-12-04,8.85,639
2013WALL03,Daniel Wallin,2025-12-06,7.83,640
2013WALL03,Daniel Wallin,2025-12-06,7.6,641
2013WALL03,Daniel Wallin,2025-12-06,7.85,642
2013WALL03,Daniel Wallin,2025-12-13,8.87,643
2013WALL03,Daniel Wallin,2025-12-13,7.61,644
2013WALL03,Daniel Wallin,2025-12-13,7.76,645
2013WALL03,Daniel Wallin,2025-12-18,7.22,646
2013WALL03,Daniel Wallin,2025-12-18,7.88,647
2013WALL03,Daniel Wallin,2025-12-20,7.65,648
2013WALL03,Daniel Wallin,2025-12-20,7.55,649
2013WALL03,Daniel Wallin,2025-12-31,9.24,650
2013WALL03,Daniel Wallin,2025-12-31,9.66,651
2013WALL03,Daniel Wallin,2025-12-31,8.96,652
2013WALL03,Daniel Wallin,2026-01-02,9.21,653
2013WALL03,Daniel Wallin,2026-01-02,7.68,654
2013WALL03,Daniel Wallin,2026-01-02,8.18,655
2013WALL03,Daniel Wallin,2026-01-05,7.97,656
2013WALL03,Daniel Wallin,2026-01-05,8.2,657
2013WALL03,Daniel Wallin,2026-01-06,6.63,658
2013WALL03,Daniel Wallin,2026-01-10,8.7,659
2013WALL03,Daniel Wallin,2026-01-10,7.55,660
2013WALL03,Daniel Wallin,2026-01-10,8.13,661
2013WALL03,Daniel Wallin,2026-01-20,9.23,662
2013WALL03,Daniel Wallin,2026-01-23,8.87,663
2013WALL03,Daniel Wallin,2026-01-23,8.37,664
2013WALL03,Daniel Wallin,2026-01-23,8.26,665
2013WALL03,Daniel Wallin,2026-01-31,8.88,666
2013WALL03,Daniel Wallin,2026-01-31,7.58,667
2013WALL03,Daniel Wallin,2026-01-31,7.44,668
2013WALL03,Daniel Wallin,2026-02-07,8.68,669
2013WALL03,Daniel Wallin,2026-02-07,7.78,670
2013WALL03,Daniel Wallin,2026-02-07,7.99,671
2013WALL03,Daniel Wallin,2026-02-09,7.66,672
2013WALL03,Daniel Wallin,2026-02-09,7.48,673
2013WALL03,Daniel Wallin,2026-02-14,7.24,674
2013WALL03,Daniel Wallin,2026-02-14,7.92,675
2013WALL03,Daniel Wallin,2026-02-14,7.79,676
2013WALL03,Daniel Wallin,2026-02-17,7.32,677
2013WALL03,Daniel Wallin,2026-02-21,8.13,678
2013WALL03,Daniel Wallin,2026-02-21,7.87,679
2013WALL03,Daniel Wallin,2026-02-21,8.02,680
2013WALL03,Daniel Wallin,2026-03-06,7.45,681
2013WALL03,Daniel Wallin,2026-03-06,7.14,682
2013WALL03,Daniel Wallin,2026-03-06,7.58,683
2013WALL03,Daniel Wallin,2026-03-12,7.72,684
2013WALL03,Daniel Wallin,2026-03-12,8.75,685
2013WALL03,Daniel Wallin,2026-03-14,8.34,686
2013WALL03,Daniel Wallin,2026-03-14,7.65,687
2013WALL03,Daniel Wallin,2026-03-14,9.41,688
2013WALL03,Daniel Wallin,2026-03-19,9.42,689
2013WALL03,Daniel Wallin,2026-03-21,8.28,690
2013WALL03,Daniel Wallin,2026-03-21,8.6,691
2013WALL03,Daniel Wallin,2026-03-21,7.24,692
2013WALL03,Daniel Wallin,2026-04-02,8.39,693
2013WALL03,Daniel Wallin,2026-04-02,7.78,694
2013WALL03,Daniel Wallin,2026-04-11,7.19,695
2013WALL03,Daniel Wallin,2026-04-11,8.22,696
2013WALL03,Daniel Wallin,2026-04-11,7.39,697
2013WALL03,Daniel Wallin,2026-04-14,7.55,698
2013WALL03,Daniel Wallin,2026-04-17,7.39,699
2013WALL03,Daniel Wallin,2026-04-17,6.96,700
2013WALL03,Daniel Wallin,2026-04-17,7.8,701
2013WALL03,Daniel Wallin,2026-04-28,8.96,702
2013WALL03,Daniel Wallin,2026-05-01,8.42,703
2013WALL03,Daniel Wallin,2026-05-01,8.86,704
2013WALL03,Daniel Wallin,2026-05-01,7.41,705
2013WALL03,Daniel Wallin,2026-05-01,8.29,706
2013WALL03,Daniel Wallin,2026-05-09,8.4,707
2013WALL03,Daniel Wallin,2026-05-09,8.15,708
2013WALL03,Daniel Wallin,2026-05-09,10.36,709
2013WALL03,Daniel Wallin,2026-05-25,9.53,710
2013WALL03,Daniel Wallin,2026-05-25,8.0,711
2014PETE03,Tobias Peter,2014-05-10,39.72,1
2014PETE03,Tobias Peter,2014-10-11,20.2,2
2014PETE03,Tobias Peter,2014-10-11,19.02,3
2014PETE03,Tobias Peter,2015-02-21,17.36,4
2014PETE03,Tobias Peter,2015-02-21,18.01,5
2014PETE03,Tobias Peter,2015-03-29,16.03,6
2014PETE03,Tobias Peter,2015-03-29,14.58,7
2014PETE03,Tobias Peter,2015-04-18,14.45,8
2014PETE03,Tobias Peter,2015-04-18,14.19,9
2014PETE03,Tobias Peter,2015-05-10,13.53,10
2014PETE03,Tobias Peter,2015-05-10,14.99,11
2014PETE03,Tobias Peter,2015-05-10,14.02,12
2014PETE03,Tobias Peter,2015-05-30,13.86,13
2014PETE03,Tobias Peter,2015-05-30,14.93,14
2014PETE03,Tobias Peter,2015-07-17,13.25,15
2014PETE03,Tobias Peter,2015-07-17,13.34,16
2014PETE03,Tobias Peter,2015-07-24,15.88,17
2014PETE03,Tobias Peter,2015-07-24,14.73,18
2014PETE03,Tobias Peter,2015-09-05,14.29,19
2014PETE03,Tobias Peter,2015-09-05,15.24,20
2014PETE03,Tobias Peter,2015-09-26,13.69,21
2014PETE03,Tobias Peter,2015-09-26,14.44,22
2014PETE03,Tobias Peter,2015-09-26,13.83,23
2014PETE03,Tobias Peter,2015-10-10,14.16,24
2014PETE03,Tobias Peter,2015-10-10,13.27,25
2014PETE03,Tobias Peter,2015-10-10,14.2,26
2014PETE03,Tobias Peter,2015-11-13,11.69,27
2014PETE03,Tobias Peter,2015-11-13,12.95,28
2014PETE03,Tobias Peter,2015-11-13,14.03,29
2014PETE03,Tobias Peter,2015-11-21,13.38,30
2014PETE03,Tobias Peter,2015-11-21,16.97,31
2014PETE03,Tobias Peter,2015-12-05,13.92,32
2014PETE03,Tobias Peter,2015-12-05,12.51,33
2014PETE03,Tobias Peter,2016-01-16,14.15,34
2014PETE03,Tobias Peter,2016-01-16,14.85,35
2014PETE03,Tobias Peter,2016-01-16,14.26,36
2014PETE03,Tobias Peter,2016-01-30,13.93,37
2014PETE03,Tobias Peter,2016-01-30,15.56,38
2014PETE03,Tobias Peter,2016-01-30,14.04,39
2014PETE03,Tobias Peter,2016-04-02,13.2,40
2014PETE03,Tobias Peter,2016-04-02,13.03,41
2014PETE03,Tobias Peter,2016-04-02,13.05,42
2014PETE03,Tobias Peter,2016-04-16,13.64,43
2014PETE03,Tobias Peter,2016-04-16,12.74,44
2014PETE03,Tobias Peter,2016-04-16,15.17,45
2014PETE03,Tobias Peter,2016-05-14,13.06,46
2014PETE03,Tobias Peter,2016-05-14,13.66,47
2014PETE03,Tobias Peter,2016-05-14,14.39,48
2014PETE03,Tobias Peter,2016-05-21,13.02,49
2014PETE03,Tobias Peter,2016-05-21,11.8,50
2014PETE03,Tobias Peter,2016-05-21,13.08,51
2014PETE03,Tobias Peter,2016-07-09,13.04,52
2014PETE03,Tobias Peter,2016-07-09,12.08,53
2014PETE03,Tobias Peter,2016-07-09,13.27,54
2014PETE03,Tobias Peter,2016-07-15,13.06,55
2014PETE03,Tobias Peter,2016-08-13,11.29,56
2014PETE03,Tobias Peter,2016-08-13,11.91,57
2014PETE03,Tobias Peter,2016-08-13,13.07,58
2014PETE03,Tobias Peter,2016-09-03,12.98,59
2014PETE03,Tobias Peter,2016-09-03,12.46,60
2014PETE03,Tobias Peter,2016-09-03,12.58,61
2014PETE03,Tobias Peter,2016-10-08,12.88,62
2014PETE03,Tobias Peter,2016-10-08,11.98,63
2014PETE03,Tobias Peter,2016-10-08,12.59,64
2014PETE03,Tobias Peter,2016-10-15,12.75,65
2014PETE03,Tobias Peter,2016-10-15,11.43,66
2014PETE03,Tobias Peter,2016-10-15,11.6,67
2014PETE03,Tobias Peter,2016-11-05,13.12,68
2014PETE03,Tobias Peter,2016-11-05,12.13,69
2014PETE03,Tobias Peter,2016-11-05,11.15,70
2014PETE03,Tobias Peter,2016-11-12,12.42,71
2014PETE03,Tobias Peter,2016-11-12,12.22,72
2014PETE03,Tobias Peter,2016-11-12,11.96,73
2014PETE03,Tobias Peter,2016-12-03,11.49,74
2014PETE03,Tobias Peter,2016-12-03,12.38,75
2014PETE03,Tobias Peter,2016-12-03,11.29,76
2014PETE03,Tobias Peter,2016-12-10,12.53,77
2014PETE03,Tobias Peter,2016-12-10,12.57,78
2014PETE03,Tobias Peter,2017-01-28,12.29,79
2014PETE03,Tobias Peter,2017-01-28,11.62,80
2014PETE03,Tobias Peter,2017-01-28,12.47,81
2014PETE03,Tobias Peter,2017-02-04,10.98,82
2014PETE03,Tobias Peter,2017-02-04,11.56,83
2014PETE03,Tobias Peter,2017-03-04,12.5,84
2014PETE03,Tobias Peter,2017-03-04,11.42,85
2014PETE03,Tobias Peter,2017-03-04,10.14,86
2014PETE03,Tobias Peter,2017-03-11,13.51,87
2014PETE03,Tobias Peter,2017-04-01,11.78,88
2014PETE03,Tobias Peter,2017-04-01,11.26,89
2014PETE03,Tobias Peter,2017-04-01,11.35,90
2014PETE03,Tobias Peter,2017-04-29,12.03,91
2014PETE03,Tobias Peter,2017-04-29,11.84,92
2014PETE03,Tobias Peter,2017-04-29,12.37,93
2014PETE03,Tobias Peter,2017-05-06,11.28,94
2014PETE03,Tobias Peter,2017-05-06,11.13,95
2014PETE03,Tobias Peter,2017-05-06,12.0,96
2014PETE03,Tobias Peter,2017-05-13,11.97,97
2014PETE03,Tobias Peter,2017-05-13,11.99,98
2014PETE03,Tobias Peter,2017-06-10,12.51,99
2014PETE03,Tobias Peter,2017-06-10,10.88,100
2014PETE03,Tobias Peter,2017-06-10,11.18,101
2014PETE03,Tobias Peter,2017-07-08,10.74,102
2014PETE03,Tobias Peter,2017-07-08,10.89,103
2014PETE03,Tobias Peter,2017-07-13,11.97,104
2014PETE03,Tobias Peter,2017-07-13,12.08,105
2014PETE03,Tobias Peter,2017-07-21,11.61,106
2014PETE03,Tobias Peter,2017-07-21,12.4,107
2014PETE03,Tobias Peter,2017-08-19,10.77,108
2014PETE03,Tobias Peter,2017-08-19,12.41,109
2014PETE03,Tobias Peter,2017-08-19,10.59,110
2014PETE03,Tobias Peter,2017-08-26,11.06,111
2014PETE03,Tobias Peter,2017-08-26,10.82,112
2014PETE03,Tobias Peter,2017-09-01,10.96,113
2014PETE03,Tobias Peter,2017-09-01,11.52,114
2014PETE03,Tobias Peter,2017-09-01,11.09,115
2014PETE03,Tobias Peter,2017-09-16,11.76,116
2014PETE03,Tobias Peter,2017-09-16,10.92,117
2014PETE03,Tobias Peter,2017-09-16,10.99,118
2014PETE03,Tobias Peter,2017-09-22,10.72,119
2014PETE03,Tobias Peter,2017-09-22,10.65,120
2014PETE03,Tobias Peter,2017-09-22,10.96,121
2014PETE03,Tobias Peter,2017-10-07,11.27,122
2014PETE03,Tobias Peter,2017-10-07,10.43,123
2014PETE03,Tobias Peter,2017-10-14,11.11,124
2014PETE03,Tobias Peter,2017-10-14,12.8,125
2014PETE03,Tobias Peter,2017-10-14,10.23,126
2014PETE03,Tobias Peter,2017-10-28,11.23,127
2014PETE03,Tobias Peter,2017-10-28,10.25,128
2014PETE03,Tobias Peter,2017-10-28,11.63,129
2014PETE03,Tobias Peter,2017-11-04,12.33,130
2014PETE03,Tobias Peter,2017-11-04,11.3,131
2014PETE03,Tobias Peter,2017-11-04,9.95,132
2014PETE03,Tobias Peter,2017-11-04,10.51,133
2014PETE03,Tobias Peter,2017-11-11,12.06,134
2014PETE03,Tobias Peter,2017-11-11,11.85,135
2014PETE03,Tobias Peter,2017-11-25,10.97,136
2014PETE03,Tobias Peter,2017-11-25,10.1,137
2014PETE03,Tobias Peter,2017-12-02,11.09,138
2014PETE03,Tobias Peter,2017-12-02,10.42,139
2014PETE03,Tobias Peter,2017-12-02,10.62,140
2014PETE03,Tobias Peter,2017-12-16,11.64,141
2014PETE03,Tobias Peter,2017-12-16,11.67,142
2014PETE03,Tobias Peter,2018-01-13,11.09,143
2014PETE03,Tobias Peter,2018-01-13,11.14,144
2014PETE03,Tobias Peter,2018-01-13,10.76,145
2014PETE03,Tobias Peter,2018-01-20,10.63,146
2014PETE03,Tobias Peter,2018-01-20,11.07,147
2014PETE03,Tobias Peter,2018-01-20,11.33,148
2014PETE03,Tobias Peter,2018-01-27,11.43,149
2014PETE03,Tobias Peter,2018-01-27,10.71,150
2014PETE03,Tobias Peter,2018-01-27,11.04,151
2014PETE03,Tobias Peter,2018-02-10,10.4,152
2014PETE03,Tobias Peter,2018-02-10,10.87,153
2014PETE03,Tobias Peter,2018-02-10,11.31,154
2014PETE03,Tobias Peter,2018-02-17,11.67,155
2014PETE03,Tobias Peter,2018-02-17,9.61,156
2014PETE03,Tobias Peter,2018-02-17,11.25,157
2014PETE03,Tobias Peter,2018-03-03,11.56,158
2014PETE03,Tobias Peter,2018-03-03,11.2,159
2014PETE03,Tobias Peter,2018-03-03,12.38,160
2014PETE03,Tobias Peter,2018-03-25,10.19,161
2014PETE03,Tobias Peter,2018-03-25,10.22,162
2014PETE03,Tobias Peter,2018-03-25,10.7,163
2014PETE03,Tobias Peter,2018-03-31,10.11,164
2014PETE03,Tobias Peter,2018-03-31,9.81,165
2014PETE03,Tobias Peter,2018-03-31,10.96,166
2014PETE03,Tobias Peter,2018-04-06,10.44,167
2014PETE03,Tobias Peter,2018-04-06,10.55,168
2014PETE03,Tobias Peter,2018-04-06,10.27,169
2014PETE03,Tobias Peter,2018-04-06,10.6,170
2014PETE03,Tobias Peter,2018-04-14,10.75,171
2014PETE03,Tobias Peter,2018-04-14,10.22,172
2014PETE03,Tobias Peter,2018-04-14,10.65,173
2014PETE03,Tobias Peter,2018-04-15,9.91,174
2014PETE03,Tobias Peter,2018-04-15,9.84,175
2014PETE03,Tobias Peter,2018-04-15,9.74,176
2014PETE03,Tobias Peter,2018-04-28,9.95,177
2014PETE03,Tobias Peter,2018-04-28,10.21,178
2014PETE03,Tobias Peter,2018-04-28,10.54,179
2014PETE03,Tobias Peter,2018-05-05,10.27,180
2014PETE03,Tobias Peter,2018-05-05,11.15,181
2014PETE03,Tobias Peter,2018-05-05,12.22,182
2014PETE03,Tobias Peter,2018-05-12,11.63,183
2014PETE03,Tobias Peter,2018-05-12,11.34,184
2014PETE03,Tobias Peter,2018-05-12,12.2,185
2014PETE03,Tobias Peter,2018-05-25,10.32,186
2014PETE03,Tobias Peter,2018-05-25,10.98,187
2014PETE03,Tobias Peter,2018-06-02,10.74,188
2014PETE03,Tobias Peter,2018-06-02,9.36,189
2014PETE03,Tobias Peter,2018-06-02,10.62,190
2014PETE03,Tobias Peter,2018-06-09,10.57,191
2014PETE03,Tobias Peter,2018-06-09,10.52,192
2014PETE03,Tobias Peter,2018-06-09,10.17,193
2014PETE03,Tobias Peter,2018-06-15,10.02,194
2014PETE03,Tobias Peter,2018-06-23,10.87,195
2014PETE03,Tobias Peter,2018-06-23,9.5,196
2014PETE03,Tobias Peter,2018-06-23,11.47,197
2014PETE03,Tobias Peter,2018-07-07,10.31,198
2014PETE03,Tobias Peter,2018-07-07,9.79,199
2014PETE03,Tobias Peter,2018-07-07,11.26,200
2014PETE03,Tobias Peter,2018-07-19,10.78,201
2014PETE03,Tobias Peter,2018-07-19,10.34,202
2014PETE03,Tobias Peter,2018-07-19,9.85,203
2014PETE03,Tobias Peter,2018-08-04,12.42,204
2014PETE03,Tobias Peter,2018-08-04,10.29,205
2014PETE03,Tobias Peter,2018-08-04,10.95,206
2014PETE03,Tobias Peter,2018-08-25,10.11,207
2014PETE03,Tobias Peter,2018-08-25,11.52,208
2014PETE03,Tobias Peter,2018-09-01,10.37,209
2014PETE03,Tobias Peter,2018-09-01,9.39,210
2014PETE03,Tobias Peter,2018-09-01,10.19,211
2014PETE03,Tobias Peter,2018-09-07,11.08,212
2014PETE03,Tobias Peter,2018-09-07,11.02,213
2014PETE03,Tobias Peter,2018-09-07,10.52,214
2014PETE03,Tobias Peter,2018-09-21,10.58,215
2014PETE03,Tobias Peter,2018-09-21,10.85,216
2014PETE03,Tobias Peter,2018-09-21,10.46,217
2014PETE03,Tobias Peter,2018-10-06,11.04,218
2014PETE03,Tobias Peter,2018-10-06,10.1,219
2014PETE03,Tobias Peter,2018-10-06,10.3,220
2014PETE03,Tobias Peter,2018-10-13,9.97,221
2014PETE03,Tobias Peter,2018-10-13,9.85,222
2014PETE03,Tobias Peter,2018-10-13,11.52,223
2014PETE03,Tobias Peter,2018-10-27,11.82,224
2014PETE03,Tobias Peter,2018-10-27,10.21,225
2014PETE03,Tobias Peter,2018-10-27,11.12,226
2014PETE03,Tobias Peter,2018-11-03,10.31,227
2014PETE03,Tobias Peter,2018-11-03,11.16,228
2014PETE03,Tobias Peter,2018-11-03,9.49,229
2014PETE03,Tobias Peter,2018-11-10,10.28,230
2014PETE03,Tobias Peter,2018-11-10,11.67,231
2014PETE03,Tobias Peter,2018-11-10,10.48,232
2014PETE03,Tobias Peter,2018-11-17,12.33,233
2014PETE03,Tobias Peter,2018-11-17,9.26,234
2014PETE03,Tobias Peter,2018-11-17,9.17,235
2014PETE03,Tobias Peter,2018-12-08,10.11,236
2014PETE03,Tobias Peter,2018-12-08,10.87,237
2014PETE03,Tobias Peter,2018-12-15,10.19,238
2014PETE03,Tobias Peter,2018-12-15,10.96,239
2014PETE03,Tobias Peter,2018-12-15,10.97,240
2014PETE03,Tobias Peter,2019-01-05,10.14,241
2014PETE03,Tobias Peter,2019-01-05,10.62,242
2014PETE03,Tobias Peter,2019-01-05,11.01,243
2014PETE03,Tobias Peter,2019-01-19,11.61,244
2014PETE03,Tobias Peter,2019-01-19,10.64,245
2014PETE03,Tobias Peter,2019-01-19,11.77,246
2014PETE03,Tobias Peter,2019-02-02,9.82,247
2014PETE03,Tobias Peter,2019-02-02,9.37,248
2014PETE03,Tobias Peter,2019-02-02,9.36,249
2014PETE03,Tobias Peter,2019-02-09,9.4,250
2014PETE03,Tobias Peter,2019-02-09,9.83,251
2014PETE03,Tobias Peter,2019-02-09,12.5,252
2014PETE03,Tobias Peter,2019-02-16,10.77,253
2014PETE03,Tobias Peter,2019-02-16,10.68,254
2014PETE03,Tobias Peter,2019-02-16,10.55,255
2014PETE03,Tobias Peter,2019-03-02,10.54,256
2014PETE03,Tobias Peter,2019-03-02,9.61,257
2014PETE03,Tobias Peter,2019-03-02,10.5,258
2014PETE03,Tobias Peter,2019-03-30,10.09,259
2014PETE03,Tobias Peter,2019-03-30,10.85,260
2014PETE03,Tobias Peter,2019-03-30,9.83,261
2014PETE03,Tobias Peter,2019-04-06,10.11,262
2014PETE03,Tobias Peter,2019-04-06,9.92,263
2014PETE03,Tobias Peter,2019-04-13,10.53,264
2014PETE03,Tobias Peter,2019-04-13,9.51,265
2014PETE03,Tobias Peter,2019-04-13,10.63,266
2014PETE03,Tobias Peter,2019-04-27,10.24,267
2014PETE03,Tobias Peter,2019-04-27,9.73,268
2014PETE03,Tobias Peter,2019-04-27,9.89,269
2014PETE03,Tobias Peter,2019-05-04,10.86,270
2014PETE03,Tobias Peter,2019-05-04,9.96,271
2014PETE03,Tobias Peter,2019-05-04,9.95,272
2014PETE03,Tobias Peter,2019-05-18,9.97,273
2014PETE03,Tobias Peter,2019-05-18,9.87,274
2014PETE03,Tobias Peter,2019-05-18,9.44,275
2014PETE03,Tobias Peter,2019-05-24,11.56,276
2014PETE03,Tobias Peter,2019-05-24,9.61,277
2014PETE03,Tobias Peter,2019-05-24,10.17,278
2014PETE03,Tobias Peter,2019-06-01,9.41,279
2014PETE03,Tobias Peter,2019-06-01,11.4,280
2014PETE03,Tobias Peter,2019-06-08,10.78,281
2014PETE03,Tobias Peter,2019-06-08,9.84,282
2014PETE03,Tobias Peter,2019-06-08,11.26,283
2014PETE03,Tobias Peter,2019-06-15,10.49,284
2014PETE03,Tobias Peter,2019-06-15,10.91,285
2014PETE03,Tobias Peter,2019-06-15,11.12,286
2014PETE03,Tobias Peter,2019-06-22,9.67,287
2014PETE03,Tobias Peter,2019-06-22,11.41,288
2014PETE03,Tobias Peter,2019-06-22,9.94,289
2014PETE03,Tobias Peter,2019-06-29,13.84,290
2014PETE03,Tobias Peter,2019-06-29,12.23,291
2014PETE03,Tobias Peter,2019-08-02,10.71,292
2014PETE03,Tobias Peter,2019-08-02,10.74,293
2014PETE03,Tobias Peter,2019-08-02,11.6,294
2014PETE03,Tobias Peter,2019-08-10,10.06,295
2014PETE03,Tobias Peter,2019-08-10,10.96,296
2014PETE03,Tobias Peter,2019-08-10,10.53,297
2014PETE03,Tobias Peter,2019-08-24,11.05,298
2014PETE03,Tobias Peter,2019-08-24,10.84,299
2014PETE03,Tobias Peter,2019-08-24,9.98,300
2014PETE03,Tobias Peter,2019-09-07,10.68,301
2014PETE03,Tobias Peter,2019-09-07,10.42,302
2014PETE03,Tobias Peter,2019-09-07,10.18,303
2014PETE03,Tobias Peter,2019-09-28,11.21,304
2014PETE03,Tobias Peter,2019-09-28,10.45,305
2014PETE03,Tobias Peter,2019-09-28,10.56,306
2014PETE03,Tobias Peter,2019-10-19,10.34,307
2014PETE03,Tobias Peter,2019-10-19,9.41,308
2014PETE03,Tobias Peter,2019-10-19,10.62,309
2014PETE03,Tobias Peter,2019-10-26,10.83,310
2014PETE03,Tobias Peter,2019-10-26,10.24,311
2014PETE03,Tobias Peter,2019-10-26,12.6,312
2014PETE03,Tobias Peter,2019-11-02,10.32,313
2014PETE03,Tobias Peter,2019-11-02,10.51,314
2014PETE03,Tobias Peter,2019-11-02,11.57,315
2014PETE03,Tobias Peter,2019-11-09,11.47,316
2014PETE03,Tobias Peter,2019-11-09,10.27,317
2014PETE03,Tobias Peter,2019-11-09,9.9,318
2014PETE03,Tobias Peter,2019-11-23,10.2,319
2014PETE03,Tobias Peter,2019-11-23,9.91,320
2014PETE03,Tobias Peter,2019-12-07,9.97,321
2014PETE03,Tobias Peter,2019-12-14,9.84,322
2014PETE03,Tobias Peter,2019-12-14,11.32,323
2014PETE03,Tobias Peter,2019-12-14,10.51,324
2014PETE03,Tobias Peter,2020-01-04,10.33,325
2014PETE03,Tobias Peter,2020-01-04,10.65,326
2014PETE03,Tobias Peter,2020-01-04,10.43,327
2014PETE03,Tobias Peter,2020-02-15,9.88,328
2014PETE03,Tobias Peter,2020-02-15,10.33,329
2014PETE03,Tobias Peter,2020-02-15,11.52,330
2014PETE03,Tobias Peter,2020-02-22,10.71,331
2014PETE03,Tobias Peter,2020-02-22,10.43,332
2014PETE03,Tobias Peter,2020-02-22,10.62,333
2014PETE03,Tobias Peter,2020-03-07,10.79,334
2014PETE03,Tobias Peter,2020-03-07,13.01,335
2014PETE03,Tobias Peter,2020-08-22,12.07,336
2014PETE03,Tobias Peter,2020-08-22,9.27,337
2014PETE03,Tobias Peter,2020-08-22,11.91,338
2014PETE03,Tobias Peter,2021-08-15,10.26,339
2014PETE03,Tobias Peter,2021-08-15,10.59,340
2014PETE03,Tobias Peter,2021-08-15,9.76,341
2014PETE03,Tobias Peter,2021-11-07,9.71,342
2014PETE03,Tobias Peter,2021-11-07,11.48,343
2014PETE03,Tobias Peter,2022-03-19,11.47,344
2014PETE03,Tobias Peter,2022-03-19,11.35,345
2014PETE03,Tobias Peter,2022-04-09,12.56,346
2014PETE03,Tobias Peter,2022-04-09,10.94,347
2014PETE03,Tobias Peter,2022-04-15,10.14,348
2014PETE03,Tobias Peter,2022-04-15,9.73,349
2014PETE03,Tobias Peter,2022-04-15,10.66,350
2014PETE03,Tobias Peter,2022-05-21,11.14,351
2014PETE03,Tobias Peter,2022-05-21,10.0,352
2014PETE03,Tobias Peter,2022-05-21,10.95,353
2014PETE03,Tobias Peter,2022-07-02,10.13,354
2014PETE03,Tobias Peter,2022-07-02,10.94,355
2014PETE03,Tobias Peter,2022-07-02,10.7,356
2014PETE03,Tobias Peter,2022-08-20,10.42,357
2014PETE03,Tobias Peter,2022-08-20,10.15,358
2014PETE03,Tobias Peter,2022-08-20,10.25,359
2014PETE03,Tobias Peter,2022-09-09,9.75,360
2014PETE03,Tobias Peter,2022-09-09,10.99,361
2014PETE03,Tobias Peter,2022-09-24,10.36,362
2014PETE03,Tobias Peter,2022-09-24,12.82,363
2014PETE03,Tobias Peter,2022-09-24,10.33,364
2014PETE03,Tobias Peter,2022-10-08,11.41,365
2014PETE03,Tobias Peter,2022-10-08,9.65,366
2014PETE03,Tobias Peter,2022-10-08,10.19,367
2014PETE03,Tobias Peter,2022-11-05,9.76,368
2014PETE03,Tobias Peter,2022-11-05,9.46,369
2014PETE03,Tobias Peter,2022-11-05,9.4,370
2014PETE03,Tobias Peter,2022-12-03,10.05,371
2014PETE03,Tobias Peter,2022-12-31,10.53,372
2014PETE03,Tobias Peter,2022-12-31,11.79,373
2014PETE03,Tobias Peter,2023-01-14,10.29,374
2014PETE03,Tobias Peter,2023-01-14,10.79,375
2014PETE03,Tobias Peter,2023-02-04,11.08,376
2014PETE03,Tobias Peter,2023-02-04,10.46,377
2014PETE03,Tobias Peter,2023-02-04,10.46,378
2014PETE03,Tobias Peter,2023-03-18,11.11,379
2014PETE03,Tobias Peter,2023-03-18,9.42,380
2014PETE03,Tobias Peter,2023-03-18,9.48,381
2014PETE03,Tobias Peter,2023-04-01,10.27,382
2014PETE03,Tobias Peter,2023-04-01,8.43,383
2014PETE03,Tobias Peter,2023-04-01,11.19,384
2014PETE03,Tobias Peter,2023-04-08,11.71,385
2014PETE03,Tobias Peter,2023-04-08,9.52,386
2014PETE03,Tobias Peter,2023-04-15,9.23,387
2014PETE03,Tobias Peter,2023-04-15,10.34,388
2014PETE03,Tobias Peter,2023-04-15,9.95,389
2014PETE03,Tobias Peter,2023-04-22,9.86,390
2014PETE03,Tobias Peter,2023-04-22,9.02,391
2014PETE03,Tobias Peter,2023-05-27,10.28,392
2014PETE03,Tobias Peter,2023-05-27,11.7,393
2014PETE03,Tobias Peter,2023-06-24,9.99,394
2014PETE03,Tobias Peter,2023-06-24,13.87,395
2014PETE03,Tobias Peter,2023-07-22,10.12,396
2014PETE03,Tobias Peter,2023-07-22,11.19,397
2014PETE03,Tobias Peter,2023-08-12,9.23,398
2014PETE03,Tobias Peter,2023-08-12,10.37,399
2014PETE03,Tobias Peter,2023-09-23,10.28,400
2014PETE03,Tobias Peter,2023-09-23,9.13,401
2014PETE03,Tobias Peter,2023-09-23,10.2,402
2014PETE03,Tobias Peter,2023-09-30,13.38,403
2014PETE03,Tobias Peter,2023-10-28,9.72,404
2014PETE03,Tobias Peter,2023-10-28,10.03,405
2014PETE03,Tobias Peter,2023-10-28,10.49,406
2014PETE03,Tobias Peter,2023-11-03,10.36,407
2014PETE03,Tobias Peter,2023-11-03,9.67,408
2014PETE03,Tobias Peter,2023-11-03,9.41,409
2014PETE03,Tobias Peter,2023-11-03,9.81,410
2014PETE03,Tobias Peter,2023-11-11,9.46,411
2014PETE03,Tobias Peter,2023-11-11,11.05,412
2014PETE03,Tobias Peter,2023-11-11,11.54,413
2014PETE03,Tobias Peter,2023-12-08,11.17,414
2014PETE03,Tobias Peter,2023-12-08,11.7,415
2014PETE03,Tobias Peter,2023-12-08,11.76,416
2014PETE03,Tobias Peter,2023-12-16,9.57,417
2014PETE03,Tobias Peter,2023-12-16,9.63,418
2014PETE03,Tobias Peter,2023-12-16,9.54,419
2014PETE03,Tobias Peter,2023-12-30,11.27,420
2014PETE03,Tobias Peter,2023-12-30,9.77,421
2014PETE03,Tobias Peter,2023-12-30,10.1,422
2014PETE03,Tobias Peter,2024-01-13,10.64,423
2014PETE03,Tobias Peter,2024-01-13,10.93,424
2014PETE03,Tobias Peter,2024-01-13,10.42,425
2014PETE03,Tobias Peter,2024-03-02,9.97,426
2014PETE03,Tobias Peter,2024-03-02,11.98,427
2014PETE03,Tobias Peter,2024-03-02,11.11,428
2014PETE03,Tobias Peter,2024-03-24,10.95,429
2014PETE03,Tobias Peter,2024-03-24,10.35,430
2014PETE03,Tobias Peter,2024-03-30,9.84,431
2014PETE03,Tobias Peter,2024-03-30,11.33,432
2014PETE03,Tobias Peter,2024-04-20,10.58,433
2014PETE03,Tobias Peter,2024-04-20,9.92,434
2014PETE03,Tobias Peter,2024-05-04,10.58,435
2014PETE03,Tobias Peter,2024-05-04,9.85,436
2014PETE03,Tobias Peter,2024-05-04,10.11,437
2014PETE03,Tobias Peter,2024-06-01,9.9,438
2014PETE03,Tobias Peter,2024-06-01,9.9,439
2014PETE03,Tobias Peter,2024-06-01,10.04,440
2014PETE03,Tobias Peter,2024-06-08,11.24,441
2014PETE03,Tobias Peter,2024-06-08,10.72,442
2014PETE03,Tobias Peter,2024-06-08,10.27,443
2014PETE03,Tobias Peter,2024-06-08,9.81,444
2014PETE03,Tobias Peter,2024-06-29,10.04,445
2014PETE03,Tobias Peter,2024-06-29,9.83,446
2014PETE03,Tobias Peter,2024-06-29,9.77,447
2014PETE03,Tobias Peter,2024-07-25,9.06,448
2014PETE03,Tobias Peter,2024-07-25,9.58,449
2014PETE03,Tobias Peter,2024-08-31,9.63,450
2014PETE03,Tobias Peter,2024-08-31,10.18,451
2014PETE03,Tobias Peter,2024-08-31,10.24,452
2014PETE03,Tobias Peter,2024-09-21,10.17,453
2014PETE03,Tobias Peter,2024-09-21,9.7,454
2014PETE03,Tobias Peter,2024-09-21,10.42,455
2014PETE03,Tobias Peter,2024-10-04,10.92,456
2014PETE03,Tobias Peter,2024-10-04,10.34,457
2014PETE03,Tobias Peter,2024-10-04,11.03,458
2014PETE03,Tobias Peter,2024-10-19,11.43,459
2014PETE03,Tobias Peter,2024-10-26,10.87,460
2014PETE03,Tobias Peter,2024-10-26,10.88,461
2014PETE03,Tobias Peter,2024-10-26,10.32,462
2014PETE03,Tobias Peter,2024-11-09,9.58,463
2014PETE03,Tobias Peter,2024-11-09,9.43,464
2014PETE03,Tobias Peter,2024-11-09,11.46,465
2014PETE03,Tobias Peter,2024-12-07,10.76,466
2014PETE03,Tobias Peter,2024-12-07,10.21,467
2014PETE03,Tobias Peter,2024-12-07,9.49,468
2014PETE03,Tobias Peter,2024-12-14,9.38,469
2014PETE03,Tobias Peter,2024-12-31,11.31,470
2014PETE03,Tobias Peter,2024-12-31,9.53,471
2014PETE03,Tobias Peter,2025-01-11,9.53,472
2014PETE03,Tobias Peter,2025-01-11,9.66,473
2014PETE03,Tobias Peter,2025-01-11,9.12,474
2014PETE03,Tobias Peter,2025-01-25,9.89,475
2014PETE03,Tobias Peter,2025-01-25,9.47,476
2014PETE03,Tobias Peter,2025-03-02,11.27,477
2014PETE03,Tobias Peter,2025-03-02,8.96,478
2014PETE03,Tobias Peter,2025-03-02,9.55,479
2014PETE03,Tobias Peter,2025-03-16,10.1,480
2014PETE03,Tobias Peter,2025-03-23,8.96,481
2014PETE03,Tobias Peter,2025-03-23,10.51,482
2014PETE03,Tobias Peter,2025-05-03,8.97,483
2014PETE03,Tobias Peter,2025-05-03,10.07,484
2014PETE03,Tobias Peter,2025-05-24,9.34,485
2014PETE03,Tobias Peter,2025-05-24,9.63,486
2014PETE03,Tobias Peter,2025-05-24,8.82,487
2014PETE03,Tobias Peter,2025-06-07,8.89,488
2014PETE03,Tobias Peter,2025-06-07,8.58,489
2014PETE03,Tobias Peter,2025-06-07,9.93,490
2014PETE03,Tobias Peter,2025-06-07,9.05,491
2014PETE03,Tobias Peter,2025-06-21,10.37,492
2014PETE03,Tobias Peter,2025-06-21,9.63,493
2014PETE03,Tobias Peter,2025-06-21,10.04,494
2014PETE03,Tobias Peter,2025-07-03,9.18,495
2014PETE03,Tobias Peter,2025-07-03,9.52,496
2014PETE03,Tobias Peter,2025-08-10,8.58,497
2014PETE03,Tobias Peter,2025-08-23,9.79,498
2014PETE03,Tobias Peter,2025-08-23,10.03,499
2014PETE03,Tobias Peter,2025-08-30,9.95,500
2014PETE03,Tobias Peter,2025-08-30,10.07,501
2014PETE03,Tobias Peter,2025-08-30,9.26,502
2014PETE03,Tobias Peter,2025-09-06,10.13,503
2014PETE03,Tobias Peter,2025-09-06,10.66,504
2014PETE03,Tobias Peter,2025-09-06,9.48,505
2014PETE03,Tobias Peter,2025-09-20,9.7,506
2014PETE03,Tobias Peter,2025-09-20,9.32,507
2014PETE03,Tobias Peter,2025-09-20,10.68,508
2014PETE03,Tobias Peter,2025-09-27,10.98,509
2014PETE03,Tobias Peter,2025-09-27,9.86,510
2014PETE03,Tobias Peter,2025-09-27,9.17,511
2014PETE03,Tobias Peter,2025-10-04,11.16,512
2014PETE03,Tobias Peter,2025-10-04,9.99,513
2014PETE03,Tobias Peter,2025-10-11,9.64,514
2014PETE03,Tobias Peter,2025-10-11,10.02,515
2014PETE03,Tobias Peter,2025-10-11,9.18,516
2014PETE03,Tobias Peter,2025-10-25,10.86,517
2014PETE03,Tobias Peter,2025-10-25,9.58,518
2014PETE03,Tobias Peter,2025-10-25,9.78,519
2014PETE03,Tobias Peter,2025-11-15,9.71,520
2014PETE03,Tobias Peter,2025-11-15,8.82,521
2014PETE03,Tobias Peter,2025-11-15,10.41,522
2014PETE03,Tobias Peter,2025-11-22,9.28,523
2014PETE03,Tobias Peter,2025-11-22,8.42,524
2014PETE03,Tobias Peter,2025-11-22,8.91,525
2014PETE03,Tobias Peter,2025-12-06,10.12,526
2014PETE03,Tobias Peter,2025-12-31,10.18,527
2014PETE03,Tobias Peter,2025-12-31,9.52,528
2014PETE03,Tobias Peter,2025-12-31,10.31,529
2014PETE03,Tobias Peter,2026-01-02,10.45,530
2014PETE03,Tobias Peter,2026-01-02,9.43,531
2014PETE03,Tobias Peter,2026-01-02,9.86,532
2014PETE03,Tobias Peter,2026-01-31,10.32,533
2014PETE03,Tobias Peter,2026-01-31,8.93,534
2014PETE03,Tobias Peter,2026-02-21,10.06,535
2014PETE03,Tobias Peter,2026-02-21,9.44,536
2014PETE03,Tobias Peter,2026-03-21,12.36,537
2014PETE03,Tobias Peter,2026-03-21,9.6,538
2014PETE03,Tobias Peter,2026-03-21,10.72,539
2014PETE03,Tobias Peter,2026-03-29,9.95,540
2014PETE03,Tobias Peter,2026-04-11,9.52,541
2014PETE03,Tobias Peter,2026-04-11,10.23,542
2014PETE03,Tobias Peter,2026-04-18,10.87,543
2014PETE03,Tobias Peter,2026-04-18,10.01,544
2014PETE03,Tobias Peter,2026-04-18,11.25,545
2014PETE03,Tobias Peter,2026-04-25,10.15,546
2014PETE03,Tobias Peter,2026-04-25,11.0,547
2014PETE03,Tobias Peter,2026-04-25,9.2,548
2014PETE03,Tobias Peter,2026-05-01,11.07,549
2014PETE03,Tobias Peter,2026-05-01,10.18,550
2014PETE03,Tobias Peter,2026-05-01,11.22,551
2014PETE03,Tobias Peter,2026-05-09,10.04,552
2014PETE03,Tobias Peter,2026-05-09,9.23,553
2014PETE03,Tobias Peter,2026-05-09,8.87,554
2014PETE03,Tobias Peter,2026-05-23,10.54,555
2014PETE03,Tobias Peter,2026-05-23,9.36,556
2014SEBA01,Juliette Sébastien,2014-05-10,36.11,1
2014SEBA01,Juliette Sébastien,2015-04-18,13.58,2
2014SEBA01,Juliette Sébastien,2015-04-18,14.78,3
2014SEBA01,Juliette Sébastien,2015-07-04,12.59,4
2014SEBA01,Juliette Sébastien,2015-07-04,13.96,5
2014SEBA01,Juliette Sébastien,2015-10-24,10.97,6
2014SEBA01,Juliette Sébastien,2015-11-07,13.63,7
2014SEBA01,Juliette Sébastien,2015-11-07,10.21,8
2014SEBA01,Juliette Sébastien,2015-11-07,11.79,9
2014SEBA01,Juliette Sébastien,2015-12-19,11.63,10
2014SEBA01,Juliette Sébastien,2015-12-19,10.38,11
2014SEBA01,Juliette Sébastien,2016-02-13,15.74,12
2014SEBA01,Juliette Sébastien,2016-02-13,11.84,13
2014SEBA01,Juliette Sébastien,2016-02-13,11.08,14
2014SEBA01,Juliette Sébastien,2016-04-30,11.23,15
2014SEBA01,Juliette Sébastien,2016-04-30,9.91,16
2014SEBA01,Juliette Sébastien,2016-04-30,13.27,17
2014SEBA01,Juliette Sébastien,2016-05-21,10.68,18
2014SEBA01,Juliette Sébastien,2016-05-21,10.49,19
2014SEBA01,Juliette Sébastien,2016-05-21,12.12,20
2014SEBA01,Juliette Sébastien,2016-07-02,10.7,21
2014SEBA01,Juliette Sébastien,2016-07-02,10.76,22
2014SEBA01,Juliette Sébastien,2016-07-02,11.81,23
2014SEBA01,Juliette Sébastien,2016-07-09,11.82,24
2014SEBA01,Juliette Sébastien,2016-07-09,11.28,25
2014SEBA01,Juliette Sébastien,2016-07-09,10.38,26
2014SEBA01,Juliette Sébastien,2016-07-15,10.82,27
2014SEBA01,Juliette Sébastien,2016-07-15,10.5,28
2014SEBA01,Juliette Sébastien,2016-09-10,9.27,29
2014SEBA01,Juliette Sébastien,2016-09-10,10.85,30
2014SEBA01,Juliette Sébastien,2016-09-10,9.62,31
2014SEBA01,Juliette Sébastien,2016-10-15,11.0,32
2014SEBA01,Juliette Sébastien,2016-10-15,10.52,33
2014SEBA01,Juliette Sébastien,2016-10-15,10.07,34
2014SEBA01,Juliette Sébastien,2016-10-29,9.91,35
2014SEBA01,Juliette Sébastien,2016-10-29,10.54,36
2014SEBA01,Juliette Sébastien,2016-10-29,10.24,37
2014SEBA01,Juliette Sébastien,2016-11-01,9.71,38
2014SEBA01,Juliette Sébastien,2016-11-01,9.38,39
2014SEBA01,Juliette Sébastien,2016-11-01,10.28,40
2014SEBA01,Juliette Sébastien,2016-11-11,10.83,41
2014SEBA01,Juliette Sébastien,2016-11-11,10.53,42
2014SEBA01,Juliette Sébastien,2016-11-11,10.86,43
2014SEBA01,Juliette Sébastien,2016-12-03,10.18,44
2014SEBA01,Juliette Sébastien,2016-12-03,10.02,45
2014SEBA01,Juliette Sébastien,2016-12-03,10.53,46
2014SEBA01,Juliette Sébastien,2016-12-17,9.74,47
2014SEBA01,Juliette Sébastien,2016-12-17,10.65,48
2014SEBA01,Juliette Sébastien,2016-12-17,10.09,49
2014SEBA01,Juliette Sébastien,2017-01-28,9.31,50
2014SEBA01,Juliette Sébastien,2017-01-28,10.1,51
2014SEBA01,Juliette Sébastien,2017-01-28,10.3,52
2014SEBA01,Juliette Sébastien,2017-03-04,10.51,53
2014SEBA01,Juliette Sébastien,2017-03-04,11.06,54
2014SEBA01,Juliette Sébastien,2017-03-04,10.28,55
2014SEBA01,Juliette Sébastien,2017-04-08,9.63,56
2014SEBA01,Juliette Sébastien,2017-04-08,10.02,57
2014SEBA01,Juliette Sébastien,2017-04-08,10.31,58
2014SEBA01,Juliette Sébastien,2017-04-29,10.81,59
2014SEBA01,Juliette Sébastien,2017-04-29,10.6,60
2014SEBA01,Juliette Sébastien,2017-04-29,11.45,61
2014SEBA01,Juliette Sébastien,2017-05-27,10.55,62
2014SEBA01,Juliette Sébastien,2017-05-27,9.61,63
2014SEBA01,Juliette Sébastien,2017-05-27,8.9,64
2014SEBA01,Juliette Sébastien,2017-06-04,9.3,65
2014SEBA01,Juliette Sébastien,2017-06-04,9.71,66
2014SEBA01,Juliette Sébastien,2017-06-04,9.83,67
2014SEBA01,Juliette Sébastien,2017-07-01,10.25,68
2014SEBA01,Juliette Sébastien,2017-07-01,9.01,69
2014SEBA01,Juliette Sébastien,2017-07-01,9.83,70
2014SEBA01,Juliette Sébastien,2017-07-01,9.04,71
2014SEBA01,Juliette Sébastien,2017-07-07,9.13,72
2014SEBA01,Juliette Sébastien,2017-07-07,9.34,73
2014SEBA01,Juliette Sébastien,2017-07-07,9.29,74
2014SEBA01,Juliette Sébastien,2017-07-13,9.84,75
2014SEBA01,Juliette Sébastien,2017-07-13,9.33,76
2014SEBA01,Juliette Sébastien,2017-07-13,9.84,77
2014SEBA01,Juliette Sébastien,2017-09-09,10.04,78
2014SEBA01,Juliette Sébastien,2017-09-09,9.73,79
2014SEBA01,Juliette Sébastien,2017-09-09,9.01,80
2014SEBA01,Juliette Sébastien,2017-09-23,9.03,81
2014SEBA01,Juliette Sébastien,2017-09-23,9.4,82
2014SEBA01,Juliette Sébastien,2017-09-23,9.6,83
2014SEBA01,Juliette Sébastien,2017-10-27,8.99,84
2014SEBA01,Juliette Sébastien,2017-10-27,9.0,85
2014SEBA01,Juliette Sébastien,2017-10-27,9.12,86
2014SEBA01,Juliette Sébastien,2017-11-11,9.01,87
2014SEBA01,Juliette Sébastien,2017-11-11,9.73,88
2014SEBA01,Juliette Sébastien,2017-11-11,8.93,89
2014SEBA01,Juliette Sébastien,2017-11-25,11.22,90
2014SEBA01,Juliette Sébastien,2017-11-25,8.44,91
2014SEBA01,Juliette Sébastien,2017-11-25,8.54,92
2014SEBA01,Juliette Sébastien,2017-12-02,9.85,93
2014SEBA01,Juliette Sébastien,2017-12-02,8.72,94
2014SEBA01,Juliette Sébastien,2017-12-02,9.08,95
2014SEBA01,Juliette Sébastien,2018-01-20,9.66,96
2014SEBA01,Juliette Sébastien,2018-01-20,9.14,97
2014SEBA01,Juliette Sébastien,2018-01-20,8.79,98
2014SEBA01,Juliette Sébastien,2018-02-17,9.98,99
2014SEBA01,Juliette Sébastien,2018-02-17,8.66,100
2014SEBA01,Juliette Sébastien,2018-02-17,10.01,101
2014SEBA01,Juliette Sébastien,2018-02-24,9.24,102
2014SEBA01,Juliette Sébastien,2018-02-24,8.9,103
2014SEBA01,Juliette Sébastien,2018-02-24,9.3,104
2014SEBA01,Juliette Sébastien,2018-03-31,9.82,105
2014SEBA01,Juliette Sébastien,2018-03-31,8.53,106
2014SEBA01,Juliette Sébastien,2018-03-31,8.3,107
2014SEBA01,Juliette Sébastien,2018-03-31,8.87,108
2014SEBA01,Juliette Sébastien,2018-04-15,9.31,109
2014SEBA01,Juliette Sébastien,2018-04-15,8.25,110
2014SEBA01,Juliette Sébastien,2018-04-15,10.5,111
2014SEBA01,Juliette Sébastien,2018-04-28,8.34,112
2014SEBA01,Juliette Sébastien,2018-04-28,8.41,113
2014SEBA01,Juliette Sébastien,2018-04-28,8.23,114
2014SEBA01,Juliette Sébastien,2018-04-28,8.68,115
2014SEBA01,Juliette Sébastien,2018-06-02,9.15,116
2014SEBA01,Juliette Sébastien,2018-06-02,7.18,117
2014SEBA01,Juliette Sébastien,2018-06-02,8.51,118
2014SEBA01,Juliette Sébastien,2018-07-19,8.27,119
2014SEBA01,Juliette Sébastien,2018-07-19,8.13,120
2014SEBA01,Juliette Sébastien,2018-07-19,9.09,121
2014SEBA01,Juliette Sébastien,2018-08-04,7.72,122
2014SEBA01,Juliette Sébastien,2018-08-04,8.37,123
2014SEBA01,Juliette Sébastien,2018-08-04,8.87,124
2014SEBA01,Juliette Sébastien,2018-08-25,8.26,125
2014SEBA01,Juliette Sébastien,2018-08-25,7.83,126
2014SEBA01,Juliette Sébastien,2018-08-25,8.35,127
2014SEBA01,Juliette Sébastien,2018-09-08,8.76,128
2014SEBA01,Juliette Sébastien,2018-09-08,7.79,129
2014SEBA01,Juliette Sébastien,2018-09-08,8.43,130
2014SEBA01,Juliette Sébastien,2018-09-21,9.94,131
2014SEBA01,Juliette Sébastien,2018-09-21,9.14,132
2014SEBA01,Juliette Sébastien,2018-09-21,8.2,133
2014SEBA01,Juliette Sébastien,2018-10-06,9.2,134
2014SEBA01,Juliette Sébastien,2018-10-06,8.61,135
2014SEBA01,Juliette Sébastien,2018-10-06,9.07,136
2014SEBA01,Juliette Sébastien,2018-10-26,7.86,137
2014SEBA01,Juliette Sébastien,2018-10-26,8.88,138
2014SEBA01,Juliette Sébastien,2018-10-26,9.84,139
2014SEBA01,Juliette Sébastien,2018-11-03,9.18,140
2014SEBA01,Juliette Sébastien,2018-11-03,8.55,141
2014SEBA01,Juliette Sébastien,2018-11-03,8.77,142
2014SEBA01,Juliette Sébastien,2018-12-01,7.7,143
2014SEBA01,Juliette Sébastien,2018-12-01,8.45,144
2014SEBA01,Juliette Sébastien,2018-12-01,8.1,145
2014SEBA01,Juliette Sébastien,2018-12-15,9.37,146
2014SEBA01,Juliette Sébastien,2018-12-15,9.02,147
2014SEBA01,Juliette Sébastien,2018-12-15,8.36,148
2014SEBA01,Juliette Sébastien,2019-01-12,8.57,149
2014SEBA01,Juliette Sébastien,2019-01-12,8.44,150
2014SEBA01,Juliette Sébastien,2019-01-12,8.84,151
2014SEBA01,Juliette Sébastien,2019-02-02,8.46,152
2014SEBA01,Juliette Sébastien,2019-02-02,7.97,153
2014SEBA01,Juliette Sébastien,2019-02-02,7.18,154
2014SEBA01,Juliette Sébastien,2019-02-23,9.57,155
2014SEBA01,Juliette Sébastien,2019-02-23,8.84,156
2014SEBA01,Juliette Sébastien,2019-02-23,8.63,157
2014SEBA01,Juliette Sébastien,2019-03-15,7.72,158
2014SEBA01,Juliette Sébastien,2019-03-15,7.9,159
2014SEBA01,Juliette Sébastien,2019-04-06,8.65,160
2014SEBA01,Juliette Sébastien,2019-04-06,9.48,161
2014SEBA01,Juliette Sébastien,2019-04-06,7.61,162
2014SEBA01,Juliette Sébastien,2019-04-13,8.37,163
2014SEBA01,Juliette Sébastien,2019-04-13,8.28,164
2014SEBA01,Juliette Sébastien,2019-04-13,8.83,165
2014SEBA01,Juliette Sébastien,2019-04-20,8.08,166
2014SEBA01,Juliette Sébastien,2019-04-20,8.02,167
2014SEBA01,Juliette Sébastien,2019-04-20,7.89,168
2014SEBA01,Juliette Sébastien,2019-04-20,7.58,169
2014SEBA01,Juliette Sébastien,2019-05-18,7.71,170
2014SEBA01,Juliette Sébastien,2019-05-18,7.65,171
2014SEBA01,Juliette Sébastien,2019-05-18,7.94,172
2014SEBA01,Juliette Sébastien,2019-05-18,7.41,173
2014SEBA01,Juliette Sébastien,2019-06-29,8.99,174
2014SEBA01,Juliette Sébastien,2019-06-29,8.6,175
2014SEBA01,Juliette Sébastien,2019-06-29,7.77,176
2014SEBA01,Juliette Sébastien,2019-07-11,7.75,177
2014SEBA01,Juliette Sébastien,2019-07-11,8.48,178
2014SEBA01,Juliette Sébastien,2019-07-11,7.56,179
2014SEBA01,Juliette Sébastien,2019-07-11,8.34,180
2014SEBA01,Juliette Sébastien,2019-07-27,7.98,181
2014SEBA01,Juliette Sébastien,2019-07-27,7.22,182
2014SEBA01,Juliette Sébastien,2019-07-27,7.67,183
2014SEBA01,Juliette Sébastien,2019-08-10,8.07,184
2014SEBA01,Juliette Sébastien,2019-08-10,8.04,185
2014SEBA01,Juliette Sébastien,2019-08-10,9.25,186
2014SEBA01,Juliette Sébastien,2019-09-07,7.7,187
2014SEBA01,Juliette Sébastien,2019-09-07,8.83,188
2014SEBA01,Juliette Sébastien,2019-09-07,7.63,189
2014SEBA01,Juliette Sébastien,2019-09-21,7.52,190
2014SEBA01,Juliette Sébastien,2019-09-21,9.37,191
2014SEBA01,Juliette Sébastien,2019-09-21,7.89,192
2014SEBA01,Juliette Sébastien,2019-10-12,7.91,193
2014SEBA01,Juliette Sébastien,2019-10-12,8.54,194
2014SEBA01,Juliette Sébastien,2019-10-12,8.08,195
2014SEBA01,Juliette Sébastien,2019-10-19,7.92,196
2014SEBA01,Juliette Sébastien,2019-10-19,8.97,197
2014SEBA01,Juliette Sébastien,2019-10-19,8.11,198
2014SEBA01,Juliette Sébastien,2019-11-09,8.69,199
2014SEBA01,Juliette Sébastien,2019-11-09,7.74,200
2014SEBA01,Juliette Sébastien,2019-11-09,7.57,201
2014SEBA01,Juliette Sébastien,2019-12-07,8.71,202
2014SEBA01,Juliette Sébastien,2019-12-07,7.82,203
2014SEBA01,Juliette Sébastien,2019-12-07,8.16,204
2014SEBA01,Juliette Sébastien,2019-12-21,7.53,205
2014SEBA01,Juliette Sébastien,2019-12-21,7.58,206
2014SEBA01,Juliette Sébastien,2019-12-21,8.84,207
2014SEBA01,Juliette Sébastien,2020-01-25,7.18,208
2014SEBA01,Juliette Sébastien,2020-01-25,8.67,209
2014SEBA01,Juliette Sébastien,2020-01-25,7.84,210
2014SEBA01,Juliette Sébastien,2020-02-08,8.36,211
2014SEBA01,Juliette Sébastien,2020-02-08,10.12,212
2014SEBA01,Juliette Sébastien,2020-02-08,8.23,213
2014SEBA01,Juliette Sébastien,2020-02-15,7.57,214
2014SEBA01,Juliette Sébastien,2020-02-15,7.86,215
2014SEBA01,Juliette Sébastien,2020-02-15,8.08,216
2014SEBA01,Juliette Sébastien,2020-03-07,7.4,217
2014SEBA01,Juliette Sébastien,2020-03-07,8.54,218
2014SEBA01,Juliette Sébastien,2020-03-07,7.45,219
2014SEBA01,Juliette Sébastien,2021-07-18,7.18,220
2014SEBA01,Juliette Sébastien,2021-07-18,7.2,221
2014SEBA01,Juliette Sébastien,2021-07-18,7.46,222
2014SEBA01,Juliette Sébastien,2021-07-31,7.87,223
2014SEBA01,Juliette Sébastien,2021-07-31,7.17,224
2014SEBA01,Juliette Sébastien,2021-07-31,7.2,225
2014SEBA01,Juliette Sébastien,2021-08-07,7.94,226
2014SEBA01,Juliette Sébastien,2021-08-07,7.77,227
2014SEBA01,Juliette Sébastien,2021-08-07,7.23,228
2014SEBA01,Juliette Sébastien,2021-08-28,6.74,229
2014SEBA01,Juliette Sébastien,2021-08-28,6.4,230
2014SEBA01,Juliette Sébastien,2021-08-28,8.05,231
2014SEBA01,Juliette Sébastien,2021-10-09,7.1,232
2014SEBA01,Juliette Sébastien,2021-10-09,8.11,233
2014SEBA01,Juliette Sébastien,2021-10-09,6.69,234
2014SEBA01,Juliette Sébastien,2021-10-16,7.26,235
2014SEBA01,Juliette Sébastien,2021-10-16,6.92,236
2014SEBA01,Juliette Sébastien,2021-10-16,7.16,237
2014SEBA01,Juliette Sébastien,2021-10-30,7.34,238
2014SEBA01,Juliette Sébastien,2021-10-30,7.26,239
2014SEBA01,Juliette Sébastien,2021-10-30,6.47,240
2014SEBA01,Juliette Sébastien,2021-10-30,8.42,241
2014SEBA01,Juliette Sébastien,2021-11-13,7.79,242
2014SEBA01,Juliette Sébastien,2021-11-13,7.0,243
2014SEBA01,Juliette Sébastien,2021-11-13,6.96,244
2014SEBA01,Juliette Sébastien,2021-12-11,7.45,245
2014SEBA01,Juliette Sébastien,2021-12-11,7.6,246
2014SEBA01,Juliette Sébastien,2021-12-11,7.36,247
2014SEBA01,Juliette Sébastien,2022-01-02,7.5,248
2014SEBA01,Juliette Sébastien,2022-01-02,7.26,249
2014SEBA01,Juliette Sébastien,2022-01-02,7.19,250
2014SEBA01,Juliette Sébastien,2022-01-15,6.98,251
2014SEBA01,Juliette Sébastien,2022-01-15,7.27,252
2014SEBA01,Juliette Sébastien,2022-01-22,8.02,253
2014SEBA01,Juliette Sébastien,2022-01-22,7.01,254
2014SEBA01,Juliette Sébastien,2022-01-22,7.45,255
2014SEBA01,Juliette Sébastien,2022-02-19,8.48,256
2014SEBA01,Juliette Sébastien,2022-02-19,8.21,257
2014SEBA01,Juliette Sébastien,2022-02-19,6.96,258
2014SEBA01,Juliette Sébastien,2022-02-26,7.48,259
2014SEBA01,Juliette Sébastien,2022-02-26,7.18,260
2014SEBA01,Juliette Sébastien,2022-02-26,7.42,261
2014SEBA01,Juliette Sébastien,2022-03-11,7.2,262
2014SEBA01,Juliette Sébastien,2022-03-11,6.77,263
2014SEBA01,Juliette Sébastien,2022-03-11,7.19,264
2014SEBA01,Juliette Sébastien,2022-03-26,7.61,265
2014SEBA01,Juliette Sébastien,2022-03-26,7.52,266
2014SEBA01,Juliette Sébastien,2022-03-26,7.7,267
2014SEBA01,Juliette Sébastien,2022-04-16,7.8,268
2014SEBA01,Juliette Sébastien,2022-04-16,7.52,269
2014SEBA01,Juliette Sébastien,2022-04-16,7.14,270
2014SEBA01,Juliette Sébastien,2022-04-30,8.13,271
2014SEBA01,Juliette Sébastien,2022-04-30,7.98,272
2014SEBA01,Juliette Sébastien,2022-04-30,7.2,273
2014SEBA01,Juliette Sébastien,2022-04-30,7.98,274
2014SEBA01,Juliette Sébastien,2022-05-21,7.95,275
2014SEBA01,Juliette Sébastien,2022-05-21,7.33,276
2014SEBA01,Juliette Sébastien,2022-05-21,7.04,277
2014SEBA01,Juliette Sébastien,2022-06-04,7.72,278
2014SEBA01,Juliette Sébastien,2022-06-04,6.94,279
2014SEBA01,Juliette Sébastien,2022-06-04,7.5,280
2014SEBA01,Juliette Sébastien,2022-06-18,7.52,281
2014SEBA01,Juliette Sébastien,2022-06-18,7.83,282
2014SEBA01,Juliette Sébastien,2022-06-18,6.78,283
2014SEBA01,Juliette Sébastien,2022-07-02,7.79,284
2014SEBA01,Juliette Sébastien,2022-07-02,6.65,285
2014SEBA01,Juliette Sébastien,2022-07-02,7.6,286
2014SEBA01,Juliette Sébastien,2022-07-09,8.25,287
2014SEBA01,Juliette Sébastien,2022-07-09,7.58,288
2014SEBA01,Juliette Sébastien,2022-07-09,6.87,289
2014SEBA01,Juliette Sébastien,2022-07-09,7.06,290
2014SEBA01,Juliette Sébastien,2022-07-14,7.2,291
2014SEBA01,Juliette Sébastien,2022-07-14,8.15,292
2014SEBA01,Juliette Sébastien,2022-07-14,7.74,293
2014SEBA01,Juliette Sébastien,2022-07-22,9.35,294
2014SEBA01,Juliette Sébastien,2022-07-22,6.68,295
2014SEBA01,Juliette Sébastien,2022-07-22,7.21,296
2014SEBA01,Juliette Sébastien,2022-07-22,6.93,297
2014SEBA01,Juliette Sébastien,2022-08-13,7.22,298
2014SEBA01,Juliette Sébastien,2022-08-13,7.44,299
2014SEBA01,Juliette Sébastien,2022-08-13,7.78,300
2014SEBA01,Juliette Sébastien,2022-08-20,7.04,301
2014SEBA01,Juliette Sébastien,2022-08-20,6.46,302
2014SEBA01,Juliette Sébastien,2022-08-20,6.76,303
2014SEBA01,Juliette Sébastien,2022-08-26,6.74,304
2014SEBA01,Juliette Sébastien,2022-08-26,8.6,305
2014SEBA01,Juliette Sébastien,2022-08-26,6.66,306
2014SEBA01,Juliette Sébastien,2022-08-26,7.36,307
2014SEBA01,Juliette Sébastien,2022-09-10,6.73,308
2014SEBA01,Juliette Sébastien,2022-09-10,7.3,309
2014SEBA01,Juliette Sébastien,2022-09-10,7.12,310
2014SEBA01,Juliette Sébastien,2022-09-24,6.59,311
2014SEBA01,Juliette Sébastien,2022-09-24,6.69,312
2014SEBA01,Juliette Sébastien,2022-09-24,7.05,313
2014SEBA01,Juliette Sébastien,2022-10-15,6.57,314
2014SEBA01,Juliette Sébastien,2022-10-15,7.9,315
2014SEBA01,Juliette Sébastien,2022-10-15,8.72,316
2014SEBA01,Juliette Sébastien,2022-10-22,6.91,317
2014SEBA01,Juliette Sébastien,2022-10-22,7.09,318
2014SEBA01,Juliette Sébastien,2022-10-22,7.29,319
2014SEBA01,Juliette Sébastien,2022-11-05,7.42,320
2014SEBA01,Juliette Sébastien,2022-11-05,7.64,321
2014SEBA01,Juliette Sébastien,2022-11-05,7.32,322
2014SEBA01,Juliette Sébastien,2022-11-12,7.32,323
2014SEBA01,Juliette Sébastien,2022-11-12,8.17,324
2014SEBA01,Juliette Sébastien,2022-11-12,6.78,325
2014SEBA01,Juliette Sébastien,2022-12-03,6.95,326
2014SEBA01,Juliette Sébastien,2022-12-31,7.24,327
2014SEBA01,Juliette Sébastien,2022-12-31,8.56,328
2014SEBA01,Juliette Sébastien,2023-01-27,7.16,329
2014SEBA01,Juliette Sébastien,2023-01-27,7.44,330
2014SEBA01,Juliette Sébastien,2023-01-27,6.72,331
2014SEBA01,Juliette Sébastien,2023-01-27,6.8,332
2014SEBA01,Juliette Sébastien,2023-02-04,7.33,333
2014SEBA01,Juliette Sébastien,2023-02-04,7.0,334
2014SEBA01,Juliette Sébastien,2023-02-04,7.67,335
2014SEBA01,Juliette Sébastien,2023-02-18,7.64,336
2014SEBA01,Juliette Sébastien,2023-02-18,7.65,337
2014SEBA01,Juliette Sébastien,2023-02-18,7.41,338
2014SEBA01,Juliette Sébastien,2023-02-18,7.15,339
2014SEBA01,Juliette Sébastien,2023-02-24,6.54,340
2014SEBA01,Juliette Sébastien,2023-02-24,6.84,341
2014SEBA01,Juliette Sébastien,2023-02-24,6.83,342
2014SEBA01,Juliette Sébastien,2023-02-24,7.23,343
2014SEBA01,Juliette Sébastien,2023-03-18,6.75,344
2014SEBA01,Juliette Sébastien,2023-03-18,7.17,345
2014SEBA01,Juliette Sébastien,2023-03-18,7.89,346
2014SEBA01,Juliette Sébastien,2023-03-18,7.06,347
2014SEBA01,Juliette Sébastien,2023-03-25,7.21,348
2014SEBA01,Juliette Sébastien,2023-03-25,6.88,349
2014SEBA01,Juliette Sébastien,2023-03-25,7.34,350
2014SEBA01,Juliette Sébastien,2023-04-01,6.97,351
2014SEBA01,Juliette Sébastien,2023-04-01,7.08,352
2014SEBA01,Juliette Sébastien,2023-04-01,8.18,353
2014SEBA01,Juliette Sébastien,2023-04-08,6.78,354
2014SEBA01,Juliette Sébastien,2023-04-08,7.07,355
2014SEBA01,Juliette Sébastien,2023-04-08,6.58,356
2014SEBA01,Juliette Sébastien,2023-04-29,7.79,357
2014SEBA01,Juliette Sébastien,2023-04-29,7.04,358
2014SEBA01,Juliette Sébastien,2023-04-29,6.89,359
2014SEBA01,Juliette Sébastien,2023-05-06,7.33,360
2014SEBA01,Juliette Sébastien,2023-05-06,7.64,361
2014SEBA01,Juliette Sébastien,2023-05-06,6.92,362
2014SEBA01,Juliette Sébastien,2023-05-06,7.4,363
2014SEBA01,Juliette Sébastien,2023-05-13,6.98,364
2014SEBA01,Juliette Sébastien,2023-05-13,6.68,365
2014SEBA01,Juliette Sébastien,2023-05-13,6.75,366
2014SEBA01,Juliette Sébastien,2023-05-20,6.9,367
2014SEBA01,Juliette Sébastien,2023-05-20,7.28,368
2014SEBA01,Juliette Sébastien,2023-05-20,6.94,369
2014SEBA01,Juliette Sébastien,2023-05-20,7.28,370
2014SEBA01,Juliette Sébastien,2023-05-27,6.76,371
2014SEBA01,Juliette Sébastien,2023-05-27,6.84,372
2014SEBA01,Juliette Sébastien,2023-05-27,7.34,373
2014SEBA01,Juliette Sébastien,2023-06-17,6.54,374
2014SEBA01,Juliette Sébastien,2023-06-17,6.49,375
2014SEBA01,Juliette Sébastien,2023-06-17,6.4,376
2014SEBA01,Juliette Sébastien,2023-06-17,7.06,377
2014SEBA01,Juliette Sébastien,2023-06-24,7.91,378
2014SEBA01,Juliette Sébastien,2023-06-24,6.79,379
2014SEBA01,Juliette Sébastien,2023-06-24,7.26,380
2014SEBA01,Juliette Sébastien,2023-06-24,8.03,381
2014SEBA01,Juliette Sébastien,2023-07-01,6.97,382
2014SEBA01,Juliette Sébastien,2023-07-01,7.25,383
2014SEBA01,Juliette Sébastien,2023-07-01,6.39,384
2014SEBA01,Juliette Sébastien,2023-07-08,6.27,385
2014SEBA01,Juliette Sébastien,2023-07-08,7.09,386
2014SEBA01,Juliette Sébastien,2023-07-08,6.92,387
2014SEBA01,Juliette Sébastien,2023-07-14,7.86,388
2014SEBA01,Juliette Sébastien,2023-07-14,7.1,389
2014SEBA01,Juliette Sébastien,2023-07-14,6.87,390
2014SEBA01,Juliette Sébastien,2023-08-12,6.86,391
2014SEBA01,Juliette Sébastien,2023-08-12,6.92,392
2014SEBA01,Juliette Sébastien,2023-08-12,7.45,393
2014SEBA01,Juliette Sébastien,2023-09-01,6.94,394
2014SEBA01,Juliette Sébastien,2023-09-01,7.09,395
2014SEBA01,Juliette Sébastien,2023-09-01,6.86,396
2014SEBA01,Juliette Sébastien,2023-09-23,6.76,397
2014SEBA01,Juliette Sébastien,2023-09-23,6.94,398
2014SEBA01,Juliette Sébastien,2023-09-23,6.7,399
2014SEBA01,Juliette Sébastien,2023-10-07,7.1,400
2014SEBA01,Juliette Sébastien,2023-10-07,7.39,401
2014SEBA01,Juliette Sébastien,2023-10-07,6.59,402
2014SEBA01,Juliette Sébastien,2023-10-07,7.28,403
2014SEBA01,Juliette Sébastien,2023-10-20,7.65,404
2014SEBA01,Juliette Sébastien,2023-10-20,6.66,405
2014SEBA01,Juliette Sébastien,2023-10-20,6.71,406
2014SEBA01,Juliette Sébastien,2023-10-20,7.93,407
2014SEBA01,Juliette Sébastien,2023-11-19,7.62,408
2014SEBA01,Juliette Sébastien,2023-11-19,7.04,409
2014SEBA01,Juliette Sébastien,2023-11-19,7.96,410
2014SEBA01,Juliette Sébastien,2023-12-02,8.05,411
2014SEBA01,Juliette Sébastien,2023-12-02,6.65,412
2014SEBA01,Juliette Sébastien,2023-12-02,7.97,413
2014SEBA01,Juliette Sébastien,2023-12-08,6.97,414
2014SEBA01,Juliette Sébastien,2023-12-08,8.22,415
2014SEBA01,Juliette Sébastien,2023-12-08,7.51,416
2014SEBA01,Juliette Sébastien,2023-12-08,7.15,417
2014SEBA01,Juliette Sébastien,2024-01-20,6.9,418
2014SEBA01,Juliette Sébastien,2024-01-20,7.25,419
2014SEBA01,Juliette Sébastien,2024-01-20,6.77,420
2014SEBA01,Juliette Sébastien,2024-01-20,5.81,421
2014SEBA01,Juliette Sébastien,2024-01-27,7.28,422
2014SEBA01,Juliette Sébastien,2024-01-27,6.94,423
2014SEBA01,Juliette Sébastien,2024-01-27,6.84,424
2014SEBA01,Juliette Sébastien,2024-02-17,7.09,425
2014SEBA01,Juliette Sébastien,2024-02-17,6.88,426
2014SEBA01,Juliette Sébastien,2024-02-17,7.87,427
2014SEBA01,Juliette Sébastien,2024-02-17,7.12,428
2014SEBA01,Juliette Sébastien,2024-02-24,7.49,429
2014SEBA01,Juliette Sébastien,2024-03-02,7.76,430
2014SEBA01,Juliette Sébastien,2024-03-02,7.37,431
2014SEBA01,Juliette Sébastien,2024-03-02,7.51,432
2014SEBA01,Juliette Sébastien,2024-03-02,6.47,433
2014SEBA01,Juliette Sébastien,2024-03-16,7.23,434
2014SEBA01,Juliette Sébastien,2024-03-16,6.84,435
2014SEBA01,Juliette Sébastien,2024-03-16,6.55,436
2014SEBA01,Juliette Sébastien,2024-03-30,6.68,437
2014SEBA01,Juliette Sébastien,2024-03-30,7.36,438
2014SEBA01,Juliette Sébastien,2024-03-30,7.09,439
2014SEBA01,Juliette Sébastien,2024-03-30,6.77,440
2014SEBA01,Juliette Sébastien,2024-04-20,7.6,441
2014SEBA01,Juliette Sébastien,2024-04-20,6.65,442
2014SEBA01,Juliette Sébastien,2024-04-20,7.44,443
2014SEBA01,Juliette Sébastien,2024-04-20,6.7,444
2014SEBA01,Juliette Sébastien,2024-04-27,7.16,445
2014SEBA01,Juliette Sébastien,2024-04-27,7.36,446
2014SEBA01,Juliette Sébastien,2024-04-27,6.84,447
2014SEBA01,Juliette Sébastien,2024-05-04,6.62,448
2014SEBA01,Juliette Sébastien,2024-05-04,7.15,449
2014SEBA01,Juliette Sébastien,2024-05-04,7.17,450
2014SEBA01,Juliette Sébastien,2024-05-18,7.21,451
2014SEBA01,Juliette Sébastien,2024-05-18,6.37,452
2014SEBA01,Juliette Sébastien,2024-05-18,5.9,453
2014SEBA01,Juliette Sébastien,2024-05-25,6.75,454
2014SEBA01,Juliette Sébastien,2024-05-25,6.9,455
2014SEBA01,Juliette Sébastien,2024-05-25,6.61,456
2014SEBA01,Juliette Sébastien,2024-06-22,7.8,457
2014SEBA01,Juliette Sébastien,2024-06-22,6.8,458
2014SEBA01,Juliette Sébastien,2024-06-22,7.57,459
2014SEBA01,Juliette Sébastien,2024-06-22,7.97,460
2014SEBA01,Juliette Sébastien,2024-07-19,6.96,461
2014SEBA01,Juliette Sébastien,2024-07-19,7.22,462
2014SEBA01,Juliette Sébastien,2024-07-19,6.6,463
2014SEBA01,Juliette Sébastien,2024-07-19,6.74,464
2014SEBA01,Juliette Sébastien,2024-07-25,6.41,465
2014SEBA01,Juliette Sébastien,2024-07-25,7.5,466
2014SEBA01,Juliette Sébastien,2024-08-09,6.8,467
2014SEBA01,Juliette Sébastien,2024-08-09,6.83,468
2014SEBA01,Juliette Sébastien,2024-08-09,6.43,469
2014SEBA01,Juliette Sébastien,2024-08-09,6.85,470
2014SEBA01,Juliette Sébastien,2024-08-16,7.0,471
2014SEBA01,Juliette Sébastien,2024-08-16,6.43,472
2014SEBA01,Juliette Sébastien,2024-08-16,6.72,473
2014SEBA01,Juliette Sébastien,2024-08-31,7.27,474
2014SEBA01,Juliette Sébastien,2024-08-31,7.27,475
2014SEBA01,Juliette Sébastien,2024-08-31,6.72,476
2014SEBA01,Juliette Sébastien,2024-09-07,7.25,477
2014SEBA01,Juliette Sébastien,2024-09-07,6.55,478
2014SEBA01,Juliette Sébastien,2024-09-07,6.53,479
2014SEBA01,Juliette Sébastien,2024-09-21,7.32,480
2014SEBA01,Juliette Sébastien,2024-09-21,6.96,481
2014SEBA01,Juliette Sébastien,2024-09-21,6.1,482
2014SEBA01,Juliette Sébastien,2024-09-28,6.91,483
2014SEBA01,Juliette Sébastien,2024-09-28,6.15,484
2014SEBA01,Juliette Sébastien,2024-09-28,6.64,485
2014SEBA01,Juliette Sébastien,2024-10-05,6.59,486
2014SEBA01,Juliette Sébastien,2024-10-05,7.81,487
2014SEBA01,Juliette Sébastien,2024-10-05,7.41,488
2014SEBA01,Juliette Sébastien,2024-10-19,8.39,489
2014SEBA01,Juliette Sébastien,2024-10-19,7.28,490
2014SEBA01,Juliette Sébastien,2024-10-19,8.29,491
2014SEBA01,Juliette Sébastien,2024-10-26,6.6,492
2014SEBA01,Juliette Sébastien,2024-10-26,7.0,493
2014SEBA01,Juliette Sébastien,2024-10-26,6.5,494
2014SEBA01,Juliette Sébastien,2024-11-09,6.36,495
2014SEBA01,Juliette Sébastien,2024-11-09,6.78,496
2014SEBA01,Juliette Sébastien,2024-11-09,6.66,497
2014SEBA01,Juliette Sébastien,2024-11-23,7.15,498
2014SEBA01,Juliette Sébastien,2024-11-23,7.42,499
2014SEBA01,Juliette Sébastien,2024-11-23,6.45,500
2014SEBA01,Juliette Sébastien,2024-12-14,6.86,501
2014SEBA01,Juliette Sébastien,2024-12-14,6.97,502
2014SEBA01,Juliette Sébastien,2024-12-14,6.35,503
2014SEBA01,Juliette Sébastien,2025-01-11,6.9,504
2014SEBA01,Juliette Sébastien,2025-01-11,7.02,505
2014SEBA01,Juliette Sébastien,2025-01-11,6.03,506
2014SEBA01,Juliette Sébastien,2025-01-25,6.65,507
2014SEBA01,Juliette Sébastien,2025-01-25,6.82,508
2014SEBA01,Juliette Sébastien,2025-01-25,7.15,509
2014SEBA01,Juliette Sébastien,2025-01-25,7.43,510
2014SEBA01,Juliette Sébastien,2025-02-01,6.76,511
2014SEBA01,Juliette Sébastien,2025-02-01,7.14,512
2014SEBA01,Juliette Sébastien,2025-02-01,7.89,513
2014SEBA01,Juliette Sébastien,2025-02-15,6.67,514
2014SEBA01,Juliette Sébastien,2025-02-15,6.42,515
2014SEBA01,Juliette Sébastien,2025-02-15,6.82,516
2014SEBA01,Juliette Sébastien,2025-03-01,6.94,517
2014SEBA01,Juliette Sébastien,2025-03-01,6.16,518
2014SEBA01,Juliette Sébastien,2025-03-01,7.74,519
2014SEBA01,Juliette Sébastien,2025-03-01,7.12,520
2014SEBA01,Juliette Sébastien,2025-03-22,6.93,521
2014SEBA01,Juliette Sébastien,2025-03-22,7.2,522
2014SEBA01,Juliette Sébastien,2025-03-22,6.71,523
2014SEBA01,Juliette Sébastien,2025-04-05,6.82,524
2014SEBA01,Juliette Sébastien,2025-04-05,6.95,525
2014SEBA01,Juliette Sébastien,2025-04-05,6.66,526
2014SEBA01,Juliette Sébastien,2025-04-12,6.09,527
2014SEBA01,Juliette Sébastien,2025-04-12,6.43,528
2014SEBA01,Juliette Sébastien,2025-04-12,6.85,529
2014SEBA01,Juliette Sébastien,2025-04-19,6.48,530
2014SEBA01,Juliette Sébastien,2025-04-19,6.6,531
2014SEBA01,Juliette Sébastien,2025-04-19,6.11,532
2014SEBA01,Juliette Sébastien,2025-04-19,6.87,533
2014SEBA01,Juliette Sébastien,2025-05-03,7.03,534
2014SEBA01,Juliette Sébastien,2025-05-03,6.82,535
2014SEBA01,Juliette Sébastien,2025-05-03,6.27,536
2014SEBA01,Juliette Sébastien,2025-06-07,6.08,537
2014SEBA01,Juliette Sébastien,2025-06-07,6.4,538
2014SEBA01,Juliette Sébastien,2025-06-07,6.5,539
2014SEBA01,Juliette Sébastien,2025-07-03,7.62,540
2014SEBA01,Juliette Sébastien,2025-07-03,5.98,541
2014SEBA01,Juliette Sébastien,2025-07-03,6.65,542
2014SEBA01,Juliette Sébastien,2025-08-02,6.26,543
2014SEBA01,Juliette Sébastien,2025-08-02,7.26,544
2014SEBA01,Juliette Sébastien,2025-08-02,6.36,545
2014SEBA01,Juliette Sébastien,2025-08-15,7.23,546
2014SEBA01,Juliette Sébastien,2025-08-15,6.17,547
2014SEBA01,Juliette Sébastien,2025-08-15,6.95,548
2014SEBA01,Juliette Sébastien,2025-08-30,7.72,549
2014SEBA01,Juliette Sébastien,2025-08-30,6.61,550
2014SEBA01,Juliette Sébastien,2025-08-30,6.58,551
2014SEBA01,Juliette Sébastien,2025-08-30,6.55,552
2014SEBA01,Juliette Sébastien,2025-09-27,7.18,553
2014SEBA01,Juliette Sébastien,2025-09-27,6.75,554
2014SEBA01,Juliette Sébastien,2025-09-27,6.59,555
2014SEBA01,Juliette Sébastien,2025-10-18,6.38,556
2014SEBA01,Juliette Sébastien,2025-10-18,6.63,557
2014SEBA01,Juliette Sébastien,2025-10-18,6.44,558
2014SEBA01,Juliette Sébastien,2025-10-25,6.4,559
2014SEBA01,Juliette Sébastien,2025-10-25,6.92,560
2014SEBA01,Juliette Sébastien,2025-10-25,6.2,561
2014SEBA01,Juliette Sébastien,2025-11-15,6.56,562
2014SEBA01,Juliette Sébastien,2025-11-15,6.21,563
2014SEBA01,Juliette Sébastien,2025-11-15,7.15,564
2014SEBA01,Juliette Sébastien,2026-01-10,6.64,565
2014SEBA01,Juliette Sébastien,2026-01-10,6.72,566
2014SEBA01,Juliette Sébastien,2026-01-10,6.64,567
2014SEBA01,Juliette Sébastien,2026-02-21,6.65,568
2014SEBA01,Juliette Sébastien,2026-02-21,6.93,569
2014SEBA01,Juliette Sébastien,2026-02-21,6.62,570
2014SEBA01,Juliette Sébastien,2026-03-28,6.34,571
2014SEBA01,Juliette Sébastien,2026-03-28,7.31,572
2014SEBA01,Juliette Sébastien,2026-03-28,6.53,573
2014SEBA01,Juliette Sébastien,2026-03-28,6.07,574
2014SEBA01,Juliette Sébastien,2026-04-04,6.88,575
2014SEBA01,Juliette Sébastien,2026-04-04,6.77,576
2014SEBA01,Juliette Sébastien,2026-04-04,6.41,577
2014SEBA01,Juliette Sébastien,2026-04-04,6.63,578
2014SEBA01,Juliette Sébastien,2026-04-18,6.87,579
2014SEBA01,Juliette Sébastien,2026-04-18,7.12,580
2014SEBA01,Juliette Sébastien,2026-04-18,6.24,581
2014SEBA01,Juliette Sébastien,2026-05-01,6.72,582
2014SEBA01,Juliette Sébastien,2026-05-01,6.23,583
2014SEBA01,Juliette Sébastien,2026-05-01,6.58,584
2014SEBA01,Juliette Sébastien,2026-05-08,6.37,585
2014SEBA01,Juliette Sébastien,2026-05-08,7.15,586
2014SEBA01,Juliette Sébastien,2026-05-08,7.14,587
2014SEBA01,Juliette Sébastien,2026-05-08,6.4,588
2014SEBA01,Juliette Sébastien,2026-05-22,6.88,589
2014SEBA01,Juliette Sébastien,2026-05-22,6.43,590
2014ZAKR01,Karol Zakrzewski,2014-02-22,18.74,1
2014ZAKR01,Karol Zakrzewski,2014-04-05,17.87,2
2014ZAKR01,Karol Zakrzewski,2014-04-05,13.92,3
2014ZAKR01,Karol Zakrzewski,2014-05-31,15.41,4
2014ZAKR01,Karol Zakrzewski,2014-05-31,15.49,5
2014ZAKR01,Karol Zakrzewski,2015-02-28,13.58,6
2014ZAKR01,Karol Zakrzewski,2015-02-28,13.2,7
2014ZAKR01,Karol Zakrzewski,2015-05-23,14.05,8
2014ZAKR01,Karol Zakrzewski,2015-05-23,12.61,9
2014ZAKR01,Karol Zakrzewski,2015-05-23,13.57,10
2014ZAKR01,Karol Zakrzewski,2015-10-17,12.26,11
2014ZAKR01,Karol Zakrzewski,2015-10-17,12.44,12
2014ZAKR01,Karol Zakrzewski,2015-12-05,11.08,13
2014ZAKR01,Karol Zakrzewski,2015-12-05,11.32,14
2014ZAKR01,Karol Zakrzewski,2015-12-05,10.87,15
2014ZAKR01,Karol Zakrzewski,2015-12-05,12.73,16
2014ZAKR01,Karol Zakrzewski,2016-02-20,12.72,17
2014ZAKR01,Karol Zakrzewski,2016-02-20,11.5,18
2014ZAKR01,Karol Zakrzewski,2016-03-19,12.01,19
2014ZAKR01,Karol Zakrzewski,2016-03-19,11.63,20
2014ZAKR01,Karol Zakrzewski,2016-03-19,11.37,21
2014ZAKR01,Karol Zakrzewski,2016-04-23,10.99,22
2014ZAKR01,Karol Zakrzewski,2016-04-23,11.31,23
2014ZAKR01,Karol Zakrzewski,2016-04-23,10.65,24
2014ZAKR01,Karol Zakrzewski,2016-06-04,11.29,25
2014ZAKR01,Karol Zakrzewski,2016-06-04,10.26,26
2014ZAKR01,Karol Zakrzewski,2016-06-04,10.41,27
2014ZAKR01,Karol Zakrzewski,2016-07-02,9.94,28
2014ZAKR01,Karol Zakrzewski,2016-07-02,9.21,29
2014ZAKR01,Karol Zakrzewski,2016-07-02,10.43,30
2014ZAKR01,Karol Zakrzewski,2016-07-15,10.23,31
2014ZAKR01,Karol Zakrzewski,2016-07-15,10.53,32
2014ZAKR01,Karol Zakrzewski,2016-07-19,10.15,33
2014ZAKR01,Karol Zakrzewski,2016-07-19,10.12,34
2014ZAKR01,Karol Zakrzewski,2016-07-19,10.82,35
2014ZAKR01,Karol Zakrzewski,2016-08-27,10.38,36
2014ZAKR01,Karol Zakrzewski,2016-08-27,11.32,37
2014ZAKR01,Karol Zakrzewski,2016-09-17,9.84,38
2014ZAKR01,Karol Zakrzewski,2016-09-17,11.36,39
2014ZAKR01,Karol Zakrzewski,2016-09-17,9.73,40
2014ZAKR01,Karol Zakrzewski,2016-10-08,11.61,41
2014ZAKR01,Karol Zakrzewski,2016-10-08,9.82,42
2014ZAKR01,Karol Zakrzewski,2016-10-08,10.95,43
2014ZAKR01,Karol Zakrzewski,2016-12-03,10.38,44
2014ZAKR01,Karol Zakrzewski,2016-12-03,12.09,45
2014ZAKR01,Karol Zakrzewski,2016-12-03,11.88,46
2014ZAKR01,Karol Zakrzewski,2016-12-09,14.24,47
2014ZAKR01,Karol Zakrzewski,2016-12-09,9.98,48
2014ZAKR01,Karol Zakrzewski,2016-12-09,10.59,49
2014ZAKR01,Karol Zakrzewski,2016-12-17,11.22,50
2014ZAKR01,Karol Zakrzewski,2016-12-17,10.85,51
2014ZAKR01,Karol Zakrzewski,2016-12-17,10.89,52
2014ZAKR01,Karol Zakrzewski,2016-12-17,11.62,53
2014ZAKR01,Karol Zakrzewski,2017-01-14,10.59,54
2014ZAKR01,Karol Zakrzewski,2017-01-14,11.6,55
2014ZAKR01,Karol Zakrzewski,2017-01-14,10.94,56
2014ZAKR01,Karol Zakrzewski,2017-02-25,11.64,57
2014ZAKR01,Karol Zakrzewski,2017-02-25,10.12,58
2014ZAKR01,Karol Zakrzewski,2017-02-25,10.47,59
2014ZAKR01,Karol Zakrzewski,2017-03-11,10.25,60
2014ZAKR01,Karol Zakrzewski,2017-03-11,9.49,61
2014ZAKR01,Karol Zakrzewski,2017-03-11,10.25,62
2014ZAKR01,Karol Zakrzewski,2017-03-18,10.9,63
2014ZAKR01,Karol Zakrzewski,2017-03-18,9.37,64
2014ZAKR01,Karol Zakrzewski,2017-03-18,11.14,65
2014ZAKR01,Karol Zakrzewski,2017-04-01,10.8,66
2014ZAKR01,Karol Zakrzewski,2017-04-01,9.35,67
2014ZAKR01,Karol Zakrzewski,2017-04-01,9.46,68
2014ZAKR01,Karol Zakrzewski,2017-04-29,10.69,69
2014ZAKR01,Karol Zakrzewski,2017-04-29,9.26,70
2014ZAKR01,Karol Zakrzewski,2017-04-29,10.74,71
2014ZAKR01,Karol Zakrzewski,2017-05-27,10.69,72
2014ZAKR01,Karol Zakrzewski,2017-05-27,10.63,73
2014ZAKR01,Karol Zakrzewski,2017-05-27,9.94,74
2014ZAKR01,Karol Zakrzewski,2017-06-17,9.56,75
2014ZAKR01,Karol Zakrzewski,2017-06-24,10.02,76
2014ZAKR01,Karol Zakrzewski,2017-06-24,9.6,77
2014ZAKR01,Karol Zakrzewski,2017-06-24,10.18,78
2014ZAKR01,Karol Zakrzewski,2017-07-13,9.37,79
2014ZAKR01,Karol Zakrzewski,2017-07-13,11.15,80
2014ZAKR01,Karol Zakrzewski,2017-09-15,10.95,81
2014ZAKR01,Karol Zakrzewski,2017-09-15,9.6,82
2014ZAKR01,Karol Zakrzewski,2017-09-15,10.55,83
2014ZAKR01,Karol Zakrzewski,2017-10-14,9.38,84
2014ZAKR01,Karol Zakrzewski,2017-10-14,9.69,85
2014ZAKR01,Karol Zakrzewski,2017-10-14,9.22,86
2014ZAKR01,Karol Zakrzewski,2017-11-17,11.93,87
2014ZAKR01,Karol Zakrzewski,2017-11-17,9.5,88
2014ZAKR01,Karol Zakrzewski,2017-11-17,9.69,89
2014ZAKR01,Karol Zakrzewski,2017-11-17,10.26,90
2014ZAKR01,Karol Zakrzewski,2017-12-16,10.45,91
2014ZAKR01,Karol Zakrzewski,2017-12-16,9.9,92
2014ZAKR01,Karol Zakrzewski,2018-02-24,9.67,93
2014ZAKR01,Karol Zakrzewski,2018-02-24,9.62,94
2014ZAKR01,Karol Zakrzewski,2018-03-03,9.64,95
2014ZAKR01,Karol Zakrzewski,2018-03-03,9.49,96
2014ZAKR01,Karol Zakrzewski,2018-03-03,10.51,97
2014ZAKR01,Karol Zakrzewski,2018-04-07,9.76,98
2014ZAKR01,Karol Zakrzewski,2018-04-07,9.35,99
2014ZAKR01,Karol Zakrzewski,2018-04-07,10.14,100
2014ZAKR01,Karol Zakrzewski,2018-06-16,9.06,101
2014ZAKR01,Karol Zakrzewski,2018-06-16,9.25,102
2014ZAKR01,Karol Zakrzewski,2018-06-16,10.57,103
2014ZAKR01,Karol Zakrzewski,2018-06-23,8.81,104
2014ZAKR01,Karol Zakrzewski,2018-06-23,8.64,105
2014ZAKR01,Karol Zakrzewski,2018-06-23,8.41,106
2014ZAKR01,Karol Zakrzewski,2018-07-07,11.78,107
2014ZAKR01,Karol Zakrzewski,2018-07-07,11.08,108
2014ZAKR01,Karol Zakrzewski,2018-08-18,9.11,109
2014ZAKR01,Karol Zakrzewski,2018-08-18,9.74,110
2014ZAKR01,Karol Zakrzewski,2018-09-09,8.49,111
2014ZAKR01,Karol Zakrzewski,2018-09-09,8.82,112
2014ZAKR01,Karol Zakrzewski,2018-09-09,9.99,113
2014ZAKR01,Karol Zakrzewski,2018-09-15,9.76,114
2014ZAKR01,Karol Zakrzewski,2018-09-15,9.21,115
2014ZAKR01,Karol Zakrzewski,2018-09-15,9.99,116
2014ZAKR01,Karol Zakrzewski,2018-09-28,10.22,117
2014ZAKR01,Karol Zakrzewski,2018-09-28,11.11,118
2014ZAKR01,Karol Zakrzewski,2018-09-28,9.27,119
2014ZAKR01,Karol Zakrzewski,2018-09-28,10.16,120
2014ZAKR01,Karol Zakrzewski,2018-10-06,9.35,121
2014ZAKR01,Karol Zakrzewski,2018-10-06,10.28,122
2014ZAKR01,Karol Zakrzewski,2018-10-06,9.49,123
2014ZAKR01,Karol Zakrzewski,2018-10-20,9.52,124
2014ZAKR01,Karol Zakrzewski,2018-10-20,10.08,125
2014ZAKR01,Karol Zakrzewski,2018-10-20,11.78,126
2014ZAKR01,Karol Zakrzewski,2018-10-26,8.87,127
2014ZAKR01,Karol Zakrzewski,2018-10-26,9.74,128
2014ZAKR01,Karol Zakrzewski,2018-11-10,11.03,129
2014ZAKR01,Karol Zakrzewski,2018-11-10,9.79,130
2014ZAKR01,Karol Zakrzewski,2018-11-10,10.51,131
2014ZAKR01,Karol Zakrzewski,2018-11-17,9.67,132
2014ZAKR01,Karol Zakrzewski,2018-11-17,9.48,133
2014ZAKR01,Karol Zakrzewski,2018-11-17,10.67,134
2014ZAKR01,Karol Zakrzewski,2018-12-01,9.04,135
2014ZAKR01,Karol Zakrzewski,2018-12-01,8.9,136
2014ZAKR01,Karol Zakrzewski,2018-12-01,10.49,137
2014ZAKR01,Karol Zakrzewski,2018-12-08,9.62,138
2014ZAKR01,Karol Zakrzewski,2018-12-08,9.54,139
2014ZAKR01,Karol Zakrzewski,2018-12-08,10.02,140
2014ZAKR01,Karol Zakrzewski,2018-12-15,9.27,141
2014ZAKR01,Karol Zakrzewski,2018-12-15,9.49,142
2014ZAKR01,Karol Zakrzewski,2018-12-15,8.47,143
2014ZAKR01,Karol Zakrzewski,2019-02-02,9.38,144
2014ZAKR01,Karol Zakrzewski,2019-02-02,10.31,145
2014ZAKR01,Karol Zakrzewski,2019-02-02,9.26,146
2014ZAKR01,Karol Zakrzewski,2019-02-16,10.36,147
2014ZAKR01,Karol Zakrzewski,2019-02-16,9.15,148
2014ZAKR01,Karol Zakrzewski,2019-02-16,9.42,149
2014ZAKR01,Karol Zakrzewski,2019-02-23,9.56,150
2014ZAKR01,Karol Zakrzewski,2019-02-23,9.26,151
2014ZAKR01,Karol Zakrzewski,2019-02-23,8.89,152
2014ZAKR01,Karol Zakrzewski,2019-03-02,9.85,153
2014ZAKR01,Karol Zakrzewski,2019-03-02,9.48,154
2014ZAKR01,Karol Zakrzewski,2019-03-02,9.53,155
2014ZAKR01,Karol Zakrzewski,2019-03-16,9.36,156
2014ZAKR01,Karol Zakrzewski,2019-03-16,9.09,157
2014ZAKR01,Karol Zakrzewski,2019-03-16,9.07,158
2014ZAKR01,Karol Zakrzewski,2019-04-06,9.9,159
2014ZAKR01,Karol Zakrzewski,2019-04-06,9.74,160
2014ZAKR01,Karol Zakrzewski,2019-05-11,9.17,161
2014ZAKR01,Karol Zakrzewski,2019-05-11,11.35,162
2014ZAKR01,Karol Zakrzewski,2019-05-11,9.21,163
2014ZAKR01,Karol Zakrzewski,2019-07-06,8.67,164
2014ZAKR01,Karol Zakrzewski,2019-07-06,9.12,165
2014ZAKR01,Karol Zakrzewski,2019-07-06,9.19,166
2014ZAKR01,Karol Zakrzewski,2019-08-24,9.61,167
2014ZAKR01,Karol Zakrzewski,2019-08-24,10.24,168
2014ZAKR01,Karol Zakrzewski,2019-09-28,8.05,169
2014ZAKR01,Karol Zakrzewski,2019-09-28,9.22,170
2014ZAKR01,Karol Zakrzewski,2019-09-28,8.73,171
2014ZAKR01,Karol Zakrzewski,2019-10-05,9.32,172
2014ZAKR01,Karol Zakrzewski,2019-10-05,8.85,173
2014ZAKR01,Karol Zakrzewski,2019-10-05,9.6,174
2014ZAKR01,Karol Zakrzewski,2019-10-11,10.88,175
2014ZAKR01,Karol Zakrzewski,2019-10-11,8.52,176
2014ZAKR01,Karol Zakrzewski,2019-10-11,10.59,177
2014ZAKR01,Karol Zakrzewski,2019-10-26,9.33,178
2014ZAKR01,Karol Zakrzewski,2019-10-26,8.62,179
2014ZAKR01,Karol Zakrzewski,2019-10-26,9.17,180
2014ZAKR01,Karol Zakrzewski,2019-11-09,9.04,181
2014ZAKR01,Karol Zakrzewski,2019-11-09,9.86,182
2014ZAKR01,Karol Zakrzewski,2019-11-09,8.5,183
2014ZAKR01,Karol Zakrzewski,2019-11-23,9.02,184
2014ZAKR01,Karol Zakrzewski,2019-11-23,9.18,185
2014ZAKR01,Karol Zakrzewski,2019-11-23,8.56,186
2014ZAKR01,Karol Zakrzewski,2019-12-06,8.61,187
2014ZAKR01,Karol Zakrzewski,2019-12-06,9.23,188
2014ZAKR01,Karol Zakrzewski,2019-12-06,8.5,189
2014ZAKR01,Karol Zakrzewski,2019-12-21,9.07,190
2014ZAKR01,Karol Zakrzewski,2019-12-21,9.16,191
2014ZAKR01,Karol Zakrzewski,2019-12-21,9.45,192
2014ZAKR01,Karol Zakrzewski,2020-01-25,10.54,193
2014ZAKR01,Karol Zakrzewski,2020-01-25,9.51,194
2014ZAKR01,Karol Zakrzewski,2020-01-25,8.93,195
2014ZAKR01,Karol Zakrzewski,2020-03-07,8.38,196
2014ZAKR01,Karol Zakrzewski,2020-03-07,10.26,197
2014ZAKR01,Karol Zakrzewski,2020-03-07,8.71,198
2014ZAKR01,Karol Zakrzewski,2020-08-22,9.0,199
2014ZAKR01,Karol Zakrzewski,2020-08-22,9.46,200
2014ZAKR01,Karol Zakrzewski,2020-08-22,8.36,201
2014ZAKR01,Karol Zakrzewski,2020-09-12,9.32,202
2014ZAKR01,Karol Zakrzewski,2020-09-12,7.44,203
2014ZAKR01,Karol Zakrzewski,2020-09-12,9.24,204
2014ZAKR01,Karol Zakrzewski,2021-07-03,8.61,205
2014ZAKR01,Karol Zakrzewski,2021-07-03,8.74,206
2014ZAKR01,Karol Zakrzewski,2021-07-03,8.42,207
2014ZAKR01,Karol Zakrzewski,2021-07-10,8.69,208
2014ZAKR01,Karol Zakrzewski,2021-07-10,8.58,209
2014ZAKR01,Karol Zakrzewski,2021-07-10,8.38,210
2014ZAKR01,Karol Zakrzewski,2021-07-24,8.31,211
2014ZAKR01,Karol Zakrzewski,2021-07-24,8.64,212
2014ZAKR01,Karol Zakrzewski,2021-07-24,8.86,213
2014ZAKR01,Karol Zakrzewski,2021-08-07,8.88,214
2014ZAKR01,Karol Zakrzewski,2021-08-07,9.06,215
2014ZAKR01,Karol Zakrzewski,2021-08-07,9.31,216
2014ZAKR01,Karol Zakrzewski,2021-08-28,8.3,217
2014ZAKR01,Karol Zakrzewski,2021-08-28,8.09,218
2014ZAKR01,Karol Zakrzewski,2021-08-28,8.4,219
2014ZAKR01,Karol Zakrzewski,2021-09-11,8.83,220
2014ZAKR01,Karol Zakrzewski,2021-09-11,8.42,221
2014ZAKR01,Karol Zakrzewski,2021-09-11,8.12,222
2014ZAKR01,Karol Zakrzewski,2021-09-18,8.72,223
2014ZAKR01,Karol Zakrzewski,2021-09-18,8.39,224
2014ZAKR01,Karol Zakrzewski,2021-09-18,7.99,225
2014ZAKR01,Karol Zakrzewski,2021-10-01,9.16,226
2014ZAKR01,Karol Zakrzewski,2021-10-01,7.96,227
2014ZAKR01,Karol Zakrzewski,2021-10-01,9.41,228
2014ZAKR01,Karol Zakrzewski,2021-11-06,9.16,229
2014ZAKR01,Karol Zakrzewski,2021-11-06,9.02,230
2014ZAKR01,Karol Zakrzewski,2021-11-06,8.16,231
2014ZAKR01,Karol Zakrzewski,2022-03-12,8.79,232
2014ZAKR01,Karol Zakrzewski,2022-03-12,8.24,233
2014ZAKR01,Karol Zakrzewski,2022-03-12,8.48,234
2014ZAKR01,Karol Zakrzewski,2022-04-23,10.09,235
2014ZAKR01,Karol Zakrzewski,2022-04-23,9.79,236
2014ZAKR01,Karol Zakrzewski,2022-04-23,9.27,237
2014ZAKR01,Karol Zakrzewski,2022-04-23,8.63,238
2014ZAKR01,Karol Zakrzewski,2022-05-21,8.71,239
2014ZAKR01,Karol Zakrzewski,2022-05-21,9.16,240
2014ZAKR01,Karol Zakrzewski,2022-05-21,9.94,241
2014ZAKR01,Karol Zakrzewski,2022-05-21,8.91,242
2014ZAKR01,Karol Zakrzewski,2022-06-04,8.29,243
2014ZAKR01,Karol Zakrzewski,2022-06-04,8.27,244
2014ZAKR01,Karol Zakrzewski,2022-06-04,8.49,245
2014ZAKR01,Karol Zakrzewski,2022-06-18,9.01,246
2014ZAKR01,Karol Zakrzewski,2022-06-18,9.31,247
2014ZAKR01,Karol Zakrzewski,2022-06-18,8.16,248
2014ZAKR01,Karol Zakrzewski,2022-07-02,9.0,249
2014ZAKR01,Karol Zakrzewski,2022-07-02,10.09,250
2014ZAKR01,Karol Zakrzewski,2022-07-02,8.52,251
2014ZAKR01,Karol Zakrzewski,2022-07-08,9.11,252
2014ZAKR01,Karol Zakrzewski,2022-07-08,9.57,253
2014ZAKR01,Karol Zakrzewski,2022-07-14,9.19,254
2014ZAKR01,Karol Zakrzewski,2022-07-14,8.63,255
2014ZAKR01,Karol Zakrzewski,2022-07-14,8.35,256
2014ZAKR01,Karol Zakrzewski,2022-07-30,8.99,257
2014ZAKR01,Karol Zakrzewski,2022-07-30,8.59,258
2014ZAKR01,Karol Zakrzewski,2022-07-30,8.55,259
2014ZAKR01,Karol Zakrzewski,2022-07-30,8.81,260
2014ZAKR01,Karol Zakrzewski,2022-08-06,8.8,261
2014ZAKR01,Karol Zakrzewski,2022-08-06,8.75,262
2014ZAKR01,Karol Zakrzewski,2022-08-06,9.06,263
2014ZAKR01,Karol Zakrzewski,2022-08-06,8.02,264
2014ZAKR01,Karol Zakrzewski,2022-08-27,9.28,265
2014ZAKR01,Karol Zakrzewski,2022-08-27,9.38,266
2014ZAKR01,Karol Zakrzewski,2022-08-27,8.38,267
2014ZAKR01,Karol Zakrzewski,2022-08-27,8.86,268
2014ZAKR01,Karol Zakrzewski,2022-09-17,8.95,269
2014ZAKR01,Karol Zakrzewski,2022-09-17,9.96,270
2014ZAKR01,Karol Zakrzewski,2022-09-17,8.93,271
2014ZAKR01,Karol Zakrzewski,2022-09-24,8.58,272
2014ZAKR01,Karol Zakrzewski,2022-09-24,8.21,273
2014ZAKR01,Karol Zakrzewski,2022-09-24,9.27,274
2014ZAKR01,Karol Zakrzewski,2022-10-01,9.8,275
2014ZAKR01,Karol Zakrzewski,2022-10-01,9.47,276
2014ZAKR01,Karol Zakrzewski,2022-10-01,8.54,277
2014ZAKR01,Karol Zakrzewski,2022-10-01,10.41,278
2014ZAKR01,Karol Zakrzewski,2022-10-15,10.49,279
2014ZAKR01,Karol Zakrzewski,2022-10-15,8.69,280
2014ZAKR01,Karol Zakrzewski,2022-10-15,8.61,281
2014ZAKR01,Karol Zakrzewski,2022-10-22,9.94,282
2014ZAKR01,Karol Zakrzewski,2022-10-22,8.11,283
2014ZAKR01,Karol Zakrzewski,2022-10-22,9.51,284
2014ZAKR01,Karol Zakrzewski,2022-11-05,9.81,285
2014ZAKR01,Karol Zakrzewski,2022-11-05,8.88,286
2014ZAKR01,Karol Zakrzewski,2022-11-05,8.86,287
2014ZAKR01,Karol Zakrzewski,2022-11-12,8.25,288
2014ZAKR01,Karol Zakrzewski,2022-11-12,8.41,289
2014ZAKR01,Karol Zakrzewski,2022-11-12,8.22,290
2014ZAKR01,Karol Zakrzewski,2022-11-19,9.59,291
2014ZAKR01,Karol Zakrzewski,2022-11-19,7.86,292
2014ZAKR01,Karol Zakrzewski,2022-11-19,8.72,293
2014ZAKR01,Karol Zakrzewski,2022-11-26,9.19,294
2014ZAKR01,Karol Zakrzewski,2022-11-26,8.89,295
2014ZAKR01,Karol Zakrzewski,2022-11-26,8.35,296
2014ZAKR01,Karol Zakrzewski,2022-12-17,8.19,297
2014ZAKR01,Karol Zakrzewski,2022-12-17,8.14,298
2014ZAKR01,Karol Zakrzewski,2022-12-17,9.87,299
2014ZAKR01,Karol Zakrzewski,2023-01-07,9.9,300
2014ZAKR01,Karol Zakrzewski,2023-01-07,8.23,301
2014ZAKR01,Karol Zakrzewski,2023-01-07,10.08,302
2014ZAKR01,Karol Zakrzewski,2023-01-28,9.3,303
2014ZAKR01,Karol Zakrzewski,2023-01-28,8.84,304
2014ZAKR01,Karol Zakrzewski,2023-01-28,8.8,305
2014ZAKR01,Karol Zakrzewski,2023-02-04,8.71,306
2014ZAKR01,Karol Zakrzewski,2023-02-04,8.91,307
2014ZAKR01,Karol Zakrzewski,2023-02-04,9.75,308
2014ZAKR01,Karol Zakrzewski,2023-02-11,10.1,309
2014ZAKR01,Karol Zakrzewski,2023-02-11,8.24,310
2014ZAKR01,Karol Zakrzewski,2023-02-11,9.12,311
2014ZAKR01,Karol Zakrzewski,2023-02-11,8.18,312
2014ZAKR01,Karol Zakrzewski,2023-02-18,8.42,313
2014ZAKR01,Karol Zakrzewski,2023-02-18,7.9,314
2014ZAKR01,Karol Zakrzewski,2023-02-18,10.03,315
2014ZAKR01,Karol Zakrzewski,2023-02-25,9.11,316
2014ZAKR01,Karol Zakrzewski,2023-02-25,10.46,317
2014ZAKR01,Karol Zakrzewski,2023-03-04,9.16,318
2014ZAKR01,Karol Zakrzewski,2023-03-04,8.84,319
2014ZAKR01,Karol Zakrzewski,2023-03-04,9.0,320
2014ZAKR01,Karol Zakrzewski,2023-03-18,9.23,321
2014ZAKR01,Karol Zakrzewski,2023-03-18,8.09,322
2014ZAKR01,Karol Zakrzewski,2023-03-18,9.14,323
2014ZAKR01,Karol Zakrzewski,2023-04-01,9.33,324
2014ZAKR01,Karol Zakrzewski,2023-04-01,8.41,325
2014ZAKR01,Karol Zakrzewski,2023-04-01,8.67,326
2014ZAKR01,Karol Zakrzewski,2023-04-15,10.36,327
2014ZAKR01,Karol Zakrzewski,2023-04-15,8.45,328
2014ZAKR01,Karol Zakrzewski,2023-04-15,8.53,329
2014ZAKR01,Karol Zakrzewski,2023-05-27,8.35,330
2014ZAKR01,Karol Zakrzewski,2023-05-27,8.36,331
2014ZAKR01,Karol Zakrzewski,2023-05-27,8.42,332
2014ZAKR01,Karol Zakrzewski,2023-06-03,9.67,333
2014ZAKR01,Karol Zakrzewski,2023-06-03,8.81,334
2014ZAKR01,Karol Zakrzewski,2023-06-03,8.99,335
2014ZAKR01,Karol Zakrzewski,2023-06-10,8.75,336
2014ZAKR01,Karol Zakrzewski,2023-06-10,9.37,337
2014ZAKR01,Karol Zakrzewski,2023-06-10,8.51,338
2014ZAKR01,Karol Zakrzewski,2023-06-17,8.33,339
2014ZAKR01,Karol Zakrzewski,2023-06-24,8.46,340
2014ZAKR01,Karol Zakrzewski,2023-06-24,8.65,341
2014ZAKR01,Karol Zakrzewski,2023-06-24,8.43,342
2014ZAKR01,Karol Zakrzewski,2023-06-30,9.17,343
2014ZAKR01,Karol Zakrzewski,2023-06-30,8.79,344
2014ZAKR01,Karol Zakrzewski,2023-06-30,7.76,345
2014ZAKR01,Karol Zakrzewski,2023-07-08,8.42,346
2014ZAKR01,Karol Zakrzewski,2023-07-08,9.7,347
2014ZAKR01,Karol Zakrzewski,2023-07-28,8.26,348
2014ZAKR01,Karol Zakrzewski,2023-07-28,8.37,349
2014ZAKR01,Karol Zakrzewski,2023-08-12,7.88,350
2014ZAKR01,Karol Zakrzewski,2023-08-12,9.11,351
2014ZAKR01,Karol Zakrzewski,2023-08-12,9.41,352
2014ZAKR01,Karol Zakrzewski,2023-08-19,8.62,353
2014ZAKR01,Karol Zakrzewski,2023-08-19,8.64,354
2014ZAKR01,Karol Zakrzewski,2023-08-19,8.87,355
2014ZAKR01,Karol Zakrzewski,2023-09-02,8.67,356
2014ZAKR01,Karol Zakrzewski,2023-09-02,8.7,357
2014ZAKR01,Karol Zakrzewski,2023-09-02,7.88,358
2014ZAKR01,Karol Zakrzewski,2023-09-03,8.11,359
2014ZAKR01,Karol Zakrzewski,2023-09-03,8.47,360
2014ZAKR01,Karol Zakrzewski,2023-09-03,9.02,361
2014ZAKR01,Karol Zakrzewski,2023-09-09,9.5,362
2014ZAKR01,Karol Zakrzewski,2023-09-09,9.41,363
2014ZAKR01,Karol Zakrzewski,2023-09-09,9.71,364
2014ZAKR01,Karol Zakrzewski,2023-09-16,8.72,365
2014ZAKR01,Karol Zakrzewski,2023-09-16,8.92,366
2014ZAKR01,Karol Zakrzewski,2023-09-16,8.47,367
2014ZAKR01,Karol Zakrzewski,2023-10-06,8.82,368
2014ZAKR01,Karol Zakrzewski,2023-10-06,8.08,369
2014ZAKR01,Karol Zakrzewski,2023-10-06,8.5,370
2014ZAKR01,Karol Zakrzewski,2023-10-14,9.3,371
2014ZAKR01,Karol Zakrzewski,2023-10-14,9.53,372
2014ZAKR01,Karol Zakrzewski,2023-11-11,9.37,373
2014ZAKR01,Karol Zakrzewski,2023-11-25,8.72,374
2014ZAKR01,Karol Zakrzewski,2023-11-25,9.43,375
2014ZAKR01,Karol Zakrzewski,2023-11-25,8.92,376
2014ZAKR01,Karol Zakrzewski,2023-12-09,8.46,377
2014ZAKR01,Karol Zakrzewski,2023-12-09,7.95,378
2014ZAKR01,Karol Zakrzewski,2023-12-16,8.69,379
2014ZAKR01,Karol Zakrzewski,2023-12-16,8.26,380
2014ZAKR01,Karol Zakrzewski,2023-12-16,8.18,381
2014ZAKR01,Karol Zakrzewski,2024-01-13,8.63,382
2014ZAKR01,Karol Zakrzewski,2024-01-13,9.4,383
2014ZAKR01,Karol Zakrzewski,2024-01-13,8.62,384
2014ZAKR01,Karol Zakrzewski,2024-01-20,9.03,385
2014ZAKR01,Karol Zakrzewski,2024-01-20,9.35,386
2014ZAKR01,Karol Zakrzewski,2024-01-20,10.13,387
2014ZAKR01,Karol Zakrzewski,2024-02-03,9.21,388
2014ZAKR01,Karol Zakrzewski,2024-02-03,9.24,389
2014ZAKR01,Karol Zakrzewski,2024-02-03,9.69,390
2014ZAKR01,Karol Zakrzewski,2024-02-10,8.21,391
2014ZAKR01,Karol Zakrzewski,2024-02-10,8.14,392
2014ZAKR01,Karol Zakrzewski,2024-02-10,8.82,393
2014ZAKR01,Karol Zakrzewski,2024-03-02,9.89,394
2014ZAKR01,Karol Zakrzewski,2024-03-02,9.22,395
2014ZAKR01,Karol Zakrzewski,2024-03-02,9.46,396
2014ZAKR01,Karol Zakrzewski,2024-03-16,8.03,397
2014ZAKR01,Karol Zakrzewski,2024-03-16,9.22,398
2014ZAKR01,Karol Zakrzewski,2024-03-16,9.03,399
2014ZAKR01,Karol Zakrzewski,2024-03-23,8.06,400
2014ZAKR01,Karol Zakrzewski,2024-03-23,9.05,401
2014ZAKR01,Karol Zakrzewski,2024-03-23,10.89,402
2014ZAKR01,Karol Zakrzewski,2024-04-06,8.64,403
2014ZAKR01,Karol Zakrzewski,2024-04-06,9.49,404
2014ZAKR01,Karol Zakrzewski,2024-04-06,9.64,405
2014ZAKR01,Karol Zakrzewski,2024-04-13,8.45,406
2014ZAKR01,Karol Zakrzewski,2024-04-13,8.85,407
2014ZAKR01,Karol Zakrzewski,2024-04-13,9.89,408
2014ZAKR01,Karol Zakrzewski,2024-04-20,9.43,409
2014ZAKR01,Karol Zakrzewski,2024-04-20,7.88,410
2014ZAKR01,Karol Zakrzewski,2024-04-20,9.18,411
2014ZAKR01,Karol Zakrzewski,2024-05-11,8.07,412
2014ZAKR01,Karol Zakrzewski,2024-05-11,8.69,413
2014ZAKR01,Karol Zakrzewski,2024-05-11,9.89,414
2014ZAKR01,Karol Zakrzewski,2024-05-17,9.44,415
2014ZAKR01,Karol Zakrzewski,2024-05-17,8.12,416
2014ZAKR01,Karol Zakrzewski,2024-05-17,8.59,417
2014ZAKR01,Karol Zakrzewski,2024-05-31,8.46,418
2014ZAKR01,Karol Zakrzewski,2024-05-31,8.47,419
2014ZAKR01,Karol Zakrzewski,2024-05-31,8.86,420
2014ZAKR01,Karol Zakrzewski,2024-06-08,9.34,421
2014ZAKR01,Karol Zakrzewski,2024-06-08,8.04,422
2014ZAKR01,Karol Zakrzewski,2024-06-15,8.81,423
2014ZAKR01,Karol Zakrzewski,2024-06-15,9.06,424
2014ZAKR01,Karol Zakrzewski,2024-06-22,9.65,425
2014ZAKR01,Karol Zakrzewski,2024-06-22,9.13,426
2014ZAKR01,Karol Zakrzewski,2024-06-29,8.94,427
2014ZAKR01,Karol Zakrzewski,2024-06-29,8.0,428
2014ZAKR01,Karol Zakrzewski,2024-06-29,10.03,429
2014ZAKR01,Karol Zakrzewski,2024-07-06,8.7,430
2014ZAKR01,Karol Zakrzewski,2024-07-06,10.52,431
2014ZAKR01,Karol Zakrzewski,2024-07-13,9.55,432
2014ZAKR01,Karol Zakrzewski,2024-07-13,9.64,433
2014ZAKR01,Karol Zakrzewski,2024-07-27,8.14,434
2014ZAKR01,Karol Zakrzewski,2024-07-27,9.2,435
2014ZAKR01,Karol Zakrzewski,2024-08-03,8.57,436
2014ZAKR01,Karol Zakrzewski,2024-08-03,9.6,437
2014ZAKR01,Karol Zakrzewski,2024-08-03,10.44,438
2014ZAKR01,Karol Zakrzewski,2024-08-24,9.95,439
2014ZAKR01,Karol Zakrzewski,2024-08-24,8.93,440
2014ZAKR01,Karol Zakrzewski,2024-09-14,8.29,441
2014ZAKR01,Karol Zakrzewski,2024-09-14,9.05,442
2014ZAKR01,Karol Zakrzewski,2024-09-21,8.69,443
2014ZAKR01,Karol Zakrzewski,2024-09-21,9.54,444
2014ZAKR01,Karol Zakrzewski,2024-09-21,9.52,445
2014ZAKR01,Karol Zakrzewski,2024-09-28,9.75,446
2014ZAKR01,Karol Zakrzewski,2024-09-28,8.81,447
2014ZAKR01,Karol Zakrzewski,2024-09-28,8.93,448
2014ZAKR01,Karol Zakrzewski,2024-10-12,8.67,449
2014ZAKR01,Karol Zakrzewski,2024-10-12,9.9,450
2014ZAKR01,Karol Zakrzewski,2024-10-12,8.94,451
2014ZAKR01,Karol Zakrzewski,2024-10-26,10.87,452
2014ZAKR01,Karol Zakrzewski,2024-10-26,9.7,453
2014ZAKR01,Karol Zakrzewski,2024-11-07,8.3,454
2014ZAKR01,Karol Zakrzewski,2024-11-07,9.3,455
2014ZAKR01,Karol Zakrzewski,2024-11-07,9.23,456
2014ZAKR01,Karol Zakrzewski,2024-11-16,8.13,457
2014ZAKR01,Karol Zakrzewski,2024-11-16,8.71,458
2014ZAKR01,Karol Zakrzewski,2024-11-16,9.14,459
2014ZAKR01,Karol Zakrzewski,2024-11-23,8.54,460
2014ZAKR01,Karol Zakrzewski,2024-11-23,9.1,461
2014ZAKR01,Karol Zakrzewski,2024-11-30,8.32,462
2014ZAKR01,Karol Zakrzewski,2024-11-30,9.45,463
2014ZAKR01,Karol Zakrzewski,2024-12-07,9.28,464
2014ZAKR01,Karol Zakrzewski,2024-12-07,8.25,465
2014ZAKR01,Karol Zakrzewski,2024-12-07,7.78,466
2014ZAKR01,Karol Zakrzewski,2024-12-14,8.91,467
2014ZAKR01,Karol Zakrzewski,2024-12-14,9.46,468
2014ZAKR01,Karol Zakrzewski,2024-12-14,8.07,469
2014ZAKR01,Karol Zakrzewski,2024-12-14,9.43,470
2014ZAKR01,Karol Zakrzewski,2024-12-14,8.73,471
2014ZAKR01,Karol Zakrzewski,2024-12-14,8.37,472
2014ZAKR01,Karol Zakrzewski,2025-01-11,8.6,473
2014ZAKR01,Karol Zakrzewski,2025-01-11,7.73,474
2014ZAKR01,Karol Zakrzewski,2025-01-11,9.23,475
2014ZAKR01,Karol Zakrzewski,2025-01-25,8.54,476
2014ZAKR01,Karol Zakrzewski,2025-01-25,9.0,477
2014ZAKR01,Karol Zakrzewski,2025-02-01,9.97,478
2014ZAKR01,Karol Zakrzewski,2025-02-01,9.15,479
2014ZAKR01,Karol Zakrzewski,2025-02-08,9.07,480
2014ZAKR01,Karol Zakrzewski,2025-02-08,8.76,481
2014ZAKR01,Karol Zakrzewski,2025-02-08,9.07,482
2014ZAKR01,Karol Zakrzewski,2025-02-15,10.81,483
2014ZAKR01,Karol Zakrzewski,2025-02-15,8.38,484
2014ZAKR01,Karol Zakrzewski,2025-02-15,7.98,485
2014ZAKR01,Karol Zakrzewski,2025-02-16,8.78,486
2014ZAKR01,Karol Zakrzewski,2025-02-16,9.29,487
2014ZAKR01,Karol Zakrzewski,2025-02-16,8.42,488
2014ZAKR01,Karol Zakrzewski,2025-02-21,9.29,489
2014ZAKR01,Karol Zakrzewski,2025-02-21,8.62,490
2014ZAKR01,Karol Zakrzewski,2025-02-21,7.74,491
2014ZAKR01,Karol Zakrzewski,2025-03-08,10.37,492
2014ZAKR01,Karol Zakrzewski,2025-03-08,8.9,493
2014ZAKR01,Karol Zakrzewski,2025-03-15,8.46,494
2014ZAKR01,Karol Zakrzewski,2025-03-15,8.74,495
2014ZAKR01,Karol Zakrzewski,2025-03-15,8.11,496
2014ZAKR01,Karol Zakrzewski,2025-03-22,9.07,497
2014ZAKR01,Karol Zakrzewski,2025-03-22,8.03,498
2014ZAKR01,Karol Zakrzewski,2025-03-22,9.07,499
2014ZAKR01,Karol Zakrzewski,2025-03-29,9.22,500
2014ZAKR01,Karol Zakrzewski,2025-03-29,8.76,501
2014ZAKR01,Karol Zakrzewski,2025-03-29,8.8,502
2014ZAKR01,Karol Zakrzewski,2025-04-05,8.91,503
2014ZAKR01,Karol Zakrzewski,2025-04-05,8.27,504
2014ZAKR01,Karol Zakrzewski,2025-04-05,8.13,505
2014ZAKR01,Karol Zakrzewski,2025-04-05,8.05,506
2014ZAKR01,Karol Zakrzewski,2025-04-12,9.61,507
2014ZAKR01,Karol Zakrzewski,2025-04-12,7.96,508
2014ZAKR01,Karol Zakrzewski,2025-04-12,9.42,509
2014ZAKR01,Karol Zakrzewski,2025-04-26,9.3,510
2014ZAKR01,Karol Zakrzewski,2025-04-26,9.12,511
2014ZAKR01,Karol Zakrzewski,2025-04-26,8.58,512
2014ZAKR01,Karol Zakrzewski,2025-05-10,8.26,513
2014ZAKR01,Karol Zakrzewski,2025-05-10,8.74,514
2014ZAKR01,Karol Zakrzewski,2025-05-10,8.67,515
2014ZAKR01,Karol Zakrzewski,2025-05-17,9.75,516
2014ZAKR01,Karol Zakrzewski,2025-05-17,8.2,517
2014ZAKR01,Karol Zakrzewski,2025-05-17,9.01,518
2014ZAKR01,Karol Zakrzewski,2025-05-24,8.25,519
2014ZAKR01,Karol Zakrzewski,2025-05-24,9.8,520
2014ZAKR01,Karol Zakrzewski,2025-05-31,8.08,521
2014ZAKR01,Karol Zakrzewski,2025-06-01,7.77,522
2014ZAKR01,Karol Zakrzewski,2025-06-01,7.89,523
2014ZAKR01,Karol Zakrzewski,2025-06-01,8.41,524
2014ZAKR01,Karol Zakrzewski,2025-06-07,8.5,525
2014ZAKR01,Karol Zakrzewski,2025-06-07,9.2,526
2014ZAKR01,Karol Zakrzewski,2025-06-07,7.75,527
2014ZAKR01,Karol Zakrzewski,2025-06-14,7.59,528
2014ZAKR01,Karol Zakrzewski,2025-06-14,8.54,529
2014ZAKR01,Karol Zakrzewski,2025-06-14,8.9,530
2014ZAKR01,Karol Zakrzewski,2025-06-14,8.72,531
2014ZAKR01,Karol Zakrzewski,2025-06-14,7.71,532
2014ZAKR01,Karol Zakrzewski,2025-06-14,9.02,533
2014ZAKR01,Karol Zakrzewski,2025-06-21,8.31,534
2014ZAKR01,Karol Zakrzewski,2025-06-21,8.67,535
2014ZAKR01,Karol Zakrzewski,2025-06-21,9.8,536
2014ZAKR01,Karol Zakrzewski,2025-06-28,8.47,537
2014ZAKR01,Karol Zakrzewski,2025-06-28,9.02,538
2014ZAKR01,Karol Zakrzewski,2025-06-28,9.46,539
2014ZAKR01,Karol Zakrzewski,2025-07-04,9.9,540
2014ZAKR01,Karol Zakrzewski,2025-07-04,8.12,541
2014ZAKR01,Karol Zakrzewski,2025-07-04,9.61,542
2014ZAKR01,Karol Zakrzewski,2025-07-11,9.24,543
2014ZAKR01,Karol Zakrzewski,2025-07-11,8.81,544
2014ZAKR01,Karol Zakrzewski,2025-07-11,8.36,545
2014ZAKR01,Karol Zakrzewski,2025-07-19,8.79,546
2014ZAKR01,Karol Zakrzewski,2025-07-19,9.42,547
2014ZAKR01,Karol Zakrzewski,2025-07-19,8.49,548
2014ZAKR01,Karol Zakrzewski,2025-07-26,9.28,549
2014ZAKR01,Karol Zakrzewski,2025-07-26,9.21,550
2014ZAKR01,Karol Zakrzewski,2025-08-16,8.76,551
2014ZAKR01,Karol Zakrzewski,2025-08-16,8.59,552
2014ZAKR01,Karol Zakrzewski,2025-08-16,8.58,553
2014ZAKR01,Karol Zakrzewski,2025-08-23,7.89,554
2014ZAKR01,Karol Zakrzewski,2025-08-23,9.05,555
2014ZAKR01,Karol Zakrzewski,2025-08-30,9.2,556
2014ZAKR01,Karol Zakrzewski,2025-08-30,9.09,557
2014ZAKR01,Karol Zakrzewski,2025-08-30,8.37,558
2014ZAKR01,Karol Zakrzewski,2025-09-05,8.39,559
2014ZAKR01,Karol Zakrzewski,2025-09-05,8.8,560
2014ZAKR01,Karol Zakrzewski,2025-09-05,8.77,561
2014ZAKR01,Karol Zakrzewski,2025-09-13,8.46,562
2014ZAKR01,Karol Zakrzewski,2025-09-13,9.35,563
2014ZAKR01,Karol Zakrzewski,2025-09-13,9.85,564
2014ZAKR01,Karol Zakrzewski,2025-09-20,8.5,565
2014ZAKR01,Karol Zakrzewski,2025-09-20,8.47,566
2014ZAKR01,Karol Zakrzewski,2025-09-20,9.35,567
2014ZAKR01,Karol Zakrzewski,2025-09-27,8.65,568
2014ZAKR01,Karol Zakrzewski,2025-09-27,8.71,569
2014ZAKR01,Karol Zakrzewski,2025-10-04,9.18,570
2014ZAKR01,Karol Zakrzewski,2025-10-04,8.46,571
2014ZAKR01,Karol Zakrzewski,2025-10-04,8.78,572
2014ZAKR01,Karol Zakrzewski,2025-10-12,9.21,573
2014ZAKR01,Karol Zakrzewski,2025-10-12,8.47,574
2014ZAKR01,Karol Zakrzewski,2025-10-12,9.16,575
2014ZAKR01,Karol Zakrzewski,2025-10-18,9.32,576
2014ZAKR01,Karol Zakrzewski,2025-10-18,8.95,577
2014ZAKR01,Karol Zakrzewski,2025-10-18,7.94,578
2014ZAKR01,Karol Zakrzewski,2025-10-25,9.07,579
2014ZAKR01,Karol Zakrzewski,2025-10-25,8.66,580
2014ZAKR01,Karol Zakrzewski,2025-10-25,8.08,581
2014ZAKR01,Karol Zakrzewski,2025-11-02,9.47,582
2014ZAKR01,Karol Zakrzewski,2025-11-02,8.81,583
2014ZAKR01,Karol Zakrzewski,2025-11-02,9.74,584
2014ZAKR01,Karol Zakrzewski,2025-11-13,9.26,585
2014ZAKR01,Karol Zakrzewski,2025-11-13,9.56,586
2014ZAKR01,Karol Zakrzewski,2025-11-13,9.56,587
2014ZAKR01,Karol Zakrzewski,2025-11-22,8.6,588
2014ZAKR01,Karol Zakrzewski,2025-11-22,8.48,589
2014ZAKR01,Karol Zakrzewski,2025-11-22,8.01,590
2014ZAKR01,Karol Zakrzewski,2025-11-29,9.61,591
2014ZAKR01,Karol Zakrzewski,2025-11-29,8.56,592
2014ZAKR01,Karol Zakrzewski,2025-11-29,8.78,593
2014ZAKR01,Karol Zakrzewski,2025-12-06,9.37,594
2014ZAKR01,Karol Zakrzewski,2025-12-06,8.88,595
2014ZAKR01,Karol Zakrzewski,2025-12-06,9.4,596
2014ZAKR01,Karol Zakrzewski,2025-12-13,9.02,597
2014ZAKR01,Karol Zakrzewski,2025-12-13,9.65,598
2014ZAKR01,Karol Zakrzewski,2025-12-20,9.24,599
2014ZAKR01,Karol Zakrzewski,2025-12-20,9.79,600
2014ZAKR01,Karol Zakrzewski,2026-01-10,9.18,601
2014ZAKR01,Karol Zakrzewski,2026-01-10,8.65,602
2014ZAKR01,Karol Zakrzewski,2026-01-10,8.4,603
2014ZAKR01,Karol Zakrzewski,2026-01-24,9.49,604
2014ZAKR01,Karol Zakrzewski,2026-01-24,8.57,605
2014ZAKR01,Karol Zakrzewski,2026-01-24,9.08,606
2014ZAKR01,Karol Zakrzewski,2026-01-31,7.7,607
2014ZAKR01,Karol Zakrzewski,2026-01-31,8.8,608
2014ZAKR01,Karol Zakrzewski,2026-01-31,9.89,609
2014ZAKR01,Karol Zakrzewski,2026-02-07,9.55,610
2014ZAKR01,Karol Zakrzewski,2026-02-07,9.03,611
2014ZAKR01,Karol Zakrzewski,2026-02-07,8.52,612
2014ZAKR01,Karol Zakrzewski,2026-02-14,8.55,613
2014ZAKR01,Karol Zakrzewski,2026-02-14,9.33,614
2014ZAKR01,Karol Zakrzewski,2026-02-14,9.04,615
2014ZAKR01,Karol Zakrzewski,2026-02-21,8.94,616
2014ZAKR01,Karol Zakrzewski,2026-02-21,8.25,617
2014ZAKR01,Karol Zakrzewski,2026-02-21,9.16,618
2014ZAKR01,Karol Zakrzewski,2026-03-07,8.65,619
2014ZAKR01,Karol Zakrzewski,2026-03-07,8.36,620
2014ZAKR01,Karol Zakrzewski,2026-03-07,9.13,621
2014ZAKR01,Karol Zakrzewski,2026-03-14,9.94,622
2014ZAKR01,Karol Zakrzewski,2026-03-14,8.22,623
2014ZAKR01,Karol Zakrzewski,2026-03-14,9.77,624
2014ZAKR01,Karol Zakrzewski,2026-03-28,8.93,625
2014ZAKR01,Karol Zakrzewski,2026-03-28,8.8,626
2014ZAKR01,Karol Zakrzewski,2026-03-28,8.49,627
2014ZAKR01,Karol Zakrzewski,2026-04-11,7.53,628
2014ZAKR01,Karol Zakrzewski,2026-04-11,9.13,629
2014ZAKR01,Karol Zakrzewski,2026-04-11,8.58,630
2014ZAKR01,Karol Zakrzewski,2026-04-18,8.8,631
2014ZAKR01,Karol Zakrzewski,2026-04-18,8.73,632
2014ZAKR01,Karol Zakrzewski,2026-04-18,8.89,633
2014ZAKR01,Karol Zakrzewski,2026-04-18,10.09,634
2014ZAKR01,Karol Zakrzewski,2026-04-18,8.98,635
2014ZAKR01,Karol Zakrzewski,2026-04-18,8.57,636
2014ZAKR01,Karol Zakrzewski,2026-04-25,9.16,637
2014ZAKR01,Karol Zakrzewski,2026-04-25,8.94,638
2014ZAKR01,Karol Zakrzewski,2026-04-25,8.16,639
2014ZAKR01,Karol Zakrzewski,2026-05-01,10.08,640
2014ZAKR01,Karol Zakrzewski,2026-05-01,9.53,641
2014ZAKR01,Karol Zakrzewski,2026-05-01,8.76,642
2014ZAKR01,Karol Zakrzewski,2026-05-01,7.77,643
2014ZAKR01,Karol Zakrzewski,2026-05-16,9.4,644
2014ZAKR01,Karol Zakrzewski,2026-05-16,9.16,645
2014ZAKR01,Karol Zakrzewski,2026-05-23,9.87,646
2014ZAKR01,Karol Zakrzewski,2026-05-23,8.96,647
2014ZAKR01,Karol Zakrzewski,2026-05-23,8.64,648
2015KUCA01,Carter Kucala,2015-10-24,18.99,1
2015KUCA01,Carter Kucala,2015-10-24,17.91,2
2015KUCA01,Carter Kucala,2016-05-21,19.18,3
2015KUCA01,Carter Kucala,2016-05-21,17.07,4
2015KUCA01,Carter Kucala,2016-09-03,15.57,5
2015KUCA01,Carter Kucala,2016-09-03,16.47,6
2015KUCA01,Carter Kucala,2016-11-05,13.63,7
2015KUCA01,Carter Kucala,2016-11-05,13.05,8
2015KUCA01,Carter Kucala,2016-11-05,12.28,9
2015KUCA01,Carter Kucala,2016-11-12,15.88,10
2015KUCA01,Carter Kucala,2016-11-12,15.77,11
2015KUCA01,Carter Kucala,2016-11-12,15.63,12
2015KUCA01,Carter Kucala,2016-12-10,14.22,13
2015KUCA01,Carter Kucala,2016-12-10,13.63,14
2015KUCA01,Carter Kucala,2017-03-18,12.17,15
2015KUCA01,Carter Kucala,2017-03-18,13.49,16
2015KUCA01,Carter Kucala,2017-03-18,12.8,17
2015KUCA01,Carter Kucala,2017-05-06,14.34,18
2015KUCA01,Carter Kucala,2017-05-06,13.06,19
2015KUCA01,Carter Kucala,2017-05-06,13.69,20
2015KUCA01,Carter Kucala,2017-07-01,11.85,21
2015KUCA01,Carter Kucala,2017-07-01,11.64,22
2015KUCA01,Carter Kucala,2017-07-01,14.43,23
2015KUCA01,Carter Kucala,2017-07-07,13.04,24
2015KUCA01,Carter Kucala,2017-07-07,12.33,25
2015KUCA01,Carter Kucala,2017-08-05,12.81,26
2015KUCA01,Carter Kucala,2017-08-05,12.45,27
2015KUCA01,Carter Kucala,2017-09-16,12.27,28
2015KUCA01,Carter Kucala,2017-09-16,11.74,29
2015KUCA01,Carter Kucala,2017-09-16,12.34,30
2015KUCA01,Carter Kucala,2017-10-28,13.15,31
2015KUCA01,Carter Kucala,2017-10-28,13.35,32
2015KUCA01,Carter Kucala,2017-10-28,10.6,33
2015KUCA01,Carter Kucala,2017-11-12,11.05,34
2015KUCA01,Carter Kucala,2017-11-12,10.38,35
2015KUCA01,Carter Kucala,2017-11-12,11.0,36
2015KUCA01,Carter Kucala,2017-12-09,13.36,37
2015KUCA01,Carter Kucala,2017-12-09,11.86,38
2015KUCA01,Carter Kucala,2017-12-09,11.21,39
2015KUCA01,Carter Kucala,2017-12-31,12.07,40
2015KUCA01,Carter Kucala,2017-12-31,12.17,41
2015KUCA01,Carter Kucala,2018-01-13,11.23,42
2015KUCA01,Carter Kucala,2018-01-13,12.68,43
2015KUCA01,Carter Kucala,2018-01-27,13.38,44
2015KUCA01,Carter Kucala,2018-01-27,11.18,45
2015KUCA01,Carter Kucala,2018-01-27,14.7,46
2015KUCA01,Carter Kucala,2018-03-09,10.95,47
2015KUCA01,Carter Kucala,2018-03-09,10.3,48
2015KUCA01,Carter Kucala,2018-03-09,11.02,49
2015KUCA01,Carter Kucala,2018-03-31,10.28,50
2015KUCA01,Carter Kucala,2018-03-31,11.99,51
2015KUCA01,Carter Kucala,2018-03-31,10.7,52
2015KUCA01,Carter Kucala,2018-04-14,10.6,53
2015KUCA01,Carter Kucala,2018-04-14,10.76,54
2015KUCA01,Carter Kucala,2018-04-14,10.59,55
2015KUCA01,Carter Kucala,2018-04-14,10.94,56
2015KUCA01,Carter Kucala,2018-05-12,11.11,57
2015KUCA01,Carter Kucala,2018-05-12,10.65,58
2015KUCA01,Carter Kucala,2018-05-12,10.59,59
2015KUCA01,Carter Kucala,2018-05-26,11.77,60
2015KUCA01,Carter Kucala,2018-05-26,10.96,61
2015KUCA01,Carter Kucala,2018-05-26,10.68,62
2015KUCA01,Carter Kucala,2018-07-27,9.8,63
2015KUCA01,Carter Kucala,2018-07-27,10.75,64
2015KUCA01,Carter Kucala,2018-08-11,9.94,65
2015KUCA01,Carter Kucala,2018-08-11,10.45,66
2015KUCA01,Carter Kucala,2018-08-11,10.42,67
2015KUCA01,Carter Kucala,2018-09-02,9.76,68
2015KUCA01,Carter Kucala,2018-09-02,9.86,69
2015KUCA01,Carter Kucala,2018-09-02,10.19,70
2015KUCA01,Carter Kucala,2018-10-07,9.12,71
2015KUCA01,Carter Kucala,2018-10-07,10.8,72
2015KUCA01,Carter Kucala,2018-10-07,9.75,73
2015KUCA01,Carter Kucala,2018-10-20,8.67,74
2015KUCA01,Carter Kucala,2018-10-20,9.98,75
2015KUCA01,Carter Kucala,2018-10-20,11.49,76
2015KUCA01,Carter Kucala,2018-11-10,8.87,77
2015KUCA01,Carter Kucala,2018-11-10,9.65,78
2015KUCA01,Carter Kucala,2018-11-10,8.46,79
2015KUCA01,Carter Kucala,2018-11-17,10.23,80
2015KUCA01,Carter Kucala,2018-11-17,9.81,81
2015KUCA01,Carter Kucala,2018-11-17,8.95,82
2015KUCA01,Carter Kucala,2018-12-08,9.28,83
2015KUCA01,Carter Kucala,2018-12-08,9.07,84
2015KUCA01,Carter Kucala,2018-12-08,8.79,85
2015KUCA01,Carter Kucala,2018-12-15,9.12,86
2015KUCA01,Carter Kucala,2018-12-15,8.49,87
2015KUCA01,Carter Kucala,2018-12-15,10.12,88
2015KUCA01,Carter Kucala,2018-12-31,9.16,89
2015KUCA01,Carter Kucala,2018-12-31,11.01,90
2015KUCA01,Carter Kucala,2018-12-31,9.53,91
2015KUCA01,Carter Kucala,2019-01-26,8.24,92
2015KUCA01,Carter Kucala,2019-01-26,8.65,93
2015KUCA01,Carter Kucala,2019-01-26,9.77,94
2015KUCA01,Carter Kucala,2019-02-02,9.99,95
2015KUCA01,Carter Kucala,2019-02-02,8.31,96
2015KUCA01,Carter Kucala,2019-02-09,8.48,97
2015KUCA01,Carter Kucala,2019-02-09,7.96,98
2015KUCA01,Carter Kucala,2019-02-09,9.47,99
2015KUCA01,Carter Kucala,2019-03-09,10.15,100
2015KUCA01,Carter Kucala,2019-03-09,8.97,101
2015KUCA01,Carter Kucala,2019-03-09,10.22,102
2015KUCA01,Carter Kucala,2019-03-30,9.08,103
2015KUCA01,Carter Kucala,2019-03-30,8.91,104
2015KUCA01,Carter Kucala,2019-03-30,10.21,105
2015KUCA01,Carter Kucala,2019-04-13,8.95,106
2015KUCA01,Carter Kucala,2019-04-13,10.31,107
2015KUCA01,Carter Kucala,2019-04-13,9.12,108
2015KUCA01,Carter Kucala,2019-04-27,8.85,109
2015KUCA01,Carter Kucala,2019-04-27,9.15,110
2015KUCA01,Carter Kucala,2019-04-27,9.36,111
2015KUCA01,Carter Kucala,2019-05-24,10.55,112
2015KUCA01,Carter Kucala,2019-05-24,9.47,113
2015KUCA01,Carter Kucala,2019-05-24,8.81,114
2015KUCA01,Carter Kucala,2019-05-24,9.23,115
2015KUCA01,Carter Kucala,2019-06-16,10.03,116
2015KUCA01,Carter Kucala,2019-06-16,10.67,117
2015KUCA01,Carter Kucala,2019-06-16,10.12,118
2015KUCA01,Carter Kucala,2019-06-22,9.34,119
2015KUCA01,Carter Kucala,2019-06-22,8.96,120
2015KUCA01,Carter Kucala,2019-06-22,9.54,121
2015KUCA01,Carter Kucala,2019-07-11,9.35,122
2015KUCA01,Carter Kucala,2019-07-11,8.33,123
2015KUCA01,Carter Kucala,2019-07-11,8.82,124
2015KUCA01,Carter Kucala,2019-08-01,8.74,125
2015KUCA01,Carter Kucala,2019-08-01,9.18,126
2015KUCA01,Carter Kucala,2019-08-01,9.11,127
2015KUCA01,Carter Kucala,2019-08-24,9.9,128
2015KUCA01,Carter Kucala,2019-08-24,8.94,129
2015KUCA01,Carter Kucala,2019-08-24,8.44,130
2015KUCA01,Carter Kucala,2019-09-21,8.4,131
2015KUCA01,Carter Kucala,2019-09-21,8.48,132
2015KUCA01,Carter Kucala,2019-09-28,9.77,133
2015KUCA01,Carter Kucala,2019-09-28,8.73,134
2015KUCA01,Carter Kucala,2019-09-28,7.97,135
2015KUCA01,Carter Kucala,2019-10-05,9.33,136
2015KUCA01,Carter Kucala,2019-10-05,8.71,137
2015KUCA01,Carter Kucala,2019-10-05,10.01,138
2015KUCA01,Carter Kucala,2019-10-19,9.01,139
2015KUCA01,Carter Kucala,2019-10-19,9.18,140
2015KUCA01,Carter Kucala,2019-10-19,8.97,141
2015KUCA01,Carter Kucala,2019-11-02,8.98,142
2015KUCA01,Carter Kucala,2019-11-02,8.79,143
2015KUCA01,Carter Kucala,2019-11-02,11.17,144
2015KUCA01,Carter Kucala,2019-11-02,8.66,145
2015KUCA01,Carter Kucala,2019-11-23,9.24,146
2015KUCA01,Carter Kucala,2019-11-23,8.42,147
2015KUCA01,Carter Kucala,2019-11-23,9.02,148
2015KUCA01,Carter Kucala,2019-12-14,8.4,149
2015KUCA01,Carter Kucala,2019-12-14,7.97,150
2015KUCA01,Carter Kucala,2019-12-14,8.27,151
2015KUCA01,Carter Kucala,2019-12-21,8.57,152
2015KUCA01,Carter Kucala,2019-12-21,7.91,153
2015KUCA01,Carter Kucala,2019-12-30,8.78,154
2015KUCA01,Carter Kucala,2020-01-18,9.34,155
2015KUCA01,Carter Kucala,2020-01-18,9.6,156
2015KUCA01,Carter Kucala,2020-01-18,8.02,157
2015KUCA01,Carter Kucala,2020-02-01,7.64,158
2015KUCA01,Carter Kucala,2020-02-16,8.59,159
2015KUCA01,Carter Kucala,2020-02-16,8.44,160
2015KUCA01,Carter Kucala,2020-02-16,10.84,161
2015KUCA01,Carter Kucala,2020-03-07,9.11,162
2015KUCA01,Carter Kucala,2020-03-07,8.18,163
2015KUCA01,Carter Kucala,2020-03-07,8.79,164
2015KUCA01,Carter Kucala,2021-07-17,8.05,165
2015KUCA01,Carter Kucala,2021-07-17,9.15,166
2015KUCA01,Carter Kucala,2021-07-24,8.23,167
2015KUCA01,Carter Kucala,2021-07-24,8.48,168
2015KUCA01,Carter Kucala,2021-07-24,7.94,169
2015KUCA01,Carter Kucala,2021-10-30,8.59,170
2015KUCA01,Carter Kucala,2021-10-30,7.03,171
2015KUCA01,Carter Kucala,2021-10-30,8.33,172
2015KUCA01,Carter Kucala,2021-11-13,8.01,173
2015KUCA01,Carter Kucala,2021-11-13,7.66,174
2015KUCA01,Carter Kucala,2021-11-13,7.81,175
2015KUCA01,Carter Kucala,2021-11-26,9.17,176
2015KUCA01,Carter Kucala,2021-12-04,8.45,177
2015KUCA01,Carter Kucala,2021-12-04,7.8,178
2015KUCA01,Carter Kucala,2021-12-04,9.03,179
2015KUCA01,Carter Kucala,2021-12-18,8.08,180
2015KUCA01,Carter Kucala,2021-12-18,7.69,181
2015KUCA01,Carter Kucala,2021-12-18,7.54,182
2015KUCA01,Carter Kucala,2021-12-31,7.83,183
2015KUCA01,Carter Kucala,2021-12-31,8.12,184
2015KUCA01,Carter Kucala,2022-02-05,7.72,185
2015KUCA01,Carter Kucala,2022-02-05,8.49,186
2015KUCA01,Carter Kucala,2022-02-05,8.64,187
2015KUCA01,Carter Kucala,2022-03-05,7.05,188
2015KUCA01,Carter Kucala,2022-03-05,8.72,189
2015KUCA01,Carter Kucala,2022-03-12,7.94,190
2015KUCA01,Carter Kucala,2022-03-12,7.82,191
2015KUCA01,Carter Kucala,2022-03-12,7.91,192
2015KUCA01,Carter Kucala,2022-04-01,8.61,193
2015KUCA01,Carter Kucala,2022-04-01,8.49,194
2015KUCA01,Carter Kucala,2022-04-01,8.15,195
2015KUCA01,Carter Kucala,2022-04-09,9.34,196
2015KUCA01,Carter Kucala,2022-04-09,7.52,197
2015KUCA01,Carter Kucala,2022-04-09,6.77,198
2015KUCA01,Carter Kucala,2022-04-29,9.36,199
2015KUCA01,Carter Kucala,2022-04-29,7.69,200
2015KUCA01,Carter Kucala,2022-04-29,7.62,201
2015KUCA01,Carter Kucala,2022-04-29,8.07,202
2015KUCA01,Carter Kucala,2022-05-14,8.82,203
2015KUCA01,Carter Kucala,2022-05-14,8.43,204
2015KUCA01,Carter Kucala,2022-05-27,7.55,205
2015KUCA01,Carter Kucala,2022-05-27,7.73,206
2015KUCA01,Carter Kucala,2022-05-27,7.92,207
2015KUCA01,Carter Kucala,2022-05-27,7.45,208
2015KUCA01,Carter Kucala,2022-06-11,8.98,209
2015KUCA01,Carter Kucala,2022-06-11,7.62,210
2015KUCA01,Carter Kucala,2022-06-11,8.09,211
2015KUCA01,Carter Kucala,2022-06-18,7.6,212
2015KUCA01,Carter Kucala,2022-06-18,7.81,213
2015KUCA01,Carter Kucala,2022-06-18,8.01,214
2015KUCA01,Carter Kucala,2022-07-07,8.26,215
2015KUCA01,Carter Kucala,2022-07-07,7.42,216
2015KUCA01,Carter Kucala,2022-07-07,7.99,217
2015KUCA01,Carter Kucala,2022-07-14,8.92,218
2015KUCA01,Carter Kucala,2022-07-14,8.33,219
2015KUCA01,Carter Kucala,2022-07-14,9.06,220
2015KUCA01,Carter Kucala,2022-07-29,8.91,221
2015KUCA01,Carter Kucala,2022-07-29,9.12,222
2015KUCA01,Carter Kucala,2022-07-29,8.99,223
2015KUCA01,Carter Kucala,2022-08-06,7.33,224
2015KUCA01,Carter Kucala,2022-08-06,7.84,225
2015KUCA01,Carter Kucala,2022-08-06,8.86,226
2015KUCA01,Carter Kucala,2022-08-20,7.8,227
2015KUCA01,Carter Kucala,2022-08-20,7.58,228
2015KUCA01,Carter Kucala,2022-08-20,7.33,229
2015KUCA01,Carter Kucala,2022-09-03,9.38,230
2015KUCA01,Carter Kucala,2022-09-03,7.64,231
2015KUCA01,Carter Kucala,2022-09-03,7.82,232
2015KUCA01,Carter Kucala,2022-09-10,8.8,233
2015KUCA01,Carter Kucala,2022-09-10,7.45,234
2015KUCA01,Carter Kucala,2022-09-10,8.0,235
2015KUCA01,Carter Kucala,2022-09-24,8.31,236
2015KUCA01,Carter Kucala,2022-09-24,8.28,237
2015KUCA01,Carter Kucala,2022-09-24,7.57,238
2015KUCA01,Carter Kucala,2022-10-08,9.48,239
2015KUCA01,Carter Kucala,2022-10-08,8.76,240
2015KUCA01,Carter Kucala,2022-10-08,8.98,241
2015KUCA01,Carter Kucala,2022-10-22,8.04,242
2015KUCA01,Carter Kucala,2022-10-22,8.72,243
2015KUCA01,Carter Kucala,2022-10-22,8.45,244
2015KUCA01,Carter Kucala,2022-11-05,7.64,245
2015KUCA01,Carter Kucala,2022-11-05,8.49,246
2015KUCA01,Carter Kucala,2022-11-05,7.75,247
2015KUCA01,Carter Kucala,2022-11-19,8.49,248
2015KUCA01,Carter Kucala,2022-11-19,8.02,249
2015KUCA01,Carter Kucala,2022-12-03,8.09,250
2015KUCA01,Carter Kucala,2022-12-03,8.0,251
2015KUCA01,Carter Kucala,2022-12-03,7.52,252
2015KUCA01,Carter Kucala,2022-12-17,8.18,253
2015KUCA01,Carter Kucala,2022-12-17,8.49,254
2015KUCA01,Carter Kucala,2022-12-17,7.5,255
2015KUCA01,Carter Kucala,2022-12-31,7.47,256
2015KUCA01,Carter Kucala,2022-12-31,9.19,257
2015KUCA01,Carter Kucala,2022-12-31,7.38,258
2015KUCA01,Carter Kucala,2023-01-09,8.67,259
2015KUCA01,Carter Kucala,2023-01-09,8.36,260
2015KUCA01,Carter Kucala,2023-01-09,8.8,261
2015KUCA01,Carter Kucala,2023-01-21,7.97,262
2015KUCA01,Carter Kucala,2023-01-21,9.49,263
2015KUCA01,Carter Kucala,2023-01-21,8.75,264
2015KUCA01,Carter Kucala,2023-02-05,8.66,265
2015KUCA01,Carter Kucala,2023-02-05,7.43,266
2015KUCA01,Carter Kucala,2023-02-11,7.07,267
2015KUCA01,Carter Kucala,2023-02-11,9.44,268
2015KUCA01,Carter Kucala,2023-02-11,8.44,269
2015KUCA01,Carter Kucala,2023-02-18,9.89,270
2015KUCA01,Carter Kucala,2023-02-18,7.82,271
2015KUCA01,Carter Kucala,2023-02-18,8.49,272
2015KUCA01,Carter Kucala,2023-02-18,7.72,273
2015KUCA01,Carter Kucala,2023-02-25,8.81,274
2015KUCA01,Carter Kucala,2023-02-25,7.46,275
2015KUCA01,Carter Kucala,2023-02-25,7.66,276
2015KUCA01,Carter Kucala,2023-03-18,8.07,277
2015KUCA01,Carter Kucala,2023-03-18,7.56,278
2015KUCA01,Carter Kucala,2023-03-18,8.3,279
2015KUCA01,Carter Kucala,2023-03-25,8.65,280
2015KUCA01,Carter Kucala,2023-03-25,8.45,281
2015KUCA01,Carter Kucala,2023-04-01,8.83,282
2015KUCA01,Carter Kucala,2023-04-01,8.65,283
2015KUCA01,Carter Kucala,2023-04-01,8.07,284
2015KUCA01,Carter Kucala,2023-04-08,8.5,285
2015KUCA01,Carter Kucala,2023-04-08,7.86,286
2015KUCA01,Carter Kucala,2023-04-08,7.23,287
2015KUCA01,Carter Kucala,2023-04-22,7.92,288
2015KUCA01,Carter Kucala,2023-04-22,8.5,289
2015KUCA01,Carter Kucala,2023-04-22,8.12,290
2015KUCA01,Carter Kucala,2023-04-29,7.17,291
2015KUCA01,Carter Kucala,2023-04-29,7.62,292
2015KUCA01,Carter Kucala,2023-04-30,7.78,293
2015KUCA01,Carter Kucala,2023-04-30,7.25,294
2015KUCA01,Carter Kucala,2023-04-30,7.71,295
2015KUCA01,Carter Kucala,2023-05-06,7.7,296
2015KUCA01,Carter Kucala,2023-05-06,7.39,297
2015KUCA01,Carter Kucala,2023-05-06,6.89,298
2015KUCA01,Carter Kucala,2023-05-20,7.94,299
2015KUCA01,Carter Kucala,2023-05-20,8.35,300
2015KUCA01,Carter Kucala,2023-05-20,7.69,301
2015KUCA01,Carter Kucala,2023-05-27,7.43,302
2015KUCA01,Carter Kucala,2023-05-27,7.63,303
2015KUCA01,Carter Kucala,2023-05-27,7.33,304
2015KUCA01,Carter Kucala,2023-06-02,7.51,305
2015KUCA01,Carter Kucala,2023-06-02,8.66,306
2015KUCA01,Carter Kucala,2023-06-02,8.23,307
2015KUCA01,Carter Kucala,2023-06-02,7.71,308
2015KUCA01,Carter Kucala,2023-06-17,8.72,309
2015KUCA01,Carter Kucala,2023-06-17,7.39,310
2015KUCA01,Carter Kucala,2023-06-17,7.44,311
2015KUCA01,Carter Kucala,2023-06-28,7.76,312
2015KUCA01,Carter Kucala,2023-06-28,7.22,313
2015KUCA01,Carter Kucala,2023-06-28,8.59,314
2015KUCA01,Carter Kucala,2023-07-08,7.3,315
2015KUCA01,Carter Kucala,2023-07-08,9.03,316
2015KUCA01,Carter Kucala,2023-07-08,8.22,317
2015KUCA01,Carter Kucala,2023-07-13,8.65,318
2015KUCA01,Carter Kucala,2023-07-13,8.18,319
2015KUCA01,Carter Kucala,2023-07-13,7.13,320
2015KUCA01,Carter Kucala,2023-07-13,8.03,321
2015KUCA01,Carter Kucala,2023-07-22,8.3,322
2015KUCA01,Carter Kucala,2023-07-22,7.34,323
2015KUCA01,Carter Kucala,2023-07-22,8.43,324
2015KUCA01,Carter Kucala,2023-07-23,7.93,325
2015KUCA01,Carter Kucala,2023-07-23,8.7,326
2015KUCA01,Carter Kucala,2023-07-23,7.11,327
2015KUCA01,Carter Kucala,2023-07-27,6.75,328
2015KUCA01,Carter Kucala,2023-07-27,9.13,329
2015KUCA01,Carter Kucala,2023-08-12,7.64,330
2015KUCA01,Carter Kucala,2023-08-12,7.71,331
2015KUCA01,Carter Kucala,2023-08-19,7.9,332
2015KUCA01,Carter Kucala,2023-08-19,7.53,333
2015KUCA01,Carter Kucala,2023-08-19,7.79,334
2015KUCA01,Carter Kucala,2023-08-26,8.42,335
2015KUCA01,Carter Kucala,2023-08-26,7.58,336
2015KUCA01,Carter Kucala,2023-08-26,7.59,337
2015KUCA01,Carter Kucala,2023-08-27,8.62,338
2015KUCA01,Carter Kucala,2023-08-27,7.57,339
2015KUCA01,Carter Kucala,2023-08-27,6.97,340
2015KUCA01,Carter Kucala,2023-09-02,7.69,341
2015KUCA01,Carter Kucala,2023-09-02,7.8,342
2015KUCA01,Carter Kucala,2023-09-02,7.98,343
2015KUCA01,Carter Kucala,2023-09-02,8.52,344
2015KUCA01,Carter Kucala,2023-09-09,8.06,345
2015KUCA01,Carter Kucala,2023-09-09,7.83,346
2015KUCA01,Carter Kucala,2023-09-10,6.88,347
2015KUCA01,Carter Kucala,2023-09-10,7.47,348
2015KUCA01,Carter Kucala,2023-09-10,7.69,349
2015KUCA01,Carter Kucala,2023-09-17,9.36,350
2015KUCA01,Carter Kucala,2023-09-17,7.47,351
2015KUCA01,Carter Kucala,2023-09-17,7.49,352
2015KUCA01,Carter Kucala,2023-09-23,8.26,353
2015KUCA01,Carter Kucala,2023-09-23,7.3,354
2015KUCA01,Carter Kucala,2023-09-23,8.37,355
2015KUCA01,Carter Kucala,2023-09-30,6.49,356
2015KUCA01,Carter Kucala,2023-09-30,7.45,357
2015KUCA01,Carter Kucala,2023-09-30,7.77,358
2015KUCA01,Carter Kucala,2023-10-07,9.23,359
2015KUCA01,Carter Kucala,2023-10-07,6.9,360
2015KUCA01,Carter Kucala,2023-10-20,7.59,361
2015KUCA01,Carter Kucala,2023-10-20,8.15,362
2015KUCA01,Carter Kucala,2023-10-20,7.36,363
2015KUCA01,Carter Kucala,2023-10-20,7.62,364
2015KUCA01,Carter Kucala,2023-10-28,7.2,365
2015KUCA01,Carter Kucala,2023-10-28,6.87,366
2015KUCA01,Carter Kucala,2023-10-28,6.75,367
2015KUCA01,Carter Kucala,2023-11-03,7.66,368
2015KUCA01,Carter Kucala,2023-11-03,7.79,369
2015KUCA01,Carter Kucala,2023-11-03,7.74,370
2015KUCA01,Carter Kucala,2023-11-11,8.2,371
2015KUCA01,Carter Kucala,2023-11-11,7.88,372
2015KUCA01,Carter Kucala,2023-11-12,8.24,373
2015KUCA01,Carter Kucala,2023-11-12,8.5,374
2015KUCA01,Carter Kucala,2023-11-12,7.74,375
2015KUCA01,Carter Kucala,2023-11-18,7.72,376
2015KUCA01,Carter Kucala,2023-11-18,7.56,377
2015KUCA01,Carter Kucala,2023-11-18,7.47,378
2015KUCA01,Carter Kucala,2023-11-19,7.75,379
2015KUCA01,Carter Kucala,2023-11-19,7.77,380
2015KUCA01,Carter Kucala,2023-11-19,8.86,381
2015KUCA01,Carter Kucala,2023-12-02,8.59,382
2015KUCA01,Carter Kucala,2023-12-02,8.68,383
2015KUCA01,Carter Kucala,2023-12-02,7.5,384
2015KUCA01,Carter Kucala,2023-12-03,8.96,385
2015KUCA01,Carter Kucala,2023-12-03,8.71,386
2015KUCA01,Carter Kucala,2023-12-03,8.91,387
2015KUCA01,Carter Kucala,2023-12-19,7.21,388
2015KUCA01,Carter Kucala,2023-12-19,7.57,389
2015KUCA01,Carter Kucala,2023-12-19,7.96,390
2015KUCA01,Carter Kucala,2023-12-30,7.97,391
2015KUCA01,Carter Kucala,2023-12-30,8.56,392
2015KUCA01,Carter Kucala,2023-12-30,7.58,393
2015KUCA01,Carter Kucala,2024-01-06,7.64,394
2015KUCA01,Carter Kucala,2024-01-06,9.04,395
2015KUCA01,Carter Kucala,2024-01-06,7.58,396
2015KUCA01,Carter Kucala,2024-01-20,7.75,397
2015KUCA01,Carter Kucala,2024-01-20,7.54,398
2015KUCA01,Carter Kucala,2024-01-20,7.91,399
2015KUCA01,Carter Kucala,2024-01-27,7.99,400
2015KUCA01,Carter Kucala,2024-01-27,7.91,401
2015KUCA01,Carter Kucala,2024-01-27,8.28,402
2015KUCA01,Carter Kucala,2024-02-03,8.67,403
2015KUCA01,Carter Kucala,2024-02-03,7.42,404
2015KUCA01,Carter Kucala,2024-02-03,8.05,405
2015KUCA01,Carter Kucala,2024-02-24,8.03,406
2015KUCA01,Carter Kucala,2024-02-24,8.57,407
2015KUCA01,Carter Kucala,2024-02-24,7.85,408
2015KUCA01,Carter Kucala,2024-03-02,8.11,409
2015KUCA01,Carter Kucala,2024-03-02,7.78,410
2015KUCA01,Carter Kucala,2024-03-02,8.02,411
2015KUCA01,Carter Kucala,2024-03-09,7.5,412
2015KUCA01,Carter Kucala,2024-03-09,7.63,413
2015KUCA01,Carter Kucala,2024-03-16,8.35,414
2015KUCA01,Carter Kucala,2024-03-16,7.47,415
2015KUCA01,Carter Kucala,2024-03-16,7.82,416
2015KUCA01,Carter Kucala,2024-03-23,8.46,417
2015KUCA01,Carter Kucala,2024-03-23,8.21,418
2015KUCA01,Carter Kucala,2024-03-23,9.49,419
2015KUCA01,Carter Kucala,2024-04-06,8.77,420
2015KUCA01,Carter Kucala,2024-04-06,7.96,421
2015KUCA01,Carter Kucala,2024-04-06,7.32,422
2015KUCA01,Carter Kucala,2024-04-20,7.6,423
2015KUCA01,Carter Kucala,2024-04-20,8.09,424
2015KUCA01,Carter Kucala,2024-04-27,7.79,425
2015KUCA01,Carter Kucala,2024-04-27,7.56,426
2015KUCA01,Carter Kucala,2024-04-27,7.65,427
2015KUCA01,Carter Kucala,2024-05-11,8.66,428
2015KUCA01,Carter Kucala,2024-05-11,7.78,429
2015KUCA01,Carter Kucala,2024-05-11,7.58,430
2015KUCA01,Carter Kucala,2024-05-19,8.21,431
2015KUCA01,Carter Kucala,2024-05-19,7.76,432
2015KUCA01,Carter Kucala,2024-05-19,7.44,433
2015KUCA01,Carter Kucala,2024-06-01,8.05,434
2015KUCA01,Carter Kucala,2024-06-01,7.84,435
2015KUCA01,Carter Kucala,2024-06-01,7.34,436
2015KUCA01,Carter Kucala,2024-06-07,7.79,437
2015KUCA01,Carter Kucala,2024-06-07,6.97,438
2015KUCA01,Carter Kucala,2024-06-07,7.61,439
2015KUCA01,Carter Kucala,2024-06-15,8.92,440
2015KUCA01,Carter Kucala,2024-06-15,7.51,441
2015KUCA01,Carter Kucala,2024-06-15,8.82,442
2015KUCA01,Carter Kucala,2024-06-28,7.96,443
2015KUCA01,Carter Kucala,2024-06-28,7.39,444
2015KUCA01,Carter Kucala,2024-06-28,7.44,445
2015KUCA01,Carter Kucala,2024-06-28,6.76,446
2015KUCA01,Carter Kucala,2024-07-13,7.22,447
2015KUCA01,Carter Kucala,2024-07-13,7.75,448
2015KUCA01,Carter Kucala,2024-07-13,7.93,449
2015KUCA01,Carter Kucala,2024-07-18,6.79,450
2015KUCA01,Carter Kucala,2024-07-18,7.12,451
2015KUCA01,Carter Kucala,2024-07-18,7.86,452
2015KUCA01,Carter Kucala,2024-07-25,7.04,453
2015KUCA01,Carter Kucala,2024-07-25,8.15,454
2015KUCA01,Carter Kucala,2024-07-25,7.65,455
2015KUCA01,Carter Kucala,2024-08-10,6.93,456
2015KUCA01,Carter Kucala,2024-08-10,7.78,457
2015KUCA01,Carter Kucala,2024-08-10,7.68,458
2015KUCA01,Carter Kucala,2024-08-13,7.96,459
2015KUCA01,Carter Kucala,2024-08-13,7.41,460
2015KUCA01,Carter Kucala,2024-08-18,7.42,461
2015KUCA01,Carter Kucala,2024-08-18,7.6,462
2015KUCA01,Carter Kucala,2024-08-31,7.25,463
2015KUCA01,Carter Kucala,2024-08-31,7.2,464
2015KUCA01,Carter Kucala,2024-08-31,7.53,465
2015KUCA01,Carter Kucala,2024-09-15,7.21,466
2015KUCA01,Carter Kucala,2024-09-15,7.4,467
2015KUCA01,Carter Kucala,2024-09-22,7.73,468
2015KUCA01,Carter Kucala,2024-09-22,8.08,469
2015KUCA01,Carter Kucala,2024-09-22,7.72,470
2015KUCA01,Carter Kucala,2024-10-04,9.18,471
2015KUCA01,Carter Kucala,2024-10-04,7.52,472
2015KUCA01,Carter Kucala,2024-10-04,7.6,473
2015KUCA01,Carter Kucala,2024-10-04,6.73,474
2015KUCA01,Carter Kucala,2024-10-19,6.9,475
2015KUCA01,Carter Kucala,2024-10-19,8.15,476
2015KUCA01,Carter Kucala,2024-10-19,7.71,477
2015KUCA01,Carter Kucala,2024-10-26,8.14,478
2015KUCA01,Carter Kucala,2024-10-26,7.19,479
2015KUCA01,Carter Kucala,2024-10-26,8.24,480
2015KUCA01,Carter Kucala,2024-11-16,7.32,481
2015KUCA01,Carter Kucala,2024-11-16,8.74,482
2015KUCA01,Carter Kucala,2024-11-16,7.54,483
2015KUCA01,Carter Kucala,2024-11-30,7.33,484
2015KUCA01,Carter Kucala,2024-11-30,7.62,485
2015KUCA01,Carter Kucala,2024-11-30,7.7,486
2015KUCA01,Carter Kucala,2024-11-30,7.72,487
2015KUCA01,Carter Kucala,2024-12-07,7.25,488
2015KUCA01,Carter Kucala,2024-12-07,7.74,489
2015KUCA01,Carter Kucala,2024-12-07,8.16,490
2015KUCA01,Carter Kucala,2024-12-28,8.0,491
2015KUCA01,Carter Kucala,2024-12-28,7.7,492
2015KUCA01,Carter Kucala,2024-12-28,8.24,493
2015KUCA01,Carter Kucala,2025-01-04,7.57,494
2015KUCA01,Carter Kucala,2025-01-04,6.97,495
2015KUCA01,Carter Kucala,2025-01-04,7.36,496
2015KUCA01,Carter Kucala,2025-01-11,8.25,497
2015KUCA01,Carter Kucala,2025-01-11,8.49,498
2015KUCA01,Carter Kucala,2025-01-11,8.3,499
2015KUCA01,Carter Kucala,2025-01-18,8.09,500
2015KUCA01,Carter Kucala,2025-01-18,8.07,501
2015KUCA01,Carter Kucala,2025-01-18,8.41,502
2015KUCA01,Carter Kucala,2025-01-25,7.44,503
2015KUCA01,Carter Kucala,2025-02-15,8.14,504
2015KUCA01,Carter Kucala,2025-02-15,8.09,505
2015KUCA01,Carter Kucala,2025-02-15,7.25,506
2015KUCA01,Carter Kucala,2025-03-08,7.7,507
2015KUCA01,Carter Kucala,2025-03-08,7.71,508
2015KUCA01,Carter Kucala,2025-03-08,7.76,509
2015KUCA01,Carter Kucala,2025-03-29,8.49,510
2015KUCA01,Carter Kucala,2025-03-29,8.94,511
2015KUCA01,Carter Kucala,2025-04-06,8.8,512
2015KUCA01,Carter Kucala,2025-04-06,7.54,513
2015KUCA01,Carter Kucala,2025-04-14,7.02,514
2015KUCA01,Carter Kucala,2025-04-14,7.57,515
2015KUCA01,Carter Kucala,2025-04-27,9.5,516
2015KUCA01,Carter Kucala,2025-04-27,7.15,517
2015KUCA01,Carter Kucala,2025-04-27,7.85,518
2015KUCA01,Carter Kucala,2025-05-10,7.77,519
2015KUCA01,Carter Kucala,2025-05-10,8.03,520
2015KUCA01,Carter Kucala,2025-05-10,6.77,521
2015KUCA01,Carter Kucala,2025-06-15,7.8,522
2015KUCA01,Carter Kucala,2025-06-15,7.92,523
2015KUCA01,Carter Kucala,2025-06-23,6.99,524
2015KUCA01,Carter Kucala,2025-06-23,7.64,525
2015KUCA01,Carter Kucala,2025-06-28,8.3,526
2015KUCA01,Carter Kucala,2025-06-28,6.99,527
2015KUCA01,Carter Kucala,2025-06-28,8.35,528
2015KUCA01,Carter Kucala,2025-07-03,7.38,529
2015KUCA01,Carter Kucala,2025-07-03,7.46,530
2015KUCA01,Carter Kucala,2025-07-19,7.77,531
2015KUCA01,Carter Kucala,2025-07-19,7.97,532
2015KUCA01,Carter Kucala,2025-07-19,6.81,533
2015KUCA01,Carter Kucala,2025-07-24,7.26,534
2015KUCA01,Carter Kucala,2025-07-24,7.9,535
2015KUCA01,Carter Kucala,2025-07-24,7.18,536
2015KUCA01,Carter Kucala,2025-07-24,6.9,537
2015KUCA01,Carter Kucala,2025-08-01,8.59,538
2015KUCA01,Carter Kucala,2025-08-01,8.42,539
2015KUCA01,Carter Kucala,2025-08-01,7.92,540
2015KUCA01,Carter Kucala,2025-08-01,7.22,541
2015KUCA01,Carter Kucala,2025-08-16,8.43,542
2015KUCA01,Carter Kucala,2025-08-16,6.91,543
2015KUCA01,Carter Kucala,2025-08-16,7.4,544
2015KUCA01,Carter Kucala,2025-08-22,7.56,545
2015KUCA01,Carter Kucala,2025-08-22,7.38,546
2015KUCA01,Carter Kucala,2025-08-22,8.03,547
2015KUCA01,Carter Kucala,2025-08-22,8.2,548
2015KUCA01,Carter Kucala,2025-09-05,7.88,549
2015KUCA01,Carter Kucala,2025-09-05,7.45,550
2015KUCA01,Carter Kucala,2025-09-05,7.43,551
2015KUCA01,Carter Kucala,2025-09-13,7.19,552
2015KUCA01,Carter Kucala,2025-09-13,6.8,553
2015KUCA01,Carter Kucala,2025-09-13,7.71,554
2015KUCA01,Carter Kucala,2025-10-04,7.84,555
2015KUCA01,Carter Kucala,2025-10-04,7.32,556
2015KUCA01,Carter Kucala,2025-10-04,7.64,557
2015KUCA01,Carter Kucala,2025-10-04,6.65,558
2015KUCA01,Carter Kucala,2025-10-18,6.86,559
2015KUCA01,Carter Kucala,2025-10-18,7.54,560
2015KUCA01,Carter Kucala,2025-10-18,6.95,561
2015KUCA01,Carter Kucala,2025-11-01,7.05,562
2015KUCA01,Carter Kucala,2025-11-01,7.59,563
2015KUCA01,Carter Kucala,2025-11-08,8.44,564
2015KUCA01,Carter Kucala,2025-11-08,7.33,565
2015KUCA01,Carter Kucala,2025-11-08,8.15,566
2015KUCA01,Carter Kucala,2025-11-15,7.72,567
2015KUCA01,Carter Kucala,2025-11-15,7.25,568
2015KUCA01,Carter Kucala,2025-11-15,7.67,569
2015KUCA01,Carter Kucala,2025-11-22,7.78,570
2015KUCA01,Carter Kucala,2025-11-22,6.55,571
2015KUCA01,Carter Kucala,2025-11-22,7.79,572
2015KUCA01,Carter Kucala,2025-11-29,8.35,573
2015KUCA01,Carter Kucala,2025-11-29,7.67,574
2015KUCA01,Carter Kucala,2025-11-29,7.59,575
2015KUCA01,Carter Kucala,2025-12-27,7.68,576
2015KUCA01,Carter Kucala,2025-12-27,7.49,577
2015KUCA01,Carter Kucala,2026-01-17,7.24,578
2015KUCA01,Carter Kucala,2026-01-17,7.68,579
2015KUCA01,Carter Kucala,2026-01-17,8.91,580
2015KUCA01,Carter Kucala,2026-01-24,9.03,581
2015KUCA01,Carter Kucala,2026-01-24,8.4,582
2015KUCA01,Carter Kucala,2026-01-24,9.28,583
2015KUCA01,Carter Kucala,2026-01-31,8.01,584
2015KUCA01,Carter Kucala,2026-01-31,7.95,585
2015KUCA01,Carter Kucala,2026-01-31,7.44,586
2015KUCA01,Carter Kucala,2026-02-28,8.01,587
2015KUCA01,Carter Kucala,2026-02-28,9.07,588
2015KUCA01,Carter Kucala,2026-03-14,8.09,589
2015KUCA01,Carter Kucala,2026-03-14,7.45,590
2015KUCA01,Carter Kucala,2026-03-14,7.48,591
2015KUCA01,Carter Kucala,2026-03-21,7.61,592
2015KUCA01,Carter Kucala,2026-03-21,6.72,593
2015KUCA01,Carter Kucala,2026-03-21,7.03,594
2015KUCA01,Carter Kucala,2026-03-21,7.05,595
2015KUCA01,Carter Kucala,2026-04-04,7.68,596
2015KUCA01,Carter Kucala,2026-04-04,7.41,597
2015KUCA01,Carter Kucala,2026-04-04,7.62,598
2015KUCA01,Carter Kucala,2026-04-11,8.04,599
2015KUCA01,Carter Kucala,2026-04-11,7.39,600
2015KUCA01,Carter Kucala,2026-04-11,6.94,601
2015KUCA01,Carter Kucala,2026-05-08,7.88,602
2015KUCA01,Carter Kucala,2026-05-08,7.75,603
2015KUCA01,Carter Kucala,2026-05-08,7.17,604
2015KUCA01,Carter Kucala,2026-05-22,7.39,605
2015KUCA01,Carter Kucala,2026-05-22,7.17,606
2015KUCA01,Carter Kucala,2026-05-22,7.02,607
2015KUCA01,Carter Kucala,2026-05-22,6.98,608
2016KELL12,Simon Kellum,2016-09-03,33.91,1
2016KELL12,Simon Kellum,2016-12-10,21.72,2
2016KELL12,Simon Kellum,2016-12-10,24.4,3
2016KELL12,Simon Kellum,2017-02-18,21.67,4
2016KELL12,Simon Kellum,2017-03-18,15.5,5
2016KELL12,Simon Kellum,2017-03-18,17.05,6
2016KELL12,Simon Kellum,2017-04-29,15.52,7
2016KELL12,Simon Kellum,2017-07-01,16.16,8
2016KELL12,Simon Kellum,2017-07-01,14.94,9
2016KELL12,Simon Kellum,2017-07-07,15.66,10
2016KELL12,Simon Kellum,2017-08-05,15.86,11
2016KELL12,Simon Kellum,2017-08-05,15.55,12
2016KELL12,Simon Kellum,2017-08-19,14.01,13
2016KELL12,Simon Kellum,2017-09-09,13.26,14
2016KELL12,Simon Kellum,2017-09-16,14.2,15
2016KELL12,Simon Kellum,2017-09-16,15.26,16
2016KELL12,Simon Kellum,2017-10-07,12.63,17
2016KELL12,Simon Kellum,2017-10-07,13.76,18
2016KELL12,Simon Kellum,2017-10-28,15.4,19
2016KELL12,Simon Kellum,2017-10-28,12.3,20
2016KELL12,Simon Kellum,2017-10-28,14.51,21
2016KELL12,Simon Kellum,2017-12-02,13.51,22
2016KELL12,Simon Kellum,2017-12-02,11.71,23
2016KELL12,Simon Kellum,2017-12-02,11.15,24
2016KELL12,Simon Kellum,2017-12-09,13.52,25
2016KELL12,Simon Kellum,2017-12-09,11.9,26
2016KELL12,Simon Kellum,2017-12-09,14.49,27
2016KELL12,Simon Kellum,2018-01-21,11.15,28
2016KELL12,Simon Kellum,2018-01-21,12.61,29
2016KELL12,Simon Kellum,2018-01-27,12.42,30
2016KELL12,Simon Kellum,2018-01-27,11.49,31
2016KELL12,Simon Kellum,2018-01-27,11.81,32
2016KELL12,Simon Kellum,2018-03-09,13.29,33
2016KELL12,Simon Kellum,2018-03-09,12.68,34
2016KELL12,Simon Kellum,2018-03-18,14.01,35
2016KELL12,Simon Kellum,2018-03-18,12.97,36
2016KELL12,Simon Kellum,2018-04-21,11.31,37
2016KELL12,Simon Kellum,2018-04-21,14.19,38
2016KELL12,Simon Kellum,2018-04-28,11.56,39
2016KELL12,Simon Kellum,2018-04-28,10.58,40
2016KELL12,Simon Kellum,2018-05-18,11.89,41
2016KELL12,Simon Kellum,2018-05-18,12.18,42
2016KELL12,Simon Kellum,2018-05-26,12.02,43
2016KELL12,Simon Kellum,2018-05-26,12.09,44
2016KELL12,Simon Kellum,2018-05-26,11.27,45
2016KELL12,Simon Kellum,2018-06-03,12.79,46
2016KELL12,Simon Kellum,2018-06-03,11.32,47
2016KELL12,Simon Kellum,2018-06-03,10.84,48
2016KELL12,Simon Kellum,2018-06-23,12.78,49
2016KELL12,Simon Kellum,2018-06-23,12.2,50
2016KELL12,Simon Kellum,2018-07-27,12.63,51
2016KELL12,Simon Kellum,2018-10-07,11.33,52
2016KELL12,Simon Kellum,2018-10-07,10.1,53
2016KELL12,Simon Kellum,2018-10-07,13.51,54
2016KELL12,Simon Kellum,2018-11-10,11.69,55
2016KELL12,Simon Kellum,2018-11-10,12.32,56
2016KELL12,Simon Kellum,2018-11-10,13.03,57
2016KELL12,Simon Kellum,2018-12-08,10.8,58
2016KELL12,Simon Kellum,2018-12-08,11.8,59
2016KELL12,Simon Kellum,2018-12-15,11.98,60
2016KELL12,Simon Kellum,2018-12-15,11.13,61
2016KELL12,Simon Kellum,2018-12-15,13.34,62
2016KELL12,Simon Kellum,2019-01-26,11.4,63
2016KELL12,Simon Kellum,2019-01-26,10.87,64
2016KELL12,Simon Kellum,2019-01-26,14.46,65
2016KELL12,Simon Kellum,2019-02-02,12.16,66
2016KELL12,Simon Kellum,2019-02-02,10.73,67
2016KELL12,Simon Kellum,2019-02-10,11.86,68
2016KELL12,Simon Kellum,2019-02-10,11.25,69
2016KELL12,Simon Kellum,2019-02-10,9.94,70
2016KELL12,Simon Kellum,2019-02-16,11.13,71
2016KELL12,Simon Kellum,2019-02-16,10.58,72
2016KELL12,Simon Kellum,2019-02-16,10.89,73
2016KELL12,Simon Kellum,2019-03-09,13.09,74
2016KELL12,Simon Kellum,2019-03-09,12.16,75
2016KELL12,Simon Kellum,2019-05-24,11.71,76
2016KELL12,Simon Kellum,2019-05-24,10.71,77
2016KELL12,Simon Kellum,2019-05-24,10.82,78
2016KELL12,Simon Kellum,2019-06-16,9.8,79
2016KELL12,Simon Kellum,2019-06-16,10.98,80
2016KELL12,Simon Kellum,2019-06-16,12.25,81
2016KELL12,Simon Kellum,2019-06-22,10.93,82
2016KELL12,Simon Kellum,2019-06-22,11.76,83
2016KELL12,Simon Kellum,2019-07-13,9.81,84
2016KELL12,Simon Kellum,2019-07-13,10.6,85
2016KELL12,Simon Kellum,2019-07-13,12.03,86
2016KELL12,Simon Kellum,2019-08-01,9.78,87
2016KELL12,Simon Kellum,2019-08-01,9.89,88
2016KELL12,Simon Kellum,2019-08-31,10.08,89
2016KELL12,Simon Kellum,2019-08-31,10.16,90
2016KELL12,Simon Kellum,2019-08-31,11.71,91
2016KELL12,Simon Kellum,2019-09-21,11.37,92
2016KELL12,Simon Kellum,2019-09-21,9.27,93
2016KELL12,Simon Kellum,2019-10-19,11.36,94
2016KELL12,Simon Kellum,2019-10-19,10.53,95
2016KELL12,Simon Kellum,2019-10-19,10.17,96
2016KELL12,Simon Kellum,2019-10-20,10.01,97
2016KELL12,Simon Kellum,2019-10-20,10.84,98
2016KELL12,Simon Kellum,2019-10-20,11.17,99
2016KELL12,Simon Kellum,2019-11-09,9.76,100
2016KELL12,Simon Kellum,2019-11-09,10.25,101
2016KELL12,Simon Kellum,2019-11-09,10.27,102
2016KELL12,Simon Kellum,2019-12-14,10.16,103
2016KELL12,Simon Kellum,2019-12-14,9.66,104
2016KELL12,Simon Kellum,2019-12-14,10.38,105
2016KELL12,Simon Kellum,2019-12-21,9.49,106
2016KELL12,Simon Kellum,2019-12-21,9.44,107
2016KELL12,Simon Kellum,2019-12-30,9.8,108
2016KELL12,Simon Kellum,2020-01-18,9.23,109
2016KELL12,Simon Kellum,2020-01-18,10.19,110
2016KELL12,Simon Kellum,2020-01-18,9.34,111
2016KELL12,Simon Kellum,2020-02-01,9.56,112
2016KELL12,Simon Kellum,2020-02-29,9.19,113
2016KELL12,Simon Kellum,2020-02-29,8.84,114
2016KELL12,Simon Kellum,2020-02-29,9.1,115
2016KELL12,Simon Kellum,2020-03-07,10.99,116
2016KELL12,Simon Kellum,2020-03-07,9.91,117
2016KELL12,Simon Kellum,2020-03-07,9.11,118
2016KELL12,Simon Kellum,2021-07-24,10.01,119
2016KELL12,Simon Kellum,2021-07-24,11.48,120
2016KELL12,Simon Kellum,2021-10-30,8.84,121
2016KELL12,Simon Kellum,2021-10-30,9.15,122
2016KELL12,Simon Kellum,2021-12-04,9.56,123
2016KELL12,Simon Kellum,2021-12-04,9.73,124
2016KELL12,Simon Kellum,2021-12-04,8.89,125
2016KELL12,Simon Kellum,2022-01-08,8.3,126
2016KELL12,Simon Kellum,2022-01-08,9.1,127
2016KELL12,Simon Kellum,2022-01-08,9.12,128
2016KELL12,Simon Kellum,2022-01-09,10.49,129
2016KELL12,Simon Kellum,2022-01-09,8.64,130
2016KELL12,Simon Kellum,2022-02-05,9.38,131
2016KELL12,Simon Kellum,2022-02-05,9.51,132
2016KELL12,Simon Kellum,2022-02-05,8.46,133
2016KELL12,Simon Kellum,2022-03-05,8.37,134
2016KELL12,Simon Kellum,2022-03-05,8.31,135
2016KELL12,Simon Kellum,2022-03-12,10.51,136
2016KELL12,Simon Kellum,2022-03-12,11.1,137
2016KELL12,Simon Kellum,2022-03-12,9.77,138
2016KELL12,Simon Kellum,2022-04-01,9.12,139
2016KELL12,Simon Kellum,2022-04-01,9.53,140
2016KELL12,Simon Kellum,2022-04-09,9.64,141
2016KELL12,Simon Kellum,2022-04-09,9.16,142
2016KELL12,Simon Kellum,2022-04-09,8.79,143
2016KELL12,Simon Kellum,2022-04-29,8.97,144
2016KELL12,Simon Kellum,2022-04-29,8.84,145
2016KELL12,Simon Kellum,2022-04-29,8.78,146
2016KELL12,Simon Kellum,2022-05-14,9.44,147
2016KELL12,Simon Kellum,2022-05-14,9.57,148
2016KELL12,Simon Kellum,2022-05-14,9.77,149
2016KELL12,Simon Kellum,2022-06-18,8.99,150
2016KELL12,Simon Kellum,2022-06-18,8.62,151
2016KELL12,Simon Kellum,2022-06-18,9.47,152
2016KELL12,Simon Kellum,2022-07-07,9.08,153
2016KELL12,Simon Kellum,2022-07-07,9.29,154
2016KELL12,Simon Kellum,2022-07-14,10.68,155
2016KELL12,Simon Kellum,2022-07-14,9.34,156
2016KELL12,Simon Kellum,2022-07-14,8.5,157
2016KELL12,Simon Kellum,2022-07-24,8.39,158
2016KELL12,Simon Kellum,2022-07-24,9.21,159
2016KELL12,Simon Kellum,2022-07-24,8.24,160
2016KELL12,Simon Kellum,2022-08-20,9.08,161
2016KELL12,Simon Kellum,2022-08-20,8.64,162
2016KELL12,Simon Kellum,2022-08-20,9.84,163
2016KELL12,Simon Kellum,2022-09-03,9.74,164
2016KELL12,Simon Kellum,2022-09-03,9.4,165
2016KELL12,Simon Kellum,2022-09-03,8.72,166
2016KELL12,Simon Kellum,2022-09-10,9.42,167
2016KELL12,Simon Kellum,2022-09-10,8.69,168
2016KELL12,Simon Kellum,2022-09-10,7.65,169
2016KELL12,Simon Kellum,2022-09-24,9.56,170
2016KELL12,Simon Kellum,2022-09-24,9.27,171
2016KELL12,Simon Kellum,2022-09-24,7.79,172
2016KELL12,Simon Kellum,2022-10-08,8.91,173
2016KELL12,Simon Kellum,2022-10-08,8.98,174
2016KELL12,Simon Kellum,2022-10-08,8.32,175
2016KELL12,Simon Kellum,2022-11-05,8.72,176
2016KELL12,Simon Kellum,2022-11-05,8.92,177
2016KELL12,Simon Kellum,2022-11-05,7.85,178
2016KELL12,Simon Kellum,2022-11-12,10.08,179
2016KELL12,Simon Kellum,2022-11-12,10.92,180
2016KELL12,Simon Kellum,2022-11-12,8.33,181
2016KELL12,Simon Kellum,2022-11-19,7.98,182
2016KELL12,Simon Kellum,2022-11-19,9.69,183
2016KELL12,Simon Kellum,2022-11-19,9.01,184
2016KELL12,Simon Kellum,2022-12-03,9.73,185
2016KELL12,Simon Kellum,2022-12-03,8.95,186
2016KELL12,Simon Kellum,2022-12-03,10.42,187
2016KELL12,Simon Kellum,2022-12-18,9.41,188
2016KELL12,Simon Kellum,2022-12-18,9.59,189
2016KELL12,Simon Kellum,2022-12-18,8.04,190
2016KELL12,Simon Kellum,2023-01-10,9.42,191
2016KELL12,Simon Kellum,2023-01-10,9.75,192
2016KELL12,Simon Kellum,2023-01-10,9.28,193
2016KELL12,Simon Kellum,2023-01-14,10.44,194
2016KELL12,Simon Kellum,2023-01-14,8.58,195
2016KELL12,Simon Kellum,2023-01-14,9.7,196
2016KELL12,Simon Kellum,2023-01-21,9.22,197
2016KELL12,Simon Kellum,2023-01-21,9.02,198
2016KELL12,Simon Kellum,2023-01-21,8.11,199
2016KELL12,Simon Kellum,2023-02-05,9.41,200
2016KELL12,Simon Kellum,2023-02-05,10.04,201
2016KELL12,Simon Kellum,2023-02-11,10.01,202
2016KELL12,Simon Kellum,2023-02-11,9.63,203
2016KELL12,Simon Kellum,2023-02-11,9.05,204
2016KELL12,Simon Kellum,2023-02-18,9.43,205
2016KELL12,Simon Kellum,2023-02-18,7.78,206
2016KELL12,Simon Kellum,2023-02-18,9.03,207
2016KELL12,Simon Kellum,2023-02-18,9.0,208
2016KELL12,Simon Kellum,2023-02-25,8.4,209
2016KELL12,Simon Kellum,2023-02-25,8.99,210
2016KELL12,Simon Kellum,2023-02-25,9.72,211
2016KELL12,Simon Kellum,2023-03-18,8.45,212
2016KELL12,Simon Kellum,2023-03-18,7.41,213
2016KELL12,Simon Kellum,2023-03-18,8.24,214
2016KELL12,Simon Kellum,2023-03-26,9.37,215
2016KELL12,Simon Kellum,2023-03-26,9.17,216
2016KELL12,Simon Kellum,2023-04-01,8.6,217
2016KELL12,Simon Kellum,2023-04-01,9.06,218
2016KELL12,Simon Kellum,2023-04-01,10.47,219
2016KELL12,Simon Kellum,2023-04-02,10.59,220
2016KELL12,Simon Kellum,2023-04-02,9.08,221
2016KELL12,Simon Kellum,2023-04-02,9.31,222
2016KELL12,Simon Kellum,2023-04-08,9.52,223
2016KELL12,Simon Kellum,2023-04-08,8.35,224
2016KELL12,Simon Kellum,2023-04-08,10.37,225
2016KELL12,Simon Kellum,2023-04-22,8.67,226
2016KELL12,Simon Kellum,2023-04-22,7.97,227
2016KELL12,Simon Kellum,2023-04-22,8.79,228
2016KELL12,Simon Kellum,2023-04-29,8.09,229
2016KELL12,Simon Kellum,2023-04-29,7.31,230
2016KELL12,Simon Kellum,2023-04-30,8.8,231
2016KELL12,Simon Kellum,2023-04-30,8.51,232
2016KELL12,Simon Kellum,2023-04-30,10.06,233
2016KELL12,Simon Kellum,2023-05-06,8.44,234
2016KELL12,Simon Kellum,2023-05-06,8.07,235
2016KELL12,Simon Kellum,2023-05-06,7.84,236
2016KELL12,Simon Kellum,2023-05-13,8.92,237
2016KELL12,Simon Kellum,2023-05-13,8.59,238
2016KELL12,Simon Kellum,2023-05-13,8.05,239
2016KELL12,Simon Kellum,2023-05-20,8.54,240
2016KELL12,Simon Kellum,2023-05-20,8.26,241
2016KELL12,Simon Kellum,2023-05-20,9.65,242
2016KELL12,Simon Kellum,2023-05-27,8.81,243
2016KELL12,Simon Kellum,2023-05-27,9.46,244
2016KELL12,Simon Kellum,2023-05-27,9.62,245
2016KELL12,Simon Kellum,2023-06-02,8.54,246
2016KELL12,Simon Kellum,2023-06-02,8.75,247
2016KELL12,Simon Kellum,2023-06-02,8.45,248
2016KELL12,Simon Kellum,2023-06-02,9.24,249
2016KELL12,Simon Kellum,2023-06-10,7.88,250
2016KELL12,Simon Kellum,2023-06-10,8.66,251
2016KELL12,Simon Kellum,2023-06-10,8.14,252
2016KELL12,Simon Kellum,2023-06-11,9.08,253
2016KELL12,Simon Kellum,2023-06-11,8.65,254
2016KELL12,Simon Kellum,2023-06-11,10.99,255
2016KELL12,Simon Kellum,2023-06-12,8.97,256
2016KELL12,Simon Kellum,2023-06-12,8.62,257
2016KELL12,Simon Kellum,2023-06-12,8.22,258
2016KELL12,Simon Kellum,2023-06-13,8.32,259
2016KELL12,Simon Kellum,2023-06-13,9.56,260
2016KELL12,Simon Kellum,2023-06-13,7.97,261
2016KELL12,Simon Kellum,2023-06-14,10.07,262
2016KELL12,Simon Kellum,2023-06-14,8.99,263
2016KELL12,Simon Kellum,2023-06-14,9.44,264
2016KELL12,Simon Kellum,2023-06-17,9.06,265
2016KELL12,Simon Kellum,2023-06-17,7.8,266
2016KELL12,Simon Kellum,2023-06-17,8.36,267
2016KELL12,Simon Kellum,2023-06-24,9.5,268
2016KELL12,Simon Kellum,2023-06-24,8.36,269
2016KELL12,Simon Kellum,2023-06-29,8.19,270
2016KELL12,Simon Kellum,2023-06-29,8.65,271
2016KELL12,Simon Kellum,2023-06-29,9.33,272
2016KELL12,Simon Kellum,2023-07-01,8.21,273
2016KELL12,Simon Kellum,2023-07-01,9.76,274
2016KELL12,Simon Kellum,2023-07-01,8.39,275
2016KELL12,Simon Kellum,2023-07-08,9.56,276
2016KELL12,Simon Kellum,2023-07-08,8.15,277
2016KELL12,Simon Kellum,2023-07-08,7.79,278
2016KELL12,Simon Kellum,2023-07-15,8.14,279
2016KELL12,Simon Kellum,2023-07-15,8.07,280
2016KELL12,Simon Kellum,2023-07-15,7.65,281
2016KELL12,Simon Kellum,2023-07-22,9.59,282
2016KELL12,Simon Kellum,2023-07-22,8.62,283
2016KELL12,Simon Kellum,2023-07-22,8.37,284
2016KELL12,Simon Kellum,2023-07-23,8.73,285
2016KELL12,Simon Kellum,2023-07-23,8.38,286
2016KELL12,Simon Kellum,2023-07-23,7.41,287
2016KELL12,Simon Kellum,2023-07-24,8.57,288
2016KELL12,Simon Kellum,2023-07-24,8.04,289
2016KELL12,Simon Kellum,2023-07-24,9.45,290
2016KELL12,Simon Kellum,2023-07-27,8.66,291
2016KELL12,Simon Kellum,2023-07-27,9.2,292
2016KELL12,Simon Kellum,2023-08-12,10.25,293
2016KELL12,Simon Kellum,2023-08-12,7.98,294
2016KELL12,Simon Kellum,2023-08-19,10.02,295
2016KELL12,Simon Kellum,2023-08-19,10.65,296
2016KELL12,Simon Kellum,2023-08-19,9.42,297
2016KELL12,Simon Kellum,2023-08-26,8.5,298
2016KELL12,Simon Kellum,2023-08-26,8.77,299
2016KELL12,Simon Kellum,2023-08-26,11.78,300
2016KELL12,Simon Kellum,2023-08-27,8.82,301
2016KELL12,Simon Kellum,2023-08-27,7.84,302
2016KELL12,Simon Kellum,2023-08-27,9.74,303
2016KELL12,Simon Kellum,2023-09-02,8.65,304
2016KELL12,Simon Kellum,2023-09-02,8.27,305
2016KELL12,Simon Kellum,2023-09-02,9.54,306
2016KELL12,Simon Kellum,2023-09-02,8.39,307
2016KELL12,Simon Kellum,2023-09-03,9.75,308
2016KELL12,Simon Kellum,2023-09-03,8.66,309
2016KELL12,Simon Kellum,2023-09-03,8.98,310
2016KELL12,Simon Kellum,2023-09-09,8.21,311
2016KELL12,Simon Kellum,2023-09-09,8.39,312
2016KELL12,Simon Kellum,2023-09-10,8.43,313
2016KELL12,Simon Kellum,2023-09-10,8.35,314
2016KELL12,Simon Kellum,2023-09-10,9.31,315
2016KELL12,Simon Kellum,2023-09-17,8.28,316
2016KELL12,Simon Kellum,2023-09-17,9.07,317
2016KELL12,Simon Kellum,2023-09-17,8.94,318
2016KELL12,Simon Kellum,2023-09-23,9.58,319
2016KELL12,Simon Kellum,2023-09-23,7.94,320
2016KELL12,Simon Kellum,2023-09-23,9.79,321
2016KELL12,Simon Kellum,2023-09-30,8.54,322
2016KELL12,Simon Kellum,2023-09-30,9.03,323
2016KELL12,Simon Kellum,2023-09-30,9.94,324
2016KELL12,Simon Kellum,2023-10-07,8.07,325
2016KELL12,Simon Kellum,2023-10-07,8.48,326
2016KELL12,Simon Kellum,2023-10-20,8.91,327
2016KELL12,Simon Kellum,2023-10-20,8.41,328
2016KELL12,Simon Kellum,2023-10-20,7.77,329
2016KELL12,Simon Kellum,2023-10-20,8.13,330
2016KELL12,Simon Kellum,2023-10-28,8.34,331
2016KELL12,Simon Kellum,2023-10-28,8.24,332
2016KELL12,Simon Kellum,2023-10-28,8.56,333
2016KELL12,Simon Kellum,2023-11-03,9.81,334
2016KELL12,Simon Kellum,2023-11-03,8.96,335
2016KELL12,Simon Kellum,2023-11-03,9.6,336
2016KELL12,Simon Kellum,2023-11-11,7.92,337
2016KELL12,Simon Kellum,2023-11-11,7.61,338
2016KELL12,Simon Kellum,2023-11-12,9.22,339
2016KELL12,Simon Kellum,2023-11-12,7.71,340
2016KELL12,Simon Kellum,2023-11-12,9.59,341
2016KELL12,Simon Kellum,2023-11-18,7.92,342
2016KELL12,Simon Kellum,2023-11-18,9.33,343
2016KELL12,Simon Kellum,2023-11-18,7.73,344
2016KELL12,Simon Kellum,2023-11-19,9.36,345
2016KELL12,Simon Kellum,2023-11-19,8.42,346
2016KELL12,Simon Kellum,2023-11-19,8.16,347
2016KELL12,Simon Kellum,2023-12-02,8.0,348
2016KELL12,Simon Kellum,2023-12-02,8.16,349
2016KELL12,Simon Kellum,2023-12-02,7.9,350
2016KELL12,Simon Kellum,2023-12-03,10.52,351
2016KELL12,Simon Kellum,2023-12-03,10.27,352
2016KELL12,Simon Kellum,2023-12-03,8.77,353
2016KELL12,Simon Kellum,2023-12-21,8.32,354
2016KELL12,Simon Kellum,2023-12-21,9.28,355
2016KELL12,Simon Kellum,2023-12-21,9.64,356
2016KELL12,Simon Kellum,2023-12-30,8.16,357
2016KELL12,Simon Kellum,2023-12-30,9.43,358
2016KELL12,Simon Kellum,2023-12-30,7.88,359
2016KELL12,Simon Kellum,2024-01-06,9.4,360
2016KELL12,Simon Kellum,2024-01-06,9.21,361
2016KELL12,Simon Kellum,2024-01-06,7.83,362
2016KELL12,Simon Kellum,2024-01-20,8.64,363
2016KELL12,Simon Kellum,2024-01-20,7.71,364
2016KELL12,Simon Kellum,2024-01-20,8.41,365
2016KELL12,Simon Kellum,2024-01-27,8.49,366
2016KELL12,Simon Kellum,2024-01-27,9.01,367
2016KELL12,Simon Kellum,2024-01-27,8.63,368
2016KELL12,Simon Kellum,2024-02-03,8.6,369
2016KELL12,Simon Kellum,2024-02-03,7.96,370
2016KELL12,Simon Kellum,2024-02-03,9.84,371
2016KELL12,Simon Kellum,2024-02-24,8.93,372
2016KELL12,Simon Kellum,2024-02-24,8.71,373
2016KELL12,Simon Kellum,2024-02-24,9.37,374
2016KELL12,Simon Kellum,2024-03-02,9.15,375
2016KELL12,Simon Kellum,2024-03-02,8.97,376
2016KELL12,Simon Kellum,2024-03-02,8.79,377
2016KELL12,Simon Kellum,2024-03-09,9.16,378
2016KELL12,Simon Kellum,2024-03-09,8.71,379
2016KELL12,Simon Kellum,2024-03-16,8.65,380
2016KELL12,Simon Kellum,2024-03-16,8.24,381
2016KELL12,Simon Kellum,2024-03-16,8.49,382
2016KELL12,Simon Kellum,2024-03-23,7.67,383
2016KELL12,Simon Kellum,2024-03-23,10.73,384
2016KELL12,Simon Kellum,2024-03-23,9.16,385
2016KELL12,Simon Kellum,2024-04-06,8.79,386
2016KELL12,Simon Kellum,2024-04-06,8.35,387
2016KELL12,Simon Kellum,2024-04-06,8.66,388
2016KELL12,Simon Kellum,2024-04-08,8.77,389
2016KELL12,Simon Kellum,2024-04-08,10.47,390
2016KELL12,Simon Kellum,2024-04-13,8.05,391
2016KELL12,Simon Kellum,2024-04-13,9.17,392
2016KELL12,Simon Kellum,2024-04-13,8.4,393
2016KELL12,Simon Kellum,2024-04-20,8.45,394
2016KELL12,Simon Kellum,2024-04-20,7.87,395
2016KELL12,Simon Kellum,2024-04-27,8.49,396
2016KELL12,Simon Kellum,2024-04-27,8.11,397
2016KELL12,Simon Kellum,2024-04-27,8.83,398
2016KELL12,Simon Kellum,2024-05-11,8.77,399
2016KELL12,Simon Kellum,2024-05-11,9.92,400
2016KELL12,Simon Kellum,2024-05-11,7.65,401
2016KELL12,Simon Kellum,2024-05-19,8.19,402
2016KELL12,Simon Kellum,2024-05-19,8.34,403
2016KELL12,Simon Kellum,2024-05-19,8.86,404
2016KELL12,Simon Kellum,2024-05-25,9.59,405
2016KELL12,Simon Kellum,2024-05-25,8.14,406
2016KELL12,Simon Kellum,2024-05-25,9.57,407
2016KELL12,Simon Kellum,2024-05-25,7.63,408
2016KELL12,Simon Kellum,2024-06-01,8.63,409
2016KELL12,Simon Kellum,2024-06-01,8.29,410
2016KELL12,Simon Kellum,2024-06-01,8.13,411
2016KELL12,Simon Kellum,2024-06-08,8.51,412
2016KELL12,Simon Kellum,2024-06-08,8.94,413
2016KELL12,Simon Kellum,2024-06-08,7.71,414
2016KELL12,Simon Kellum,2024-06-09,9.66,415
2016KELL12,Simon Kellum,2024-06-09,7.96,416
2016KELL12,Simon Kellum,2024-06-09,9.61,417
2016KELL12,Simon Kellum,2024-06-10,9.0,418
2016KELL12,Simon Kellum,2024-06-10,9.02,419
2016KELL12,Simon Kellum,2024-06-10,7.85,420
2016KELL12,Simon Kellum,2024-06-11,8.57,421
2016KELL12,Simon Kellum,2024-06-11,10.28,422
2016KELL12,Simon Kellum,2024-06-11,9.34,423
2016KELL12,Simon Kellum,2024-06-12,9.01,424
2016KELL12,Simon Kellum,2024-06-12,8.66,425
2016KELL12,Simon Kellum,2024-06-12,8.74,426
2016KELL12,Simon Kellum,2024-06-15,8.54,427
2016KELL12,Simon Kellum,2024-06-15,8.94,428
2016KELL12,Simon Kellum,2024-06-15,7.9,429
2016KELL12,Simon Kellum,2024-07-13,8.64,430
2016KELL12,Simon Kellum,2024-07-13,8.25,431
2016KELL12,Simon Kellum,2024-07-13,7.74,432
2016KELL12,Simon Kellum,2024-07-18,7.99,433
2016KELL12,Simon Kellum,2024-07-18,8.25,434
2016KELL12,Simon Kellum,2024-07-18,9.72,435
2016KELL12,Simon Kellum,2024-07-25,8.24,436
2016KELL12,Simon Kellum,2024-07-25,10.17,437
2016KELL12,Simon Kellum,2024-08-09,9.17,438
2016KELL12,Simon Kellum,2024-08-09,9.84,439
2016KELL12,Simon Kellum,2024-08-09,8.88,440
2016KELL12,Simon Kellum,2024-08-31,8.56,441
2016KELL12,Simon Kellum,2024-08-31,10.58,442
2016KELL12,Simon Kellum,2024-08-31,9.46,443
2016KELL12,Simon Kellum,2024-09-15,9.19,444
2016KELL12,Simon Kellum,2024-09-15,8.37,445
2016KELL12,Simon Kellum,2024-09-28,8.88,446
2016KELL12,Simon Kellum,2024-09-28,9.36,447
2016KELL12,Simon Kellum,2024-09-28,8.06,448
2016KELL12,Simon Kellum,2024-09-28,9.44,449
2016KELL12,Simon Kellum,2024-10-12,7.74,450
2016KELL12,Simon Kellum,2024-10-12,10.0,451
2016KELL12,Simon Kellum,2024-10-12,7.42,452
2016KELL12,Simon Kellum,2024-10-12,8.57,453
2016KELL12,Simon Kellum,2024-10-26,8.7,454
2016KELL12,Simon Kellum,2024-10-26,8.3,455
2016KELL12,Simon Kellum,2024-10-26,7.78,456
2016KELL12,Simon Kellum,2024-11-17,8.88,457
2016KELL12,Simon Kellum,2024-11-17,8.28,458
2016KELL12,Simon Kellum,2024-11-17,10.19,459
2016KELL12,Simon Kellum,2024-11-22,8.77,460
2016KELL12,Simon Kellum,2024-11-22,9.66,461
2016KELL12,Simon Kellum,2024-11-22,8.87,462
2016KELL12,Simon Kellum,2024-11-22,8.0,463
2016KELL12,Simon Kellum,2024-11-30,8.25,464
2016KELL12,Simon Kellum,2024-11-30,8.7,465
2016KELL12,Simon Kellum,2024-11-30,7.99,466
2016KELL12,Simon Kellum,2024-11-30,8.42,467
2016KELL12,Simon Kellum,2024-12-07,7.95,468
2016KELL12,Simon Kellum,2024-12-07,8.4,469
2016KELL12,Simon Kellum,2024-12-07,9.66,470
2016KELL12,Simon Kellum,2024-12-28,9.73,471
2016KELL12,Simon Kellum,2024-12-28,8.59,472
2016KELL12,Simon Kellum,2024-12-28,8.56,473
2016KELL12,Simon Kellum,2025-01-18,7.83,474
2016KELL12,Simon Kellum,2025-01-18,8.87,475
2016KELL12,Simon Kellum,2025-01-18,8.4,476
2016KELL12,Simon Kellum,2025-01-25,10.56,477
2016KELL12,Simon Kellum,2025-02-15,8.0,478
2016KELL12,Simon Kellum,2025-02-15,8.73,479
2016KELL12,Simon Kellum,2025-02-15,9.83,480
2016KELL12,Simon Kellum,2025-03-01,8.81,481
2016KELL12,Simon Kellum,2025-03-01,8.53,482
2016KELL12,Simon Kellum,2025-03-01,7.96,483
2016KELL12,Simon Kellum,2025-03-08,9.13,484
2016KELL12,Simon Kellum,2025-03-08,8.41,485
2016KELL12,Simon Kellum,2025-03-08,9.53,486
2016KELL12,Simon Kellum,2025-03-29,8.13,487
2016KELL12,Simon Kellum,2025-03-29,9.66,488
2016KELL12,Simon Kellum,2025-04-06,7.94,489
2016KELL12,Simon Kellum,2025-04-06,8.71,490
2016KELL12,Simon Kellum,2025-04-14,8.36,491
2016KELL12,Simon Kellum,2025-04-14,8.29,492
2016KELL12,Simon Kellum,2025-05-10,9.87,493
2016KELL12,Simon Kellum,2025-05-10,8.19,494
2016KELL12,Simon Kellum,2025-05-10,8.4,495
2016KELL12,Simon Kellum,2025-06-15,8.18,496
2016KELL12,Simon Kellum,2025-06-15,8.2,497
2016KELL12,Simon Kellum,2025-06-23,9.06,498
2016KELL12,Simon Kellum,2025-06-23,8.93,499
2016KELL12,Simon Kellum,2025-06-28,9.73,500
2016KELL12,Simon Kellum,2025-06-28,8.03,501
2016KELL12,Simon Kellum,2025-06-28,8.28,502
2016KELL12,Simon Kellum,2025-07-03,9.81,503
2016KELL12,Simon Kellum,2025-07-19,9.49,504
2016KELL12,Simon Kellum,2025-07-19,8.84,505
2016KELL12,Simon Kellum,2025-07-19,8.68,506
2016KELL12,Simon Kellum,2025-08-01,9.66,507
2016KELL12,Simon Kellum,2025-08-01,9.51,508
2016KELL12,Simon Kellum,2025-08-01,9.9,509
2016KELL12,Simon Kellum,2025-08-22,9.14,510
2016KELL12,Simon Kellum,2025-08-22,8.68,511
2016KELL12,Simon Kellum,2025-08-22,8.83,512
2016KELL12,Simon Kellum,2025-08-22,7.59,513
2016KELL12,Simon Kellum,2025-09-05,9.4,514
2016KELL12,Simon Kellum,2025-09-05,8.83,515
2016KELL12,Simon Kellum,2025-09-05,8.89,516
2016KELL12,Simon Kellum,2025-09-13,9.2,517
2016KELL12,Simon Kellum,2025-09-13,8.72,518
2016KELL12,Simon Kellum,2025-09-13,9.47,519
2016KELL12,Simon Kellum,2025-10-04,10.5,520
2016KELL12,Simon Kellum,2025-10-04,8.11,521
2016KELL12,Simon Kellum,2025-10-04,9.19,522
2016KELL12,Simon Kellum,2025-10-04,9.54,523
2016KELL12,Simon Kellum,2025-10-11,8.49,524
2016KELL12,Simon Kellum,2025-10-11,8.5,525
2016KELL12,Simon Kellum,2025-10-11,8.82,526
2016KELL12,Simon Kellum,2025-11-08,10.33,527
2016KELL12,Simon Kellum,2025-11-08,9.03,528
2016KELL12,Simon Kellum,2025-11-08,9.54,529
2016KELL12,Simon Kellum,2025-11-15,8.74,530
2016KELL12,Simon Kellum,2025-11-15,7.57,531
2016KELL12,Simon Kellum,2025-11-15,8.39,532
2016KELL12,Simon Kellum,2026-01-24,8.27,533
2016KELL12,Simon Kellum,2026-01-24,8.5,534
2016KELL12,Simon Kellum,2026-01-24,8.19,535
2016KELL12,Simon Kellum,2026-02-28,9.2,536
2016KELL12,Simon Kellum,2026-02-28,8.93,537
2016KELL12,Simon Kellum,2026-03-14,8.2,538
2016KELL12,Simon Kellum,2026-03-14,7.69,539
2016KELL12,Simon Kellum,2026-03-14,7.95,540
2016KELL12,Simon Kellum,2026-03-21,7.89,541
2016KELL12,Simon Kellum,2026-03-21,8.17,542
2016KELL12,Simon Kellum,2026-03-21,7.06,543
2016KELL12,Simon Kellum,2026-03-21,9.55,544
2016KELL12,Simon Kellum,2026-04-04,10.0,545
2016KELL12,Simon Kellum,2026-04-04,7.87,546
2016KELL12,Simon Kellum,2026-04-04,7.79,547
2016KELL12,Simon Kellum,2026-04-18,8.18,548
2016KELL12,Simon Kellum,2026-04-18,7.58,549
2016KELL12,Simon Kellum,2026-04-18,7.2,550
2016KELL12,Simon Kellum,2026-04-26,8.04,551
2016KELL12,Simon Kellum,2026-04-26,10.44,552
2016KELL12,Simon Kellum,2026-05-08,8.67,553
2016KELL12,Simon Kellum,2026-05-08,9.45,554
2016KELL12,Simon Kellum,2026-05-08,8.17,555
2016KOLA02,Tymon Kolasiński,2016-05-08,27.52,1
2016KOLA02,Tymon Kolasiński,2016-06-04,24.37,2
2016KOLA02,Tymon Kolasiński,2016-07-09,21.33,3
2016KOLA02,Tymon Kolasiński,2016-07-15,20.49,4
2016KOLA02,Tymon Kolasiński,2016-08-27,16.62,5
2016KOLA02,Tymon Kolasiński,2016-08-27,18.09,6
2016KOLA02,Tymon Kolasiński,2016-09-03,17.76,7
2016KOLA02,Tymon Kolasiński,2016-09-03,16.73,8
2016KOLA02,Tymon Kolasiński,2016-10-01,16.72,9
2016KOLA02,Tymon Kolasiński,2016-10-01,16.99,10
2016KOLA02,Tymon Kolasiński,2016-10-08,16.69,11
2016KOLA02,Tymon Kolasiński,2016-10-08,17.64,12
2016KOLA02,Tymon Kolasiński,2016-12-03,16.27,13
2016KOLA02,Tymon Kolasiński,2016-12-03,16.32,14
2016KOLA02,Tymon Kolasiński,2016-12-09,17.99,15
2016KOLA02,Tymon Kolasiński,2016-12-17,13.77,16
2016KOLA02,Tymon Kolasiński,2016-12-17,14.98,17
2016KOLA02,Tymon Kolasiński,2016-12-17,13.69,18
2016KOLA02,Tymon Kolasiński,2017-02-25,16.19,19
2016KOLA02,Tymon Kolasiński,2017-02-25,15.55,20
2016KOLA02,Tymon Kolasiński,2017-03-11,14.51,21
2016KOLA02,Tymon Kolasiński,2017-03-11,15.67,22
2016KOLA02,Tymon Kolasiński,2017-03-18,15.91,23
2016KOLA02,Tymon Kolasiński,2017-03-18,14.57,24
2016KOLA02,Tymon Kolasiński,2017-03-25,17.75,25
2016KOLA02,Tymon Kolasiński,2017-03-25,15.38,26
2016KOLA02,Tymon Kolasiński,2017-04-01,15.09,27
2016KOLA02,Tymon Kolasiński,2017-04-01,16.06,28
2016KOLA02,Tymon Kolasiński,2017-04-29,15.47,29
2016KOLA02,Tymon Kolasiński,2017-04-29,12.3,30
2016KOLA02,Tymon Kolasiński,2017-05-06,14.17,31
2016KOLA02,Tymon Kolasiński,2017-05-06,12.61,32
2016KOLA02,Tymon Kolasiński,2017-05-06,11.98,33
2016KOLA02,Tymon Kolasiński,2017-05-27,14.06,34
2016KOLA02,Tymon Kolasiński,2017-05-27,11.65,35
2016KOLA02,Tymon Kolasiński,2017-06-10,14.08,36
2016KOLA02,Tymon Kolasiński,2017-06-10,13.08,37
2016KOLA02,Tymon Kolasiński,2017-06-24,11.26,38
2016KOLA02,Tymon Kolasiński,2017-06-24,11.22,39
2016KOLA02,Tymon Kolasiński,2017-06-24,11.85,40
2016KOLA02,Tymon Kolasiński,2017-07-29,11.43,41
2016KOLA02,Tymon Kolasiński,2017-07-29,11.08,42
2016KOLA02,Tymon Kolasiński,2017-07-29,11.19,43
2016KOLA02,Tymon Kolasiński,2017-08-05,12.8,44
2016KOLA02,Tymon Kolasiński,2017-08-05,12.16,45
2016KOLA02,Tymon Kolasiński,2017-09-15,10.75,46
2016KOLA02,Tymon Kolasiński,2017-09-15,11.59,47
2016KOLA02,Tymon Kolasiński,2017-10-14,12.65,48
2016KOLA02,Tymon Kolasiński,2017-10-14,11.71,49
2016KOLA02,Tymon Kolasiński,2017-10-21,9.94,50
2016KOLA02,Tymon Kolasiński,2017-10-21,12.09,51
2016KOLA02,Tymon Kolasiński,2017-11-17,11.04,52
2016KOLA02,Tymon Kolasiński,2017-11-17,10.21,53
2016KOLA02,Tymon Kolasiński,2017-11-17,10.98,54
2016KOLA02,Tymon Kolasiński,2017-12-09,10.85,55
2016KOLA02,Tymon Kolasiński,2017-12-09,10.57,56
2016KOLA02,Tymon Kolasiński,2017-12-09,10.17,57
2016KOLA02,Tymon Kolasiński,2017-12-16,10.01,58
2016KOLA02,Tymon Kolasiński,2017-12-16,10.8,59
2016KOLA02,Tymon Kolasiński,2018-01-13,10.53,60
2016KOLA02,Tymon Kolasiński,2018-01-13,9.57,61
2016KOLA02,Tymon Kolasiński,2018-01-13,10.41,62
2016KOLA02,Tymon Kolasiński,2018-02-10,11.07,63
2016KOLA02,Tymon Kolasiński,2018-02-10,9.3,64
2016KOLA02,Tymon Kolasiński,2018-02-17,10.82,65
2016KOLA02,Tymon Kolasiński,2018-02-17,10.47,66
2016KOLA02,Tymon Kolasiński,2018-02-17,9.99,67
2016KOLA02,Tymon Kolasiński,2018-02-24,10.74,68
2016KOLA02,Tymon Kolasiński,2018-02-24,10.04,69
2016KOLA02,Tymon Kolasiński,2018-03-03,8.71,70
2016KOLA02,Tymon Kolasiński,2018-03-03,9.32,71
2016KOLA02,Tymon Kolasiński,2018-03-03,8.6,72
2016KOLA02,Tymon Kolasiński,2018-03-17,8.48,73
2016KOLA02,Tymon Kolasiński,2018-03-17,8.82,74
2016KOLA02,Tymon Kolasiński,2018-04-07,8.63,75
2016KOLA02,Tymon Kolasiński,2018-04-07,9.39,76
2016KOLA02,Tymon Kolasiński,2018-04-07,9.47,77
2016KOLA02,Tymon Kolasiński,2018-04-21,10.02,78
2016KOLA02,Tymon Kolasiński,2018-04-21,9.58,79
2016KOLA02,Tymon Kolasiński,2018-05-26,9.44,80
2016KOLA02,Tymon Kolasiński,2018-05-26,9.15,81
2016KOLA02,Tymon Kolasiński,2018-05-27,8.98,82
2016KOLA02,Tymon Kolasiński,2018-05-27,8.2,83
2016KOLA02,Tymon Kolasiński,2018-05-27,8.57,84
2016KOLA02,Tymon Kolasiński,2018-06-10,8.37,85
2016KOLA02,Tymon Kolasiński,2018-06-10,9.11,86
2016KOLA02,Tymon Kolasiński,2018-06-10,8.81,87
2016KOLA02,Tymon Kolasiński,2018-06-16,9.24,88
2016KOLA02,Tymon Kolasiński,2018-06-16,7.79,89
2016KOLA02,Tymon Kolasiński,2018-06-16,9.81,90
2016KOLA02,Tymon Kolasiński,2018-06-23,8.68,91
2016KOLA02,Tymon Kolasiński,2018-06-23,9.53,92
2016KOLA02,Tymon Kolasiński,2018-06-23,8.59,93
2016KOLA02,Tymon Kolasiński,2018-06-30,7.05,94
2016KOLA02,Tymon Kolasiński,2018-06-30,9.06,95
2016KOLA02,Tymon Kolasiński,2018-06-30,8.6,96
2016KOLA02,Tymon Kolasiński,2018-07-07,8.49,97
2016KOLA02,Tymon Kolasiński,2018-07-07,10.09,98
2016KOLA02,Tymon Kolasiński,2018-07-19,8.33,99
2016KOLA02,Tymon Kolasiński,2018-07-19,8.45,100
2016KOLA02,Tymon Kolasiński,2018-07-19,8.71,101
2016KOLA02,Tymon Kolasiński,2018-08-04,9.21,102
2016KOLA02,Tymon Kolasiński,2018-08-04,8.83,103
2016KOLA02,Tymon Kolasiński,2018-08-04,7.83,104
2016KOLA02,Tymon Kolasiński,2018-08-18,7.56,105
2016KOLA02,Tymon Kolasiński,2018-08-18,9.2,106
2016KOLA02,Tymon Kolasiński,2018-08-18,8.09,107
2016KOLA02,Tymon Kolasiński,2018-09-09,9.05,108
2016KOLA02,Tymon Kolasiński,2018-09-09,8.89,109
2016KOLA02,Tymon Kolasiński,2018-09-09,9.21,110
2016KOLA02,Tymon Kolasiński,2018-09-15,7.81,111
2016KOLA02,Tymon Kolasiński,2018-09-15,9.12,112
2016KOLA02,Tymon Kolasiński,2018-09-15,7.81,113
2016KOLA02,Tymon Kolasiński,2018-10-06,8.53,114
2016KOLA02,Tymon Kolasiński,2018-10-06,7.97,115
2016KOLA02,Tymon Kolasiński,2018-10-06,8.0,116
2016KOLA02,Tymon Kolasiński,2018-10-20,7.79,117
2016KOLA02,Tymon Kolasiński,2018-10-20,8.47,118
2016KOLA02,Tymon Kolasiński,2018-10-20,7.88,119
2016KOLA02,Tymon Kolasiński,2018-10-26,9.15,120
2016KOLA02,Tymon Kolasiński,2018-10-26,9.18,121
2016KOLA02,Tymon Kolasiński,2018-10-26,8.3,122
2016KOLA02,Tymon Kolasiński,2018-11-17,8.84,123
2016KOLA02,Tymon Kolasiński,2018-11-17,8.06,124
2016KOLA02,Tymon Kolasiński,2018-11-17,8.93,125
2016KOLA02,Tymon Kolasiński,2018-12-08,8.74,126
2016KOLA02,Tymon Kolasiński,2018-12-08,9.26,127
2016KOLA02,Tymon Kolasiński,2018-12-08,7.74,128
2016KOLA02,Tymon Kolasiński,2019-01-12,8.76,129
2016KOLA02,Tymon Kolasiński,2019-01-12,8.08,130
2016KOLA02,Tymon Kolasiński,2019-02-02,8.62,131
2016KOLA02,Tymon Kolasiński,2019-02-02,7.4,132
2016KOLA02,Tymon Kolasiński,2019-02-02,7.93,133
2016KOLA02,Tymon Kolasiński,2019-02-11,6.71,134
2016KOLA02,Tymon Kolasiński,2019-02-11,7.54,135
2016KOLA02,Tymon Kolasiński,2019-02-11,7.8,136
2016KOLA02,Tymon Kolasiński,2019-02-23,8.06,137
2016KOLA02,Tymon Kolasiński,2019-02-23,7.48,138
2016KOLA02,Tymon Kolasiński,2019-02-23,7.55,139
2016KOLA02,Tymon Kolasiński,2019-03-16,7.29,140
2016KOLA02,Tymon Kolasiński,2019-03-16,8.21,141
2016KOLA02,Tymon Kolasiński,2019-03-16,8.14,142
2016KOLA02,Tymon Kolasiński,2019-04-06,7.0,143
2016KOLA02,Tymon Kolasiński,2019-04-06,7.54,144
2016KOLA02,Tymon Kolasiński,2019-04-13,6.73,145
2016KOLA02,Tymon Kolasiński,2019-04-13,7.33,146
2016KOLA02,Tymon Kolasiński,2019-04-13,6.95,147
2016KOLA02,Tymon Kolasiński,2019-05-26,6.91,148
2016KOLA02,Tymon Kolasiński,2019-05-26,7.4,149
2016KOLA02,Tymon Kolasiński,2019-05-26,6.8,150
2016KOLA02,Tymon Kolasiński,2019-06-08,9.37,151
2016KOLA02,Tymon Kolasiński,2019-06-08,7.81,152
2016KOLA02,Tymon Kolasiński,2019-06-08,7.22,153
2016KOLA02,Tymon Kolasiński,2019-06-22,7.52,154
2016KOLA02,Tymon Kolasiński,2019-06-22,6.63,155
2016KOLA02,Tymon Kolasiński,2019-06-22,6.42,156
2016KOLA02,Tymon Kolasiński,2019-07-06,6.51,157
2016KOLA02,Tymon Kolasiński,2019-07-06,7.9,158
2016KOLA02,Tymon Kolasiński,2019-07-06,6.47,159
2016KOLA02,Tymon Kolasiński,2019-07-11,6.43,160
2016KOLA02,Tymon Kolasiński,2019-07-11,6.69,161
2016KOLA02,Tymon Kolasiński,2019-07-11,7.04,162
2016KOLA02,Tymon Kolasiński,2019-07-11,7.21,163
2016KOLA02,Tymon Kolasiński,2019-08-31,6.54,164
2016KOLA02,Tymon Kolasiński,2019-08-31,6.89,165
2016KOLA02,Tymon Kolasiński,2019-08-31,6.82,166
2016KOLA02,Tymon Kolasiński,2019-09-13,6.39,167
2016KOLA02,Tymon Kolasiński,2019-09-13,6.65,168
2016KOLA02,Tymon Kolasiński,2019-09-13,6.94,169
2016KOLA02,Tymon Kolasiński,2019-10-11,7.79,170
2016KOLA02,Tymon Kolasiński,2019-10-11,6.78,171
2016KOLA02,Tymon Kolasiński,2019-10-11,7.46,172
2016KOLA02,Tymon Kolasiński,2019-10-11,7.21,173
2016KOLA02,Tymon Kolasiński,2019-11-09,6.12,174
2016KOLA02,Tymon Kolasiński,2019-11-09,6.86,175
2016KOLA02,Tymon Kolasiński,2019-11-09,7.14,176
2016KOLA02,Tymon Kolasiński,2019-11-23,6.3,177
2016KOLA02,Tymon Kolasiński,2019-11-23,6.82,178
2016KOLA02,Tymon Kolasiński,2019-11-23,6.89,179
2016KOLA02,Tymon Kolasiński,2019-12-21,6.28,180
2016KOLA02,Tymon Kolasiński,2019-12-21,8.56,181
2016KOLA02,Tymon Kolasiński,2019-12-21,6.2,182
2016KOLA02,Tymon Kolasiński,2020-01-18,6.83,183
2016KOLA02,Tymon Kolasiński,2020-01-18,6.3,184
2016KOLA02,Tymon Kolasiński,2020-01-18,6.71,185
2016KOLA02,Tymon Kolasiński,2020-02-29,6.82,186
2016KOLA02,Tymon Kolasiński,2020-02-29,7.12,187
2016KOLA02,Tymon Kolasiński,2020-02-29,6.5,188
2016KOLA02,Tymon Kolasiński,2020-02-29,6.73,189
2016KOLA02,Tymon Kolasiński,2020-08-22,6.36,190
2016KOLA02,Tymon Kolasiński,2020-08-22,6.18,191
2016KOLA02,Tymon Kolasiński,2020-08-22,6.47,192
2016KOLA02,Tymon Kolasiński,2021-07-03,6.51,193
2016KOLA02,Tymon Kolasiński,2021-07-03,5.6,194
2016KOLA02,Tymon Kolasiński,2021-07-03,5.93,195
2016KOLA02,Tymon Kolasiński,2021-07-10,5.97,196
2016KOLA02,Tymon Kolasiński,2021-07-10,6.0,197
2016KOLA02,Tymon Kolasiński,2021-07-10,5.54,198
2016KOLA02,Tymon Kolasiński,2021-07-24,5.54,199
2016KOLA02,Tymon Kolasiński,2021-07-24,6.07,200
2016KOLA02,Tymon Kolasiński,2021-07-24,5.76,201
2016KOLA02,Tymon Kolasiński,2021-08-07,6.29,202
2016KOLA02,Tymon Kolasiński,2021-08-07,5.79,203
2016KOLA02,Tymon Kolasiński,2021-08-07,6.03,204
2016KOLA02,Tymon Kolasiński,2021-08-28,6.58,205
2016KOLA02,Tymon Kolasiński,2021-08-28,6.41,206
2016KOLA02,Tymon Kolasiński,2021-08-28,5.95,207
2016KOLA02,Tymon Kolasiński,2021-09-04,6.2,208
2016KOLA02,Tymon Kolasiński,2021-09-04,5.57,209
2016KOLA02,Tymon Kolasiński,2021-09-04,5.87,210
2016KOLA02,Tymon Kolasiński,2021-09-11,6.03,211
2016KOLA02,Tymon Kolasiński,2021-09-11,6.12,212
2016KOLA02,Tymon Kolasiński,2021-09-11,6.03,213
2016KOLA02,Tymon Kolasiński,2021-09-18,7.02,214
2016KOLA02,Tymon Kolasiński,2021-09-18,6.31,215
2016KOLA02,Tymon Kolasiński,2021-09-18,6.46,216
2016KOLA02,Tymon Kolasiński,2021-10-01,6.77,217
2016KOLA02,Tymon Kolasiński,2021-10-01,6.06,218
2016KOLA02,Tymon Kolasiński,2021-10-01,5.97,219
2016KOLA02,Tymon Kolasiński,2021-11-06,5.72,220
2016KOLA02,Tymon Kolasiński,2021-11-06,6.37,221
2016KOLA02,Tymon Kolasiński,2021-11-06,5.62,222
2016KOLA02,Tymon Kolasiński,2021-12-18,5.65,223
2016KOLA02,Tymon Kolasiński,2021-12-18,5.09,224
2016KOLA02,Tymon Kolasiński,2021-12-18,5.98,225
2016KOLA02,Tymon Kolasiński,2022-02-06,6.16,226
2016KOLA02,Tymon Kolasiński,2022-02-06,5.42,227
2016KOLA02,Tymon Kolasiński,2022-02-26,5.43,228
2016KOLA02,Tymon Kolasiński,2022-02-26,5.15,229
2016KOLA02,Tymon Kolasiński,2022-02-26,6.28,230
2016KOLA02,Tymon Kolasiński,2022-03-12,5.51,231
2016KOLA02,Tymon Kolasiński,2022-03-12,5.92,232
2016KOLA02,Tymon Kolasiński,2022-03-12,6.12,233
2016KOLA02,Tymon Kolasiński,2022-03-26,5.83,234
2016KOLA02,Tymon Kolasiński,2022-03-26,5.32,235
2016KOLA02,Tymon Kolasiński,2022-03-26,5.84,236
2016KOLA02,Tymon Kolasiński,2022-04-09,5.42,237
2016KOLA02,Tymon Kolasiński,2022-04-09,5.43,238
2016KOLA02,Tymon Kolasiński,2022-04-09,5.53,239
2016KOLA02,Tymon Kolasiński,2022-04-23,5.96,240
2016KOLA02,Tymon Kolasiński,2022-04-23,5.72,241
2016KOLA02,Tymon Kolasiński,2022-04-23,5.6,242
2016KOLA02,Tymon Kolasiński,2022-04-23,5.76,243
2016KOLA02,Tymon Kolasiński,2022-05-21,6.58,244
2016KOLA02,Tymon Kolasiński,2022-05-21,6.19,245
2016KOLA02,Tymon Kolasiński,2022-05-21,6.15,246
2016KOLA02,Tymon Kolasiński,2022-05-21,5.54,247
2016KOLA02,Tymon Kolasiński,2022-05-28,6.12,248
2016KOLA02,Tymon Kolasiński,2022-05-28,5.38,249
2016KOLA02,Tymon Kolasiński,2022-05-28,5.95,250
2016KOLA02,Tymon Kolasiński,2022-06-18,6.08,251
2016KOLA02,Tymon Kolasiński,2022-06-18,5.3,252
2016KOLA02,Tymon Kolasiński,2022-06-18,5.19,253
2016KOLA02,Tymon Kolasiński,2022-07-08,5.33,254
2016KOLA02,Tymon Kolasiński,2022-07-08,5.84,255
2016KOLA02,Tymon Kolasiński,2022-07-08,5.35,256
2016KOLA02,Tymon Kolasiński,2022-07-14,6.02,257
2016KOLA02,Tymon Kolasiński,2022-07-14,5.64,258
2016KOLA02,Tymon Kolasiński,2022-07-14,5.16,259
2016KOLA02,Tymon Kolasiński,2022-07-14,6.17,260
2016KOLA02,Tymon Kolasiński,2022-07-30,5.62,261
2016KOLA02,Tymon Kolasiński,2022-07-30,6.46,262
2016KOLA02,Tymon Kolasiński,2022-07-30,4.86,263
2016KOLA02,Tymon Kolasiński,2022-07-30,5.84,264
2016KOLA02,Tymon Kolasiński,2022-08-20,6.53,265
2016KOLA02,Tymon Kolasiński,2022-08-20,6.13,266
2016KOLA02,Tymon Kolasiński,2022-08-20,5.63,267
2016KOLA02,Tymon Kolasiński,2022-08-27,6.49,268
2016KOLA02,Tymon Kolasiński,2022-08-27,5.69,269
2016KOLA02,Tymon Kolasiński,2022-08-27,5.65,270
2016KOLA02,Tymon Kolasiński,2022-09-02,5.43,271
2016KOLA02,Tymon Kolasiński,2022-09-02,5.57,272
2016KOLA02,Tymon Kolasiński,2022-09-02,5.56,273
2016KOLA02,Tymon Kolasiński,2022-09-02,5.8,274
2016KOLA02,Tymon Kolasiński,2022-09-24,5.51,275
2016KOLA02,Tymon Kolasiński,2022-09-24,5.99,276
2016KOLA02,Tymon Kolasiński,2022-09-24,5.8,277
2016KOLA02,Tymon Kolasiński,2022-10-14,5.71,278
2016KOLA02,Tymon Kolasiński,2022-10-14,5.58,279
2016KOLA02,Tymon Kolasiński,2022-10-14,5.54,280
2016KOLA02,Tymon Kolasiński,2022-10-28,6.03,281
2016KOLA02,Tymon Kolasiński,2022-10-28,5.54,282
2016KOLA02,Tymon Kolasiński,2022-10-28,6.12,283
2016KOLA02,Tymon Kolasiński,2022-10-28,6.1,284
2016KOLA02,Tymon Kolasiński,2022-11-04,5.54,285
2016KOLA02,Tymon Kolasiński,2022-11-04,6.11,286
2016KOLA02,Tymon Kolasiński,2022-11-04,5.33,287
2016KOLA02,Tymon Kolasiński,2022-11-04,5.52,288
2016KOLA02,Tymon Kolasiński,2023-01-13,6.22,289
2016KOLA02,Tymon Kolasiński,2023-01-13,6.02,290
2016KOLA02,Tymon Kolasiński,2023-01-13,5.35,291
2016KOLA02,Tymon Kolasiński,2023-01-13,5.51,292
2016KOLA02,Tymon Kolasiński,2023-01-27,6.71,293
2016KOLA02,Tymon Kolasiński,2023-01-27,6.17,294
2016KOLA02,Tymon Kolasiński,2023-01-27,5.68,295
2016KOLA02,Tymon Kolasiński,2023-01-27,5.35,296
2016KOLA02,Tymon Kolasiński,2023-02-18,5.47,297
2016KOLA02,Tymon Kolasiński,2023-02-18,5.89,298
2016KOLA02,Tymon Kolasiński,2023-02-18,5.53,299
2016KOLA02,Tymon Kolasiński,2023-02-18,5.95,300
2016KOLA02,Tymon Kolasiński,2023-02-24,5.84,301
2016KOLA02,Tymon Kolasiński,2023-02-24,6.2,302
2016KOLA02,Tymon Kolasiński,2023-02-24,5.62,303
2016KOLA02,Tymon Kolasiński,2023-02-24,5.19,304
2016KOLA02,Tymon Kolasiński,2023-03-04,5.61,305
2016KOLA02,Tymon Kolasiński,2023-03-04,5.05,306
2016KOLA02,Tymon Kolasiński,2023-03-04,5.67,307
2016KOLA02,Tymon Kolasiński,2023-03-12,5.9,308
2016KOLA02,Tymon Kolasiński,2023-03-12,5.08,309
2016KOLA02,Tymon Kolasiński,2023-03-12,5.91,310
2016KOLA02,Tymon Kolasiński,2023-04-01,5.4,311
2016KOLA02,Tymon Kolasiński,2023-04-01,6.47,312
2016KOLA02,Tymon Kolasiński,2023-04-01,5.22,313
2016KOLA02,Tymon Kolasiński,2023-04-09,5.53,314
2016KOLA02,Tymon Kolasiński,2023-04-09,5.51,315
2016KOLA02,Tymon Kolasiński,2023-04-09,5.93,316
2016KOLA02,Tymon Kolasiński,2023-04-15,5.18,317
2016KOLA02,Tymon Kolasiński,2023-04-15,5.58,318
2016KOLA02,Tymon Kolasiński,2023-04-15,5.6,319
2016KOLA02,Tymon Kolasiński,2023-04-15,5.27,320
2016KOLA02,Tymon Kolasiński,2023-04-22,5.6,321
2016KOLA02,Tymon Kolasiński,2023-04-22,5.55,322
2016KOLA02,Tymon Kolasiński,2023-04-22,5.82,323
2016KOLA02,Tymon Kolasiński,2023-05-14,6.2,324
2016KOLA02,Tymon Kolasiński,2023-05-14,6.94,325
2016KOLA02,Tymon Kolasiński,2023-05-14,5.75,326
2016KOLA02,Tymon Kolasiński,2023-05-20,5.45,327
2016KOLA02,Tymon Kolasiński,2023-05-20,6.26,328
2016KOLA02,Tymon Kolasiński,2023-05-20,6.52,329
2016KOLA02,Tymon Kolasiński,2023-05-20,5.63,330
2016KOLA02,Tymon Kolasiński,2023-06-03,5.28,331
2016KOLA02,Tymon Kolasiński,2023-06-03,5.72,332
2016KOLA02,Tymon Kolasiński,2023-06-03,5.4,333
2016KOLA02,Tymon Kolasiński,2023-06-23,6.07,334
2016KOLA02,Tymon Kolasiński,2023-06-23,5.74,335
2016KOLA02,Tymon Kolasiński,2023-06-23,6.03,336
2016KOLA02,Tymon Kolasiński,2023-07-07,5.78,337
2016KOLA02,Tymon Kolasiński,2023-07-07,5.78,338
2016KOLA02,Tymon Kolasiński,2023-07-07,5.14,339
2016KOLA02,Tymon Kolasiński,2023-07-07,5.15,340
2016KOLA02,Tymon Kolasiński,2023-07-22,5.88,341
2016KOLA02,Tymon Kolasiński,2023-07-22,5.57,342
2016KOLA02,Tymon Kolasiński,2023-07-22,5.26,343
2016KOLA02,Tymon Kolasiński,2023-07-22,5.41,344
2016KOLA02,Tymon Kolasiński,2023-08-12,5.57,345
2016KOLA02,Tymon Kolasiński,2023-08-12,5.4,346
2016KOLA02,Tymon Kolasiński,2023-08-12,5.79,347
2016KOLA02,Tymon Kolasiński,2023-08-12,5.42,348
2016KOLA02,Tymon Kolasiński,2023-09-01,5.58,349
2016KOLA02,Tymon Kolasiński,2023-09-01,5.9,350
2016KOLA02,Tymon Kolasiński,2023-09-01,5.3,351
2016KOLA02,Tymon Kolasiński,2023-09-08,5.76,352
2016KOLA02,Tymon Kolasiński,2023-09-08,5.61,353
2016KOLA02,Tymon Kolasiński,2023-09-08,4.96,354
2016KOLA02,Tymon Kolasiński,2023-09-08,5.39,355
2016KOLA02,Tymon Kolasiński,2023-09-23,5.44,356
2016KOLA02,Tymon Kolasiński,2023-09-23,6.03,357
2016KOLA02,Tymon Kolasiński,2023-09-23,5.39,358
2016KOLA02,Tymon Kolasiński,2023-09-30,6.4,359
2016KOLA02,Tymon Kolasiński,2023-09-30,6.49,360
2016KOLA02,Tymon Kolasiński,2023-09-30,5.61,361
2016KOLA02,Tymon Kolasiński,2023-10-06,5.51,362
2016KOLA02,Tymon Kolasiński,2023-10-06,5.36,363
2016KOLA02,Tymon Kolasiński,2023-10-06,5.26,364
2016KOLA02,Tymon Kolasiński,2023-10-06,6.55,365
2016KOLA02,Tymon Kolasiński,2023-10-20,5.85,366
2016KOLA02,Tymon Kolasiński,2023-10-20,5.87,367
2016KOLA02,Tymon Kolasiński,2023-10-20,5.72,368
2016KOLA02,Tymon Kolasiński,2023-10-20,5.56,369
2016KOLA02,Tymon Kolasiński,2023-11-04,5.64,370
2016KOLA02,Tymon Kolasiński,2023-11-04,5.92,371
2016KOLA02,Tymon Kolasiński,2023-11-04,6.49,372
2016KOLA02,Tymon Kolasiński,2023-12-08,6.35,373
2016KOLA02,Tymon Kolasiński,2023-12-08,5.48,374
2016KOLA02,Tymon Kolasiński,2023-12-08,5.76,375
2016KOLA02,Tymon Kolasiński,2023-12-08,5.7,376
2016KOLA02,Tymon Kolasiński,2024-01-06,5.77,377
2016KOLA02,Tymon Kolasiński,2024-01-06,5.1,378
2016KOLA02,Tymon Kolasiński,2024-01-06,5.1,379
2016KOLA02,Tymon Kolasiński,2024-01-06,5.8,380
2016KOLA02,Tymon Kolasiński,2024-01-13,5.56,381
2016KOLA02,Tymon Kolasiński,2024-01-13,5.3,382
2016KOLA02,Tymon Kolasiński,2024-01-13,5.53,383
2016KOLA02,Tymon Kolasiński,2024-01-19,5.51,384
2016KOLA02,Tymon Kolasiński,2024-01-19,5.28,385
2016KOLA02,Tymon Kolasiński,2024-01-19,5.73,386
2016KOLA02,Tymon Kolasiński,2024-01-19,5.81,387
2016KOLA02,Tymon Kolasiński,2024-02-23,5.41,388
2016KOLA02,Tymon Kolasiński,2024-02-23,6.24,389
2016KOLA02,Tymon Kolasiński,2024-02-23,5.51,390
2016KOLA02,Tymon Kolasiński,2024-03-02,5.38,391
2016KOLA02,Tymon Kolasiński,2024-03-02,6.0,392
2016KOLA02,Tymon Kolasiński,2024-03-02,5.77,393
2016KOLA02,Tymon Kolasiński,2024-03-23,5.16,394
2016KOLA02,Tymon Kolasiński,2024-03-23,5.68,395
2016KOLA02,Tymon Kolasiński,2024-03-23,5.66,396
2016KOLA02,Tymon Kolasiński,2024-03-23,5.22,397
2016KOLA02,Tymon Kolasiński,2024-04-20,4.84,398
2016KOLA02,Tymon Kolasiński,2024-04-20,5.09,399
2016KOLA02,Tymon Kolasiński,2024-04-20,5.15,400
2016KOLA02,Tymon Kolasiński,2024-05-11,5.41,401
2016KOLA02,Tymon Kolasiński,2024-05-11,5.33,402
2016KOLA02,Tymon Kolasiński,2024-05-11,5.47,403
2016KOLA02,Tymon Kolasiński,2024-05-11,5.57,404
2016KOLA02,Tymon Kolasiński,2024-05-18,5.19,405
2016KOLA02,Tymon Kolasiński,2024-05-18,4.9,406
2016KOLA02,Tymon Kolasiński,2024-05-18,5.36,407
2016KOLA02,Tymon Kolasiński,2024-05-25,5.59,408
2016KOLA02,Tymon Kolasiński,2024-05-25,5.47,409
2016KOLA02,Tymon Kolasiński,2024-05-25,4.74,410
2016KOLA02,Tymon Kolasiński,2024-06-09,6.24,411
2016KOLA02,Tymon Kolasiński,2024-06-09,6.13,412
2016KOLA02,Tymon Kolasiński,2024-06-09,5.61,413
2016KOLA02,Tymon Kolasiński,2024-06-21,5.39,414
2016KOLA02,Tymon Kolasiński,2024-06-21,5.77,415
2016KOLA02,Tymon Kolasiński,2024-06-21,5.53,416
2016KOLA02,Tymon Kolasiński,2024-06-21,5.29,417
2016KOLA02,Tymon Kolasiński,2024-07-16,5.59,418
2016KOLA02,Tymon Kolasiński,2024-07-16,5.82,419
2016KOLA02,Tymon Kolasiński,2024-07-16,4.9,420
2016KOLA02,Tymon Kolasiński,2024-07-18,4.79,421
2016KOLA02,Tymon Kolasiński,2024-07-18,5.38,422
2016KOLA02,Tymon Kolasiński,2024-07-18,5.02,423
2016KOLA02,Tymon Kolasiński,2024-07-18,4.94,424
2016KOLA02,Tymon Kolasiński,2024-07-25,5.84,425
2016KOLA02,Tymon Kolasiński,2024-07-25,5.75,426
2016KOLA02,Tymon Kolasiński,2024-07-25,5.25,427
2016KOLA02,Tymon Kolasiński,2024-07-25,5.92,428
2016KOLA02,Tymon Kolasiński,2024-08-31,5.77,429
2016KOLA02,Tymon Kolasiński,2024-08-31,4.79,430
2016KOLA02,Tymon Kolasiński,2024-08-31,5.0,431
2016KOLA02,Tymon Kolasiński,2024-08-31,5.25,432
2016KOLA02,Tymon Kolasiński,2024-09-21,5.11,433
2016KOLA02,Tymon Kolasiński,2024-09-21,5.15,434
2016KOLA02,Tymon Kolasiński,2024-09-21,5.63,435
2016KOLA02,Tymon Kolasiński,2024-09-28,5.95,436
2016KOLA02,Tymon Kolasiński,2024-09-28,5.41,437
2016KOLA02,Tymon Kolasiński,2024-09-28,5.18,438
2016KOLA02,Tymon Kolasiński,2024-09-28,5.87,439
2016KOLA02,Tymon Kolasiński,2024-10-04,5.61,440
2016KOLA02,Tymon Kolasiński,2024-10-04,4.97,441
2016KOLA02,Tymon Kolasiński,2024-10-04,5.43,442
2016KOLA02,Tymon Kolasiński,2024-10-04,5.21,443
2016KOLA02,Tymon Kolasiński,2024-11-01,4.86,444
2016KOLA02,Tymon Kolasiński,2024-11-01,5.29,445
2016KOLA02,Tymon Kolasiński,2024-11-01,5.39,446
2016KOLA02,Tymon Kolasiński,2024-11-01,5.32,447
2016KOLA02,Tymon Kolasiński,2024-11-07,6.25,448
2016KOLA02,Tymon Kolasiński,2024-11-07,5.13,449
2016KOLA02,Tymon Kolasiński,2024-11-07,5.06,450
2016KOLA02,Tymon Kolasiński,2024-11-07,5.07,451
2016KOLA02,Tymon Kolasiński,2024-12-07,5.03,452
2016KOLA02,Tymon Kolasiński,2024-12-07,4.92,453
2016KOLA02,Tymon Kolasiński,2024-12-07,5.68,454
2016KOLA02,Tymon Kolasiński,2024-12-07,4.9,455
2016KOLA02,Tymon Kolasiński,2024-12-14,5.63,456
2016KOLA02,Tymon Kolasiński,2024-12-14,5.38,457
2016KOLA02,Tymon Kolasiński,2024-12-14,5.83,458
2016KOLA02,Tymon Kolasiński,2025-01-25,5.2,459
2016KOLA02,Tymon Kolasiński,2025-01-25,5.08,460
2016KOLA02,Tymon Kolasiński,2025-01-25,4.67,461
2016KOLA02,Tymon Kolasiński,2025-02-08,5.62,462
2016KOLA02,Tymon Kolasiński,2025-02-08,5.28,463
2016KOLA02,Tymon Kolasiński,2025-02-08,5.78,464
2016KOLA02,Tymon Kolasiński,2025-02-15,5.15,465
2016KOLA02,Tymon Kolasiński,2025-02-15,5.54,466
2016KOLA02,Tymon Kolasiński,2025-02-15,5.34,467
2016KOLA02,Tymon Kolasiński,2025-03-08,5.3,468
2016KOLA02,Tymon Kolasiński,2025-03-08,5.01,469
2016KOLA02,Tymon Kolasiński,2025-03-08,5.07,470
2016KOLA02,Tymon Kolasiński,2025-03-08,4.93,471
2016KOLA02,Tymon Kolasiński,2025-04-05,5.4,472
2016KOLA02,Tymon Kolasiński,2025-04-05,5.58,473
2016KOLA02,Tymon Kolasiński,2025-04-05,4.98,474
2016KOLA02,Tymon Kolasiński,2025-05-03,4.77,475
2016KOLA02,Tymon Kolasiński,2025-05-03,5.77,476
2016KOLA02,Tymon Kolasiński,2025-05-03,5.58,477
2016KOLA02,Tymon Kolasiński,2025-05-17,5.43,478
2016KOLA02,Tymon Kolasiński,2025-05-17,5.58,479
2016KOLA02,Tymon Kolasiński,2025-05-17,4.95,480
2016KOLA02,Tymon Kolasiński,2025-05-24,5.61,481
2016KOLA02,Tymon Kolasiński,2025-05-24,4.98,482
2016KOLA02,Tymon Kolasiński,2025-05-24,5.59,483
2016KOLA02,Tymon Kolasiński,2025-06-07,5.25,484
2016KOLA02,Tymon Kolasiński,2025-06-07,5.53,485
2016KOLA02,Tymon Kolasiński,2025-06-07,4.89,486
2016KOLA02,Tymon Kolasiński,2025-06-20,5.03,487
2016KOLA02,Tymon Kolasiński,2025-06-20,4.97,488
2016KOLA02,Tymon Kolasiński,2025-06-20,5.54,489
2016KOLA02,Tymon Kolasiński,2025-06-20,5.34,490
2016KOLA02,Tymon Kolasiński,2025-07-03,5.04,491
2016KOLA02,Tymon Kolasiński,2025-07-03,5.2,492
2016KOLA02,Tymon Kolasiński,2025-07-03,5.1,493
2016KOLA02,Tymon Kolasiński,2025-07-03,4.98,494
2016KOLA02,Tymon Kolasiński,2025-09-13,5.57,495
2016KOLA02,Tymon Kolasiński,2025-09-13,5.02,496
2016KOLA02,Tymon Kolasiński,2025-09-13,5.34,497
2016KOLA02,Tymon Kolasiński,2025-09-20,4.92,498
2016KOLA02,Tymon Kolasiński,2025-09-20,6.41,499
2016KOLA02,Tymon Kolasiński,2025-09-20,5.1,500
2016KOLA02,Tymon Kolasiński,2025-09-27,5.37,501
2016KOLA02,Tymon Kolasiński,2025-09-27,5.57,502
2016KOLA02,Tymon Kolasiński,2025-09-27,5.43,503
2016KOLA02,Tymon Kolasiński,2025-10-18,5.18,504
2016KOLA02,Tymon Kolasiński,2025-10-18,5.25,505
2016KOLA02,Tymon Kolasiński,2025-10-18,5.21,506
2016KOLA02,Tymon Kolasiński,2025-10-25,5.47,507
2016KOLA02,Tymon Kolasiński,2025-10-25,5.77,508
2016KOLA02,Tymon Kolasiński,2025-10-25,5.62,509
2016KOLA02,Tymon Kolasiński,2025-11-08,5.86,510
2016KOLA02,Tymon Kolasiński,2025-11-08,5.33,511
2016KOLA02,Tymon Kolasiński,2025-11-08,6.23,512
2016KOLA02,Tymon Kolasiński,2025-11-13,5.25,513
2016KOLA02,Tymon Kolasiński,2025-11-13,5.49,514
2016KOLA02,Tymon Kolasiński,2025-11-13,5.55,515
2016KOLA02,Tymon Kolasiński,2025-11-13,5.21,516
2016KOLA02,Tymon Kolasiński,2025-12-06,5.26,517
2016KOLA02,Tymon Kolasiński,2025-12-06,5.47,518
2016KOLA02,Tymon Kolasiński,2025-12-06,5.31,519
2016KOLA02,Tymon Kolasiński,2025-12-06,5.07,520
2016KOLA02,Tymon Kolasiński,2026-01-10,5.17,521
2016KOLA02,Tymon Kolasiński,2026-01-10,5.03,522
2016KOLA02,Tymon Kolasiński,2026-01-10,4.8,523
2016KOLA02,Tymon Kolasiński,2026-01-17,5.05,524
2016KOLA02,Tymon Kolasiński,2026-01-17,4.89,525
2016KOLA02,Tymon Kolasiński,2026-01-17,5.31,526
2016KOLA02,Tymon Kolasiński,2026-01-17,5.83,527
2016KOLA02,Tymon Kolasiński,2026-01-24,5.12,528
2016KOLA02,Tymon Kolasiński,2026-01-24,5.04,529
2016KOLA02,Tymon Kolasiński,2026-01-24,4.95,530
2016KOLA02,Tymon Kolasiński,2026-02-21,5.39,531
2016KOLA02,Tymon Kolasiński,2026-02-21,5.36,532
2016KOLA02,Tymon Kolasiński,2026-02-21,5.64,533
2016KOLA02,Tymon Kolasiński,2026-02-28,5.64,534
2016KOLA02,Tymon Kolasiński,2026-02-28,4.83,535
2016KOLA02,Tymon Kolasiński,2026-03-07,4.71,536
2016KOLA02,Tymon Kolasiński,2026-03-07,5.58,537
2016KOLA02,Tymon Kolasiński,2026-03-07,5.19,538
2016KOLA02,Tymon Kolasiński,2026-03-14,5.06,539
2016KOLA02,Tymon Kolasiński,2026-03-14,5.29,540
2016KOLA02,Tymon Kolasiński,2026-03-14,4.89,541
2016KOLA02,Tymon Kolasiński,2026-03-28,5.52,542
2016KOLA02,Tymon Kolasiński,2026-03-28,5.15,543
2016KOLA02,Tymon Kolasiński,2026-03-28,5.08,544
2016KOLA02,Tymon Kolasiński,2026-04-18,5.23,545
2016KOLA02,Tymon Kolasiński,2026-04-18,5.53,546
2016KOLA02,Tymon Kolasiński,2026-04-18,4.78,547
2016KOLA02,Tymon Kolasiński,2026-04-25,4.96,548
2016KOLA02,Tymon Kolasiński,2026-04-25,5.08,549
2016KOLA02,Tymon Kolasiński,2026-05-02,4.62,550
2016KOLA02,Tymon Kolasiński,2026-05-02,5.27,551
2016KOLA02,Tymon Kolasiński,2026-05-02,5.25,552
2016KOLA02,Tymon Kolasiński,2026-05-23,5.63,553
2016KOLA02,Tymon Kolasiński,2026-05-23,4.99,554
2016KOLA02,Tymon Kolasiński,2026-05-23,5.06,555
2017GARR05,Luke Garrett,2017-06-25,13.58,1
2017GARR05,Luke Garrett,2017-06-25,13.46,2
2017GARR05,Luke Garrett,2017-08-19,13.51,3
2017GARR05,Luke Garrett,2017-09-16,11.63,4
2017GARR05,Luke Garrett,2017-09-16,12.84,5
2017GARR05,Luke Garrett,2017-10-07,12.39,6
2017GARR05,Luke Garrett,2017-10-07,12.62,7
2017GARR05,Luke Garrett,2017-10-14,11.04,8
2017GARR05,Luke Garrett,2017-10-14,11.26,9
2017GARR05,Luke Garrett,2017-10-14,11.9,10
2017GARR05,Luke Garrett,2017-10-28,11.67,11
2017GARR05,Luke Garrett,2017-10-28,10.32,12
2017GARR05,Luke Garrett,2017-10-28,11.36,13
2017GARR05,Luke Garrett,2017-10-28,10.86,14
2017GARR05,Luke Garrett,2017-12-02,11.33,15
2017GARR05,Luke Garrett,2017-12-02,10.99,16
2017GARR05,Luke Garrett,2017-12-02,10.85,17
2017GARR05,Luke Garrett,2017-12-09,9.37,18
2017GARR05,Luke Garrett,2017-12-09,11.25,19
2017GARR05,Luke Garrett,2017-12-09,10.53,20
2017GARR05,Luke Garrett,2018-01-13,9.29,21
2017GARR05,Luke Garrett,2018-01-13,10.8,22
2017GARR05,Luke Garrett,2018-01-13,9.88,23
2017GARR05,Luke Garrett,2018-01-20,9.83,24
2017GARR05,Luke Garrett,2018-01-20,9.35,25
2017GARR05,Luke Garrett,2018-01-20,10.77,26
2017GARR05,Luke Garrett,2018-02-03,10.03,27
2017GARR05,Luke Garrett,2018-02-03,9.02,28
2017GARR05,Luke Garrett,2018-02-03,9.29,29
2017GARR05,Luke Garrett,2018-03-03,8.79,30
2017GARR05,Luke Garrett,2018-03-03,9.9,31
2017GARR05,Luke Garrett,2018-03-03,10.7,32
2017GARR05,Luke Garrett,2018-03-17,9.41,33
2017GARR05,Luke Garrett,2018-03-17,9.39,34
2017GARR05,Luke Garrett,2018-03-17,8.88,35
2017GARR05,Luke Garrett,2018-04-14,9.12,36
2017GARR05,Luke Garrett,2018-04-14,8.51,37
2017GARR05,Luke Garrett,2018-04-14,9.09,38
2017GARR05,Luke Garrett,2018-04-14,8.84,39
2017GARR05,Luke Garrett,2018-04-21,8.86,40
2017GARR05,Luke Garrett,2018-04-21,9.55,41
2017GARR05,Luke Garrett,2018-04-21,9.08,42
2017GARR05,Luke Garrett,2018-04-29,8.9,43
2017GARR05,Luke Garrett,2018-04-29,9.13,44
2017GARR05,Luke Garrett,2018-04-29,8.96,45
2017GARR05,Luke Garrett,2018-05-06,8.84,46
2017GARR05,Luke Garrett,2018-05-06,8.87,47
2017GARR05,Luke Garrett,2018-05-06,10.26,48
2017GARR05,Luke Garrett,2018-05-18,10.7,49
2017GARR05,Luke Garrett,2018-05-18,9.07,50
2017GARR05,Luke Garrett,2018-05-18,8.58,51
2017GARR05,Luke Garrett,2018-05-18,8.64,52
2017GARR05,Luke Garrett,2018-05-26,10.11,53
2017GARR05,Luke Garrett,2018-05-26,8.22,54
2017GARR05,Luke Garrett,2018-05-26,8.87,55
2017GARR05,Luke Garrett,2018-06-24,8.68,56
2017GARR05,Luke Garrett,2018-06-24,8.81,57
2017GARR05,Luke Garrett,2018-06-24,8.51,58
2017GARR05,Luke Garrett,2018-07-21,7.87,59
2017GARR05,Luke Garrett,2018-07-21,8.38,60
2017GARR05,Luke Garrett,2018-07-21,8.44,61
2017GARR05,Luke Garrett,2018-07-27,8.2,62
2017GARR05,Luke Garrett,2018-07-27,9.36,63
2017GARR05,Luke Garrett,2018-07-27,9.86,64
2017GARR05,Luke Garrett,2018-08-10,9.45,65
2017GARR05,Luke Garrett,2018-08-10,9.04,66
2017GARR05,Luke Garrett,2018-08-10,9.37,67
2017GARR05,Luke Garrett,2018-08-10,8.13,68
2017GARR05,Luke Garrett,2018-08-25,8.06,69
2017GARR05,Luke Garrett,2018-08-25,8.07,70
2017GARR05,Luke Garrett,2018-08-25,8.73,71
2017GARR05,Luke Garrett,2018-10-20,8.82,72
2017GARR05,Luke Garrett,2018-10-20,8.02,73
2017GARR05,Luke Garrett,2018-10-20,8.57,74
2017GARR05,Luke Garrett,2018-12-01,7.32,75
2017GARR05,Luke Garrett,2018-12-01,8.23,76
2017GARR05,Luke Garrett,2018-12-01,8.13,77
2017GARR05,Luke Garrett,2018-12-08,8.22,78
2017GARR05,Luke Garrett,2018-12-08,8.3,79
2017GARR05,Luke Garrett,2018-12-08,8.29,80
2017GARR05,Luke Garrett,2019-01-12,7.44,81
2017GARR05,Luke Garrett,2019-01-12,8.18,82
2017GARR05,Luke Garrett,2019-01-26,8.69,83
2017GARR05,Luke Garrett,2019-01-26,7.22,84
2017GARR05,Luke Garrett,2019-01-26,7.81,85
2017GARR05,Luke Garrett,2019-02-10,8.72,86
2017GARR05,Luke Garrett,2019-02-10,7.47,87
2017GARR05,Luke Garrett,2019-02-10,7.67,88
2017GARR05,Luke Garrett,2019-02-16,8.3,89
2017GARR05,Luke Garrett,2019-02-16,8.11,90
2017GARR05,Luke Garrett,2019-02-16,7.58,91
2017GARR05,Luke Garrett,2019-03-02,7.15,92
2017GARR05,Luke Garrett,2019-03-02,7.93,93
2017GARR05,Luke Garrett,2019-03-16,8.0,94
2017GARR05,Luke Garrett,2019-03-16,7.2,95
2017GARR05,Luke Garrett,2019-03-16,9.24,96
2017GARR05,Luke Garrett,2019-03-30,9.93,97
2017GARR05,Luke Garrett,2019-03-30,8.01,98
2017GARR05,Luke Garrett,2019-03-30,8.17,99
2017GARR05,Luke Garrett,2019-04-14,7.7,100
2017GARR05,Luke Garrett,2019-04-14,7.52,101
2017GARR05,Luke Garrett,2019-04-14,8.11,102
2017GARR05,Luke Garrett,2019-04-14,7.64,103
2017GARR05,Luke Garrett,2019-04-28,6.83,104
2017GARR05,Luke Garrett,2019-04-28,8.37,105
2017GARR05,Luke Garrett,2019-04-28,7.63,106
2017GARR05,Luke Garrett,2019-05-04,7.63,107
2017GARR05,Luke Garrett,2019-05-04,7.86,108
2017GARR05,Luke Garrett,2019-05-04,8.36,109
2017GARR05,Luke Garrett,2019-05-24,8.15,110
2017GARR05,Luke Garrett,2019-05-24,7.69,111
2017GARR05,Luke Garrett,2019-05-24,8.28,112
2017GARR05,Luke Garrett,2019-05-24,6.81,113
2017GARR05,Luke Garrett,2019-06-01,7.8,114
2017GARR05,Luke Garrett,2019-06-01,7.86,115
2017GARR05,Luke Garrett,2019-06-16,7.29,116
2017GARR05,Luke Garrett,2019-06-16,7.84,117
2017GARR05,Luke Garrett,2019-06-16,7.97,118
2017GARR05,Luke Garrett,2019-06-22,7.68,119
2017GARR05,Luke Garrett,2019-06-22,6.9,120
2017GARR05,Luke Garrett,2019-06-22,7.14,121
2017GARR05,Luke Garrett,2019-07-06,7.51,122
2017GARR05,Luke Garrett,2019-07-06,8.54,123
2017GARR05,Luke Garrett,2019-07-11,8.07,124
2017GARR05,Luke Garrett,2019-07-11,8.33,125
2017GARR05,Luke Garrett,2019-07-11,7.84,126
2017GARR05,Luke Garrett,2019-07-20,7.1,127
2017GARR05,Luke Garrett,2019-07-20,7.47,128
2017GARR05,Luke Garrett,2019-07-20,8.76,129
2017GARR05,Luke Garrett,2019-08-01,7.52,130
2017GARR05,Luke Garrett,2019-08-01,6.54,131
2017GARR05,Luke Garrett,2019-08-01,7.21,132
2017GARR05,Luke Garrett,2019-08-01,7.4,133
2017GARR05,Luke Garrett,2019-08-16,7.83,134
2017GARR05,Luke Garrett,2019-08-16,8.99,135
2017GARR05,Luke Garrett,2019-08-16,7.28,136
2017GARR05,Luke Garrett,2019-08-16,7.75,137
2017GARR05,Luke Garrett,2019-08-24,8.29,138
2017GARR05,Luke Garrett,2019-08-24,7.82,139
2017GARR05,Luke Garrett,2019-08-24,8.65,140
2017GARR05,Luke Garrett,2019-09-14,8.08,141
2017GARR05,Luke Garrett,2019-09-14,6.81,142
2017GARR05,Luke Garrett,2019-09-14,6.9,143
2017GARR05,Luke Garrett,2019-10-05,6.77,144
2017GARR05,Luke Garrett,2019-10-05,7.1,145
2017GARR05,Luke Garrett,2019-10-05,7.61,146
2017GARR05,Luke Garrett,2019-10-12,7.24,147
2017GARR05,Luke Garrett,2019-10-12,7.61,148
2017GARR05,Luke Garrett,2019-10-12,7.64,149
2017GARR05,Luke Garrett,2019-10-19,8.01,150
2017GARR05,Luke Garrett,2019-10-19,7.53,151
2017GARR05,Luke Garrett,2019-10-19,7.84,152
2017GARR05,Luke Garrett,2019-10-20,7.83,153
2017GARR05,Luke Garrett,2019-10-20,6.91,154
2017GARR05,Luke Garrett,2019-10-20,6.98,155
2017GARR05,Luke Garrett,2019-11-09,8.3,156
2017GARR05,Luke Garrett,2019-11-09,7.17,157
2017GARR05,Luke Garrett,2019-11-09,7.52,158
2017GARR05,Luke Garrett,2019-11-16,7.47,159
2017GARR05,Luke Garrett,2019-11-16,6.67,160
2017GARR05,Luke Garrett,2019-11-16,8.09,161
2017GARR05,Luke Garrett,2019-12-01,7.63,162
2017GARR05,Luke Garrett,2019-12-01,8.97,163
2017GARR05,Luke Garrett,2019-12-01,8.1,164
2017GARR05,Luke Garrett,2019-12-07,7.47,165
2017GARR05,Luke Garrett,2019-12-07,6.88,166
2017GARR05,Luke Garrett,2019-12-07,6.62,167
2017GARR05,Luke Garrett,2019-12-14,8.46,168
2017GARR05,Luke Garrett,2019-12-14,6.4,169
2017GARR05,Luke Garrett,2019-12-14,7.49,170
2017GARR05,Luke Garrett,2019-12-27,7.5,171
2017GARR05,Luke Garrett,2019-12-27,6.53,172
2017GARR05,Luke Garrett,2019-12-30,8.0,173
2017GARR05,Luke Garrett,2020-01-18,7.24,174
2017GARR05,Luke Garrett,2020-01-18,8.48,175
2017GARR05,Luke Garrett,2020-01-18,7.21,176
2017GARR05,Luke Garrett,2020-02-01,6.82,177
2017GARR05,Luke Garrett,2020-02-01,8.14,178
2017GARR05,Luke Garrett,2020-02-01,7.78,179
2017GARR05,Luke Garrett,2020-02-22,8.28,180
2017GARR05,Luke Garrett,2020-02-22,7.1,181
2017GARR05,Luke Garrett,2020-02-22,7.08,182
2017GARR05,Luke Garrett,2020-02-22,7.87,183
2017GARR05,Luke Garrett,2021-07-17,6.92,184
2017GARR05,Luke Garrett,2021-07-17,7.39,185
2017GARR05,Luke Garrett,2021-07-22,6.6,186
2017GARR05,Luke Garrett,2021-07-22,7.37,187
2017GARR05,Luke Garrett,2021-07-24,6.91,188
2017GARR05,Luke Garrett,2021-07-24,6.01,189
2017GARR05,Luke Garrett,2021-07-31,6.9,190
2017GARR05,Luke Garrett,2021-07-31,6.45,191
2017GARR05,Luke Garrett,2021-10-23,6.61,192
2017GARR05,Luke Garrett,2021-10-23,7.89,193
2017GARR05,Luke Garrett,2021-10-30,7.69,194
2017GARR05,Luke Garrett,2021-10-30,6.68,195
2017GARR05,Luke Garrett,2021-10-30,7.13,196
2017GARR05,Luke Garrett,2021-11-14,6.53,197
2017GARR05,Luke Garrett,2021-11-14,6.26,198
2017GARR05,Luke Garrett,2021-11-14,6.47,199
2017GARR05,Luke Garrett,2021-11-20,7.07,200
2017GARR05,Luke Garrett,2021-11-20,6.59,201
2017GARR05,Luke Garrett,2021-11-20,6.96,202
2017GARR05,Luke Garrett,2021-12-04,6.17,203
2017GARR05,Luke Garrett,2021-12-04,6.69,204
2017GARR05,Luke Garrett,2021-12-04,6.16,205
2017GARR05,Luke Garrett,2021-12-18,6.83,206
2017GARR05,Luke Garrett,2021-12-18,7.19,207
2017GARR05,Luke Garrett,2021-12-18,6.47,208
2017GARR05,Luke Garrett,2022-01-08,7.75,209
2017GARR05,Luke Garrett,2022-01-08,6.48,210
2017GARR05,Luke Garrett,2022-01-08,6.38,211
2017GARR05,Luke Garrett,2022-01-09,6.7,212
2017GARR05,Luke Garrett,2022-01-09,6.33,213
2017GARR05,Luke Garrett,2022-01-22,7.86,214
2017GARR05,Luke Garrett,2022-01-22,6.51,215
2017GARR05,Luke Garrett,2022-01-22,7.41,216
2017GARR05,Luke Garrett,2022-02-05,7.33,217
2017GARR05,Luke Garrett,2022-02-05,7.09,218
2017GARR05,Luke Garrett,2022-02-05,6.29,219
2017GARR05,Luke Garrett,2022-03-05,6.71,220
2017GARR05,Luke Garrett,2022-03-05,7.34,221
2017GARR05,Luke Garrett,2022-03-12,6.9,222
2017GARR05,Luke Garrett,2022-03-12,6.5,223
2017GARR05,Luke Garrett,2022-03-12,6.34,224
2017GARR05,Luke Garrett,2022-03-26,6.1,225
2017GARR05,Luke Garrett,2022-03-26,6.79,226
2017GARR05,Luke Garrett,2022-03-26,6.06,227
2017GARR05,Luke Garrett,2022-04-01,6.99,228
2017GARR05,Luke Garrett,2022-04-01,6.12,229
2017GARR05,Luke Garrett,2022-04-01,6.99,230
2017GARR05,Luke Garrett,2022-04-09,6.98,231
2017GARR05,Luke Garrett,2022-04-09,6.36,232
2017GARR05,Luke Garrett,2022-04-09,7.25,233
2017GARR05,Luke Garrett,2022-04-16,6.44,234
2017GARR05,Luke Garrett,2022-04-16,6.46,235
2017GARR05,Luke Garrett,2022-04-16,6.73,236
2017GARR05,Luke Garrett,2022-04-29,6.94,237
2017GARR05,Luke Garrett,2022-04-29,6.8,238
2017GARR05,Luke Garrett,2022-04-29,6.66,239
2017GARR05,Luke Garrett,2022-04-29,7.21,240
2017GARR05,Luke Garrett,2022-05-07,6.72,241
2017GARR05,Luke Garrett,2022-05-07,6.92,242
2017GARR05,Luke Garrett,2022-05-07,7.24,243
2017GARR05,Luke Garrett,2022-05-28,5.99,244
2017GARR05,Luke Garrett,2022-05-28,6.52,245
2017GARR05,Luke Garrett,2022-05-28,6.2,246
2017GARR05,Luke Garrett,2022-06-11,6.29,247
2017GARR05,Luke Garrett,2022-06-11,6.54,248
2017GARR05,Luke Garrett,2022-06-11,6.36,249
2017GARR05,Luke Garrett,2022-06-18,7.6,250
2017GARR05,Luke Garrett,2022-06-18,6.1,251
2017GARR05,Luke Garrett,2022-06-18,8.65,252
2017GARR05,Luke Garrett,2022-06-25,6.28,253
2017GARR05,Luke Garrett,2022-06-25,6.8,254
2017GARR05,Luke Garrett,2022-06-25,6.78,255
2017GARR05,Luke Garrett,2022-07-07,6.37,256
2017GARR05,Luke Garrett,2022-07-07,6.12,257
2017GARR05,Luke Garrett,2022-07-07,6.5,258
2017GARR05,Luke Garrett,2022-07-07,6.68,259
2017GARR05,Luke Garrett,2022-07-16,6.13,260
2017GARR05,Luke Garrett,2022-07-16,6.28,261
2017GARR05,Luke Garrett,2022-07-16,5.75,262
2017GARR05,Luke Garrett,2022-07-24,6.15,263
2017GARR05,Luke Garrett,2022-07-24,7.19,264
2017GARR05,Luke Garrett,2022-07-24,6.31,265
2017GARR05,Luke Garrett,2022-07-29,6.95,266
2017GARR05,Luke Garrett,2022-07-29,6.18,267
2017GARR05,Luke Garrett,2022-07-29,6.01,268
2017GARR05,Luke Garrett,2022-07-29,6.8,269
2017GARR05,Luke Garrett,2022-08-06,7.72,270
2017GARR05,Luke Garrett,2022-08-06,6.21,271
2017GARR05,Luke Garrett,2022-08-06,7.46,272
2017GARR05,Luke Garrett,2022-08-13,5.85,273
2017GARR05,Luke Garrett,2022-08-13,6.57,274
2017GARR05,Luke Garrett,2022-08-13,6.28,275
2017GARR05,Luke Garrett,2022-08-19,6.47,276
2017GARR05,Luke Garrett,2022-08-19,6.78,277
2017GARR05,Luke Garrett,2022-08-19,6.1,278
2017GARR05,Luke Garrett,2022-09-03,6.48,279
2017GARR05,Luke Garrett,2022-09-03,6.35,280
2017GARR05,Luke Garrett,2022-09-03,6.84,281
2017GARR05,Luke Garrett,2022-09-24,6.46,282
2017GARR05,Luke Garrett,2022-09-24,7.11,283
2017GARR05,Luke Garrett,2022-09-24,6.18,284
2017GARR05,Luke Garrett,2022-10-01,6.32,285
2017GARR05,Luke Garrett,2022-10-01,6.5,286
2017GARR05,Luke Garrett,2022-10-01,6.13,287
2017GARR05,Luke Garrett,2022-10-08,6.34,288
2017GARR05,Luke Garrett,2022-10-08,6.43,289
2017GARR05,Luke Garrett,2022-10-08,6.31,290
2017GARR05,Luke Garrett,2022-10-22,5.86,291
2017GARR05,Luke Garrett,2022-10-22,6.14,292
2017GARR05,Luke Garrett,2022-10-22,6.76,293
2017GARR05,Luke Garrett,2022-10-29,5.79,294
2017GARR05,Luke Garrett,2022-10-29,8.1,295
2017GARR05,Luke Garrett,2022-10-29,6.14,296
2017GARR05,Luke Garrett,2022-11-05,5.78,297
2017GARR05,Luke Garrett,2022-11-05,5.72,298
2017GARR05,Luke Garrett,2022-11-05,6.99,299
2017GARR05,Luke Garrett,2022-11-13,6.14,300
2017GARR05,Luke Garrett,2022-11-13,5.75,301
2017GARR05,Luke Garrett,2022-11-19,6.34,302
2017GARR05,Luke Garrett,2022-11-19,7.14,303
2017GARR05,Luke Garrett,2022-11-19,6.49,304
2017GARR05,Luke Garrett,2022-12-03,6.12,305
2017GARR05,Luke Garrett,2022-12-03,5.2,306
2017GARR05,Luke Garrett,2022-12-03,5.79,307
2017GARR05,Luke Garrett,2022-12-10,6.21,308
2017GARR05,Luke Garrett,2022-12-10,7.18,309
2017GARR05,Luke Garrett,2022-12-10,6.49,310
2017GARR05,Luke Garrett,2022-12-17,5.55,311
2017GARR05,Luke Garrett,2022-12-17,5.03,312
2017GARR05,Luke Garrett,2022-12-17,6.1,313
2017GARR05,Luke Garrett,2022-12-31,6.77,314
2017GARR05,Luke Garrett,2022-12-31,5.98,315
2017GARR05,Luke Garrett,2023-01-07,6.91,316
2017GARR05,Luke Garrett,2023-01-07,6.29,317
2017GARR05,Luke Garrett,2023-01-07,5.77,318
2017GARR05,Luke Garrett,2023-01-21,6.61,319
2017GARR05,Luke Garrett,2023-01-21,6.11,320
2017GARR05,Luke Garrett,2023-01-21,6.35,321
2017GARR05,Luke Garrett,2023-01-28,6.21,322
2017GARR05,Luke Garrett,2023-01-28,5.65,323
2017GARR05,Luke Garrett,2023-01-28,5.93,324
2017GARR05,Luke Garrett,2023-02-04,5.6,325
2017GARR05,Luke Garrett,2023-02-04,6.14,326
2017GARR05,Luke Garrett,2023-02-04,6.49,327
2017GARR05,Luke Garrett,2023-02-05,6.23,328
2017GARR05,Luke Garrett,2023-02-05,6.31,329
2017GARR05,Luke Garrett,2023-02-05,5.81,330
2017GARR05,Luke Garrett,2023-02-11,6.46,331
2017GARR05,Luke Garrett,2023-02-11,5.65,332
2017GARR05,Luke Garrett,2023-02-18,6.5,333
2017GARR05,Luke Garrett,2023-02-18,6.25,334
2017GARR05,Luke Garrett,2023-02-18,5.92,335
2017GARR05,Luke Garrett,2023-02-25,5.87,336
2017GARR05,Luke Garrett,2023-02-25,6.01,337
2017GARR05,Luke Garrett,2023-02-25,5.49,338
2017GARR05,Luke Garrett,2023-03-04,6.3,339
2017GARR05,Luke Garrett,2023-03-04,6.03,340
2017GARR05,Luke Garrett,2023-03-04,5.7,341
2017GARR05,Luke Garrett,2023-03-25,6.52,342
2017GARR05,Luke Garrett,2023-03-25,5.61,343
2017GARR05,Luke Garrett,2023-03-25,6.97,344
2017GARR05,Luke Garrett,2023-03-26,6.22,345
2017GARR05,Luke Garrett,2023-03-26,5.48,346
2017GARR05,Luke Garrett,2023-04-01,6.49,347
2017GARR05,Luke Garrett,2023-04-01,6.26,348
2017GARR05,Luke Garrett,2023-04-01,5.92,349
2017GARR05,Luke Garrett,2023-04-02,6.92,350
2017GARR05,Luke Garrett,2023-04-02,5.93,351
2017GARR05,Luke Garrett,2023-04-02,5.98,352
2017GARR05,Luke Garrett,2023-04-08,5.35,353
2017GARR05,Luke Garrett,2023-04-09,5.87,354
2017GARR05,Luke Garrett,2023-04-09,5.29,355
2017GARR05,Luke Garrett,2023-04-09,6.8,356
2017GARR05,Luke Garrett,2023-04-15,6.15,357
2017GARR05,Luke Garrett,2023-04-15,6.25,358
2017GARR05,Luke Garrett,2023-04-15,5.9,359
2017GARR05,Luke Garrett,2023-04-22,6.06,360
2017GARR05,Luke Garrett,2023-04-22,6.18,361
2017GARR05,Luke Garrett,2023-04-22,6.16,362
2017GARR05,Luke Garrett,2023-04-29,6.13,363
2017GARR05,Luke Garrett,2023-04-29,5.64,364
2017GARR05,Luke Garrett,2023-05-07,5.64,365
2017GARR05,Luke Garrett,2023-05-07,6.35,366
2017GARR05,Luke Garrett,2023-05-07,7.01,367
2017GARR05,Luke Garrett,2023-05-13,6.2,368
2017GARR05,Luke Garrett,2023-05-13,5.9,369
2017GARR05,Luke Garrett,2023-05-13,5.31,370
2017GARR05,Luke Garrett,2023-05-20,6.3,371
2017GARR05,Luke Garrett,2023-05-20,6.19,372
2017GARR05,Luke Garrett,2023-05-20,6.82,373
2017GARR05,Luke Garrett,2023-05-21,6.84,374
2017GARR05,Luke Garrett,2023-05-21,6.1,375
2017GARR05,Luke Garrett,2023-05-27,6.46,376
2017GARR05,Luke Garrett,2023-05-27,7.84,377
2017GARR05,Luke Garrett,2023-05-27,5.76,378
2017GARR05,Luke Garrett,2023-06-02,5.88,379
2017GARR05,Luke Garrett,2023-06-02,6.63,380
2017GARR05,Luke Garrett,2023-06-02,5.96,381
2017GARR05,Luke Garrett,2023-06-02,6.22,382
2017GARR05,Luke Garrett,2023-06-10,5.65,383
2017GARR05,Luke Garrett,2023-06-10,6.25,384
2017GARR05,Luke Garrett,2023-06-10,5.69,385
2017GARR05,Luke Garrett,2023-06-11,6.02,386
2017GARR05,Luke Garrett,2023-06-11,6.89,387
2017GARR05,Luke Garrett,2023-06-11,6.3,388
2017GARR05,Luke Garrett,2023-06-12,6.06,389
2017GARR05,Luke Garrett,2023-06-12,6.23,390
2017GARR05,Luke Garrett,2023-06-12,5.4,391
2017GARR05,Luke Garrett,2023-06-13,5.51,392
2017GARR05,Luke Garrett,2023-06-13,7.56,393
2017GARR05,Luke Garrett,2023-06-13,5.76,394
2017GARR05,Luke Garrett,2023-06-14,6.15,395
2017GARR05,Luke Garrett,2023-06-14,6.62,396
2017GARR05,Luke Garrett,2023-06-14,5.85,397
2017GARR05,Luke Garrett,2023-06-17,6.09,398
2017GARR05,Luke Garrett,2023-06-17,5.84,399
2017GARR05,Luke Garrett,2023-06-17,6.09,400
2017GARR05,Luke Garrett,2023-06-22,6.1,401
2017GARR05,Luke Garrett,2023-06-22,5.71,402
2017GARR05,Luke Garrett,2023-06-22,6.11,403
2017GARR05,Luke Garrett,2023-06-22,6.09,404
2017GARR05,Luke Garrett,2023-07-01,6.26,405
2017GARR05,Luke Garrett,2023-07-01,5.96,406
2017GARR05,Luke Garrett,2023-07-01,6.12,407
2017GARR05,Luke Garrett,2023-07-08,6.74,408
2017GARR05,Luke Garrett,2023-07-08,6.46,409
2017GARR05,Luke Garrett,2023-07-08,5.6,410
2017GARR05,Luke Garrett,2023-07-08,6.64,411
2017GARR05,Luke Garrett,2023-07-22,6.06,412
2017GARR05,Luke Garrett,2023-07-22,6.45,413
2017GARR05,Luke Garrett,2023-07-22,5.36,414
2017GARR05,Luke Garrett,2023-07-24,5.74,415
2017GARR05,Luke Garrett,2023-07-24,5.64,416
2017GARR05,Luke Garrett,2023-07-24,5.7,417
2017GARR05,Luke Garrett,2023-07-27,7.22,418
2017GARR05,Luke Garrett,2023-07-27,6.22,419
2017GARR05,Luke Garrett,2023-07-27,6.16,420
2017GARR05,Luke Garrett,2023-07-27,6.03,421
2017GARR05,Luke Garrett,2023-08-06,6.34,422
2017GARR05,Luke Garrett,2023-08-06,6.55,423
2017GARR05,Luke Garrett,2023-08-06,6.12,424
2017GARR05,Luke Garrett,2023-08-12,6.22,425
2017GARR05,Luke Garrett,2023-08-12,6.16,426
2017GARR05,Luke Garrett,2023-08-12,6.43,427
2017GARR05,Luke Garrett,2023-08-12,5.82,428
2017GARR05,Luke Garrett,2023-08-19,6.9,429
2017GARR05,Luke Garrett,2023-08-19,6.01,430
2017GARR05,Luke Garrett,2023-08-19,6.67,431
2017GARR05,Luke Garrett,2023-08-27,6.52,432
2017GARR05,Luke Garrett,2023-08-27,5.91,433
2017GARR05,Luke Garrett,2023-08-27,6.02,434
2017GARR05,Luke Garrett,2023-09-02,6.28,435
2017GARR05,Luke Garrett,2023-09-02,6.25,436
2017GARR05,Luke Garrett,2023-09-02,5.49,437
2017GARR05,Luke Garrett,2023-09-02,5.77,438
2017GARR05,Luke Garrett,2023-09-03,6.38,439
2017GARR05,Luke Garrett,2023-09-03,5.95,440
2017GARR05,Luke Garrett,2023-09-09,5.59,441
2017GARR05,Luke Garrett,2023-09-09,6.7,442
2017GARR05,Luke Garrett,2023-09-09,6.12,443
2017GARR05,Luke Garrett,2023-09-10,6.13,444
2017GARR05,Luke Garrett,2023-09-10,5.99,445
2017GARR05,Luke Garrett,2023-09-10,6.04,446
2017GARR05,Luke Garrett,2023-09-17,5.76,447
2017GARR05,Luke Garrett,2023-09-17,7.07,448
2017GARR05,Luke Garrett,2023-09-17,6.89,449
2017GARR05,Luke Garrett,2023-09-23,6.6,450
2017GARR05,Luke Garrett,2023-09-23,7.02,451
2017GARR05,Luke Garrett,2023-09-23,5.94,452
2017GARR05,Luke Garrett,2023-09-30,6.42,453
2017GARR05,Luke Garrett,2023-09-30,6.67,454
2017GARR05,Luke Garrett,2023-09-30,5.85,455
2017GARR05,Luke Garrett,2023-10-07,6.51,456
2017GARR05,Luke Garrett,2023-10-07,6.49,457
2017GARR05,Luke Garrett,2023-10-20,5.95,458
2017GARR05,Luke Garrett,2023-10-20,5.62,459
2017GARR05,Luke Garrett,2023-10-20,5.85,460
2017GARR05,Luke Garrett,2023-10-20,5.83,461
2017GARR05,Luke Garrett,2023-11-04,6.25,462
2017GARR05,Luke Garrett,2023-11-04,6.31,463
2017GARR05,Luke Garrett,2023-11-04,6.96,464
2017GARR05,Luke Garrett,2023-11-11,6.79,465
2017GARR05,Luke Garrett,2023-11-11,6.03,466
2017GARR05,Luke Garrett,2023-11-11,5.79,467
2017GARR05,Luke Garrett,2023-11-19,6.46,468
2017GARR05,Luke Garrett,2023-11-19,6.28,469
2017GARR05,Luke Garrett,2023-11-19,6.22,470
2017GARR05,Luke Garrett,2023-12-02,6.64,471
2017GARR05,Luke Garrett,2023-12-02,5.83,472
2017GARR05,Luke Garrett,2023-12-02,5.92,473
2017GARR05,Luke Garrett,2023-12-02,6.08,474
2017GARR05,Luke Garrett,2023-12-09,5.66,475
2017GARR05,Luke Garrett,2023-12-09,6.53,476
2017GARR05,Luke Garrett,2023-12-09,6.35,477
2017GARR05,Luke Garrett,2023-12-16,6.75,478
2017GARR05,Luke Garrett,2023-12-16,6.48,479
2017GARR05,Luke Garrett,2023-12-16,5.54,480
2017GARR05,Luke Garrett,2023-12-17,6.27,481
2017GARR05,Luke Garrett,2023-12-17,7.1,482
2017GARR05,Luke Garrett,2023-12-17,6.01,483
2017GARR05,Luke Garrett,2024-01-06,6.59,484
2017GARR05,Luke Garrett,2024-01-06,6.08,485
2017GARR05,Luke Garrett,2024-01-06,5.34,486
2017GARR05,Luke Garrett,2024-01-20,6.03,487
2017GARR05,Luke Garrett,2024-01-20,5.91,488
2017GARR05,Luke Garrett,2024-01-21,6.56,489
2017GARR05,Luke Garrett,2024-01-21,6.66,490
2017GARR05,Luke Garrett,2024-01-21,5.87,491
2017GARR05,Luke Garrett,2024-01-27,5.89,492
2017GARR05,Luke Garrett,2024-01-27,6.65,493
2017GARR05,Luke Garrett,2024-01-27,6.33,494
2017GARR05,Luke Garrett,2024-02-03,6.44,495
2017GARR05,Luke Garrett,2024-02-03,5.42,496
2017GARR05,Luke Garrett,2024-02-03,5.94,497
2017GARR05,Luke Garrett,2024-02-10,5.93,498
2017GARR05,Luke Garrett,2024-02-10,5.85,499
2017GARR05,Luke Garrett,2024-02-10,5.75,500
2017GARR05,Luke Garrett,2024-02-17,7.17,501
2017GARR05,Luke Garrett,2024-02-17,6.07,502
2017GARR05,Luke Garrett,2024-02-17,6.04,503
2017GARR05,Luke Garrett,2024-02-24,5.93,504
2017GARR05,Luke Garrett,2024-02-24,6.07,505
2017GARR05,Luke Garrett,2024-02-24,5.95,506
2017GARR05,Luke Garrett,2024-03-02,5.68,507
2017GARR05,Luke Garrett,2024-03-02,6.24,508
2017GARR05,Luke Garrett,2024-03-02,5.65,509
2017GARR05,Luke Garrett,2024-03-09,6.87,510
2017GARR05,Luke Garrett,2024-03-09,5.98,511
2017GARR05,Luke Garrett,2024-03-16,6.05,512
2017GARR05,Luke Garrett,2024-03-16,7.19,513
2017GARR05,Luke Garrett,2024-03-16,5.66,514
2017GARR05,Luke Garrett,2024-03-23,6.37,515
2017GARR05,Luke Garrett,2024-03-23,5.65,516
2017GARR05,Luke Garrett,2024-03-23,5.63,517
2017GARR05,Luke Garrett,2024-03-23,7.62,518
2017GARR05,Luke Garrett,2024-04-06,6.57,519
2017GARR05,Luke Garrett,2024-04-06,7.07,520
2017GARR05,Luke Garrett,2024-04-06,6.29,521
2017GARR05,Luke Garrett,2024-04-08,6.17,522
2017GARR05,Luke Garrett,2024-04-08,6.06,523
2017GARR05,Luke Garrett,2024-04-08,5.73,524
2017GARR05,Luke Garrett,2024-04-13,6.1,525
2017GARR05,Luke Garrett,2024-04-13,6.5,526
2017GARR05,Luke Garrett,2024-04-13,6.52,527
2017GARR05,Luke Garrett,2024-04-21,5.92,528
2017GARR05,Luke Garrett,2024-04-21,6.94,529
2017GARR05,Luke Garrett,2024-04-27,6.06,530
2017GARR05,Luke Garrett,2024-04-27,6.23,531
2017GARR05,Luke Garrett,2024-04-27,5.46,532
2017GARR05,Luke Garrett,2024-04-28,7.07,533
2017GARR05,Luke Garrett,2024-04-28,7.45,534
2017GARR05,Luke Garrett,2024-04-28,5.81,535
2017GARR05,Luke Garrett,2024-05-04,5.82,536
2017GARR05,Luke Garrett,2024-05-04,5.91,537
2017GARR05,Luke Garrett,2024-05-04,6.37,538
2017GARR05,Luke Garrett,2024-05-05,6.2,539
2017GARR05,Luke Garrett,2024-05-05,6.58,540
2017GARR05,Luke Garrett,2024-05-18,6.24,541
2017GARR05,Luke Garrett,2024-05-18,6.09,542
2017GARR05,Luke Garrett,2024-05-18,6.22,543
2017GARR05,Luke Garrett,2024-05-19,6.84,544
2017GARR05,Luke Garrett,2024-05-19,5.8,545
2017GARR05,Luke Garrett,2024-05-19,6.42,546
2017GARR05,Luke Garrett,2024-06-01,6.33,547
2017GARR05,Luke Garrett,2024-06-01,5.93,548
2017GARR05,Luke Garrett,2024-06-01,5.68,549
2017GARR05,Luke Garrett,2024-06-07,6.93,550
2017GARR05,Luke Garrett,2024-06-07,6.3,551
2017GARR05,Luke Garrett,2024-06-07,7.6,552
2017GARR05,Luke Garrett,2024-06-15,7.46,553
2017GARR05,Luke Garrett,2024-06-15,6.21,554
2017GARR05,Luke Garrett,2024-06-15,5.85,555
2017GARR05,Luke Garrett,2024-06-16,5.69,556
2017GARR05,Luke Garrett,2024-06-16,6.02,557
2017GARR05,Luke Garrett,2024-06-16,6.11,558
2017GARR05,Luke Garrett,2024-06-28,6.38,559
2017GARR05,Luke Garrett,2024-06-28,6.68,560
2017GARR05,Luke Garrett,2024-06-28,5.65,561
2017GARR05,Luke Garrett,2024-06-28,6.03,562
2017GARR05,Luke Garrett,2024-07-06,5.42,563
2017GARR05,Luke Garrett,2024-07-06,5.9,564
2017GARR05,Luke Garrett,2024-07-06,5.98,565
2017GARR05,Luke Garrett,2024-07-16,7.09,566
2017GARR05,Luke Garrett,2024-07-16,5.68,567
2017GARR05,Luke Garrett,2024-07-16,6.5,568
2017GARR05,Luke Garrett,2024-07-18,6.53,569
2017GARR05,Luke Garrett,2024-07-18,7.57,570
2017GARR05,Luke Garrett,2024-07-18,6.1,571
2017GARR05,Luke Garrett,2024-07-18,6.36,572
2017GARR05,Luke Garrett,2024-09-08,5.85,573
2017GARR05,Luke Garrett,2024-09-08,6.41,574
2017GARR05,Luke Garrett,2024-09-08,6.61,575
2017GARR05,Luke Garrett,2024-09-14,7.04,576
2017GARR05,Luke Garrett,2024-09-14,5.38,577
2017GARR05,Luke Garrett,2024-09-14,6.1,578
2017GARR05,Luke Garrett,2024-09-28,5.88,579
2017GARR05,Luke Garrett,2024-09-28,7.74,580
2017GARR05,Luke Garrett,2024-09-28,6.07,581
2017GARR05,Luke Garrett,2024-09-28,6.74,582
2017GARR05,Luke Garrett,2024-10-04,5.38,583
2017GARR05,Luke Garrett,2024-10-04,5.77,584
2017GARR05,Luke Garrett,2024-10-04,5.9,585
2017GARR05,Luke Garrett,2024-10-04,6.33,586
2017GARR05,Luke Garrett,2024-10-19,6.17,587
2017GARR05,Luke Garrett,2024-10-19,6.23,588
2017GARR05,Luke Garrett,2024-10-19,5.48,589
2017GARR05,Luke Garrett,2024-10-26,6.26,590
2017GARR05,Luke Garrett,2024-10-26,6.33,591
2017GARR05,Luke Garrett,2024-10-26,7.21,592
2017GARR05,Luke Garrett,2024-11-03,6.08,593
2017GARR05,Luke Garrett,2024-11-03,5.8,594
2017GARR05,Luke Garrett,2024-11-03,6.23,595
2017GARR05,Luke Garrett,2024-11-10,5.64,596
2017GARR05,Luke Garrett,2024-11-10,5.41,597
2017GARR05,Luke Garrett,2024-11-10,5.69,598
2017GARR05,Luke Garrett,2024-11-16,6.88,599
2017GARR05,Luke Garrett,2024-11-16,6.79,600
2017GARR05,Luke Garrett,2024-11-16,6.15,601
2017GARR05,Luke Garrett,2024-11-22,4.94,602
2017GARR05,Luke Garrett,2024-11-22,5.7,603
2017GARR05,Luke Garrett,2024-11-22,6.44,604
2017GARR05,Luke Garrett,2024-11-22,5.91,605
2017GARR05,Luke Garrett,2024-12-14,5.59,606
2017GARR05,Luke Garrett,2024-12-14,6.39,607
2017GARR05,Luke Garrett,2024-12-14,5.72,608
2017GARR05,Luke Garrett,2024-12-21,5.63,609
2017GARR05,Luke Garrett,2024-12-21,6.57,610
2017GARR05,Luke Garrett,2024-12-21,6.01,611
2017GARR05,Luke Garrett,2024-12-28,6.16,612
2017GARR05,Luke Garrett,2024-12-28,5.99,613
2017GARR05,Luke Garrett,2024-12-28,6.74,614
2017GARR05,Luke Garrett,2024-12-30,6.65,615
2017GARR05,Luke Garrett,2024-12-30,5.53,616
2017GARR05,Luke Garrett,2024-12-30,5.77,617
2017GARR05,Luke Garrett,2025-01-11,7.13,618
2017GARR05,Luke Garrett,2025-01-11,5.92,619
2017GARR05,Luke Garrett,2025-01-11,5.12,620
2017GARR05,Luke Garrett,2025-01-18,6.94,621
2017GARR05,Luke Garrett,2025-01-18,5.72,622
2017GARR05,Luke Garrett,2025-01-18,5.83,623
2017GARR05,Luke Garrett,2025-01-25,6.16,624
2017GARR05,Luke Garrett,2025-01-25,5.79,625
2017GARR05,Luke Garrett,2025-01-25,6.36,626
2017GARR05,Luke Garrett,2025-02-01,5.98,627
2017GARR05,Luke Garrett,2025-02-01,6.41,628
2017GARR05,Luke Garrett,2025-02-01,6.74,629
2017GARR05,Luke Garrett,2025-02-08,6.24,630
2017GARR05,Luke Garrett,2025-02-08,6.24,631
2017GARR05,Luke Garrett,2025-02-08,6.31,632
2017GARR05,Luke Garrett,2025-02-15,5.38,633
2017GARR05,Luke Garrett,2025-02-15,5.94,634
2017GARR05,Luke Garrett,2025-02-15,6.51,635
2017GARR05,Luke Garrett,2025-02-22,6.65,636
2017GARR05,Luke Garrett,2025-02-22,5.16,637
2017GARR05,Luke Garrett,2025-02-22,6.01,638
2017GARR05,Luke Garrett,2025-02-23,5.64,639
2017GARR05,Luke Garrett,2025-02-23,5.89,640
2017GARR05,Luke Garrett,2025-02-23,6.52,641
2017GARR05,Luke Garrett,2025-03-01,6.09,642
2017GARR05,Luke Garrett,2025-03-01,6.21,643
2017GARR05,Luke Garrett,2025-03-01,6.22,644
2017GARR05,Luke Garrett,2025-03-09,7.73,645
2017GARR05,Luke Garrett,2025-03-09,6.01,646
2017GARR05,Luke Garrett,2025-03-09,6.08,647
2017GARR05,Luke Garrett,2025-03-22,5.73,648
2017GARR05,Luke Garrett,2025-03-22,5.96,649
2017GARR05,Luke Garrett,2025-03-22,6.31,650
2017GARR05,Luke Garrett,2025-03-23,6.05,651
2017GARR05,Luke Garrett,2025-03-23,6.13,652
2017GARR05,Luke Garrett,2025-03-29,6.15,653
2017GARR05,Luke Garrett,2025-03-29,7.1,654
2017GARR05,Luke Garrett,2025-04-05,6.17,655
2017GARR05,Luke Garrett,2025-04-05,5.83,656
2017GARR05,Luke Garrett,2025-04-05,5.7,657
2017GARR05,Luke Garrett,2025-04-12,7.42,658
2017GARR05,Luke Garrett,2025-04-12,5.86,659
2017GARR05,Luke Garrett,2025-04-19,6.31,660
2017GARR05,Luke Garrett,2025-04-19,7.09,661
2017GARR05,Luke Garrett,2025-04-20,6.69,662
2017GARR05,Luke Garrett,2025-04-20,6.22,663
2017GARR05,Luke Garrett,2025-04-20,6.51,664
2017GARR05,Luke Garrett,2025-05-03,5.9,665
2017GARR05,Luke Garrett,2025-05-03,6.9,666
2017GARR05,Luke Garrett,2025-05-03,6.63,667
2017GARR05,Luke Garrett,2025-05-31,5.81,668
2017GARR05,Luke Garrett,2025-05-31,6.61,669
2017GARR05,Luke Garrett,2025-05-31,6.42,670
2017GARR05,Luke Garrett,2025-06-07,6.56,671
2017GARR05,Luke Garrett,2025-06-07,5.66,672
2017GARR05,Luke Garrett,2025-06-13,5.6,673
2017GARR05,Luke Garrett,2025-06-13,6.53,674
2017GARR05,Luke Garrett,2025-06-13,6.76,675
2017GARR05,Luke Garrett,2025-06-13,5.56,676
2017GARR05,Luke Garrett,2025-06-21,6.19,677
2017GARR05,Luke Garrett,2025-06-21,6.27,678
2017GARR05,Luke Garrett,2025-06-21,5.45,679
2017GARR05,Luke Garrett,2025-06-28,5.65,680
2017GARR05,Luke Garrett,2025-06-28,6.25,681
2017GARR05,Luke Garrett,2025-06-28,6.13,682
2017GARR05,Luke Garrett,2025-06-28,5.96,683
2017GARR05,Luke Garrett,2025-07-03,6.02,684
2017GARR05,Luke Garrett,2025-07-03,6.12,685
2017GARR05,Luke Garrett,2025-07-03,5.51,686
2017GARR05,Luke Garrett,2025-07-03,6.05,687
2017GARR05,Luke Garrett,2025-07-20,6.65,688
2017GARR05,Luke Garrett,2025-07-20,5.91,689
2017GARR05,Luke Garrett,2025-07-20,5.93,690
2017GARR05,Luke Garrett,2025-07-26,5.69,691
2017GARR05,Luke Garrett,2025-07-26,6.0,692
2017GARR05,Luke Garrett,2025-07-26,5.87,693
2017GARR05,Luke Garrett,2025-08-01,5.9,694
2017GARR05,Luke Garrett,2025-08-01,5.59,695
2017GARR05,Luke Garrett,2025-08-01,4.88,696
2017GARR05,Luke Garrett,2025-08-01,6.36,697
2017GARR05,Luke Garrett,2025-08-09,5.2,698
2017GARR05,Luke Garrett,2025-08-09,6.6,699
2017GARR05,Luke Garrett,2025-08-09,5.49,700
2017GARR05,Luke Garrett,2025-08-23,5.48,701
2017GARR05,Luke Garrett,2025-08-23,5.78,702
2017GARR05,Luke Garrett,2025-08-23,6.12,703
2017GARR05,Luke Garrett,2025-08-24,6.75,704
2017GARR05,Luke Garrett,2025-08-24,5.39,705
2017GARR05,Luke Garrett,2025-08-24,6.13,706
2017GARR05,Luke Garrett,2025-08-30,6.44,707
2017GARR05,Luke Garrett,2025-08-30,6.12,708
2017GARR05,Luke Garrett,2025-08-30,5.5,709
2017GARR05,Luke Garrett,2025-09-06,6.0,710
2017GARR05,Luke Garrett,2025-09-06,6.49,711
2017GARR05,Luke Garrett,2025-09-06,5.81,712
2017GARR05,Luke Garrett,2025-09-13,5.36,713
2017GARR05,Luke Garrett,2025-09-13,5.46,714
2017GARR05,Luke Garrett,2025-09-13,6.49,715
2017GARR05,Luke Garrett,2025-09-20,5.53,716
2017GARR05,Luke Garrett,2025-09-20,6.23,717
2017GARR05,Luke Garrett,2025-09-20,6.02,718
2017GARR05,Luke Garrett,2025-10-04,5.93,719
2017GARR05,Luke Garrett,2025-10-04,6.66,720
2017GARR05,Luke Garrett,2025-10-04,5.51,721
2017GARR05,Luke Garrett,2025-10-05,7.13,722
2017GARR05,Luke Garrett,2025-10-11,6.97,723
2017GARR05,Luke Garrett,2025-10-11,6.59,724
2017GARR05,Luke Garrett,2025-10-11,5.78,725
2017GARR05,Luke Garrett,2025-10-18,5.7,726
2017GARR05,Luke Garrett,2025-10-18,5.16,727
2017GARR05,Luke Garrett,2025-10-18,5.62,728
2017GARR05,Luke Garrett,2025-11-01,6.02,729
2017GARR05,Luke Garrett,2025-11-01,5.54,730
2017GARR05,Luke Garrett,2025-11-01,6.97,731
2017GARR05,Luke Garrett,2025-11-08,6.33,732
2017GARR05,Luke Garrett,2025-11-08,5.63,733
2017GARR05,Luke Garrett,2025-11-08,5.63,734
2017GARR05,Luke Garrett,2025-11-15,5.87,735
2017GARR05,Luke Garrett,2025-11-15,5.92,736
2017GARR05,Luke Garrett,2025-11-16,5.6,737
2017GARR05,Luke Garrett,2025-11-16,5.61,738
2017GARR05,Luke Garrett,2025-11-16,5.75,739
2017GARR05,Luke Garrett,2025-12-13,6.88,740
2017GARR05,Luke Garrett,2025-12-13,5.32,741
2017GARR05,Luke Garrett,2025-12-13,5.87,742
2017GARR05,Luke Garrett,2025-12-20,5.85,743
2017GARR05,Luke Garrett,2025-12-20,5.18,744
2017GARR05,Luke Garrett,2025-12-20,6.15,745
2017GARR05,Luke Garrett,2025-12-20,5.58,746
2017GARR05,Luke Garrett,2025-12-27,6.98,747
2017GARR05,Luke Garrett,2025-12-27,5.62,748
2017GARR05,Luke Garrett,2025-12-27,6.89,749
2017GARR05,Luke Garrett,2025-12-29,6.25,750
2017GARR05,Luke Garrett,2025-12-29,5.3,751
2017GARR05,Luke Garrett,2025-12-29,5.93,752
2017GARR05,Luke Garrett,2026-01-03,5.96,753
2017GARR05,Luke Garrett,2026-01-03,5.43,754
2017GARR05,Luke Garrett,2026-01-03,5.82,755
2017GARR05,Luke Garrett,2026-01-17,6.29,756
2017GARR05,Luke Garrett,2026-01-17,6.1,757
2017GARR05,Luke Garrett,2026-01-17,6.3,758
2017GARR05,Luke Garrett,2026-01-31,5.25,759
2017GARR05,Luke Garrett,2026-01-31,6.94,760
2017GARR05,Luke Garrett,2026-01-31,6.57,761
2017GARR05,Luke Garrett,2026-02-21,5.74,762
2017GARR05,Luke Garrett,2026-02-21,5.57,763
2017GARR05,Luke Garrett,2026-02-21,6.14,764
2017GARR05,Luke Garrett,2026-03-07,6.1,765
2017GARR05,Luke Garrett,2026-03-07,5.55,766
2017GARR05,Luke Garrett,2026-03-07,5.69,767
2017GARR05,Luke Garrett,2026-03-15,5.57,768
2017GARR05,Luke Garrett,2026-03-15,6.27,769
2017GARR05,Luke Garrett,2026-03-15,6.04,770
2017GARR05,Luke Garrett,2026-03-29,6.96,771
2017GARR05,Luke Garrett,2026-03-29,5.64,772
2017GARR05,Luke Garrett,2026-03-29,5.69,773
2017GARR05,Luke Garrett,2026-04-04,5.53,774
2017GARR05,Luke Garrett,2026-04-04,6.17,775
2017GARR05,Luke Garrett,2026-04-04,5.47,776
2017GARR05,Luke Garrett,2026-04-11,5.43,777
2017GARR05,Luke Garrett,2026-04-11,5.64,778
2017GARR05,Luke Garrett,2026-04-11,6.33,779
2017GARR05,Luke Garrett,2026-04-18,5.84,780
2017GARR05,Luke Garrett,2026-04-18,5.31,781
2017GARR05,Luke Garrett,2026-04-18,5.84,782
2017GARR05,Luke Garrett,2026-04-25,5.53,783
2017GARR05,Luke Garrett,2026-04-25,5.48,784
2017GARR05,Luke Garrett,2026-04-25,5.25,785
2017GARR05,Luke Garrett,2026-04-26,6.25,786
2017GARR05,Luke Garrett,2026-04-26,6.17,787
2017GARR05,Luke Garrett,2026-04-26,6.17,788
2017GARR05,Luke Garrett,2026-05-08,5.61,789
2017GARR05,Luke Garrett,2026-05-08,5.76,790
2017GARR05,Luke Garrett,2026-05-08,5.37,791
