person_id,person_name,competition_date,average_seconds,seq_index
2003BRUC01,Ron van Bruchem,2003-08-23,117.75,1
2003BRUC01,Ron van Bruchem,2003-08-23,104.64,2
2003BRUC01,Ron van Bruchem,2004-04-24,121.9,3
2003BRUC01,Ron van Bruchem,2004-04-24,106.95,4
2003BRUC01,Ron van Bruchem,2004-08-07,98.58,5
2003BRUC01,Ron van Bruchem,2004-10-10,94.95,6
2003BRUC01,Ron van Bruchem,2005-04-23,95.55,7
2003BRUC01,Ron van Bruchem,2005-09-18,73.67,8
2003BRUC01,Ron van Bruchem,2005-10-16,73.31,9
2003BRUC01,Ron van Bruchem,2005-11-05,71.45,10
2003BRUC01,Ron van Bruchem,2006-04-21,69.88,11
2003BRUC01,Ron van Bruchem,2006-05-06,67.87,12
2003BRUC01,Ron van Bruchem,2006-07-23,76.71,13
2003BRUC01,Ron van Bruchem,2006-09-16,69.56,14
2003BRUC01,Ron van Bruchem,2006-09-16,74.17,15
2003BRUC01,Ron van Bruchem,2006-09-23,77.92,16
2003BRUC01,Ron van Bruchem,2006-10-14,69.26,17
2003BRUC01,Ron van Bruchem,2006-10-28,74.32,18
2003BRUC01,Ron van Bruchem,2006-11-18,72.12,19
2003BRUC01,Ron van Bruchem,2007-02-24,69.64,20
2003BRUC01,Ron van Bruchem,2007-04-28,67.26,21
2003BRUC01,Ron van Bruchem,2007-05-26,74.36,22
2003BRUC01,Ron van Bruchem,2007-09-15,71.1,23
2003BRUC01,Ron van Bruchem,2007-09-15,69.33,24
2003BRUC01,Ron van Bruchem,2007-10-05,63.75,25
2003BRUC01,Ron van Bruchem,2007-10-13,59.06,26
2003BRUC01,Ron van Bruchem,2007-11-10,65.25,27
2003BRUC01,Ron van Bruchem,2007-11-24,72.43,28
2003BRUC01,Ron van Bruchem,2008-02-02,68.7,29
2003BRUC01,Ron van Bruchem,2008-02-16,65.9,30
2003BRUC01,Ron van Bruchem,2008-03-15,78.1,31
2003BRUC01,Ron van Bruchem,2008-04-19,74.44,32
2003BRUC01,Ron van Bruchem,2008-07-12,71.51,33
2003BRUC01,Ron van Bruchem,2008-08-23,77.63,34
2003BRUC01,Ron van Bruchem,2008-09-06,73.53,35
2003BRUC01,Ron van Bruchem,2008-09-19,68.57,36
2003BRUC01,Ron van Bruchem,2008-09-19,74.85,37
2003BRUC01,Ron van Bruchem,2008-10-18,61.12,38
2003BRUC01,Ron van Bruchem,2008-10-25,68.23,39
2003BRUC01,Ron van Bruchem,2008-11-08,65.79,40
2003BRUC01,Ron van Bruchem,2008-11-15,70.69,41
2003BRUC01,Ron van Bruchem,2008-11-29,71.72,42
2003BRUC01,Ron van Bruchem,2009-01-10,65.73,43
2003BRUC01,Ron van Bruchem,2009-02-21,64.09,44
2003BRUC01,Ron van Bruchem,2009-02-28,65.84,45
2003BRUC01,Ron van Bruchem,2009-03-14,64.68,46
2003BRUC01,Ron van Bruchem,2009-04-25,69.85,47
2003BRUC01,Ron van Bruchem,2009-07-11,79.41,48
2003BRUC01,Ron van Bruchem,2009-09-12,70.81,49
2003BRUC01,Ron van Bruchem,2009-10-09,71.45,50
2003BRUC01,Ron van Bruchem,2009-10-17,64.51,51
2003BRUC01,Ron van Bruchem,2009-10-24,67.51,52
2003BRUC01,Ron van Bruchem,2009-11-14,71.45,53
2003BRUC01,Ron van Bruchem,2009-11-14,69.53,54
2003BRUC01,Ron van Bruchem,2009-11-21,61.37,55
2003BRUC01,Ron van Bruchem,2009-11-21,65.23,56
2003BRUC01,Ron van Bruchem,2009-12-12,81.7,57
2003BRUC01,Ron van Bruchem,2010-01-16,66.31,58
2003BRUC01,Ron van Bruchem,2010-02-20,60.81,59
2003BRUC01,Ron van Bruchem,2010-03-06,61.02,60
2003BRUC01,Ron van Bruchem,2010-03-06,74.59,61
2003BRUC01,Ron van Bruchem,2010-04-17,69.61,62
2003BRUC01,Ron van Bruchem,2010-04-24,70.67,63
2003BRUC01,Ron van Bruchem,2010-05-22,63.56,64
2003BRUC01,Ron van Bruchem,2010-06-13,67.97,65
2003BRUC01,Ron van Bruchem,2010-07-24,68.34,66
2003BRUC01,Ron van Bruchem,2010-09-03,62.05,67
2003BRUC01,Ron van Bruchem,2010-09-11,69.61,68
2003BRUC01,Ron van Bruchem,2010-10-01,58.29,69
2003BRUC01,Ron van Bruchem,2010-10-09,62.5,70
2003BRUC01,Ron van Bruchem,2010-10-16,63.97,71
2003BRUC01,Ron van Bruchem,2010-11-13,80.04,72
2003BRUC01,Ron van Bruchem,2011-01-14,62.35,73
2003BRUC01,Ron van Bruchem,2011-01-14,74.15,74
2003BRUC01,Ron van Bruchem,2011-04-02,61.27,75
2003BRUC01,Ron van Bruchem,2011-04-02,57.33,76
2003BRUC01,Ron van Bruchem,2011-04-09,64.59,77
2003BRUC01,Ron van Bruchem,2011-05-07,59.79,78
2003BRUC01,Ron van Bruchem,2011-05-07,61.2,79
2003BRUC01,Ron van Bruchem,2011-09-01,65.69,80
2003BRUC01,Ron van Bruchem,2011-09-01,63.58,81
2003BRUC01,Ron van Bruchem,2011-10-08,66.9,82
2003BRUC01,Ron van Bruchem,2011-10-08,61.47,83
2003BRUC01,Ron van Bruchem,2011-10-14,62.65,84
2003BRUC01,Ron van Bruchem,2011-10-29,62.69,85
2003BRUC01,Ron van Bruchem,2011-11-19,60.46,86
2003BRUC01,Ron van Bruchem,2011-11-19,60.01,87
2003BRUC01,Ron van Bruchem,2011-12-10,60.55,88
2003BRUC01,Ron van Bruchem,2011-12-17,56.81,89
2003BRUC01,Ron van Bruchem,2011-12-17,58.6,90
2003BRUC01,Ron van Bruchem,2012-02-25,60.32,91
2003BRUC01,Ron van Bruchem,2012-02-25,60.52,92
2003BRUC01,Ron van Bruchem,2012-03-03,57.21,93
2003BRUC01,Ron van Bruchem,2012-03-03,56.96,94
2003BRUC01,Ron van Bruchem,2012-03-03,59.31,95
2003BRUC01,Ron van Bruchem,2012-03-31,54.53,96
2003BRUC01,Ron van Bruchem,2012-04-14,62.36,97
2003BRUC01,Ron van Bruchem,2012-04-14,56.34,98
2003BRUC01,Ron van Bruchem,2012-05-12,60.03,99
2003BRUC01,Ron van Bruchem,2012-05-12,60.24,100
2003BRUC01,Ron van Bruchem,2012-05-19,57.56,101
2003BRUC01,Ron van Bruchem,2012-05-19,57.37,102
2003BRUC01,Ron van Bruchem,2012-06-09,59.16,103
2003BRUC01,Ron van Bruchem,2012-06-09,58.79,104
2003BRUC01,Ron van Bruchem,2012-07-21,55.87,105
2003BRUC01,Ron van Bruchem,2012-07-21,62.41,106
2003BRUC01,Ron van Bruchem,2012-08-12,57.19,107
2003BRUC01,Ron van Bruchem,2012-08-25,55.48,108
2003BRUC01,Ron van Bruchem,2012-08-25,57.71,109
2003BRUC01,Ron van Bruchem,2012-08-25,58.85,110
2003BRUC01,Ron van Bruchem,2012-09-15,60.55,111
2003BRUC01,Ron van Bruchem,2012-09-15,57.66,112
2003BRUC01,Ron van Bruchem,2012-09-15,61.64,113
2003BRUC01,Ron van Bruchem,2012-09-22,58.91,114
2003BRUC01,Ron van Bruchem,2012-09-22,57.71,115
2003BRUC01,Ron van Bruchem,2012-10-12,64.76,116
2003BRUC01,Ron van Bruchem,2012-11-03,60.76,117
2003BRUC01,Ron van Bruchem,2012-11-03,56.03,118
2003BRUC01,Ron van Bruchem,2013-03-02,57.38,119
2003BRUC01,Ron van Bruchem,2013-03-02,58.92,120
2003BRUC01,Ron van Bruchem,2013-03-02,62.86,121
2003BRUC01,Ron van Bruchem,2013-04-01,62.67,122
2003BRUC01,Ron van Bruchem,2013-04-01,57.03,123
2003BRUC01,Ron van Bruchem,2013-04-27,61.35,124
2003BRUC01,Ron van Bruchem,2013-05-11,59.14,125
2003BRUC01,Ron van Bruchem,2013-06-01,57.62,126
2003BRUC01,Ron van Bruchem,2013-06-01,62.17,127
2003BRUC01,Ron van Bruchem,2013-07-26,60.43,128
2003BRUC01,Ron van Bruchem,2013-09-21,54.61,129
2003BRUC01,Ron van Bruchem,2013-10-13,59.75,130
2003BRUC01,Ron van Bruchem,2013-10-13,58.42,131
2003BRUC01,Ron van Bruchem,2013-10-19,55.69,132
2003BRUC01,Ron van Bruchem,2013-10-19,58.56,133
2003BRUC01,Ron van Bruchem,2013-12-21,60.67,134
2003BRUC01,Ron van Bruchem,2013-12-21,55.66,135
2003BRUC01,Ron van Bruchem,2014-02-02,59.61,136
2003BRUC01,Ron van Bruchem,2014-02-02,58.64,137
2003BRUC01,Ron van Bruchem,2014-06-21,60.64,138
2003BRUC01,Ron van Bruchem,2014-07-19,63.68,139
2003BRUC01,Ron van Bruchem,2014-08-02,57.3,140
2003BRUC01,Ron van Bruchem,2014-08-08,61.61,141
2003BRUC01,Ron van Bruchem,2014-09-20,52.19,142
2003BRUC01,Ron van Bruchem,2014-09-28,62.92,143
2003BRUC01,Ron van Bruchem,2014-11-01,56.28,144
2003BRUC01,Ron van Bruchem,2014-11-01,55.08,145
2003BRUC01,Ron van Bruchem,2014-11-09,54.09,146
2003BRUC01,Ron van Bruchem,2014-11-09,50.61,147
2003BRUC01,Ron van Bruchem,2015-05-24,55.93,148
2003BRUC01,Ron van Bruchem,2015-05-24,59.85,149
2003BRUC01,Ron van Bruchem,2015-07-11,59.61,150
2003BRUC01,Ron van Bruchem,2015-07-17,59.41,151
2003BRUC01,Ron van Bruchem,2015-07-17,55.33,152
2003BRUC01,Ron van Bruchem,2015-08-08,53.57,153
2003BRUC01,Ron van Bruchem,2015-09-27,58.52,154
2003BRUC01,Ron van Bruchem,2015-10-17,74.74,155
2003BRUC01,Ron van Bruchem,2016-02-21,53.19,156
2003BRUC01,Ron van Bruchem,2016-03-20,59.74,157
2003BRUC01,Ron van Bruchem,2016-04-09,59.08,158
2003BRUC01,Ron van Bruchem,2016-05-21,60.51,159
2003BRUC01,Ron van Bruchem,2016-06-26,56.22,160
2003BRUC01,Ron van Bruchem,2016-07-15,58.9,161
2003BRUC01,Ron van Bruchem,2016-09-03,58.6,162
2003BRUC01,Ron van Bruchem,2016-10-01,53.38,163
2003BRUC01,Ron van Bruchem,2016-10-29,58.44,164
2003BRUC01,Ron van Bruchem,2016-11-26,56.56,165
2003BRUC01,Ron van Bruchem,2016-12-24,62.48,166
2003BRUC01,Ron van Bruchem,2017-01-06,56.17,167
2003BRUC01,Ron van Bruchem,2017-02-11,52.8,168
2003BRUC01,Ron van Bruchem,2017-02-11,54.99,169
2003BRUC01,Ron van Bruchem,2017-02-11,58.37,170
2003BRUC01,Ron van Bruchem,2017-03-05,55.8,171
2003BRUC01,Ron van Bruchem,2017-03-25,51.26,172
2003BRUC01,Ron van Bruchem,2017-03-25,54.62,173
2003BRUC01,Ron van Bruchem,2017-03-25,51.66,174
2003BRUC01,Ron van Bruchem,2017-04-15,52.71,175
2003BRUC01,Ron van Bruchem,2017-06-10,59.52,176
2003BRUC01,Ron van Bruchem,2017-07-13,50.4,177
2003BRUC01,Ron van Bruchem,2017-07-28,54.03,178
2003BRUC01,Ron van Bruchem,2017-08-19,52.47,179
2003BRUC01,Ron van Bruchem,2017-08-19,54.53,180
2003BRUC01,Ron van Bruchem,2017-09-17,54.11,181
2003BRUC01,Ron van Bruchem,2017-09-23,54.98,182
2003BRUC01,Ron van Bruchem,2017-10-08,53.18,183
2003BRUC01,Ron van Bruchem,2017-10-14,53.36,184
2003BRUC01,Ron van Bruchem,2017-10-21,56.69,185
2003BRUC01,Ron van Bruchem,2017-12-16,52.5,186
2003BRUC01,Ron van Bruchem,2017-12-16,54.15,187
2003BRUC01,Ron van Bruchem,2018-01-05,54.4,188
2003BRUC01,Ron van Bruchem,2018-01-05,57.92,189
2003BRUC01,Ron van Bruchem,2018-01-27,51.92,190
2003BRUC01,Ron van Bruchem,2018-01-27,52.42,191
2003BRUC01,Ron van Bruchem,2018-02-10,53.89,192
2003BRUC01,Ron van Bruchem,2018-03-03,52.43,193
2003BRUC01,Ron van Bruchem,2018-03-24,49.12,194
2003BRUC01,Ron van Bruchem,2018-03-24,57.8,195
2003BRUC01,Ron van Bruchem,2018-04-14,51.76,196
2003BRUC01,Ron van Bruchem,2018-05-19,52.69,197
2003BRUC01,Ron van Bruchem,2018-05-19,58.26,198
2003BRUC01,Ron van Bruchem,2018-06-08,52.45,199
2003BRUC01,Ron van Bruchem,2018-06-08,53.85,200
2003BRUC01,Ron van Bruchem,2018-06-23,50.96,201
2003BRUC01,Ron van Bruchem,2018-06-23,56.6,202
2003BRUC01,Ron van Bruchem,2018-07-19,48.87,203
2003BRUC01,Ron van Bruchem,2018-08-17,56.25,204
2003BRUC01,Ron van Bruchem,2018-09-08,55.2,205
2003BRUC01,Ron van Bruchem,2018-09-08,51.82,206
2003BRUC01,Ron van Bruchem,2018-09-22,50.74,207
2003BRUC01,Ron van Bruchem,2018-09-22,54.19,208
2003BRUC01,Ron van Bruchem,2018-10-13,50.86,209
2003BRUC01,Ron van Bruchem,2018-10-13,46.99,210
2003BRUC01,Ron van Bruchem,2018-10-27,53.82,211
2003BRUC01,Ron van Bruchem,2018-11-10,56.41,212
2003BRUC01,Ron van Bruchem,2018-11-10,51.89,213
2003BRUC01,Ron van Bruchem,2018-11-10,53.64,214
2003BRUC01,Ron van Bruchem,2018-11-17,57.23,215
2003BRUC01,Ron van Bruchem,2018-11-18,47.14,216
2003BRUC01,Ron van Bruchem,2018-12-15,47.7,217
2003BRUC01,Ron van Bruchem,2018-12-15,49.74,218
2003BRUC01,Ron van Bruchem,2019-01-05,59.06,219
2003BRUC01,Ron van Bruchem,2019-01-12,50.64,220
2003BRUC01,Ron van Bruchem,2019-03-22,51.16,221
2003BRUC01,Ron van Bruchem,2019-03-22,49.59,222
2003BRUC01,Ron van Bruchem,2019-04-06,51.8,223
2003BRUC01,Ron van Bruchem,2019-04-06,49.94,224
2003BRUC01,Ron van Bruchem,2019-06-08,55.87,225
2003BRUC01,Ron van Bruchem,2019-06-08,54.0,226
2003BRUC01,Ron van Bruchem,2019-07-11,59.41,227
2003BRUC01,Ron van Bruchem,2019-08-16,52.6,228
2003BRUC01,Ron van Bruchem,2019-08-16,52.23,229
2003BRUC01,Ron van Bruchem,2019-09-21,51.11,230
2003BRUC01,Ron van Bruchem,2019-09-21,55.86,231
2003BRUC01,Ron van Bruchem,2019-10-12,56.22,232
2003BRUC01,Ron van Bruchem,2019-10-12,49.97,233
2003BRUC01,Ron van Bruchem,2019-11-30,55.47,234
2003BRUC01,Ron van Bruchem,2019-12-08,50.03,235
2003BRUC01,Ron van Bruchem,2019-12-08,51.34,236
2003BRUC01,Ron van Bruchem,2020-01-04,53.08,237
2003BRUC01,Ron van Bruchem,2020-01-04,53.43,238
2003BRUC01,Ron van Bruchem,2020-01-11,46.68,239
2003BRUC01,Ron van Bruchem,2020-02-01,53.44,240
2003BRUC01,Ron van Bruchem,2020-02-01,47.65,241
2003BRUC01,Ron van Bruchem,2020-02-29,53.73,242
2003BRUC01,Ron van Bruchem,2020-02-29,49.81,243
2003BRUC01,Ron van Bruchem,2021-12-10,47.13,244
2003BRUC01,Ron van Bruchem,2022-04-17,59.81,245
2003BRUC01,Ron van Bruchem,2022-05-21,55.86,246
2003BRUC01,Ron van Bruchem,2022-05-21,54.48,247
2003BRUC01,Ron van Bruchem,2022-06-25,52.73,248
2003BRUC01,Ron van Bruchem,2022-08-11,50.63,249
2003BRUC01,Ron van Bruchem,2022-08-11,56.14,250
2003BRUC01,Ron van Bruchem,2022-09-25,53.69,251
2003BRUC01,Ron van Bruchem,2022-10-15,54.72,252
2003BRUC01,Ron van Bruchem,2022-10-22,54.96,253
2003BRUC01,Ron van Bruchem,2022-10-22,51.24,254
2003BRUC01,Ron van Bruchem,2022-11-26,56.24,255
2003BRUC01,Ron van Bruchem,2022-11-26,52.87,256
2003BRUC01,Ron van Bruchem,2023-03-10,56.09,257
2003BRUC01,Ron van Bruchem,2023-03-11,57.73,258
2003BRUC01,Ron van Bruchem,2023-04-23,54.88,259
2003BRUC01,Ron van Bruchem,2023-06-03,59.07,260
2003BRUC01,Ron van Bruchem,2023-06-03,55.18,261
2003BRUC01,Ron van Bruchem,2023-08-12,61.29,262
2003BRUC01,Ron van Bruchem,2023-08-26,57.45,263
2003BRUC01,Ron van Bruchem,2023-09-16,58.68,264
2003BRUC01,Ron van Bruchem,2023-09-23,51.59,265
2003BRUC01,Ron van Bruchem,2023-10-06,53.94,266
2003BRUC01,Ron van Bruchem,2023-11-11,52.51,267
2003BRUC01,Ron van Bruchem,2023-11-25,54.67,268
2003BRUC01,Ron van Bruchem,2023-12-16,58.58,269
2003BRUC01,Ron van Bruchem,2023-12-16,59.55,270
2003BRUC01,Ron van Bruchem,2024-01-14,56.12,271
2003BRUC01,Ron van Bruchem,2024-01-20,54.59,272
2003BRUC01,Ron van Bruchem,2024-01-20,51.26,273
2003BRUC01,Ron van Bruchem,2024-02-03,56.73,274
2003BRUC01,Ron van Bruchem,2024-03-09,50.95,275
2003BRUC01,Ron van Bruchem,2024-03-24,51.43,276
2003BRUC01,Ron van Bruchem,2024-04-07,61.17,277
2003BRUC01,Ron van Bruchem,2024-05-04,56.31,278
2003BRUC01,Ron van Bruchem,2024-07-25,52.19,279
2003BRUC01,Ron van Bruchem,2024-08-31,50.36,280
2003BRUC01,Ron van Bruchem,2024-09-08,56.1,281
2003BRUC01,Ron van Bruchem,2024-09-14,52.45,282
2003BRUC01,Ron van Bruchem,2024-09-21,61.13,283
2003BRUC01,Ron van Bruchem,2024-11-01,56.59,284
2003BRUC01,Ron van Bruchem,2024-11-15,54.47,285
2003BRUC01,Ron van Bruchem,2024-12-07,52.99,286
2003BRUC01,Ron van Bruchem,2024-12-22,56.33,287
2003BRUC01,Ron van Bruchem,2024-12-22,52.4,288
2003BRUC01,Ron van Bruchem,2025-02-08,52.97,289
2003BRUC01,Ron van Bruchem,2025-02-08,53.39,290
2003BRUC01,Ron van Bruchem,2025-03-01,48.84,291
2003BRUC01,Ron van Bruchem,2025-03-01,51.8,292
2003BRUC01,Ron van Bruchem,2025-03-22,47.95,293
2003BRUC01,Ron van Bruchem,2025-03-22,53.29,294
2003BRUC01,Ron van Bruchem,2025-05-03,52.57,295
2003BRUC01,Ron van Bruchem,2025-06-28,53.77,296
2003BRUC01,Ron van Bruchem,2025-07-19,45.78,297
2003BRUC01,Ron van Bruchem,2025-07-19,50.06,298
2003BRUC01,Ron van Bruchem,2025-08-10,47.73,299
2003BRUC01,Ron van Bruchem,2025-08-10,57.9,300
2003BRUC01,Ron van Bruchem,2025-08-23,52.54,301
2003BRUC01,Ron van Bruchem,2025-08-23,53.82,302
2003BRUC01,Ron van Bruchem,2025-09-05,48.37,303
2003BRUC01,Ron van Bruchem,2025-10-18,54.45,304
2003BRUC01,Ron van Bruchem,2025-10-18,51.1,305
2003BRUC01,Ron van Bruchem,2025-11-06,55.01,306
2003BRUC01,Ron van Bruchem,2025-11-09,61.26,307
2003BRUC01,Ron van Bruchem,2025-11-11,51.12,308
2003BRUC01,Ron van Bruchem,2025-12-06,52.03,309
2003BRUC01,Ron van Bruchem,2025-12-21,59.3,310
2003BRUC01,Ron van Bruchem,2026-01-31,58.4,311
2003BRUC01,Ron van Bruchem,2026-02-22,55.39,312
2003BRUC01,Ron van Bruchem,2026-03-08,56.55,313
2003BRUC01,Ron van Bruchem,2026-03-08,51.44,314
2003BRUC01,Ron van Bruchem,2026-04-18,54.04,315
2003BRUC01,Ron van Bruchem,2026-04-18,58.64,316
2003BRUC01,Ron van Bruchem,2026-05-02,54.8,317
2003BRUC01,Ron van Bruchem,2026-05-02,52.74,318
2006HALC01,Michał Halczuk,2008-05-10,66.95,1
2006HALC01,Michał Halczuk,2008-06-07,70.82,2
2006HALC01,Michał Halczuk,2008-08-16,60.5,3
2006HALC01,Michał Halczuk,2008-08-30,63.49,4
2006HALC01,Michał Halczuk,2009-01-31,57.86,5
2006HALC01,Michał Halczuk,2009-02-21,53.66,6
2006HALC01,Michał Halczuk,2009-02-21,56.17,7
2006HALC01,Michał Halczuk,2009-05-30,51.0,8
2006HALC01,Michał Halczuk,2009-06-27,54.89,9
2006HALC01,Michał Halczuk,2009-06-27,53.03,10
2006HALC01,Michał Halczuk,2009-06-27,56.49,11
2006HALC01,Michał Halczuk,2009-10-09,50.74,12
2006HALC01,Michał Halczuk,2009-10-09,53.46,13
2006HALC01,Michał Halczuk,2009-11-28,59.53,14
2006HALC01,Michał Halczuk,2010-02-27,51.63,15
2006HALC01,Michał Halczuk,2010-02-27,48.12,16
2006HALC01,Michał Halczuk,2010-08-28,48.51,17
2006HALC01,Michał Halczuk,2010-08-28,46.66,18
2006HALC01,Michał Halczuk,2010-09-18,48.36,19
2006HALC01,Michał Halczuk,2010-09-18,49.06,20
2006HALC01,Michał Halczuk,2010-09-18,48.83,21
2006HALC01,Michał Halczuk,2010-10-01,55.08,22
2006HALC01,Michał Halczuk,2010-10-01,49.1,23
2006HALC01,Michał Halczuk,2011-02-12,45.49,24
2006HALC01,Michał Halczuk,2011-07-23,47.65,25
2006HALC01,Michał Halczuk,2011-08-13,43.7,26
2006HALC01,Michał Halczuk,2011-08-13,45.46,27
2006HALC01,Michał Halczuk,2011-10-22,47.0,28
2006HALC01,Michał Halczuk,2011-10-22,46.3,29
2006HALC01,Michał Halczuk,2011-11-05,43.61,30
2006HALC01,Michał Halczuk,2012-05-26,46.66,31
2006HALC01,Michał Halczuk,2012-05-26,48.19,32
2006HALC01,Michał Halczuk,2012-06-30,45.2,33
2006HALC01,Michał Halczuk,2012-06-30,45.91,34
2006HALC01,Michał Halczuk,2012-08-04,41.1,35
2006HALC01,Michał Halczuk,2012-08-04,44.44,36
2006HALC01,Michał Halczuk,2012-09-22,48.89,37
2006HALC01,Michał Halczuk,2012-09-22,45.22,38
2006HALC01,Michał Halczuk,2012-10-12,44.67,39
2006HALC01,Michał Halczuk,2012-10-12,40.96,40
2006HALC01,Michał Halczuk,2012-10-12,45.87,41
2006HALC01,Michał Halczuk,2012-11-24,47.98,42
2006HALC01,Michał Halczuk,2012-11-24,45.55,43
2006HALC01,Michał Halczuk,2012-11-24,45.46,44
2006HALC01,Michał Halczuk,2012-12-08,44.37,45
2006HALC01,Michał Halczuk,2012-12-08,41.58,46
2006HALC01,Michał Halczuk,2013-04-20,46.04,47
2006HALC01,Michał Halczuk,2013-04-20,46.85,48
2006HALC01,Michał Halczuk,2013-05-18,43.37,49
2006HALC01,Michał Halczuk,2013-06-29,37.7,50
2006HALC01,Michał Halczuk,2013-06-29,40.48,51
2006HALC01,Michał Halczuk,2013-07-26,45.05,52
2006HALC01,Michał Halczuk,2013-07-26,44.31,53
2006HALC01,Michał Halczuk,2013-07-26,46.14,54
2006HALC01,Michał Halczuk,2013-08-17,43.72,55
2006HALC01,Michał Halczuk,2013-08-17,43.98,56
2006HALC01,Michał Halczuk,2013-09-28,41.78,57
2006HALC01,Michał Halczuk,2013-10-05,44.85,58
2006HALC01,Michał Halczuk,2013-10-05,43.89,59
2006HALC01,Michał Halczuk,2013-11-30,46.42,60
2006HALC01,Michał Halczuk,2013-12-14,46.18,61
2006HALC01,Michał Halczuk,2013-12-14,44.12,62
2006HALC01,Michał Halczuk,2014-01-04,47.65,63
2006HALC01,Michał Halczuk,2014-01-04,40.61,64
2006HALC01,Michał Halczuk,2014-01-18,43.96,65
2006HALC01,Michał Halczuk,2014-02-15,42.99,66
2006HALC01,Michał Halczuk,2014-02-15,42.65,67
2006HALC01,Michał Halczuk,2014-02-22,40.73,68
2006HALC01,Michał Halczuk,2014-02-22,39.8,69
2006HALC01,Michał Halczuk,2014-03-08,39.7,70
2006HALC01,Michał Halczuk,2014-03-08,42.59,71
2006HALC01,Michał Halczuk,2014-03-15,42.97,72
2006HALC01,Michał Halczuk,2014-05-03,47.02,73
2006HALC01,Michał Halczuk,2014-05-03,40.27,74
2006HALC01,Michał Halczuk,2014-05-31,38.55,75
2006HALC01,Michał Halczuk,2014-05-31,36.68,76
2006HALC01,Michał Halczuk,2014-06-21,38.13,77
2006HALC01,Michał Halczuk,2014-06-21,40.64,78
2006HALC01,Michał Halczuk,2014-06-21,40.3,79
2006HALC01,Michał Halczuk,2014-06-28,39.52,80
2006HALC01,Michał Halczuk,2014-06-28,41.02,81
2006HALC01,Michał Halczuk,2014-07-05,40.22,82
2006HALC01,Michał Halczuk,2014-07-05,40.74,83
2006HALC01,Michał Halczuk,2014-07-05,43.56,84
2006HALC01,Michał Halczuk,2014-07-26,42.19,85
2006HALC01,Michał Halczuk,2014-07-26,41.72,86
2006HALC01,Michał Halczuk,2014-08-08,40.9,87
2006HALC01,Michał Halczuk,2014-08-08,46.15,88
2006HALC01,Michał Halczuk,2014-08-23,38.5,89
2006HALC01,Michał Halczuk,2014-08-23,40.69,90
2006HALC01,Michał Halczuk,2014-09-06,39.25,91
2006HALC01,Michał Halczuk,2014-09-06,40.84,92
2006HALC01,Michał Halczuk,2014-09-06,37.99,93
2006HALC01,Michał Halczuk,2014-09-27,36.59,94
2006HALC01,Michał Halczuk,2014-12-06,37.23,95
2006HALC01,Michał Halczuk,2014-12-06,42.37,96
2006HALC01,Michał Halczuk,2014-12-20,39.35,97
2006HALC01,Michał Halczuk,2015-02-21,39.76,98
2006HALC01,Michał Halczuk,2015-02-21,38.54,99
2006HALC01,Michał Halczuk,2015-02-21,42.08,100
2006HALC01,Michał Halczuk,2015-02-28,38.19,101
2006HALC01,Michał Halczuk,2015-02-28,41.06,102
2006HALC01,Michał Halczuk,2015-03-27,39.18,103
2006HALC01,Michał Halczuk,2015-03-27,40.15,104
2006HALC01,Michał Halczuk,2015-04-18,39.49,105
2006HALC01,Michał Halczuk,2015-04-18,37.76,106
2006HALC01,Michał Halczuk,2015-05-30,36.94,107
2006HALC01,Michał Halczuk,2015-05-30,38.04,108
2006HALC01,Michał Halczuk,2015-06-27,39.41,109
2006HALC01,Michał Halczuk,2015-06-27,39.08,110
2006HALC01,Michał Halczuk,2015-07-18,36.11,111
2006HALC01,Michał Halczuk,2015-07-18,36.03,112
2006HALC01,Michał Halczuk,2015-08-08,37.55,113
2006HALC01,Michał Halczuk,2015-08-08,38.14,114
2006HALC01,Michał Halczuk,2015-09-12,38.47,115
2006HALC01,Michał Halczuk,2015-09-12,37.01,116
2006HALC01,Michał Halczuk,2015-09-19,39.05,117
2006HALC01,Michał Halczuk,2015-09-19,37.96,118
2006HALC01,Michał Halczuk,2015-09-26,39.86,119
2006HALC01,Michał Halczuk,2015-09-26,36.73,120
2006HALC01,Michał Halczuk,2015-09-26,38.36,121
2006HALC01,Michał Halczuk,2015-10-09,35.39,122
2006HALC01,Michał Halczuk,2015-10-09,41.22,123
2006HALC01,Michał Halczuk,2015-10-09,37.36,124
2006HALC01,Michał Halczuk,2016-02-20,38.32,125
2006HALC01,Michał Halczuk,2016-06-11,37.53,126
2006HALC01,Michał Halczuk,2016-06-11,35.2,127
2006HALC01,Michał Halczuk,2016-06-11,38.5,128
2006HALC01,Michał Halczuk,2016-07-09,36.15,129
2006HALC01,Michał Halczuk,2016-07-09,38.33,130
2006HALC01,Michał Halczuk,2016-07-15,37.82,131
2006HALC01,Michał Halczuk,2016-07-15,35.6,132
2006HALC01,Michał Halczuk,2016-07-15,39.13,133
2006HALC01,Michał Halczuk,2016-08-06,40.09,134
2006HALC01,Michał Halczuk,2016-08-06,38.32,135
2006HALC01,Michał Halczuk,2016-08-06,38.47,136
2006HALC01,Michał Halczuk,2016-08-27,36.68,137
2006HALC01,Michał Halczuk,2016-08-27,37.9,138
2006HALC01,Michał Halczuk,2016-10-08,39.14,139
2006HALC01,Michał Halczuk,2016-10-08,36.69,140
2006HALC01,Michał Halczuk,2016-10-23,37.67,141
2006HALC01,Michał Halczuk,2016-10-23,37.6,142
2006HALC01,Michał Halczuk,2016-12-09,35.5,143
2006HALC01,Michał Halczuk,2016-12-09,37.36,144
2006HALC01,Michał Halczuk,2016-12-17,39.26,145
2006HALC01,Michał Halczuk,2016-12-17,36.66,146
2006HALC01,Michał Halczuk,2017-03-11,32.57,147
2006HALC01,Michał Halczuk,2017-03-11,38.37,148
2006HALC01,Michał Halczuk,2017-05-27,38.77,149
2006HALC01,Michał Halczuk,2017-05-27,37.31,150
2006HALC01,Michał Halczuk,2017-06-10,37.46,151
2006HALC01,Michał Halczuk,2017-06-10,36.32,152
2006HALC01,Michał Halczuk,2017-06-24,35.8,153
2006HALC01,Michał Halczuk,2017-06-24,36.34,154
2006HALC01,Michał Halczuk,2017-07-29,37.82,155
2006HALC01,Michał Halczuk,2017-08-25,40.3,156
2006HALC01,Michał Halczuk,2017-08-25,38.04,157
2006HALC01,Michał Halczuk,2017-08-25,37.87,158
2006HALC01,Michał Halczuk,2017-09-15,36.51,159
2006HALC01,Michał Halczuk,2017-09-15,36.87,160
2006HALC01,Michał Halczuk,2017-10-14,39.65,161
2006HALC01,Michał Halczuk,2017-10-14,40.53,162
2006HALC01,Michał Halczuk,2017-11-17,35.75,163
2006HALC01,Michał Halczuk,2017-11-17,37.59,164
2006HALC01,Michał Halczuk,2017-12-16,37.9,165
2006HALC01,Michał Halczuk,2017-12-16,36.62,166
2006HALC01,Michał Halczuk,2018-02-10,39.32,167
2006HALC01,Michał Halczuk,2018-02-24,36.72,168
2006HALC01,Michał Halczuk,2018-02-24,36.86,169
2006HALC01,Michał Halczuk,2018-03-17,37.6,170
2006HALC01,Michał Halczuk,2018-04-21,37.21,171
2006HALC01,Michał Halczuk,2018-05-26,35.32,172
2006HALC01,Michał Halczuk,2018-06-16,35.57,173
2006HALC01,Michał Halczuk,2018-06-23,39.07,174
2006HALC01,Michał Halczuk,2018-06-23,36.53,175
2006HALC01,Michał Halczuk,2018-06-30,37.85,176
2006HALC01,Michał Halczuk,2018-07-07,35.85,177
2006HALC01,Michał Halczuk,2018-07-07,32.91,178
2006HALC01,Michał Halczuk,2018-07-07,34.77,179
2006HALC01,Michał Halczuk,2018-07-28,34.83,180
2006HALC01,Michał Halczuk,2018-07-31,37.76,181
2006HALC01,Michał Halczuk,2018-07-31,35.05,182
2006HALC01,Michał Halczuk,2018-09-15,34.76,183
2006HALC01,Michał Halczuk,2018-09-15,38.69,184
2006HALC01,Michał Halczuk,2018-09-15,37.08,185
2006HALC01,Michał Halczuk,2018-09-22,34.14,186
2006HALC01,Michał Halczuk,2018-09-22,40.84,187
2006HALC01,Michał Halczuk,2018-10-13,33.76,188
2006HALC01,Michał Halczuk,2018-10-13,35.77,189
2006HALC01,Michał Halczuk,2018-10-13,36.62,190
2006HALC01,Michał Halczuk,2018-10-20,38.62,191
2006HALC01,Michał Halczuk,2018-10-20,33.32,192
2006HALC01,Michał Halczuk,2018-10-26,35.95,193
2006HALC01,Michał Halczuk,2018-10-26,34.3,194
2006HALC01,Michał Halczuk,2018-12-08,37.65,195
2006HALC01,Michał Halczuk,2018-12-08,36.48,196
2006HALC01,Michał Halczuk,2018-12-15,33.66,197
2006HALC01,Michał Halczuk,2018-12-15,37.68,198
2006HALC01,Michał Halczuk,2019-01-12,36.66,199
2006HALC01,Michał Halczuk,2019-01-12,39.71,200
2006HALC01,Michał Halczuk,2019-02-02,33.79,201
2006HALC01,Michał Halczuk,2019-02-02,32.84,202
2006HALC01,Michał Halczuk,2019-02-23,40.58,203
2006HALC01,Michał Halczuk,2019-03-02,31.66,204
2006HALC01,Michał Halczuk,2019-03-02,32.9,205
2006HALC01,Michał Halczuk,2019-03-02,36.03,206
2006HALC01,Michał Halczuk,2019-03-16,34.68,207
2006HALC01,Michał Halczuk,2019-03-16,37.23,208
2006HALC01,Michał Halczuk,2019-04-06,34.23,209
2006HALC01,Michał Halczuk,2019-04-06,37.99,210
2006HALC01,Michał Halczuk,2019-05-18,33.8,211
2006HALC01,Michał Halczuk,2019-05-18,32.25,212
2006HALC01,Michał Halczuk,2019-06-01,34.53,213
2006HALC01,Michał Halczuk,2019-06-01,33.38,214
2006HALC01,Michał Halczuk,2019-06-29,35.69,215
2006HALC01,Michał Halczuk,2019-07-06,36.85,216
2006HALC01,Michał Halczuk,2019-07-06,36.58,217
2006HALC01,Michał Halczuk,2019-07-13,36.66,218
2006HALC01,Michał Halczuk,2019-07-13,34.46,219
2006HALC01,Michał Halczuk,2019-07-27,35.62,220
2006HALC01,Michał Halczuk,2019-07-27,33.51,221
2006HALC01,Michał Halczuk,2019-09-13,33.49,222
2006HALC01,Michał Halczuk,2019-09-13,36.33,223
2006HALC01,Michał Halczuk,2019-09-13,35.84,224
2006HALC01,Michał Halczuk,2019-09-28,35.11,225
2006HALC01,Michał Halczuk,2019-09-28,37.31,226
2006HALC01,Michał Halczuk,2019-10-05,33.86,227
2006HALC01,Michał Halczuk,2019-10-05,32.0,228
2006HALC01,Michał Halczuk,2019-10-05,34.51,229
2006HALC01,Michał Halczuk,2019-10-11,36.05,230
2006HALC01,Michał Halczuk,2019-10-11,34.71,231
2006HALC01,Michał Halczuk,2019-10-19,35.91,232
2006HALC01,Michał Halczuk,2019-10-19,34.06,233
2006HALC01,Michał Halczuk,2019-11-09,34.84,234
2006HALC01,Michał Halczuk,2019-11-09,36.3,235
2006HALC01,Michał Halczuk,2019-11-16,32.41,236
2006HALC01,Michał Halczuk,2019-12-06,32.74,237
2006HALC01,Michał Halczuk,2019-12-06,33.35,238
2006HALC01,Michał Halczuk,2019-12-14,35.92,239
2006HALC01,Michał Halczuk,2019-12-14,38.46,240
2006HALC01,Michał Halczuk,2019-12-14,33.53,241
2006HALC01,Michał Halczuk,2020-01-04,38.23,242
2006HALC01,Michał Halczuk,2020-01-04,34.06,243
2006HALC01,Michał Halczuk,2020-02-22,36.3,244
2006HALC01,Michał Halczuk,2020-02-22,37.08,245
2006HALC01,Michał Halczuk,2020-08-22,37.6,246
2006HALC01,Michał Halczuk,2020-09-12,41.06,247
2006HALC01,Michał Halczuk,2021-07-03,36.87,248
2006HALC01,Michał Halczuk,2021-07-10,34.24,249
2006HALC01,Michał Halczuk,2021-07-10,38.66,250
2006HALC01,Michał Halczuk,2021-07-24,38.03,251
2006HALC01,Michał Halczuk,2021-07-24,36.52,252
2006HALC01,Michał Halczuk,2021-08-28,36.06,253
2006HALC01,Michał Halczuk,2021-08-28,35.77,254
2006HALC01,Michał Halczuk,2021-09-18,40.01,255
2006HALC01,Michał Halczuk,2021-10-01,38.41,256
2006HALC01,Michał Halczuk,2021-10-09,34.25,257
2006HALC01,Michał Halczuk,2021-10-09,35.28,258
2006HALC01,Michał Halczuk,2021-12-18,36.15,259
2006HALC01,Michał Halczuk,2021-12-18,38.75,260
2006HALC01,Michał Halczuk,2022-07-02,38.21,261
2006HALC01,Michał Halczuk,2022-07-02,38.33,262
2006HALC01,Michał Halczuk,2022-07-08,37.63,263
2006HALC01,Michał Halczuk,2022-08-13,35.56,264
2006HALC01,Michał Halczuk,2022-08-13,32.38,265
2006HALC01,Michał Halczuk,2022-10-22,39.72,266
2006HALC01,Michał Halczuk,2022-10-22,37.73,267
2006HALC01,Michał Halczuk,2022-10-22,35.61,268
2006HALC01,Michał Halczuk,2022-11-12,37.1,269
2006HALC01,Michał Halczuk,2022-11-12,37.31,270
2006HALC01,Michał Halczuk,2022-11-27,37.71,271
2006HALC01,Michał Halczuk,2022-11-27,34.51,272
2006HALC01,Michał Halczuk,2022-12-31,34.75,273
2006HALC01,Michał Halczuk,2023-01-28,41.6,274
2006HALC01,Michał Halczuk,2023-02-04,38.91,275
2006HALC01,Michał Halczuk,2023-03-04,40.12,276
2006HALC01,Michał Halczuk,2023-03-11,35.47,277
2006HALC01,Michał Halczuk,2023-03-11,35.84,278
2006HALC01,Michał Halczuk,2023-04-01,37.48,279
2006HALC01,Michał Halczuk,2023-05-06,32.87,280
2006HALC01,Michał Halczuk,2023-05-06,38.4,281
2006HALC01,Michał Halczuk,2023-05-06,33.26,282
2006HALC01,Michał Halczuk,2023-05-13,34.87,283
2006HALC01,Michał Halczuk,2023-05-13,35.44,284
2006HALC01,Michał Halczuk,2023-05-20,37.13,285
2006HALC01,Michał Halczuk,2023-05-20,35.64,286
2006HALC01,Michał Halczuk,2023-05-20,34.78,287
2006HALC01,Michał Halczuk,2023-05-27,39.38,288
2006HALC01,Michał Halczuk,2023-05-27,36.17,289
2006HALC01,Michał Halczuk,2023-06-03,33.67,290
2006HALC01,Michał Halczuk,2023-06-03,37.89,291
2006HALC01,Michał Halczuk,2023-06-10,36.38,292
2006HALC01,Michał Halczuk,2023-08-12,37.55,293
2006HALC01,Michał Halczuk,2023-08-19,36.41,294
2006HALC01,Michał Halczuk,2023-08-26,37.18,295
2006HALC01,Michał Halczuk,2023-08-26,39.34,296
2006HALC01,Michał Halczuk,2023-09-09,36.29,297
2006HALC01,Michał Halczuk,2023-09-09,36.99,298
2006HALC01,Michał Halczuk,2023-09-30,37.52,299
2006HALC01,Michał Halczuk,2023-10-01,35.48,300
2006HALC01,Michał Halczuk,2023-10-01,44.97,301
2006HALC01,Michał Halczuk,2023-10-06,36.95,302
2006HALC01,Michał Halczuk,2023-10-28,33.42,303
2006HALC01,Michał Halczuk,2023-10-28,34.97,304
2006HALC01,Michał Halczuk,2023-11-19,37.63,305
2006HALC01,Michał Halczuk,2023-11-19,38.74,306
2006HALC01,Michał Halczuk,2023-11-25,37.15,307
2006HALC01,Michał Halczuk,2023-11-25,34.21,308
2008AURO01,Sébastien Auroux,2008-10-18,100.7,1
2008AURO01,Sébastien Auroux,2008-11-08,99.81,2
2008AURO01,Sébastien Auroux,2008-11-29,92.82,3
2008AURO01,Sébastien Auroux,2009-01-10,85.09,4
2008AURO01,Sébastien Auroux,2009-02-21,86.01,5
2008AURO01,Sébastien Auroux,2009-03-14,86.16,6
2008AURO01,Sébastien Auroux,2009-04-25,69.75,7
2008AURO01,Sébastien Auroux,2009-10-09,69.1,8
2008AURO01,Sébastien Auroux,2009-10-17,73.49,9
2008AURO01,Sébastien Auroux,2009-11-21,71.54,10
2008AURO01,Sébastien Auroux,2009-11-21,66.98,11
2008AURO01,Sébastien Auroux,2010-01-16,70.68,12
2008AURO01,Sébastien Auroux,2010-01-23,64.92,13
2008AURO01,Sébastien Auroux,2010-01-23,63.62,14
2008AURO01,Sébastien Auroux,2010-02-20,67.77,15
2008AURO01,Sébastien Auroux,2010-02-27,65.97,16
2008AURO01,Sébastien Auroux,2010-03-20,68.51,17
2008AURO01,Sébastien Auroux,2010-03-20,65.03,18
2008AURO01,Sébastien Auroux,2010-03-27,71.29,19
2008AURO01,Sébastien Auroux,2010-04-17,70.04,20
2008AURO01,Sébastien Auroux,2010-05-22,71.65,21
2008AURO01,Sébastien Auroux,2010-06-12,71.41,22
2008AURO01,Sébastien Auroux,2010-06-12,71.28,23
2008AURO01,Sébastien Auroux,2010-06-26,69.1,24
2008AURO01,Sébastien Auroux,2010-06-26,62.85,25
2008AURO01,Sébastien Auroux,2010-06-26,70.08,26
2008AURO01,Sébastien Auroux,2010-07-24,68.31,27
2008AURO01,Sébastien Auroux,2010-07-31,70.1,28
2008AURO01,Sébastien Auroux,2010-07-31,64.78,29
2008AURO01,Sébastien Auroux,2010-08-14,66.6,30
2008AURO01,Sébastien Auroux,2010-08-14,70.54,31
2008AURO01,Sébastien Auroux,2010-08-14,68.81,32
2008AURO01,Sébastien Auroux,2010-09-04,64.06,33
2008AURO01,Sébastien Auroux,2010-09-04,63.58,34
2008AURO01,Sébastien Auroux,2010-09-04,59.16,35
2008AURO01,Sébastien Auroux,2010-09-11,66.6,36
2008AURO01,Sébastien Auroux,2010-10-09,68.18,37
2008AURO01,Sébastien Auroux,2010-10-09,63.57,38
2008AURO01,Sébastien Auroux,2010-10-16,67.52,39
2008AURO01,Sébastien Auroux,2010-11-13,62.69,40
2008AURO01,Sébastien Auroux,2010-11-13,63.22,41
2008AURO01,Sébastien Auroux,2010-11-20,66.13,42
2008AURO01,Sébastien Auroux,2011-01-14,68.33,43
2008AURO01,Sébastien Auroux,2011-03-05,64.48,44
2008AURO01,Sébastien Auroux,2011-03-05,66.1,45
2008AURO01,Sébastien Auroux,2011-03-05,67.72,46
2008AURO01,Sébastien Auroux,2011-03-26,67.98,47
2008AURO01,Sébastien Auroux,2011-03-26,64.79,48
2008AURO01,Sébastien Auroux,2011-04-02,62.75,49
2008AURO01,Sébastien Auroux,2011-04-02,61.46,50
2008AURO01,Sébastien Auroux,2011-04-09,70.89,51
2008AURO01,Sébastien Auroux,2011-04-22,63.72,52
2008AURO01,Sébastien Auroux,2011-04-22,57.3,53
2008AURO01,Sébastien Auroux,2011-04-30,62.54,54
2008AURO01,Sébastien Auroux,2011-04-30,57.52,55
2008AURO01,Sébastien Auroux,2011-05-07,70.4,56
2008AURO01,Sébastien Auroux,2011-05-07,66.43,57
2008AURO01,Sébastien Auroux,2011-06-10,67.78,58
2008AURO01,Sébastien Auroux,2011-06-10,69.78,59
2008AURO01,Sébastien Auroux,2011-06-25,72.15,60
2008AURO01,Sébastien Auroux,2011-06-25,65.18,61
2008AURO01,Sébastien Auroux,2011-07-15,67.12,62
2008AURO01,Sébastien Auroux,2011-08-13,65.02,63
2008AURO01,Sébastien Auroux,2011-08-13,60.83,64
2008AURO01,Sébastien Auroux,2011-10-08,65.22,65
2008AURO01,Sébastien Auroux,2011-10-08,59.74,66
2008AURO01,Sébastien Auroux,2011-10-14,62.27,67
2008AURO01,Sébastien Auroux,2011-10-22,64.83,68
2008AURO01,Sébastien Auroux,2011-10-22,59.54,69
2008AURO01,Sébastien Auroux,2011-10-29,59.19,70
2008AURO01,Sébastien Auroux,2011-11-12,61.71,71
2008AURO01,Sébastien Auroux,2011-11-12,56.53,72
2008AURO01,Sébastien Auroux,2011-11-19,61.71,73
2008AURO01,Sébastien Auroux,2011-11-19,63.73,74
2008AURO01,Sébastien Auroux,2011-11-26,60.16,75
2008AURO01,Sébastien Auroux,2011-11-26,57.18,76
2008AURO01,Sébastien Auroux,2011-12-10,57.35,77
2008AURO01,Sébastien Auroux,2011-12-10,51.9,78
2008AURO01,Sébastien Auroux,2011-12-17,56.97,79
2008AURO01,Sébastien Auroux,2011-12-17,58.98,80
2008AURO01,Sébastien Auroux,2012-02-04,57.6,81
2008AURO01,Sébastien Auroux,2012-02-04,61.58,82
2008AURO01,Sébastien Auroux,2012-02-25,59.09,83
2008AURO01,Sébastien Auroux,2012-02-25,58.38,84
2008AURO01,Sébastien Auroux,2012-03-03,61.48,85
2008AURO01,Sébastien Auroux,2012-03-03,59.6,86
2008AURO01,Sébastien Auroux,2012-03-31,59.11,87
2008AURO01,Sébastien Auroux,2012-03-31,57.32,88
2008AURO01,Sébastien Auroux,2012-04-06,55.54,89
2008AURO01,Sébastien Auroux,2012-04-06,61.39,90
2008AURO01,Sébastien Auroux,2012-04-14,54.13,91
2008AURO01,Sébastien Auroux,2012-04-14,64.33,92
2008AURO01,Sébastien Auroux,2012-04-28,55.52,93
2008AURO01,Sébastien Auroux,2012-04-28,60.62,94
2008AURO01,Sébastien Auroux,2012-05-12,61.6,95
2008AURO01,Sébastien Auroux,2012-05-12,59.63,96
2008AURO01,Sébastien Auroux,2012-05-19,59.15,97
2008AURO01,Sébastien Auroux,2012-05-19,61.76,98
2008AURO01,Sébastien Auroux,2012-06-23,54.42,99
2008AURO01,Sébastien Auroux,2012-06-23,59.43,100
2008AURO01,Sébastien Auroux,2012-06-30,60.32,101
2008AURO01,Sébastien Auroux,2012-06-30,62.65,102
2008AURO01,Sébastien Auroux,2012-06-30,59.04,103
2008AURO01,Sébastien Auroux,2012-07-07,57.12,104
2008AURO01,Sébastien Auroux,2012-07-07,58.02,105
2008AURO01,Sébastien Auroux,2012-07-13,60.87,106
2008AURO01,Sébastien Auroux,2012-08-25,62.1,107
2008AURO01,Sébastien Auroux,2012-08-25,53.53,108
2008AURO01,Sébastien Auroux,2012-08-31,59.07,109
2008AURO01,Sébastien Auroux,2012-09-01,57.39,110
2008AURO01,Sébastien Auroux,2012-09-01,60.34,111
2008AURO01,Sébastien Auroux,2012-09-15,60.66,112
2008AURO01,Sébastien Auroux,2012-09-15,57.19,113
2008AURO01,Sébastien Auroux,2012-09-15,55.59,114
2008AURO01,Sébastien Auroux,2012-10-06,53.77,115
2008AURO01,Sébastien Auroux,2012-10-06,53.21,116
2008AURO01,Sébastien Auroux,2012-10-12,57.34,117
2008AURO01,Sébastien Auroux,2012-10-12,57.88,118
2008AURO01,Sébastien Auroux,2012-10-20,57.0,119
2008AURO01,Sébastien Auroux,2012-10-20,57.01,120
2008AURO01,Sébastien Auroux,2012-11-03,62.09,121
2008AURO01,Sébastien Auroux,2012-11-17,53.42,122
2008AURO01,Sébastien Auroux,2012-11-17,60.38,123
2008AURO01,Sébastien Auroux,2012-12-08,56.12,124
2008AURO01,Sébastien Auroux,2012-12-08,57.57,125
2008AURO01,Sébastien Auroux,2012-12-22,55.63,126
2008AURO01,Sébastien Auroux,2012-12-22,57.12,127
2008AURO01,Sébastien Auroux,2012-12-22,57.09,128
2008AURO01,Sébastien Auroux,2013-02-02,56.73,129
2008AURO01,Sébastien Auroux,2013-02-02,57.55,130
2008AURO01,Sébastien Auroux,2013-02-16,60.83,131
2008AURO01,Sébastien Auroux,2013-02-16,57.66,132
2008AURO01,Sébastien Auroux,2013-02-16,60.28,133
2008AURO01,Sébastien Auroux,2013-03-02,55.99,134
2008AURO01,Sébastien Auroux,2013-04-06,61.77,135
2008AURO01,Sébastien Auroux,2013-04-20,53.55,136
2008AURO01,Sébastien Auroux,2013-04-20,57.79,137
2008AURO01,Sébastien Auroux,2013-05-04,55.07,138
2008AURO01,Sébastien Auroux,2013-05-04,52.26,139
2008AURO01,Sébastien Auroux,2013-05-17,58.85,140
2008AURO01,Sébastien Auroux,2013-05-17,53.43,141
2008AURO01,Sébastien Auroux,2013-05-17,60.33,142
2008AURO01,Sébastien Auroux,2013-06-01,58.07,143
2008AURO01,Sébastien Auroux,2013-06-01,62.33,144
2008AURO01,Sébastien Auroux,2013-06-22,59.37,145
2008AURO01,Sébastien Auroux,2013-06-22,53.3,146
2008AURO01,Sébastien Auroux,2013-06-22,52.29,147
2008AURO01,Sébastien Auroux,2013-06-29,55.84,148
2008AURO01,Sébastien Auroux,2013-07-26,64.91,149
2008AURO01,Sébastien Auroux,2013-08-10,58.83,150
2008AURO01,Sébastien Auroux,2013-08-10,56.66,151
2008AURO01,Sébastien Auroux,2013-08-10,61.44,152
2008AURO01,Sébastien Auroux,2013-09-07,62.6,153
2008AURO01,Sébastien Auroux,2013-09-14,60.95,154
2008AURO01,Sébastien Auroux,2013-09-14,60.71,155
2008AURO01,Sébastien Auroux,2013-09-14,56.78,156
2008AURO01,Sébastien Auroux,2013-10-19,61.17,157
2008AURO01,Sébastien Auroux,2013-10-26,58.25,158
2008AURO01,Sébastien Auroux,2013-10-26,59.49,159
2008AURO01,Sébastien Auroux,2013-11-02,58.72,160
2008AURO01,Sébastien Auroux,2013-11-02,57.99,161
2008AURO01,Sébastien Auroux,2013-11-02,61.12,162
2008AURO01,Sébastien Auroux,2013-11-09,57.72,163
2008AURO01,Sébastien Auroux,2013-11-16,58.28,164
2008AURO01,Sébastien Auroux,2013-11-23,60.25,165
2008AURO01,Sébastien Auroux,2013-12-07,56.71,166
2008AURO01,Sébastien Auroux,2013-12-29,60.08,167
2008AURO01,Sébastien Auroux,2013-12-29,63.19,168
2008AURO01,Sébastien Auroux,2014-01-03,70.29,169
2008AURO01,Sébastien Auroux,2014-01-03,57.26,170
2008AURO01,Sébastien Auroux,2014-01-03,56.44,171
2008AURO01,Sébastien Auroux,2014-01-18,56.45,172
2008AURO01,Sébastien Auroux,2014-01-18,65.02,173
2008AURO01,Sébastien Auroux,2014-02-22,60.17,174
2008AURO01,Sébastien Auroux,2014-02-22,61.84,175
2008AURO01,Sébastien Auroux,2014-02-22,61.12,176
2008AURO01,Sébastien Auroux,2014-03-15,62.19,177
2008AURO01,Sébastien Auroux,2014-03-15,56.47,178
2008AURO01,Sébastien Auroux,2014-03-22,54.41,179
2008AURO01,Sébastien Auroux,2014-03-22,58.35,180
2008AURO01,Sébastien Auroux,2014-03-22,61.53,181
2008AURO01,Sébastien Auroux,2014-04-05,60.64,182
2008AURO01,Sébastien Auroux,2014-04-18,62.0,183
2008AURO01,Sébastien Auroux,2014-04-18,64.42,184
2008AURO01,Sébastien Auroux,2014-05-24,54.63,185
2008AURO01,Sébastien Auroux,2014-05-24,54.39,186
2008AURO01,Sébastien Auroux,2014-06-07,54.72,187
2008AURO01,Sébastien Auroux,2014-06-07,52.68,188
2008AURO01,Sébastien Auroux,2014-07-04,51.93,189
2008AURO01,Sébastien Auroux,2014-07-04,53.31,190
2008AURO01,Sébastien Auroux,2014-08-02,48.65,191
2008AURO01,Sébastien Auroux,2014-08-02,52.74,192
2008AURO01,Sébastien Auroux,2014-08-02,53.72,193
2008AURO01,Sébastien Auroux,2014-08-08,53.38,194
2008AURO01,Sébastien Auroux,2014-09-06,49.41,195
2008AURO01,Sébastien Auroux,2014-10-04,53.54,196
2008AURO01,Sébastien Auroux,2014-10-04,54.37,197
2008AURO01,Sébastien Auroux,2014-10-04,51.21,198
2008AURO01,Sébastien Auroux,2014-11-01,49.27,199
2008AURO01,Sébastien Auroux,2014-11-01,51.05,200
2008AURO01,Sébastien Auroux,2014-11-01,50.83,201
2008AURO01,Sébastien Auroux,2014-11-21,49.16,202
2008AURO01,Sébastien Auroux,2014-11-21,46.9,203
2008AURO01,Sébastien Auroux,2014-11-21,49.9,204
2008AURO01,Sébastien Auroux,2014-12-27,46.17,205
2008AURO01,Sébastien Auroux,2014-12-27,53.39,206
2008AURO01,Sébastien Auroux,2014-12-27,49.13,207
2008AURO01,Sébastien Auroux,2015-01-17,50.81,208
2008AURO01,Sébastien Auroux,2015-01-17,50.22,209
2008AURO01,Sébastien Auroux,2015-01-31,50.77,210
2008AURO01,Sébastien Auroux,2015-01-31,47.03,211
2008AURO01,Sébastien Auroux,2015-01-31,53.33,212
2008AURO01,Sébastien Auroux,2015-02-21,52.43,213
2008AURO01,Sébastien Auroux,2015-03-14,46.81,214
2008AURO01,Sébastien Auroux,2015-03-14,53.59,215
2008AURO01,Sébastien Auroux,2015-03-14,49.82,216
2008AURO01,Sébastien Auroux,2015-04-18,49.09,217
2008AURO01,Sébastien Auroux,2015-04-18,53.87,218
2008AURO01,Sébastien Auroux,2015-05-16,48.7,219
2008AURO01,Sébastien Auroux,2015-05-16,49.74,220
2008AURO01,Sébastien Auroux,2015-05-16,50.87,221
2008AURO01,Sébastien Auroux,2015-06-06,54.13,222
2008AURO01,Sébastien Auroux,2015-06-06,45.7,223
2008AURO01,Sébastien Auroux,2015-07-04,51.69,224
2008AURO01,Sébastien Auroux,2015-07-04,53.63,225
2008AURO01,Sébastien Auroux,2015-07-04,54.43,226
2008AURO01,Sébastien Auroux,2015-07-17,55.34,227
2008AURO01,Sébastien Auroux,2015-07-17,57.03,228
2008AURO01,Sébastien Auroux,2015-08-01,51.11,229
2008AURO01,Sébastien Auroux,2015-08-01,50.3,230
2008AURO01,Sébastien Auroux,2015-08-01,51.47,231
2008AURO01,Sébastien Auroux,2015-08-22,53.77,232
2008AURO01,Sébastien Auroux,2015-08-22,52.88,233
2008AURO01,Sébastien Auroux,2015-08-22,54.32,234
2008AURO01,Sébastien Auroux,2015-09-05,49.09,235
2008AURO01,Sébastien Auroux,2015-09-18,48.28,236
2008AURO01,Sébastien Auroux,2015-09-18,53.89,237
2008AURO01,Sébastien Auroux,2015-12-05,52.42,238
2008AURO01,Sébastien Auroux,2015-12-05,51.69,239
2008AURO01,Sébastien Auroux,2015-12-05,54.48,240
2008AURO01,Sébastien Auroux,2016-01-09,52.73,241
2008AURO01,Sébastien Auroux,2016-01-09,51.14,242
2008AURO01,Sébastien Auroux,2016-01-30,48.87,243
2008AURO01,Sébastien Auroux,2016-01-30,53.55,244
2008AURO01,Sébastien Auroux,2016-02-06,51.54,245
2008AURO01,Sébastien Auroux,2016-02-06,52.35,246
2008AURO01,Sébastien Auroux,2016-03-05,49.07,247
2008AURO01,Sébastien Auroux,2016-03-05,52.43,248
2008AURO01,Sébastien Auroux,2016-03-05,51.8,249
2008AURO01,Sébastien Auroux,2016-04-09,53.2,250
2008AURO01,Sébastien Auroux,2016-04-09,56.14,251
2008AURO01,Sébastien Auroux,2016-05-07,51.74,252
2008AURO01,Sébastien Auroux,2016-05-07,52.24,253
2008AURO01,Sébastien Auroux,2016-06-19,53.39,254
2008AURO01,Sébastien Auroux,2016-06-19,52.82,255
2008AURO01,Sébastien Auroux,2016-07-02,52.75,256
2008AURO01,Sébastien Auroux,2016-07-02,57.81,257
2008AURO01,Sébastien Auroux,2016-07-19,47.26,258
2008AURO01,Sébastien Auroux,2016-08-06,49.91,259
2008AURO01,Sébastien Auroux,2016-08-06,52.7,260
2008AURO01,Sébastien Auroux,2016-08-06,50.68,261
2008AURO01,Sébastien Auroux,2016-08-13,50.69,262
2008AURO01,Sébastien Auroux,2016-08-13,51.13,263
2008AURO01,Sébastien Auroux,2016-09-03,49.08,264
2008AURO01,Sébastien Auroux,2016-10-07,53.39,265
2008AURO01,Sébastien Auroux,2016-10-07,51.4,266
2008AURO01,Sébastien Auroux,2016-10-29,52.35,267
2008AURO01,Sébastien Auroux,2016-10-29,51.73,268
2008AURO01,Sébastien Auroux,2016-11-26,47.86,269
2008AURO01,Sébastien Auroux,2016-11-26,53.65,270
2008AURO01,Sébastien Auroux,2017-01-06,54.34,271
2008AURO01,Sébastien Auroux,2017-01-06,49.06,272
2008AURO01,Sébastien Auroux,2017-01-28,56.58,273
2008AURO01,Sébastien Auroux,2017-01-28,50.08,274
2008AURO01,Sébastien Auroux,2017-02-25,49.59,275
2008AURO01,Sébastien Auroux,2017-02-25,48.69,276
2008AURO01,Sébastien Auroux,2017-02-25,48.08,277
2008AURO01,Sébastien Auroux,2017-03-25,51.86,278
2008AURO01,Sébastien Auroux,2017-03-25,48.97,279
2008AURO01,Sébastien Auroux,2017-04-08,48.55,280
2008AURO01,Sébastien Auroux,2017-04-29,51.37,281
2008AURO01,Sébastien Auroux,2017-05-27,47.99,282
2008AURO01,Sébastien Auroux,2017-05-27,46.29,283
2008AURO01,Sébastien Auroux,2017-06-10,45.84,284
2008AURO01,Sébastien Auroux,2017-06-10,49.72,285
2008AURO01,Sébastien Auroux,2017-07-01,52.39,286
2008AURO01,Sébastien Auroux,2017-07-01,49.7,287
2008AURO01,Sébastien Auroux,2017-07-13,55.11,288
2008AURO01,Sébastien Auroux,2017-08-19,52.12,289
2008AURO01,Sébastien Auroux,2017-08-19,53.84,290
2008AURO01,Sébastien Auroux,2017-09-01,51.6,291
2008AURO01,Sébastien Auroux,2017-09-01,49.27,292
2008AURO01,Sébastien Auroux,2017-09-16,48.52,293
2008AURO01,Sébastien Auroux,2017-09-16,50.88,294
2008AURO01,Sébastien Auroux,2017-10-13,50.94,295
2008AURO01,Sébastien Auroux,2017-10-13,49.25,296
2008AURO01,Sébastien Auroux,2017-12-02,49.66,297
2008AURO01,Sébastien Auroux,2017-12-02,48.95,298
2008AURO01,Sébastien Auroux,2018-01-05,45.37,299
2008AURO01,Sébastien Auroux,2018-01-05,47.16,300
2008AURO01,Sébastien Auroux,2018-02-10,50.32,301
2008AURO01,Sébastien Auroux,2018-02-10,47.08,302
2008AURO01,Sébastien Auroux,2018-03-24,49.24,303
2008AURO01,Sébastien Auroux,2018-03-24,47.72,304
2008AURO01,Sébastien Auroux,2018-04-21,46.41,305
2008AURO01,Sébastien Auroux,2018-05-12,47.05,306
2008AURO01,Sébastien Auroux,2018-05-12,48.52,307
2008AURO01,Sébastien Auroux,2018-07-14,49.88,308
2008AURO01,Sébastien Auroux,2018-07-19,47.84,309
2008AURO01,Sébastien Auroux,2018-09-07,47.75,310
2008AURO01,Sébastien Auroux,2018-09-07,47.77,311
2008AURO01,Sébastien Auroux,2018-09-22,47.3,312
2008AURO01,Sébastien Auroux,2018-09-22,45.58,313
2008AURO01,Sébastien Auroux,2018-11-03,48.83,314
2008AURO01,Sébastien Auroux,2018-11-03,46.7,315
2008AURO01,Sébastien Auroux,2018-12-15,44.87,316
2008AURO01,Sébastien Auroux,2018-12-15,46.2,317
2008AURO01,Sébastien Auroux,2018-12-15,44.94,318
2008AURO01,Sébastien Auroux,2019-01-04,52.04,319
2008AURO01,Sébastien Auroux,2019-01-04,43.59,320
2008AURO01,Sébastien Auroux,2019-01-19,46.68,321
2008AURO01,Sébastien Auroux,2019-01-19,49.73,322
2008AURO01,Sébastien Auroux,2019-02-16,49.84,323
2008AURO01,Sébastien Auroux,2019-02-16,43.57,324
2008AURO01,Sébastien Auroux,2019-02-16,45.05,325
2008AURO01,Sébastien Auroux,2019-03-22,48.12,326
2008AURO01,Sébastien Auroux,2019-03-22,45.18,327
2008AURO01,Sébastien Auroux,2019-04-06,47.63,328
2008AURO01,Sébastien Auroux,2019-04-13,45.3,329
2008AURO01,Sébastien Auroux,2019-04-13,46.49,330
2008AURO01,Sébastien Auroux,2019-05-11,47.08,331
2008AURO01,Sébastien Auroux,2019-05-11,46.79,332
2008AURO01,Sébastien Auroux,2019-07-11,49.79,333
2008AURO01,Sébastien Auroux,2019-08-02,45.19,334
2008AURO01,Sébastien Auroux,2019-08-02,50.3,335
2008AURO01,Sébastien Auroux,2019-09-21,48.07,336
2008AURO01,Sébastien Auroux,2019-09-21,47.84,337
2008AURO01,Sébastien Auroux,2019-10-19,49.26,338
2008AURO01,Sébastien Auroux,2019-10-19,45.75,339
2008AURO01,Sébastien Auroux,2019-10-19,49.84,340
2008AURO01,Sébastien Auroux,2019-10-26,47.85,341
2008AURO01,Sébastien Auroux,2019-10-26,46.28,342
2008AURO01,Sébastien Auroux,2019-11-30,47.51,343
2008AURO01,Sébastien Auroux,2020-01-11,46.4,344
2008AURO01,Sébastien Auroux,2020-01-18,51.22,345
2008AURO01,Sébastien Auroux,2020-01-18,46.61,346
2008AURO01,Sébastien Auroux,2020-02-22,45.57,347
2008AURO01,Sébastien Auroux,2020-02-22,44.31,348
2008AURO01,Sébastien Auroux,2020-02-29,44.65,349
2008AURO01,Sébastien Auroux,2020-02-29,48.39,350
2008AURO01,Sébastien Auroux,2020-02-29,45.57,351
2008AURO01,Sébastien Auroux,2021-10-16,53.13,352
2008AURO01,Sébastien Auroux,2021-11-07,51.94,353
2008AURO01,Sébastien Auroux,2021-11-07,49.21,354
2008AURO01,Sébastien Auroux,2021-11-07,46.4,355
2008AURO01,Sébastien Auroux,2022-04-30,61.13,356
2008AURO01,Sébastien Auroux,2022-04-30,56.55,357
2008AURO01,Sébastien Auroux,2022-05-14,55.57,358
2008AURO01,Sébastien Auroux,2022-07-14,58.54,359
2008AURO01,Sébastien Auroux,2022-08-19,56.0,360
2008AURO01,Sébastien Auroux,2022-09-24,49.14,361
2008AURO01,Sébastien Auroux,2022-09-24,53.87,362
2008AURO01,Sébastien Auroux,2022-10-08,55.66,363
2008AURO01,Sébastien Auroux,2023-04-01,58.6,364
2008AURO01,Sébastien Auroux,2023-04-01,54.43,365
2008AURO01,Sébastien Auroux,2023-04-07,49.53,366
2008AURO01,Sébastien Auroux,2023-04-07,54.67,367
2008AURO01,Sébastien Auroux,2023-04-29,53.41,368
2008AURO01,Sébastien Auroux,2023-08-12,48.51,369
2008AURO01,Sébastien Auroux,2023-10-14,50.86,370
2008AURO01,Sébastien Auroux,2023-10-14,57.47,371
2008AURO01,Sébastien Auroux,2023-11-11,51.33,372
2008AURO01,Sébastien Auroux,2024-03-09,52.62,373
2008AURO01,Sébastien Auroux,2024-04-20,56.84,374
2008AURO01,Sébastien Auroux,2024-05-24,54.86,375
2008AURO01,Sébastien Auroux,2024-09-13,56.4,376
2008AURO01,Sébastien Auroux,2024-09-27,52.01,377
2008AURO01,Sébastien Auroux,2024-10-04,50.36,378
2008AURO01,Sébastien Auroux,2024-10-19,49.5,379
2008AURO01,Sébastien Auroux,2025-03-01,53.56,380
2008AURO01,Sébastien Auroux,2025-04-11,54.81,381
2008AURO01,Sébastien Auroux,2025-04-11,51.44,382
2008AURO01,Sébastien Auroux,2025-05-10,49.22,383
2008AURO01,Sébastien Auroux,2025-05-23,56.74,384
2008AURO01,Sébastien Auroux,2025-08-23,52.96,385
2008AURO01,Sébastien Auroux,2025-08-23,54.9,386
2008AURO01,Sébastien Auroux,2025-09-26,51.99,387
2008AURO01,Sébastien Auroux,2025-10-11,50.82,388
2008AURO01,Sébastien Auroux,2025-10-11,47.39,389
2008AURO01,Sébastien Auroux,2025-11-01,47.88,390
2008AURO01,Sébastien Auroux,2025-11-01,50.41,391
2008AURO01,Sébastien Auroux,2026-01-16,54.99,392
2008AURO01,Sébastien Auroux,2026-01-16,50.62,393
2008AURO01,Sébastien Auroux,2026-03-20,51.96,394
2008AURO01,Sébastien Auroux,2026-03-20,52.12,395
2008AURO01,Sébastien Auroux,2026-04-18,51.84,396
2008AURO01,Sébastien Auroux,2026-05-16,51.12,397
2008AURO01,Sébastien Auroux,2026-05-16,49.01,398
2008BARA01,Bence Barát,2008-09-19,97.06,1
2008BARA01,Bence Barát,2008-10-25,76.02,2
2008BARA01,Bence Barát,2009-01-31,71.13,3
2008BARA01,Bence Barát,2009-03-14,69.34,4
2008BARA01,Bence Barát,2009-04-25,62.2,5
2008BARA01,Bence Barát,2009-06-17,57.05,6
2008BARA01,Bence Barát,2009-07-17,57.92,7
2008BARA01,Bence Barát,2009-09-19,58.2,8
2008BARA01,Bence Barát,2009-10-09,58.02,9
2008BARA01,Bence Barát,2009-10-16,54.67,10
2008BARA01,Bence Barát,2009-10-16,55.0,11
2008BARA01,Bence Barát,2009-10-31,57.44,12
2008BARA01,Bence Barát,2009-11-21,53.91,13
2008BARA01,Bence Barát,2009-11-21,53.82,14
2008BARA01,Bence Barát,2009-11-28,53.49,15
2008BARA01,Bence Barát,2009-11-28,50.63,16
2008BARA01,Bence Barát,2010-02-27,57.56,17
2008BARA01,Bence Barát,2010-03-27,54.83,18
2008BARA01,Bence Barát,2010-03-27,54.73,19
2008BARA01,Bence Barát,2010-04-24,52.59,20
2008BARA01,Bence Barát,2010-06-05,47.49,21
2008BARA01,Bence Barát,2010-06-05,51.14,22
2008BARA01,Bence Barát,2010-07-03,49.9,23
2008BARA01,Bence Barát,2010-07-16,53.93,24
2008BARA01,Bence Barát,2010-07-16,51.8,25
2008BARA01,Bence Barát,2010-07-26,49.9,26
2008BARA01,Bence Barát,2010-07-26,51.07,27
2008BARA01,Bence Barát,2010-07-31,46.76,28
2008BARA01,Bence Barát,2010-07-31,49.81,29
2008BARA01,Bence Barát,2010-08-14,49.45,30
2008BARA01,Bence Barát,2010-08-14,48.49,31
2008BARA01,Bence Barát,2010-08-14,51.94,32
2008BARA01,Bence Barát,2010-09-03,46.93,33
2008BARA01,Bence Barát,2010-09-03,48.47,34
2008BARA01,Bence Barát,2010-09-18,52.93,35
2008BARA01,Bence Barát,2010-09-18,47.45,36
2008BARA01,Bence Barát,2010-09-18,45.27,37
2008BARA01,Bence Barát,2010-10-01,50.39,38
2008BARA01,Bence Barát,2010-10-01,50.76,39
2008BARA01,Bence Barát,2010-10-16,49.11,40
2008BARA01,Bence Barát,2010-12-27,48.86,41
2008BARA01,Bence Barát,2010-12-27,51.14,42
2008BARA01,Bence Barát,2011-03-05,46.4,43
2008BARA01,Bence Barát,2011-03-05,47.06,44
2008BARA01,Bence Barát,2011-05-21,45.27,45
2008BARA01,Bence Barát,2011-05-21,46.04,46
2008BARA01,Bence Barát,2011-05-21,49.86,47
2008BARA01,Bence Barát,2011-07-15,46.61,48
2008BARA01,Bence Barát,2011-07-15,44.14,49
2008BARA01,Bence Barát,2011-09-03,44.61,50
2008BARA01,Bence Barát,2011-09-03,45.32,51
2008BARA01,Bence Barát,2011-09-18,43.63,52
2008BARA01,Bence Barát,2011-09-18,46.64,53
2008BARA01,Bence Barát,2011-09-24,42.2,54
2008BARA01,Bence Barát,2011-09-24,46.69,55
2008BARA01,Bence Barát,2011-10-14,47.54,56
2008BARA01,Bence Barát,2011-10-14,48.67,57
2008BARA01,Bence Barát,2011-10-22,46.77,58
2008BARA01,Bence Barát,2011-10-22,47.73,59
2008BARA01,Bence Barát,2011-10-29,45.59,60
2008BARA01,Bence Barát,2011-11-19,45.33,61
2008BARA01,Bence Barát,2011-11-19,45.53,62
2008BARA01,Bence Barát,2012-02-25,47.75,63
2008BARA01,Bence Barát,2012-02-25,45.31,64
2008BARA01,Bence Barát,2012-07-28,46.31,65
2008BARA01,Bence Barát,2012-07-28,44.88,66
2008BARA01,Bence Barát,2012-09-08,48.13,67
2008BARA01,Bence Barát,2012-09-08,43.89,68
2008BARA01,Bence Barát,2012-10-12,42.8,69
2008BARA01,Bence Barát,2012-10-12,42.02,70
2008BARA01,Bence Barát,2012-10-12,42.78,71
2008BARA01,Bence Barát,2013-02-09,48.21,72
2008BARA01,Bence Barát,2013-02-09,42.02,73
2008BARA01,Bence Barát,2013-03-23,43.75,74
2008BARA01,Bence Barát,2013-03-23,39.77,75
2008BARA01,Bence Barát,2013-04-20,41.35,76
2008BARA01,Bence Barát,2013-04-20,41.52,77
2008BARA01,Bence Barát,2013-07-12,45.65,78
2008BARA01,Bence Barát,2013-07-12,45.37,79
2008BARA01,Bence Barát,2013-07-26,41.2,80
2008BARA01,Bence Barát,2013-07-26,44.65,81
2008BARA01,Bence Barát,2013-07-26,46.02,82
2008BARA01,Bence Barát,2013-08-24,46.71,83
2008BARA01,Bence Barát,2013-08-24,45.94,84
2008BARA01,Bence Barát,2013-08-24,42.9,85
2008BARA01,Bence Barát,2013-09-21,44.52,86
2008BARA01,Bence Barát,2013-09-28,44.22,87
2008BARA01,Bence Barát,2013-09-28,43.53,88
2008BARA01,Bence Barát,2013-10-05,46.01,89
2008BARA01,Bence Barát,2013-10-05,41.09,90
2008BARA01,Bence Barát,2013-10-05,42.41,91
2008BARA01,Bence Barát,2013-11-09,49.29,92
2008BARA01,Bence Barát,2013-11-09,43.53,93
2008BARA01,Bence Barát,2013-11-30,41.54,94
2008BARA01,Bence Barát,2013-11-30,43.35,95
2008BARA01,Bence Barát,2014-02-22,45.75,96
2008BARA01,Bence Barát,2014-02-22,47.08,97
2008BARA01,Bence Barát,2014-02-22,46.75,98
2008BARA01,Bence Barát,2014-03-08,42.44,99
2008BARA01,Bence Barát,2014-03-08,41.28,100
2008BARA01,Bence Barát,2014-03-22,40.24,101
2008BARA01,Bence Barát,2014-03-22,45.5,102
2008BARA01,Bence Barát,2014-03-22,43.86,103
2008BARA01,Bence Barát,2014-04-05,41.44,104
2008BARA01,Bence Barát,2014-04-05,42.14,105
2008BARA01,Bence Barát,2014-04-12,42.91,106
2008BARA01,Bence Barát,2014-04-12,40.71,107
2008BARA01,Bence Barát,2014-04-26,38.07,108
2008BARA01,Bence Barát,2014-04-26,39.54,109
2008BARA01,Bence Barát,2014-04-26,41.94,110
2008BARA01,Bence Barát,2014-07-11,42.99,111
2008BARA01,Bence Barát,2014-07-11,45.73,112
2008BARA01,Bence Barát,2014-07-11,44.71,113
2008BARA01,Bence Barát,2014-07-19,42.53,114
2008BARA01,Bence Barát,2014-07-19,45.5,115
2008BARA01,Bence Barát,2014-07-19,43.8,116
2008BARA01,Bence Barát,2014-08-08,42.96,117
2008BARA01,Bence Barát,2014-08-08,41.84,118
2008BARA01,Bence Barát,2014-09-13,43.76,119
2008BARA01,Bence Barát,2014-09-13,43.8,120
2008BARA01,Bence Barát,2014-09-13,42.06,121
2008BARA01,Bence Barát,2014-09-20,42.07,122
2008BARA01,Bence Barát,2014-09-20,40.94,123
2008BARA01,Bence Barát,2014-10-17,46.73,124
2008BARA01,Bence Barát,2014-10-17,41.99,125
2008BARA01,Bence Barát,2014-11-08,41.5,126
2008BARA01,Bence Barát,2014-11-08,44.05,127
2008BARA01,Bence Barát,2014-11-08,41.52,128
2008BARA01,Bence Barát,2014-11-15,41.62,129
2008BARA01,Bence Barát,2014-11-15,40.27,130
2008BARA01,Bence Barát,2014-11-15,38.74,131
2008BARA01,Bence Barát,2015-01-31,42.69,132
2008BARA01,Bence Barát,2015-01-31,39.89,133
2008BARA01,Bence Barát,2015-01-31,44.87,134
2008BARA01,Bence Barát,2015-02-21,40.46,135
2008BARA01,Bence Barát,2015-02-21,42.09,136
2008BARA01,Bence Barát,2015-02-21,44.05,137
2008BARA01,Bence Barát,2015-03-14,40.38,138
2008BARA01,Bence Barát,2015-03-14,42.21,139
2008BARA01,Bence Barát,2015-03-14,41.11,140
2008BARA01,Bence Barát,2015-04-18,40.75,141
2008BARA01,Bence Barát,2015-04-18,40.96,142
2008BARA01,Bence Barát,2015-05-02,41.83,143
2008BARA01,Bence Barát,2015-05-02,41.61,144
2008BARA01,Bence Barát,2015-05-16,41.55,145
2008BARA01,Bence Barát,2015-05-16,39.98,146
2008BARA01,Bence Barát,2015-05-16,38.57,147
2008BARA01,Bence Barát,2015-06-06,42.96,148
2008BARA01,Bence Barát,2015-06-06,43.19,149
2008BARA01,Bence Barát,2015-06-27,43.32,150
2008BARA01,Bence Barát,2015-06-27,43.11,151
2008BARA01,Bence Barát,2015-07-04,38.03,152
2008BARA01,Bence Barát,2015-07-04,44.96,153
2008BARA01,Bence Barát,2015-07-17,40.59,154
2008BARA01,Bence Barát,2015-07-17,42.17,155
2008BARA01,Bence Barát,2015-07-17,42.07,156
2008BARA01,Bence Barát,2015-08-14,43.47,157
2008BARA01,Bence Barát,2015-08-14,44.32,158
2008BARA01,Bence Barát,2015-08-14,47.77,159
2008BARA01,Bence Barát,2015-09-18,41.3,160
2008BARA01,Bence Barát,2015-09-18,41.98,161
2008BARA01,Bence Barát,2015-09-18,39.08,162
2008BARA01,Bence Barát,2015-10-03,43.15,163
2008BARA01,Bence Barát,2015-10-03,41.12,164
2008BARA01,Bence Barát,2015-11-14,44.06,165
2008BARA01,Bence Barát,2015-11-14,40.89,166
2008BARA01,Bence Barát,2016-02-06,46.4,167
2008BARA01,Bence Barát,2016-02-06,39.83,168
2008BARA01,Bence Barát,2016-02-06,41.4,169
2008BARA01,Bence Barát,2016-02-27,44.84,170
2008BARA01,Bence Barát,2016-02-27,38.06,171
2008BARA01,Bence Barát,2016-03-19,42.3,172
2008BARA01,Bence Barát,2016-03-19,43.66,173
2008BARA01,Bence Barát,2016-04-02,44.11,174
2008BARA01,Bence Barát,2016-04-02,40.59,175
2008BARA01,Bence Barát,2016-04-02,40.68,176
2008BARA01,Bence Barát,2016-04-16,41.98,177
2008BARA01,Bence Barát,2016-04-16,41.48,178
2008BARA01,Bence Barát,2016-04-16,40.16,179
2008BARA01,Bence Barát,2016-04-23,42.09,180
2008BARA01,Bence Barát,2016-04-23,39.18,181
2008BARA01,Bence Barát,2016-05-28,38.26,182
2008BARA01,Bence Barát,2016-05-28,41.04,183
2008BARA01,Bence Barát,2016-06-18,40.06,184
2008BARA01,Bence Barát,2016-06-18,38.41,185
2008BARA01,Bence Barát,2016-07-15,42.23,186
2008BARA01,Bence Barát,2016-07-15,44.4,187
2008BARA01,Bence Barát,2016-07-19,41.86,188
2008BARA01,Bence Barát,2016-07-19,41.47,189
2008BARA01,Bence Barát,2016-08-27,41.16,190
2008BARA01,Bence Barát,2016-08-27,40.98,191
2008BARA01,Bence Barát,2016-09-03,39.89,192
2008BARA01,Bence Barát,2016-09-03,44.02,193
2008BARA01,Bence Barát,2016-09-03,39.96,194
2008BARA01,Bence Barát,2016-10-01,43.45,195
2008BARA01,Bence Barát,2016-10-01,40.9,196
2008BARA01,Bence Barát,2016-10-28,43.21,197
2008BARA01,Bence Barát,2016-10-28,42.62,198
2008BARA01,Bence Barát,2016-11-12,42.11,199
2008BARA01,Bence Barát,2016-11-12,41.94,200
2008BARA01,Bence Barát,2016-11-12,42.14,201
2008BARA01,Bence Barát,2016-11-19,40.7,202
2008BARA01,Bence Barát,2016-11-19,38.62,203
2008BARA01,Bence Barát,2016-11-19,39.11,204
2008BARA01,Bence Barát,2017-02-04,41.16,205
2008BARA01,Bence Barát,2017-02-04,40.59,206
2008BARA01,Bence Barát,2017-02-04,38.45,207
2008BARA01,Bence Barát,2017-02-25,42.09,208
2008BARA01,Bence Barát,2017-02-25,43.49,209
2008BARA01,Bence Barát,2017-03-25,41.18,210
2008BARA01,Bence Barát,2017-03-25,38.27,211
2008BARA01,Bence Barát,2017-03-25,42.88,212
2008BARA01,Bence Barát,2017-04-02,40.22,213
2008BARA01,Bence Barát,2017-04-02,41.32,214
2008BARA01,Bence Barát,2017-04-22,40.78,215
2008BARA01,Bence Barát,2017-04-22,37.72,216
2008BARA01,Bence Barát,2017-05-06,40.33,217
2008BARA01,Bence Barát,2017-05-06,36.66,218
2008BARA01,Bence Barát,2017-05-27,42.38,219
2008BARA01,Bence Barát,2017-05-27,37.04,220
2008BARA01,Bence Barát,2017-05-27,42.63,221
2008BARA01,Bence Barát,2017-06-04,40.2,222
2008BARA01,Bence Barát,2017-06-10,41.41,223
2008BARA01,Bence Barát,2017-06-10,36.66,224
2008BARA01,Bence Barát,2017-06-10,39.33,225
2008BARA01,Bence Barát,2017-07-01,39.02,226
2008BARA01,Bence Barát,2017-07-01,39.56,227
2008BARA01,Bence Barát,2017-07-13,39.69,228
2008BARA01,Bence Barát,2017-07-13,44.04,229
2008BARA01,Bence Barát,2017-07-22,38.2,230
2008BARA01,Bence Barát,2017-07-22,41.9,231
2008BARA01,Bence Barát,2017-08-12,42.76,232
2008BARA01,Bence Barát,2017-08-12,40.7,233
2008BARA01,Bence Barát,2017-08-26,40.24,234
2008BARA01,Bence Barát,2017-08-26,39.73,235
2008BARA01,Bence Barát,2017-08-26,39.38,236
2008BARA01,Bence Barát,2017-09-01,44.9,237
2008BARA01,Bence Barát,2017-09-01,40.09,238
2008BARA01,Bence Barát,2017-09-01,40.88,239
2008BARA01,Bence Barát,2017-09-30,42.34,240
2008BARA01,Bence Barát,2017-09-30,40.3,241
2008BARA01,Bence Barát,2017-10-13,42.07,242
2008BARA01,Bence Barát,2017-10-13,42.17,243
2008BARA01,Bence Barát,2017-10-13,38.55,244
2008BARA01,Bence Barát,2017-10-28,41.74,245
2008BARA01,Bence Barát,2017-10-28,39.4,246
2008BARA01,Bence Barát,2017-11-04,40.73,247
2008BARA01,Bence Barát,2017-11-04,42.85,248
2008BARA01,Bence Barát,2017-11-11,41.45,249
2008BARA01,Bence Barát,2017-11-11,41.13,250
2008BARA01,Bence Barát,2017-11-25,40.29,251
2008BARA01,Bence Barát,2017-11-25,38.77,252
2008BARA01,Bence Barát,2017-11-25,36.7,253
2008BARA01,Bence Barát,2017-12-02,38.05,254
2008BARA01,Bence Barát,2017-12-02,36.43,255
2008BARA01,Bence Barát,2017-12-16,38.97,256
2008BARA01,Bence Barát,2017-12-16,41.65,257
2008BARA01,Bence Barát,2018-01-13,43.7,258
2008BARA01,Bence Barát,2018-01-13,37.72,259
2008BARA01,Bence Barát,2018-01-13,39.97,260
2008BARA01,Bence Barát,2018-02-03,39.14,261
2008BARA01,Bence Barát,2018-02-17,40.74,262
2008BARA01,Bence Barát,2018-02-17,38.0,263
2008BARA01,Bence Barát,2018-02-24,38.33,264
2008BARA01,Bence Barát,2018-02-24,38.6,265
2008BARA01,Bence Barát,2018-03-17,38.25,266
2008BARA01,Bence Barát,2018-03-17,39.17,267
2008BARA01,Bence Barát,2018-03-31,36.77,268
2008BARA01,Bence Barát,2018-03-31,39.63,269
2008BARA01,Bence Barát,2018-03-31,39.33,270
2008BARA01,Bence Barát,2018-04-06,37.96,271
2008BARA01,Bence Barát,2018-04-06,37.97,272
2008BARA01,Bence Barát,2018-04-06,37.5,273
2008BARA01,Bence Barát,2018-04-14,38.91,274
2008BARA01,Bence Barát,2018-04-14,37.98,275
2008BARA01,Bence Barát,2018-05-27,39.15,276
2008BARA01,Bence Barát,2018-05-27,38.61,277
2008BARA01,Bence Barát,2018-07-21,36.53,278
2008BARA01,Bence Barát,2018-07-21,39.48,279
2008BARA01,Bence Barát,2018-08-11,40.26,280
2008BARA01,Bence Barát,2018-08-11,36.32,281
2008BARA01,Bence Barát,2018-09-01,40.57,282
2008BARA01,Bence Barát,2018-09-01,40.43,283
2008BARA01,Bence Barát,2018-09-01,38.02,284
2008BARA01,Bence Barát,2018-09-28,39.29,285
2008BARA01,Bence Barát,2018-09-28,41.2,286
2008BARA01,Bence Barát,2018-09-28,40.96,287
2008BARA01,Bence Barát,2018-10-27,38.59,288
2008BARA01,Bence Barát,2018-10-27,33.85,289
2008BARA01,Bence Barát,2018-12-15,37.99,290
2008BARA01,Bence Barát,2018-12-15,35.52,291
2008BARA01,Bence Barát,2019-02-09,38.27,292
2008BARA01,Bence Barát,2019-02-09,35.97,293
2008BARA01,Bence Barát,2019-02-09,38.87,294
2008BARA01,Bence Barát,2019-02-16,39.63,295
2008BARA01,Bence Barát,2019-02-16,38.44,296
2008BARA01,Bence Barát,2019-02-23,38.21,297
2008BARA01,Bence Barát,2019-02-23,35.74,298
2008BARA01,Bence Barát,2019-03-16,36.83,299
2008BARA01,Bence Barát,2019-03-16,40.32,300
2008BARA01,Bence Barát,2019-03-16,43.31,301
2008BARA01,Bence Barát,2019-03-30,35.12,302
2008BARA01,Bence Barát,2019-03-30,38.46,303
2008BARA01,Bence Barát,2019-03-30,37.5,304
2008BARA01,Bence Barát,2019-05-04,37.22,305
2008BARA01,Bence Barát,2019-05-04,40.31,306
2008BARA01,Bence Barát,2019-08-02,38.01,307
2008BARA01,Bence Barát,2019-08-02,36.98,308
2008BARA01,Bence Barát,2019-08-02,39.44,309
2008BARA01,Bence Barát,2019-08-31,38.12,310
2008BARA01,Bence Barát,2019-08-31,36.7,311
2008BARA01,Bence Barát,2019-09-20,37.21,312
2008BARA01,Bence Barát,2019-09-20,37.05,313
2008BARA01,Bence Barát,2019-09-20,33.96,314
2008BARA01,Bence Barát,2019-10-12,35.29,315
2008BARA01,Bence Barát,2019-10-12,37.99,316
2008BARA01,Bence Barát,2019-11-09,38.68,317
2008BARA01,Bence Barát,2019-11-09,38.34,318
2008BARA01,Bence Barát,2019-11-09,38.22,319
2008BARA01,Bence Barát,2020-02-22,36.26,320
2008BARA01,Bence Barát,2020-02-22,37.13,321
2008BARA01,Bence Barát,2020-02-22,36.58,322
2008BARA01,Bence Barát,2020-02-29,40.09,323
2008BARA01,Bence Barát,2020-02-29,39.96,324
2008BARA01,Bence Barát,2021-10-02,36.81,325
2008BARA01,Bence Barát,2021-10-02,36.28,326
2008BARA01,Bence Barát,2021-10-02,37.05,327
2008BARA01,Bence Barát,2021-11-13,44.36,328
2008BARA01,Bence Barát,2021-11-13,37.68,329
2008BARA01,Bence Barát,2021-11-27,38.18,330
2008BARA01,Bence Barát,2021-11-27,39.07,331
2008BARA01,Bence Barát,2021-11-27,37.49,332
2008BARA01,Bence Barát,2022-01-02,35.49,333
2008BARA01,Bence Barát,2022-03-19,37.28,334
2008BARA01,Bence Barát,2022-03-19,37.13,335
2008BARA01,Bence Barát,2022-03-19,37.48,336
2008BARA01,Bence Barát,2022-06-18,37.42,337
2008BARA01,Bence Barát,2022-06-18,37.75,338
2008BARA01,Bence Barát,2022-07-30,37.59,339
2008BARA01,Bence Barát,2022-07-30,39.09,340
2008BARA01,Bence Barát,2022-08-13,37.02,341
2008BARA01,Bence Barát,2022-08-13,36.5,342
2008BARA01,Bence Barát,2022-09-17,36.76,343
2008BARA01,Bence Barát,2022-09-17,32.84,344
2008BARA01,Bence Barát,2022-10-07,38.84,345
2008BARA01,Bence Barát,2022-10-07,38.8,346
2008BARA01,Bence Barát,2022-10-22,38.91,347
2008BARA01,Bence Barát,2022-10-22,38.49,348
2008BARA01,Bence Barát,2022-10-29,35.69,349
2008BARA01,Bence Barát,2022-10-29,38.52,350
2008BARA01,Bence Barát,2022-11-26,38.81,351
2008BARA01,Bence Barát,2022-11-26,37.09,352
2008BARA01,Bence Barát,2022-11-26,36.26,353
2008BARA01,Bence Barát,2022-12-16,38.32,354
2008BARA01,Bence Barát,2022-12-16,34.36,355
2008BARA01,Bence Barát,2022-12-16,36.3,356
2008BARA01,Bence Barát,2023-02-11,40.51,357
2008BARA01,Bence Barát,2023-02-11,38.92,358
2008BARA01,Bence Barát,2023-02-11,39.08,359
2008BARA01,Bence Barát,2023-02-25,36.85,360
2008BARA01,Bence Barát,2023-02-25,34.01,361
2008BARA01,Bence Barát,2023-04-01,36.46,362
2008BARA01,Bence Barát,2023-04-01,37.51,363
2008BARA01,Bence Barát,2023-04-15,38.79,364
2008BARA01,Bence Barát,2023-04-15,35.35,365
2008BARA01,Bence Barát,2023-05-06,39.25,366
2008BARA01,Bence Barát,2023-05-07,35.84,367
2008BARA01,Bence Barát,2023-05-07,36.54,368
2008BARA01,Bence Barát,2023-05-20,37.67,369
2008BARA01,Bence Barát,2023-05-20,35.54,370
2008BARA01,Bence Barát,2023-06-03,33.82,371
2008BARA01,Bence Barát,2023-06-03,33.65,372
2008BARA01,Bence Barát,2023-06-24,38.3,373
2008BARA01,Bence Barát,2023-06-24,36.29,374
2008BARA01,Bence Barát,2023-07-01,34.4,375
2008BARA01,Bence Barát,2023-07-01,35.49,376
2008BARA01,Bence Barát,2023-07-14,35.05,377
2008BARA01,Bence Barát,2023-07-14,37.2,378
2008BARA01,Bence Barát,2023-07-14,35.51,379
2008BARA01,Bence Barát,2023-09-02,37.88,380
2008BARA01,Bence Barát,2023-09-02,34.41,381
2008BARA01,Bence Barát,2023-09-02,37.63,382
2008BARA01,Bence Barát,2023-09-30,35.93,383
2008BARA01,Bence Barát,2023-09-30,35.57,384
2008BARA01,Bence Barát,2023-10-07,36.78,385
2008BARA01,Bence Barát,2023-10-07,35.46,386
2008BARA01,Bence Barát,2023-10-07,38.42,387
2008BARA01,Bence Barát,2023-10-20,37.43,388
2008BARA01,Bence Barát,2023-10-20,40.44,389
2008BARA01,Bence Barát,2023-10-20,32.45,390
2008BARA01,Bence Barát,2023-11-04,35.91,391
2008BARA01,Bence Barát,2024-04-06,37.94,392
2008BARA01,Bence Barát,2024-04-06,35.75,393
2008BARA01,Bence Barát,2024-04-14,36.7,394
2008BARA01,Bence Barát,2024-06-08,35.37,395
2008BARA01,Bence Barát,2024-06-08,36.42,396
2008BARA01,Bence Barát,2024-11-01,37.71,397
2008BARA01,Bence Barát,2024-11-01,36.35,398
2008BARA01,Bence Barát,2024-11-01,36.95,399
2008BARA01,Bence Barát,2024-11-09,37.41,400
2008BARA01,Bence Barát,2024-11-24,36.4,401
2008BARA01,Bence Barát,2024-12-07,37.29,402
2008BARA01,Bence Barát,2024-12-13,38.51,403
2008BARA01,Bence Barát,2024-12-13,33.64,404
2008BARA01,Bence Barát,2024-12-13,35.13,405
2008BARA01,Bence Barát,2025-01-25,38.49,406
2008BARA01,Bence Barát,2025-03-08,35.75,407
2008BARA01,Bence Barát,2025-05-10,33.89,408
2008BARA01,Bence Barát,2025-05-17,35.3,409
2008BARA01,Bence Barát,2025-05-17,37.64,410
2008BARA01,Bence Barát,2025-07-26,37.0,411
2008BARA01,Bence Barát,2025-08-02,37.84,412
2008BARA01,Bence Barát,2025-08-02,36.32,413
2008BARA01,Bence Barát,2025-09-06,38.59,414
2008BARA01,Bence Barát,2025-09-21,34.66,415
2008BARA01,Bence Barát,2025-10-31,33.59,416
2008BARA01,Bence Barát,2025-10-31,37.52,417
2008BARA01,Bence Barát,2025-10-31,36.42,418
2008BARA01,Bence Barát,2025-12-06,35.68,419
2008BARA01,Bence Barát,2026-01-18,35.82,420
2008BARA01,Bence Barát,2026-03-28,38.6,421
2008BARA01,Bence Barát,2026-03-28,35.46,422
2008VIRO01,Philippe Virouleau,2008-07-05,148.12,1
2008VIRO01,Philippe Virouleau,2009-02-28,65.3,2
2008VIRO01,Philippe Virouleau,2009-03-14,64.71,3
2008VIRO01,Philippe Virouleau,2009-04-10,67.03,4
2008VIRO01,Philippe Virouleau,2009-06-05,60.49,5
2008VIRO01,Philippe Virouleau,2009-08-08,65.06,6
2008VIRO01,Philippe Virouleau,2009-10-09,59.69,7
2008VIRO01,Philippe Virouleau,2009-12-19,64.49,8
2008VIRO01,Philippe Virouleau,2009-12-19,57.33,9
2008VIRO01,Philippe Virouleau,2010-01-23,58.87,10
2008VIRO01,Philippe Virouleau,2010-01-23,59.74,11
2008VIRO01,Philippe Virouleau,2010-02-27,62.22,12
2008VIRO01,Philippe Virouleau,2010-03-20,60.71,13
2008VIRO01,Philippe Virouleau,2010-03-20,58.54,14
2008VIRO01,Philippe Virouleau,2010-04-09,60.68,15
2008VIRO01,Philippe Virouleau,2010-06-26,64.42,16
2008VIRO01,Philippe Virouleau,2010-06-26,59.9,17
2008VIRO01,Philippe Virouleau,2010-07-03,63.51,18
2008VIRO01,Philippe Virouleau,2010-07-03,57.57,19
2008VIRO01,Philippe Virouleau,2010-09-03,59.26,20
2008VIRO01,Philippe Virouleau,2010-10-01,58.67,21
2008VIRO01,Philippe Virouleau,2010-10-23,59.83,22
2008VIRO01,Philippe Virouleau,2010-10-23,52.49,23
2008VIRO01,Philippe Virouleau,2011-02-19,63.78,24
2008VIRO01,Philippe Virouleau,2011-02-19,65.91,25
2008VIRO01,Philippe Virouleau,2011-04-22,58.72,26
2008VIRO01,Philippe Virouleau,2011-05-28,57.51,27
2008VIRO01,Philippe Virouleau,2011-05-28,57.35,28
2008VIRO01,Philippe Virouleau,2011-07-02,60.56,29
2008VIRO01,Philippe Virouleau,2011-07-02,57.99,30
2008VIRO01,Philippe Virouleau,2011-08-06,56.59,31
2008VIRO01,Philippe Virouleau,2011-08-06,56.59,32
2008VIRO01,Philippe Virouleau,2011-09-24,50.7,33
2008VIRO01,Philippe Virouleau,2011-09-24,61.82,34
2008VIRO01,Philippe Virouleau,2011-10-29,53.46,35
2008VIRO01,Philippe Virouleau,2011-10-29,54.34,36
2008VIRO01,Philippe Virouleau,2011-12-17,57.21,37
2008VIRO01,Philippe Virouleau,2011-12-17,54.71,38
2008VIRO01,Philippe Virouleau,2012-02-18,63.31,39
2008VIRO01,Philippe Virouleau,2012-02-18,54.09,40
2008VIRO01,Philippe Virouleau,2012-04-20,57.59,41
2008VIRO01,Philippe Virouleau,2012-04-28,51.94,42
2008VIRO01,Philippe Virouleau,2012-06-30,59.66,43
2008VIRO01,Philippe Virouleau,2012-06-30,56.65,44
2008VIRO01,Philippe Virouleau,2012-06-30,58.66,45
2008VIRO01,Philippe Virouleau,2012-07-20,57.45,46
2008VIRO01,Philippe Virouleau,2012-07-20,56.05,47
2008VIRO01,Philippe Virouleau,2012-10-12,60.12,48
2008VIRO01,Philippe Virouleau,2012-10-27,63.62,49
2008VIRO01,Philippe Virouleau,2012-10-27,51.75,50
2008VIRO01,Philippe Virouleau,2012-10-27,54.38,51
2008VIRO01,Philippe Virouleau,2012-12-22,59.71,52
2008VIRO01,Philippe Virouleau,2012-12-22,59.93,53
2008VIRO01,Philippe Virouleau,2012-12-22,57.31,54
2008VIRO01,Philippe Virouleau,2013-01-12,67.86,55
2008VIRO01,Philippe Virouleau,2013-03-09,60.88,56
2008VIRO01,Philippe Virouleau,2013-03-09,56.2,57
2008VIRO01,Philippe Virouleau,2013-04-27,61.3,58
2008VIRO01,Philippe Virouleau,2013-04-27,56.86,59
2008VIRO01,Philippe Virouleau,2013-04-27,59.99,60
2008VIRO01,Philippe Virouleau,2013-07-20,60.62,61
2008VIRO01,Philippe Virouleau,2013-07-26,63.65,62
2008VIRO01,Philippe Virouleau,2013-11-30,57.71,63
2008VIRO01,Philippe Virouleau,2013-11-30,55.46,64
2008VIRO01,Philippe Virouleau,2013-12-21,60.79,65
2008VIRO01,Philippe Virouleau,2013-12-21,55.12,66
2008VIRO01,Philippe Virouleau,2013-12-21,55.72,67
2008VIRO01,Philippe Virouleau,2014-02-08,52.28,68
2008VIRO01,Philippe Virouleau,2014-02-08,54.38,69
2008VIRO01,Philippe Virouleau,2014-03-01,54.26,70
2008VIRO01,Philippe Virouleau,2014-03-01,55.34,71
2008VIRO01,Philippe Virouleau,2014-03-15,53.38,72
2008VIRO01,Philippe Virouleau,2014-03-15,54.01,73
2008VIRO01,Philippe Virouleau,2014-05-10,51.58,74
2008VIRO01,Philippe Virouleau,2014-05-10,52.68,75
2008VIRO01,Philippe Virouleau,2014-05-10,49.75,76
2008VIRO01,Philippe Virouleau,2014-07-12,50.85,77
2008VIRO01,Philippe Virouleau,2014-07-12,55.06,78
2008VIRO01,Philippe Virouleau,2014-08-08,52.51,79
2008VIRO01,Philippe Virouleau,2014-09-13,47.94,80
2008VIRO01,Philippe Virouleau,2014-09-13,49.13,81
2008VIRO01,Philippe Virouleau,2014-10-25,50.51,82
2008VIRO01,Philippe Virouleau,2014-10-25,52.96,83
2008VIRO01,Philippe Virouleau,2014-11-01,47.75,84
2008VIRO01,Philippe Virouleau,2014-11-01,49.74,85
2008VIRO01,Philippe Virouleau,2014-12-06,54.3,86
2008VIRO01,Philippe Virouleau,2014-12-06,50.61,87
2008VIRO01,Philippe Virouleau,2015-04-18,51.89,88
2008VIRO01,Philippe Virouleau,2015-04-18,48.77,89
2008VIRO01,Philippe Virouleau,2015-07-04,51.79,90
2008VIRO01,Philippe Virouleau,2015-07-11,51.71,91
2008VIRO01,Philippe Virouleau,2015-07-11,52.81,92
2008VIRO01,Philippe Virouleau,2015-09-12,50.34,93
2008VIRO01,Philippe Virouleau,2015-09-12,49.92,94
2008VIRO01,Philippe Virouleau,2015-10-10,49.34,95
2008VIRO01,Philippe Virouleau,2015-10-10,52.73,96
2008VIRO01,Philippe Virouleau,2015-11-07,50.46,97
2008VIRO01,Philippe Virouleau,2015-11-07,50.96,98
2008VIRO01,Philippe Virouleau,2015-11-14,47.45,99
2008VIRO01,Philippe Virouleau,2015-12-05,53.21,100
2008VIRO01,Philippe Virouleau,2015-12-05,53.19,101
2008VIRO01,Philippe Virouleau,2016-02-13,46.99,102
2008VIRO01,Philippe Virouleau,2016-02-13,51.65,103
2008VIRO01,Philippe Virouleau,2016-04-16,52.12,104
2008VIRO01,Philippe Virouleau,2016-04-16,53.5,105
2008VIRO01,Philippe Virouleau,2016-04-30,48.98,106
2008VIRO01,Philippe Virouleau,2016-04-30,54.73,107
2008VIRO01,Philippe Virouleau,2016-05-21,54.76,108
2008VIRO01,Philippe Virouleau,2016-07-02,53.33,109
2008VIRO01,Philippe Virouleau,2016-07-02,54.88,110
2008VIRO01,Philippe Virouleau,2016-07-15,55.64,111
2008VIRO01,Philippe Virouleau,2016-09-10,48.71,112
2008VIRO01,Philippe Virouleau,2016-09-10,53.85,113
2008VIRO01,Philippe Virouleau,2016-10-29,52.17,114
2008VIRO01,Philippe Virouleau,2016-10-29,48.25,115
2008VIRO01,Philippe Virouleau,2016-10-29,47.49,116
2008VIRO01,Philippe Virouleau,2016-11-11,52.74,117
2008VIRO01,Philippe Virouleau,2016-11-11,49.49,118
2008VIRO01,Philippe Virouleau,2016-11-11,48.49,119
2008VIRO01,Philippe Virouleau,2016-11-26,56.88,120
2008VIRO01,Philippe Virouleau,2016-11-26,46.71,121
2008VIRO01,Philippe Virouleau,2016-12-03,49.65,122
2008VIRO01,Philippe Virouleau,2016-12-03,47.43,123
2008VIRO01,Philippe Virouleau,2016-12-17,47.3,124
2008VIRO01,Philippe Virouleau,2016-12-17,48.25,125
2008VIRO01,Philippe Virouleau,2017-01-28,55.41,126
2008VIRO01,Philippe Virouleau,2017-02-11,48.23,127
2008VIRO01,Philippe Virouleau,2017-02-11,48.38,128
2008VIRO01,Philippe Virouleau,2017-03-04,51.81,129
2008VIRO01,Philippe Virouleau,2017-03-04,48.3,130
2008VIRO01,Philippe Virouleau,2017-03-04,45.27,131
2008VIRO01,Philippe Virouleau,2017-03-25,47.92,132
2008VIRO01,Philippe Virouleau,2017-04-08,45.97,133
2008VIRO01,Philippe Virouleau,2017-04-08,43.13,134
2008VIRO01,Philippe Virouleau,2017-05-06,50.17,135
2008VIRO01,Philippe Virouleau,2017-05-06,46.45,136
2008VIRO01,Philippe Virouleau,2017-05-27,49.07,137
2008VIRO01,Philippe Virouleau,2017-05-27,46.58,138
2008VIRO01,Philippe Virouleau,2017-09-23,43.81,139
2008VIRO01,Philippe Virouleau,2017-09-23,44.18,140
2008VIRO01,Philippe Virouleau,2017-09-23,42.95,141
2008VIRO01,Philippe Virouleau,2017-10-27,45.74,142
2008VIRO01,Philippe Virouleau,2017-10-27,42.78,143
2008VIRO01,Philippe Virouleau,2017-11-11,47.06,144
2008VIRO01,Philippe Virouleau,2017-11-11,41.78,145
2008VIRO01,Philippe Virouleau,2017-12-02,45.16,146
2008VIRO01,Philippe Virouleau,2017-12-02,46.37,147
2008VIRO01,Philippe Virouleau,2017-12-16,42.45,148
2008VIRO01,Philippe Virouleau,2017-12-16,41.25,149
2008VIRO01,Philippe Virouleau,2018-01-20,43.45,150
2008VIRO01,Philippe Virouleau,2018-01-20,44.21,151
2008VIRO01,Philippe Virouleau,2018-02-17,44.67,152
2008VIRO01,Philippe Virouleau,2018-03-31,43.98,153
2008VIRO01,Philippe Virouleau,2018-03-31,41.56,154
2008VIRO01,Philippe Virouleau,2018-04-07,41.94,155
2008VIRO01,Philippe Virouleau,2018-04-07,42.54,156
2008VIRO01,Philippe Virouleau,2018-04-28,41.64,157
2008VIRO01,Philippe Virouleau,2018-04-28,40.54,158
2008VIRO01,Philippe Virouleau,2018-05-12,40.8,159
2008VIRO01,Philippe Virouleau,2018-05-12,39.68,160
2008VIRO01,Philippe Virouleau,2018-06-23,42.75,161
2008VIRO01,Philippe Virouleau,2018-06-23,42.6,162
2008VIRO01,Philippe Virouleau,2018-07-14,42.48,163
2008VIRO01,Philippe Virouleau,2018-07-14,37.17,164
2008VIRO01,Philippe Virouleau,2018-08-25,39.66,165
2008VIRO01,Philippe Virouleau,2018-08-25,38.12,166
2008VIRO01,Philippe Virouleau,2018-08-25,38.26,167
2008VIRO01,Philippe Virouleau,2018-09-08,45.02,168
2008VIRO01,Philippe Virouleau,2018-10-06,42.36,169
2008VIRO01,Philippe Virouleau,2018-10-06,39.09,170
2008VIRO01,Philippe Virouleau,2018-10-06,41.1,171
2008VIRO01,Philippe Virouleau,2018-11-10,39.79,172
2008VIRO01,Philippe Virouleau,2018-11-10,41.54,173
2008VIRO01,Philippe Virouleau,2018-11-24,45.36,174
2008VIRO01,Philippe Virouleau,2018-11-24,42.56,175
2008VIRO01,Philippe Virouleau,2018-12-02,44.62,176
2008VIRO01,Philippe Virouleau,2019-01-19,44.44,177
2008VIRO01,Philippe Virouleau,2019-01-19,42.64,178
2008VIRO01,Philippe Virouleau,2019-03-17,44.81,179
2008VIRO01,Philippe Virouleau,2019-04-13,43.01,180
2008VIRO01,Philippe Virouleau,2019-04-13,45.84,181
2008VIRO01,Philippe Virouleau,2019-04-20,42.62,182
2008VIRO01,Philippe Virouleau,2019-04-20,39.76,183
2008VIRO01,Philippe Virouleau,2019-05-18,42.1,184
2008VIRO01,Philippe Virouleau,2019-05-18,40.47,185
2008VIRO01,Philippe Virouleau,2019-05-25,37.92,186
2008VIRO01,Philippe Virouleau,2019-05-25,45.33,187
2008VIRO01,Philippe Virouleau,2019-05-25,38.37,188
2008VIRO01,Philippe Virouleau,2019-07-20,43.37,189
2008VIRO01,Philippe Virouleau,2019-08-10,44.45,190
2008VIRO01,Philippe Virouleau,2019-08-10,45.85,191
2008VIRO01,Philippe Virouleau,2019-09-07,42.52,192
2008VIRO01,Philippe Virouleau,2019-09-07,39.33,193
2008VIRO01,Philippe Virouleau,2019-09-21,42.47,194
2008VIRO01,Philippe Virouleau,2019-10-12,38.78,195
2008VIRO01,Philippe Virouleau,2019-10-12,37.72,196
2008VIRO01,Philippe Virouleau,2019-10-19,42.25,197
2008VIRO01,Philippe Virouleau,2019-10-19,40.8,198
2008VIRO01,Philippe Virouleau,2019-11-23,43.31,199
2008VIRO01,Philippe Virouleau,2019-11-23,40.99,200
2008VIRO01,Philippe Virouleau,2019-12-07,40.21,201
2008VIRO01,Philippe Virouleau,2019-12-07,37.99,202
2008VIRO01,Philippe Virouleau,2019-12-14,41.63,203
2008VIRO01,Philippe Virouleau,2019-12-14,42.34,204
2008VIRO01,Philippe Virouleau,2020-03-07,41.88,205
2008VIRO01,Philippe Virouleau,2021-10-09,45.04,206
2008VIRO01,Philippe Virouleau,2021-11-06,42.24,207
2008VIRO01,Philippe Virouleau,2022-02-05,40.72,208
2008VIRO01,Philippe Virouleau,2022-02-05,42.2,209
2008VIRO01,Philippe Virouleau,2022-03-26,45.08,210
2008VIRO01,Philippe Virouleau,2022-04-09,38.96,211
2008VIRO01,Philippe Virouleau,2022-04-09,40.7,212
2008VIRO01,Philippe Virouleau,2022-04-16,43.98,213
2008VIRO01,Philippe Virouleau,2022-04-16,42.32,214
2008VIRO01,Philippe Virouleau,2022-05-14,42.8,215
2008VIRO01,Philippe Virouleau,2022-05-14,40.44,216
2008VIRO01,Philippe Virouleau,2022-05-14,39.74,217
2008VIRO01,Philippe Virouleau,2022-05-21,40.45,218
2008VIRO01,Philippe Virouleau,2022-05-21,43.4,219
2008VIRO01,Philippe Virouleau,2022-06-04,40.63,220
2008VIRO01,Philippe Virouleau,2022-06-04,40.52,221
2008VIRO01,Philippe Virouleau,2022-06-11,38.97,222
2008VIRO01,Philippe Virouleau,2022-06-11,39.69,223
2008VIRO01,Philippe Virouleau,2022-07-14,43.75,224
2008VIRO01,Philippe Virouleau,2022-08-26,44.9,225
2008VIRO01,Philippe Virouleau,2022-09-24,42.24,226
2008VIRO01,Philippe Virouleau,2022-09-24,42.22,227
2008VIRO01,Philippe Virouleau,2022-10-15,43.47,228
2008VIRO01,Philippe Virouleau,2022-11-05,42.76,229
2008VIRO01,Philippe Virouleau,2022-11-05,41.83,230
2008VIRO01,Philippe Virouleau,2023-01-14,37.43,231
2008VIRO01,Philippe Virouleau,2023-01-14,41.24,232
2008VIRO01,Philippe Virouleau,2023-01-14,39.1,233
2008VIRO01,Philippe Virouleau,2023-02-11,38.12,234
2008VIRO01,Philippe Virouleau,2023-02-11,38.08,235
2008VIRO01,Philippe Virouleau,2023-02-18,41.77,236
2008VIRO01,Philippe Virouleau,2023-03-04,40.35,237
2008VIRO01,Philippe Virouleau,2023-03-25,40.5,238
2008VIRO01,Philippe Virouleau,2023-03-25,39.16,239
2008VIRO01,Philippe Virouleau,2023-04-15,38.64,240
2008VIRO01,Philippe Virouleau,2023-04-15,38.65,241
2008VIRO01,Philippe Virouleau,2023-05-06,40.27,242
2008VIRO01,Philippe Virouleau,2023-05-06,40.96,243
2008VIRO01,Philippe Virouleau,2023-06-24,39.39,244
2008VIRO01,Philippe Virouleau,2023-06-24,40.06,245
2008VIRO01,Philippe Virouleau,2023-07-14,42.24,246
2008VIRO01,Philippe Virouleau,2023-08-12,44.19,247
2008VIRO01,Philippe Virouleau,2023-09-16,40.82,248
2008VIRO01,Philippe Virouleau,2023-09-16,40.95,249
2008VIRO01,Philippe Virouleau,2023-10-14,43.74,250
2008VIRO01,Philippe Virouleau,2023-10-14,37.44,251
2008VIRO01,Philippe Virouleau,2023-10-21,39.87,252
2008VIRO01,Philippe Virouleau,2023-10-21,39.66,253
2008VIRO01,Philippe Virouleau,2023-10-28,41.06,254
2008VIRO01,Philippe Virouleau,2024-01-20,40.49,255
2008VIRO01,Philippe Virouleau,2024-01-27,41.68,256
2008VIRO01,Philippe Virouleau,2024-02-17,39.73,257
2008VIRO01,Philippe Virouleau,2024-03-02,43.74,258
2008VIRO01,Philippe Virouleau,2024-03-16,43.63,259
2008VIRO01,Philippe Virouleau,2024-03-30,40.56,260
2008VIRO01,Philippe Virouleau,2024-04-20,39.84,261
2008VIRO01,Philippe Virouleau,2024-04-20,41.68,262
2008VIRO01,Philippe Virouleau,2024-05-04,40.39,263
2008VIRO01,Philippe Virouleau,2024-05-04,39.51,264
2008VIRO01,Philippe Virouleau,2024-05-04,41.43,265
2008VIRO01,Philippe Virouleau,2024-05-25,41.6,266
2008VIRO01,Philippe Virouleau,2024-06-08,44.29,267
2008VIRO01,Philippe Virouleau,2024-06-08,39.44,268
2008VIRO01,Philippe Virouleau,2024-06-22,37.99,269
2008VIRO01,Philippe Virouleau,2024-06-22,43.14,270
2008VIRO01,Philippe Virouleau,2024-07-13,39.87,271
2008VIRO01,Philippe Virouleau,2024-07-13,50.63,272
2008VIRO01,Philippe Virouleau,2024-08-17,39.06,273
2008VIRO01,Philippe Virouleau,2024-08-17,38.73,274
2008VIRO01,Philippe Virouleau,2024-08-30,39.1,275
2008VIRO01,Philippe Virouleau,2024-08-30,39.86,276
2008VIRO01,Philippe Virouleau,2024-09-07,40.56,277
2008VIRO01,Philippe Virouleau,2024-09-07,39.34,278
2008VIRO01,Philippe Virouleau,2024-09-14,39.66,279
2008VIRO01,Philippe Virouleau,2024-09-14,37.81,280
2008VIRO01,Philippe Virouleau,2024-09-28,40.85,281
2008VIRO01,Philippe Virouleau,2024-10-05,39.39,282
2008VIRO01,Philippe Virouleau,2024-10-05,38.27,283
2008VIRO01,Philippe Virouleau,2024-10-19,40.79,284
2008VIRO01,Philippe Virouleau,2024-10-19,39.45,285
2008VIRO01,Philippe Virouleau,2024-11-09,41.96,286
2008VIRO01,Philippe Virouleau,2024-11-09,37.89,287
2008VIRO01,Philippe Virouleau,2024-11-23,37.46,288
2008VIRO01,Philippe Virouleau,2024-11-23,41.44,289
2008VIRO01,Philippe Virouleau,2025-04-05,39.41,290
2008VIRO01,Philippe Virouleau,2025-05-03,39.21,291
2008VIRO01,Philippe Virouleau,2025-07-12,35.97,292
2008VIRO01,Philippe Virouleau,2025-07-19,39.59,293
2008VIRO01,Philippe Virouleau,2025-08-09,39.64,294
2008VIRO01,Philippe Virouleau,2025-09-06,38.85,295
2008VIRO01,Philippe Virouleau,2025-09-06,43.69,296
2008VIRO01,Philippe Virouleau,2025-09-13,41.62,297
2008VIRO01,Philippe Virouleau,2025-10-25,39.09,298
2008VIRO01,Philippe Virouleau,2025-10-25,40.7,299
2008VIRO01,Philippe Virouleau,2025-11-01,40.1,300
2008VIRO01,Philippe Virouleau,2025-11-01,37.21,301
2008VIRO01,Philippe Virouleau,2025-12-13,38.59,302
2008VIRO01,Philippe Virouleau,2025-12-13,36.44,303
2008VIRO01,Philippe Virouleau,2026-02-21,42.69,304
2008VIRO01,Philippe Virouleau,2026-04-18,40.82,305
2008VIRO01,Philippe Virouleau,2026-04-18,36.83,306
2009LIUE01,Evan Liu,2009-08-14,137.03,1
2009LIUE01,Evan Liu,2010-06-13,86.7,2
2009LIUE01,Evan Liu,2010-08-06,83.77,3
2009LIUE01,Evan Liu,2010-10-16,76.67,4
2009LIUE01,Evan Liu,2010-11-06,71.0,5
2009LIUE01,Evan Liu,2010-12-11,78.11,6
2009LIUE01,Evan Liu,2011-02-19,76.64,7
2009LIUE01,Evan Liu,2011-06-18,59.49,8
2009LIUE01,Evan Liu,2011-09-17,54.15,9
2009LIUE01,Evan Liu,2011-09-17,59.97,10
2009LIUE01,Evan Liu,2012-01-21,54.96,11
2009LIUE01,Evan Liu,2012-04-14,59.95,12
2009LIUE01,Evan Liu,2012-05-27,53.25,13
2009LIUE01,Evan Liu,2012-07-21,48.36,14
2009LIUE01,Evan Liu,2012-07-21,53.04,15
2009LIUE01,Evan Liu,2012-07-28,51.08,16
2009LIUE01,Evan Liu,2012-08-03,52.34,17
2009LIUE01,Evan Liu,2012-08-03,54.56,18
2009LIUE01,Evan Liu,2012-08-03,51.84,19
2009LIUE01,Evan Liu,2012-08-03,54.72,20
2009LIUE01,Evan Liu,2012-10-13,52.21,21
2009LIUE01,Evan Liu,2012-12-08,50.58,22
2009LIUE01,Evan Liu,2012-12-08,44.25,23
2009LIUE01,Evan Liu,2013-04-13,50.15,24
2009LIUE01,Evan Liu,2013-04-13,45.51,25
2009LIUE01,Evan Liu,2013-04-13,49.53,26
2009LIUE01,Evan Liu,2013-06-15,47.12,27
2009LIUE01,Evan Liu,2013-07-06,42.31,28
2009LIUE01,Evan Liu,2013-07-06,45.58,29
2009LIUE01,Evan Liu,2013-07-26,49.27,30
2009LIUE01,Evan Liu,2013-07-26,44.8,31
2009LIUE01,Evan Liu,2013-07-26,46.75,32
2009LIUE01,Evan Liu,2013-10-12,46.5,33
2009LIUE01,Evan Liu,2013-11-09,50.72,34
2009LIUE01,Evan Liu,2013-11-23,44.94,35
2009LIUE01,Evan Liu,2014-02-22,43.78,36
2009LIUE01,Evan Liu,2014-02-22,45.57,37
2009LIUE01,Evan Liu,2014-04-05,42.33,38
2009LIUE01,Evan Liu,2014-04-05,42.23,39
2009LIUE01,Evan Liu,2014-04-05,46.43,40
2009LIUE01,Evan Liu,2014-05-10,39.76,41
2009LIUE01,Evan Liu,2014-05-10,40.03,42
2009LIUE01,Evan Liu,2014-05-10,44.6,43
2009LIUE01,Evan Liu,2014-05-17,42.43,44
2009LIUE01,Evan Liu,2014-05-17,44.52,45
2009LIUE01,Evan Liu,2014-06-14,45.01,46
2009LIUE01,Evan Liu,2014-06-14,41.69,47
2009LIUE01,Evan Liu,2014-06-14,41.57,48
2009LIUE01,Evan Liu,2014-08-01,43.85,49
2009LIUE01,Evan Liu,2014-08-01,39.63,50
2009LIUE01,Evan Liu,2014-08-01,43.25,51
2009LIUE01,Evan Liu,2014-11-22,38.99,52
2009LIUE01,Evan Liu,2014-12-13,42.5,53
2009LIUE01,Evan Liu,2014-12-13,44.59,54
2009LIUE01,Evan Liu,2015-03-07,42.02,55
2009LIUE01,Evan Liu,2015-04-04,37.31,56
2009LIUE01,Evan Liu,2015-04-04,42.48,57
2009LIUE01,Evan Liu,2015-05-09,44.33,58
2009LIUE01,Evan Liu,2015-05-09,40.34,59
2009LIUE01,Evan Liu,2015-06-06,40.2,60
2009LIUE01,Evan Liu,2015-07-31,41.7,61
2009LIUE01,Evan Liu,2015-07-31,41.79,62
2009LIUE01,Evan Liu,2015-07-31,39.64,63
2009LIUE01,Evan Liu,2015-07-31,42.34,64
2009LIUE01,Evan Liu,2015-09-12,41.35,65
2009LIUE01,Evan Liu,2015-11-07,43.68,66
2009LIUE01,Evan Liu,2015-11-07,41.54,67
2009LIUE01,Evan Liu,2015-12-05,41.88,68
2009LIUE01,Evan Liu,2015-12-05,43.76,69
2009LIUE01,Evan Liu,2015-12-19,41.73,70
2009LIUE01,Evan Liu,2015-12-19,44.05,71
2009LIUE01,Evan Liu,2015-12-19,40.81,72
2009LIUE01,Evan Liu,2016-01-30,39.37,73
2009LIUE01,Evan Liu,2016-01-30,39.36,74
2009LIUE01,Evan Liu,2016-04-02,40.08,75
2009LIUE01,Evan Liu,2016-04-02,39.86,76
2009LIUE01,Evan Liu,2016-04-02,39.34,77
2009LIUE01,Evan Liu,2016-04-30,40.84,78
2009LIUE01,Evan Liu,2016-04-30,36.46,79
2009LIUE01,Evan Liu,2016-06-25,41.67,80
2009LIUE01,Evan Liu,2016-06-25,41.3,81
2009LIUE01,Evan Liu,2016-06-25,42.56,82
2009LIUE01,Evan Liu,2016-07-15,44.58,83
2009LIUE01,Evan Liu,2016-07-15,38.63,84
2009LIUE01,Evan Liu,2016-07-30,40.43,85
2009LIUE01,Evan Liu,2016-07-30,42.59,86
2009LIUE01,Evan Liu,2016-07-30,37.87,87
2009LIUE01,Evan Liu,2016-08-27,37.89,88
2009LIUE01,Evan Liu,2016-08-27,34.79,89
2009LIUE01,Evan Liu,2016-08-27,38.21,90
2009LIUE01,Evan Liu,2016-10-01,39.09,91
2009LIUE01,Evan Liu,2016-10-01,41.65,92
2009LIUE01,Evan Liu,2016-10-01,38.95,93
2009LIUE01,Evan Liu,2016-11-04,38.98,94
2009LIUE01,Evan Liu,2016-11-04,39.06,95
2009LIUE01,Evan Liu,2016-12-17,41.42,96
2009LIUE01,Evan Liu,2016-12-17,40.26,97
2009LIUE01,Evan Liu,2017-01-14,39.68,98
2009LIUE01,Evan Liu,2017-01-14,40.03,99
2009LIUE01,Evan Liu,2017-03-04,37.08,100
2009LIUE01,Evan Liu,2017-03-04,40.25,101
2009LIUE01,Evan Liu,2017-03-04,40.28,102
2009LIUE01,Evan Liu,2017-04-15,39.91,103
2009LIUE01,Evan Liu,2017-04-15,38.97,104
2009LIUE01,Evan Liu,2017-04-15,35.88,105
2009LIUE01,Evan Liu,2017-06-03,38.27,106
2009LIUE01,Evan Liu,2017-06-03,39.44,107
2009LIUE01,Evan Liu,2017-06-24,41.26,108
2009LIUE01,Evan Liu,2017-06-24,38.05,109
2009LIUE01,Evan Liu,2017-06-24,32.5,110
2009LIUE01,Evan Liu,2017-07-08,38.33,111
2009LIUE01,Evan Liu,2017-07-08,35.78,112
2009LIUE01,Evan Liu,2017-07-13,38.13,113
2009LIUE01,Evan Liu,2017-07-13,39.37,114
2009LIUE01,Evan Liu,2017-08-26,33.98,115
2009LIUE01,Evan Liu,2017-08-26,38.33,116
2009LIUE01,Evan Liu,2017-08-26,35.53,117
2009LIUE01,Evan Liu,2017-09-23,39.83,118
2009LIUE01,Evan Liu,2017-09-23,37.67,119
2009LIUE01,Evan Liu,2017-09-23,36.72,120
2009LIUE01,Evan Liu,2017-10-27,37.83,121
2009LIUE01,Evan Liu,2017-10-27,38.42,122
2009LIUE01,Evan Liu,2017-11-25,38.5,123
2009LIUE01,Evan Liu,2017-11-25,37.34,124
2009LIUE01,Evan Liu,2017-12-02,39.1,125
2009LIUE01,Evan Liu,2017-12-02,38.56,126
2009LIUE01,Evan Liu,2017-12-02,38.37,127
2009LIUE01,Evan Liu,2018-07-27,37.75,128
2009LIUE01,Evan Liu,2018-07-27,40.58,129
2009LIUE01,Evan Liu,2018-08-17,37.77,130
2009LIUE01,Evan Liu,2018-08-17,34.87,131
2009LIUE01,Evan Liu,2018-12-08,35.78,132
2009LIUE01,Evan Liu,2019-03-09,34.34,133
2009LIUE01,Evan Liu,2019-04-20,36.73,134
2009LIUE01,Evan Liu,2019-06-15,32.78,135
2009LIUE01,Evan Liu,2019-06-15,37.21,136
2009LIUE01,Evan Liu,2019-06-22,30.33,137
2009LIUE01,Evan Liu,2019-06-22,35.85,138
2009LIUE01,Evan Liu,2019-07-11,37.27,139
2009LIUE01,Evan Liu,2019-08-01,37.35,140
2009LIUE01,Evan Liu,2019-08-01,38.01,141
2009LIUE01,Evan Liu,2019-09-21,36.35,142
2009LIUE01,Evan Liu,2019-10-12,38.28,143
2009LIUE01,Evan Liu,2019-10-12,35.87,144
2009LIUE01,Evan Liu,2019-11-23,38.87,145
2009LIUE01,Evan Liu,2019-12-07,34.4,146
2009LIUE01,Evan Liu,2020-01-18,35.5,147
2009LIUE01,Evan Liu,2020-01-18,33.54,148
2009LIUE01,Evan Liu,2020-02-15,35.32,149
2009LIUE01,Evan Liu,2021-07-31,37.23,150
2009LIUE01,Evan Liu,2021-07-31,33.53,151
2009LIUE01,Evan Liu,2021-11-14,34.91,152
2009LIUE01,Evan Liu,2021-11-20,37.61,153
2009LIUE01,Evan Liu,2022-03-19,37.31,154
2009LIUE01,Evan Liu,2022-03-19,35.91,155
2009LIUE01,Evan Liu,2022-04-30,36.67,156
2009LIUE01,Evan Liu,2022-04-30,37.04,157
2009LIUE01,Evan Liu,2022-05-27,37.09,158
2009LIUE01,Evan Liu,2022-05-27,35.06,159
2009LIUE01,Evan Liu,2022-05-27,38.33,160
2009LIUE01,Evan Liu,2022-06-04,38.48,161
2009LIUE01,Evan Liu,2022-07-02,37.36,162
2009LIUE01,Evan Liu,2022-07-02,37.14,163
2009LIUE01,Evan Liu,2022-07-07,34.69,164
2009LIUE01,Evan Liu,2022-07-07,33.97,165
2009LIUE01,Evan Liu,2022-07-23,36.05,166
2009LIUE01,Evan Liu,2022-07-30,38.13,167
2009LIUE01,Evan Liu,2022-07-30,34.47,168
2009LIUE01,Evan Liu,2022-08-14,35.47,169
2009LIUE01,Evan Liu,2022-08-14,39.1,170
2009LIUE01,Evan Liu,2022-08-27,39.05,171
2009LIUE01,Evan Liu,2022-09-10,35.18,172
2009LIUE01,Evan Liu,2022-09-10,35.31,173
2009LIUE01,Evan Liu,2022-09-18,33.68,174
2009LIUE01,Evan Liu,2022-10-07,35.63,175
2009LIUE01,Evan Liu,2022-10-07,39.29,176
2009LIUE01,Evan Liu,2022-10-15,36.06,177
2009LIUE01,Evan Liu,2022-11-05,35.13,178
2009LIUE01,Evan Liu,2022-11-05,41.07,179
2009LIUE01,Evan Liu,2022-11-19,35.05,180
2009LIUE01,Evan Liu,2022-11-20,37.01,181
2009LIUE01,Evan Liu,2022-12-17,35.58,182
2009LIUE01,Evan Liu,2022-12-17,37.74,183
2009LIUE01,Evan Liu,2023-01-07,34.94,184
2009LIUE01,Evan Liu,2023-01-07,37.97,185
2009LIUE01,Evan Liu,2023-01-21,37.02,186
2009LIUE01,Evan Liu,2023-01-21,35.01,187
2009LIUE01,Evan Liu,2023-01-21,36.02,188
2009LIUE01,Evan Liu,2023-02-05,33.77,189
2009LIUE01,Evan Liu,2023-02-25,34.18,190
2009LIUE01,Evan Liu,2023-03-11,35.07,191
2009LIUE01,Evan Liu,2023-03-11,36.94,192
2009LIUE01,Evan Liu,2023-03-18,35.01,193
2009LIUE01,Evan Liu,2023-03-25,34.65,194
2009LIUE01,Evan Liu,2023-03-25,36.32,195
2009LIUE01,Evan Liu,2023-04-15,36.12,196
2009LIUE01,Evan Liu,2023-04-15,42.07,197
2009LIUE01,Evan Liu,2023-06-17,40.75,198
2009LIUE01,Evan Liu,2023-06-17,35.42,199
2009LIUE01,Evan Liu,2023-06-17,36.67,200
2009LIUE01,Evan Liu,2023-07-09,39.23,201
2009LIUE01,Evan Liu,2023-07-27,36.59,202
2009LIUE01,Evan Liu,2023-08-05,38.14,203
2009LIUE01,Evan Liu,2023-08-05,33.31,204
2009LIUE01,Evan Liu,2023-08-11,35.41,205
2009LIUE01,Evan Liu,2023-08-11,36.96,206
2009LIUE01,Evan Liu,2023-08-20,37.0,207
2009LIUE01,Evan Liu,2023-09-25,34.66,208
2009LIUE01,Evan Liu,2023-10-07,35.28,209
2009LIUE01,Evan Liu,2023-10-07,33.16,210
2009LIUE01,Evan Liu,2023-10-07,37.32,211
2009LIUE01,Evan Liu,2023-11-04,35.25,212
2009LIUE01,Evan Liu,2023-11-19,37.87,213
2009LIUE01,Evan Liu,2023-11-19,33.58,214
2009LIUE01,Evan Liu,2023-12-02,35.58,215
2009LIUE01,Evan Liu,2023-12-02,33.63,216
2009LIUE01,Evan Liu,2023-12-31,38.74,217
2009LIUE01,Evan Liu,2024-01-14,39.17,218
2009LIUE01,Evan Liu,2024-02-03,37.8,219
2009LIUE01,Evan Liu,2024-02-03,39.02,220
2009LIUE01,Evan Liu,2024-02-10,35.49,221
2009LIUE01,Evan Liu,2024-02-10,35.05,222
2009LIUE01,Evan Liu,2024-03-02,36.96,223
2009LIUE01,Evan Liu,2024-03-31,35.97,224
2009LIUE01,Evan Liu,2024-03-31,35.77,225
2009LIUE01,Evan Liu,2024-05-11,36.96,226
2009LIUE01,Evan Liu,2024-05-11,35.89,227
2009LIUE01,Evan Liu,2024-05-18,34.3,228
2009LIUE01,Evan Liu,2024-05-18,31.89,229
2009LIUE01,Evan Liu,2024-05-18,34.28,230
2009LIUE01,Evan Liu,2024-05-25,36.34,231
2009LIUE01,Evan Liu,2024-05-25,32.58,232
2009LIUE01,Evan Liu,2024-05-25,35.78,233
2009LIUE01,Evan Liu,2024-06-02,32.79,234
2009LIUE01,Evan Liu,2024-06-02,34.88,235
2009LIUE01,Evan Liu,2024-06-12,36.46,236
2009LIUE01,Evan Liu,2024-06-15,34.62,237
2009LIUE01,Evan Liu,2024-06-15,39.78,238
2009LIUE01,Evan Liu,2024-06-21,35.24,239
2009LIUE01,Evan Liu,2024-06-21,34.61,240
2009LIUE01,Evan Liu,2024-07-27,35.66,241
2009LIUE01,Evan Liu,2024-09-08,34.25,242
2009LIUE01,Evan Liu,2024-09-08,36.98,243
2009LIUE01,Evan Liu,2024-09-14,35.31,244
2009LIUE01,Evan Liu,2024-09-14,39.53,245
2009LIUE01,Evan Liu,2024-09-22,36.16,246
2009LIUE01,Evan Liu,2024-09-22,36.86,247
2009LIUE01,Evan Liu,2024-10-12,37.59,248
2009LIUE01,Evan Liu,2024-10-12,33.35,249
2009LIUE01,Evan Liu,2024-10-12,33.1,250
2009LIUE01,Evan Liu,2024-11-02,36.23,251
2009LIUE01,Evan Liu,2024-11-02,34.58,252
2009LIUE01,Evan Liu,2024-11-09,33.61,253
2009LIUE01,Evan Liu,2024-11-10,33.84,254
2009LIUE01,Evan Liu,2024-11-10,34.76,255
2009LIUE01,Evan Liu,2024-11-17,35.82,256
2009LIUE01,Evan Liu,2024-12-21,33.67,257
2009LIUE01,Evan Liu,2024-12-31,33.28,258
2009LIUE01,Evan Liu,2025-01-04,34.7,259
2009LIUE01,Evan Liu,2025-01-12,34.27,260
2009LIUE01,Evan Liu,2025-01-18,31.69,261
2009LIUE01,Evan Liu,2025-01-18,38.44,262
2009LIUE01,Evan Liu,2025-01-25,32.47,263
2009LIUE01,Evan Liu,2025-01-25,35.17,264
2009LIUE01,Evan Liu,2025-02-01,36.56,265
2009LIUE01,Evan Liu,2025-02-08,32.14,266
2009LIUE01,Evan Liu,2025-02-08,31.38,267
2009LIUE01,Evan Liu,2025-03-30,37.57,268
2009LIUE01,Evan Liu,2025-04-12,35.42,269
2009LIUE01,Evan Liu,2025-04-12,34.66,270
2009LIUE01,Evan Liu,2025-04-19,34.69,271
2009LIUE01,Evan Liu,2025-04-19,33.53,272
2009LIUE01,Evan Liu,2025-04-20,35.2,273
2009LIUE01,Evan Liu,2025-05-03,37.33,274
2009LIUE01,Evan Liu,2025-05-03,32.56,275
2009LIUE01,Evan Liu,2025-06-15,32.53,276
2009LIUE01,Evan Liu,2025-06-21,32.76,277
2009LIUE01,Evan Liu,2025-06-21,34.44,278
2009LIUE01,Evan Liu,2025-06-28,31.65,279
2009LIUE01,Evan Liu,2025-06-29,33.6,280
2009LIUE01,Evan Liu,2025-06-30,32.08,281
2009LIUE01,Evan Liu,2025-06-30,34.74,282
2009LIUE01,Evan Liu,2025-07-03,41.17,283
2009LIUE01,Evan Liu,2025-07-12,34.87,284
2009LIUE01,Evan Liu,2025-07-12,32.94,285
2009LIUE01,Evan Liu,2025-07-19,32.93,286
2009LIUE01,Evan Liu,2025-07-22,34.91,287
2009LIUE01,Evan Liu,2025-07-26,33.81,288
2009LIUE01,Evan Liu,2025-07-26,37.41,289
2009LIUE01,Evan Liu,2025-08-02,34.19,290
2009LIUE01,Evan Liu,2025-08-09,39.31,291
2009LIUE01,Evan Liu,2025-08-23,34.26,292
2009LIUE01,Evan Liu,2025-08-30,32.26,293
2009LIUE01,Evan Liu,2025-08-30,34.53,294
2009LIUE01,Evan Liu,2025-09-27,34.46,295
2009LIUE01,Evan Liu,2025-09-27,32.55,296
2009LIUE01,Evan Liu,2025-10-12,35.02,297
2009LIUE01,Evan Liu,2025-10-12,32.84,298
2009LIUE01,Evan Liu,2025-10-25,33.66,299
2009LIUE01,Evan Liu,2025-11-08,31.37,300
2009LIUE01,Evan Liu,2025-12-20,35.95,301
2009LIUE01,Evan Liu,2025-12-21,34.56,302
2009LIUE01,Evan Liu,2026-01-17,33.41,303
2009LIUE01,Evan Liu,2026-01-23,32.99,304
2009LIUE01,Evan Liu,2026-01-23,33.54,305
2009LIUE01,Evan Liu,2026-02-07,33.08,306
2009LIUE01,Evan Liu,2026-02-07,32.24,307
2009LIUE01,Evan Liu,2026-02-14,34.73,308
2009LIUE01,Evan Liu,2026-02-14,33.94,309
2009LIUE01,Evan Liu,2026-02-21,33.34,310
2009LIUE01,Evan Liu,2026-03-07,32.48,311
2009LIUE01,Evan Liu,2026-03-07,30.82,312
2009LIUE01,Evan Liu,2026-03-11,32.8,313
2009LIUE01,Evan Liu,2026-03-11,27.41,314
2009LIUE01,Evan Liu,2026-03-21,33.15,315
2009LIUE01,Evan Liu,2026-03-28,34.58,316
2009LIUE01,Evan Liu,2026-04-04,35.19,317
2009LIUE01,Evan Liu,2026-04-04,33.44,318
2009LIUE01,Evan Liu,2026-04-10,31.46,319
2009LIUE01,Evan Liu,2026-04-10,35.59,320
2009LIUE01,Evan Liu,2026-04-10,32.91,321
2009LIUE01,Evan Liu,2026-04-25,33.94,322
2009LIUE01,Evan Liu,2026-05-02,32.63,323
2009LIUE01,Evan Liu,2026-05-10,33.49,324
2009PROV01,Matteo Provasi,2010-06-05,119.88,1
2009PROV01,Matteo Provasi,2010-10-02,113.24,2
2009PROV01,Matteo Provasi,2011-11-12,98.23,3
2009PROV01,Matteo Provasi,2011-11-12,98.96,4
2009PROV01,Matteo Provasi,2012-03-10,102.71,5
2009PROV01,Matteo Provasi,2012-04-01,87.82,6
2009PROV01,Matteo Provasi,2012-04-29,89.51,7
2009PROV01,Matteo Provasi,2012-12-08,75.39,8
2009PROV01,Matteo Provasi,2012-12-08,76.27,9
2009PROV01,Matteo Provasi,2013-01-12,76.45,10
2009PROV01,Matteo Provasi,2013-04-20,74.74,11
2009PROV01,Matteo Provasi,2013-09-22,74.79,12
2009PROV01,Matteo Provasi,2013-10-05,72.23,13
2009PROV01,Matteo Provasi,2014-01-12,66.07,14
2009PROV01,Matteo Provasi,2014-03-09,75.9,15
2009PROV01,Matteo Provasi,2014-03-29,70.89,16
2009PROV01,Matteo Provasi,2014-05-31,65.18,17
2009PROV01,Matteo Provasi,2014-09-06,75.0,18
2009PROV01,Matteo Provasi,2014-09-06,67.09,19
2009PROV01,Matteo Provasi,2014-09-14,71.83,20
2009PROV01,Matteo Provasi,2014-09-14,65.84,21
2009PROV01,Matteo Provasi,2015-02-22,80.65,22
2009PROV01,Matteo Provasi,2015-04-11,68.7,23
2009PROV01,Matteo Provasi,2015-04-11,68.81,24
2009PROV01,Matteo Provasi,2015-10-17,71.2,25
2009PROV01,Matteo Provasi,2015-10-17,61.04,26
2009PROV01,Matteo Provasi,2015-12-05,68.91,27
2009PROV01,Matteo Provasi,2016-01-16,65.95,28
2009PROV01,Matteo Provasi,2016-03-13,62.13,29
2009PROV01,Matteo Provasi,2016-05-14,65.33,30
2009PROV01,Matteo Provasi,2016-05-21,62.27,31
2009PROV01,Matteo Provasi,2016-05-21,57.52,32
2009PROV01,Matteo Provasi,2016-05-29,61.47,33
2009PROV01,Matteo Provasi,2016-08-27,68.14,34
2009PROV01,Matteo Provasi,2016-08-27,62.95,35
2009PROV01,Matteo Provasi,2016-12-03,62.34,36
2009PROV01,Matteo Provasi,2017-02-04,66.1,37
2009PROV01,Matteo Provasi,2017-03-05,70.87,38
2009PROV01,Matteo Provasi,2017-03-11,63.95,39
2009PROV01,Matteo Provasi,2017-03-19,64.7,40
2009PROV01,Matteo Provasi,2017-04-02,58.35,41
2009PROV01,Matteo Provasi,2017-05-13,59.57,42
2009PROV01,Matteo Provasi,2017-06-10,67.41,43
2009PROV01,Matteo Provasi,2017-07-08,63.18,44
2009PROV01,Matteo Provasi,2017-08-19,65.83,45
2009PROV01,Matteo Provasi,2017-09-24,62.51,46
2009PROV01,Matteo Provasi,2017-10-21,74.15,47
2009PROV01,Matteo Provasi,2018-01-13,60.6,48
2009PROV01,Matteo Provasi,2018-02-04,66.92,49
2009PROV01,Matteo Provasi,2018-02-04,64.93,50
2009PROV01,Matteo Provasi,2018-02-17,54.7,51
2009PROV01,Matteo Provasi,2018-02-17,59.86,52
2009PROV01,Matteo Provasi,2018-02-25,67.04,53
2009PROV01,Matteo Provasi,2018-02-25,67.0,54
2009PROV01,Matteo Provasi,2018-03-03,61.26,55
2009PROV01,Matteo Provasi,2018-03-25,60.07,56
2009PROV01,Matteo Provasi,2018-03-25,57.42,57
2009PROV01,Matteo Provasi,2018-04-14,61.32,58
2009PROV01,Matteo Provasi,2018-04-15,61.78,59
2009PROV01,Matteo Provasi,2018-04-15,56.23,60
2009PROV01,Matteo Provasi,2018-05-12,62.55,61
2009PROV01,Matteo Provasi,2018-06-02,63.48,62
2009PROV01,Matteo Provasi,2018-06-02,60.04,63
2009PROV01,Matteo Provasi,2018-06-23,57.84,64
2009PROV01,Matteo Provasi,2018-06-23,54.53,65
2009PROV01,Matteo Provasi,2018-07-01,59.11,66
2009PROV01,Matteo Provasi,2018-07-07,65.36,67
2009PROV01,Matteo Provasi,2018-07-07,64.97,68
2009PROV01,Matteo Provasi,2018-09-08,54.17,69
2009PROV01,Matteo Provasi,2018-09-21,68.6,70
2009PROV01,Matteo Provasi,2018-09-21,64.56,71
2009PROV01,Matteo Provasi,2018-11-17,59.39,72
2009PROV01,Matteo Provasi,2018-11-17,61.79,73
2009PROV01,Matteo Provasi,2018-12-08,62.54,74
2009PROV01,Matteo Provasi,2018-12-08,61.95,75
2009PROV01,Matteo Provasi,2018-12-15,64.5,76
2009PROV01,Matteo Provasi,2018-12-15,55.65,77
2009PROV01,Matteo Provasi,2019-01-05,64.45,78
2009PROV01,Matteo Provasi,2019-01-05,60.42,79
2009PROV01,Matteo Provasi,2019-03-02,62.33,80
2009PROV01,Matteo Provasi,2019-03-02,60.14,81
2009PROV01,Matteo Provasi,2019-04-06,56.96,82
2009PROV01,Matteo Provasi,2019-06-08,60.89,83
2009PROV01,Matteo Provasi,2019-09-21,61.93,84
2009PROV01,Matteo Provasi,2019-09-21,61.24,85
2009PROV01,Matteo Provasi,2019-10-19,62.61,86
2009PROV01,Matteo Provasi,2019-10-19,61.03,87
2009PROV01,Matteo Provasi,2019-11-01,61.87,88
2009PROV01,Matteo Provasi,2021-07-31,65.17,89
2009PROV01,Matteo Provasi,2021-08-14,66.85,90
2009PROV01,Matteo Provasi,2021-10-30,59.94,91
2009PROV01,Matteo Provasi,2021-11-06,56.43,92
2009PROV01,Matteo Provasi,2022-02-26,56.86,93
2009PROV01,Matteo Provasi,2022-03-19,55.41,94
2009PROV01,Matteo Provasi,2022-05-21,55.32,95
2009PROV01,Matteo Provasi,2022-06-18,55.67,96
2009PROV01,Matteo Provasi,2022-06-18,55.34,97
2009PROV01,Matteo Provasi,2022-06-18,54.45,98
2009PROV01,Matteo Provasi,2022-07-02,54.47,99
2009PROV01,Matteo Provasi,2022-07-14,54.93,100
2009PROV01,Matteo Provasi,2022-07-30,50.98,101
2009PROV01,Matteo Provasi,2022-08-20,64.92,102
2009PROV01,Matteo Provasi,2022-08-27,58.27,103
2009PROV01,Matteo Provasi,2022-08-27,53.21,104
2009PROV01,Matteo Provasi,2022-09-09,55.19,105
2009PROV01,Matteo Provasi,2022-11-05,55.47,106
2009PROV01,Matteo Provasi,2022-12-03,56.51,107
2009PROV01,Matteo Provasi,2022-12-09,51.76,108
2009PROV01,Matteo Provasi,2022-12-09,56.48,109
2009PROV01,Matteo Provasi,2022-12-31,52.88,110
2009PROV01,Matteo Provasi,2022-12-31,56.06,111
2009PROV01,Matteo Provasi,2022-12-31,54.3,112
2009PROV01,Matteo Provasi,2023-01-14,53.32,113
2009PROV01,Matteo Provasi,2023-02-04,63.57,114
2009PROV01,Matteo Provasi,2023-03-11,56.65,115
2009PROV01,Matteo Provasi,2023-03-11,54.31,116
2009PROV01,Matteo Provasi,2023-04-01,51.32,117
2009PROV01,Matteo Provasi,2023-04-01,59.02,118
2009PROV01,Matteo Provasi,2023-04-08,57.11,119
2009PROV01,Matteo Provasi,2023-04-15,49.27,120
2009PROV01,Matteo Provasi,2023-04-15,52.52,121
2009PROV01,Matteo Provasi,2023-04-22,52.96,122
2009PROV01,Matteo Provasi,2023-04-29,49.04,123
2009PROV01,Matteo Provasi,2023-04-29,56.3,124
2009PROV01,Matteo Provasi,2023-05-06,55.34,125
2009PROV01,Matteo Provasi,2023-05-07,53.25,126
2009PROV01,Matteo Provasi,2023-05-13,54.73,127
2009PROV01,Matteo Provasi,2023-05-20,55.19,128
2009PROV01,Matteo Provasi,2023-05-20,52.86,129
2009PROV01,Matteo Provasi,2023-05-27,49.74,130
2009PROV01,Matteo Provasi,2023-06-17,51.16,131
2009PROV01,Matteo Provasi,2023-06-17,55.21,132
2009PROV01,Matteo Provasi,2023-06-24,51.26,133
2009PROV01,Matteo Provasi,2023-06-24,52.06,134
2009PROV01,Matteo Provasi,2023-06-30,47.12,135
2009PROV01,Matteo Provasi,2023-06-30,51.49,136
2009PROV01,Matteo Provasi,2023-07-15,57.16,137
2009PROV01,Matteo Provasi,2023-08-12,54.97,138
2009PROV01,Matteo Provasi,2023-08-26,53.82,139
2009PROV01,Matteo Provasi,2023-08-26,51.61,140
2009PROV01,Matteo Provasi,2023-09-02,50.2,141
2009PROV01,Matteo Provasi,2023-09-16,51.73,142
2009PROV01,Matteo Provasi,2023-09-30,47.62,143
2009PROV01,Matteo Provasi,2023-09-30,50.76,144
2009PROV01,Matteo Provasi,2023-10-07,55.21,145
2009PROV01,Matteo Provasi,2023-10-07,51.97,146
2009PROV01,Matteo Provasi,2023-10-07,49.87,147
2009PROV01,Matteo Provasi,2023-10-21,55.09,148
2009PROV01,Matteo Provasi,2023-10-28,55.0,149
2009PROV01,Matteo Provasi,2023-11-18,55.33,150
2009PROV01,Matteo Provasi,2023-11-18,47.34,151
2009PROV01,Matteo Provasi,2023-12-08,55.06,152
2009PROV01,Matteo Provasi,2023-12-08,53.44,153
2009PROV01,Matteo Provasi,2023-12-30,46.11,154
2009PROV01,Matteo Provasi,2023-12-30,49.7,155
2009PROV01,Matteo Provasi,2023-12-30,51.31,156
2009PROV01,Matteo Provasi,2024-01-13,54.06,157
2009PROV01,Matteo Provasi,2024-01-13,51.95,158
2009PROV01,Matteo Provasi,2024-01-13,51.11,159
2009PROV01,Matteo Provasi,2024-02-10,52.84,160
2009PROV01,Matteo Provasi,2024-03-02,55.85,161
2009PROV01,Matteo Provasi,2024-03-02,51.93,162
2009PROV01,Matteo Provasi,2024-03-17,57.69,163
2009PROV01,Matteo Provasi,2024-03-17,51.52,164
2009PROV01,Matteo Provasi,2024-03-23,50.28,165
2009PROV01,Matteo Provasi,2024-03-23,54.38,166
2009PROV01,Matteo Provasi,2024-03-30,50.58,167
2009PROV01,Matteo Provasi,2024-03-30,48.41,168
2009PROV01,Matteo Provasi,2024-04-02,48.31,169
2009PROV01,Matteo Provasi,2024-04-06,58.04,170
2009PROV01,Matteo Provasi,2024-04-06,50.53,171
2009PROV01,Matteo Provasi,2024-04-06,56.16,172
2009PROV01,Matteo Provasi,2024-04-13,51.54,173
2009PROV01,Matteo Provasi,2024-04-13,52.06,174
2009PROV01,Matteo Provasi,2024-04-20,56.6,175
2009PROV01,Matteo Provasi,2024-04-28,55.25,176
2009PROV01,Matteo Provasi,2024-05-04,49.33,177
2009PROV01,Matteo Provasi,2024-05-11,53.6,178
2009PROV01,Matteo Provasi,2024-05-11,53.33,179
2009PROV01,Matteo Provasi,2024-05-18,57.03,180
2009PROV01,Matteo Provasi,2024-06-08,50.55,181
2009PROV01,Matteo Provasi,2024-06-15,50.88,182
2009PROV01,Matteo Provasi,2024-06-15,49.74,183
2009PROV01,Matteo Provasi,2024-06-22,52.34,184
2009PROV01,Matteo Provasi,2024-06-22,48.84,185
2009PROV01,Matteo Provasi,2024-06-29,50.79,186
2009PROV01,Matteo Provasi,2024-07-06,48.6,187
2009PROV01,Matteo Provasi,2024-07-06,51.08,188
2009PROV01,Matteo Provasi,2024-07-13,45.26,189
2009PROV01,Matteo Provasi,2024-07-13,49.1,190
2009PROV01,Matteo Provasi,2024-07-19,55.23,191
2009PROV01,Matteo Provasi,2024-07-25,51.01,192
2009PROV01,Matteo Provasi,2024-08-02,53.93,193
2009PROV01,Matteo Provasi,2024-08-11,49.22,194
2009PROV01,Matteo Provasi,2024-08-17,52.62,195
2009PROV01,Matteo Provasi,2024-08-17,58.27,196
2009PROV01,Matteo Provasi,2024-08-24,54.37,197
2009PROV01,Matteo Provasi,2024-08-24,50.22,198
2009PROV01,Matteo Provasi,2024-08-31,50.19,199
2009PROV01,Matteo Provasi,2024-08-31,52.45,200
2009PROV01,Matteo Provasi,2024-09-01,49.47,201
2009PROV01,Matteo Provasi,2024-09-14,51.6,202
2009PROV01,Matteo Provasi,2024-09-28,48.42,203
2009PROV01,Matteo Provasi,2024-10-19,47.03,204
2009PROV01,Matteo Provasi,2024-10-26,50.1,205
2009PROV01,Matteo Provasi,2024-10-26,52.95,206
2009PROV01,Matteo Provasi,2024-11-01,52.51,207
2009PROV01,Matteo Provasi,2024-11-01,59.19,208
2009PROV01,Matteo Provasi,2024-11-09,47.92,209
2009PROV01,Matteo Provasi,2024-11-16,48.67,210
2009PROV01,Matteo Provasi,2024-11-16,51.27,211
2009PROV01,Matteo Provasi,2024-11-24,48.71,212
2009PROV01,Matteo Provasi,2024-11-30,48.65,213
2009PROV01,Matteo Provasi,2024-12-07,50.14,214
2009PROV01,Matteo Provasi,2024-12-07,48.36,215
2009PROV01,Matteo Provasi,2024-12-07,50.47,216
2009PROV01,Matteo Provasi,2024-12-07,50.02,217
2009PROV01,Matteo Provasi,2024-12-14,53.4,218
2009PROV01,Matteo Provasi,2024-12-15,47.37,219
2009PROV01,Matteo Provasi,2024-12-21,52.3,220
2009PROV01,Matteo Provasi,2024-12-28,48.81,221
2009PROV01,Matteo Provasi,2024-12-28,48.83,222
2009PROV01,Matteo Provasi,2024-12-28,46.72,223
2009PROV01,Matteo Provasi,2024-12-31,48.71,224
2009PROV01,Matteo Provasi,2025-01-04,48.97,225
2009PROV01,Matteo Provasi,2025-01-04,53.79,226
2009PROV01,Matteo Provasi,2025-01-11,49.86,227
2009PROV01,Matteo Provasi,2025-01-11,48.71,228
2009PROV01,Matteo Provasi,2025-01-25,47.2,229
2009PROV01,Matteo Provasi,2025-01-25,46.57,230
2009PROV01,Matteo Provasi,2025-02-01,50.97,231
2009PROV01,Matteo Provasi,2025-02-01,46.07,232
2009PROV01,Matteo Provasi,2025-02-08,47.79,233
2009PROV01,Matteo Provasi,2025-02-08,54.31,234
2009PROV01,Matteo Provasi,2025-02-15,51.32,235
2009PROV01,Matteo Provasi,2025-02-15,49.45,236
2009PROV01,Matteo Provasi,2025-03-01,48.72,237
2009PROV01,Matteo Provasi,2025-03-01,51.08,238
2009PROV01,Matteo Provasi,2025-03-08,49.49,239
2009PROV01,Matteo Provasi,2025-03-08,47.12,240
2009PROV01,Matteo Provasi,2025-03-15,43.88,241
2009PROV01,Matteo Provasi,2025-03-15,47.39,242
2009PROV01,Matteo Provasi,2025-03-22,46.45,243
2009PROV01,Matteo Provasi,2025-03-29,49.21,244
2009PROV01,Matteo Provasi,2025-04-12,48.29,245
2009PROV01,Matteo Provasi,2025-04-12,48.38,246
2009PROV01,Matteo Provasi,2025-04-25,51.1,247
2009PROV01,Matteo Provasi,2025-04-25,50.88,248
2009PROV01,Matteo Provasi,2025-04-25,49.72,249
2009PROV01,Matteo Provasi,2025-05-03,50.09,250
2009PROV01,Matteo Provasi,2025-05-10,49.1,251
2009PROV01,Matteo Provasi,2025-05-17,51.89,252
2009PROV01,Matteo Provasi,2025-05-17,45.39,253
2009PROV01,Matteo Provasi,2025-05-23,51.18,254
2009PROV01,Matteo Provasi,2025-05-23,49.14,255
2009PROV01,Matteo Provasi,2025-06-07,52.88,256
2009PROV01,Matteo Provasi,2025-06-14,46.21,257
2009PROV01,Matteo Provasi,2025-06-28,48.02,258
2009PROV01,Matteo Provasi,2025-06-28,48.26,259
2009PROV01,Matteo Provasi,2025-07-12,46.23,260
2009PROV01,Matteo Provasi,2025-07-12,48.66,261
2009PROV01,Matteo Provasi,2025-07-12,47.33,262
2009PROV01,Matteo Provasi,2025-07-19,44.22,263
2009PROV01,Matteo Provasi,2025-07-19,44.8,264
2009PROV01,Matteo Provasi,2025-07-26,47.07,265
2009PROV01,Matteo Provasi,2025-08-09,46.31,266
2009PROV01,Matteo Provasi,2025-08-30,46.47,267
2009PROV01,Matteo Provasi,2025-08-30,43.47,268
2009PROV01,Matteo Provasi,2025-09-13,43.46,269
2009PROV01,Matteo Provasi,2025-09-13,46.04,270
2009PROV01,Matteo Provasi,2025-09-20,47.11,271
2009PROV01,Matteo Provasi,2025-09-26,50.96,272
2009PROV01,Matteo Provasi,2025-09-27,47.34,273
2009PROV01,Matteo Provasi,2025-09-27,46.68,274
2009PROV01,Matteo Provasi,2025-10-04,50.08,275
2009PROV01,Matteo Provasi,2025-10-04,45.32,276
2009PROV01,Matteo Provasi,2025-10-11,48.32,277
2009PROV01,Matteo Provasi,2025-10-11,42.89,278
2009PROV01,Matteo Provasi,2025-10-11,48.08,279
2009PROV01,Matteo Provasi,2025-10-18,46.24,280
2009PROV01,Matteo Provasi,2025-10-18,51.1,281
2009PROV01,Matteo Provasi,2025-10-18,47.76,282
2009PROV01,Matteo Provasi,2025-11-01,47.05,283
2009PROV01,Matteo Provasi,2025-11-01,53.84,284
2009PROV01,Matteo Provasi,2025-11-15,49.45,285
2009PROV01,Matteo Provasi,2025-11-29,46.59,286
2009PROV01,Matteo Provasi,2025-11-29,48.44,287
2009PROV01,Matteo Provasi,2025-11-29,54.5,288
2009PROV01,Matteo Provasi,2025-12-06,47.02,289
2009PROV01,Matteo Provasi,2025-12-06,51.19,290
2009PROV01,Matteo Provasi,2025-12-18,48.53,291
2009PROV01,Matteo Provasi,2025-12-19,46.51,292
2009PROV01,Matteo Provasi,2025-12-19,47.93,293
2009PROV01,Matteo Provasi,2025-12-19,49.81,294
2009PROV01,Matteo Provasi,2026-01-16,47.8,295
2009PROV01,Matteo Provasi,2026-01-16,52.13,296
2009PROV01,Matteo Provasi,2026-01-24,44.84,297
2009PROV01,Matteo Provasi,2026-01-24,45.72,298
2009PROV01,Matteo Provasi,2026-01-24,49.54,299
2009PROV01,Matteo Provasi,2026-01-31,47.43,300
2009PROV01,Matteo Provasi,2026-01-31,46.42,301
2009PROV01,Matteo Provasi,2026-02-07,50.18,302
2009PROV01,Matteo Provasi,2026-02-07,49.23,303
2009PROV01,Matteo Provasi,2026-02-15,48.8,304
2009PROV01,Matteo Provasi,2026-02-15,50.55,305
2009PROV01,Matteo Provasi,2026-02-21,47.64,306
2009PROV01,Matteo Provasi,2026-02-28,54.25,307
2009PROV01,Matteo Provasi,2026-03-08,47.5,308
2009PROV01,Matteo Provasi,2026-03-14,48.19,309
2009PROV01,Matteo Provasi,2026-03-28,51.94,310
2009PROV01,Matteo Provasi,2026-03-28,50.13,311
2009PROV01,Matteo Provasi,2026-04-18,49.29,312
2009PROV01,Matteo Provasi,2026-04-18,47.48,313
2009PROV01,Matteo Provasi,2026-04-25,49.32,314
2009PROV01,Matteo Provasi,2026-04-25,45.9,315
2009PROV01,Matteo Provasi,2026-04-25,42.85,316
2009PROV01,Matteo Provasi,2026-04-25,48.54,317
2009PROV01,Matteo Provasi,2026-05-01,48.7,318
2009PROV01,Matteo Provasi,2026-05-01,48.03,319
2009PROV01,Matteo Provasi,2026-05-01,52.38,320
2009PROV01,Matteo Provasi,2026-05-09,47.14,321
2009PROV01,Matteo Provasi,2026-05-09,46.69,322
2010BENT01,Jan Bentlage,2010-05-22,122.32,1
2010BENT01,Jan Bentlage,2010-06-26,102.77,2
2010BENT01,Jan Bentlage,2010-07-24,111.65,3
2010BENT01,Jan Bentlage,2010-09-04,92.39,4
2010BENT01,Jan Bentlage,2010-09-04,104.58,5
2010BENT01,Jan Bentlage,2010-11-13,114.3,6
2010BENT01,Jan Bentlage,2011-03-05,85.77,7
2010BENT01,Jan Bentlage,2011-03-05,89.33,8
2010BENT01,Jan Bentlage,2011-04-09,81.95,9
2010BENT01,Jan Bentlage,2011-05-07,80.37,10
2010BENT01,Jan Bentlage,2011-08-13,74.36,11
2010BENT01,Jan Bentlage,2011-10-22,68.28,12
2010BENT01,Jan Bentlage,2011-10-22,76.15,13
2010BENT01,Jan Bentlage,2011-10-29,75.87,14
2010BENT01,Jan Bentlage,2011-11-19,70.54,15
2010BENT01,Jan Bentlage,2011-11-19,67.29,16
2010BENT01,Jan Bentlage,2011-11-26,70.48,17
2010BENT01,Jan Bentlage,2011-12-10,71.97,18
2010BENT01,Jan Bentlage,2011-12-17,62.65,19
2010BENT01,Jan Bentlage,2011-12-17,66.12,20
2010BENT01,Jan Bentlage,2012-02-04,65.76,21
2010BENT01,Jan Bentlage,2012-02-25,67.62,22
2010BENT01,Jan Bentlage,2012-04-06,58.22,23
2010BENT01,Jan Bentlage,2012-04-06,62.14,24
2010BENT01,Jan Bentlage,2012-04-28,57.93,25
2010BENT01,Jan Bentlage,2012-04-28,56.29,26
2010BENT01,Jan Bentlage,2012-05-19,60.7,27
2010BENT01,Jan Bentlage,2012-05-19,57.06,28
2010BENT01,Jan Bentlage,2012-06-23,67.88,29
2010BENT01,Jan Bentlage,2012-07-07,57.68,30
2010BENT01,Jan Bentlage,2012-07-07,62.87,31
2010BENT01,Jan Bentlage,2012-07-13,57.28,32
2010BENT01,Jan Bentlage,2012-08-25,59.34,33
2010BENT01,Jan Bentlage,2012-08-25,60.36,34
2010BENT01,Jan Bentlage,2012-08-25,53.3,35
2010BENT01,Jan Bentlage,2012-09-15,56.36,36
2010BENT01,Jan Bentlage,2012-09-15,55.61,37
2010BENT01,Jan Bentlage,2012-09-15,52.22,38
2010BENT01,Jan Bentlage,2012-09-22,54.45,39
2010BENT01,Jan Bentlage,2012-09-22,54.06,40
2010BENT01,Jan Bentlage,2012-09-22,55.51,41
2010BENT01,Jan Bentlage,2012-10-20,55.63,42
2010BENT01,Jan Bentlage,2012-10-20,62.19,43
2010BENT01,Jan Bentlage,2012-11-03,55.07,44
2010BENT01,Jan Bentlage,2012-11-03,57.07,45
2010BENT01,Jan Bentlage,2012-11-17,54.8,46
2010BENT01,Jan Bentlage,2012-11-17,55.13,47
2010BENT01,Jan Bentlage,2012-12-08,58.93,48
2010BENT01,Jan Bentlage,2012-12-22,57.07,49
2010BENT01,Jan Bentlage,2012-12-22,53.27,50
2010BENT01,Jan Bentlage,2012-12-22,55.89,51
2010BENT01,Jan Bentlage,2013-02-02,52.99,52
2010BENT01,Jan Bentlage,2013-02-02,52.62,53
2010BENT01,Jan Bentlage,2013-03-02,48.34,54
2010BENT01,Jan Bentlage,2013-03-02,51.75,55
2010BENT01,Jan Bentlage,2013-03-02,51.88,56
2010BENT01,Jan Bentlage,2013-04-01,57.71,57
2010BENT01,Jan Bentlage,2013-04-01,54.57,58
2010BENT01,Jan Bentlage,2013-04-06,54.18,59
2010BENT01,Jan Bentlage,2013-04-06,55.59,60
2010BENT01,Jan Bentlage,2013-04-20,55.78,61
2010BENT01,Jan Bentlage,2013-04-20,57.75,62
2010BENT01,Jan Bentlage,2013-05-17,57.17,63
2010BENT01,Jan Bentlage,2013-05-17,55.12,64
2010BENT01,Jan Bentlage,2013-05-17,53.61,65
2010BENT01,Jan Bentlage,2013-06-01,53.66,66
2010BENT01,Jan Bentlage,2013-06-01,57.86,67
2010BENT01,Jan Bentlage,2013-06-01,56.19,68
2010BENT01,Jan Bentlage,2013-06-22,50.02,69
2010BENT01,Jan Bentlage,2013-06-22,53.93,70
2010BENT01,Jan Bentlage,2013-06-22,50.36,71
2010BENT01,Jan Bentlage,2013-07-26,56.49,72
2010BENT01,Jan Bentlage,2013-07-26,53.61,73
2010BENT01,Jan Bentlage,2013-08-03,52.77,74
2010BENT01,Jan Bentlage,2013-09-14,52.84,75
2010BENT01,Jan Bentlage,2013-09-14,53.71,76
2010BENT01,Jan Bentlage,2013-09-14,58.3,77
2010BENT01,Jan Bentlage,2013-10-13,55.2,78
2010BENT01,Jan Bentlage,2013-10-13,53.84,79
2010BENT01,Jan Bentlage,2013-10-26,54.18,80
2010BENT01,Jan Bentlage,2013-10-26,52.23,81
2010BENT01,Jan Bentlage,2013-11-02,51.79,82
2010BENT01,Jan Bentlage,2013-11-02,51.21,83
2010BENT01,Jan Bentlage,2013-11-02,46.02,84
2010BENT01,Jan Bentlage,2013-11-09,53.64,85
2010BENT01,Jan Bentlage,2013-11-23,52.85,86
2010BENT01,Jan Bentlage,2013-11-23,51.01,87
2010BENT01,Jan Bentlage,2014-01-03,52.42,88
2010BENT01,Jan Bentlage,2014-01-03,48.95,89
2010BENT01,Jan Bentlage,2014-01-03,46.28,90
2010BENT01,Jan Bentlage,2014-01-18,59.58,91
2010BENT01,Jan Bentlage,2014-02-15,55.74,92
2010BENT01,Jan Bentlage,2014-03-15,46.3,93
2010BENT01,Jan Bentlage,2014-03-15,48.61,94
2010BENT01,Jan Bentlage,2014-03-22,48.8,95
2010BENT01,Jan Bentlage,2014-03-22,47.8,96
2010BENT01,Jan Bentlage,2014-03-22,48.51,97
2010BENT01,Jan Bentlage,2014-04-05,55.66,98
2010BENT01,Jan Bentlage,2014-04-18,51.69,99
2010BENT01,Jan Bentlage,2014-04-18,54.03,100
2010BENT01,Jan Bentlage,2014-04-18,53.24,101
2010BENT01,Jan Bentlage,2014-06-07,47.91,102
2010BENT01,Jan Bentlage,2014-06-07,47.72,103
2010BENT01,Jan Bentlage,2014-06-07,48.32,104
2010BENT01,Jan Bentlage,2014-07-12,52.36,105
2010BENT01,Jan Bentlage,2014-07-12,52.35,106
2010BENT01,Jan Bentlage,2014-07-12,47.25,107
2010BENT01,Jan Bentlage,2014-08-02,47.37,108
2010BENT01,Jan Bentlage,2014-08-02,45.53,109
2010BENT01,Jan Bentlage,2014-08-02,45.55,110
2010BENT01,Jan Bentlage,2014-09-28,47.69,111
2010BENT01,Jan Bentlage,2014-09-28,49.01,112
2010BENT01,Jan Bentlage,2014-10-04,49.3,113
2010BENT01,Jan Bentlage,2014-10-04,50.49,114
2010BENT01,Jan Bentlage,2014-10-04,46.79,115
2010BENT01,Jan Bentlage,2014-11-01,47.11,116
2010BENT01,Jan Bentlage,2014-11-01,49.97,117
2010BENT01,Jan Bentlage,2014-11-01,48.79,118
2010BENT01,Jan Bentlage,2014-11-08,47.35,119
2010BENT01,Jan Bentlage,2014-11-08,47.91,120
2010BENT01,Jan Bentlage,2014-11-21,48.0,121
2010BENT01,Jan Bentlage,2014-11-21,48.25,122
2010BENT01,Jan Bentlage,2014-11-21,48.94,123
2010BENT01,Jan Bentlage,2014-12-27,54.17,124
2010BENT01,Jan Bentlage,2014-12-27,46.88,125
2010BENT01,Jan Bentlage,2014-12-27,50.21,126
2010BENT01,Jan Bentlage,2015-01-17,48.71,127
2010BENT01,Jan Bentlage,2015-01-17,49.22,128
2010BENT01,Jan Bentlage,2015-01-31,47.86,129
2010BENT01,Jan Bentlage,2015-01-31,46.27,130
2010BENT01,Jan Bentlage,2015-01-31,48.21,131
2010BENT01,Jan Bentlage,2015-02-21,48.56,132
2010BENT01,Jan Bentlage,2015-02-28,45.95,133
2010BENT01,Jan Bentlage,2015-02-28,48.48,134
2010BENT01,Jan Bentlage,2015-02-28,49.88,135
2010BENT01,Jan Bentlage,2015-03-14,52.18,136
2010BENT01,Jan Bentlage,2015-03-14,46.1,137
2010BENT01,Jan Bentlage,2015-03-14,46.58,138
2010BENT01,Jan Bentlage,2015-04-18,49.02,139
2010BENT01,Jan Bentlage,2015-04-18,48.47,140
2010BENT01,Jan Bentlage,2015-04-18,48.56,141
2010BENT01,Jan Bentlage,2015-05-16,48.11,142
2010BENT01,Jan Bentlage,2015-05-16,50.29,143
2010BENT01,Jan Bentlage,2015-05-16,44.08,144
2010BENT01,Jan Bentlage,2015-05-23,47.03,145
2010BENT01,Jan Bentlage,2015-05-23,51.32,146
2010BENT01,Jan Bentlage,2015-06-06,49.95,147
2010BENT01,Jan Bentlage,2015-06-06,46.93,148
2010BENT01,Jan Bentlage,2015-06-06,51.03,149
2010BENT01,Jan Bentlage,2015-06-21,44.5,150
2010BENT01,Jan Bentlage,2015-06-21,46.05,151
2010BENT01,Jan Bentlage,2015-07-17,49.89,152
2010BENT01,Jan Bentlage,2015-07-17,48.36,153
2010BENT01,Jan Bentlage,2015-08-01,48.04,154
2010BENT01,Jan Bentlage,2015-08-01,47.54,155
2010BENT01,Jan Bentlage,2015-08-01,50.78,156
2010BENT01,Jan Bentlage,2015-08-22,49.96,157
2010BENT01,Jan Bentlage,2015-08-22,47.23,158
2010BENT01,Jan Bentlage,2015-08-22,48.55,159
2010BENT01,Jan Bentlage,2015-09-05,48.05,160
2010BENT01,Jan Bentlage,2015-09-12,49.29,161
2010BENT01,Jan Bentlage,2015-09-27,46.4,162
2010BENT01,Jan Bentlage,2015-10-17,45.5,163
2010BENT01,Jan Bentlage,2015-10-17,49.66,164
2010BENT01,Jan Bentlage,2015-10-31,47.4,165
2010BENT01,Jan Bentlage,2015-10-31,43.37,166
2010BENT01,Jan Bentlage,2015-11-14,45.71,167
2010BENT01,Jan Bentlage,2015-11-14,47.55,168
2010BENT01,Jan Bentlage,2015-11-14,49.46,169
2010BENT01,Jan Bentlage,2015-12-05,48.55,170
2010BENT01,Jan Bentlage,2015-12-05,48.37,171
2010BENT01,Jan Bentlage,2015-12-05,46.92,172
2010BENT01,Jan Bentlage,2015-12-19,49.22,173
2010BENT01,Jan Bentlage,2015-12-19,48.92,174
2010BENT01,Jan Bentlage,2015-12-19,46.85,175
2010BENT01,Jan Bentlage,2016-01-30,48.3,176
2010BENT01,Jan Bentlage,2016-01-30,49.78,177
2010BENT01,Jan Bentlage,2016-03-05,50.07,178
2010BENT01,Jan Bentlage,2016-03-05,45.99,179
2010BENT01,Jan Bentlage,2016-03-05,45.7,180
2010BENT01,Jan Bentlage,2016-04-09,51.42,181
2010BENT01,Jan Bentlage,2016-04-09,49.76,182
2010BENT01,Jan Bentlage,2016-05-07,45.94,183
2010BENT01,Jan Bentlage,2016-05-07,47.24,184
2010BENT01,Jan Bentlage,2016-05-28,46.98,185
2010BENT01,Jan Bentlage,2016-05-28,44.7,186
2010BENT01,Jan Bentlage,2016-05-28,46.49,187
2010BENT01,Jan Bentlage,2016-07-02,48.27,188
2010BENT01,Jan Bentlage,2016-07-02,49.64,189
2010BENT01,Jan Bentlage,2016-07-15,47.91,190
2010BENT01,Jan Bentlage,2016-07-30,46.74,191
2010BENT01,Jan Bentlage,2016-07-30,45.65,192
2010BENT01,Jan Bentlage,2016-07-30,47.31,193
2010BENT01,Jan Bentlage,2016-09-03,43.9,194
2010BENT01,Jan Bentlage,2016-10-07,47.18,195
2010BENT01,Jan Bentlage,2016-10-07,46.25,196
2010BENT01,Jan Bentlage,2016-10-29,51.58,197
2010BENT01,Jan Bentlage,2016-10-29,46.82,198
2010BENT01,Jan Bentlage,2016-11-05,53.33,199
2010BENT01,Jan Bentlage,2016-11-26,43.94,200
2010BENT01,Jan Bentlage,2016-11-26,46.22,201
2010BENT01,Jan Bentlage,2017-01-06,46.19,202
2010BENT01,Jan Bentlage,2017-01-06,46.65,203
2010BENT01,Jan Bentlage,2017-01-28,49.87,204
2010BENT01,Jan Bentlage,2017-01-28,46.63,205
2010BENT01,Jan Bentlage,2017-03-11,51.51,206
2010BENT01,Jan Bentlage,2017-03-11,46.52,207
2010BENT01,Jan Bentlage,2017-03-25,45.97,208
2010BENT01,Jan Bentlage,2017-03-25,46.16,209
2010BENT01,Jan Bentlage,2017-04-08,50.02,210
2010BENT01,Jan Bentlage,2017-04-29,46.38,211
2010BENT01,Jan Bentlage,2017-05-06,46.19,212
2010BENT01,Jan Bentlage,2017-05-06,45.2,213
2010BENT01,Jan Bentlage,2017-05-20,45.57,214
2010BENT01,Jan Bentlage,2017-05-20,45.3,215
2010BENT01,Jan Bentlage,2017-05-27,47.02,216
2010BENT01,Jan Bentlage,2017-05-27,46.2,217
2010BENT01,Jan Bentlage,2017-06-10,49.0,218
2010BENT01,Jan Bentlage,2017-06-10,45.19,219
2010BENT01,Jan Bentlage,2017-06-24,43.63,220
2010BENT01,Jan Bentlage,2017-06-24,48.62,221
2010BENT01,Jan Bentlage,2017-06-24,45.3,222
2010BENT01,Jan Bentlage,2017-07-01,43.71,223
2010BENT01,Jan Bentlage,2017-07-01,47.94,224
2010BENT01,Jan Bentlage,2017-07-13,47.89,225
2010BENT01,Jan Bentlage,2017-07-21,46.82,226
2010BENT01,Jan Bentlage,2017-07-21,46.98,227
2010BENT01,Jan Bentlage,2017-08-19,42.74,228
2010BENT01,Jan Bentlage,2017-08-19,43.95,229
2010BENT01,Jan Bentlage,2017-09-01,45.54,230
2010BENT01,Jan Bentlage,2017-09-01,45.45,231
2010BENT01,Jan Bentlage,2017-09-16,44.76,232
2010BENT01,Jan Bentlage,2017-09-16,48.27,233
2010BENT01,Jan Bentlage,2017-09-22,43.24,234
2010BENT01,Jan Bentlage,2017-09-22,43.52,235
2010BENT01,Jan Bentlage,2017-09-30,43.26,236
2010BENT01,Jan Bentlage,2017-09-30,43.4,237
2010BENT01,Jan Bentlage,2017-10-13,46.75,238
2010BENT01,Jan Bentlage,2017-10-13,45.34,239
2010BENT01,Jan Bentlage,2017-10-21,46.47,240
2010BENT01,Jan Bentlage,2017-11-04,42.72,241
2010BENT01,Jan Bentlage,2017-11-18,45.61,242
2010BENT01,Jan Bentlage,2017-11-18,43.4,243
2010BENT01,Jan Bentlage,2017-12-02,45.08,244
2010BENT01,Jan Bentlage,2017-12-02,47.81,245
2010BENT01,Jan Bentlage,2018-01-05,44.15,246
2010BENT01,Jan Bentlage,2018-01-05,46.79,247
2010BENT01,Jan Bentlage,2018-02-10,45.25,248
2010BENT01,Jan Bentlage,2018-02-10,44.06,249
2010BENT01,Jan Bentlage,2018-03-24,43.85,250
2010BENT01,Jan Bentlage,2018-03-24,42.45,251
2010BENT01,Jan Bentlage,2018-03-24,42.07,252
2010BENT01,Jan Bentlage,2018-04-21,43.97,253
2010BENT01,Jan Bentlage,2018-04-28,45.96,254
2010BENT01,Jan Bentlage,2018-04-28,44.84,255
2010BENT01,Jan Bentlage,2018-05-12,45.9,256
2010BENT01,Jan Bentlage,2018-05-12,45.89,257
2010BENT01,Jan Bentlage,2018-05-19,42.94,258
2010BENT01,Jan Bentlage,2018-05-19,42.51,259
2010BENT01,Jan Bentlage,2018-06-02,46.78,260
2010BENT01,Jan Bentlage,2018-06-02,42.58,261
2010BENT01,Jan Bentlage,2018-06-23,44.75,262
2010BENT01,Jan Bentlage,2018-06-23,43.96,263
2010BENT01,Jan Bentlage,2018-07-14,43.46,264
2010BENT01,Jan Bentlage,2018-07-14,41.82,265
2010BENT01,Jan Bentlage,2018-07-19,44.24,266
2010BENT01,Jan Bentlage,2018-08-17,43.92,267
2010BENT01,Jan Bentlage,2018-09-07,41.22,268
2010BENT01,Jan Bentlage,2018-09-07,45.05,269
2010BENT01,Jan Bentlage,2018-10-13,42.37,270
2010BENT01,Jan Bentlage,2018-10-13,46.04,271
2010BENT01,Jan Bentlage,2018-10-27,46.92,272
2010BENT01,Jan Bentlage,2018-11-03,43.88,273
2010BENT01,Jan Bentlage,2018-11-03,41.81,274
2010BENT01,Jan Bentlage,2019-01-19,41.96,275
2010BENT01,Jan Bentlage,2019-01-19,44.66,276
2010BENT01,Jan Bentlage,2019-03-22,42.7,277
2010BENT01,Jan Bentlage,2019-03-22,44.01,278
2010BENT01,Jan Bentlage,2019-04-06,48.61,279
2010BENT01,Jan Bentlage,2019-04-20,45.61,280
2010BENT01,Jan Bentlage,2019-04-20,41.36,281
2010BENT01,Jan Bentlage,2019-05-11,42.05,282
2010BENT01,Jan Bentlage,2019-05-11,41.81,283
2010BENT01,Jan Bentlage,2019-05-18,43.82,284
2010BENT01,Jan Bentlage,2019-05-18,43.39,285
2010BENT01,Jan Bentlage,2019-05-30,45.85,286
2010BENT01,Jan Bentlage,2019-05-30,45.18,287
2010BENT01,Jan Bentlage,2019-06-08,42.33,288
2010BENT01,Jan Bentlage,2019-06-08,42.69,289
2010BENT01,Jan Bentlage,2019-06-22,44.91,290
2010BENT01,Jan Bentlage,2019-06-22,40.57,291
2010BENT01,Jan Bentlage,2019-06-22,43.08,292
2010BENT01,Jan Bentlage,2019-07-11,44.28,293
2010BENT01,Jan Bentlage,2019-08-02,41.83,294
2010BENT01,Jan Bentlage,2019-08-02,44.92,295
2010BENT01,Jan Bentlage,2019-08-17,41.58,296
2010BENT01,Jan Bentlage,2019-08-17,43.61,297
2010BENT01,Jan Bentlage,2019-08-17,43.44,298
2010BENT01,Jan Bentlage,2019-09-21,42.28,299
2010BENT01,Jan Bentlage,2019-09-21,44.21,300
2010BENT01,Jan Bentlage,2019-10-12,43.65,301
2010BENT01,Jan Bentlage,2019-10-12,41.76,302
2010BENT01,Jan Bentlage,2019-10-26,45.55,303
2010BENT01,Jan Bentlage,2019-10-26,42.63,304
2010BENT01,Jan Bentlage,2019-11-23,46.73,305
2010BENT01,Jan Bentlage,2019-11-23,44.57,306
2010BENT01,Jan Bentlage,2019-11-30,43.78,307
2010BENT01,Jan Bentlage,2019-11-30,44.04,308
2010BENT01,Jan Bentlage,2020-01-04,42.96,309
2010BENT01,Jan Bentlage,2020-01-04,46.17,310
2010BENT01,Jan Bentlage,2020-01-18,44.67,311
2010BENT01,Jan Bentlage,2020-01-18,45.61,312
2010BENT01,Jan Bentlage,2020-02-01,42.85,313
2010BENT01,Jan Bentlage,2020-02-01,45.48,314
2010BENT01,Jan Bentlage,2020-02-15,44.91,315
2010BENT01,Jan Bentlage,2020-02-15,43.88,316
2010BENT01,Jan Bentlage,2020-02-22,41.97,317
2010BENT01,Jan Bentlage,2020-02-22,47.17,318
2010BENT01,Jan Bentlage,2021-10-08,45.72,319
2010BENT01,Jan Bentlage,2021-10-08,44.08,320
2010BENT01,Jan Bentlage,2021-10-17,46.56,321
2010BENT01,Jan Bentlage,2021-11-06,44.57,322
2010BENT01,Jan Bentlage,2021-11-06,41.33,323
2010BENT01,Jan Bentlage,2022-04-10,47.56,324
2010BENT01,Jan Bentlage,2022-04-10,45.32,325
2010BENT01,Jan Bentlage,2022-04-23,42.83,326
2010BENT01,Jan Bentlage,2022-05-01,42.99,327
2010BENT01,Jan Bentlage,2022-05-01,44.4,328
2010BENT01,Jan Bentlage,2022-05-14,45.95,329
2010BENT01,Jan Bentlage,2022-05-14,45.53,330
2010BENT01,Jan Bentlage,2022-05-21,46.52,331
2010BENT01,Jan Bentlage,2022-05-21,44.17,332
2010BENT01,Jan Bentlage,2022-05-21,43.93,333
2010BENT01,Jan Bentlage,2022-06-18,46.49,334
2010BENT01,Jan Bentlage,2022-07-02,43.76,335
2010BENT01,Jan Bentlage,2022-07-09,46.86,336
2010BENT01,Jan Bentlage,2022-07-09,46.29,337
2010BENT01,Jan Bentlage,2022-08-19,45.91,338
2010BENT01,Jan Bentlage,2022-08-19,40.05,339
2010BENT01,Jan Bentlage,2022-10-07,43.63,340
2010BENT01,Jan Bentlage,2022-10-07,41.79,341
2010BENT01,Jan Bentlage,2022-10-14,44.32,342
2010BENT01,Jan Bentlage,2022-11-12,47.67,343
2010BENT01,Jan Bentlage,2023-02-11,41.42,344
2010BENT01,Jan Bentlage,2023-02-11,41.96,345
2010BENT01,Jan Bentlage,2023-04-10,41.32,346
2010BENT01,Jan Bentlage,2023-04-10,42.35,347
2010BENT01,Jan Bentlage,2023-05-20,46.64,348
2010BENT01,Jan Bentlage,2023-05-20,44.17,349
2010BENT01,Jan Bentlage,2023-07-16,46.76,350
2010BENT01,Jan Bentlage,2023-07-27,42.18,351
2010BENT01,Jan Bentlage,2023-08-04,43.06,352
2010BENT01,Jan Bentlage,2023-08-04,45.13,353
2010BENT01,Jan Bentlage,2024-02-10,43.1,354
2010BENT01,Jan Bentlage,2024-02-10,42.36,355
2010BENT01,Jan Bentlage,2024-02-10,40.84,356
2010BENT01,Jan Bentlage,2024-03-23,40.53,357
2010BENT01,Jan Bentlage,2024-03-23,44.87,358
2010BENT01,Jan Bentlage,2024-03-23,43.54,359
2010BENT01,Jan Bentlage,2024-07-25,44.13,360
2010BENT01,Jan Bentlage,2024-10-04,41.48,361
2010BENT01,Jan Bentlage,2025-05-17,44.3,362
2010BENT01,Jan Bentlage,2025-07-03,43.93,363
2010BENT01,Jan Bentlage,2025-09-26,46.54,364
2010BENT01,Jan Bentlage,2026-01-16,44.37,365
2010BENT01,Jan Bentlage,2026-05-01,42.4,366
2010RONK01,Niko Ronkainen,2010-09-18,125.31,1
2010RONK01,Niko Ronkainen,2011-01-22,92.27,2
2010RONK01,Niko Ronkainen,2011-04-02,88.14,3
2010RONK01,Niko Ronkainen,2011-05-21,95.68,4
2010RONK01,Niko Ronkainen,2011-09-17,78.56,5
2010RONK01,Niko Ronkainen,2011-10-08,90.04,6
2010RONK01,Niko Ronkainen,2011-12-10,71.32,7
2010RONK01,Niko Ronkainen,2011-12-10,77.2,8
2010RONK01,Niko Ronkainen,2012-06-08,78.25,9
2010RONK01,Niko Ronkainen,2012-06-16,67.21,10
2010RONK01,Niko Ronkainen,2012-10-27,71.79,11
2010RONK01,Niko Ronkainen,2012-10-27,73.59,12
2010RONK01,Niko Ronkainen,2012-12-08,72.56,13
2010RONK01,Niko Ronkainen,2012-12-08,72.96,14
2010RONK01,Niko Ronkainen,2013-03-23,76.67,15
2010RONK01,Niko Ronkainen,2013-05-17,71.48,16
2010RONK01,Niko Ronkainen,2013-09-07,71.61,17
2010RONK01,Niko Ronkainen,2013-10-12,67.29,18
2010RONK01,Niko Ronkainen,2013-10-12,71.76,19
2010RONK01,Niko Ronkainen,2013-11-02,79.33,20
2010RONK01,Niko Ronkainen,2013-11-02,70.13,21
2010RONK01,Niko Ronkainen,2014-02-22,54.57,22
2010RONK01,Niko Ronkainen,2014-02-22,59.48,23
2010RONK01,Niko Ronkainen,2014-05-03,53.52,24
2010RONK01,Niko Ronkainen,2014-05-03,53.92,25
2010RONK01,Niko Ronkainen,2014-05-17,55.0,26
2010RONK01,Niko Ronkainen,2014-05-17,58.51,27
2010RONK01,Niko Ronkainen,2014-08-08,50.91,28
2010RONK01,Niko Ronkainen,2014-08-08,51.57,29
2010RONK01,Niko Ronkainen,2014-10-18,50.95,30
2010RONK01,Niko Ronkainen,2014-10-18,54.31,31
2010RONK01,Niko Ronkainen,2014-12-13,50.36,32
2010RONK01,Niko Ronkainen,2014-12-13,56.53,33
2010RONK01,Niko Ronkainen,2015-06-13,51.45,34
2010RONK01,Niko Ronkainen,2015-06-13,60.76,35
2010RONK01,Niko Ronkainen,2015-07-17,57.27,36
2010RONK01,Niko Ronkainen,2015-07-17,53.83,37
2010RONK01,Niko Ronkainen,2015-08-15,51.85,38
2010RONK01,Niko Ronkainen,2015-09-05,50.59,39
2010RONK01,Niko Ronkainen,2015-09-05,51.64,40
2010RONK01,Niko Ronkainen,2015-10-23,50.18,41
2010RONK01,Niko Ronkainen,2015-10-23,53.91,42
2010RONK01,Niko Ronkainen,2015-11-28,49.91,43
2010RONK01,Niko Ronkainen,2015-11-28,50.02,44
2010RONK01,Niko Ronkainen,2016-03-05,51.99,45
2010RONK01,Niko Ronkainen,2016-03-05,48.61,46
2010RONK01,Niko Ronkainen,2016-04-16,50.84,47
2010RONK01,Niko Ronkainen,2016-04-16,49.9,48
2010RONK01,Niko Ronkainen,2016-06-18,49.41,49
2010RONK01,Niko Ronkainen,2016-06-18,44.99,50
2010RONK01,Niko Ronkainen,2016-06-18,48.68,51
2010RONK01,Niko Ronkainen,2016-07-15,51.45,52
2010RONK01,Niko Ronkainen,2016-09-17,50.82,53
2010RONK01,Niko Ronkainen,2016-09-17,51.87,54
2010RONK01,Niko Ronkainen,2016-09-17,48.66,55
2010RONK01,Niko Ronkainen,2016-11-25,52.8,56
2010RONK01,Niko Ronkainen,2016-11-25,52.15,57
2010RONK01,Niko Ronkainen,2016-11-25,49.01,58
2010RONK01,Niko Ronkainen,2017-02-25,49.78,59
2010RONK01,Niko Ronkainen,2017-02-25,45.39,60
2010RONK01,Niko Ronkainen,2017-02-25,47.2,61
2010RONK01,Niko Ronkainen,2017-04-15,46.41,62
2010RONK01,Niko Ronkainen,2017-04-15,51.52,63
2010RONK01,Niko Ronkainen,2017-04-22,44.55,64
2010RONK01,Niko Ronkainen,2017-04-22,47.86,65
2010RONK01,Niko Ronkainen,2017-06-09,46.9,66
2010RONK01,Niko Ronkainen,2017-06-09,48.69,67
2010RONK01,Niko Ronkainen,2017-07-13,45.17,68
2010RONK01,Niko Ronkainen,2017-09-16,45.4,69
2010RONK01,Niko Ronkainen,2017-09-16,45.12,70
2010RONK01,Niko Ronkainen,2017-09-16,42.99,71
2010RONK01,Niko Ronkainen,2017-10-21,47.84,72
2010RONK01,Niko Ronkainen,2017-10-21,50.07,73
2010RONK01,Niko Ronkainen,2017-11-17,45.42,74
2010RONK01,Niko Ronkainen,2017-11-17,45.5,75
2010RONK01,Niko Ronkainen,2017-11-17,44.58,76
2010RONK01,Niko Ronkainen,2018-01-27,46.24,77
2010RONK01,Niko Ronkainen,2018-01-27,43.53,78
2010RONK01,Niko Ronkainen,2018-02-10,44.39,79
2010RONK01,Niko Ronkainen,2018-02-10,42.77,80
2010RONK01,Niko Ronkainen,2018-03-23,47.06,81
2010RONK01,Niko Ronkainen,2018-03-23,47.44,82
2010RONK01,Niko Ronkainen,2018-03-23,46.09,83
2010RONK01,Niko Ronkainen,2018-04-06,45.76,84
2010RONK01,Niko Ronkainen,2018-04-06,45.65,85
2010RONK01,Niko Ronkainen,2018-04-14,42.94,86
2010RONK01,Niko Ronkainen,2018-04-14,41.65,87
2010RONK01,Niko Ronkainen,2018-05-11,47.97,88
2010RONK01,Niko Ronkainen,2018-05-11,43.06,89
2010RONK01,Niko Ronkainen,2018-06-08,42.18,90
2010RONK01,Niko Ronkainen,2018-06-08,44.75,91
2010RONK01,Niko Ronkainen,2018-06-30,43.09,92
2010RONK01,Niko Ronkainen,2018-06-30,47.95,93
2010RONK01,Niko Ronkainen,2018-06-30,46.69,94
2010RONK01,Niko Ronkainen,2018-07-19,44.57,95
2010RONK01,Niko Ronkainen,2018-08-24,46.48,96
2010RONK01,Niko Ronkainen,2018-08-24,48.64,97
2010RONK01,Niko Ronkainen,2018-09-22,45.29,98
2010RONK01,Niko Ronkainen,2018-09-22,45.33,99
2010RONK01,Niko Ronkainen,2018-10-20,48.15,100
2010RONK01,Niko Ronkainen,2018-10-20,47.82,101
2010RONK01,Niko Ronkainen,2018-11-02,42.92,102
2010RONK01,Niko Ronkainen,2018-11-02,47.63,103
2010RONK01,Niko Ronkainen,2018-11-16,47.56,104
2010RONK01,Niko Ronkainen,2018-11-16,48.73,105
2010RONK01,Niko Ronkainen,2018-12-15,49.69,106
2010RONK01,Niko Ronkainen,2018-12-15,44.38,107
2010RONK01,Niko Ronkainen,2018-12-15,45.97,108
2010RONK01,Niko Ronkainen,2019-01-04,44.57,109
2010RONK01,Niko Ronkainen,2019-01-04,49.69,110
2010RONK01,Niko Ronkainen,2019-01-12,46.1,111
2010RONK01,Niko Ronkainen,2019-01-12,45.1,112
2010RONK01,Niko Ronkainen,2019-02-09,47.37,113
2010RONK01,Niko Ronkainen,2019-02-09,46.69,114
2010RONK01,Niko Ronkainen,2019-02-09,43.77,115
2010RONK01,Niko Ronkainen,2019-03-01,46.61,116
2010RONK01,Niko Ronkainen,2019-03-01,43.38,117
2010RONK01,Niko Ronkainen,2019-03-01,49.08,118
2010RONK01,Niko Ronkainen,2019-03-15,46.63,119
2010RONK01,Niko Ronkainen,2019-04-12,45.64,120
2010RONK01,Niko Ronkainen,2019-04-27,44.69,121
2010RONK01,Niko Ronkainen,2019-04-27,46.34,122
2010RONK01,Niko Ronkainen,2019-05-11,47.81,123
2010RONK01,Niko Ronkainen,2019-05-11,43.67,124
2010RONK01,Niko Ronkainen,2019-05-11,45.77,125
2010RONK01,Niko Ronkainen,2019-05-24,52.71,126
2010RONK01,Niko Ronkainen,2019-05-24,47.91,127
2010RONK01,Niko Ronkainen,2019-05-24,41.32,128
2010RONK01,Niko Ronkainen,2019-06-07,49.4,129
2010RONK01,Niko Ronkainen,2019-06-07,49.02,130
2010RONK01,Niko Ronkainen,2019-06-07,44.41,131
2010RONK01,Niko Ronkainen,2019-06-29,42.25,132
2010RONK01,Niko Ronkainen,2019-07-11,42.33,133
2010RONK01,Niko Ronkainen,2019-08-17,51.03,134
2010RONK01,Niko Ronkainen,2019-08-17,47.32,135
2010RONK01,Niko Ronkainen,2019-09-20,43.74,136
2010RONK01,Niko Ronkainen,2019-09-20,47.53,137
2010RONK01,Niko Ronkainen,2019-10-04,45.17,138
2010RONK01,Niko Ronkainen,2019-10-04,47.26,139
2010RONK01,Niko Ronkainen,2019-10-04,44.59,140
2010RONK01,Niko Ronkainen,2019-11-01,43.61,141
2010RONK01,Niko Ronkainen,2019-11-01,49.25,142
2010RONK01,Niko Ronkainen,2019-11-22,45.13,143
2010RONK01,Niko Ronkainen,2019-11-22,41.62,144
2010RONK01,Niko Ronkainen,2019-12-14,41.58,145
2010RONK01,Niko Ronkainen,2019-12-14,45.53,146
2010RONK01,Niko Ronkainen,2020-01-11,41.19,147
2010RONK01,Niko Ronkainen,2020-01-11,41.67,148
2010RONK01,Niko Ronkainen,2020-02-15,43.05,149
2010RONK01,Niko Ronkainen,2020-02-22,44.03,150
2010RONK01,Niko Ronkainen,2020-02-22,38.68,151
2010RONK01,Niko Ronkainen,2020-02-22,44.47,152
2010RONK01,Niko Ronkainen,2020-03-07,47.98,153
2010RONK01,Niko Ronkainen,2020-08-22,42.99,154
2010RONK01,Niko Ronkainen,2020-08-22,42.58,155
2010RONK01,Niko Ronkainen,2020-08-30,43.24,156
2010RONK01,Niko Ronkainen,2020-08-30,43.17,157
2010RONK01,Niko Ronkainen,2021-10-01,43.91,158
2010RONK01,Niko Ronkainen,2021-10-30,45.68,159
2010RONK01,Niko Ronkainen,2021-12-10,42.38,160
2010RONK01,Niko Ronkainen,2022-02-12,41.85,161
2010RONK01,Niko Ronkainen,2022-03-11,39.44,162
2010RONK01,Niko Ronkainen,2022-03-11,42.32,163
2010RONK01,Niko Ronkainen,2022-04-15,44.58,164
2010RONK01,Niko Ronkainen,2022-04-15,43.02,165
2010RONK01,Niko Ronkainen,2022-04-15,43.37,166
2010RONK01,Niko Ronkainen,2022-04-23,43.44,167
2010RONK01,Niko Ronkainen,2022-04-23,40.82,168
2010RONK01,Niko Ronkainen,2022-05-07,41.83,169
2010RONK01,Niko Ronkainen,2022-05-07,42.45,170
2010RONK01,Niko Ronkainen,2022-06-03,41.96,171
2010RONK01,Niko Ronkainen,2022-06-03,40.32,172
2010RONK01,Niko Ronkainen,2022-06-03,40.63,173
2010RONK01,Niko Ronkainen,2022-06-10,38.07,174
2010RONK01,Niko Ronkainen,2022-06-10,41.97,175
2010RONK01,Niko Ronkainen,2022-06-10,41.01,176
2010RONK01,Niko Ronkainen,2022-07-02,43.33,177
2010RONK01,Niko Ronkainen,2022-07-09,39.93,178
2010RONK01,Niko Ronkainen,2022-07-09,41.52,179
2010RONK01,Niko Ronkainen,2022-07-14,42.42,180
2010RONK01,Niko Ronkainen,2022-08-19,42.35,181
2010RONK01,Niko Ronkainen,2022-08-19,43.59,182
2010RONK01,Niko Ronkainen,2022-08-27,38.84,183
2010RONK01,Niko Ronkainen,2022-08-27,41.9,184
2010RONK01,Niko Ronkainen,2022-08-27,39.81,185
2010RONK01,Niko Ronkainen,2022-09-10,39.77,186
2010RONK01,Niko Ronkainen,2022-09-24,46.58,187
2010RONK01,Niko Ronkainen,2022-10-08,44.78,188
2010RONK01,Niko Ronkainen,2022-10-08,39.44,189
2010RONK01,Niko Ronkainen,2022-10-22,42.92,190
2010RONK01,Niko Ronkainen,2022-10-22,45.39,191
2010RONK01,Niko Ronkainen,2022-10-28,42.23,192
2010RONK01,Niko Ronkainen,2022-10-28,43.89,193
2010RONK01,Niko Ronkainen,2022-10-28,43.12,194
2010RONK01,Niko Ronkainen,2022-11-04,42.97,195
2010RONK01,Niko Ronkainen,2022-11-04,43.16,196
2010RONK01,Niko Ronkainen,2022-11-12,43.42,197
2010RONK01,Niko Ronkainen,2022-11-12,44.65,198
2010RONK01,Niko Ronkainen,2022-11-12,45.79,199
2010RONK01,Niko Ronkainen,2022-11-25,44.66,200
2010RONK01,Niko Ronkainen,2022-11-25,39.12,201
2010RONK01,Niko Ronkainen,2022-12-03,41.49,202
2010RONK01,Niko Ronkainen,2022-12-10,41.73,203
2010RONK01,Niko Ronkainen,2022-12-16,43.9,204
2010RONK01,Niko Ronkainen,2022-12-16,44.27,205
2010RONK01,Niko Ronkainen,2023-01-14,41.6,206
2010RONK01,Niko Ronkainen,2023-01-14,46.55,207
2010RONK01,Niko Ronkainen,2023-01-28,41.84,208
2010RONK01,Niko Ronkainen,2023-01-28,39.04,209
2010RONK01,Niko Ronkainen,2023-01-28,43.95,210
2010RONK01,Niko Ronkainen,2023-02-04,43.32,211
2010RONK01,Niko Ronkainen,2023-02-19,43.05,212
2010RONK01,Niko Ronkainen,2023-03-03,41.79,213
2010RONK01,Niko Ronkainen,2023-03-03,43.01,214
2010RONK01,Niko Ronkainen,2023-03-03,42.0,215
2010RONK01,Niko Ronkainen,2023-03-10,43.53,216
2010RONK01,Niko Ronkainen,2023-03-11,42.77,217
2010RONK01,Niko Ronkainen,2023-03-18,39.8,218
2010RONK01,Niko Ronkainen,2023-03-18,45.81,219
2010RONK01,Niko Ronkainen,2023-04-15,39.18,220
2010RONK01,Niko Ronkainen,2023-04-23,39.98,221
2010RONK01,Niko Ronkainen,2023-04-23,42.08,222
2010RONK01,Niko Ronkainen,2023-04-23,38.54,223
2010RONK01,Niko Ronkainen,2023-04-26,45.61,224
2010RONK01,Niko Ronkainen,2023-05-06,38.83,225
2010RONK01,Niko Ronkainen,2023-05-07,38.96,226
2010RONK01,Niko Ronkainen,2023-05-07,40.32,227
2010RONK01,Niko Ronkainen,2023-05-28,42.8,228
2010RONK01,Niko Ronkainen,2023-06-03,42.83,229
2010RONK01,Niko Ronkainen,2023-06-03,40.19,230
2010RONK01,Niko Ronkainen,2023-06-09,37.96,231
2010RONK01,Niko Ronkainen,2023-06-09,40.06,232
2010RONK01,Niko Ronkainen,2023-06-09,39.96,233
2010RONK01,Niko Ronkainen,2023-06-17,43.85,234
2010RONK01,Niko Ronkainen,2023-06-17,37.74,235
2010RONK01,Niko Ronkainen,2023-06-24,42.56,236
2010RONK01,Niko Ronkainen,2023-06-24,43.14,237
2010RONK01,Niko Ronkainen,2023-07-01,42.31,238
2010RONK01,Niko Ronkainen,2023-07-01,43.03,239
2010RONK01,Niko Ronkainen,2023-07-22,37.74,240
2010RONK01,Niko Ronkainen,2023-07-22,42.61,241
2010RONK01,Niko Ronkainen,2023-07-29,42.21,242
2010RONK01,Niko Ronkainen,2023-07-29,41.77,243
2010RONK01,Niko Ronkainen,2023-08-05,44.94,244
2010RONK01,Niko Ronkainen,2023-08-05,41.1,245
2010RONK01,Niko Ronkainen,2023-08-05,43.65,246
2010RONK01,Niko Ronkainen,2023-08-07,42.41,247
2010RONK01,Niko Ronkainen,2023-08-12,46.13,248
2010RONK01,Niko Ronkainen,2023-08-27,41.22,249
2010RONK01,Niko Ronkainen,2023-08-27,40.4,250
2010RONK01,Niko Ronkainen,2023-08-27,43.34,251
2010RONK01,Niko Ronkainen,2023-09-02,40.9,252
2010RONK01,Niko Ronkainen,2023-09-02,45.85,253
2010RONK01,Niko Ronkainen,2023-09-02,41.53,254
2010RONK01,Niko Ronkainen,2023-09-16,42.97,255
2010RONK01,Niko Ronkainen,2023-09-23,46.44,256
2010RONK01,Niko Ronkainen,2023-10-06,39.32,257
2010RONK01,Niko Ronkainen,2023-10-14,40.1,258
2010RONK01,Niko Ronkainen,2023-10-14,41.94,259
2010RONK01,Niko Ronkainen,2023-10-14,43.75,260
2010RONK01,Niko Ronkainen,2023-10-20,40.39,261
2010RONK01,Niko Ronkainen,2023-10-20,41.78,262
2010RONK01,Niko Ronkainen,2023-10-20,41.67,263
2010RONK01,Niko Ronkainen,2023-10-27,42.95,264
2010RONK01,Niko Ronkainen,2023-10-27,39.38,265
2010RONK01,Niko Ronkainen,2023-11-04,40.04,266
2010RONK01,Niko Ronkainen,2023-11-04,42.18,267
2010RONK01,Niko Ronkainen,2023-11-04,41.82,268
2010RONK01,Niko Ronkainen,2023-11-10,43.06,269
2010RONK01,Niko Ronkainen,2023-11-10,42.31,270
2010RONK01,Niko Ronkainen,2023-11-10,44.55,271
2010RONK01,Niko Ronkainen,2023-11-25,38.97,272
2010RONK01,Niko Ronkainen,2023-11-25,42.85,273
2010RONK01,Niko Ronkainen,2023-12-08,39.34,274
2010RONK01,Niko Ronkainen,2023-12-08,38.04,275
2010RONK01,Niko Ronkainen,2023-12-08,39.22,276
2010RONK01,Niko Ronkainen,2024-01-06,42.68,277
2010RONK01,Niko Ronkainen,2024-01-06,42.23,278
2010RONK01,Niko Ronkainen,2024-01-06,40.53,279
2010RONK01,Niko Ronkainen,2024-02-03,44.74,280
2010RONK01,Niko Ronkainen,2024-02-03,41.0,281
2010RONK01,Niko Ronkainen,2024-02-16,41.59,282
2010RONK01,Niko Ronkainen,2024-02-16,46.04,283
2010RONK01,Niko Ronkainen,2024-02-16,37.91,284
2010RONK01,Niko Ronkainen,2024-03-16,42.48,285
2010RONK01,Niko Ronkainen,2024-03-16,39.68,286
2010RONK01,Niko Ronkainen,2024-03-16,41.91,287
2010RONK01,Niko Ronkainen,2024-03-23,42.07,288
2010RONK01,Niko Ronkainen,2024-03-23,45.86,289
2010RONK01,Niko Ronkainen,2024-03-23,48.34,290
2010RONK01,Niko Ronkainen,2024-03-30,43.94,291
2010RONK01,Niko Ronkainen,2024-03-30,48.59,292
2010RONK01,Niko Ronkainen,2024-04-06,44.81,293
2010RONK01,Niko Ronkainen,2024-04-06,43.82,294
2010RONK01,Niko Ronkainen,2024-04-06,43.64,295
2010RONK01,Niko Ronkainen,2024-04-20,41.81,296
2010RONK01,Niko Ronkainen,2024-04-20,42.59,297
2010RONK01,Niko Ronkainen,2024-04-20,44.29,298
2010RONK01,Niko Ronkainen,2024-05-04,43.19,299
2010RONK01,Niko Ronkainen,2024-05-04,40.7,300
2010RONK01,Niko Ronkainen,2024-05-04,41.79,301
2010RONK01,Niko Ronkainen,2024-05-11,40.61,302
2010RONK01,Niko Ronkainen,2024-05-18,44.57,303
2010RONK01,Niko Ronkainen,2024-05-18,39.05,304
2010RONK01,Niko Ronkainen,2024-06-01,38.45,305
2010RONK01,Niko Ronkainen,2024-06-01,43.14,306
2010RONK01,Niko Ronkainen,2024-06-01,42.13,307
2010RONK01,Niko Ronkainen,2024-06-07,41.55,308
2010RONK01,Niko Ronkainen,2024-06-07,38.83,309
2010RONK01,Niko Ronkainen,2024-06-07,41.66,310
2010RONK01,Niko Ronkainen,2024-06-15,41.06,311
2010RONK01,Niko Ronkainen,2024-06-15,38.83,312
2010RONK01,Niko Ronkainen,2024-06-20,39.05,313
2010RONK01,Niko Ronkainen,2024-06-20,38.5,314
2010RONK01,Niko Ronkainen,2024-06-29,38.19,315
2010RONK01,Niko Ronkainen,2024-06-29,39.86,316
2010RONK01,Niko Ronkainen,2024-06-29,40.62,317
2010RONK01,Niko Ronkainen,2024-07-06,48.35,318
2010RONK01,Niko Ronkainen,2024-07-06,37.99,319
2010RONK01,Niko Ronkainen,2024-07-13,39.7,320
2010RONK01,Niko Ronkainen,2024-07-20,38.84,321
2010RONK01,Niko Ronkainen,2024-07-20,40.77,322
2010RONK01,Niko Ronkainen,2024-07-20,42.81,323
2010RONK01,Niko Ronkainen,2024-07-25,41.06,324
2010RONK01,Niko Ronkainen,2024-08-03,43.82,325
2010RONK01,Niko Ronkainen,2024-08-03,40.0,326
2010RONK01,Niko Ronkainen,2024-08-10,39.84,327
2010RONK01,Niko Ronkainen,2024-08-10,39.5,328
2010RONK01,Niko Ronkainen,2024-08-10,40.0,329
2010RONK01,Niko Ronkainen,2024-08-24,40.96,330
2010RONK01,Niko Ronkainen,2024-08-24,42.63,331
2010RONK01,Niko Ronkainen,2024-08-24,40.3,332
2010RONK01,Niko Ronkainen,2024-08-30,41.72,333
2010RONK01,Niko Ronkainen,2024-08-30,39.85,334
2010RONK01,Niko Ronkainen,2024-08-30,40.36,335
2010RONK01,Niko Ronkainen,2024-09-07,44.13,336
2010RONK01,Niko Ronkainen,2024-09-07,37.36,337
2010RONK01,Niko Ronkainen,2024-09-13,38.65,338
2010RONK01,Niko Ronkainen,2024-09-13,44.31,339
2010RONK01,Niko Ronkainen,2024-09-13,42.14,340
2010RONK01,Niko Ronkainen,2024-09-21,40.59,341
2010RONK01,Niko Ronkainen,2024-09-21,42.69,342
2010RONK01,Niko Ronkainen,2024-09-21,38.83,343
2010RONK01,Niko Ronkainen,2024-10-04,42.15,344
2010RONK01,Niko Ronkainen,2024-10-12,40.56,345
2010RONK01,Niko Ronkainen,2024-10-17,39.19,346
2010RONK01,Niko Ronkainen,2024-10-17,41.78,347
2010RONK01,Niko Ronkainen,2024-10-17,45.92,348
2010RONK01,Niko Ronkainen,2024-11-09,49.22,349
2010RONK01,Niko Ronkainen,2024-12-07,43.8,350
2010RONK01,Niko Ronkainen,2024-12-07,39.61,351
2010RONK01,Niko Ronkainen,2024-12-07,44.77,352
2010RONK01,Niko Ronkainen,2025-01-11,41.39,353
2010RONK01,Niko Ronkainen,2025-01-25,39.01,354
2010RONK01,Niko Ronkainen,2025-01-25,36.5,355
2010RONK01,Niko Ronkainen,2025-02-22,36.81,356
2010RONK01,Niko Ronkainen,2025-02-22,41.53,357
2010RONK01,Niko Ronkainen,2025-03-08,39.86,358
2010RONK01,Niko Ronkainen,2025-03-08,42.16,359
2010RONK01,Niko Ronkainen,2025-03-08,40.02,360
2010RONK01,Niko Ronkainen,2025-03-15,37.67,361
2010RONK01,Niko Ronkainen,2025-03-15,37.53,362
2010RONK01,Niko Ronkainen,2025-03-15,40.71,363
2010RONK01,Niko Ronkainen,2025-03-22,40.58,364
2010RONK01,Niko Ronkainen,2025-03-22,39.2,365
2010RONK01,Niko Ronkainen,2025-03-29,40.75,366
2010RONK01,Niko Ronkainen,2025-03-29,40.48,367
2010RONK01,Niko Ronkainen,2025-04-04,39.64,368
2010RONK01,Niko Ronkainen,2025-04-04,38.89,369
2010RONK01,Niko Ronkainen,2025-04-04,40.55,370
2010RONK01,Niko Ronkainen,2025-04-26,40.15,371
2010RONK01,Niko Ronkainen,2025-04-27,40.61,372
2010RONK01,Niko Ronkainen,2025-04-27,38.34,373
2010RONK01,Niko Ronkainen,2025-05-10,41.26,374
2010RONK01,Niko Ronkainen,2025-05-10,45.07,375
2010RONK01,Niko Ronkainen,2025-05-10,38.72,376
2010RONK01,Niko Ronkainen,2025-05-23,41.18,377
2010RONK01,Niko Ronkainen,2025-05-23,42.57,378
2010RONK01,Niko Ronkainen,2025-05-30,41.8,379
2010RONK01,Niko Ronkainen,2025-05-30,39.05,380
2010RONK01,Niko Ronkainen,2025-06-06,42.13,381
2010RONK01,Niko Ronkainen,2025-06-06,37.57,382
2010RONK01,Niko Ronkainen,2025-06-06,41.19,383
2010RONK01,Niko Ronkainen,2025-06-14,37.84,384
2010RONK01,Niko Ronkainen,2025-06-14,40.42,385
2010RONK01,Niko Ronkainen,2025-06-26,43.47,386
2010RONK01,Niko Ronkainen,2025-06-28,38.02,387
2010RONK01,Niko Ronkainen,2025-06-28,42.14,388
2010RONK01,Niko Ronkainen,2025-07-03,40.04,389
2010RONK01,Niko Ronkainen,2025-07-11,37.57,390
2010RONK01,Niko Ronkainen,2025-07-11,40.33,391
2010RONK01,Niko Ronkainen,2025-07-16,40.77,392
2010RONK01,Niko Ronkainen,2025-07-16,44.78,393
2010RONK01,Niko Ronkainen,2025-07-26,43.49,394
2010RONK01,Niko Ronkainen,2025-09-06,35.98,395
2010RONK01,Niko Ronkainen,2025-09-06,38.96,396
2010RONK01,Niko Ronkainen,2025-09-06,42.28,397
2010RONK01,Niko Ronkainen,2025-09-13,44.83,398
2010RONK01,Niko Ronkainen,2025-09-13,46.32,399
2010RONK01,Niko Ronkainen,2025-09-20,42.41,400
2010RONK01,Niko Ronkainen,2025-09-20,40.86,401
2010RONK01,Niko Ronkainen,2025-09-26,37.52,402
2010RONK01,Niko Ronkainen,2025-09-26,44.33,403
2010RONK01,Niko Ronkainen,2025-10-11,42.13,404
2010RONK01,Niko Ronkainen,2025-10-11,43.5,405
2010RONK01,Niko Ronkainen,2025-10-11,41.63,406
2010RONK01,Niko Ronkainen,2025-10-17,39.59,407
2010RONK01,Niko Ronkainen,2025-10-25,41.72,408
2010RONK01,Niko Ronkainen,2025-10-25,41.05,409
2010RONK01,Niko Ronkainen,2025-10-31,41.18,410
2010RONK01,Niko Ronkainen,2025-10-31,43.17,411
2010RONK01,Niko Ronkainen,2025-11-08,39.41,412
2010RONK01,Niko Ronkainen,2025-11-15,41.97,413
2010RONK01,Niko Ronkainen,2025-11-15,38.7,414
2010RONK01,Niko Ronkainen,2025-11-22,42.73,415
2010RONK01,Niko Ronkainen,2025-11-22,40.49,416
2010RONK01,Niko Ronkainen,2025-11-29,39.18,417
2010RONK01,Niko Ronkainen,2025-11-29,41.46,418
2010RONK01,Niko Ronkainen,2025-11-29,40.03,419
2010RONK01,Niko Ronkainen,2025-12-20,38.88,420
2010RONK01,Niko Ronkainen,2025-12-20,37.22,421
2010RONK01,Niko Ronkainen,2025-12-26,42.51,422
2010RONK01,Niko Ronkainen,2025-12-26,36.87,423
2010RONK01,Niko Ronkainen,2025-12-26,44.1,424
2010RONK01,Niko Ronkainen,2026-01-03,40.01,425
2010RONK01,Niko Ronkainen,2026-01-03,40.37,426
2010RONK01,Niko Ronkainen,2026-01-24,38.15,427
2010RONK01,Niko Ronkainen,2026-01-24,40.53,428
2010RONK01,Niko Ronkainen,2026-01-24,41.57,429
2010RONK01,Niko Ronkainen,2026-02-01,37.35,430
2010RONK01,Niko Ronkainen,2026-02-01,38.74,431
2010RONK01,Niko Ronkainen,2026-02-07,42.11,432
2010RONK01,Niko Ronkainen,2026-02-07,40.38,433
2010RONK01,Niko Ronkainen,2026-02-15,40.98,434
2010RONK01,Niko Ronkainen,2026-02-15,38.31,435
2010RONK01,Niko Ronkainen,2026-02-28,40.22,436
2010RONK01,Niko Ronkainen,2026-02-28,40.85,437
2010RONK01,Niko Ronkainen,2026-03-07,37.2,438
2010RONK01,Niko Ronkainen,2026-03-07,39.35,439
2010RONK01,Niko Ronkainen,2026-03-14,37.44,440
2010RONK01,Niko Ronkainen,2026-03-14,42.31,441
2010RONK01,Niko Ronkainen,2026-03-21,41.39,442
2010RONK01,Niko Ronkainen,2026-03-21,34.83,443
2010RONK01,Niko Ronkainen,2026-03-21,39.72,444
2010RONK01,Niko Ronkainen,2026-03-28,41.94,445
2010RONK01,Niko Ronkainen,2026-03-28,43.03,446
2010RONK01,Niko Ronkainen,2026-04-03,41.99,447
2010RONK01,Niko Ronkainen,2026-04-03,38.71,448
2010RONK01,Niko Ronkainen,2026-04-03,37.03,449
2010RONK01,Niko Ronkainen,2026-04-11,42.07,450
2010RONK01,Niko Ronkainen,2026-04-11,37.93,451
2010RONK01,Niko Ronkainen,2026-04-18,41.28,452
2010RONK01,Niko Ronkainen,2026-04-18,38.52,453
2010RONK01,Niko Ronkainen,2026-04-18,39.37,454
2010RONK01,Niko Ronkainen,2026-04-25,38.12,455
2010RONK01,Niko Ronkainen,2026-04-25,36.63,456
2010RONK01,Niko Ronkainen,2026-04-25,40.88,457
2010RONK01,Niko Ronkainen,2026-05-01,41.02,458
2010RONK01,Niko Ronkainen,2026-05-08,40.12,459
2010RONK01,Niko Ronkainen,2026-05-08,37.0,460
2010RONK01,Niko Ronkainen,2026-05-08,37.84,461
2010RONK01,Niko Ronkainen,2026-05-15,40.83,462
2010RONK01,Niko Ronkainen,2026-05-15,39.84,463
2010ROSE03,Dennis Rosero,2011-05-28,101.06,1
2010ROSE03,Dennis Rosero,2011-08-27,95.0,2
2010ROSE03,Dennis Rosero,2011-10-02,82.72,3
2010ROSE03,Dennis Rosero,2011-10-02,91.6,4
2010ROSE03,Dennis Rosero,2011-12-18,99.82,5
2010ROSE03,Dennis Rosero,2012-05-26,89.88,6
2010ROSE03,Dennis Rosero,2012-06-30,76.12,7
2010ROSE03,Dennis Rosero,2012-11-11,69.4,8
2010ROSE03,Dennis Rosero,2012-11-11,72.91,9
2010ROSE03,Dennis Rosero,2013-02-17,75.35,10
2010ROSE03,Dennis Rosero,2013-04-07,69.26,11
2010ROSE03,Dennis Rosero,2013-04-07,69.62,12
2010ROSE03,Dennis Rosero,2013-06-08,65.79,13
2010ROSE03,Dennis Rosero,2013-06-08,63.82,14
2010ROSE03,Dennis Rosero,2013-09-22,66.43,15
2010ROSE03,Dennis Rosero,2013-09-29,69.69,16
2010ROSE03,Dennis Rosero,2013-09-29,64.23,17
2010ROSE03,Dennis Rosero,2013-10-13,68.1,18
2010ROSE03,Dennis Rosero,2013-12-14,61.57,19
2010ROSE03,Dennis Rosero,2013-12-20,62.95,20
2010ROSE03,Dennis Rosero,2013-12-20,67.01,21
2010ROSE03,Dennis Rosero,2014-02-02,63.83,22
2010ROSE03,Dennis Rosero,2014-03-15,59.15,23
2010ROSE03,Dennis Rosero,2014-03-15,55.96,24
2010ROSE03,Dennis Rosero,2014-08-22,59.53,25
2010ROSE03,Dennis Rosero,2014-08-22,58.72,26
2010ROSE03,Dennis Rosero,2014-09-27,65.45,27
2010ROSE03,Dennis Rosero,2015-03-29,67.69,28
2010ROSE03,Dennis Rosero,2015-04-18,62.08,29
2010ROSE03,Dennis Rosero,2015-05-16,58.15,30
2010ROSE03,Dennis Rosero,2015-05-16,58.07,31
2010ROSE03,Dennis Rosero,2015-06-20,63.99,32
2010ROSE03,Dennis Rosero,2015-08-07,61.08,33
2010ROSE03,Dennis Rosero,2015-08-07,57.32,34
2010ROSE03,Dennis Rosero,2015-09-12,62.72,35
2010ROSE03,Dennis Rosero,2015-09-12,55.96,36
2010ROSE03,Dennis Rosero,2015-10-04,58.41,37
2010ROSE03,Dennis Rosero,2015-10-04,60.58,38
2010ROSE03,Dennis Rosero,2015-12-19,57.58,39
2010ROSE03,Dennis Rosero,2016-01-16,63.15,40
2010ROSE03,Dennis Rosero,2016-01-16,60.19,41
2010ROSE03,Dennis Rosero,2016-02-28,85.67,42
2010ROSE03,Dennis Rosero,2016-04-16,58.43,43
2010ROSE03,Dennis Rosero,2016-05-07,57.62,44
2010ROSE03,Dennis Rosero,2016-05-07,63.54,45
2010ROSE03,Dennis Rosero,2016-06-04,60.5,46
2010ROSE03,Dennis Rosero,2016-06-25,57.81,47
2010ROSE03,Dennis Rosero,2016-07-23,59.05,48
2010ROSE03,Dennis Rosero,2016-07-23,59.87,49
2010ROSE03,Dennis Rosero,2016-10-15,60.19,50
2010ROSE03,Dennis Rosero,2016-10-15,55.18,51
2010ROSE03,Dennis Rosero,2016-10-15,62.64,52
2010ROSE03,Dennis Rosero,2016-11-05,58.88,53
2010ROSE03,Dennis Rosero,2016-11-05,62.37,54
2010ROSE03,Dennis Rosero,2017-02-04,58.3,55
2010ROSE03,Dennis Rosero,2017-02-18,58.79,56
2010ROSE03,Dennis Rosero,2017-02-18,54.33,57
2010ROSE03,Dennis Rosero,2017-04-08,60.49,58
2010ROSE03,Dennis Rosero,2017-04-08,57.82,59
2010ROSE03,Dennis Rosero,2017-05-27,58.11,60
2010ROSE03,Dennis Rosero,2017-05-27,61.98,61
2010ROSE03,Dennis Rosero,2017-06-28,57.65,62
2010ROSE03,Dennis Rosero,2017-07-01,61.65,63
2010ROSE03,Dennis Rosero,2017-08-26,54.29,64
2010ROSE03,Dennis Rosero,2017-09-30,60.04,65
2010ROSE03,Dennis Rosero,2018-03-10,63.33,66
2010ROSE03,Dennis Rosero,2018-03-10,61.91,67
2010ROSE03,Dennis Rosero,2018-04-22,61.22,68
2010ROSE03,Dennis Rosero,2018-06-16,59.39,69
2010ROSE03,Dennis Rosero,2018-07-20,57.73,70
2010ROSE03,Dennis Rosero,2018-09-15,57.53,71
2010ROSE03,Dennis Rosero,2018-10-27,59.83,72
2010ROSE03,Dennis Rosero,2018-12-01,57.03,73
2010ROSE03,Dennis Rosero,2018-12-08,56.36,74
2010ROSE03,Dennis Rosero,2018-12-08,56.07,75
2010ROSE03,Dennis Rosero,2019-02-02,57.36,76
2010ROSE03,Dennis Rosero,2019-02-23,63.78,77
2010ROSE03,Dennis Rosero,2019-02-23,56.24,78
2010ROSE03,Dennis Rosero,2019-03-03,57.33,79
2010ROSE03,Dennis Rosero,2019-03-03,57.69,80
2010ROSE03,Dennis Rosero,2019-03-24,53.71,81
2010ROSE03,Dennis Rosero,2019-03-24,58.06,82
2010ROSE03,Dennis Rosero,2019-03-31,55.44,83
2010ROSE03,Dennis Rosero,2019-03-31,52.85,84
2010ROSE03,Dennis Rosero,2019-04-13,65.24,85
2010ROSE03,Dennis Rosero,2019-05-26,61.29,86
2010ROSE03,Dennis Rosero,2019-06-01,58.67,87
2010ROSE03,Dennis Rosero,2019-06-16,60.05,88
2010ROSE03,Dennis Rosero,2019-06-22,57.58,89
2010ROSE03,Dennis Rosero,2019-07-19,61.31,90
2010ROSE03,Dennis Rosero,2019-08-03,58.64,91
2010ROSE03,Dennis Rosero,2019-08-03,54.68,92
2010ROSE03,Dennis Rosero,2019-08-18,62.72,93
2010ROSE03,Dennis Rosero,2019-08-18,57.49,94
2010ROSE03,Dennis Rosero,2019-09-08,55.91,95
2010ROSE03,Dennis Rosero,2019-09-29,58.2,96
2010ROSE03,Dennis Rosero,2019-09-29,54.11,97
2010ROSE03,Dennis Rosero,2019-12-15,53.05,98
2010ROSE03,Dennis Rosero,2020-01-18,58.78,99
2010ROSE03,Dennis Rosero,2020-02-22,57.17,100
2010ROSE03,Dennis Rosero,2020-02-22,57.89,101
2010ROSE03,Dennis Rosero,2020-03-07,58.88,102
2010ROSE03,Dennis Rosero,2021-10-02,59.46,103
2010ROSE03,Dennis Rosero,2021-11-13,59.19,104
2010ROSE03,Dennis Rosero,2021-12-18,56.57,105
2010ROSE03,Dennis Rosero,2022-02-26,57.39,106
2010ROSE03,Dennis Rosero,2022-05-15,59.83,107
2010ROSE03,Dennis Rosero,2022-06-04,60.05,108
2010ROSE03,Dennis Rosero,2022-06-04,57.44,109
2010ROSE03,Dennis Rosero,2022-07-22,57.93,110
2010ROSE03,Dennis Rosero,2022-08-06,57.67,111
2010ROSE03,Dennis Rosero,2022-08-27,54.45,112
2010ROSE03,Dennis Rosero,2022-09-04,56.84,113
2010ROSE03,Dennis Rosero,2022-09-04,55.94,114
2010ROSE03,Dennis Rosero,2022-09-17,56.3,115
2010ROSE03,Dennis Rosero,2022-09-24,62.39,116
2010ROSE03,Dennis Rosero,2022-10-22,52.9,117
2010ROSE03,Dennis Rosero,2022-11-05,56.66,118
2010ROSE03,Dennis Rosero,2022-11-19,56.71,119
2010ROSE03,Dennis Rosero,2022-11-19,54.56,120
2010ROSE03,Dennis Rosero,2022-11-20,59.0,121
2010ROSE03,Dennis Rosero,2022-11-20,62.39,122
2010ROSE03,Dennis Rosero,2022-11-27,56.96,123
2010ROSE03,Dennis Rosero,2022-12-03,55.0,124
2010ROSE03,Dennis Rosero,2022-12-03,55.49,125
2010ROSE03,Dennis Rosero,2023-01-07,51.1,126
2010ROSE03,Dennis Rosero,2023-01-21,55.21,127
2010ROSE03,Dennis Rosero,2023-01-21,54.72,128
2010ROSE03,Dennis Rosero,2023-01-29,57.21,129
2010ROSE03,Dennis Rosero,2023-02-11,58.1,130
2010ROSE03,Dennis Rosero,2023-02-11,53.95,131
2010ROSE03,Dennis Rosero,2023-02-25,55.52,132
2010ROSE03,Dennis Rosero,2023-03-19,58.0,133
2010ROSE03,Dennis Rosero,2023-03-26,52.18,134
2010ROSE03,Dennis Rosero,2023-04-01,52.85,135
2010ROSE03,Dennis Rosero,2023-04-02,58.6,136
2010ROSE03,Dennis Rosero,2023-04-16,52.58,137
2010ROSE03,Dennis Rosero,2023-04-16,56.4,138
2010ROSE03,Dennis Rosero,2023-05-06,57.13,139
2010ROSE03,Dennis Rosero,2023-05-06,51.52,140
2010ROSE03,Dennis Rosero,2023-05-13,55.77,141
2010ROSE03,Dennis Rosero,2023-05-20,55.04,142
2010ROSE03,Dennis Rosero,2023-06-25,59.85,143
2010ROSE03,Dennis Rosero,2023-07-01,52.17,144
2010ROSE03,Dennis Rosero,2023-07-15,52.41,145
2010ROSE03,Dennis Rosero,2023-07-16,58.05,146
2010ROSE03,Dennis Rosero,2023-07-16,54.21,147
2010ROSE03,Dennis Rosero,2023-07-20,49.74,148
2010ROSE03,Dennis Rosero,2023-07-22,51.03,149
2010ROSE03,Dennis Rosero,2023-08-13,53.51,150
2010ROSE03,Dennis Rosero,2023-08-13,52.92,151
2010ROSE03,Dennis Rosero,2023-08-18,49.08,152
2010ROSE03,Dennis Rosero,2023-08-18,52.66,153
2010ROSE03,Dennis Rosero,2023-08-20,53.89,154
2010ROSE03,Dennis Rosero,2023-08-20,53.6,155
2010ROSE03,Dennis Rosero,2023-08-26,52.95,156
2010ROSE03,Dennis Rosero,2023-08-26,53.05,157
2010ROSE03,Dennis Rosero,2023-09-02,51.51,158
2010ROSE03,Dennis Rosero,2023-09-03,49.99,159
2010ROSE03,Dennis Rosero,2023-09-16,50.53,160
2010ROSE03,Dennis Rosero,2023-09-16,48.99,161
2010ROSE03,Dennis Rosero,2023-09-23,51.78,162
2010ROSE03,Dennis Rosero,2023-09-30,50.61,163
2010ROSE03,Dennis Rosero,2023-10-21,57.03,164
2010ROSE03,Dennis Rosero,2023-10-28,54.27,165
2010ROSE03,Dennis Rosero,2023-11-05,54.91,166
2010ROSE03,Dennis Rosero,2023-11-06,51.47,167
2010ROSE03,Dennis Rosero,2023-11-11,56.96,168
2010ROSE03,Dennis Rosero,2023-11-12,57.42,169
2010ROSE03,Dennis Rosero,2023-11-12,51.69,170
2010ROSE03,Dennis Rosero,2023-11-12,47.26,171
2010ROSE03,Dennis Rosero,2023-11-13,50.76,172
2010ROSE03,Dennis Rosero,2023-11-18,59.44,173
2010ROSE03,Dennis Rosero,2023-12-08,50.02,174
2010ROSE03,Dennis Rosero,2023-12-23,56.93,175
2010ROSE03,Dennis Rosero,2023-12-23,51.84,176
2010ROSE03,Dennis Rosero,2024-01-06,55.68,177
2010ROSE03,Dennis Rosero,2024-01-06,56.02,178
2010ROSE03,Dennis Rosero,2024-01-07,54.46,179
2010ROSE03,Dennis Rosero,2024-01-20,56.99,180
2010ROSE03,Dennis Rosero,2024-01-20,55.72,181
2010ROSE03,Dennis Rosero,2024-01-27,54.72,182
2010ROSE03,Dennis Rosero,2024-02-04,52.01,183
2010ROSE03,Dennis Rosero,2024-02-17,54.14,184
2010ROSE03,Dennis Rosero,2024-02-17,59.77,185
2010ROSE03,Dennis Rosero,2024-02-24,54.86,186
2010ROSE03,Dennis Rosero,2024-02-24,53.81,187
2010ROSE03,Dennis Rosero,2024-02-25,55.94,188
2010ROSE03,Dennis Rosero,2024-02-25,54.99,189
2010ROSE03,Dennis Rosero,2024-03-09,53.9,190
2010ROSE03,Dennis Rosero,2024-03-10,51.81,191
2010ROSE03,Dennis Rosero,2024-03-10,53.9,192
2010ROSE03,Dennis Rosero,2024-03-16,49.47,193
2010ROSE03,Dennis Rosero,2024-03-16,51.9,194
2010ROSE03,Dennis Rosero,2024-03-23,52.42,195
2010ROSE03,Dennis Rosero,2024-03-23,50.33,196
2010ROSE03,Dennis Rosero,2024-04-07,54.43,197
2010ROSE03,Dennis Rosero,2024-04-13,54.02,198
2010ROSE03,Dennis Rosero,2024-04-13,52.29,199
2010ROSE03,Dennis Rosero,2024-04-20,51.51,200
2010ROSE03,Dennis Rosero,2024-04-20,56.51,201
2010ROSE03,Dennis Rosero,2024-04-21,54.12,202
2010ROSE03,Dennis Rosero,2024-05-04,54.61,203
2010ROSE03,Dennis Rosero,2024-05-05,49.7,204
2010ROSE03,Dennis Rosero,2024-05-05,50.6,205
2010ROSE03,Dennis Rosero,2024-05-12,50.22,206
2010ROSE03,Dennis Rosero,2024-05-12,50.91,207
2010ROSE03,Dennis Rosero,2024-05-26,50.34,208
2010ROSE03,Dennis Rosero,2024-05-26,48.61,209
2010ROSE03,Dennis Rosero,2024-05-26,53.15,210
2010ROSE03,Dennis Rosero,2024-06-03,50.86,211
2010ROSE03,Dennis Rosero,2024-06-03,52.37,212
2010ROSE03,Dennis Rosero,2024-06-03,50.73,213
2010ROSE03,Dennis Rosero,2024-06-09,46.68,214
2010ROSE03,Dennis Rosero,2024-06-09,50.92,215
2010ROSE03,Dennis Rosero,2024-06-16,51.36,216
2010ROSE03,Dennis Rosero,2024-06-16,51.01,217
2010ROSE03,Dennis Rosero,2024-06-16,51.66,218
2010ROSE03,Dennis Rosero,2024-06-29,55.98,219
2010ROSE03,Dennis Rosero,2024-06-29,54.33,220
2010ROSE03,Dennis Rosero,2024-06-30,52.75,221
2010ROSE03,Dennis Rosero,2024-06-30,53.32,222
2010ROSE03,Dennis Rosero,2024-07-07,55.75,223
2010ROSE03,Dennis Rosero,2024-07-07,52.78,224
2010ROSE03,Dennis Rosero,2024-07-13,53.2,225
2010ROSE03,Dennis Rosero,2024-07-13,52.95,226
2010ROSE03,Dennis Rosero,2024-07-21,68.03,227
2010ROSE03,Dennis Rosero,2024-07-21,52.95,228
2010ROSE03,Dennis Rosero,2024-07-21,53.81,229
2010ROSE03,Dennis Rosero,2024-08-03,56.02,230
2010ROSE03,Dennis Rosero,2024-08-03,50.18,231
2010ROSE03,Dennis Rosero,2024-08-17,52.59,232
2010ROSE03,Dennis Rosero,2024-08-17,53.6,233
2010ROSE03,Dennis Rosero,2024-08-19,54.57,234
2010ROSE03,Dennis Rosero,2024-08-19,53.89,235
2010ROSE03,Dennis Rosero,2024-08-24,53.99,236
2010ROSE03,Dennis Rosero,2024-08-24,51.31,237
2010ROSE03,Dennis Rosero,2024-08-24,50.22,238
2010ROSE03,Dennis Rosero,2024-09-01,50.01,239
2010ROSE03,Dennis Rosero,2024-09-01,48.61,240
2010ROSE03,Dennis Rosero,2024-09-07,49.97,241
2010ROSE03,Dennis Rosero,2024-09-07,53.63,242
2010ROSE03,Dennis Rosero,2024-09-21,56.39,243
2010ROSE03,Dennis Rosero,2024-09-22,53.13,244
2010ROSE03,Dennis Rosero,2024-09-22,50.09,245
2010ROSE03,Dennis Rosero,2024-09-29,58.67,246
2010ROSE03,Dennis Rosero,2024-10-06,53.17,247
2010ROSE03,Dennis Rosero,2024-10-06,50.63,248
2010ROSE03,Dennis Rosero,2024-11-09,54.1,249
2010ROSE03,Dennis Rosero,2024-11-09,60.96,250
2010ROSE03,Dennis Rosero,2024-11-23,53.35,251
2010ROSE03,Dennis Rosero,2024-11-23,52.57,252
2010ROSE03,Dennis Rosero,2024-11-24,55.93,253
2010ROSE03,Dennis Rosero,2024-11-24,51.99,254
2010ROSE03,Dennis Rosero,2024-12-13,56.26,255
2010ROSE03,Dennis Rosero,2024-12-15,46.04,256
2010ROSE03,Dennis Rosero,2025-01-19,52.51,257
2010ROSE03,Dennis Rosero,2025-01-19,51.63,258
2010ROSE03,Dennis Rosero,2025-01-25,51.57,259
2010ROSE03,Dennis Rosero,2025-01-25,47.87,260
2010ROSE03,Dennis Rosero,2025-02-02,52.83,261
2010ROSE03,Dennis Rosero,2025-02-02,54.09,262
2010ROSE03,Dennis Rosero,2025-02-15,50.98,263
2010ROSE03,Dennis Rosero,2025-02-15,49.24,264
2010ROSE03,Dennis Rosero,2025-03-01,49.3,265
2010ROSE03,Dennis Rosero,2025-03-01,49.77,266
2010ROSE03,Dennis Rosero,2025-03-08,52.16,267
2010ROSE03,Dennis Rosero,2025-03-08,53.4,268
2010ROSE03,Dennis Rosero,2025-03-15,51.58,269
2010ROSE03,Dennis Rosero,2025-03-15,54.22,270
2010ROSE03,Dennis Rosero,2025-03-30,48.77,271
2010ROSE03,Dennis Rosero,2025-03-30,57.6,272
2010ROSE03,Dennis Rosero,2025-04-05,48.8,273
2010ROSE03,Dennis Rosero,2025-04-05,55.02,274
2010ROSE03,Dennis Rosero,2025-04-12,45.32,275
2010ROSE03,Dennis Rosero,2025-04-13,52.21,276
2010ROSE03,Dennis Rosero,2025-04-20,50.53,277
2010ROSE03,Dennis Rosero,2025-04-20,53.5,278
2010ROSE03,Dennis Rosero,2025-05-04,52.01,279
2010ROSE03,Dennis Rosero,2025-05-23,57.92,280
2010ROSE03,Dennis Rosero,2025-05-24,50.23,281
2010ROSE03,Dennis Rosero,2025-05-24,53.04,282
2010ROSE03,Dennis Rosero,2025-05-31,54.66,283
2010ROSE03,Dennis Rosero,2025-05-31,54.26,284
2010ROSE03,Dennis Rosero,2025-07-12,51.29,285
2010ROSE03,Dennis Rosero,2025-07-20,52.56,286
2010ROSE03,Dennis Rosero,2025-08-03,52.08,287
2010ROSE03,Dennis Rosero,2025-08-17,52.9,288
2010ROSE03,Dennis Rosero,2025-08-17,56.19,289
2010ROSE03,Dennis Rosero,2025-08-23,50.38,290
2010ROSE03,Dennis Rosero,2025-08-23,50.39,291
2010ROSE03,Dennis Rosero,2025-08-31,51.45,292
2010ROSE03,Dennis Rosero,2025-08-31,51.49,293
2010ROSE03,Dennis Rosero,2025-09-07,54.84,294
2010ROSE03,Dennis Rosero,2025-09-07,51.32,295
2010ROSE03,Dennis Rosero,2025-09-13,51.64,296
2010ROSE03,Dennis Rosero,2025-09-13,51.26,297
2010ROSE03,Dennis Rosero,2025-09-20,51.96,298
2010ROSE03,Dennis Rosero,2025-09-20,51.61,299
2010ROSE03,Dennis Rosero,2025-09-27,57.6,300
2010ROSE03,Dennis Rosero,2025-09-27,51.36,301
2010ROSE03,Dennis Rosero,2025-10-04,54.57,302
2010ROSE03,Dennis Rosero,2025-10-04,55.01,303
2010ROSE03,Dennis Rosero,2025-10-05,54.05,304
2010ROSE03,Dennis Rosero,2025-10-05,50.36,305
2010ROSE03,Dennis Rosero,2025-10-25,52.0,306
2010ROSE03,Dennis Rosero,2025-11-02,55.53,307
2010ROSE03,Dennis Rosero,2025-11-02,51.64,308
2010ROSE03,Dennis Rosero,2025-11-15,56.57,309
2010ROSE03,Dennis Rosero,2025-11-30,51.1,310
2010ROSE03,Dennis Rosero,2025-11-30,53.12,311
2010ROSE03,Dennis Rosero,2025-12-06,53.7,312
2010ROSE03,Dennis Rosero,2025-12-06,50.11,313
2010ROSE03,Dennis Rosero,2025-12-06,50.57,314
2010ROSE03,Dennis Rosero,2025-12-07,55.43,315
2010ROSE03,Dennis Rosero,2025-12-07,55.22,316
2010ROSE03,Dennis Rosero,2025-12-12,48.22,317
2010ROSE03,Dennis Rosero,2025-12-12,55.43,318
2010ROSE03,Dennis Rosero,2025-12-13,52.28,319
2010ROSE03,Dennis Rosero,2025-12-13,47.41,320
2010ROSE03,Dennis Rosero,2025-12-14,51.9,321
2010ROSE03,Dennis Rosero,2025-12-14,51.9,322
2010ROSE03,Dennis Rosero,2025-12-20,53.45,323
2010ROSE03,Dennis Rosero,2025-12-20,53.45,324
2010ROSE03,Dennis Rosero,2025-12-20,50.36,325
2010ROSE03,Dennis Rosero,2025-12-21,49.63,326
2010ROSE03,Dennis Rosero,2025-12-21,51.97,327
2010ROSE03,Dennis Rosero,2025-12-27,52.68,328
2010ROSE03,Dennis Rosero,2025-12-27,49.24,329
2010ROSE03,Dennis Rosero,2025-12-27,49.62,330
2010ROSE03,Dennis Rosero,2025-12-28,50.67,331
2010ROSE03,Dennis Rosero,2025-12-28,50.03,332
2010ROSE03,Dennis Rosero,2025-12-28,54.19,333
2010ROSE03,Dennis Rosero,2026-01-11,55.24,334
2010ROSE03,Dennis Rosero,2026-01-11,54.86,335
2010ROSE03,Dennis Rosero,2026-01-18,55.09,336
2010ROSE03,Dennis Rosero,2026-01-24,50.38,337
2010ROSE03,Dennis Rosero,2026-01-24,49.31,338
2010ROSE03,Dennis Rosero,2026-01-25,50.98,339
2010ROSE03,Dennis Rosero,2026-02-15,51.64,340
2010ROSE03,Dennis Rosero,2026-02-15,49.56,341
2010ROSE03,Dennis Rosero,2026-02-22,55.87,342
2010ROSE03,Dennis Rosero,2026-02-22,51.42,343
2010ROSE03,Dennis Rosero,2026-03-14,50.89,344
2010ROSE03,Dennis Rosero,2026-03-14,49.69,345
2010ROSE03,Dennis Rosero,2026-03-21,52.45,346
2010ROSE03,Dennis Rosero,2026-04-11,52.83,347
2010ROSE03,Dennis Rosero,2026-04-11,56.52,348
2010ROSE03,Dennis Rosero,2026-05-03,51.94,349
2010ROSE03,Dennis Rosero,2026-05-03,57.34,350
2010ROSE03,Dennis Rosero,2026-05-17,51.13,351
2010ROSE03,Dennis Rosero,2026-05-17,51.86,352
2010SCHM01,Leon Schmidtchen,2010-06-12,82.49,1
2010SCHM01,Leon Schmidtchen,2010-10-09,80.05,2
2010SCHM01,Leon Schmidtchen,2011-04-09,70.71,3
2010SCHM01,Leon Schmidtchen,2011-08-13,57.83,4
2010SCHM01,Leon Schmidtchen,2011-08-13,55.57,5
2010SCHM01,Leon Schmidtchen,2011-11-26,53.76,6
2010SCHM01,Leon Schmidtchen,2011-11-26,53.86,7
2010SCHM01,Leon Schmidtchen,2011-12-10,47.05,8
2010SCHM01,Leon Schmidtchen,2011-12-10,48.75,9
2010SCHM01,Leon Schmidtchen,2012-02-04,48.14,10
2010SCHM01,Leon Schmidtchen,2012-02-04,43.71,11
2010SCHM01,Leon Schmidtchen,2012-02-25,42.23,12
2010SCHM01,Leon Schmidtchen,2012-02-25,42.14,13
2010SCHM01,Leon Schmidtchen,2012-04-28,41.94,14
2010SCHM01,Leon Schmidtchen,2012-04-28,44.98,15
2010SCHM01,Leon Schmidtchen,2012-06-23,42.67,16
2010SCHM01,Leon Schmidtchen,2012-06-23,41.89,17
2010SCHM01,Leon Schmidtchen,2012-07-07,44.76,18
2010SCHM01,Leon Schmidtchen,2012-07-07,46.42,19
2010SCHM01,Leon Schmidtchen,2012-10-06,45.25,20
2010SCHM01,Leon Schmidtchen,2012-10-06,44.67,21
2010SCHM01,Leon Schmidtchen,2012-10-12,48.58,22
2010SCHM01,Leon Schmidtchen,2012-10-12,47.24,23
2010SCHM01,Leon Schmidtchen,2012-11-03,42.43,24
2010SCHM01,Leon Schmidtchen,2012-11-03,43.14,25
2010SCHM01,Leon Schmidtchen,2012-12-08,47.3,26
2010SCHM01,Leon Schmidtchen,2012-12-08,41.14,27
2010SCHM01,Leon Schmidtchen,2013-02-02,39.73,28
2010SCHM01,Leon Schmidtchen,2013-02-02,44.27,29
2010SCHM01,Leon Schmidtchen,2013-04-20,45.05,30
2010SCHM01,Leon Schmidtchen,2013-04-20,42.61,31
2010SCHM01,Leon Schmidtchen,2013-06-01,47.1,32
2010SCHM01,Leon Schmidtchen,2013-06-01,41.3,33
2010SCHM01,Leon Schmidtchen,2013-06-22,43.31,34
2010SCHM01,Leon Schmidtchen,2013-06-22,43.42,35
2010SCHM01,Leon Schmidtchen,2013-06-22,44.39,36
2010SCHM01,Leon Schmidtchen,2013-11-09,39.74,37
2010SCHM01,Leon Schmidtchen,2013-11-09,39.23,38
2010SCHM01,Leon Schmidtchen,2013-11-23,42.66,39
2010SCHM01,Leon Schmidtchen,2013-11-23,38.01,40
2010SCHM01,Leon Schmidtchen,2013-11-30,38.67,41
2010SCHM01,Leon Schmidtchen,2013-11-30,38.97,42
2010SCHM01,Leon Schmidtchen,2013-11-30,39.39,43
2010SCHM01,Leon Schmidtchen,2014-01-03,39.48,44
2010SCHM01,Leon Schmidtchen,2014-01-03,41.3,45
2010SCHM01,Leon Schmidtchen,2014-01-03,40.51,46
2010SCHM01,Leon Schmidtchen,2014-01-18,42.64,47
2010SCHM01,Leon Schmidtchen,2014-01-18,41.69,48
2010SCHM01,Leon Schmidtchen,2014-03-15,39.18,49
2010SCHM01,Leon Schmidtchen,2014-03-15,41.42,50
2010SCHM01,Leon Schmidtchen,2014-04-05,40.79,51
2010SCHM01,Leon Schmidtchen,2014-04-05,44.94,52
2010SCHM01,Leon Schmidtchen,2014-05-24,35.91,53
2010SCHM01,Leon Schmidtchen,2014-05-24,39.64,54
2010SCHM01,Leon Schmidtchen,2014-06-07,37.45,55
2010SCHM01,Leon Schmidtchen,2014-06-07,38.14,56
2010SCHM01,Leon Schmidtchen,2014-06-07,39.31,57
2010SCHM01,Leon Schmidtchen,2014-06-28,39.17,58
2010SCHM01,Leon Schmidtchen,2014-06-28,41.1,59
2010SCHM01,Leon Schmidtchen,2014-06-28,39.02,60
2010SCHM01,Leon Schmidtchen,2014-08-08,41.32,61
2010SCHM01,Leon Schmidtchen,2014-08-08,43.43,62
2010SCHM01,Leon Schmidtchen,2014-09-06,40.32,63
2010SCHM01,Leon Schmidtchen,2014-09-06,42.19,64
2010SCHM01,Leon Schmidtchen,2014-10-04,40.79,65
2010SCHM01,Leon Schmidtchen,2014-10-04,46.51,66
2010SCHM01,Leon Schmidtchen,2014-10-04,39.99,67
2010SCHM01,Leon Schmidtchen,2014-10-11,39.7,68
2010SCHM01,Leon Schmidtchen,2014-10-11,37.23,69
2010SCHM01,Leon Schmidtchen,2014-11-08,39.88,70
2010SCHM01,Leon Schmidtchen,2014-11-08,41.35,71
2010SCHM01,Leon Schmidtchen,2014-11-29,41.32,72
2010SCHM01,Leon Schmidtchen,2014-11-29,43.65,73
2010SCHM01,Leon Schmidtchen,2014-11-29,39.51,74
2010SCHM01,Leon Schmidtchen,2015-01-17,41.46,75
2010SCHM01,Leon Schmidtchen,2015-01-17,43.18,76
2010SCHM01,Leon Schmidtchen,2015-01-17,40.29,77
2010SCHM01,Leon Schmidtchen,2015-02-21,37.04,78
2010SCHM01,Leon Schmidtchen,2015-02-21,41.39,79
2010SCHM01,Leon Schmidtchen,2015-03-29,40.74,80
2010SCHM01,Leon Schmidtchen,2015-03-29,40.68,81
2010SCHM01,Leon Schmidtchen,2015-04-18,40.94,82
2010SCHM01,Leon Schmidtchen,2015-04-18,41.3,83
2010SCHM01,Leon Schmidtchen,2015-04-18,39.61,84
2010SCHM01,Leon Schmidtchen,2015-05-16,42.0,85
2010SCHM01,Leon Schmidtchen,2015-05-16,38.51,86
2010SCHM01,Leon Schmidtchen,2015-05-16,39.19,87
2010SCHM01,Leon Schmidtchen,2015-07-04,40.66,88
2010SCHM01,Leon Schmidtchen,2015-07-04,40.32,89
2010SCHM01,Leon Schmidtchen,2015-07-04,38.9,90
2010SCHM01,Leon Schmidtchen,2015-09-05,41.53,91
2010SCHM01,Leon Schmidtchen,2015-09-05,42.65,92
2010SCHM01,Leon Schmidtchen,2015-10-31,39.91,93
2010SCHM01,Leon Schmidtchen,2015-10-31,40.02,94
2010SCHM01,Leon Schmidtchen,2015-11-14,38.79,95
2010SCHM01,Leon Schmidtchen,2015-11-14,41.95,96
2010SCHM01,Leon Schmidtchen,2015-11-14,38.31,97
2010SCHM01,Leon Schmidtchen,2016-01-30,38.71,98
2010SCHM01,Leon Schmidtchen,2016-01-30,41.73,99
2010SCHM01,Leon Schmidtchen,2016-01-30,44.03,100
2010SCHM01,Leon Schmidtchen,2016-04-02,39.96,101
2010SCHM01,Leon Schmidtchen,2016-04-02,41.1,102
2010SCHM01,Leon Schmidtchen,2016-04-09,39.4,103
2010SCHM01,Leon Schmidtchen,2016-04-09,40.95,104
2010SCHM01,Leon Schmidtchen,2016-04-09,44.7,105
2010SCHM01,Leon Schmidtchen,2016-04-16,41.86,106
2010SCHM01,Leon Schmidtchen,2016-04-16,40.75,107
2010SCHM01,Leon Schmidtchen,2016-05-07,42.35,108
2010SCHM01,Leon Schmidtchen,2016-05-07,39.6,109
2010SCHM01,Leon Schmidtchen,2016-05-21,40.71,110
2010SCHM01,Leon Schmidtchen,2016-05-21,40.35,111
2010SCHM01,Leon Schmidtchen,2016-05-28,42.47,112
2010SCHM01,Leon Schmidtchen,2016-05-28,38.23,113
2010SCHM01,Leon Schmidtchen,2016-05-28,41.46,114
2010SCHM01,Leon Schmidtchen,2016-06-19,40.34,115
2010SCHM01,Leon Schmidtchen,2016-06-19,41.58,116
2010SCHM01,Leon Schmidtchen,2016-10-07,41.24,117
2010SCHM01,Leon Schmidtchen,2016-10-07,39.0,118
2010SCHM01,Leon Schmidtchen,2016-10-07,38.62,119
2010SCHM01,Leon Schmidtchen,2016-11-05,42.28,120
2010SCHM01,Leon Schmidtchen,2016-11-05,42.74,121
2010SCHM01,Leon Schmidtchen,2017-03-25,42.0,122
2010SCHM01,Leon Schmidtchen,2017-03-25,43.09,123
2010SCHM01,Leon Schmidtchen,2017-04-29,41.6,124
2010SCHM01,Leon Schmidtchen,2017-04-29,40.08,125
2010SCHM01,Leon Schmidtchen,2017-05-27,40.33,126
2010SCHM01,Leon Schmidtchen,2017-05-27,40.42,127
2010SCHM01,Leon Schmidtchen,2017-07-13,37.17,128
2010SCHM01,Leon Schmidtchen,2017-07-13,38.46,129
2010SCHM01,Leon Schmidtchen,2017-07-21,35.19,130
2010SCHM01,Leon Schmidtchen,2017-07-21,35.39,131
2010SCHM01,Leon Schmidtchen,2017-07-21,39.59,132
2010SCHM01,Leon Schmidtchen,2017-09-01,35.6,133
2010SCHM01,Leon Schmidtchen,2017-09-01,34.73,134
2010SCHM01,Leon Schmidtchen,2017-09-01,33.13,135
2010SCHM01,Leon Schmidtchen,2017-09-16,32.47,136
2010SCHM01,Leon Schmidtchen,2017-09-16,34.2,137
2010SCHM01,Leon Schmidtchen,2017-10-14,36.17,138
2010SCHM01,Leon Schmidtchen,2017-10-14,36.09,139
2010SCHM01,Leon Schmidtchen,2017-11-04,36.38,140
2010SCHM01,Leon Schmidtchen,2017-11-04,35.46,141
2010SCHM01,Leon Schmidtchen,2017-11-18,33.86,142
2010SCHM01,Leon Schmidtchen,2017-11-18,31.96,143
2010SCHM01,Leon Schmidtchen,2017-12-16,34.59,144
2010SCHM01,Leon Schmidtchen,2017-12-16,34.23,145
2010SCHM01,Leon Schmidtchen,2018-01-13,32.67,146
2010SCHM01,Leon Schmidtchen,2018-01-13,36.04,147
2010SCHM01,Leon Schmidtchen,2018-01-27,33.98,148
2010SCHM01,Leon Schmidtchen,2018-01-27,33.22,149
2010SCHM01,Leon Schmidtchen,2018-01-27,32.01,150
2010SCHM01,Leon Schmidtchen,2018-02-10,34.44,151
2010SCHM01,Leon Schmidtchen,2018-02-10,36.65,152
2010SCHM01,Leon Schmidtchen,2018-02-10,33.77,153
2010SCHM01,Leon Schmidtchen,2018-04-21,34.0,154
2010SCHM01,Leon Schmidtchen,2018-04-21,31.35,155
2010SCHM01,Leon Schmidtchen,2018-04-28,32.73,156
2010SCHM01,Leon Schmidtchen,2018-04-28,31.74,157
2010SCHM01,Leon Schmidtchen,2018-04-28,33.06,158
2010SCHM01,Leon Schmidtchen,2018-05-12,33.94,159
2010SCHM01,Leon Schmidtchen,2018-05-12,34.85,160
2010SCHM01,Leon Schmidtchen,2018-06-02,36.43,161
2010SCHM01,Leon Schmidtchen,2018-06-02,34.81,162
2010SCHM01,Leon Schmidtchen,2018-07-19,36.46,163
2010SCHM01,Leon Schmidtchen,2018-07-19,34.2,164
2010SCHM01,Leon Schmidtchen,2018-08-04,35.44,165
2010SCHM01,Leon Schmidtchen,2018-08-04,34.5,166
2010SCHM01,Leon Schmidtchen,2018-08-04,32.74,167
2010SCHM01,Leon Schmidtchen,2018-09-07,35.04,168
2010SCHM01,Leon Schmidtchen,2018-09-07,32.58,169
2010SCHM01,Leon Schmidtchen,2018-09-07,32.99,170
2010SCHM01,Leon Schmidtchen,2018-09-22,32.29,171
2010SCHM01,Leon Schmidtchen,2018-09-22,34.13,172
2010SCHM01,Leon Schmidtchen,2018-10-27,33.74,173
2010SCHM01,Leon Schmidtchen,2018-10-27,35.24,174
2010SCHM01,Leon Schmidtchen,2018-11-17,33.07,175
2010SCHM01,Leon Schmidtchen,2018-11-17,31.93,176
2010SCHM01,Leon Schmidtchen,2019-03-15,38.73,177
2010SCHM01,Leon Schmidtchen,2019-03-15,35.83,178
2010SCHM01,Leon Schmidtchen,2019-03-22,34.37,179
2010SCHM01,Leon Schmidtchen,2019-03-22,32.47,180
2010SCHM01,Leon Schmidtchen,2019-03-22,30.61,181
2010SCHM01,Leon Schmidtchen,2019-03-30,37.14,182
2010SCHM01,Leon Schmidtchen,2019-03-30,32.96,183
2010SCHM01,Leon Schmidtchen,2019-03-30,36.23,184
2010SCHM01,Leon Schmidtchen,2019-04-06,34.15,185
2010SCHM01,Leon Schmidtchen,2019-04-06,32.78,186
2010SCHM01,Leon Schmidtchen,2019-04-13,35.15,187
2010SCHM01,Leon Schmidtchen,2019-04-13,35.0,188
2010SCHM01,Leon Schmidtchen,2019-04-27,36.3,189
2010SCHM01,Leon Schmidtchen,2019-04-27,35.95,190
2010SCHM01,Leon Schmidtchen,2019-04-27,31.73,191
2010SCHM01,Leon Schmidtchen,2019-05-11,34.68,192
2010SCHM01,Leon Schmidtchen,2019-05-11,35.45,193
2010SCHM01,Leon Schmidtchen,2019-05-11,32.26,194
2010SCHM01,Leon Schmidtchen,2019-05-18,36.72,195
2010SCHM01,Leon Schmidtchen,2019-05-18,32.5,196
2010SCHM01,Leon Schmidtchen,2019-05-18,32.88,197
2010SCHM01,Leon Schmidtchen,2019-06-01,33.2,198
2010SCHM01,Leon Schmidtchen,2019-06-01,36.0,199
2010SCHM01,Leon Schmidtchen,2019-06-08,33.38,200
2010SCHM01,Leon Schmidtchen,2019-06-08,34.47,201
2010SCHM01,Leon Schmidtchen,2019-06-22,36.12,202
2010SCHM01,Leon Schmidtchen,2019-06-22,31.12,203
2010SCHM01,Leon Schmidtchen,2019-06-22,33.16,204
2010SCHM01,Leon Schmidtchen,2019-08-02,34.19,205
2010SCHM01,Leon Schmidtchen,2019-08-02,32.0,206
2010SCHM01,Leon Schmidtchen,2019-08-02,33.58,207
2010SCHM01,Leon Schmidtchen,2019-08-10,34.59,208
2010SCHM01,Leon Schmidtchen,2019-08-10,32.62,209
2010SCHM01,Leon Schmidtchen,2019-08-24,31.94,210
2010SCHM01,Leon Schmidtchen,2019-08-24,30.71,211
2010SCHM01,Leon Schmidtchen,2019-08-24,31.86,212
2010SCHM01,Leon Schmidtchen,2019-08-31,32.59,213
2010SCHM01,Leon Schmidtchen,2019-08-31,31.34,214
2010SCHM01,Leon Schmidtchen,2019-09-07,32.61,215
2010SCHM01,Leon Schmidtchen,2019-09-07,32.61,216
2010SCHM01,Leon Schmidtchen,2019-09-21,34.36,217
2010SCHM01,Leon Schmidtchen,2019-09-21,33.82,218
2010SCHM01,Leon Schmidtchen,2019-09-28,36.28,219
2010SCHM01,Leon Schmidtchen,2019-09-28,35.73,220
2010SCHM01,Leon Schmidtchen,2019-10-12,34.28,221
2010SCHM01,Leon Schmidtchen,2019-10-12,32.54,222
2010SCHM01,Leon Schmidtchen,2019-10-12,33.1,223
2010SCHM01,Leon Schmidtchen,2019-10-19,31.86,224
2010SCHM01,Leon Schmidtchen,2019-10-19,32.07,225
2010SCHM01,Leon Schmidtchen,2019-10-26,35.33,226
2010SCHM01,Leon Schmidtchen,2019-10-26,33.86,227
2010SCHM01,Leon Schmidtchen,2019-10-26,33.31,228
2010SCHM01,Leon Schmidtchen,2019-11-02,34.11,229
2010SCHM01,Leon Schmidtchen,2019-11-02,35.28,230
2010SCHM01,Leon Schmidtchen,2019-11-02,38.66,231
2010SCHM01,Leon Schmidtchen,2019-11-09,32.4,232
2010SCHM01,Leon Schmidtchen,2019-11-09,34.55,233
2010SCHM01,Leon Schmidtchen,2019-11-23,33.47,234
2010SCHM01,Leon Schmidtchen,2019-11-23,33.16,235
2010SCHM01,Leon Schmidtchen,2019-11-30,33.29,236
2010SCHM01,Leon Schmidtchen,2019-12-14,33.08,237
2010SCHM01,Leon Schmidtchen,2019-12-14,31.45,238
2010SCHM01,Leon Schmidtchen,2019-12-21,34.5,239
2010SCHM01,Leon Schmidtchen,2019-12-21,33.06,240
2010SCHM01,Leon Schmidtchen,2019-12-21,32.37,241
2010SCHM01,Leon Schmidtchen,2020-01-18,34.3,242
2010SCHM01,Leon Schmidtchen,2020-01-18,35.31,243
2010SCHM01,Leon Schmidtchen,2020-02-15,31.77,244
2010SCHM01,Leon Schmidtchen,2020-02-15,36.69,245
2010SCHM01,Leon Schmidtchen,2020-02-22,34.45,246
2010SCHM01,Leon Schmidtchen,2020-02-22,35.5,247
2010SCHM01,Leon Schmidtchen,2020-02-22,31.57,248
2010SCHM01,Leon Schmidtchen,2020-02-29,36.16,249
2010SCHM01,Leon Schmidtchen,2020-02-29,34.43,250
2010SCHM01,Leon Schmidtchen,2020-02-29,33.24,251
2010SCHM01,Leon Schmidtchen,2021-10-16,36.27,252
2010SCHM01,Leon Schmidtchen,2021-10-16,34.29,253
2010SCHM01,Leon Schmidtchen,2021-11-06,37.18,254
2010SCHM01,Leon Schmidtchen,2021-11-06,34.14,255
2010SCHM01,Leon Schmidtchen,2021-11-06,31.53,256
2010SCHM01,Leon Schmidtchen,2022-05-21,34.26,257
2010SCHM01,Leon Schmidtchen,2022-05-21,36.51,258
2010SCHM01,Leon Schmidtchen,2022-06-11,33.98,259
2010SCHM01,Leon Schmidtchen,2022-06-11,34.9,260
2010SCHM01,Leon Schmidtchen,2022-07-09,35.0,261
2010SCHM01,Leon Schmidtchen,2022-07-09,30.87,262
2010SCHM01,Leon Schmidtchen,2022-07-09,31.98,263
2010SCHM01,Leon Schmidtchen,2022-07-14,31.98,264
2010SCHM01,Leon Schmidtchen,2022-07-14,32.06,265
2010SCHM01,Leon Schmidtchen,2022-08-13,34.56,266
2010SCHM01,Leon Schmidtchen,2022-08-13,30.32,267
2010SCHM01,Leon Schmidtchen,2022-08-19,32.7,268
2010SCHM01,Leon Schmidtchen,2022-08-19,33.32,269
2010SCHM01,Leon Schmidtchen,2022-08-19,32.56,270
2010SCHM01,Leon Schmidtchen,2022-08-27,33.93,271
2010SCHM01,Leon Schmidtchen,2022-08-27,33.03,272
2010SCHM01,Leon Schmidtchen,2022-10-08,33.5,273
2010SCHM01,Leon Schmidtchen,2022-10-08,37.34,274
2010SCHM01,Leon Schmidtchen,2022-11-26,34.53,275
2010SCHM01,Leon Schmidtchen,2022-11-26,35.89,276
2010SCHM01,Leon Schmidtchen,2022-11-26,36.23,277
2010SCHM01,Leon Schmidtchen,2023-02-04,33.06,278
2010SCHM01,Leon Schmidtchen,2023-02-04,32.26,279
2010SCHM01,Leon Schmidtchen,2023-04-01,35.97,280
2010SCHM01,Leon Schmidtchen,2023-04-01,34.32,281
2010SCHM01,Leon Schmidtchen,2023-04-07,31.87,282
2010SCHM01,Leon Schmidtchen,2023-04-07,33.01,283
2010SCHM01,Leon Schmidtchen,2023-04-07,33.14,284
2010SCHM01,Leon Schmidtchen,2023-04-15,32.5,285
2010SCHM01,Leon Schmidtchen,2023-04-15,32.84,286
2010SCHM01,Leon Schmidtchen,2023-04-15,30.39,287
2010SCHM01,Leon Schmidtchen,2023-07-08,35.96,288
2010SCHM01,Leon Schmidtchen,2023-07-08,31.99,289
2010SCHM01,Leon Schmidtchen,2023-08-04,32.89,290
2010SCHM01,Leon Schmidtchen,2023-08-04,32.23,291
2010SCHM01,Leon Schmidtchen,2023-08-04,31.33,292
2010SCHM01,Leon Schmidtchen,2023-08-12,35.77,293
2010SCHM01,Leon Schmidtchen,2023-09-16,34.41,294
2010SCHM01,Leon Schmidtchen,2023-09-23,33.82,295
2010SCHM01,Leon Schmidtchen,2023-09-23,32.92,296
2010SCHM01,Leon Schmidtchen,2023-09-30,33.27,297
2010SCHM01,Leon Schmidtchen,2023-09-30,32.34,298
2010SCHM01,Leon Schmidtchen,2023-10-21,31.6,299
2010SCHM01,Leon Schmidtchen,2023-10-21,33.65,300
2010SCHM01,Leon Schmidtchen,2023-11-03,33.28,301
2010SCHM01,Leon Schmidtchen,2023-11-03,33.22,302
2010SCHM01,Leon Schmidtchen,2023-11-25,33.11,303
2010SCHM01,Leon Schmidtchen,2023-11-25,34.74,304
2010SCHM01,Leon Schmidtchen,2023-11-25,31.65,305
2010SCHM01,Leon Schmidtchen,2024-03-09,35.9,306
2010SCHM01,Leon Schmidtchen,2024-03-09,32.36,307
2010SCHM01,Leon Schmidtchen,2024-03-09,33.31,308
2010SCHM01,Leon Schmidtchen,2024-03-23,34.47,309
2010SCHM01,Leon Schmidtchen,2024-03-23,34.32,310
2010SCHM01,Leon Schmidtchen,2024-03-23,33.93,311
2010SCHM01,Leon Schmidtchen,2024-04-05,31.4,312
2010SCHM01,Leon Schmidtchen,2024-04-05,32.39,313
2010SCHM01,Leon Schmidtchen,2024-04-13,31.87,314
2010SCHM01,Leon Schmidtchen,2024-04-13,29.72,315
2010SCHM01,Leon Schmidtchen,2024-05-04,32.43,316
2010SCHM01,Leon Schmidtchen,2024-05-04,32.72,317
2010SCHM01,Leon Schmidtchen,2024-06-01,31.15,318
2010SCHM01,Leon Schmidtchen,2024-06-01,33.05,319
2010SCHM01,Leon Schmidtchen,2024-09-07,37.89,320
2010SCHM01,Leon Schmidtchen,2024-09-07,31.64,321
2010SCHM01,Leon Schmidtchen,2024-10-04,32.43,322
2010SCHM01,Leon Schmidtchen,2024-10-04,31.5,323
2010SCHM01,Leon Schmidtchen,2024-10-04,29.86,324
2010SCHM01,Leon Schmidtchen,2024-11-09,34.15,325
2010SCHM01,Leon Schmidtchen,2024-11-09,32.98,326
2010SCHM01,Leon Schmidtchen,2024-12-20,33.8,327
2010SCHM01,Leon Schmidtchen,2024-12-20,33.88,328
2010SCHM01,Leon Schmidtchen,2024-12-20,33.8,329
2010SCHM01,Leon Schmidtchen,2025-01-18,32.55,330
2010SCHM01,Leon Schmidtchen,2025-01-18,33.18,331
2010SCHM01,Leon Schmidtchen,2025-01-18,32.74,332
2010SCHM01,Leon Schmidtchen,2025-01-24,31.39,333
2010SCHM01,Leon Schmidtchen,2025-01-24,32.47,334
2010SCHM01,Leon Schmidtchen,2025-02-14,31.84,335
2010SCHM01,Leon Schmidtchen,2025-02-14,31.9,336
2010SCHM01,Leon Schmidtchen,2025-03-15,31.43,337
2010SCHM01,Leon Schmidtchen,2025-03-15,33.14,338
2010SCHM01,Leon Schmidtchen,2025-03-29,32.34,339
2010SCHM01,Leon Schmidtchen,2025-03-29,35.07,340
2010SCHM01,Leon Schmidtchen,2025-04-18,33.65,341
2010SCHM01,Leon Schmidtchen,2025-04-18,33.28,342
2010SCHM01,Leon Schmidtchen,2025-05-03,30.7,343
2010SCHM01,Leon Schmidtchen,2025-05-03,29.89,344
2010SCHM01,Leon Schmidtchen,2025-05-24,32.61,345
2010SCHM01,Leon Schmidtchen,2025-05-24,32.62,346
2010SCHM01,Leon Schmidtchen,2025-06-14,33.13,347
2010SCHM01,Leon Schmidtchen,2025-06-14,32.35,348
2010SCHM01,Leon Schmidtchen,2025-07-03,29.76,349
2010SCHM01,Leon Schmidtchen,2025-07-03,31.71,350
2010SCHM01,Leon Schmidtchen,2025-09-06,34.58,351
2010SCHM01,Leon Schmidtchen,2025-09-06,32.73,352
2010SCHM01,Leon Schmidtchen,2025-09-20,34.35,353
2010SCHM01,Leon Schmidtchen,2025-09-20,30.33,354
2010SCHM01,Leon Schmidtchen,2025-09-26,31.95,355
2010SCHM01,Leon Schmidtchen,2025-09-26,30.67,356
2010SCHM01,Leon Schmidtchen,2025-09-26,33.32,357
2010SCHM01,Leon Schmidtchen,2025-11-22,31.6,358
2010SCHM01,Leon Schmidtchen,2025-11-22,33.14,359
2010SCHM01,Leon Schmidtchen,2025-12-19,33.97,360
2010SCHM01,Leon Schmidtchen,2025-12-19,32.32,361
2010SCHM01,Leon Schmidtchen,2025-12-19,35.14,362
2010SCHM01,Leon Schmidtchen,2026-01-10,33.94,363
2010SCHM01,Leon Schmidtchen,2026-01-10,33.69,364
2010SCHM01,Leon Schmidtchen,2026-01-23,31.3,365
2010SCHM01,Leon Schmidtchen,2026-01-23,33.54,366
2010SCHM01,Leon Schmidtchen,2026-02-15,32.73,367
2010SCHM01,Leon Schmidtchen,2026-02-21,35.67,368
2010SCHM01,Leon Schmidtchen,2026-02-21,31.42,369
2010SCHM01,Leon Schmidtchen,2026-02-21,29.9,370
2010SCHM01,Leon Schmidtchen,2026-04-25,33.7,371
2010SCHM01,Leon Schmidtchen,2026-04-25,33.59,372
2010SCHM01,Leon Schmidtchen,2026-05-01,32.42,373
2010SCHM01,Leon Schmidtchen,2026-05-01,34.4,374
2010SCHM01,Leon Schmidtchen,2026-05-16,31.89,375
2010SCHM01,Leon Schmidtchen,2026-05-16,34.19,376
2010WEYE01,Philipp Weyer,2010-08-14,77.24,1
2010WEYE01,Philipp Weyer,2010-08-14,78.12,2
2010WEYE01,Philipp Weyer,2010-09-11,68.81,3
2010WEYE01,Philipp Weyer,2010-10-09,61.09,4
2010WEYE01,Philipp Weyer,2010-10-09,66.33,5
2010WEYE01,Philipp Weyer,2011-01-14,73.73,6
2010WEYE01,Philipp Weyer,2011-04-09,60.86,7
2010WEYE01,Philipp Weyer,2011-04-09,57.75,8
2010WEYE01,Philipp Weyer,2011-04-30,51.69,9
2010WEYE01,Philipp Weyer,2011-04-30,52.17,10
2010WEYE01,Philipp Weyer,2011-06-10,55.24,11
2010WEYE01,Philipp Weyer,2011-06-10,62.63,12
2010WEYE01,Philipp Weyer,2011-06-10,52.38,13
2010WEYE01,Philipp Weyer,2011-08-13,56.91,14
2010WEYE01,Philipp Weyer,2011-08-13,54.83,15
2010WEYE01,Philipp Weyer,2011-10-22,61.71,16
2010WEYE01,Philipp Weyer,2011-10-22,59.45,17
2010WEYE01,Philipp Weyer,2011-12-10,60.12,18
2010WEYE01,Philipp Weyer,2012-02-04,56.65,19
2010WEYE01,Philipp Weyer,2012-02-04,56.0,20
2010WEYE01,Philipp Weyer,2012-03-03,57.91,21
2010WEYE01,Philipp Weyer,2012-03-03,59.36,22
2010WEYE01,Philipp Weyer,2012-03-03,50.31,23
2010WEYE01,Philipp Weyer,2012-04-14,49.07,24
2010WEYE01,Philipp Weyer,2012-04-14,50.11,25
2010WEYE01,Philipp Weyer,2012-06-23,47.08,26
2010WEYE01,Philipp Weyer,2012-06-23,48.96,27
2010WEYE01,Philipp Weyer,2012-11-03,45.86,28
2010WEYE01,Philipp Weyer,2012-11-03,50.38,29
2010WEYE01,Philipp Weyer,2012-12-08,49.06,30
2010WEYE01,Philipp Weyer,2012-12-08,47.23,31
2010WEYE01,Philipp Weyer,2013-02-16,49.29,32
2010WEYE01,Philipp Weyer,2013-02-16,50.34,33
2010WEYE01,Philipp Weyer,2013-02-16,44.48,34
2010WEYE01,Philipp Weyer,2013-07-26,48.0,35
2010WEYE01,Philipp Weyer,2013-07-26,46.2,36
2010WEYE01,Philipp Weyer,2013-10-26,49.95,37
2010WEYE01,Philipp Weyer,2013-10-26,44.83,38
2010WEYE01,Philipp Weyer,2013-11-23,48.31,39
2010WEYE01,Philipp Weyer,2013-11-23,43.97,40
2010WEYE01,Philipp Weyer,2014-01-03,46.26,41
2010WEYE01,Philipp Weyer,2014-01-03,45.52,42
2010WEYE01,Philipp Weyer,2014-01-03,48.84,43
2010WEYE01,Philipp Weyer,2014-01-18,43.75,44
2010WEYE01,Philipp Weyer,2014-01-18,43.79,45
2010WEYE01,Philipp Weyer,2014-04-18,39.71,46
2010WEYE01,Philipp Weyer,2014-04-18,40.62,47
2010WEYE01,Philipp Weyer,2014-04-18,43.87,48
2010WEYE01,Philipp Weyer,2014-08-08,35.29,49
2010WEYE01,Philipp Weyer,2014-08-08,36.28,50
2010WEYE01,Philipp Weyer,2014-08-08,38.56,51
2010WEYE01,Philipp Weyer,2014-09-06,39.34,52
2010WEYE01,Philipp Weyer,2014-09-06,41.97,53
2010WEYE01,Philipp Weyer,2014-10-04,39.8,54
2010WEYE01,Philipp Weyer,2014-10-04,42.15,55
2010WEYE01,Philipp Weyer,2014-10-04,42.95,56
2010WEYE01,Philipp Weyer,2014-11-08,34.95,57
2010WEYE01,Philipp Weyer,2014-11-08,40.29,58
2010WEYE01,Philipp Weyer,2015-02-21,40.29,59
2010WEYE01,Philipp Weyer,2015-02-21,39.21,60
2010WEYE01,Philipp Weyer,2015-04-18,40.95,61
2010WEYE01,Philipp Weyer,2015-04-18,39.35,62
2010WEYE01,Philipp Weyer,2015-04-18,39.74,63
2010WEYE01,Philipp Weyer,2015-06-06,41.58,64
2010WEYE01,Philipp Weyer,2015-06-06,42.67,65
2010WEYE01,Philipp Weyer,2015-06-06,41.61,66
2010WEYE01,Philipp Weyer,2015-09-05,41.63,67
2010WEYE01,Philipp Weyer,2015-09-05,40.29,68
2010WEYE01,Philipp Weyer,2016-01-09,43.19,69
2010WEYE01,Philipp Weyer,2016-01-09,40.03,70
2010WEYE01,Philipp Weyer,2016-01-30,38.53,71
2010WEYE01,Philipp Weyer,2016-01-30,38.82,72
2010WEYE01,Philipp Weyer,2016-01-30,38.34,73
2010WEYE01,Philipp Weyer,2016-04-09,43.37,74
2010WEYE01,Philipp Weyer,2016-04-09,40.76,75
2010WEYE01,Philipp Weyer,2016-04-09,42.66,76
2010WEYE01,Philipp Weyer,2016-07-15,38.75,77
2010WEYE01,Philipp Weyer,2016-07-15,39.94,78
2010WEYE01,Philipp Weyer,2016-08-13,39.05,79
2010WEYE01,Philipp Weyer,2016-08-13,38.23,80
2010WEYE01,Philipp Weyer,2016-08-13,40.66,81
2010WEYE01,Philipp Weyer,2016-10-07,39.62,82
2010WEYE01,Philipp Weyer,2016-10-07,40.04,83
2010WEYE01,Philipp Weyer,2016-10-07,39.13,84
2010WEYE01,Philipp Weyer,2016-10-29,39.31,85
2010WEYE01,Philipp Weyer,2016-10-29,41.45,86
2010WEYE01,Philipp Weyer,2016-11-05,41.19,87
2010WEYE01,Philipp Weyer,2016-11-05,38.75,88
2010WEYE01,Philipp Weyer,2016-11-26,39.42,89
2010WEYE01,Philipp Weyer,2016-11-26,35.39,90
2010WEYE01,Philipp Weyer,2017-01-06,37.53,91
2010WEYE01,Philipp Weyer,2017-01-06,37.24,92
2010WEYE01,Philipp Weyer,2017-01-06,36.49,93
2010WEYE01,Philipp Weyer,2017-01-28,37.05,94
2010WEYE01,Philipp Weyer,2017-01-28,34.31,95
2010WEYE01,Philipp Weyer,2017-01-28,40.39,96
2010WEYE01,Philipp Weyer,2017-04-29,37.38,97
2010WEYE01,Philipp Weyer,2017-04-29,39.31,98
2010WEYE01,Philipp Weyer,2017-06-10,35.94,99
2010WEYE01,Philipp Weyer,2017-06-10,36.41,100
2010WEYE01,Philipp Weyer,2017-07-01,37.38,101
2010WEYE01,Philipp Weyer,2017-07-01,35.25,102
2010WEYE01,Philipp Weyer,2017-07-01,37.9,103
2010WEYE01,Philipp Weyer,2017-07-08,34.91,104
2010WEYE01,Philipp Weyer,2017-07-08,37.16,105
2010WEYE01,Philipp Weyer,2017-07-13,37.89,106
2010WEYE01,Philipp Weyer,2017-07-13,38.64,107
2010WEYE01,Philipp Weyer,2017-09-01,37.12,108
2010WEYE01,Philipp Weyer,2017-09-01,36.25,109
2010WEYE01,Philipp Weyer,2017-09-01,32.71,110
2010WEYE01,Philipp Weyer,2017-09-16,33.3,111
2010WEYE01,Philipp Weyer,2017-09-16,32.14,112
2010WEYE01,Philipp Weyer,2017-10-27,35.74,113
2010WEYE01,Philipp Weyer,2017-10-27,38.06,114
2010WEYE01,Philipp Weyer,2017-11-04,33.54,115
2010WEYE01,Philipp Weyer,2017-11-04,36.28,116
2010WEYE01,Philipp Weyer,2017-11-18,32.75,117
2010WEYE01,Philipp Weyer,2017-11-18,31.27,118
2010WEYE01,Philipp Weyer,2017-11-25,31.01,119
2010WEYE01,Philipp Weyer,2017-11-25,32.5,120
2010WEYE01,Philipp Weyer,2017-12-02,34.79,121
2010WEYE01,Philipp Weyer,2017-12-02,34.52,122
2010WEYE01,Philipp Weyer,2018-01-13,33.53,123
2010WEYE01,Philipp Weyer,2018-01-13,31.07,124
2010WEYE01,Philipp Weyer,2018-02-10,36.06,125
2010WEYE01,Philipp Weyer,2018-02-10,31.73,126
2010WEYE01,Philipp Weyer,2018-02-10,34.59,127
2010WEYE01,Philipp Weyer,2018-02-17,30.93,128
2010WEYE01,Philipp Weyer,2018-02-17,32.77,129
2010WEYE01,Philipp Weyer,2018-02-17,35.42,130
2010WEYE01,Philipp Weyer,2018-03-24,33.17,131
2010WEYE01,Philipp Weyer,2018-03-24,32.97,132
2010WEYE01,Philipp Weyer,2018-03-24,32.09,133
2010WEYE01,Philipp Weyer,2018-04-21,31.93,134
2010WEYE01,Philipp Weyer,2018-04-21,32.71,135
2010WEYE01,Philipp Weyer,2018-04-28,33.94,136
2010WEYE01,Philipp Weyer,2018-04-28,32.28,137
2010WEYE01,Philipp Weyer,2018-04-28,32.9,138
2010WEYE01,Philipp Weyer,2018-05-12,32.56,139
2010WEYE01,Philipp Weyer,2018-05-12,33.81,140
2010WEYE01,Philipp Weyer,2018-06-02,30.78,141
2010WEYE01,Philipp Weyer,2018-06-02,29.15,142
2010WEYE01,Philipp Weyer,2018-06-09,30.33,143
2010WEYE01,Philipp Weyer,2018-06-09,32.76,144
2010WEYE01,Philipp Weyer,2018-07-14,33.93,145
2010WEYE01,Philipp Weyer,2018-07-14,30.99,146
2010WEYE01,Philipp Weyer,2018-07-19,29.27,147
2010WEYE01,Philipp Weyer,2018-07-19,30.88,148
2010WEYE01,Philipp Weyer,2018-07-19,30.28,149
2010WEYE01,Philipp Weyer,2018-07-27,28.88,150
2010WEYE01,Philipp Weyer,2018-07-27,30.25,151
2010WEYE01,Philipp Weyer,2018-07-27,30.36,152
2010WEYE01,Philipp Weyer,2018-09-07,33.38,153
2010WEYE01,Philipp Weyer,2018-09-07,36.7,154
2010WEYE01,Philipp Weyer,2018-09-07,30.54,155
2010WEYE01,Philipp Weyer,2018-10-26,32.2,156
2010WEYE01,Philipp Weyer,2018-10-26,32.62,157
2010WEYE01,Philipp Weyer,2018-10-26,32.1,158
2010WEYE01,Philipp Weyer,2018-11-03,34.29,159
2010WEYE01,Philipp Weyer,2018-11-03,32.5,160
2010WEYE01,Philipp Weyer,2018-11-03,33.02,161
2010WEYE01,Philipp Weyer,2018-11-10,32.97,162
2010WEYE01,Philipp Weyer,2018-11-10,32.49,163
2010WEYE01,Philipp Weyer,2018-11-17,31.2,164
2010WEYE01,Philipp Weyer,2018-11-17,30.49,165
2010WEYE01,Philipp Weyer,2018-11-24,30.79,166
2010WEYE01,Philipp Weyer,2018-11-24,34.29,167
2010WEYE01,Philipp Weyer,2018-11-24,29.52,168
2010WEYE01,Philipp Weyer,2018-12-15,32.13,169
2010WEYE01,Philipp Weyer,2018-12-15,31.8,170
2010WEYE01,Philipp Weyer,2018-12-15,30.01,171
2010WEYE01,Philipp Weyer,2019-01-19,33.85,172
2010WEYE01,Philipp Weyer,2019-01-19,32.18,173
2010WEYE01,Philipp Weyer,2019-02-09,32.4,174
2010WEYE01,Philipp Weyer,2019-02-09,30.14,175
2010WEYE01,Philipp Weyer,2019-02-16,30.28,176
2010WEYE01,Philipp Weyer,2019-02-16,30.23,177
2010WEYE01,Philipp Weyer,2019-03-22,33.01,178
2010WEYE01,Philipp Weyer,2019-03-22,31.58,179
2010WEYE01,Philipp Weyer,2019-03-22,29.97,180
2010WEYE01,Philipp Weyer,2019-04-06,31.04,181
2010WEYE01,Philipp Weyer,2019-04-06,32.65,182
2010WEYE01,Philipp Weyer,2019-04-20,29.93,183
2010WEYE01,Philipp Weyer,2019-04-20,30.5,184
2010WEYE01,Philipp Weyer,2019-04-20,28.5,185
2010WEYE01,Philipp Weyer,2019-04-27,30.91,186
2010WEYE01,Philipp Weyer,2019-04-27,29.75,187
2010WEYE01,Philipp Weyer,2019-04-27,31.27,188
2010WEYE01,Philipp Weyer,2019-05-11,31.89,189
2010WEYE01,Philipp Weyer,2019-05-11,30.89,190
2010WEYE01,Philipp Weyer,2019-05-11,31.43,191
2010WEYE01,Philipp Weyer,2019-05-18,30.87,192
2010WEYE01,Philipp Weyer,2019-05-18,30.67,193
2010WEYE01,Philipp Weyer,2019-05-18,31.88,194
2010WEYE01,Philipp Weyer,2019-06-22,29.57,195
2010WEYE01,Philipp Weyer,2019-06-22,31.59,196
2010WEYE01,Philipp Weyer,2019-06-29,31.76,197
2010WEYE01,Philipp Weyer,2019-06-29,33.78,198
2010WEYE01,Philipp Weyer,2019-07-06,30.65,199
2010WEYE01,Philipp Weyer,2019-07-06,31.08,200
2010WEYE01,Philipp Weyer,2019-07-11,28.37,201
2010WEYE01,Philipp Weyer,2019-07-11,31.29,202
2010WEYE01,Philipp Weyer,2019-08-02,31.75,203
2010WEYE01,Philipp Weyer,2019-08-02,30.9,204
2010WEYE01,Philipp Weyer,2019-08-02,30.6,205
2010WEYE01,Philipp Weyer,2019-08-10,30.08,206
2010WEYE01,Philipp Weyer,2019-08-10,29.51,207
2010WEYE01,Philipp Weyer,2019-08-10,31.39,208
2010WEYE01,Philipp Weyer,2019-08-24,31.77,209
2010WEYE01,Philipp Weyer,2019-08-31,29.59,210
2010WEYE01,Philipp Weyer,2019-08-31,31.69,211
2010WEYE01,Philipp Weyer,2019-09-07,31.93,212
2010WEYE01,Philipp Weyer,2019-09-07,28.85,213
2010WEYE01,Philipp Weyer,2019-09-21,32.71,214
2010WEYE01,Philipp Weyer,2019-09-21,32.04,215
2010WEYE01,Philipp Weyer,2019-09-21,30.78,216
2010WEYE01,Philipp Weyer,2019-10-12,27.62,217
2010WEYE01,Philipp Weyer,2019-10-12,28.12,218
2010WEYE01,Philipp Weyer,2019-10-12,30.55,219
2010WEYE01,Philipp Weyer,2019-10-19,35.61,220
2010WEYE01,Philipp Weyer,2019-10-19,30.45,221
2010WEYE01,Philipp Weyer,2019-10-19,32.54,222
2010WEYE01,Philipp Weyer,2019-10-25,30.21,223
2010WEYE01,Philipp Weyer,2019-10-25,33.79,224
2010WEYE01,Philipp Weyer,2019-10-25,27.98,225
2010WEYE01,Philipp Weyer,2019-11-02,30.3,226
2010WEYE01,Philipp Weyer,2019-11-02,29.82,227
2010WEYE01,Philipp Weyer,2019-11-02,32.75,228
2010WEYE01,Philipp Weyer,2019-11-23,32.38,229
2010WEYE01,Philipp Weyer,2020-01-18,31.14,230
2010WEYE01,Philipp Weyer,2020-01-18,29.42,231
2010WEYE01,Philipp Weyer,2020-02-08,29.86,232
2010WEYE01,Philipp Weyer,2020-02-08,31.08,233
2010WEYE01,Philipp Weyer,2020-02-08,34.16,234
2010WEYE01,Philipp Weyer,2020-02-15,33.92,235
2010WEYE01,Philipp Weyer,2020-02-15,34.83,236
2010WEYE01,Philipp Weyer,2020-02-15,31.1,237
2010WEYE01,Philipp Weyer,2020-02-29,28.92,238
2010WEYE01,Philipp Weyer,2020-02-29,30.13,239
2010WEYE01,Philipp Weyer,2020-02-29,32.49,240
2010WEYE01,Philipp Weyer,2021-10-16,37.39,241
2010WEYE01,Philipp Weyer,2021-10-16,36.09,242
2010WEYE01,Philipp Weyer,2021-11-06,35.09,243
2010WEYE01,Philipp Weyer,2021-11-06,30.63,244
2010WEYE01,Philipp Weyer,2021-11-06,31.32,245
2010WEYE01,Philipp Weyer,2022-02-05,32.93,246
2010WEYE01,Philipp Weyer,2022-02-05,31.68,247
2010WEYE01,Philipp Weyer,2022-03-19,33.23,248
2010WEYE01,Philipp Weyer,2022-03-19,31.88,249
2010WEYE01,Philipp Weyer,2022-03-19,29.03,250
2010WEYE01,Philipp Weyer,2022-04-16,30.73,251
2010WEYE01,Philipp Weyer,2022-04-16,29.42,252
2010WEYE01,Philipp Weyer,2022-04-16,32.2,253
2010WEYE01,Philipp Weyer,2022-05-01,32.41,254
2010WEYE01,Philipp Weyer,2022-05-01,31.23,255
2010WEYE01,Philipp Weyer,2022-05-21,32.14,256
2010WEYE01,Philipp Weyer,2022-05-21,30.15,257
2010WEYE01,Philipp Weyer,2022-05-21,34.21,258
2010WEYE01,Philipp Weyer,2022-06-04,30.23,259
2010WEYE01,Philipp Weyer,2022-06-04,31.3,260
2010WEYE01,Philipp Weyer,2022-06-04,33.63,261
2010WEYE01,Philipp Weyer,2022-06-11,31.01,262
2010WEYE01,Philipp Weyer,2022-06-11,30.1,263
2010WEYE01,Philipp Weyer,2022-06-11,31.67,264
2010WEYE01,Philipp Weyer,2022-07-02,33.51,265
2010WEYE01,Philipp Weyer,2022-07-02,33.34,266
2010WEYE01,Philipp Weyer,2022-07-14,34.98,267
2010WEYE01,Philipp Weyer,2022-07-14,32.77,268
2010WEYE01,Philipp Weyer,2022-08-19,31.66,269
2010WEYE01,Philipp Weyer,2022-08-19,33.26,270
2010WEYE01,Philipp Weyer,2022-08-19,30.9,271
2010WEYE01,Philipp Weyer,2022-09-03,30.75,272
2010WEYE01,Philipp Weyer,2022-09-03,29.66,273
2010WEYE01,Philipp Weyer,2022-11-19,31.36,274
2010WEYE01,Philipp Weyer,2023-02-04,32.58,275
2010WEYE01,Philipp Weyer,2023-02-04,30.68,276
2010WEYE01,Philipp Weyer,2023-02-18,31.85,277
2010WEYE01,Philipp Weyer,2023-02-18,32.13,278
2010WEYE01,Philipp Weyer,2023-03-18,30.87,279
2010WEYE01,Philipp Weyer,2023-03-18,31.24,280
2010WEYE01,Philipp Weyer,2023-03-18,34.35,281
2010WEYE01,Philipp Weyer,2023-05-06,34.87,282
2010WEYE01,Philipp Weyer,2023-05-06,35.04,283
2010WEYE01,Philipp Weyer,2023-05-06,34.55,284
2010WEYE01,Philipp Weyer,2023-07-08,32.26,285
2010WEYE01,Philipp Weyer,2023-07-08,32.74,286
2010WEYE01,Philipp Weyer,2023-07-22,33.71,287
2010WEYE01,Philipp Weyer,2023-07-22,32.72,288
2010WEYE01,Philipp Weyer,2023-08-04,37.98,289
2010WEYE01,Philipp Weyer,2023-08-04,27.95,290
2010WEYE01,Philipp Weyer,2023-08-04,30.68,291
2010WEYE01,Philipp Weyer,2023-08-12,29.76,292
2010WEYE01,Philipp Weyer,2023-08-12,31.08,293
2010WEYE01,Philipp Weyer,2023-09-02,29.66,294
2010WEYE01,Philipp Weyer,2023-09-02,32.05,295
2010WEYE01,Philipp Weyer,2023-09-16,30.78,296
2010WEYE01,Philipp Weyer,2023-10-08,32.55,297
2010WEYE01,Philipp Weyer,2023-10-21,30.35,298
2010WEYE01,Philipp Weyer,2023-10-21,32.12,299
2010WEYE01,Philipp Weyer,2023-11-18,31.37,300
2010WEYE01,Philipp Weyer,2023-11-18,29.95,301
2010WEYE01,Philipp Weyer,2024-01-20,31.42,302
2010WEYE01,Philipp Weyer,2024-01-20,32.86,303
2010WEYE01,Philipp Weyer,2024-03-09,29.59,304
2010WEYE01,Philipp Weyer,2024-03-09,29.44,305
2010WEYE01,Philipp Weyer,2024-03-09,30.18,306
2010WEYE01,Philipp Weyer,2024-03-30,29.02,307
2010WEYE01,Philipp Weyer,2024-03-30,31.98,308
2010WEYE01,Philipp Weyer,2024-05-25,27.93,309
2010WEYE01,Philipp Weyer,2024-05-25,26.95,310
2010WEYE01,Philipp Weyer,2024-06-29,28.1,311
2010WEYE01,Philipp Weyer,2024-06-29,27.43,312
2010WEYE01,Philipp Weyer,2024-07-25,27.59,313
2010WEYE01,Philipp Weyer,2024-09-07,30.86,314
2010WEYE01,Philipp Weyer,2024-09-07,28.7,315
2010WEYE01,Philipp Weyer,2024-09-21,30.07,316
2010WEYE01,Philipp Weyer,2024-10-04,27.69,317
2010WEYE01,Philipp Weyer,2024-10-04,30.26,318
2010WEYE01,Philipp Weyer,2024-10-04,27.45,319
2010WEYE01,Philipp Weyer,2024-11-16,30.21,320
2010WEYE01,Philipp Weyer,2024-11-16,28.41,321
2010WEYE01,Philipp Weyer,2024-11-16,26.89,322
2010WEYE01,Philipp Weyer,2024-12-14,27.35,323
2010WEYE01,Philipp Weyer,2024-12-14,27.6,324
2010WEYE01,Philipp Weyer,2025-01-25,30.77,325
2010WEYE01,Philipp Weyer,2025-04-19,30.11,326
2010WEYE01,Philipp Weyer,2025-05-03,27.99,327
2010WEYE01,Philipp Weyer,2025-05-03,29.78,328
2010WEYE01,Philipp Weyer,2025-05-30,28.18,329
2010WEYE01,Philipp Weyer,2025-09-26,28.92,330
2010WEYE01,Philipp Weyer,2025-09-26,32.17,331
2010WEYE01,Philipp Weyer,2025-09-26,27.87,332
2010WEYE01,Philipp Weyer,2025-11-08,32.75,333
2010WEYE01,Philipp Weyer,2025-11-15,31.0,334
2010WEYE01,Philipp Weyer,2025-11-15,30.74,335
2010WEYE01,Philipp Weyer,2025-12-19,29.32,336
2010WEYE01,Philipp Weyer,2025-12-19,29.57,337
2010WEYE01,Philipp Weyer,2025-12-19,30.97,338
2010WEYE01,Philipp Weyer,2026-01-16,33.05,339
2010WEYE01,Philipp Weyer,2026-01-16,34.34,340
2010WEYE01,Philipp Weyer,2026-01-16,30.72,341
2010WEYE01,Philipp Weyer,2026-04-04,30.8,342
2010WEYE01,Philipp Weyer,2026-04-04,31.43,343
2010WEYE02,Sebastian Weyer,2010-08-14,75.72,1
2010WEYE02,Sebastian Weyer,2010-08-14,72.45,2
2010WEYE02,Sebastian Weyer,2010-08-14,73.5,3
2010WEYE02,Sebastian Weyer,2010-09-11,67.55,4
2010WEYE02,Sebastian Weyer,2010-10-09,62.96,5
2010WEYE02,Sebastian Weyer,2010-10-09,67.35,6
2010WEYE02,Sebastian Weyer,2011-01-14,46.35,7
2010WEYE02,Sebastian Weyer,2011-01-14,43.48,8
2010WEYE02,Sebastian Weyer,2011-04-09,37.89,9
2010WEYE02,Sebastian Weyer,2011-04-09,41.32,10
2010WEYE02,Sebastian Weyer,2011-04-30,44.6,11
2010WEYE02,Sebastian Weyer,2011-04-30,37.77,12
2010WEYE02,Sebastian Weyer,2011-06-10,41.29,13
2010WEYE02,Sebastian Weyer,2011-06-10,51.82,14
2010WEYE02,Sebastian Weyer,2011-06-10,42.18,15
2010WEYE02,Sebastian Weyer,2011-08-13,39.39,16
2010WEYE02,Sebastian Weyer,2011-08-13,41.09,17
2010WEYE02,Sebastian Weyer,2011-12-10,37.23,18
2010WEYE02,Sebastian Weyer,2011-12-10,41.13,19
2010WEYE02,Sebastian Weyer,2012-02-04,39.6,20
2010WEYE02,Sebastian Weyer,2012-02-04,37.73,21
2010WEYE02,Sebastian Weyer,2012-03-03,38.48,22
2010WEYE02,Sebastian Weyer,2012-03-03,43.97,23
2010WEYE02,Sebastian Weyer,2012-03-03,37.5,24
2010WEYE02,Sebastian Weyer,2012-04-14,34.88,25
2010WEYE02,Sebastian Weyer,2012-04-14,34.52,26
2010WEYE02,Sebastian Weyer,2012-06-23,30.81,27
2010WEYE02,Sebastian Weyer,2012-06-23,38.6,28
2010WEYE02,Sebastian Weyer,2012-11-03,32.26,29
2010WEYE02,Sebastian Weyer,2012-11-03,34.53,30
2010WEYE02,Sebastian Weyer,2012-12-08,29.17,31
2010WEYE02,Sebastian Weyer,2012-12-08,31.11,32
2010WEYE02,Sebastian Weyer,2013-02-16,30.65,33
2010WEYE02,Sebastian Weyer,2013-02-16,33.59,34
2010WEYE02,Sebastian Weyer,2013-02-16,32.86,35
2010WEYE02,Sebastian Weyer,2013-07-26,32.61,36
2010WEYE02,Sebastian Weyer,2013-07-26,32.52,37
2010WEYE02,Sebastian Weyer,2013-07-26,32.37,38
2010WEYE02,Sebastian Weyer,2013-07-26,32.92,39
2010WEYE02,Sebastian Weyer,2013-10-26,32.16,40
2010WEYE02,Sebastian Weyer,2013-10-26,33.97,41
2010WEYE02,Sebastian Weyer,2013-11-23,30.95,42
2010WEYE02,Sebastian Weyer,2013-11-23,33.99,43
2010WEYE02,Sebastian Weyer,2014-01-03,30.12,44
2010WEYE02,Sebastian Weyer,2014-01-03,31.56,45
2010WEYE02,Sebastian Weyer,2014-01-03,29.95,46
2010WEYE02,Sebastian Weyer,2014-01-18,30.11,47
2010WEYE02,Sebastian Weyer,2014-01-18,28.15,48
2010WEYE02,Sebastian Weyer,2014-04-18,29.43,49
2010WEYE02,Sebastian Weyer,2014-04-18,29.4,50
2010WEYE02,Sebastian Weyer,2014-04-18,28.28,51
2010WEYE02,Sebastian Weyer,2014-08-08,30.13,52
2010WEYE02,Sebastian Weyer,2014-08-08,29.16,53
2010WEYE02,Sebastian Weyer,2014-08-08,27.17,54
2010WEYE02,Sebastian Weyer,2014-09-06,30.3,55
2010WEYE02,Sebastian Weyer,2014-09-06,26.03,56
2010WEYE02,Sebastian Weyer,2014-10-04,28.61,57
2010WEYE02,Sebastian Weyer,2014-10-04,29.38,58
2010WEYE02,Sebastian Weyer,2014-10-04,29.11,59
2010WEYE02,Sebastian Weyer,2014-11-08,32.46,60
2010WEYE02,Sebastian Weyer,2014-11-08,31.64,61
2010WEYE02,Sebastian Weyer,2015-02-21,28.49,62
2010WEYE02,Sebastian Weyer,2015-02-21,29.47,63
2010WEYE02,Sebastian Weyer,2015-04-18,28.28,64
2010WEYE02,Sebastian Weyer,2015-04-18,30.85,65
2010WEYE02,Sebastian Weyer,2015-04-18,30.09,66
2010WEYE02,Sebastian Weyer,2015-06-06,27.16,67
2010WEYE02,Sebastian Weyer,2015-06-06,31.54,68
2010WEYE02,Sebastian Weyer,2015-06-06,28.31,69
2010WEYE02,Sebastian Weyer,2015-09-05,33.93,70
2010WEYE02,Sebastian Weyer,2015-09-05,28.47,71
2010WEYE02,Sebastian Weyer,2016-01-09,31.87,72
2010WEYE02,Sebastian Weyer,2016-01-09,27.46,73
2010WEYE02,Sebastian Weyer,2016-01-09,29.69,74
2010WEYE02,Sebastian Weyer,2016-01-30,31.84,75
2010WEYE02,Sebastian Weyer,2016-01-30,30.93,76
2010WEYE02,Sebastian Weyer,2016-01-30,31.39,77
2010WEYE02,Sebastian Weyer,2016-04-09,30.13,78
2010WEYE02,Sebastian Weyer,2016-04-09,43.33,79
2010WEYE02,Sebastian Weyer,2016-04-09,30.6,80
2010WEYE02,Sebastian Weyer,2016-07-15,29.15,81
2010WEYE02,Sebastian Weyer,2016-07-15,27.52,82
2010WEYE02,Sebastian Weyer,2016-07-15,28.04,83
2010WEYE02,Sebastian Weyer,2016-08-13,28.28,84
2010WEYE02,Sebastian Weyer,2016-08-13,34.28,85
2010WEYE02,Sebastian Weyer,2016-08-13,31.22,86
2010WEYE02,Sebastian Weyer,2016-10-07,29.23,87
2010WEYE02,Sebastian Weyer,2016-10-07,29.95,88
2010WEYE02,Sebastian Weyer,2016-10-07,28.55,89
2010WEYE02,Sebastian Weyer,2016-10-29,30.0,90
2010WEYE02,Sebastian Weyer,2016-10-29,28.72,91
2010WEYE02,Sebastian Weyer,2016-11-05,27.42,92
2010WEYE02,Sebastian Weyer,2016-11-05,29.0,93
2010WEYE02,Sebastian Weyer,2016-11-26,26.45,94
2010WEYE02,Sebastian Weyer,2016-11-26,28.53,95
2010WEYE02,Sebastian Weyer,2017-01-06,29.19,96
2010WEYE02,Sebastian Weyer,2017-01-06,26.9,97
2010WEYE02,Sebastian Weyer,2017-01-06,27.41,98
2010WEYE02,Sebastian Weyer,2017-01-28,25.96,99
2010WEYE02,Sebastian Weyer,2017-01-28,26.28,100
2010WEYE02,Sebastian Weyer,2017-01-28,26.87,101
2010WEYE02,Sebastian Weyer,2017-04-29,27.81,102
2010WEYE02,Sebastian Weyer,2017-04-29,25.97,103
2010WEYE02,Sebastian Weyer,2017-06-10,26.23,104
2010WEYE02,Sebastian Weyer,2017-06-10,24.01,105
2010WEYE02,Sebastian Weyer,2017-07-01,26.25,106
2010WEYE02,Sebastian Weyer,2017-07-01,23.63,107
2010WEYE02,Sebastian Weyer,2017-07-01,23.03,108
2010WEYE02,Sebastian Weyer,2017-07-08,26.01,109
2010WEYE02,Sebastian Weyer,2017-07-08,24.96,110
2010WEYE02,Sebastian Weyer,2017-07-13,25.61,111
2010WEYE02,Sebastian Weyer,2017-07-13,25.08,112
2010WEYE02,Sebastian Weyer,2017-07-13,24.15,113
2010WEYE02,Sebastian Weyer,2017-09-01,25.24,114
2010WEYE02,Sebastian Weyer,2017-09-01,24.97,115
2010WEYE02,Sebastian Weyer,2017-09-01,24.16,116
2010WEYE02,Sebastian Weyer,2017-09-16,25.63,117
2010WEYE02,Sebastian Weyer,2017-09-16,24.87,118
2010WEYE02,Sebastian Weyer,2017-10-27,23.79,119
2010WEYE02,Sebastian Weyer,2017-10-27,26.26,120
2010WEYE02,Sebastian Weyer,2017-11-04,24.09,121
2010WEYE02,Sebastian Weyer,2017-11-04,23.33,122
2010WEYE02,Sebastian Weyer,2017-11-18,23.45,123
2010WEYE02,Sebastian Weyer,2017-11-18,24.34,124
2010WEYE02,Sebastian Weyer,2017-12-02,26.38,125
2010WEYE02,Sebastian Weyer,2017-12-02,24.54,126
2010WEYE02,Sebastian Weyer,2018-01-13,25.97,127
2010WEYE02,Sebastian Weyer,2018-01-13,23.18,128
2010WEYE02,Sebastian Weyer,2018-02-10,24.04,129
2010WEYE02,Sebastian Weyer,2018-02-10,22.73,130
2010WEYE02,Sebastian Weyer,2018-02-10,25.82,131
2010WEYE02,Sebastian Weyer,2018-02-17,22.89,132
2010WEYE02,Sebastian Weyer,2018-02-17,25.17,133
2010WEYE02,Sebastian Weyer,2018-02-17,23.94,134
2010WEYE02,Sebastian Weyer,2018-03-24,24.97,135
2010WEYE02,Sebastian Weyer,2018-03-24,23.4,136
2010WEYE02,Sebastian Weyer,2018-03-24,25.19,137
2010WEYE02,Sebastian Weyer,2018-04-21,22.27,138
2010WEYE02,Sebastian Weyer,2018-04-21,25.04,139
2010WEYE02,Sebastian Weyer,2018-04-28,23.1,140
2010WEYE02,Sebastian Weyer,2018-04-28,24.3,141
2010WEYE02,Sebastian Weyer,2018-04-28,24.0,142
2010WEYE02,Sebastian Weyer,2018-05-12,25.27,143
2010WEYE02,Sebastian Weyer,2018-05-12,25.41,144
2010WEYE02,Sebastian Weyer,2018-06-02,23.21,145
2010WEYE02,Sebastian Weyer,2018-06-02,24.69,146
2010WEYE02,Sebastian Weyer,2018-07-19,26.75,147
2010WEYE02,Sebastian Weyer,2018-07-19,23.07,148
2010WEYE02,Sebastian Weyer,2018-07-19,23.46,149
2010WEYE02,Sebastian Weyer,2018-07-27,25.58,150
2010WEYE02,Sebastian Weyer,2018-07-27,22.57,151
2010WEYE02,Sebastian Weyer,2018-07-27,24.77,152
2010WEYE02,Sebastian Weyer,2018-08-25,23.57,153
2010WEYE02,Sebastian Weyer,2018-08-25,24.24,154
2010WEYE02,Sebastian Weyer,2018-08-25,24.09,155
2010WEYE02,Sebastian Weyer,2018-09-07,23.32,156
2010WEYE02,Sebastian Weyer,2018-09-07,24.24,157
2010WEYE02,Sebastian Weyer,2018-09-07,25.0,158
2010WEYE02,Sebastian Weyer,2018-10-26,25.59,159
2010WEYE02,Sebastian Weyer,2018-10-26,22.1,160
2010WEYE02,Sebastian Weyer,2018-10-26,24.4,161
2010WEYE02,Sebastian Weyer,2018-11-03,24.01,162
2010WEYE02,Sebastian Weyer,2018-11-03,23.5,163
2010WEYE02,Sebastian Weyer,2018-11-03,23.11,164
2010WEYE02,Sebastian Weyer,2018-11-10,22.92,165
2010WEYE02,Sebastian Weyer,2018-11-10,24.45,166
2010WEYE02,Sebastian Weyer,2018-11-17,24.82,167
2010WEYE02,Sebastian Weyer,2018-11-17,24.73,168
2010WEYE02,Sebastian Weyer,2018-11-24,23.54,169
2010WEYE02,Sebastian Weyer,2018-11-24,25.11,170
2010WEYE02,Sebastian Weyer,2018-11-24,25.15,171
2010WEYE02,Sebastian Weyer,2018-12-08,25.0,172
2010WEYE02,Sebastian Weyer,2018-12-08,24.52,173
2010WEYE02,Sebastian Weyer,2019-01-19,22.75,174
2010WEYE02,Sebastian Weyer,2019-01-19,23.66,175
2010WEYE02,Sebastian Weyer,2019-02-09,24.03,176
2010WEYE02,Sebastian Weyer,2019-02-09,22.79,177
2010WEYE02,Sebastian Weyer,2019-02-16,26.26,178
2010WEYE02,Sebastian Weyer,2019-02-16,23.79,179
2010WEYE02,Sebastian Weyer,2019-03-09,22.25,180
2010WEYE02,Sebastian Weyer,2019-03-09,23.43,181
2010WEYE02,Sebastian Weyer,2019-03-09,22.81,182
2010WEYE02,Sebastian Weyer,2019-03-15,23.02,183
2010WEYE02,Sebastian Weyer,2019-03-15,24.32,184
2010WEYE02,Sebastian Weyer,2019-03-30,22.31,185
2010WEYE02,Sebastian Weyer,2019-03-30,24.14,186
2010WEYE02,Sebastian Weyer,2019-03-30,24.29,187
2010WEYE02,Sebastian Weyer,2019-04-06,24.04,188
2010WEYE02,Sebastian Weyer,2019-04-06,24.85,189
2010WEYE02,Sebastian Weyer,2019-04-27,23.58,190
2010WEYE02,Sebastian Weyer,2019-04-27,22.48,191
2010WEYE02,Sebastian Weyer,2019-04-27,22.15,192
2010WEYE02,Sebastian Weyer,2019-05-11,23.35,193
2010WEYE02,Sebastian Weyer,2019-05-11,23.3,194
2010WEYE02,Sebastian Weyer,2019-05-11,25.39,195
2010WEYE02,Sebastian Weyer,2019-05-18,25.16,196
2010WEYE02,Sebastian Weyer,2019-05-18,27.24,197
2010WEYE02,Sebastian Weyer,2019-05-18,22.33,198
2010WEYE02,Sebastian Weyer,2019-06-08,25.36,199
2010WEYE02,Sebastian Weyer,2019-06-08,23.46,200
2010WEYE02,Sebastian Weyer,2019-06-22,24.59,201
2010WEYE02,Sebastian Weyer,2019-06-22,23.76,202
2010WEYE02,Sebastian Weyer,2019-06-29,24.33,203
2010WEYE02,Sebastian Weyer,2019-06-29,21.46,204
2010WEYE02,Sebastian Weyer,2019-07-06,23.82,205
2010WEYE02,Sebastian Weyer,2019-07-06,24.62,206
2010WEYE02,Sebastian Weyer,2019-07-11,25.05,207
2010WEYE02,Sebastian Weyer,2019-07-11,23.37,208
2010WEYE02,Sebastian Weyer,2019-07-11,22.6,209
2010WEYE02,Sebastian Weyer,2019-08-02,23.48,210
2010WEYE02,Sebastian Weyer,2019-08-02,22.23,211
2010WEYE02,Sebastian Weyer,2019-08-02,24.32,212
2010WEYE02,Sebastian Weyer,2019-08-24,25.67,213
2010WEYE02,Sebastian Weyer,2019-08-24,22.74,214
2010WEYE02,Sebastian Weyer,2019-08-24,25.43,215
2010WEYE02,Sebastian Weyer,2019-08-31,25.22,216
2010WEYE02,Sebastian Weyer,2019-08-31,23.05,217
2010WEYE02,Sebastian Weyer,2019-09-13,23.59,218
2010WEYE02,Sebastian Weyer,2019-09-13,25.95,219
2010WEYE02,Sebastian Weyer,2019-09-21,22.85,220
2010WEYE02,Sebastian Weyer,2019-09-21,23.11,221
2010WEYE02,Sebastian Weyer,2019-09-21,26.82,222
2010WEYE02,Sebastian Weyer,2019-09-28,24.54,223
2010WEYE02,Sebastian Weyer,2019-09-28,24.13,224
2010WEYE02,Sebastian Weyer,2019-10-12,26.17,225
2010WEYE02,Sebastian Weyer,2019-10-12,22.9,226
2010WEYE02,Sebastian Weyer,2019-10-12,24.92,227
2010WEYE02,Sebastian Weyer,2019-10-19,23.06,228
2010WEYE02,Sebastian Weyer,2019-10-19,25.25,229
2010WEYE02,Sebastian Weyer,2019-10-19,24.63,230
2010WEYE02,Sebastian Weyer,2019-10-25,24.36,231
2010WEYE02,Sebastian Weyer,2019-10-25,24.24,232
2010WEYE02,Sebastian Weyer,2019-10-25,24.16,233
2010WEYE02,Sebastian Weyer,2019-11-02,21.67,234
2010WEYE02,Sebastian Weyer,2019-11-02,22.88,235
2010WEYE02,Sebastian Weyer,2019-11-02,24.13,236
2010WEYE02,Sebastian Weyer,2019-11-23,23.0,237
2010WEYE02,Sebastian Weyer,2019-11-23,24.29,238
2010WEYE02,Sebastian Weyer,2019-11-23,24.32,239
2010WEYE02,Sebastian Weyer,2019-11-30,25.13,240
2010WEYE02,Sebastian Weyer,2019-11-30,24.0,241
2010WEYE02,Sebastian Weyer,2019-11-30,22.32,242
2010WEYE02,Sebastian Weyer,2019-12-14,25.9,243
2010WEYE02,Sebastian Weyer,2019-12-14,23.31,244
2010WEYE02,Sebastian Weyer,2020-01-18,24.38,245
2010WEYE02,Sebastian Weyer,2020-01-18,24.73,246
2010WEYE02,Sebastian Weyer,2020-02-08,23.25,247
2010WEYE02,Sebastian Weyer,2020-02-08,25.29,248
2010WEYE02,Sebastian Weyer,2020-02-08,22.69,249
2010WEYE02,Sebastian Weyer,2020-02-15,23.41,250
2010WEYE02,Sebastian Weyer,2020-02-15,22.58,251
2010WEYE02,Sebastian Weyer,2020-02-15,23.43,252
2010WEYE02,Sebastian Weyer,2020-02-22,22.92,253
2010WEYE02,Sebastian Weyer,2020-02-22,26.03,254
2010WEYE02,Sebastian Weyer,2020-02-29,24.2,255
2010WEYE02,Sebastian Weyer,2020-02-29,24.29,256
2010WEYE02,Sebastian Weyer,2020-02-29,22.18,257
2010WEYE02,Sebastian Weyer,2020-03-07,25.57,258
2010WEYE02,Sebastian Weyer,2020-03-14,23.75,259
2010WEYE02,Sebastian Weyer,2020-03-14,24.21,260
2010WEYE02,Sebastian Weyer,2021-07-10,24.26,261
2010WEYE02,Sebastian Weyer,2021-07-10,23.26,262
2010WEYE02,Sebastian Weyer,2021-07-10,24.02,263
2010WEYE02,Sebastian Weyer,2021-10-09,23.62,264
2010WEYE02,Sebastian Weyer,2021-10-09,24.85,265
2010WEYE02,Sebastian Weyer,2021-11-06,23.47,266
2010WEYE02,Sebastian Weyer,2021-11-06,24.48,267
2010WEYE02,Sebastian Weyer,2022-02-05,23.63,268
2010WEYE02,Sebastian Weyer,2022-02-05,25.9,269
2010WEYE02,Sebastian Weyer,2022-03-19,24.09,270
2010WEYE02,Sebastian Weyer,2022-03-19,24.11,271
2010WEYE02,Sebastian Weyer,2022-03-19,28.01,272
2010WEYE02,Sebastian Weyer,2022-04-16,24.21,273
2010WEYE02,Sebastian Weyer,2022-04-16,23.72,274
2010WEYE02,Sebastian Weyer,2022-04-16,23.79,275
2010WEYE02,Sebastian Weyer,2022-05-14,23.22,276
2010WEYE02,Sebastian Weyer,2022-05-14,21.77,277
2010WEYE02,Sebastian Weyer,2022-05-14,23.06,278
2010WEYE02,Sebastian Weyer,2022-05-21,23.59,279
2010WEYE02,Sebastian Weyer,2022-05-21,22.91,280
2010WEYE02,Sebastian Weyer,2022-05-21,22.97,281
2010WEYE02,Sebastian Weyer,2022-06-04,23.08,282
2010WEYE02,Sebastian Weyer,2022-06-04,21.48,283
2010WEYE02,Sebastian Weyer,2022-06-04,22.58,284
2010WEYE02,Sebastian Weyer,2022-06-11,23.71,285
2010WEYE02,Sebastian Weyer,2022-06-11,22.36,286
2010WEYE02,Sebastian Weyer,2022-06-11,24.49,287
2010WEYE02,Sebastian Weyer,2022-06-18,24.11,288
2010WEYE02,Sebastian Weyer,2022-06-18,24.67,289
2010WEYE02,Sebastian Weyer,2022-07-14,23.42,290
2010WEYE02,Sebastian Weyer,2022-07-14,22.75,291
2010WEYE02,Sebastian Weyer,2022-07-14,22.35,292
2010WEYE02,Sebastian Weyer,2022-08-19,24.74,293
2010WEYE02,Sebastian Weyer,2022-08-19,23.64,294
2010WEYE02,Sebastian Weyer,2022-08-19,23.87,295
2010WEYE02,Sebastian Weyer,2022-09-03,23.62,296
2010WEYE02,Sebastian Weyer,2022-09-03,23.91,297
2010WEYE02,Sebastian Weyer,2022-09-24,22.94,298
2010WEYE02,Sebastian Weyer,2022-09-24,23.47,299
2010WEYE02,Sebastian Weyer,2022-10-08,22.43,300
2010WEYE02,Sebastian Weyer,2022-10-08,23.89,301
2010WEYE02,Sebastian Weyer,2022-10-08,21.67,302
2010WEYE02,Sebastian Weyer,2022-10-28,24.3,303
2010WEYE02,Sebastian Weyer,2022-10-28,26.51,304
2010WEYE02,Sebastian Weyer,2022-10-28,23.63,305
2010WEYE02,Sebastian Weyer,2022-12-03,24.31,306
2010WEYE02,Sebastian Weyer,2023-02-11,26.18,307
2010WEYE02,Sebastian Weyer,2023-02-11,22.54,308
2010WEYE02,Sebastian Weyer,2023-02-18,23.57,309
2010WEYE02,Sebastian Weyer,2023-02-18,22.36,310
2010WEYE02,Sebastian Weyer,2023-02-25,23.15,311
2010WEYE02,Sebastian Weyer,2023-02-25,25.8,312
2010WEYE02,Sebastian Weyer,2023-03-04,24.24,313
2010WEYE02,Sebastian Weyer,2023-03-18,22.7,314
2010WEYE02,Sebastian Weyer,2023-03-18,23.08,315
2010WEYE02,Sebastian Weyer,2023-03-18,23.02,316
2010WEYE02,Sebastian Weyer,2023-04-15,22.52,317
2010WEYE02,Sebastian Weyer,2023-04-15,23.06,318
2010WEYE02,Sebastian Weyer,2023-05-06,21.7,319
2010WEYE02,Sebastian Weyer,2023-05-06,25.19,320
2010WEYE02,Sebastian Weyer,2023-05-06,22.62,321
2010WEYE02,Sebastian Weyer,2023-06-24,22.65,322
2010WEYE02,Sebastian Weyer,2023-06-24,22.94,323
2010WEYE02,Sebastian Weyer,2023-06-24,22.73,324
2010WEYE02,Sebastian Weyer,2023-07-08,21.95,325
2010WEYE02,Sebastian Weyer,2023-07-08,24.78,326
2010WEYE02,Sebastian Weyer,2023-07-08,21.86,327
2010WEYE02,Sebastian Weyer,2023-07-14,23.11,328
2010WEYE02,Sebastian Weyer,2023-07-14,25.26,329
2010WEYE02,Sebastian Weyer,2023-07-22,22.74,330
2010WEYE02,Sebastian Weyer,2023-07-22,21.14,331
2010WEYE02,Sebastian Weyer,2023-08-12,22.12,332
2010WEYE02,Sebastian Weyer,2023-08-12,24.92,333
2010WEYE02,Sebastian Weyer,2023-08-12,24.87,334
2010WEYE02,Sebastian Weyer,2023-09-02,21.65,335
2010WEYE02,Sebastian Weyer,2023-09-02,22.57,336
2010WEYE02,Sebastian Weyer,2023-10-21,22.9,337
2010WEYE02,Sebastian Weyer,2023-10-21,20.85,338
2010WEYE02,Sebastian Weyer,2023-10-28,25.15,339
2010WEYE02,Sebastian Weyer,2023-11-18,22.55,340
2010WEYE02,Sebastian Weyer,2023-11-18,21.54,341
2010WEYE02,Sebastian Weyer,2023-11-25,22.23,342
2010WEYE02,Sebastian Weyer,2023-11-25,22.52,343
2010WEYE02,Sebastian Weyer,2023-11-25,22.91,344
2010WEYE02,Sebastian Weyer,2024-01-27,24.03,345
2010WEYE02,Sebastian Weyer,2024-01-27,23.97,346
2010WEYE02,Sebastian Weyer,2024-02-17,23.73,347
2010WEYE02,Sebastian Weyer,2024-02-17,21.97,348
2010WEYE02,Sebastian Weyer,2024-03-02,23.34,349
2010WEYE02,Sebastian Weyer,2024-03-16,21.89,350
2010WEYE02,Sebastian Weyer,2024-03-16,22.6,351
2010WEYE02,Sebastian Weyer,2024-03-30,22.58,352
2010WEYE02,Sebastian Weyer,2024-03-30,23.2,353
2010WEYE02,Sebastian Weyer,2024-04-20,23.35,354
2010WEYE02,Sebastian Weyer,2024-04-20,21.08,355
2010WEYE02,Sebastian Weyer,2024-05-04,21.51,356
2010WEYE02,Sebastian Weyer,2024-05-04,21.61,357
2010WEYE02,Sebastian Weyer,2024-05-04,22.64,358
2010WEYE02,Sebastian Weyer,2024-05-25,22.59,359
2010WEYE02,Sebastian Weyer,2024-05-25,24.54,360
2010WEYE02,Sebastian Weyer,2024-06-08,22.14,361
2010WEYE02,Sebastian Weyer,2024-06-08,22.73,362
2010WEYE02,Sebastian Weyer,2024-06-29,22.63,363
2010WEYE02,Sebastian Weyer,2024-06-29,21.19,364
2010WEYE02,Sebastian Weyer,2024-07-13,19.9,365
2010WEYE02,Sebastian Weyer,2024-07-13,20.43,366
2010WEYE02,Sebastian Weyer,2024-07-19,21.46,367
2010WEYE02,Sebastian Weyer,2024-07-19,21.24,368
2010WEYE02,Sebastian Weyer,2024-07-25,20.88,369
2010WEYE02,Sebastian Weyer,2024-07-25,21.71,370
2010WEYE02,Sebastian Weyer,2024-07-25,23.34,371
2010WEYE02,Sebastian Weyer,2024-09-07,22.69,372
2010WEYE02,Sebastian Weyer,2024-09-07,21.89,373
2010WEYE02,Sebastian Weyer,2024-09-14,20.93,374
2010WEYE02,Sebastian Weyer,2024-09-14,21.6,375
2010WEYE02,Sebastian Weyer,2024-09-21,21.57,376
2010WEYE02,Sebastian Weyer,2024-09-21,20.5,377
2010WEYE02,Sebastian Weyer,2024-10-04,21.28,378
2010WEYE02,Sebastian Weyer,2024-10-04,23.01,379
2010WEYE02,Sebastian Weyer,2024-10-04,21.48,380
2010WEYE02,Sebastian Weyer,2024-11-09,20.42,381
2010WEYE02,Sebastian Weyer,2024-11-09,21.94,382
2010WEYE02,Sebastian Weyer,2024-11-16,24.54,383
2010WEYE02,Sebastian Weyer,2024-11-16,20.88,384
2010WEYE02,Sebastian Weyer,2024-11-16,19.91,385
2010WEYE02,Sebastian Weyer,2024-12-14,21.88,386
2010WEYE02,Sebastian Weyer,2024-12-14,22.3,387
2010WEYE02,Sebastian Weyer,2024-12-21,22.92,388
2010WEYE02,Sebastian Weyer,2024-12-21,21.01,389
2010WEYE02,Sebastian Weyer,2025-01-11,23.31,390
2010WEYE02,Sebastian Weyer,2025-01-11,21.13,391
2010WEYE02,Sebastian Weyer,2025-02-15,20.65,392
2010WEYE02,Sebastian Weyer,2025-02-15,19.67,393
2010WEYE02,Sebastian Weyer,2025-05-17,20.94,394
2010WEYE02,Sebastian Weyer,2025-05-17,20.22,395
2010WEYE02,Sebastian Weyer,2025-05-30,21.73,396
2010WEYE02,Sebastian Weyer,2025-07-03,21.18,397
2010WEYE02,Sebastian Weyer,2025-07-03,21.19,398
2010WEYE02,Sebastian Weyer,2025-07-03,20.29,399
2010WEYE02,Sebastian Weyer,2025-07-12,20.66,400
2010WEYE02,Sebastian Weyer,2025-07-12,20.29,401
2010WEYE02,Sebastian Weyer,2025-08-09,21.25,402
2010WEYE02,Sebastian Weyer,2025-08-09,19.76,403
2010WEYE02,Sebastian Weyer,2025-08-09,22.29,404
2010WEYE02,Sebastian Weyer,2025-08-15,21.79,405
2010WEYE02,Sebastian Weyer,2025-08-15,20.54,406
2010WEYE02,Sebastian Weyer,2025-09-06,21.01,407
2010WEYE02,Sebastian Weyer,2025-09-06,21.52,408
2010WEYE02,Sebastian Weyer,2025-09-13,23.96,409
2010WEYE02,Sebastian Weyer,2025-09-26,21.12,410
2010WEYE02,Sebastian Weyer,2025-09-26,20.19,411
2010WEYE02,Sebastian Weyer,2025-09-26,20.49,412
2010WEYE02,Sebastian Weyer,2025-10-04,21.07,413
2010WEYE02,Sebastian Weyer,2025-10-04,21.46,414
2010WEYE02,Sebastian Weyer,2025-10-18,21.77,415
2010WEYE02,Sebastian Weyer,2025-10-18,20.51,416
2010WEYE02,Sebastian Weyer,2025-11-29,23.08,417
2010WEYE02,Sebastian Weyer,2025-11-29,22.21,418
2010WEYE02,Sebastian Weyer,2025-12-19,20.09,419
2010WEYE02,Sebastian Weyer,2025-12-19,20.88,420
2010WEYE02,Sebastian Weyer,2025-12-19,21.38,421
2010WEYE02,Sebastian Weyer,2026-01-16,21.44,422
2010WEYE02,Sebastian Weyer,2026-02-21,21.36,423
2010WEYE02,Sebastian Weyer,2026-02-21,21.88,424
2010WEYE02,Sebastian Weyer,2026-04-04,20.42,425
2010WEYE02,Sebastian Weyer,2026-04-04,22.52,426
2010WEYE02,Sebastian Weyer,2026-04-04,21.35,427
2010WEYE02,Sebastian Weyer,2026-04-25,19.63,428
2010WEYE02,Sebastian Weyer,2026-04-25,21.55,429
2010WEYE02,Sebastian Weyer,2026-05-08,21.36,430
2010WEYE02,Sebastian Weyer,2026-05-08,21.52,431
2011EDUA01,Eduard Esteban García Domínguez,2012-03-25,149.16,1
2011EDUA01,Eduard Esteban García Domínguez,2012-05-20,117.11,2
2011EDUA01,Eduard Esteban García Domínguez,2012-11-11,86.07,3
2011EDUA01,Eduard Esteban García Domínguez,2013-02-17,77.44,4
2011EDUA01,Eduard Esteban García Domínguez,2013-04-07,75.95,5
2011EDUA01,Eduard Esteban García Domínguez,2013-06-08,74.86,6
2011EDUA01,Eduard Esteban García Domínguez,2013-09-22,66.79,7
2011EDUA01,Eduard Esteban García Domínguez,2013-12-14,75.91,8
2011EDUA01,Eduard Esteban García Domínguez,2014-02-02,68.59,9
2011EDUA01,Eduard Esteban García Domínguez,2014-03-15,72.48,10
2011EDUA01,Eduard Esteban García Domínguez,2014-08-22,67.52,11
2011EDUA01,Eduard Esteban García Domínguez,2014-09-27,61.52,12
2011EDUA01,Eduard Esteban García Domínguez,2014-10-11,61.34,13
2011EDUA01,Eduard Esteban García Domínguez,2014-10-11,56.96,14
2011EDUA01,Eduard Esteban García Domínguez,2015-03-14,63.05,15
2011EDUA01,Eduard Esteban García Domínguez,2015-03-14,60.86,16
2011EDUA01,Eduard Esteban García Domínguez,2015-03-29,58.37,17
2011EDUA01,Eduard Esteban García Domínguez,2015-03-29,58.78,18
2011EDUA01,Eduard Esteban García Domínguez,2015-04-18,62.98,19
2011EDUA01,Eduard Esteban García Domínguez,2015-05-16,58.88,20
2011EDUA01,Eduard Esteban García Domínguez,2015-05-16,57.17,21
2011EDUA01,Eduard Esteban García Domínguez,2015-06-20,64.07,22
2011EDUA01,Eduard Esteban García Domínguez,2015-07-17,63.74,23
2011EDUA01,Eduard Esteban García Domínguez,2015-07-17,57.64,24
2011EDUA01,Eduard Esteban García Domínguez,2015-08-07,60.74,25
2011EDUA01,Eduard Esteban García Domínguez,2015-08-07,61.54,26
2011EDUA01,Eduard Esteban García Domínguez,2015-09-12,60.61,27
2011EDUA01,Eduard Esteban García Domínguez,2015-09-12,54.47,28
2011EDUA01,Eduard Esteban García Domínguez,2015-09-12,57.98,29
2011EDUA01,Eduard Esteban García Domínguez,2015-10-04,57.23,30
2011EDUA01,Eduard Esteban García Domínguez,2015-10-04,49.6,31
2011EDUA01,Eduard Esteban García Domínguez,2015-12-19,58.11,32
2011EDUA01,Eduard Esteban García Domínguez,2016-01-16,52.87,33
2011EDUA01,Eduard Esteban García Domínguez,2016-01-16,55.38,34
2011EDUA01,Eduard Esteban García Domínguez,2016-01-23,55.13,35
2011EDUA01,Eduard Esteban García Domínguez,2016-02-28,54.98,36
2011EDUA01,Eduard Esteban García Domínguez,2016-02-28,54.76,37
2011EDUA01,Eduard Esteban García Domínguez,2016-04-16,53.95,38
2011EDUA01,Eduard Esteban García Domínguez,2016-05-07,47.14,39
2011EDUA01,Eduard Esteban García Domínguez,2016-05-07,54.74,40
2011EDUA01,Eduard Esteban García Domínguez,2016-06-04,51.17,41
2011EDUA01,Eduard Esteban García Domínguez,2016-06-04,56.84,42
2011EDUA01,Eduard Esteban García Domínguez,2016-06-25,53.9,43
2011EDUA01,Eduard Esteban García Domínguez,2016-07-23,51.89,44
2011EDUA01,Eduard Esteban García Domínguez,2016-07-23,53.32,45
2011EDUA01,Eduard Esteban García Domínguez,2016-08-27,50.83,46
2011EDUA01,Eduard Esteban García Domínguez,2016-08-27,55.14,47
2011EDUA01,Eduard Esteban García Domínguez,2016-09-03,49.47,48
2011EDUA01,Eduard Esteban García Domínguez,2016-09-03,47.99,49
2011EDUA01,Eduard Esteban García Domínguez,2016-09-10,56.88,50
2011EDUA01,Eduard Esteban García Domínguez,2016-10-09,58.66,51
2011EDUA01,Eduard Esteban García Domínguez,2016-10-09,53.09,52
2011EDUA01,Eduard Esteban García Domínguez,2016-10-15,49.36,53
2011EDUA01,Eduard Esteban García Domínguez,2016-10-15,52.46,54
2011EDUA01,Eduard Esteban García Domínguez,2016-10-15,53.25,55
2011EDUA01,Eduard Esteban García Domínguez,2016-11-05,50.44,56
2011EDUA01,Eduard Esteban García Domínguez,2016-11-05,51.57,57
2011EDUA01,Eduard Esteban García Domínguez,2016-12-17,52.69,58
2011EDUA01,Eduard Esteban García Domínguez,2016-12-17,50.53,59
2011EDUA01,Eduard Esteban García Domínguez,2017-01-14,53.98,60
2011EDUA01,Eduard Esteban García Domínguez,2017-01-14,51.24,61
2011EDUA01,Eduard Esteban García Domínguez,2017-01-14,49.64,62
2011EDUA01,Eduard Esteban García Domínguez,2017-01-21,48.68,63
2011EDUA01,Eduard Esteban García Domínguez,2017-01-21,50.5,64
2011EDUA01,Eduard Esteban García Domínguez,2017-02-04,51.89,65
2011EDUA01,Eduard Esteban García Domínguez,2017-02-11,52.56,66
2011EDUA01,Eduard Esteban García Domínguez,2017-02-11,51.21,67
2011EDUA01,Eduard Esteban García Domínguez,2017-02-18,56.87,68
2011EDUA01,Eduard Esteban García Domínguez,2017-02-18,53.04,69
2011EDUA01,Eduard Esteban García Domínguez,2017-02-24,52.08,70
2011EDUA01,Eduard Esteban García Domínguez,2017-02-24,55.5,71
2011EDUA01,Eduard Esteban García Domínguez,2017-04-29,47.12,72
2011EDUA01,Eduard Esteban García Domínguez,2017-04-29,48.67,73
2011EDUA01,Eduard Esteban García Domínguez,2017-05-27,47.99,74
2011EDUA01,Eduard Esteban García Domínguez,2017-05-27,49.02,75
2011EDUA01,Eduard Esteban García Domínguez,2017-06-22,47.49,76
2011EDUA01,Eduard Esteban García Domínguez,2017-06-22,50.41,77
2011EDUA01,Eduard Esteban García Domínguez,2017-06-24,48.79,78
2011EDUA01,Eduard Esteban García Domínguez,2017-06-24,47.03,79
2011EDUA01,Eduard Esteban García Domínguez,2017-06-28,49.78,80
2011EDUA01,Eduard Esteban García Domínguez,2017-07-01,49.61,81
2011EDUA01,Eduard Esteban García Domínguez,2017-07-01,52.06,82
2011EDUA01,Eduard Esteban García Domínguez,2017-08-26,52.09,83
2011EDUA01,Eduard Esteban García Domínguez,2017-09-15,48.65,84
2011EDUA01,Eduard Esteban García Domínguez,2017-09-23,45.98,85
2011EDUA01,Eduard Esteban García Domínguez,2017-09-23,49.3,86
2011EDUA01,Eduard Esteban García Domínguez,2017-09-30,51.97,87
2011EDUA01,Eduard Esteban García Domínguez,2017-09-30,46.18,88
2011EDUA01,Eduard Esteban García Domínguez,2017-11-25,48.17,89
2011EDUA01,Eduard Esteban García Domínguez,2017-11-25,46.63,90
2011EDUA01,Eduard Esteban García Domínguez,2017-11-25,48.14,91
2011EDUA01,Eduard Esteban García Domínguez,2017-12-09,51.52,92
2011EDUA01,Eduard Esteban García Domínguez,2017-12-09,47.74,93
2011EDUA01,Eduard Esteban García Domínguez,2018-01-20,47.85,94
2011EDUA01,Eduard Esteban García Domínguez,2018-01-20,51.12,95
2011EDUA01,Eduard Esteban García Domínguez,2018-01-20,50.84,96
2011EDUA01,Eduard Esteban García Domínguez,2018-03-03,51.47,97
2011EDUA01,Eduard Esteban García Domínguez,2018-03-10,49.51,98
2011EDUA01,Eduard Esteban García Domínguez,2018-03-10,52.89,99
2011EDUA01,Eduard Esteban García Domínguez,2018-03-10,46.76,100
2011EDUA01,Eduard Esteban García Domínguez,2018-04-22,55.39,101
2011EDUA01,Eduard Esteban García Domínguez,2018-06-16,46.19,102
2011EDUA01,Eduard Esteban García Domínguez,2018-06-16,46.87,103
2011EDUA01,Eduard Esteban García Domínguez,2018-07-20,58.87,104
2011EDUA01,Eduard Esteban García Domínguez,2018-09-15,55.21,105
2011EDUA01,Eduard Esteban García Domínguez,2018-09-22,54.37,106
2011EDUA01,Eduard Esteban García Domínguez,2018-09-22,49.67,107
2011EDUA01,Eduard Esteban García Domínguez,2018-11-17,50.74,108
2011EDUA01,Eduard Esteban García Domínguez,2018-11-17,49.32,109
2011EDUA01,Eduard Esteban García Domínguez,2018-12-01,53.22,110
2011EDUA01,Eduard Esteban García Domínguez,2018-12-08,47.48,111
2011EDUA01,Eduard Esteban García Domínguez,2018-12-08,47.5,112
2011EDUA01,Eduard Esteban García Domínguez,2019-02-02,51.58,113
2011EDUA01,Eduard Esteban García Domínguez,2019-02-02,50.21,114
2011EDUA01,Eduard Esteban García Domínguez,2019-03-03,55.03,115
2011EDUA01,Eduard Esteban García Domínguez,2019-03-03,52.25,116
2011EDUA01,Eduard Esteban García Domínguez,2019-03-24,48.05,117
2011EDUA01,Eduard Esteban García Domínguez,2019-03-24,50.3,118
2011EDUA01,Eduard Esteban García Domínguez,2019-03-31,49.41,119
2011EDUA01,Eduard Esteban García Domínguez,2019-03-31,50.56,120
2011EDUA01,Eduard Esteban García Domínguez,2019-04-13,48.66,121
2011EDUA01,Eduard Esteban García Domínguez,2019-04-13,49.45,122
2011EDUA01,Eduard Esteban García Domínguez,2019-06-01,50.26,123
2011EDUA01,Eduard Esteban García Domínguez,2019-06-01,49.14,124
2011EDUA01,Eduard Esteban García Domínguez,2019-06-16,48.31,125
2011EDUA01,Eduard Esteban García Domínguez,2019-06-22,48.53,126
2011EDUA01,Eduard Esteban García Domínguez,2019-06-22,49.0,127
2011EDUA01,Eduard Esteban García Domínguez,2019-07-19,49.78,128
2011EDUA01,Eduard Esteban García Domínguez,2019-07-19,49.45,129
2011EDUA01,Eduard Esteban García Domínguez,2019-07-19,53.11,130
2011EDUA01,Eduard Esteban García Domínguez,2019-08-03,47.08,131
2011EDUA01,Eduard Esteban García Domínguez,2019-08-03,51.77,132
2011EDUA01,Eduard Esteban García Domínguez,2019-08-18,50.09,133
2011EDUA01,Eduard Esteban García Domínguez,2019-08-18,47.14,134
2011EDUA01,Eduard Esteban García Domínguez,2019-08-18,45.66,135
2011EDUA01,Eduard Esteban García Domínguez,2019-09-29,46.48,136
2011EDUA01,Eduard Esteban García Domínguez,2019-09-29,45.98,137
2011EDUA01,Eduard Esteban García Domínguez,2019-10-05,46.23,138
2011EDUA01,Eduard Esteban García Domínguez,2019-10-05,47.4,139
2011EDUA01,Eduard Esteban García Domínguez,2019-10-19,48.53,140
2011EDUA01,Eduard Esteban García Domínguez,2019-10-19,47.3,141
2011EDUA01,Eduard Esteban García Domínguez,2019-11-03,47.48,142
2011EDUA01,Eduard Esteban García Domínguez,2019-11-03,47.9,143
2011EDUA01,Eduard Esteban García Domínguez,2019-12-15,48.02,144
2011EDUA01,Eduard Esteban García Domínguez,2019-12-15,49.06,145
2011EDUA01,Eduard Esteban García Domínguez,2020-01-11,46.46,146
2011EDUA01,Eduard Esteban García Domínguez,2020-01-11,47.63,147
2011EDUA01,Eduard Esteban García Domínguez,2020-01-18,53.35,148
2011EDUA01,Eduard Esteban García Domínguez,2020-02-22,50.52,149
2011EDUA01,Eduard Esteban García Domínguez,2020-02-22,52.99,150
2011EDUA01,Eduard Esteban García Domínguez,2020-02-22,47.8,151
2011EDUA01,Eduard Esteban García Domínguez,2020-03-07,51.99,152
2011EDUA01,Eduard Esteban García Domínguez,2020-03-07,47.03,153
2011EDUA01,Eduard Esteban García Domínguez,2021-10-02,53.28,154
2011EDUA01,Eduard Esteban García Domínguez,2021-11-13,47.28,155
2011EDUA01,Eduard Esteban García Domínguez,2021-11-13,48.12,156
2011EDUA01,Eduard Esteban García Domínguez,2021-12-18,46.79,157
2011EDUA01,Eduard Esteban García Domínguez,2021-12-18,49.15,158
2011EDUA01,Eduard Esteban García Domínguez,2022-01-29,49.76,159
2011EDUA01,Eduard Esteban García Domínguez,2022-01-29,51.63,160
2011EDUA01,Eduard Esteban García Domínguez,2022-02-26,47.61,161
2011EDUA01,Eduard Esteban García Domínguez,2022-02-26,49.81,162
2011EDUA01,Eduard Esteban García Domínguez,2022-03-20,47.71,163
2011EDUA01,Eduard Esteban García Domínguez,2022-05-15,53.75,164
2011EDUA01,Eduard Esteban García Domínguez,2022-06-04,53.66,165
2011EDUA01,Eduard Esteban García Domínguez,2022-06-04,50.38,166
2011EDUA01,Eduard Esteban García Domínguez,2022-06-26,49.79,167
2011EDUA01,Eduard Esteban García Domínguez,2022-07-16,53.79,168
2011EDUA01,Eduard Esteban García Domínguez,2022-07-22,52.69,169
2011EDUA01,Eduard Esteban García Domínguez,2022-07-31,46.76,170
2011EDUA01,Eduard Esteban García Domínguez,2022-07-31,50.33,171
2011EDUA01,Eduard Esteban García Domínguez,2022-08-06,45.72,172
2011EDUA01,Eduard Esteban García Domínguez,2022-08-27,49.12,173
2011EDUA01,Eduard Esteban García Domínguez,2022-08-27,51.16,174
2011EDUA01,Eduard Esteban García Domínguez,2022-09-04,47.51,175
2011EDUA01,Eduard Esteban García Domínguez,2022-09-04,44.24,176
2011EDUA01,Eduard Esteban García Domínguez,2022-09-17,46.11,177
2011EDUA01,Eduard Esteban García Domínguez,2022-09-17,48.09,178
2011EDUA01,Eduard Esteban García Domínguez,2022-09-17,44.19,179
2011EDUA01,Eduard Esteban García Domínguez,2022-09-24,48.82,180
2011EDUA01,Eduard Esteban García Domínguez,2022-09-24,47.71,181
2011EDUA01,Eduard Esteban García Domínguez,2022-10-22,50.48,182
2011EDUA01,Eduard Esteban García Domínguez,2022-10-22,47.48,183
2011EDUA01,Eduard Esteban García Domínguez,2022-11-05,51.76,184
2011EDUA01,Eduard Esteban García Domínguez,2022-11-05,48.93,185
2011EDUA01,Eduard Esteban García Domínguez,2022-11-19,53.78,186
2011EDUA01,Eduard Esteban García Domínguez,2022-11-19,47.84,187
2011EDUA01,Eduard Esteban García Domínguez,2022-11-20,49.4,188
2011EDUA01,Eduard Esteban García Domínguez,2022-11-20,53.41,189
2011EDUA01,Eduard Esteban García Domínguez,2022-11-27,49.72,190
2011EDUA01,Eduard Esteban García Domínguez,2022-11-27,45.16,191
2011EDUA01,Eduard Esteban García Domínguez,2022-12-03,50.08,192
2011EDUA01,Eduard Esteban García Domínguez,2022-12-03,50.9,193
2011EDUA01,Eduard Esteban García Domínguez,2023-01-07,49.5,194
2011EDUA01,Eduard Esteban García Domínguez,2023-01-07,50.45,195
2011EDUA01,Eduard Esteban García Domínguez,2023-01-21,49.6,196
2011EDUA01,Eduard Esteban García Domínguez,2023-01-21,48.02,197
2011EDUA01,Eduard Esteban García Domínguez,2023-01-21,51.59,198
2011EDUA01,Eduard Esteban García Domínguez,2023-01-29,51.59,199
2011EDUA01,Eduard Esteban García Domínguez,2023-02-04,49.97,200
2011EDUA01,Eduard Esteban García Domínguez,2023-02-04,50.33,201
2011EDUA01,Eduard Esteban García Domínguez,2023-02-04,49.92,202
2011EDUA01,Eduard Esteban García Domínguez,2023-02-11,46.03,203
2011EDUA01,Eduard Esteban García Domínguez,2023-02-11,45.26,204
2011EDUA01,Eduard Esteban García Domínguez,2023-02-25,45.99,205
2011EDUA01,Eduard Esteban García Domínguez,2023-03-19,51.02,206
2011EDUA01,Eduard Esteban García Domínguez,2023-03-26,46.51,207
2011EDUA01,Eduard Esteban García Domínguez,2023-04-01,46.66,208
2011EDUA01,Eduard Esteban García Domínguez,2023-04-16,59.28,209
2011EDUA01,Eduard Esteban García Domínguez,2023-04-16,52.93,210
2011EDUA01,Eduard Esteban García Domínguez,2023-05-06,55.0,211
2011EDUA01,Eduard Esteban García Domínguez,2023-05-06,49.17,212
2011EDUA01,Eduard Esteban García Domínguez,2023-05-13,53.94,213
2011EDUA01,Eduard Esteban García Domínguez,2023-05-20,49.24,214
2011EDUA01,Eduard Esteban García Domínguez,2023-06-25,53.99,215
2011EDUA01,Eduard Esteban García Domínguez,2023-07-01,47.05,216
2011EDUA01,Eduard Esteban García Domínguez,2023-07-15,47.66,217
2011EDUA01,Eduard Esteban García Domínguez,2023-07-16,49.23,218
2011EDUA01,Eduard Esteban García Domínguez,2023-07-16,48.21,219
2011EDUA01,Eduard Esteban García Domínguez,2023-07-20,48.64,220
2011EDUA01,Eduard Esteban García Domínguez,2023-07-22,46.4,221
2011EDUA01,Eduard Esteban García Domínguez,2023-08-04,54.04,222
2011EDUA01,Eduard Esteban García Domínguez,2023-08-12,47.49,223
2011EDUA01,Eduard Esteban García Domínguez,2023-08-19,46.62,224
2011EDUA01,Eduard Esteban García Domínguez,2023-08-26,46.46,225
2011EDUA01,Eduard Esteban García Domínguez,2023-09-03,49.85,226
2011EDUA01,Eduard Esteban García Domínguez,2023-09-16,47.73,227
2011EDUA01,Eduard Esteban García Domínguez,2023-09-16,44.84,228
2011EDUA01,Eduard Esteban García Domínguez,2023-09-23,48.52,229
2011EDUA01,Eduard Esteban García Domínguez,2023-09-30,49.35,230
2011EDUA01,Eduard Esteban García Domínguez,2023-10-21,49.44,231
2011EDUA01,Eduard Esteban García Domínguez,2023-10-28,49.63,232
2011EDUA01,Eduard Esteban García Domínguez,2023-11-05,48.61,233
2011EDUA01,Eduard Esteban García Domínguez,2023-11-06,49.49,234
2011EDUA01,Eduard Esteban García Domínguez,2023-11-11,48.97,235
2011EDUA01,Eduard Esteban García Domínguez,2023-11-11,45.85,236
2011EDUA01,Eduard Esteban García Domínguez,2023-11-12,47.33,237
2011EDUA01,Eduard Esteban García Domínguez,2023-11-12,44.92,238
2011EDUA01,Eduard Esteban García Domínguez,2023-11-12,46.51,239
2011EDUA01,Eduard Esteban García Domínguez,2023-11-13,45.09,240
2011EDUA01,Eduard Esteban García Domínguez,2023-11-18,50.75,241
2011EDUA01,Eduard Esteban García Domínguez,2023-12-08,47.0,242
2011EDUA01,Eduard Esteban García Domínguez,2023-12-08,48.04,243
2011EDUA01,Eduard Esteban García Domínguez,2023-12-23,50.4,244
2011EDUA01,Eduard Esteban García Domínguez,2023-12-23,47.39,245
2011EDUA01,Eduard Esteban García Domínguez,2024-01-06,51.26,246
2011EDUA01,Eduard Esteban García Domínguez,2024-01-06,48.72,247
2011EDUA01,Eduard Esteban García Domínguez,2024-01-07,50.39,248
2011EDUA01,Eduard Esteban García Domínguez,2024-01-07,46.13,249
2011EDUA01,Eduard Esteban García Domínguez,2024-01-20,49.55,250
2011EDUA01,Eduard Esteban García Domínguez,2024-01-20,50.04,251
2011EDUA01,Eduard Esteban García Domínguez,2024-01-20,46.83,252
2011EDUA01,Eduard Esteban García Domínguez,2024-01-27,46.7,253
2011EDUA01,Eduard Esteban García Domínguez,2024-02-04,48.03,254
2011EDUA01,Eduard Esteban García Domínguez,2024-02-17,53.04,255
2011EDUA01,Eduard Esteban García Domínguez,2024-02-17,52.42,256
2011EDUA01,Eduard Esteban García Domínguez,2024-02-24,52.75,257
2011EDUA01,Eduard Esteban García Domínguez,2024-02-24,50.3,258
2011EDUA01,Eduard Esteban García Domínguez,2024-02-25,49.98,259
2011EDUA01,Eduard Esteban García Domínguez,2024-02-25,44.48,260
2011EDUA01,Eduard Esteban García Domínguez,2024-03-09,49.98,261
2011EDUA01,Eduard Esteban García Domínguez,2024-03-09,47.36,262
2011EDUA01,Eduard Esteban García Domínguez,2024-03-10,44.2,263
2011EDUA01,Eduard Esteban García Domínguez,2024-03-10,51.71,264
2011EDUA01,Eduard Esteban García Domínguez,2024-03-16,49.8,265
2011EDUA01,Eduard Esteban García Domínguez,2024-03-16,45.78,266
2011EDUA01,Eduard Esteban García Domínguez,2024-03-23,45.97,267
2011EDUA01,Eduard Esteban García Domínguez,2024-03-23,47.96,268
2011EDUA01,Eduard Esteban García Domínguez,2024-04-07,46.18,269
2011EDUA01,Eduard Esteban García Domínguez,2024-04-13,46.21,270
2011EDUA01,Eduard Esteban García Domínguez,2024-04-13,48.36,271
2011EDUA01,Eduard Esteban García Domínguez,2024-04-20,49.84,272
2011EDUA01,Eduard Esteban García Domínguez,2024-04-20,44.84,273
2011EDUA01,Eduard Esteban García Domínguez,2024-04-21,52.77,274
2011EDUA01,Eduard Esteban García Domínguez,2024-05-04,49.75,275
2011EDUA01,Eduard Esteban García Domínguez,2024-05-05,46.83,276
2011EDUA01,Eduard Esteban García Domínguez,2024-05-05,46.87,277
2011EDUA01,Eduard Esteban García Domínguez,2024-05-12,47.69,278
2011EDUA01,Eduard Esteban García Domínguez,2024-05-12,46.05,279
2011EDUA01,Eduard Esteban García Domínguez,2024-05-26,49.21,280
2011EDUA01,Eduard Esteban García Domínguez,2024-05-26,48.25,281
2011EDUA01,Eduard Esteban García Domínguez,2024-05-26,48.28,282
2011EDUA01,Eduard Esteban García Domínguez,2024-06-03,45.94,283
2011EDUA01,Eduard Esteban García Domínguez,2024-06-03,46.74,284
2011EDUA01,Eduard Esteban García Domínguez,2024-06-03,47.58,285
2011EDUA01,Eduard Esteban García Domínguez,2024-06-09,48.19,286
2011EDUA01,Eduard Esteban García Domínguez,2024-06-09,47.26,287
2011EDUA01,Eduard Esteban García Domínguez,2024-06-16,45.14,288
2011EDUA01,Eduard Esteban García Domínguez,2024-06-16,47.48,289
2011EDUA01,Eduard Esteban García Domínguez,2024-06-16,46.98,290
2011EDUA01,Eduard Esteban García Domínguez,2024-06-29,51.34,291
2011EDUA01,Eduard Esteban García Domínguez,2024-06-29,49.95,292
2011EDUA01,Eduard Esteban García Domínguez,2024-06-30,44.98,293
2011EDUA01,Eduard Esteban García Domínguez,2024-06-30,49.35,294
2011EDUA01,Eduard Esteban García Domínguez,2024-07-07,48.03,295
2011EDUA01,Eduard Esteban García Domínguez,2024-07-07,52.16,296
2011EDUA01,Eduard Esteban García Domínguez,2024-07-13,46.54,297
2011EDUA01,Eduard Esteban García Domínguez,2024-07-13,54.44,298
2011EDUA01,Eduard Esteban García Domínguez,2024-07-21,47.49,299
2011EDUA01,Eduard Esteban García Domínguez,2024-07-21,46.63,300
2011EDUA01,Eduard Esteban García Domínguez,2024-07-21,46.95,301
2011EDUA01,Eduard Esteban García Domínguez,2024-07-28,47.14,302
2011EDUA01,Eduard Esteban García Domínguez,2024-07-28,49.38,303
2011EDUA01,Eduard Esteban García Domínguez,2024-08-03,51.61,304
2011EDUA01,Eduard Esteban García Domínguez,2024-08-03,48.04,305
2011EDUA01,Eduard Esteban García Domínguez,2024-08-17,47.97,306
2011EDUA01,Eduard Esteban García Domínguez,2024-08-17,46.73,307
2011EDUA01,Eduard Esteban García Domínguez,2024-08-19,44.82,308
2011EDUA01,Eduard Esteban García Domínguez,2024-08-19,45.82,309
2011EDUA01,Eduard Esteban García Domínguez,2024-08-24,48.02,310
2011EDUA01,Eduard Esteban García Domínguez,2024-08-24,46.76,311
2011EDUA01,Eduard Esteban García Domínguez,2024-08-24,48.52,312
2011EDUA01,Eduard Esteban García Domínguez,2024-09-01,48.77,313
2011EDUA01,Eduard Esteban García Domínguez,2024-09-01,43.82,314
2011EDUA01,Eduard Esteban García Domínguez,2024-09-07,48.06,315
2011EDUA01,Eduard Esteban García Domínguez,2024-09-07,45.5,316
2011EDUA01,Eduard Esteban García Domínguez,2024-09-14,44.32,317
2011EDUA01,Eduard Esteban García Domínguez,2024-09-14,41.53,318
2011EDUA01,Eduard Esteban García Domínguez,2024-09-21,49.7,319
2011EDUA01,Eduard Esteban García Domínguez,2024-09-22,49.88,320
2011EDUA01,Eduard Esteban García Domínguez,2024-09-22,49.74,321
2011EDUA01,Eduard Esteban García Domínguez,2024-09-29,47.31,322
2011EDUA01,Eduard Esteban García Domínguez,2024-10-06,48.64,323
2011EDUA01,Eduard Esteban García Domínguez,2024-10-06,45.54,324
2011EDUA01,Eduard Esteban García Domínguez,2024-11-09,49.67,325
2011EDUA01,Eduard Esteban García Domínguez,2024-11-09,48.35,326
2011EDUA01,Eduard Esteban García Domínguez,2024-11-23,43.4,327
2011EDUA01,Eduard Esteban García Domínguez,2024-11-23,46.95,328
2011EDUA01,Eduard Esteban García Domínguez,2024-11-24,50.29,329
2011EDUA01,Eduard Esteban García Domínguez,2024-11-24,45.58,330
2011EDUA01,Eduard Esteban García Domínguez,2024-12-13,45.17,331
2011EDUA01,Eduard Esteban García Domínguez,2024-12-15,44.9,332
2011EDUA01,Eduard Esteban García Domínguez,2024-12-15,46.0,333
2011EDUA01,Eduard Esteban García Domínguez,2025-01-19,46.53,334
2011EDUA01,Eduard Esteban García Domínguez,2025-01-19,46.15,335
2011EDUA01,Eduard Esteban García Domínguez,2025-01-25,43.76,336
2011EDUA01,Eduard Esteban García Domínguez,2025-01-25,41.71,337
2011EDUA01,Eduard Esteban García Domínguez,2025-02-02,48.19,338
2011EDUA01,Eduard Esteban García Domínguez,2025-02-02,49.9,339
2011EDUA01,Eduard Esteban García Domínguez,2025-02-15,43.96,340
2011EDUA01,Eduard Esteban García Domínguez,2025-02-15,44.79,341
2011EDUA01,Eduard Esteban García Domínguez,2025-03-01,43.57,342
2011EDUA01,Eduard Esteban García Domínguez,2025-03-01,46.9,343
2011EDUA01,Eduard Esteban García Domínguez,2025-03-08,46.78,344
2011EDUA01,Eduard Esteban García Domínguez,2025-03-08,45.08,345
2011EDUA01,Eduard Esteban García Domínguez,2025-03-15,47.9,346
2011EDUA01,Eduard Esteban García Domínguez,2025-03-15,51.97,347
2011EDUA01,Eduard Esteban García Domínguez,2025-03-30,40.43,348
2011EDUA01,Eduard Esteban García Domínguez,2025-03-30,49.17,349
2011EDUA01,Eduard Esteban García Domínguez,2025-04-05,48.18,350
2011EDUA01,Eduard Esteban García Domínguez,2025-04-05,52.17,351
2011EDUA01,Eduard Esteban García Domínguez,2025-04-12,45.6,352
2011EDUA01,Eduard Esteban García Domínguez,2025-04-13,48.66,353
2011EDUA01,Eduard Esteban García Domínguez,2025-04-20,46.12,354
2011EDUA01,Eduard Esteban García Domínguez,2025-04-20,44.87,355
2011EDUA01,Eduard Esteban García Domínguez,2025-05-31,49.44,356
2011EDUA01,Eduard Esteban García Domínguez,2025-07-03,44.74,357
2011EDUA01,Eduard Esteban García Domínguez,2025-07-12,47.2,358
2011EDUA01,Eduard Esteban García Domínguez,2025-07-12,41.61,359
2011EDUA01,Eduard Esteban García Domínguez,2025-07-20,47.4,360
2011EDUA01,Eduard Esteban García Domínguez,2025-07-20,49.74,361
2011EDUA01,Eduard Esteban García Domínguez,2025-08-03,48.63,362
2011EDUA01,Eduard Esteban García Domínguez,2025-08-03,45.59,363
2011EDUA01,Eduard Esteban García Domínguez,2025-08-17,43.62,364
2011EDUA01,Eduard Esteban García Domínguez,2025-08-17,44.73,365
2011EDUA01,Eduard Esteban García Domínguez,2025-08-23,42.59,366
2011EDUA01,Eduard Esteban García Domínguez,2025-08-23,46.32,367
2011EDUA01,Eduard Esteban García Domínguez,2025-08-31,46.95,368
2011EDUA01,Eduard Esteban García Domínguez,2025-08-31,44.91,369
2011EDUA01,Eduard Esteban García Domínguez,2025-09-07,47.88,370
2011EDUA01,Eduard Esteban García Domínguez,2025-09-07,45.52,371
2011EDUA01,Eduard Esteban García Domínguez,2025-09-13,46.32,372
2011EDUA01,Eduard Esteban García Domínguez,2025-09-13,46.01,373
2011EDUA01,Eduard Esteban García Domínguez,2025-09-20,53.65,374
2011EDUA01,Eduard Esteban García Domínguez,2025-09-20,49.22,375
2011EDUA01,Eduard Esteban García Domínguez,2025-09-27,46.0,376
2011EDUA01,Eduard Esteban García Domínguez,2025-09-27,49.49,377
2011EDUA01,Eduard Esteban García Domínguez,2025-10-05,42.05,378
2011EDUA01,Eduard Esteban García Domínguez,2025-10-05,48.24,379
2011EDUA01,Eduard Esteban García Domínguez,2025-10-25,48.33,380
2011EDUA01,Eduard Esteban García Domínguez,2025-11-02,47.23,381
2011EDUA01,Eduard Esteban García Domínguez,2025-11-02,49.69,382
2011EDUA01,Eduard Esteban García Domínguez,2025-11-15,50.6,383
2011EDUA01,Eduard Esteban García Domínguez,2025-11-15,47.56,384
2011EDUA01,Eduard Esteban García Domínguez,2025-11-30,46.96,385
2011EDUA01,Eduard Esteban García Domínguez,2025-11-30,42.25,386
2011EDUA01,Eduard Esteban García Domínguez,2025-11-30,45.9,387
2011EDUA01,Eduard Esteban García Domínguez,2025-12-06,45.94,388
2011EDUA01,Eduard Esteban García Domínguez,2025-12-06,42.21,389
2011EDUA01,Eduard Esteban García Domínguez,2025-12-06,43.59,390
2011EDUA01,Eduard Esteban García Domínguez,2025-12-07,45.81,391
2011EDUA01,Eduard Esteban García Domínguez,2025-12-07,44.85,392
2011EDUA01,Eduard Esteban García Domínguez,2025-12-07,47.49,393
2011EDUA01,Eduard Esteban García Domínguez,2025-12-12,50.23,394
2011EDUA01,Eduard Esteban García Domínguez,2025-12-12,46.35,395
2011EDUA01,Eduard Esteban García Domínguez,2025-12-13,43.3,396
2011EDUA01,Eduard Esteban García Domínguez,2025-12-13,45.21,397
2011EDUA01,Eduard Esteban García Domínguez,2025-12-14,52.47,398
2011EDUA01,Eduard Esteban García Domínguez,2025-12-14,46.4,399
2011EDUA01,Eduard Esteban García Domínguez,2025-12-14,42.02,400
2011EDUA01,Eduard Esteban García Domínguez,2025-12-20,49.68,401
2011EDUA01,Eduard Esteban García Domínguez,2025-12-20,42.57,402
2011EDUA01,Eduard Esteban García Domínguez,2025-12-20,45.24,403
2011EDUA01,Eduard Esteban García Domínguez,2025-12-21,46.83,404
2011EDUA01,Eduard Esteban García Domínguez,2025-12-21,45.32,405
2011EDUA01,Eduard Esteban García Domínguez,2025-12-21,46.59,406
2011EDUA01,Eduard Esteban García Domínguez,2025-12-27,48.66,407
2011EDUA01,Eduard Esteban García Domínguez,2025-12-27,48.8,408
2011EDUA01,Eduard Esteban García Domínguez,2025-12-27,45.56,409
2011EDUA01,Eduard Esteban García Domínguez,2025-12-28,48.26,410
2011EDUA01,Eduard Esteban García Domínguez,2025-12-28,45.13,411
2011EDUA01,Eduard Esteban García Domínguez,2025-12-28,47.69,412
2011EDUA01,Eduard Esteban García Domínguez,2026-01-11,47.17,413
2011EDUA01,Eduard Esteban García Domínguez,2026-01-11,49.06,414
2011EDUA01,Eduard Esteban García Domínguez,2026-01-11,47.13,415
2011EDUA01,Eduard Esteban García Domínguez,2026-01-18,50.9,416
2011EDUA01,Eduard Esteban García Domínguez,2026-01-18,50.25,417
2011EDUA01,Eduard Esteban García Domínguez,2026-01-24,44.11,418
2011EDUA01,Eduard Esteban García Domínguez,2026-01-24,44.96,419
2011EDUA01,Eduard Esteban García Domínguez,2026-01-25,53.45,420
2011EDUA01,Eduard Esteban García Domínguez,2026-02-15,52.57,421
2011EDUA01,Eduard Esteban García Domínguez,2026-02-15,45.33,422
2011EDUA01,Eduard Esteban García Domínguez,2026-02-22,46.41,423
2011EDUA01,Eduard Esteban García Domínguez,2026-02-22,48.98,424
2011EDUA01,Eduard Esteban García Domínguez,2026-03-14,49.2,425
2011EDUA01,Eduard Esteban García Domínguez,2026-03-14,43.97,426
2011EDUA01,Eduard Esteban García Domínguez,2026-03-21,44.42,427
2011EDUA01,Eduard Esteban García Domínguez,2026-04-11,45.24,428
2011EDUA01,Eduard Esteban García Domínguez,2026-04-11,48.51,429
2011EDUA01,Eduard Esteban García Domínguez,2026-05-17,49.67,430
2011EDUA01,Eduard Esteban García Domínguez,2026-05-17,45.6,431
2012CANT02,Simone Cantarelli,2013-04-20,98.02,1
2012CANT02,Simone Cantarelli,2013-05-12,82.7,2
2012CANT02,Simone Cantarelli,2014-03-29,71.48,3
2012CANT02,Simone Cantarelli,2014-08-08,65.72,4
2012CANT02,Simone Cantarelli,2015-02-22,63.4,5
2012CANT02,Simone Cantarelli,2015-02-22,63.01,6
2012CANT02,Simone Cantarelli,2015-05-30,62.27,7
2012CANT02,Simone Cantarelli,2015-08-29,55.25,8
2012CANT02,Simone Cantarelli,2015-10-11,59.31,9
2012CANT02,Simone Cantarelli,2015-10-11,57.68,10
2012CANT02,Simone Cantarelli,2015-10-31,55.83,11
2012CANT02,Simone Cantarelli,2015-10-31,54.88,12
2012CANT02,Simone Cantarelli,2015-12-05,60.55,13
2012CANT02,Simone Cantarelli,2016-05-14,53.22,14
2012CANT02,Simone Cantarelli,2016-05-29,51.84,15
2012CANT02,Simone Cantarelli,2016-07-15,54.06,16
2012CANT02,Simone Cantarelli,2016-07-24,55.01,17
2012CANT02,Simone Cantarelli,2016-07-24,52.12,18
2012CANT02,Simone Cantarelli,2016-08-27,54.13,19
2012CANT02,Simone Cantarelli,2016-08-27,49.46,20
2012CANT02,Simone Cantarelli,2016-08-27,50.95,21
2012CANT02,Simone Cantarelli,2016-10-08,53.8,22
2012CANT02,Simone Cantarelli,2016-12-03,49.54,23
2012CANT02,Simone Cantarelli,2016-12-03,51.09,24
2012CANT02,Simone Cantarelli,2017-02-04,50.0,25
2012CANT02,Simone Cantarelli,2017-03-19,48.5,26
2012CANT02,Simone Cantarelli,2017-03-19,49.82,27
2012CANT02,Simone Cantarelli,2017-05-06,49.02,28
2012CANT02,Simone Cantarelli,2017-05-06,52.74,29
2012CANT02,Simone Cantarelli,2017-05-27,50.97,30
2012CANT02,Simone Cantarelli,2017-05-27,50.82,31
2012CANT02,Simone Cantarelli,2017-07-08,47.88,32
2012CANT02,Simone Cantarelli,2017-07-08,47.04,33
2012CANT02,Simone Cantarelli,2017-07-13,51.58,34
2012CANT02,Simone Cantarelli,2017-09-24,45.96,35
2012CANT02,Simone Cantarelli,2017-09-24,46.0,36
2012CANT02,Simone Cantarelli,2017-10-07,46.13,37
2012CANT02,Simone Cantarelli,2017-10-07,46.15,38
2012CANT02,Simone Cantarelli,2017-10-21,47.19,39
2012CANT02,Simone Cantarelli,2017-10-21,43.36,40
2012CANT02,Simone Cantarelli,2017-11-25,40.7,41
2012CANT02,Simone Cantarelli,2017-12-16,41.06,42
2012CANT02,Simone Cantarelli,2017-12-16,44.58,43
2012CANT02,Simone Cantarelli,2018-01-13,42.09,44
2012CANT02,Simone Cantarelli,2018-01-13,42.87,45
2012CANT02,Simone Cantarelli,2018-01-13,41.92,46
2012CANT02,Simone Cantarelli,2018-02-04,41.03,47
2012CANT02,Simone Cantarelli,2018-02-04,40.37,48
2012CANT02,Simone Cantarelli,2018-02-04,41.96,49
2012CANT02,Simone Cantarelli,2018-02-25,49.02,50
2012CANT02,Simone Cantarelli,2018-02-25,41.32,51
2012CANT02,Simone Cantarelli,2018-02-25,42.1,52
2012CANT02,Simone Cantarelli,2018-03-10,45.99,53
2012CANT02,Simone Cantarelli,2018-03-10,43.38,54
2012CANT02,Simone Cantarelli,2018-03-25,41.57,55
2012CANT02,Simone Cantarelli,2018-03-25,45.73,56
2012CANT02,Simone Cantarelli,2018-04-14,42.02,57
2012CANT02,Simone Cantarelli,2018-05-05,46.36,58
2012CANT02,Simone Cantarelli,2018-05-05,45.28,59
2012CANT02,Simone Cantarelli,2018-07-01,43.56,60
2012CANT02,Simone Cantarelli,2018-07-01,44.91,61
2012CANT02,Simone Cantarelli,2018-07-19,43.71,62
2012CANT02,Simone Cantarelli,2018-08-11,42.69,63
2012CANT02,Simone Cantarelli,2018-08-11,48.29,64
2012CANT02,Simone Cantarelli,2018-08-17,40.03,65
2012CANT02,Simone Cantarelli,2018-09-08,45.31,66
2012CANT02,Simone Cantarelli,2018-09-08,44.8,67
2012CANT02,Simone Cantarelli,2018-10-06,42.67,68
2012CANT02,Simone Cantarelli,2018-10-06,41.99,69
2012CANT02,Simone Cantarelli,2018-11-02,42.87,70
2012CANT02,Simone Cantarelli,2018-11-02,39.19,71
2012CANT02,Simone Cantarelli,2018-11-17,42.89,72
2012CANT02,Simone Cantarelli,2018-11-17,45.81,73
2012CANT02,Simone Cantarelli,2018-11-17,45.09,74
2012CANT02,Simone Cantarelli,2018-12-08,39.5,75
2012CANT02,Simone Cantarelli,2018-12-15,40.8,76
2012CANT02,Simone Cantarelli,2018-12-15,40.47,77
2012CANT02,Simone Cantarelli,2018-12-15,40.99,78
2012CANT02,Simone Cantarelli,2019-01-12,43.26,79
2012CANT02,Simone Cantarelli,2019-01-12,42.56,80
2012CANT02,Simone Cantarelli,2019-02-16,40.67,81
2012CANT02,Simone Cantarelli,2019-02-16,38.95,82
2012CANT02,Simone Cantarelli,2019-03-02,44.99,83
2012CANT02,Simone Cantarelli,2019-03-02,47.77,84
2012CANT02,Simone Cantarelli,2019-04-06,43.53,85
2012CANT02,Simone Cantarelli,2019-04-06,41.62,86
2012CANT02,Simone Cantarelli,2019-05-04,40.52,87
2012CANT02,Simone Cantarelli,2019-05-04,43.18,88
2012CANT02,Simone Cantarelli,2019-05-11,43.84,89
2012CANT02,Simone Cantarelli,2019-05-11,42.5,90
2012CANT02,Simone Cantarelli,2019-06-08,39.04,91
2012CANT02,Simone Cantarelli,2019-06-08,41.07,92
2012CANT02,Simone Cantarelli,2019-07-06,43.06,93
2012CANT02,Simone Cantarelli,2019-07-11,44.04,94
2012CANT02,Simone Cantarelli,2019-08-17,39.97,95
2012CANT02,Simone Cantarelli,2019-08-17,45.02,96
2012CANT02,Simone Cantarelli,2019-09-07,43.46,97
2012CANT02,Simone Cantarelli,2019-09-07,43.88,98
2012CANT02,Simone Cantarelli,2019-09-21,41.99,99
2012CANT02,Simone Cantarelli,2019-09-21,43.28,100
2012CANT02,Simone Cantarelli,2019-09-21,39.87,101
2012CANT02,Simone Cantarelli,2019-10-05,42.1,102
2012CANT02,Simone Cantarelli,2019-10-19,38.37,103
2012CANT02,Simone Cantarelli,2019-10-19,38.29,104
2012CANT02,Simone Cantarelli,2019-10-19,38.25,105
2012CANT02,Simone Cantarelli,2019-11-01,40.38,106
2012CANT02,Simone Cantarelli,2019-11-01,39.3,107
2012CANT02,Simone Cantarelli,2019-11-01,40.44,108
2012CANT02,Simone Cantarelli,2019-11-30,43.8,109
2012CANT02,Simone Cantarelli,2020-01-04,40.81,110
2012CANT02,Simone Cantarelli,2020-01-04,41.81,111
2012CANT02,Simone Cantarelli,2020-02-15,39.89,112
2012CANT02,Simone Cantarelli,2020-02-15,42.1,113
2012CANT02,Simone Cantarelli,2021-07-10,38.62,114
2012CANT02,Simone Cantarelli,2021-07-31,44.03,115
2012CANT02,Simone Cantarelli,2021-07-31,42.89,116
2012CANT02,Simone Cantarelli,2021-08-07,39.97,117
2012CANT02,Simone Cantarelli,2021-08-14,44.68,118
2012CANT02,Simone Cantarelli,2021-08-28,44.16,119
2012CANT02,Simone Cantarelli,2021-08-28,40.76,120
2012CANT02,Simone Cantarelli,2021-10-01,40.0,121
2012CANT02,Simone Cantarelli,2021-10-30,40.13,122
2012CANT02,Simone Cantarelli,2021-10-30,42.17,123
2012CANT02,Simone Cantarelli,2021-11-06,44.29,124
2012CANT02,Simone Cantarelli,2022-01-02,39.74,125
2012CANT02,Simone Cantarelli,2022-01-02,43.9,126
2012CANT02,Simone Cantarelli,2022-01-22,40.76,127
2012CANT02,Simone Cantarelli,2022-01-22,39.19,128
2012CANT02,Simone Cantarelli,2022-02-06,39.63,129
2012CANT02,Simone Cantarelli,2022-02-26,39.86,130
2012CANT02,Simone Cantarelli,2022-02-26,37.97,131
2012CANT02,Simone Cantarelli,2022-03-11,37.19,132
2012CANT02,Simone Cantarelli,2022-03-11,40.99,133
2012CANT02,Simone Cantarelli,2022-04-15,39.13,134
2012CANT02,Simone Cantarelli,2022-04-15,38.73,135
2012CANT02,Simone Cantarelli,2022-04-15,41.21,136
2012CANT02,Simone Cantarelli,2022-04-23,39.44,137
2012CANT02,Simone Cantarelli,2022-04-23,38.28,138
2012CANT02,Simone Cantarelli,2022-05-07,42.06,139
2012CANT02,Simone Cantarelli,2022-05-07,40.48,140
2012CANT02,Simone Cantarelli,2022-06-18,37.81,141
2012CANT02,Simone Cantarelli,2022-06-18,40.57,142
2012CANT02,Simone Cantarelli,2022-06-18,43.22,143
2012CANT02,Simone Cantarelli,2022-06-25,38.19,144
2012CANT02,Simone Cantarelli,2022-07-02,40.17,145
2012CANT02,Simone Cantarelli,2022-07-02,38.84,146
2012CANT02,Simone Cantarelli,2022-07-02,46.88,147
2012CANT02,Simone Cantarelli,2022-07-14,43.41,148
2012CANT02,Simone Cantarelli,2022-07-30,39.14,149
2012CANT02,Simone Cantarelli,2022-07-30,41.22,150
2012CANT02,Simone Cantarelli,2022-08-19,41.22,151
2012CANT02,Simone Cantarelli,2022-08-19,42.45,152
2012CANT02,Simone Cantarelli,2022-08-27,39.75,153
2012CANT02,Simone Cantarelli,2022-08-27,37.85,154
2012CANT02,Simone Cantarelli,2022-09-10,40.12,155
2012CANT02,Simone Cantarelli,2022-09-10,38.69,156
2012CANT02,Simone Cantarelli,2022-10-07,40.57,157
2012CANT02,Simone Cantarelli,2022-10-07,40.4,158
2012CANT02,Simone Cantarelli,2022-11-05,42.47,159
2012CANT02,Simone Cantarelli,2022-11-05,39.25,160
2012CANT02,Simone Cantarelli,2022-11-12,36.17,161
2012CANT02,Simone Cantarelli,2022-11-12,40.21,162
2012CANT02,Simone Cantarelli,2022-12-09,43.33,163
2012CANT02,Simone Cantarelli,2022-12-09,44.68,164
2012CANT02,Simone Cantarelli,2022-12-31,39.67,165
2012CANT02,Simone Cantarelli,2023-02-04,40.79,166
2012CANT02,Simone Cantarelli,2023-02-04,40.17,167
2012CANT02,Simone Cantarelli,2023-02-11,41.73,168
2012CANT02,Simone Cantarelli,2023-02-11,46.83,169
2012CANT02,Simone Cantarelli,2023-02-25,40.35,170
2012CANT02,Simone Cantarelli,2023-02-25,43.9,171
2012CANT02,Simone Cantarelli,2023-02-25,44.42,172
2012CANT02,Simone Cantarelli,2023-03-03,39.77,173
2012CANT02,Simone Cantarelli,2023-03-03,41.53,174
2012CANT02,Simone Cantarelli,2023-03-11,40.34,175
2012CANT02,Simone Cantarelli,2023-03-11,39.33,176
2012CANT02,Simone Cantarelli,2023-04-01,39.16,177
2012CANT02,Simone Cantarelli,2023-04-01,38.09,178
2012CANT02,Simone Cantarelli,2023-04-08,39.23,179
2012CANT02,Simone Cantarelli,2023-04-15,37.15,180
2012CANT02,Simone Cantarelli,2023-04-15,40.82,181
2012CANT02,Simone Cantarelli,2023-04-22,39.97,182
2012CANT02,Simone Cantarelli,2023-04-22,41.74,183
2012CANT02,Simone Cantarelli,2023-04-29,43.32,184
2012CANT02,Simone Cantarelli,2023-04-29,38.6,185
2012CANT02,Simone Cantarelli,2023-04-29,42.81,186
2012CANT02,Simone Cantarelli,2023-05-06,38.56,187
2012CANT02,Simone Cantarelli,2023-05-07,39.06,188
2012CANT02,Simone Cantarelli,2023-05-07,39.9,189
2012CANT02,Simone Cantarelli,2023-05-20,39.37,190
2012CANT02,Simone Cantarelli,2023-05-20,39.11,191
2012CANT02,Simone Cantarelli,2023-05-27,40.13,192
2012CANT02,Simone Cantarelli,2023-05-27,44.12,193
2012CANT02,Simone Cantarelli,2023-06-03,38.8,194
2012CANT02,Simone Cantarelli,2023-06-17,43.54,195
2012CANT02,Simone Cantarelli,2023-06-17,38.89,196
2012CANT02,Simone Cantarelli,2023-06-17,43.31,197
2012CANT02,Simone Cantarelli,2023-06-24,45.12,198
2012CANT02,Simone Cantarelli,2023-06-24,44.05,199
2012CANT02,Simone Cantarelli,2023-06-30,41.33,200
2012CANT02,Simone Cantarelli,2023-06-30,41.32,201
2012CANT02,Simone Cantarelli,2023-07-15,39.92,202
2012CANT02,Simone Cantarelli,2023-07-15,42.06,203
2012CANT02,Simone Cantarelli,2023-08-12,39.73,204
2012CANT02,Simone Cantarelli,2023-08-26,39.14,205
2012CANT02,Simone Cantarelli,2023-08-26,40.94,206
2012CANT02,Simone Cantarelli,2023-08-26,43.18,207
2012CANT02,Simone Cantarelli,2023-09-02,37.95,208
2012CANT02,Simone Cantarelli,2023-09-15,38.99,209
2012CANT02,Simone Cantarelli,2023-09-15,41.83,210
2012CANT02,Simone Cantarelli,2023-09-30,40.69,211
2012CANT02,Simone Cantarelli,2023-09-30,45.16,212
2012CANT02,Simone Cantarelli,2023-09-30,37.77,213
2012CANT02,Simone Cantarelli,2023-10-07,39.39,214
2012CANT02,Simone Cantarelli,2023-10-07,38.79,215
2012CANT02,Simone Cantarelli,2023-10-07,42.06,216
2012CANT02,Simone Cantarelli,2023-10-14,37.75,217
2012CANT02,Simone Cantarelli,2023-10-14,39.48,218
2012CANT02,Simone Cantarelli,2023-10-21,40.02,219
2012CANT02,Simone Cantarelli,2023-10-21,38.15,220
2012CANT02,Simone Cantarelli,2023-10-28,39.32,221
2012CANT02,Simone Cantarelli,2023-10-28,42.49,222
2012CANT02,Simone Cantarelli,2023-11-18,39.8,223
2012CANT02,Simone Cantarelli,2023-11-18,42.01,224
2012CANT02,Simone Cantarelli,2023-12-08,38.67,225
2012CANT02,Simone Cantarelli,2023-12-08,39.72,226
2012CANT02,Simone Cantarelli,2023-12-08,39.66,227
2012CANT02,Simone Cantarelli,2023-12-30,40.18,228
2012CANT02,Simone Cantarelli,2024-01-13,40.34,229
2012CANT02,Simone Cantarelli,2024-01-13,39.92,230
2012CANT02,Simone Cantarelli,2024-01-13,41.09,231
2012CANT02,Simone Cantarelli,2024-02-10,40.49,232
2012CANT02,Simone Cantarelli,2024-02-10,38.7,233
2012CANT02,Simone Cantarelli,2024-02-17,41.43,234
2012CANT02,Simone Cantarelli,2024-02-17,40.6,235
2012CANT02,Simone Cantarelli,2024-03-02,39.79,236
2012CANT02,Simone Cantarelli,2024-03-02,39.77,237
2012CANT02,Simone Cantarelli,2024-03-02,40.02,238
2012CANT02,Simone Cantarelli,2024-03-17,38.11,239
2012CANT02,Simone Cantarelli,2024-03-17,38.25,240
2012CANT02,Simone Cantarelli,2024-03-23,36.99,241
2012CANT02,Simone Cantarelli,2024-03-23,37.55,242
2012CANT02,Simone Cantarelli,2024-03-23,39.01,243
2012CANT02,Simone Cantarelli,2024-03-30,40.87,244
2012CANT02,Simone Cantarelli,2024-03-30,39.45,245
2012CANT02,Simone Cantarelli,2024-04-06,42.03,246
2012CANT02,Simone Cantarelli,2024-04-06,42.77,247
2012CANT02,Simone Cantarelli,2024-04-06,42.5,248
2012CANT02,Simone Cantarelli,2024-04-20,45.27,249
2012CANT02,Simone Cantarelli,2024-04-28,37.56,250
2012CANT02,Simone Cantarelli,2024-04-28,39.2,251
2012CANT02,Simone Cantarelli,2024-05-04,40.78,252
2012CANT02,Simone Cantarelli,2024-05-04,37.09,253
2012CANT02,Simone Cantarelli,2024-05-11,40.48,254
2012CANT02,Simone Cantarelli,2024-05-11,37.17,255
2012CANT02,Simone Cantarelli,2024-05-18,37.97,256
2012CANT02,Simone Cantarelli,2024-05-18,37.77,257
2012CANT02,Simone Cantarelli,2024-06-08,36.97,258
2012CANT02,Simone Cantarelli,2024-06-08,38.75,259
2012CANT02,Simone Cantarelli,2024-06-15,36.78,260
2012CANT02,Simone Cantarelli,2024-06-15,37.3,261
2012CANT02,Simone Cantarelli,2024-06-20,44.22,262
2012CANT02,Simone Cantarelli,2024-06-20,38.2,263
2012CANT02,Simone Cantarelli,2024-06-29,36.82,264
2012CANT02,Simone Cantarelli,2024-06-29,38.29,265
2012CANT02,Simone Cantarelli,2024-07-06,39.58,266
2012CANT02,Simone Cantarelli,2024-07-06,42.97,267
2012CANT02,Simone Cantarelli,2024-07-13,40.62,268
2012CANT02,Simone Cantarelli,2024-07-13,38.65,269
2012CANT02,Simone Cantarelli,2024-07-25,39.96,270
2012CANT02,Simone Cantarelli,2024-08-03,38.66,271
2012CANT02,Simone Cantarelli,2024-08-03,41.33,272
2012CANT02,Simone Cantarelli,2024-08-11,36.7,273
2012CANT02,Simone Cantarelli,2024-08-17,38.24,274
2012CANT02,Simone Cantarelli,2024-08-17,36.98,275
2012CANT02,Simone Cantarelli,2024-08-17,39.43,276
2012CANT02,Simone Cantarelli,2024-08-17,41.59,277
2012CANT02,Simone Cantarelli,2024-09-01,37.41,278
2012CANT02,Simone Cantarelli,2024-09-07,38.3,279
2012CANT02,Simone Cantarelli,2024-09-07,41.2,280
2012CANT02,Simone Cantarelli,2024-09-14,39.47,281
2012CANT02,Simone Cantarelli,2024-09-21,41.88,282
2012CANT02,Simone Cantarelli,2024-09-21,37.22,283
2012CANT02,Simone Cantarelli,2024-09-29,42.07,284
2012CANT02,Simone Cantarelli,2024-10-12,36.84,285
2012CANT02,Simone Cantarelli,2024-10-19,34.24,286
2012CANT02,Simone Cantarelli,2024-10-19,39.18,287
2012CANT02,Simone Cantarelli,2024-11-01,36.41,288
2012CANT02,Simone Cantarelli,2024-11-01,40.94,289
2012CANT02,Simone Cantarelli,2024-11-16,36.84,290
2012CANT02,Simone Cantarelli,2024-11-16,37.54,291
2012CANT02,Simone Cantarelli,2024-12-15,38.39,292
2012CANT02,Simone Cantarelli,2024-12-28,38.96,293
2012CANT02,Simone Cantarelli,2024-12-28,36.49,294
2012CANT02,Simone Cantarelli,2025-01-04,38.98,295
2012CANT02,Simone Cantarelli,2025-01-04,37.23,296
2012CANT02,Simone Cantarelli,2025-01-11,38.78,297
2012CANT02,Simone Cantarelli,2025-01-11,37.95,298
2012CANT02,Simone Cantarelli,2025-01-25,38.42,299
2012CANT02,Simone Cantarelli,2025-01-25,39.75,300
2012CANT02,Simone Cantarelli,2025-02-01,36.29,301
2012CANT02,Simone Cantarelli,2025-02-01,36.81,302
2012CANT02,Simone Cantarelli,2025-02-08,35.23,303
2012CANT02,Simone Cantarelli,2025-02-08,39.59,304
2012CANT02,Simone Cantarelli,2025-02-22,40.55,305
2012CANT02,Simone Cantarelli,2025-02-22,38.15,306
2012CANT02,Simone Cantarelli,2025-03-08,37.47,307
2012CANT02,Simone Cantarelli,2025-03-08,36.62,308
2012CANT02,Simone Cantarelli,2025-03-15,38.03,309
2012CANT02,Simone Cantarelli,2025-03-15,38.5,310
2012CANT02,Simone Cantarelli,2025-03-22,37.6,311
2012CANT02,Simone Cantarelli,2025-03-22,37.84,312
2012CANT02,Simone Cantarelli,2025-03-29,35.07,313
2012CANT02,Simone Cantarelli,2025-03-29,39.26,314
2012CANT02,Simone Cantarelli,2025-04-12,42.35,315
2012CANT02,Simone Cantarelli,2025-04-12,38.71,316
2012CANT02,Simone Cantarelli,2025-04-25,39.14,317
2012CANT02,Simone Cantarelli,2025-04-25,38.66,318
2012CANT02,Simone Cantarelli,2025-04-25,37.84,319
2012CANT02,Simone Cantarelli,2025-05-03,42.15,320
2012CANT02,Simone Cantarelli,2025-05-03,37.98,321
2012CANT02,Simone Cantarelli,2025-05-17,41.15,322
2012CANT02,Simone Cantarelli,2025-05-17,42.09,323
2012CANT02,Simone Cantarelli,2025-05-23,39.32,324
2012CANT02,Simone Cantarelli,2025-05-23,41.17,325
2012CANT02,Simone Cantarelli,2025-06-28,37.93,326
2012CANT02,Simone Cantarelli,2025-06-28,37.89,327
2012CANT02,Simone Cantarelli,2025-07-03,40.6,328
2012CANT02,Simone Cantarelli,2025-07-12,37.95,329
2012CANT02,Simone Cantarelli,2025-07-12,40.3,330
2012CANT02,Simone Cantarelli,2025-07-12,39.17,331
2012CANT02,Simone Cantarelli,2025-08-09,38.65,332
2012CANT02,Simone Cantarelli,2025-09-13,40.09,333
2012CANT02,Simone Cantarelli,2025-09-13,40.63,334
2012CANT02,Simone Cantarelli,2025-09-20,36.53,335
2012CANT02,Simone Cantarelli,2025-09-27,36.72,336
2012CANT02,Simone Cantarelli,2025-09-27,40.43,337
2012CANT02,Simone Cantarelli,2025-10-11,36.48,338
2012CANT02,Simone Cantarelli,2025-10-11,35.27,339
2012CANT02,Simone Cantarelli,2025-10-18,38.08,340
2012CANT02,Simone Cantarelli,2025-10-18,37.06,341
2012CANT02,Simone Cantarelli,2025-11-01,37.47,342
2012CANT02,Simone Cantarelli,2025-11-01,37.8,343
2012CANT02,Simone Cantarelli,2025-12-06,40.37,344
2012CANT02,Simone Cantarelli,2025-12-06,36.85,345
2012CANT02,Simone Cantarelli,2025-12-06,39.08,346
2012CANT02,Simone Cantarelli,2025-12-26,34.49,347
2012CANT02,Simone Cantarelli,2025-12-26,43.7,348
2012CANT02,Simone Cantarelli,2025-12-26,36.18,349
2012CANT02,Simone Cantarelli,2026-01-24,39.04,350
2012CANT02,Simone Cantarelli,2026-01-24,37.93,351
2012CANT02,Simone Cantarelli,2026-02-28,38.62,352
2012CANT02,Simone Cantarelli,2026-02-28,39.16,353
2012CANT02,Simone Cantarelli,2026-04-11,38.38,354
2012CANT02,Simone Cantarelli,2026-04-18,37.25,355
2012CANT02,Simone Cantarelli,2026-04-18,41.5,356
2012CANT02,Simone Cantarelli,2026-05-09,38.1,357
2012CANT02,Simone Cantarelli,2026-05-09,40.36,358
2012ICKL01,Finn Ickler,2012-10-06,84.05,1
2012ICKL01,Finn Ickler,2012-12-08,73.25,2
2012ICKL01,Finn Ickler,2013-02-02,71.84,3
2012ICKL01,Finn Ickler,2013-06-22,56.45,4
2012ICKL01,Finn Ickler,2013-06-22,58.15,5
2012ICKL01,Finn Ickler,2013-11-09,58.47,6
2012ICKL01,Finn Ickler,2013-11-30,54.26,7
2012ICKL01,Finn Ickler,2013-11-30,56.17,8
2012ICKL01,Finn Ickler,2013-11-30,58.96,9
2012ICKL01,Finn Ickler,2014-01-18,54.12,10
2012ICKL01,Finn Ickler,2014-01-18,52.99,11
2012ICKL01,Finn Ickler,2014-03-15,55.64,12
2012ICKL01,Finn Ickler,2014-03-15,51.45,13
2012ICKL01,Finn Ickler,2014-03-29,51.85,14
2012ICKL01,Finn Ickler,2014-03-29,54.37,15
2012ICKL01,Finn Ickler,2014-09-06,54.86,16
2012ICKL01,Finn Ickler,2014-10-11,54.66,17
2012ICKL01,Finn Ickler,2014-10-11,44.49,18
2012ICKL01,Finn Ickler,2014-11-08,50.75,19
2012ICKL01,Finn Ickler,2014-11-29,48.54,20
2012ICKL01,Finn Ickler,2014-11-29,46.44,21
2012ICKL01,Finn Ickler,2014-11-29,45.82,22
2012ICKL01,Finn Ickler,2015-01-17,50.82,23
2012ICKL01,Finn Ickler,2015-01-17,46.93,24
2012ICKL01,Finn Ickler,2015-01-17,48.61,25
2012ICKL01,Finn Ickler,2015-02-21,54.06,26
2012ICKL01,Finn Ickler,2015-09-05,44.34,27
2012ICKL01,Finn Ickler,2015-09-05,46.98,28
2012ICKL01,Finn Ickler,2015-10-31,47.99,29
2012ICKL01,Finn Ickler,2015-10-31,43.82,30
2012ICKL01,Finn Ickler,2015-11-14,47.69,31
2012ICKL01,Finn Ickler,2015-11-14,43.14,32
2012ICKL01,Finn Ickler,2015-11-14,45.66,33
2012ICKL01,Finn Ickler,2016-01-09,48.5,34
2012ICKL01,Finn Ickler,2016-01-09,45.1,35
2012ICKL01,Finn Ickler,2016-01-30,45.92,36
2012ICKL01,Finn Ickler,2016-01-30,47.08,37
2012ICKL01,Finn Ickler,2016-01-30,48.15,38
2012ICKL01,Finn Ickler,2016-04-16,47.38,39
2012ICKL01,Finn Ickler,2016-04-16,45.85,40
2012ICKL01,Finn Ickler,2016-05-07,48.47,41
2012ICKL01,Finn Ickler,2016-05-07,44.25,42
2012ICKL01,Finn Ickler,2016-05-21,46.97,43
2012ICKL01,Finn Ickler,2016-05-21,47.88,44
2012ICKL01,Finn Ickler,2016-05-28,45.42,45
2012ICKL01,Finn Ickler,2016-05-28,44.65,46
2012ICKL01,Finn Ickler,2016-05-28,44.5,47
2012ICKL01,Finn Ickler,2016-06-19,44.56,48
2012ICKL01,Finn Ickler,2016-06-19,43.45,49
2012ICKL01,Finn Ickler,2016-07-02,46.18,50
2012ICKL01,Finn Ickler,2016-07-02,45.2,51
2012ICKL01,Finn Ickler,2016-07-15,44.26,52
2012ICKL01,Finn Ickler,2016-07-15,43.96,53
2012ICKL01,Finn Ickler,2016-08-13,42.86,54
2012ICKL01,Finn Ickler,2016-08-13,43.44,55
2012ICKL01,Finn Ickler,2016-08-13,43.32,56
2012ICKL01,Finn Ickler,2016-09-03,45.07,57
2012ICKL01,Finn Ickler,2016-09-03,46.06,58
2012ICKL01,Finn Ickler,2016-10-07,44.55,59
2012ICKL01,Finn Ickler,2016-10-07,42.45,60
2012ICKL01,Finn Ickler,2016-10-07,42.52,61
2012ICKL01,Finn Ickler,2016-11-04,48.8,62
2012ICKL01,Finn Ickler,2016-11-04,47.69,63
2012ICKL01,Finn Ickler,2016-11-26,48.75,64
2012ICKL01,Finn Ickler,2016-11-26,42.99,65
2012ICKL01,Finn Ickler,2016-12-10,43.72,66
2012ICKL01,Finn Ickler,2016-12-10,41.78,67
2012ICKL01,Finn Ickler,2017-01-06,39.65,68
2012ICKL01,Finn Ickler,2017-01-06,43.0,69
2012ICKL01,Finn Ickler,2017-01-06,43.4,70
2012ICKL01,Finn Ickler,2017-01-14,42.99,71
2012ICKL01,Finn Ickler,2017-01-14,44.67,72
2012ICKL01,Finn Ickler,2017-01-28,48.5,73
2012ICKL01,Finn Ickler,2017-01-28,42.69,74
2012ICKL01,Finn Ickler,2017-01-28,42.77,75
2012ICKL01,Finn Ickler,2017-02-25,43.84,76
2012ICKL01,Finn Ickler,2017-02-25,39.83,77
2012ICKL01,Finn Ickler,2017-02-25,43.39,78
2012ICKL01,Finn Ickler,2017-03-04,39.24,79
2012ICKL01,Finn Ickler,2017-03-04,42.12,80
2012ICKL01,Finn Ickler,2017-03-04,43.28,81
2012ICKL01,Finn Ickler,2017-03-25,45.31,82
2012ICKL01,Finn Ickler,2017-03-25,40.21,83
2012ICKL01,Finn Ickler,2017-04-08,39.85,84
2012ICKL01,Finn Ickler,2017-04-08,41.31,85
2012ICKL01,Finn Ickler,2017-04-29,40.09,86
2012ICKL01,Finn Ickler,2017-04-29,37.63,87
2012ICKL01,Finn Ickler,2017-05-06,38.09,88
2012ICKL01,Finn Ickler,2017-05-06,43.0,89
2012ICKL01,Finn Ickler,2017-05-20,41.14,90
2012ICKL01,Finn Ickler,2017-05-20,40.47,91
2012ICKL01,Finn Ickler,2017-05-27,43.68,92
2012ICKL01,Finn Ickler,2017-05-27,40.26,93
2012ICKL01,Finn Ickler,2017-06-03,44.15,94
2012ICKL01,Finn Ickler,2017-06-03,41.28,95
2012ICKL01,Finn Ickler,2017-06-10,40.03,96
2012ICKL01,Finn Ickler,2017-06-10,40.15,97
2012ICKL01,Finn Ickler,2017-06-24,41.29,98
2012ICKL01,Finn Ickler,2017-06-24,39.82,99
2012ICKL01,Finn Ickler,2017-06-24,39.15,100
2012ICKL01,Finn Ickler,2017-07-07,40.3,101
2012ICKL01,Finn Ickler,2017-07-07,39.85,102
2012ICKL01,Finn Ickler,2017-07-07,39.31,103
2012ICKL01,Finn Ickler,2017-07-13,41.41,104
2012ICKL01,Finn Ickler,2017-07-21,41.73,105
2012ICKL01,Finn Ickler,2017-07-21,38.07,106
2012ICKL01,Finn Ickler,2017-07-21,39.53,107
2012ICKL01,Finn Ickler,2017-09-01,42.1,108
2012ICKL01,Finn Ickler,2017-09-01,38.65,109
2012ICKL01,Finn Ickler,2017-09-01,39.57,110
2012ICKL01,Finn Ickler,2017-09-16,40.07,111
2012ICKL01,Finn Ickler,2017-09-23,41.09,112
2012ICKL01,Finn Ickler,2017-09-23,38.29,113
2012ICKL01,Finn Ickler,2017-09-23,41.56,114
2012ICKL01,Finn Ickler,2017-10-27,41.59,115
2012ICKL01,Finn Ickler,2017-11-04,38.79,116
2012ICKL01,Finn Ickler,2017-11-04,43.37,117
2012ICKL01,Finn Ickler,2017-11-25,40.11,118
2012ICKL01,Finn Ickler,2017-11-25,41.04,119
2012ICKL01,Finn Ickler,2017-12-02,38.3,120
2012ICKL01,Finn Ickler,2017-12-02,41.33,121
2012ICKL01,Finn Ickler,2017-12-02,37.65,122
2012ICKL01,Finn Ickler,2017-12-16,37.03,123
2012ICKL01,Finn Ickler,2017-12-16,41.04,124
2012ICKL01,Finn Ickler,2018-01-13,38.13,125
2012ICKL01,Finn Ickler,2018-01-13,39.36,126
2012ICKL01,Finn Ickler,2018-01-27,40.98,127
2012ICKL01,Finn Ickler,2018-01-27,42.23,128
2012ICKL01,Finn Ickler,2018-02-10,41.45,129
2012ICKL01,Finn Ickler,2018-02-10,38.52,130
2012ICKL01,Finn Ickler,2018-02-10,39.12,131
2012ICKL01,Finn Ickler,2018-02-17,38.69,132
2012ICKL01,Finn Ickler,2018-02-17,41.59,133
2012ICKL01,Finn Ickler,2018-02-17,37.86,134
2012ICKL01,Finn Ickler,2018-02-24,38.1,135
2012ICKL01,Finn Ickler,2018-03-17,40.98,136
2012ICKL01,Finn Ickler,2018-03-17,37.6,137
2012ICKL01,Finn Ickler,2018-04-14,38.96,138
2012ICKL01,Finn Ickler,2018-04-14,42.71,139
2012ICKL01,Finn Ickler,2018-04-28,37.56,140
2012ICKL01,Finn Ickler,2018-04-28,40.7,141
2012ICKL01,Finn Ickler,2018-05-12,39.85,142
2012ICKL01,Finn Ickler,2018-05-12,39.71,143
2012ICKL01,Finn Ickler,2018-06-02,42.01,144
2012ICKL01,Finn Ickler,2018-06-02,37.37,145
2012ICKL01,Finn Ickler,2018-06-09,37.88,146
2012ICKL01,Finn Ickler,2018-06-09,39.16,147
2012ICKL01,Finn Ickler,2018-06-15,42.33,148
2012ICKL01,Finn Ickler,2018-06-15,36.83,149
2012ICKL01,Finn Ickler,2018-06-30,38.97,150
2012ICKL01,Finn Ickler,2018-06-30,39.23,151
2012ICKL01,Finn Ickler,2018-06-30,37.92,152
2012ICKL01,Finn Ickler,2018-07-19,39.53,153
2012ICKL01,Finn Ickler,2018-07-19,43.71,154
2012ICKL01,Finn Ickler,2018-08-04,39.82,155
2012ICKL01,Finn Ickler,2018-08-04,40.69,156
2012ICKL01,Finn Ickler,2018-08-04,36.98,157
2012ICKL01,Finn Ickler,2018-08-25,37.01,158
2012ICKL01,Finn Ickler,2018-08-25,34.49,159
2012ICKL01,Finn Ickler,2018-08-25,35.73,160
2012ICKL01,Finn Ickler,2018-09-07,38.22,161
2012ICKL01,Finn Ickler,2018-09-07,35.96,162
2012ICKL01,Finn Ickler,2018-09-07,38.73,163
2012ICKL01,Finn Ickler,2018-09-29,37.39,164
2012ICKL01,Finn Ickler,2018-09-29,36.17,165
2012ICKL01,Finn Ickler,2018-10-12,38.78,166
2012ICKL01,Finn Ickler,2018-10-12,36.08,167
2012ICKL01,Finn Ickler,2018-10-12,38.72,168
2012ICKL01,Finn Ickler,2018-10-27,36.7,169
2012ICKL01,Finn Ickler,2018-10-27,38.08,170
2012ICKL01,Finn Ickler,2018-11-03,34.99,171
2012ICKL01,Finn Ickler,2018-11-03,39.64,172
2012ICKL01,Finn Ickler,2018-11-10,35.19,173
2012ICKL01,Finn Ickler,2018-11-10,39.21,174
2012ICKL01,Finn Ickler,2018-11-17,35.99,175
2012ICKL01,Finn Ickler,2018-11-24,37.45,176
2012ICKL01,Finn Ickler,2018-11-24,36.95,177
2012ICKL01,Finn Ickler,2018-11-24,36.21,178
2012ICKL01,Finn Ickler,2018-12-08,36.9,179
2012ICKL01,Finn Ickler,2018-12-08,37.08,180
2012ICKL01,Finn Ickler,2019-01-19,42.42,181
2012ICKL01,Finn Ickler,2019-01-19,38.81,182
2012ICKL01,Finn Ickler,2019-01-26,39.13,183
2012ICKL01,Finn Ickler,2019-01-26,38.53,184
2012ICKL01,Finn Ickler,2019-02-02,38.22,185
2012ICKL01,Finn Ickler,2019-02-02,37.74,186
2012ICKL01,Finn Ickler,2019-02-02,35.22,187
2012ICKL01,Finn Ickler,2019-02-09,43.14,188
2012ICKL01,Finn Ickler,2019-02-09,36.29,189
2012ICKL01,Finn Ickler,2019-02-16,40.09,190
2012ICKL01,Finn Ickler,2019-02-16,35.23,191
2012ICKL01,Finn Ickler,2019-03-15,40.77,192
2012ICKL01,Finn Ickler,2019-03-15,37.44,193
2012ICKL01,Finn Ickler,2019-03-30,37.33,194
2012ICKL01,Finn Ickler,2019-03-30,39.22,195
2012ICKL01,Finn Ickler,2019-03-30,35.6,196
2012ICKL01,Finn Ickler,2019-04-06,35.13,197
2012ICKL01,Finn Ickler,2019-04-06,38.06,198
2012ICKL01,Finn Ickler,2019-04-13,36.13,199
2012ICKL01,Finn Ickler,2019-04-13,34.05,200
2012ICKL01,Finn Ickler,2019-04-20,38.39,201
2012ICKL01,Finn Ickler,2019-04-27,34.51,202
2012ICKL01,Finn Ickler,2019-04-27,35.54,203
2012ICKL01,Finn Ickler,2019-04-27,39.21,204
2012ICKL01,Finn Ickler,2019-05-11,38.41,205
2012ICKL01,Finn Ickler,2019-05-11,37.17,206
2012ICKL01,Finn Ickler,2019-05-11,38.37,207
2012ICKL01,Finn Ickler,2019-05-18,36.58,208
2012ICKL01,Finn Ickler,2019-05-18,36.87,209
2012ICKL01,Finn Ickler,2019-06-01,37.09,210
2012ICKL01,Finn Ickler,2019-06-01,38.67,211
2012ICKL01,Finn Ickler,2019-06-08,35.75,212
2012ICKL01,Finn Ickler,2019-06-08,35.41,213
2012ICKL01,Finn Ickler,2019-06-22,37.56,214
2012ICKL01,Finn Ickler,2019-06-22,36.36,215
2012ICKL01,Finn Ickler,2019-06-22,38.45,216
2012ICKL01,Finn Ickler,2019-07-06,37.61,217
2012ICKL01,Finn Ickler,2019-07-11,36.47,218
2012ICKL01,Finn Ickler,2019-08-02,34.69,219
2012ICKL01,Finn Ickler,2019-08-02,41.38,220
2012ICKL01,Finn Ickler,2019-08-17,33.67,221
2012ICKL01,Finn Ickler,2019-08-17,40.83,222
2012ICKL01,Finn Ickler,2019-08-17,38.52,223
2012ICKL01,Finn Ickler,2019-08-24,38.34,224
2012ICKL01,Finn Ickler,2019-08-24,34.36,225
2012ICKL01,Finn Ickler,2019-08-24,36.18,226
2012ICKL01,Finn Ickler,2019-08-31,39.13,227
2012ICKL01,Finn Ickler,2019-08-31,40.66,228
2012ICKL01,Finn Ickler,2019-09-07,37.16,229
2012ICKL01,Finn Ickler,2019-09-07,34.75,230
2012ICKL01,Finn Ickler,2019-09-13,34.96,231
2012ICKL01,Finn Ickler,2019-09-13,38.42,232
2012ICKL01,Finn Ickler,2019-09-21,35.78,233
2012ICKL01,Finn Ickler,2019-09-21,37.84,234
2012ICKL01,Finn Ickler,2019-09-28,36.59,235
2012ICKL01,Finn Ickler,2019-09-28,36.66,236
2012ICKL01,Finn Ickler,2019-10-12,36.81,237
2012ICKL01,Finn Ickler,2019-10-12,35.94,238
2012ICKL01,Finn Ickler,2019-10-12,36.26,239
2012ICKL01,Finn Ickler,2019-10-19,37.09,240
2012ICKL01,Finn Ickler,2019-10-19,35.31,241
2012ICKL01,Finn Ickler,2019-10-26,34.51,242
2012ICKL01,Finn Ickler,2019-10-26,36.83,243
2012ICKL01,Finn Ickler,2019-10-26,37.69,244
2012ICKL01,Finn Ickler,2019-11-02,36.41,245
2012ICKL01,Finn Ickler,2019-11-02,38.13,246
2012ICKL01,Finn Ickler,2019-11-02,35.38,247
2012ICKL01,Finn Ickler,2019-11-09,38.4,248
2012ICKL01,Finn Ickler,2019-11-09,34.53,249
2012ICKL01,Finn Ickler,2019-11-16,37.64,250
2012ICKL01,Finn Ickler,2019-11-23,38.48,251
2012ICKL01,Finn Ickler,2019-11-23,35.89,252
2012ICKL01,Finn Ickler,2019-11-23,33.8,253
2012ICKL01,Finn Ickler,2019-11-30,34.45,254
2012ICKL01,Finn Ickler,2019-11-30,36.99,255
2012ICKL01,Finn Ickler,2019-11-30,35.84,256
2012ICKL01,Finn Ickler,2019-12-08,36.75,257
2012ICKL01,Finn Ickler,2019-12-08,38.91,258
2012ICKL01,Finn Ickler,2019-12-08,36.28,259
2012ICKL01,Finn Ickler,2019-12-14,37.25,260
2012ICKL01,Finn Ickler,2019-12-14,36.75,261
2012ICKL01,Finn Ickler,2019-12-21,38.24,262
2012ICKL01,Finn Ickler,2019-12-21,39.38,263
2012ICKL01,Finn Ickler,2019-12-21,35.77,264
2012ICKL01,Finn Ickler,2020-01-04,42.33,265
2012ICKL01,Finn Ickler,2020-01-04,34.45,266
2012ICKL01,Finn Ickler,2020-01-04,36.72,267
2012ICKL01,Finn Ickler,2020-01-18,39.53,268
2012ICKL01,Finn Ickler,2020-01-18,35.21,269
2012ICKL01,Finn Ickler,2020-02-15,37.26,270
2012ICKL01,Finn Ickler,2020-02-22,35.83,271
2012ICKL01,Finn Ickler,2020-02-22,37.01,272
2012ICKL01,Finn Ickler,2020-02-22,38.21,273
2012ICKL01,Finn Ickler,2020-02-29,34.91,274
2012ICKL01,Finn Ickler,2020-02-29,34.7,275
2012ICKL01,Finn Ickler,2020-02-29,34.62,276
2012ICKL01,Finn Ickler,2021-10-16,38.38,277
2012ICKL01,Finn Ickler,2021-10-16,40.66,278
2012ICKL01,Finn Ickler,2021-11-06,35.51,279
2012ICKL01,Finn Ickler,2021-11-06,38.67,280
2012ICKL01,Finn Ickler,2021-11-06,38.27,281
2012ICKL01,Finn Ickler,2022-01-29,38.47,282
2012ICKL01,Finn Ickler,2022-01-29,38.38,283
2012ICKL01,Finn Ickler,2022-03-05,35.58,284
2012ICKL01,Finn Ickler,2022-05-01,37.46,285
2012ICKL01,Finn Ickler,2022-05-01,39.61,286
2012ICKL01,Finn Ickler,2022-05-14,37.64,287
2012ICKL01,Finn Ickler,2022-05-14,36.57,288
2012ICKL01,Finn Ickler,2022-05-21,37.73,289
2012ICKL01,Finn Ickler,2022-05-21,38.23,290
2012ICKL01,Finn Ickler,2022-05-28,41.05,291
2012ICKL01,Finn Ickler,2022-05-28,40.3,292
2012ICKL01,Finn Ickler,2022-06-12,38.92,293
2012ICKL01,Finn Ickler,2022-06-12,37.19,294
2012ICKL01,Finn Ickler,2022-06-25,34.03,295
2012ICKL01,Finn Ickler,2022-07-09,35.95,296
2012ICKL01,Finn Ickler,2022-07-09,39.42,297
2012ICKL01,Finn Ickler,2022-07-09,35.85,298
2012ICKL01,Finn Ickler,2022-07-14,38.01,299
2012ICKL01,Finn Ickler,2022-08-13,36.04,300
2012ICKL01,Finn Ickler,2022-08-13,34.32,301
2012ICKL01,Finn Ickler,2022-10-08,38.31,302
2012ICKL01,Finn Ickler,2022-10-08,40.06,303
2012ICKL01,Finn Ickler,2022-10-22,39.54,304
2012ICKL01,Finn Ickler,2022-10-22,36.4,305
2012ICKL01,Finn Ickler,2022-11-26,36.27,306
2012ICKL01,Finn Ickler,2022-11-26,33.94,307
2012ICKL01,Finn Ickler,2022-11-26,38.54,308
2012ICKL01,Finn Ickler,2023-02-05,35.8,309
2012ICKL01,Finn Ickler,2023-02-05,35.1,310
2012ICKL01,Finn Ickler,2023-03-04,36.35,311
2012ICKL01,Finn Ickler,2023-03-04,38.44,312
2012ICKL01,Finn Ickler,2023-04-01,39.54,313
2012ICKL01,Finn Ickler,2023-04-01,38.26,314
2012ICKL01,Finn Ickler,2023-04-07,38.03,315
2012ICKL01,Finn Ickler,2023-04-07,35.04,316
2012ICKL01,Finn Ickler,2023-04-07,36.19,317
2012ICKL01,Finn Ickler,2023-04-15,40.68,318
2012ICKL01,Finn Ickler,2023-04-15,36.76,319
2012ICKL01,Finn Ickler,2023-04-15,37.84,320
2012ICKL01,Finn Ickler,2023-04-22,35.98,321
2012ICKL01,Finn Ickler,2023-05-20,37.31,322
2012ICKL01,Finn Ickler,2023-05-20,38.26,323
2012ICKL01,Finn Ickler,2023-06-03,36.77,324
2012ICKL01,Finn Ickler,2023-06-03,38.61,325
2012ICKL01,Finn Ickler,2023-07-08,38.99,326
2012ICKL01,Finn Ickler,2023-07-08,37.44,327
2012ICKL01,Finn Ickler,2023-08-04,37.5,328
2012ICKL01,Finn Ickler,2023-08-04,38.44,329
2012ICKL01,Finn Ickler,2023-08-12,35.55,330
2012ICKL01,Finn Ickler,2023-09-16,37.94,331
2012ICKL01,Finn Ickler,2023-09-23,37.74,332
2012ICKL01,Finn Ickler,2023-09-23,35.71,333
2012ICKL01,Finn Ickler,2023-10-07,38.8,334
2012ICKL01,Finn Ickler,2023-10-07,37.45,335
2012ICKL01,Finn Ickler,2023-10-07,36.83,336
2012ICKL01,Finn Ickler,2023-10-21,38.66,337
2012ICKL01,Finn Ickler,2023-10-21,36.78,338
2012ICKL01,Finn Ickler,2023-11-11,34.37,339
2012ICKL01,Finn Ickler,2023-11-11,35.59,340
2012ICKL01,Finn Ickler,2023-11-25,36.74,341
2012ICKL01,Finn Ickler,2023-11-25,35.4,342
2012ICKL01,Finn Ickler,2023-11-25,35.28,343
2012ICKL01,Finn Ickler,2024-03-02,37.92,344
2012ICKL01,Finn Ickler,2024-03-09,37.41,345
2012ICKL01,Finn Ickler,2024-03-09,35.34,346
2012ICKL01,Finn Ickler,2024-03-09,35.38,347
2012ICKL01,Finn Ickler,2024-03-23,36.05,348
2012ICKL01,Finn Ickler,2024-03-23,37.09,349
2012ICKL01,Finn Ickler,2024-03-23,38.58,350
2012ICKL01,Finn Ickler,2024-04-05,37.41,351
2012ICKL01,Finn Ickler,2024-04-05,37.08,352
2012ICKL01,Finn Ickler,2024-05-04,35.75,353
2012ICKL01,Finn Ickler,2024-05-04,37.34,354
2012ICKL01,Finn Ickler,2024-05-24,41.33,355
2012ICKL01,Finn Ickler,2024-05-24,36.73,356
2012ICKL01,Finn Ickler,2024-06-01,38.74,357
2012ICKL01,Finn Ickler,2024-06-01,36.0,358
2012ICKL01,Finn Ickler,2024-07-25,38.57,359
2012ICKL01,Finn Ickler,2024-08-23,34.98,360
2012ICKL01,Finn Ickler,2024-09-07,38.86,361
2012ICKL01,Finn Ickler,2024-09-07,38.39,362
2012ICKL01,Finn Ickler,2024-09-27,38.28,363
2012ICKL01,Finn Ickler,2024-09-27,38.32,364
2012ICKL01,Finn Ickler,2024-10-04,39.3,365
2012ICKL01,Finn Ickler,2024-10-04,38.11,366
2012ICKL01,Finn Ickler,2024-10-26,39.22,367
2012ICKL01,Finn Ickler,2024-10-26,35.83,368
2012ICKL01,Finn Ickler,2024-11-09,36.6,369
2012ICKL01,Finn Ickler,2024-11-09,40.0,370
2012ICKL01,Finn Ickler,2024-11-16,38.64,371
2012ICKL01,Finn Ickler,2024-11-16,36.9,372
2012ICKL01,Finn Ickler,2024-11-16,38.34,373
2012ICKL01,Finn Ickler,2024-11-30,39.29,374
2012ICKL01,Finn Ickler,2024-11-30,36.76,375
2012ICKL01,Finn Ickler,2024-12-14,39.78,376
2012ICKL01,Finn Ickler,2025-01-18,36.86,377
2012ICKL01,Finn Ickler,2025-01-18,35.95,378
2012ICKL01,Finn Ickler,2025-01-24,37.64,379
2012ICKL01,Finn Ickler,2025-01-24,37.16,380
2012ICKL01,Finn Ickler,2025-03-29,38.49,381
2012ICKL01,Finn Ickler,2025-03-29,39.36,382
2012ICKL01,Finn Ickler,2025-04-18,37.35,383
2012ICKL01,Finn Ickler,2025-04-18,36.29,384
2012ICKL01,Finn Ickler,2025-05-03,37.47,385
2012ICKL01,Finn Ickler,2025-05-03,38.12,386
2012ICKL01,Finn Ickler,2025-05-23,34.0,387
2012ICKL01,Finn Ickler,2025-05-23,36.98,388
2012ICKL01,Finn Ickler,2025-06-14,38.85,389
2012ICKL01,Finn Ickler,2025-06-14,37.1,390
2012ICKL01,Finn Ickler,2025-07-03,35.89,391
2012ICKL01,Finn Ickler,2025-09-20,38.23,392
2012ICKL01,Finn Ickler,2025-09-20,39.23,393
2012ICKL01,Finn Ickler,2025-09-26,35.59,394
2012ICKL01,Finn Ickler,2025-09-26,37.46,395
2012ICKL01,Finn Ickler,2025-11-01,38.98,396
2012ICKL01,Finn Ickler,2025-11-01,35.57,397
2012ICKL01,Finn Ickler,2025-12-19,35.5,398
2012ICKL01,Finn Ickler,2025-12-19,38.72,399
2012ICKL01,Finn Ickler,2025-12-19,37.15,400
2012ICKL01,Finn Ickler,2026-01-17,40.24,401
2012ICKL01,Finn Ickler,2026-01-23,35.46,402
2012ICKL01,Finn Ickler,2026-01-23,39.86,403
2012ICKL01,Finn Ickler,2026-02-28,37.41,404
2012ICKL01,Finn Ickler,2026-02-28,38.33,405
2012ICKL01,Finn Ickler,2026-03-14,39.82,406
2012ICKL01,Finn Ickler,2026-03-14,36.2,407
2012ICKL01,Finn Ickler,2026-05-03,39.23,408
2012ICKL01,Finn Ickler,2026-05-16,41.19,409
2012ICKL01,Finn Ickler,2026-05-16,33.68,410
2012MAHV01,Paul Mahvi,2013-03-09,97.75,1
2012MAHV01,Paul Mahvi,2013-11-02,70.72,2
2012MAHV01,Paul Mahvi,2014-02-01,59.91,3
2012MAHV01,Paul Mahvi,2014-04-19,58.29,4
2012MAHV01,Paul Mahvi,2014-08-01,59.97,5
2012MAHV01,Paul Mahvi,2014-09-06,50.71,6
2012MAHV01,Paul Mahvi,2014-09-06,49.68,7
2012MAHV01,Paul Mahvi,2014-11-02,49.27,8
2012MAHV01,Paul Mahvi,2015-02-21,48.93,9
2012MAHV01,Paul Mahvi,2015-02-28,50.99,10
2012MAHV01,Paul Mahvi,2015-02-28,47.25,11
2012MAHV01,Paul Mahvi,2015-04-12,50.28,12
2012MAHV01,Paul Mahvi,2015-04-19,47.58,13
2012MAHV01,Paul Mahvi,2015-05-30,46.73,14
2012MAHV01,Paul Mahvi,2015-05-30,45.36,15
2012MAHV01,Paul Mahvi,2015-07-11,43.24,16
2012MAHV01,Paul Mahvi,2015-07-31,51.69,17
2012MAHV01,Paul Mahvi,2015-07-31,49.24,18
2012MAHV01,Paul Mahvi,2015-07-31,49.91,19
2012MAHV01,Paul Mahvi,2015-08-08,45.38,20
2012MAHV01,Paul Mahvi,2015-09-12,40.88,21
2012MAHV01,Paul Mahvi,2015-11-22,45.1,22
2012MAHV01,Paul Mahvi,2016-01-03,38.66,23
2012MAHV01,Paul Mahvi,2016-01-03,48.06,24
2012MAHV01,Paul Mahvi,2016-01-09,41.18,25
2012MAHV01,Paul Mahvi,2016-02-20,38.82,26
2012MAHV01,Paul Mahvi,2016-04-10,41.18,27
2012MAHV01,Paul Mahvi,2016-06-26,37.22,28
2012MAHV01,Paul Mahvi,2016-07-02,39.37,29
2012MAHV01,Paul Mahvi,2016-07-02,40.27,30
2012MAHV01,Paul Mahvi,2016-07-15,40.96,31
2012MAHV01,Paul Mahvi,2016-07-15,41.1,32
2012MAHV01,Paul Mahvi,2016-07-29,40.74,33
2012MAHV01,Paul Mahvi,2016-07-29,41.32,34
2012MAHV01,Paul Mahvi,2016-07-29,42.26,35
2012MAHV01,Paul Mahvi,2016-09-17,38.44,36
2012MAHV01,Paul Mahvi,2016-11-19,40.55,37
2012MAHV01,Paul Mahvi,2016-12-17,41.63,38
2012MAHV01,Paul Mahvi,2017-02-11,41.29,39
2012MAHV01,Paul Mahvi,2017-03-18,40.51,40
2012MAHV01,Paul Mahvi,2017-03-18,45.05,41
2012MAHV01,Paul Mahvi,2017-03-25,41.79,42
2012MAHV01,Paul Mahvi,2017-04-22,38.29,43
2012MAHV01,Paul Mahvi,2017-04-22,38.57,44
2012MAHV01,Paul Mahvi,2017-07-01,36.97,45
2012MAHV01,Paul Mahvi,2017-07-01,36.9,46
2012MAHV01,Paul Mahvi,2017-07-01,37.77,47
2012MAHV01,Paul Mahvi,2017-07-08,38.3,48
2012MAHV01,Paul Mahvi,2017-07-08,39.21,49
2012MAHV01,Paul Mahvi,2017-07-13,38.68,50
2012MAHV01,Paul Mahvi,2017-07-13,40.39,51
2012MAHV01,Paul Mahvi,2017-08-26,42.44,52
2012MAHV01,Paul Mahvi,2017-08-26,39.36,53
2012MAHV01,Paul Mahvi,2017-10-28,38.34,54
2012MAHV01,Paul Mahvi,2017-11-11,34.2,55
2012MAHV01,Paul Mahvi,2017-11-11,35.88,56
2012MAHV01,Paul Mahvi,2017-12-16,35.0,57
2012MAHV01,Paul Mahvi,2018-01-13,34.66,58
2012MAHV01,Paul Mahvi,2018-01-13,33.81,59
2012MAHV01,Paul Mahvi,2018-01-27,35.01,60
2012MAHV01,Paul Mahvi,2018-01-27,33.42,61
2012MAHV01,Paul Mahvi,2018-02-17,36.44,62
2012MAHV01,Paul Mahvi,2018-02-24,36.77,63
2012MAHV01,Paul Mahvi,2018-02-24,36.67,64
2012MAHV01,Paul Mahvi,2018-04-07,33.1,65
2012MAHV01,Paul Mahvi,2018-05-27,35.19,66
2012MAHV01,Paul Mahvi,2018-05-27,33.6,67
2012MAHV01,Paul Mahvi,2018-06-15,34.39,68
2012MAHV01,Paul Mahvi,2018-06-15,34.63,69
2012MAHV01,Paul Mahvi,2018-07-08,33.44,70
2012MAHV01,Paul Mahvi,2018-07-08,32.38,71
2012MAHV01,Paul Mahvi,2018-07-14,34.04,72
2012MAHV01,Paul Mahvi,2018-07-14,32.88,73
2012MAHV01,Paul Mahvi,2018-07-27,31.48,74
2012MAHV01,Paul Mahvi,2018-07-27,35.47,75
2012MAHV01,Paul Mahvi,2018-08-10,32.85,76
2012MAHV01,Paul Mahvi,2018-08-10,31.46,77
2012MAHV01,Paul Mahvi,2018-08-25,34.66,78
2012MAHV01,Paul Mahvi,2018-08-25,38.02,79
2012MAHV01,Paul Mahvi,2018-10-21,34.05,80
2012MAHV01,Paul Mahvi,2018-10-21,34.65,81
2012MAHV01,Paul Mahvi,2018-11-17,36.8,82
2012MAHV01,Paul Mahvi,2018-11-17,32.0,83
2012MAHV01,Paul Mahvi,2018-12-14,32.58,84
2012MAHV01,Paul Mahvi,2019-01-05,33.23,85
2012MAHV01,Paul Mahvi,2019-01-05,33.33,86
2012MAHV01,Paul Mahvi,2019-02-16,32.5,87
2012MAHV01,Paul Mahvi,2019-02-16,31.36,88
2012MAHV01,Paul Mahvi,2019-02-23,31.55,89
2012MAHV01,Paul Mahvi,2019-02-23,28.75,90
2012MAHV01,Paul Mahvi,2019-03-30,29.79,91
2012MAHV01,Paul Mahvi,2019-04-21,36.57,92
2012MAHV01,Paul Mahvi,2019-04-21,32.03,93
2012MAHV01,Paul Mahvi,2019-05-25,34.83,94
2012MAHV01,Paul Mahvi,2019-06-22,33.98,95
2012MAHV01,Paul Mahvi,2019-06-22,33.37,96
2012MAHV01,Paul Mahvi,2019-07-06,31.24,97
2012MAHV01,Paul Mahvi,2019-07-06,35.16,98
2012MAHV01,Paul Mahvi,2019-07-11,34.79,99
2012MAHV01,Paul Mahvi,2019-07-11,34.07,100
2012MAHV01,Paul Mahvi,2019-07-26,31.46,101
2012MAHV01,Paul Mahvi,2019-07-26,34.31,102
2012MAHV01,Paul Mahvi,2019-07-26,32.41,103
2012MAHV01,Paul Mahvi,2019-08-01,31.02,104
2012MAHV01,Paul Mahvi,2019-08-01,31.28,105
2012MAHV01,Paul Mahvi,2019-08-01,31.57,106
2012MAHV01,Paul Mahvi,2019-08-01,34.08,107
2012MAHV01,Paul Mahvi,2019-08-16,30.71,108
2012MAHV01,Paul Mahvi,2019-08-16,35.28,109
2012MAHV01,Paul Mahvi,2019-08-16,30.79,110
2012MAHV01,Paul Mahvi,2019-09-08,32.08,111
2012MAHV01,Paul Mahvi,2019-09-08,28.74,112
2012MAHV01,Paul Mahvi,2019-09-28,32.42,113
2012MAHV01,Paul Mahvi,2019-09-28,32.5,114
2012MAHV01,Paul Mahvi,2019-10-12,34.96,115
2012MAHV01,Paul Mahvi,2019-10-19,32.62,116
2012MAHV01,Paul Mahvi,2019-10-19,28.61,117
2012MAHV01,Paul Mahvi,2019-11-10,31.57,118
2012MAHV01,Paul Mahvi,2019-12-01,33.73,119
2012MAHV01,Paul Mahvi,2019-12-01,30.15,120
2012MAHV01,Paul Mahvi,2019-12-07,32.6,121
2012MAHV01,Paul Mahvi,2019-12-07,32.19,122
2012MAHV01,Paul Mahvi,2019-12-07,30.59,123
2012MAHV01,Paul Mahvi,2019-12-14,34.42,124
2012MAHV01,Paul Mahvi,2019-12-14,31.1,125
2012MAHV01,Paul Mahvi,2019-12-21,31.65,126
2012MAHV01,Paul Mahvi,2020-01-25,31.53,127
2012MAHV01,Paul Mahvi,2020-02-22,31.08,128
2012MAHV01,Paul Mahvi,2020-02-22,31.22,129
2012MAHV01,Paul Mahvi,2021-07-16,29.92,130
2012MAHV01,Paul Mahvi,2021-11-06,29.08,131
2012MAHV01,Paul Mahvi,2021-11-06,26.37,132
2012MAHV01,Paul Mahvi,2021-11-13,28.82,133
2012MAHV01,Paul Mahvi,2021-11-20,32.01,134
2012MAHV01,Paul Mahvi,2021-11-20,29.2,135
2012MAHV01,Paul Mahvi,2021-11-26,28.71,136
2012MAHV01,Paul Mahvi,2021-11-26,28.16,137
2012MAHV01,Paul Mahvi,2022-02-05,28.7,138
2012MAHV01,Paul Mahvi,2022-02-05,27.79,139
2012MAHV01,Paul Mahvi,2022-02-12,29.03,140
2012MAHV01,Paul Mahvi,2022-02-12,29.66,141
2012MAHV01,Paul Mahvi,2022-03-27,28.72,142
2012MAHV01,Paul Mahvi,2022-03-27,27.99,143
2012MAHV01,Paul Mahvi,2022-04-03,29.49,144
2012MAHV01,Paul Mahvi,2022-04-03,27.52,145
2012MAHV01,Paul Mahvi,2022-04-03,29.05,146
2012MAHV01,Paul Mahvi,2022-05-22,29.18,147
2012MAHV01,Paul Mahvi,2022-05-22,30.1,148
2012MAHV01,Paul Mahvi,2022-05-22,29.67,149
2012MAHV01,Paul Mahvi,2022-07-03,29.22,150
2012MAHV01,Paul Mahvi,2022-07-03,27.5,151
2012MAHV01,Paul Mahvi,2022-07-07,30.33,152
2012MAHV01,Paul Mahvi,2022-07-07,28.35,153
2012MAHV01,Paul Mahvi,2022-07-07,28.61,154
2012MAHV01,Paul Mahvi,2022-07-14,30.34,155
2012MAHV01,Paul Mahvi,2022-07-14,30.57,156
2012MAHV01,Paul Mahvi,2022-08-13,29.66,157
2012MAHV01,Paul Mahvi,2022-08-13,30.03,158
2012MAHV01,Paul Mahvi,2022-08-19,29.62,159
2012MAHV01,Paul Mahvi,2022-08-19,30.33,160
2012MAHV01,Paul Mahvi,2022-08-19,28.44,161
2012MAHV01,Paul Mahvi,2022-08-28,28.07,162
2012MAHV01,Paul Mahvi,2022-08-28,29.2,163
2012MAHV01,Paul Mahvi,2022-09-25,27.08,164
2012MAHV01,Paul Mahvi,2022-09-25,26.77,165
2012MAHV01,Paul Mahvi,2022-10-07,27.14,166
2012MAHV01,Paul Mahvi,2022-10-07,28.78,167
2012MAHV01,Paul Mahvi,2022-10-07,28.83,168
2012MAHV01,Paul Mahvi,2022-10-22,30.14,169
2012MAHV01,Paul Mahvi,2022-10-22,26.17,170
2012MAHV01,Paul Mahvi,2022-11-19,29.27,171
2012MAHV01,Paul Mahvi,2022-11-19,30.44,172
2012MAHV01,Paul Mahvi,2022-11-19,26.28,173
2012MAHV01,Paul Mahvi,2022-12-04,26.68,174
2012MAHV01,Paul Mahvi,2022-12-04,28.63,175
2012MAHV01,Paul Mahvi,2022-12-17,29.21,176
2012MAHV01,Paul Mahvi,2022-12-17,29.25,177
2012MAHV01,Paul Mahvi,2023-01-14,28.28,178
2012MAHV01,Paul Mahvi,2023-01-14,29.71,179
2012MAHV01,Paul Mahvi,2023-02-18,28.21,180
2012MAHV01,Paul Mahvi,2023-02-18,27.58,181
2012MAHV01,Paul Mahvi,2023-03-11,29.46,182
2012MAHV01,Paul Mahvi,2023-03-11,28.91,183
2012MAHV01,Paul Mahvi,2023-04-22,31.81,184
2012MAHV01,Paul Mahvi,2023-04-22,28.74,185
2012MAHV01,Paul Mahvi,2023-04-29,29.95,186
2012MAHV01,Paul Mahvi,2023-04-29,26.16,187
2012MAHV01,Paul Mahvi,2023-05-20,30.34,188
2012MAHV01,Paul Mahvi,2023-05-20,28.12,189
2012MAHV01,Paul Mahvi,2023-05-27,26.84,190
2012MAHV01,Paul Mahvi,2023-05-27,28.2,191
2012MAHV01,Paul Mahvi,2023-06-03,29.43,192
2012MAHV01,Paul Mahvi,2023-06-03,28.57,193
2012MAHV01,Paul Mahvi,2023-06-10,28.68,194
2012MAHV01,Paul Mahvi,2023-06-10,29.33,195
2012MAHV01,Paul Mahvi,2023-06-17,30.29,196
2012MAHV01,Paul Mahvi,2023-06-17,28.85,197
2012MAHV01,Paul Mahvi,2023-06-17,29.69,198
2012MAHV01,Paul Mahvi,2023-06-17,30.48,199
2012MAHV01,Paul Mahvi,2023-06-30,28.35,200
2012MAHV01,Paul Mahvi,2023-06-30,28.99,201
2012MAHV01,Paul Mahvi,2023-06-30,31.78,202
2012MAHV01,Paul Mahvi,2023-07-13,27.6,203
2012MAHV01,Paul Mahvi,2023-07-13,28.88,204
2012MAHV01,Paul Mahvi,2023-07-13,27.94,205
2012MAHV01,Paul Mahvi,2023-07-27,28.74,206
2012MAHV01,Paul Mahvi,2023-07-27,27.71,207
2012MAHV01,Paul Mahvi,2023-07-27,26.9,208
2012MAHV01,Paul Mahvi,2023-08-12,29.11,209
2012MAHV01,Paul Mahvi,2023-08-12,27.37,210
2012MAHV01,Paul Mahvi,2023-09-03,28.23,211
2012MAHV01,Paul Mahvi,2023-09-03,28.52,212
2012MAHV01,Paul Mahvi,2023-09-17,27.44,213
2012MAHV01,Paul Mahvi,2023-09-17,29.08,214
2012MAHV01,Paul Mahvi,2023-09-24,29.3,215
2012MAHV01,Paul Mahvi,2023-09-24,28.46,216
2012MAHV01,Paul Mahvi,2023-10-01,28.53,217
2012MAHV01,Paul Mahvi,2023-10-01,29.39,218
2012MAHV01,Paul Mahvi,2023-11-05,30.02,219
2012MAHV01,Paul Mahvi,2023-11-05,27.14,220
2012MAHV01,Paul Mahvi,2023-11-11,30.93,221
2012MAHV01,Paul Mahvi,2023-11-11,28.52,222
2012MAHV01,Paul Mahvi,2023-12-03,30.11,223
2012MAHV01,Paul Mahvi,2023-12-03,27.1,224
2012MAHV01,Paul Mahvi,2023-12-10,27.81,225
2012MAHV01,Paul Mahvi,2023-12-10,27.25,226
2012MAHV01,Paul Mahvi,2023-12-17,27.52,227
2012MAHV01,Paul Mahvi,2023-12-17,27.17,228
2012MAHV01,Paul Mahvi,2024-01-05,28.76,229
2012MAHV01,Paul Mahvi,2024-01-05,31.12,230
2012MAHV01,Paul Mahvi,2024-01-20,27.13,231
2012MAHV01,Paul Mahvi,2024-01-20,27.82,232
2012MAHV01,Paul Mahvi,2024-01-27,27.55,233
2012MAHV01,Paul Mahvi,2024-01-27,27.79,234
2012MAHV01,Paul Mahvi,2024-02-18,30.57,235
2012MAHV01,Paul Mahvi,2024-03-16,29.35,236
2012MAHV01,Paul Mahvi,2024-03-16,28.19,237
2012MAHV01,Paul Mahvi,2024-03-23,28.86,238
2012MAHV01,Paul Mahvi,2024-03-23,31.74,239
2012MAHV01,Paul Mahvi,2024-03-23,28.03,240
2012MAHV01,Paul Mahvi,2024-04-12,30.28,241
2012MAHV01,Paul Mahvi,2024-04-12,27.66,242
2012MAHV01,Paul Mahvi,2024-04-12,27.3,243
2012MAHV01,Paul Mahvi,2024-04-20,28.0,244
2012MAHV01,Paul Mahvi,2024-05-04,29.85,245
2012MAHV01,Paul Mahvi,2024-05-04,28.38,246
2012MAHV01,Paul Mahvi,2024-05-11,29.28,247
2012MAHV01,Paul Mahvi,2024-05-11,27.97,248
2012MAHV01,Paul Mahvi,2024-05-25,27.45,249
2012MAHV01,Paul Mahvi,2024-05-25,29.51,250
2012MAHV01,Paul Mahvi,2024-05-25,30.97,251
2012MAHV01,Paul Mahvi,2024-06-02,27.91,252
2012MAHV01,Paul Mahvi,2024-06-22,30.9,253
2012MAHV01,Paul Mahvi,2024-06-22,27.3,254
2012MAHV01,Paul Mahvi,2024-07-07,30.56,255
2012MAHV01,Paul Mahvi,2024-07-18,31.76,256
2012MAHV01,Paul Mahvi,2024-07-18,29.12,257
2012MAHV01,Paul Mahvi,2024-07-18,29.69,258
2012MAHV01,Paul Mahvi,2024-08-02,29.22,259
2012MAHV01,Paul Mahvi,2024-08-02,29.21,260
2012MAHV01,Paul Mahvi,2024-08-02,29.42,261
2012MAHV01,Paul Mahvi,2024-08-31,28.3,262
2012MAHV01,Paul Mahvi,2024-08-31,28.05,263
2012MAHV01,Paul Mahvi,2024-08-31,28.67,264
2012MAHV01,Paul Mahvi,2024-09-28,27.36,265
2012MAHV01,Paul Mahvi,2024-09-29,30.78,266
2012MAHV01,Paul Mahvi,2024-10-20,30.25,267
2012MAHV01,Paul Mahvi,2024-10-20,27.41,268
2012MAHV01,Paul Mahvi,2024-11-09,28.7,269
2012MAHV01,Paul Mahvi,2024-11-09,27.22,270
2012MAHV01,Paul Mahvi,2024-11-16,27.53,271
2012MAHV01,Paul Mahvi,2024-11-16,27.02,272
2012MAHV01,Paul Mahvi,2024-11-30,28.2,273
2012MAHV01,Paul Mahvi,2024-11-30,29.81,274
2012MAHV01,Paul Mahvi,2024-12-08,29.54,275
2012MAHV01,Paul Mahvi,2024-12-08,27.47,276
2012MAHV01,Paul Mahvi,2025-01-12,28.16,277
2012MAHV01,Paul Mahvi,2025-01-12,31.51,278
2012MAHV01,Paul Mahvi,2025-01-19,26.97,279
2012MAHV01,Paul Mahvi,2025-02-07,28.81,280
2012MAHV01,Paul Mahvi,2025-02-07,27.08,281
2012MAHV01,Paul Mahvi,2025-03-13,26.23,282
2012MAHV01,Paul Mahvi,2025-03-14,28.28,283
2012MAHV01,Paul Mahvi,2025-03-14,28.15,284
2012MAHV01,Paul Mahvi,2025-03-14,25.12,285
2012MAHV01,Paul Mahvi,2025-03-22,29.94,286
2012MAHV01,Paul Mahvi,2025-03-22,25.88,287
2012MAHV01,Paul Mahvi,2025-03-29,28.13,288
2012MAHV01,Paul Mahvi,2025-03-29,25.98,289
2012MAHV01,Paul Mahvi,2025-04-12,29.75,290
2012MAHV01,Paul Mahvi,2025-04-12,29.18,291
2012MAHV01,Paul Mahvi,2025-05-18,28.3,292
2012MAHV01,Paul Mahvi,2025-05-18,27.51,293
2012MAHV01,Paul Mahvi,2025-06-28,29.33,294
2012MAHV01,Paul Mahvi,2025-06-28,26.57,295
2012MAHV01,Paul Mahvi,2025-07-03,27.81,296
2012MAHV01,Paul Mahvi,2025-07-03,26.79,297
2012MAHV01,Paul Mahvi,2025-07-18,27.21,298
2012MAHV01,Paul Mahvi,2025-07-18,28.68,299
2012MAHV01,Paul Mahvi,2025-08-09,29.4,300
2012MAHV01,Paul Mahvi,2025-08-09,28.32,301
2012MAHV01,Paul Mahvi,2025-08-29,29.27,302
2012MAHV01,Paul Mahvi,2025-08-29,29.29,303
2012MAHV01,Paul Mahvi,2025-08-29,29.51,304
2012MAHV01,Paul Mahvi,2025-09-28,27.88,305
2012MAHV01,Paul Mahvi,2025-09-28,28.48,306
2012MAHV01,Paul Mahvi,2025-10-25,27.48,307
2012MAHV01,Paul Mahvi,2025-10-25,29.44,308
2012MAHV01,Paul Mahvi,2025-11-01,28.62,309
2012MAHV01,Paul Mahvi,2025-11-15,28.76,310
2012MAHV01,Paul Mahvi,2025-11-15,27.58,311
2012MAHV01,Paul Mahvi,2025-11-22,28.93,312
2012MAHV01,Paul Mahvi,2025-11-22,26.94,313
2012MAHV01,Paul Mahvi,2025-12-13,30.47,314
2012MAHV01,Paul Mahvi,2025-12-13,29.77,315
2012MAHV01,Paul Mahvi,2026-01-09,29.04,316
2012MAHV01,Paul Mahvi,2026-01-09,25.78,317
2012MAHV01,Paul Mahvi,2026-01-18,28.41,318
2012MAHV01,Paul Mahvi,2026-01-18,29.08,319
2012MAHV01,Paul Mahvi,2026-02-26,30.49,320
2012MAHV01,Paul Mahvi,2026-02-26,28.03,321
2012MAHV01,Paul Mahvi,2026-03-07,27.89,322
2012MAHV01,Paul Mahvi,2026-03-07,27.81,323
2012MAHV01,Paul Mahvi,2026-03-21,27.9,324
2012MAHV01,Paul Mahvi,2026-03-21,29.41,325
2012MAHV01,Paul Mahvi,2026-04-19,27.3,326
2012MAHV01,Paul Mahvi,2026-05-01,28.0,327
2012MAHV01,Paul Mahvi,2026-05-01,28.79,328
2012MAHV01,Paul Mahvi,2026-05-09,28.91,329
2012MAHV01,Paul Mahvi,2026-05-09,28.19,330
2012MAHV01,Paul Mahvi,2026-05-23,28.34,331
2012MAHV01,Paul Mahvi,2026-05-23,29.34,332
2013BURL01,Łukasz Burliga,2014-12-06,65.24,1
2013BURL01,Łukasz Burliga,2015-03-27,55.93,2
2013BURL01,Łukasz Burliga,2015-05-23,66.29,3
2013BURL01,Łukasz Burliga,2015-06-06,49.99,4
2013BURL01,Łukasz Burliga,2015-06-06,53.01,5
2013BURL01,Łukasz Burliga,2015-06-06,54.03,6
2013BURL01,Łukasz Burliga,2015-10-09,47.52,7
2013BURL01,Łukasz Burliga,2015-10-09,52.66,8
2013BURL01,Łukasz Burliga,2015-10-17,44.6,9
2013BURL01,Łukasz Burliga,2015-10-17,47.73,10
2013BURL01,Łukasz Burliga,2015-12-05,54.42,11
2013BURL01,Łukasz Burliga,2016-01-09,49.96,12
2013BURL01,Łukasz Burliga,2016-04-23,42.76,13
2013BURL01,Łukasz Burliga,2016-04-23,45.07,14
2013BURL01,Łukasz Burliga,2016-06-11,45.61,15
2013BURL01,Łukasz Burliga,2016-06-11,47.06,16
2013BURL01,Łukasz Burliga,2016-06-11,44.33,17
2013BURL01,Łukasz Burliga,2016-07-15,44.66,18
2013BURL01,Łukasz Burliga,2016-07-15,45.55,19
2013BURL01,Łukasz Burliga,2016-07-19,38.3,20
2013BURL01,Łukasz Burliga,2016-07-19,42.86,21
2013BURL01,Łukasz Burliga,2016-08-27,39.46,22
2013BURL01,Łukasz Burliga,2016-08-27,43.75,23
2013BURL01,Łukasz Burliga,2016-10-08,41.94,24
2013BURL01,Łukasz Burliga,2016-10-08,42.16,25
2013BURL01,Łukasz Burliga,2016-12-09,39.08,26
2013BURL01,Łukasz Burliga,2016-12-09,41.5,27
2013BURL01,Łukasz Burliga,2016-12-17,42.69,28
2013BURL01,Łukasz Burliga,2016-12-17,40.58,29
2013BURL01,Łukasz Burliga,2017-01-14,42.95,30
2013BURL01,Łukasz Burliga,2017-01-14,39.05,31
2013BURL01,Łukasz Burliga,2017-01-14,40.77,32
2013BURL01,Łukasz Burliga,2017-02-25,38.02,33
2013BURL01,Łukasz Burliga,2017-02-25,40.64,34
2013BURL01,Łukasz Burliga,2017-03-11,38.72,35
2013BURL01,Łukasz Burliga,2017-03-11,38.68,36
2013BURL01,Łukasz Burliga,2017-04-01,39.41,37
2013BURL01,Łukasz Burliga,2017-04-01,41.16,38
2013BURL01,Łukasz Burliga,2017-05-27,43.42,39
2013BURL01,Łukasz Burliga,2017-05-27,41.15,40
2013BURL01,Łukasz Burliga,2017-06-10,45.05,41
2013BURL01,Łukasz Burliga,2017-06-10,39.12,42
2013BURL01,Łukasz Burliga,2017-06-17,42.77,43
2013BURL01,Łukasz Burliga,2017-06-24,43.03,44
2013BURL01,Łukasz Burliga,2017-06-24,38.93,45
2013BURL01,Łukasz Burliga,2017-07-13,37.53,46
2013BURL01,Łukasz Burliga,2017-07-13,38.9,47
2013BURL01,Łukasz Burliga,2017-07-29,37.37,48
2013BURL01,Łukasz Burliga,2017-07-29,33.8,49
2013BURL01,Łukasz Burliga,2017-09-09,39.7,50
2013BURL01,Łukasz Burliga,2017-09-15,36.84,51
2013BURL01,Łukasz Burliga,2017-09-15,38.45,52
2013BURL01,Łukasz Burliga,2017-10-14,35.48,53
2013BURL01,Łukasz Burliga,2017-10-14,36.07,54
2013BURL01,Łukasz Burliga,2017-11-17,35.56,55
2013BURL01,Łukasz Burliga,2017-11-17,43.57,56
2013BURL01,Łukasz Burliga,2017-12-16,36.56,57
2013BURL01,Łukasz Burliga,2017-12-16,38.07,58
2013BURL01,Łukasz Burliga,2018-02-17,33.95,59
2013BURL01,Łukasz Burliga,2018-02-24,34.31,60
2013BURL01,Łukasz Burliga,2018-02-24,32.28,61
2013BURL01,Łukasz Burliga,2018-05-26,33.91,62
2013BURL01,Łukasz Burliga,2018-06-10,35.3,63
2013BURL01,Łukasz Burliga,2018-06-10,34.28,64
2013BURL01,Łukasz Burliga,2018-06-23,35.48,65
2013BURL01,Łukasz Burliga,2018-06-23,32.0,66
2013BURL01,Łukasz Burliga,2018-07-07,35.79,67
2013BURL01,Łukasz Burliga,2018-07-07,36.68,68
2013BURL01,Łukasz Burliga,2018-07-19,33.72,69
2013BURL01,Łukasz Burliga,2018-07-19,33.92,70
2013BURL01,Łukasz Burliga,2018-07-28,34.06,71
2013BURL01,Łukasz Burliga,2018-08-04,32.52,72
2013BURL01,Łukasz Burliga,2018-08-04,32.2,73
2013BURL01,Łukasz Burliga,2018-08-04,33.9,74
2013BURL01,Łukasz Burliga,2018-09-15,35.83,75
2013BURL01,Łukasz Burliga,2018-09-15,32.11,76
2013BURL01,Łukasz Burliga,2018-09-22,36.93,77
2013BURL01,Łukasz Burliga,2018-09-22,32.17,78
2013BURL01,Łukasz Burliga,2018-10-06,33.59,79
2013BURL01,Łukasz Burliga,2018-10-06,33.42,80
2013BURL01,Łukasz Burliga,2018-10-20,34.63,81
2013BURL01,Łukasz Burliga,2018-10-20,32.64,82
2013BURL01,Łukasz Burliga,2018-10-26,35.5,83
2013BURL01,Łukasz Burliga,2018-10-26,34.54,84
2013BURL01,Łukasz Burliga,2018-11-17,32.59,85
2013BURL01,Łukasz Burliga,2018-11-17,34.28,86
2013BURL01,Łukasz Burliga,2018-12-08,35.43,87
2013BURL01,Łukasz Burliga,2018-12-08,32.54,88
2013BURL01,Łukasz Burliga,2019-01-12,34.69,89
2013BURL01,Łukasz Burliga,2019-01-12,34.73,90
2013BURL01,Łukasz Burliga,2019-02-02,32.35,91
2013BURL01,Łukasz Burliga,2019-02-02,33.82,92
2013BURL01,Łukasz Burliga,2019-02-23,33.42,93
2013BURL01,Łukasz Burliga,2019-02-23,35.69,94
2013BURL01,Łukasz Burliga,2019-03-02,32.2,95
2013BURL01,Łukasz Burliga,2019-03-02,32.93,96
2013BURL01,Łukasz Burliga,2019-03-02,33.67,97
2013BURL01,Łukasz Burliga,2019-05-26,33.19,98
2013BURL01,Łukasz Burliga,2019-05-26,34.31,99
2013BURL01,Łukasz Burliga,2019-06-01,31.5,100
2013BURL01,Łukasz Burliga,2019-06-01,34.24,101
2013BURL01,Łukasz Burliga,2019-06-22,35.33,102
2013BURL01,Łukasz Burliga,2019-06-22,32.55,103
2013BURL01,Łukasz Burliga,2019-07-11,32.14,104
2013BURL01,Łukasz Burliga,2019-07-11,32.08,105
2013BURL01,Łukasz Burliga,2019-07-20,30.13,106
2013BURL01,Łukasz Burliga,2019-07-20,31.32,107
2013BURL01,Łukasz Burliga,2019-08-24,32.46,108
2013BURL01,Łukasz Burliga,2019-08-24,34.25,109
2013BURL01,Łukasz Burliga,2019-09-13,30.97,110
2013BURL01,Łukasz Burliga,2019-09-13,34.1,111
2013BURL01,Łukasz Burliga,2019-09-13,31.47,112
2013BURL01,Łukasz Burliga,2019-10-05,30.48,113
2013BURL01,Łukasz Burliga,2019-10-05,31.39,114
2013BURL01,Łukasz Burliga,2019-10-05,30.44,115
2013BURL01,Łukasz Burliga,2019-10-11,31.15,116
2013BURL01,Łukasz Burliga,2019-10-11,30.06,117
2013BURL01,Łukasz Burliga,2019-12-06,34.02,118
2013BURL01,Łukasz Burliga,2019-12-06,32.39,119
2013BURL01,Łukasz Burliga,2020-01-25,32.76,120
2013BURL01,Łukasz Burliga,2020-01-25,31.7,121
2013BURL01,Łukasz Burliga,2020-08-22,33.38,122
2013BURL01,Łukasz Burliga,2020-08-22,31.53,123
2013BURL01,Łukasz Burliga,2020-09-12,33.5,124
2013BURL01,Łukasz Burliga,2020-09-12,30.03,125
2013BURL01,Łukasz Burliga,2021-07-03,34.66,126
2013BURL01,Łukasz Burliga,2021-07-03,34.81,127
2013BURL01,Łukasz Burliga,2021-07-03,31.92,128
2013BURL01,Łukasz Burliga,2021-07-10,31.31,129
2013BURL01,Łukasz Burliga,2021-07-10,32.67,130
2013BURL01,Łukasz Burliga,2021-07-10,32.88,131
2013BURL01,Łukasz Burliga,2021-07-24,33.7,132
2013BURL01,Łukasz Burliga,2021-07-24,31.51,133
2013BURL01,Łukasz Burliga,2021-07-24,31.29,134
2013BURL01,Łukasz Burliga,2021-08-07,33.31,135
2013BURL01,Łukasz Burliga,2021-08-07,35.19,136
2013BURL01,Łukasz Burliga,2021-09-04,32.23,137
2013BURL01,Łukasz Burliga,2021-09-04,28.82,138
2013BURL01,Łukasz Burliga,2021-09-04,29.69,139
2013BURL01,Łukasz Burliga,2021-09-11,33.87,140
2013BURL01,Łukasz Burliga,2021-09-11,30.7,141
2013BURL01,Łukasz Burliga,2021-09-11,34.33,142
2013BURL01,Łukasz Burliga,2021-09-18,32.73,143
2013BURL01,Łukasz Burliga,2021-09-18,29.15,144
2013BURL01,Łukasz Burliga,2021-10-01,33.26,145
2013BURL01,Łukasz Burliga,2021-10-01,36.54,146
2013BURL01,Łukasz Burliga,2021-10-09,36.27,147
2013BURL01,Łukasz Burliga,2021-10-09,30.29,148
2013BURL01,Łukasz Burliga,2021-11-06,29.46,149
2013BURL01,Łukasz Burliga,2021-11-06,33.97,150
2013BURL01,Łukasz Burliga,2021-11-06,34.82,151
2013BURL01,Łukasz Burliga,2021-12-18,32.18,152
2013BURL01,Łukasz Burliga,2021-12-18,31.69,153
2013BURL01,Łukasz Burliga,2022-02-12,30.88,154
2013BURL01,Łukasz Burliga,2022-02-12,33.84,155
2013BURL01,Łukasz Burliga,2022-02-26,31.85,156
2013BURL01,Łukasz Burliga,2022-03-26,30.84,157
2013BURL01,Łukasz Burliga,2022-03-26,31.79,158
2013BURL01,Łukasz Burliga,2022-04-23,31.94,159
2013BURL01,Łukasz Burliga,2022-04-23,30.65,160
2013BURL01,Łukasz Burliga,2022-05-21,31.86,161
2013BURL01,Łukasz Burliga,2022-05-21,30.3,162
2013BURL01,Łukasz Burliga,2022-07-02,34.01,163
2013BURL01,Łukasz Burliga,2022-07-02,32.79,164
2013BURL01,Łukasz Burliga,2022-07-08,30.86,165
2013BURL01,Łukasz Burliga,2022-07-08,29.57,166
2013BURL01,Łukasz Burliga,2022-07-14,30.31,167
2013BURL01,Łukasz Burliga,2022-07-14,28.93,168
2013BURL01,Łukasz Burliga,2022-07-14,28.84,169
2013BURL01,Łukasz Burliga,2022-08-06,31.33,170
2013BURL01,Łukasz Burliga,2022-08-06,30.09,171
2013BURL01,Łukasz Burliga,2022-08-06,31.23,172
2013BURL01,Łukasz Burliga,2022-08-13,30.03,173
2013BURL01,Łukasz Burliga,2022-08-13,29.7,174
2013BURL01,Łukasz Burliga,2022-08-27,31.56,175
2013BURL01,Łukasz Burliga,2022-08-27,30.28,176
2013BURL01,Łukasz Burliga,2022-09-17,32.85,177
2013BURL01,Łukasz Burliga,2022-09-17,32.45,178
2013BURL01,Łukasz Burliga,2022-09-24,28.46,179
2013BURL01,Łukasz Burliga,2022-09-24,33.41,180
2013BURL01,Łukasz Burliga,2022-10-01,29.72,181
2013BURL01,Łukasz Burliga,2022-10-01,30.94,182
2013BURL01,Łukasz Burliga,2022-10-15,29.3,183
2013BURL01,Łukasz Burliga,2022-10-15,32.13,184
2013BURL01,Łukasz Burliga,2022-10-22,30.71,185
2013BURL01,Łukasz Burliga,2022-10-22,32.77,186
2013BURL01,Łukasz Burliga,2022-10-22,32.04,187
2013BURL01,Łukasz Burliga,2022-11-12,29.04,188
2013BURL01,Łukasz Burliga,2022-11-12,29.52,189
2013BURL01,Łukasz Burliga,2022-12-10,34.37,190
2013BURL01,Łukasz Burliga,2022-12-10,29.07,191
2013BURL01,Łukasz Burliga,2022-12-17,30.26,192
2013BURL01,Łukasz Burliga,2022-12-17,32.97,193
2013BURL01,Łukasz Burliga,2023-01-28,32.22,194
2013BURL01,Łukasz Burliga,2023-01-28,31.85,195
2013BURL01,Łukasz Burliga,2023-02-04,28.25,196
2013BURL01,Łukasz Burliga,2023-02-04,30.76,197
2013BURL01,Łukasz Burliga,2023-02-25,29.86,198
2013BURL01,Łukasz Burliga,2023-02-25,29.64,199
2013BURL01,Łukasz Burliga,2023-03-04,30.34,200
2013BURL01,Łukasz Burliga,2023-03-04,29.89,201
2013BURL01,Łukasz Burliga,2023-03-18,28.13,202
2013BURL01,Łukasz Burliga,2023-03-18,31.57,203
2013BURL01,Łukasz Burliga,2023-03-25,30.87,204
2013BURL01,Łukasz Burliga,2023-03-25,32.61,205
2013BURL01,Łukasz Burliga,2023-04-01,29.1,206
2013BURL01,Łukasz Burliga,2023-04-01,29.5,207
2013BURL01,Łukasz Burliga,2023-04-15,31.44,208
2013BURL01,Łukasz Burliga,2023-05-06,36.78,209
2013BURL01,Łukasz Burliga,2023-05-06,29.4,210
2013BURL01,Łukasz Burliga,2023-05-06,30.22,211
2013BURL01,Łukasz Burliga,2023-05-13,32.76,212
2013BURL01,Łukasz Burliga,2023-05-13,32.74,213
2013BURL01,Łukasz Burliga,2023-05-20,28.46,214
2013BURL01,Łukasz Burliga,2023-05-20,28.86,215
2013BURL01,Łukasz Burliga,2023-05-20,29.92,216
2013BURL01,Łukasz Burliga,2023-05-27,35.63,217
2013BURL01,Łukasz Burliga,2023-05-27,33.44,218
2013BURL01,Łukasz Burliga,2023-06-03,34.7,219
2013BURL01,Łukasz Burliga,2023-06-03,29.25,220
2013BURL01,Łukasz Burliga,2023-06-10,30.39,221
2013BURL01,Łukasz Burliga,2023-06-10,32.1,222
2013BURL01,Łukasz Burliga,2023-07-08,31.91,223
2013BURL01,Łukasz Burliga,2023-07-08,30.27,224
2013BURL01,Łukasz Burliga,2023-07-28,32.62,225
2013BURL01,Łukasz Burliga,2023-07-28,30.44,226
2013BURL01,Łukasz Burliga,2023-08-12,30.11,227
2013BURL01,Łukasz Burliga,2023-08-12,33.18,228
2013BURL01,Łukasz Burliga,2023-08-19,29.82,229
2013BURL01,Łukasz Burliga,2023-08-19,29.85,230
2013BURL01,Łukasz Burliga,2023-09-02,30.48,231
2013BURL01,Łukasz Burliga,2023-09-02,30.4,232
2013BURL01,Łukasz Burliga,2023-09-03,29.67,233
2013BURL01,Łukasz Burliga,2023-09-03,30.07,234
2013BURL01,Łukasz Burliga,2023-09-09,25.53,235
2013BURL01,Łukasz Burliga,2023-09-09,28.97,236
2013BURL01,Łukasz Burliga,2023-09-16,31.53,237
2013BURL01,Łukasz Burliga,2023-09-16,30.86,238
2013BURL01,Łukasz Burliga,2023-09-23,30.45,239
2013BURL01,Łukasz Burliga,2023-09-23,29.38,240
2013BURL01,Łukasz Burliga,2023-09-23,29.64,241
2013BURL01,Łukasz Burliga,2023-10-01,29.91,242
2013BURL01,Łukasz Burliga,2023-10-01,30.04,243
2013BURL01,Łukasz Burliga,2023-10-06,30.95,244
2013BURL01,Łukasz Burliga,2023-10-06,31.6,245
2013BURL01,Łukasz Burliga,2023-10-06,29.85,246
2013BURL01,Łukasz Burliga,2023-10-14,29.66,247
2013BURL01,Łukasz Burliga,2023-10-14,29.75,248
2013BURL01,Łukasz Burliga,2023-11-18,31.86,249
2013BURL01,Łukasz Burliga,2023-11-18,30.63,250
2013BURL01,Łukasz Burliga,2023-11-19,29.9,251
2013BURL01,Łukasz Burliga,2023-11-19,31.03,252
2013BURL01,Łukasz Burliga,2023-12-09,30.85,253
2013BURL01,Łukasz Burliga,2023-12-09,29.6,254
2013BURL01,Łukasz Burliga,2023-12-16,32.29,255
2013BURL01,Łukasz Burliga,2023-12-16,29.99,256
2013BURL01,Łukasz Burliga,2024-02-03,30.8,257
2013BURL01,Łukasz Burliga,2024-02-10,34.16,258
2013BURL01,Łukasz Burliga,2024-02-10,29.08,259
2013BURL01,Łukasz Burliga,2024-03-02,34.14,260
2013BURL01,Łukasz Burliga,2024-03-02,32.83,261
2013BURL01,Łukasz Burliga,2024-03-09,34.5,262
2013BURL01,Łukasz Burliga,2024-03-09,34.44,263
2013BURL01,Łukasz Burliga,2024-04-20,31.56,264
2013BURL01,Łukasz Burliga,2024-04-20,29.51,265
2013BURL01,Łukasz Burliga,2024-05-17,32.39,266
2013BURL01,Łukasz Burliga,2024-05-17,33.97,267
2013BURL01,Łukasz Burliga,2024-05-31,29.43,268
2013BURL01,Łukasz Burliga,2024-05-31,32.39,269
2013BURL01,Łukasz Burliga,2024-05-31,32.16,270
2013BURL01,Łukasz Burliga,2024-06-15,33.36,271
2013BURL01,Łukasz Burliga,2024-06-15,28.81,272
2013BURL01,Łukasz Burliga,2024-06-22,29.11,273
2013BURL01,Łukasz Burliga,2024-06-22,32.48,274
2013BURL01,Łukasz Burliga,2024-07-13,29.28,275
2013BURL01,Łukasz Burliga,2024-07-25,31.17,276
2013BURL01,Łukasz Burliga,2024-07-25,31.12,277
2013BURL01,Łukasz Burliga,2024-08-03,28.71,278
2013BURL01,Łukasz Burliga,2024-08-03,29.18,279
2013BURL01,Łukasz Burliga,2024-08-24,29.6,280
2013BURL01,Łukasz Burliga,2024-09-21,29.86,281
2013BURL01,Łukasz Burliga,2024-09-21,30.58,282
2013BURL01,Łukasz Burliga,2024-10-12,31.22,283
2013BURL01,Łukasz Burliga,2024-10-12,31.52,284
2013BURL01,Łukasz Burliga,2024-11-07,28.02,285
2013BURL01,Łukasz Burliga,2024-11-07,29.15,286
2013BURL01,Łukasz Burliga,2024-11-23,28.49,287
2013BURL01,Łukasz Burliga,2024-11-23,27.61,288
2013BURL01,Łukasz Burliga,2025-01-25,28.82,289
2013BURL01,Łukasz Burliga,2025-01-25,29.1,290
2013BURL01,Łukasz Burliga,2025-02-01,28.47,291
2013BURL01,Łukasz Burliga,2025-02-15,29.33,292
2013BURL01,Łukasz Burliga,2025-02-15,30.25,293
2013BURL01,Łukasz Burliga,2025-02-21,28.39,294
2013BURL01,Łukasz Burliga,2025-03-08,33.74,295
2013BURL01,Łukasz Burliga,2025-05-17,27.68,296
2013BURL01,Łukasz Burliga,2025-05-17,26.68,297
2013BURL01,Łukasz Burliga,2025-06-07,28.45,298
2013BURL01,Łukasz Burliga,2025-06-07,29.52,299
2013BURL01,Łukasz Burliga,2025-06-28,28.49,300
2013BURL01,Łukasz Burliga,2025-07-04,29.95,301
2013BURL01,Łukasz Burliga,2025-07-04,29.38,302
2013BURL01,Łukasz Burliga,2025-07-26,30.65,303
2013BURL01,Łukasz Burliga,2025-08-09,28.33,304
2013BURL01,Łukasz Burliga,2025-08-09,29.63,305
2013BURL01,Łukasz Burliga,2025-08-09,27.84,306
2013BURL01,Łukasz Burliga,2025-08-23,26.92,307
2013BURL01,Łukasz Burliga,2025-08-23,32.21,308
2013BURL01,Łukasz Burliga,2025-09-05,29.42,309
2013BURL01,Łukasz Burliga,2025-09-27,26.59,310
2013BURL01,Łukasz Burliga,2025-09-27,28.48,311
2013BURL01,Łukasz Burliga,2025-10-04,30.45,312
2013BURL01,Łukasz Burliga,2025-10-04,27.34,313
2013BURL01,Łukasz Burliga,2025-10-12,29.72,314
2013BURL01,Łukasz Burliga,2025-10-12,28.69,315
2013BURL01,Łukasz Burliga,2025-10-25,28.61,316
2013BURL01,Łukasz Burliga,2025-10-25,27.51,317
2013BURL01,Łukasz Burliga,2025-11-13,27.91,318
2013BURL01,Łukasz Burliga,2025-11-13,28.62,319
2013BURL01,Łukasz Burliga,2025-11-22,28.34,320
2013BURL01,Łukasz Burliga,2025-11-22,27.78,321
2013BURL01,Łukasz Burliga,2025-11-29,28.84,322
2013BURL01,Łukasz Burliga,2025-11-29,31.68,323
2013BURL01,Łukasz Burliga,2025-11-29,31.05,324
2013BURL01,Łukasz Burliga,2025-12-13,28.62,325
2013BURL01,Łukasz Burliga,2025-12-13,27.88,326
2013BURL01,Łukasz Burliga,2025-12-20,32.34,327
2013BURL01,Łukasz Burliga,2025-12-20,28.28,328
2013BURL01,Łukasz Burliga,2026-01-02,26.41,329
2013BURL01,Łukasz Burliga,2026-01-02,28.75,330
2013BURL01,Łukasz Burliga,2026-01-24,29.15,331
2013BURL01,Łukasz Burliga,2026-01-24,28.78,332
2013BURL01,Łukasz Burliga,2026-02-21,26.9,333
2013BURL01,Łukasz Burliga,2026-03-21,27.12,334
2013BURL01,Łukasz Burliga,2026-03-21,29.19,335
2013BURL01,Łukasz Burliga,2026-04-11,27.58,336
2013BURL01,Łukasz Burliga,2026-04-11,28.96,337
2013BURL01,Łukasz Burliga,2026-05-01,29.11,338
2013BURL01,Łukasz Burliga,2026-05-01,27.18,339
2013BURL01,Łukasz Burliga,2026-05-01,29.27,340
2013ROGA02,Przemysław Rogalski,2014-08-23,76.57,1
2013ROGA02,Przemysław Rogalski,2014-09-07,71.74,2
2013ROGA02,Przemysław Rogalski,2014-10-25,68.58,3
2013ROGA02,Przemysław Rogalski,2014-11-29,72.32,4
2013ROGA02,Przemysław Rogalski,2014-11-29,69.06,5
2013ROGA02,Przemysław Rogalski,2014-12-20,64.6,6
2013ROGA02,Przemysław Rogalski,2015-01-24,67.41,7
2013ROGA02,Przemysław Rogalski,2015-08-08,66.63,8
2013ROGA02,Przemysław Rogalski,2015-09-19,66.86,9
2013ROGA02,Przemysław Rogalski,2015-10-09,70.86,10
2013ROGA02,Przemysław Rogalski,2016-05-08,65.17,11
2013ROGA02,Przemysław Rogalski,2016-07-09,59.28,12
2013ROGA02,Przemysław Rogalski,2016-10-23,57.48,13
2013ROGA02,Przemysław Rogalski,2016-12-17,62.06,14
2013ROGA02,Przemysław Rogalski,2017-01-14,56.0,15
2013ROGA02,Przemysław Rogalski,2017-01-14,60.55,16
2013ROGA02,Przemysław Rogalski,2017-03-25,53.88,17
2013ROGA02,Przemysław Rogalski,2017-04-29,59.67,18
2013ROGA02,Przemysław Rogalski,2017-05-27,52.48,19
2013ROGA02,Przemysław Rogalski,2017-06-10,54.91,20
2013ROGA02,Przemysław Rogalski,2017-07-29,57.26,21
2013ROGA02,Przemysław Rogalski,2017-08-05,54.0,22
2013ROGA02,Przemysław Rogalski,2017-09-09,50.45,23
2013ROGA02,Przemysław Rogalski,2017-09-15,55.03,24
2013ROGA02,Przemysław Rogalski,2017-10-14,57.84,25
2013ROGA02,Przemysław Rogalski,2017-10-21,52.01,26
2013ROGA02,Przemysław Rogalski,2017-11-17,52.37,27
2013ROGA02,Przemysław Rogalski,2017-12-02,54.12,28
2013ROGA02,Przemysław Rogalski,2017-12-16,53.85,29
2013ROGA02,Przemysław Rogalski,2018-02-10,54.68,30
2013ROGA02,Przemysław Rogalski,2018-03-03,57.97,31
2013ROGA02,Przemysław Rogalski,2018-03-17,53.0,32
2013ROGA02,Przemysław Rogalski,2018-04-21,55.06,33
2013ROGA02,Przemysław Rogalski,2018-05-26,50.63,34
2013ROGA02,Przemysław Rogalski,2018-05-27,55.24,35
2013ROGA02,Przemysław Rogalski,2018-06-16,51.15,36
2013ROGA02,Przemysław Rogalski,2018-06-23,59.97,37
2013ROGA02,Przemysław Rogalski,2018-06-30,53.01,38
2013ROGA02,Przemysław Rogalski,2018-07-05,50.15,39
2013ROGA02,Przemysław Rogalski,2018-07-05,54.61,40
2013ROGA02,Przemysław Rogalski,2018-07-28,57.71,41
2013ROGA02,Przemysław Rogalski,2018-07-31,60.93,42
2013ROGA02,Przemysław Rogalski,2018-08-04,53.66,43
2013ROGA02,Przemysław Rogalski,2018-09-15,45.95,44
2013ROGA02,Przemysław Rogalski,2018-09-15,57.16,45
2013ROGA02,Przemysław Rogalski,2018-10-06,49.86,46
2013ROGA02,Przemysław Rogalski,2018-10-13,48.34,47
2013ROGA02,Przemysław Rogalski,2018-10-13,50.02,48
2013ROGA02,Przemysław Rogalski,2018-10-26,46.14,49
2013ROGA02,Przemysław Rogalski,2018-11-10,48.63,50
2013ROGA02,Przemysław Rogalski,2018-12-01,47.42,51
2013ROGA02,Przemysław Rogalski,2018-12-08,50.22,52
2013ROGA02,Przemysław Rogalski,2018-12-15,45.28,53
2013ROGA02,Przemysław Rogalski,2018-12-15,47.02,54
2013ROGA02,Przemysław Rogalski,2019-01-12,51.34,55
2013ROGA02,Przemysław Rogalski,2019-02-02,47.7,56
2013ROGA02,Przemysław Rogalski,2019-02-11,46.12,57
2013ROGA02,Przemysław Rogalski,2019-02-11,46.67,58
2013ROGA02,Przemysław Rogalski,2019-02-23,51.62,59
2013ROGA02,Przemysław Rogalski,2019-03-02,47.36,60
2013ROGA02,Przemysław Rogalski,2019-03-02,46.75,61
2013ROGA02,Przemysław Rogalski,2019-03-16,50.95,62
2013ROGA02,Przemysław Rogalski,2019-04-06,42.93,63
2013ROGA02,Przemysław Rogalski,2019-04-13,48.59,64
2013ROGA02,Przemysław Rogalski,2019-04-13,49.06,65
2013ROGA02,Przemysław Rogalski,2019-05-11,52.21,66
2013ROGA02,Przemysław Rogalski,2019-05-11,51.04,67
2013ROGA02,Przemysław Rogalski,2019-05-11,46.01,68
2013ROGA02,Przemysław Rogalski,2019-05-18,46.51,69
2013ROGA02,Przemysław Rogalski,2019-05-18,50.86,70
2013ROGA02,Przemysław Rogalski,2019-05-26,48.9,71
2013ROGA02,Przemysław Rogalski,2019-06-01,48.8,72
2013ROGA02,Przemysław Rogalski,2019-06-15,48.01,73
2013ROGA02,Przemysław Rogalski,2019-06-15,47.41,74
2013ROGA02,Przemysław Rogalski,2019-06-22,44.96,75
2013ROGA02,Przemysław Rogalski,2019-06-29,49.28,76
2013ROGA02,Przemysław Rogalski,2019-07-06,52.98,77
2013ROGA02,Przemysław Rogalski,2019-07-13,45.39,78
2013ROGA02,Przemysław Rogalski,2019-07-15,46.5,79
2013ROGA02,Przemysław Rogalski,2019-07-20,44.99,80
2013ROGA02,Przemysław Rogalski,2019-07-27,44.59,81
2013ROGA02,Przemysław Rogalski,2019-07-27,45.0,82
2013ROGA02,Przemysław Rogalski,2019-08-24,48.46,83
2013ROGA02,Przemysław Rogalski,2019-09-13,43.26,84
2013ROGA02,Przemysław Rogalski,2019-09-13,48.34,85
2013ROGA02,Przemysław Rogalski,2019-09-21,49.02,86
2013ROGA02,Przemysław Rogalski,2019-09-28,44.65,87
2013ROGA02,Przemysław Rogalski,2019-10-05,46.76,88
2013ROGA02,Przemysław Rogalski,2019-10-11,48.58,89
2013ROGA02,Przemysław Rogalski,2019-10-19,45.9,90
2013ROGA02,Przemysław Rogalski,2019-10-19,48.86,91
2013ROGA02,Przemysław Rogalski,2019-10-26,43.05,92
2013ROGA02,Przemysław Rogalski,2019-10-26,41.81,93
2013ROGA02,Przemysław Rogalski,2019-11-16,48.42,94
2013ROGA02,Przemysław Rogalski,2019-11-23,41.82,95
2013ROGA02,Przemysław Rogalski,2019-12-06,48.21,96
2013ROGA02,Przemysław Rogalski,2019-12-14,44.21,97
2013ROGA02,Przemysław Rogalski,2019-12-14,46.1,98
2013ROGA02,Przemysław Rogalski,2019-12-21,44.0,99
2013ROGA02,Przemysław Rogalski,2019-12-21,44.75,100
2013ROGA02,Przemysław Rogalski,2020-01-04,47.37,101
2013ROGA02,Przemysław Rogalski,2020-01-04,45.24,102
2013ROGA02,Przemysław Rogalski,2020-01-04,45.2,103
2013ROGA02,Przemysław Rogalski,2020-01-25,47.0,104
2013ROGA02,Przemysław Rogalski,2020-02-22,47.9,105
2013ROGA02,Przemysław Rogalski,2020-02-29,43.86,106
2013ROGA02,Przemysław Rogalski,2020-02-29,44.8,107
2013ROGA02,Przemysław Rogalski,2020-08-22,43.34,108
2013ROGA02,Przemysław Rogalski,2021-07-03,47.39,109
2013ROGA02,Przemysław Rogalski,2021-07-10,47.45,110
2013ROGA02,Przemysław Rogalski,2021-07-24,45.9,111
2013ROGA02,Przemysław Rogalski,2021-08-07,44.66,112
2013ROGA02,Przemysław Rogalski,2021-08-15,44.24,113
2013ROGA02,Przemysław Rogalski,2021-09-04,42.15,114
2013ROGA02,Przemysław Rogalski,2021-09-11,43.98,115
2013ROGA02,Przemysław Rogalski,2021-09-18,47.4,116
2013ROGA02,Przemysław Rogalski,2021-09-25,43.52,117
2013ROGA02,Przemysław Rogalski,2021-09-25,42.51,118
2013ROGA02,Przemysław Rogalski,2021-10-01,45.08,119
2013ROGA02,Przemysław Rogalski,2021-10-09,43.96,120
2013ROGA02,Przemysław Rogalski,2021-11-06,42.04,121
2013ROGA02,Przemysław Rogalski,2021-11-12,47.07,122
2013ROGA02,Przemysław Rogalski,2021-12-03,43.53,123
2013ROGA02,Przemysław Rogalski,2021-12-03,46.1,124
2013ROGA02,Przemysław Rogalski,2021-12-18,41.97,125
2013ROGA02,Przemysław Rogalski,2021-12-31,41.08,126
2013ROGA02,Przemysław Rogalski,2022-01-22,43.87,127
2013ROGA02,Przemysław Rogalski,2022-02-12,41.95,128
2013ROGA02,Przemysław Rogalski,2022-02-19,46.19,129
2013ROGA02,Przemysław Rogalski,2022-02-19,42.77,130
2013ROGA02,Przemysław Rogalski,2022-02-26,45.26,131
2013ROGA02,Przemysław Rogalski,2022-03-26,39.83,132
2013ROGA02,Przemysław Rogalski,2022-03-26,42.39,133
2013ROGA02,Przemysław Rogalski,2022-04-02,43.68,134
2013ROGA02,Przemysław Rogalski,2022-04-02,41.33,135
2013ROGA02,Przemysław Rogalski,2022-04-23,43.9,136
2013ROGA02,Przemysław Rogalski,2022-04-30,42.76,137
2013ROGA02,Przemysław Rogalski,2022-04-30,42.15,138
2013ROGA02,Przemysław Rogalski,2022-05-07,42.62,139
2013ROGA02,Przemysław Rogalski,2022-05-07,42.05,140
2013ROGA02,Przemysław Rogalski,2022-05-21,46.21,141
2013ROGA02,Przemysław Rogalski,2022-05-28,43.1,142
2013ROGA02,Przemysław Rogalski,2022-05-28,41.74,143
2013ROGA02,Przemysław Rogalski,2022-06-18,44.63,144
2013ROGA02,Przemysław Rogalski,2022-06-18,43.14,145
2013ROGA02,Przemysław Rogalski,2022-07-02,43.02,146
2013ROGA02,Przemysław Rogalski,2022-07-08,44.45,147
2013ROGA02,Przemysław Rogalski,2022-07-14,41.9,148
2013ROGA02,Przemysław Rogalski,2022-07-23,42.52,149
2013ROGA02,Przemysław Rogalski,2022-07-23,41.26,150
2013ROGA02,Przemysław Rogalski,2022-07-30,41.48,151
2013ROGA02,Przemysław Rogalski,2022-07-30,43.54,152
2013ROGA02,Przemysław Rogalski,2022-08-06,40.99,153
2013ROGA02,Przemysław Rogalski,2022-08-06,47.02,154
2013ROGA02,Przemysław Rogalski,2022-08-13,39.35,155
2013ROGA02,Przemysław Rogalski,2022-08-13,42.23,156
2013ROGA02,Przemysław Rogalski,2022-08-20,42.93,157
2013ROGA02,Przemysław Rogalski,2022-08-20,52.96,158
2013ROGA02,Przemysław Rogalski,2022-09-10,40.77,159
2013ROGA02,Przemysław Rogalski,2022-09-10,40.19,160
2013ROGA02,Przemysław Rogalski,2022-09-10,40.84,161
2013ROGA02,Przemysław Rogalski,2022-09-24,44.71,162
2013ROGA02,Przemysław Rogalski,2022-10-01,41.24,163
2013ROGA02,Przemysław Rogalski,2022-10-15,42.74,164
2013ROGA02,Przemysław Rogalski,2022-10-15,40.25,165
2013ROGA02,Przemysław Rogalski,2022-10-22,43.72,166
2013ROGA02,Przemysław Rogalski,2022-10-22,48.23,167
2013ROGA02,Przemysław Rogalski,2022-10-29,40.11,168
2013ROGA02,Przemysław Rogalski,2022-10-29,39.82,169
2013ROGA02,Przemysław Rogalski,2022-11-05,40.73,170
2013ROGA02,Przemysław Rogalski,2022-11-05,39.69,171
2013ROGA02,Przemysław Rogalski,2022-11-11,40.84,172
2013ROGA02,Przemysław Rogalski,2022-11-11,43.97,173
2013ROGA02,Przemysław Rogalski,2022-11-19,41.96,174
2013ROGA02,Przemysław Rogalski,2022-11-27,44.88,175
2013ROGA02,Przemysław Rogalski,2022-12-03,43.66,176
2013ROGA02,Przemysław Rogalski,2022-12-03,43.54,177
2013ROGA02,Przemysław Rogalski,2022-12-10,38.39,178
2013ROGA02,Przemysław Rogalski,2022-12-10,43.23,179
2013ROGA02,Przemysław Rogalski,2022-12-16,50.0,180
2013ROGA02,Przemysław Rogalski,2022-12-31,40.24,181
2013ROGA02,Przemysław Rogalski,2023-01-07,40.73,182
2013ROGA02,Przemysław Rogalski,2023-01-13,43.86,183
2013ROGA02,Przemysław Rogalski,2023-01-13,46.18,184
2013ROGA02,Przemysław Rogalski,2023-01-21,40.42,185
2013ROGA02,Przemysław Rogalski,2023-02-04,46.2,186
2013ROGA02,Przemysław Rogalski,2023-02-18,42.24,187
2013ROGA02,Przemysław Rogalski,2023-02-18,41.61,188
2013ROGA02,Przemysław Rogalski,2023-02-25,39.74,189
2013ROGA02,Przemysław Rogalski,2023-02-25,39.88,190
2013ROGA02,Przemysław Rogalski,2023-03-04,41.59,191
2013ROGA02,Przemysław Rogalski,2023-03-11,42.07,192
2013ROGA02,Przemysław Rogalski,2023-03-18,42.0,193
2013ROGA02,Przemysław Rogalski,2023-03-18,41.47,194
2013ROGA02,Przemysław Rogalski,2023-03-25,43.97,195
2013ROGA02,Przemysław Rogalski,2023-04-01,42.38,196
2013ROGA02,Przemysław Rogalski,2023-04-15,40.26,197
2013ROGA02,Przemysław Rogalski,2023-04-29,46.74,198
2013ROGA02,Przemysław Rogalski,2023-04-29,46.8,199
2013ROGA02,Przemysław Rogalski,2023-05-13,44.81,200
2013ROGA02,Przemysław Rogalski,2023-05-27,42.52,201
2013ROGA02,Przemysław Rogalski,2023-06-03,42.04,202
2013ROGA02,Przemysław Rogalski,2023-06-10,45.08,203
2013ROGA02,Przemysław Rogalski,2023-06-17,45.79,204
2013ROGA02,Przemysław Rogalski,2023-06-24,42.38,205
2013ROGA02,Przemysław Rogalski,2023-06-24,43.48,206
2013ROGA02,Przemysław Rogalski,2023-06-30,42.57,207
2013ROGA02,Przemysław Rogalski,2023-06-30,39.92,208
2013ROGA02,Przemysław Rogalski,2023-07-15,43.56,209
2013ROGA02,Przemysław Rogalski,2023-08-12,43.35,210
2013ROGA02,Przemysław Rogalski,2023-08-26,42.3,211
2013ROGA02,Przemysław Rogalski,2023-08-26,40.31,212
2013ROGA02,Przemysław Rogalski,2023-09-02,44.64,213
2013ROGA02,Przemysław Rogalski,2023-09-09,45.06,214
2013ROGA02,Przemysław Rogalski,2023-09-23,42.56,215
2013ROGA02,Przemysław Rogalski,2023-09-23,39.97,216
2013ROGA02,Przemysław Rogalski,2023-10-01,40.36,217
2013ROGA02,Przemysław Rogalski,2023-10-01,44.22,218
2013ROGA02,Przemysław Rogalski,2023-10-06,40.33,219
2013ROGA02,Przemysław Rogalski,2023-10-06,42.83,220
2013ROGA02,Przemysław Rogalski,2023-10-14,39.62,221
2013ROGA02,Przemysław Rogalski,2023-10-28,45.11,222
2013ROGA02,Przemysław Rogalski,2023-10-28,41.82,223
2013ROGA02,Przemysław Rogalski,2023-11-11,45.0,224
2013ROGA02,Przemysław Rogalski,2023-11-18,43.87,225
2013ROGA02,Przemysław Rogalski,2023-11-25,44.34,226
2013ROGA02,Przemysław Rogalski,2023-12-09,40.87,227
2013ROGA02,Przemysław Rogalski,2023-12-16,44.26,228
2013ROGA02,Przemysław Rogalski,2023-12-30,43.33,229
2013ROGA02,Przemysław Rogalski,2023-12-30,45.45,230
2013ROGA02,Przemysław Rogalski,2024-01-06,45.38,231
2013ROGA02,Przemysław Rogalski,2024-01-06,42.16,232
2013ROGA02,Przemysław Rogalski,2024-01-06,43.98,233
2013ROGA02,Przemysław Rogalski,2024-01-13,39.01,234
2013ROGA02,Przemysław Rogalski,2024-01-20,42.9,235
2013ROGA02,Przemysław Rogalski,2024-01-20,40.26,236
2013ROGA02,Przemysław Rogalski,2024-02-03,43.48,237
2013ROGA02,Przemysław Rogalski,2024-02-10,43.02,238
2013ROGA02,Przemysław Rogalski,2024-02-17,43.9,239
2013ROGA02,Przemysław Rogalski,2024-03-09,43.81,240
2013ROGA02,Przemysław Rogalski,2024-03-16,40.22,241
2013ROGA02,Przemysław Rogalski,2024-03-16,43.57,242
2013ROGA02,Przemysław Rogalski,2024-03-23,44.03,243
2013ROGA02,Przemysław Rogalski,2024-04-06,40.59,244
2013ROGA02,Przemysław Rogalski,2024-05-11,44.47,245
2013ROGA02,Przemysław Rogalski,2024-05-11,41.89,246
2013ROGA02,Przemysław Rogalski,2024-06-15,43.65,247
2013ROGA02,Przemysław Rogalski,2024-06-22,44.8,248
2013ROGA02,Przemysław Rogalski,2024-06-29,47.3,249
2013ROGA02,Przemysław Rogalski,2024-07-06,43.35,250
2013ROGA02,Przemysław Rogalski,2024-07-13,42.39,251
2013ROGA02,Przemysław Rogalski,2024-07-13,40.85,252
2013ROGA02,Przemysław Rogalski,2024-07-25,42.77,253
2013ROGA02,Przemysław Rogalski,2024-08-24,45.14,254
2013ROGA02,Przemysław Rogalski,2024-08-31,43.69,255
2013ROGA02,Przemysław Rogalski,2024-09-14,43.86,256
2013ROGA02,Przemysław Rogalski,2024-09-21,41.27,257
2013ROGA02,Przemysław Rogalski,2024-09-28,41.55,258
2013ROGA02,Przemysław Rogalski,2024-10-05,44.9,259
2013ROGA02,Przemysław Rogalski,2024-10-12,40.99,260
2013ROGA02,Przemysław Rogalski,2024-10-26,45.35,261
2013ROGA02,Przemysław Rogalski,2024-11-07,42.53,262
2013ROGA02,Przemysław Rogalski,2024-11-25,42.55,263
2013ROGA02,Przemysław Rogalski,2024-11-30,39.5,264
2013ROGA02,Przemysław Rogalski,2024-11-30,41.76,265
2013ROGA02,Przemysław Rogalski,2024-12-07,40.11,266
2013ROGA02,Przemysław Rogalski,2024-12-14,43.88,267
2013ROGA02,Przemysław Rogalski,2024-12-14,40.39,268
2013ROGA02,Przemysław Rogalski,2025-01-11,40.37,269
2013ROGA02,Przemysław Rogalski,2025-01-18,39.28,270
2013ROGA02,Przemysław Rogalski,2025-01-18,39.39,271
2013ROGA02,Przemysław Rogalski,2025-01-25,41.79,272
2013ROGA02,Przemysław Rogalski,2025-02-01,42.55,273
2013ROGA02,Przemysław Rogalski,2025-02-08,37.39,274
2013ROGA02,Przemysław Rogalski,2025-02-22,41.94,275
2013ROGA02,Przemysław Rogalski,2025-02-22,42.18,276
2013ROGA02,Przemysław Rogalski,2025-02-22,42.26,277
2013ROGA02,Przemysław Rogalski,2025-03-08,40.28,278
2013ROGA02,Przemysław Rogalski,2025-03-15,46.65,279
2013ROGA02,Przemysław Rogalski,2025-04-26,38.53,280
2013ROGA02,Przemysław Rogalski,2025-05-09,38.84,281
2013ROGA02,Przemysław Rogalski,2025-05-09,41.45,282
2013ROGA02,Przemysław Rogalski,2025-05-17,38.96,283
2013ROGA02,Przemysław Rogalski,2025-06-07,40.74,284
2013ROGA02,Przemysław Rogalski,2025-06-07,40.38,285
2013ROGA02,Przemysław Rogalski,2025-06-07,43.2,286
2013ROGA02,Przemysław Rogalski,2025-06-14,39.12,287
2013ROGA02,Przemysław Rogalski,2025-07-03,42.11,288
2013ROGA02,Przemysław Rogalski,2025-07-11,41.19,289
2013ROGA02,Przemysław Rogalski,2025-07-26,39.46,290
2013ROGA02,Przemysław Rogalski,2025-08-23,37.87,291
2013ROGA02,Przemysław Rogalski,2025-08-30,39.27,292
2013ROGA02,Przemysław Rogalski,2025-09-13,41.89,293
2013ROGA02,Przemysław Rogalski,2025-09-20,38.88,294
2013ROGA02,Przemysław Rogalski,2025-09-20,41.84,295
2013ROGA02,Przemysław Rogalski,2025-09-27,41.37,296
2013ROGA02,Przemysław Rogalski,2025-10-04,36.93,297
2013ROGA02,Przemysław Rogalski,2025-10-04,44.19,298
2013ROGA02,Przemysław Rogalski,2025-10-11,39.88,299
2013ROGA02,Przemysław Rogalski,2025-10-18,44.38,300
2013ROGA02,Przemysław Rogalski,2025-10-18,41.42,301
2013ROGA02,Przemysław Rogalski,2025-10-25,40.89,302
2013ROGA02,Przemysław Rogalski,2025-10-25,39.98,303
2013ROGA02,Przemysław Rogalski,2025-11-01,40.0,304
2013ROGA02,Przemysław Rogalski,2025-11-01,40.59,305
2013ROGA02,Przemysław Rogalski,2025-11-13,42.23,306
2013ROGA02,Przemysław Rogalski,2025-11-22,41.53,307
2013ROGA02,Przemysław Rogalski,2025-11-22,39.95,308
2013ROGA02,Przemysław Rogalski,2025-11-29,40.28,309
2013ROGA02,Przemysław Rogalski,2025-11-29,38.6,310
2013ROGA02,Przemysław Rogalski,2025-12-06,39.43,311
2013ROGA02,Przemysław Rogalski,2025-12-09,39.78,312
2013ROGA02,Przemysław Rogalski,2025-12-13,41.25,313
2013ROGA02,Przemysław Rogalski,2025-12-13,38.88,314
2013ROGA02,Przemysław Rogalski,2025-12-20,40.7,315
2013ROGA02,Przemysław Rogalski,2026-01-02,41.24,316
2013ROGA02,Przemysław Rogalski,2026-01-09,41.63,317
2013ROGA02,Przemysław Rogalski,2026-01-09,40.43,318
2013ROGA02,Przemysław Rogalski,2026-01-24,42.91,319
2013ROGA02,Przemysław Rogalski,2026-01-24,40.88,320
2013ROGA02,Przemysław Rogalski,2026-02-07,40.26,321
2013ROGA02,Przemysław Rogalski,2026-02-07,37.01,322
2013ROGA02,Przemysław Rogalski,2026-02-07,38.21,323
2013ROGA02,Przemysław Rogalski,2026-02-11,41.73,324
2013ROGA02,Przemysław Rogalski,2026-02-14,40.4,325
2013ROGA02,Przemysław Rogalski,2026-02-28,39.43,326
2013ROGA02,Przemysław Rogalski,2026-02-28,45.45,327
2013ROGA02,Przemysław Rogalski,2026-03-14,41.22,328
2013ROGA02,Przemysław Rogalski,2026-03-28,42.71,329
2013ROGA02,Przemysław Rogalski,2026-04-18,42.36,330
2013ROGA02,Przemysław Rogalski,2026-04-25,40.61,331
2013ROGA02,Przemysław Rogalski,2026-04-25,41.11,332
2013ROGA02,Przemysław Rogalski,2026-05-09,41.86,333
2013ROGA02,Przemysław Rogalski,2026-05-16,39.31,334
2013ROGA02,Przemysław Rogalski,2026-05-16,37.5,335
2013WALL03,Daniel Wallin,2013-11-23,75.79,1
2013WALL03,Daniel Wallin,2014-02-08,56.9,2
2013WALL03,Daniel Wallin,2014-02-08,62.61,3
2013WALL03,Daniel Wallin,2014-03-08,55.58,4
2013WALL03,Daniel Wallin,2014-05-03,57.67,5
2013WALL03,Daniel Wallin,2014-05-24,53.39,6
2013WALL03,Daniel Wallin,2014-05-24,55.25,7
2013WALL03,Daniel Wallin,2014-08-08,53.45,8
2013WALL03,Daniel Wallin,2014-09-20,53.02,9
2013WALL03,Daniel Wallin,2014-09-20,50.75,10
2013WALL03,Daniel Wallin,2014-10-11,54.14,11
2013WALL03,Daniel Wallin,2015-01-10,44.95,12
2013WALL03,Daniel Wallin,2015-01-10,46.27,13
2013WALL03,Daniel Wallin,2015-01-17,48.25,14
2013WALL03,Daniel Wallin,2015-03-14,45.2,15
2013WALL03,Daniel Wallin,2015-03-14,45.72,16
2013WALL03,Daniel Wallin,2015-03-14,47.14,17
2013WALL03,Daniel Wallin,2015-04-18,44.65,18
2013WALL03,Daniel Wallin,2015-05-02,44.62,19
2013WALL03,Daniel Wallin,2015-05-02,50.93,20
2013WALL03,Daniel Wallin,2015-06-20,48.11,21
2013WALL03,Daniel Wallin,2015-06-20,47.63,22
2013WALL03,Daniel Wallin,2015-07-17,45.18,23
2013WALL03,Daniel Wallin,2015-07-17,49.0,24
2013WALL03,Daniel Wallin,2015-07-31,44.51,25
2013WALL03,Daniel Wallin,2015-07-31,47.36,26
2013WALL03,Daniel Wallin,2015-07-31,46.91,27
2013WALL03,Daniel Wallin,2015-10-09,47.85,28
2013WALL03,Daniel Wallin,2015-10-09,46.09,29
2013WALL03,Daniel Wallin,2015-10-09,50.66,30
2013WALL03,Daniel Wallin,2015-10-17,44.52,31
2013WALL03,Daniel Wallin,2015-10-17,45.09,32
2013WALL03,Daniel Wallin,2015-10-24,44.42,33
2013WALL03,Daniel Wallin,2015-10-24,45.22,34
2013WALL03,Daniel Wallin,2015-10-24,42.2,35
2013WALL03,Daniel Wallin,2015-12-05,46.51,36
2013WALL03,Daniel Wallin,2015-12-05,42.38,37
2013WALL03,Daniel Wallin,2016-02-20,44.71,38
2013WALL03,Daniel Wallin,2016-03-04,47.48,39
2013WALL03,Daniel Wallin,2016-03-04,46.16,40
2013WALL03,Daniel Wallin,2016-03-04,44.27,41
2013WALL03,Daniel Wallin,2016-05-07,42.56,42
2013WALL03,Daniel Wallin,2016-05-07,43.44,43
2013WALL03,Daniel Wallin,2016-06-10,41.09,44
2013WALL03,Daniel Wallin,2016-06-10,42.93,45
2013WALL03,Daniel Wallin,2016-06-18,37.07,46
2013WALL03,Daniel Wallin,2016-06-18,37.77,47
2013WALL03,Daniel Wallin,2016-06-18,42.49,48
2013WALL03,Daniel Wallin,2016-07-15,38.36,49
2013WALL03,Daniel Wallin,2016-07-15,42.38,50
2013WALL03,Daniel Wallin,2016-10-15,42.45,51
2013WALL03,Daniel Wallin,2016-10-15,38.03,52
2013WALL03,Daniel Wallin,2016-11-26,37.13,53
2013WALL03,Daniel Wallin,2016-11-26,39.07,54
2013WALL03,Daniel Wallin,2016-11-26,41.08,55
2013WALL03,Daniel Wallin,2016-12-10,38.05,56
2013WALL03,Daniel Wallin,2017-03-04,41.61,57
2013WALL03,Daniel Wallin,2017-03-04,43.76,58
2013WALL03,Daniel Wallin,2017-03-18,40.04,59
2013WALL03,Daniel Wallin,2017-03-18,39.88,60
2013WALL03,Daniel Wallin,2017-03-18,41.6,61
2013WALL03,Daniel Wallin,2017-04-08,41.32,62
2013WALL03,Daniel Wallin,2017-04-08,37.54,63
2013WALL03,Daniel Wallin,2017-04-29,35.86,64
2013WALL03,Daniel Wallin,2017-04-29,37.0,65
2013WALL03,Daniel Wallin,2017-05-26,36.93,66
2013WALL03,Daniel Wallin,2017-05-26,37.7,67
2013WALL03,Daniel Wallin,2017-07-08,37.62,68
2013WALL03,Daniel Wallin,2017-07-08,35.53,69
2013WALL03,Daniel Wallin,2017-07-13,38.35,70
2013WALL03,Daniel Wallin,2017-07-13,39.85,71
2013WALL03,Daniel Wallin,2017-07-29,37.79,72
2013WALL03,Daniel Wallin,2017-07-29,34.72,73
2013WALL03,Daniel Wallin,2017-09-10,40.19,74
2013WALL03,Daniel Wallin,2017-09-30,37.24,75
2013WALL03,Daniel Wallin,2017-09-30,36.67,76
2013WALL03,Daniel Wallin,2017-11-11,36.46,77
2013WALL03,Daniel Wallin,2017-11-11,36.86,78
2013WALL03,Daniel Wallin,2017-12-02,36.0,79
2013WALL03,Daniel Wallin,2017-12-02,34.45,80
2013WALL03,Daniel Wallin,2018-02-24,35.93,81
2013WALL03,Daniel Wallin,2018-02-24,35.15,82
2013WALL03,Daniel Wallin,2018-03-17,37.17,83
2013WALL03,Daniel Wallin,2018-03-31,35.73,84
2013WALL03,Daniel Wallin,2018-03-31,36.53,85
2013WALL03,Daniel Wallin,2018-04-06,37.7,86
2013WALL03,Daniel Wallin,2018-04-06,33.46,87
2013WALL03,Daniel Wallin,2018-04-06,35.14,88
2013WALL03,Daniel Wallin,2018-04-28,33.78,89
2013WALL03,Daniel Wallin,2018-04-28,32.94,90
2013WALL03,Daniel Wallin,2018-05-11,39.93,91
2013WALL03,Daniel Wallin,2018-05-11,36.28,92
2013WALL03,Daniel Wallin,2018-05-11,34.59,93
2013WALL03,Daniel Wallin,2018-06-15,32.65,94
2013WALL03,Daniel Wallin,2018-06-15,32.8,95
2013WALL03,Daniel Wallin,2018-06-30,31.81,96
2013WALL03,Daniel Wallin,2018-06-30,30.23,97
2013WALL03,Daniel Wallin,2018-07-19,33.18,98
2013WALL03,Daniel Wallin,2018-07-19,31.39,99
2013WALL03,Daniel Wallin,2018-07-19,32.96,100
2013WALL03,Daniel Wallin,2018-08-24,35.1,101
2013WALL03,Daniel Wallin,2018-08-24,31.23,102
2013WALL03,Daniel Wallin,2018-08-24,36.78,103
2013WALL03,Daniel Wallin,2018-09-01,36.8,104
2013WALL03,Daniel Wallin,2018-09-01,32.4,105
2013WALL03,Daniel Wallin,2018-09-01,31.9,106
2013WALL03,Daniel Wallin,2018-09-07,30.99,107
2013WALL03,Daniel Wallin,2018-09-07,35.12,108
2013WALL03,Daniel Wallin,2018-09-07,32.24,109
2013WALL03,Daniel Wallin,2018-09-15,31.28,110
2013WALL03,Daniel Wallin,2018-09-15,33.12,111
2013WALL03,Daniel Wallin,2018-09-22,34.94,112
2013WALL03,Daniel Wallin,2018-09-22,32.38,113
2013WALL03,Daniel Wallin,2018-09-22,35.18,114
2013WALL03,Daniel Wallin,2018-10-12,35.92,115
2013WALL03,Daniel Wallin,2018-10-12,33.96,116
2013WALL03,Daniel Wallin,2018-10-12,35.85,117
2013WALL03,Daniel Wallin,2018-10-20,40.32,118
2013WALL03,Daniel Wallin,2018-10-20,31.26,119
2013WALL03,Daniel Wallin,2018-10-20,35.97,120
2013WALL03,Daniel Wallin,2018-10-26,34.05,121
2013WALL03,Daniel Wallin,2018-10-26,32.07,122
2013WALL03,Daniel Wallin,2018-11-02,35.04,123
2013WALL03,Daniel Wallin,2018-11-02,35.9,124
2013WALL03,Daniel Wallin,2018-11-02,34.31,125
2013WALL03,Daniel Wallin,2018-11-16,35.69,126
2013WALL03,Daniel Wallin,2018-11-16,33.69,127
2013WALL03,Daniel Wallin,2018-11-16,31.25,128
2013WALL03,Daniel Wallin,2018-11-30,37.53,129
2013WALL03,Daniel Wallin,2018-11-30,33.71,130
2013WALL03,Daniel Wallin,2018-11-30,36.65,131
2013WALL03,Daniel Wallin,2019-01-26,35.46,132
2013WALL03,Daniel Wallin,2019-01-26,31.2,133
2013WALL03,Daniel Wallin,2019-03-09,33.0,134
2013WALL03,Daniel Wallin,2019-03-09,32.55,135
2013WALL03,Daniel Wallin,2019-03-15,33.15,136
2013WALL03,Daniel Wallin,2019-03-15,38.86,137
2013WALL03,Daniel Wallin,2019-03-29,36.37,138
2013WALL03,Daniel Wallin,2019-03-29,31.96,139
2013WALL03,Daniel Wallin,2019-03-29,33.6,140
2013WALL03,Daniel Wallin,2019-04-13,36.76,141
2013WALL03,Daniel Wallin,2019-04-13,33.78,142
2013WALL03,Daniel Wallin,2019-05-03,34.37,143
2013WALL03,Daniel Wallin,2019-05-03,31.78,144
2013WALL03,Daniel Wallin,2019-05-03,33.2,145
2013WALL03,Daniel Wallin,2019-05-30,33.37,146
2013WALL03,Daniel Wallin,2019-05-30,33.56,147
2013WALL03,Daniel Wallin,2019-05-30,33.3,148
2013WALL03,Daniel Wallin,2019-06-22,36.69,149
2013WALL03,Daniel Wallin,2019-06-22,32.4,150
2013WALL03,Daniel Wallin,2019-07-06,32.97,151
2013WALL03,Daniel Wallin,2019-07-11,36.69,152
2013WALL03,Daniel Wallin,2019-08-03,32.42,153
2013WALL03,Daniel Wallin,2019-08-03,34.12,154
2013WALL03,Daniel Wallin,2019-09-13,34.52,155
2013WALL03,Daniel Wallin,2019-09-13,33.82,156
2013WALL03,Daniel Wallin,2019-09-13,33.26,157
2013WALL03,Daniel Wallin,2019-10-05,37.06,158
2013WALL03,Daniel Wallin,2019-10-05,34.6,159
2013WALL03,Daniel Wallin,2019-10-05,33.46,160
2013WALL03,Daniel Wallin,2019-10-17,33.51,161
2013WALL03,Daniel Wallin,2019-10-17,34.95,162
2013WALL03,Daniel Wallin,2019-10-17,37.64,163
2013WALL03,Daniel Wallin,2019-11-02,34.15,164
2013WALL03,Daniel Wallin,2019-11-02,34.63,165
2013WALL03,Daniel Wallin,2019-12-07,34.55,166
2013WALL03,Daniel Wallin,2019-12-07,35.29,167
2013WALL03,Daniel Wallin,2020-01-04,33.85,168
2013WALL03,Daniel Wallin,2020-01-31,33.52,169
2013WALL03,Daniel Wallin,2020-01-31,33.92,170
2013WALL03,Daniel Wallin,2020-09-26,34.44,171
2013WALL03,Daniel Wallin,2020-09-26,36.19,172
2013WALL03,Daniel Wallin,2021-08-14,31.98,173
2013WALL03,Daniel Wallin,2021-08-14,31.44,174
2013WALL03,Daniel Wallin,2021-10-02,34.73,175
2013WALL03,Daniel Wallin,2021-10-02,34.03,176
2013WALL03,Daniel Wallin,2021-10-02,33.96,177
2013WALL03,Daniel Wallin,2021-10-08,34.51,178
2013WALL03,Daniel Wallin,2021-10-08,33.19,179
2013WALL03,Daniel Wallin,2021-11-05,33.22,180
2013WALL03,Daniel Wallin,2021-11-05,33.64,181
2013WALL03,Daniel Wallin,2021-11-05,31.24,182
2013WALL03,Daniel Wallin,2021-11-12,33.73,183
2013WALL03,Daniel Wallin,2021-11-12,32.71,184
2013WALL03,Daniel Wallin,2021-11-27,31.24,185
2013WALL03,Daniel Wallin,2021-11-27,32.19,186
2013WALL03,Daniel Wallin,2021-11-27,33.53,187
2013WALL03,Daniel Wallin,2022-03-05,34.48,188
2013WALL03,Daniel Wallin,2022-03-05,33.75,189
2013WALL03,Daniel Wallin,2022-04-01,35.33,190
2013WALL03,Daniel Wallin,2022-04-01,39.86,191
2013WALL03,Daniel Wallin,2022-04-01,33.46,192
2013WALL03,Daniel Wallin,2022-04-29,34.93,193
2013WALL03,Daniel Wallin,2022-04-29,35.69,194
2013WALL03,Daniel Wallin,2022-06-11,33.97,195
2013WALL03,Daniel Wallin,2022-06-11,36.68,196
2013WALL03,Daniel Wallin,2022-06-24,34.41,197
2013WALL03,Daniel Wallin,2022-06-24,37.26,198
2013WALL03,Daniel Wallin,2022-06-24,33.43,199
2013WALL03,Daniel Wallin,2022-07-09,36.05,200
2013WALL03,Daniel Wallin,2022-07-09,31.61,201
2013WALL03,Daniel Wallin,2022-08-21,33.01,202
2013WALL03,Daniel Wallin,2022-08-21,31.45,203
2013WALL03,Daniel Wallin,2022-09-03,33.5,204
2013WALL03,Daniel Wallin,2022-09-03,31.72,205
2013WALL03,Daniel Wallin,2022-09-03,32.67,206
2013WALL03,Daniel Wallin,2022-10-01,33.35,207
2013WALL03,Daniel Wallin,2022-10-14,32.56,208
2013WALL03,Daniel Wallin,2022-10-14,34.34,209
2013WALL03,Daniel Wallin,2022-10-28,33.07,210
2013WALL03,Daniel Wallin,2022-10-28,31.59,211
2013WALL03,Daniel Wallin,2022-11-19,36.41,212
2013WALL03,Daniel Wallin,2022-11-19,34.2,213
2013WALL03,Daniel Wallin,2022-11-28,34.1,214
2013WALL03,Daniel Wallin,2022-12-11,35.98,215
2013WALL03,Daniel Wallin,2022-12-11,32.42,216
2013WALL03,Daniel Wallin,2022-12-17,32.32,217
2013WALL03,Daniel Wallin,2022-12-17,34.35,218
2013WALL03,Daniel Wallin,2022-12-26,35.59,219
2013WALL03,Daniel Wallin,2023-01-07,36.74,220
2013WALL03,Daniel Wallin,2023-01-07,35.28,221
2013WALL03,Daniel Wallin,2023-01-13,34.1,222
2013WALL03,Daniel Wallin,2023-01-13,34.96,223
2013WALL03,Daniel Wallin,2023-01-13,32.39,224
2013WALL03,Daniel Wallin,2023-01-19,34.38,225
2013WALL03,Daniel Wallin,2023-01-28,35.48,226
2013WALL03,Daniel Wallin,2023-01-28,32.07,227
2013WALL03,Daniel Wallin,2023-01-28,34.09,228
2013WALL03,Daniel Wallin,2023-02-03,35.08,229
2013WALL03,Daniel Wallin,2023-02-11,31.31,230
2013WALL03,Daniel Wallin,2023-02-11,36.62,231
2013WALL03,Daniel Wallin,2023-03-01,36.97,232
2013WALL03,Daniel Wallin,2023-03-25,35.55,233
2013WALL03,Daniel Wallin,2023-03-25,32.66,234
2013WALL03,Daniel Wallin,2023-04-01,32.45,235
2013WALL03,Daniel Wallin,2023-04-01,34.58,236
2013WALL03,Daniel Wallin,2023-04-01,32.55,237
2013WALL03,Daniel Wallin,2023-04-15,33.15,238
2013WALL03,Daniel Wallin,2023-04-22,32.33,239
2013WALL03,Daniel Wallin,2023-04-25,31.23,240
2013WALL03,Daniel Wallin,2023-04-29,35.25,241
2013WALL03,Daniel Wallin,2023-04-29,29.99,242
2013WALL03,Daniel Wallin,2023-05-08,33.95,243
2013WALL03,Daniel Wallin,2023-05-13,33.22,244
2013WALL03,Daniel Wallin,2023-05-13,34.33,245
2013WALL03,Daniel Wallin,2023-05-20,32.98,246
2013WALL03,Daniel Wallin,2023-06-03,35.38,247
2013WALL03,Daniel Wallin,2023-06-03,33.39,248
2013WALL03,Daniel Wallin,2023-06-16,35.37,249
2013WALL03,Daniel Wallin,2023-06-16,33.38,250
2013WALL03,Daniel Wallin,2023-06-16,35.2,251
2013WALL03,Daniel Wallin,2023-07-08,36.4,252
2013WALL03,Daniel Wallin,2023-07-08,36.51,253
2013WALL03,Daniel Wallin,2023-07-22,33.99,254
2013WALL03,Daniel Wallin,2023-07-22,30.82,255
2013WALL03,Daniel Wallin,2023-09-09,30.06,256
2013WALL03,Daniel Wallin,2023-09-09,33.62,257
2013WALL03,Daniel Wallin,2023-09-09,32.83,258
2013WALL03,Daniel Wallin,2023-09-17,32.64,259
2013WALL03,Daniel Wallin,2023-09-17,34.54,260
2013WALL03,Daniel Wallin,2023-09-17,34.77,261
2013WALL03,Daniel Wallin,2023-09-28,35.31,262
2013WALL03,Daniel Wallin,2023-10-14,33.71,263
2013WALL03,Daniel Wallin,2023-10-14,35.99,264
2013WALL03,Daniel Wallin,2023-10-14,31.31,265
2013WALL03,Daniel Wallin,2023-10-23,30.95,266
2013WALL03,Daniel Wallin,2023-10-28,32.5,267
2013WALL03,Daniel Wallin,2023-10-28,33.99,268
2013WALL03,Daniel Wallin,2023-11-11,34.36,269
2013WALL03,Daniel Wallin,2023-11-11,33.6,270
2013WALL03,Daniel Wallin,2023-11-18,32.61,271
2013WALL03,Daniel Wallin,2023-11-18,31.79,272
2013WALL03,Daniel Wallin,2023-12-02,35.6,273
2013WALL03,Daniel Wallin,2023-12-02,31.4,274
2013WALL03,Daniel Wallin,2023-12-08,31.29,275
2013WALL03,Daniel Wallin,2023-12-08,32.54,276
2013WALL03,Daniel Wallin,2023-12-18,33.47,277
2013WALL03,Daniel Wallin,2023-12-21,33.0,278
2013WALL03,Daniel Wallin,2024-01-13,31.98,279
2013WALL03,Daniel Wallin,2024-01-22,34.26,280
2013WALL03,Daniel Wallin,2024-01-28,35.2,281
2013WALL03,Daniel Wallin,2024-02-03,32.73,282
2013WALL03,Daniel Wallin,2024-02-07,34.07,283
2013WALL03,Daniel Wallin,2024-02-24,34.02,284
2013WALL03,Daniel Wallin,2024-02-24,34.53,285
2013WALL03,Daniel Wallin,2024-02-24,34.51,286
2013WALL03,Daniel Wallin,2024-03-02,32.71,287
2013WALL03,Daniel Wallin,2024-03-02,33.68,288
2013WALL03,Daniel Wallin,2024-03-14,34.42,289
2013WALL03,Daniel Wallin,2024-03-16,33.62,290
2013WALL03,Daniel Wallin,2024-03-16,30.55,291
2013WALL03,Daniel Wallin,2024-03-23,31.55,292
2013WALL03,Daniel Wallin,2024-04-06,33.6,293
2013WALL03,Daniel Wallin,2024-04-13,30.77,294
2013WALL03,Daniel Wallin,2024-04-20,32.82,295
2013WALL03,Daniel Wallin,2024-04-22,31.26,296
2013WALL03,Daniel Wallin,2024-05-10,34.69,297
2013WALL03,Daniel Wallin,2024-05-10,32.74,298
2013WALL03,Daniel Wallin,2024-05-19,33.9,299
2013WALL03,Daniel Wallin,2024-05-30,32.18,300
2013WALL03,Daniel Wallin,2024-06-01,31.1,301
2013WALL03,Daniel Wallin,2024-06-15,31.39,302
2013WALL03,Daniel Wallin,2024-06-15,31.7,303
2013WALL03,Daniel Wallin,2024-06-15,33.86,304
2013WALL03,Daniel Wallin,2024-06-19,36.12,305
2013WALL03,Daniel Wallin,2024-06-28,34.93,306
2013WALL03,Daniel Wallin,2024-06-28,38.07,307
2013WALL03,Daniel Wallin,2024-07-06,36.54,308
2013WALL03,Daniel Wallin,2024-07-06,32.85,309
2013WALL03,Daniel Wallin,2024-07-19,32.58,310
2013WALL03,Daniel Wallin,2024-07-19,33.78,311
2013WALL03,Daniel Wallin,2024-08-03,34.99,312
2013WALL03,Daniel Wallin,2024-08-03,30.99,313
2013WALL03,Daniel Wallin,2024-08-24,36.05,314
2013WALL03,Daniel Wallin,2024-09-06,32.19,315
2013WALL03,Daniel Wallin,2024-09-06,33.9,316
2013WALL03,Daniel Wallin,2024-09-24,32.98,317
2013WALL03,Daniel Wallin,2024-09-25,34.85,318
2013WALL03,Daniel Wallin,2024-09-29,34.3,319
2013WALL03,Daniel Wallin,2024-10-05,31.43,320
2013WALL03,Daniel Wallin,2024-10-05,31.94,321
2013WALL03,Daniel Wallin,2024-10-19,34.28,322
2013WALL03,Daniel Wallin,2024-10-19,30.76,323
2013WALL03,Daniel Wallin,2024-10-19,32.19,324
2013WALL03,Daniel Wallin,2024-10-26,28.52,325
2013WALL03,Daniel Wallin,2024-10-26,31.07,326
2013WALL03,Daniel Wallin,2024-11-02,32.18,327
2013WALL03,Daniel Wallin,2024-11-08,35.44,328
2013WALL03,Daniel Wallin,2024-11-08,31.07,329
2013WALL03,Daniel Wallin,2024-11-16,33.1,330
2013WALL03,Daniel Wallin,2024-11-16,32.29,331
2013WALL03,Daniel Wallin,2024-11-23,29.44,332
2013WALL03,Daniel Wallin,2024-11-23,33.35,333
2013WALL03,Daniel Wallin,2024-11-25,31.63,334
2013WALL03,Daniel Wallin,2024-12-07,30.97,335
2013WALL03,Daniel Wallin,2024-12-19,30.67,336
2013WALL03,Daniel Wallin,2024-12-27,34.13,337
2013WALL03,Daniel Wallin,2024-12-27,30.76,338
2013WALL03,Daniel Wallin,2025-01-16,34.5,339
2013WALL03,Daniel Wallin,2025-01-18,34.34,340
2013WALL03,Daniel Wallin,2025-01-30,31.02,341
2013WALL03,Daniel Wallin,2025-02-15,33.99,342
2013WALL03,Daniel Wallin,2025-02-22,30.75,343
2013WALL03,Daniel Wallin,2025-02-22,30.75,344
2013WALL03,Daniel Wallin,2025-03-01,30.19,345
2013WALL03,Daniel Wallin,2025-03-18,32.26,346
2013WALL03,Daniel Wallin,2025-04-05,32.86,347
2013WALL03,Daniel Wallin,2025-04-06,30.83,348
2013WALL03,Daniel Wallin,2025-04-21,32.27,349
2013WALL03,Daniel Wallin,2025-04-26,32.37,350
2013WALL03,Daniel Wallin,2025-05-10,29.44,351
2013WALL03,Daniel Wallin,2025-05-16,35.92,352
2013WALL03,Daniel Wallin,2025-05-22,30.98,353
2013WALL03,Daniel Wallin,2025-06-06,32.55,354
2013WALL03,Daniel Wallin,2025-06-06,30.74,355
2013WALL03,Daniel Wallin,2025-06-17,34.98,356
2013WALL03,Daniel Wallin,2025-06-22,31.37,357
2013WALL03,Daniel Wallin,2025-06-22,29.21,358
2013WALL03,Daniel Wallin,2025-07-19,29.4,359
2013WALL03,Daniel Wallin,2025-08-29,30.21,360
2013WALL03,Daniel Wallin,2025-08-29,31.51,361
2013WALL03,Daniel Wallin,2025-09-11,29.69,362
2013WALL03,Daniel Wallin,2025-09-27,29.81,363
2013WALL03,Daniel Wallin,2025-10-25,30.19,364
2013WALL03,Daniel Wallin,2025-11-06,29.97,365
2013WALL03,Daniel Wallin,2025-11-15,30.33,366
2013WALL03,Daniel Wallin,2025-11-29,34.51,367
2013WALL03,Daniel Wallin,2025-11-29,32.99,368
2013WALL03,Daniel Wallin,2025-12-06,29.73,369
2013WALL03,Daniel Wallin,2025-12-06,30.84,370
2013WALL03,Daniel Wallin,2025-12-13,29.73,371
2013WALL03,Daniel Wallin,2025-12-13,30.17,372
2013WALL03,Daniel Wallin,2025-12-18,32.95,373
2013WALL03,Daniel Wallin,2026-01-05,34.58,374
2013WALL03,Daniel Wallin,2026-01-10,32.8,375
2013WALL03,Daniel Wallin,2026-01-10,29.53,376
2013WALL03,Daniel Wallin,2026-01-20,35.4,377
2013WALL03,Daniel Wallin,2026-01-23,34.53,378
2013WALL03,Daniel Wallin,2026-01-23,35.49,379
2013WALL03,Daniel Wallin,2026-01-31,31.59,380
2013WALL03,Daniel Wallin,2026-02-07,34.85,381
2013WALL03,Daniel Wallin,2026-02-21,34.16,382
2013WALL03,Daniel Wallin,2026-03-06,32.2,383
2013WALL03,Daniel Wallin,2026-03-06,31.43,384
2013WALL03,Daniel Wallin,2026-03-14,29.7,385
2013WALL03,Daniel Wallin,2026-03-19,31.92,386
2013WALL03,Daniel Wallin,2026-03-21,30.35,387
2013WALL03,Daniel Wallin,2026-03-21,30.91,388
2013WALL03,Daniel Wallin,2026-04-02,34.26,389
2013WALL03,Daniel Wallin,2026-04-11,30.09,390
2013WALL03,Daniel Wallin,2026-04-17,31.59,391
2013WALL03,Daniel Wallin,2026-04-17,29.01,392
2013WALL03,Daniel Wallin,2026-05-01,32.28,393
2013WALL03,Daniel Wallin,2026-05-09,31.7,394
2013WALL03,Daniel Wallin,2026-05-25,33.9,395
2014PETE03,Tobias Peter,2014-10-11,90.08,1
2014PETE03,Tobias Peter,2015-02-21,59.05,2
2014PETE03,Tobias Peter,2015-02-21,59.48,3
2014PETE03,Tobias Peter,2015-03-29,65.53,4
2014PETE03,Tobias Peter,2015-04-18,57.1,5
2014PETE03,Tobias Peter,2015-05-10,60.57,6
2014PETE03,Tobias Peter,2015-05-10,62.94,7
2014PETE03,Tobias Peter,2015-05-30,59.36,8
2014PETE03,Tobias Peter,2015-07-17,56.46,9
2014PETE03,Tobias Peter,2015-07-17,55.55,10
2014PETE03,Tobias Peter,2015-07-24,60.57,11
2014PETE03,Tobias Peter,2015-07-24,57.47,12
2014PETE03,Tobias Peter,2015-09-05,62.66,13
2014PETE03,Tobias Peter,2015-09-26,60.01,14
2014PETE03,Tobias Peter,2015-09-26,55.84,15
2014PETE03,Tobias Peter,2015-10-10,57.8,16
2014PETE03,Tobias Peter,2015-10-10,53.44,17
2014PETE03,Tobias Peter,2015-11-13,52.38,18
2014PETE03,Tobias Peter,2015-11-13,53.31,19
2014PETE03,Tobias Peter,2015-11-21,51.48,20
2014PETE03,Tobias Peter,2015-11-21,49.22,21
2014PETE03,Tobias Peter,2016-01-16,56.16,22
2014PETE03,Tobias Peter,2016-01-30,57.97,23
2014PETE03,Tobias Peter,2016-01-30,53.75,24
2014PETE03,Tobias Peter,2016-04-02,45.29,25
2014PETE03,Tobias Peter,2016-04-02,51.01,26
2014PETE03,Tobias Peter,2016-04-16,48.5,27
2014PETE03,Tobias Peter,2016-04-16,53.6,28
2014PETE03,Tobias Peter,2016-05-14,48.89,29
2014PETE03,Tobias Peter,2016-05-14,52.2,30
2014PETE03,Tobias Peter,2016-05-21,59.25,31
2014PETE03,Tobias Peter,2016-05-21,49.93,32
2014PETE03,Tobias Peter,2016-07-09,50.78,33
2014PETE03,Tobias Peter,2016-07-09,51.66,34
2014PETE03,Tobias Peter,2016-07-15,58.41,35
2014PETE03,Tobias Peter,2016-08-13,47.13,36
2014PETE03,Tobias Peter,2016-08-13,50.52,37
2014PETE03,Tobias Peter,2016-09-03,48.28,38
2014PETE03,Tobias Peter,2016-09-03,49.05,39
2014PETE03,Tobias Peter,2016-10-08,52.35,40
2014PETE03,Tobias Peter,2016-10-15,50.29,41
2014PETE03,Tobias Peter,2016-10-15,51.35,42
2014PETE03,Tobias Peter,2016-11-05,47.89,43
2014PETE03,Tobias Peter,2016-11-05,56.08,44
2014PETE03,Tobias Peter,2016-11-12,48.52,45
2014PETE03,Tobias Peter,2016-11-12,56.0,46
2014PETE03,Tobias Peter,2016-12-03,51.55,47
2014PETE03,Tobias Peter,2016-12-03,48.12,48
2014PETE03,Tobias Peter,2016-12-10,52.61,49
2014PETE03,Tobias Peter,2017-01-28,50.82,50
2014PETE03,Tobias Peter,2017-01-28,50.41,51
2014PETE03,Tobias Peter,2017-02-04,45.65,52
2014PETE03,Tobias Peter,2017-03-04,45.3,53
2014PETE03,Tobias Peter,2017-03-04,48.26,54
2014PETE03,Tobias Peter,2017-03-04,45.06,55
2014PETE03,Tobias Peter,2017-03-11,43.27,56
2014PETE03,Tobias Peter,2017-04-01,48.31,57
2014PETE03,Tobias Peter,2017-04-01,45.83,58
2014PETE03,Tobias Peter,2017-04-29,49.75,59
2014PETE03,Tobias Peter,2017-04-29,45.35,60
2014PETE03,Tobias Peter,2017-04-29,48.04,61
2014PETE03,Tobias Peter,2017-05-06,47.04,62
2014PETE03,Tobias Peter,2017-05-06,47.63,63
2014PETE03,Tobias Peter,2017-05-13,46.81,64
2014PETE03,Tobias Peter,2017-06-10,48.07,65
2014PETE03,Tobias Peter,2017-06-10,43.75,66
2014PETE03,Tobias Peter,2017-07-08,41.79,67
2014PETE03,Tobias Peter,2017-07-13,46.17,68
2014PETE03,Tobias Peter,2017-07-21,46.9,69
2014PETE03,Tobias Peter,2017-07-21,45.36,70
2014PETE03,Tobias Peter,2017-08-19,43.75,71
2014PETE03,Tobias Peter,2017-08-19,43.19,72
2014PETE03,Tobias Peter,2017-08-26,42.55,73
2014PETE03,Tobias Peter,2017-08-26,45.23,74
2014PETE03,Tobias Peter,2017-09-01,43.07,75
2014PETE03,Tobias Peter,2017-09-01,44.77,76
2014PETE03,Tobias Peter,2017-09-16,45.31,77
2014PETE03,Tobias Peter,2017-09-16,47.3,78
2014PETE03,Tobias Peter,2017-09-22,43.78,79
2014PETE03,Tobias Peter,2017-09-22,44.52,80
2014PETE03,Tobias Peter,2017-10-07,43.92,81
2014PETE03,Tobias Peter,2017-10-07,47.1,82
2014PETE03,Tobias Peter,2017-10-14,43.26,83
2014PETE03,Tobias Peter,2017-10-14,44.76,84
2014PETE03,Tobias Peter,2017-10-28,42.57,85
2014PETE03,Tobias Peter,2017-10-28,48.59,86
2014PETE03,Tobias Peter,2017-11-04,38.78,87
2014PETE03,Tobias Peter,2017-11-04,44.06,88
2014PETE03,Tobias Peter,2017-11-11,41.21,89
2014PETE03,Tobias Peter,2017-11-11,41.42,90
2014PETE03,Tobias Peter,2017-11-25,39.62,91
2014PETE03,Tobias Peter,2017-11-25,40.06,92
2014PETE03,Tobias Peter,2017-11-25,40.63,93
2014PETE03,Tobias Peter,2017-12-02,41.84,94
2014PETE03,Tobias Peter,2017-12-02,45.6,95
2014PETE03,Tobias Peter,2017-12-16,41.25,96
2014PETE03,Tobias Peter,2017-12-16,39.14,97
2014PETE03,Tobias Peter,2018-01-13,41.47,98
2014PETE03,Tobias Peter,2018-01-13,41.49,99
2014PETE03,Tobias Peter,2018-01-20,43.17,100
2014PETE03,Tobias Peter,2018-01-20,40.15,101
2014PETE03,Tobias Peter,2018-01-27,38.21,102
2014PETE03,Tobias Peter,2018-01-27,40.61,103
2014PETE03,Tobias Peter,2018-01-27,38.34,104
2014PETE03,Tobias Peter,2018-02-10,42.57,105
2014PETE03,Tobias Peter,2018-02-10,43.06,106
2014PETE03,Tobias Peter,2018-02-17,40.24,107
2014PETE03,Tobias Peter,2018-02-17,43.73,108
2014PETE03,Tobias Peter,2018-03-03,42.52,109
2014PETE03,Tobias Peter,2018-03-03,40.12,110
2014PETE03,Tobias Peter,2018-03-25,43.86,111
2014PETE03,Tobias Peter,2018-03-25,36.91,112
2014PETE03,Tobias Peter,2018-03-31,43.22,113
2014PETE03,Tobias Peter,2018-03-31,42.43,114
2014PETE03,Tobias Peter,2018-04-06,43.79,115
2014PETE03,Tobias Peter,2018-04-06,42.83,116
2014PETE03,Tobias Peter,2018-04-14,42.58,117
2014PETE03,Tobias Peter,2018-04-15,39.26,118
2014PETE03,Tobias Peter,2018-04-15,40.89,119
2014PETE03,Tobias Peter,2018-04-28,38.06,120
2014PETE03,Tobias Peter,2018-04-28,40.63,121
2014PETE03,Tobias Peter,2018-05-05,43.06,122
2014PETE03,Tobias Peter,2018-05-05,38.78,123
2014PETE03,Tobias Peter,2018-05-12,44.4,124
2014PETE03,Tobias Peter,2018-05-12,39.42,125
2014PETE03,Tobias Peter,2018-05-25,43.41,126
2014PETE03,Tobias Peter,2018-05-25,40.12,127
2014PETE03,Tobias Peter,2018-05-25,39.47,128
2014PETE03,Tobias Peter,2018-06-02,38.13,129
2014PETE03,Tobias Peter,2018-06-02,40.58,130
2014PETE03,Tobias Peter,2018-06-09,40.14,131
2014PETE03,Tobias Peter,2018-06-09,38.36,132
2014PETE03,Tobias Peter,2018-06-15,45.69,133
2014PETE03,Tobias Peter,2018-06-23,40.26,134
2014PETE03,Tobias Peter,2018-06-23,41.02,135
2014PETE03,Tobias Peter,2018-07-07,43.57,136
2014PETE03,Tobias Peter,2018-07-07,39.87,137
2014PETE03,Tobias Peter,2018-07-19,39.68,138
2014PETE03,Tobias Peter,2018-07-19,46.36,139
2014PETE03,Tobias Peter,2018-08-04,40.06,140
2014PETE03,Tobias Peter,2018-08-04,41.83,141
2014PETE03,Tobias Peter,2018-08-25,44.16,142
2014PETE03,Tobias Peter,2018-08-25,38.38,143
2014PETE03,Tobias Peter,2018-08-25,42.77,144
2014PETE03,Tobias Peter,2018-09-01,36.58,145
2014PETE03,Tobias Peter,2018-09-01,41.45,146
2014PETE03,Tobias Peter,2018-09-07,37.85,147
2014PETE03,Tobias Peter,2018-09-07,38.8,148
2014PETE03,Tobias Peter,2018-09-07,38.81,149
2014PETE03,Tobias Peter,2018-09-21,38.45,150
2014PETE03,Tobias Peter,2018-09-21,37.84,151
2014PETE03,Tobias Peter,2018-09-21,40.1,152
2014PETE03,Tobias Peter,2018-10-06,41.03,153
2014PETE03,Tobias Peter,2018-10-06,40.35,154
2014PETE03,Tobias Peter,2018-10-06,44.32,155
2014PETE03,Tobias Peter,2018-10-13,40.56,156
2014PETE03,Tobias Peter,2018-10-13,42.11,157
2014PETE03,Tobias Peter,2018-10-27,40.99,158
2014PETE03,Tobias Peter,2018-10-27,40.02,159
2014PETE03,Tobias Peter,2018-11-03,33.76,160
2014PETE03,Tobias Peter,2018-11-03,36.91,161
2014PETE03,Tobias Peter,2018-11-10,40.19,162
2014PETE03,Tobias Peter,2018-11-10,37.25,163
2014PETE03,Tobias Peter,2018-11-17,40.18,164
2014PETE03,Tobias Peter,2018-11-17,38.72,165
2014PETE03,Tobias Peter,2018-11-17,37.38,166
2014PETE03,Tobias Peter,2018-12-08,43.23,167
2014PETE03,Tobias Peter,2018-12-15,39.51,168
2014PETE03,Tobias Peter,2018-12-15,41.44,169
2014PETE03,Tobias Peter,2018-12-15,35.16,170
2014PETE03,Tobias Peter,2019-01-05,40.9,171
2014PETE03,Tobias Peter,2019-01-05,39.88,172
2014PETE03,Tobias Peter,2019-01-19,41.95,173
2014PETE03,Tobias Peter,2019-01-19,43.72,174
2014PETE03,Tobias Peter,2019-02-02,42.21,175
2014PETE03,Tobias Peter,2019-02-02,36.54,176
2014PETE03,Tobias Peter,2019-02-09,42.31,177
2014PETE03,Tobias Peter,2019-02-09,40.88,178
2014PETE03,Tobias Peter,2019-02-16,39.22,179
2014PETE03,Tobias Peter,2019-02-16,42.46,180
2014PETE03,Tobias Peter,2019-03-02,40.26,181
2014PETE03,Tobias Peter,2019-03-02,40.27,182
2014PETE03,Tobias Peter,2019-03-02,38.6,183
2014PETE03,Tobias Peter,2019-03-30,38.69,184
2014PETE03,Tobias Peter,2019-03-30,41.89,185
2014PETE03,Tobias Peter,2019-04-06,38.06,186
2014PETE03,Tobias Peter,2019-04-06,37.13,187
2014PETE03,Tobias Peter,2019-04-13,34.79,188
2014PETE03,Tobias Peter,2019-04-13,34.88,189
2014PETE03,Tobias Peter,2019-04-27,40.66,190
2014PETE03,Tobias Peter,2019-04-27,34.62,191
2014PETE03,Tobias Peter,2019-04-27,38.31,192
2014PETE03,Tobias Peter,2019-05-04,36.47,193
2014PETE03,Tobias Peter,2019-05-04,34.0,194
2014PETE03,Tobias Peter,2019-05-18,40.96,195
2014PETE03,Tobias Peter,2019-05-18,36.81,196
2014PETE03,Tobias Peter,2019-05-24,34.69,197
2014PETE03,Tobias Peter,2019-05-24,34.7,198
2014PETE03,Tobias Peter,2019-05-24,38.24,199
2014PETE03,Tobias Peter,2019-06-01,38.38,200
2014PETE03,Tobias Peter,2019-06-01,38.03,201
2014PETE03,Tobias Peter,2019-06-08,36.98,202
2014PETE03,Tobias Peter,2019-06-08,37.63,203
2014PETE03,Tobias Peter,2019-06-15,38.04,204
2014PETE03,Tobias Peter,2019-06-15,39.3,205
2014PETE03,Tobias Peter,2019-06-22,37.63,206
2014PETE03,Tobias Peter,2019-06-22,34.75,207
2014PETE03,Tobias Peter,2019-06-22,38.05,208
2014PETE03,Tobias Peter,2019-06-29,38.77,209
2014PETE03,Tobias Peter,2019-06-29,37.99,210
2014PETE03,Tobias Peter,2019-08-02,36.85,211
2014PETE03,Tobias Peter,2019-08-02,34.24,212
2014PETE03,Tobias Peter,2019-08-02,35.81,213
2014PETE03,Tobias Peter,2019-08-10,35.05,214
2014PETE03,Tobias Peter,2019-08-10,36.51,215
2014PETE03,Tobias Peter,2019-08-24,39.15,216
2014PETE03,Tobias Peter,2019-08-24,35.75,217
2014PETE03,Tobias Peter,2019-09-07,39.07,218
2014PETE03,Tobias Peter,2019-09-07,33.89,219
2014PETE03,Tobias Peter,2019-09-28,42.16,220
2014PETE03,Tobias Peter,2019-09-28,36.84,221
2014PETE03,Tobias Peter,2019-10-19,35.89,222
2014PETE03,Tobias Peter,2019-10-19,35.89,223
2014PETE03,Tobias Peter,2019-10-26,37.73,224
2014PETE03,Tobias Peter,2019-10-26,37.36,225
2014PETE03,Tobias Peter,2019-11-02,36.25,226
2014PETE03,Tobias Peter,2019-11-02,37.9,227
2014PETE03,Tobias Peter,2019-11-02,39.32,228
2014PETE03,Tobias Peter,2019-11-09,37.17,229
2014PETE03,Tobias Peter,2019-11-09,36.04,230
2014PETE03,Tobias Peter,2019-11-23,34.3,231
2014PETE03,Tobias Peter,2019-11-23,36.93,232
2014PETE03,Tobias Peter,2019-12-07,32.75,233
2014PETE03,Tobias Peter,2019-12-14,35.3,234
2014PETE03,Tobias Peter,2019-12-14,36.98,235
2014PETE03,Tobias Peter,2020-01-04,36.26,236
2014PETE03,Tobias Peter,2020-01-04,37.32,237
2014PETE03,Tobias Peter,2020-02-15,38.97,238
2014PETE03,Tobias Peter,2020-02-15,38.2,239
2014PETE03,Tobias Peter,2020-02-22,37.23,240
2014PETE03,Tobias Peter,2020-02-22,38.65,241
2014PETE03,Tobias Peter,2020-02-22,37.84,242
2014PETE03,Tobias Peter,2020-03-07,33.52,243
2014PETE03,Tobias Peter,2020-03-07,39.66,244
2014PETE03,Tobias Peter,2020-08-22,39.81,245
2014PETE03,Tobias Peter,2020-08-22,39.67,246
2014PETE03,Tobias Peter,2021-08-15,35.03,247
2014PETE03,Tobias Peter,2021-11-07,36.85,248
2014PETE03,Tobias Peter,2022-03-19,35.09,249
2014PETE03,Tobias Peter,2022-03-19,38.29,250
2014PETE03,Tobias Peter,2022-04-15,37.68,251
2014PETE03,Tobias Peter,2022-04-15,36.68,252
2014PETE03,Tobias Peter,2022-04-15,35.57,253
2014PETE03,Tobias Peter,2022-05-21,38.45,254
2014PETE03,Tobias Peter,2022-05-21,40.43,255
2014PETE03,Tobias Peter,2022-07-02,39.79,256
2014PETE03,Tobias Peter,2022-07-02,36.45,257
2014PETE03,Tobias Peter,2022-08-20,41.8,258
2014PETE03,Tobias Peter,2022-08-20,36.63,259
2014PETE03,Tobias Peter,2022-09-09,42.38,260
2014PETE03,Tobias Peter,2022-09-09,34.83,261
2014PETE03,Tobias Peter,2022-09-24,38.9,262
2014PETE03,Tobias Peter,2022-09-24,35.77,263
2014PETE03,Tobias Peter,2022-10-08,34.73,264
2014PETE03,Tobias Peter,2022-10-08,39.43,265
2014PETE03,Tobias Peter,2022-11-05,34.79,266
2014PETE03,Tobias Peter,2022-11-05,42.17,267
2014PETE03,Tobias Peter,2022-12-03,36.31,268
2014PETE03,Tobias Peter,2022-12-31,39.67,269
2014PETE03,Tobias Peter,2022-12-31,36.32,270
2014PETE03,Tobias Peter,2022-12-31,38.43,271
2014PETE03,Tobias Peter,2023-01-14,38.79,272
2014PETE03,Tobias Peter,2023-01-14,39.68,273
2014PETE03,Tobias Peter,2023-02-04,40.51,274
2014PETE03,Tobias Peter,2023-02-04,39.93,275
2014PETE03,Tobias Peter,2023-03-04,36.86,276
2014PETE03,Tobias Peter,2023-03-04,34.94,277
2014PETE03,Tobias Peter,2023-03-18,39.6,278
2014PETE03,Tobias Peter,2023-03-18,32.58,279
2014PETE03,Tobias Peter,2023-04-01,37.53,280
2014PETE03,Tobias Peter,2023-04-01,36.86,281
2014PETE03,Tobias Peter,2023-04-08,39.9,282
2014PETE03,Tobias Peter,2023-04-08,41.19,283
2014PETE03,Tobias Peter,2023-04-15,35.02,284
2014PETE03,Tobias Peter,2023-04-15,36.77,285
2014PETE03,Tobias Peter,2023-04-15,34.2,286
2014PETE03,Tobias Peter,2023-05-27,35.39,287
2014PETE03,Tobias Peter,2023-05-27,35.88,288
2014PETE03,Tobias Peter,2023-05-27,36.03,289
2014PETE03,Tobias Peter,2023-06-24,35.96,290
2014PETE03,Tobias Peter,2023-06-24,36.77,291
2014PETE03,Tobias Peter,2023-07-22,37.42,292
2014PETE03,Tobias Peter,2023-07-22,39.94,293
2014PETE03,Tobias Peter,2023-08-12,39.05,294
2014PETE03,Tobias Peter,2023-09-23,41.3,295
2014PETE03,Tobias Peter,2023-09-23,38.37,296
2014PETE03,Tobias Peter,2023-09-30,40.67,297
2014PETE03,Tobias Peter,2023-10-21,36.53,298
2014PETE03,Tobias Peter,2023-10-21,38.88,299
2014PETE03,Tobias Peter,2023-10-21,38.84,300
2014PETE03,Tobias Peter,2023-10-28,40.65,301
2014PETE03,Tobias Peter,2023-10-28,41.81,302
2014PETE03,Tobias Peter,2023-11-03,36.12,303
2014PETE03,Tobias Peter,2023-11-03,47.0,304
2014PETE03,Tobias Peter,2023-11-11,42.9,305
2014PETE03,Tobias Peter,2023-12-08,38.17,306
2014PETE03,Tobias Peter,2023-12-08,36.04,307
2014PETE03,Tobias Peter,2023-12-08,36.74,308
2014PETE03,Tobias Peter,2023-12-30,35.08,309
2014PETE03,Tobias Peter,2023-12-30,36.72,310
2014PETE03,Tobias Peter,2024-01-13,36.36,311
2014PETE03,Tobias Peter,2024-01-13,38.27,312
2014PETE03,Tobias Peter,2024-03-02,36.45,313
2014PETE03,Tobias Peter,2024-03-02,35.23,314
2014PETE03,Tobias Peter,2024-03-24,37.74,315
2014PETE03,Tobias Peter,2024-03-30,32.79,316
2014PETE03,Tobias Peter,2024-03-30,37.15,317
2014PETE03,Tobias Peter,2024-04-02,34.46,318
2014PETE03,Tobias Peter,2024-04-20,36.95,319
2014PETE03,Tobias Peter,2024-06-01,37.62,320
2014PETE03,Tobias Peter,2024-06-01,35.24,321
2014PETE03,Tobias Peter,2024-06-08,40.03,322
2014PETE03,Tobias Peter,2024-06-08,40.69,323
2014PETE03,Tobias Peter,2024-07-25,37.78,324
2014PETE03,Tobias Peter,2024-08-31,38.24,325
2014PETE03,Tobias Peter,2024-08-31,38.1,326
2014PETE03,Tobias Peter,2024-09-21,35.85,327
2014PETE03,Tobias Peter,2024-09-21,35.72,328
2014PETE03,Tobias Peter,2024-10-04,35.17,329
2014PETE03,Tobias Peter,2024-10-04,37.52,330
2014PETE03,Tobias Peter,2024-10-19,40.14,331
2014PETE03,Tobias Peter,2024-10-19,36.67,332
2014PETE03,Tobias Peter,2024-10-26,38.84,333
2014PETE03,Tobias Peter,2024-10-26,39.62,334
2014PETE03,Tobias Peter,2024-11-09,33.88,335
2014PETE03,Tobias Peter,2024-12-07,35.17,336
2014PETE03,Tobias Peter,2024-12-07,36.09,337
2014PETE03,Tobias Peter,2024-12-07,36.45,338
2014PETE03,Tobias Peter,2024-12-14,32.94,339
2014PETE03,Tobias Peter,2024-12-31,36.5,340
2014PETE03,Tobias Peter,2025-01-11,35.64,341
2014PETE03,Tobias Peter,2025-01-11,33.42,342
2014PETE03,Tobias Peter,2025-01-25,35.17,343
2014PETE03,Tobias Peter,2025-03-16,36.59,344
2014PETE03,Tobias Peter,2025-03-23,31.25,345
2014PETE03,Tobias Peter,2025-05-03,35.2,346
2014PETE03,Tobias Peter,2025-05-03,33.17,347
2014PETE03,Tobias Peter,2025-05-17,37.33,348
2014PETE03,Tobias Peter,2025-05-17,37.76,349
2014PETE03,Tobias Peter,2025-05-17,33.89,350
2014PETE03,Tobias Peter,2025-05-24,36.59,351
2014PETE03,Tobias Peter,2025-05-24,38.63,352
2014PETE03,Tobias Peter,2025-06-07,34.56,353
2014PETE03,Tobias Peter,2025-06-07,34.07,354
2014PETE03,Tobias Peter,2025-06-21,38.58,355
2014PETE03,Tobias Peter,2025-06-21,37.29,356
2014PETE03,Tobias Peter,2025-07-03,33.83,357
2014PETE03,Tobias Peter,2025-08-30,35.81,358
2014PETE03,Tobias Peter,2025-08-30,38.27,359
2014PETE03,Tobias Peter,2025-09-20,34.31,360
2014PETE03,Tobias Peter,2025-09-20,36.72,361
2014PETE03,Tobias Peter,2025-10-04,39.11,362
2014PETE03,Tobias Peter,2025-10-11,38.48,363
2014PETE03,Tobias Peter,2025-10-11,32.37,364
2014PETE03,Tobias Peter,2025-10-11,33.6,365
2014PETE03,Tobias Peter,2025-11-15,34.85,366
2014PETE03,Tobias Peter,2025-11-22,33.96,367
2014PETE03,Tobias Peter,2025-11-22,35.69,368
2014PETE03,Tobias Peter,2025-11-22,34.94,369
2014PETE03,Tobias Peter,2025-12-06,34.79,370
2014PETE03,Tobias Peter,2025-12-18,33.54,371
2014PETE03,Tobias Peter,2026-01-31,34.48,372
2014PETE03,Tobias Peter,2026-01-31,38.4,373
2014PETE03,Tobias Peter,2026-02-21,36.52,374
2014PETE03,Tobias Peter,2026-02-21,37.1,375
2014PETE03,Tobias Peter,2026-03-21,35.87,376
2014PETE03,Tobias Peter,2026-03-21,35.49,377
2014PETE03,Tobias Peter,2026-03-29,36.37,378
2014PETE03,Tobias Peter,2026-04-18,35.22,379
2014PETE03,Tobias Peter,2026-04-18,33.77,380
2014PETE03,Tobias Peter,2026-04-25,35.41,381
2014PETE03,Tobias Peter,2026-04-25,40.28,382
2014PETE03,Tobias Peter,2026-05-01,34.83,383
2014PETE03,Tobias Peter,2026-05-09,38.21,384
2014PETE03,Tobias Peter,2026-05-09,35.33,385
2014SEBA01,Juliette Sébastien,2015-07-04,60.64,1
2014SEBA01,Juliette Sébastien,2015-10-24,56.06,2
2014SEBA01,Juliette Sébastien,2015-10-24,52.01,3
2014SEBA01,Juliette Sébastien,2015-11-07,54.73,4
2014SEBA01,Juliette Sébastien,2015-12-19,52.45,5
2014SEBA01,Juliette Sébastien,2015-12-19,52.39,6
2014SEBA01,Juliette Sébastien,2016-02-13,57.57,7
2014SEBA01,Juliette Sébastien,2016-04-30,49.26,8
2014SEBA01,Juliette Sébastien,2016-05-21,48.88,9
2014SEBA01,Juliette Sébastien,2016-05-21,47.98,10
2014SEBA01,Juliette Sébastien,2016-07-02,50.0,11
2014SEBA01,Juliette Sébastien,2016-07-02,47.18,12
2014SEBA01,Juliette Sébastien,2016-07-09,47.04,13
2014SEBA01,Juliette Sébastien,2016-07-09,50.2,14
2014SEBA01,Juliette Sébastien,2016-07-15,52.05,15
2014SEBA01,Juliette Sébastien,2016-09-10,52.4,16
2014SEBA01,Juliette Sébastien,2016-09-10,42.0,17
2014SEBA01,Juliette Sébastien,2016-10-15,47.17,18
2014SEBA01,Juliette Sébastien,2016-10-29,48.85,19
2014SEBA01,Juliette Sébastien,2016-10-29,50.73,20
2014SEBA01,Juliette Sébastien,2016-10-29,48.95,21
2014SEBA01,Juliette Sébastien,2016-11-01,48.2,22
2014SEBA01,Juliette Sébastien,2016-11-01,51.12,23
2014SEBA01,Juliette Sébastien,2016-11-11,46.51,24
2014SEBA01,Juliette Sébastien,2016-11-11,44.17,25
2014SEBA01,Juliette Sébastien,2016-11-11,48.67,26
2014SEBA01,Juliette Sébastien,2016-12-03,45.99,27
2014SEBA01,Juliette Sébastien,2016-12-03,44.87,28
2014SEBA01,Juliette Sébastien,2016-12-03,45.68,29
2014SEBA01,Juliette Sébastien,2016-12-17,46.15,30
2014SEBA01,Juliette Sébastien,2016-12-17,45.7,31
2014SEBA01,Juliette Sébastien,2017-01-28,46.66,32
2014SEBA01,Juliette Sébastien,2017-01-28,46.47,33
2014SEBA01,Juliette Sébastien,2017-03-04,43.81,34
2014SEBA01,Juliette Sébastien,2017-03-04,48.41,35
2014SEBA01,Juliette Sébastien,2017-04-08,47.02,36
2014SEBA01,Juliette Sébastien,2017-04-29,38.81,37
2014SEBA01,Juliette Sébastien,2017-04-29,42.9,38
2014SEBA01,Juliette Sébastien,2017-04-29,42.39,39
2014SEBA01,Juliette Sébastien,2017-05-27,43.99,40
2014SEBA01,Juliette Sébastien,2017-05-27,44.35,41
2014SEBA01,Juliette Sébastien,2017-06-04,44.55,42
2014SEBA01,Juliette Sébastien,2017-06-04,43.37,43
2014SEBA01,Juliette Sébastien,2017-06-04,47.58,44
2014SEBA01,Juliette Sébastien,2017-07-01,45.56,45
2014SEBA01,Juliette Sébastien,2017-07-07,42.02,46
2014SEBA01,Juliette Sébastien,2017-07-07,45.35,47
2014SEBA01,Juliette Sébastien,2017-07-13,47.05,48
2014SEBA01,Juliette Sébastien,2017-09-09,41.21,49
2014SEBA01,Juliette Sébastien,2017-09-09,46.08,50
2014SEBA01,Juliette Sébastien,2017-09-23,44.38,51
2014SEBA01,Juliette Sébastien,2017-09-23,42.37,52
2014SEBA01,Juliette Sébastien,2017-09-23,42.75,53
2014SEBA01,Juliette Sébastien,2017-10-27,42.1,54
2014SEBA01,Juliette Sébastien,2017-10-27,45.07,55
2014SEBA01,Juliette Sébastien,2017-11-11,44.0,56
2014SEBA01,Juliette Sébastien,2017-11-11,43.48,57
2014SEBA01,Juliette Sébastien,2017-11-25,40.98,58
2014SEBA01,Juliette Sébastien,2017-12-02,40.37,59
2014SEBA01,Juliette Sébastien,2017-12-02,42.98,60
2014SEBA01,Juliette Sébastien,2018-01-20,39.38,61
2014SEBA01,Juliette Sébastien,2018-01-20,39.72,62
2014SEBA01,Juliette Sébastien,2018-02-17,37.53,63
2014SEBA01,Juliette Sébastien,2018-02-17,39.2,64
2014SEBA01,Juliette Sébastien,2018-02-24,36.59,65
2014SEBA01,Juliette Sébastien,2018-02-24,38.22,66
2014SEBA01,Juliette Sébastien,2018-03-31,41.94,67
2014SEBA01,Juliette Sébastien,2018-03-31,38.1,68
2014SEBA01,Juliette Sébastien,2018-03-31,42.07,69
2014SEBA01,Juliette Sébastien,2018-04-15,35.74,70
2014SEBA01,Juliette Sébastien,2018-04-28,42.74,71
2014SEBA01,Juliette Sébastien,2018-04-28,42.87,72
2014SEBA01,Juliette Sébastien,2018-06-02,38.07,73
2014SEBA01,Juliette Sébastien,2018-06-02,39.69,74
2014SEBA01,Juliette Sébastien,2018-06-02,38.41,75
2014SEBA01,Juliette Sébastien,2018-07-19,35.73,76
2014SEBA01,Juliette Sébastien,2018-07-19,38.08,77
2014SEBA01,Juliette Sébastien,2018-08-04,34.49,78
2014SEBA01,Juliette Sébastien,2018-08-04,36.29,79
2014SEBA01,Juliette Sébastien,2018-08-25,37.15,80
2014SEBA01,Juliette Sébastien,2018-08-25,40.28,81
2014SEBA01,Juliette Sébastien,2018-08-25,36.26,82
2014SEBA01,Juliette Sébastien,2018-09-08,37.04,83
2014SEBA01,Juliette Sébastien,2018-09-08,37.41,84
2014SEBA01,Juliette Sébastien,2018-09-21,37.41,85
2014SEBA01,Juliette Sébastien,2018-09-21,38.15,86
2014SEBA01,Juliette Sébastien,2018-09-21,38.26,87
2014SEBA01,Juliette Sébastien,2018-10-06,38.41,88
2014SEBA01,Juliette Sébastien,2018-10-06,38.35,89
2014SEBA01,Juliette Sébastien,2018-10-06,35.06,90
2014SEBA01,Juliette Sébastien,2018-10-26,38.48,91
2014SEBA01,Juliette Sébastien,2018-10-26,36.84,92
2014SEBA01,Juliette Sébastien,2018-11-03,33.34,93
2014SEBA01,Juliette Sébastien,2018-11-03,37.07,94
2014SEBA01,Juliette Sébastien,2018-11-03,35.58,95
2014SEBA01,Juliette Sébastien,2018-12-01,35.49,96
2014SEBA01,Juliette Sébastien,2018-12-01,36.37,97
2014SEBA01,Juliette Sébastien,2018-12-15,36.86,98
2014SEBA01,Juliette Sébastien,2018-12-15,40.29,99
2014SEBA01,Juliette Sébastien,2019-01-12,35.33,100
2014SEBA01,Juliette Sébastien,2019-01-12,38.89,101
2014SEBA01,Juliette Sébastien,2019-02-02,37.03,102
2014SEBA01,Juliette Sébastien,2019-02-02,35.67,103
2014SEBA01,Juliette Sébastien,2019-02-02,37.12,104
2014SEBA01,Juliette Sébastien,2019-02-23,36.34,105
2014SEBA01,Juliette Sébastien,2019-02-23,33.34,106
2014SEBA01,Juliette Sébastien,2019-02-23,34.91,107
2014SEBA01,Juliette Sébastien,2019-03-15,35.31,108
2014SEBA01,Juliette Sébastien,2019-03-15,37.82,109
2014SEBA01,Juliette Sébastien,2019-04-06,36.73,110
2014SEBA01,Juliette Sébastien,2019-04-06,38.32,111
2014SEBA01,Juliette Sébastien,2019-04-13,36.74,112
2014SEBA01,Juliette Sébastien,2019-04-13,33.78,113
2014SEBA01,Juliette Sébastien,2019-04-20,36.89,114
2014SEBA01,Juliette Sébastien,2019-04-20,34.8,115
2014SEBA01,Juliette Sébastien,2019-04-20,35.58,116
2014SEBA01,Juliette Sébastien,2019-05-18,35.29,117
2014SEBA01,Juliette Sébastien,2019-05-18,39.24,118
2014SEBA01,Juliette Sébastien,2019-06-29,38.39,119
2014SEBA01,Juliette Sébastien,2019-06-29,37.51,120
2014SEBA01,Juliette Sébastien,2019-07-11,37.88,121
2014SEBA01,Juliette Sébastien,2019-07-27,35.62,122
2014SEBA01,Juliette Sébastien,2019-07-27,36.36,123
2014SEBA01,Juliette Sébastien,2019-08-10,33.02,124
2014SEBA01,Juliette Sébastien,2019-08-10,34.25,125
2014SEBA01,Juliette Sébastien,2019-08-10,33.09,126
2014SEBA01,Juliette Sébastien,2019-09-07,37.33,127
2014SEBA01,Juliette Sébastien,2019-09-07,35.69,128
2014SEBA01,Juliette Sébastien,2019-09-21,36.37,129
2014SEBA01,Juliette Sébastien,2019-09-21,38.19,130
2014SEBA01,Juliette Sébastien,2019-10-12,34.99,131
2014SEBA01,Juliette Sébastien,2019-10-12,36.29,132
2014SEBA01,Juliette Sébastien,2019-10-19,40.48,133
2014SEBA01,Juliette Sébastien,2019-10-19,38.51,134
2014SEBA01,Juliette Sébastien,2019-11-09,35.85,135
2014SEBA01,Juliette Sébastien,2019-11-09,36.73,136
2014SEBA01,Juliette Sébastien,2019-11-09,37.34,137
2014SEBA01,Juliette Sébastien,2019-12-07,33.73,138
2014SEBA01,Juliette Sébastien,2019-12-07,36.55,139
2014SEBA01,Juliette Sébastien,2019-12-21,33.58,140
2014SEBA01,Juliette Sébastien,2019-12-21,36.47,141
2014SEBA01,Juliette Sébastien,2019-12-21,32.91,142
2014SEBA01,Juliette Sébastien,2020-01-25,37.59,143
2014SEBA01,Juliette Sébastien,2020-01-25,37.08,144
2014SEBA01,Juliette Sébastien,2020-02-08,36.32,145
2014SEBA01,Juliette Sébastien,2020-02-08,37.71,146
2014SEBA01,Juliette Sébastien,2020-02-15,37.55,147
2014SEBA01,Juliette Sébastien,2020-02-15,37.27,148
2014SEBA01,Juliette Sébastien,2020-02-15,37.79,149
2014SEBA01,Juliette Sébastien,2020-03-07,38.04,150
2014SEBA01,Juliette Sébastien,2021-07-18,32.74,151
2014SEBA01,Juliette Sébastien,2021-07-18,34.19,152
2014SEBA01,Juliette Sébastien,2021-07-31,33.98,153
2014SEBA01,Juliette Sébastien,2021-07-31,30.96,154
2014SEBA01,Juliette Sébastien,2021-08-07,30.58,155
2014SEBA01,Juliette Sébastien,2021-08-28,30.63,156
2014SEBA01,Juliette Sébastien,2021-08-28,30.59,157
2014SEBA01,Juliette Sébastien,2021-10-09,29.02,158
2014SEBA01,Juliette Sébastien,2021-10-09,32.28,159
2014SEBA01,Juliette Sébastien,2021-10-16,30.27,160
2014SEBA01,Juliette Sébastien,2021-10-16,33.48,161
2014SEBA01,Juliette Sébastien,2021-10-30,31.33,162
2014SEBA01,Juliette Sébastien,2021-10-30,29.52,163
2014SEBA01,Juliette Sébastien,2021-11-13,31.91,164
2014SEBA01,Juliette Sébastien,2021-11-13,29.55,165
2014SEBA01,Juliette Sébastien,2022-01-02,33.02,166
2014SEBA01,Juliette Sébastien,2022-01-02,32.05,167
2014SEBA01,Juliette Sébastien,2022-01-22,31.1,168
2014SEBA01,Juliette Sébastien,2022-01-22,29.94,169
2014SEBA01,Juliette Sébastien,2022-02-19,30.73,170
2014SEBA01,Juliette Sébastien,2022-02-19,30.42,171
2014SEBA01,Juliette Sébastien,2022-02-26,34.6,172
2014SEBA01,Juliette Sébastien,2022-02-26,30.87,173
2014SEBA01,Juliette Sébastien,2022-03-11,33.47,174
2014SEBA01,Juliette Sébastien,2022-03-11,31.8,175
2014SEBA01,Juliette Sébastien,2022-03-26,31.82,176
2014SEBA01,Juliette Sébastien,2022-03-26,32.64,177
2014SEBA01,Juliette Sébastien,2022-04-16,32.07,178
2014SEBA01,Juliette Sébastien,2022-04-16,30.87,179
2014SEBA01,Juliette Sébastien,2022-04-16,29.94,180
2014SEBA01,Juliette Sébastien,2022-04-30,31.5,181
2014SEBA01,Juliette Sébastien,2022-04-30,33.58,182
2014SEBA01,Juliette Sébastien,2022-04-30,31.64,183
2014SEBA01,Juliette Sébastien,2022-05-21,32.19,184
2014SEBA01,Juliette Sébastien,2022-05-21,30.93,185
2014SEBA01,Juliette Sébastien,2022-05-21,31.4,186
2014SEBA01,Juliette Sébastien,2022-06-04,29.18,187
2014SEBA01,Juliette Sébastien,2022-06-04,29.11,188
2014SEBA01,Juliette Sébastien,2022-06-04,31.33,189
2014SEBA01,Juliette Sébastien,2022-06-18,31.35,190
2014SEBA01,Juliette Sébastien,2022-06-18,33.73,191
2014SEBA01,Juliette Sébastien,2022-07-02,33.18,192
2014SEBA01,Juliette Sébastien,2022-07-02,29.78,193
2014SEBA01,Juliette Sébastien,2022-07-09,32.0,194
2014SEBA01,Juliette Sébastien,2022-07-09,30.9,195
2014SEBA01,Juliette Sébastien,2022-07-14,32.35,196
2014SEBA01,Juliette Sébastien,2022-07-14,29.41,197
2014SEBA01,Juliette Sébastien,2022-07-14,32.72,198
2014SEBA01,Juliette Sébastien,2022-07-22,31.98,199
2014SEBA01,Juliette Sébastien,2022-07-22,31.48,200
2014SEBA01,Juliette Sébastien,2022-07-22,29.04,201
2014SEBA01,Juliette Sébastien,2022-08-13,31.84,202
2014SEBA01,Juliette Sébastien,2022-08-13,30.57,203
2014SEBA01,Juliette Sébastien,2022-08-20,31.5,204
2014SEBA01,Juliette Sébastien,2022-08-20,29.24,205
2014SEBA01,Juliette Sébastien,2022-08-26,29.98,206
2014SEBA01,Juliette Sébastien,2022-08-26,30.62,207
2014SEBA01,Juliette Sébastien,2022-08-26,31.81,208
2014SEBA01,Juliette Sébastien,2022-09-10,31.32,209
2014SEBA01,Juliette Sébastien,2022-09-10,30.07,210
2014SEBA01,Juliette Sébastien,2022-09-10,32.17,211
2014SEBA01,Juliette Sébastien,2022-09-24,35.71,212
2014SEBA01,Juliette Sébastien,2022-09-24,29.61,213
2014SEBA01,Juliette Sébastien,2022-10-15,32.27,214
2014SEBA01,Juliette Sébastien,2022-10-22,31.01,215
2014SEBA01,Juliette Sébastien,2022-10-22,31.77,216
2014SEBA01,Juliette Sébastien,2022-11-05,31.15,217
2014SEBA01,Juliette Sébastien,2022-11-05,29.72,218
2014SEBA01,Juliette Sébastien,2022-11-12,32.98,219
2014SEBA01,Juliette Sébastien,2022-11-12,31.28,220
2014SEBA01,Juliette Sébastien,2022-12-03,30.15,221
2014SEBA01,Juliette Sébastien,2022-12-31,30.54,222
2014SEBA01,Juliette Sébastien,2022-12-31,29.46,223
2014SEBA01,Juliette Sébastien,2022-12-31,30.42,224
2014SEBA01,Juliette Sébastien,2023-02-04,30.28,225
2014SEBA01,Juliette Sébastien,2023-02-04,29.8,226
2014SEBA01,Juliette Sébastien,2023-02-04,31.83,227
2014SEBA01,Juliette Sébastien,2023-02-18,32.01,228
2014SEBA01,Juliette Sébastien,2023-02-18,28.97,229
2014SEBA01,Juliette Sébastien,2023-02-18,31.0,230
2014SEBA01,Juliette Sébastien,2023-02-24,30.08,231
2014SEBA01,Juliette Sébastien,2023-02-24,31.01,232
2014SEBA01,Juliette Sébastien,2023-02-24,31.25,233
2014SEBA01,Juliette Sébastien,2023-03-18,33.51,234
2014SEBA01,Juliette Sébastien,2023-03-18,30.25,235
2014SEBA01,Juliette Sébastien,2023-03-18,30.49,236
2014SEBA01,Juliette Sébastien,2023-03-25,29.86,237
2014SEBA01,Juliette Sébastien,2023-03-25,30.42,238
2014SEBA01,Juliette Sébastien,2023-04-01,32.09,239
2014SEBA01,Juliette Sébastien,2023-04-08,32.17,240
2014SEBA01,Juliette Sébastien,2023-04-08,31.3,241
2014SEBA01,Juliette Sébastien,2023-04-08,29.12,242
2014SEBA01,Juliette Sébastien,2023-04-29,29.94,243
2014SEBA01,Juliette Sébastien,2023-04-29,31.44,244
2014SEBA01,Juliette Sébastien,2023-04-29,30.23,245
2014SEBA01,Juliette Sébastien,2023-05-06,32.42,246
2014SEBA01,Juliette Sébastien,2023-05-06,29.92,247
2014SEBA01,Juliette Sébastien,2023-05-06,30.39,248
2014SEBA01,Juliette Sébastien,2023-05-13,32.31,249
2014SEBA01,Juliette Sébastien,2023-05-13,28.97,250
2014SEBA01,Juliette Sébastien,2023-05-13,28.45,251
2014SEBA01,Juliette Sébastien,2023-05-20,31.62,252
2014SEBA01,Juliette Sébastien,2023-05-20,30.94,253
2014SEBA01,Juliette Sébastien,2023-05-27,32.26,254
2014SEBA01,Juliette Sébastien,2023-05-27,32.23,255
2014SEBA01,Juliette Sébastien,2023-06-24,33.41,256
2014SEBA01,Juliette Sébastien,2023-06-24,30.2,257
2014SEBA01,Juliette Sébastien,2023-06-24,31.1,258
2014SEBA01,Juliette Sébastien,2023-07-01,31.71,259
2014SEBA01,Juliette Sébastien,2023-07-01,29.04,260
2014SEBA01,Juliette Sébastien,2023-07-08,31.52,261
2014SEBA01,Juliette Sébastien,2023-07-08,34.33,262
2014SEBA01,Juliette Sébastien,2023-07-08,30.74,263
2014SEBA01,Juliette Sébastien,2023-07-14,31.52,264
2014SEBA01,Juliette Sébastien,2023-07-14,30.41,265
2014SEBA01,Juliette Sébastien,2023-08-12,30.88,266
2014SEBA01,Juliette Sébastien,2023-08-12,34.17,267
2014SEBA01,Juliette Sébastien,2023-09-01,30.5,268
2014SEBA01,Juliette Sébastien,2023-09-01,30.99,269
2014SEBA01,Juliette Sébastien,2023-09-01,32.46,270
2014SEBA01,Juliette Sébastien,2023-09-23,32.03,271
2014SEBA01,Juliette Sébastien,2023-09-23,29.41,272
2014SEBA01,Juliette Sébastien,2023-10-07,33.5,273
2014SEBA01,Juliette Sébastien,2023-10-07,31.49,274
2014SEBA01,Juliette Sébastien,2023-10-07,31.87,275
2014SEBA01,Juliette Sébastien,2023-10-20,31.61,276
2014SEBA01,Juliette Sébastien,2023-10-20,31.28,277
2014SEBA01,Juliette Sébastien,2023-10-20,32.63,278
2014SEBA01,Juliette Sébastien,2023-11-19,28.97,279
2014SEBA01,Juliette Sébastien,2023-11-19,28.28,280
2014SEBA01,Juliette Sébastien,2023-12-02,30.88,281
2014SEBA01,Juliette Sébastien,2023-12-02,30.88,282
2014SEBA01,Juliette Sébastien,2023-12-08,32.49,283
2014SEBA01,Juliette Sébastien,2023-12-08,32.23,284
2014SEBA01,Juliette Sébastien,2023-12-08,29.29,285
2014SEBA01,Juliette Sébastien,2024-01-20,31.5,286
2014SEBA01,Juliette Sébastien,2024-01-20,28.96,287
2014SEBA01,Juliette Sébastien,2024-01-27,32.51,288
2014SEBA01,Juliette Sébastien,2024-01-27,30.92,289
2014SEBA01,Juliette Sébastien,2024-02-17,31.43,290
2014SEBA01,Juliette Sébastien,2024-02-17,30.71,291
2014SEBA01,Juliette Sébastien,2024-03-02,29.47,292
2014SEBA01,Juliette Sébastien,2024-03-02,30.27,293
2014SEBA01,Juliette Sébastien,2024-03-16,32.43,294
2014SEBA01,Juliette Sébastien,2024-03-16,31.32,295
2014SEBA01,Juliette Sébastien,2024-03-30,31.83,296
2014SEBA01,Juliette Sébastien,2024-03-30,30.36,297
2014SEBA01,Juliette Sébastien,2024-04-20,33.97,298
2014SEBA01,Juliette Sébastien,2024-04-20,32.42,299
2014SEBA01,Juliette Sébastien,2024-04-27,31.04,300
2014SEBA01,Juliette Sébastien,2024-04-27,31.38,301
2014SEBA01,Juliette Sébastien,2024-05-04,30.36,302
2014SEBA01,Juliette Sébastien,2024-05-04,31.58,303
2014SEBA01,Juliette Sébastien,2024-05-04,30.28,304
2014SEBA01,Juliette Sébastien,2024-05-18,32.25,305
2014SEBA01,Juliette Sébastien,2024-05-18,31.11,306
2014SEBA01,Juliette Sébastien,2024-05-25,35.3,307
2014SEBA01,Juliette Sébastien,2024-05-25,32.89,308
2014SEBA01,Juliette Sébastien,2024-06-22,31.7,309
2014SEBA01,Juliette Sébastien,2024-06-22,34.77,310
2014SEBA01,Juliette Sébastien,2024-07-19,30.09,311
2014SEBA01,Juliette Sébastien,2024-07-19,28.66,312
2014SEBA01,Juliette Sébastien,2024-07-25,31.24,313
2014SEBA01,Juliette Sébastien,2024-07-25,31.46,314
2014SEBA01,Juliette Sébastien,2024-08-09,33.14,315
2014SEBA01,Juliette Sébastien,2024-08-09,33.29,316
2014SEBA01,Juliette Sébastien,2024-08-09,31.9,317
2014SEBA01,Juliette Sébastien,2024-08-16,28.81,318
2014SEBA01,Juliette Sébastien,2024-09-07,30.73,319
2014SEBA01,Juliette Sébastien,2024-09-07,29.82,320
2014SEBA01,Juliette Sébastien,2024-09-21,31.89,321
2014SEBA01,Juliette Sébastien,2024-09-21,30.57,322
2014SEBA01,Juliette Sébastien,2024-09-28,32.66,323
2014SEBA01,Juliette Sébastien,2024-09-28,30.87,324
2014SEBA01,Juliette Sébastien,2024-10-05,29.75,325
2014SEBA01,Juliette Sébastien,2024-10-05,30.78,326
2014SEBA01,Juliette Sébastien,2024-10-19,30.1,327
2014SEBA01,Juliette Sébastien,2024-10-19,30.16,328
2014SEBA01,Juliette Sébastien,2024-10-26,30.35,329
2014SEBA01,Juliette Sébastien,2024-10-26,32.66,330
2014SEBA01,Juliette Sébastien,2024-11-09,32.97,331
2014SEBA01,Juliette Sébastien,2024-11-09,30.71,332
2014SEBA01,Juliette Sébastien,2024-11-23,30.86,333
2014SEBA01,Juliette Sébastien,2024-11-23,33.17,334
2014SEBA01,Juliette Sébastien,2024-12-14,30.99,335
2014SEBA01,Juliette Sébastien,2024-12-14,32.65,336
2014SEBA01,Juliette Sébastien,2025-01-11,28.92,337
2014SEBA01,Juliette Sébastien,2025-01-11,29.31,338
2014SEBA01,Juliette Sébastien,2025-01-25,33.3,339
2014SEBA01,Juliette Sébastien,2025-01-25,29.95,340
2014SEBA01,Juliette Sébastien,2025-02-01,31.23,341
2014SEBA01,Juliette Sébastien,2025-02-01,29.74,342
2014SEBA01,Juliette Sébastien,2025-02-15,39.96,343
2014SEBA01,Juliette Sébastien,2025-02-15,30.17,344
2014SEBA01,Juliette Sébastien,2025-03-01,30.71,345
2014SEBA01,Juliette Sébastien,2025-03-22,29.15,346
2014SEBA01,Juliette Sébastien,2025-03-22,29.55,347
2014SEBA01,Juliette Sébastien,2025-04-05,28.9,348
2014SEBA01,Juliette Sébastien,2025-04-05,30.66,349
2014SEBA01,Juliette Sébastien,2025-04-05,31.93,350
2014SEBA01,Juliette Sébastien,2025-04-12,33.57,351
2014SEBA01,Juliette Sébastien,2025-04-19,28.44,352
2014SEBA01,Juliette Sébastien,2025-04-19,30.12,353
2014SEBA01,Juliette Sébastien,2025-04-19,29.01,354
2014SEBA01,Juliette Sébastien,2025-05-03,31.79,355
2014SEBA01,Juliette Sébastien,2025-05-03,29.9,356
2014SEBA01,Juliette Sébastien,2025-06-07,28.34,357
2014SEBA01,Juliette Sébastien,2025-06-07,30.23,358
2014SEBA01,Juliette Sébastien,2025-07-03,31.99,359
2014SEBA01,Juliette Sébastien,2025-08-02,29.66,360
2014SEBA01,Juliette Sébastien,2025-08-02,30.56,361
2014SEBA01,Juliette Sébastien,2025-08-15,30.96,362
2014SEBA01,Juliette Sébastien,2025-08-15,29.13,363
2014SEBA01,Juliette Sébastien,2025-08-30,29.27,364
2014SEBA01,Juliette Sébastien,2025-10-18,30.2,365
2014SEBA01,Juliette Sébastien,2025-10-18,30.55,366
2014SEBA01,Juliette Sébastien,2025-10-25,30.13,367
2014SEBA01,Juliette Sébastien,2025-10-25,32.12,368
2014SEBA01,Juliette Sébastien,2025-11-15,29.84,369
2014SEBA01,Juliette Sébastien,2025-11-15,31.51,370
2014SEBA01,Juliette Sébastien,2026-01-10,29.81,371
2014SEBA01,Juliette Sébastien,2026-01-10,26.58,372
2014SEBA01,Juliette Sébastien,2026-02-21,31.46,373
2014SEBA01,Juliette Sébastien,2026-02-21,28.62,374
2014SEBA01,Juliette Sébastien,2026-04-04,28.32,375
2014SEBA01,Juliette Sébastien,2026-04-04,30.1,376
2014SEBA01,Juliette Sébastien,2026-04-04,27.89,377
2014SEBA01,Juliette Sébastien,2026-04-18,29.87,378
2014SEBA01,Juliette Sébastien,2026-04-18,29.53,379
2014SEBA01,Juliette Sébastien,2026-05-01,31.04,380
2014SEBA01,Juliette Sébastien,2026-05-08,30.62,381
2014SEBA01,Juliette Sébastien,2026-05-08,32.54,382
2014SEBA01,Juliette Sébastien,2026-05-08,29.49,383
2014SEBA01,Juliette Sébastien,2026-05-22,30.15,384
2014SEBA01,Juliette Sébastien,2026-05-22,27.95,385
2014ZAKR01,Karol Zakrzewski,2015-02-28,55.55,1
2014ZAKR01,Karol Zakrzewski,2015-02-28,50.46,2
2014ZAKR01,Karol Zakrzewski,2015-05-23,51.92,3
2014ZAKR01,Karol Zakrzewski,2015-05-23,49.11,4
2014ZAKR01,Karol Zakrzewski,2015-06-27,50.23,5
2014ZAKR01,Karol Zakrzewski,2015-07-18,48.51,6
2014ZAKR01,Karol Zakrzewski,2015-07-18,50.44,7
2014ZAKR01,Karol Zakrzewski,2015-10-17,47.59,8
2014ZAKR01,Karol Zakrzewski,2015-10-17,48.55,9
2014ZAKR01,Karol Zakrzewski,2015-12-05,49.82,10
2014ZAKR01,Karol Zakrzewski,2016-02-20,46.02,11
2014ZAKR01,Karol Zakrzewski,2016-03-19,53.56,12
2014ZAKR01,Karol Zakrzewski,2016-03-19,46.52,13
2014ZAKR01,Karol Zakrzewski,2016-04-23,48.64,14
2014ZAKR01,Karol Zakrzewski,2016-04-23,44.5,15
2014ZAKR01,Karol Zakrzewski,2016-06-04,41.11,16
2014ZAKR01,Karol Zakrzewski,2016-06-04,46.87,17
2014ZAKR01,Karol Zakrzewski,2016-07-02,45.57,18
2014ZAKR01,Karol Zakrzewski,2016-07-02,40.77,19
2014ZAKR01,Karol Zakrzewski,2016-07-02,43.09,20
2014ZAKR01,Karol Zakrzewski,2016-07-15,45.23,21
2014ZAKR01,Karol Zakrzewski,2016-07-15,40.83,22
2014ZAKR01,Karol Zakrzewski,2016-07-19,43.21,23
2014ZAKR01,Karol Zakrzewski,2016-08-27,46.98,24
2014ZAKR01,Karol Zakrzewski,2016-09-17,46.07,25
2014ZAKR01,Karol Zakrzewski,2016-09-17,42.55,26
2014ZAKR01,Karol Zakrzewski,2016-09-17,40.77,27
2014ZAKR01,Karol Zakrzewski,2016-10-08,48.89,28
2014ZAKR01,Karol Zakrzewski,2016-10-08,42.3,29
2014ZAKR01,Karol Zakrzewski,2016-12-09,40.66,30
2014ZAKR01,Karol Zakrzewski,2016-12-09,42.9,31
2014ZAKR01,Karol Zakrzewski,2016-12-17,46.81,32
2014ZAKR01,Karol Zakrzewski,2016-12-17,42.07,33
2014ZAKR01,Karol Zakrzewski,2017-01-14,42.58,34
2014ZAKR01,Karol Zakrzewski,2017-01-14,40.09,35
2014ZAKR01,Karol Zakrzewski,2017-01-14,40.26,36
2014ZAKR01,Karol Zakrzewski,2017-02-25,41.85,37
2014ZAKR01,Karol Zakrzewski,2017-02-25,40.35,38
2014ZAKR01,Karol Zakrzewski,2017-03-11,39.99,39
2014ZAKR01,Karol Zakrzewski,2017-03-11,38.26,40
2014ZAKR01,Karol Zakrzewski,2017-04-01,38.76,41
2014ZAKR01,Karol Zakrzewski,2017-04-01,38.01,42
2014ZAKR01,Karol Zakrzewski,2017-04-29,40.0,43
2014ZAKR01,Karol Zakrzewski,2017-05-27,42.01,44
2014ZAKR01,Karol Zakrzewski,2017-05-27,33.81,45
2014ZAKR01,Karol Zakrzewski,2017-06-17,36.11,46
2014ZAKR01,Karol Zakrzewski,2017-06-24,37.63,47
2014ZAKR01,Karol Zakrzewski,2017-06-24,33.25,48
2014ZAKR01,Karol Zakrzewski,2017-07-13,39.32,49
2014ZAKR01,Karol Zakrzewski,2017-07-13,37.36,50
2014ZAKR01,Karol Zakrzewski,2017-07-29,33.79,51
2014ZAKR01,Karol Zakrzewski,2017-07-29,37.82,52
2014ZAKR01,Karol Zakrzewski,2017-09-15,34.91,53
2014ZAKR01,Karol Zakrzewski,2017-09-15,35.33,54
2014ZAKR01,Karol Zakrzewski,2017-10-14,35.52,55
2014ZAKR01,Karol Zakrzewski,2017-10-14,35.65,56
2014ZAKR01,Karol Zakrzewski,2017-11-17,35.91,57
2014ZAKR01,Karol Zakrzewski,2017-11-17,34.04,58
2014ZAKR01,Karol Zakrzewski,2017-12-16,33.24,59
2014ZAKR01,Karol Zakrzewski,2017-12-16,40.44,60
2014ZAKR01,Karol Zakrzewski,2018-02-24,31.98,61
2014ZAKR01,Karol Zakrzewski,2018-02-24,33.35,62
2014ZAKR01,Karol Zakrzewski,2018-03-03,34.73,63
2014ZAKR01,Karol Zakrzewski,2018-03-03,36.42,64
2014ZAKR01,Karol Zakrzewski,2018-06-16,32.7,65
2014ZAKR01,Karol Zakrzewski,2018-06-23,40.47,66
2014ZAKR01,Karol Zakrzewski,2018-06-23,33.1,67
2014ZAKR01,Karol Zakrzewski,2018-07-07,31.16,68
2014ZAKR01,Karol Zakrzewski,2018-07-07,33.63,69
2014ZAKR01,Karol Zakrzewski,2018-07-07,34.5,70
2014ZAKR01,Karol Zakrzewski,2018-09-15,33.62,71
2014ZAKR01,Karol Zakrzewski,2018-09-15,32.55,72
2014ZAKR01,Karol Zakrzewski,2018-09-28,34.74,73
2014ZAKR01,Karol Zakrzewski,2018-09-28,35.2,74
2014ZAKR01,Karol Zakrzewski,2018-09-28,35.14,75
2014ZAKR01,Karol Zakrzewski,2018-10-06,32.02,76
2014ZAKR01,Karol Zakrzewski,2018-10-06,34.24,77
2014ZAKR01,Karol Zakrzewski,2018-10-26,32.38,78
2014ZAKR01,Karol Zakrzewski,2018-10-26,32.08,79
2014ZAKR01,Karol Zakrzewski,2018-11-10,32.14,80
2014ZAKR01,Karol Zakrzewski,2018-11-17,32.29,81
2014ZAKR01,Karol Zakrzewski,2018-11-17,36.42,82
2014ZAKR01,Karol Zakrzewski,2018-12-01,33.81,83
2014ZAKR01,Karol Zakrzewski,2018-12-01,32.2,84
2014ZAKR01,Karol Zakrzewski,2018-12-08,34.83,85
2014ZAKR01,Karol Zakrzewski,2018-12-08,33.26,86
2014ZAKR01,Karol Zakrzewski,2018-12-15,36.46,87
2014ZAKR01,Karol Zakrzewski,2018-12-15,31.56,88
2014ZAKR01,Karol Zakrzewski,2019-02-02,37.09,89
2014ZAKR01,Karol Zakrzewski,2019-02-02,36.03,90
2014ZAKR01,Karol Zakrzewski,2019-02-23,33.33,91
2014ZAKR01,Karol Zakrzewski,2019-02-23,31.13,92
2014ZAKR01,Karol Zakrzewski,2019-03-02,32.82,93
2014ZAKR01,Karol Zakrzewski,2019-03-02,35.4,94
2014ZAKR01,Karol Zakrzewski,2019-03-02,35.04,95
2014ZAKR01,Karol Zakrzewski,2019-03-16,36.09,96
2014ZAKR01,Karol Zakrzewski,2019-03-16,34.39,97
2014ZAKR01,Karol Zakrzewski,2019-03-16,34.55,98
2014ZAKR01,Karol Zakrzewski,2019-04-06,33.67,99
2014ZAKR01,Karol Zakrzewski,2019-04-06,36.27,100
2014ZAKR01,Karol Zakrzewski,2019-05-11,32.69,101
2014ZAKR01,Karol Zakrzewski,2019-05-11,36.3,102
2014ZAKR01,Karol Zakrzewski,2019-05-11,33.09,103
2014ZAKR01,Karol Zakrzewski,2019-07-06,33.53,104
2014ZAKR01,Karol Zakrzewski,2019-07-06,36.8,105
2014ZAKR01,Karol Zakrzewski,2019-08-24,35.14,106
2014ZAKR01,Karol Zakrzewski,2019-08-24,34.43,107
2014ZAKR01,Karol Zakrzewski,2019-09-28,33.49,108
2014ZAKR01,Karol Zakrzewski,2019-09-28,34.06,109
2014ZAKR01,Karol Zakrzewski,2019-10-05,36.1,110
2014ZAKR01,Karol Zakrzewski,2019-10-05,36.09,111
2014ZAKR01,Karol Zakrzewski,2019-10-05,32.79,112
2014ZAKR01,Karol Zakrzewski,2019-10-11,31.93,113
2014ZAKR01,Karol Zakrzewski,2019-10-11,34.21,114
2014ZAKR01,Karol Zakrzewski,2019-10-26,34.11,115
2014ZAKR01,Karol Zakrzewski,2019-10-26,32.91,116
2014ZAKR01,Karol Zakrzewski,2019-11-09,33.48,117
2014ZAKR01,Karol Zakrzewski,2019-11-09,33.37,118
2014ZAKR01,Karol Zakrzewski,2019-11-23,34.6,119
2014ZAKR01,Karol Zakrzewski,2019-11-23,32.35,120
2014ZAKR01,Karol Zakrzewski,2019-12-06,33.75,121
2014ZAKR01,Karol Zakrzewski,2019-12-06,32.69,122
2014ZAKR01,Karol Zakrzewski,2019-12-21,33.2,123
2014ZAKR01,Karol Zakrzewski,2019-12-21,33.21,124
2014ZAKR01,Karol Zakrzewski,2020-01-25,34.7,125
2014ZAKR01,Karol Zakrzewski,2020-01-25,31.5,126
2014ZAKR01,Karol Zakrzewski,2020-08-22,31.86,127
2014ZAKR01,Karol Zakrzewski,2020-08-22,33.06,128
2014ZAKR01,Karol Zakrzewski,2020-09-12,31.77,129
2014ZAKR01,Karol Zakrzewski,2020-09-12,31.98,130
2014ZAKR01,Karol Zakrzewski,2021-07-03,32.77,131
2014ZAKR01,Karol Zakrzewski,2021-07-03,32.8,132
2014ZAKR01,Karol Zakrzewski,2021-07-03,30.7,133
2014ZAKR01,Karol Zakrzewski,2021-07-10,33.03,134
2014ZAKR01,Karol Zakrzewski,2021-07-10,33.8,135
2014ZAKR01,Karol Zakrzewski,2021-07-10,32.17,136
2014ZAKR01,Karol Zakrzewski,2021-07-24,32.52,137
2014ZAKR01,Karol Zakrzewski,2021-07-24,31.16,138
2014ZAKR01,Karol Zakrzewski,2021-07-24,32.59,139
2014ZAKR01,Karol Zakrzewski,2021-08-07,31.04,140
2014ZAKR01,Karol Zakrzewski,2021-08-07,31.07,141
2014ZAKR01,Karol Zakrzewski,2021-08-28,31.23,142
2014ZAKR01,Karol Zakrzewski,2021-08-28,32.36,143
2014ZAKR01,Karol Zakrzewski,2021-09-11,30.36,144
2014ZAKR01,Karol Zakrzewski,2021-09-11,30.19,145
2014ZAKR01,Karol Zakrzewski,2021-09-11,31.82,146
2014ZAKR01,Karol Zakrzewski,2021-09-18,32.81,147
2014ZAKR01,Karol Zakrzewski,2021-09-18,32.72,148
2014ZAKR01,Karol Zakrzewski,2021-10-01,31.26,149
2014ZAKR01,Karol Zakrzewski,2021-10-01,31.67,150
2014ZAKR01,Karol Zakrzewski,2021-11-06,31.75,151
2014ZAKR01,Karol Zakrzewski,2021-11-06,37.04,152
2014ZAKR01,Karol Zakrzewski,2022-04-23,33.12,153
2014ZAKR01,Karol Zakrzewski,2022-05-21,35.04,154
2014ZAKR01,Karol Zakrzewski,2022-05-21,31.53,155
2014ZAKR01,Karol Zakrzewski,2022-06-18,32.9,156
2014ZAKR01,Karol Zakrzewski,2022-06-18,34.43,157
2014ZAKR01,Karol Zakrzewski,2022-07-02,29.92,158
2014ZAKR01,Karol Zakrzewski,2022-07-02,32.37,159
2014ZAKR01,Karol Zakrzewski,2022-07-08,32.04,160
2014ZAKR01,Karol Zakrzewski,2022-07-08,31.93,161
2014ZAKR01,Karol Zakrzewski,2022-07-14,31.57,162
2014ZAKR01,Karol Zakrzewski,2022-07-14,33.49,163
2014ZAKR01,Karol Zakrzewski,2022-07-30,33.82,164
2014ZAKR01,Karol Zakrzewski,2022-07-30,31.27,165
2014ZAKR01,Karol Zakrzewski,2022-08-06,33.11,166
2014ZAKR01,Karol Zakrzewski,2022-08-06,34.57,167
2014ZAKR01,Karol Zakrzewski,2022-08-06,33.96,168
2014ZAKR01,Karol Zakrzewski,2022-08-27,30.81,169
2014ZAKR01,Karol Zakrzewski,2022-08-27,37.36,170
2014ZAKR01,Karol Zakrzewski,2022-09-17,32.68,171
2014ZAKR01,Karol Zakrzewski,2022-09-17,34.83,172
2014ZAKR01,Karol Zakrzewski,2022-09-24,32.5,173
2014ZAKR01,Karol Zakrzewski,2022-09-24,32.15,174
2014ZAKR01,Karol Zakrzewski,2022-10-01,32.24,175
2014ZAKR01,Karol Zakrzewski,2022-10-01,30.93,176
2014ZAKR01,Karol Zakrzewski,2022-10-15,31.34,177
2014ZAKR01,Karol Zakrzewski,2022-10-15,31.93,178
2014ZAKR01,Karol Zakrzewski,2022-10-22,32.23,179
2014ZAKR01,Karol Zakrzewski,2022-10-22,31.81,180
2014ZAKR01,Karol Zakrzewski,2022-10-22,30.44,181
2014ZAKR01,Karol Zakrzewski,2022-11-05,32.77,182
2014ZAKR01,Karol Zakrzewski,2022-11-05,31.49,183
2014ZAKR01,Karol Zakrzewski,2022-11-12,32.2,184
2014ZAKR01,Karol Zakrzewski,2022-11-12,30.06,185
2014ZAKR01,Karol Zakrzewski,2022-11-19,32.14,186
2014ZAKR01,Karol Zakrzewski,2022-11-19,31.67,187
2014ZAKR01,Karol Zakrzewski,2022-11-26,32.28,188
2014ZAKR01,Karol Zakrzewski,2022-11-26,28.91,189
2014ZAKR01,Karol Zakrzewski,2022-12-10,31.42,190
2014ZAKR01,Karol Zakrzewski,2022-12-10,34.04,191
2014ZAKR01,Karol Zakrzewski,2022-12-17,31.83,192
2014ZAKR01,Karol Zakrzewski,2022-12-17,31.19,193
2014ZAKR01,Karol Zakrzewski,2023-01-07,34.52,194
2014ZAKR01,Karol Zakrzewski,2023-01-07,31.84,195
2014ZAKR01,Karol Zakrzewski,2023-02-04,32.78,196
2014ZAKR01,Karol Zakrzewski,2023-02-04,31.57,197
2014ZAKR01,Karol Zakrzewski,2023-02-18,31.66,198
2014ZAKR01,Karol Zakrzewski,2023-02-18,29.4,199
2014ZAKR01,Karol Zakrzewski,2023-02-18,32.65,200
2014ZAKR01,Karol Zakrzewski,2023-02-25,31.82,201
2014ZAKR01,Karol Zakrzewski,2023-02-25,31.57,202
2014ZAKR01,Karol Zakrzewski,2023-03-04,32.68,203
2014ZAKR01,Karol Zakrzewski,2023-03-04,30.04,204
2014ZAKR01,Karol Zakrzewski,2023-03-18,33.15,205
2014ZAKR01,Karol Zakrzewski,2023-03-18,33.26,206
2014ZAKR01,Karol Zakrzewski,2023-04-01,29.92,207
2014ZAKR01,Karol Zakrzewski,2023-04-01,30.9,208
2014ZAKR01,Karol Zakrzewski,2023-04-15,31.93,209
2014ZAKR01,Karol Zakrzewski,2023-05-27,33.24,210
2014ZAKR01,Karol Zakrzewski,2023-05-27,36.25,211
2014ZAKR01,Karol Zakrzewski,2023-06-03,32.68,212
2014ZAKR01,Karol Zakrzewski,2023-06-03,33.63,213
2014ZAKR01,Karol Zakrzewski,2023-06-10,29.86,214
2014ZAKR01,Karol Zakrzewski,2023-06-10,32.95,215
2014ZAKR01,Karol Zakrzewski,2023-06-30,33.53,216
2014ZAKR01,Karol Zakrzewski,2023-06-30,33.64,217
2014ZAKR01,Karol Zakrzewski,2023-06-30,33.18,218
2014ZAKR01,Karol Zakrzewski,2023-07-08,32.95,219
2014ZAKR01,Karol Zakrzewski,2023-07-08,30.37,220
2014ZAKR01,Karol Zakrzewski,2023-07-28,34.3,221
2014ZAKR01,Karol Zakrzewski,2023-07-28,36.13,222
2014ZAKR01,Karol Zakrzewski,2023-08-12,32.93,223
2014ZAKR01,Karol Zakrzewski,2023-08-12,35.48,224
2014ZAKR01,Karol Zakrzewski,2023-08-19,31.59,225
2014ZAKR01,Karol Zakrzewski,2023-08-19,34.53,226
2014ZAKR01,Karol Zakrzewski,2023-09-02,31.48,227
2014ZAKR01,Karol Zakrzewski,2023-09-02,34.07,228
2014ZAKR01,Karol Zakrzewski,2023-09-03,34.94,229
2014ZAKR01,Karol Zakrzewski,2023-09-03,32.9,230
2014ZAKR01,Karol Zakrzewski,2023-09-09,38.65,231
2014ZAKR01,Karol Zakrzewski,2023-09-16,32.41,232
2014ZAKR01,Karol Zakrzewski,2023-09-16,32.93,233
2014ZAKR01,Karol Zakrzewski,2023-10-06,34.73,234
2014ZAKR01,Karol Zakrzewski,2023-10-06,32.08,235
2014ZAKR01,Karol Zakrzewski,2023-10-06,30.29,236
2014ZAKR01,Karol Zakrzewski,2023-10-14,34.01,237
2014ZAKR01,Karol Zakrzewski,2023-10-14,34.61,238
2014ZAKR01,Karol Zakrzewski,2023-11-11,34.19,239
2014ZAKR01,Karol Zakrzewski,2023-12-09,33.33,240
2014ZAKR01,Karol Zakrzewski,2023-12-09,31.93,241
2014ZAKR01,Karol Zakrzewski,2023-12-16,31.39,242
2014ZAKR01,Karol Zakrzewski,2023-12-16,29.91,243
2014ZAKR01,Karol Zakrzewski,2023-12-30,29.98,244
2014ZAKR01,Karol Zakrzewski,2023-12-30,33.43,245
2014ZAKR01,Karol Zakrzewski,2024-01-13,33.01,246
2014ZAKR01,Karol Zakrzewski,2024-01-20,33.53,247
2014ZAKR01,Karol Zakrzewski,2024-01-20,32.42,248
2014ZAKR01,Karol Zakrzewski,2024-02-03,34.28,249
2014ZAKR01,Karol Zakrzewski,2024-02-10,36.03,250
2014ZAKR01,Karol Zakrzewski,2024-02-10,32.51,251
2014ZAKR01,Karol Zakrzewski,2024-03-02,32.09,252
2014ZAKR01,Karol Zakrzewski,2024-03-02,34.18,253
2014ZAKR01,Karol Zakrzewski,2024-03-16,33.01,254
2014ZAKR01,Karol Zakrzewski,2024-03-16,31.0,255
2014ZAKR01,Karol Zakrzewski,2024-03-23,35.43,256
2014ZAKR01,Karol Zakrzewski,2024-03-23,30.8,257
2014ZAKR01,Karol Zakrzewski,2024-04-06,32.24,258
2014ZAKR01,Karol Zakrzewski,2024-04-13,34.24,259
2014ZAKR01,Karol Zakrzewski,2024-04-20,30.64,260
2014ZAKR01,Karol Zakrzewski,2024-04-20,32.59,261
2014ZAKR01,Karol Zakrzewski,2024-05-11,34.09,262
2014ZAKR01,Karol Zakrzewski,2024-05-11,32.91,263
2014ZAKR01,Karol Zakrzewski,2024-05-17,34.79,264
2014ZAKR01,Karol Zakrzewski,2024-05-17,28.77,265
2014ZAKR01,Karol Zakrzewski,2024-05-31,33.55,266
2014ZAKR01,Karol Zakrzewski,2024-05-31,31.03,267
2014ZAKR01,Karol Zakrzewski,2024-05-31,33.16,268
2014ZAKR01,Karol Zakrzewski,2024-06-08,29.55,269
2014ZAKR01,Karol Zakrzewski,2024-06-15,33.88,270
2014ZAKR01,Karol Zakrzewski,2024-06-15,33.75,271
2014ZAKR01,Karol Zakrzewski,2024-06-22,33.01,272
2014ZAKR01,Karol Zakrzewski,2024-06-22,33.51,273
2014ZAKR01,Karol Zakrzewski,2024-07-06,31.98,274
2014ZAKR01,Karol Zakrzewski,2024-07-13,30.86,275
2014ZAKR01,Karol Zakrzewski,2024-07-27,32.59,276
2014ZAKR01,Karol Zakrzewski,2024-08-03,32.17,277
2014ZAKR01,Karol Zakrzewski,2024-08-03,31.7,278
2014ZAKR01,Karol Zakrzewski,2024-08-10,30.82,279
2014ZAKR01,Karol Zakrzewski,2024-08-10,32.48,280
2014ZAKR01,Karol Zakrzewski,2024-08-10,32.5,281
2014ZAKR01,Karol Zakrzewski,2024-08-24,32.35,282
2014ZAKR01,Karol Zakrzewski,2024-09-14,31.8,283
2014ZAKR01,Karol Zakrzewski,2024-09-14,35.06,284
2014ZAKR01,Karol Zakrzewski,2024-09-21,30.3,285
2014ZAKR01,Karol Zakrzewski,2024-09-21,34.86,286
2014ZAKR01,Karol Zakrzewski,2024-09-28,34.95,287
2014ZAKR01,Karol Zakrzewski,2024-10-12,34.97,288
2014ZAKR01,Karol Zakrzewski,2024-10-12,32.56,289
2014ZAKR01,Karol Zakrzewski,2024-11-07,33.31,290
2014ZAKR01,Karol Zakrzewski,2024-11-07,31.32,291
2014ZAKR01,Karol Zakrzewski,2024-11-16,33.34,292
2014ZAKR01,Karol Zakrzewski,2024-11-16,32.2,293
2014ZAKR01,Karol Zakrzewski,2024-11-23,31.37,294
2014ZAKR01,Karol Zakrzewski,2024-11-23,31.27,295
2014ZAKR01,Karol Zakrzewski,2024-12-07,33.53,296
2014ZAKR01,Karol Zakrzewski,2024-12-07,32.26,297
2014ZAKR01,Karol Zakrzewski,2024-12-14,32.72,298
2014ZAKR01,Karol Zakrzewski,2025-01-11,33.67,299
2014ZAKR01,Karol Zakrzewski,2025-01-11,33.2,300
2014ZAKR01,Karol Zakrzewski,2025-01-25,34.18,301
2014ZAKR01,Karol Zakrzewski,2025-01-25,33.21,302
2014ZAKR01,Karol Zakrzewski,2025-02-01,32.4,303
2014ZAKR01,Karol Zakrzewski,2025-02-08,32.6,304
2014ZAKR01,Karol Zakrzewski,2025-02-08,32.12,305
2014ZAKR01,Karol Zakrzewski,2025-02-15,33.4,306
2014ZAKR01,Karol Zakrzewski,2025-02-15,33.47,307
2014ZAKR01,Karol Zakrzewski,2025-02-16,32.13,308
2014ZAKR01,Karol Zakrzewski,2025-02-16,34.06,309
2014ZAKR01,Karol Zakrzewski,2025-02-21,32.38,310
2014ZAKR01,Karol Zakrzewski,2025-03-08,33.68,311
2014ZAKR01,Karol Zakrzewski,2025-03-15,31.78,312
2014ZAKR01,Karol Zakrzewski,2025-03-15,30.99,313
2014ZAKR01,Karol Zakrzewski,2025-04-05,33.49,314
2014ZAKR01,Karol Zakrzewski,2025-04-05,30.84,315
2014ZAKR01,Karol Zakrzewski,2025-04-26,32.11,316
2014ZAKR01,Karol Zakrzewski,2025-04-26,33.54,317
2014ZAKR01,Karol Zakrzewski,2025-05-10,31.6,318
2014ZAKR01,Karol Zakrzewski,2025-05-17,34.26,319
2014ZAKR01,Karol Zakrzewski,2025-06-07,34.13,320
2014ZAKR01,Karol Zakrzewski,2025-06-07,31.97,321
2014ZAKR01,Karol Zakrzewski,2025-06-07,31.83,322
2014ZAKR01,Karol Zakrzewski,2025-06-21,33.12,323
2014ZAKR01,Karol Zakrzewski,2025-06-28,33.29,324
2014ZAKR01,Karol Zakrzewski,2025-07-04,31.38,325
2014ZAKR01,Karol Zakrzewski,2025-07-04,33.45,326
2014ZAKR01,Karol Zakrzewski,2025-07-11,33.43,327
2014ZAKR01,Karol Zakrzewski,2025-07-11,30.04,328
2014ZAKR01,Karol Zakrzewski,2025-07-19,35.03,329
2014ZAKR01,Karol Zakrzewski,2025-07-19,32.73,330
2014ZAKR01,Karol Zakrzewski,2025-07-26,32.45,331
2014ZAKR01,Karol Zakrzewski,2025-08-02,33.43,332
2014ZAKR01,Karol Zakrzewski,2025-08-02,33.71,333
2014ZAKR01,Karol Zakrzewski,2025-08-02,33.33,334
2014ZAKR01,Karol Zakrzewski,2025-08-09,32.1,335
2014ZAKR01,Karol Zakrzewski,2025-08-09,33.09,336
2014ZAKR01,Karol Zakrzewski,2025-08-09,31.39,337
2014ZAKR01,Karol Zakrzewski,2025-08-16,32.87,338
2014ZAKR01,Karol Zakrzewski,2025-08-16,34.26,339
2014ZAKR01,Karol Zakrzewski,2025-08-16,32.35,340
2014ZAKR01,Karol Zakrzewski,2025-08-23,31.89,341
2014ZAKR01,Karol Zakrzewski,2025-08-23,32.25,342
2014ZAKR01,Karol Zakrzewski,2025-08-30,32.25,343
2014ZAKR01,Karol Zakrzewski,2025-09-05,33.15,344
2014ZAKR01,Karol Zakrzewski,2025-09-13,31.72,345
2014ZAKR01,Karol Zakrzewski,2025-09-13,30.13,346
2014ZAKR01,Karol Zakrzewski,2025-09-20,34.25,347
2014ZAKR01,Karol Zakrzewski,2025-09-20,32.01,348
2014ZAKR01,Karol Zakrzewski,2025-09-20,33.24,349
2014ZAKR01,Karol Zakrzewski,2025-09-27,34.69,350
2014ZAKR01,Karol Zakrzewski,2025-10-04,32.4,351
2014ZAKR01,Karol Zakrzewski,2025-10-04,31.6,352
2014ZAKR01,Karol Zakrzewski,2025-10-12,34.24,353
2014ZAKR01,Karol Zakrzewski,2025-10-12,32.45,354
2014ZAKR01,Karol Zakrzewski,2025-10-18,33.09,355
2014ZAKR01,Karol Zakrzewski,2025-10-18,32.33,356
2014ZAKR01,Karol Zakrzewski,2025-10-18,33.07,357
2014ZAKR01,Karol Zakrzewski,2025-10-25,35.16,358
2014ZAKR01,Karol Zakrzewski,2025-10-25,32.26,359
2014ZAKR01,Karol Zakrzewski,2025-11-13,32.81,360
2014ZAKR01,Karol Zakrzewski,2025-11-22,33.77,361
2014ZAKR01,Karol Zakrzewski,2025-11-22,31.55,362
2014ZAKR01,Karol Zakrzewski,2025-11-29,32.02,363
2014ZAKR01,Karol Zakrzewski,2025-11-29,31.63,364
2014ZAKR01,Karol Zakrzewski,2025-12-06,32.82,365
2014ZAKR01,Karol Zakrzewski,2025-12-13,33.95,366
2014ZAKR01,Karol Zakrzewski,2025-12-20,30.53,367
2014ZAKR01,Karol Zakrzewski,2025-12-20,33.08,368
2014ZAKR01,Karol Zakrzewski,2026-01-02,33.99,369
2014ZAKR01,Karol Zakrzewski,2026-01-02,31.21,370
2014ZAKR01,Karol Zakrzewski,2026-01-10,32.52,371
2014ZAKR01,Karol Zakrzewski,2026-01-24,33.66,372
2014ZAKR01,Karol Zakrzewski,2026-01-24,31.01,373
2014ZAKR01,Karol Zakrzewski,2026-01-31,30.75,374
2014ZAKR01,Karol Zakrzewski,2026-02-07,30.09,375
2014ZAKR01,Karol Zakrzewski,2026-02-07,33.05,376
2014ZAKR01,Karol Zakrzewski,2026-02-07,30.44,377
2014ZAKR01,Karol Zakrzewski,2026-02-14,32.08,378
2014ZAKR01,Karol Zakrzewski,2026-02-14,31.57,379
2014ZAKR01,Karol Zakrzewski,2026-02-21,30.54,380
2014ZAKR01,Karol Zakrzewski,2026-03-07,31.87,381
2014ZAKR01,Karol Zakrzewski,2026-03-07,32.96,382
2014ZAKR01,Karol Zakrzewski,2026-03-28,31.48,383
2014ZAKR01,Karol Zakrzewski,2026-03-28,34.01,384
2014ZAKR01,Karol Zakrzewski,2026-04-11,30.88,385
2014ZAKR01,Karol Zakrzewski,2026-04-11,32.65,386
2014ZAKR01,Karol Zakrzewski,2026-04-18,32.55,387
2014ZAKR01,Karol Zakrzewski,2026-04-18,29.75,388
2014ZAKR01,Karol Zakrzewski,2026-05-01,33.84,389
2014ZAKR01,Karol Zakrzewski,2026-05-01,33.02,390
2014ZAKR01,Karol Zakrzewski,2026-05-01,32.74,391
2016KOLA02,Tymon Kolasiński,2016-12-17,75.92,1
2016KOLA02,Tymon Kolasiński,2017-05-06,63.76,2
2016KOLA02,Tymon Kolasiński,2017-05-27,100.09,3
2016KOLA02,Tymon Kolasiński,2017-06-10,64.86,4
2016KOLA02,Tymon Kolasiński,2017-06-24,65.52,5
2016KOLA02,Tymon Kolasiński,2017-07-29,59.52,6
2016KOLA02,Tymon Kolasiński,2017-08-05,51.16,7
2016KOLA02,Tymon Kolasiński,2017-09-15,47.15,8
2016KOLA02,Tymon Kolasiński,2017-10-14,51.81,9
2016KOLA02,Tymon Kolasiński,2017-10-21,50.6,10
2016KOLA02,Tymon Kolasiński,2017-11-17,46.08,11
2016KOLA02,Tymon Kolasiński,2017-12-16,43.06,12
2016KOLA02,Tymon Kolasiński,2017-12-16,45.75,13
2016KOLA02,Tymon Kolasiński,2018-02-10,36.48,14
2016KOLA02,Tymon Kolasiński,2018-02-17,38.26,15
2016KOLA02,Tymon Kolasiński,2018-02-24,35.37,16
2016KOLA02,Tymon Kolasiński,2018-02-24,42.48,17
2016KOLA02,Tymon Kolasiński,2018-03-03,39.75,18
2016KOLA02,Tymon Kolasiński,2018-03-03,39.56,19
2016KOLA02,Tymon Kolasiński,2018-03-17,38.97,20
2016KOLA02,Tymon Kolasiński,2018-04-21,35.07,21
2016KOLA02,Tymon Kolasiński,2018-05-26,36.03,22
2016KOLA02,Tymon Kolasiński,2018-05-27,35.25,23
2016KOLA02,Tymon Kolasiński,2018-05-27,35.17,24
2016KOLA02,Tymon Kolasiński,2018-06-10,35.28,25
2016KOLA02,Tymon Kolasiński,2018-06-10,37.11,26
2016KOLA02,Tymon Kolasiński,2018-06-16,34.43,27
2016KOLA02,Tymon Kolasiński,2018-06-23,37.07,28
2016KOLA02,Tymon Kolasiński,2018-06-23,33.35,29
2016KOLA02,Tymon Kolasiński,2018-06-30,35.99,30
2016KOLA02,Tymon Kolasiński,2018-07-07,35.79,31
2016KOLA02,Tymon Kolasiński,2018-07-07,33.57,32
2016KOLA02,Tymon Kolasiński,2018-07-07,39.2,33
2016KOLA02,Tymon Kolasiński,2018-07-19,34.36,34
2016KOLA02,Tymon Kolasiński,2018-07-19,33.25,35
2016KOLA02,Tymon Kolasiński,2018-08-04,32.79,36
2016KOLA02,Tymon Kolasiński,2018-08-04,31.74,37
2016KOLA02,Tymon Kolasiński,2018-08-04,32.89,38
2016KOLA02,Tymon Kolasiński,2018-09-15,30.54,39
2016KOLA02,Tymon Kolasiński,2018-09-15,31.56,40
2016KOLA02,Tymon Kolasiński,2018-10-06,38.47,41
2016KOLA02,Tymon Kolasiński,2018-10-06,33.77,42
2016KOLA02,Tymon Kolasiński,2018-10-26,33.57,43
2016KOLA02,Tymon Kolasiński,2018-10-26,31.63,44
2016KOLA02,Tymon Kolasiński,2018-11-17,32.82,45
2016KOLA02,Tymon Kolasiński,2018-11-17,30.86,46
2016KOLA02,Tymon Kolasiński,2018-12-08,31.54,47
2016KOLA02,Tymon Kolasiński,2018-12-08,30.39,48
2016KOLA02,Tymon Kolasiński,2019-01-12,34.4,49
2016KOLA02,Tymon Kolasiński,2019-01-12,31.46,50
2016KOLA02,Tymon Kolasiński,2019-02-02,30.53,51
2016KOLA02,Tymon Kolasiński,2019-02-02,31.39,52
2016KOLA02,Tymon Kolasiński,2019-02-23,31.77,53
2016KOLA02,Tymon Kolasiński,2019-02-23,34.13,54
2016KOLA02,Tymon Kolasiński,2019-03-16,32.16,55
2016KOLA02,Tymon Kolasiński,2019-03-16,31.62,56
2016KOLA02,Tymon Kolasiński,2019-04-06,31.23,57
2016KOLA02,Tymon Kolasiński,2019-04-06,30.42,58
2016KOLA02,Tymon Kolasiński,2019-04-13,28.5,59
2016KOLA02,Tymon Kolasiński,2019-04-13,31.3,60
2016KOLA02,Tymon Kolasiński,2019-04-13,32.01,61
2016KOLA02,Tymon Kolasiński,2019-05-26,32.24,62
2016KOLA02,Tymon Kolasiński,2019-05-26,31.84,63
2016KOLA02,Tymon Kolasiński,2019-06-22,29.74,64
2016KOLA02,Tymon Kolasiński,2019-06-22,30.23,65
2016KOLA02,Tymon Kolasiński,2019-07-06,31.68,66
2016KOLA02,Tymon Kolasiński,2019-07-11,29.41,67
2016KOLA02,Tymon Kolasiński,2019-07-11,30.55,68
2016KOLA02,Tymon Kolasiński,2019-07-11,28.65,69
2016KOLA02,Tymon Kolasiński,2019-08-31,26.47,70
2016KOLA02,Tymon Kolasiński,2019-08-31,29.62,71
2016KOLA02,Tymon Kolasiński,2019-09-13,32.29,72
2016KOLA02,Tymon Kolasiński,2019-09-13,31.28,73
2016KOLA02,Tymon Kolasiński,2019-09-13,28.33,74
2016KOLA02,Tymon Kolasiński,2019-10-11,25.18,75
2016KOLA02,Tymon Kolasiński,2019-10-11,25.6,76
2016KOLA02,Tymon Kolasiński,2019-11-09,28.67,77
2016KOLA02,Tymon Kolasiński,2019-11-09,27.87,78
2016KOLA02,Tymon Kolasiński,2019-11-23,26.66,79
2016KOLA02,Tymon Kolasiński,2019-11-23,28.47,80
2016KOLA02,Tymon Kolasiński,2019-12-21,27.92,81
2016KOLA02,Tymon Kolasiński,2019-12-21,28.13,82
2016KOLA02,Tymon Kolasiński,2020-01-18,27.12,83
2016KOLA02,Tymon Kolasiński,2020-01-18,27.65,84
2016KOLA02,Tymon Kolasiński,2020-02-29,25.92,85
2016KOLA02,Tymon Kolasiński,2020-02-29,27.58,86
2016KOLA02,Tymon Kolasiński,2020-08-22,25.14,87
2016KOLA02,Tymon Kolasiński,2020-08-22,24.68,88
2016KOLA02,Tymon Kolasiński,2021-07-03,24.67,89
2016KOLA02,Tymon Kolasiński,2021-07-03,25.21,90
2016KOLA02,Tymon Kolasiński,2021-07-03,23.1,91
2016KOLA02,Tymon Kolasiński,2021-07-10,22.31,92
2016KOLA02,Tymon Kolasiński,2021-07-10,24.33,93
2016KOLA02,Tymon Kolasiński,2021-07-10,22.68,94
2016KOLA02,Tymon Kolasiński,2021-07-24,23.73,95
2016KOLA02,Tymon Kolasiński,2021-07-24,23.68,96
2016KOLA02,Tymon Kolasiński,2021-07-24,23.05,97
2016KOLA02,Tymon Kolasiński,2021-08-07,23.93,98
2016KOLA02,Tymon Kolasiński,2021-08-07,24.38,99
2016KOLA02,Tymon Kolasiński,2021-08-28,25.52,100
2016KOLA02,Tymon Kolasiński,2021-08-28,23.15,101
2016KOLA02,Tymon Kolasiński,2021-09-04,25.32,102
2016KOLA02,Tymon Kolasiński,2021-09-04,24.04,103
2016KOLA02,Tymon Kolasiński,2021-09-04,24.61,104
2016KOLA02,Tymon Kolasiński,2021-09-11,25.79,105
2016KOLA02,Tymon Kolasiński,2021-09-11,27.26,106
2016KOLA02,Tymon Kolasiński,2021-09-11,22.0,107
2016KOLA02,Tymon Kolasiński,2021-09-18,24.1,108
2016KOLA02,Tymon Kolasiński,2021-09-18,23.7,109
2016KOLA02,Tymon Kolasiński,2021-10-01,23.26,110
2016KOLA02,Tymon Kolasiński,2021-10-01,24.49,111
2016KOLA02,Tymon Kolasiński,2021-11-06,25.06,112
2016KOLA02,Tymon Kolasiński,2021-11-06,23.55,113
2016KOLA02,Tymon Kolasiński,2021-11-06,24.17,114
2016KOLA02,Tymon Kolasiński,2021-12-18,25.39,115
2016KOLA02,Tymon Kolasiński,2021-12-18,23.82,116
2016KOLA02,Tymon Kolasiński,2021-12-31,25.37,117
2016KOLA02,Tymon Kolasiński,2022-02-06,24.24,118
2016KOLA02,Tymon Kolasiński,2022-02-26,25.94,119
2016KOLA02,Tymon Kolasiński,2022-02-26,25.01,120
2016KOLA02,Tymon Kolasiński,2022-03-26,23.82,121
2016KOLA02,Tymon Kolasiński,2022-03-26,24.72,122
2016KOLA02,Tymon Kolasiński,2022-04-09,23.31,123
2016KOLA02,Tymon Kolasiński,2022-04-09,24.72,124
2016KOLA02,Tymon Kolasiński,2022-04-23,23.15,125
2016KOLA02,Tymon Kolasiński,2022-04-23,22.21,126
2016KOLA02,Tymon Kolasiński,2022-05-21,23.6,127
2016KOLA02,Tymon Kolasiński,2022-05-21,23.68,128
2016KOLA02,Tymon Kolasiński,2022-05-28,26.97,129
2016KOLA02,Tymon Kolasiński,2022-05-28,24.65,130
2016KOLA02,Tymon Kolasiński,2022-06-18,24.56,131
2016KOLA02,Tymon Kolasiński,2022-06-18,24.69,132
2016KOLA02,Tymon Kolasiński,2022-07-08,22.89,133
2016KOLA02,Tymon Kolasiński,2022-07-08,23.24,134
2016KOLA02,Tymon Kolasiński,2022-07-14,24.82,135
2016KOLA02,Tymon Kolasiński,2022-07-14,23.65,136
2016KOLA02,Tymon Kolasiński,2022-07-14,24.76,137
2016KOLA02,Tymon Kolasiński,2022-07-30,22.37,138
2016KOLA02,Tymon Kolasiński,2022-07-30,22.95,139
2016KOLA02,Tymon Kolasiński,2022-09-02,22.03,140
2016KOLA02,Tymon Kolasiński,2022-09-02,24.16,141
2016KOLA02,Tymon Kolasiński,2022-10-28,26.2,142
2016KOLA02,Tymon Kolasiński,2022-10-28,24.38,143
2016KOLA02,Tymon Kolasiński,2022-10-28,23.5,144
2016KOLA02,Tymon Kolasiński,2022-11-04,23.97,145
2016KOLA02,Tymon Kolasiński,2022-11-04,22.77,146
2016KOLA02,Tymon Kolasiński,2022-12-03,23.82,147
2016KOLA02,Tymon Kolasiński,2023-01-13,24.89,148
2016KOLA02,Tymon Kolasiński,2023-01-13,23.87,149
2016KOLA02,Tymon Kolasiński,2023-01-13,24.03,150
2016KOLA02,Tymon Kolasiński,2023-02-18,21.71,151
2016KOLA02,Tymon Kolasiński,2023-02-18,22.3,152
2016KOLA02,Tymon Kolasiński,2023-02-18,23.41,153
2016KOLA02,Tymon Kolasiński,2023-02-24,22.93,154
2016KOLA02,Tymon Kolasiński,2023-02-24,23.24,155
2016KOLA02,Tymon Kolasiński,2023-02-24,23.2,156
2016KOLA02,Tymon Kolasiński,2023-03-04,23.55,157
2016KOLA02,Tymon Kolasiński,2023-03-04,23.64,158
2016KOLA02,Tymon Kolasiński,2023-04-09,23.53,159
2016KOLA02,Tymon Kolasiński,2023-04-09,24.15,160
2016KOLA02,Tymon Kolasiński,2023-04-15,22.15,161
2016KOLA02,Tymon Kolasiński,2023-04-15,23.08,162
2016KOLA02,Tymon Kolasiński,2023-06-03,23.23,163
2016KOLA02,Tymon Kolasiński,2023-06-03,21.93,164
2016KOLA02,Tymon Kolasiński,2023-06-23,23.71,165
2016KOLA02,Tymon Kolasiński,2023-06-23,22.61,166
2016KOLA02,Tymon Kolasiński,2023-07-07,22.44,167
2016KOLA02,Tymon Kolasiński,2023-07-07,24.1,168
2016KOLA02,Tymon Kolasiński,2023-07-07,23.15,169
2016KOLA02,Tymon Kolasiński,2023-07-22,22.27,170
2016KOLA02,Tymon Kolasiński,2023-07-22,22.92,171
2016KOLA02,Tymon Kolasiński,2023-08-12,25.29,172
2016KOLA02,Tymon Kolasiński,2023-08-12,21.65,173
2016KOLA02,Tymon Kolasiński,2023-08-12,22.11,174
2016KOLA02,Tymon Kolasiński,2023-09-01,23.47,175
2016KOLA02,Tymon Kolasiński,2023-09-01,21.47,176
2016KOLA02,Tymon Kolasiński,2023-09-01,22.19,177
2016KOLA02,Tymon Kolasiński,2023-09-08,24.06,178
2016KOLA02,Tymon Kolasiński,2023-09-08,23.95,179
2016KOLA02,Tymon Kolasiński,2023-09-23,24.54,180
2016KOLA02,Tymon Kolasiński,2023-09-30,25.45,181
2016KOLA02,Tymon Kolasiński,2023-09-30,22.4,182
2016KOLA02,Tymon Kolasiński,2023-10-06,23.27,183
2016KOLA02,Tymon Kolasiński,2023-10-06,23.83,184
2016KOLA02,Tymon Kolasiński,2023-10-06,22.3,185
2016KOLA02,Tymon Kolasiński,2023-10-20,25.96,186
2016KOLA02,Tymon Kolasiński,2023-10-20,26.43,187
2016KOLA02,Tymon Kolasiński,2023-10-20,25.0,188
2016KOLA02,Tymon Kolasiński,2023-11-04,24.4,189
2016KOLA02,Tymon Kolasiński,2023-11-04,23.05,190
2016KOLA02,Tymon Kolasiński,2023-12-08,22.55,191
2016KOLA02,Tymon Kolasiński,2023-12-08,23.55,192
2016KOLA02,Tymon Kolasiński,2023-12-08,25.72,193
2016KOLA02,Tymon Kolasiński,2024-01-06,23.31,194
2016KOLA02,Tymon Kolasiński,2024-01-06,24.36,195
2016KOLA02,Tymon Kolasiński,2024-01-13,22.75,196
2016KOLA02,Tymon Kolasiński,2024-01-19,23.01,197
2016KOLA02,Tymon Kolasiński,2024-01-19,21.74,198
2016KOLA02,Tymon Kolasiński,2024-02-23,21.5,199
2016KOLA02,Tymon Kolasiński,2024-02-23,24.02,200
2016KOLA02,Tymon Kolasiński,2024-02-23,24.15,201
2016KOLA02,Tymon Kolasiński,2024-03-02,22.16,202
2016KOLA02,Tymon Kolasiński,2024-05-11,24.87,203
2016KOLA02,Tymon Kolasiński,2024-05-11,22.33,204
2016KOLA02,Tymon Kolasiński,2024-05-11,23.89,205
2016KOLA02,Tymon Kolasiński,2024-05-18,21.5,206
2016KOLA02,Tymon Kolasiński,2024-05-18,22.88,207
2016KOLA02,Tymon Kolasiński,2024-05-25,22.59,208
2016KOLA02,Tymon Kolasiński,2024-05-25,21.63,209
2016KOLA02,Tymon Kolasiński,2024-06-09,21.64,210
2016KOLA02,Tymon Kolasiński,2024-06-09,21.51,211
2016KOLA02,Tymon Kolasiński,2024-06-21,22.31,212
2016KOLA02,Tymon Kolasiński,2024-06-21,22.08,213
2016KOLA02,Tymon Kolasiński,2024-06-21,23.16,214
2016KOLA02,Tymon Kolasiński,2024-07-18,23.57,215
2016KOLA02,Tymon Kolasiński,2024-07-18,21.57,216
2016KOLA02,Tymon Kolasiński,2024-07-18,19.83,217
2016KOLA02,Tymon Kolasiński,2024-07-25,21.41,218
2016KOLA02,Tymon Kolasiński,2024-07-25,23.77,219
2016KOLA02,Tymon Kolasiński,2024-07-25,22.28,220
2016KOLA02,Tymon Kolasiński,2024-08-31,25.41,221
2016KOLA02,Tymon Kolasiński,2024-08-31,21.32,222
2016KOLA02,Tymon Kolasiński,2024-09-21,23.55,223
2016KOLA02,Tymon Kolasiński,2024-09-21,24.42,224
2016KOLA02,Tymon Kolasiński,2024-09-28,23.43,225
2016KOLA02,Tymon Kolasiński,2024-09-28,21.76,226
2016KOLA02,Tymon Kolasiński,2024-10-04,23.77,227
2016KOLA02,Tymon Kolasiński,2024-10-04,21.8,228
2016KOLA02,Tymon Kolasiński,2024-11-01,21.8,229
2016KOLA02,Tymon Kolasiński,2024-11-01,23.96,230
2016KOLA02,Tymon Kolasiński,2024-11-01,21.71,231
2016KOLA02,Tymon Kolasiński,2024-11-07,21.97,232
2016KOLA02,Tymon Kolasiński,2024-11-07,22.03,233
2016KOLA02,Tymon Kolasiński,2024-12-07,20.07,234
2016KOLA02,Tymon Kolasiński,2024-12-07,19.74,235
2016KOLA02,Tymon Kolasiński,2024-12-14,21.59,236
2016KOLA02,Tymon Kolasiński,2024-12-14,22.38,237
2016KOLA02,Tymon Kolasiński,2025-01-25,23.34,238
2016KOLA02,Tymon Kolasiński,2025-01-25,21.23,239
2016KOLA02,Tymon Kolasiński,2025-02-08,21.85,240
2016KOLA02,Tymon Kolasiński,2025-02-08,24.33,241
2016KOLA02,Tymon Kolasiński,2025-02-08,19.17,242
2016KOLA02,Tymon Kolasiński,2025-02-15,22.69,243
2016KOLA02,Tymon Kolasiński,2025-02-15,22.27,244
2016KOLA02,Tymon Kolasiński,2025-02-15,22.64,245
2016KOLA02,Tymon Kolasiński,2025-03-08,22.21,246
2016KOLA02,Tymon Kolasiński,2025-04-05,25.17,247
2016KOLA02,Tymon Kolasiński,2025-04-05,20.91,248
2016KOLA02,Tymon Kolasiński,2025-05-03,19.59,249
2016KOLA02,Tymon Kolasiński,2025-05-03,20.44,250
2016KOLA02,Tymon Kolasiński,2025-05-17,23.14,251
2016KOLA02,Tymon Kolasiński,2025-05-17,22.14,252
2016KOLA02,Tymon Kolasiński,2025-06-07,20.93,253
2016KOLA02,Tymon Kolasiński,2025-06-07,22.57,254
2016KOLA02,Tymon Kolasiński,2025-06-20,19.39,255
2016KOLA02,Tymon Kolasiński,2025-06-20,20.24,256
2016KOLA02,Tymon Kolasiński,2025-07-03,19.95,257
2016KOLA02,Tymon Kolasiński,2025-07-03,21.23,258
2016KOLA02,Tymon Kolasiński,2025-07-03,21.38,259
2016KOLA02,Tymon Kolasiński,2025-09-13,25.76,260
2016KOLA02,Tymon Kolasiński,2025-09-13,22.53,261
2016KOLA02,Tymon Kolasiński,2025-09-13,22.61,262
2016KOLA02,Tymon Kolasiński,2025-09-20,18.88,263
2016KOLA02,Tymon Kolasiński,2025-09-20,21.82,264
2016KOLA02,Tymon Kolasiński,2025-09-20,22.98,265
2016KOLA02,Tymon Kolasiński,2025-09-27,19.65,266
2016KOLA02,Tymon Kolasiński,2025-09-27,21.28,267
2016KOLA02,Tymon Kolasiński,2025-10-18,22.1,268
2016KOLA02,Tymon Kolasiński,2025-10-18,21.4,269
2016KOLA02,Tymon Kolasiński,2025-10-18,22.47,270
2016KOLA02,Tymon Kolasiński,2025-10-25,22.89,271
2016KOLA02,Tymon Kolasiński,2025-10-25,20.72,272
2016KOLA02,Tymon Kolasiński,2025-10-25,23.56,273
2016KOLA02,Tymon Kolasiński,2025-11-08,23.36,274
2016KOLA02,Tymon Kolasiński,2025-11-08,20.66,275
2016KOLA02,Tymon Kolasiński,2025-11-13,19.9,276
2016KOLA02,Tymon Kolasiński,2025-11-13,21.63,277
2016KOLA02,Tymon Kolasiński,2025-12-06,20.06,278
2016KOLA02,Tymon Kolasiński,2025-12-06,20.38,279
2016KOLA02,Tymon Kolasiński,2025-12-06,21.53,280
2016KOLA02,Tymon Kolasiński,2026-01-17,22.61,281
2016KOLA02,Tymon Kolasiński,2026-01-17,18.56,282
2016KOLA02,Tymon Kolasiński,2026-01-24,22.08,283
2016KOLA02,Tymon Kolasiński,2026-01-24,22.23,284
2016KOLA02,Tymon Kolasiński,2026-02-21,21.73,285
2016KOLA02,Tymon Kolasiński,2026-02-21,20.11,286
2016KOLA02,Tymon Kolasiński,2026-02-28,22.58,287
2016KOLA02,Tymon Kolasiński,2026-02-28,21.01,288
2016KOLA02,Tymon Kolasiński,2026-03-07,20.21,289
2016KOLA02,Tymon Kolasiński,2026-03-07,20.97,290
2016KOLA02,Tymon Kolasiński,2026-03-14,20.52,291
2016KOLA02,Tymon Kolasiński,2026-03-14,20.45,292
2016KOLA02,Tymon Kolasiński,2026-03-28,23.54,293
2016KOLA02,Tymon Kolasiński,2026-03-28,20.53,294
2016KOLA02,Tymon Kolasiński,2026-04-18,21.38,295
2016KOLA02,Tymon Kolasiński,2026-04-18,23.92,296
2016KOLA02,Tymon Kolasiński,2026-04-25,20.99,297
2016KOLA02,Tymon Kolasiński,2026-04-25,19.14,298
2016KOLA02,Tymon Kolasiński,2026-05-02,20.5,299
2016KOLA02,Tymon Kolasiński,2026-05-02,22.34,300
2016KOLA02,Tymon Kolasiński,2026-05-02,21.8,301
2016KOLA02,Tymon Kolasiński,2026-05-16,21.63,302
2016ROLZ01,Alwin Rölz,2016-08-13,90.34,1
2016ROLZ01,Alwin Rölz,2016-11-26,97.68,2
2016ROLZ01,Alwin Rölz,2016-12-10,87.32,3
2016ROLZ01,Alwin Rölz,2017-01-06,80.99,4
2016ROLZ01,Alwin Rölz,2017-01-06,75.3,5
2016ROLZ01,Alwin Rölz,2017-03-11,67.6,6
2016ROLZ01,Alwin Rölz,2017-03-25,64.26,7
2016ROLZ01,Alwin Rölz,2017-04-01,68.86,8
2016ROLZ01,Alwin Rölz,2017-04-29,54.64,9
2016ROLZ01,Alwin Rölz,2017-06-10,55.77,10
2016ROLZ01,Alwin Rölz,2017-06-10,71.72,11
2016ROLZ01,Alwin Rölz,2017-07-13,49.51,12
2016ROLZ01,Alwin Rölz,2017-07-21,44.77,13
2016ROLZ01,Alwin Rölz,2017-07-21,48.08,14
2016ROLZ01,Alwin Rölz,2017-08-26,45.48,15
2016ROLZ01,Alwin Rölz,2017-08-26,42.31,16
2016ROLZ01,Alwin Rölz,2017-08-26,42.8,17
2016ROLZ01,Alwin Rölz,2017-09-01,41.95,18
2016ROLZ01,Alwin Rölz,2017-09-01,47.4,19
2016ROLZ01,Alwin Rölz,2017-09-16,43.94,20
2016ROLZ01,Alwin Rölz,2017-09-16,47.58,21
2016ROLZ01,Alwin Rölz,2017-10-14,46.17,22
2016ROLZ01,Alwin Rölz,2017-10-14,44.32,23
2016ROLZ01,Alwin Rölz,2017-11-04,43.96,24
2016ROLZ01,Alwin Rölz,2017-11-18,43.95,25
2016ROLZ01,Alwin Rölz,2017-11-18,43.37,26
2016ROLZ01,Alwin Rölz,2017-12-16,38.45,27
2016ROLZ01,Alwin Rölz,2017-12-16,40.91,28
2016ROLZ01,Alwin Rölz,2018-01-05,38.15,29
2016ROLZ01,Alwin Rölz,2018-01-05,43.29,30
2016ROLZ01,Alwin Rölz,2018-01-13,47.64,31
2016ROLZ01,Alwin Rölz,2018-02-10,45.06,32
2016ROLZ01,Alwin Rölz,2018-02-10,43.0,33
2016ROLZ01,Alwin Rölz,2018-02-17,44.11,34
2016ROLZ01,Alwin Rölz,2018-02-17,42.9,35
2016ROLZ01,Alwin Rölz,2018-03-25,37.73,36
2016ROLZ01,Alwin Rölz,2018-03-25,39.83,37
2016ROLZ01,Alwin Rölz,2018-04-28,39.59,38
2016ROLZ01,Alwin Rölz,2018-04-28,40.87,39
2016ROLZ01,Alwin Rölz,2018-05-12,38.73,40
2016ROLZ01,Alwin Rölz,2018-05-12,39.0,41
2016ROLZ01,Alwin Rölz,2018-06-02,37.17,42
2016ROLZ01,Alwin Rölz,2018-06-02,36.23,43
2016ROLZ01,Alwin Rölz,2018-06-23,43.32,44
2016ROLZ01,Alwin Rölz,2018-06-23,38.19,45
2016ROLZ01,Alwin Rölz,2018-07-19,38.25,46
2016ROLZ01,Alwin Rölz,2018-07-19,42.76,47
2016ROLZ01,Alwin Rölz,2018-08-10,36.57,48
2016ROLZ01,Alwin Rölz,2018-08-10,39.82,49
2016ROLZ01,Alwin Rölz,2018-08-10,37.49,50
2016ROLZ01,Alwin Rölz,2018-08-17,39.65,51
2016ROLZ01,Alwin Rölz,2018-09-01,46.66,52
2016ROLZ01,Alwin Rölz,2018-09-01,39.47,53
2016ROLZ01,Alwin Rölz,2018-09-07,39.7,54
2016ROLZ01,Alwin Rölz,2018-09-07,37.3,55
2016ROLZ01,Alwin Rölz,2018-09-07,42.3,56
2016ROLZ01,Alwin Rölz,2018-09-21,39.68,57
2016ROLZ01,Alwin Rölz,2018-09-21,39.45,58
2016ROLZ01,Alwin Rölz,2018-09-21,33.85,59
2016ROLZ01,Alwin Rölz,2018-10-13,39.19,60
2016ROLZ01,Alwin Rölz,2018-10-13,39.37,61
2016ROLZ01,Alwin Rölz,2018-10-27,37.56,62
2016ROLZ01,Alwin Rölz,2018-10-27,35.17,63
2016ROLZ01,Alwin Rölz,2018-12-08,36.21,64
2016ROLZ01,Alwin Rölz,2018-12-08,36.31,65
2016ROLZ01,Alwin Rölz,2019-01-19,36.3,66
2016ROLZ01,Alwin Rölz,2019-01-19,39.78,67
2016ROLZ01,Alwin Rölz,2019-03-02,36.44,68
2016ROLZ01,Alwin Rölz,2019-03-02,37.59,69
2016ROLZ01,Alwin Rölz,2019-03-02,37.19,70
2016ROLZ01,Alwin Rölz,2019-03-30,36.62,71
2016ROLZ01,Alwin Rölz,2019-03-30,37.43,72
2016ROLZ01,Alwin Rölz,2019-03-30,37.24,73
2016ROLZ01,Alwin Rölz,2019-04-06,36.91,74
2016ROLZ01,Alwin Rölz,2019-04-06,39.99,75
2016ROLZ01,Alwin Rölz,2019-04-20,34.11,76
2016ROLZ01,Alwin Rölz,2019-04-20,35.66,77
2016ROLZ01,Alwin Rölz,2019-04-20,36.84,78
2016ROLZ01,Alwin Rölz,2019-04-27,36.06,79
2016ROLZ01,Alwin Rölz,2019-04-27,39.47,80
2016ROLZ01,Alwin Rölz,2019-04-27,35.28,81
2016ROLZ01,Alwin Rölz,2019-05-18,36.25,82
2016ROLZ01,Alwin Rölz,2019-05-18,36.1,83
2016ROLZ01,Alwin Rölz,2019-06-08,37.52,84
2016ROLZ01,Alwin Rölz,2019-06-08,37.95,85
2016ROLZ01,Alwin Rölz,2019-06-22,36.42,86
2016ROLZ01,Alwin Rölz,2019-06-22,32.14,87
2016ROLZ01,Alwin Rölz,2019-06-22,40.41,88
2016ROLZ01,Alwin Rölz,2019-06-29,37.21,89
2016ROLZ01,Alwin Rölz,2019-06-29,38.02,90
2016ROLZ01,Alwin Rölz,2019-08-10,39.28,91
2016ROLZ01,Alwin Rölz,2019-08-10,38.35,92
2016ROLZ01,Alwin Rölz,2019-08-16,35.17,93
2016ROLZ01,Alwin Rölz,2019-08-16,36.26,94
2016ROLZ01,Alwin Rölz,2019-08-31,35.87,95
2016ROLZ01,Alwin Rölz,2019-08-31,36.32,96
2016ROLZ01,Alwin Rölz,2019-09-21,36.54,97
2016ROLZ01,Alwin Rölz,2019-09-21,35.49,98
2016ROLZ01,Alwin Rölz,2019-10-12,37.95,99
2016ROLZ01,Alwin Rölz,2019-10-12,34.64,100
2016ROLZ01,Alwin Rölz,2019-10-12,42.75,101
2016ROLZ01,Alwin Rölz,2019-10-26,38.01,102
2016ROLZ01,Alwin Rölz,2019-10-26,40.56,103
2016ROLZ01,Alwin Rölz,2019-10-26,38.57,104
2016ROLZ01,Alwin Rölz,2019-11-02,34.01,105
2016ROLZ01,Alwin Rölz,2019-11-02,37.76,106
2016ROLZ01,Alwin Rölz,2019-11-02,38.17,107
2016ROLZ01,Alwin Rölz,2019-11-23,36.5,108
2016ROLZ01,Alwin Rölz,2019-11-23,36.92,109
2016ROLZ01,Alwin Rölz,2019-12-07,36.44,110
2016ROLZ01,Alwin Rölz,2019-12-14,39.34,111
2016ROLZ01,Alwin Rölz,2019-12-14,35.74,112
2016ROLZ01,Alwin Rölz,2019-12-21,38.51,113
2016ROLZ01,Alwin Rölz,2019-12-21,34.62,114
2016ROLZ01,Alwin Rölz,2019-12-21,38.92,115
2016ROLZ01,Alwin Rölz,2020-02-22,35.36,116
2016ROLZ01,Alwin Rölz,2020-02-22,45.21,117
2016ROLZ01,Alwin Rölz,2020-03-07,38.66,118
2016ROLZ01,Alwin Rölz,2020-03-07,33.77,119
2016ROLZ01,Alwin Rölz,2021-10-16,33.19,120
2016ROLZ01,Alwin Rölz,2021-10-16,33.87,121
2016ROLZ01,Alwin Rölz,2022-01-29,35.17,122
2016ROLZ01,Alwin Rölz,2022-01-29,35.19,123
2016ROLZ01,Alwin Rölz,2022-04-09,32.57,124
2016ROLZ01,Alwin Rölz,2022-04-09,33.18,125
2016ROLZ01,Alwin Rölz,2022-05-21,30.56,126
2016ROLZ01,Alwin Rölz,2022-05-21,32.97,127
2016ROLZ01,Alwin Rölz,2022-06-03,33.43,128
2016ROLZ01,Alwin Rölz,2022-06-03,34.96,129
2016ROLZ01,Alwin Rölz,2022-06-03,33.35,130
2016ROLZ01,Alwin Rölz,2022-06-12,34.61,131
2016ROLZ01,Alwin Rölz,2022-06-12,30.42,132
2016ROLZ01,Alwin Rölz,2022-07-02,31.32,133
2016ROLZ01,Alwin Rölz,2022-07-02,32.21,134
2016ROLZ01,Alwin Rölz,2022-07-09,31.37,135
2016ROLZ01,Alwin Rölz,2022-07-09,29.24,136
2016ROLZ01,Alwin Rölz,2022-07-09,33.7,137
2016ROLZ01,Alwin Rölz,2022-07-14,31.32,138
2016ROLZ01,Alwin Rölz,2022-07-14,30.22,139
2016ROLZ01,Alwin Rölz,2022-08-19,32.55,140
2016ROLZ01,Alwin Rölz,2022-08-19,30.79,141
2016ROLZ01,Alwin Rölz,2022-08-19,30.99,142
2016ROLZ01,Alwin Rölz,2022-08-27,31.37,143
2016ROLZ01,Alwin Rölz,2022-08-27,30.3,144
2016ROLZ01,Alwin Rölz,2022-09-09,32.28,145
2016ROLZ01,Alwin Rölz,2022-09-09,30.26,146
2016ROLZ01,Alwin Rölz,2022-10-08,32.66,147
2016ROLZ01,Alwin Rölz,2022-10-08,32.41,148
2016ROLZ01,Alwin Rölz,2022-10-22,31.66,149
2016ROLZ01,Alwin Rölz,2022-10-22,31.85,150
2016ROLZ01,Alwin Rölz,2022-11-05,28.87,151
2016ROLZ01,Alwin Rölz,2022-11-05,30.72,152
2016ROLZ01,Alwin Rölz,2022-11-26,36.27,153
2016ROLZ01,Alwin Rölz,2022-11-26,30.48,154
2016ROLZ01,Alwin Rölz,2022-11-26,30.86,155
2016ROLZ01,Alwin Rölz,2022-12-03,33.25,156
2016ROLZ01,Alwin Rölz,2022-12-16,31.84,157
2016ROLZ01,Alwin Rölz,2022-12-16,29.88,158
2016ROLZ01,Alwin Rölz,2022-12-16,32.44,159
2016ROLZ01,Alwin Rölz,2023-02-04,29.21,160
2016ROLZ01,Alwin Rölz,2023-02-04,30.55,161
2016ROLZ01,Alwin Rölz,2023-02-25,30.29,162
2016ROLZ01,Alwin Rölz,2023-02-25,30.58,163
2016ROLZ01,Alwin Rölz,2023-03-03,28.24,164
2016ROLZ01,Alwin Rölz,2023-03-03,33.05,165
2016ROLZ01,Alwin Rölz,2023-03-03,31.13,166
2016ROLZ01,Alwin Rölz,2023-03-18,30.84,167
2016ROLZ01,Alwin Rölz,2023-03-18,28.34,168
2016ROLZ01,Alwin Rölz,2023-04-01,32.54,169
2016ROLZ01,Alwin Rölz,2023-04-01,34.06,170
2016ROLZ01,Alwin Rölz,2023-04-08,31.9,171
2016ROLZ01,Alwin Rölz,2023-04-08,33.03,172
2016ROLZ01,Alwin Rölz,2023-04-08,32.39,173
2016ROLZ01,Alwin Rölz,2023-04-15,29.44,174
2016ROLZ01,Alwin Rölz,2023-04-15,30.45,175
2016ROLZ01,Alwin Rölz,2023-04-15,32.41,176
2016ROLZ01,Alwin Rölz,2023-04-29,30.53,177
2016ROLZ01,Alwin Rölz,2023-05-13,31.51,178
2016ROLZ01,Alwin Rölz,2023-05-13,28.55,179
2016ROLZ01,Alwin Rölz,2023-05-20,28.2,180
2016ROLZ01,Alwin Rölz,2023-05-20,31.36,181
2016ROLZ01,Alwin Rölz,2023-05-27,31.49,182
2016ROLZ01,Alwin Rölz,2023-05-27,30.34,183
2016ROLZ01,Alwin Rölz,2023-05-27,30.23,184
2016ROLZ01,Alwin Rölz,2023-06-03,30.1,185
2016ROLZ01,Alwin Rölz,2023-06-03,29.56,186
2016ROLZ01,Alwin Rölz,2023-06-17,32.51,187
2016ROLZ01,Alwin Rölz,2023-06-17,34.81,188
2016ROLZ01,Alwin Rölz,2023-06-17,29.47,189
2016ROLZ01,Alwin Rölz,2023-06-24,29.23,190
2016ROLZ01,Alwin Rölz,2023-06-24,30.24,191
2016ROLZ01,Alwin Rölz,2023-07-01,29.78,192
2016ROLZ01,Alwin Rölz,2023-07-01,28.43,193
2016ROLZ01,Alwin Rölz,2023-07-08,29.29,194
2016ROLZ01,Alwin Rölz,2023-07-08,30.36,195
2016ROLZ01,Alwin Rölz,2023-07-22,34.27,196
2016ROLZ01,Alwin Rölz,2023-07-22,29.52,197
2016ROLZ01,Alwin Rölz,2023-08-04,31.48,198
2016ROLZ01,Alwin Rölz,2023-08-04,29.88,199
2016ROLZ01,Alwin Rölz,2023-08-04,31.34,200
2016ROLZ01,Alwin Rölz,2023-08-12,29.87,201
2016ROLZ01,Alwin Rölz,2023-08-12,31.53,202
2016ROLZ01,Alwin Rölz,2023-09-09,30.52,203
2016ROLZ01,Alwin Rölz,2023-09-09,30.33,204
2016ROLZ01,Alwin Rölz,2023-09-23,30.16,205
2016ROLZ01,Alwin Rölz,2023-09-23,29.0,206
2016ROLZ01,Alwin Rölz,2023-09-30,29.56,207
2016ROLZ01,Alwin Rölz,2023-10-21,30.66,208
2016ROLZ01,Alwin Rölz,2023-10-21,29.69,209
2016ROLZ01,Alwin Rölz,2023-10-28,29.69,210
2016ROLZ01,Alwin Rölz,2023-10-28,37.21,211
2016ROLZ01,Alwin Rölz,2023-11-03,27.81,212
2016ROLZ01,Alwin Rölz,2023-11-03,28.95,213
2016ROLZ01,Alwin Rölz,2023-11-11,33.0,214
2016ROLZ01,Alwin Rölz,2023-11-11,33.26,215
2016ROLZ01,Alwin Rölz,2023-11-18,31.47,216
2016ROLZ01,Alwin Rölz,2023-11-18,29.9,217
2016ROLZ01,Alwin Rölz,2023-11-25,28.82,218
2016ROLZ01,Alwin Rölz,2023-11-25,31.96,219
2016ROLZ01,Alwin Rölz,2023-11-25,28.17,220
2016ROLZ01,Alwin Rölz,2023-12-08,30.34,221
2016ROLZ01,Alwin Rölz,2023-12-08,32.63,222
2016ROLZ01,Alwin Rölz,2023-12-08,33.99,223
2016ROLZ01,Alwin Rölz,2024-01-13,35.1,224
2016ROLZ01,Alwin Rölz,2024-01-13,29.42,225
2016ROLZ01,Alwin Rölz,2024-02-16,29.38,226
2016ROLZ01,Alwin Rölz,2024-02-16,29.33,227
2016ROLZ01,Alwin Rölz,2024-02-16,29.69,228
2016ROLZ01,Alwin Rölz,2024-03-02,30.46,229
2016ROLZ01,Alwin Rölz,2024-03-02,29.23,230
2016ROLZ01,Alwin Rölz,2024-03-09,27.19,231
2016ROLZ01,Alwin Rölz,2024-03-09,30.15,232
2016ROLZ01,Alwin Rölz,2024-03-09,32.26,233
2016ROLZ01,Alwin Rölz,2024-03-24,30.05,234
2016ROLZ01,Alwin Rölz,2024-03-30,33.84,235
2016ROLZ01,Alwin Rölz,2024-03-30,29.25,236
2016ROLZ01,Alwin Rölz,2024-04-02,26.9,237
2016ROLZ01,Alwin Rölz,2024-04-05,32.77,238
2016ROLZ01,Alwin Rölz,2024-04-05,29.39,239
2016ROLZ01,Alwin Rölz,2024-04-13,33.82,240
2016ROLZ01,Alwin Rölz,2024-04-13,28.8,241
2016ROLZ01,Alwin Rölz,2024-04-20,26.77,242
2016ROLZ01,Alwin Rölz,2024-05-04,31.58,243
2016ROLZ01,Alwin Rölz,2024-05-04,27.68,244
2016ROLZ01,Alwin Rölz,2024-05-11,28.7,245
2016ROLZ01,Alwin Rölz,2024-05-11,30.15,246
2016ROLZ01,Alwin Rölz,2024-05-24,29.75,247
2016ROLZ01,Alwin Rölz,2024-05-24,29.55,248
2016ROLZ01,Alwin Rölz,2024-06-08,31.83,249
2016ROLZ01,Alwin Rölz,2024-06-08,29.95,250
2016ROLZ01,Alwin Rölz,2024-06-20,28.86,251
2016ROLZ01,Alwin Rölz,2024-06-20,30.79,252
2016ROLZ01,Alwin Rölz,2024-07-19,29.82,253
2016ROLZ01,Alwin Rölz,2024-07-19,29.89,254
2016ROLZ01,Alwin Rölz,2024-07-25,28.35,255
2016ROLZ01,Alwin Rölz,2024-07-25,29.35,256
2016ROLZ01,Alwin Rölz,2024-07-25,31.0,257
2016ROLZ01,Alwin Rölz,2024-08-24,31.21,258
2016ROLZ01,Alwin Rölz,2024-08-24,30.04,259
2016ROLZ01,Alwin Rölz,2024-08-24,29.3,260
2016ROLZ01,Alwin Rölz,2024-08-30,30.35,261
2016ROLZ01,Alwin Rölz,2024-08-30,32.54,262
2016ROLZ01,Alwin Rölz,2024-08-30,32.41,263
2016ROLZ01,Alwin Rölz,2024-09-07,35.13,264
2016ROLZ01,Alwin Rölz,2024-09-07,30.62,265
2016ROLZ01,Alwin Rölz,2024-09-21,32.07,266
2016ROLZ01,Alwin Rölz,2024-09-21,30.04,267
2016ROLZ01,Alwin Rölz,2024-10-04,27.65,268
2016ROLZ01,Alwin Rölz,2024-10-04,29.56,269
2016ROLZ01,Alwin Rölz,2024-11-02,29.59,270
2016ROLZ01,Alwin Rölz,2024-11-02,28.26,271
2016ROLZ01,Alwin Rölz,2024-11-02,29.71,272
2016ROLZ01,Alwin Rölz,2024-11-09,29.62,273
2016ROLZ01,Alwin Rölz,2024-12-14,28.2,274
2016ROLZ01,Alwin Rölz,2024-12-20,30.3,275
2016ROLZ01,Alwin Rölz,2024-12-20,28.79,276
2016ROLZ01,Alwin Rölz,2024-12-20,28.72,277
2016ROLZ01,Alwin Rölz,2024-12-31,27.02,278
2016ROLZ01,Alwin Rölz,2025-01-24,28.4,279
2016ROLZ01,Alwin Rölz,2025-01-24,28.87,280
2016ROLZ01,Alwin Rölz,2025-03-16,29.38,281
2016ROLZ01,Alwin Rölz,2025-03-23,29.96,282
2016ROLZ01,Alwin Rölz,2025-03-29,29.88,283
2016ROLZ01,Alwin Rölz,2025-03-29,27.74,284
2016ROLZ01,Alwin Rölz,2025-04-11,27.61,285
2016ROLZ01,Alwin Rölz,2025-04-11,28.04,286
2016ROLZ01,Alwin Rölz,2025-04-18,27.22,287
2016ROLZ01,Alwin Rölz,2025-04-18,29.3,288
2016ROLZ01,Alwin Rölz,2025-05-03,24.92,289
2016ROLZ01,Alwin Rölz,2025-05-03,29.83,290
2016ROLZ01,Alwin Rölz,2025-05-24,28.16,291
2016ROLZ01,Alwin Rölz,2025-05-24,28.58,292
2016ROLZ01,Alwin Rölz,2025-05-30,28.73,293
2016ROLZ01,Alwin Rölz,2025-06-07,24.67,294
2016ROLZ01,Alwin Rölz,2025-06-07,27.0,295
2016ROLZ01,Alwin Rölz,2025-06-14,27.89,296
2016ROLZ01,Alwin Rölz,2025-06-14,27.1,297
2016ROLZ01,Alwin Rölz,2025-06-21,26.36,298
2016ROLZ01,Alwin Rölz,2025-06-21,29.92,299
2016ROLZ01,Alwin Rölz,2025-06-28,25.96,300
2016ROLZ01,Alwin Rölz,2025-06-28,28.35,301
2016ROLZ01,Alwin Rölz,2025-07-03,26.73,302
2016ROLZ01,Alwin Rölz,2025-07-03,31.35,303
2016ROLZ01,Alwin Rölz,2025-08-30,30.7,304
2016ROLZ01,Alwin Rölz,2025-08-30,24.0,305
2016ROLZ01,Alwin Rölz,2025-09-06,28.23,306
2016ROLZ01,Alwin Rölz,2025-09-06,27.13,307
2016ROLZ01,Alwin Rölz,2025-09-13,26.63,308
2016ROLZ01,Alwin Rölz,2025-09-13,27.98,309
2016ROLZ01,Alwin Rölz,2025-09-20,28.38,310
2016ROLZ01,Alwin Rölz,2025-09-20,29.6,311
2016ROLZ01,Alwin Rölz,2025-09-26,27.84,312
2016ROLZ01,Alwin Rölz,2025-09-26,25.89,313
2016ROLZ01,Alwin Rölz,2025-09-26,27.55,314
2016ROLZ01,Alwin Rölz,2025-10-04,29.28,315
2016ROLZ01,Alwin Rölz,2025-10-09,28.89,316
2016ROLZ01,Alwin Rölz,2025-10-09,28.89,317
2016ROLZ01,Alwin Rölz,2025-10-09,30.18,318
2016ROLZ01,Alwin Rölz,2025-11-01,28.88,319
2016ROLZ01,Alwin Rölz,2025-11-01,27.68,320
2016ROLZ01,Alwin Rölz,2025-11-15,26.28,321
2016ROLZ01,Alwin Rölz,2025-11-15,27.7,322
2016ROLZ01,Alwin Rölz,2025-11-22,29.62,323
2016ROLZ01,Alwin Rölz,2025-11-22,29.5,324
2016ROLZ01,Alwin Rölz,2025-11-29,26.85,325
2016ROLZ01,Alwin Rölz,2025-11-29,28.49,326
2016ROLZ01,Alwin Rölz,2025-12-06,29.3,327
2016ROLZ01,Alwin Rölz,2025-12-18,29.82,328
2016ROLZ01,Alwin Rölz,2025-12-19,28.66,329
2016ROLZ01,Alwin Rölz,2025-12-19,29.58,330
2016ROLZ01,Alwin Rölz,2025-12-19,27.6,331
2016ROLZ01,Alwin Rölz,2026-01-16,29.69,332
2016ROLZ01,Alwin Rölz,2026-01-16,27.05,333
2016ROLZ01,Alwin Rölz,2026-01-16,25.52,334
2016ROLZ01,Alwin Rölz,2026-01-23,26.43,335
2016ROLZ01,Alwin Rölz,2026-01-23,27.1,336
2016ROLZ01,Alwin Rölz,2026-01-31,32.55,337
2016ROLZ01,Alwin Rölz,2026-01-31,27.75,338
2016ROLZ01,Alwin Rölz,2026-02-15,27.26,339
2016ROLZ01,Alwin Rölz,2026-03-14,26.59,340
2016ROLZ01,Alwin Rölz,2026-03-14,28.6,341
2016ROLZ01,Alwin Rölz,2026-03-21,27.29,342
2016ROLZ01,Alwin Rölz,2026-03-21,27.84,343
2016ROLZ01,Alwin Rölz,2026-03-28,26.2,344
2016ROLZ01,Alwin Rölz,2026-03-28,28.16,345
2016ROLZ01,Alwin Rölz,2026-03-28,26.91,346
2016ROLZ01,Alwin Rölz,2026-04-04,24.78,347
2016ROLZ01,Alwin Rölz,2026-04-04,27.42,348
2016ROLZ01,Alwin Rölz,2026-04-04,28.6,349
2016ROLZ01,Alwin Rölz,2026-04-11,30.24,350
2016ROLZ01,Alwin Rölz,2026-04-25,33.03,351
2016ROLZ01,Alwin Rölz,2026-04-25,26.88,352
2016ROLZ01,Alwin Rölz,2026-05-09,31.08,353
2016ROLZ01,Alwin Rölz,2026-05-09,27.26,354
2016ROLZ01,Alwin Rölz,2026-05-16,28.38,355
2016ROLZ01,Alwin Rölz,2026-05-16,26.82,356
