person_id,person_name,n_competitions,n_results,first_year,last_year,best_sec_mean,average_sec_mean,span
2010RONK01,Niko Ronkainen,196,437,2014,2026,3.6914874141876433,4.972631578947368,12
2013WALL03,Daniel Wallin,214,430,2014,2026,3.1659302325581393,4.4402325581395345,12
2013BURL01,Łukasz Burliga,160,383,2014,2026,2.394934725848564,3.270496083550914,12
2013ROGA02,Przemysław Rogalski,222,347,2014,2026,4.919567723342939,6.6296253602305475,12
2015KUCA01,Carter Kucala,148,340,2016,2026,1.9520294117647061,2.927117647058824,10
2011EDUA01,Eduard Esteban García Domínguez,203,339,2014,2026,6.236607669616519,8.921297935103246,12
2010ROSE03,Dennis Rosero,186,318,2014,2026,6.683270440251573,9.047672955974843,12
2017GARR05,Luke Garrett,144,298,2017,2026,3.1994966442953023,4.519563758389261,9
2013EGDA01,Daniel Vædele Egdal,143,292,2015,2026,2.4476712328767123,3.2333904109589042,11
2013EGDA02,Martin Vædele Egdal,143,291,2015,2026,2.768109965635739,3.7662886597938146,11
2016LAZA03,Fernando Sáez Lázaro,116,287,2016,2026,3.1658885017421605,4.2995818815331015,10
2016KELL12,Simon Kellum,123,279,2016,2026,2.1912903225806453,3.1749462365591397,10
2014PETE03,Tobias Peter,147,267,2015,2026,4.736741573033708,6.269176029962546,11
2016ROLZ01,Alwin Rölz,139,267,2016,2026,3.925318352059925,5.485318352059925,10
2009LIUE01,Evan Liu,152,265,2014,2026,4.162905660377358,5.765169811320755,12
2014LAFO01,Anthony Lafourcade,122,265,2014,2026,2.398641509433962,3.187320754716981,12
2015ANTO04,Manuel Prieto de Antón,102,255,2015,2026,2.5700000000000003,3.6925882352941177,11
2015SANC18,Josete Sánchez,120,255,2016,2026,4.355254901960784,5.90443137254902,10
2010BENT01,Jan Bentlage,133,254,2014,2026,4.521614173228347,6.242283464566929,12
2014ZAKR01,Karol Zakrzewski,153,247,2016,2026,4.465425101214575,6.016558704453441,10
2013JOHN10,Brian Johnson,112,240,2014,2026,2.6391666666666667,3.5362916666666666,12
2011WELC01,Walker Welch,119,236,2014,2026,4.129618644067797,5.8871186440677965,12
2010GARC02,Carlos Méndez García-Barroso,98,236,2014,2026,2.8333050847457626,3.942627118644068,12
2013TOKA01,Piotr Tokarski,119,232,2014,2026,4.175,5.958836206896552,12
2008BARA01,Bence Barát,130,231,2014,2026,5.608917748917749,7.569696969696969,12
2018CAST11,Raúl Cuevas Castillo,96,231,2018,2026,4.150952380952381,5.523290043290044,8
2017PITK01,Antto Pitkänen,92,230,2017,2026,3.4937826086956525,4.782565217391304,9
2014ZYCH01,Jan Zych,97,225,2014,2026,3.194711111111111,4.366577777777778,12
2014JIME05,Diego Alejandro Casas Jimenez,139,224,2015,2026,6.4418750000000005,8.7071875,11
2012BRED01,Ulrik Bredland,99,222,2014,2026,4.079639639639639,5.626801801801802,12
2014FRIT02,Oliver Fritz,93,220,2014,2026,3.618909090909091,5.050545454545454,12
2015EWER01,Helmer Ewert,108,220,2015,2026,3.9222727272727274,5.390090909090909,11
2012CHON03,Chao-Che Chung (鍾肇哲),105,219,2014,2026,3.91013698630137,5.384840182648402,12
2013OWCZ01,Bartłomiej Owczarek,101,217,2014,2026,3.94963133640553,4.67741935483871,12
2012MAHV01,Paul Mahvi,122,216,2014,2026,4.520555555555556,6.159814814814815,12
2014LAFO02,Clara Lafourcade,103,214,2014,2026,3.518644859813084,4.843411214953271,12
2016PYWI01,Wilfrid Py,152,214,2016,2026,7.670934579439252,10.405093457943925,10
2014CHIC01,Chris Chi,110,211,2015,2026,2.9671090047393363,4.115545023696683,11
2017TSVE02,Alexey Tsvetkov,106,211,2018,2026,3.0614691943127963,4.185734597156398,8
2021KULA02,Maksymilian Kulas,100,211,2021,2026,2.4783886255924172,3.6018483412322277,5
2020DWOR01,Kacper Paweł Dworak,137,209,2020,2026,4.623827751196172,6.183349282296651,6
2013OLSZ02,Piotr Olszewski,124,207,2015,2026,4.466956521739131,5.958115942028985,11
2014CHER05,Clément Cherblanc,119,207,2015,2026,4.102705314009662,5.627487922705314,11
2018KHAN28,Zayn Khanani,96,205,2018,2026,1.8754634146341462,2.678243902439024,8
2014MILL04,Chris Mills,96,204,2014,2026,3.5285784313725492,4.860882352941177,12
2011SZAT01,Wojciech Szatanowski,132,202,2014,2026,6.452871287128713,8.646881188118812,12
2008AURO01,Sébastien Auroux,111,202,2014,2026,6.19019801980198,8.619356435643564,12
2013GERH01,Kevin Gerhardt,92,202,2014,2026,3.0864356435643567,4.301782178217822,12
2013KRAS02,Michał Krasowski,89,202,2014,2026,2.3985148514851486,3.2427722772277225,12
2018DUBI01,Łukasz Dubicki,115,202,2018,2026,4.153960396039604,5.68579207920792,8
2014DETL01,Rasmus Stub Detlefsen,100,201,2015,2026,2.9746268656716417,4.048756218905472,11
2012CANT02,Simone Cantarelli,128,198,2014,2026,6.716515151515151,9.141868686868687,12
2017MALO02,Elias Malomgré,100,196,2017,2026,2.491683673469388,3.693622448979592,9
2013VICE01,Mar Gallego Vicente,83,195,2015,2026,3.611948717948718,4.751435897435897,11
2018GOME06,Jaime Calzado Gomez,74,195,2018,2026,2.5626666666666664,3.511179487179487,8
2017KRAS05,Lorenzo Escobar Kraskouskaya,86,193,2017,2026,4.594974093264249,6.112746113989637,9
2012PATE01,Antonie Paterakis,95,192,2014,2025,3.8193749999999995,5.35015625,11
2018KHAN26,Hassan Khanani,96,192,2018,2026,3.5724479166666665,4.961614583333334,8
2012BUBE01,Reto Bubendorf,101,191,2014,2026,4.723455497382199,6.373350785340314,12
2014GUER06,David Stiven Benitez Guerra,95,191,2015,2026,4.5355497382198955,6.072513089005235,11
2010KILD02,Wilhelm Kilders,94,190,2014,2026,4.350526315789474,5.902631578947369,12
2023ASTR01,Filip Åström,140,190,2023,2026,7.561,10.253578947368421,3
2021ELIA01,Niklas Aasen Eliasson,81,188,2021,2026,3.5614361702127657,4.780372340425532,5
2015QUAN03,Ng Jia Quan (黄佳铨),89,185,2015,2026,3.179135135135135,4.474378378378378,11
2017REDO02,Raúl Martínez Redondo,72,185,2017,2026,2.8795135135135137,3.7852972972972974,9
2016LOPE37,Rubén López de Juan,91,183,2016,2026,5.304316939890711,7.692677595628416,10
2016KRAF01,Noah Kraft,90,183,2016,2026,3.3672131147540987,4.340491803278689,10
2018KINN05,Urho Kinnunen,70,183,2018,2026,2.1930601092896174,3.2464480874316943,8
2010GRAC02,Fabio Bini Graciose,152,182,2014,2026,12.192362637362638,17.19989010989011,12
2010HULL01,Katie Hull,104,182,2015,2026,4.756868131868132,6.375384615384615,11
2014LORE02,Julio Perugorria Lorente,71,182,2014,2024,2.9114835164835164,4.276923076923077,10
2015YOSH01,Yuji Yoshida,123,181,2016,2026,4.344640883977901,5.783867403314917,10
2015GIME02,Laura Tarrés Gimeno,86,179,2016,2026,4.211340782122905,5.623184357541899,10
2016SZAN01,Szabolcs Szántai,81,179,2016,2026,3.243240223463687,4.345977653631285,10
2014STEI03,Annika Stein,87,178,2015,2025,3.6903932584269663,4.83938202247191,10
2017PABI01,Magdalena Pabisz,77,177,2017,2026,2.8452542372881355,3.888700564971751,9
2014RZEW01,Michał Rzewuski,75,177,2014,2022,2.568418079096045,3.4711299435028247,8
2008VARG01,Dániel Varga,122,176,2014,2026,7.1215909090909095,9.455397727272727,12
2013KOSK01,Jonatan Kłosko,70,176,2014,2020,2.576363636363636,3.723409090909091,6
2014HOLU01,Lev Golub (Лев Голуб),84,175,2014,2026,2.8806857142857143,3.903828571428571,12
2015WITM01,Mattheo de Wit,94,175,2016,2026,2.396857142857143,3.3444,10
2013LANG03,Mason Langenderfer,87,174,2014,2026,3.4271264367816094,4.62183908045977,12
2018HANU02,Oskar Hanuszkiewicz,77,173,2018,2026,2.0346242774566474,2.805780346820809,8
2015DEGL01,Lucas Déglise,81,171,2015,2026,3.5728654970760236,4.609298245614036,11
2015ORRI01,Jorge Orrite De Alba,66,171,2016,2026,3.407134502923977,4.448479532163742,10
2018MART75,David Rendón Martínez,77,171,2019,2026,2.6470760233918127,3.4277777777777776,7
2010THOM03,Blake Thompson,104,169,2014,2026,4.423846153846154,6.325680473372781,12
2013KLEI03,Livia Kleiner,95,169,2014,2026,3.315562130177515,4.435917159763314,12
2016OSTL02,Stian Nystad Østli,74,169,2016,2026,4.489171597633136,6.07603550295858,10
2015HAMM01,Billie Hammill,84,168,2015,2026,4.225357142857143,5.750119047619047,11
2021EDEN01,Pep Edén,82,168,2021,2026,3.628452380952381,5.181130952380952,5
2013RIVE03,Juan David Martinez Riveros,77,166,2014,2026,4.331144578313253,5.928433734939759,12
2012HALE01,Callum Hales-Jepp,103,166,2014,2025,5.807289156626506,8.133012048192771,11
2016HAND04,Rasmus Händén,84,164,2016,2026,4.210365853658536,5.647926829268292,10
2018KUZM02,Olaf Kuźmiński,82,164,2018,2026,3.419878048780488,4.60219512195122,8
2021HUGO01,Peter Hugosson-Miller,157,164,2021,2026,14.603048780487805,20.17128048780488,5
2021GORE01,Kacper Górecki,80,164,2021,2026,3.0471951219512197,3.984939024390244,5
2021LOPE03,Diego Alejandro Camelo López,76,164,2021,2026,2.9914634146341466,3.9832926829268294,5
2015ROBI04,Tyler Robinson,68,162,2016,2026,2.6460493827160496,3.659753086419753,10
2017RICH02,Braden Richards,91,162,2017,2026,3.9561728395061726,6.027407407407407,9
2017CHOD02,Adam Chodyniecki,86,161,2018,2025,3.8414285714285716,5.5324223602484475,7
2016MULL04,Daniel Mullen,89,160,2017,2026,4.8969375,6.592499999999999,9
2013BOTZ01,Alexander Botz,81,159,2014,2026,4.985220125786164,6.656666666666667,12
2021LEMP01,Luukas Lempinen,64,158,2021,2026,4.114683544303798,5.778037974683544,5
2016CHAR01,Jonathan Charlesworth,73,157,2016,2026,3.3235031847133754,4.0912738853503186,10
2014GERB01,Henri Gerber,74,156,2014,2026,3.1728205128205125,4.345448717948718,12
2017LIND01,Leo Lindqvist,77,156,2017,2026,3.9228846153846155,5.522884615384616,9
2016JENS09,William Jensen,71,155,2017,2026,3.2078709677419357,4.460838709677419,9
2009ROTA01,Marco Rota,91,154,2014,2026,4.112922077922078,5.597272727272728,12
2011BERG02,Anders Berggren,73,154,2014,2026,4.814090909090909,6.86538961038961,12
2012SANT12,Rafael Rodriguez Santana,93,154,2014,2025,7.164350649350649,10.20512987012987,11
2016PILA03,Ryan Pilat,75,154,2016,2026,3.5800649350649354,5.056558441558442,10
2015BARH01,Anders Barhaugen,72,154,2016,2026,5.036948051948053,6.737077922077922,10
2016KIAC01,Bence Kiácz,70,154,2017,2026,2.8868181818181817,3.900779220779221,9
2018ZHUA10,Ethan Zhuang,81,154,2018,2026,3.647727272727273,4.97564935064935,8
2014NIEL03,Calvin Nielson,97,153,2015,2026,4.91,6.902352941176471,11
2015CLEM03,Nox Clémenceau,105,153,2016,2026,7.40392156862745,10.129673202614379,10
2013BOBE01,Krzysztof Bober,132,152,2014,2026,8.735328947368421,10.094407894736841,12
2013GARC08,Jesús Lindo García,111,151,2014,2026,9.511324503311258,13.200794701986755,12
2016THOR08,Elvin Thorsen,67,150,2016,2026,3.659666666666667,5.057533333333334,10
2013MART03,Chris Martin,139,149,2014,2026,12.059060402684564,15.27234899328859,12
2015CHOK01,Mohamed Ben Driss Chokri,67,149,2015,2026,4.7204026845637586,6.629798657718121,11
2017CHAM09,Cham J. Chambers,73,149,2018,2026,3.98248322147651,5.596778523489933,8
2012ICKL01,Finn Ickler,89,148,2014,2026,5.820337837837838,7.761081081081082,12
2017NICO01,Alejandro Nicolay,60,148,2017,2026,3.997972972972973,5.48472972972973,9
2023LANG03,Alex Rosado Saez de Langarica,57,148,2023,2026,2.0936486486486485,2.944594594594595,3
2014BAUD02,Maxence Baudry,71,147,2015,2026,2.696258503401361,3.5028571428571427,11
2016TYBE01,Andrew Tyberg,75,147,2016,2026,4.257346938775511,5.599047619047619,10
2016KELL10,Adam Marcellus Kelly,80,147,2019,2026,4.123877551020408,5.871972789115646,7
2013CHAN09,Yu-Hsuan Chang (張祐瑄),73,146,2015,2026,4.432602739726027,6.070821917808219,11
2015MACK06,Zeke Mackay,70,146,2016,2026,3.1286986301369866,4.334657534246576,10
2013GERT01,Nicolas Gertner Kilian,80,145,2014,2026,4.11696551724138,5.668137931034483,12
2018KJOL01,Malte Oliver Bøgh Kjøller,90,145,2018,2026,6.697379310344828,8.90696551724138,8
2010OMUL02,Matic Omulec,72,144,2014,2026,4.796875,6.357777777777778,12
2018MART18,Laura Freitas Martín,82,144,2018,2026,6.173055555555555,8.440347222222222,8
2010AMBR01,Jacob Ambrose,97,143,2014,2026,5.982797202797203,7.908181818181817,12
2017JARN01,Thomas Sonnenberg Jarner,82,143,2017,2026,5.231328671328671,7.562167832167833,9
2015ARCE04,Maider Arce López de Ipiña,58,142,2016,2026,4.386830985915493,6.037394366197183,10
2017PIHE01,Remo Pihel,64,142,2018,2026,3.7395070422535213,5.242464788732394,8
2017CUZI01,Trenton Cuzick,73,141,2017,2026,4.409432624113475,6.3097872340425525,9
2021RAME01,Saisabari Ramesh,74,140,2022,2026,2.9987857142857144,4.127928571428571,4
2017ECHE04,Ale Restrepo,66,139,2017,2025,2.840503597122302,4.025251798561151,8
2017TIMM01,Ben Timmons,69,138,2017,2026,4.007681159420289,5.798333333333333,9
2021RAHN01,Nathan Rahn,59,138,2021,2026,3.003333333333333,4.096376811594203,5
2022SOLO01,Aleksander Sołonczak,70,138,2022,2026,3.445072463768116,4.643768115942029,4
2017NAJA02,Oscar Sánchez Najarro,67,137,2018,2025,4.476496350364964,6.214963503649636,7
2022ALAN02,Leo Alanen,54,137,2022,2026,3.5335036496350365,4.886642335766424,4
2013MALI03,Szymon Malinowski,62,136,2014,2026,4.0920588235294115,5.281691176470588,12
2012GONZ10,Eder Olivencia González,60,136,2014,2026,4.8983823529411765,6.810661764705882,12
2022STOJ03,Antoni Stojek,64,136,2022,2026,2.739779411764706,3.9355882352941176,4
2013FIDO01,Franciszek Fidos,82,135,2015,2026,4.4528888888888885,6.220074074074074,11
2014ARGA01,Hector David Martinez Argaez,70,135,2016,2026,4.739925925925926,6.527481481481482,10
2014SCHW02,Fabio Schwandt,62,135,2015,2025,3.0917037037037036,4.131185185185186,10
2016SATO01,Caio Hideaki Sato,81,134,2016,2026,3.048358208955224,4.1364925373134325,10
2012MAYE01,Theo Mayer,77,133,2014,2026,4.70781954887218,6.529022556390977,12
2013LIZO01,Zongyang Li (李宗阳),67,133,2014,2026,3.0832330827067667,4.024962406015038,12
2013SCHM02,Thomas Mæhle Schmidt,65,133,2014,2025,4.239022556390977,5.679323308270677,11
2016DICK03,Eng Dickson (黄迪胜),67,133,2016,2026,3.0402255639097744,3.993533834586466,10
2015KUND04,Vojtěch Kundera,54,133,2015,2025,2.9045864661654135,3.7816541353383455,10
2018GUER09,Héctor Haro Guerrero,54,133,2018,2026,3.107218045112782,4.160676691729323,8
2016HUNG08,Lim Hung (林弘),85,132,2016,2026,4.401893939393939,6.2876515151515155,10
2016NILS03,Filip Nilsen,58,132,2016,2026,4.6881818181818184,6.530378787878788,10
2017WHIT01,Derek White,78,132,2017,2026,3.9354545454545455,5.410151515151515,9
2019EKLU01,Samuel Eklund-Hanna,77,131,2019,2026,2.958473282442748,4.0671755725190835,7
2018HAMK01,Jakub Hamkało,69,131,2018,2025,4.47442748091603,6.015343511450381,7
2019BENC04,Ariel Benchetrit,59,131,2019,2026,2.71175572519084,3.55412213740458,7
2021MALI02,Ignacy Malinowski,71,131,2022,2026,3.8450381679389314,5.2125190839694655,4
2014PRID01,Ethan Pride,74,130,2014,2025,5.418230769230769,7.049538461538462,11
2016IHLE01,Malte Ihlefeld,73,130,2016,2026,5.033769230769231,7.081076923076923,10
2014PAST03,Daniel Ortega Pastor,68,130,2016,2026,4.504230769230769,6.098769230769231,10
2010RAHM02,Cendy Cahyo Rahmat,112,129,2014,2026,7.432713178294574,10.926279069767443,12
2014GOSL01,Raymond Goslow,86,129,2014,2026,5.351085271317829,7.17,12
2016YONG02,Tristan Chua Yong,61,128,2017,2026,3.322734375,4.5215625,9
2021SPIE01,Achim Spies,84,128,2022,2026,5.6803125,7.6875,4
2022MULL02,Imanuel Müller,71,128,2022,2026,4.62984375,6.551171875,4
2022BRAG03,Szymon Brągiel,57,128,2022,2026,2.368515625,3.463125,4
2022KOPE01,Atilla Kopecky,53,128,2022,2026,4.6734375,6.507890625,4
2011FERA01,Joshua Feran,84,127,2014,2026,5.224566929133858,7.382834645669291,12
2015WAKE01,Ben Wakelin,59,127,2015,2026,3.4453543307086614,4.715826771653543,11
2016WETZ01,Leonard Wetzel,55,127,2017,2026,3.7974803149606298,5.127401574803149,9
2018PATT04,Phoenix Patterson,58,127,2018,2026,3.510472440944882,4.852362204724409,8
2016CHAP04,Stanley Chapel,62,126,2016,2025,3.1293650793650793,4.567222222222222,9
2015WANG83,Zhedong Wang (王哲栋),77,126,2019,2026,6.283888888888889,9.337936507936508,7
2021DENK01,Michał Denkiewicz,55,126,2021,2026,1.997063492063492,2.8175396825396826,5
2012VERS02,Robin Verstraten,84,125,2014,2026,6.86328,9.44632,12
2011BANS02,Shivam Bansal,68,125,2014,2026,5.59368,7.83176,12
2016HOUG01,Levin Houghton,72,125,2016,2026,4.739520000000001,6.5621599999999995,10
2022SCHA05,Vincent von Schantz,56,125,2022,2026,4.91256,6.4436,4
2015ZHOU07,Qi Zhou (周祺),63,124,2015,2026,3.3151612903225804,4.431048387096775,11
2012GOOD02,Callum James Goodyear,104,124,2014,2024,10.325645161290323,13.984516129032258,10
2015RISC01,Àlex Domingo Risco,59,124,2016,2026,4.272177419354839,5.646774193548388,10
2016HARA02,Knut Skaug Haraldsen,51,124,2017,2026,4.1930645161290325,6.042419354838709,9
2015GUNN01,Jakob Gunnarsson,50,124,2015,2024,3.372983870967742,4.8175,9
2017SIAU02,Max Siauw,64,124,2017,2025,3.593709677419355,4.885645161290323,8
2014SZWU01,Mateusz Szwugier,98,123,2015,2026,5.9053658536585365,7.575772357723578,11
2015WINT02,Steven Wintringham,82,123,2016,2026,5.104146341463415,7.224634146341463,10
2016HOLZ01,Laura Holzhauer,68,123,2016,2026,4.926504065040651,6.755365853658536,10
2016BRIN04,Chris Van Der Brink,69,123,2017,2026,4.585447154471544,6.332764227642276,9
2016NOVO01,Gergely Novotni,65,123,2017,2026,4.257967479674797,5.668130081300813,9
2017INIE02,Mikel Pérez Iniesto,62,123,2017,2026,5.084796747967479,7.182845528455284,9
2016MATE04,Arnau Tous Mateu,59,123,2017,2026,3.9022764227642277,4.891951219512196,9
2013COLI02,Victor Colin,71,122,2015,2026,5.516393442622951,7.227459016393443,11
2016GOTT01,Benjamin Gottschalk,70,122,2016,2026,4.434262295081967,6.152622950819672,10
2012REYE04,Niño Francis S. Reyes,90,122,2017,2026,5.928606557377049,8.420737704918032,9
2017SZUL01,Mateusz Szulik,55,122,2017,2026,2.8720491803278687,4.09983606557377,9
2018WROT01,Brayden Wroten,53,122,2019,2026,1.9744262295081967,2.9,7
2013BARC03,Wojciech Barciaga,56,121,2014,2025,3.40297520661157,4.821157024793388,11
2017BYRN01,Magnus Søndergaard Byrne,61,121,2017,2026,3.984793388429752,5.425702479338843,9
2018MACH04,Cezary Mach,54,121,2018,2026,2.46198347107438,3.236528925619835,8
2021ZAJD03,Teodor Zajder,60,121,2022,2026,3.3787603305785123,4.526115702479339,4
2022DINC01,Ayden Dincher,56,121,2022,2026,2.824628099173554,3.7528099173553717,4
2008CLEM01,Kit Clement,75,120,2014,2025,5.16925,6.926,11
2017CATA04,Ricardo Olea Catalán,65,120,2017,2026,4.953833333333334,6.976833333333333,9
2016PERE44,Iván Brigidano Pérez,63,120,2017,2026,5.458666666666667,7.38375,9
2022LARR02,Aratz Larruzea,54,120,2023,2026,5.094416666666667,7.223916666666667,3
2013BROW04,Evan Brown,64,119,2014,2026,3.7197478991596635,5.4228571428571435,12
2014MEND02,Alexis Rodrigo Cazu Mendoza,59,119,2014,2026,4.463109243697479,6.114201680672269,12
2009OHRN01,Laura Ohrndorf,73,119,2014,2025,8.945210084033613,13.057058823529411,11
2012KASS01,Daniël Kassab,75,119,2015,2025,4.848739495798319,6.770084033613445,10
2010LANE02,Mitchell Lane,64,118,2014,2026,3.9605084745762715,5.41364406779661,12
2011CAST02,Michael Andres Castillo Lemus,64,118,2014,2025,5.176694915254237,7.315084745762712,11
2015FENG12,Junqi Feng (冯骏骐),53,118,2015,2026,3.8754237288135593,5.353135593220339,11
2015FUSH01,Firstian Fushada (符逢城),64,118,2016,2026,2.6690677966101695,3.720847457627119,10
2021PIET01,Tomasz Pietruszka,57,118,2021,2026,2.1383898305084745,3.130677966101695,5
2014NOWI01,Sebastian Nowicki,84,118,2021,2025,5.032033898305085,7.010508474576271,4
2023BRES01,Taj Bressert,57,118,2023,2026,2.964915254237288,3.933813559322034,3
2014ABRA01,Arkadiusz Abramowski,82,117,2015,2026,6.164529914529915,8.036410256410257,11
2016DIET01,Amélie Dieterich,65,117,2016,2026,5.025128205128206,7.215470085470086,10
2015FONS02,Federico da Fonseca,61,117,2016,2026,2.6077777777777778,3.3577777777777778,10
2017MILL04,Zachary Miller,66,117,2017,2026,4.474957264957266,6.088717948717949,9
2017SAFO01,Atalis Safont,66,117,2017,2026,5.6697435897435895,6.797264957264957,9
2013WARY01,Rafał Waryszak,65,117,2014,2023,4.867264957264958,6.6639316239316235,9
2019PASQ01,Mattia Pasquini,69,117,2019,2026,5.179743589743589,7.366068376068377,7
2019KARP03,Bartosz Karpiński,71,116,2019,2026,4.055344827586207,5.647586206896552,7
2022CIEP01,Szymon Ciepiela,55,116,2022,2026,2.736120689655172,3.997413793103448,4
2023YILU01,Luis Tan Hong Yi (陈宏溢),52,116,2023,2026,2.3401724137931033,3.2199137931034483,3
2015VUJA01,David Vujasić,57,115,2015,2026,4.13504347826087,5.405391304347826,11
2017PALA08,Harsha Paladugu,70,115,2017,2026,4.950434782608696,6.857565217391304,9
2016GARC47,Miguel Ángel González-Herrero García,46,115,2017,2026,3.0838260869565217,4.510869565217392,9
2018ARGA01,Ibai Tobar Argaiz,45,115,2018,2026,3.973304347826087,5.482869565217391,8
2022GALA01,Maksymilian Gala,69,115,2022,2026,4.35095652173913,5.746521739130435,4
2009PROV01,Matteo Provasi,105,114,2014,2026,12.79359649122807,15.95640350877193,12
2012JIET01,Carmen Teo Bin Jie (张斌婕),70,114,2014,2026,4.19140350877193,5.892543859649122,12
2015RUSS03,Will Russo,71,114,2015,2026,4.134122807017544,5.739561403508771,11
2018PERK01,Elliott Perkins,56,114,2018,2026,3.264298245614035,4.536491228070175,8
2023MIKI01,Gregor Mikic,54,114,2023,2026,3.874824561403509,5.279298245614036,3
2009HILD01,James Hildreth,85,113,2014,2025,6.403982300884955,8.975309734513274,11
2016PFEI01,Jack Pfeifer,60,113,2016,2026,3.496637168141593,4.718230088495575,10
2016PUTT01,Arttu Puttonen,68,113,2016,2025,6.902212389380531,9.9970796460177,9
2016MILL07,Pedro Giuseppe Garcia Milla,63,113,2018,2026,3.6036283185840707,4.719203539823009,8
2012TERE01,Ilya Tsiareshka,90,113,2014,2021,10.64141592920354,14.944690265486726,7
2019STOU02,Ivo Stoutjesdijk,59,113,2019,2026,3.778230088495575,4.995840707964602,7
2011TRON01,Fredrik Abildgaard Trondhjem,75,112,2014,2024,7.182321428571428,9.672053571428572,10
2016VERD05,Santiago Borrego Verde,53,112,2018,2026,5.3183928571428565,7.1136607142857144,8
2016KOLA02,Tymon Kolasiński,53,112,2016,2019,4.076964285714285,5.718214285714287,3
2023LAEE01,Eetu Lae,47,112,2023,2026,4.713303571428571,6.663571428571429,3
2012SZEL01,Tommy Szeliga,74,111,2014,2025,4.792882882882883,6.805855855855857,11
2018STOK01,Ben Stokes,56,111,2018,2026,4.235405405405405,5.885585585585585,8
2022SAMS03,Ignacy Samselski,48,111,2022,2026,1.8316216216216217,2.4843243243243243,4
2022IVAR01,Ludwig Ivarsson,77,111,2023,2026,4.810270270270271,6.888018018018019,3
2016JARM01,Myles Jarman,61,110,2017,2026,5.137181818181818,7.235545454545454,9
2018SMIT40,Nathan Smith,53,110,2018,2026,3.5810909090909093,4.949272727272727,8
2020LONG05,Shain Papalotl Longbehn,69,110,2021,2026,5.4395454545454545,7.667181818181818,5
2020BORG01,Kasper Warberg Borg,65,110,2020,2025,5.054454545454545,6.63690909090909,5
2023HULT01,Dante Tellechea Hultmark,76,110,2023,2026,5.312181818181818,7.5414545454545445,3
2012MCNE01,Jayden McNeill,58,109,2014,2026,3.375137614678899,4.597706422018349,12
2014BONA02,Bautista Bonazzola,58,109,2015,2026,3.5590825688073395,5.018807339449541,11
2016DEXT01,Riley Dexter,55,109,2016,2026,4.021834862385321,5.805596330275229,10
2009ORTI01,Daniel Gracia Ortiz,50,109,2014,2024,4.231651376146789,5.837798165137615,10
2017KLEI02,Luis Kleinheinz,63,109,2017,2026,5.529449541284404,7.609082568807339,9
2019SMIT36,Amy Smith,51,109,2019,2026,3.8341284403669724,5.293853211009174,7
2014CZAP01,Maciej Czapiewski,51,109,2014,2019,4.2871559633027525,5.613211009174313,5
2014GLYR01,Victor Valentin Glyrskov,60,108,2015,2026,3.9792592592592593,5.762407407407408,11
2016HOBB01,Emmet Hobbs,72,108,2016,2026,6.161666666666667,8.916203703703705,10
2016TARA04,Igor Tarasov,56,108,2016,2025,4.3939814814814815,5.902129629629629,9
2018BRUU01,Jacob Oliver Bruun,49,108,2018,2026,4.688055555555556,6.752407407407407,8
2019FARD01,Hennie Færden,43,108,2019,2026,2.7242592592592594,3.838240740740741,7
2015ROME03,Alberto Romero,60,107,2015,2026,5.255420560747664,7.214859813084113,11
2017CARI02,Ivan Keith Cariaga,64,107,2017,2026,3.406355140186916,4.503177570093458,9
2018OPAC01,Kajetan Opach,49,107,2018,2026,3.484018691588785,4.7147663551401875,8
2019RAMO05,Dwyane Ramos,44,107,2019,2026,2.2825233644859813,3.2366355140186913,7
2020TOMA01,Fabian Tomasović,64,107,2020,2026,5.0063551401869155,7.084766355140188,6
2021JAWO01,Szymon Jaworski,69,107,2022,2026,4.660654205607477,6.485700934579439,4
2015SPEN01,Sam Spendla,69,106,2015,2026,6.097641509433963,8.559905660377359,11
2016VOSO01,Olivier Vos,70,106,2016,2026,5.2700000000000005,7.589716981132075,10
2017CAST41,Raymos Castillo,53,106,2018,2026,4.365566037735849,5.74811320754717,8
2011FIOL01,Alberto Pérez de Rada Fiol,55,106,2014,2019,5.496698113207547,7.66,5
2012MARI04,José David Castiblanco Marin,64,105,2014,2026,6.084761904761905,8.402095238095239,12
2011CHAP01,José Leonardo Chaparro Prieto,55,105,2014,2025,5.825619047619048,7.7,11
2015SALO01,Álvaro Aguilar Salobreña,64,105,2017,2026,6.250571428571428,9.005142857142857,9
2017AGGA01,Sameer Aggarwal,59,105,2017,2025,3.976,5.619142857142857,8
2011KNOT01,Wojciech Knott,56,105,2014,2021,5.2493333333333325,7.250666666666666,7
2019CARE02,William Carey,49,105,2019,2026,2.757904761904762,3.789619047619048,7
2021CHEL01,Ianis Costin Chele,54,105,2021,2026,3.031047619047619,4.179428571428571,5
2019MCFE01,Emery McFeeter,58,105,2024,2026,4.4714285714285715,6.089714285714285,2
2015RODR01,Andres Rodriguez,61,104,2015,2026,5.085384615384616,7.2399038461538465,11
2014BEGU01,Elian Beguec,55,104,2015,2026,3.125576923076923,4.077596153846153,11
2014QUYN02,Tomáš Nguyen,45,104,2015,2026,3.340961538461538,4.5217307692307696,11
2014STAR05,Charlie Stark,64,104,2014,2023,5.416057692307692,8.827307692307691,9
2017BLAC06,Ash Black,52,104,2018,2026,2.3257692307692306,3.0865384615384617,8
2022MAYF01,Boyd Mayfield,51,104,2022,2026,4.423076923076923,6.003076923076923,4
2023GUOK01,Kaixi Guo (郭铠希),47,104,2023,2026,1.6554807692307691,2.2729807692307693,3
2016BOUR01,Noé Bourdon,48,103,2016,2026,3.2593203883495145,4.423106796116505,10
2017DIKY01,Yinte Dik,63,103,2017,2026,5.84,7.77747572815534,9
2017MAZH04,Zhiyuan Ma (马之元),54,103,2017,2026,3.1802912621359223,4.531747572815534,9
2021ZAJD02,Stefan Zajder,57,103,2022,2026,3.6298058252427183,5.191359223300971,4
2021LABE01,Igor Łabędź,54,103,2022,2026,3.7779611650485436,5.021359223300971,4
2015WANG09,Kai-Wen Wang (王楷文),47,102,2015,2025,3.356862745098039,4.693235294117647,10
2017GOLU01,Theo Goluboff,52,102,2017,2026,3.7645098039215688,5.168823529411765,9
2018SCHM05,Sophia Schmoll,61,102,2018,2026,5.900882352941176,8.463529411764705,8
2017NETO02,Sofía Guerrero Neto,77,102,2018,2025,8.211960784313726,11.147745098039215,7
2016CAST23,Javier Tovar Castro,42,102,2016,2023,4.198921568627451,5.741470588235294,7
2023FLOD01,Erland Flodman,66,102,2023,2026,3.5595098039215687,5.274803921568627,3
2015SOAR01,Nikhil Soares,53,101,2015,2026,4.27970297029703,6.219702970297029,11
2015SCHO05,George Scholey,45,101,2015,2025,2.6604950495049504,3.6621782178217823,10
2017ZHAD01,Damir Zhanataev,67,101,2017,2026,5.627128712871287,8.002475247524753,9
2017LARS03,Michael Larsen,53,101,2017,2026,4.203366336633664,5.613168316831683,9
2017HERN11,Joaquin Ruenes Hernández,43,101,2017,2026,2.883960396039604,4.003267326732673,9
2022JARO01,Martyna Jarosz,50,101,2022,2026,3.5720792079207917,4.745346534653466,4
2022SALA09,Aarni Salakari,46,101,2023,2026,5.510990099009901,7.756138613861387,3
2015GORN01,Dominik Górny,62,100,2015,2025,5.0213,6.3591999999999995,10
2016GRAS01,Peter Grassard,51,100,2016,2026,4.1716,5.8162,10
2017MINA04,Hannah Minas,68,100,2017,2026,6.7703999999999995,9.0871,9
2016KAMA04,AJ Kamal,53,100,2016,2025,3.4862,4.7972,9
2016MART91,Diego Serrano Martínez,51,100,2017,2026,4.229,5.8815,9
2018JIME14,Emilio Alberto Rodríguez Jiménez,43,100,2018,2026,2.3527,3.3792,8
2022SZAB03,Dávid Szabó,50,100,2022,2026,3.9922000000000004,5.453200000000001,4
2022ESKE01,Niilo Eskelinen,42,100,2022,2026,4.3145,6.007999999999999,4
2015LUCI02,Paul Luciw,60,99,2015,2026,5.083535353535353,7.2937373737373745,11
2016WHEA01,Oliver Wheat,67,99,2016,2026,6.438282828282828,9.326666666666666,10
2017LOPE31,Catalina Herrera López,93,99,2017,2026,14.663434343434345,17.666161616161617,9
2016EVAN06,Daniel Evans,63,99,2017,2026,6.490707070707071,8.477171717171718,9
2017WILL05,Tyler Williams,50,99,2017,2026,3.721212121212121,5.039898989898989,9
2016BITZ01,Carter Bitz,49,99,2016,2025,4.164343434343434,5.691111111111111,9
2017OWEN01,Harry Owen,44,99,2017,2026,3.251010101010101,4.363636363636363,9
2009YAUR01,Robert Yau,52,99,2014,2022,4.959191919191919,6.958787878787878,8
2018GONZ09,Lorenzo Gonzalez,61,99,2018,2025,6.278484848484849,8.445959595959597,7
2021SOTO01,Juan Miguel Saboya Soto,53,99,2021,2026,4.708888888888889,6.508787878787879,5
2022MUNT02,Eskil Munthe,56,99,2023,2026,5.144141414141414,7.366767676767676,3
2011GRIT01,Oleg Gritsenko,74,98,2014,2026,9.504285714285714,13.574081632653062,12
2014YUNO01,Lucas Ichiro Yunomae,75,98,2015,2026,7.473061224489796,10.114591836734695,11
2014WENW01,Wong Chong Wen (黄崇文),60,98,2015,2026,4.078775510204082,5.548265306122449,11
2014NIET03,Oscar Nieto,54,98,2014,2025,4.511224489795919,6.248265306122449,11
2011ALVI01,Wilson Alvis (陈智胜),77,98,2016,2026,6.460102040816327,9.175612244897959,10
2016PHUN02,Lauren Phung,68,98,2016,2026,5.247551020408163,7.01969387755102,10
2012ESPI02,Jorge Martín Espinosa,56,98,2014,2024,6.692040816326531,9.178877551020408,10
2014MAUR06,Lorenzo Mauro,53,98,2016,2026,2.5055102040816326,3.5145918367346938,10
2016HART02,Sean Hartman,53,98,2016,2026,4.0987755102040815,5.549693877551021,10
2016CAIY03,Coral Yuxin Cai (蔡羽欣),43,98,2016,2026,2.400204081632653,3.1556122448979593,10
2015ROSE01,Daniel Rose-Levine,55,98,2015,2024,3.369795918367347,4.846632653061224,9
2015LARS04,Kim Roger Haraldsen,42,98,2016,2025,4.508775510204082,6.145510204081632,9
2018BOND03,Pavlo Bondar (Павло Бондар),47,98,2019,2025,3.8668367346938775,5.544795918367347,6
2019KUCA01,Lisa Kucala,77,98,2021,2026,9.589183673469387,12.920816326530613,5
2022SZAB02,Ádám Szabó,48,98,2022,2026,3.9898979591836734,5.552040816326531,4
2023DOWL01,Lucas Patrick Dowling,49,98,2023,2026,3.8828571428571426,5.655510204081633,3
2014MATH02,Carsten Matheus,43,97,2014,2025,3.6199999999999997,4.871134020618556,11
2015BROW03,Elijah Brown,51,97,2015,2025,3.8774226804123715,5.404226804123712,10
2017MORE17,Lilian Moreau,43,97,2017,2026,3.6241237113402063,4.921340206185567,9
2021FINK02,Ronan Finke,44,97,2021,2026,3.157422680412371,4.357113402061856,5
2007OEYM01,Maria Oey,96,96,2014,2026,18.042395833333334,21.726145833333334,12
2004MASA01,Jesús Masanet García,77,96,2014,2026,11.5396875,14.927395833333334,12
2015KAME02,Marcus Kamen,63,96,2015,2026,4.788854166666667,6.485520833333333,11
2015SHAH09,Krish Shah-Nathwani,59,96,2015,2026,3.8965625,5.452500000000001,11
2009KITM01,Mok Man Kit (莫文傑),56,96,2014,2025,4.2299999999999995,5.650625000000001,11
2014JAYE01,Eli Jay,47,96,2014,2025,3.312291666666667,4.7995833333333335,11
2014GRIG01,Stephen Griggs,78,96,2015,2025,7.019791666666666,9.62,10
2016ZENK01,Viktor Zenk,75,96,2016,2026,9.130104166666667,11.849479166666667,10
2018HORD01,Vladyslav Hordiienko,49,96,2018,2026,3.5835416666666666,4.7234375,8
2019KLEV01,Patrick Kleverlaan,65,96,2019,2026,6.666666666666667,8.923645833333333,7
2021FOST01,Jaxon Foster,46,96,2021,2026,4.1709375,6.079479166666666,5
2022DOMI02,Blanca Hidalgo Domingo,47,96,2022,2026,4.965416666666667,6.9028125,4
2023LARR09,Aitor Ibañez Larrea,41,96,2023,2026,4.218645833333333,5.66125,3
2013ZIRN01,Jānis Zirnis,67,95,2014,2026,8.408736842105263,11.012315789473686,12
2014SCHO02,Cale Schoon,44,95,2014,2026,2.986526315789474,3.8320000000000003,12
2015COHE02,Alex Cohen,77,95,2015,2026,6.5771578947368425,9.168315789473684,11
2015GROH02,Matěj Grohmann,50,95,2016,2026,4.878105263157895,6.652315789473684,10
2011FRES01,Linus Frész,57,95,2014,2023,8.932421052631579,12.089052631578948,9
2016SINN01,Eleanor Sinnott,66,95,2019,2026,7.3737894736842104,10.686736842105264,7
2018CARR07,Sebastian Carrillo,49,95,2019,2026,3.1646315789473682,4.36421052631579,7
2022CORR05,Sergio Dorado,47,95,2022,2026,4.1466315789473684,5.520526315789474,4
2022JOKE01,Ernesti Jokela,40,95,2023,2026,6.032421052631579,8.224315789473684,3
2010SCHM01,Leon Schmidtchen,69,94,2014,2026,10.764148936170214,14.582021276595745,12
2010HUNT02,Aneurin Hunt,53,94,2014,2026,4.962872340425532,6.9504255319148935,12
2015CHER07,Tommy Cherry,47,94,2015,2025,3.249468085106383,4.55372340425532,10
2016MART09,Eduardo Antonio Lara Martínez,38,94,2016,2026,2.8059574468085104,3.7648936170212766,10
2017DUMM01,Matteo Dummar,57,94,2017,2026,4.526170212765957,6.138829787234042,9
2022MONT31,Javier Lizama Montoya,52,94,2023,2026,6.274148936170213,8.428829787234044,3
2013DICK01,Matthew Dickman,88,93,2014,2026,9.593440860215052,13.621827956989247,12
2016BUCK01,Linus Buck,52,93,2016,2026,4.644516129032258,6.44494623655914,10
2008BAOY01,Ting Sheng Bao Yang,63,93,2016,2025,6.347419354838709,8.738387096774193,9
2014HEYO01,Young He (何嘉炀),55,93,2016,2025,4.024408602150538,5.317634408602151,9
2011BILC01,Ihor Bilchenko (Ігор Більченко),48,93,2014,2023,5.7051612903225815,8.182473118279571,9
2011MOLL01,James Molloy,56,93,2014,2019,5.607311827956989,7.599032258064517,5
2020KUNI01,Ivan Kunitcyn,47,93,2020,2025,6.209569892473119,8.32236559139785,5
2022SZUB01,Oliwier Szubert,68,93,2022,2026,5.238494623655914,7.642688172043011,4
2022MATY02,Konrad Matyszek,55,93,2022,2026,3.6151612903225803,5.098709677419355,4
2022STOU01,Rowan Stough,48,93,2022,2026,3.6124731182795697,4.97494623655914,4
2003DENN01,Ton Dennenbroek,90,92,2014,2026,16.17608695652174,20.550434782608697,12
2013BARK01,Justin Barker,56,92,2015,2026,4.911086956521739,6.518586956521739,11
2014MINB01,Leo Min-Bedford,45,92,2014,2025,2.723804347826087,3.697717391304348,11
2016LOPE44,Mauro Moisés Ortega López,51,92,2018,2026,5.0625,6.985760869565218,8
2016DROB01,Jakub Drobný,40,92,2017,2025,3.969891304347826,5.286739130434783,8
2013PAPA01,Ioannis Papadopoulos,76,92,2019,2026,10.375108695652173,13.964673913043478,7
2018KEAR02,Caleb Kearney,49,92,2019,2026,4.144673913043478,5.50445652173913,7
2018PROV01,Arthur Provot,42,92,2019,2026,4.039891304347826,5.6839130434782605,7
2012BERG04,Nathaniel Berg,48,92,2014,2019,4.886521739130435,6.537608695652175,5
2023SHIV05,Sid Shivnath,49,92,2023,2026,2.8938043478260873,3.9954347826086956,3
2022GARC12,Nuria Soria García,48,92,2023,2026,5.0681521739130435,6.801304347826087,3
2013SANT13,Sergio Torrijos Santano,60,91,2014,2026,6.376153846153846,9.046153846153846,12
2012BEAH01,Ciarán Beahan,56,91,2014,2026,5.084505494505494,6.978681318681318,12
2012CALL01,Will Callan,51,91,2015,2026,3.5742857142857143,4.949230769230769,11
2013SAVA01,Harry Savage,43,91,2014,2025,3.259120879120879,4.308571428571429,11
2016MOBE01,Marcus Moberg,36,91,2016,2026,3.105054945054945,4.190879120879121,10
2018LASS02,Silas Kampp Richter Lassen,54,91,2018,2026,5.603296703296703,7.826703296703297,8
2018BOHA01,Alex Bohac,52,91,2018,2026,4.387362637362638,6.071538461538461,8
2015IACO01,Davi de Andrade Iácono,46,91,2016,2024,3.559230769230769,5.044835164835165,8
2017BEEM02,Christian Beemelmann,44,91,2018,2026,3.6003296703296703,4.915494505494506,8
2018GIBS04,Levi Gibson,52,91,2018,2025,4.311758241758242,5.818901098901098,7
2019ECKE02,Ryan Eckersley,48,91,2019,2026,4.133626373626374,6.022857142857143,7
2019GEAA01,Albert Garriga Gea,67,91,2021,2026,7.988571428571429,11.1,5
2021YEXA01,Xavier Ye,48,91,2021,2026,3.78956043956044,5.377032967032967,5
2022PHAN03,Nigel Phang,38,91,2022,2026,2.7361538461538464,3.708131868131868,4
2023PAST01,Alexander Pastirčák,43,91,2023,2026,3.603846153846154,4.871538461538462,3
2014WILD03,Damian Wilding,63,90,2015,2026,6.423000000000001,8.937444444444445,11
2015FELI01,Walter Felix,48,90,2017,2026,3.222555555555555,4.510222222222223,9
2017LLAN01,Juan Sebastian Mendez Llanos,48,90,2017,2026,4.762666666666666,6.459222222222222,9
2022JAME01,Blue James,52,90,2022,2026,4.158111111111111,5.804111111111111,4
2021BUTE03,Alex Butera,40,90,2022,2026,3.6357777777777773,5.023333333333333,4
2022CUBI01,Shanty Rodríguez,47,90,2023,2026,4.830222222222223,6.612666666666667,3
2011MAHT02,Natthaphat Mahtani (ณัฐภัทร จี มาทานี),42,89,2014,2026,2.7664044943820225,3.7819101123595504,12
2012ELLI01,Keaton Ellis,55,89,2014,2025,4.193820224719101,5.549887640449438,11
2014STIN01,Jared Stinson,53,89,2015,2026,4.507415730337079,6.279999999999999,11
2014DHAN01,Chetan Roger Dhanjal,42,89,2014,2025,3.2800000000000002,4.5821348314606745,11
2015LUND03,Einar Kvam Lundberg,37,89,2015,2025,4.776179775280899,6.324494382022472,10
2017PETE04,Tripp Peters,58,89,2017,2026,5.249887640449439,7.185617977528089,9
2018ABLA01,Ahmet Çınar Ablak,58,89,2018,2026,4.031573033707865,5.538314606741573,8
2019MARE07,Sula Mareska,50,89,2019,2026,5.136179775280899,6.760674157303371,7
2021DAMM01,Jonathan Dammann,52,89,2021,2026,5.808539325842697,7.5426966292134825,5
2019BURK05,Rían Burke,41,89,2021,2026,3.259550561797753,4.742134831460675,5
2021SOKO03,Roman Sokolovskyi,48,89,2022,2025,5.025056179775281,7.354044943820225,3
2021ZAJD01,Ada Zajder,45,89,2022,2025,3.29685393258427,4.556516853932584,3
2008MORE02,Hippolyte Moreau,61,88,2014,2026,6.869886363636363,10.162386363636363,12
2011STAC01,Marcin Stachura,56,88,2014,2026,5.5494318181818185,7.243295454545454,12
2012BALI01,Kobe Balin,46,88,2014,2025,3.97375,5.497613636363637,11
2016TRAG01,Parker Trager,49,88,2016,2026,3.0399999999999996,4.07,10
2017CHAN44,Vincent Chan,56,88,2017,2026,5.528522727272727,7.793977272727273,9
2020PALL01,Oliver Pällo,41,88,2020,2026,4.632272727272727,6.269318181818182,6
2022MARC05,Radosław Marcinek,48,88,2022,2026,3.615568181818182,4.879090909090909,4
2022FEDU01,Archie Fedulov,46,88,2022,2026,4.320454545454545,6.078863636363637,4
2018PARI07,Parist Pariyakanok (พริษฐ์ ปริยกนก),41,88,2022,2026,3.3014772727272725,4.506931818181818,4
2022CHAI02,Curtis Chai,44,88,2023,2026,3.591477272727273,4.859772727272728,3
2012DIAZ03,Kevin Vanegas Diaz,48,87,2014,2026,6.732298850574713,8.826666666666666,12
2012ZHAO05,Yihao Zhao (赵羿皓),45,87,2014,2026,3.624367816091954,4.8613793103448275,12
2014HOWL02,Tyler Howlett,50,87,2014,2025,4.262988505747126,6.180114942528735,11
2010WANG07,Yinghao Wang (王鹰豪),49,87,2014,2024,4.641494252873564,6.59367816091954,10
2016HYTT01,Kari Hyttinen,36,87,2016,2026,4.989080459770115,7.047011494252874,10
2016REET01,Tijmen van der Ree,57,87,2017,2026,5.738735632183908,7.694597701149425,9
2015CECC01,Vicenzo Guerino Cecchini,44,87,2015,2024,3.464137931034483,4.716091954022988,9
2018AMSB02,Stone Amsbaugh,56,87,2018,2026,6.096896551724138,8.490574712643678,8
2015MLOS01,Michał Mlostek,55,87,2015,2023,5.326551724137931,7.345747126436782,8
2018STAM01,Lucas Stambaugh,55,87,2018,2026,5.564022988505747,7.452068965517242,8
2018RIDA01,Zach Ridall,47,87,2018,2026,4.272528735632184,6.037471264367816,8
2019CHAU12,Zayd Chaudhry,47,87,2019,2026,4.7732183908045975,6.3726436781609195,7
2019REDI02,Dominic Redisi,39,87,2019,2026,1.8589655172413793,2.551494252873563,7
2019YANG94,Cian-Jyun Yang (楊謙君),36,87,2019,2025,2.12,3.0590804597701147,6
2009ZHEN11,Ming Zheng (郑鸣),81,86,2014,2026,9.813372093023256,13.031162790697675,12
2012CAPP01,Gabriele Cappelletti,58,86,2014,2026,8.47232558139535,11.845813953488372,12
2014KIPR01,Tommy Kiprillis,40,86,2014,2026,3.460813953488372,4.5672093023255815,12
2014KARN02,Daniel Karnaukh,59,86,2014,2025,4.298953488372093,6.425,11
2010CANT02,Antoine Cantin,48,86,2014,2024,3.8031395348837207,5.272674418604651,10
2009GARC04,Pau Vela García,67,86,2017,2025,7.444999999999999,10.093023255813954,8
2017FAIZ01,Mohamad Adrian Syahirin Bin Mohd Faizal,40,86,2018,2026,2.829767441860465,3.7560465116279067,8
2016SILV07,Joonas Silvennoinen,35,86,2016,2023,4.639302325581395,6.535813953488373,7
2022MART26,Astrid Gómez Martin,55,86,2022,2026,7.808488372093023,11.103255813953488,4
2013VIDA03,Dominik Vidaković,41,85,2014,2026,4.573529411764706,6.077176470588235,12
2015ROYC01,Ben Royce,53,85,2015,2026,5.440352941176471,7.299176470588234,11
2014JONA01,Benjamin Thunbo Jonassen,46,85,2015,2026,3.4622352941176473,4.885411764705882,11
2017BRYA06,Aedan Bryant,50,85,2017,2026,3.4803529411764704,4.780117647058823,9
2018DREI02,Roberts Dreijers,44,85,2018,2026,4.617647058823529,6.699411764705883,8
2018SZUS01,Eddie Szuster,41,85,2018,2026,3.211764705882353,4.586117647058823,8
2017JOHN09,Tyler Johnson,37,85,2017,2025,3.3148235294117647,4.52364705882353,8
2019PHEL01,Elijah Rain Phelps,43,85,2019,2026,3.6948235294117646,5.085058823529412,7
2012POHL01,Andreas Pohl,46,85,2014,2020,7.013529411764706,9.778823529411765,6
2022PART02,Daniel Partridge,41,85,2022,2026,3.282705882352941,4.554352941176471,4
2023DARL03,Hubert Darłak,51,85,2023,2026,4.230705882352941,5.138,3
2012NICO02,Alessandro Nicolì,52,84,2014,2026,4.846309523809524,6.74654761904762,12
2013FRAI01,Diego Fraile,43,84,2014,2026,4.239880952380952,5.235833333333334,12
2014VIKS01,Olli Vikstedt,55,84,2014,2025,7.619404761904762,11.045714285714286,11
2017BRZA01,Szymon Brzana,60,84,2017,2026,4.998333333333333,6.888928571428571,9
2017TEIC01,Cyril Teichmann,42,84,2018,2026,4.724642857142857,6.472500000000001,8
2020REJD01,Gabriel Rejdych,61,84,2020,2025,5.305357142857143,7.459166666666667,5
2012KRIS11,Michael Kristel,48,84,2014,2018,8.623095238095239,11.7175,4
2023CELI06,Jacob Goossens Celis,46,84,2024,2026,5.937380952380953,8.101071428571428,2
2005REYN01,Tim Reynolds,69,83,2014,2025,6.578192771084337,9.119156626506024,11
2016SANT66,João Vinícius Santos,55,83,2016,2026,3.6742168674698794,5.030963855421686,10
2017WADE01,Liam Wadek,51,83,2017,2026,5.223132530120481,7.166626506024097,9
2017KIMM01,Asher Kim-Magierek,41,83,2017,2026,2.9796385542168675,4.0283132530120485,9
2017OSTD02,Jason Ostdiek,61,83,2018,2026,5.647831325301205,8.09144578313253,8
2016MORO03,Jhair Moron Gejaño,40,83,2016,2024,4.647710843373494,6.191686746987951,8
2015DASA02,Aniket Das,38,83,2015,2023,3.7598795180722893,4.98566265060241,8
2016LAUR01,Linus Laurén,32,83,2016,2024,3.413012048192771,4.715542168674698,8
2016HARP02,Nico Harper (李有為),50,83,2018,2025,4.372289156626506,6.431204819277108,7
2022CLIN01,Kian Cline,48,83,2022,2026,4.744457831325302,6.571204819277108,4
2022GARC19,Jose Sánchez García,40,83,2022,2026,5.291807228915663,6.505301204819276,4
2022CHIA11,Giosuele Chiarella,46,83,2023,2026,4.037349397590361,5.253373493975904,3
2023JAKO04,Jakub Jakoubek,38,83,2023,2026,3.85,5.366265060240964,3
2010MATT02,Kevin Matthews,71,82,2014,2026,8.93780487804878,12.335975609756098,12
2010UTOM01,Vincent Hartanto Utomo,50,82,2014,2026,4.417195121951219,6.08,12
2014WALK05,Alex Walker,48,82,2014,2026,5.125121951219512,6.9871951219512205,12
2011MAAS01,Alex Maass,47,82,2014,2026,3.781219512195122,5.298658536585366,12
2017KELL08,Simon Kelly,56,82,2017,2026,7.300487804878049,10.867439024390244,9
2015CHEA01,Andrey Che,48,82,2015,2024,4.354634146341463,5.811829268292683,9
2017SUNY01,Owen Yepeng Sun (孙叶芃),45,82,2017,2026,3.8802439024390245,5.176463414634147,9
2017TOST01,Alexander Tosting,35,82,2017,2026,4.010731707317073,5.5357317073170735,9
2018PELE01,Gijs Peletier,51,82,2018,2026,6.0529268292682925,8.365,8
2013KOKS01,Serhii Koksharov (Сергій Кокшаров),41,82,2014,2019,6.4142682926829275,8.650731707317073,5
2019SCHW06,Adam Schwenn,49,82,2022,2026,4.910365853658536,7.0391463414634154,4
2022STEP04,Matt Stephenson,36,82,2022,2026,3.5084146341463414,4.703292682926829,4
2021GROH01,Vojtěch Grohmann,33,82,2022,2026,1.7590243902439024,2.6390243902439026,4
2014VENK02,Rahul Venkatesan,43,81,2014,2025,5.7700000000000005,7.868641975308642,11
2016SANC08,Joseph Daniel Blas Sanchez,62,81,2016,2026,6.617283950617284,8.878641975308641,10
2014NORR01,Riley Norrid,41,81,2014,2024,3.2512345679012347,4.496049382716049,10
2016HINS02,Shek Ho Hin (石灝軒),41,81,2016,2026,3.337901234567901,4.41,10
2016JONE04,Jode Brewster,40,81,2016,2026,3.756172839506173,5.143703703703704,10
2017NOVA05,João Luiz Melo Novaes,58,81,2017,2026,8.50851851851852,11.98246913580247,9
2019CHRI17,Nicolas Køster Christensen,41,81,2019,2026,3.6255555555555556,4.858765432098766,7
2019NATS02,Namuun Natsagdorj,41,81,2019,2026,4.049506172839506,5.701975308641975,7
2018OVER04,Carl Overbye,39,81,2019,2026,3.942716049382716,5.402222222222222,7
2018MATY02,Adrien Auvray Matyn,34,81,2018,2025,3.2980246913580245,4.616543209876543,7
2022KLOF01,Klas Klöfver,63,81,2022,2026,6.634320987654321,9.2979012345679,4
2013CONA01,Michael Conard,60,80,2014,2026,7.692749999999999,11.658249999999999,12
2011SAKO01,Corey Sakowski,59,80,2014,2025,4.971,7.10175,11
2015WIDD01,Owen Widdis,46,80,2015,2025,4.328875,5.92425,10
2018GRAH05,Kate Grahame,49,80,2018,2026,4.158375,6.00875,8
2018WANG39,Yibo Wang (王奕博),43,80,2018,2026,3.862875,5.469250000000001,8
2018MACK04,Shaun Mack,39,80,2018,2026,2.93125,4.2219999999999995,8
2013JEZI01,Szymon Jeziorski,43,80,2014,2021,4.927375,6.7875,7
2021PANE01,Eli Panetta,31,80,2021,2026,2.394375,3.307,5
2022THOM38,MJ Thomas,45,80,2022,2026,4.527625,6.180875,4
2003BRUC01,Ron van Bruchem,75,79,2014,2026,12.735822784810127,18.47354430379747,12
2011NARA02,Bhargav Narasimhan,44,79,2014,2026,5.256962025316456,7.303417721518987,12
2012MICK01,Willi Mickein,40,79,2014,2026,5.484303797468354,7.900759493670885,12
2015MYER02,Isaac Myers,55,79,2015,2026,5.820759493670886,8.719367088607596,11
2014OKAD01,Noriyuki Okada (岡田典之),47,79,2015,2026,2.3265822784810126,3.3153164556962027,11
2014IRIA01,Julen Simón Iriarte,36,79,2015,2025,4.389620253164558,6.144303797468354,10
2015DJAN01,Govend Avgerinos Djangoi,32,79,2015,2025,3.9077215189873415,5.347848101265823,10
2017LUND06,Joel Lundström,42,79,2017,2026,4.9993670886075945,6.895443037974684,9
2018CAMP17,Bella Campbell,50,79,2018,2026,5.87253164556962,8.250253164556963,8
2018LAPE01,Gael Augusto Lapeyre,40,79,2018,2025,3.4217721518987343,4.591139240506329,7
2019BORO03,Šimon Borovský,38,79,2019,2026,4.401392405063291,6.021518987341772,7
2021LEBK01,Bartosz Łebkowski,57,79,2021,2026,5.358734177215189,7.251392405063291,5
2022HUGH04,Ryan Hughes,40,79,2022,2026,3.1018987341772153,4.1722784810126585,4
2006LINC01,Chia-Leo Lin (林珈樂),73,78,2014,2026,9.48525641025641,13.643076923076924,12
2014GARB01,Zachary Garber,76,78,2014,2025,10.67153846153846,15.387820512820513,11
2014KOUL01,Sukant Koul,50,78,2016,2026,5.31474358974359,7.516282051282051,10
2017BACH09,Gaurav Bachani,54,78,2017,2026,7.251025641025642,9.972692307692308,9
2017GRZE01,Kacper Grzelakowski,37,78,2017,2026,3.3126923076923074,4.6669230769230765,9
2017WONG01,Brenton Angelo Lo Wong,58,78,2018,2026,5.328846153846153,7.586794871794871,8
2018ALFO01,Diego Alfonso,49,78,2018,2026,4.824358974358974,6.7074358974358965,8
2018ZEMT01,Maksim Zemtšihhin,40,78,2018,2026,5.434871794871795,7.163846153846153,8
2017WURY01,Ryan Wu,39,78,2017,2025,3.9598717948717947,5.37423076923077,8
2007YUNQ01,Yunqi Ouyang (欧阳韵奇),51,78,2014,2021,5.245384615384615,7.211538461538462,7
2018NIEU01,Lucas Nieuwland,49,78,2018,2025,5.049743589743589,6.7789743589743585,7
2016MADD01,Jake Maddox,37,78,2019,2026,4.176153846153846,5.772820512820513,7
2021MARI04,Paolo Marino,50,78,2022,2026,5.271923076923077,7.21948717948718,4
2018AUBR01,Étienne Aubry,56,78,2023,2026,7.8211538461538455,9.898846153846154,3
2008MORE01,Marcos Ameijeiras Moreno,64,77,2014,2026,9.67922077922078,13.287922077922078,12
2012CAPA01,Mihai Căpăţinescu,55,77,2014,2025,6.120649350649351,8.782207792207792,11
2013DIPI01,Guido Dipietro,51,77,2015,2026,5.418311688311688,7.544285714285714,11
2015HERN17,Artur Miralles Hernàndez,47,77,2015,2026,5.9157142857142855,7.886233766233766,11
2016WOJC04,Dawid Wójcik,46,77,2016,2026,4.278311688311688,5.737922077922078,10
2016ANSE02,Ilona Ansel,38,77,2016,2026,4.4274025974025975,5.985584415584415,10
2015KANS01,Magnus Patrick Kanstrup,44,77,2016,2025,5.085844155844156,7.227792207792207,9
2016RAMO01,Klaus Ramos,51,77,2017,2025,7.085584415584416,10.04948051948052,8
2018KRIS28,Sri Ganesh Krishna,44,77,2019,2026,3.8824675324675324,5.67025974025974,7
2020SOLV01,Alvar Solving,39,77,2021,2026,4.777792207792207,6.5870129870129865,5
2022SUSS01,Dean Jacob Adamo Susskind,43,77,2022,2026,2.89012987012987,4.08051948051948,4
2021VENZ01,Silvan Venzin,39,77,2022,2026,2.9579220779220776,3.9522077922077923,4
2022OZSV04,Rex Ozsvath,52,77,2023,2026,5.532337662337662,7.373636363636363,3
2023CLAR02,Carson Clark (张卡森),42,77,2023,2026,4.302467532467532,6.032987012987014,3
2008YOUN02,Michael Young,59,76,2014,2026,5.722894736842105,8.10907894736842,12
2015HADA01,Garrett Hadaway,50,76,2015,2026,5.906052631578947,8.209605263157894,11
2014LEZA02,Bruno Lezama,39,76,2014,2025,3.407236842105263,4.6021052631578945,11
2015HUDO01,Hafizh Dary Faridhan Hudoyo,47,76,2015,2025,3.654342105263158,5.281973684210526,10
2015CAMP03,Damián Jail Campos,43,76,2016,2026,5.036578947368421,6.379868421052632,10
2016MAHA07,Shubham Maharana,49,76,2017,2026,4.6968421052631575,6.6525,9
2016HAMB01,Rick Hamburger,44,76,2017,2026,3.1089473684210525,4.263684210526316,9
2017CHOI07,Kyeongmin Choi (최경민),41,76,2017,2026,3.5078947368421054,4.943552631578947,9
2010HANH01,Tzu-Han Hung (洪梓菡),46,76,2014,2022,6.8188157894736845,9.271315789473684,8
2018KITA03,Jakob Kitak,39,76,2018,2026,2.7331578947368422,3.8742105263157893,8
2017ASMU01,Thor Muto Asmund,56,76,2020,2026,8.029078947368422,10.845131578947369,6
2008OLLE01,Alexander Olleta del Molino,49,76,2014,2018,8.016447368421053,11.831184210526315,4
2009BOZS01,Hunor Bózsing,39,76,2014,2018,5.471052631578948,7.546842105263157,4
2022MCGR02,Hugo McGrath,38,76,2022,2026,3.746578947368421,4.930657894736842,4
2022CAPI02,Kyle Capiral,60,76,2023,2026,6.634473684210526,9.540131578947367,3
2022CHIA12,Ismaele Chiarella,44,76,2023,2026,4.581184210526316,6.5482894736842105,3
2023MANG02,Declan Mangan-Lamb,32,76,2023,2026,2.6048684210526316,3.711052631578948,3
2013YUSH01,Pavel Yushkevich,44,75,2014,2026,6.6488,8.875333333333334,12
2011HUNG02,Shao-Heng Hung (洪紹恆),40,75,2014,2025,5.255466666666667,7.208266666666667,11
2012GAOK01,Kaiyang Gao (高凯阳),51,75,2016,2026,5.495333333333333,7.2796,10
2016PATT02,Nicholas Patterson,37,75,2016,2026,3.416,4.5502666666666665,10
2015ZHUA01,Glen Goh Wee Zhuan (吴洧全),75,75,2017,2026,15.510533333333333,17.657733333333333,9
2017GONZ21,Miguel Gonzaga,51,75,2017,2026,3.8080000000000003,5.1704,9
2017COOL02,Addy Coolidge,45,75,2018,2026,4.8580000000000005,6.414933333333334,8
2018ONGJ01,Joseph Ong,43,75,2018,2026,5.062266666666667,7.497066666666666,8
2016BELE02,Jensen Belen-Brown,37,75,2018,2026,3.659866666666667,4.854266666666667,8
2019CSEN01,Bálint Csengő,34,75,2019,2026,3.8097333333333334,5.0524000000000004,7
2019KHAN08,Mahdi Khan,31,75,2019,2026,4.626933333333333,6.6628,7
2019SLES02,Robert Ślesicki,62,75,2020,2026,6.907733333333334,8.9104,6
2021WALC02,Miles Walcott,44,75,2021,2026,5.149866666666667,7.247199999999999,5
2023SZAJ01,Dominik Szajek,41,75,2023,2026,3.4886666666666666,4.5288,3
2014ISSE01,Antoine Isselin,48,74,2015,2026,5.689594594594595,7.976891891891891,11
2014AMAY01,Ramses Amaya,41,74,2014,2025,5.689459459459459,7.554594594594594,11
2016OCHS01,Zachary Ochs,40,74,2016,2026,3.5786486486486484,4.8613513513513515,10
2017MART29,Ricky Martin,57,74,2017,2026,7.102972972972973,10.464054054054055,9
2017OTOO03,Seán O'Toole,49,74,2017,2026,7.741891891891892,10.93918918918919,9
2019SART01,Daniel Sartori,48,74,2019,2026,5.065540540540541,7.031756756756757,7
2019MORG10,Danny Morgan,35,74,2019,2026,3.5959459459459464,4.713243243243243,7
2018MCAR01,Callum McArthur-Mortell,31,74,2018,2025,4.845135135135135,6.967972972972973,7
2019KONI03,Flurin König,43,74,2020,2026,5.478783783783784,7.407702702702702,6
2010JIMO01,Mo Ji (季默),42,74,2014,2019,3.7687837837837836,5.172837837837838,5
2022TUCK09,Clem Tucker,41,74,2022,2026,3.8439189189189187,5.688243243243243,4
2022LIPP01,Lucas Lippman-Bruno,36,74,2022,2026,2.8972972972972975,4.007837837837838,4
2007PERG01,Olivér Perge,58,74,2014,2017,9.756351351351352,14.019054054054056,3
2023STRA33,Eduardo Ribeiro Strauch,43,74,2023,2026,3.7254054054054055,5.01972972972973,3
2023NESI01,David Nesiba,41,74,2023,2026,5.1605405405405405,7.589729729729729,3
2023LIND07,Frank Lindblom,34,74,2023,2026,3.067837837837838,4.254324324324324,3
2015CARD01,Jaime Tadeo Perez Cardona,46,73,2016,2026,5.338493150684931,7.508082191780822,10
2017CARA04,Kirby Jay Caragan,50,73,2017,2026,3.305205479452055,4.4664383561643834,9
2016GOHN01,RJ Gohn,40,73,2016,2025,4.534520547945205,6.263972602739726,9
2016LAHT01,Eemil Lahti,38,73,2016,2025,5.506301369863014,7.819726027397261,9
2017EXNE01,Ida Exner,50,73,2017,2025,6.771917808219178,9.36958904109589,8
2018NEVE02,Adrien Neveu,49,73,2018,2026,6.64013698630137,8.821095890410959,8
2016DABR02,Marek Dąbrowski,43,73,2016,2024,5.406575342465754,7.303013698630137,8
2018DEVE02,Adam Devere,38,73,2018,2026,4.845890410958904,6.773561643835617,8
2017VILJ01,Jami Viljanen,36,73,2018,2026,5.495205479452054,7.976575342465753,8
2018EYOU02,Elyas Eyou,32,73,2018,2026,3.4616438356164383,4.796575342465753,8
2018GODI01,Ivan Ros Godia,41,73,2018,2025,5.422876712328767,7.296027397260274,7
2016RODR37,Angel Jesus Panebra Rodriguez,40,73,2017,2024,4.317808219178082,6.135342465753425,7
2020KELL01,Liam Finn McCool Kelly,36,73,2020,2026,3.8530136986301367,5.351917808219178,6
2021FINK01,Cormac Finke,40,73,2021,2026,6.960958904109589,9.588767123287672,5
2021CALZ01,Alessandro Calzoni,39,73,2021,2026,2.6149315068493153,3.4454794520547947,5
2021EYLE01,Henry Eyles,31,73,2021,2026,3.3364383561643836,4.692328767123288,5
2013GONZ09,Heder Andrés Ávila González,57,73,2022,2026,10.124109589041096,12.445479452054794,4
2022VIDE03,Ian Videfrost,40,73,2022,2026,3.904109589041096,5.341917808219177,4
2022OZSV03,Nico Ozsvath,51,73,2023,2026,6.107671232876712,8.27945205479452,3
2022HUBE02,Emil Henry Huber,40,73,2022,2025,5.048904109589041,6.6317808219178085,3
2014USER01,Rocío Fernández Usero,70,72,2014,2026,14.630833333333335,16.857916666666668,12
2014LENI02,Konrad Leśniak,55,72,2014,2026,6.8069444444444445,8.338055555555556,12
2011BROE01,Lars Van den broeck,48,72,2014,2026,6.835694444444445,10.391944444444444,12
2015TALB01,Seth Talbot,45,72,2015,2026,5.053055555555556,6.9125,11
2013MACI01,Adrián Martínez Macías,46,72,2014,2024,6.831666666666667,9.363750000000001,10
2015WOJC02,Michał Wojcieszek,46,72,2015,2025,5.488472222222223,6.31625,10
2015LEON02,Ivan Li Ka Leong (李嘉亮),44,72,2015,2025,4.733472222222222,6.60361111111111,10
2015HUAN32,Yuxuan Huang (黄宇轩),39,72,2016,2026,5.715,7.566666666666666,10
2016CUTS01,Sean Cutshaw,38,72,2016,2026,3.4419444444444443,4.8375,10
2016FERN07,Javier López Fernández,36,72,2016,2025,4.5623611111111115,6.276527777777778,9
2018RICH05,Drake Denton Richard,36,72,2018,2026,3.4140277777777777,5.040416666666667,8
2017BYRN02,Mathias Søndergaard Byrne,43,72,2017,2024,5.877777777777777,7.867777777777778,7
2017MERI01,Eduardo Arturo Palacios Merino,36,72,2018,2025,4.418472222222222,5.916388888888889,7
2019RATS05,Mike Vidrik Rätsep,39,72,2020,2026,5.524444444444445,7.574583333333333,6
2008DONG06,Baiqiang Dong (董百强),70,72,2014,2019,9.788055555555555,12.615416666666667,5
2021RODR03,Isabela Quesada Rodríguez,37,72,2021,2026,4.284583333333334,5.84,5
2022AHLS01,Arvid Ahlstrand,40,72,2022,2026,4.514861111111111,6.360138888888889,4
2022LEPP02,Väinö Leppänen,38,72,2022,2026,6.634722222222222,9.193055555555555,4
2023SUAR08,Dereck Samuel Marin Suarez,37,72,2023,2026,3.8131944444444446,5.387222222222222,3
2023VIDI02,Oskar Vidiček,37,72,2023,2026,4.1970833333333335,5.904583333333333,3
2023LOPE06,Ian Yazid Zavala,34,72,2023,2026,3.9179166666666663,5.346111111111111,3
2013GHOD01,Abhijeet Ghodgaonkar (अभिजीत घोडगावकर),49,71,2014,2026,6.666197183098592,9.239577464788733,12
2015BELO02,Pedro Henrique Maciel Ceccopieri Belo (陈昊然),57,71,2016,2026,8.382112676056337,11.399154929577465,10
2015MEDE01,Felipe Medel,42,71,2015,2025,4.036056338028169,5.733802816901409,10
2017FALA02,Zaky Kurnia Falah,44,71,2017,2026,3.1461971830985913,4.417323943661971,9
2017DAVI03,Katie Moughan,37,71,2017,2026,4.309014084507043,6.006056338028169,9
2016HERN05,Daniele Vanoli Hernández,29,71,2016,2025,4.458028169014084,6.075633802816902,9
2017KELL10,TJ Kelly,46,71,2018,2026,5.306901408450704,6.820281690140845,8
2017KUNA01,Linus Kunath,44,71,2017,2025,7.055352112676056,10.01943661971831,8
2017HUGH04,Lennon Hughes,37,71,2017,2025,4.565070422535212,6.324929577464789,8
2018SKOO01,Theo Skoog,37,71,2018,2026,4.640422535211267,6.3980281690140846,8
2017NIEL03,Michael Nielsen,35,71,2018,2026,2.853943661971831,4.15225352112676,8
2019NOBL01,Tom Noble,41,71,2019,2026,4.763098591549296,6.508873239436619,7
2018FOLD01,Lars Johan Folde,39,71,2020,2026,6.91718309859155,9.763521126760564,6
2022OTTO01,Mateusz Otto,38,71,2022,2026,4.222394366197183,5.751549295774648,4
2021ZHAN52,Martin Zhang (张镐轩),36,71,2021,2025,4.84056338028169,6.698028169014084,4
2022FURE01,CJ Furey,38,71,2022,2025,4.3228169014084505,6.39830985915493,3
2023MALO01,Quinn Maloney,37,71,2023,2026,2.846619718309859,3.9291549295774653,3
2022PINO01,Diego Garcia Pino,32,71,2022,2025,5.19112676056338,6.833098591549295,3
2014ZAUS01,Krystian Załuski,36,70,2014,2025,4.326714285714286,5.779571428571429,11
2013LIUC02,Chun-Ting Liu (劉淳庭),35,70,2014,2025,4.286714285714286,6.159285714285714,11
2016ZATR01,Tomáš Zatroch,46,70,2016,2026,6.565714285714286,9.087857142857143,10
2016MORA24,Sean Moran,39,70,2016,2026,4.537571428571429,6.287428571428571,10
2015BART05,Aiden Bartlett,36,70,2016,2026,3.307,4.714857142857143,10
2017PINT05,Josias Milan Sirpa Pinto,45,70,2017,2025,3.8014285714285716,4.870285714285714,8
2018LOPE09,Jesús Jorge García López,31,70,2018,2026,3.293428571428571,4.692714285714286,8
2019SICH01,Oliver Michael Sitja Sichel,34,70,2019,2026,4.167428571428572,5.715571428571428,7
2018FOST03,Ashley Foster,32,70,2019,2026,3.859428571428572,5.270714285714286,7
2020FRAS02,Daniel Fraser,32,70,2020,2026,4.366285714285714,5.970285714285715,6
2021BACK01,Jack Larsson Backsell,34,70,2021,2026,4.763428571428571,6.585428571428571,5
2013BOGD04,Tomek Bogdanik,28,70,2014,2019,3.8812857142857142,5.173714285714286,5
2022NEVE01,Kaique de Oliveira Neves,41,70,2022,2026,3.843428571428572,5.390285714285715,4
2022GOWM01,Gabriel Gowman,37,70,2022,2026,3.5900000000000003,4.847,4
2023RADO01,Levente Radovics,40,70,2023,2026,4.639428571428572,6.355714285714285,3
2022GOME12,Marco Criado Gómez,37,70,2023,2026,5.067714285714286,6.957,3
2023BELT07,Manuel Francisco Beltrán,38,70,2024,2026,4.3704285714285716,5.873428571428572,2
2024COLO04,Matteo Rodríguez Colorado,37,70,2024,2026,5.031571428571429,7.155571428571428,2
2009JUNW01,Wang Junwen (王俊文),63,69,2014,2026,9.347101449275362,13.182318840579711,12
2013LOYK01,Nikita Loika,46,69,2014,2026,7.707826086956522,10.84768115942029,12
2011MELI01,Artem Melikian (Артем Мелікян),34,69,2014,2024,5.5031884057971014,7.295217391304348,10
2017LIUJ21,Joy Liou Liu (刘丽欧),36,69,2018,2026,5.355797101449276,7.1842028985507245,8
2017SENI01,Oleksandr Seniuk (Олександр Сенюк),34,69,2017,2025,4.506376811594203,6.228985507246377,8
2017SWOR01,Noah Swor,33,69,2018,2026,3.360144927536232,4.894782608695652,8
2018MULL07,Hannes Müller,40,69,2019,2026,6.3853623188405795,8.611304347826087,7
2014BAAR01,Daan Baartmans,41,69,2015,2020,4.265072463768116,5.682608695652174,5
2021JOSH01,Jacob Joshi,29,69,2021,2026,3.817536231884058,5.269130434782609,5
2022GONC01,Mariana Castro,41,69,2022,2026,3.5017391304347827,4.83840579710145,4
2018SAND22,Einar Martin Sandvik,40,69,2022,2026,8.715942028985507,11.945942028985508,4
2022POZU01,Aitor Javier Rubio Pozuelo,34,69,2022,2026,5.332028985507247,7.309420289855073,4
2022RUIZ02,Marisa Revaliente Ruiz,30,69,2022,2026,4.765652173913043,6.475217391304348,4
2022GLAD01,Igor Gładysz,46,69,2023,2026,4.423333333333333,6.115797101449275,3
2023ROMA10,Adam Romanowski,37,69,2023,2026,4.121884057971014,5.693188405797101,3
2023SPRA03,Benjamin Spradley,31,69,2023,2026,3.1669565217391304,4.750724637681159,3
2023RODR80,Axel Juan Pablo Moreno Rodriguez,42,69,2024,2026,5.798115942028986,8.046666666666667,2
2010WHIT05,Zachary White,48,68,2014,2026,6.3,8.93514705882353,12
2012LAHL01,Fabian Löhle,41,68,2014,2024,6.224558823529412,8.186617647058823,10
2016NYCZ01,Marcel Nycz,54,68,2017,2026,6.413235294117648,7.159705882352942,9
2016LANG12,Fred Lang,42,68,2016,2025,5.798088235294117,7.9270588235294115,9
2014OCHA01,Bartosz Ochał,34,68,2014,2023,4.61264705882353,6.110735294117647,9
2016GALA04,Andrés Rodríguez Galán,30,68,2017,2026,4.897941176470589,6.517058823529412,9
2017HANS17,Lucas Hansen,62,68,2018,2026,12.450735294117647,16.47455882352941,8
2010STAS01,Vasily Stasyev,49,68,2014,2022,10.585588235294118,14.82235294117647,8
2016CORV01,Alejandro Daniel Salceda Corvera,47,68,2018,2026,6.117794117647058,8.608529411764707,8
2017FURE01,Dominik Fürer,37,68,2017,2025,3.6948529411764706,4.951764705882353,8
2019HOIN01,Preston Hoing,49,68,2019,2026,7.404117647058824,10.643970588235293,7
2019RIED01,Jan Riedl,39,68,2019,2026,5.3,7.647058823529412,7
2019PETT01,Canyon Pettitt,32,68,2019,2026,3.273529411764706,4.272058823529412,7
2019BROW09,Fabian Browa,30,68,2019,2026,2.7630882352941177,3.696029411764706,7
2014OHLE01,Simone Ohler,48,68,2017,2023,8.651470588235293,11.84014705882353,6
2020MCDO01,Jack McDougall,30,68,2020,2026,3.0667647058823526,4.209852941176471,6
2007JAKU01,Marcin Jakubowski,38,68,2014,2019,6.995441176470588,8.27970588235294,5
2021DING02,Ziqi Ding,28,68,2021,2026,2.901764705882353,4.0725,5
2019LEEJ10,Justin Lee,37,68,2022,2026,3.1933823529411764,4.218382352941177,4
2022PINE05,Cristhian Damián Fernández Pineda,45,68,2023,2026,6.866029411764706,9.5925,3
2011GROG02,Shane Grogan,59,67,2014,2026,7.656417910447762,11.41955223880597,12
2011LIUR02,Rui-Jun Liu (劉睿鈞),50,67,2014,2025,6.468507462686567,8.851492537313431,11
2009HARN01,Brandon Harnish,40,67,2014,2024,4.312985074626865,4.434477611940299,10
2016ATTA01,Fayad Hafiz Attaqi,39,67,2016,2026,3.56865671641791,4.523731343283582,10
2017HERM01,Daniel Anker Hermansen,49,67,2017,2026,7.760149253731343,10.696567164179104,9
2016CARL11,Kenneth Carlos,44,67,2017,2026,3.6695522388059705,5.007910447761193,9
2016HOUN01,Joshua Hounslow,34,67,2017,2026,4.331194029850746,6.104626865671642,9
2014NORD02,Amos Nordman,28,67,2015,2024,4.439402985074627,6.178507462686567,9
2017CHEN36,Xinyun Chen (陈新运),46,67,2017,2025,5.092089552238806,6.679850746268657,8
2018SMIT37,Conor Smith,40,67,2018,2025,6.609701492537313,9.001641791044776,7
2019IGNA05,Javier Ignacio,40,67,2019,2026,3.4597014925373135,4.702686567164179,7
2016ANSA02,Pessi Ansaranta,30,67,2016,2022,4.754626865671642,6.665522388059702,6
2018SAMK01,Max Kwok U Sam (郭愉琛),42,67,2022,2026,5.915223880597015,8.314179104477612,4
2022FIOL01,Krystian Fiołek,41,67,2022,2026,4.161791044776119,5.795522388059702,4
2021SCHE03,Bosse Schelander,37,67,2022,2026,5.161940298507463,7.111044776119403,4
2022SKAL01,Emanuel Skålberg,37,67,2022,2026,5.025223880597015,6.852089552238805,4
2022SZCZ03,Johanna Szczesny,36,67,2022,2026,6.356417910447761,8.477910447761193,4
2017BEZN01,Aleksandr Beznogov,34,67,2017,2021,3.769402985074627,5.074626865671642,4
2018AZEV03,Pedro Azevedo,32,67,2022,2026,3.7807462686567166,4.989999999999999,4
2023LOPE09,Jordi Lleixà López,35,67,2023,2026,4.927611940298507,6.733283582089552,3
2008COUR01,François Courtès,42,67,2014,2016,8.257014925373134,11.635671641791046,2
2009ZEMD01,Feliks Zemdegs,41,66,2014,2026,5.637727272727273,7.641060606060606,12
2013BEES01,Dominik Beese,35,66,2014,2026,5.935757575757576,8.483636363636363,12
2014KOZI01,Patryk Kozieł,31,66,2014,2026,4.031212121212121,5.05530303030303,12
2010ZHAO19,Eric Zhao,62,66,2014,2025,9.194242424242425,13.109848484848484,11
2015GALI02,Luke Galioto,58,66,2015,2025,9.740454545454545,12.95969696969697,10
2016DORS01,Jan van Dorst,48,66,2016,2026,6.031060606060606,8.051060606060606,10
2016EPST02,David Epstein,37,66,2016,2026,4.615454545454545,6.534848484848485,10
2015NABI01,Javid Nabizade,36,66,2016,2026,5.46969696969697,7.468030303030303,10
2014HUTF01,Frederik Hutfleß,33,66,2016,2026,3.9304545454545456,5.3136363636363635,10
2011SBAH01,Rami Sbahi,32,66,2014,2024,3.2153030303030303,4.478787878787879,10
2017MCKE02,Aidan McKenzie,43,66,2017,2026,4.500151515151515,6.02590909090909,9
2015PAVE01,Daniel Pavelich,37,66,2016,2025,4.2725757575757575,5.595757575757576,9
2016CETR01,Joel Cetra,35,66,2017,2026,5.167121212121212,7.565151515151515,9
2016LINB01,Brennen Lin,35,66,2016,2025,4.15030303030303,5.777424242424242,9
2016HRYN02,Vladyslav Hryniuk (Владислав Гринюк),32,66,2016,2025,4.641060606060606,6.125757575757576,9
2016RONG02,Chen Haorong (陈浩荣),30,66,2017,2026,3.568484848484849,4.713484848484848,9
2013GONZ05,Eki Gartzia González,26,66,2014,2023,3.8268181818181817,5.433636363636364,9
2017YANR02,Ruimin Yan (颜瑞民),50,66,2018,2026,5.79409090909091,7.91409090909091,8
2016SLEZ01,Gábor Slezák,46,66,2017,2025,6.402878787878787,9.050454545454546,8
2016CAST48,Timothy Castle,41,66,2017,2025,4.53530303030303,6.0231818181818175,8
2018AGAB03,Asset Agabekov,35,66,2018,2026,4.628787878787879,6.283484848484848,8
2017NYLE01,Alvar Nylén,34,66,2017,2025,5.125757575757576,7.356969696969697,8
2016WYRO01,Leon Jakub Wyrobek,31,66,2017,2025,4.873787878787879,6.653939393939394,8
2019KEDZ01,Adam Kędziorski,48,66,2019,2026,4.931666666666667,6.859242424242424,7
2018GRAI01,Aidan Grainger,36,66,2019,2026,4.613484848484848,6.296969696969697,7
2017ENGB01,Bryan Eng,32,66,2019,2026,3.319545454545455,4.382727272727273,7
2018TUUL01,Kaur Tuule,39,66,2019,2025,5.03939393939394,7.662878787878788,6
2013KAMI03,Vladislav Kaminskiy,32,66,2014,2020,6.369242424242424,8.772424242424243,6
2021SZAL01,Tymon Szalinski,44,66,2021,2026,7.891515151515152,10.816363636363636,5
2021ZANG01,Alessandro Zangolini,39,66,2021,2026,3.7448484848484846,5.197424242424242,5
2021JOKE01,Teemu Jokela,43,66,2023,2026,8.604848484848484,11.388484848484849,3
2022GERD01,William Gerdin,39,66,2023,2026,5.510303030303031,7.6001515151515155,3
2023PAKL02,Leland Pak,35,66,2023,2026,3.533181818181818,4.963333333333333,3
2023SOUS01,Enzo Perez De Sousa,34,66,2023,2026,4.670303030303031,6.3103030303030305,3
2012ZAKE02,Dušan Zakelšek,47,65,2014,2026,8.15276923076923,11.107076923076924,12
2014OMIA01,Igor Ośmiałowski,41,65,2014,2026,5.368153846153846,6.240615384615384,12
2013STAH02,Joey Stahl,35,65,2014,2025,3.7781538461538458,5.101230769230769,11
2011HOLL04,Edward Hollingdale,45,65,2016,2026,7.635999999999999,10.36923076923077,10
2016AREF01,Aleksander Arefiew,50,65,2017,2026,5.469692307692307,7.891384615384615,9
2011GONZ04,Javier Gonzalez-Napoleoni,46,65,2017,2026,6.164461538461539,8.763538461538461,9
2015MILL01,Dylan Miller,43,65,2016,2025,5.404923076923077,8.160307692307692,9
2010NATA01,Gerson Natanael,42,65,2017,2026,4.731076923076923,6.4103076923076925,9
2017SANK04,Vishwa Sankar,38,65,2017,2026,4.639692307692307,6.548769230769231,9
2016LEEM02,Matt Lee,35,65,2016,2025,4.343692307692307,6.121538461538461,9
2017KIRK01,Eli Kirk,34,65,2017,2026,2.888,3.9107692307692306,9
2016CHEU04,Andy Mok Man Cheuk (莫文卓),32,65,2017,2026,3.253076923076923,4.41276923076923,9
2017FUSH01,Shangtong Fu (傅上桐),31,65,2017,2026,2.913076923076923,3.8003076923076926,9
2018KRIZ01,Jan Křížka,53,65,2018,2026,8.148153846153846,11.112153846153845,8
2018DUTH01,Manu Dutheil,35,65,2018,2026,5.786769230769231,6.295076923076923,8
2014CABR07,Daniel Guardado Cabral,27,65,2014,2022,3.308461538461539,4.449230769230769,8
2016AVIL02,Fernando Astasio Ávila,35,65,2016,2023,5.591384615384615,7.889692307692308,7
2017BARR18,Fabian Andrey Montenegro Barrero,32,65,2017,2024,4.565076923076924,6.429230769230769,7
2014SEBA01,Juliette Sébastien,45,65,2016,2021,6.668769230769231,9.177846153846152,5
2021PHIL05,Nathan Phillips,35,65,2021,2026,4.680923076923077,6.148769230769231,5
2021SAMP01,Albert Mandicó Sampol,33,65,2021,2026,3.9413846153846155,5.754615384615385,5
2022GALA03,Satya Bhavesh Gala,37,65,2022,2026,4.977230769230769,7.120615384615384,4
2022LONN02,Fabian Lönnkvist,37,65,2022,2026,5.613846153846153,8.122615384615385,4
2012ZABR01,Ivan Zabrodin,33,65,2014,2018,4.812615384615384,6.672153846153846,4
2018RUSH01,Daniel Rush,36,65,2022,2025,5.102153846153846,7.084615384615384,3
2022BARN21,August Barnard,36,65,2023,2026,4.106,5.642461538461538,3
2019BROW10,Aidan Browne,32,65,2023,2026,5.115538461538462,7.123692307692308,3
2013HANU01,Hubert Hanusiak,53,64,2014,2026,7.30953125,9.89703125,12
2013HENA01,Pi Sevilla Hernández,47,64,2014,2025,8.53515625,9.31234375,11
2016CARD06,Felipe Cardim,39,64,2016,2026,5.01171875,6.754375,10
2013SAYP01,Pablo Say,35,64,2014,2024,6.300625,9.11171875,10
2015ZHYD01,Vladyslav Zhydkov (Владислав Жидков),31,64,2015,2025,3.95234375,5.7109375,10
2015SOLT03,Witold Sołtysik,46,64,2016,2025,5.014375,6.63171875,9
2016BARO04,Ben Baron,31,64,2016,2025,3.40734375,4.81484375,9
2017BARU01,Zach Baruch,49,64,2018,2026,6.54546875,8.78953125,8
2011CAOS01,Sheng Cao (曹晟),38,64,2014,2021,4.4353125,6.1015625,7
2015JANS02,Simon Jansson,32,64,2016,2023,5.35546875,6.998125,7
2019PILH01,Jonas Pilhöfer,33,64,2020,2026,4.67890625,6.23515625,6
2011KUOE01,Er-Sheng Kuo (郭爾陞),35,64,2014,2019,5.98296875,8.32328125,5
2020LIAN05,Oscar Liang,33,64,2020,2025,4.371875,6.141875,5
2021SPIE02,Ulrich Spies,50,64,2022,2026,10.1753125,13.8815625,4
2022NAGA02,Yuki Nagai,36,64,2022,2026,4.8754687500000005,6.47984375,4
2012KALE01,Przemysław Kaleta,31,64,2014,2018,3.92671875,5.3884375,4
2022MART63,Rodrigo Delgado Martínez,36,64,2023,2026,7.1715625,7.99734375,3
2022SCHE13,Emanuel Schelin,35,64,2023,2026,3.80125,5.77875,3
2023CELL01,Yago Malleiro Cellitti,31,64,2023,2026,4.9046875,6.7515625,3
2013TITO02,Georgiy Titov (Георгій Тітов),43,63,2014,2026,9.268095238095238,13.492380952380952,12
2015SIAN01,Dylan Seah Tze Siang (谢智翔),41,63,2015,2026,4.834126984126985,6.252380952380952,11
2012RUPE01,Akash Rupela,38,63,2014,2025,6.46063492063492,9.203650793650795,11
2014TAND02,Saransh Tandon,33,63,2014,2025,5.015238095238095,6.945238095238095,11
2016GAMM01,Vincenzo Maria Gammino,58,63,2016,2026,10.867460317460317,15.264444444444443,10
2016SHAW02,Sam Shaw,45,63,2016,2026,8.056984126984128,11.406666666666666,10
2016VINC01,Marie Vincent,39,63,2016,2026,6.088095238095239,8.593492063492063,10
2016PRES04,Matt Prestwich,36,63,2016,2026,4.861746031746032,6.5934920634920635,10
2016LIJI01,Jingbin Li (李晶斌),36,63,2017,2026,4.102698412698413,5.900476190476191,9
2015NJAM01,Magne Njå,34,63,2016,2025,6.932698412698413,10.242698412698411,9
2008TAIC01,Chia-Liang Tai (戴嘉良),32,63,2014,2023,4.944126984126984,6.699523809523809,9
2016ARRE02,César Abraham Briones Arreola,31,63,2016,2025,4.875714285714286,6.7595238095238095,9
2017LAMB06,Andreas Lambropoulos,42,63,2018,2026,4.306349206349206,6.306666666666667,8
2019NOBI01,Jacob Nobili,39,63,2019,2026,4.903015873015873,6.5469841269841265,7
2019BREM02,Daniel Brem,33,63,2019,2026,2.5317460317460316,3.549206349206349,7
2021STAW01,Tomasz Stawowy,46,63,2021,2026,6.904444444444445,9.387460317460317,5
2014RAJE03,Anish Rajesh,32,63,2014,2019,5.195714285714286,5.334603174603174,5
2021ROBE04,Regan Roberts,29,63,2021,2026,3.964126984126984,5.206825396825397,5
2017DURE01,Ryan Durette,48,63,2022,2026,5.935873015873016,8.373968253968252,4
2017GARC48,Haiver Lenin Reyes Garcia,46,63,2022,2026,6.532380952380953,9.257301587301589,4
2022TOMA05,Majk Tomas,46,63,2022,2026,5.1820634920634925,7.676349206349206,4
2015SOLO01,Konstantin Solovev (Константин Соловьёв),34,63,2016,2020,4.945714285714286,6.4163492063492065,4
2019MYSL01,Szymon Myśliński,34,63,2022,2026,4.027460317460317,5.5587301587301585,4
2022PRIN08,Zian Principe,49,63,2023,2026,5.836031746031746,8.18968253968254,3
2023TIMO01,Víctor Tretyakov Timofeyeva,44,63,2023,2026,9.46984126984127,12.546507936507936,3
2023MOLI01,Germán García Molina,37,63,2023,2026,6.398730158730158,9.316190476190476,3
2023BERN07,Florian Bernard,32,63,2023,2026,4.7680952380952375,6.372539682539682,3
2020BERM02,Adam Bermingham,31,63,2023,2026,4.829365079365079,6.545238095238096,3
2014PLOU01,Laura Plourde,44,62,2015,2026,5.531451612903226,7.991612903225807,11
2013SOUS03,Francisco Thales Rocha Sousa,34,62,2015,2026,5.724516129032258,7.8791935483870965,11
2009KONV01,Asia Konvittayayotin (เอเชีย กรวิทยโยธิน),49,62,2016,2026,6.428225806451613,8.71032258064516,10
2014MELL03,Gabriel Sargeiro Gomes de Mello,46,62,2016,2026,7.631290322580645,11.070967741935483,10
2013DENN01,Andy Denney,39,62,2014,2024,4.2948387096774185,5.784193548387097,10
2015TRAN07,Dan Tran,38,62,2016,2026,4.621612903225807,6.348225806451612,10
2016KOTW01,Mateusz Kotwica,50,62,2016,2025,7.232258064516128,9.387096774193548,9
2016DURA09,Paweł Duraj,49,62,2017,2026,5.262741935483871,7.059354838709678,9
2017ZIMA01,Benedek Zimányi,48,62,2017,2026,7.00258064516129,9.350000000000001,9
2017MART16,Raúl Serrano Martínez,42,62,2017,2026,7.211774193548387,10.715806451612902,9
2013SZUM01,Grzegorz Szumigaj,29,62,2014,2023,4.469838709677419,6.038709677419354,9
2016KIEB01,Midas Kiebert,40,62,2016,2024,3.6256451612903224,4.938387096774194,8
2017KOCH08,Tyler Kochy,31,62,2017,2025,3.6164516129032256,4.968225806451613,8
2017BENE05,Botond Benedek,30,62,2018,2026,4.633064516129032,6.268709677419355,8
2018KAST02,Ihor Kastranets (Ігор Кастранець),29,62,2018,2026,3.0433870967741936,4.2908064516129025,8
2015JAEH01,Konstantin Jaehne,47,62,2017,2024,9.778225806451612,13.031774193548388,7
2017HOJE01,Jerry Chung (鍾養浩),33,62,2019,2026,4.169354838709677,5.625967741935484,7
2018WILS10,Keon Wilson,31,62,2019,2026,3.9143548387096776,5.639677419354839,7
2017TIMO01,Liam Uno Timour-Silveira,26,62,2017,2024,4.9880645161290325,7.209354838709678,7
2019CUTT01,Elizabeth Cutting,39,62,2019,2025,5.876935483870968,8.259032258064517,6
2013GALA04,Pavel Galaktionov,37,62,2014,2020,4.993225806451613,6.832096774193548,6
2019LOND02,Andres Felipe Rodríguez Londoño,46,62,2021,2026,8.561612903225807,11.634354838709678,5
2021VITA01,Kaemon Vita,39,62,2021,2026,5.398064516129033,7.740806451612904,5
2013UVES01,Mattias Uvesten,26,62,2014,2019,4.1295161290322575,5.7454838709677425,5
2022ARRI02,Joel Santamaría Arriola,32,62,2022,2026,5.737096774193549,7.922903225806452,4
2020MOCO01,Conan Mo,31,62,2020,2024,4.474354838709678,6.103387096774194,4
2022CALD07,Noah Calderon-Kamata,31,62,2022,2026,4.7858064516129035,6.7141935483870965,4
2022STAD01,Tommy Stady,52,62,2023,2026,10.558225806451613,14.21016129032258,3
2023BRYS01,Lucy Grace Bryson,38,62,2023,2026,4.763709677419355,6.339354838709678,3
2023KREJ01,Matyáš Krejcárek,34,62,2023,2026,5.042903225806452,6.836451612903226,3
2022HERB02,Thea Herborn,35,62,2023,2025,4.827258064516129,6.637419354838709,2
2023AANK01,Ankit A,33,62,2024,2026,5.308870967741935,7.465806451612903,2
2011CHOI04,Jusun Choi (최주선),29,61,2014,2026,3.3577049180327867,4.523278688524591,12
2009TIRA01,Javier Tirado Ortiz,53,61,2014,2024,12.449836065573772,16.74754098360656,10
2014RENW01,William Gan Wei Ren (颜伟仁),43,61,2015,2025,5.190327868852459,7.286393442622951,10
2014KANN02,Arun Kannan,42,61,2016,2026,8.365901639344262,11.123770491803278,10
2016BROD01,Bernhard Brodowsky,40,61,2016,2026,6.854918032786885,9.545245901639344,10
2012ORTI04,Jose Abanto Ortiz,38,61,2014,2024,5.348360655737705,7.356393442622951,10
2016SANT08,Kyle Santucci,38,61,2016,2026,4.502131147540983,5.8083606557377045,10
2015NILS02,Simon Nilsson,34,61,2016,2026,5.630983606557377,7.5878688524590165,10
2016ARVI04,Dante Wallin Arvidsson,33,61,2016,2026,5.537377049180328,7.677704918032786,10
2014RUMO01,Antoni Rumowski,32,61,2014,2024,5.019508196721311,6.6532786885245905,10
2017LEMB02,Mikus Lembergs,32,61,2017,2026,4.5591803278688525,6.579180327868852,9
2013BOND02,Yevhenii Bondarenko (Євгеній Бондаренко),32,61,2014,2022,7.208032786885246,10.671311475409837,8
2017VNKA01,Rūdolfs Vīnkalns,31,61,2017,2025,4.670491803278688,6.428360655737705,8
2019ZENG10,Wei-Ming Zeng (曾唯銘),28,61,2019,2026,3.2454098360655736,4.514262295081967,7
2016PATR03,Tristan Patrick,39,61,2020,2026,7.592459016393442,10.670327868852459,6
2013ANIR01,Hari Anirudh,37,61,2014,2020,6.619508196721312,9.151475409836065,6
2019KALL02,Herman Westerlund Kalland,28,61,2020,2025,4.2037704918032786,5.799344262295082,5
2021MATA01,Levi Benjamin Matara-Ng,25,61,2021,2026,3.6281967213114754,4.778360655737705,5
2022ROGE05,Eli Rogers,39,61,2022,2026,5.127377049180327,7.503934426229509,4
2022CORR06,Jack Corr,36,61,2022,2026,6.310819672131148,8.899672131147542,4
2022OLSE07,Nilias Samuel Olsen,32,61,2022,2026,5.062622950819672,7.142459016393443,4
2022FORS06,Bo Forsell,31,61,2022,2026,4.930983606557377,6.771967213114754,4
2023CREA02,Christian Crea,35,61,2023,2026,3.6257377049180333,4.7667213114754095,3
2023WILS11,Evan Wilson,32,61,2023,2026,4.550327868852459,5.996885245901639,3
2023ZAST01,Szymon Zastawny,30,61,2023,2026,3.146229508196721,4.17655737704918,3
2022ANTO01,Eevert Antola,29,61,2022,2025,4.751311475409836,6.638524590163934,3
2023BENN04,Jacob Bennett,29,61,2023,2026,3.2340983606557376,4.678524590163934,3
2024DORO01,Lev Azaria Doron,29,61,2024,2026,3.581639344262295,4.732786885245901,2
2014RAPO01,Tommaso Raposio,42,60,2014,2026,6.103666666666667,9.642,12
2016FLOR24,Axel Flordal,46,60,2017,2026,8.745166666666668,10.269333333333332,9
2016NIJU01,Chun-Pao Ni (倪君寶),46,60,2017,2026,6.306166666666667,8.2285,9
2017YOUN10,Kaius Young,41,60,2017,2026,6.488,8.887,9
2017PARK05,DongSoo Park (박동수),38,60,2017,2026,3.8885,5.4735000000000005,9
2016YIUN01,Nolan Yiu,47,60,2017,2025,5.311000000000001,7.535833333333333,8
2017KLOS01,Willem Klose,43,60,2018,2026,7.288333333333333,10.293166666666668,8
2014BENA03,Sebastiano Benato,40,60,2017,2025,8.341166666666666,11.281833333333333,8
2018MADR02,Maxime Madrzyk,38,60,2018,2026,4.569833333333333,6.2669999999999995,8
2017AKHU02,Mykhailo Akhunov (Михайло Ахунов),36,60,2018,2026,5.406499999999999,7.640166666666667,8
2018ALAM08,Leon Marcell Alamanda,36,60,2018,2026,3.0228333333333333,4.2105,8
2017MATT06,Sandro Mattenberger,33,60,2018,2026,3.747333333333333,5.2865,8
2017GUTI13,Hazel Moises Ruiz Gutierrez,35,60,2017,2024,5.3100000000000005,7.0600000000000005,7
2019CALO01,Peio Calonge,31,60,2019,2026,6.4608333333333325,9.111500000000001,7
2015KOZH01,Vladislav Kozhin,33,60,2015,2021,3.3823333333333334,4.717666666666667,6
2020TAOR01,Richard Yiheng Tao,28,60,2020,2026,4.167833333333333,5.691833333333333,6
2021SALE01,Sofia Saletnich,38,60,2021,2026,5.0504999999999995,6.816666666666666,5
2022MACC01,Evan Maccagnan,35,60,2022,2026,4.074833333333333,5.408166666666667,4
2021MAJC01,Jakub Majchrzak,34,60,2022,2026,3.5028333333333332,4.956333333333333,4
2021WALS04,Nuadha Walsh,31,60,2022,2025,5.7251666666666665,7.890166666666667,3
2023PONG03,Hui Chun Pong (許俊邦),27,60,2023,2026,3.0806666666666667,4.141666666666667,3
2023LIUY04,Yening Liu (刘烨宁),26,60,2023,2026,2.481,3.1843333333333335,3
2023HANN13,Ahti Isohanni,31,60,2024,2026,5.757333333333333,8.176833333333333,2
2014BART06,Jakub Bartos,46,59,2015,2026,6.617627118644068,8.153050847457626,11
2014MIAO02,Qijun Miao (缪其隽),28,59,2015,2026,2.77864406779661,3.573559322033898,11
2015TERR01,Fabricio Andrés Yañez Terrazas,44,59,2016,2026,6.342881355932204,8.037627118644068,10
2016LECO01,Yoann Lecoeur,44,59,2016,2026,9.337627118644066,10.55728813559322,10
2016VINC03,Justin Vinckenbosch,43,59,2016,2026,6.203898305084746,8.747118644067797,10
2015VISE01,Caro Visentin,37,59,2016,2026,6.633898305084745,9.378135593220337,10
2015RAME02,Naren Ramesh,36,59,2015,2025,6.183220338983051,7.824915254237289,10
2015JORG01,Mikela Elleby Jørgensen,58,59,2015,2024,17.73186440677966,21.88949152542373,9
2017MOOR03,Clay Moore,48,59,2017,2026,7.316101694915254,10.187288135593219,9
2016SERR09,David Sánchez Serrano,38,59,2017,2026,7.422372881355932,10.074406779661016,9
2010ESTU01,Rémi Esturoune,45,59,2017,2025,6.176440677966102,9.00864406779661,8
2018MEND18,Sara García Mendes,43,59,2018,2026,7.714745762711865,10.778983050847458,8
2011CHEN54,Yuxuan Chen,33,59,2017,2025,4.871864406779661,6.287627118644068,8
2017CHAM02,Anael Champion,31,59,2018,2026,4.3430508474576275,6.570338983050847,8
2017KLAU01,William Klauer,29,59,2017,2025,2.8971186440677967,3.851525423728814,8
2017STEW08,Jack Flynn Stewart,29,59,2018,2026,2.9608474576271187,3.975593220338983,8
2019TERP01,Angelo Terpening,39,59,2019,2026,5.403728813559322,7.23677966101695,7
2014YELI01,Maksym Yeli (Максим Єлі),32,59,2015,2022,5.676440677966102,7.971864406779662,7
2014THUV01,Johan Thuvesen,30,59,2014,2021,5.459152542372881,7.874406779661016,7
2008PLAC01,Niki Placskó,56,59,2014,2019,14.337796610169491,17.763898305084744,5
2022TORR12,Fernando Granado Torres,31,59,2022,2026,5.562372881355932,7.857966101694915,4
2021OCHO01,Juan Esteban Ochoa,30,59,2021,2025,4.658983050847458,6.509830508474576,4
2022GRIS03,Julian Daza Grisales,29,59,2022,2026,4.3364406779661016,5.685423728813559,4
2022HAIN04,Cillian Hainbach,29,59,2022,2026,4.243898305084746,5.596101694915254,4
2023DIAZ45,Sergio Chaparro Díaz-Cano,44,59,2023,2026,9.227118644067795,13.261525423728813,3
2019DARK02,Keenan Darkins,42,59,2022,2025,6.007457627118644,8.54949152542373,3
2022SLIW01,Filip Śliwa,38,59,2023,2026,4.013220338983051,5.288813559322034,3
2023AMBR04,Frederik Ambrosi,35,59,2023,2026,6.652203389830508,9.071186440677966,3
2023ANDR25,Milan Vincent Andric,35,59,2023,2026,3.666271186440678,5.1947457627118645,3
2022BRKI02,Matej Brkić,31,59,2022,2025,3.8381355932203394,5.013898305084745,3
2021YEZI01,Ziyu Ye (叶梓渝),28,59,2023,2026,2.480677966101695,3.3538983050847455,3
2023MESA04,Liberto Ventura Mesa,25,59,2023,2026,3.887966101694915,5.638305084745763,3
2014SRIV05,Somya Srivastava,58,58,2016,2026,20.013448275862068,21.234310344827584,10
2016MUNO13,Lucía Pascual Muñoz,37,58,2016,2026,6.262586206896552,8.078448275862069,10
2015TRAC01,Olivia Trace,35,58,2015,2025,4.60551724137931,5.6210344827586205,10
2016THAK01,Ram Thakkar (राम ठक्कर),37,58,2017,2026,5.42,7.315172413793104,9
2016PARK02,Eli Parker,32,58,2017,2026,3.9691379310344828,5.45051724137931,9
2018WORK01,Lydia Workman,37,58,2018,2026,6.341206896551724,9.330862068965518,8
2017TRUC02,Jonathan Truchot,36,58,2017,2025,4.712931034482759,6.261724137931035,8
2016GARC52,Jaime Botello García,28,58,2017,2025,4.783793103448276,6.588275862068966,8
2018YANG70,Zong-Xing Yang (楊宗興),24,58,2018,2026,3.3344827586206898,4.506724137931034,8
2016TYRA02,Mikołaj Tyra,39,58,2017,2024,5.6401724137931035,6.887931034482759,7
2018STEP07,Lachlan Stephens,31,58,2019,2026,5.44051724137931,7.491034482758621,7
2013ANDE04,Rasmus Andersson,28,58,2014,2021,5.142586206896551,7.264827586206897,7
2020MADD02,Jack Maddigan,39,58,2020,2026,7.201379310344827,9.839310344827584,6
2018GONZ25,Luka Arce González,31,58,2019,2025,4.488620689655172,6.005172413793104,6
2019MEAD03,Kyle Meade,28,58,2019,2025,3.1810344827586206,4.5536206896551725,6
2016GSEL01,Grégoire Gsell,26,58,2017,2023,4.1162068965517244,5.437241379310345,6
2019SANC20,Samuel Martinez Sanchez,33,58,2021,2026,5.788620689655173,8.258965517241379,5
2022JOHA08,Leo Johansson,43,58,2022,2026,4.826724137931034,6.799137931034483,4
2022PAUW01,Joran Pauwels,37,58,2022,2026,4.01948275862069,5.741896551724137,4
2022ALPS01,Emil Alpsten,29,58,2022,2026,4.1194827586206895,5.692413793103449,4
2017GONZ50,Ekaitz Rey González,26,58,2022,2026,4.517931034482759,6.076724137931034,4
2022KUCA01,Joe Kucala,51,58,2023,2026,14.04448275862069,18.840172413793105,3
2023MEZA02,Miguel Ángel Meza,46,58,2023,2026,10.41,13.739999999999998,3
2023CLAR13,Jayden Clark,39,58,2023,2026,5.393793103448275,7.299310344827586,3
2011WANG33,Yi Wang (王旖),35,58,2016,2019,5.003103448275862,6.896206896551725,3
2021DOHE02,Kalin Doherty,32,58,2022,2025,4.950862068965517,7.243620689655172,3
2023ROEP01,Isak Gylling Roepstorff,32,58,2023,2026,4.747931034482758,6.780862068965518,3
2023YEAI01,Aidan Loh Kai Ye,29,58,2023,2026,3.8551724137931034,5.108448275862069,3
2022PETO02,Bence Pető,27,58,2023,2026,3.348275862068965,4.589482758620689,3
2021BURK03,Cathal Burke,24,58,2022,2025,3.0075862068965518,4.285,3
2023GIPS01,Kenji Gipson-Nahman,37,58,2023,2025,4.981206896551725,7.091896551724138,2
2013MORO01,Szymon Moroń,42,57,2014,2026,6.16421052631579,7.393859649122807,12
2013VAKU01,Edward Vakula,35,57,2014,2026,3.894035087719298,5.312105263157895,12
2010SYAH03,Muhammad Syahmi,50,57,2015,2026,6.98719298245614,9.590175438596491,11
2013GOOD01,Daniel Goodman,41,57,2014,2025,4.8966666666666665,6.530350877192983,11
2015RUSN01,Ethan Rusnak,37,57,2015,2026,5.025087719298246,6.784912280701755,11
2012QUIB01,Louie Jay Quibote,50,57,2015,2025,7.713508771929825,11.4659649122807,10
2016HOLD04,Joanna Hołdakowska,41,57,2016,2026,5.673859649122806,6.360175438596491,10
2016SINY01,Alexei Sinyavin,41,57,2016,2026,4.620877192982456,6.816315789473685,10
2016YEAG01,Chris Yeager,36,57,2016,2026,4.493508771929824,6.710350877192982,10
2015RIBI01,Vilius Ribinskas,35,57,2016,2026,4.741228070175438,6.599298245614036,10
2014DETU01,Eddy Deturche,38,57,2015,2024,5.661929824561404,7.173684210526315,9
2017PIET01,Kristiāns Pietkuns,30,57,2017,2026,5.316842105263158,7.257017543859649,9
2016JRAC01,Ace Djun T. Aguirre Jr.,38,57,2017,2025,3.954385964912281,5.423333333333333,8
2018ALVA16,Jansen Alvarez,37,57,2018,2026,3.8228070175438598,5.417719298245614,8
2017CRET01,Jules Créteur,33,57,2018,2026,4.563859649122807,6.1524561403508775,8
2018YUAN02,Anqi Yu,29,57,2018,2026,4.47,5.954561403508772,8
2017BRAN02,Dominic Brandi,27,57,2018,2025,3.30719298245614,4.355438596491228,7
2019ORTI03,Jose Ortiz Jr.,27,57,2019,2026,3.7235087719298248,5.353508771929824,7
2019AMAR04,Charles Amarello,52,57,2019,2025,8.940701754385964,11.937719298245614,6
2017SHAR27,Shyngys Sharapadin (Шынгыс Шарападин),35,57,2018,2024,6.739473684210526,9.23298245614035,6
2019PEAR02,Viktor Pearl,28,57,2019,2025,3.8047368421052634,5.170526315789474,6
2019RODR39,Pedro Sanz Rodriguez,24,57,2019,2025,5.015087719298246,7.25,6
2019NORD06,Elias Nordlund,38,57,2020,2025,9.340701754385965,12.856140350877192,5
2021EPPI01,Nicholas Eppingstall,36,57,2021,2026,6.286315789473684,8.91421052631579,5
2021RICH02,Reed W. Richardson,40,57,2022,2026,5.16421052631579,7.5577192982456145,4
2022NUNE03,Matias Marcantoni-Nunez,30,57,2022,2026,3.9098245614035085,5.374736842105263,4
2022RETT01,Richard Rettich,28,57,2022,2026,3.660877192982456,5.26280701754386,4
2022BUTL02,Kellan Butler,27,57,2022,2026,4.178421052631579,5.555964912280702,4
2022STON09,Sebastian Stone,41,57,2023,2026,5.366491228070175,7.779649122807018,3
2022COST03,Christofor Gabriel Costea,39,57,2022,2025,5.583157894736842,7.938771929824561,3
2022HAYL02,Kyle Kayden Renatus,38,57,2023,2026,7.643157894736842,10.716666666666667,3
2024GABO02,Henryk Gabor,38,57,2024,2026,4.837017543859648,6.709649122807018,2
2014KIMJ02,Jungwoo Kim (김정우),35,56,2014,2026,4.1875,5.190357142857144,12
2014BAIR01,Ray Bai,36,56,2015,2026,4.619285714285715,7.112142857142857,11
2014CHRI04,Benjamin Christie,30,56,2015,2026,3.9598214285714284,5.577857142857143,11
2015PART04,Harvie Partridge,26,56,2015,2026,3.7855357142857144,4.845535714285715,11
2011KALM01,Viktor Kalmar,35,56,2014,2024,6.414464285714286,9.307678571428571,10
2015OSPI01,Luis Angel Contreras Ospina,31,56,2016,2026,6.326071428571429,8.211785714285714,10
2015SAMO01,Daniel Samoszyn,31,56,2015,2025,3.9898214285714286,5.055535714285715,10
2015SETT01,Fabian Settelen,41,56,2017,2026,7.636964285714286,10.275,9
2017MRUD01,Sai Mrudhun (சாய் மிருதுன்),34,56,2017,2026,5.647142857142858,7.476964285714286,9
2013MUAT01,Matěj Mužátko,31,56,2014,2023,5.889642857142857,8.525178571428572,9
2015BELJ01,Toni Beljo,27,56,2016,2025,4.654285714285714,6.5225,9
2017YINX01,Xingkai Yin (尹星凯),27,56,2017,2026,4.499642857142857,5.905178571428571,9
2018KHAN27,Ibrahim Khanani,43,56,2018,2026,6.315892857142857,8.702499999999999,8
2015HIGH01,Liam Highducheck,30,56,2019,2026,4.34125,5.919107142857143,7
2018HERN33,Daniel Zamora Hernandez,27,56,2018,2025,4.316964285714286,5.517678571428571,7
2017SANC31,Pol Juny Sánchez,26,56,2017,2024,3.695,4.985357142857143,7
2018JUNT01,Tan Jun (陈俊),31,56,2019,2025,4.841607142857143,7.046428571428572,6
2017SUND09,Waldemar Sundin,21,56,2017,2023,4.652500000000001,6.164821428571429,6
2021PIOR01,Wojciech Piórczyński,31,56,2021,2026,3.4828571428571427,4.635892857142857,5
2020CHEN31,Kai-Lun Cheng (鄭凱倫),23,56,2020,2025,2.6623214285714285,3.969107142857143,5
2021GASP01,Elisa Gasperotti,43,56,2022,2026,8.249285714285714,11.265178571428573,4
2022SAND23,Eli Sanderson,40,56,2022,2026,9.36125,12.956785714285715,4
2021OTSU01,Jamie Otsu,29,56,2022,2026,4.664464285714286,6.51375,4
2022GIAV01,Julian Giæver-Engesmo,26,56,2022,2026,5.001785714285715,7.161428571428572,4
2023SZCZ04,Antoni Szcześniak,49,56,2023,2026,7.061428571428571,9.53357142857143,3
2022SOZA01,Tymon Sozański,36,56,2022,2025,5.418928571428571,6.820178571428571,3
2023BLIN01,Julien Blin,31,56,2023,2026,5.43,7.616428571428571,3
2024RICC01,Riccardo Fiumefreddo,34,56,2024,2026,4.781071428571429,6.752321428571428,2
2024VASI03,Ville Vasilis,32,56,2024,2026,5.65625,7.807678571428572,2
2008JEWR01,Ryan Jew,55,55,2014,2026,11.796363636363635,15.178363636363635,12
2014WUBA01,Baocheng Wu (吴宝城),38,55,2015,2026,5.997999999999999,8.166363636363636,11
2015BROM01,Yorick Brommer,37,55,2015,2026,6.499454545454545,8.789272727272728,11
2014MUTC01,Alex Mutch,47,55,2015,2025,7.435090909090909,11.408000000000001,10
2015CALD02,Kymberlyn Calderon,42,55,2016,2025,4.450545454545455,6.102545454545455,9
2015PESC01,Eric Pesci,33,55,2016,2025,5.290363636363637,7.6596363636363645,9
2016SORI04,Luigi Soriano,33,55,2016,2025,3.5769090909090906,4.993454545454545,9
2013HAHN02,Max Hahnbück,26,55,2014,2023,5.454545454545454,7.580727272727272,9
2017FLOR20,Axel Hernández Flores,25,55,2017,2026,4.7789090909090906,6.575272727272727,9
2017BHOL01,Veenayak Bhola,29,55,2018,2026,4.090727272727273,5.602545454545455,8
2017NORR01,Timo Norrkniivilä,29,55,2017,2025,5.7050909090909085,8.012,8
2018OROP01,Gamaliel Jimenez Oropeza,29,55,2018,2026,4.231636363636364,5.417090909090909,8
2016MURP05,Max Murphy,27,55,2018,2026,3.4305454545454546,4.334363636363636,8
2017KORH01,Lauri Korhonen,27,55,2018,2026,5.970000000000001,7.827090909090909,8
2018ARNE04,Davide Arnesano,31,55,2019,2026,4.5556363636363635,6.316727272727273,7
2018GREE09,Oscar Coleman Green,31,55,2018,2025,5.769636363636363,7.680909090909091,7
2015ARJA01,Juho Arjanne,30,55,2016,2023,6.351454545454545,8.738363636363637,7
2017NOKE01,Jacob Nokes,30,55,2017,2024,5.671090909090909,8.130545454545455,7
2017ZHUY07,Charles Zhu (朱彦臣),48,55,2017,2023,0.47309090909090906,0.6030909090909091,6
2017SWAI01,Adam Swaine,33,55,2018,2024,5.917090909090909,8.365818181818183,6
2015CHEN56,Yu-Kai Chen (陳宇楷),30,55,2016,2022,5.310181818181818,7.515090909090909,6
2017WARR04,Benjamin Warry,24,55,2019,2025,3.419636363636364,4.781818181818182,6
2021KASP01,Eryk Kasperek,43,55,2021,2026,5.666727272727273,7.823090909090909,5
2010DUJI01,Jiejie Du (杜杰杰),31,55,2014,2019,4.493090909090909,6.270181818181818,5
2022DUPU01,Nicolas Dupuis,30,55,2022,2026,3.978909090909091,5.5992727272727265,4
2022HAVI03,Sigurd Volan Håvik,28,55,2022,2026,4.9870909090909095,7.112181818181819,4
2022RUDA02,Roman Rudakov,24,55,2022,2026,3.5170909090909093,4.6116363636363635,4
2022PARR10,Max Parris,21,55,2022,2026,2.9416363636363636,4.11090909090909,4
2022VRAB01,Oana-Simona Vrabie,40,55,2023,2026,7.376,10.70290909090909,3
2023BASL02,Kryštof Basl,30,55,2023,2026,5.994545454545454,8.279636363636364,3
2023GUOJ02,Jiayao Guo (郭家瑶),28,55,2023,2026,2.450181818181818,3.1225454545454547,3
2022ARAM01,Ron G. Arama,27,55,2023,2026,3.5809090909090906,4.886181818181818,3
2022NUGE01,Tom Nugent,25,55,2022,2025,3.643090909090909,5.031090909090909,3
2023VELA19,Pablo Amoraga Velasco,25,55,2023,2026,4.638909090909091,6.566545454545454,3
2023MONT04,Miguel Martínez Montañes,24,55,2023,2026,4.63109090909091,6.1463636363636365,3
2023MAGA09,Juan Miguel Y. Magallanes,45,55,2024,2026,5.215636363636364,7.248363636363636,2
2024SUBI01,Gabriel Subion,40,55,2024,2026,5.354363636363637,7.089272727272728,2
2012KRIS04,Velidi Venkata Jagan Mohana Murali Krishna,40,54,2014,2025,8.704444444444444,13.753518518518517,11
2012TYCK01,Luke Tycksen,31,54,2014,2024,4.031481481481482,5.786851851851852,10
2016JERO01,Charles Jerome,31,54,2016,2026,3.2781481481481483,4.457777777777777,10
2013KATO01,Eva Kato,40,54,2014,2023,4.6775925925925925,6.49037037037037,9
2017TKAC04,Oliwier Tkaczyk,35,54,2017,2026,4.500185185185185,6.358888888888889,9
2016PASK01,Aaron Paskow,34,54,2017,2026,4.277037037037037,6.145,9
2017DAND01,Pranav Dandgaval,33,54,2017,2026,4.814444444444445,6.929814814814814,9
2017STRA03,Kyle Van Straaten,30,54,2017,2026,3.6996296296296296,5.320555555555556,9
2018DALO01,Charles Daloz-Baltenberger,38,54,2018,2026,5.470185185185185,8.186111111111112,8
2018GVAR01,Andro Gvaramadze,37,54,2018,2026,3.974074074074074,5.107407407407408,8
2016LAGO04,Mykhailo Lagoida (Михайло Лагойда),27,54,2016,2024,3.2998148148148148,4.344814814814815,8
2018CREE01,Kerry Creech,27,54,2018,2026,3.5142592592592594,4.857037037037037,8
2018CHAM01,Tucker Chamberlain,25,54,2018,2026,3.6159259259259255,4.942777777777779,8
2017GRAY02,Ashley Gray,44,54,2019,2026,9.459074074074074,12.90962962962963,7
2007CINO01,Rafael de Andrade Cinoto,29,54,2017,2024,9.088518518518518,13.193888888888889,7
2018OLII01,Maksym Oliynyk,28,54,2018,2025,4.997592592592593,7.2505555555555565,7
2019BONE03,Antonio Bonessi,40,54,2021,2026,5.464814814814815,7.703518518518519,5
2021SCHW01,Jacob Schwartz,31,54,2021,2026,4.587962962962963,6.550925925925926,5
2016BEAU03,Maria Beausang,54,54,2022,2026,15.362962962962964,20.92037037037037,4
2022KIER01,Joanna Kierznikiewicz,43,54,2022,2026,5.6651851851851855,8.005740740740741,4
2022KEAT02,Tadhg Keating,37,54,2022,2026,8.518703703703704,11.294444444444444,4
2017ILIN01,Maxim Ilin,31,54,2017,2021,4.316666666666666,5.95,4
2022KEDZ01,Ryszard Kędziora,31,54,2022,2026,3.7988888888888885,5.450925925925926,4
2022VENH01,Nanno Venhorst,31,54,2022,2026,3.0794444444444444,4.118888888888889,4
2013TANG02,Renxin Tang (汤任欣),29,54,2015,2019,4.931851851851852,6.5274074074074075,4
2022KIRS01,James Kirschner,28,54,2022,2026,4.1103703703703705,5.464074074074074,4
2022AZIZ02,Bora Azizoğlu,26,54,2022,2026,3.1875925925925923,4.361296296296296,4
2022MOLL03,Finn Molloy,26,54,2022,2026,4.953888888888889,7.039074074074074,4
2022LARN01,Felix Lärnestad,40,54,2023,2026,7.994629629629629,11.200370370370372,3
2022ERIK05,Thelma Eriksson,35,54,2023,2026,6.490925925925926,9.038333333333334,3
2022MENE02,Irene Fraile Menéndez,35,54,2023,2026,7.9222222222222225,10.224814814814815,3
2023ABAR02,Karl Abarquez,34,54,2023,2026,3.092222222222222,4.105185185185185,3
2021ZHUR03,Ronnie Jinxuan Zhu (朱缙轩),32,54,2021,2024,5.932592592592592,8.41537037037037,3
2022AGUA01,Alex Aguayo,29,54,2022,2025,5.9164814814814815,8.00611111111111,3
2023RATC01,Amolrada Ratchayakorn (อมลรดา รัฐชยากร),29,54,2023,2026,4.300185185185185,5.736481481481481,3
2023LEKE01,Kevin Lê,27,54,2023,2026,2.7916666666666665,3.8872222222222224,3
2014LALI01,Ishaan Lal,31,53,2015,2026,4.3192452830188675,5.776415094339622,11
2013MENT01,Anuj Menta,27,53,2014,2025,4.559056603773585,6.271320754716981,11
2014MITT02,Tarandeep Mittal,35,53,2015,2025,5.393396226415095,7.393396226415095,10
2015ROBI03,Rafael Alférez Robisco,32,53,2016,2026,5.784339622641509,8.360188679245283,10
2015JAIN21,Saiyam Jain,48,53,2017,2026,8.744150943396226,11.881509433962265,9
2016COEL04,Suzane Coelho,42,53,2017,2026,6.041509433962264,8.102264150943396,9
2013SAWA01,Aneesh Sawant,36,53,2014,2023,7.766603773584905,10.344528301886792,9
2016WHIT16,Jason White,28,53,2017,2026,4.106603773584906,5.53811320754717,9
2016GONG02,Andy Gong,27,53,2017,2026,4.2307547169811315,5.791132075471698,9
2016WIJS01,Victor Wijsman,36,53,2016,2024,5.108679245283018,7.132075471698113,8
2018YIKL01,Lim Chun Yik (林峻毅),36,53,2018,2026,4.308679245283019,6.1007547169811325,8
2018RIMI01,Flavio Rimi,33,53,2018,2026,4.330943396226415,6.324339622641509,8
2015SALM03,Tom Salmon,30,53,2017,2025,4.822264150943396,6.755849056603774,8
2017PORT04,Daniel Porter,29,53,2018,2026,4.103207547169811,5.283207547169811,8
2016SOTI01,Jorge Alfageme Sotillos,27,53,2017,2025,4.90566037735849,6.759622641509433,8
2019BAXE02,Nikolas Baxevanis,31,53,2019,2026,3.838490566037736,5.0684905660377355,7
2016GOME10,Jesús Fernando Castelán Gómez,27,53,2018,2025,4.845471698113208,6.804716981132075,7
2018BUDH01,Yash Budhiraja,30,53,2019,2025,4.881320754716981,6.763018867924528,6
2019MAGN03,Morris Magnusson,32,53,2019,2024,6.290566037735848,8.513584905660377,5
2014TROT01,Mykola Trotsenko (Микола Троценко),28,53,2014,2019,5.643962264150943,7.905283018867925,5
2022BROK03,Filip Brokos,44,53,2022,2026,6.13433962264151,8.699245283018868,4
2022SAHL02,Jack Belloni Sahlin,42,53,2022,2026,7.909433962264151,10.439622641509434,4
2022GOWM02,Mark Gowman,34,53,2022,2026,4.886981132075472,6.540188679245283,4
2022SANT05,Emanuel Victor Araújo dos Santos,32,53,2022,2026,4.985094339622641,6.752264150943397,4
2022JOHN14,Connor Johnson,21,53,2022,2026,3.5975471698113206,4.578867924528302,4
2022NAYS02,Jimi Naysmith,31,53,2023,2026,6.258679245283019,8.817924528301887,3
2022PANT01,Samuel Panteon,26,53,2022,2025,5.360943396226415,7.598490566037735,3
2023DIAZ20,Asier Adell Díaz,25,53,2023,2026,4.062264150943396,5.631132075471698,3
2022ANGU03,Arturo Pérez Anguita,23,53,2022,2025,4.436792452830189,5.943396226415095,3
2013SUNY02,Yongtao Sun (孙永涛),46,52,2014,2026,8.198846153846153,10.867692307692307,12
2013KRUC01,Przemysław Kruczek,47,52,2014,2025,8.6625,9.589038461538461,11
2010KRYU01,Dmitry Kryuzban,41,52,2014,2025,8.322307692307692,11.170769230769231,11
2007WOOR01,Riley Woo,42,52,2014,2024,6.032884615384615,8.61326923076923,10
2015XION03,Max Xiong (熊锐明),27,52,2016,2026,4.4192307692307695,6.0,10
2015MAJE01,Marek Majerik,35,52,2015,2024,6.180961538461539,8.635769230769231,9
2016HOFF06,Brad Hoffman,30,52,2017,2026,2.8428846153846155,3.996923076923077,9
2016HUMU01,Muyue Hu (胡暮悦),28,52,2017,2026,4.4350000000000005,6.0255769230769225,9
2016XIAN01,Ang Chin Xiang,27,52,2017,2026,2.744423076923077,3.835576923076923,9
2017SUTT01,Titus Sutterfield,23,52,2017,2026,2.8473076923076923,3.609038461538461,9
2018LORE01,Jakub Lorens,36,52,2018,2026,6.883461538461538,9.53076923076923,8
2018SELL01,Carlos Augusto Gianesi Seller,29,52,2018,2026,4.406153846153846,6.070576923076923,8
2017MADD04,Richard Madden,26,52,2017,2025,4.51673076923077,6.494615384615385,8
2019BIRK01,Asbjørn Brummer Birkelund,37,52,2019,2026,6.677307692307693,9.833846153846155,7
2014BUEH01,Manuel Bühler,35,52,2015,2022,7.102884615384616,10.068846153846154,7
2018JERN01,Jakob Jernsletten,34,52,2018,2025,8.434038461538462,12.484423076923077,7
2018RIAB01,Yurii Riabov (Юрій Рябов),31,52,2019,2026,6.667692307692307,9.274423076923076,7
2013GILM01,Mateusz Gil,29,52,2015,2022,4.931346153846154,6.739615384615385,7
2016PALC02,Leonid Palchenko (Леонід Пальченко),28,52,2016,2023,5.800192307692308,7.960384615384616,7
2019HEID03,Thomas Heiden,27,52,2019,2026,4.106538461538461,5.488653846153847,7
2018CHAN05,Dylan Chan,25,52,2018,2025,3.0963461538461536,4.2907692307692304,7
2019VUJC01,Alexander Vujcich,25,52,2019,2026,4.069807692307692,6.0307692307692315,7
2019YEOJ01,Jervis Yeo,34,52,2019,2025,4.670576923076923,6.312884615384615,6
2017VASQ11,Juan David Carmona Vásquez,29,52,2018,2024,6.1996153846153845,8.30846153846154,6
2018TOMA03,Nikodem Tomaszuk,29,52,2018,2023,4.780961538461538,5.947884615384615,5
2020SPIR01,Maciej Spirydowicz,40,52,2022,2026,6.61826923076923,9.760576923076924,4
2021CHOD01,Daniel Cho,40,52,2022,2026,7.197115384615385,10.307307692307692,4
2015FIRE01,Hubert Firek,38,52,2022,2026,5.9475,8.035769230769231,4
2022SOLI03,Junior Solis,34,52,2022,2026,6.320192307692308,8.197307692307692,4
2015UGAR01,Rodrigo Ugarte,33,52,2015,2019,6.388269230769231,8.310192307692308,4
2022CHIC02,Jack Chicoine,31,52,2022,2026,4.4326923076923075,6.1619230769230775,4
2014ANDE01,Quinten Andelhofs,29,52,2014,2018,5.191923076923077,6.9817307692307695,4
2021TRIP01,Michael Tripodi,28,52,2022,2026,4.806923076923077,6.583269230769231,4
2022KYKE01,Kévin Ky,37,52,2023,2026,8.030384615384616,9.605576923076923,3
2023SHOJ01,Dominic Shoji,30,52,2023,2026,4.314230769230769,6.24,3
2022ALGA01,Rafael Ricardo Gómez Algarra,29,52,2023,2026,5.679615384615384,7.5503846153846155,3
2022JAME02,Greyson James,28,52,2022,2025,3.7940384615384612,5.335192307692308,3
2022LUCA01,Alfred Anthony Riise Lucas,28,52,2022,2025,5.658653846153846,7.793846153846155,3
2023KONN01,Yuto Konno,27,52,2023,2026,3.7636538461538462,5.085,3
2022GOOD11,Todd Goodwin,26,52,2022,2025,4.080384615384616,5.4253846153846155,3
2023JURI01,Jakub Jurika,24,52,2023,2026,3.8234615384615385,5.618461538461539,3
2017THIO01,Noémie Delaby,26,52,2024,2026,4.306538461538461,5.715769230769231,2
2012PLAC01,Gianluca Placenti,47,51,2014,2026,15.944313725490195,18.274117647058823,12
2008PIAU01,Anton Piau,41,51,2015,2026,8.895882352941177,13.017843137254902,11
2015CERN01,Will Cerne,38,51,2015,2026,6.009803921568627,9.277843137254902,11
2014GUMI01,Minseo Gu (구민서),33,51,2015,2026,4.881764705882353,6.325294117647059,11
2015ANDA01,Daryl Tan Hong An,30,51,2015,2026,4.032549019607843,5.226274509803922,11
2015JOIN01,Kyra Joiner,29,51,2015,2026,4.943333333333333,6.6207843137254905,11
2014STRA03,Felix Strasser,33,51,2015,2025,7.189215686274509,9.830392156862745,10
2016PARK10,Yeon Kyun Park (박연균),28,51,2016,2026,2.6872549019607845,3.5941176470588236,10
2017CORI01,Leonardo José Hilario Cori,33,51,2017,2026,5.155098039215686,7.0898039215686275,9
2016SIUM01,Marcus Siu,26,51,2016,2025,4.455294117647059,5.876274509803921,9
2014MRSK01,Dalibor Mrška,24,51,2014,2023,4.472745098039216,6.55313725490196,9
2014SZEK01,Dániel Székely,20,51,2015,2024,3.330392156862745,4.5115686274509805,9
2016GEEL01,Jade Geels,38,51,2017,2025,7.284117647058824,10.15470588235294,8
2018SLAV01,Nikita Slavinski,38,51,2018,2026,8.028235294117646,11.041764705882352,8
2012LUOS01,Shu-Yii Luo (駱書翊),32,51,2014,2022,5.797254901960784,8.27921568627451,8
2018MILL08,Cameron Miller (梅克龍),25,51,2018,2026,3.067450980392157,4.209411764705883,8
2014CAIL01,Lincheng Cai (蔡林成),35,51,2014,2021,6.233921568627451,8.925686274509804,7
2016QUIN01,James Quinn,33,51,2016,2023,4.964117647058823,6.904705882352941,7
2017PRES02,Peter Preston,30,51,2017,2024,4.4613725490196074,5.935294117647058,7
2018SANC03,Angel Armando Jaime Sánchez,30,51,2018,2024,5.823529411764706,8.395098039215686,6
2019SCHE10,Matthias Schegers,29,51,2020,2026,4.448235294117647,6.197254901960784,6
2017VAYR01,Asla Väyrynen,20,51,2019,2025,4.06156862745098,5.4180392156862744,6
2015KORO02,Volodymyr Korol (Володимир Король),31,51,2016,2021,6.631176470588235,8.984313725490196,5
2017BASH04,Alexander Bashutkin,31,51,2018,2023,3.8617647058823525,5.635294117647058,5
2012MEES01,Tiemen De Meester,27,51,2014,2019,6.5149019607843135,8.85470588235294,5
2013STAC01,Kacper Stacha,32,51,2014,2018,5.88156862745098,7.94156862745098,4
2021HART04,Lucas Hart,29,51,2022,2026,3.474901960784314,4.91843137254902,4
2022HULL02,Jory Hullin,24,51,2022,2026,2.9582352941176473,4.020588235294118,4
2023HAMI08,Jack Hamilton,39,51,2023,2026,6.708627450980392,9.595686274509804,3
2018WEIS10,Serafim Weiß,33,51,2024,2026,6.106470588235294,8.738627450980392,2
2022SLOA01,Jaye Sloan,24,51,2022,2024,3.437450980392157,4.914509803921568,2
2012ZHAN08,Anyu Zhang (张安宇),43,50,2014,2026,6.2668,9.004199999999999,12
2011TRON02,Sebastiano Tronto,36,50,2014,2026,7.278,10.5692,12
2010MOND01,Pablo Nicolás Oshiro Mondoñedo,37,50,2014,2025,6.864,9.6154,11
2015GREI01,Daniel Greigg,35,50,2015,2025,4.921600000000001,6.949199999999999,10
2014LANG02,Isaac Langer,27,50,2015,2025,3.4888,4.7538,10
2015VANL01,Luke Van Laningham,25,50,2015,2024,3.0692000000000004,4.3862,9
2018HENN02,Baptiste Hennuy,34,50,2018,2026,7.7324,9.4062,8
2018MUNI02,Eduardo Munive,31,50,2018,2026,4.7282,6.0036000000000005,8
2016LAYU01,Lorenzo Layug,28,50,2017,2025,3.0134,4.057799999999999,8
2017HANS09,Jake M. Hanson,24,50,2017,2025,3.4814,4.6864,8
2018COOK04,John Cook,48,50,2019,2026,14.758199999999999,18.041600000000003,7
2018VOLO03,Valeriia Volova (Валерія Волова),30,50,2018,2025,5.5284,7.15,7
2015KOEN01,Christian König,27,50,2015,2022,4.7512,6.6002,7
2018HULT01,Max Hult,23,50,2018,2025,3.8022000000000005,5.2741999999999996,7
2019HOOG01,Roel Hoogeveen,29,50,2019,2025,5.8044,7.590199999999999,6
2019REGO03,Amber Regoor,29,50,2019,2025,4.8488,6.857200000000001,6
2017MAND13,Francisco Moraes Mandalozzo,27,50,2018,2024,3.8266000000000004,5.2748,6
2019SULL01,Tate Sullivan,24,50,2019,2025,4.4092,5.9134,6
2020TINL01,Thomas Tinlin,24,50,2020,2026,3.0556,4.409,6
2017SUKH02,Ihor Sukhovatenko (Ігор Суховатенко),24,50,2018,2023,4.499,5.9638,5
2022FEDU02,Andrew Fedulov,34,50,2022,2026,7.7954,10.2722,4
2022BOEK01,Mick Boekema,28,50,2022,2026,4.2414,5.8984000000000005,4
2022RANN01,Rocco Rannisi,26,50,2022,2026,3.1336,4.4464,4
2023XIUY01,Yang Pin Xiu (楊品修),30,50,2023,2026,3.8226,5.4508,3
2022CORB03,Leonardo Corbelli,29,50,2023,2026,3.3462,4.3276,3
2022RAYY01,Muhammad Rayyan,27,50,2022,2025,5.129,6.6458,3
2024OLIK01,Nikodem Olik,30,50,2024,2026,4.164,5.1296,2
2015CURM01,Nejc Ian Čurman,22,50,2016,2018,3.9884000000000004,5.632000000000001,2
2023BMOH01,Mohith B (ಮೋಹಿತ್ ಬಿ),22,50,2023,2025,4.357,5.872999999999999,2
