person_id,person_name,competition_date,average_seconds,seq_index
2008BARA01,Bence Barát,2014-02-22,11.41,1
2008BARA01,Bence Barát,2014-02-22,10.7,2
2008BARA01,Bence Barát,2014-02-22,13.06,3
2008BARA01,Bence Barát,2014-03-08,12.47,4
2008BARA01,Bence Barát,2014-04-05,10.66,5
2008BARA01,Bence Barát,2014-04-12,8.93,6
2008BARA01,Bence Barát,2014-04-12,11.89,7
2008BARA01,Bence Barát,2014-06-14,10.3,8
2008BARA01,Bence Barát,2014-07-11,8.62,9
2008BARA01,Bence Barát,2014-07-11,9.07,10
2008BARA01,Bence Barát,2014-07-11,10.39,11
2008BARA01,Bence Barát,2014-07-19,10.75,12
2008BARA01,Bence Barát,2014-07-19,9.61,13
2008BARA01,Bence Barát,2014-08-08,9.2,14
2008BARA01,Bence Barát,2014-09-13,7.79,15
2008BARA01,Bence Barát,2014-09-13,7.81,16
2008BARA01,Bence Barát,2014-09-20,9.58,17
2008BARA01,Bence Barát,2014-09-20,8.91,18
2008BARA01,Bence Barát,2014-10-17,9.45,19
2008BARA01,Bence Barát,2014-10-17,10.06,20
2008BARA01,Bence Barát,2015-01-31,13.28,21
2008BARA01,Bence Barát,2015-02-21,7.0,22
2008BARA01,Bence Barát,2015-02-21,7.96,23
2008BARA01,Bence Barát,2015-03-14,6.96,24
2008BARA01,Bence Barát,2015-03-14,7.25,25
2008BARA01,Bence Barát,2015-04-18,6.73,26
2008BARA01,Bence Barát,2015-04-18,6.98,27
2008BARA01,Bence Barát,2015-05-02,6.44,28
2008BARA01,Bence Barát,2015-05-02,6.85,29
2008BARA01,Bence Barát,2015-05-16,8.65,30
2008BARA01,Bence Barát,2015-05-16,7.29,31
2008BARA01,Bence Barát,2015-06-06,6.33,32
2008BARA01,Bence Barát,2015-06-27,7.66,33
2008BARA01,Bence Barát,2015-06-27,7.34,34
2008BARA01,Bence Barát,2015-07-04,6.96,35
2008BARA01,Bence Barát,2015-07-04,7.88,36
2008BARA01,Bence Barát,2015-07-04,7.48,37
2008BARA01,Bence Barát,2015-07-17,7.43,38
2008BARA01,Bence Barát,2015-07-17,7.72,39
2008BARA01,Bence Barát,2015-07-17,7.64,40
2008BARA01,Bence Barát,2015-08-14,7.2,41
2008BARA01,Bence Barát,2015-08-14,7.12,42
2008BARA01,Bence Barát,2015-08-14,6.49,43
2008BARA01,Bence Barát,2015-09-18,5.28,44
2008BARA01,Bence Barát,2015-09-18,6.75,45
2008BARA01,Bence Barát,2015-10-03,6.37,46
2008BARA01,Bence Barát,2015-10-03,7.86,47
2008BARA01,Bence Barát,2015-11-14,6.55,48
2008BARA01,Bence Barát,2015-11-14,6.66,49
2008BARA01,Bence Barát,2016-02-06,7.16,50
2008BARA01,Bence Barát,2016-02-06,5.68,51
2008BARA01,Bence Barát,2016-02-27,7.02,52
2008BARA01,Bence Barát,2016-02-27,6.36,53
2008BARA01,Bence Barát,2016-04-02,8.56,54
2008BARA01,Bence Barát,2016-04-16,7.82,55
2008BARA01,Bence Barát,2016-04-16,6.35,56
2008BARA01,Bence Barát,2016-04-16,7.71,57
2008BARA01,Bence Barát,2016-04-23,7.1,58
2008BARA01,Bence Barát,2016-04-23,6.72,59
2008BARA01,Bence Barát,2016-05-28,7.47,60
2008BARA01,Bence Barát,2016-05-28,7.74,61
2008BARA01,Bence Barát,2016-06-18,7.73,62
2008BARA01,Bence Barát,2016-06-18,6.47,63
2008BARA01,Bence Barát,2016-07-15,7.83,64
2008BARA01,Bence Barát,2016-07-15,7.15,65
2008BARA01,Bence Barát,2016-07-19,8.91,66
2008BARA01,Bence Barát,2016-08-27,6.73,67
2008BARA01,Bence Barát,2016-08-27,8.65,68
2008BARA01,Bence Barát,2016-09-03,8.12,69
2008BARA01,Bence Barát,2016-09-03,8.37,70
2008BARA01,Bence Barát,2016-10-01,7.17,71
2008BARA01,Bence Barát,2016-10-01,7.98,72
2008BARA01,Bence Barát,2016-10-01,7.75,73
2008BARA01,Bence Barát,2016-10-28,8.42,74
2008BARA01,Bence Barát,2016-10-28,7.83,75
2008BARA01,Bence Barát,2016-10-28,7.29,76
2008BARA01,Bence Barát,2016-11-12,7.11,77
2008BARA01,Bence Barát,2016-11-12,7.2,78
2008BARA01,Bence Barát,2017-02-04,7.36,79
2008BARA01,Bence Barát,2017-02-04,10.34,80
2008BARA01,Bence Barát,2017-02-25,8.56,81
2008BARA01,Bence Barát,2017-03-25,6.73,82
2008BARA01,Bence Barát,2017-03-25,6.51,83
2008BARA01,Bence Barát,2017-03-25,7.9,84
2008BARA01,Bence Barát,2017-04-02,7.69,85
2008BARA01,Bence Barát,2017-04-02,6.69,86
2008BARA01,Bence Barát,2017-04-22,7.71,87
2008BARA01,Bence Barát,2017-04-22,7.44,88
2008BARA01,Bence Barát,2017-05-06,6.27,89
2008BARA01,Bence Barát,2017-05-06,9.06,90
2008BARA01,Bence Barát,2017-05-27,7.29,91
2008BARA01,Bence Barát,2017-06-04,6.58,92
2008BARA01,Bence Barát,2017-06-10,8.22,93
2008BARA01,Bence Barát,2017-06-10,6.4,94
2008BARA01,Bence Barát,2017-06-10,5.89,95
2008BARA01,Bence Barát,2017-06-17,6.67,96
2008BARA01,Bence Barát,2017-06-17,6.34,97
2008BARA01,Bence Barát,2017-07-01,7.19,98
2008BARA01,Bence Barát,2017-07-01,7.38,99
2008BARA01,Bence Barát,2017-07-01,9.09,100
2008BARA01,Bence Barát,2017-07-13,8.33,101
2008BARA01,Bence Barát,2017-07-22,7.36,102
2008BARA01,Bence Barát,2017-08-12,9.73,103
2008BARA01,Bence Barát,2017-08-26,6.83,104
2008BARA01,Bence Barát,2017-09-01,8.39,105
2008BARA01,Bence Barát,2017-09-01,6.55,106
2008BARA01,Bence Barát,2017-09-30,9.1,107
2008BARA01,Bence Barát,2017-10-13,6.88,108
2008BARA01,Bence Barát,2017-10-13,6.48,109
2008BARA01,Bence Barát,2017-10-13,6.88,110
2008BARA01,Bence Barát,2017-10-28,6.4,111
2008BARA01,Bence Barát,2017-10-28,6.54,112
2008BARA01,Bence Barát,2017-11-04,7.18,113
2008BARA01,Bence Barát,2017-11-04,6.73,114
2008BARA01,Bence Barát,2017-11-11,9.4,115
2008BARA01,Bence Barát,2017-12-02,7.04,116
2008BARA01,Bence Barát,2017-12-02,6.94,117
2008BARA01,Bence Barát,2017-12-02,6.67,118
2008BARA01,Bence Barát,2017-12-16,7.07,119
2008BARA01,Bence Barát,2017-12-16,7.58,120
2008BARA01,Bence Barát,2018-01-13,8.38,121
2008BARA01,Bence Barát,2018-01-13,6.3,122
2008BARA01,Bence Barát,2018-02-24,6.71,123
2008BARA01,Bence Barát,2018-02-24,6.95,124
2008BARA01,Bence Barát,2018-03-17,7.95,125
2008BARA01,Bence Barát,2018-03-31,5.94,126
2008BARA01,Bence Barát,2018-03-31,6.88,127
2008BARA01,Bence Barát,2018-03-31,6.17,128
2008BARA01,Bence Barát,2018-04-06,7.46,129
2008BARA01,Bence Barát,2018-04-06,6.62,130
2008BARA01,Bence Barát,2018-04-14,7.76,131
2008BARA01,Bence Barát,2018-04-14,6.0,132
2008BARA01,Bence Barát,2018-05-27,8.04,133
2008BARA01,Bence Barát,2018-07-21,6.35,134
2008BARA01,Bence Barát,2018-07-21,6.76,135
2008BARA01,Bence Barát,2018-08-11,7.09,136
2008BARA01,Bence Barát,2018-08-11,5.73,137
2008BARA01,Bence Barát,2018-08-11,7.08,138
2008BARA01,Bence Barát,2018-09-01,6.83,139
2008BARA01,Bence Barát,2018-09-01,7.41,140
2008BARA01,Bence Barát,2018-09-01,8.06,141
2008BARA01,Bence Barát,2018-09-28,7.38,142
2008BARA01,Bence Barát,2018-09-28,6.18,143
2008BARA01,Bence Barát,2018-10-27,6.63,144
2008BARA01,Bence Barát,2018-10-27,6.57,145
2008BARA01,Bence Barát,2018-12-15,6.09,146
2008BARA01,Bence Barát,2019-02-09,10.5,147
2008BARA01,Bence Barát,2019-02-23,7.19,148
2008BARA01,Bence Barát,2019-02-23,5.84,149
2008BARA01,Bence Barát,2019-03-16,6.03,150
2008BARA01,Bence Barát,2019-03-16,7.06,151
2008BARA01,Bence Barát,2019-03-30,6.48,152
2008BARA01,Bence Barát,2019-03-30,6.9,153
2008BARA01,Bence Barát,2019-05-04,8.01,154
2008BARA01,Bence Barát,2019-05-04,7.06,155
2008BARA01,Bence Barát,2019-08-02,7.35,156
2008BARA01,Bence Barát,2019-08-31,8.51,157
2008BARA01,Bence Barát,2019-09-07,7.82,158
2008BARA01,Bence Barát,2019-09-20,7.68,159
2008BARA01,Bence Barát,2019-09-20,7.61,160
2008BARA01,Bence Barát,2019-10-12,8.18,161
2008BARA01,Bence Barát,2019-11-02,7.52,162
2008BARA01,Bence Barát,2019-11-02,7.61,163
2008BARA01,Bence Barát,2019-11-09,7.08,164
2008BARA01,Bence Barát,2019-11-09,6.29,165
2008BARA01,Bence Barát,2020-02-22,8.78,166
2008BARA01,Bence Barát,2020-02-22,7.78,167
2008BARA01,Bence Barát,2020-02-29,6.65,168
2008BARA01,Bence Barát,2020-02-29,6.94,169
2008BARA01,Bence Barát,2021-10-02,5.76,170
2008BARA01,Bence Barát,2021-10-02,8.24,171
2008BARA01,Bence Barát,2021-11-13,9.08,172
2008BARA01,Bence Barát,2021-11-20,8.98,173
2008BARA01,Bence Barát,2021-11-20,8.66,174
2008BARA01,Bence Barát,2022-03-19,7.3,175
2008BARA01,Bence Barát,2022-03-19,8.01,176
2008BARA01,Bence Barát,2022-07-30,8.28,177
2008BARA01,Bence Barát,2022-08-13,6.2,178
2008BARA01,Bence Barát,2022-08-13,8.49,179
2008BARA01,Bence Barát,2022-09-17,7.31,180
2008BARA01,Bence Barát,2022-09-17,8.0,181
2008BARA01,Bence Barát,2022-10-07,7.35,182
2008BARA01,Bence Barát,2022-10-07,7.18,183
2008BARA01,Bence Barát,2022-10-22,6.39,184
2008BARA01,Bence Barát,2022-10-22,6.96,185
2008BARA01,Bence Barát,2022-10-29,7.95,186
2008BARA01,Bence Barát,2022-11-26,8.37,187
2008BARA01,Bence Barát,2022-12-16,7.17,188
2008BARA01,Bence Barát,2023-02-11,8.72,189
2008BARA01,Bence Barát,2023-02-25,8.23,190
2008BARA01,Bence Barát,2023-04-01,8.0,191
2008BARA01,Bence Barát,2023-04-15,7.69,192
2008BARA01,Bence Barát,2023-05-20,7.07,193
2008BARA01,Bence Barát,2023-05-20,7.38,194
2008BARA01,Bence Barát,2023-06-03,8.06,195
2008BARA01,Bence Barát,2023-06-24,7.3,196
2008BARA01,Bence Barát,2023-06-24,6.81,197
2008BARA01,Bence Barát,2023-07-14,6.89,198
2008BARA01,Bence Barát,2023-07-14,7.8,199
2008BARA01,Bence Barát,2023-08-19,7.12,200
2008BARA01,Bence Barát,2023-09-02,6.74,201
2008BARA01,Bence Barát,2023-09-02,7.13,202
2008BARA01,Bence Barát,2023-09-09,7.36,203
2008BARA01,Bence Barát,2023-09-09,6.25,204
2008BARA01,Bence Barát,2023-09-30,7.65,205
2008BARA01,Bence Barát,2023-10-07,7.55,206
2008BARA01,Bence Barát,2023-10-20,6.79,207
2008BARA01,Bence Barát,2023-10-20,6.33,208
2008BARA01,Bence Barát,2023-12-09,8.38,209
2008BARA01,Bence Barát,2024-03-09,7.28,210
2008BARA01,Bence Barát,2024-03-09,6.55,211
2008BARA01,Bence Barát,2024-07-13,8.4,212
2008BARA01,Bence Barát,2024-08-10,7.38,213
2008BARA01,Bence Barát,2024-08-10,6.16,214
2008BARA01,Bence Barát,2024-08-19,7.25,215
2008BARA01,Bence Barát,2024-08-19,7.73,216
2008BARA01,Bence Barát,2024-08-19,5.91,217
2008BARA01,Bence Barát,2024-11-01,8.54,218
2008BARA01,Bence Barát,2024-11-24,8.49,219
2008BARA01,Bence Barát,2025-01-25,6.76,220
2008BARA01,Bence Barát,2025-05-10,4.71,221
2008BARA01,Bence Barát,2025-05-10,7.13,222
2008BARA01,Bence Barát,2025-07-26,7.68,223
2008BARA01,Bence Barát,2025-08-02,5.89,224
2008BARA01,Bence Barát,2025-08-02,6.68,225
2008BARA01,Bence Barát,2025-08-23,9.94,226
2008BARA01,Bence Barát,2025-09-06,8.0,227
2008BARA01,Bence Barát,2025-09-06,6.42,228
2008BARA01,Bence Barát,2025-09-27,6.17,229
2008BARA01,Bence Barát,2025-09-27,6.79,230
2008BARA01,Bence Barát,2026-01-18,7.06,231
2009LIUE01,Evan Liu,2014-02-22,9.91,1
2009LIUE01,Evan Liu,2014-02-22,10.48,2
2009LIUE01,Evan Liu,2014-04-05,8.44,3
2009LIUE01,Evan Liu,2014-04-05,9.08,4
2009LIUE01,Evan Liu,2014-05-10,8.66,5
2009LIUE01,Evan Liu,2014-05-17,10.07,6
2009LIUE01,Evan Liu,2014-06-14,9.33,7
2009LIUE01,Evan Liu,2014-06-14,9.3,8
2009LIUE01,Evan Liu,2014-08-01,8.95,9
2009LIUE01,Evan Liu,2014-10-11,6.63,10
2009LIUE01,Evan Liu,2014-10-11,6.08,11
2009LIUE01,Evan Liu,2014-11-22,4.49,12
2009LIUE01,Evan Liu,2014-12-13,6.13,13
2009LIUE01,Evan Liu,2014-12-13,5.4,14
2009LIUE01,Evan Liu,2015-03-07,5.69,15
2009LIUE01,Evan Liu,2015-04-04,7.37,16
2009LIUE01,Evan Liu,2015-04-04,7.92,17
2009LIUE01,Evan Liu,2015-06-20,7.06,18
2009LIUE01,Evan Liu,2015-06-20,5.49,19
2009LIUE01,Evan Liu,2015-07-31,5.08,20
2009LIUE01,Evan Liu,2015-07-31,7.27,21
2009LIUE01,Evan Liu,2015-09-12,4.31,22
2009LIUE01,Evan Liu,2015-09-26,5.52,23
2009LIUE01,Evan Liu,2015-11-07,6.54,24
2009LIUE01,Evan Liu,2015-11-07,8.08,25
2009LIUE01,Evan Liu,2015-12-05,5.94,26
2009LIUE01,Evan Liu,2015-12-05,6.69,27
2009LIUE01,Evan Liu,2015-12-19,8.72,28
2009LIUE01,Evan Liu,2015-12-19,6.2,29
2009LIUE01,Evan Liu,2016-01-30,7.28,30
2009LIUE01,Evan Liu,2016-01-30,7.63,31
2009LIUE01,Evan Liu,2016-04-02,5.18,32
2009LIUE01,Evan Liu,2016-04-30,5.85,33
2009LIUE01,Evan Liu,2016-04-30,5.95,34
2009LIUE01,Evan Liu,2016-04-30,7.61,35
2009LIUE01,Evan Liu,2016-06-25,5.24,36
2009LIUE01,Evan Liu,2016-06-25,5.56,37
2009LIUE01,Evan Liu,2016-07-15,6.68,38
2009LIUE01,Evan Liu,2016-07-15,7.62,39
2009LIUE01,Evan Liu,2016-07-30,6.68,40
2009LIUE01,Evan Liu,2016-07-30,6.09,41
2009LIUE01,Evan Liu,2016-10-01,7.08,42
2009LIUE01,Evan Liu,2016-11-04,5.72,43
2009LIUE01,Evan Liu,2016-11-04,7.27,44
2009LIUE01,Evan Liu,2016-12-17,7.44,45
2009LIUE01,Evan Liu,2016-12-17,8.08,46
2009LIUE01,Evan Liu,2017-01-14,5.61,47
2009LIUE01,Evan Liu,2017-01-14,9.41,48
2009LIUE01,Evan Liu,2017-03-04,4.59,49
2009LIUE01,Evan Liu,2017-03-04,5.35,50
2009LIUE01,Evan Liu,2017-03-04,4.37,51
2009LIUE01,Evan Liu,2017-04-15,5.36,52
2009LIUE01,Evan Liu,2017-04-15,6.57,53
2009LIUE01,Evan Liu,2017-06-03,4.94,54
2009LIUE01,Evan Liu,2017-06-24,5.61,55
2009LIUE01,Evan Liu,2017-06-24,3.83,56
2009LIUE01,Evan Liu,2017-07-08,4.96,57
2009LIUE01,Evan Liu,2017-07-08,5.61,58
2009LIUE01,Evan Liu,2017-07-13,7.95,59
2009LIUE01,Evan Liu,2017-08-26,4.69,60
2009LIUE01,Evan Liu,2017-08-26,5.44,61
2009LIUE01,Evan Liu,2017-10-27,5.41,62
2009LIUE01,Evan Liu,2017-11-25,6.23,63
2009LIUE01,Evan Liu,2017-11-25,4.23,64
2009LIUE01,Evan Liu,2017-12-02,5.92,65
2009LIUE01,Evan Liu,2017-12-02,6.47,66
2009LIUE01,Evan Liu,2018-07-27,5.98,67
2009LIUE01,Evan Liu,2018-07-27,9.69,68
2009LIUE01,Evan Liu,2018-12-08,7.31,69
2009LIUE01,Evan Liu,2018-12-08,5.52,70
2009LIUE01,Evan Liu,2019-03-09,5.17,71
2009LIUE01,Evan Liu,2019-05-11,5.82,72
2009LIUE01,Evan Liu,2019-05-11,4.38,73
2009LIUE01,Evan Liu,2019-05-11,6.29,74
2009LIUE01,Evan Liu,2019-06-08,4.87,75
2009LIUE01,Evan Liu,2019-06-08,5.11,76
2009LIUE01,Evan Liu,2019-07-11,5.67,77
2009LIUE01,Evan Liu,2019-08-01,6.18,78
2009LIUE01,Evan Liu,2019-10-12,5.13,79
2009LIUE01,Evan Liu,2019-10-12,5.52,80
2009LIUE01,Evan Liu,2019-10-27,4.05,81
2009LIUE01,Evan Liu,2019-10-27,5.53,82
2009LIUE01,Evan Liu,2019-10-27,5.35,83
2009LIUE01,Evan Liu,2019-12-07,5.42,84
2009LIUE01,Evan Liu,2020-01-11,4.9,85
2009LIUE01,Evan Liu,2020-01-11,6.36,86
2009LIUE01,Evan Liu,2020-02-15,3.71,87
2009LIUE01,Evan Liu,2020-02-15,4.62,88
2009LIUE01,Evan Liu,2021-11-14,4.15,89
2009LIUE01,Evan Liu,2021-11-14,6.34,90
2009LIUE01,Evan Liu,2021-11-20,8.09,91
2009LIUE01,Evan Liu,2022-03-13,6.72,92
2009LIUE01,Evan Liu,2022-05-27,5.78,93
2009LIUE01,Evan Liu,2022-05-27,5.73,94
2009LIUE01,Evan Liu,2022-05-27,6.28,95
2009LIUE01,Evan Liu,2022-06-04,7.21,96
2009LIUE01,Evan Liu,2022-06-04,6.14,97
2009LIUE01,Evan Liu,2022-07-02,8.21,98
2009LIUE01,Evan Liu,2022-07-07,7.7,99
2009LIUE01,Evan Liu,2022-07-30,4.96,100
2009LIUE01,Evan Liu,2022-09-10,6.8,101
2009LIUE01,Evan Liu,2022-09-18,5.96,102
2009LIUE01,Evan Liu,2022-09-18,6.29,103
2009LIUE01,Evan Liu,2022-10-15,4.78,104
2009LIUE01,Evan Liu,2022-11-05,4.86,105
2009LIUE01,Evan Liu,2022-11-05,4.01,106
2009LIUE01,Evan Liu,2022-12-03,6.62,107
2009LIUE01,Evan Liu,2022-12-03,5.47,108
2009LIUE01,Evan Liu,2022-12-17,5.77,109
2009LIUE01,Evan Liu,2022-12-17,5.2,110
2009LIUE01,Evan Liu,2023-01-02,5.12,111
2009LIUE01,Evan Liu,2023-01-02,6.34,112
2009LIUE01,Evan Liu,2023-01-14,6.78,113
2009LIUE01,Evan Liu,2023-01-14,6.46,114
2009LIUE01,Evan Liu,2023-02-05,5.96,115
2009LIUE01,Evan Liu,2023-03-11,5.39,116
2009LIUE01,Evan Liu,2023-04-01,6.27,117
2009LIUE01,Evan Liu,2023-04-01,6.15,118
2009LIUE01,Evan Liu,2023-04-22,5.79,119
2009LIUE01,Evan Liu,2023-04-22,6.06,120
2009LIUE01,Evan Liu,2023-05-21,7.45,121
2009LIUE01,Evan Liu,2023-05-21,5.79,122
2009LIUE01,Evan Liu,2023-06-17,6.3,123
2009LIUE01,Evan Liu,2023-06-17,4.33,124
2009LIUE01,Evan Liu,2023-06-17,5.27,125
2009LIUE01,Evan Liu,2023-07-08,6.26,126
2009LIUE01,Evan Liu,2023-07-09,6.35,127
2009LIUE01,Evan Liu,2023-07-09,5.63,128
2009LIUE01,Evan Liu,2023-07-27,7.77,129
2009LIUE01,Evan Liu,2023-08-05,5.24,130
2009LIUE01,Evan Liu,2023-08-05,5.39,131
2009LIUE01,Evan Liu,2023-08-11,6.99,132
2009LIUE01,Evan Liu,2023-08-11,5.79,133
2009LIUE01,Evan Liu,2023-08-20,5.9,134
2009LIUE01,Evan Liu,2023-09-09,5.9,135
2009LIUE01,Evan Liu,2023-09-09,6.51,136
2009LIUE01,Evan Liu,2023-09-09,5.59,137
2009LIUE01,Evan Liu,2023-09-23,6.33,138
2009LIUE01,Evan Liu,2023-09-23,6.0,139
2009LIUE01,Evan Liu,2023-09-25,5.24,140
2009LIUE01,Evan Liu,2023-09-25,7.54,141
2009LIUE01,Evan Liu,2023-09-30,5.62,142
2009LIUE01,Evan Liu,2023-09-30,5.62,143
2009LIUE01,Evan Liu,2023-10-07,6.46,144
2009LIUE01,Evan Liu,2023-10-07,5.77,145
2009LIUE01,Evan Liu,2023-11-04,5.42,146
2009LIUE01,Evan Liu,2023-11-19,6.79,147
2009LIUE01,Evan Liu,2023-12-03,5.08,148
2009LIUE01,Evan Liu,2023-12-03,5.87,149
2009LIUE01,Evan Liu,2024-01-06,6.09,150
2009LIUE01,Evan Liu,2024-01-13,5.87,151
2009LIUE01,Evan Liu,2024-01-13,6.51,152
2009LIUE01,Evan Liu,2024-02-17,5.56,153
2009LIUE01,Evan Liu,2024-02-17,7.45,154
2009LIUE01,Evan Liu,2024-03-24,7.65,155
2009LIUE01,Evan Liu,2024-03-24,5.0,156
2009LIUE01,Evan Liu,2024-03-24,6.99,157
2009LIUE01,Evan Liu,2024-03-30,4.54,158
2009LIUE01,Evan Liu,2024-04-06,5.6,159
2009LIUE01,Evan Liu,2024-04-06,5.53,160
2009LIUE01,Evan Liu,2024-04-13,6.25,161
2009LIUE01,Evan Liu,2024-04-20,5.13,162
2009LIUE01,Evan Liu,2024-04-20,4.7,163
2009LIUE01,Evan Liu,2024-04-27,4.71,164
2009LIUE01,Evan Liu,2024-05-11,5.48,165
2009LIUE01,Evan Liu,2024-05-11,6.36,166
2009LIUE01,Evan Liu,2024-05-25,4.17,167
2009LIUE01,Evan Liu,2024-05-25,6.76,168
2009LIUE01,Evan Liu,2024-06-08,5.41,169
2009LIUE01,Evan Liu,2024-06-08,5.5,170
2009LIUE01,Evan Liu,2024-06-15,4.83,171
2009LIUE01,Evan Liu,2024-06-15,8.0,172
2009LIUE01,Evan Liu,2024-06-21,6.29,173
2009LIUE01,Evan Liu,2024-06-21,4.58,174
2009LIUE01,Evan Liu,2024-06-21,5.82,175
2009LIUE01,Evan Liu,2024-06-29,5.06,176
2009LIUE01,Evan Liu,2024-07-13,4.5,177
2009LIUE01,Evan Liu,2024-07-14,6.13,178
2009LIUE01,Evan Liu,2024-07-14,5.39,179
2009LIUE01,Evan Liu,2024-07-27,4.51,180
2009LIUE01,Evan Liu,2024-07-27,3.39,181
2009LIUE01,Evan Liu,2024-08-04,4.95,182
2009LIUE01,Evan Liu,2024-08-04,3.84,183
2009LIUE01,Evan Liu,2024-08-10,4.9,184
2009LIUE01,Evan Liu,2024-08-10,5.71,185
2009LIUE01,Evan Liu,2024-08-22,4.94,186
2009LIUE01,Evan Liu,2024-08-24,5.72,187
2009LIUE01,Evan Liu,2024-09-14,5.04,188
2009LIUE01,Evan Liu,2024-09-14,5.23,189
2009LIUE01,Evan Liu,2024-09-14,5.13,190
2009LIUE01,Evan Liu,2024-09-21,5.81,191
2009LIUE01,Evan Liu,2024-09-21,5.28,192
2009LIUE01,Evan Liu,2024-10-12,4.41,193
2009LIUE01,Evan Liu,2024-10-12,4.78,194
2009LIUE01,Evan Liu,2024-10-12,5.92,195
2009LIUE01,Evan Liu,2024-10-19,4.85,196
2009LIUE01,Evan Liu,2024-10-26,5.01,197
2009LIUE01,Evan Liu,2024-10-26,4.95,198
2009LIUE01,Evan Liu,2024-11-02,6.72,199
2009LIUE01,Evan Liu,2024-11-02,3.94,200
2009LIUE01,Evan Liu,2024-11-17,4.99,201
2009LIUE01,Evan Liu,2024-11-17,3.6,202
2009LIUE01,Evan Liu,2024-12-07,5.33,203
2009LIUE01,Evan Liu,2024-12-07,3.86,204
2009LIUE01,Evan Liu,2024-12-21,4.79,205
2009LIUE01,Evan Liu,2024-12-21,4.46,206
2009LIUE01,Evan Liu,2024-12-31,4.82,207
2009LIUE01,Evan Liu,2024-12-31,3.01,208
2009LIUE01,Evan Liu,2025-01-04,4.72,209
2009LIUE01,Evan Liu,2025-01-12,4.43,210
2009LIUE01,Evan Liu,2025-01-12,4.16,211
2009LIUE01,Evan Liu,2025-01-26,4.66,212
2009LIUE01,Evan Liu,2025-03-01,3.94,213
2009LIUE01,Evan Liu,2025-03-01,4.24,214
2009LIUE01,Evan Liu,2025-03-08,5.0,215
2009LIUE01,Evan Liu,2025-03-08,6.15,216
2009LIUE01,Evan Liu,2025-03-30,3.74,217
2009LIUE01,Evan Liu,2025-04-12,5.67,218
2009LIUE01,Evan Liu,2025-04-12,6.55,219
2009LIUE01,Evan Liu,2025-04-20,5.24,220
2009LIUE01,Evan Liu,2025-04-20,4.65,221
2009LIUE01,Evan Liu,2025-05-04,5.56,222
2009LIUE01,Evan Liu,2025-05-04,5.27,223
2009LIUE01,Evan Liu,2025-05-10,5.08,224
2009LIUE01,Evan Liu,2025-05-10,7.4,225
2009LIUE01,Evan Liu,2025-05-17,5.26,226
2009LIUE01,Evan Liu,2025-05-24,4.82,227
2009LIUE01,Evan Liu,2025-05-24,4.77,228
2009LIUE01,Evan Liu,2025-06-07,5.02,229
2009LIUE01,Evan Liu,2025-06-07,5.83,230
2009LIUE01,Evan Liu,2025-06-21,4.63,231
2009LIUE01,Evan Liu,2025-06-21,4.14,232
2009LIUE01,Evan Liu,2025-06-30,4.93,233
2009LIUE01,Evan Liu,2025-06-30,6.69,234
2009LIUE01,Evan Liu,2025-07-03,4.22,235
2009LIUE01,Evan Liu,2025-07-03,4.81,236
2009LIUE01,Evan Liu,2025-07-12,6.37,237
2009LIUE01,Evan Liu,2025-07-12,6.5,238
2009LIUE01,Evan Liu,2025-07-26,4.42,239
2009LIUE01,Evan Liu,2025-07-26,4.29,240
2009LIUE01,Evan Liu,2025-08-09,5.58,241
2009LIUE01,Evan Liu,2025-08-30,5.05,242
2009LIUE01,Evan Liu,2025-08-30,7.13,243
2009LIUE01,Evan Liu,2025-09-13,4.65,244
2009LIUE01,Evan Liu,2025-10-12,4.27,245
2009LIUE01,Evan Liu,2025-10-12,4.69,246
2009LIUE01,Evan Liu,2025-10-25,4.41,247
2009LIUE01,Evan Liu,2025-11-08,6.14,248
2009LIUE01,Evan Liu,2026-01-17,5.31,249
2009LIUE01,Evan Liu,2026-01-23,5.28,250
2009LIUE01,Evan Liu,2026-02-07,5.87,251
2009LIUE01,Evan Liu,2026-02-07,5.49,252
2009LIUE01,Evan Liu,2026-02-28,5.86,253
2009LIUE01,Evan Liu,2026-03-14,3.26,254
2009LIUE01,Evan Liu,2026-03-14,4.11,255
2009LIUE01,Evan Liu,2026-03-14,6.33,256
2009LIUE01,Evan Liu,2026-03-28,4.31,257
2009LIUE01,Evan Liu,2026-04-10,4.71,258
2009LIUE01,Evan Liu,2026-04-10,4.71,259
2009LIUE01,Evan Liu,2026-04-25,4.87,260
2009LIUE01,Evan Liu,2026-04-25,4.58,261
2009LIUE01,Evan Liu,2026-05-09,4.02,262
2009LIUE01,Evan Liu,2026-05-09,5.66,263
2009LIUE01,Evan Liu,2026-05-17,4.96,264
2009LIUE01,Evan Liu,2026-05-17,5.1,265
2010BENT01,Jan Bentlage,2014-01-03,10.1,1
2010BENT01,Jan Bentlage,2014-01-18,9.33,2
2010BENT01,Jan Bentlage,2014-01-18,8.31,3
2010BENT01,Jan Bentlage,2014-02-15,10.47,4
2010BENT01,Jan Bentlage,2014-03-15,8.79,5
2010BENT01,Jan Bentlage,2014-03-15,9.8,6
2010BENT01,Jan Bentlage,2014-04-05,8.82,7
2010BENT01,Jan Bentlage,2014-04-05,7.97,8
2010BENT01,Jan Bentlage,2014-04-18,8.71,9
2010BENT01,Jan Bentlage,2014-04-18,7.28,10
2010BENT01,Jan Bentlage,2014-07-12,8.68,11
2010BENT01,Jan Bentlage,2014-07-12,7.51,12
2010BENT01,Jan Bentlage,2014-08-02,6.94,13
2010BENT01,Jan Bentlage,2014-08-02,6.74,14
2010BENT01,Jan Bentlage,2014-08-08,7.93,15
2010BENT01,Jan Bentlage,2014-10-04,6.23,16
2010BENT01,Jan Bentlage,2014-10-04,7.55,17
2010BENT01,Jan Bentlage,2014-10-04,5.44,18
2010BENT01,Jan Bentlage,2014-11-01,4.75,19
2010BENT01,Jan Bentlage,2014-11-01,6.99,20
2010BENT01,Jan Bentlage,2014-11-08,5.61,21
2010BENT01,Jan Bentlage,2014-11-08,6.33,22
2010BENT01,Jan Bentlage,2014-11-21,5.36,23
2010BENT01,Jan Bentlage,2014-11-21,7.79,24
2010BENT01,Jan Bentlage,2014-12-27,6.07,25
2010BENT01,Jan Bentlage,2014-12-27,7.09,26
2010BENT01,Jan Bentlage,2015-01-17,6.27,27
2010BENT01,Jan Bentlage,2015-01-17,5.93,28
2010BENT01,Jan Bentlage,2015-01-31,5.79,29
2010BENT01,Jan Bentlage,2015-01-31,5.52,30
2010BENT01,Jan Bentlage,2015-01-31,6.2,31
2010BENT01,Jan Bentlage,2015-02-21,5.13,32
2010BENT01,Jan Bentlage,2015-02-21,5.91,33
2010BENT01,Jan Bentlage,2015-02-28,6.27,34
2010BENT01,Jan Bentlage,2015-02-28,6.72,35
2010BENT01,Jan Bentlage,2015-03-14,4.68,36
2010BENT01,Jan Bentlage,2015-03-14,5.77,37
2010BENT01,Jan Bentlage,2015-03-14,5.98,38
2010BENT01,Jan Bentlage,2015-04-18,7.69,39
2010BENT01,Jan Bentlage,2015-04-18,4.82,40
2010BENT01,Jan Bentlage,2015-05-16,7.04,41
2010BENT01,Jan Bentlage,2015-05-16,6.95,42
2010BENT01,Jan Bentlage,2015-05-23,5.91,43
2010BENT01,Jan Bentlage,2015-05-23,4.93,44
2010BENT01,Jan Bentlage,2015-05-23,5.37,45
2010BENT01,Jan Bentlage,2015-06-06,7.04,46
2010BENT01,Jan Bentlage,2015-06-06,5.82,47
2010BENT01,Jan Bentlage,2015-07-17,5.47,48
2010BENT01,Jan Bentlage,2015-07-17,6.49,49
2010BENT01,Jan Bentlage,2015-08-01,6.08,50
2010BENT01,Jan Bentlage,2015-08-01,6.32,51
2010BENT01,Jan Bentlage,2015-08-22,6.77,52
2010BENT01,Jan Bentlage,2015-08-22,5.76,53
2010BENT01,Jan Bentlage,2015-08-22,5.51,54
2010BENT01,Jan Bentlage,2015-09-05,5.17,55
2010BENT01,Jan Bentlage,2015-09-05,7.04,56
2010BENT01,Jan Bentlage,2015-09-12,6.47,57
2010BENT01,Jan Bentlage,2015-10-17,6.41,58
2010BENT01,Jan Bentlage,2015-10-31,6.08,59
2010BENT01,Jan Bentlage,2015-10-31,4.63,60
2010BENT01,Jan Bentlage,2015-11-14,6.84,61
2010BENT01,Jan Bentlage,2015-11-14,6.19,62
2010BENT01,Jan Bentlage,2015-12-05,11.16,63
2010BENT01,Jan Bentlage,2015-12-05,6.2,64
2010BENT01,Jan Bentlage,2015-12-19,7.94,65
2010BENT01,Jan Bentlage,2015-12-19,5.39,66
2010BENT01,Jan Bentlage,2016-01-30,6.4,67
2010BENT01,Jan Bentlage,2016-01-30,5.8,68
2010BENT01,Jan Bentlage,2016-03-05,5.21,69
2010BENT01,Jan Bentlage,2016-03-05,7.67,70
2010BENT01,Jan Bentlage,2016-03-05,6.16,71
2010BENT01,Jan Bentlage,2016-04-09,6.7,72
2010BENT01,Jan Bentlage,2016-04-09,5.33,73
2010BENT01,Jan Bentlage,2016-05-07,6.28,74
2010BENT01,Jan Bentlage,2016-05-07,8.35,75
2010BENT01,Jan Bentlage,2016-05-28,7.82,76
2010BENT01,Jan Bentlage,2016-05-28,6.86,77
2010BENT01,Jan Bentlage,2016-07-02,6.63,78
2010BENT01,Jan Bentlage,2016-07-02,8.08,79
2010BENT01,Jan Bentlage,2016-07-15,7.58,80
2010BENT01,Jan Bentlage,2016-07-15,6.7,81
2010BENT01,Jan Bentlage,2016-07-30,4.82,82
2010BENT01,Jan Bentlage,2016-09-03,7.54,83
2010BENT01,Jan Bentlage,2016-10-07,6.43,84
2010BENT01,Jan Bentlage,2016-10-07,5.99,85
2010BENT01,Jan Bentlage,2016-10-29,6.2,86
2010BENT01,Jan Bentlage,2016-10-29,6.23,87
2010BENT01,Jan Bentlage,2016-11-05,7.67,88
2010BENT01,Jan Bentlage,2016-11-05,8.01,89
2010BENT01,Jan Bentlage,2016-11-26,6.76,90
2010BENT01,Jan Bentlage,2016-11-26,9.12,91
2010BENT01,Jan Bentlage,2016-11-26,6.54,92
2010BENT01,Jan Bentlage,2017-01-06,5.14,93
2010BENT01,Jan Bentlage,2017-01-06,8.12,94
2010BENT01,Jan Bentlage,2017-01-28,6.36,95
2010BENT01,Jan Bentlage,2017-01-28,5.89,96
2010BENT01,Jan Bentlage,2017-03-11,5.9,97
2010BENT01,Jan Bentlage,2017-03-11,6.55,98
2010BENT01,Jan Bentlage,2017-03-25,7.49,99
2010BENT01,Jan Bentlage,2017-03-25,6.79,100
2010BENT01,Jan Bentlage,2017-04-08,7.11,101
2010BENT01,Jan Bentlage,2017-04-29,4.81,102
2010BENT01,Jan Bentlage,2017-04-29,8.33,103
2010BENT01,Jan Bentlage,2017-05-20,5.58,104
2010BENT01,Jan Bentlage,2017-05-20,6.37,105
2010BENT01,Jan Bentlage,2017-05-27,5.75,106
2010BENT01,Jan Bentlage,2017-05-27,6.37,107
2010BENT01,Jan Bentlage,2017-06-10,5.81,108
2010BENT01,Jan Bentlage,2017-06-10,6.05,109
2010BENT01,Jan Bentlage,2017-06-24,4.58,110
2010BENT01,Jan Bentlage,2017-06-24,6.23,111
2010BENT01,Jan Bentlage,2017-07-01,4.89,112
2010BENT01,Jan Bentlage,2017-07-01,5.11,113
2010BENT01,Jan Bentlage,2017-07-13,5.52,114
2010BENT01,Jan Bentlage,2017-07-13,5.3,115
2010BENT01,Jan Bentlage,2017-07-21,6.24,116
2010BENT01,Jan Bentlage,2017-07-21,5.52,117
2010BENT01,Jan Bentlage,2017-07-21,5.86,118
2010BENT01,Jan Bentlage,2017-08-19,5.45,119
2010BENT01,Jan Bentlage,2017-08-19,5.17,120
2010BENT01,Jan Bentlage,2017-09-01,4.52,121
2010BENT01,Jan Bentlage,2017-09-01,5.77,122
2010BENT01,Jan Bentlage,2017-09-01,5.03,123
2010BENT01,Jan Bentlage,2017-09-16,5.21,124
2010BENT01,Jan Bentlage,2017-09-16,5.5,125
2010BENT01,Jan Bentlage,2017-09-22,5.32,126
2010BENT01,Jan Bentlage,2017-09-22,5.59,127
2010BENT01,Jan Bentlage,2017-09-30,4.84,128
2010BENT01,Jan Bentlage,2017-09-30,4.04,129
2010BENT01,Jan Bentlage,2017-10-13,6.99,130
2010BENT01,Jan Bentlage,2017-10-13,6.53,131
2010BENT01,Jan Bentlage,2017-10-21,3.97,132
2010BENT01,Jan Bentlage,2017-11-04,6.84,133
2010BENT01,Jan Bentlage,2017-11-04,6.09,134
2010BENT01,Jan Bentlage,2017-11-18,6.4,135
2010BENT01,Jan Bentlage,2017-11-18,6.13,136
2010BENT01,Jan Bentlage,2017-12-02,7.89,137
2010BENT01,Jan Bentlage,2017-12-02,4.54,138
2010BENT01,Jan Bentlage,2018-01-05,7.84,139
2010BENT01,Jan Bentlage,2018-01-05,4.98,140
2010BENT01,Jan Bentlage,2018-02-10,4.94,141
2010BENT01,Jan Bentlage,2018-02-10,7.14,142
2010BENT01,Jan Bentlage,2018-03-24,5.39,143
2010BENT01,Jan Bentlage,2018-03-24,5.57,144
2010BENT01,Jan Bentlage,2018-04-21,6.01,145
2010BENT01,Jan Bentlage,2018-04-21,5.3,146
2010BENT01,Jan Bentlage,2018-04-28,5.18,147
2010BENT01,Jan Bentlage,2018-05-12,5.45,148
2010BENT01,Jan Bentlage,2018-05-12,6.83,149
2010BENT01,Jan Bentlage,2018-05-19,5.21,150
2010BENT01,Jan Bentlage,2018-05-19,6.1,151
2010BENT01,Jan Bentlage,2018-06-02,5.82,152
2010BENT01,Jan Bentlage,2018-06-02,5.63,153
2010BENT01,Jan Bentlage,2018-06-23,5.52,154
2010BENT01,Jan Bentlage,2018-06-23,5.99,155
2010BENT01,Jan Bentlage,2018-07-14,6.44,156
2010BENT01,Jan Bentlage,2018-07-14,6.58,157
2010BENT01,Jan Bentlage,2018-07-19,6.49,158
2010BENT01,Jan Bentlage,2018-07-19,5.63,159
2010BENT01,Jan Bentlage,2018-07-19,5.91,160
2010BENT01,Jan Bentlage,2018-08-17,4.89,161
2010BENT01,Jan Bentlage,2018-09-07,4.67,162
2010BENT01,Jan Bentlage,2018-09-07,6.51,163
2010BENT01,Jan Bentlage,2018-10-13,6.84,164
2010BENT01,Jan Bentlage,2018-10-27,5.94,165
2010BENT01,Jan Bentlage,2018-11-03,5.82,166
2010BENT01,Jan Bentlage,2019-01-19,6.47,167
2010BENT01,Jan Bentlage,2019-01-19,6.53,168
2010BENT01,Jan Bentlage,2019-03-22,6.39,169
2010BENT01,Jan Bentlage,2019-03-22,5.96,170
2010BENT01,Jan Bentlage,2019-04-06,6.68,171
2010BENT01,Jan Bentlage,2019-04-06,6.43,172
2010BENT01,Jan Bentlage,2019-04-20,5.83,173
2010BENT01,Jan Bentlage,2019-04-20,5.13,174
2010BENT01,Jan Bentlage,2019-05-11,6.48,175
2010BENT01,Jan Bentlage,2019-05-11,6.81,176
2010BENT01,Jan Bentlage,2019-05-18,5.71,177
2010BENT01,Jan Bentlage,2019-05-18,6.0,178
2010BENT01,Jan Bentlage,2019-05-30,6.53,179
2010BENT01,Jan Bentlage,2019-05-30,5.64,180
2010BENT01,Jan Bentlage,2019-05-30,6.17,181
2010BENT01,Jan Bentlage,2019-06-08,7.73,182
2010BENT01,Jan Bentlage,2019-06-08,5.98,183
2010BENT01,Jan Bentlage,2019-06-22,6.06,184
2010BENT01,Jan Bentlage,2019-06-22,6.21,185
2010BENT01,Jan Bentlage,2019-07-11,6.21,186
2010BENT01,Jan Bentlage,2019-08-02,5.63,187
2010BENT01,Jan Bentlage,2019-08-02,5.67,188
2010BENT01,Jan Bentlage,2019-08-10,7.04,189
2010BENT01,Jan Bentlage,2019-08-10,5.4,190
2010BENT01,Jan Bentlage,2019-08-10,6.39,191
2010BENT01,Jan Bentlage,2019-08-17,5.02,192
2010BENT01,Jan Bentlage,2019-08-17,8.41,193
2010BENT01,Jan Bentlage,2019-09-21,6.03,194
2010BENT01,Jan Bentlage,2019-09-21,6.49,195
2010BENT01,Jan Bentlage,2019-10-12,7.09,196
2010BENT01,Jan Bentlage,2019-10-26,5.62,197
2010BENT01,Jan Bentlage,2019-11-23,5.13,198
2010BENT01,Jan Bentlage,2019-11-30,9.05,199
2010BENT01,Jan Bentlage,2019-11-30,7.65,200
2010BENT01,Jan Bentlage,2020-01-18,7.29,201
2010BENT01,Jan Bentlage,2020-01-18,6.34,202
2010BENT01,Jan Bentlage,2020-02-15,6.71,203
2010BENT01,Jan Bentlage,2020-02-15,7.47,204
2010BENT01,Jan Bentlage,2020-02-22,4.73,205
2010BENT01,Jan Bentlage,2020-02-22,6.58,206
2010BENT01,Jan Bentlage,2021-10-08,4.99,207
2010BENT01,Jan Bentlage,2021-10-08,5.68,208
2010BENT01,Jan Bentlage,2021-10-17,5.19,209
2010BENT01,Jan Bentlage,2021-11-20,4.9,210
2010BENT01,Jan Bentlage,2021-11-20,6.05,211
2010BENT01,Jan Bentlage,2022-04-10,4.86,212
2010BENT01,Jan Bentlage,2022-04-10,5.56,213
2010BENT01,Jan Bentlage,2022-04-23,6.18,214
2010BENT01,Jan Bentlage,2022-04-23,4.69,215
2010BENT01,Jan Bentlage,2022-05-14,6.04,216
2010BENT01,Jan Bentlage,2022-05-14,6.41,217
2010BENT01,Jan Bentlage,2022-07-09,7.77,218
2010BENT01,Jan Bentlage,2022-07-09,4.72,219
2010BENT01,Jan Bentlage,2022-08-19,7.0,220
2010BENT01,Jan Bentlage,2022-08-19,6.49,221
2010BENT01,Jan Bentlage,2022-10-07,6.06,222
2010BENT01,Jan Bentlage,2022-10-07,5.72,223
2010BENT01,Jan Bentlage,2022-11-12,7.46,224
2010BENT01,Jan Bentlage,2023-04-10,4.96,225
2010BENT01,Jan Bentlage,2023-04-10,5.58,226
2010BENT01,Jan Bentlage,2023-04-15,6.06,227
2010BENT01,Jan Bentlage,2023-04-15,5.01,228
2010BENT01,Jan Bentlage,2023-05-20,6.88,229
2010BENT01,Jan Bentlage,2023-07-16,6.3,230
2010BENT01,Jan Bentlage,2023-07-27,5.37,231
2010BENT01,Jan Bentlage,2023-07-27,5.63,232
2010BENT01,Jan Bentlage,2023-08-04,5.1,233
2010BENT01,Jan Bentlage,2023-08-04,4.5,234
2010BENT01,Jan Bentlage,2023-08-04,5.87,235
2010BENT01,Jan Bentlage,2023-11-11,4.78,236
2010BENT01,Jan Bentlage,2023-11-11,6.86,237
2010BENT01,Jan Bentlage,2023-11-11,5.76,238
2010BENT01,Jan Bentlage,2024-02-10,4.87,239
2010BENT01,Jan Bentlage,2024-02-10,5.66,240
2010BENT01,Jan Bentlage,2024-04-05,5.44,241
2010BENT01,Jan Bentlage,2024-05-24,7.49,242
2010BENT01,Jan Bentlage,2024-05-24,4.51,243
2010BENT01,Jan Bentlage,2024-05-24,5.96,244
2010BENT01,Jan Bentlage,2024-07-25,6.32,245
2010BENT01,Jan Bentlage,2024-10-04,5.27,246
2010BENT01,Jan Bentlage,2024-10-04,4.92,247
2010BENT01,Jan Bentlage,2025-05-17,7.33,248
2010BENT01,Jan Bentlage,2025-07-03,5.61,249
2010BENT01,Jan Bentlage,2025-08-23,5.44,250
2010BENT01,Jan Bentlage,2025-09-26,5.74,251
2010BENT01,Jan Bentlage,2025-09-26,5.73,252
2010BENT01,Jan Bentlage,2026-05-01,6.02,253
2010BENT01,Jan Bentlage,2026-05-01,4.87,254
2010GARC02,Carlos Méndez García-Barroso,2014-03-01,13.96,1
2010GARC02,Carlos Méndez García-Barroso,2014-06-21,16.61,2
2010GARC02,Carlos Méndez García-Barroso,2014-08-08,13.59,3
2010GARC02,Carlos Méndez García-Barroso,2014-09-26,14.79,4
2010GARC02,Carlos Méndez García-Barroso,2014-11-15,11.46,5
2010GARC02,Carlos Méndez García-Barroso,2014-11-15,8.37,6
2010GARC02,Carlos Méndez García-Barroso,2014-11-22,8.82,7
2010GARC02,Carlos Méndez García-Barroso,2015-10-09,11.53,8
2010GARC02,Carlos Méndez García-Barroso,2015-10-09,7.45,9
2010GARC02,Carlos Méndez García-Barroso,2015-11-22,8.96,10
2010GARC02,Carlos Méndez García-Barroso,2016-09-03,13.77,11
2010GARC02,Carlos Méndez García-Barroso,2016-11-05,10.79,12
2010GARC02,Carlos Méndez García-Barroso,2016-11-05,9.7,13
2010GARC02,Carlos Méndez García-Barroso,2017-03-25,9.69,14
2010GARC02,Carlos Méndez García-Barroso,2017-05-06,8.69,15
2010GARC02,Carlos Méndez García-Barroso,2017-06-24,9.73,16
2010GARC02,Carlos Méndez García-Barroso,2017-06-24,9.49,17
2010GARC02,Carlos Méndez García-Barroso,2017-07-01,9.49,18
2010GARC02,Carlos Méndez García-Barroso,2017-07-01,8.89,19
2010GARC02,Carlos Méndez García-Barroso,2017-07-29,6.26,20
2010GARC02,Carlos Méndez García-Barroso,2017-07-29,6.42,21
2010GARC02,Carlos Méndez García-Barroso,2017-10-13,6.0,22
2010GARC02,Carlos Méndez García-Barroso,2017-10-13,5.53,23
2010GARC02,Carlos Méndez García-Barroso,2017-10-13,5.08,24
2010GARC02,Carlos Méndez García-Barroso,2017-11-11,5.49,25
2010GARC02,Carlos Méndez García-Barroso,2017-11-11,5.06,26
2010GARC02,Carlos Méndez García-Barroso,2017-12-08,5.33,27
2010GARC02,Carlos Méndez García-Barroso,2017-12-08,4.9,28
2010GARC02,Carlos Méndez García-Barroso,2017-12-08,6.02,29
2010GARC02,Carlos Méndez García-Barroso,2018-02-17,3.75,30
2010GARC02,Carlos Méndez García-Barroso,2018-02-17,5.03,31
2010GARC02,Carlos Méndez García-Barroso,2018-02-24,5.13,32
2010GARC02,Carlos Méndez García-Barroso,2018-02-24,3.52,33
2010GARC02,Carlos Méndez García-Barroso,2018-04-14,5.09,34
2010GARC02,Carlos Méndez García-Barroso,2018-05-05,4.06,35
2010GARC02,Carlos Méndez García-Barroso,2018-05-12,4.29,36
2010GARC02,Carlos Méndez García-Barroso,2018-05-12,3.56,37
2010GARC02,Carlos Méndez García-Barroso,2018-07-19,4.13,38
2010GARC02,Carlos Méndez García-Barroso,2018-07-19,4.06,39
2010GARC02,Carlos Méndez García-Barroso,2018-07-19,3.5,40
2010GARC02,Carlos Méndez García-Barroso,2018-10-12,3.68,41
2010GARC02,Carlos Méndez García-Barroso,2018-10-12,4.39,42
2010GARC02,Carlos Méndez García-Barroso,2018-10-12,4.25,43
2010GARC02,Carlos Méndez García-Barroso,2018-10-27,2.8,44
2010GARC02,Carlos Méndez García-Barroso,2018-10-27,4.58,45
2010GARC02,Carlos Méndez García-Barroso,2018-11-10,5.53,46
2010GARC02,Carlos Méndez García-Barroso,2018-11-10,4.02,47
2010GARC02,Carlos Méndez García-Barroso,2019-01-26,2.83,48
2010GARC02,Carlos Méndez García-Barroso,2019-01-26,3.92,49
2010GARC02,Carlos Méndez García-Barroso,2019-01-26,3.75,50
2010GARC02,Carlos Méndez García-Barroso,2019-02-16,3.46,51
2010GARC02,Carlos Méndez García-Barroso,2019-02-16,3.51,52
2010GARC02,Carlos Méndez García-Barroso,2019-04-13,3.41,53
2010GARC02,Carlos Méndez García-Barroso,2019-04-13,3.59,54
2010GARC02,Carlos Méndez García-Barroso,2019-07-11,4.09,55
2010GARC02,Carlos Méndez García-Barroso,2019-07-11,3.26,56
2010GARC02,Carlos Méndez García-Barroso,2019-07-11,3.25,57
2010GARC02,Carlos Méndez García-Barroso,2019-07-27,4.05,58
2010GARC02,Carlos Méndez García-Barroso,2019-07-27,3.61,59
2010GARC02,Carlos Méndez García-Barroso,2019-09-21,2.97,60
2010GARC02,Carlos Méndez García-Barroso,2019-09-21,3.58,61
2010GARC02,Carlos Méndez García-Barroso,2019-09-21,3.99,62
2010GARC02,Carlos Méndez García-Barroso,2019-10-11,3.67,63
2010GARC02,Carlos Méndez García-Barroso,2019-10-11,3.63,64
2010GARC02,Carlos Méndez García-Barroso,2019-10-11,3.0,65
2010GARC02,Carlos Méndez García-Barroso,2019-11-02,3.64,66
2010GARC02,Carlos Méndez García-Barroso,2019-11-02,4.77,67
2010GARC02,Carlos Méndez García-Barroso,2019-11-02,3.19,68
2010GARC02,Carlos Méndez García-Barroso,2019-11-16,3.24,69
2010GARC02,Carlos Méndez García-Barroso,2019-11-16,5.94,70
2010GARC02,Carlos Méndez García-Barroso,2019-11-16,3.98,71
2010GARC02,Carlos Méndez García-Barroso,2020-02-01,5.4,72
2010GARC02,Carlos Méndez García-Barroso,2020-02-01,4.3,73
2010GARC02,Carlos Méndez García-Barroso,2020-02-01,3.9,74
2010GARC02,Carlos Méndez García-Barroso,2020-02-22,3.78,75
2010GARC02,Carlos Méndez García-Barroso,2020-02-22,3.73,76
2010GARC02,Carlos Méndez García-Barroso,2021-12-11,2.81,77
2010GARC02,Carlos Méndez García-Barroso,2021-12-11,2.64,78
2010GARC02,Carlos Méndez García-Barroso,2022-03-05,2.98,79
2010GARC02,Carlos Méndez García-Barroso,2022-03-05,3.36,80
2010GARC02,Carlos Méndez García-Barroso,2022-03-05,3.6,81
2010GARC02,Carlos Méndez García-Barroso,2022-03-12,3.01,82
2010GARC02,Carlos Méndez García-Barroso,2022-03-12,3.71,83
2010GARC02,Carlos Méndez García-Barroso,2022-03-12,3.43,84
2010GARC02,Carlos Méndez García-Barroso,2022-03-19,3.44,85
2010GARC02,Carlos Méndez García-Barroso,2022-03-19,3.01,86
2010GARC02,Carlos Méndez García-Barroso,2022-03-19,3.35,87
2010GARC02,Carlos Méndez García-Barroso,2022-04-09,2.64,88
2010GARC02,Carlos Méndez García-Barroso,2022-04-09,2.97,89
2010GARC02,Carlos Méndez García-Barroso,2022-04-15,2.9,90
2010GARC02,Carlos Méndez García-Barroso,2022-04-15,3.44,91
2010GARC02,Carlos Méndez García-Barroso,2022-04-15,3.05,92
2010GARC02,Carlos Méndez García-Barroso,2022-05-21,3.11,93
2010GARC02,Carlos Méndez García-Barroso,2022-05-21,3.15,94
2010GARC02,Carlos Méndez García-Barroso,2022-05-21,3.4,95
2010GARC02,Carlos Méndez García-Barroso,2022-06-04,2.59,96
2010GARC02,Carlos Méndez García-Barroso,2022-06-04,3.74,97
2010GARC02,Carlos Méndez García-Barroso,2022-06-04,2.37,98
2010GARC02,Carlos Méndez García-Barroso,2022-06-11,3.52,99
2010GARC02,Carlos Méndez García-Barroso,2022-06-18,3.0,100
2010GARC02,Carlos Méndez García-Barroso,2022-06-18,3.04,101
2010GARC02,Carlos Méndez García-Barroso,2022-06-18,2.96,102
2010GARC02,Carlos Méndez García-Barroso,2022-07-09,3.34,103
2010GARC02,Carlos Méndez García-Barroso,2022-07-09,2.91,104
2010GARC02,Carlos Méndez García-Barroso,2022-07-30,2.8,105
2010GARC02,Carlos Méndez García-Barroso,2022-07-30,2.98,106
2010GARC02,Carlos Méndez García-Barroso,2022-07-30,3.65,107
2010GARC02,Carlos Méndez García-Barroso,2022-08-05,3.03,108
2010GARC02,Carlos Méndez García-Barroso,2022-08-05,2.63,109
2010GARC02,Carlos Méndez García-Barroso,2022-08-05,4.07,110
2010GARC02,Carlos Méndez García-Barroso,2022-08-13,2.31,111
2010GARC02,Carlos Méndez García-Barroso,2022-08-13,3.21,112
2010GARC02,Carlos Méndez García-Barroso,2022-08-13,2.63,113
2010GARC02,Carlos Méndez García-Barroso,2022-08-20,2.95,114
2010GARC02,Carlos Méndez García-Barroso,2022-08-20,3.1,115
2010GARC02,Carlos Méndez García-Barroso,2022-09-03,3.25,116
2010GARC02,Carlos Méndez García-Barroso,2022-09-03,2.51,117
2010GARC02,Carlos Méndez García-Barroso,2022-09-03,2.82,118
2010GARC02,Carlos Méndez García-Barroso,2022-09-10,2.83,119
2010GARC02,Carlos Méndez García-Barroso,2022-09-10,3.12,120
2010GARC02,Carlos Méndez García-Barroso,2022-09-10,2.72,121
2010GARC02,Carlos Méndez García-Barroso,2022-10-07,2.12,122
2010GARC02,Carlos Méndez García-Barroso,2022-10-07,2.7,123
2010GARC02,Carlos Méndez García-Barroso,2022-10-07,2.85,124
2010GARC02,Carlos Méndez García-Barroso,2022-10-28,3.0,125
2010GARC02,Carlos Méndez García-Barroso,2022-10-28,3.14,126
2010GARC02,Carlos Méndez García-Barroso,2022-10-28,3.02,127
2010GARC02,Carlos Méndez García-Barroso,2023-02-11,2.78,128
2010GARC02,Carlos Méndez García-Barroso,2023-02-11,3.19,129
2010GARC02,Carlos Méndez García-Barroso,2023-03-10,2.43,130
2010GARC02,Carlos Méndez García-Barroso,2023-03-10,3.52,131
2010GARC02,Carlos Méndez García-Barroso,2023-03-10,2.79,132
2010GARC02,Carlos Méndez García-Barroso,2023-03-25,2.9,133
2010GARC02,Carlos Méndez García-Barroso,2023-03-25,2.77,134
2010GARC02,Carlos Méndez García-Barroso,2023-03-25,3.3,135
2010GARC02,Carlos Méndez García-Barroso,2023-04-07,2.79,136
2010GARC02,Carlos Méndez García-Barroso,2023-04-07,3.15,137
2010GARC02,Carlos Méndez García-Barroso,2023-04-07,2.33,138
2010GARC02,Carlos Méndez García-Barroso,2023-04-15,2.97,139
2010GARC02,Carlos Méndez García-Barroso,2023-04-15,2.48,140
2010GARC02,Carlos Méndez García-Barroso,2023-04-15,3.06,141
2010GARC02,Carlos Méndez García-Barroso,2023-04-28,2.34,142
2010GARC02,Carlos Méndez García-Barroso,2023-04-28,2.67,143
2010GARC02,Carlos Méndez García-Barroso,2023-05-20,3.38,144
2010GARC02,Carlos Méndez García-Barroso,2023-05-20,2.79,145
2010GARC02,Carlos Méndez García-Barroso,2023-05-20,3.17,146
2010GARC02,Carlos Méndez García-Barroso,2023-06-17,3.1,147
2010GARC02,Carlos Méndez García-Barroso,2023-06-17,2.42,148
2010GARC02,Carlos Méndez García-Barroso,2023-06-17,2.65,149
2010GARC02,Carlos Méndez García-Barroso,2023-06-24,1.91,150
2010GARC02,Carlos Méndez García-Barroso,2023-06-24,3.67,151
2010GARC02,Carlos Méndez García-Barroso,2023-06-24,3.61,152
2010GARC02,Carlos Méndez García-Barroso,2023-07-22,2.45,153
2010GARC02,Carlos Méndez García-Barroso,2023-07-22,3.5,154
2010GARC02,Carlos Méndez García-Barroso,2023-07-22,2.72,155
2010GARC02,Carlos Méndez García-Barroso,2023-10-07,3.25,156
2010GARC02,Carlos Méndez García-Barroso,2023-10-14,3.15,157
2010GARC02,Carlos Méndez García-Barroso,2023-10-14,3.1,158
2010GARC02,Carlos Méndez García-Barroso,2023-10-28,3.09,159
2010GARC02,Carlos Méndez García-Barroso,2023-10-28,2.86,160
2010GARC02,Carlos Méndez García-Barroso,2023-10-28,5.12,161
2010GARC02,Carlos Méndez García-Barroso,2023-11-18,3.36,162
2010GARC02,Carlos Méndez García-Barroso,2023-11-18,3.76,163
2010GARC02,Carlos Méndez García-Barroso,2023-11-18,3.46,164
2010GARC02,Carlos Méndez García-Barroso,2023-11-25,4.55,165
2010GARC02,Carlos Méndez García-Barroso,2023-11-25,3.25,166
2010GARC02,Carlos Méndez García-Barroso,2023-11-25,2.32,167
2010GARC02,Carlos Méndez García-Barroso,2023-12-08,3.53,168
2010GARC02,Carlos Méndez García-Barroso,2023-12-08,2.94,169
2010GARC02,Carlos Méndez García-Barroso,2023-12-08,3.07,170
2010GARC02,Carlos Méndez García-Barroso,2024-01-27,2.73,171
2010GARC02,Carlos Méndez García-Barroso,2024-01-27,2.55,172
2010GARC02,Carlos Méndez García-Barroso,2024-01-27,2.93,173
2010GARC02,Carlos Méndez García-Barroso,2024-03-28,3.35,174
2010GARC02,Carlos Méndez García-Barroso,2024-03-28,3.73,175
2010GARC02,Carlos Méndez García-Barroso,2024-03-28,3.68,176
2010GARC02,Carlos Méndez García-Barroso,2024-04-13,2.92,177
2010GARC02,Carlos Méndez García-Barroso,2024-04-13,3.2,178
2010GARC02,Carlos Méndez García-Barroso,2024-04-27,2.25,179
2010GARC02,Carlos Méndez García-Barroso,2024-04-27,2.88,180
2010GARC02,Carlos Méndez García-Barroso,2024-04-27,2.82,181
2010GARC02,Carlos Méndez García-Barroso,2024-06-08,2.85,182
2010GARC02,Carlos Méndez García-Barroso,2024-07-25,3.29,183
2010GARC02,Carlos Méndez García-Barroso,2024-07-25,2.79,184
2010GARC02,Carlos Méndez García-Barroso,2024-07-25,2.52,185
2010GARC02,Carlos Méndez García-Barroso,2024-09-07,2.58,186
2010GARC02,Carlos Méndez García-Barroso,2024-09-07,3.86,187
2010GARC02,Carlos Méndez García-Barroso,2024-09-07,2.48,188
2010GARC02,Carlos Méndez García-Barroso,2024-09-14,3.24,189
2010GARC02,Carlos Méndez García-Barroso,2024-09-14,2.4,190
2010GARC02,Carlos Méndez García-Barroso,2024-09-14,3.15,191
2010GARC02,Carlos Méndez García-Barroso,2024-10-19,2.42,192
2010GARC02,Carlos Méndez García-Barroso,2024-10-19,3.27,193
2010GARC02,Carlos Méndez García-Barroso,2024-10-19,2.71,194
2010GARC02,Carlos Méndez García-Barroso,2025-01-25,4.39,195
2010GARC02,Carlos Méndez García-Barroso,2025-01-25,2.44,196
2010GARC02,Carlos Méndez García-Barroso,2025-01-25,3.51,197
2010GARC02,Carlos Méndez García-Barroso,2025-02-22,2.75,198
2010GARC02,Carlos Méndez García-Barroso,2025-02-22,3.17,199
2010GARC02,Carlos Méndez García-Barroso,2025-02-22,3.79,200
2010GARC02,Carlos Méndez García-Barroso,2025-03-22,3.57,201
2010GARC02,Carlos Méndez García-Barroso,2025-03-22,2.5,202
2010GARC02,Carlos Méndez García-Barroso,2025-03-22,4.21,203
2010GARC02,Carlos Méndez García-Barroso,2025-03-29,2.72,204
2010GARC02,Carlos Méndez García-Barroso,2025-03-29,2.8,205
2010GARC02,Carlos Méndez García-Barroso,2025-03-29,2.06,206
2010GARC02,Carlos Méndez García-Barroso,2025-05-17,3.22,207
2010GARC02,Carlos Méndez García-Barroso,2025-05-17,2.67,208
2010GARC02,Carlos Méndez García-Barroso,2025-06-07,2.72,209
2010GARC02,Carlos Méndez García-Barroso,2025-06-07,2.74,210
2010GARC02,Carlos Méndez García-Barroso,2025-06-28,3.15,211
2010GARC02,Carlos Méndez García-Barroso,2025-06-28,2.51,212
2010GARC02,Carlos Méndez García-Barroso,2025-07-26,3.3,213
2010GARC02,Carlos Méndez García-Barroso,2025-07-26,3.24,214
2010GARC02,Carlos Méndez García-Barroso,2025-10-04,3.58,215
2010GARC02,Carlos Méndez García-Barroso,2025-10-04,2.84,216
2010GARC02,Carlos Méndez García-Barroso,2025-10-04,3.29,217
2010GARC02,Carlos Méndez García-Barroso,2025-11-22,2.49,218
2010GARC02,Carlos Méndez García-Barroso,2025-11-22,2.49,219
2010GARC02,Carlos Méndez García-Barroso,2025-11-29,2.65,220
2010GARC02,Carlos Méndez García-Barroso,2025-11-29,2.44,221
2010GARC02,Carlos Méndez García-Barroso,2025-11-29,3.78,222
2010GARC02,Carlos Méndez García-Barroso,2025-12-06,3.33,223
2010GARC02,Carlos Méndez García-Barroso,2025-12-06,4.11,224
2010GARC02,Carlos Méndez García-Barroso,2025-12-06,2.58,225
2010GARC02,Carlos Méndez García-Barroso,2026-03-07,3.02,226
2010GARC02,Carlos Méndez García-Barroso,2026-03-07,3.21,227
2010GARC02,Carlos Méndez García-Barroso,2026-03-21,3.89,228
2010GARC02,Carlos Méndez García-Barroso,2026-03-21,3.05,229
2010GARC02,Carlos Méndez García-Barroso,2026-03-21,3.06,230
2010GARC02,Carlos Méndez García-Barroso,2026-04-11,3.86,231
2010GARC02,Carlos Méndez García-Barroso,2026-04-11,2.72,232
2010GARC02,Carlos Méndez García-Barroso,2026-04-11,2.35,233
2010GARC02,Carlos Méndez García-Barroso,2026-04-25,3.04,234
2010GARC02,Carlos Méndez García-Barroso,2026-04-25,3.39,235
2010RONK01,Niko Ronkainen,2014-02-22,8.78,1
2010RONK01,Niko Ronkainen,2014-05-03,8.16,2
2010RONK01,Niko Ronkainen,2014-05-17,8.18,3
2010RONK01,Niko Ronkainen,2014-08-08,7.06,4
2010RONK01,Niko Ronkainen,2014-08-08,6.47,5
2010RONK01,Niko Ronkainen,2014-10-18,5.34,6
2010RONK01,Niko Ronkainen,2014-10-18,5.16,7
2010RONK01,Niko Ronkainen,2014-12-13,5.07,8
2010RONK01,Niko Ronkainen,2014-12-13,5.04,9
2010RONK01,Niko Ronkainen,2015-06-13,6.04,10
2010RONK01,Niko Ronkainen,2015-07-17,5.38,11
2010RONK01,Niko Ronkainen,2015-07-17,5.59,12
2010RONK01,Niko Ronkainen,2015-08-15,5.46,13
2010RONK01,Niko Ronkainen,2015-09-05,6.07,14
2010RONK01,Niko Ronkainen,2015-10-23,5.13,15
2010RONK01,Niko Ronkainen,2015-10-23,5.52,16
2010RONK01,Niko Ronkainen,2015-11-28,5.0,17
2010RONK01,Niko Ronkainen,2016-01-03,5.93,18
2010RONK01,Niko Ronkainen,2016-01-03,6.05,19
2010RONK01,Niko Ronkainen,2016-03-05,4.27,20
2010RONK01,Niko Ronkainen,2016-04-16,4.93,21
2010RONK01,Niko Ronkainen,2016-06-18,4.74,22
2010RONK01,Niko Ronkainen,2016-06-18,4.69,23
2010RONK01,Niko Ronkainen,2016-07-15,5.31,24
2010RONK01,Niko Ronkainen,2016-07-15,4.86,25
2010RONK01,Niko Ronkainen,2016-07-15,5.25,26
2010RONK01,Niko Ronkainen,2016-09-17,6.0,27
2010RONK01,Niko Ronkainen,2016-09-17,5.9,28
2010RONK01,Niko Ronkainen,2016-11-25,6.42,29
2010RONK01,Niko Ronkainen,2016-11-25,6.11,30
2010RONK01,Niko Ronkainen,2016-11-25,5.32,31
2010RONK01,Niko Ronkainen,2017-01-14,4.55,32
2010RONK01,Niko Ronkainen,2017-02-25,5.61,33
2010RONK01,Niko Ronkainen,2017-02-25,4.54,34
2010RONK01,Niko Ronkainen,2017-02-25,4.62,35
2010RONK01,Niko Ronkainen,2017-04-15,4.8,36
2010RONK01,Niko Ronkainen,2017-04-15,4.72,37
2010RONK01,Niko Ronkainen,2017-04-22,4.81,38
2010RONK01,Niko Ronkainen,2017-04-22,5.72,39
2010RONK01,Niko Ronkainen,2017-06-09,5.31,40
2010RONK01,Niko Ronkainen,2017-06-09,5.43,41
2010RONK01,Niko Ronkainen,2017-07-13,4.6,42
2010RONK01,Niko Ronkainen,2017-07-13,5.29,43
2010RONK01,Niko Ronkainen,2017-09-16,4.19,44
2010RONK01,Niko Ronkainen,2017-09-16,4.2,45
2010RONK01,Niko Ronkainen,2017-09-16,4.51,46
2010RONK01,Niko Ronkainen,2017-10-21,5.08,47
2010RONK01,Niko Ronkainen,2017-10-21,4.85,48
2010RONK01,Niko Ronkainen,2017-11-17,4.94,49
2010RONK01,Niko Ronkainen,2017-11-17,5.0,50
2010RONK01,Niko Ronkainen,2017-11-17,4.9,51
2010RONK01,Niko Ronkainen,2018-01-27,5.26,52
2010RONK01,Niko Ronkainen,2018-01-27,6.34,53
2010RONK01,Niko Ronkainen,2018-02-10,4.54,54
2010RONK01,Niko Ronkainen,2018-02-10,5.43,55
2010RONK01,Niko Ronkainen,2018-03-23,5.03,56
2010RONK01,Niko Ronkainen,2018-03-23,3.79,57
2010RONK01,Niko Ronkainen,2018-04-06,5.33,58
2010RONK01,Niko Ronkainen,2018-04-06,5.02,59
2010RONK01,Niko Ronkainen,2018-04-06,4.63,60
2010RONK01,Niko Ronkainen,2018-04-14,6.27,61
2010RONK01,Niko Ronkainen,2018-04-14,4.18,62
2010RONK01,Niko Ronkainen,2018-05-11,4.77,63
2010RONK01,Niko Ronkainen,2018-05-11,4.51,64
2010RONK01,Niko Ronkainen,2018-05-11,4.97,65
2010RONK01,Niko Ronkainen,2018-06-08,5.14,66
2010RONK01,Niko Ronkainen,2018-06-08,4.93,67
2010RONK01,Niko Ronkainen,2018-06-08,4.74,68
2010RONK01,Niko Ronkainen,2018-06-30,5.04,69
2010RONK01,Niko Ronkainen,2018-06-30,5.91,70
2010RONK01,Niko Ronkainen,2018-07-19,4.82,71
2010RONK01,Niko Ronkainen,2018-07-19,4.4,72
2010RONK01,Niko Ronkainen,2018-07-19,4.3,73
2010RONK01,Niko Ronkainen,2018-08-24,3.93,74
2010RONK01,Niko Ronkainen,2018-08-24,4.29,75
2010RONK01,Niko Ronkainen,2018-08-24,4.49,76
2010RONK01,Niko Ronkainen,2018-09-22,4.48,77
2010RONK01,Niko Ronkainen,2018-09-22,4.48,78
2010RONK01,Niko Ronkainen,2018-10-20,6.07,79
2010RONK01,Niko Ronkainen,2018-10-20,4.69,80
2010RONK01,Niko Ronkainen,2018-11-02,6.58,81
2010RONK01,Niko Ronkainen,2018-11-02,4.76,82
2010RONK01,Niko Ronkainen,2018-11-02,4.44,83
2010RONK01,Niko Ronkainen,2018-11-16,6.5,84
2010RONK01,Niko Ronkainen,2018-11-16,4.48,85
2010RONK01,Niko Ronkainen,2018-11-16,4.87,86
2010RONK01,Niko Ronkainen,2018-12-15,4.55,87
2010RONK01,Niko Ronkainen,2018-12-15,4.91,88
2010RONK01,Niko Ronkainen,2018-12-15,5.61,89
2010RONK01,Niko Ronkainen,2019-01-04,5.92,90
2010RONK01,Niko Ronkainen,2019-01-04,4.79,91
2010RONK01,Niko Ronkainen,2019-01-12,5.09,92
2010RONK01,Niko Ronkainen,2019-01-12,4.32,93
2010RONK01,Niko Ronkainen,2019-01-12,4.94,94
2010RONK01,Niko Ronkainen,2019-02-09,4.77,95
2010RONK01,Niko Ronkainen,2019-02-09,5.54,96
2010RONK01,Niko Ronkainen,2019-02-09,4.42,97
2010RONK01,Niko Ronkainen,2019-03-01,4.68,98
2010RONK01,Niko Ronkainen,2019-03-01,3.79,99
2010RONK01,Niko Ronkainen,2019-03-01,5.08,100
2010RONK01,Niko Ronkainen,2019-04-12,3.67,101
2010RONK01,Niko Ronkainen,2019-04-12,4.54,102
2010RONK01,Niko Ronkainen,2019-04-27,4.74,103
2010RONK01,Niko Ronkainen,2019-04-27,4.94,104
2010RONK01,Niko Ronkainen,2019-05-24,5.24,105
2010RONK01,Niko Ronkainen,2019-05-24,5.02,106
2010RONK01,Niko Ronkainen,2019-05-24,4.77,107
2010RONK01,Niko Ronkainen,2019-06-07,5.12,108
2010RONK01,Niko Ronkainen,2019-06-07,5.67,109
2010RONK01,Niko Ronkainen,2019-06-07,5.3,110
2010RONK01,Niko Ronkainen,2019-06-29,4.6,111
2010RONK01,Niko Ronkainen,2019-06-29,4.74,112
2010RONK01,Niko Ronkainen,2019-07-11,5.23,113
2010RONK01,Niko Ronkainen,2019-07-11,4.99,114
2010RONK01,Niko Ronkainen,2019-08-17,4.45,115
2010RONK01,Niko Ronkainen,2019-08-17,5.5,116
2010RONK01,Niko Ronkainen,2019-08-17,4.9,117
2010RONK01,Niko Ronkainen,2019-09-20,4.84,118
2010RONK01,Niko Ronkainen,2019-09-20,3.84,119
2010RONK01,Niko Ronkainen,2019-09-20,4.62,120
2010RONK01,Niko Ronkainen,2019-10-04,4.53,121
2010RONK01,Niko Ronkainen,2019-10-04,5.0,122
2010RONK01,Niko Ronkainen,2019-10-04,5.21,123
2010RONK01,Niko Ronkainen,2019-11-01,5.01,124
2010RONK01,Niko Ronkainen,2019-11-01,5.45,125
2010RONK01,Niko Ronkainen,2019-11-22,5.63,126
2010RONK01,Niko Ronkainen,2019-11-22,7.64,127
2010RONK01,Niko Ronkainen,2019-12-14,4.12,128
2010RONK01,Niko Ronkainen,2019-12-14,3.9,129
2010RONK01,Niko Ronkainen,2020-01-11,4.39,130
2010RONK01,Niko Ronkainen,2020-01-11,5.24,131
2010RONK01,Niko Ronkainen,2020-01-11,5.38,132
2010RONK01,Niko Ronkainen,2020-02-15,5.04,133
2010RONK01,Niko Ronkainen,2020-02-15,5.26,134
2010RONK01,Niko Ronkainen,2020-02-22,5.44,135
2010RONK01,Niko Ronkainen,2020-02-22,5.85,136
2010RONK01,Niko Ronkainen,2020-02-22,5.04,137
2010RONK01,Niko Ronkainen,2020-03-07,4.53,138
2010RONK01,Niko Ronkainen,2020-08-22,6.67,139
2010RONK01,Niko Ronkainen,2020-08-22,6.04,140
2010RONK01,Niko Ronkainen,2021-10-01,5.09,141
2010RONK01,Niko Ronkainen,2021-10-01,5.64,142
2010RONK01,Niko Ronkainen,2021-10-30,7.32,143
2010RONK01,Niko Ronkainen,2021-10-30,5.71,144
2010RONK01,Niko Ronkainen,2021-10-30,5.19,145
2010RONK01,Niko Ronkainen,2022-02-12,5.28,146
2010RONK01,Niko Ronkainen,2022-02-12,5.49,147
2010RONK01,Niko Ronkainen,2022-03-11,5.68,148
2010RONK01,Niko Ronkainen,2022-03-11,5.87,149
2010RONK01,Niko Ronkainen,2022-04-15,6.59,150
2010RONK01,Niko Ronkainen,2022-04-15,3.8,151
2010RONK01,Niko Ronkainen,2022-04-15,5.01,152
2010RONK01,Niko Ronkainen,2022-04-23,5.36,153
2010RONK01,Niko Ronkainen,2022-04-23,4.6,154
2010RONK01,Niko Ronkainen,2022-05-07,4.12,155
2010RONK01,Niko Ronkainen,2022-05-07,5.84,156
2010RONK01,Niko Ronkainen,2022-06-03,4.52,157
2010RONK01,Niko Ronkainen,2022-06-03,4.46,158
2010RONK01,Niko Ronkainen,2022-06-03,4.44,159
2010RONK01,Niko Ronkainen,2022-06-10,4.91,160
2010RONK01,Niko Ronkainen,2022-06-10,4.15,161
2010RONK01,Niko Ronkainen,2022-06-10,4.45,162
2010RONK01,Niko Ronkainen,2022-07-02,4.97,163
2010RONK01,Niko Ronkainen,2022-07-02,5.91,164
2010RONK01,Niko Ronkainen,2022-07-09,5.6,165
2010RONK01,Niko Ronkainen,2022-07-09,4.57,166
2010RONK01,Niko Ronkainen,2022-07-09,4.32,167
2010RONK01,Niko Ronkainen,2022-07-14,7.16,168
2010RONK01,Niko Ronkainen,2022-08-19,4.82,169
2010RONK01,Niko Ronkainen,2022-08-19,4.75,170
2010RONK01,Niko Ronkainen,2022-08-27,4.75,171
2010RONK01,Niko Ronkainen,2022-08-27,5.63,172
2010RONK01,Niko Ronkainen,2022-09-10,4.56,173
2010RONK01,Niko Ronkainen,2022-09-24,5.47,174
2010RONK01,Niko Ronkainen,2022-09-24,5.39,175
2010RONK01,Niko Ronkainen,2022-10-22,4.6,176
2010RONK01,Niko Ronkainen,2022-10-22,6.66,177
2010RONK01,Niko Ronkainen,2022-10-28,5.99,178
2010RONK01,Niko Ronkainen,2022-10-28,5.73,179
2010RONK01,Niko Ronkainen,2022-10-28,6.07,180
2010RONK01,Niko Ronkainen,2022-11-12,4.32,181
2010RONK01,Niko Ronkainen,2022-11-12,6.78,182
2010RONK01,Niko Ronkainen,2022-11-25,3.66,183
2010RONK01,Niko Ronkainen,2022-11-25,4.96,184
2010RONK01,Niko Ronkainen,2022-11-25,6.69,185
2010RONK01,Niko Ronkainen,2022-12-03,4.94,186
2010RONK01,Niko Ronkainen,2022-12-03,4.83,187
2010RONK01,Niko Ronkainen,2022-12-10,6.39,188
2010RONK01,Niko Ronkainen,2022-12-10,4.66,189
2010RONK01,Niko Ronkainen,2022-12-16,5.29,190
2010RONK01,Niko Ronkainen,2022-12-16,4.85,191
2010RONK01,Niko Ronkainen,2023-01-01,6.59,192
2010RONK01,Niko Ronkainen,2023-01-01,6.74,193
2010RONK01,Niko Ronkainen,2023-01-14,6.05,194
2010RONK01,Niko Ronkainen,2023-01-28,6.2,195
2010RONK01,Niko Ronkainen,2023-01-28,4.0,196
2010RONK01,Niko Ronkainen,2023-02-19,6.98,197
2010RONK01,Niko Ronkainen,2023-03-03,5.3,198
2010RONK01,Niko Ronkainen,2023-03-03,4.09,199
2010RONK01,Niko Ronkainen,2023-03-03,5.79,200
2010RONK01,Niko Ronkainen,2023-03-18,4.03,201
2010RONK01,Niko Ronkainen,2023-03-18,6.77,202
2010RONK01,Niko Ronkainen,2023-03-25,5.08,203
2010RONK01,Niko Ronkainen,2023-04-15,5.56,204
2010RONK01,Niko Ronkainen,2023-04-22,5.62,205
2010RONK01,Niko Ronkainen,2023-04-22,4.29,206
2010RONK01,Niko Ronkainen,2023-04-22,5.59,207
2010RONK01,Niko Ronkainen,2023-04-26,5.38,208
2010RONK01,Niko Ronkainen,2023-05-21,5.64,209
2010RONK01,Niko Ronkainen,2023-05-28,4.92,210
2010RONK01,Niko Ronkainen,2023-06-03,5.14,211
2010RONK01,Niko Ronkainen,2023-06-09,4.7,212
2010RONK01,Niko Ronkainen,2023-06-09,5.29,213
2010RONK01,Niko Ronkainen,2023-06-09,3.88,214
2010RONK01,Niko Ronkainen,2023-07-01,5.88,215
2010RONK01,Niko Ronkainen,2023-07-01,4.28,216
2010RONK01,Niko Ronkainen,2023-07-22,5.01,217
2010RONK01,Niko Ronkainen,2023-07-22,4.73,218
2010RONK01,Niko Ronkainen,2023-07-29,4.43,219
2010RONK01,Niko Ronkainen,2023-07-29,4.2,220
2010RONK01,Niko Ronkainen,2023-08-05,7.42,221
2010RONK01,Niko Ronkainen,2023-08-05,4.04,222
2010RONK01,Niko Ronkainen,2023-08-05,5.21,223
2010RONK01,Niko Ronkainen,2023-08-12,4.68,224
2010RONK01,Niko Ronkainen,2023-08-12,5.0,225
2010RONK01,Niko Ronkainen,2023-08-27,3.53,226
2010RONK01,Niko Ronkainen,2023-08-27,5.05,227
2010RONK01,Niko Ronkainen,2023-08-27,5.3,228
2010RONK01,Niko Ronkainen,2023-09-02,5.86,229
2010RONK01,Niko Ronkainen,2023-09-02,4.8,230
2010RONK01,Niko Ronkainen,2023-09-02,4.51,231
2010RONK01,Niko Ronkainen,2023-09-09,4.1,232
2010RONK01,Niko Ronkainen,2023-09-09,4.68,233
2010RONK01,Niko Ronkainen,2023-09-16,5.16,234
2010RONK01,Niko Ronkainen,2023-09-23,5.52,235
2010RONK01,Niko Ronkainen,2023-09-23,5.92,236
2010RONK01,Niko Ronkainen,2023-09-23,4.54,237
2010RONK01,Niko Ronkainen,2023-10-06,4.57,238
2010RONK01,Niko Ronkainen,2023-10-14,4.48,239
2010RONK01,Niko Ronkainen,2023-10-14,4.74,240
2010RONK01,Niko Ronkainen,2023-10-14,5.1,241
2010RONK01,Niko Ronkainen,2023-10-20,4.38,242
2010RONK01,Niko Ronkainen,2023-10-20,4.71,243
2010RONK01,Niko Ronkainen,2023-10-20,5.08,244
2010RONK01,Niko Ronkainen,2023-10-27,5.17,245
2010RONK01,Niko Ronkainen,2023-10-27,4.82,246
2010RONK01,Niko Ronkainen,2023-11-04,4.8,247
2010RONK01,Niko Ronkainen,2023-11-04,4.86,248
2010RONK01,Niko Ronkainen,2023-11-04,4.13,249
2010RONK01,Niko Ronkainen,2023-11-10,4.56,250
2010RONK01,Niko Ronkainen,2023-11-10,4.61,251
2010RONK01,Niko Ronkainen,2023-11-10,6.04,252
2010RONK01,Niko Ronkainen,2023-11-25,4.31,253
2010RONK01,Niko Ronkainen,2023-11-25,4.03,254
2010RONK01,Niko Ronkainen,2023-12-08,5.61,255
2010RONK01,Niko Ronkainen,2023-12-08,4.36,256
2010RONK01,Niko Ronkainen,2024-01-06,4.75,257
2010RONK01,Niko Ronkainen,2024-01-06,4.25,258
2010RONK01,Niko Ronkainen,2024-01-06,5.06,259
2010RONK01,Niko Ronkainen,2024-02-03,5.5,260
2010RONK01,Niko Ronkainen,2024-02-16,4.87,261
2010RONK01,Niko Ronkainen,2024-02-16,4.44,262
2010RONK01,Niko Ronkainen,2024-02-16,4.28,263
2010RONK01,Niko Ronkainen,2024-03-16,6.4,264
2010RONK01,Niko Ronkainen,2024-03-16,4.29,265
2010RONK01,Niko Ronkainen,2024-03-16,5.05,266
2010RONK01,Niko Ronkainen,2024-04-06,4.92,267
2010RONK01,Niko Ronkainen,2024-04-06,4.41,268
2010RONK01,Niko Ronkainen,2024-04-06,5.37,269
2010RONK01,Niko Ronkainen,2024-04-20,6.35,270
2010RONK01,Niko Ronkainen,2024-04-20,5.61,271
2010RONK01,Niko Ronkainen,2024-04-20,5.04,272
2010RONK01,Niko Ronkainen,2024-05-11,5.05,273
2010RONK01,Niko Ronkainen,2024-05-18,4.32,274
2010RONK01,Niko Ronkainen,2024-05-18,6.16,275
2010RONK01,Niko Ronkainen,2024-05-18,4.7,276
2010RONK01,Niko Ronkainen,2024-05-18,5.31,277
2010RONK01,Niko Ronkainen,2024-06-01,5.07,278
2010RONK01,Niko Ronkainen,2024-06-01,5.56,279
2010RONK01,Niko Ronkainen,2024-06-01,4.57,280
2010RONK01,Niko Ronkainen,2024-06-07,5.08,281
2010RONK01,Niko Ronkainen,2024-06-07,6.3,282
2010RONK01,Niko Ronkainen,2024-06-07,5.49,283
2010RONK01,Niko Ronkainen,2024-06-15,4.39,284
2010RONK01,Niko Ronkainen,2024-06-15,3.86,285
2010RONK01,Niko Ronkainen,2024-06-20,4.34,286
2010RONK01,Niko Ronkainen,2024-06-20,3.91,287
2010RONK01,Niko Ronkainen,2024-06-29,5.85,288
2010RONK01,Niko Ronkainen,2024-06-29,4.2,289
2010RONK01,Niko Ronkainen,2024-06-29,3.69,290
2010RONK01,Niko Ronkainen,2024-07-06,6.15,291
2010RONK01,Niko Ronkainen,2024-07-06,4.76,292
2010RONK01,Niko Ronkainen,2024-07-13,4.47,293
2010RONK01,Niko Ronkainen,2024-07-20,4.39,294
2010RONK01,Niko Ronkainen,2024-07-20,4.23,295
2010RONK01,Niko Ronkainen,2024-07-20,5.54,296
2010RONK01,Niko Ronkainen,2024-07-25,5.12,297
2010RONK01,Niko Ronkainen,2024-08-03,4.6,298
2010RONK01,Niko Ronkainen,2024-08-03,4.82,299
2010RONK01,Niko Ronkainen,2024-08-03,5.11,300
2010RONK01,Niko Ronkainen,2024-08-10,5.85,301
2010RONK01,Niko Ronkainen,2024-08-10,5.14,302
2010RONK01,Niko Ronkainen,2024-08-10,5.26,303
2010RONK01,Niko Ronkainen,2024-08-24,4.59,304
2010RONK01,Niko Ronkainen,2024-08-24,5.23,305
2010RONK01,Niko Ronkainen,2024-08-24,4.13,306
2010RONK01,Niko Ronkainen,2024-08-30,5.13,307
2010RONK01,Niko Ronkainen,2024-08-30,4.42,308
2010RONK01,Niko Ronkainen,2024-08-30,3.75,309
2010RONK01,Niko Ronkainen,2024-09-07,5.3,310
2010RONK01,Niko Ronkainen,2024-09-07,4.73,311
2010RONK01,Niko Ronkainen,2024-09-13,5.27,312
2010RONK01,Niko Ronkainen,2024-09-13,6.87,313
2010RONK01,Niko Ronkainen,2024-09-13,4.31,314
2010RONK01,Niko Ronkainen,2024-09-21,4.84,315
2010RONK01,Niko Ronkainen,2024-09-21,4.39,316
2010RONK01,Niko Ronkainen,2024-09-21,4.86,317
2010RONK01,Niko Ronkainen,2024-10-04,4.11,318
2010RONK01,Niko Ronkainen,2024-10-04,5.0,319
2010RONK01,Niko Ronkainen,2024-10-04,4.61,320
2010RONK01,Niko Ronkainen,2024-10-12,4.99,321
2010RONK01,Niko Ronkainen,2024-10-12,6.39,322
2010RONK01,Niko Ronkainen,2024-10-17,4.17,323
2010RONK01,Niko Ronkainen,2024-10-17,5.32,324
2010RONK01,Niko Ronkainen,2024-10-17,4.07,325
2010RONK01,Niko Ronkainen,2024-11-01,4.46,326
2010RONK01,Niko Ronkainen,2024-11-01,4.46,327
2010RONK01,Niko Ronkainen,2024-11-09,4.46,328
2010RONK01,Niko Ronkainen,2024-11-09,4.57,329
2010RONK01,Niko Ronkainen,2024-11-09,5.13,330
2010RONK01,Niko Ronkainen,2024-12-07,4.77,331
2010RONK01,Niko Ronkainen,2024-12-07,5.1,332
2010RONK01,Niko Ronkainen,2024-12-07,5.5,333
2010RONK01,Niko Ronkainen,2025-01-11,4.23,334
2010RONK01,Niko Ronkainen,2025-01-25,3.63,335
2010RONK01,Niko Ronkainen,2025-02-22,4.93,336
2010RONK01,Niko Ronkainen,2025-02-22,4.69,337
2010RONK01,Niko Ronkainen,2025-03-15,3.92,338
2010RONK01,Niko Ronkainen,2025-03-15,6.12,339
2010RONK01,Niko Ronkainen,2025-03-15,5.08,340
2010RONK01,Niko Ronkainen,2025-03-22,4.09,341
2010RONK01,Niko Ronkainen,2025-03-22,4.86,342
2010RONK01,Niko Ronkainen,2025-03-22,5.32,343
2010RONK01,Niko Ronkainen,2025-03-29,4.93,344
2010RONK01,Niko Ronkainen,2025-03-29,4.73,345
2010RONK01,Niko Ronkainen,2025-04-04,4.19,346
2010RONK01,Niko Ronkainen,2025-04-04,4.33,347
2010RONK01,Niko Ronkainen,2025-04-04,4.59,348
2010RONK01,Niko Ronkainen,2025-04-26,4.48,349
2010RONK01,Niko Ronkainen,2025-04-26,5.92,350
2010RONK01,Niko Ronkainen,2025-04-27,4.63,351
2010RONK01,Niko Ronkainen,2025-04-27,4.04,352
2010RONK01,Niko Ronkainen,2025-05-10,5.47,353
2010RONK01,Niko Ronkainen,2025-05-10,5.49,354
2010RONK01,Niko Ronkainen,2025-05-10,4.62,355
2010RONK01,Niko Ronkainen,2025-05-23,4.69,356
2010RONK01,Niko Ronkainen,2025-05-23,4.89,357
2010RONK01,Niko Ronkainen,2025-05-30,5.28,358
2010RONK01,Niko Ronkainen,2025-05-30,4.68,359
2010RONK01,Niko Ronkainen,2025-06-06,5.39,360
2010RONK01,Niko Ronkainen,2025-06-06,4.86,361
2010RONK01,Niko Ronkainen,2025-06-06,5.03,362
2010RONK01,Niko Ronkainen,2025-06-26,5.92,363
2010RONK01,Niko Ronkainen,2025-06-26,4.85,364
2010RONK01,Niko Ronkainen,2025-06-28,5.32,365
2010RONK01,Niko Ronkainen,2025-06-28,4.77,366
2010RONK01,Niko Ronkainen,2025-07-03,4.89,367
2010RONK01,Niko Ronkainen,2025-07-11,5.11,368
2010RONK01,Niko Ronkainen,2025-07-11,3.44,369
2010RONK01,Niko Ronkainen,2025-07-16,4.44,370
2010RONK01,Niko Ronkainen,2025-07-16,4.3,371
2010RONK01,Niko Ronkainen,2025-07-26,3.61,372
2010RONK01,Niko Ronkainen,2025-07-26,5.71,373
2010RONK01,Niko Ronkainen,2025-09-06,4.72,374
2010RONK01,Niko Ronkainen,2025-09-06,4.59,375
2010RONK01,Niko Ronkainen,2025-09-06,3.84,376
2010RONK01,Niko Ronkainen,2025-09-13,3.93,377
2010RONK01,Niko Ronkainen,2025-09-13,4.86,378
2010RONK01,Niko Ronkainen,2025-09-26,4.31,379
2010RONK01,Niko Ronkainen,2025-09-26,5.61,380
2010RONK01,Niko Ronkainen,2025-09-26,5.21,381
2010RONK01,Niko Ronkainen,2025-10-11,5.39,382
2010RONK01,Niko Ronkainen,2025-10-11,4.93,383
2010RONK01,Niko Ronkainen,2025-10-11,4.71,384
2010RONK01,Niko Ronkainen,2025-10-17,4.25,385
2010RONK01,Niko Ronkainen,2025-10-17,4.77,386
2010RONK01,Niko Ronkainen,2025-10-17,4.13,387
2010RONK01,Niko Ronkainen,2025-10-25,4.67,388
2010RONK01,Niko Ronkainen,2025-10-25,4.89,389
2010RONK01,Niko Ronkainen,2025-10-31,3.83,390
2010RONK01,Niko Ronkainen,2025-10-31,4.58,391
2010RONK01,Niko Ronkainen,2025-10-31,4.42,392
2010RONK01,Niko Ronkainen,2025-11-08,4.73,393
2010RONK01,Niko Ronkainen,2025-11-15,4.1,394
2010RONK01,Niko Ronkainen,2025-11-15,3.93,395
2010RONK01,Niko Ronkainen,2025-11-22,5.2,396
2010RONK01,Niko Ronkainen,2025-11-22,4.5,397
2010RONK01,Niko Ronkainen,2025-11-22,4.18,398
2010RONK01,Niko Ronkainen,2025-11-29,4.84,399
2010RONK01,Niko Ronkainen,2025-11-29,5.0,400
2010RONK01,Niko Ronkainen,2025-11-29,4.5,401
2010RONK01,Niko Ronkainen,2025-12-26,3.93,402
2010RONK01,Niko Ronkainen,2025-12-26,4.91,403
2010RONK01,Niko Ronkainen,2025-12-26,5.33,404
2010RONK01,Niko Ronkainen,2026-01-03,4.65,405
2010RONK01,Niko Ronkainen,2026-01-03,5.46,406
2010RONK01,Niko Ronkainen,2026-01-24,4.4,407
2010RONK01,Niko Ronkainen,2026-01-24,4.13,408
2010RONK01,Niko Ronkainen,2026-01-24,5.08,409
2010RONK01,Niko Ronkainen,2026-02-07,4.67,410
2010RONK01,Niko Ronkainen,2026-02-07,4.0,411
2010RONK01,Niko Ronkainen,2026-02-15,3.9,412
2010RONK01,Niko Ronkainen,2026-03-07,3.65,413
2010RONK01,Niko Ronkainen,2026-03-07,4.23,414
2010RONK01,Niko Ronkainen,2026-03-14,4.55,415
2010RONK01,Niko Ronkainen,2026-03-14,3.5,416
2010RONK01,Niko Ronkainen,2026-03-21,4.49,417
2010RONK01,Niko Ronkainen,2026-03-21,4.61,418
2010RONK01,Niko Ronkainen,2026-03-21,4.64,419
2010RONK01,Niko Ronkainen,2026-04-03,4.61,420
2010RONK01,Niko Ronkainen,2026-04-03,4.13,421
2010RONK01,Niko Ronkainen,2026-04-03,4.17,422
2010RONK01,Niko Ronkainen,2026-04-11,4.81,423
2010RONK01,Niko Ronkainen,2026-04-11,4.49,424
2010RONK01,Niko Ronkainen,2026-04-18,3.52,425
2010RONK01,Niko Ronkainen,2026-04-18,5.01,426
2010RONK01,Niko Ronkainen,2026-04-25,3.94,427
2010RONK01,Niko Ronkainen,2026-04-25,4.47,428
2010RONK01,Niko Ronkainen,2026-04-25,4.32,429
2010RONK01,Niko Ronkainen,2026-05-01,4.14,430
2010RONK01,Niko Ronkainen,2026-05-01,5.17,431
2010RONK01,Niko Ronkainen,2026-05-08,4.25,432
2010RONK01,Niko Ronkainen,2026-05-08,5.31,433
2010RONK01,Niko Ronkainen,2026-05-08,4.23,434
2010RONK01,Niko Ronkainen,2026-05-15,5.88,435
2010RONK01,Niko Ronkainen,2026-05-15,5.08,436
2010ROSE03,Dennis Rosero,2014-02-02,14.98,1
2010ROSE03,Dennis Rosero,2014-02-02,13.73,2
2010ROSE03,Dennis Rosero,2014-02-02,12.49,3
2010ROSE03,Dennis Rosero,2014-03-15,18.99,4
2010ROSE03,Dennis Rosero,2014-08-22,11.56,5
2010ROSE03,Dennis Rosero,2014-09-27,10.02,6
2010ROSE03,Dennis Rosero,2015-04-18,9.76,7
2010ROSE03,Dennis Rosero,2015-04-18,9.96,8
2010ROSE03,Dennis Rosero,2015-05-16,12.13,9
2010ROSE03,Dennis Rosero,2015-05-16,10.41,10
2010ROSE03,Dennis Rosero,2015-08-07,10.38,11
2010ROSE03,Dennis Rosero,2015-10-04,9.0,12
2010ROSE03,Dennis Rosero,2015-10-04,10.23,13
2010ROSE03,Dennis Rosero,2015-12-19,10.83,14
2010ROSE03,Dennis Rosero,2016-02-28,10.95,15
2010ROSE03,Dennis Rosero,2016-05-07,11.47,16
2010ROSE03,Dennis Rosero,2016-10-15,9.73,17
2010ROSE03,Dennis Rosero,2016-10-15,10.09,18
2010ROSE03,Dennis Rosero,2016-11-05,11.21,19
2010ROSE03,Dennis Rosero,2017-02-04,10.4,20
2010ROSE03,Dennis Rosero,2017-05-27,10.97,21
2010ROSE03,Dennis Rosero,2017-08-26,13.92,22
2010ROSE03,Dennis Rosero,2017-09-30,9.25,23
2010ROSE03,Dennis Rosero,2017-09-30,14.8,24
2010ROSE03,Dennis Rosero,2018-04-22,13.06,25
2010ROSE03,Dennis Rosero,2018-09-15,13.82,26
2010ROSE03,Dennis Rosero,2018-10-27,10.31,27
2010ROSE03,Dennis Rosero,2018-12-01,12.89,28
2010ROSE03,Dennis Rosero,2019-02-02,11.45,29
2010ROSE03,Dennis Rosero,2019-02-02,10.24,30
2010ROSE03,Dennis Rosero,2019-02-23,8.39,31
2010ROSE03,Dennis Rosero,2019-02-23,9.14,32
2010ROSE03,Dennis Rosero,2019-03-03,8.96,33
2010ROSE03,Dennis Rosero,2019-03-03,8.58,34
2010ROSE03,Dennis Rosero,2019-03-24,11.31,35
2010ROSE03,Dennis Rosero,2019-04-13,9.53,36
2010ROSE03,Dennis Rosero,2019-06-16,10.8,37
2010ROSE03,Dennis Rosero,2019-06-22,9.98,38
2010ROSE03,Dennis Rosero,2019-06-22,9.34,39
2010ROSE03,Dennis Rosero,2019-07-19,12.09,40
2010ROSE03,Dennis Rosero,2019-08-03,10.02,41
2010ROSE03,Dennis Rosero,2019-08-03,8.97,42
2010ROSE03,Dennis Rosero,2019-09-14,10.08,43
2010ROSE03,Dennis Rosero,2019-09-14,11.69,44
2010ROSE03,Dennis Rosero,2020-01-18,13.36,45
2010ROSE03,Dennis Rosero,2020-02-22,11.47,46
2010ROSE03,Dennis Rosero,2020-02-22,10.7,47
2010ROSE03,Dennis Rosero,2020-03-07,9.6,48
2010ROSE03,Dennis Rosero,2020-03-07,9.38,49
2010ROSE03,Dennis Rosero,2021-10-02,10.43,50
2010ROSE03,Dennis Rosero,2021-11-13,10.29,51
2010ROSE03,Dennis Rosero,2021-11-13,10.28,52
2010ROSE03,Dennis Rosero,2021-12-18,11.03,53
2010ROSE03,Dennis Rosero,2022-02-26,9.4,54
2010ROSE03,Dennis Rosero,2022-05-15,8.1,55
2010ROSE03,Dennis Rosero,2022-06-04,14.24,56
2010ROSE03,Dennis Rosero,2022-06-04,10.51,57
2010ROSE03,Dennis Rosero,2022-07-22,11.21,58
2010ROSE03,Dennis Rosero,2022-08-06,10.74,59
2010ROSE03,Dennis Rosero,2022-08-27,9.39,60
2010ROSE03,Dennis Rosero,2022-08-27,9.38,61
2010ROSE03,Dennis Rosero,2022-09-04,12.31,62
2010ROSE03,Dennis Rosero,2022-09-17,11.36,63
2010ROSE03,Dennis Rosero,2022-09-24,8.57,64
2010ROSE03,Dennis Rosero,2022-09-24,8.71,65
2010ROSE03,Dennis Rosero,2022-10-22,10.63,66
2010ROSE03,Dennis Rosero,2022-11-05,10.29,67
2010ROSE03,Dennis Rosero,2022-11-05,11.5,68
2010ROSE03,Dennis Rosero,2022-11-19,9.77,69
2010ROSE03,Dennis Rosero,2022-11-19,11.11,70
2010ROSE03,Dennis Rosero,2022-11-20,10.37,71
2010ROSE03,Dennis Rosero,2022-11-20,10.06,72
2010ROSE03,Dennis Rosero,2022-12-03,10.42,73
2010ROSE03,Dennis Rosero,2022-12-17,7.01,74
2010ROSE03,Dennis Rosero,2022-12-17,9.09,75
2010ROSE03,Dennis Rosero,2023-01-21,9.18,76
2010ROSE03,Dennis Rosero,2023-01-21,9.15,77
2010ROSE03,Dennis Rosero,2023-01-21,8.17,78
2010ROSE03,Dennis Rosero,2023-01-28,7.97,79
2010ROSE03,Dennis Rosero,2023-01-28,8.69,80
2010ROSE03,Dennis Rosero,2023-01-28,10.49,81
2010ROSE03,Dennis Rosero,2023-01-29,10.14,82
2010ROSE03,Dennis Rosero,2023-01-29,8.62,83
2010ROSE03,Dennis Rosero,2023-01-29,7.52,84
2010ROSE03,Dennis Rosero,2023-02-12,9.09,85
2010ROSE03,Dennis Rosero,2023-02-12,8.54,86
2010ROSE03,Dennis Rosero,2023-02-25,9.38,87
2010ROSE03,Dennis Rosero,2023-02-25,10.01,88
2010ROSE03,Dennis Rosero,2023-02-26,8.24,89
2010ROSE03,Dennis Rosero,2023-02-26,8.23,90
2010ROSE03,Dennis Rosero,2023-02-26,6.95,91
2010ROSE03,Dennis Rosero,2023-03-18,7.78,92
2010ROSE03,Dennis Rosero,2023-03-18,8.69,93
2010ROSE03,Dennis Rosero,2023-03-19,9.71,94
2010ROSE03,Dennis Rosero,2023-03-19,9.43,95
2010ROSE03,Dennis Rosero,2023-03-26,7.35,96
2010ROSE03,Dennis Rosero,2023-04-01,7.17,97
2010ROSE03,Dennis Rosero,2023-04-01,8.06,98
2010ROSE03,Dennis Rosero,2023-04-02,9.79,99
2010ROSE03,Dennis Rosero,2023-04-02,8.98,100
2010ROSE03,Dennis Rosero,2023-04-02,8.27,101
2010ROSE03,Dennis Rosero,2023-05-13,10.74,102
2010ROSE03,Dennis Rosero,2023-05-20,9.89,103
2010ROSE03,Dennis Rosero,2023-06-03,7.78,104
2010ROSE03,Dennis Rosero,2023-06-03,9.24,105
2010ROSE03,Dennis Rosero,2023-06-04,7.16,106
2010ROSE03,Dennis Rosero,2023-06-04,8.91,107
2010ROSE03,Dennis Rosero,2023-06-04,9.29,108
2010ROSE03,Dennis Rosero,2023-06-24,9.52,109
2010ROSE03,Dennis Rosero,2023-06-24,10.02,110
2010ROSE03,Dennis Rosero,2023-06-24,9.36,111
2010ROSE03,Dennis Rosero,2023-07-01,8.71,112
2010ROSE03,Dennis Rosero,2023-07-15,10.82,113
2010ROSE03,Dennis Rosero,2023-07-22,9.05,114
2010ROSE03,Dennis Rosero,2023-07-22,8.7,115
2010ROSE03,Dennis Rosero,2023-07-23,9.25,116
2010ROSE03,Dennis Rosero,2023-08-12,8.94,117
2010ROSE03,Dennis Rosero,2023-08-12,7.71,118
2010ROSE03,Dennis Rosero,2023-08-18,9.72,119
2010ROSE03,Dennis Rosero,2023-09-02,9.7,120
2010ROSE03,Dennis Rosero,2023-09-03,10.08,121
2010ROSE03,Dennis Rosero,2023-09-16,11.44,122
2010ROSE03,Dennis Rosero,2023-09-16,7.89,123
2010ROSE03,Dennis Rosero,2023-09-17,8.42,124
2010ROSE03,Dennis Rosero,2023-09-23,7.99,125
2010ROSE03,Dennis Rosero,2023-09-30,8.86,126
2010ROSE03,Dennis Rosero,2023-10-28,6.41,127
2010ROSE03,Dennis Rosero,2023-10-28,8.22,128
2010ROSE03,Dennis Rosero,2023-11-05,8.91,129
2010ROSE03,Dennis Rosero,2023-11-05,8.79,130
2010ROSE03,Dennis Rosero,2023-11-06,7.93,131
2010ROSE03,Dennis Rosero,2023-11-06,8.98,132
2010ROSE03,Dennis Rosero,2023-11-13,8.51,133
2010ROSE03,Dennis Rosero,2023-11-18,7.77,134
2010ROSE03,Dennis Rosero,2023-11-18,7.68,135
2010ROSE03,Dennis Rosero,2023-12-02,6.61,136
2010ROSE03,Dennis Rosero,2023-12-02,8.58,137
2010ROSE03,Dennis Rosero,2023-12-03,7.5,138
2010ROSE03,Dennis Rosero,2023-12-10,8.11,139
2010ROSE03,Dennis Rosero,2023-12-10,10.08,140
2010ROSE03,Dennis Rosero,2023-12-23,8.28,141
2010ROSE03,Dennis Rosero,2023-12-23,8.35,142
2010ROSE03,Dennis Rosero,2024-01-07,9.65,143
2010ROSE03,Dennis Rosero,2024-01-20,8.54,144
2010ROSE03,Dennis Rosero,2024-01-20,7.32,145
2010ROSE03,Dennis Rosero,2024-01-27,8.88,146
2010ROSE03,Dennis Rosero,2024-01-27,8.12,147
2010ROSE03,Dennis Rosero,2024-01-28,9.09,148
2010ROSE03,Dennis Rosero,2024-01-28,10.42,149
2010ROSE03,Dennis Rosero,2024-02-03,8.48,150
2010ROSE03,Dennis Rosero,2024-02-03,6.62,151
2010ROSE03,Dennis Rosero,2024-02-03,9.31,152
2010ROSE03,Dennis Rosero,2024-02-18,8.45,153
2010ROSE03,Dennis Rosero,2024-02-18,8.82,154
2010ROSE03,Dennis Rosero,2024-03-09,7.69,155
2010ROSE03,Dennis Rosero,2024-03-09,6.79,156
2010ROSE03,Dennis Rosero,2024-03-09,8.21,157
2010ROSE03,Dennis Rosero,2024-03-23,9.31,158
2010ROSE03,Dennis Rosero,2024-03-23,8.81,159
2010ROSE03,Dennis Rosero,2024-04-07,7.6,160
2010ROSE03,Dennis Rosero,2024-04-13,6.63,161
2010ROSE03,Dennis Rosero,2024-04-13,8.53,162
2010ROSE03,Dennis Rosero,2024-04-14,8.49,163
2010ROSE03,Dennis Rosero,2024-04-14,9.39,164
2010ROSE03,Dennis Rosero,2024-04-20,8.99,165
2010ROSE03,Dennis Rosero,2024-04-20,9.87,166
2010ROSE03,Dennis Rosero,2024-05-04,8.44,167
2010ROSE03,Dennis Rosero,2024-05-04,9.42,168
2010ROSE03,Dennis Rosero,2024-05-12,8.27,169
2010ROSE03,Dennis Rosero,2024-05-12,9.11,170
2010ROSE03,Dennis Rosero,2024-05-26,7.83,171
2010ROSE03,Dennis Rosero,2024-05-26,8.22,172
2010ROSE03,Dennis Rosero,2024-05-26,8.2,173
2010ROSE03,Dennis Rosero,2024-06-03,9.07,174
2010ROSE03,Dennis Rosero,2024-06-03,8.7,175
2010ROSE03,Dennis Rosero,2024-06-03,8.63,176
2010ROSE03,Dennis Rosero,2024-06-09,6.36,177
2010ROSE03,Dennis Rosero,2024-06-09,8.42,178
2010ROSE03,Dennis Rosero,2024-06-10,8.46,179
2010ROSE03,Dennis Rosero,2024-06-10,7.84,180
2010ROSE03,Dennis Rosero,2024-06-29,9.96,181
2010ROSE03,Dennis Rosero,2024-06-29,6.89,182
2010ROSE03,Dennis Rosero,2024-07-01,8.14,183
2010ROSE03,Dennis Rosero,2024-07-01,8.23,184
2010ROSE03,Dennis Rosero,2024-07-07,8.04,185
2010ROSE03,Dennis Rosero,2024-07-07,8.91,186
2010ROSE03,Dennis Rosero,2024-07-13,8.36,187
2010ROSE03,Dennis Rosero,2024-07-13,10.58,188
2010ROSE03,Dennis Rosero,2024-08-03,9.09,189
2010ROSE03,Dennis Rosero,2024-08-03,6.84,190
2010ROSE03,Dennis Rosero,2024-08-19,7.6,191
2010ROSE03,Dennis Rosero,2024-08-19,8.25,192
2010ROSE03,Dennis Rosero,2024-08-25,6.47,193
2010ROSE03,Dennis Rosero,2024-08-25,8.35,194
2010ROSE03,Dennis Rosero,2024-09-01,8.88,195
2010ROSE03,Dennis Rosero,2024-09-01,8.06,196
2010ROSE03,Dennis Rosero,2024-09-07,9.5,197
2010ROSE03,Dennis Rosero,2024-09-08,8.97,198
2010ROSE03,Dennis Rosero,2024-09-08,8.29,199
2010ROSE03,Dennis Rosero,2024-09-15,7.6,200
2010ROSE03,Dennis Rosero,2024-09-15,9.54,201
2010ROSE03,Dennis Rosero,2024-09-15,8.13,202
2010ROSE03,Dennis Rosero,2024-09-21,8.94,203
2010ROSE03,Dennis Rosero,2024-09-28,8.83,204
2010ROSE03,Dennis Rosero,2024-09-29,6.59,205
2010ROSE03,Dennis Rosero,2024-09-29,9.39,206
2010ROSE03,Dennis Rosero,2024-10-05,9.7,207
2010ROSE03,Dennis Rosero,2024-10-05,8.61,208
2010ROSE03,Dennis Rosero,2024-10-06,8.66,209
2010ROSE03,Dennis Rosero,2024-10-06,8.65,210
2010ROSE03,Dennis Rosero,2024-10-19,8.6,211
2010ROSE03,Dennis Rosero,2024-10-26,7.99,212
2010ROSE03,Dennis Rosero,2024-10-26,8.35,213
2010ROSE03,Dennis Rosero,2024-10-27,8.09,214
2010ROSE03,Dennis Rosero,2024-11-09,8.46,215
2010ROSE03,Dennis Rosero,2024-11-09,8.67,216
2010ROSE03,Dennis Rosero,2024-11-23,8.19,217
2010ROSE03,Dennis Rosero,2024-11-23,10.93,218
2010ROSE03,Dennis Rosero,2024-12-01,8.07,219
2010ROSE03,Dennis Rosero,2024-12-01,9.02,220
2010ROSE03,Dennis Rosero,2024-12-13,8.18,221
2010ROSE03,Dennis Rosero,2024-12-15,9.39,222
2010ROSE03,Dennis Rosero,2025-01-19,8.71,223
2010ROSE03,Dennis Rosero,2025-01-19,9.24,224
2010ROSE03,Dennis Rosero,2025-01-25,8.15,225
2010ROSE03,Dennis Rosero,2025-02-01,9.11,226
2010ROSE03,Dennis Rosero,2025-02-15,6.34,227
2010ROSE03,Dennis Rosero,2025-02-15,7.7,228
2010ROSE03,Dennis Rosero,2025-03-01,10.57,229
2010ROSE03,Dennis Rosero,2025-03-01,6.16,230
2010ROSE03,Dennis Rosero,2025-03-02,8.86,231
2010ROSE03,Dennis Rosero,2025-03-08,8.41,232
2010ROSE03,Dennis Rosero,2025-03-15,9.74,233
2010ROSE03,Dennis Rosero,2025-03-15,8.3,234
2010ROSE03,Dennis Rosero,2025-03-29,9.32,235
2010ROSE03,Dennis Rosero,2025-03-29,7.63,236
2010ROSE03,Dennis Rosero,2025-04-12,8.78,237
2010ROSE03,Dennis Rosero,2025-04-19,9.14,238
2010ROSE03,Dennis Rosero,2025-04-19,8.37,239
2010ROSE03,Dennis Rosero,2025-05-04,9.27,240
2010ROSE03,Dennis Rosero,2025-05-17,8.69,241
2010ROSE03,Dennis Rosero,2025-05-17,8.55,242
2010ROSE03,Dennis Rosero,2025-05-18,8.11,243
2010ROSE03,Dennis Rosero,2025-05-18,7.18,244
2010ROSE03,Dennis Rosero,2025-05-23,9.39,245
2010ROSE03,Dennis Rosero,2025-05-25,8.69,246
2010ROSE03,Dennis Rosero,2025-05-25,9.16,247
2010ROSE03,Dennis Rosero,2025-05-31,8.93,248
2010ROSE03,Dennis Rosero,2025-05-31,9.96,249
2010ROSE03,Dennis Rosero,2025-06-01,8.41,250
2010ROSE03,Dennis Rosero,2025-06-01,7.2,251
2010ROSE03,Dennis Rosero,2025-06-02,11.34,252
2010ROSE03,Dennis Rosero,2025-06-02,9.05,253
2010ROSE03,Dennis Rosero,2025-06-07,7.59,254
2010ROSE03,Dennis Rosero,2025-06-14,8.23,255
2010ROSE03,Dennis Rosero,2025-06-14,8.64,256
2010ROSE03,Dennis Rosero,2025-07-26,9.79,257
2010ROSE03,Dennis Rosero,2025-07-27,10.63,258
2010ROSE03,Dennis Rosero,2025-08-02,7.97,259
2010ROSE03,Dennis Rosero,2025-08-16,7.96,260
2010ROSE03,Dennis Rosero,2025-08-16,9.09,261
2010ROSE03,Dennis Rosero,2025-08-23,7.65,262
2010ROSE03,Dennis Rosero,2025-08-30,8.17,263
2010ROSE03,Dennis Rosero,2025-08-30,8.4,264
2010ROSE03,Dennis Rosero,2025-09-13,8.18,265
2010ROSE03,Dennis Rosero,2025-09-13,10.88,266
2010ROSE03,Dennis Rosero,2025-09-21,9.72,267
2010ROSE03,Dennis Rosero,2025-09-28,8.44,268
2010ROSE03,Dennis Rosero,2025-10-18,7.51,269
2010ROSE03,Dennis Rosero,2025-10-18,8.77,270
2010ROSE03,Dennis Rosero,2025-10-18,8.54,271
2010ROSE03,Dennis Rosero,2025-10-25,7.75,272
2010ROSE03,Dennis Rosero,2025-11-08,9.8,273
2010ROSE03,Dennis Rosero,2025-11-08,8.09,274
2010ROSE03,Dennis Rosero,2025-11-08,8.92,275
2010ROSE03,Dennis Rosero,2025-11-15,7.36,276
2010ROSE03,Dennis Rosero,2025-11-15,7.74,277
2010ROSE03,Dennis Rosero,2025-11-29,10.23,278
2010ROSE03,Dennis Rosero,2025-11-29,9.06,279
2010ROSE03,Dennis Rosero,2025-12-07,7.59,280
2010ROSE03,Dennis Rosero,2025-12-07,8.86,281
2010ROSE03,Dennis Rosero,2025-12-12,9.27,282
2010ROSE03,Dennis Rosero,2025-12-12,9.03,283
2010ROSE03,Dennis Rosero,2025-12-13,7.88,284
2010ROSE03,Dennis Rosero,2025-12-13,8.05,285
2010ROSE03,Dennis Rosero,2025-12-14,8.7,286
2010ROSE03,Dennis Rosero,2025-12-14,8.44,287
2010ROSE03,Dennis Rosero,2025-12-20,8.44,288
2010ROSE03,Dennis Rosero,2025-12-20,7.92,289
2010ROSE03,Dennis Rosero,2026-01-25,8.36,290
2010ROSE03,Dennis Rosero,2026-02-08,8.27,291
2010ROSE03,Dennis Rosero,2026-02-08,8.16,292
2010ROSE03,Dennis Rosero,2026-02-15,7.93,293
2010ROSE03,Dennis Rosero,2026-02-15,7.83,294
2010ROSE03,Dennis Rosero,2026-02-22,8.13,295
2010ROSE03,Dennis Rosero,2026-02-22,6.41,296
2010ROSE03,Dennis Rosero,2026-03-07,7.54,297
2010ROSE03,Dennis Rosero,2026-03-21,7.86,298
2010ROSE03,Dennis Rosero,2026-03-21,7.27,299
2010ROSE03,Dennis Rosero,2026-03-29,8.61,300
2010ROSE03,Dennis Rosero,2026-03-29,9.12,301
2010ROSE03,Dennis Rosero,2026-04-04,8.21,302
2010ROSE03,Dennis Rosero,2026-04-04,8.75,303
2010ROSE03,Dennis Rosero,2026-04-11,7.47,304
2010ROSE03,Dennis Rosero,2026-04-11,7.97,305
2010ROSE03,Dennis Rosero,2026-04-12,9.6,306
2010ROSE03,Dennis Rosero,2026-04-12,8.21,307
2010ROSE03,Dennis Rosero,2026-04-18,8.55,308
2010ROSE03,Dennis Rosero,2026-04-18,8.29,309
2010ROSE03,Dennis Rosero,2026-04-26,8.32,310
2010ROSE03,Dennis Rosero,2026-04-26,10.01,311
2010ROSE03,Dennis Rosero,2026-05-03,7.36,312
2010ROSE03,Dennis Rosero,2026-05-03,7.68,313
2010ROSE03,Dennis Rosero,2026-05-10,9.32,314
2010ROSE03,Dennis Rosero,2026-05-10,7.35,315
2010ROSE03,Dennis Rosero,2026-05-24,6.2,316
2010ROSE03,Dennis Rosero,2026-05-24,7.55,317
2011EDUA01,Eduard Esteban García Domínguez,2014-02-02,15.95,1
2011EDUA01,Eduard Esteban García Domínguez,2014-02-02,17.1,2
2011EDUA01,Eduard Esteban García Domínguez,2014-03-15,18.2,3
2011EDUA01,Eduard Esteban García Domínguez,2014-08-22,18.39,4
2011EDUA01,Eduard Esteban García Domínguez,2014-09-27,16.74,5
2011EDUA01,Eduard Esteban García Domínguez,2014-10-11,14.6,6
2011EDUA01,Eduard Esteban García Domínguez,2014-10-11,11.1,7
2011EDUA01,Eduard Esteban García Domínguez,2015-03-14,16.85,8
2011EDUA01,Eduard Esteban García Domínguez,2015-04-18,14.84,9
2011EDUA01,Eduard Esteban García Domínguez,2015-05-16,15.63,10
2011EDUA01,Eduard Esteban García Domínguez,2015-07-17,12.61,11
2011EDUA01,Eduard Esteban García Domínguez,2015-08-07,11.11,12
2011EDUA01,Eduard Esteban García Domínguez,2015-10-04,11.77,13
2011EDUA01,Eduard Esteban García Domínguez,2015-12-19,15.98,14
2011EDUA01,Eduard Esteban García Domínguez,2016-01-23,9.47,15
2011EDUA01,Eduard Esteban García Domínguez,2016-02-28,9.96,16
2011EDUA01,Eduard Esteban García Domínguez,2016-08-27,10.34,17
2011EDUA01,Eduard Esteban García Domínguez,2016-08-27,12.2,18
2011EDUA01,Eduard Esteban García Domínguez,2016-09-03,12.33,19
2011EDUA01,Eduard Esteban García Domínguez,2016-09-10,11.41,20
2011EDUA01,Eduard Esteban García Domínguez,2016-10-15,10.94,21
2011EDUA01,Eduard Esteban García Domínguez,2016-10-15,10.93,22
2011EDUA01,Eduard Esteban García Domínguez,2016-11-05,10.17,23
2011EDUA01,Eduard Esteban García Domínguez,2016-11-05,10.75,24
2011EDUA01,Eduard Esteban García Domínguez,2016-12-17,8.51,25
2011EDUA01,Eduard Esteban García Domínguez,2016-12-17,11.21,26
2011EDUA01,Eduard Esteban García Domínguez,2017-01-14,10.37,27
2011EDUA01,Eduard Esteban García Domínguez,2017-01-14,19.73,28
2011EDUA01,Eduard Esteban García Domínguez,2017-02-04,10.87,29
2011EDUA01,Eduard Esteban García Domínguez,2017-04-29,11.69,30
2011EDUA01,Eduard Esteban García Domínguez,2017-05-27,11.81,31
2011EDUA01,Eduard Esteban García Domínguez,2017-06-24,8.58,32
2011EDUA01,Eduard Esteban García Domínguez,2017-08-26,9.79,33
2011EDUA01,Eduard Esteban García Domínguez,2017-09-23,7.3,34
2011EDUA01,Eduard Esteban García Domínguez,2017-09-23,9.85,35
2011EDUA01,Eduard Esteban García Domínguez,2017-09-30,10.57,36
2011EDUA01,Eduard Esteban García Domínguez,2017-11-25,9.15,37
2011EDUA01,Eduard Esteban García Domínguez,2017-12-09,11.74,38
2011EDUA01,Eduard Esteban García Domínguez,2018-01-20,8.64,39
2011EDUA01,Eduard Esteban García Domínguez,2018-01-20,7.41,40
2011EDUA01,Eduard Esteban García Domínguez,2018-01-20,9.14,41
2011EDUA01,Eduard Esteban García Domínguez,2018-03-03,12.23,42
2011EDUA01,Eduard Esteban García Domínguez,2018-03-03,9.36,43
2011EDUA01,Eduard Esteban García Domínguez,2018-04-22,13.73,44
2011EDUA01,Eduard Esteban García Domínguez,2018-06-16,8.92,45
2011EDUA01,Eduard Esteban García Domínguez,2018-06-16,9.18,46
2011EDUA01,Eduard Esteban García Domínguez,2018-07-20,12.03,47
2011EDUA01,Eduard Esteban García Domínguez,2018-09-15,12.7,48
2011EDUA01,Eduard Esteban García Domínguez,2018-09-22,8.5,49
2011EDUA01,Eduard Esteban García Domínguez,2018-11-17,9.8,50
2011EDUA01,Eduard Esteban García Domínguez,2018-11-17,10.22,51
2011EDUA01,Eduard Esteban García Domínguez,2018-12-01,8.91,52
2011EDUA01,Eduard Esteban García Domínguez,2018-12-01,10.59,53
2011EDUA01,Eduard Esteban García Domínguez,2019-02-02,10.04,54
2011EDUA01,Eduard Esteban García Domínguez,2019-02-02,8.53,55
2011EDUA01,Eduard Esteban García Domínguez,2019-03-03,7.88,56
2011EDUA01,Eduard Esteban García Domínguez,2019-03-03,10.62,57
2011EDUA01,Eduard Esteban García Domínguez,2019-03-24,9.39,58
2011EDUA01,Eduard Esteban García Domínguez,2019-03-24,14.48,59
2011EDUA01,Eduard Esteban García Domínguez,2019-04-13,10.47,60
2011EDUA01,Eduard Esteban García Domínguez,2019-06-22,9.43,61
2011EDUA01,Eduard Esteban García Domínguez,2019-06-22,10.49,62
2011EDUA01,Eduard Esteban García Domínguez,2019-07-19,9.64,63
2011EDUA01,Eduard Esteban García Domínguez,2019-07-19,7.78,64
2011EDUA01,Eduard Esteban García Domínguez,2019-08-03,9.98,65
2011EDUA01,Eduard Esteban García Domínguez,2019-08-03,9.88,66
2011EDUA01,Eduard Esteban García Domínguez,2019-09-14,8.75,67
2011EDUA01,Eduard Esteban García Domínguez,2019-09-14,9.09,68
2011EDUA01,Eduard Esteban García Domínguez,2019-09-14,7.86,69
2011EDUA01,Eduard Esteban García Domínguez,2019-10-19,8.32,70
2011EDUA01,Eduard Esteban García Domínguez,2019-10-19,9.74,71
2011EDUA01,Eduard Esteban García Domínguez,2019-11-03,11.38,72
2011EDUA01,Eduard Esteban García Domínguez,2020-01-11,10.61,73
2011EDUA01,Eduard Esteban García Domínguez,2020-01-18,9.0,74
2011EDUA01,Eduard Esteban García Domínguez,2020-01-18,7.05,75
2011EDUA01,Eduard Esteban García Domínguez,2020-02-22,9.25,76
2011EDUA01,Eduard Esteban García Domínguez,2020-02-22,10.49,77
2011EDUA01,Eduard Esteban García Domínguez,2020-03-07,7.74,78
2011EDUA01,Eduard Esteban García Domínguez,2020-03-07,7.05,79
2011EDUA01,Eduard Esteban García Domínguez,2021-10-02,8.04,80
2011EDUA01,Eduard Esteban García Domínguez,2021-11-13,10.33,81
2011EDUA01,Eduard Esteban García Domínguez,2021-11-13,10.09,82
2011EDUA01,Eduard Esteban García Domínguez,2021-12-18,7.41,83
2011EDUA01,Eduard Esteban García Domínguez,2021-12-18,10.52,84
2011EDUA01,Eduard Esteban García Domínguez,2022-01-29,9.31,85
2011EDUA01,Eduard Esteban García Domínguez,2022-01-29,12.99,86
2011EDUA01,Eduard Esteban García Domínguez,2022-02-26,8.84,87
2011EDUA01,Eduard Esteban García Domínguez,2022-03-20,7.97,88
2011EDUA01,Eduard Esteban García Domínguez,2022-05-15,10.16,89
2011EDUA01,Eduard Esteban García Domínguez,2022-06-04,11.87,90
2011EDUA01,Eduard Esteban García Domínguez,2022-06-04,11.51,91
2011EDUA01,Eduard Esteban García Domínguez,2022-06-26,8.58,92
2011EDUA01,Eduard Esteban García Domínguez,2022-07-16,9.83,93
2011EDUA01,Eduard Esteban García Domínguez,2022-07-16,8.81,94
2011EDUA01,Eduard Esteban García Domínguez,2022-07-22,11.75,95
2011EDUA01,Eduard Esteban García Domínguez,2022-07-31,8.62,96
2011EDUA01,Eduard Esteban García Domínguez,2022-07-31,7.45,97
2011EDUA01,Eduard Esteban García Domínguez,2022-08-06,7.84,98
2011EDUA01,Eduard Esteban García Domínguez,2022-08-06,7.63,99
2011EDUA01,Eduard Esteban García Domínguez,2022-08-27,9.11,100
2011EDUA01,Eduard Esteban García Domínguez,2022-08-27,7.55,101
2011EDUA01,Eduard Esteban García Domínguez,2022-09-04,10.74,102
2011EDUA01,Eduard Esteban García Domínguez,2022-09-17,8.97,103
2011EDUA01,Eduard Esteban García Domínguez,2022-09-17,6.92,104
2011EDUA01,Eduard Esteban García Domínguez,2022-09-24,9.21,105
2011EDUA01,Eduard Esteban García Domínguez,2022-09-24,7.87,106
2011EDUA01,Eduard Esteban García Domínguez,2022-10-22,9.25,107
2011EDUA01,Eduard Esteban García Domínguez,2022-10-22,9.32,108
2011EDUA01,Eduard Esteban García Domínguez,2022-11-05,6.72,109
2011EDUA01,Eduard Esteban García Domínguez,2022-11-05,9.94,110
2011EDUA01,Eduard Esteban García Domínguez,2022-11-19,7.63,111
2011EDUA01,Eduard Esteban García Domínguez,2022-11-19,11.59,112
2011EDUA01,Eduard Esteban García Domínguez,2022-11-20,8.03,113
2011EDUA01,Eduard Esteban García Domínguez,2022-11-20,9.09,114
2011EDUA01,Eduard Esteban García Domínguez,2022-12-03,9.65,115
2011EDUA01,Eduard Esteban García Domínguez,2022-12-03,7.67,116
2011EDUA01,Eduard Esteban García Domínguez,2022-12-17,9.24,117
2011EDUA01,Eduard Esteban García Domínguez,2022-12-17,6.89,118
2011EDUA01,Eduard Esteban García Domínguez,2023-01-21,10.99,119
2011EDUA01,Eduard Esteban García Domínguez,2023-01-21,6.21,120
2011EDUA01,Eduard Esteban García Domínguez,2023-01-21,7.22,121
2011EDUA01,Eduard Esteban García Domínguez,2023-01-28,10.83,122
2011EDUA01,Eduard Esteban García Domínguez,2023-01-28,7.34,123
2011EDUA01,Eduard Esteban García Domínguez,2023-01-28,9.24,124
2011EDUA01,Eduard Esteban García Domínguez,2023-01-29,10.33,125
2011EDUA01,Eduard Esteban García Domínguez,2023-01-29,6.63,126
2011EDUA01,Eduard Esteban García Domínguez,2023-01-29,7.26,127
2011EDUA01,Eduard Esteban García Domínguez,2023-02-12,10.04,128
2011EDUA01,Eduard Esteban García Domínguez,2023-02-25,10.03,129
2011EDUA01,Eduard Esteban García Domínguez,2023-02-26,9.45,130
2011EDUA01,Eduard Esteban García Domínguez,2023-02-26,7.62,131
2011EDUA01,Eduard Esteban García Domínguez,2023-02-26,7.56,132
2011EDUA01,Eduard Esteban García Domínguez,2023-03-18,7.94,133
2011EDUA01,Eduard Esteban García Domínguez,2023-03-19,10.45,134
2011EDUA01,Eduard Esteban García Domínguez,2023-03-19,9.0,135
2011EDUA01,Eduard Esteban García Domínguez,2023-03-26,6.59,136
2011EDUA01,Eduard Esteban García Domínguez,2023-04-01,5.86,137
2011EDUA01,Eduard Esteban García Domínguez,2023-04-01,7.73,138
2011EDUA01,Eduard Esteban García Domínguez,2023-05-13,7.53,139
2011EDUA01,Eduard Esteban García Domínguez,2023-05-20,10.21,140
2011EDUA01,Eduard Esteban García Domínguez,2023-06-03,8.66,141
2011EDUA01,Eduard Esteban García Domínguez,2023-06-03,9.35,142
2011EDUA01,Eduard Esteban García Domínguez,2023-06-04,8.01,143
2011EDUA01,Eduard Esteban García Domínguez,2023-06-04,7.22,144
2011EDUA01,Eduard Esteban García Domínguez,2023-06-04,8.28,145
2011EDUA01,Eduard Esteban García Domínguez,2023-06-24,9.29,146
2011EDUA01,Eduard Esteban García Domínguez,2023-06-24,8.9,147
2011EDUA01,Eduard Esteban García Domínguez,2023-06-24,11.64,148
2011EDUA01,Eduard Esteban García Domínguez,2023-07-01,9.32,149
2011EDUA01,Eduard Esteban García Domínguez,2023-07-15,7.03,150
2011EDUA01,Eduard Esteban García Domínguez,2023-07-22,7.77,151
2011EDUA01,Eduard Esteban García Domínguez,2023-07-22,6.5,152
2011EDUA01,Eduard Esteban García Domínguez,2023-07-23,9.81,153
2011EDUA01,Eduard Esteban García Domínguez,2023-08-04,7.98,154
2011EDUA01,Eduard Esteban García Domínguez,2023-08-04,8.23,155
2011EDUA01,Eduard Esteban García Domínguez,2023-08-12,7.42,156
2011EDUA01,Eduard Esteban García Domínguez,2023-08-19,8.51,157
2011EDUA01,Eduard Esteban García Domínguez,2023-08-26,8.04,158
2011EDUA01,Eduard Esteban García Domínguez,2023-09-03,9.03,159
2011EDUA01,Eduard Esteban García Domínguez,2023-09-16,8.11,160
2011EDUA01,Eduard Esteban García Domínguez,2023-09-16,6.89,161
2011EDUA01,Eduard Esteban García Domínguez,2023-09-17,8.04,162
2011EDUA01,Eduard Esteban García Domínguez,2023-09-17,9.77,163
2011EDUA01,Eduard Esteban García Domínguez,2023-09-23,6.94,164
2011EDUA01,Eduard Esteban García Domínguez,2023-09-30,7.05,165
2011EDUA01,Eduard Esteban García Domínguez,2023-10-21,9.01,166
2011EDUA01,Eduard Esteban García Domínguez,2023-10-21,7.32,167
2011EDUA01,Eduard Esteban García Domínguez,2023-10-28,9.37,168
2011EDUA01,Eduard Esteban García Domínguez,2023-10-28,8.22,169
2011EDUA01,Eduard Esteban García Domínguez,2023-11-05,8.94,170
2011EDUA01,Eduard Esteban García Domínguez,2023-11-06,6.9,171
2011EDUA01,Eduard Esteban García Domínguez,2023-11-06,9.65,172
2011EDUA01,Eduard Esteban García Domínguez,2023-11-13,12.13,173
2011EDUA01,Eduard Esteban García Domínguez,2023-11-18,9.33,174
2011EDUA01,Eduard Esteban García Domínguez,2023-11-18,10.74,175
2011EDUA01,Eduard Esteban García Domínguez,2023-12-02,6.9,176
2011EDUA01,Eduard Esteban García Domínguez,2023-12-02,10.26,177
2011EDUA01,Eduard Esteban García Domínguez,2023-12-03,8.28,178
2011EDUA01,Eduard Esteban García Domínguez,2023-12-10,6.04,179
2011EDUA01,Eduard Esteban García Domínguez,2023-12-10,7.91,180
2011EDUA01,Eduard Esteban García Domínguez,2023-12-23,8.84,181
2011EDUA01,Eduard Esteban García Domínguez,2023-12-23,5.34,182
2011EDUA01,Eduard Esteban García Domínguez,2024-01-07,7.65,183
2011EDUA01,Eduard Esteban García Domínguez,2024-01-07,7.96,184
2011EDUA01,Eduard Esteban García Domínguez,2024-01-20,8.59,185
2011EDUA01,Eduard Esteban García Domínguez,2024-01-20,5.09,186
2011EDUA01,Eduard Esteban García Domínguez,2024-01-27,9.52,187
2011EDUA01,Eduard Esteban García Domínguez,2024-01-27,8.72,188
2011EDUA01,Eduard Esteban García Domínguez,2024-01-28,6.86,189
2011EDUA01,Eduard Esteban García Domínguez,2024-01-28,6.98,190
2011EDUA01,Eduard Esteban García Domínguez,2024-02-03,8.52,191
2011EDUA01,Eduard Esteban García Domínguez,2024-02-03,5.9,192
2011EDUA01,Eduard Esteban García Domínguez,2024-02-03,6.29,193
2011EDUA01,Eduard Esteban García Domínguez,2024-02-04,6.43,194
2011EDUA01,Eduard Esteban García Domínguez,2024-02-04,8.17,195
2011EDUA01,Eduard Esteban García Domínguez,2024-02-18,7.49,196
2011EDUA01,Eduard Esteban García Domínguez,2024-02-18,7.9,197
2011EDUA01,Eduard Esteban García Domínguez,2024-03-09,12.21,198
2011EDUA01,Eduard Esteban García Domínguez,2024-03-09,7.82,199
2011EDUA01,Eduard Esteban García Domínguez,2024-03-23,9.8,200
2011EDUA01,Eduard Esteban García Domínguez,2024-03-23,7.94,201
2011EDUA01,Eduard Esteban García Domínguez,2024-04-07,8.03,202
2011EDUA01,Eduard Esteban García Domínguez,2024-04-13,9.89,203
2011EDUA01,Eduard Esteban García Domínguez,2024-04-13,9.08,204
2011EDUA01,Eduard Esteban García Domínguez,2024-04-14,6.44,205
2011EDUA01,Eduard Esteban García Domínguez,2024-04-14,6.37,206
2011EDUA01,Eduard Esteban García Domínguez,2024-04-20,8.31,207
2011EDUA01,Eduard Esteban García Domínguez,2024-04-20,6.67,208
2011EDUA01,Eduard Esteban García Domínguez,2024-05-04,9.34,209
2011EDUA01,Eduard Esteban García Domínguez,2024-05-04,8.18,210
2011EDUA01,Eduard Esteban García Domínguez,2024-05-12,5.78,211
2011EDUA01,Eduard Esteban García Domínguez,2024-05-12,8.51,212
2011EDUA01,Eduard Esteban García Domínguez,2024-05-26,8.38,213
2011EDUA01,Eduard Esteban García Domínguez,2024-05-26,10.63,214
2011EDUA01,Eduard Esteban García Domínguez,2024-06-03,8.14,215
2011EDUA01,Eduard Esteban García Domínguez,2024-06-03,7.23,216
2011EDUA01,Eduard Esteban García Domínguez,2024-06-03,9.17,217
2011EDUA01,Eduard Esteban García Domínguez,2024-06-09,5.9,218
2011EDUA01,Eduard Esteban García Domínguez,2024-06-09,7.73,219
2011EDUA01,Eduard Esteban García Domínguez,2024-06-10,8.0,220
2011EDUA01,Eduard Esteban García Domínguez,2024-06-10,7.35,221
2011EDUA01,Eduard Esteban García Domínguez,2024-06-29,8.34,222
2011EDUA01,Eduard Esteban García Domínguez,2024-06-29,6.89,223
2011EDUA01,Eduard Esteban García Domínguez,2024-07-01,8.33,224
2011EDUA01,Eduard Esteban García Domínguez,2024-07-01,6.72,225
2011EDUA01,Eduard Esteban García Domínguez,2024-07-07,7.26,226
2011EDUA01,Eduard Esteban García Domínguez,2024-07-07,11.88,227
2011EDUA01,Eduard Esteban García Domínguez,2024-07-13,9.45,228
2011EDUA01,Eduard Esteban García Domínguez,2024-07-13,6.28,229
2011EDUA01,Eduard Esteban García Domínguez,2024-08-03,7.89,230
2011EDUA01,Eduard Esteban García Domínguez,2024-08-03,7.01,231
2011EDUA01,Eduard Esteban García Domínguez,2024-08-19,9.7,232
2011EDUA01,Eduard Esteban García Domínguez,2024-08-19,7.38,233
2011EDUA01,Eduard Esteban García Domínguez,2024-08-25,7.53,234
2011EDUA01,Eduard Esteban García Domínguez,2024-08-25,7.0,235
2011EDUA01,Eduard Esteban García Domínguez,2024-09-01,7.61,236
2011EDUA01,Eduard Esteban García Domínguez,2024-09-01,8.61,237
2011EDUA01,Eduard Esteban García Domínguez,2024-09-07,6.64,238
2011EDUA01,Eduard Esteban García Domínguez,2024-09-08,9.28,239
2011EDUA01,Eduard Esteban García Domínguez,2024-09-08,7.4,240
2011EDUA01,Eduard Esteban García Domínguez,2024-09-15,7.09,241
2011EDUA01,Eduard Esteban García Domínguez,2024-09-15,9.46,242
2011EDUA01,Eduard Esteban García Domínguez,2024-09-15,10.49,243
2011EDUA01,Eduard Esteban García Domínguez,2024-09-21,6.62,244
2011EDUA01,Eduard Esteban García Domínguez,2024-09-28,7.1,245
2011EDUA01,Eduard Esteban García Domínguez,2024-09-28,9.31,246
2011EDUA01,Eduard Esteban García Domínguez,2024-09-29,8.33,247
2011EDUA01,Eduard Esteban García Domínguez,2024-09-29,6.95,248
2011EDUA01,Eduard Esteban García Domínguez,2024-09-29,9.01,249
2011EDUA01,Eduard Esteban García Domínguez,2024-10-05,7.34,250
2011EDUA01,Eduard Esteban García Domínguez,2024-10-05,7.55,251
2011EDUA01,Eduard Esteban García Domínguez,2024-10-06,7.79,252
2011EDUA01,Eduard Esteban García Domínguez,2024-10-06,7.99,253
2011EDUA01,Eduard Esteban García Domínguez,2024-10-19,7.81,254
2011EDUA01,Eduard Esteban García Domínguez,2024-10-27,8.43,255
2011EDUA01,Eduard Esteban García Domínguez,2024-11-09,9.85,256
2011EDUA01,Eduard Esteban García Domínguez,2024-11-23,7.19,257
2011EDUA01,Eduard Esteban García Domínguez,2024-11-23,6.61,258
2011EDUA01,Eduard Esteban García Domínguez,2024-12-01,7.45,259
2011EDUA01,Eduard Esteban García Domínguez,2024-12-01,5.99,260
2011EDUA01,Eduard Esteban García Domínguez,2024-12-13,7.11,261
2011EDUA01,Eduard Esteban García Domínguez,2024-12-15,6.68,262
2011EDUA01,Eduard Esteban García Domínguez,2025-01-19,7.33,263
2011EDUA01,Eduard Esteban García Domínguez,2025-01-19,7.57,264
2011EDUA01,Eduard Esteban García Domínguez,2025-01-25,7.98,265
2011EDUA01,Eduard Esteban García Domínguez,2025-02-01,9.6,266
2011EDUA01,Eduard Esteban García Domínguez,2025-02-15,5.7,267
2011EDUA01,Eduard Esteban García Domínguez,2025-02-15,10.3,268
2011EDUA01,Eduard Esteban García Domínguez,2025-03-01,7.11,269
2011EDUA01,Eduard Esteban García Domínguez,2025-03-01,8.14,270
2011EDUA01,Eduard Esteban García Domínguez,2025-03-02,7.62,271
2011EDUA01,Eduard Esteban García Domínguez,2025-03-02,8.35,272
2011EDUA01,Eduard Esteban García Domínguez,2025-03-08,9.24,273
2011EDUA01,Eduard Esteban García Domínguez,2025-03-15,9.23,274
2011EDUA01,Eduard Esteban García Domínguez,2025-03-15,8.77,275
2011EDUA01,Eduard Esteban García Domínguez,2025-03-29,7.34,276
2011EDUA01,Eduard Esteban García Domínguez,2025-03-29,5.97,277
2011EDUA01,Eduard Esteban García Domínguez,2025-04-12,6.92,278
2011EDUA01,Eduard Esteban García Domínguez,2025-04-12,9.3,279
2011EDUA01,Eduard Esteban García Domínguez,2025-04-19,9.26,280
2011EDUA01,Eduard Esteban García Domínguez,2025-04-19,8.77,281
2011EDUA01,Eduard Esteban García Domínguez,2025-05-17,10.03,282
2011EDUA01,Eduard Esteban García Domínguez,2025-05-18,8.42,283
2011EDUA01,Eduard Esteban García Domínguez,2025-05-18,6.76,284
2011EDUA01,Eduard Esteban García Domínguez,2025-05-31,7.05,285
2011EDUA01,Eduard Esteban García Domínguez,2025-05-31,8.62,286
2011EDUA01,Eduard Esteban García Domínguez,2025-06-01,7.21,287
2011EDUA01,Eduard Esteban García Domínguez,2025-06-01,9.0,288
2011EDUA01,Eduard Esteban García Domínguez,2025-06-02,7.45,289
2011EDUA01,Eduard Esteban García Domínguez,2025-06-02,8.33,290
2011EDUA01,Eduard Esteban García Domínguez,2025-06-14,5.2,291
2011EDUA01,Eduard Esteban García Domínguez,2025-06-14,6.59,292
2011EDUA01,Eduard Esteban García Domínguez,2025-07-03,12.46,293
2011EDUA01,Eduard Esteban García Domínguez,2025-07-27,8.43,294
2011EDUA01,Eduard Esteban García Domínguez,2025-08-02,7.46,295
2011EDUA01,Eduard Esteban García Domínguez,2025-08-16,8.37,296
2011EDUA01,Eduard Esteban García Domínguez,2025-08-16,7.22,297
2011EDUA01,Eduard Esteban García Domínguez,2025-08-23,4.93,298
2011EDUA01,Eduard Esteban García Domínguez,2025-08-30,7.34,299
2011EDUA01,Eduard Esteban García Domínguez,2025-09-13,9.42,300
2011EDUA01,Eduard Esteban García Domínguez,2025-09-13,6.6,301
2011EDUA01,Eduard Esteban García Domínguez,2025-09-28,9.43,302
2011EDUA01,Eduard Esteban García Domínguez,2025-10-18,8.57,303
2011EDUA01,Eduard Esteban García Domínguez,2025-10-18,9.16,304
2011EDUA01,Eduard Esteban García Domínguez,2025-10-25,7.79,305
2011EDUA01,Eduard Esteban García Domínguez,2025-11-08,7.59,306
2011EDUA01,Eduard Esteban García Domínguez,2025-11-08,7.71,307
2011EDUA01,Eduard Esteban García Domínguez,2025-11-08,6.42,308
2011EDUA01,Eduard Esteban García Domínguez,2025-11-15,10.0,309
2011EDUA01,Eduard Esteban García Domínguez,2025-12-07,5.47,310
2011EDUA01,Eduard Esteban García Domínguez,2025-12-07,9.01,311
2011EDUA01,Eduard Esteban García Domínguez,2025-12-12,7.83,312
2011EDUA01,Eduard Esteban García Domínguez,2025-12-12,7.42,313
2011EDUA01,Eduard Esteban García Domínguez,2025-12-13,7.65,314
2011EDUA01,Eduard Esteban García Domínguez,2025-12-13,7.02,315
2011EDUA01,Eduard Esteban García Domínguez,2025-12-14,6.97,316
2011EDUA01,Eduard Esteban García Domínguez,2025-12-20,8.43,317
2011EDUA01,Eduard Esteban García Domínguez,2025-12-20,5.5,318
2011EDUA01,Eduard Esteban García Domínguez,2026-01-25,11.1,319
2011EDUA01,Eduard Esteban García Domínguez,2026-02-08,11.16,320
2011EDUA01,Eduard Esteban García Domínguez,2026-02-08,8.32,321
2011EDUA01,Eduard Esteban García Domínguez,2026-02-15,10.66,322
2011EDUA01,Eduard Esteban García Domínguez,2026-02-15,9.77,323
2011EDUA01,Eduard Esteban García Domínguez,2026-02-22,11.84,324
2011EDUA01,Eduard Esteban García Domínguez,2026-02-22,7.29,325
2011EDUA01,Eduard Esteban García Domínguez,2026-03-07,8.56,326
2011EDUA01,Eduard Esteban García Domínguez,2026-03-21,11.26,327
2011EDUA01,Eduard Esteban García Domínguez,2026-03-29,7.32,328
2011EDUA01,Eduard Esteban García Domínguez,2026-03-29,8.74,329
2011EDUA01,Eduard Esteban García Domínguez,2026-04-04,9.22,330
2011EDUA01,Eduard Esteban García Domínguez,2026-04-04,11.27,331
2011EDUA01,Eduard Esteban García Domínguez,2026-04-11,7.7,332
2011EDUA01,Eduard Esteban García Domínguez,2026-04-11,9.97,333
2011EDUA01,Eduard Esteban García Domínguez,2026-04-12,9.68,334
2011EDUA01,Eduard Esteban García Domínguez,2026-04-12,7.85,335
2011EDUA01,Eduard Esteban García Domínguez,2026-05-10,8.86,336
2011EDUA01,Eduard Esteban García Domínguez,2026-05-10,6.89,337
2011EDUA01,Eduard Esteban García Domínguez,2026-05-24,10.37,338
2011WELC01,Walker Welch,2014-01-04,8.16,1
2011WELC01,Walker Welch,2014-07-12,9.81,2
2011WELC01,Walker Welch,2014-07-12,8.57,3
2011WELC01,Walker Welch,2014-07-12,6.57,4
2011WELC01,Walker Welch,2014-07-19,6.81,5
2011WELC01,Walker Welch,2014-08-01,8.2,6
2011WELC01,Walker Welch,2014-08-23,5.88,7
2011WELC01,Walker Welch,2014-09-06,5.1,8
2011WELC01,Walker Welch,2014-09-06,7.16,9
2011WELC01,Walker Welch,2014-09-27,6.28,10
2011WELC01,Walker Welch,2014-09-27,8.12,11
2011WELC01,Walker Welch,2014-11-01,5.89,12
2011WELC01,Walker Welch,2014-11-01,6.26,13
2011WELC01,Walker Welch,2014-11-15,6.53,14
2011WELC01,Walker Welch,2015-03-28,6.22,15
2011WELC01,Walker Welch,2015-04-18,5.55,16
2011WELC01,Walker Welch,2015-07-10,8.12,17
2011WELC01,Walker Welch,2015-07-10,8.19,18
2011WELC01,Walker Welch,2015-07-31,5.33,19
2011WELC01,Walker Welch,2015-07-31,7.63,20
2011WELC01,Walker Welch,2015-09-05,6.88,21
2011WELC01,Walker Welch,2015-09-13,7.39,22
2011WELC01,Walker Welch,2015-09-13,6.05,23
2011WELC01,Walker Welch,2015-11-07,7.79,24
2011WELC01,Walker Welch,2016-01-23,6.44,25
2011WELC01,Walker Welch,2016-05-21,5.65,26
2011WELC01,Walker Welch,2016-06-25,6.16,27
2011WELC01,Walker Welch,2016-06-25,6.8,28
2011WELC01,Walker Welch,2016-07-16,6.06,29
2011WELC01,Walker Welch,2016-07-29,6.96,30
2011WELC01,Walker Welch,2016-07-29,7.1,31
2011WELC01,Walker Welch,2016-08-13,5.35,32
2011WELC01,Walker Welch,2016-08-13,7.16,33
2011WELC01,Walker Welch,2016-09-10,6.73,34
2011WELC01,Walker Welch,2016-10-29,6.11,35
2011WELC01,Walker Welch,2016-12-10,6.03,36
2011WELC01,Walker Welch,2016-12-10,5.03,37
2011WELC01,Walker Welch,2017-01-07,4.95,38
2011WELC01,Walker Welch,2017-07-07,6.51,39
2011WELC01,Walker Welch,2017-07-07,5.85,40
2011WELC01,Walker Welch,2017-07-13,6.37,41
2011WELC01,Walker Welch,2017-07-13,5.66,42
2011WELC01,Walker Welch,2017-08-05,5.84,43
2011WELC01,Walker Welch,2017-08-05,9.08,44
2011WELC01,Walker Welch,2017-09-09,6.03,45
2011WELC01,Walker Welch,2017-10-28,5.62,46
2011WELC01,Walker Welch,2017-10-28,5.9,47
2011WELC01,Walker Welch,2017-11-12,5.21,48
2011WELC01,Walker Welch,2017-11-12,6.42,49
2011WELC01,Walker Welch,2017-12-09,6.88,50
2011WELC01,Walker Welch,2017-12-09,6.28,51
2011WELC01,Walker Welch,2017-12-09,6.35,52
2011WELC01,Walker Welch,2018-01-27,4.74,53
2011WELC01,Walker Welch,2018-01-27,4.98,54
2011WELC01,Walker Welch,2018-01-27,4.12,55
2011WELC01,Walker Welch,2018-03-09,7.4,56
2011WELC01,Walker Welch,2018-03-09,4.46,57
2011WELC01,Walker Welch,2018-03-09,5.9,58
2011WELC01,Walker Welch,2018-04-22,6.4,59
2011WELC01,Walker Welch,2018-04-22,4.77,60
2011WELC01,Walker Welch,2018-05-05,7.9,61
2011WELC01,Walker Welch,2018-05-05,5.97,62
2011WELC01,Walker Welch,2018-07-27,4.87,63
2011WELC01,Walker Welch,2018-07-27,6.56,64
2011WELC01,Walker Welch,2018-09-02,5.12,65
2011WELC01,Walker Welch,2018-09-02,5.27,66
2011WELC01,Walker Welch,2018-09-02,5.07,67
2011WELC01,Walker Welch,2018-10-02,6.59,68
2011WELC01,Walker Welch,2018-10-02,4.08,69
2011WELC01,Walker Welch,2018-10-02,5.87,70
2011WELC01,Walker Welch,2018-10-20,5.19,71
2011WELC01,Walker Welch,2018-10-20,8.01,72
2011WELC01,Walker Welch,2018-11-17,4.97,73
2011WELC01,Walker Welch,2018-11-17,5.1,74
2011WELC01,Walker Welch,2018-11-17,5.53,75
2011WELC01,Walker Welch,2018-12-08,4.6,76
2011WELC01,Walker Welch,2018-12-08,5.24,77
2011WELC01,Walker Welch,2018-12-15,5.63,78
2011WELC01,Walker Welch,2018-12-15,5.81,79
2011WELC01,Walker Welch,2019-01-26,6.2,80
2011WELC01,Walker Welch,2019-01-26,5.62,81
2011WELC01,Walker Welch,2019-01-26,5.75,82
2011WELC01,Walker Welch,2019-02-09,6.19,83
2011WELC01,Walker Welch,2019-02-09,5.27,84
2011WELC01,Walker Welch,2019-03-09,5.49,85
2011WELC01,Walker Welch,2019-03-09,6.26,86
2011WELC01,Walker Welch,2019-03-09,5.13,87
2011WELC01,Walker Welch,2019-05-24,6.12,88
2011WELC01,Walker Welch,2019-06-16,4.58,89
2011WELC01,Walker Welch,2019-06-22,6.31,90
2011WELC01,Walker Welch,2019-07-11,5.64,91
2011WELC01,Walker Welch,2019-07-26,5.87,92
2011WELC01,Walker Welch,2019-07-26,4.77,93
2011WELC01,Walker Welch,2019-08-01,5.52,94
2011WELC01,Walker Welch,2019-09-28,6.07,95
2011WELC01,Walker Welch,2019-09-28,5.84,96
2011WELC01,Walker Welch,2019-09-28,5.53,97
2011WELC01,Walker Welch,2019-10-06,6.53,98
2011WELC01,Walker Welch,2019-10-06,6.1,99
2011WELC01,Walker Welch,2019-10-19,6.32,100
2011WELC01,Walker Welch,2019-10-19,5.89,101
2011WELC01,Walker Welch,2019-10-25,5.67,102
2011WELC01,Walker Welch,2019-10-25,4.88,103
2011WELC01,Walker Welch,2019-11-02,4.34,104
2011WELC01,Walker Welch,2019-11-02,6.54,105
2011WELC01,Walker Welch,2019-11-23,6.18,106
2011WELC01,Walker Welch,2019-11-23,5.03,107
2011WELC01,Walker Welch,2019-11-23,6.82,108
2011WELC01,Walker Welch,2020-01-18,5.95,109
2011WELC01,Walker Welch,2020-01-18,7.28,110
2011WELC01,Walker Welch,2020-01-18,6.69,111
2011WELC01,Walker Welch,2020-02-16,4.79,112
2011WELC01,Walker Welch,2020-03-07,4.92,113
2011WELC01,Walker Welch,2020-03-07,6.46,114
2011WELC01,Walker Welch,2021-11-06,6.78,115
2011WELC01,Walker Welch,2021-11-06,5.89,116
2011WELC01,Walker Welch,2021-12-05,6.38,117
2011WELC01,Walker Welch,2021-12-05,6.37,118
2011WELC01,Walker Welch,2021-12-05,8.12,119
2011WELC01,Walker Welch,2021-12-18,5.74,120
2011WELC01,Walker Welch,2021-12-18,4.93,121
2011WELC01,Walker Welch,2021-12-31,7.18,122
2011WELC01,Walker Welch,2022-02-05,5.37,123
2011WELC01,Walker Welch,2022-03-05,6.29,124
2011WELC01,Walker Welch,2022-03-13,5.8,125
2011WELC01,Walker Welch,2022-03-13,7.43,126
2011WELC01,Walker Welch,2022-04-01,4.48,127
2011WELC01,Walker Welch,2022-04-01,5.08,128
2011WELC01,Walker Welch,2022-04-09,5.7,129
2011WELC01,Walker Welch,2022-04-29,4.97,130
2011WELC01,Walker Welch,2022-04-29,5.66,131
2011WELC01,Walker Welch,2022-05-14,5.86,132
2011WELC01,Walker Welch,2022-05-14,5.3,133
2011WELC01,Walker Welch,2022-05-21,5.03,134
2011WELC01,Walker Welch,2022-05-21,4.93,135
2011WELC01,Walker Welch,2022-05-21,5.12,136
2011WELC01,Walker Welch,2022-06-11,5.09,137
2011WELC01,Walker Welch,2022-06-11,6.62,138
2011WELC01,Walker Welch,2022-06-18,5.56,139
2011WELC01,Walker Welch,2022-06-18,4.65,140
2011WELC01,Walker Welch,2022-06-18,5.21,141
2011WELC01,Walker Welch,2022-07-07,5.19,142
2011WELC01,Walker Welch,2022-07-07,5.26,143
2011WELC01,Walker Welch,2022-08-20,3.88,144
2011WELC01,Walker Welch,2022-08-20,4.62,145
2011WELC01,Walker Welch,2022-09-10,6.81,146
2011WELC01,Walker Welch,2022-10-08,5.47,147
2011WELC01,Walker Welch,2022-10-08,5.73,148
2011WELC01,Walker Welch,2022-10-22,5.68,149
2011WELC01,Walker Welch,2022-10-22,5.16,150
2011WELC01,Walker Welch,2022-10-22,5.21,151
2011WELC01,Walker Welch,2022-12-31,6.39,152
2011WELC01,Walker Welch,2022-12-31,6.42,153
2011WELC01,Walker Welch,2023-02-11,6.99,154
2011WELC01,Walker Welch,2023-02-11,5.25,155
2011WELC01,Walker Welch,2023-03-31,5.27,156
2011WELC01,Walker Welch,2023-03-31,5.89,157
2011WELC01,Walker Welch,2023-04-08,5.17,158
2011WELC01,Walker Welch,2023-04-08,4.57,159
2011WELC01,Walker Welch,2023-04-08,5.12,160
2011WELC01,Walker Welch,2023-04-15,5.52,161
2011WELC01,Walker Welch,2023-04-15,4.42,162
2011WELC01,Walker Welch,2023-05-06,5.65,163
2011WELC01,Walker Welch,2023-05-06,5.66,164
2011WELC01,Walker Welch,2023-05-06,6.49,165
2011WELC01,Walker Welch,2023-05-27,5.03,166
2011WELC01,Walker Welch,2023-05-27,4.48,167
2011WELC01,Walker Welch,2023-05-27,5.81,168
2011WELC01,Walker Welch,2023-06-02,5.01,169
2011WELC01,Walker Welch,2023-06-02,5.14,170
2011WELC01,Walker Welch,2023-06-02,5.11,171
2011WELC01,Walker Welch,2023-06-17,6.26,172
2011WELC01,Walker Welch,2023-06-17,6.73,173
2011WELC01,Walker Welch,2023-06-22,4.75,174
2011WELC01,Walker Welch,2023-06-22,6.46,175
2011WELC01,Walker Welch,2023-07-27,5.02,176
2011WELC01,Walker Welch,2023-07-27,5.39,177
2011WELC01,Walker Welch,2023-08-12,7.06,178
2011WELC01,Walker Welch,2023-09-30,5.34,179
2011WELC01,Walker Welch,2023-09-30,7.66,180
2011WELC01,Walker Welch,2023-10-28,6.31,181
2011WELC01,Walker Welch,2023-10-28,5.91,182
2011WELC01,Walker Welch,2023-10-28,6.05,183
2011WELC01,Walker Welch,2023-12-30,7.45,184
2011WELC01,Walker Welch,2024-01-06,6.55,185
2011WELC01,Walker Welch,2024-01-06,5.98,186
2011WELC01,Walker Welch,2024-01-06,5.74,187
2011WELC01,Walker Welch,2024-01-20,4.71,188
2011WELC01,Walker Welch,2024-01-20,4.53,189
2011WELC01,Walker Welch,2024-01-20,4.47,190
2011WELC01,Walker Welch,2024-02-17,4.99,191
2011WELC01,Walker Welch,2024-02-17,6.25,192
2011WELC01,Walker Welch,2024-03-03,6.83,193
2011WELC01,Walker Welch,2024-03-03,5.93,194
2011WELC01,Walker Welch,2024-04-12,4.95,195
2011WELC01,Walker Welch,2024-04-12,5.83,196
2011WELC01,Walker Welch,2024-06-07,4.83,197
2011WELC01,Walker Welch,2024-06-07,5.44,198
2011WELC01,Walker Welch,2024-06-07,4.88,199
2011WELC01,Walker Welch,2024-07-13,7.05,200
2011WELC01,Walker Welch,2024-07-18,5.2,201
2011WELC01,Walker Welch,2024-07-18,5.43,202
2011WELC01,Walker Welch,2024-09-01,6.16,203
2011WELC01,Walker Welch,2024-09-01,4.88,204
2011WELC01,Walker Welch,2024-09-22,5.19,205
2011WELC01,Walker Welch,2024-09-22,7.99,206
2011WELC01,Walker Welch,2024-10-19,6.03,207
2011WELC01,Walker Welch,2024-10-19,4.8,208
2011WELC01,Walker Welch,2024-10-19,5.62,209
2011WELC01,Walker Welch,2024-11-30,6.58,210
2011WELC01,Walker Welch,2024-11-30,4.75,211
2011WELC01,Walker Welch,2025-01-11,6.15,212
2011WELC01,Walker Welch,2025-01-11,5.46,213
2011WELC01,Walker Welch,2025-01-11,5.82,214
2011WELC01,Walker Welch,2025-03-08,9.07,215
2011WELC01,Walker Welch,2025-03-22,6.08,216
2011WELC01,Walker Welch,2025-03-22,5.05,217
2011WELC01,Walker Welch,2025-05-10,5.75,218
2011WELC01,Walker Welch,2025-05-10,5.6,219
2011WELC01,Walker Welch,2025-05-10,5.38,220
2011WELC01,Walker Welch,2025-07-03,5.59,221
2011WELC01,Walker Welch,2025-07-12,5.45,222
2011WELC01,Walker Welch,2025-07-12,5.67,223
2011WELC01,Walker Welch,2025-08-22,6.41,224
2011WELC01,Walker Welch,2025-08-22,5.1,225
2011WELC01,Walker Welch,2025-08-22,5.41,226
2011WELC01,Walker Welch,2025-10-18,5.51,227
2011WELC01,Walker Welch,2025-10-18,6.13,228
2011WELC01,Walker Welch,2025-10-18,5.18,229
2011WELC01,Walker Welch,2025-11-29,5.86,230
2011WELC01,Walker Welch,2025-11-29,4.62,231
2011WELC01,Walker Welch,2025-11-29,5.72,232
2011WELC01,Walker Welch,2026-04-10,4.89,233
2011WELC01,Walker Welch,2026-04-10,4.82,234
2011WELC01,Walker Welch,2026-05-22,6.87,235
2011WELC01,Walker Welch,2026-05-22,6.13,236
2013BURL01,Łukasz Burliga,2014-02-22,22.15,1
2013BURL01,Łukasz Burliga,2014-05-03,9.06,2
2013BURL01,Łukasz Burliga,2014-05-03,8.01,3
2013BURL01,Łukasz Burliga,2014-05-03,10.5,4
2013BURL01,Łukasz Burliga,2014-05-31,7.02,5
2013BURL01,Łukasz Burliga,2014-05-31,7.95,6
2013BURL01,Łukasz Burliga,2014-12-06,5.95,7
2013BURL01,Łukasz Burliga,2015-02-28,4.11,8
2013BURL01,Łukasz Burliga,2015-02-28,3.76,9
2013BURL01,Łukasz Burliga,2015-02-28,4.74,10
2013BURL01,Łukasz Burliga,2015-03-27,3.92,11
2013BURL01,Łukasz Burliga,2015-03-27,3.74,12
2013BURL01,Łukasz Burliga,2015-03-27,4.8,13
2013BURL01,Łukasz Burliga,2015-05-23,3.92,14
2013BURL01,Łukasz Burliga,2015-05-23,3.68,15
2013BURL01,Łukasz Burliga,2015-05-23,5.15,16
2013BURL01,Łukasz Burliga,2015-06-06,3.6,17
2013BURL01,Łukasz Burliga,2015-06-06,3.57,18
2013BURL01,Łukasz Burliga,2015-06-06,3.79,19
2013BURL01,Łukasz Burliga,2015-06-27,3.66,20
2013BURL01,Łukasz Burliga,2015-06-27,4.41,21
2013BURL01,Łukasz Burliga,2015-10-09,4.26,22
2013BURL01,Łukasz Burliga,2015-10-09,3.38,23
2013BURL01,Łukasz Burliga,2015-10-09,3.78,24
2013BURL01,Łukasz Burliga,2015-10-17,3.66,25
2013BURL01,Łukasz Burliga,2015-10-17,3.28,26
2013BURL01,Łukasz Burliga,2015-12-05,3.57,27
2013BURL01,Łukasz Burliga,2015-12-05,3.9,28
2013BURL01,Łukasz Burliga,2015-12-05,3.62,29
2013BURL01,Łukasz Burliga,2016-01-09,3.62,30
2013BURL01,Łukasz Burliga,2016-01-09,3.4,31
2013BURL01,Łukasz Burliga,2016-04-23,7.65,32
2013BURL01,Łukasz Burliga,2016-04-23,3.15,33
2013BURL01,Łukasz Burliga,2016-07-15,3.17,34
2013BURL01,Łukasz Burliga,2016-07-15,4.1,35
2013BURL01,Łukasz Burliga,2016-07-15,3.62,36
2013BURL01,Łukasz Burliga,2016-07-19,3.53,37
2013BURL01,Łukasz Burliga,2016-07-19,3.37,38
2013BURL01,Łukasz Burliga,2016-08-27,2.97,39
2013BURL01,Łukasz Burliga,2016-08-27,3.25,40
2013BURL01,Łukasz Burliga,2016-08-27,3.4,41
2013BURL01,Łukasz Burliga,2016-10-08,2.63,42
2013BURL01,Łukasz Burliga,2016-10-08,3.01,43
2013BURL01,Łukasz Burliga,2016-12-09,2.64,44
2013BURL01,Łukasz Burliga,2016-12-09,3.2,45
2013BURL01,Łukasz Burliga,2016-12-09,3.48,46
2013BURL01,Łukasz Burliga,2016-12-17,2.8,47
2013BURL01,Łukasz Burliga,2016-12-17,3.48,48
2013BURL01,Łukasz Burliga,2017-02-25,3.53,49
2013BURL01,Łukasz Burliga,2017-02-25,3.62,50
2013BURL01,Łukasz Burliga,2017-03-11,3.58,51
2013BURL01,Łukasz Burliga,2017-03-11,3.24,52
2013BURL01,Łukasz Burliga,2017-03-11,3.0,53
2013BURL01,Łukasz Burliga,2017-04-01,2.95,54
2013BURL01,Łukasz Burliga,2017-04-01,2.62,55
2013BURL01,Łukasz Burliga,2017-05-27,3.12,56
2013BURL01,Łukasz Burliga,2017-05-27,2.88,57
2013BURL01,Łukasz Burliga,2017-05-27,2.93,58
2013BURL01,Łukasz Burliga,2017-06-10,3.72,59
2013BURL01,Łukasz Burliga,2017-06-10,2.79,60
2013BURL01,Łukasz Burliga,2017-06-10,3.02,61
2013BURL01,Łukasz Burliga,2017-06-17,3.01,62
2013BURL01,Łukasz Burliga,2017-06-17,3.36,63
2013BURL01,Łukasz Burliga,2017-06-24,4.9,64
2013BURL01,Łukasz Burliga,2017-06-24,3.29,65
2013BURL01,Łukasz Burliga,2017-06-24,3.6,66
2013BURL01,Łukasz Burliga,2017-07-13,3.13,67
2013BURL01,Łukasz Burliga,2017-07-13,3.31,68
2013BURL01,Łukasz Burliga,2017-07-13,2.86,69
2013BURL01,Łukasz Burliga,2017-07-29,2.94,70
2013BURL01,Łukasz Burliga,2017-07-29,3.15,71
2013BURL01,Łukasz Burliga,2017-09-09,2.68,72
2013BURL01,Łukasz Burliga,2017-09-09,2.88,73
2013BURL01,Łukasz Burliga,2017-09-15,3.42,74
2013BURL01,Łukasz Burliga,2017-09-15,3.13,75
2013BURL01,Łukasz Burliga,2017-09-15,2.73,76
2013BURL01,Łukasz Burliga,2017-10-14,2.55,77
2013BURL01,Łukasz Burliga,2017-10-14,3.23,78
2013BURL01,Łukasz Burliga,2017-10-14,3.78,79
2013BURL01,Łukasz Burliga,2017-11-17,4.08,80
2013BURL01,Łukasz Burliga,2017-11-17,2.86,81
2013BURL01,Łukasz Burliga,2017-11-17,3.06,82
2013BURL01,Łukasz Burliga,2017-12-16,3.18,83
2013BURL01,Łukasz Burliga,2017-12-16,2.03,84
2013BURL01,Łukasz Burliga,2017-12-16,2.92,85
2013BURL01,Łukasz Burliga,2018-01-13,2.96,86
2013BURL01,Łukasz Burliga,2018-01-13,3.46,87
2013BURL01,Łukasz Burliga,2018-01-13,2.78,88
2013BURL01,Łukasz Burliga,2018-02-17,3.69,89
2013BURL01,Łukasz Burliga,2018-02-17,3.2,90
2013BURL01,Łukasz Burliga,2018-02-24,2.84,91
2013BURL01,Łukasz Burliga,2018-02-24,2.63,92
2013BURL01,Łukasz Burliga,2018-02-24,3.7,93
2013BURL01,Łukasz Burliga,2018-05-26,2.97,94
2013BURL01,Łukasz Burliga,2018-05-26,2.51,95
2013BURL01,Łukasz Burliga,2018-06-10,3.1,96
2013BURL01,Łukasz Burliga,2018-06-10,3.67,97
2013BURL01,Łukasz Burliga,2018-06-10,3.12,98
2013BURL01,Łukasz Burliga,2018-06-23,3.08,99
2013BURL01,Łukasz Burliga,2018-06-23,3.68,100
2013BURL01,Łukasz Burliga,2018-07-19,3.0,101
2013BURL01,Łukasz Burliga,2018-07-19,3.34,102
2013BURL01,Łukasz Burliga,2018-07-19,2.89,103
2013BURL01,Łukasz Burliga,2018-07-19,2.89,104
2013BURL01,Łukasz Burliga,2018-08-04,3.11,105
2013BURL01,Łukasz Burliga,2018-08-04,3.58,106
2013BURL01,Łukasz Burliga,2018-08-04,2.77,107
2013BURL01,Łukasz Burliga,2018-08-18,3.79,108
2013BURL01,Łukasz Burliga,2018-08-18,2.71,109
2013BURL01,Łukasz Burliga,2018-09-15,3.11,110
2013BURL01,Łukasz Burliga,2018-09-15,2.53,111
2013BURL01,Łukasz Burliga,2018-09-15,3.35,112
2013BURL01,Łukasz Burliga,2018-09-22,2.73,113
2013BURL01,Łukasz Burliga,2018-09-22,2.69,114
2013BURL01,Łukasz Burliga,2018-09-22,2.49,115
2013BURL01,Łukasz Burliga,2018-10-06,4.05,116
2013BURL01,Łukasz Burliga,2018-10-06,2.57,117
2013BURL01,Łukasz Burliga,2018-10-20,3.6,118
2013BURL01,Łukasz Burliga,2018-10-20,2.99,119
2013BURL01,Łukasz Burliga,2018-10-20,2.7,120
2013BURL01,Łukasz Burliga,2018-10-26,4.49,121
2013BURL01,Łukasz Burliga,2018-10-26,2.26,122
2013BURL01,Łukasz Burliga,2018-10-26,2.56,123
2013BURL01,Łukasz Burliga,2018-11-17,2.76,124
2013BURL01,Łukasz Burliga,2018-11-17,2.46,125
2013BURL01,Łukasz Burliga,2018-12-08,3.3,126
2013BURL01,Łukasz Burliga,2018-12-08,3.17,127
2013BURL01,Łukasz Burliga,2019-01-12,2.9,128
2013BURL01,Łukasz Burliga,2019-01-12,2.82,129
2013BURL01,Łukasz Burliga,2019-01-12,3.39,130
2013BURL01,Łukasz Burliga,2019-02-02,2.54,131
2013BURL01,Łukasz Burliga,2019-02-02,4.19,132
2013BURL01,Łukasz Burliga,2019-02-02,2.99,133
2013BURL01,Łukasz Burliga,2019-02-23,2.63,134
2013BURL01,Łukasz Burliga,2019-02-23,2.99,135
2013BURL01,Łukasz Burliga,2019-03-02,2.88,136
2013BURL01,Łukasz Burliga,2019-03-02,3.11,137
2013BURL01,Łukasz Burliga,2019-03-02,2.74,138
2013BURL01,Łukasz Burliga,2019-05-26,2.95,139
2013BURL01,Łukasz Burliga,2019-05-26,3.41,140
2013BURL01,Łukasz Burliga,2019-06-01,3.38,141
2013BURL01,Łukasz Burliga,2019-06-01,2.67,142
2013BURL01,Łukasz Burliga,2019-06-01,3.2,143
2013BURL01,Łukasz Burliga,2019-06-22,3.31,144
2013BURL01,Łukasz Burliga,2019-06-22,2.85,145
2013BURL01,Łukasz Burliga,2019-06-22,2.58,146
2013BURL01,Łukasz Burliga,2019-07-11,3.23,147
2013BURL01,Łukasz Burliga,2019-07-11,2.86,148
2013BURL01,Łukasz Burliga,2019-07-11,4.41,149
2013BURL01,Łukasz Burliga,2019-07-20,2.47,150
2013BURL01,Łukasz Burliga,2019-07-20,2.44,151
2013BURL01,Łukasz Burliga,2019-08-24,3.13,152
2013BURL01,Łukasz Burliga,2019-08-24,3.24,153
2013BURL01,Łukasz Burliga,2019-09-13,3.27,154
2013BURL01,Łukasz Burliga,2019-09-13,2.82,155
2013BURL01,Łukasz Burliga,2019-09-13,2.57,156
2013BURL01,Łukasz Burliga,2019-10-05,2.8,157
2013BURL01,Łukasz Burliga,2019-10-05,3.0,158
2013BURL01,Łukasz Burliga,2019-10-05,3.07,159
2013BURL01,Łukasz Burliga,2019-10-11,3.38,160
2013BURL01,Łukasz Burliga,2019-10-11,2.79,161
2013BURL01,Łukasz Burliga,2019-10-11,3.08,162
2013BURL01,Łukasz Burliga,2019-12-06,2.63,163
2013BURL01,Łukasz Burliga,2019-12-06,3.28,164
2013BURL01,Łukasz Burliga,2020-01-25,2.79,165
2013BURL01,Łukasz Burliga,2020-01-25,3.0,166
2013BURL01,Łukasz Burliga,2020-01-25,2.8,167
2013BURL01,Łukasz Burliga,2020-08-22,3.09,168
2013BURL01,Łukasz Burliga,2020-08-22,2.95,169
2013BURL01,Łukasz Burliga,2020-09-12,2.93,170
2013BURL01,Łukasz Burliga,2020-09-12,2.82,171
2013BURL01,Łukasz Burliga,2021-07-03,3.93,172
2013BURL01,Łukasz Burliga,2021-07-03,3.47,173
2013BURL01,Łukasz Burliga,2021-07-03,2.78,174
2013BURL01,Łukasz Burliga,2021-07-10,3.88,175
2013BURL01,Łukasz Burliga,2021-07-10,2.48,176
2013BURL01,Łukasz Burliga,2021-07-10,2.99,177
2013BURL01,Łukasz Burliga,2021-07-24,2.84,178
2013BURL01,Łukasz Burliga,2021-07-24,2.54,179
2013BURL01,Łukasz Burliga,2021-08-07,4.34,180
2013BURL01,Łukasz Burliga,2021-08-07,3.11,181
2013BURL01,Łukasz Burliga,2021-08-07,3.55,182
2013BURL01,Łukasz Burliga,2021-09-04,4.36,183
2013BURL01,Łukasz Burliga,2021-09-04,4.03,184
2013BURL01,Łukasz Burliga,2021-09-11,3.18,185
2013BURL01,Łukasz Burliga,2021-09-11,2.81,186
2013BURL01,Łukasz Burliga,2021-09-18,2.37,187
2013BURL01,Łukasz Burliga,2021-09-18,3.19,188
2013BURL01,Łukasz Burliga,2021-10-01,2.99,189
2013BURL01,Łukasz Burliga,2021-10-01,3.59,190
2013BURL01,Łukasz Burliga,2021-11-06,3.89,191
2013BURL01,Łukasz Burliga,2021-11-06,3.95,192
2013BURL01,Łukasz Burliga,2021-11-06,2.65,193
2013BURL01,Łukasz Burliga,2021-12-18,3.4,194
2013BURL01,Łukasz Burliga,2021-12-18,2.88,195
2013BURL01,Łukasz Burliga,2022-02-26,3.66,196
2013BURL01,Łukasz Burliga,2022-03-12,2.78,197
2013BURL01,Łukasz Burliga,2022-03-26,3.39,198
2013BURL01,Łukasz Burliga,2022-03-26,3.25,199
2013BURL01,Łukasz Burliga,2022-04-23,3.39,200
2013BURL01,Łukasz Burliga,2022-04-23,2.77,201
2013BURL01,Łukasz Burliga,2022-04-23,3.99,202
2013BURL01,Łukasz Burliga,2022-05-21,4.01,203
2013BURL01,Łukasz Burliga,2022-05-21,2.38,204
2013BURL01,Łukasz Burliga,2022-05-21,2.82,205
2013BURL01,Łukasz Burliga,2022-06-04,2.82,206
2013BURL01,Łukasz Burliga,2022-07-08,2.47,207
2013BURL01,Łukasz Burliga,2022-07-08,2.73,208
2013BURL01,Łukasz Burliga,2022-07-14,3.8,209
2013BURL01,Łukasz Burliga,2022-07-14,2.87,210
2013BURL01,Łukasz Burliga,2022-07-14,2.72,211
2013BURL01,Łukasz Burliga,2022-08-06,3.19,212
2013BURL01,Łukasz Burliga,2022-08-06,2.75,213
2013BURL01,Łukasz Burliga,2022-08-13,2.74,214
2013BURL01,Łukasz Burliga,2022-08-27,3.34,215
2013BURL01,Łukasz Burliga,2022-10-01,3.47,216
2013BURL01,Łukasz Burliga,2022-10-01,3.43,217
2013BURL01,Łukasz Burliga,2022-10-01,3.01,218
2013BURL01,Łukasz Burliga,2022-10-15,3.11,219
2013BURL01,Łukasz Burliga,2022-10-15,3.33,220
2013BURL01,Łukasz Burliga,2022-10-15,2.78,221
2013BURL01,Łukasz Burliga,2022-11-12,3.44,222
2013BURL01,Łukasz Burliga,2022-11-12,3.19,223
2013BURL01,Łukasz Burliga,2022-11-12,2.98,224
2013BURL01,Łukasz Burliga,2023-01-28,3.19,225
2013BURL01,Łukasz Burliga,2023-01-28,3.69,226
2013BURL01,Łukasz Burliga,2023-01-28,2.62,227
2013BURL01,Łukasz Burliga,2023-02-25,3.8,228
2013BURL01,Łukasz Burliga,2023-03-04,3.09,229
2013BURL01,Łukasz Burliga,2023-03-04,3.11,230
2013BURL01,Łukasz Burliga,2023-03-04,2.88,231
2013BURL01,Łukasz Burliga,2023-03-18,3.78,232
2013BURL01,Łukasz Burliga,2023-03-18,2.87,233
2013BURL01,Łukasz Burliga,2023-03-25,3.03,234
2013BURL01,Łukasz Burliga,2023-03-25,2.65,235
2013BURL01,Łukasz Burliga,2023-03-25,3.02,236
2013BURL01,Łukasz Burliga,2023-04-01,3.33,237
2013BURL01,Łukasz Burliga,2023-04-01,3.38,238
2013BURL01,Łukasz Burliga,2023-04-01,2.64,239
2013BURL01,Łukasz Burliga,2023-05-06,3.13,240
2013BURL01,Łukasz Burliga,2023-05-06,3.15,241
2013BURL01,Łukasz Burliga,2023-05-20,2.62,242
2013BURL01,Łukasz Burliga,2023-05-20,2.44,243
2013BURL01,Łukasz Burliga,2023-05-27,3.34,244
2013BURL01,Łukasz Burliga,2023-06-03,3.18,245
2013BURL01,Łukasz Burliga,2023-06-03,2.39,246
2013BURL01,Łukasz Burliga,2023-06-03,3.01,247
2013BURL01,Łukasz Burliga,2023-06-10,3.76,248
2013BURL01,Łukasz Burliga,2023-06-10,3.32,249
2013BURL01,Łukasz Burliga,2023-06-24,3.44,250
2013BURL01,Łukasz Burliga,2023-06-24,3.03,251
2013BURL01,Łukasz Burliga,2023-07-08,2.99,252
2013BURL01,Łukasz Burliga,2023-07-08,2.62,253
2013BURL01,Łukasz Burliga,2023-07-28,2.91,254
2013BURL01,Łukasz Burliga,2023-07-28,3.65,255
2013BURL01,Łukasz Burliga,2023-07-28,2.82,256
2013BURL01,Łukasz Burliga,2023-08-12,3.22,257
2013BURL01,Łukasz Burliga,2023-08-12,2.54,258
2013BURL01,Łukasz Burliga,2023-09-02,3.1,259
2013BURL01,Łukasz Burliga,2023-09-02,2.81,260
2013BURL01,Łukasz Burliga,2023-09-03,2.87,261
2013BURL01,Łukasz Burliga,2023-09-03,3.13,262
2013BURL01,Łukasz Burliga,2023-09-09,4.04,263
2013BURL01,Łukasz Burliga,2023-09-09,2.79,264
2013BURL01,Łukasz Burliga,2023-09-09,3.31,265
2013BURL01,Łukasz Burliga,2023-10-06,2.91,266
2013BURL01,Łukasz Burliga,2023-10-06,2.89,267
2013BURL01,Łukasz Burliga,2023-11-04,2.78,268
2013BURL01,Łukasz Burliga,2023-11-04,3.28,269
2013BURL01,Łukasz Burliga,2023-12-09,2.38,270
2013BURL01,Łukasz Burliga,2023-12-09,4.79,271
2013BURL01,Łukasz Burliga,2023-12-16,3.6,272
2013BURL01,Łukasz Burliga,2023-12-16,3.26,273
2013BURL01,Łukasz Burliga,2024-02-03,3.71,274
2013BURL01,Łukasz Burliga,2024-02-03,2.78,275
2013BURL01,Łukasz Burliga,2024-02-03,2.91,276
2013BURL01,Łukasz Burliga,2024-02-10,3.71,277
2013BURL01,Łukasz Burliga,2024-02-10,3.17,278
2013BURL01,Łukasz Burliga,2024-02-10,2.65,279
2013BURL01,Łukasz Burliga,2024-03-02,3.38,280
2013BURL01,Łukasz Burliga,2024-03-02,3.7,281
2013BURL01,Łukasz Burliga,2024-04-13,3.12,282
2013BURL01,Łukasz Burliga,2024-04-13,3.43,283
2013BURL01,Łukasz Burliga,2024-04-20,3.59,284
2013BURL01,Łukasz Burliga,2024-04-20,2.62,285
2013BURL01,Łukasz Burliga,2024-05-17,3.22,286
2013BURL01,Łukasz Burliga,2024-05-17,3.13,287
2013BURL01,Łukasz Burliga,2024-05-31,3.3,288
2013BURL01,Łukasz Burliga,2024-05-31,2.8,289
2013BURL01,Łukasz Burliga,2024-05-31,2.12,290
2013BURL01,Łukasz Burliga,2024-06-15,3.58,291
2013BURL01,Łukasz Burliga,2024-06-15,2.88,292
2013BURL01,Łukasz Burliga,2024-06-15,3.7,293
2013BURL01,Łukasz Burliga,2024-06-22,3.72,294
2013BURL01,Łukasz Burliga,2024-06-29,3.37,295
2013BURL01,Łukasz Burliga,2024-06-29,2.85,296
2013BURL01,Łukasz Burliga,2024-07-13,3.0,297
2013BURL01,Łukasz Burliga,2024-07-13,2.88,298
2013BURL01,Łukasz Burliga,2024-07-13,2.49,299
2013BURL01,Łukasz Burliga,2024-07-25,2.98,300
2013BURL01,Łukasz Burliga,2024-07-25,3.31,301
2013BURL01,Łukasz Burliga,2024-08-24,3.77,302
2013BURL01,Łukasz Burliga,2024-08-24,2.78,303
2013BURL01,Łukasz Burliga,2024-08-24,2.64,304
2013BURL01,Łukasz Burliga,2024-09-21,3.8,305
2013BURL01,Łukasz Burliga,2024-09-21,3.24,306
2013BURL01,Łukasz Burliga,2024-09-21,3.05,307
2013BURL01,Łukasz Burliga,2024-10-12,3.11,308
2013BURL01,Łukasz Burliga,2024-10-12,3.16,309
2013BURL01,Łukasz Burliga,2024-10-12,2.88,310
2013BURL01,Łukasz Burliga,2024-10-26,3.14,311
2013BURL01,Łukasz Burliga,2024-11-07,2.87,312
2013BURL01,Łukasz Burliga,2024-11-07,3.8,313
2013BURL01,Łukasz Burliga,2024-11-07,2.44,314
2013BURL01,Łukasz Burliga,2024-11-23,2.51,315
2013BURL01,Łukasz Burliga,2024-11-23,3.83,316
2013BURL01,Łukasz Burliga,2025-01-25,2.79,317
2013BURL01,Łukasz Burliga,2025-01-25,3.46,318
2013BURL01,Łukasz Burliga,2025-02-01,3.39,319
2013BURL01,Łukasz Burliga,2025-02-01,3.76,320
2013BURL01,Łukasz Burliga,2025-02-15,2.6,321
2013BURL01,Łukasz Burliga,2025-02-15,3.49,322
2013BURL01,Łukasz Burliga,2025-02-21,3.21,323
2013BURL01,Łukasz Burliga,2025-02-21,3.4,324
2013BURL01,Łukasz Burliga,2025-02-21,2.98,325
2013BURL01,Łukasz Burliga,2025-03-08,2.97,326
2013BURL01,Łukasz Burliga,2025-03-08,3.2,327
2013BURL01,Łukasz Burliga,2025-03-08,2.78,328
2013BURL01,Łukasz Burliga,2025-03-22,2.66,329
2013BURL01,Łukasz Burliga,2025-03-29,4.02,330
2013BURL01,Łukasz Burliga,2025-03-29,2.88,331
2013BURL01,Łukasz Burliga,2025-05-17,3.3,332
2013BURL01,Łukasz Burliga,2025-05-17,3.46,333
2013BURL01,Łukasz Burliga,2025-06-07,3.01,334
2013BURL01,Łukasz Burliga,2025-06-07,2.9,335
2013BURL01,Łukasz Burliga,2025-06-14,3.25,336
2013BURL01,Łukasz Burliga,2025-06-28,3.3,337
2013BURL01,Łukasz Burliga,2025-07-04,3.05,338
2013BURL01,Łukasz Burliga,2025-07-04,2.63,339
2013BURL01,Łukasz Burliga,2025-07-26,3.0,340
2013BURL01,Łukasz Burliga,2025-07-26,3.07,341
2013BURL01,Łukasz Burliga,2025-09-05,3.12,342
2013BURL01,Łukasz Burliga,2025-09-05,3.99,343
2013BURL01,Łukasz Burliga,2025-09-27,2.64,344
2013BURL01,Łukasz Burliga,2025-09-27,2.56,345
2013BURL01,Łukasz Burliga,2025-10-04,2.67,346
2013BURL01,Łukasz Burliga,2025-10-04,2.6,347
2013BURL01,Łukasz Burliga,2025-10-04,2.92,348
2013BURL01,Łukasz Burliga,2025-10-12,2.8,349
2013BURL01,Łukasz Burliga,2025-10-12,2.87,350
2013BURL01,Łukasz Burliga,2025-10-25,2.61,351
2013BURL01,Łukasz Burliga,2025-10-25,2.43,352
2013BURL01,Łukasz Burliga,2025-11-13,3.32,353
2013BURL01,Łukasz Burliga,2025-11-13,2.82,354
2013BURL01,Łukasz Burliga,2025-11-13,3.18,355
2013BURL01,Łukasz Burliga,2025-11-22,2.99,356
2013BURL01,Łukasz Burliga,2025-11-22,2.91,357
2013BURL01,Łukasz Burliga,2025-11-22,2.77,358
2013BURL01,Łukasz Burliga,2025-11-29,3.24,359
2013BURL01,Łukasz Burliga,2025-11-29,3.04,360
2013BURL01,Łukasz Burliga,2025-11-29,2.96,361
2013BURL01,Łukasz Burliga,2025-12-13,2.18,362
2013BURL01,Łukasz Burliga,2025-12-13,2.91,363
2013BURL01,Łukasz Burliga,2025-12-20,3.23,364
2013BURL01,Łukasz Burliga,2025-12-20,2.76,365
2013BURL01,Łukasz Burliga,2026-01-24,3.46,366
2013BURL01,Łukasz Burliga,2026-01-24,2.88,367
2013BURL01,Łukasz Burliga,2026-02-21,3.15,368
2013BURL01,Łukasz Burliga,2026-02-21,2.61,369
2013BURL01,Łukasz Burliga,2026-02-21,2.73,370
2013BURL01,Łukasz Burliga,2026-03-21,2.89,371
2013BURL01,Łukasz Burliga,2026-03-21,2.63,372
2013BURL01,Łukasz Burliga,2026-04-11,2.91,373
2013BURL01,Łukasz Burliga,2026-04-11,2.53,374
2013BURL01,Łukasz Burliga,2026-04-11,2.64,375
2013BURL01,Łukasz Burliga,2026-05-01,3.26,376
2013BURL01,Łukasz Burliga,2026-05-01,2.96,377
2013BURL01,Łukasz Burliga,2026-05-01,2.87,378
2013BURL01,Łukasz Burliga,2026-05-16,3.91,379
2013BURL01,Łukasz Burliga,2026-05-16,3.46,380
2013EGDA01,Daniel Vædele Egdal,2015-12-05,6.87,1
2013EGDA01,Daniel Vædele Egdal,2015-12-05,6.7,2
2013EGDA01,Daniel Vædele Egdal,2016-01-30,5.43,3
2013EGDA01,Daniel Vædele Egdal,2016-04-16,5.28,4
2013EGDA01,Daniel Vædele Egdal,2016-06-10,4.47,5
2013EGDA01,Daniel Vædele Egdal,2016-06-10,4.26,6
2013EGDA01,Daniel Vædele Egdal,2016-07-15,5.27,7
2013EGDA01,Daniel Vædele Egdal,2016-07-15,4.22,8
2013EGDA01,Daniel Vædele Egdal,2016-07-15,4.08,9
2013EGDA01,Daniel Vædele Egdal,2016-10-08,5.26,10
2013EGDA01,Daniel Vædele Egdal,2016-10-08,4.35,11
2013EGDA01,Daniel Vædele Egdal,2017-01-14,4.43,12
2013EGDA01,Daniel Vædele Egdal,2017-03-04,3.69,13
2013EGDA01,Daniel Vædele Egdal,2017-03-04,4.36,14
2013EGDA01,Daniel Vædele Egdal,2017-04-29,3.66,15
2013EGDA01,Daniel Vædele Egdal,2017-04-29,3.89,16
2013EGDA01,Daniel Vædele Egdal,2017-04-29,4.05,17
2013EGDA01,Daniel Vædele Egdal,2017-05-19,3.67,18
2013EGDA01,Daniel Vædele Egdal,2017-05-19,3.53,19
2013EGDA01,Daniel Vædele Egdal,2017-06-17,3.69,20
2013EGDA01,Daniel Vædele Egdal,2017-06-17,4.05,21
2013EGDA01,Daniel Vædele Egdal,2017-07-13,3.69,22
2013EGDA01,Daniel Vædele Egdal,2017-07-13,3.21,23
2013EGDA01,Daniel Vædele Egdal,2017-07-13,4.9,24
2013EGDA01,Daniel Vædele Egdal,2017-09-10,3.55,25
2013EGDA01,Daniel Vædele Egdal,2017-09-30,3.39,26
2013EGDA01,Daniel Vædele Egdal,2017-09-30,3.47,27
2013EGDA01,Daniel Vædele Egdal,2017-09-30,3.35,28
2013EGDA01,Daniel Vædele Egdal,2017-10-07,3.95,29
2013EGDA01,Daniel Vædele Egdal,2017-10-07,3.24,30
2013EGDA01,Daniel Vædele Egdal,2017-10-21,3.19,31
2013EGDA01,Daniel Vædele Egdal,2017-12-02,3.64,32
2013EGDA01,Daniel Vædele Egdal,2017-12-02,3.99,33
2013EGDA01,Daniel Vædele Egdal,2018-01-27,3.49,34
2013EGDA01,Daniel Vædele Egdal,2018-02-17,3.4,35
2013EGDA01,Daniel Vædele Egdal,2018-03-17,3.15,36
2013EGDA01,Daniel Vædele Egdal,2018-03-17,3.2,37
2013EGDA01,Daniel Vædele Egdal,2018-03-31,3.83,38
2013EGDA01,Daniel Vædele Egdal,2018-03-31,3.4,39
2013EGDA01,Daniel Vædele Egdal,2018-03-31,3.07,40
2013EGDA01,Daniel Vædele Egdal,2018-05-11,3.01,41
2013EGDA01,Daniel Vædele Egdal,2018-05-11,3.0,42
2013EGDA01,Daniel Vædele Egdal,2018-05-11,4.0,43
2013EGDA01,Daniel Vædele Egdal,2018-07-14,2.83,44
2013EGDA01,Daniel Vædele Egdal,2018-07-14,3.57,45
2013EGDA01,Daniel Vædele Egdal,2018-07-19,3.47,46
2013EGDA01,Daniel Vædele Egdal,2018-07-19,2.98,47
2013EGDA01,Daniel Vædele Egdal,2018-07-19,3.26,48
2013EGDA01,Daniel Vædele Egdal,2018-07-19,3.67,49
2013EGDA01,Daniel Vædele Egdal,2018-08-10,3.13,50
2013EGDA01,Daniel Vædele Egdal,2018-08-10,3.57,51
2013EGDA01,Daniel Vædele Egdal,2018-08-10,3.07,52
2013EGDA01,Daniel Vædele Egdal,2018-09-15,3.34,53
2013EGDA01,Daniel Vædele Egdal,2018-09-15,3.74,54
2013EGDA01,Daniel Vædele Egdal,2018-10-12,3.88,55
2013EGDA01,Daniel Vædele Egdal,2018-10-12,3.31,56
2013EGDA01,Daniel Vædele Egdal,2018-10-20,3.01,57
2013EGDA01,Daniel Vædele Egdal,2018-10-20,4.44,58
2013EGDA01,Daniel Vædele Egdal,2018-10-20,3.73,59
2013EGDA01,Daniel Vædele Egdal,2018-11-02,3.5,60
2013EGDA01,Daniel Vædele Egdal,2018-11-02,3.99,61
2013EGDA01,Daniel Vædele Egdal,2018-11-02,2.95,62
2013EGDA01,Daniel Vædele Egdal,2018-11-10,3.5,63
2013EGDA01,Daniel Vædele Egdal,2018-11-10,3.24,64
2013EGDA01,Daniel Vædele Egdal,2018-12-01,2.76,65
2013EGDA01,Daniel Vædele Egdal,2018-12-01,3.08,66
2013EGDA01,Daniel Vædele Egdal,2019-02-09,2.94,67
2013EGDA01,Daniel Vædele Egdal,2019-02-09,3.34,68
2013EGDA01,Daniel Vædele Egdal,2019-03-08,3.19,69
2013EGDA01,Daniel Vædele Egdal,2019-03-08,3.44,70
2013EGDA01,Daniel Vædele Egdal,2019-04-13,2.89,71
2013EGDA01,Daniel Vædele Egdal,2019-04-13,3.52,72
2013EGDA01,Daniel Vædele Egdal,2019-04-27,3.23,73
2013EGDA01,Daniel Vædele Egdal,2019-04-27,3.23,74
2013EGDA01,Daniel Vædele Egdal,2019-05-30,3.06,75
2013EGDA01,Daniel Vædele Egdal,2019-05-30,3.51,76
2013EGDA01,Daniel Vædele Egdal,2019-05-30,3.03,77
2013EGDA01,Daniel Vædele Egdal,2019-05-30,2.99,78
2013EGDA01,Daniel Vædele Egdal,2019-07-11,3.87,79
2013EGDA01,Daniel Vædele Egdal,2019-07-11,3.3,80
2013EGDA01,Daniel Vædele Egdal,2019-07-11,3.68,81
2013EGDA01,Daniel Vædele Egdal,2019-07-27,3.11,82
2013EGDA01,Daniel Vædele Egdal,2019-07-27,3.53,83
2013EGDA01,Daniel Vædele Egdal,2019-08-03,2.64,84
2013EGDA01,Daniel Vædele Egdal,2019-08-03,3.67,85
2013EGDA01,Daniel Vædele Egdal,2019-08-03,3.37,86
2013EGDA01,Daniel Vædele Egdal,2019-08-10,3.05,87
2013EGDA01,Daniel Vædele Egdal,2019-08-10,3.26,88
2013EGDA01,Daniel Vædele Egdal,2019-08-10,3.19,89
2013EGDA01,Daniel Vædele Egdal,2019-08-17,3.51,90
2013EGDA01,Daniel Vædele Egdal,2019-08-17,3.9,91
2013EGDA01,Daniel Vædele Egdal,2019-08-24,3.71,92
2013EGDA01,Daniel Vædele Egdal,2019-08-24,3.24,93
2013EGDA01,Daniel Vædele Egdal,2019-09-13,3.4,94
2013EGDA01,Daniel Vædele Egdal,2019-09-13,3.68,95
2013EGDA01,Daniel Vædele Egdal,2019-10-05,3.16,96
2013EGDA01,Daniel Vædele Egdal,2019-10-05,3.26,97
2013EGDA01,Daniel Vædele Egdal,2019-10-17,3.16,98
2013EGDA01,Daniel Vædele Egdal,2019-10-17,3.32,99
2013EGDA01,Daniel Vædele Egdal,2019-10-17,3.67,100
2013EGDA01,Daniel Vædele Egdal,2019-11-22,3.58,101
2013EGDA01,Daniel Vædele Egdal,2019-11-22,2.67,102
2013EGDA01,Daniel Vædele Egdal,2019-12-14,2.42,103
2013EGDA01,Daniel Vædele Egdal,2019-12-14,2.99,104
2013EGDA01,Daniel Vædele Egdal,2020-01-18,3.07,105
2013EGDA01,Daniel Vædele Egdal,2020-01-18,3.26,106
2013EGDA01,Daniel Vædele Egdal,2020-01-18,3.58,107
2013EGDA01,Daniel Vædele Egdal,2020-02-09,3.15,108
2013EGDA01,Daniel Vædele Egdal,2020-02-15,3.47,109
2013EGDA01,Daniel Vædele Egdal,2020-02-15,2.87,110
2013EGDA01,Daniel Vædele Egdal,2020-02-29,2.96,111
2013EGDA01,Daniel Vædele Egdal,2020-02-29,3.46,112
2013EGDA01,Daniel Vædele Egdal,2020-07-11,3.58,113
2013EGDA01,Daniel Vædele Egdal,2020-07-11,4.07,114
2013EGDA01,Daniel Vædele Egdal,2020-08-01,3.38,115
2013EGDA01,Daniel Vædele Egdal,2020-08-01,3.28,116
2013EGDA01,Daniel Vædele Egdal,2020-09-04,3.32,117
2013EGDA01,Daniel Vædele Egdal,2021-10-08,3.57,118
2013EGDA01,Daniel Vædele Egdal,2021-10-08,2.77,119
2013EGDA01,Daniel Vædele Egdal,2021-11-13,3.37,120
2013EGDA01,Daniel Vædele Egdal,2021-12-03,3.16,121
2013EGDA01,Daniel Vædele Egdal,2021-12-03,3.3,122
2013EGDA01,Daniel Vædele Egdal,2022-01-15,2.97,123
2013EGDA01,Daniel Vædele Egdal,2022-01-15,3.25,124
2013EGDA01,Daniel Vædele Egdal,2022-03-19,3.56,125
2013EGDA01,Daniel Vædele Egdal,2022-03-19,3.18,126
2013EGDA01,Daniel Vædele Egdal,2022-04-16,3.02,127
2013EGDA01,Daniel Vædele Egdal,2022-04-16,3.12,128
2013EGDA01,Daniel Vædele Egdal,2022-05-28,3.14,129
2013EGDA01,Daniel Vædele Egdal,2022-07-14,2.96,130
2013EGDA01,Daniel Vædele Egdal,2022-07-14,3.35,131
2013EGDA01,Daniel Vædele Egdal,2022-07-14,3.48,132
2013EGDA01,Daniel Vædele Egdal,2022-07-22,3.14,133
2013EGDA01,Daniel Vædele Egdal,2022-07-22,3.18,134
2013EGDA01,Daniel Vædele Egdal,2022-07-22,3.03,135
2013EGDA01,Daniel Vædele Egdal,2022-08-05,2.76,136
2013EGDA01,Daniel Vædele Egdal,2022-08-05,3.25,137
2013EGDA01,Daniel Vædele Egdal,2022-08-10,3.05,138
2013EGDA01,Daniel Vædele Egdal,2022-09-02,2.98,139
2013EGDA01,Daniel Vædele Egdal,2022-09-02,3.39,140
2013EGDA01,Daniel Vædele Egdal,2022-09-24,3.12,141
2013EGDA01,Daniel Vædele Egdal,2022-10-22,3.24,142
2013EGDA01,Daniel Vædele Egdal,2022-11-05,2.91,143
2013EGDA01,Daniel Vædele Egdal,2022-11-05,3.27,144
2013EGDA01,Daniel Vædele Egdal,2022-12-03,3.25,145
2013EGDA01,Daniel Vædele Egdal,2022-12-11,3.0,146
2013EGDA01,Daniel Vædele Egdal,2022-12-11,3.2,147
2013EGDA01,Daniel Vædele Egdal,2023-01-21,3.48,148
2013EGDA01,Daniel Vædele Egdal,2023-01-21,3.44,149
2013EGDA01,Daniel Vædele Egdal,2023-01-28,2.95,150
2013EGDA01,Daniel Vædele Egdal,2023-01-28,2.85,151
2013EGDA01,Daniel Vædele Egdal,2023-01-28,3.03,152
2013EGDA01,Daniel Vædele Egdal,2023-01-31,3.37,153
2013EGDA01,Daniel Vædele Egdal,2023-02-04,2.76,154
2013EGDA01,Daniel Vædele Egdal,2023-02-04,3.14,155
2013EGDA01,Daniel Vædele Egdal,2023-02-16,2.95,156
2013EGDA01,Daniel Vædele Egdal,2023-02-25,3.42,157
2013EGDA01,Daniel Vædele Egdal,2023-02-25,3.22,158
2013EGDA01,Daniel Vædele Egdal,2023-02-25,3.72,159
2013EGDA01,Daniel Vædele Egdal,2023-03-04,3.21,160
2013EGDA01,Daniel Vædele Egdal,2023-03-04,2.85,161
2013EGDA01,Daniel Vædele Egdal,2023-03-04,3.79,162
2013EGDA01,Daniel Vædele Egdal,2023-03-25,3.05,163
2013EGDA01,Daniel Vædele Egdal,2023-03-25,2.75,164
2013EGDA01,Daniel Vædele Egdal,2023-05-06,2.75,165
2013EGDA01,Daniel Vædele Egdal,2023-05-06,2.53,166
2013EGDA01,Daniel Vædele Egdal,2023-06-24,3.07,167
2013EGDA01,Daniel Vædele Egdal,2023-06-24,3.32,168
2013EGDA01,Daniel Vædele Egdal,2023-07-08,2.64,169
2013EGDA01,Daniel Vædele Egdal,2023-07-08,3.03,170
2013EGDA01,Daniel Vædele Egdal,2023-07-08,2.82,171
2013EGDA01,Daniel Vædele Egdal,2023-07-22,2.7,172
2013EGDA01,Daniel Vædele Egdal,2023-08-12,3.45,173
2013EGDA01,Daniel Vædele Egdal,2023-08-12,2.99,174
2013EGDA01,Daniel Vædele Egdal,2023-08-22,2.7,175
2013EGDA01,Daniel Vædele Egdal,2023-08-26,2.53,176
2013EGDA01,Daniel Vædele Egdal,2023-08-26,3.24,177
2013EGDA01,Daniel Vædele Egdal,2023-08-26,3.62,178
2013EGDA01,Daniel Vædele Egdal,2023-09-08,3.29,179
2013EGDA01,Daniel Vædele Egdal,2023-09-08,2.9,180
2013EGDA01,Daniel Vædele Egdal,2023-10-08,2.67,181
2013EGDA01,Daniel Vædele Egdal,2023-10-08,3.22,182
2013EGDA01,Daniel Vædele Egdal,2023-10-20,3.68,183
2013EGDA01,Daniel Vædele Egdal,2023-10-20,3.45,184
2013EGDA01,Daniel Vædele Egdal,2023-10-20,2.46,185
2013EGDA01,Daniel Vædele Egdal,2023-11-18,3.17,186
2013EGDA01,Daniel Vædele Egdal,2023-11-18,3.08,187
2013EGDA01,Daniel Vædele Egdal,2023-11-28,3.25,188
2013EGDA01,Daniel Vædele Egdal,2024-01-21,2.63,189
2013EGDA01,Daniel Vædele Egdal,2024-02-10,3.0,190
2013EGDA01,Daniel Vædele Egdal,2024-02-10,2.77,191
2013EGDA01,Daniel Vædele Egdal,2024-02-24,3.22,192
2013EGDA01,Daniel Vædele Egdal,2024-02-24,2.84,193
2013EGDA01,Daniel Vædele Egdal,2024-03-16,3.59,194
2013EGDA01,Daniel Vædele Egdal,2024-03-17,3.98,195
2013EGDA01,Daniel Vædele Egdal,2024-04-13,2.98,196
2013EGDA01,Daniel Vædele Egdal,2024-04-13,2.85,197
2013EGDA01,Daniel Vædele Egdal,2024-04-21,2.89,198
2013EGDA01,Daniel Vædele Egdal,2024-05-14,2.73,199
2013EGDA01,Daniel Vædele Egdal,2024-06-22,2.98,200
2013EGDA01,Daniel Vædele Egdal,2024-06-22,2.9,201
2013EGDA01,Daniel Vædele Egdal,2024-07-06,3.96,202
2013EGDA01,Daniel Vædele Egdal,2024-07-06,2.96,203
2013EGDA01,Daniel Vædele Egdal,2024-07-19,3.13,204
2013EGDA01,Daniel Vædele Egdal,2024-07-19,3.01,205
2013EGDA01,Daniel Vædele Egdal,2024-07-19,3.45,206
2013EGDA01,Daniel Vædele Egdal,2024-07-19,3.41,207
2013EGDA01,Daniel Vædele Egdal,2024-07-25,3.33,208
2013EGDA01,Daniel Vædele Egdal,2024-07-25,3.1,209
2013EGDA01,Daniel Vædele Egdal,2024-07-25,2.56,210
2013EGDA01,Daniel Vædele Egdal,2024-08-10,3.15,211
2013EGDA01,Daniel Vædele Egdal,2024-08-10,3.88,212
2013EGDA01,Daniel Vædele Egdal,2024-08-18,3.39,213
2013EGDA01,Daniel Vædele Egdal,2024-08-18,3.08,214
2013EGDA01,Daniel Vædele Egdal,2024-08-31,2.94,215
2013EGDA01,Daniel Vædele Egdal,2024-09-06,2.78,216
2013EGDA01,Daniel Vædele Egdal,2024-09-06,2.9,217
2013EGDA01,Daniel Vædele Egdal,2024-09-06,3.77,218
2013EGDA01,Daniel Vædele Egdal,2024-10-19,3.04,219
2013EGDA01,Daniel Vædele Egdal,2024-10-19,2.75,220
2013EGDA01,Daniel Vædele Egdal,2024-10-19,2.97,221
2013EGDA01,Daniel Vædele Egdal,2024-10-26,3.03,222
2013EGDA01,Daniel Vædele Egdal,2024-10-26,3.72,223
2013EGDA01,Daniel Vædele Egdal,2024-10-26,2.67,224
2013EGDA01,Daniel Vædele Egdal,2024-11-16,3.83,225
2013EGDA01,Daniel Vædele Egdal,2024-11-16,2.93,226
2013EGDA01,Daniel Vædele Egdal,2024-11-16,2.81,227
2013EGDA01,Daniel Vædele Egdal,2024-12-07,2.87,228
2013EGDA01,Daniel Vædele Egdal,2024-12-19,3.02,229
2013EGDA01,Daniel Vædele Egdal,2024-12-28,3.05,230
2013EGDA01,Daniel Vædele Egdal,2024-12-28,2.8,231
2013EGDA01,Daniel Vædele Egdal,2024-12-31,2.97,232
2013EGDA01,Daniel Vædele Egdal,2025-01-04,2.63,233
2013EGDA01,Daniel Vædele Egdal,2025-01-04,2.84,234
2013EGDA01,Daniel Vædele Egdal,2025-01-20,3.91,235
2013EGDA01,Daniel Vædele Egdal,2025-01-20,3.2,236
2013EGDA01,Daniel Vædele Egdal,2025-02-01,2.75,237
2013EGDA01,Daniel Vædele Egdal,2025-02-01,2.33,238
2013EGDA01,Daniel Vædele Egdal,2025-02-22,3.8,239
2013EGDA01,Daniel Vædele Egdal,2025-02-22,2.86,240
2013EGDA01,Daniel Vædele Egdal,2025-03-16,2.54,241
2013EGDA01,Daniel Vædele Egdal,2025-03-16,2.95,242
2013EGDA01,Daniel Vædele Egdal,2025-03-16,2.74,243
2013EGDA01,Daniel Vædele Egdal,2025-03-22,2.81,244
2013EGDA01,Daniel Vædele Egdal,2025-03-22,3.21,245
2013EGDA01,Daniel Vædele Egdal,2025-03-29,2.55,246
2013EGDA01,Daniel Vædele Egdal,2025-03-29,3.08,247
2013EGDA01,Daniel Vædele Egdal,2025-04-13,3.04,248
2013EGDA01,Daniel Vædele Egdal,2025-04-13,3.02,249
2013EGDA01,Daniel Vædele Egdal,2025-04-26,2.87,250
2013EGDA01,Daniel Vædele Egdal,2025-04-26,2.96,251
2013EGDA01,Daniel Vædele Egdal,2025-05-23,3.72,252
2013EGDA01,Daniel Vædele Egdal,2025-05-23,3.37,253
2013EGDA01,Daniel Vædele Egdal,2025-06-07,3.12,254
2013EGDA01,Daniel Vædele Egdal,2025-06-07,2.61,255
2013EGDA01,Daniel Vædele Egdal,2025-06-14,2.48,256
2013EGDA01,Daniel Vædele Egdal,2025-06-14,2.72,257
2013EGDA01,Daniel Vædele Egdal,2025-06-26,2.16,258
2013EGDA01,Daniel Vædele Egdal,2025-07-03,2.4,259
2013EGDA01,Daniel Vædele Egdal,2025-07-03,2.6,260
2013EGDA01,Daniel Vædele Egdal,2025-08-16,2.77,261
2013EGDA01,Daniel Vædele Egdal,2025-08-16,2.06,262
2013EGDA01,Daniel Vædele Egdal,2025-08-16,2.37,263
2013EGDA01,Daniel Vædele Egdal,2025-08-19,2.43,264
2013EGDA01,Daniel Vædele Egdal,2025-08-31,2.97,265
2013EGDA01,Daniel Vædele Egdal,2025-08-31,2.45,266
2013EGDA01,Daniel Vædele Egdal,2025-09-20,2.34,267
2013EGDA01,Daniel Vædele Egdal,2025-09-20,2.68,268
2013EGDA01,Daniel Vædele Egdal,2025-09-28,2.6,269
2013EGDA01,Daniel Vædele Egdal,2025-09-28,2.2,270
2013EGDA01,Daniel Vædele Egdal,2025-11-15,2.7,271
2013EGDA01,Daniel Vædele Egdal,2025-11-15,2.95,272
2013EGDA01,Daniel Vædele Egdal,2025-11-29,2.96,273
2013EGDA01,Daniel Vædele Egdal,2025-11-29,2.47,274
2013EGDA01,Daniel Vædele Egdal,2026-01-10,2.27,275
2013EGDA01,Daniel Vædele Egdal,2026-01-10,2.61,276
2013EGDA01,Daniel Vædele Egdal,2026-02-07,2.29,277
2013EGDA01,Daniel Vædele Egdal,2026-02-07,3.32,278
2013EGDA01,Daniel Vædele Egdal,2026-02-21,2.29,279
2013EGDA01,Daniel Vædele Egdal,2026-02-21,2.27,280
2013EGDA01,Daniel Vædele Egdal,2026-02-28,1.99,281
2013EGDA01,Daniel Vædele Egdal,2026-02-28,2.32,282
2013EGDA01,Daniel Vædele Egdal,2026-02-28,3.81,283
2013EGDA01,Daniel Vædele Egdal,2026-03-14,3.29,284
2013EGDA01,Daniel Vædele Egdal,2026-03-14,2.57,285
2013EGDA01,Daniel Vædele Egdal,2026-03-28,3.78,286
2013EGDA01,Daniel Vædele Egdal,2026-03-28,3.01,287
2013EGDA01,Daniel Vædele Egdal,2026-04-25,2.86,288
2013EGDA01,Daniel Vædele Egdal,2026-04-25,2.43,289
2013EGDA01,Daniel Vædele Egdal,2026-05-01,3.14,290
2013EGDA01,Daniel Vædele Egdal,2026-05-01,2.79,291
2013EGDA01,Daniel Vædele Egdal,2026-05-01,3.25,292
2013EGDA02,Martin Vædele Egdal,2015-12-05,10.09,1
2013EGDA02,Martin Vædele Egdal,2015-12-05,8.77,2
2013EGDA02,Martin Vædele Egdal,2016-01-30,6.83,3
2013EGDA02,Martin Vædele Egdal,2016-04-16,6.42,4
2013EGDA02,Martin Vædele Egdal,2016-06-10,6.69,5
2013EGDA02,Martin Vædele Egdal,2016-06-10,5.8,6
2013EGDA02,Martin Vædele Egdal,2016-07-15,5.78,7
2013EGDA02,Martin Vædele Egdal,2016-07-15,5.46,8
2013EGDA02,Martin Vædele Egdal,2016-10-08,4.67,9
2013EGDA02,Martin Vædele Egdal,2016-10-08,4.23,10
2013EGDA02,Martin Vædele Egdal,2017-01-14,3.65,11
2013EGDA02,Martin Vædele Egdal,2017-03-04,4.42,12
2013EGDA02,Martin Vædele Egdal,2017-03-04,5.02,13
2013EGDA02,Martin Vædele Egdal,2017-04-29,4.15,14
2013EGDA02,Martin Vædele Egdal,2017-04-29,6.6,15
2013EGDA02,Martin Vædele Egdal,2017-04-29,3.45,16
2013EGDA02,Martin Vædele Egdal,2017-05-19,5.31,17
2013EGDA02,Martin Vædele Egdal,2017-05-19,5.2,18
2013EGDA02,Martin Vædele Egdal,2017-06-17,4.21,19
2013EGDA02,Martin Vædele Egdal,2017-06-17,3.95,20
2013EGDA02,Martin Vædele Egdal,2017-07-13,3.98,21
2013EGDA02,Martin Vædele Egdal,2017-07-13,4.07,22
2013EGDA02,Martin Vædele Egdal,2017-07-13,4.14,23
2013EGDA02,Martin Vædele Egdal,2017-09-10,4.15,24
2013EGDA02,Martin Vædele Egdal,2017-09-30,4.55,25
2013EGDA02,Martin Vædele Egdal,2017-09-30,4.33,26
2013EGDA02,Martin Vædele Egdal,2017-09-30,3.95,27
2013EGDA02,Martin Vædele Egdal,2017-10-07,3.38,28
2013EGDA02,Martin Vædele Egdal,2017-10-07,4.0,29
2013EGDA02,Martin Vædele Egdal,2017-10-21,3.26,30
2013EGDA02,Martin Vædele Egdal,2017-12-02,4.66,31
2013EGDA02,Martin Vædele Egdal,2017-12-02,4.63,32
2013EGDA02,Martin Vædele Egdal,2018-01-27,3.42,33
2013EGDA02,Martin Vædele Egdal,2018-02-17,4.1,34
2013EGDA02,Martin Vædele Egdal,2018-03-17,4.51,35
2013EGDA02,Martin Vædele Egdal,2018-03-17,3.47,36
2013EGDA02,Martin Vædele Egdal,2018-03-31,4.13,37
2013EGDA02,Martin Vædele Egdal,2018-03-31,3.78,38
2013EGDA02,Martin Vædele Egdal,2018-03-31,3.61,39
2013EGDA02,Martin Vædele Egdal,2018-05-11,2.73,40
2013EGDA02,Martin Vædele Egdal,2018-05-11,4.51,41
2013EGDA02,Martin Vædele Egdal,2018-05-11,2.99,42
2013EGDA02,Martin Vædele Egdal,2018-07-14,4.77,43
2013EGDA02,Martin Vædele Egdal,2018-07-14,3.2,44
2013EGDA02,Martin Vædele Egdal,2018-07-19,3.45,45
2013EGDA02,Martin Vædele Egdal,2018-07-19,3.45,46
2013EGDA02,Martin Vædele Egdal,2018-07-19,3.84,47
2013EGDA02,Martin Vædele Egdal,2018-08-10,5.01,48
2013EGDA02,Martin Vædele Egdal,2018-08-10,3.55,49
2013EGDA02,Martin Vædele Egdal,2018-08-10,3.67,50
2013EGDA02,Martin Vædele Egdal,2018-09-15,2.94,51
2013EGDA02,Martin Vædele Egdal,2018-09-15,5.01,52
2013EGDA02,Martin Vædele Egdal,2018-10-12,3.41,53
2013EGDA02,Martin Vædele Egdal,2018-10-12,2.68,54
2013EGDA02,Martin Vædele Egdal,2018-10-20,2.69,55
2013EGDA02,Martin Vædele Egdal,2018-10-20,4.61,56
2013EGDA02,Martin Vædele Egdal,2018-10-20,4.3,57
2013EGDA02,Martin Vædele Egdal,2018-11-02,3.64,58
2013EGDA02,Martin Vædele Egdal,2018-11-02,4.69,59
2013EGDA02,Martin Vædele Egdal,2018-11-02,3.08,60
2013EGDA02,Martin Vædele Egdal,2018-11-10,5.03,61
2013EGDA02,Martin Vædele Egdal,2018-11-10,4.57,62
2013EGDA02,Martin Vædele Egdal,2018-12-01,4.19,63
2013EGDA02,Martin Vædele Egdal,2018-12-01,3.36,64
2013EGDA02,Martin Vædele Egdal,2019-02-09,3.9,65
2013EGDA02,Martin Vædele Egdal,2019-02-09,3.88,66
2013EGDA02,Martin Vædele Egdal,2019-03-08,2.69,67
2013EGDA02,Martin Vædele Egdal,2019-03-08,4.61,68
2013EGDA02,Martin Vædele Egdal,2019-04-13,4.23,69
2013EGDA02,Martin Vædele Egdal,2019-04-13,3.58,70
2013EGDA02,Martin Vædele Egdal,2019-04-27,3.43,71
2013EGDA02,Martin Vædele Egdal,2019-04-27,4.22,72
2013EGDA02,Martin Vædele Egdal,2019-05-30,3.1,73
2013EGDA02,Martin Vædele Egdal,2019-05-30,4.41,74
2013EGDA02,Martin Vædele Egdal,2019-05-30,3.35,75
2013EGDA02,Martin Vædele Egdal,2019-05-30,3.22,76
2013EGDA02,Martin Vædele Egdal,2019-07-11,3.66,77
2013EGDA02,Martin Vædele Egdal,2019-07-11,3.41,78
2013EGDA02,Martin Vædele Egdal,2019-07-11,4.34,79
2013EGDA02,Martin Vædele Egdal,2019-07-27,3.96,80
2013EGDA02,Martin Vædele Egdal,2019-07-27,4.07,81
2013EGDA02,Martin Vædele Egdal,2019-08-03,3.21,82
2013EGDA02,Martin Vædele Egdal,2019-08-03,3.69,83
2013EGDA02,Martin Vædele Egdal,2019-08-03,3.94,84
2013EGDA02,Martin Vædele Egdal,2019-08-10,3.24,85
2013EGDA02,Martin Vædele Egdal,2019-08-10,3.41,86
2013EGDA02,Martin Vædele Egdal,2019-08-10,4.24,87
2013EGDA02,Martin Vædele Egdal,2019-08-17,3.1,88
2013EGDA02,Martin Vædele Egdal,2019-08-17,4.86,89
2013EGDA02,Martin Vædele Egdal,2019-08-24,4.16,90
2013EGDA02,Martin Vædele Egdal,2019-08-24,3.35,91
2013EGDA02,Martin Vædele Egdal,2019-09-13,4.33,92
2013EGDA02,Martin Vædele Egdal,2019-09-13,3.53,93
2013EGDA02,Martin Vædele Egdal,2019-10-05,4.14,94
2013EGDA02,Martin Vædele Egdal,2019-10-05,4.05,95
2013EGDA02,Martin Vædele Egdal,2019-10-17,3.43,96
2013EGDA02,Martin Vædele Egdal,2019-10-17,3.21,97
2013EGDA02,Martin Vædele Egdal,2019-10-17,4.65,98
2013EGDA02,Martin Vædele Egdal,2019-11-22,3.57,99
2013EGDA02,Martin Vædele Egdal,2019-11-22,3.01,100
2013EGDA02,Martin Vædele Egdal,2019-12-14,2.78,101
2013EGDA02,Martin Vædele Egdal,2019-12-14,3.61,102
2013EGDA02,Martin Vædele Egdal,2020-01-18,3.01,103
2013EGDA02,Martin Vædele Egdal,2020-01-18,3.7,104
2013EGDA02,Martin Vædele Egdal,2020-01-18,3.68,105
2013EGDA02,Martin Vædele Egdal,2020-02-09,3.12,106
2013EGDA02,Martin Vædele Egdal,2020-02-15,3.24,107
2013EGDA02,Martin Vædele Egdal,2020-02-15,3.91,108
2013EGDA02,Martin Vædele Egdal,2020-02-29,3.57,109
2013EGDA02,Martin Vædele Egdal,2020-02-29,3.93,110
2013EGDA02,Martin Vædele Egdal,2020-07-11,3.55,111
2013EGDA02,Martin Vædele Egdal,2020-07-11,3.63,112
2013EGDA02,Martin Vædele Egdal,2020-08-01,3.43,113
2013EGDA02,Martin Vædele Egdal,2020-08-01,3.66,114
2013EGDA02,Martin Vædele Egdal,2020-09-04,3.72,115
2013EGDA02,Martin Vædele Egdal,2021-10-08,4.25,116
2013EGDA02,Martin Vædele Egdal,2021-10-08,3.3,117
2013EGDA02,Martin Vædele Egdal,2021-11-13,3.38,118
2013EGDA02,Martin Vædele Egdal,2021-12-03,4.46,119
2013EGDA02,Martin Vædele Egdal,2021-12-03,4.29,120
2013EGDA02,Martin Vædele Egdal,2022-01-15,3.35,121
2013EGDA02,Martin Vædele Egdal,2022-01-15,3.48,122
2013EGDA02,Martin Vædele Egdal,2022-03-19,3.2,123
2013EGDA02,Martin Vædele Egdal,2022-03-19,4.01,124
2013EGDA02,Martin Vædele Egdal,2022-04-16,3.33,125
2013EGDA02,Martin Vædele Egdal,2022-04-16,2.98,126
2013EGDA02,Martin Vædele Egdal,2022-05-28,3.95,127
2013EGDA02,Martin Vædele Egdal,2022-07-14,2.99,128
2013EGDA02,Martin Vædele Egdal,2022-07-14,3.4,129
2013EGDA02,Martin Vædele Egdal,2022-07-14,3.19,130
2013EGDA02,Martin Vædele Egdal,2022-07-22,3.53,131
2013EGDA02,Martin Vædele Egdal,2022-07-22,3.23,132
2013EGDA02,Martin Vædele Egdal,2022-07-22,4.28,133
2013EGDA02,Martin Vædele Egdal,2022-08-05,3.8,134
2013EGDA02,Martin Vædele Egdal,2022-08-05,3.94,135
2013EGDA02,Martin Vædele Egdal,2022-08-10,4.26,136
2013EGDA02,Martin Vædele Egdal,2022-09-02,3.07,137
2013EGDA02,Martin Vædele Egdal,2022-09-02,3.46,138
2013EGDA02,Martin Vædele Egdal,2022-09-24,3.47,139
2013EGDA02,Martin Vædele Egdal,2022-10-22,4.23,140
2013EGDA02,Martin Vædele Egdal,2022-11-05,3.89,141
2013EGDA02,Martin Vædele Egdal,2022-11-05,4.19,142
2013EGDA02,Martin Vædele Egdal,2022-12-03,3.85,143
2013EGDA02,Martin Vædele Egdal,2022-12-11,3.65,144
2013EGDA02,Martin Vædele Egdal,2022-12-11,4.07,145
2013EGDA02,Martin Vædele Egdal,2023-01-21,3.88,146
2013EGDA02,Martin Vædele Egdal,2023-01-21,3.52,147
2013EGDA02,Martin Vædele Egdal,2023-01-28,4.18,148
2013EGDA02,Martin Vædele Egdal,2023-01-28,3.41,149
2013EGDA02,Martin Vædele Egdal,2023-01-28,3.5,150
2013EGDA02,Martin Vædele Egdal,2023-01-31,3.88,151
2013EGDA02,Martin Vædele Egdal,2023-02-04,3.73,152
2013EGDA02,Martin Vædele Egdal,2023-02-04,5.46,153
2013EGDA02,Martin Vædele Egdal,2023-02-16,3.43,154
2013EGDA02,Martin Vædele Egdal,2023-02-25,4.06,155
2013EGDA02,Martin Vædele Egdal,2023-02-25,3.55,156
2013EGDA02,Martin Vædele Egdal,2023-02-25,3.14,157
2013EGDA02,Martin Vædele Egdal,2023-03-04,3.7,158
2013EGDA02,Martin Vædele Egdal,2023-03-04,3.92,159
2013EGDA02,Martin Vædele Egdal,2023-03-04,5.1,160
2013EGDA02,Martin Vædele Egdal,2023-03-25,4.05,161
2013EGDA02,Martin Vædele Egdal,2023-03-25,4.78,162
2013EGDA02,Martin Vædele Egdal,2023-05-06,3.51,163
2013EGDA02,Martin Vædele Egdal,2023-05-06,3.41,164
2013EGDA02,Martin Vædele Egdal,2023-06-24,4.04,165
2013EGDA02,Martin Vædele Egdal,2023-06-24,3.35,166
2013EGDA02,Martin Vædele Egdal,2023-07-08,3.11,167
2013EGDA02,Martin Vædele Egdal,2023-07-08,3.7,168
2013EGDA02,Martin Vædele Egdal,2023-07-08,4.19,169
2013EGDA02,Martin Vædele Egdal,2023-07-22,3.62,170
2013EGDA02,Martin Vædele Egdal,2023-08-12,3.2,171
2013EGDA02,Martin Vædele Egdal,2023-08-12,3.36,172
2013EGDA02,Martin Vædele Egdal,2023-08-22,3.46,173
2013EGDA02,Martin Vædele Egdal,2023-08-26,3.65,174
2013EGDA02,Martin Vædele Egdal,2023-08-26,3.83,175
2013EGDA02,Martin Vædele Egdal,2023-08-26,3.51,176
2013EGDA02,Martin Vædele Egdal,2023-09-08,3.9,177
2013EGDA02,Martin Vædele Egdal,2023-09-08,3.14,178
2013EGDA02,Martin Vædele Egdal,2023-10-08,3.49,179
2013EGDA02,Martin Vædele Egdal,2023-10-08,3.7,180
2013EGDA02,Martin Vædele Egdal,2023-10-20,4.18,181
2013EGDA02,Martin Vædele Egdal,2023-10-20,3.15,182
2013EGDA02,Martin Vædele Egdal,2023-10-20,2.12,183
2013EGDA02,Martin Vædele Egdal,2023-11-18,2.77,184
2013EGDA02,Martin Vædele Egdal,2023-11-18,2.63,185
2013EGDA02,Martin Vædele Egdal,2023-11-28,3.7,186
2013EGDA02,Martin Vædele Egdal,2024-01-21,3.26,187
2013EGDA02,Martin Vædele Egdal,2024-02-10,3.58,188
2013EGDA02,Martin Vædele Egdal,2024-02-10,3.43,189
2013EGDA02,Martin Vædele Egdal,2024-02-24,2.73,190
2013EGDA02,Martin Vædele Egdal,2024-02-24,4.03,191
2013EGDA02,Martin Vædele Egdal,2024-03-16,3.33,192
2013EGDA02,Martin Vædele Egdal,2024-03-17,3.4,193
2013EGDA02,Martin Vædele Egdal,2024-04-13,3.78,194
2013EGDA02,Martin Vædele Egdal,2024-04-13,3.6,195
2013EGDA02,Martin Vædele Egdal,2024-04-21,3.13,196
2013EGDA02,Martin Vædele Egdal,2024-05-14,3.7,197
2013EGDA02,Martin Vædele Egdal,2024-06-22,3.28,198
2013EGDA02,Martin Vædele Egdal,2024-06-22,3.78,199
2013EGDA02,Martin Vædele Egdal,2024-07-06,3.78,200
2013EGDA02,Martin Vædele Egdal,2024-07-06,2.73,201
2013EGDA02,Martin Vædele Egdal,2024-07-19,3.59,202
2013EGDA02,Martin Vædele Egdal,2024-07-19,3.92,203
2013EGDA02,Martin Vædele Egdal,2024-07-19,3.31,204
2013EGDA02,Martin Vædele Egdal,2024-07-19,3.78,205
2013EGDA02,Martin Vædele Egdal,2024-07-25,3.56,206
2013EGDA02,Martin Vædele Egdal,2024-07-25,2.86,207
2013EGDA02,Martin Vædele Egdal,2024-07-25,3.2,208
2013EGDA02,Martin Vædele Egdal,2024-08-10,3.3,209
2013EGDA02,Martin Vædele Egdal,2024-08-10,3.01,210
2013EGDA02,Martin Vædele Egdal,2024-08-18,3.73,211
2013EGDA02,Martin Vædele Egdal,2024-08-18,4.11,212
2013EGDA02,Martin Vædele Egdal,2024-08-31,3.26,213
2013EGDA02,Martin Vædele Egdal,2024-09-06,3.2,214
2013EGDA02,Martin Vædele Egdal,2024-09-06,3.8,215
2013EGDA02,Martin Vædele Egdal,2024-09-06,4.52,216
2013EGDA02,Martin Vædele Egdal,2024-10-19,3.26,217
2013EGDA02,Martin Vædele Egdal,2024-10-19,2.82,218
2013EGDA02,Martin Vædele Egdal,2024-10-19,3.2,219
2013EGDA02,Martin Vædele Egdal,2024-10-26,3.5,220
2013EGDA02,Martin Vædele Egdal,2024-10-26,3.45,221
2013EGDA02,Martin Vædele Egdal,2024-10-26,2.88,222
2013EGDA02,Martin Vædele Egdal,2024-11-16,3.34,223
2013EGDA02,Martin Vædele Egdal,2024-11-16,3.59,224
2013EGDA02,Martin Vædele Egdal,2024-11-16,2.88,225
2013EGDA02,Martin Vædele Egdal,2024-12-07,3.79,226
2013EGDA02,Martin Vædele Egdal,2024-12-07,3.38,227
2013EGDA02,Martin Vædele Egdal,2024-12-19,4.05,228
2013EGDA02,Martin Vædele Egdal,2024-12-28,4.4,229
2013EGDA02,Martin Vædele Egdal,2024-12-28,3.63,230
2013EGDA02,Martin Vædele Egdal,2024-12-31,3.47,231
2013EGDA02,Martin Vædele Egdal,2025-01-04,2.85,232
2013EGDA02,Martin Vædele Egdal,2025-01-04,3.8,233
2013EGDA02,Martin Vædele Egdal,2025-01-20,4.04,234
2013EGDA02,Martin Vædele Egdal,2025-01-20,4.02,235
2013EGDA02,Martin Vædele Egdal,2025-02-01,3.06,236
2013EGDA02,Martin Vædele Egdal,2025-02-01,3.72,237
2013EGDA02,Martin Vædele Egdal,2025-02-22,3.44,238
2013EGDA02,Martin Vædele Egdal,2025-02-22,3.09,239
2013EGDA02,Martin Vædele Egdal,2025-03-16,2.87,240
2013EGDA02,Martin Vædele Egdal,2025-03-16,3.47,241
2013EGDA02,Martin Vædele Egdal,2025-03-16,3.41,242
2013EGDA02,Martin Vædele Egdal,2025-03-22,3.65,243
2013EGDA02,Martin Vædele Egdal,2025-03-22,3.89,244
2013EGDA02,Martin Vædele Egdal,2025-03-29,2.85,245
2013EGDA02,Martin Vædele Egdal,2025-03-29,2.71,246
2013EGDA02,Martin Vædele Egdal,2025-04-13,3.18,247
2013EGDA02,Martin Vædele Egdal,2025-04-13,3.68,248
2013EGDA02,Martin Vædele Egdal,2025-04-26,2.8,249
2013EGDA02,Martin Vædele Egdal,2025-04-26,3.37,250
2013EGDA02,Martin Vædele Egdal,2025-05-23,3.68,251
2013EGDA02,Martin Vædele Egdal,2025-05-23,4.11,252
2013EGDA02,Martin Vædele Egdal,2025-06-07,3.04,253
2013EGDA02,Martin Vædele Egdal,2025-06-07,3.0,254
2013EGDA02,Martin Vædele Egdal,2025-06-14,2.7,255
2013EGDA02,Martin Vædele Egdal,2025-06-14,3.22,256
2013EGDA02,Martin Vædele Egdal,2025-06-26,3.42,257
2013EGDA02,Martin Vædele Egdal,2025-07-03,3.14,258
2013EGDA02,Martin Vædele Egdal,2025-07-03,3.56,259
2013EGDA02,Martin Vædele Egdal,2025-08-16,3.32,260
2013EGDA02,Martin Vædele Egdal,2025-08-16,3.32,261
2013EGDA02,Martin Vædele Egdal,2025-08-16,3.32,262
2013EGDA02,Martin Vædele Egdal,2025-08-19,3.87,263
2013EGDA02,Martin Vædele Egdal,2025-08-31,4.21,264
2013EGDA02,Martin Vædele Egdal,2025-08-31,3.49,265
2013EGDA02,Martin Vædele Egdal,2025-09-20,3.57,266
2013EGDA02,Martin Vædele Egdal,2025-09-20,3.16,267
2013EGDA02,Martin Vædele Egdal,2025-09-28,3.44,268
2013EGDA02,Martin Vædele Egdal,2025-09-28,3.98,269
2013EGDA02,Martin Vædele Egdal,2025-11-15,3.0,270
2013EGDA02,Martin Vædele Egdal,2025-11-15,3.64,271
2013EGDA02,Martin Vædele Egdal,2025-11-29,3.42,272
2013EGDA02,Martin Vædele Egdal,2025-11-29,3.9,273
2013EGDA02,Martin Vædele Egdal,2026-01-10,3.73,274
2013EGDA02,Martin Vædele Egdal,2026-01-10,3.53,275
2013EGDA02,Martin Vædele Egdal,2026-02-07,3.26,276
2013EGDA02,Martin Vædele Egdal,2026-02-07,3.76,277
2013EGDA02,Martin Vædele Egdal,2026-02-21,3.91,278
2013EGDA02,Martin Vædele Egdal,2026-02-21,3.04,279
2013EGDA02,Martin Vædele Egdal,2026-02-28,3.93,280
2013EGDA02,Martin Vædele Egdal,2026-02-28,3.19,281
2013EGDA02,Martin Vædele Egdal,2026-02-28,3.17,282
2013EGDA02,Martin Vædele Egdal,2026-03-14,3.5,283
2013EGDA02,Martin Vædele Egdal,2026-03-14,3.73,284
2013EGDA02,Martin Vædele Egdal,2026-03-28,4.24,285
2013EGDA02,Martin Vædele Egdal,2026-03-28,3.53,286
2013EGDA02,Martin Vædele Egdal,2026-04-25,3.49,287
2013EGDA02,Martin Vædele Egdal,2026-04-25,4.25,288
2013EGDA02,Martin Vædele Egdal,2026-05-01,3.52,289
2013EGDA02,Martin Vædele Egdal,2026-05-01,3.08,290
2013EGDA02,Martin Vædele Egdal,2026-05-01,4.99,291
2013JOHN10,Brian Johnson,2014-07-19,5.6,1
2013JOHN10,Brian Johnson,2014-09-06,7.2,2
2013JOHN10,Brian Johnson,2014-09-06,7.27,3
2013JOHN10,Brian Johnson,2014-09-27,5.62,4
2013JOHN10,Brian Johnson,2014-09-27,6.83,5
2013JOHN10,Brian Johnson,2015-04-18,6.99,6
2013JOHN10,Brian Johnson,2015-04-18,7.62,7
2013JOHN10,Brian Johnson,2015-06-12,6.69,8
2013JOHN10,Brian Johnson,2015-09-05,4.6,9
2013JOHN10,Brian Johnson,2016-08-13,4.86,10
2013JOHN10,Brian Johnson,2016-08-13,5.15,11
2013JOHN10,Brian Johnson,2017-02-18,3.87,12
2013JOHN10,Brian Johnson,2017-02-18,5.9,13
2013JOHN10,Brian Johnson,2017-06-10,3.98,14
2013JOHN10,Brian Johnson,2017-07-07,5.53,15
2013JOHN10,Brian Johnson,2017-07-07,6.42,16
2013JOHN10,Brian Johnson,2017-08-05,3.6,17
2013JOHN10,Brian Johnson,2017-08-05,3.2,18
2013JOHN10,Brian Johnson,2017-10-28,3.82,19
2013JOHN10,Brian Johnson,2018-03-09,4.64,20
2013JOHN10,Brian Johnson,2018-03-09,3.71,21
2013JOHN10,Brian Johnson,2018-03-09,4.52,22
2013JOHN10,Brian Johnson,2018-05-18,3.07,23
2013JOHN10,Brian Johnson,2018-05-18,3.85,24
2013JOHN10,Brian Johnson,2018-07-27,3.34,25
2013JOHN10,Brian Johnson,2018-07-27,3.75,26
2013JOHN10,Brian Johnson,2018-07-27,2.96,27
2013JOHN10,Brian Johnson,2018-07-27,3.16,28
2013JOHN10,Brian Johnson,2018-12-08,3.65,29
2013JOHN10,Brian Johnson,2018-12-08,4.36,30
2013JOHN10,Brian Johnson,2019-03-09,3.51,31
2013JOHN10,Brian Johnson,2019-03-09,3.89,32
2013JOHN10,Brian Johnson,2019-03-09,3.65,33
2013JOHN10,Brian Johnson,2019-05-24,3.78,34
2013JOHN10,Brian Johnson,2019-05-24,3.29,35
2013JOHN10,Brian Johnson,2019-06-16,3.59,36
2013JOHN10,Brian Johnson,2019-08-01,3.53,37
2013JOHN10,Brian Johnson,2019-08-01,3.81,38
2013JOHN10,Brian Johnson,2019-08-01,4.78,39
2013JOHN10,Brian Johnson,2020-02-16,3.81,40
2013JOHN10,Brian Johnson,2021-12-04,3.55,41
2013JOHN10,Brian Johnson,2021-12-04,3.07,42
2013JOHN10,Brian Johnson,2021-12-04,3.53,43
2013JOHN10,Brian Johnson,2021-12-31,4.51,44
2013JOHN10,Brian Johnson,2022-01-08,2.76,45
2013JOHN10,Brian Johnson,2022-01-08,3.58,46
2013JOHN10,Brian Johnson,2022-01-09,3.51,47
2013JOHN10,Brian Johnson,2022-01-09,2.69,48
2013JOHN10,Brian Johnson,2022-02-05,3.33,49
2013JOHN10,Brian Johnson,2022-02-05,3.05,50
2013JOHN10,Brian Johnson,2022-03-05,3.09,51
2013JOHN10,Brian Johnson,2022-04-01,3.1,52
2013JOHN10,Brian Johnson,2022-04-01,3.58,53
2013JOHN10,Brian Johnson,2022-04-09,3.64,54
2013JOHN10,Brian Johnson,2022-04-09,4.13,55
2013JOHN10,Brian Johnson,2022-05-28,2.73,56
2013JOHN10,Brian Johnson,2022-07-07,3.54,57
2013JOHN10,Brian Johnson,2022-07-07,3.03,58
2013JOHN10,Brian Johnson,2022-07-07,3.44,59
2013JOHN10,Brian Johnson,2022-07-24,3.79,60
2013JOHN10,Brian Johnson,2022-07-24,3.38,61
2013JOHN10,Brian Johnson,2022-07-29,3.18,62
2013JOHN10,Brian Johnson,2022-07-29,4.27,63
2013JOHN10,Brian Johnson,2022-07-29,3.26,64
2013JOHN10,Brian Johnson,2022-08-19,3.26,65
2013JOHN10,Brian Johnson,2022-08-19,3.03,66
2013JOHN10,Brian Johnson,2022-09-10,2.96,67
2013JOHN10,Brian Johnson,2022-09-10,2.62,68
2013JOHN10,Brian Johnson,2022-09-24,5.25,69
2013JOHN10,Brian Johnson,2022-09-24,4.26,70
2013JOHN10,Brian Johnson,2022-10-22,3.67,71
2013JOHN10,Brian Johnson,2022-10-22,4.12,72
2013JOHN10,Brian Johnson,2022-10-22,3.59,73
2013JOHN10,Brian Johnson,2022-11-19,3.37,74
2013JOHN10,Brian Johnson,2022-11-19,3.21,75
2013JOHN10,Brian Johnson,2022-12-31,2.8,76
2013JOHN10,Brian Johnson,2022-12-31,3.09,77
2013JOHN10,Brian Johnson,2023-01-14,3.15,78
2013JOHN10,Brian Johnson,2023-01-14,4.31,79
2013JOHN10,Brian Johnson,2023-02-05,2.97,80
2013JOHN10,Brian Johnson,2023-02-05,3.23,81
2013JOHN10,Brian Johnson,2023-02-11,4.51,82
2013JOHN10,Brian Johnson,2023-02-11,2.96,83
2013JOHN10,Brian Johnson,2023-02-19,2.57,84
2013JOHN10,Brian Johnson,2023-03-25,2.99,85
2013JOHN10,Brian Johnson,2023-04-08,3.11,86
2013JOHN10,Brian Johnson,2023-04-08,3.66,87
2013JOHN10,Brian Johnson,2023-04-08,3.59,88
2013JOHN10,Brian Johnson,2023-04-15,2.69,89
2013JOHN10,Brian Johnson,2023-04-15,3.34,90
2013JOHN10,Brian Johnson,2023-04-22,2.97,91
2013JOHN10,Brian Johnson,2023-04-22,2.96,92
2013JOHN10,Brian Johnson,2023-04-22,2.45,93
2013JOHN10,Brian Johnson,2023-05-06,3.02,94
2013JOHN10,Brian Johnson,2023-05-06,3.22,95
2013JOHN10,Brian Johnson,2023-05-06,3.21,96
2013JOHN10,Brian Johnson,2023-05-27,2.82,97
2013JOHN10,Brian Johnson,2023-05-27,2.99,98
2013JOHN10,Brian Johnson,2023-05-27,2.84,99
2013JOHN10,Brian Johnson,2023-06-02,3.26,100
2013JOHN10,Brian Johnson,2023-06-02,3.55,101
2013JOHN10,Brian Johnson,2023-06-02,2.55,102
2013JOHN10,Brian Johnson,2023-07-08,3.34,103
2013JOHN10,Brian Johnson,2023-07-08,2.74,104
2013JOHN10,Brian Johnson,2023-07-23,3.05,105
2013JOHN10,Brian Johnson,2023-07-23,2.58,106
2013JOHN10,Brian Johnson,2023-07-27,2.8,107
2013JOHN10,Brian Johnson,2023-07-27,4.49,108
2013JOHN10,Brian Johnson,2023-08-12,2.66,109
2013JOHN10,Brian Johnson,2023-08-12,2.79,110
2013JOHN10,Brian Johnson,2023-08-12,4.4,111
2013JOHN10,Brian Johnson,2023-09-30,3.18,112
2013JOHN10,Brian Johnson,2023-09-30,3.51,113
2013JOHN10,Brian Johnson,2023-10-07,4.33,114
2013JOHN10,Brian Johnson,2023-10-07,3.19,115
2013JOHN10,Brian Johnson,2023-10-20,3.56,116
2013JOHN10,Brian Johnson,2023-10-20,3.13,117
2013JOHN10,Brian Johnson,2023-10-20,2.65,118
2013JOHN10,Brian Johnson,2023-11-03,2.63,119
2013JOHN10,Brian Johnson,2023-11-03,4.38,120
2013JOHN10,Brian Johnson,2023-11-03,2.43,121
2013JOHN10,Brian Johnson,2023-12-02,3.78,122
2013JOHN10,Brian Johnson,2023-12-09,3.02,123
2013JOHN10,Brian Johnson,2023-12-09,3.78,124
2013JOHN10,Brian Johnson,2023-12-09,5.17,125
2013JOHN10,Brian Johnson,2023-12-30,3.34,126
2013JOHN10,Brian Johnson,2023-12-30,2.66,127
2013JOHN10,Brian Johnson,2024-01-06,3.01,128
2013JOHN10,Brian Johnson,2024-01-06,2.77,129
2013JOHN10,Brian Johnson,2024-01-06,3.32,130
2013JOHN10,Brian Johnson,2024-01-20,2.62,131
2013JOHN10,Brian Johnson,2024-01-20,3.39,132
2013JOHN10,Brian Johnson,2024-01-20,2.74,133
2013JOHN10,Brian Johnson,2024-02-03,2.31,134
2013JOHN10,Brian Johnson,2024-02-03,3.49,135
2013JOHN10,Brian Johnson,2024-03-03,4.11,136
2013JOHN10,Brian Johnson,2024-03-03,3.25,137
2013JOHN10,Brian Johnson,2024-03-09,3.34,138
2013JOHN10,Brian Johnson,2024-03-09,3.4,139
2013JOHN10,Brian Johnson,2024-03-09,3.87,140
2013JOHN10,Brian Johnson,2024-03-16,3.65,141
2013JOHN10,Brian Johnson,2024-03-16,2.92,142
2013JOHN10,Brian Johnson,2024-03-23,3.35,143
2013JOHN10,Brian Johnson,2024-03-23,2.63,144
2013JOHN10,Brian Johnson,2024-04-06,3.79,145
2013JOHN10,Brian Johnson,2024-04-06,4.75,146
2013JOHN10,Brian Johnson,2024-04-20,4.58,147
2013JOHN10,Brian Johnson,2024-04-20,3.12,148
2013JOHN10,Brian Johnson,2024-06-01,4.14,149
2013JOHN10,Brian Johnson,2024-06-01,3.55,150
2013JOHN10,Brian Johnson,2024-06-07,3.25,151
2013JOHN10,Brian Johnson,2024-06-07,3.18,152
2013JOHN10,Brian Johnson,2024-06-07,3.7,153
2013JOHN10,Brian Johnson,2024-06-15,2.91,154
2013JOHN10,Brian Johnson,2024-06-15,3.05,155
2013JOHN10,Brian Johnson,2024-06-22,3.37,156
2013JOHN10,Brian Johnson,2024-06-22,2.4,157
2013JOHN10,Brian Johnson,2024-06-28,4.62,158
2013JOHN10,Brian Johnson,2024-06-28,2.65,159
2013JOHN10,Brian Johnson,2024-07-13,4.32,160
2013JOHN10,Brian Johnson,2024-07-13,2.76,161
2013JOHN10,Brian Johnson,2024-07-18,3.66,162
2013JOHN10,Brian Johnson,2024-07-18,3.2,163
2013JOHN10,Brian Johnson,2024-08-03,3.55,164
2013JOHN10,Brian Johnson,2024-08-03,2.79,165
2013JOHN10,Brian Johnson,2024-08-31,3.14,166
2013JOHN10,Brian Johnson,2024-08-31,3.0,167
2013JOHN10,Brian Johnson,2024-09-28,2.84,168
2013JOHN10,Brian Johnson,2024-09-28,3.3,169
2013JOHN10,Brian Johnson,2024-10-04,3.74,170
2013JOHN10,Brian Johnson,2024-10-04,3.61,171
2013JOHN10,Brian Johnson,2024-10-19,3.04,172
2013JOHN10,Brian Johnson,2024-10-19,3.01,173
2013JOHN10,Brian Johnson,2024-10-19,3.46,174
2013JOHN10,Brian Johnson,2024-10-26,3.23,175
2013JOHN10,Brian Johnson,2024-10-26,3.35,176
2013JOHN10,Brian Johnson,2024-11-16,4.45,177
2013JOHN10,Brian Johnson,2024-11-16,3.16,178
2013JOHN10,Brian Johnson,2024-11-22,3.25,179
2013JOHN10,Brian Johnson,2024-11-22,3.39,180
2013JOHN10,Brian Johnson,2024-11-22,3.73,181
2013JOHN10,Brian Johnson,2024-11-30,3.39,182
2013JOHN10,Brian Johnson,2024-11-30,2.76,183
2013JOHN10,Brian Johnson,2024-12-31,5.09,184
2013JOHN10,Brian Johnson,2025-01-04,4.33,185
2013JOHN10,Brian Johnson,2025-01-04,3.63,186
2013JOHN10,Brian Johnson,2025-01-09,3.11,187
2013JOHN10,Brian Johnson,2025-01-11,3.43,188
2013JOHN10,Brian Johnson,2025-01-11,3.39,189
2013JOHN10,Brian Johnson,2025-02-15,2.72,190
2013JOHN10,Brian Johnson,2025-02-15,3.25,191
2013JOHN10,Brian Johnson,2025-02-15,3.44,192
2013JOHN10,Brian Johnson,2025-02-15,3.02,193
2013JOHN10,Brian Johnson,2025-03-08,3.01,194
2013JOHN10,Brian Johnson,2025-03-08,3.08,195
2013JOHN10,Brian Johnson,2025-03-29,3.05,196
2013JOHN10,Brian Johnson,2025-06-28,4.0,197
2013JOHN10,Brian Johnson,2025-06-28,3.05,198
2013JOHN10,Brian Johnson,2025-07-03,3.58,199
2013JOHN10,Brian Johnson,2025-07-03,3.4,200
2013JOHN10,Brian Johnson,2025-08-01,3.53,201
2013JOHN10,Brian Johnson,2025-08-01,2.87,202
2013JOHN10,Brian Johnson,2025-08-01,3.17,203
2013JOHN10,Brian Johnson,2025-08-15,3.4,204
2013JOHN10,Brian Johnson,2025-08-15,2.81,205
2013JOHN10,Brian Johnson,2025-08-22,3.4,206
2013JOHN10,Brian Johnson,2025-08-22,2.95,207
2013JOHN10,Brian Johnson,2025-08-22,3.36,208
2013JOHN10,Brian Johnson,2025-09-05,3.71,209
2013JOHN10,Brian Johnson,2025-09-05,3.68,210
2013JOHN10,Brian Johnson,2025-10-04,3.52,211
2013JOHN10,Brian Johnson,2025-10-04,3.0,212
2013JOHN10,Brian Johnson,2025-10-04,2.57,213
2013JOHN10,Brian Johnson,2025-10-18,3.49,214
2013JOHN10,Brian Johnson,2025-10-18,2.72,215
2013JOHN10,Brian Johnson,2025-10-18,3.08,216
2013JOHN10,Brian Johnson,2025-11-01,4.46,217
2013JOHN10,Brian Johnson,2025-11-08,4.37,218
2013JOHN10,Brian Johnson,2025-11-08,3.49,219
2013JOHN10,Brian Johnson,2025-11-15,3.53,220
2013JOHN10,Brian Johnson,2025-11-15,3.45,221
2013JOHN10,Brian Johnson,2025-11-22,3.32,222
2013JOHN10,Brian Johnson,2025-11-22,2.92,223
2013JOHN10,Brian Johnson,2025-11-22,3.5,224
2013JOHN10,Brian Johnson,2026-01-24,3.48,225
2013JOHN10,Brian Johnson,2026-01-24,3.54,226
2013JOHN10,Brian Johnson,2026-03-21,4.13,227
2013JOHN10,Brian Johnson,2026-03-21,2.65,228
2013JOHN10,Brian Johnson,2026-04-04,3.39,229
2013JOHN10,Brian Johnson,2026-04-04,2.97,230
2013JOHN10,Brian Johnson,2026-04-11,3.71,231
2013JOHN10,Brian Johnson,2026-04-11,3.15,232
2013JOHN10,Brian Johnson,2026-05-08,2.76,233
2013JOHN10,Brian Johnson,2026-05-08,3.08,234
2013JOHN10,Brian Johnson,2026-05-17,3.64,235
2013JOHN10,Brian Johnson,2026-05-17,3.79,236
2013JOHN10,Brian Johnson,2026-05-22,3.35,237
2013JOHN10,Brian Johnson,2026-05-22,3.27,238
2013JOHN10,Brian Johnson,2026-05-22,2.69,239
2013ROGA02,Przemysław Rogalski,2014-03-29,11.04,1
2013ROGA02,Przemysław Rogalski,2014-05-31,9.75,2
2013ROGA02,Przemysław Rogalski,2014-06-28,8.71,3
2013ROGA02,Przemysław Rogalski,2014-06-28,7.81,4
2013ROGA02,Przemysław Rogalski,2014-07-05,10.97,5
2013ROGA02,Przemysław Rogalski,2014-08-23,8.83,6
2013ROGA02,Przemysław Rogalski,2014-08-23,9.04,7
2013ROGA02,Przemysław Rogalski,2014-10-25,9.11,8
2013ROGA02,Przemysław Rogalski,2014-10-25,12.33,9
2013ROGA02,Przemysław Rogalski,2014-11-29,9.81,10
2013ROGA02,Przemysław Rogalski,2014-11-29,11.3,11
2013ROGA02,Przemysław Rogalski,2015-06-27,7.7,12
2013ROGA02,Przemysław Rogalski,2015-08-08,7.93,13
2013ROGA02,Przemysław Rogalski,2015-09-19,9.04,14
2013ROGA02,Przemysław Rogalski,2015-10-09,9.96,15
2013ROGA02,Przemysław Rogalski,2015-10-09,6.89,16
2013ROGA02,Przemysław Rogalski,2016-05-08,7.46,17
2013ROGA02,Przemysław Rogalski,2016-06-04,6.89,18
2013ROGA02,Przemysław Rogalski,2016-06-04,6.32,19
2013ROGA02,Przemysław Rogalski,2016-07-09,8.27,20
2013ROGA02,Przemysław Rogalski,2016-07-09,7.58,21
2013ROGA02,Przemysław Rogalski,2016-08-27,8.19,22
2013ROGA02,Przemysław Rogalski,2016-08-27,8.79,23
2013ROGA02,Przemysław Rogalski,2016-09-03,8.33,24
2013ROGA02,Przemysław Rogalski,2016-10-08,7.01,25
2013ROGA02,Przemysław Rogalski,2016-10-23,8.6,26
2013ROGA02,Przemysław Rogalski,2016-12-03,7.24,27
2013ROGA02,Przemysław Rogalski,2016-12-09,7.22,28
2013ROGA02,Przemysław Rogalski,2016-12-09,8.34,29
2013ROGA02,Przemysław Rogalski,2016-12-17,7.18,30
2013ROGA02,Przemysław Rogalski,2017-03-11,6.86,31
2013ROGA02,Przemysław Rogalski,2017-03-11,7.14,32
2013ROGA02,Przemysław Rogalski,2017-03-18,7.2,33
2013ROGA02,Przemysław Rogalski,2017-03-25,8.48,34
2013ROGA02,Przemysław Rogalski,2017-03-25,6.29,35
2013ROGA02,Przemysław Rogalski,2017-03-25,6.3,36
2013ROGA02,Przemysław Rogalski,2017-04-29,7.47,37
2013ROGA02,Przemysław Rogalski,2017-05-27,6.9,38
2013ROGA02,Przemysław Rogalski,2017-05-27,6.88,39
2013ROGA02,Przemysław Rogalski,2017-06-10,7.67,40
2013ROGA02,Przemysław Rogalski,2017-06-10,8.08,41
2013ROGA02,Przemysław Rogalski,2017-07-29,20.46,42
2013ROGA02,Przemysław Rogalski,2017-09-09,7.75,43
2013ROGA02,Przemysław Rogalski,2017-09-15,6.98,44
2013ROGA02,Przemysław Rogalski,2017-09-15,7.09,45
2013ROGA02,Przemysław Rogalski,2017-10-14,9.05,46
2013ROGA02,Przemysław Rogalski,2017-10-21,6.42,47
2013ROGA02,Przemysław Rogalski,2017-10-21,7.92,48
2013ROGA02,Przemysław Rogalski,2017-11-17,7.84,49
2013ROGA02,Przemysław Rogalski,2017-12-02,7.11,50
2013ROGA02,Przemysław Rogalski,2017-12-02,6.33,51
2013ROGA02,Przemysław Rogalski,2017-12-09,7.15,52
2013ROGA02,Przemysław Rogalski,2017-12-09,8.11,53
2013ROGA02,Przemysław Rogalski,2017-12-16,6.97,54
2013ROGA02,Przemysław Rogalski,2017-12-16,8.04,55
2013ROGA02,Przemysław Rogalski,2018-01-13,7.66,56
2013ROGA02,Przemysław Rogalski,2018-01-13,5.9,57
2013ROGA02,Przemysław Rogalski,2018-02-10,7.33,58
2013ROGA02,Przemysław Rogalski,2018-02-17,5.97,59
2013ROGA02,Przemysław Rogalski,2018-02-17,6.58,60
2013ROGA02,Przemysław Rogalski,2018-02-24,6.33,61
2013ROGA02,Przemysław Rogalski,2018-02-24,6.27,62
2013ROGA02,Przemysław Rogalski,2018-03-03,5.97,63
2013ROGA02,Przemysław Rogalski,2018-03-03,6.94,64
2013ROGA02,Przemysław Rogalski,2018-03-17,7.53,65
2013ROGA02,Przemysław Rogalski,2018-04-07,7.11,66
2013ROGA02,Przemysław Rogalski,2018-04-21,5.96,67
2013ROGA02,Przemysław Rogalski,2018-04-21,6.67,68
2013ROGA02,Przemysław Rogalski,2018-05-26,5.6,69
2013ROGA02,Przemysław Rogalski,2018-05-27,6.82,70
2013ROGA02,Przemysław Rogalski,2018-06-16,7.16,71
2013ROGA02,Przemysław Rogalski,2018-06-23,7.3,72
2013ROGA02,Przemysław Rogalski,2018-06-30,6.71,73
2013ROGA02,Przemysław Rogalski,2018-07-05,5.59,74
2013ROGA02,Przemysław Rogalski,2018-07-05,7.57,75
2013ROGA02,Przemysław Rogalski,2018-07-31,6.89,76
2013ROGA02,Przemysław Rogalski,2018-07-31,7.23,77
2013ROGA02,Przemysław Rogalski,2018-08-04,8.39,78
2013ROGA02,Przemysław Rogalski,2018-08-18,7.77,79
2013ROGA02,Przemysław Rogalski,2018-09-15,6.36,80
2013ROGA02,Przemysław Rogalski,2018-09-15,5.28,81
2013ROGA02,Przemysław Rogalski,2018-09-15,7.29,82
2013ROGA02,Przemysław Rogalski,2018-10-06,6.81,83
2013ROGA02,Przemysław Rogalski,2018-10-06,6.44,84
2013ROGA02,Przemysław Rogalski,2018-10-13,6.54,85
2013ROGA02,Przemysław Rogalski,2018-10-13,6.98,86
2013ROGA02,Przemysław Rogalski,2018-10-20,7.03,87
2013ROGA02,Przemysław Rogalski,2018-10-20,6.04,88
2013ROGA02,Przemysław Rogalski,2018-10-20,6.38,89
2013ROGA02,Przemysław Rogalski,2018-10-26,7.12,90
2013ROGA02,Przemysław Rogalski,2018-10-26,6.43,91
2013ROGA02,Przemysław Rogalski,2018-11-10,6.92,92
2013ROGA02,Przemysław Rogalski,2018-12-01,8.45,93
2013ROGA02,Przemysław Rogalski,2018-12-08,7.17,94
2013ROGA02,Przemysław Rogalski,2018-12-15,6.13,95
2013ROGA02,Przemysław Rogalski,2018-12-15,6.69,96
2013ROGA02,Przemysław Rogalski,2019-01-12,6.38,97
2013ROGA02,Przemysław Rogalski,2019-01-12,6.29,98
2013ROGA02,Przemysław Rogalski,2019-02-02,4.31,99
2013ROGA02,Przemysław Rogalski,2019-02-02,7.32,100
2013ROGA02,Przemysław Rogalski,2019-02-11,7.61,101
2013ROGA02,Przemysław Rogalski,2019-02-11,6.86,102
2013ROGA02,Przemysław Rogalski,2019-02-11,6.36,103
2013ROGA02,Przemysław Rogalski,2019-02-23,5.86,104
2013ROGA02,Przemysław Rogalski,2019-02-23,7.27,105
2013ROGA02,Przemysław Rogalski,2019-03-02,6.23,106
2013ROGA02,Przemysław Rogalski,2019-03-02,7.06,107
2013ROGA02,Przemysław Rogalski,2019-03-16,6.53,108
2013ROGA02,Przemysław Rogalski,2019-04-06,6.45,109
2013ROGA02,Przemysław Rogalski,2019-04-06,7.69,110
2013ROGA02,Przemysław Rogalski,2019-04-13,6.29,111
2013ROGA02,Przemysław Rogalski,2019-04-13,6.09,112
2013ROGA02,Przemysław Rogalski,2019-05-11,6.35,113
2013ROGA02,Przemysław Rogalski,2019-05-11,5.18,114
2013ROGA02,Przemysław Rogalski,2019-05-18,7.45,115
2013ROGA02,Przemysław Rogalski,2019-05-26,6.44,116
2013ROGA02,Przemysław Rogalski,2019-05-26,5.89,117
2013ROGA02,Przemysław Rogalski,2019-06-01,5.64,118
2013ROGA02,Przemysław Rogalski,2019-06-01,6.92,119
2013ROGA02,Przemysław Rogalski,2019-06-22,6.16,120
2013ROGA02,Przemysław Rogalski,2019-06-22,6.03,121
2013ROGA02,Przemysław Rogalski,2019-06-22,5.82,122
2013ROGA02,Przemysław Rogalski,2019-06-29,7.0,123
2013ROGA02,Przemysław Rogalski,2019-07-06,7.02,124
2013ROGA02,Przemysław Rogalski,2019-07-06,6.73,125
2013ROGA02,Przemysław Rogalski,2019-07-13,6.6,126
2013ROGA02,Przemysław Rogalski,2019-07-20,8.09,127
2013ROGA02,Przemysław Rogalski,2019-07-27,8.14,128
2013ROGA02,Przemysław Rogalski,2019-09-13,6.09,129
2013ROGA02,Przemysław Rogalski,2019-09-13,6.15,130
2013ROGA02,Przemysław Rogalski,2019-09-21,4.61,131
2013ROGA02,Przemysław Rogalski,2019-09-21,6.28,132
2013ROGA02,Przemysław Rogalski,2019-09-28,5.66,133
2013ROGA02,Przemysław Rogalski,2019-09-28,9.72,134
2013ROGA02,Przemysław Rogalski,2019-10-05,6.17,135
2013ROGA02,Przemysław Rogalski,2019-10-05,6.86,136
2013ROGA02,Przemysław Rogalski,2019-10-11,6.16,137
2013ROGA02,Przemysław Rogalski,2019-10-11,6.35,138
2013ROGA02,Przemysław Rogalski,2019-10-19,5.95,139
2013ROGA02,Przemysław Rogalski,2019-10-19,6.01,140
2013ROGA02,Przemysław Rogalski,2019-10-26,6.38,141
2013ROGA02,Przemysław Rogalski,2019-10-26,7.91,142
2013ROGA02,Przemysław Rogalski,2019-11-09,6.01,143
2013ROGA02,Przemysław Rogalski,2019-11-09,8.58,144
2013ROGA02,Przemysław Rogalski,2019-11-16,7.4,145
2013ROGA02,Przemysław Rogalski,2019-11-16,6.58,146
2013ROGA02,Przemysław Rogalski,2019-11-16,6.41,147
2013ROGA02,Przemysław Rogalski,2019-12-06,8.0,148
2013ROGA02,Przemysław Rogalski,2019-12-14,6.79,149
2013ROGA02,Przemysław Rogalski,2019-12-14,6.78,150
2013ROGA02,Przemysław Rogalski,2019-12-14,5.44,151
2013ROGA02,Przemysław Rogalski,2020-01-04,6.21,152
2013ROGA02,Przemysław Rogalski,2020-01-04,6.01,153
2013ROGA02,Przemysław Rogalski,2020-01-04,6.0,154
2013ROGA02,Przemysław Rogalski,2020-01-25,8.4,155
2013ROGA02,Przemysław Rogalski,2020-01-25,6.98,156
2013ROGA02,Przemysław Rogalski,2020-03-07,6.23,157
2013ROGA02,Przemysław Rogalski,2020-03-07,6.68,158
2013ROGA02,Przemysław Rogalski,2020-08-22,6.02,159
2013ROGA02,Przemysław Rogalski,2020-08-22,7.0,160
2013ROGA02,Przemysław Rogalski,2020-09-12,7.32,161
2013ROGA02,Przemysław Rogalski,2021-07-03,6.21,162
2013ROGA02,Przemysław Rogalski,2021-07-10,7.34,163
2013ROGA02,Przemysław Rogalski,2021-07-24,5.76,164
2013ROGA02,Przemysław Rogalski,2021-07-24,5.07,165
2013ROGA02,Przemysław Rogalski,2021-08-07,6.14,166
2013ROGA02,Przemysław Rogalski,2021-08-07,7.01,167
2013ROGA02,Przemysław Rogalski,2021-08-28,5.27,168
2013ROGA02,Przemysław Rogalski,2021-08-28,6.43,169
2013ROGA02,Przemysław Rogalski,2021-09-04,6.4,170
2013ROGA02,Przemysław Rogalski,2021-09-11,6.24,171
2013ROGA02,Przemysław Rogalski,2021-09-18,4.8,172
2013ROGA02,Przemysław Rogalski,2021-09-18,7.63,173
2013ROGA02,Przemysław Rogalski,2021-10-01,5.79,174
2013ROGA02,Przemysław Rogalski,2021-10-01,6.31,175
2013ROGA02,Przemysław Rogalski,2021-11-06,6.74,176
2013ROGA02,Przemysław Rogalski,2021-12-03,6.48,177
2013ROGA02,Przemysław Rogalski,2021-12-03,6.95,178
2013ROGA02,Przemysław Rogalski,2021-12-18,6.04,179
2013ROGA02,Przemysław Rogalski,2021-12-18,6.38,180
2013ROGA02,Przemysław Rogalski,2022-02-26,6.08,181
2013ROGA02,Przemysław Rogalski,2022-03-12,6.18,182
2013ROGA02,Przemysław Rogalski,2022-03-26,6.4,183
2013ROGA02,Przemysław Rogalski,2022-03-26,5.87,184
2013ROGA02,Przemysław Rogalski,2022-04-23,5.99,185
2013ROGA02,Przemysław Rogalski,2022-04-23,6.25,186
2013ROGA02,Przemysław Rogalski,2022-05-28,5.7,187
2013ROGA02,Przemysław Rogalski,2022-06-04,5.59,188
2013ROGA02,Przemysław Rogalski,2022-06-18,5.9,189
2013ROGA02,Przemysław Rogalski,2022-06-18,6.74,190
2013ROGA02,Przemysław Rogalski,2022-06-18,6.29,191
2013ROGA02,Przemysław Rogalski,2022-07-08,4.19,192
2013ROGA02,Przemysław Rogalski,2022-07-14,8.37,193
2013ROGA02,Przemysław Rogalski,2022-07-23,6.59,194
2013ROGA02,Przemysław Rogalski,2022-07-23,6.28,195
2013ROGA02,Przemysław Rogalski,2022-07-23,7.25,196
2013ROGA02,Przemysław Rogalski,2022-07-30,6.75,197
2013ROGA02,Przemysław Rogalski,2022-07-30,5.79,198
2013ROGA02,Przemysław Rogalski,2022-08-06,5.86,199
2013ROGA02,Przemysław Rogalski,2022-08-06,5.55,200
2013ROGA02,Przemysław Rogalski,2022-08-20,6.78,201
2013ROGA02,Przemysław Rogalski,2022-09-10,5.34,202
2013ROGA02,Przemysław Rogalski,2022-09-10,6.92,203
2013ROGA02,Przemysław Rogalski,2022-10-01,6.5,204
2013ROGA02,Przemysław Rogalski,2022-10-01,5.83,205
2013ROGA02,Przemysław Rogalski,2022-10-15,6.54,206
2013ROGA02,Przemysław Rogalski,2022-10-15,5.99,207
2013ROGA02,Przemysław Rogalski,2022-10-15,6.64,208
2013ROGA02,Przemysław Rogalski,2022-10-29,6.22,209
2013ROGA02,Przemysław Rogalski,2022-11-05,6.59,210
2013ROGA02,Przemysław Rogalski,2022-11-19,5.83,211
2013ROGA02,Przemysław Rogalski,2022-11-27,5.97,212
2013ROGA02,Przemysław Rogalski,2022-11-27,5.18,213
2013ROGA02,Przemysław Rogalski,2022-12-03,5.77,214
2013ROGA02,Przemysław Rogalski,2022-12-16,5.87,215
2013ROGA02,Przemysław Rogalski,2022-12-16,5.29,216
2013ROGA02,Przemysław Rogalski,2023-01-07,8.26,217
2013ROGA02,Przemysław Rogalski,2023-01-13,6.17,218
2013ROGA02,Przemysław Rogalski,2023-02-18,6.13,219
2013ROGA02,Przemysław Rogalski,2023-02-18,6.77,220
2013ROGA02,Przemysław Rogalski,2023-02-25,7.41,221
2013ROGA02,Przemysław Rogalski,2023-03-04,6.47,222
2013ROGA02,Przemysław Rogalski,2023-03-04,5.68,223
2013ROGA02,Przemysław Rogalski,2023-03-18,6.14,224
2013ROGA02,Przemysław Rogalski,2023-03-18,5.91,225
2013ROGA02,Przemysław Rogalski,2023-04-01,5.85,226
2013ROGA02,Przemysław Rogalski,2023-04-01,5.85,227
2013ROGA02,Przemysław Rogalski,2023-04-01,6.13,228
2013ROGA02,Przemysław Rogalski,2023-05-13,6.33,229
2013ROGA02,Przemysław Rogalski,2023-05-27,6.3,230
2013ROGA02,Przemysław Rogalski,2023-06-10,4.95,231
2013ROGA02,Przemysław Rogalski,2023-06-17,6.1,232
2013ROGA02,Przemysław Rogalski,2023-06-24,5.5,233
2013ROGA02,Przemysław Rogalski,2023-06-24,6.3,234
2013ROGA02,Przemysław Rogalski,2023-07-15,6.15,235
2013ROGA02,Przemysław Rogalski,2023-07-22,5.62,236
2013ROGA02,Przemysław Rogalski,2023-08-26,5.63,237
2013ROGA02,Przemysław Rogalski,2023-08-26,5.71,238
2013ROGA02,Przemysław Rogalski,2023-08-26,5.89,239
2013ROGA02,Przemysław Rogalski,2023-09-09,6.82,240
2013ROGA02,Przemysław Rogalski,2023-09-09,6.37,241
2013ROGA02,Przemysław Rogalski,2023-09-23,5.38,242
2013ROGA02,Przemysław Rogalski,2023-10-06,8.3,243
2013ROGA02,Przemysław Rogalski,2023-10-21,6.05,244
2013ROGA02,Przemysław Rogalski,2023-11-04,5.83,245
2013ROGA02,Przemysław Rogalski,2023-11-11,5.95,246
2013ROGA02,Przemysław Rogalski,2023-11-18,6.18,247
2013ROGA02,Przemysław Rogalski,2023-12-09,5.68,248
2013ROGA02,Przemysław Rogalski,2024-01-20,6.52,249
2013ROGA02,Przemysław Rogalski,2024-02-03,7.42,250
2013ROGA02,Przemysław Rogalski,2024-02-03,6.51,251
2013ROGA02,Przemysław Rogalski,2024-02-10,5.69,252
2013ROGA02,Przemysław Rogalski,2024-02-10,6.85,253
2013ROGA02,Przemysław Rogalski,2024-03-09,6.44,254
2013ROGA02,Przemysław Rogalski,2024-03-16,4.95,255
2013ROGA02,Przemysław Rogalski,2024-03-16,6.18,256
2013ROGA02,Przemysław Rogalski,2024-03-23,6.11,257
2013ROGA02,Przemysław Rogalski,2024-03-23,6.18,258
2013ROGA02,Przemysław Rogalski,2024-04-06,6.8,259
2013ROGA02,Przemysław Rogalski,2024-04-13,6.84,260
2013ROGA02,Przemysław Rogalski,2024-04-20,6.5,261
2013ROGA02,Przemysław Rogalski,2024-05-11,5.23,262
2013ROGA02,Przemysław Rogalski,2024-05-11,6.87,263
2013ROGA02,Przemysław Rogalski,2024-06-08,6.34,264
2013ROGA02,Przemysław Rogalski,2024-06-15,6.71,265
2013ROGA02,Przemysław Rogalski,2024-06-15,6.75,266
2013ROGA02,Przemysław Rogalski,2024-06-22,5.44,267
2013ROGA02,Przemysław Rogalski,2024-06-29,5.45,268
2013ROGA02,Przemysław Rogalski,2024-07-06,7.15,269
2013ROGA02,Przemysław Rogalski,2024-07-06,5.99,270
2013ROGA02,Przemysław Rogalski,2024-07-25,5.91,271
2013ROGA02,Przemysław Rogalski,2024-08-24,6.05,272
2013ROGA02,Przemysław Rogalski,2024-08-24,5.7,273
2013ROGA02,Przemysław Rogalski,2024-09-14,5.5,274
2013ROGA02,Przemysław Rogalski,2024-09-14,6.48,275
2013ROGA02,Przemysław Rogalski,2024-09-21,6.45,276
2013ROGA02,Przemysław Rogalski,2024-09-21,6.86,277
2013ROGA02,Przemysław Rogalski,2024-09-28,6.39,278
2013ROGA02,Przemysław Rogalski,2024-10-05,6.7,279
2013ROGA02,Przemysław Rogalski,2024-10-12,6.79,280
2013ROGA02,Przemysław Rogalski,2024-10-12,6.37,281
2013ROGA02,Przemysław Rogalski,2024-10-26,5.93,282
2013ROGA02,Przemysław Rogalski,2024-10-26,8.23,283
2013ROGA02,Przemysław Rogalski,2024-11-07,5.62,284
2013ROGA02,Przemysław Rogalski,2024-11-07,7.57,285
2013ROGA02,Przemysław Rogalski,2024-11-23,5.03,286
2013ROGA02,Przemysław Rogalski,2024-11-25,5.52,287
2013ROGA02,Przemysław Rogalski,2024-11-30,7.22,288
2013ROGA02,Przemysław Rogalski,2024-11-30,4.69,289
2013ROGA02,Przemysław Rogalski,2024-11-30,6.47,290
2013ROGA02,Przemysław Rogalski,2024-12-07,6.94,291
2013ROGA02,Przemysław Rogalski,2025-01-11,6.97,292
2013ROGA02,Przemysław Rogalski,2025-01-18,5.53,293
2013ROGA02,Przemysław Rogalski,2025-02-01,6.83,294
2013ROGA02,Przemysław Rogalski,2025-02-08,6.59,295
2013ROGA02,Przemysław Rogalski,2025-02-22,6.08,296
2013ROGA02,Przemysław Rogalski,2025-02-22,5.36,297
2013ROGA02,Przemysław Rogalski,2025-02-22,5.67,298
2013ROGA02,Przemysław Rogalski,2025-03-08,6.75,299
2013ROGA02,Przemysław Rogalski,2025-03-15,5.09,300
2013ROGA02,Przemysław Rogalski,2025-04-26,6.19,301
2013ROGA02,Przemysław Rogalski,2025-05-09,5.98,302
2013ROGA02,Przemysław Rogalski,2025-05-09,5.94,303
2013ROGA02,Przemysław Rogalski,2025-05-17,8.35,304
2013ROGA02,Przemysław Rogalski,2025-05-17,6.54,305
2013ROGA02,Przemysław Rogalski,2025-05-24,6.57,306
2013ROGA02,Przemysław Rogalski,2025-06-07,5.65,307
2013ROGA02,Przemysław Rogalski,2025-06-07,6.77,308
2013ROGA02,Przemysław Rogalski,2025-06-14,5.52,309
2013ROGA02,Przemysław Rogalski,2025-07-03,5.46,310
2013ROGA02,Przemysław Rogalski,2025-07-11,5.9,311
2013ROGA02,Przemysław Rogalski,2025-07-26,5.1,312
2013ROGA02,Przemysław Rogalski,2025-07-26,5.86,313
2013ROGA02,Przemysław Rogalski,2025-08-30,6.53,314
2013ROGA02,Przemysław Rogalski,2025-09-13,5.59,315
2013ROGA02,Przemysław Rogalski,2025-09-20,5.47,316
2013ROGA02,Przemysław Rogalski,2025-09-27,6.43,317
2013ROGA02,Przemysław Rogalski,2025-10-04,5.19,318
2013ROGA02,Przemysław Rogalski,2025-10-04,7.78,319
2013ROGA02,Przemysław Rogalski,2025-10-18,6.75,320
2013ROGA02,Przemysław Rogalski,2025-10-25,6.01,321
2013ROGA02,Przemysław Rogalski,2025-11-02,5.03,322
2013ROGA02,Przemysław Rogalski,2025-11-13,4.56,323
2013ROGA02,Przemysław Rogalski,2025-11-13,5.37,324
2013ROGA02,Przemysław Rogalski,2025-11-29,5.91,325
2013ROGA02,Przemysław Rogalski,2025-11-29,5.86,326
2013ROGA02,Przemysław Rogalski,2025-12-06,6.34,327
2013ROGA02,Przemysław Rogalski,2025-12-13,6.5,328
2013ROGA02,Przemysław Rogalski,2025-12-20,4.87,329
2013ROGA02,Przemysław Rogalski,2026-01-09,5.35,330
2013ROGA02,Przemysław Rogalski,2026-01-09,5.6,331
2013ROGA02,Przemysław Rogalski,2026-01-24,6.23,332
2013ROGA02,Przemysław Rogalski,2026-02-14,6.54,333
2013ROGA02,Przemysław Rogalski,2026-03-11,4.2,334
2013ROGA02,Przemysław Rogalski,2026-03-14,5.79,335
2013ROGA02,Przemysław Rogalski,2026-03-21,6.75,336
2013ROGA02,Przemysław Rogalski,2026-03-28,6.79,337
2013ROGA02,Przemysław Rogalski,2026-04-11,5.69,338
2013ROGA02,Przemysław Rogalski,2026-04-11,5.27,339
2013ROGA02,Przemysław Rogalski,2026-04-18,6.47,340
2013ROGA02,Przemysław Rogalski,2026-05-09,6.77,341
2013ROGA02,Przemysław Rogalski,2026-05-09,6.47,342
2013ROGA02,Przemysław Rogalski,2026-05-10,5.77,343
2013ROGA02,Przemysław Rogalski,2026-05-10,5.76,344
2013ROGA02,Przemysław Rogalski,2026-05-10,6.5,345
2013ROGA02,Przemysław Rogalski,2026-05-16,5.98,346
2013TOKA01,Piotr Tokarski,2014-07-26,10.76,1
2013TOKA01,Piotr Tokarski,2014-09-06,8.58,2
2013TOKA01,Piotr Tokarski,2014-12-06,6.44,3
2013TOKA01,Piotr Tokarski,2014-12-06,6.45,4
2013TOKA01,Piotr Tokarski,2015-02-21,7.04,5
2013TOKA01,Piotr Tokarski,2015-02-21,5.89,6
2013TOKA01,Piotr Tokarski,2015-03-27,6.22,7
2013TOKA01,Piotr Tokarski,2015-06-27,6.44,8
2013TOKA01,Piotr Tokarski,2015-06-27,6.62,9
2013TOKA01,Piotr Tokarski,2015-07-18,6.04,10
2013TOKA01,Piotr Tokarski,2015-07-18,6.74,11
2013TOKA01,Piotr Tokarski,2015-07-18,5.9,12
2013TOKA01,Piotr Tokarski,2015-08-08,5.31,13
2013TOKA01,Piotr Tokarski,2015-08-08,6.08,14
2013TOKA01,Piotr Tokarski,2015-08-08,6.86,15
2013TOKA01,Piotr Tokarski,2015-09-19,8.65,16
2013TOKA01,Piotr Tokarski,2015-09-26,3.99,17
2013TOKA01,Piotr Tokarski,2015-09-26,6.47,18
2013TOKA01,Piotr Tokarski,2015-09-26,5.8,19
2013TOKA01,Piotr Tokarski,2015-10-09,6.02,20
2013TOKA01,Piotr Tokarski,2015-10-09,5.62,21
2013TOKA01,Piotr Tokarski,2015-10-09,5.23,22
2013TOKA01,Piotr Tokarski,2015-12-05,6.31,23
2013TOKA01,Piotr Tokarski,2015-12-05,6.06,24
2013TOKA01,Piotr Tokarski,2016-01-09,6.96,25
2013TOKA01,Piotr Tokarski,2016-01-09,5.96,26
2013TOKA01,Piotr Tokarski,2016-04-23,7.35,27
2013TOKA01,Piotr Tokarski,2016-04-23,7.26,28
2013TOKA01,Piotr Tokarski,2016-05-08,6.85,29
2013TOKA01,Piotr Tokarski,2016-05-08,6.18,30
2013TOKA01,Piotr Tokarski,2016-06-04,4.74,31
2013TOKA01,Piotr Tokarski,2016-06-04,6.24,32
2013TOKA01,Piotr Tokarski,2016-06-25,5.42,33
2013TOKA01,Piotr Tokarski,2016-07-02,6.41,34
2013TOKA01,Piotr Tokarski,2016-07-02,6.98,35
2013TOKA01,Piotr Tokarski,2016-07-02,5.69,36
2013TOKA01,Piotr Tokarski,2016-07-09,6.34,37
2013TOKA01,Piotr Tokarski,2016-07-09,6.98,38
2013TOKA01,Piotr Tokarski,2016-07-19,6.85,39
2013TOKA01,Piotr Tokarski,2016-08-27,6.38,40
2013TOKA01,Piotr Tokarski,2016-08-27,5.9,41
2013TOKA01,Piotr Tokarski,2016-10-08,8.88,42
2013TOKA01,Piotr Tokarski,2016-10-23,6.16,43
2013TOKA01,Piotr Tokarski,2016-10-23,5.66,44
2013TOKA01,Piotr Tokarski,2016-12-09,6.49,45
2013TOKA01,Piotr Tokarski,2016-12-09,5.79,46
2013TOKA01,Piotr Tokarski,2016-12-09,8.75,47
2013TOKA01,Piotr Tokarski,2016-12-17,4.35,48
2013TOKA01,Piotr Tokarski,2016-12-17,6.2,49
2013TOKA01,Piotr Tokarski,2017-02-25,5.15,50
2013TOKA01,Piotr Tokarski,2017-02-25,7.71,51
2013TOKA01,Piotr Tokarski,2017-03-11,5.83,52
2013TOKA01,Piotr Tokarski,2017-03-11,8.94,53
2013TOKA01,Piotr Tokarski,2017-03-25,7.74,54
2013TOKA01,Piotr Tokarski,2017-03-25,6.32,55
2013TOKA01,Piotr Tokarski,2017-03-25,4.85,56
2013TOKA01,Piotr Tokarski,2017-04-01,5.86,57
2013TOKA01,Piotr Tokarski,2017-04-01,5.67,58
2013TOKA01,Piotr Tokarski,2017-05-27,5.06,59
2013TOKA01,Piotr Tokarski,2017-05-27,6.79,60
2013TOKA01,Piotr Tokarski,2017-05-27,6.3,61
2013TOKA01,Piotr Tokarski,2017-06-10,5.09,62
2013TOKA01,Piotr Tokarski,2017-06-10,5.38,63
2013TOKA01,Piotr Tokarski,2017-06-10,7.47,64
2013TOKA01,Piotr Tokarski,2017-06-17,5.41,65
2013TOKA01,Piotr Tokarski,2017-06-17,5.27,66
2013TOKA01,Piotr Tokarski,2017-06-24,5.11,67
2013TOKA01,Piotr Tokarski,2017-06-24,3.62,68
2013TOKA01,Piotr Tokarski,2017-06-24,4.45,69
2013TOKA01,Piotr Tokarski,2017-07-29,4.82,70
2013TOKA01,Piotr Tokarski,2017-07-29,5.34,71
2013TOKA01,Piotr Tokarski,2017-09-09,5.41,72
2013TOKA01,Piotr Tokarski,2017-09-09,5.64,73
2013TOKA01,Piotr Tokarski,2017-09-15,4.15,74
2013TOKA01,Piotr Tokarski,2017-09-15,7.42,75
2013TOKA01,Piotr Tokarski,2017-11-17,6.3,76
2013TOKA01,Piotr Tokarski,2017-11-17,4.7,77
2013TOKA01,Piotr Tokarski,2017-11-17,6.28,78
2013TOKA01,Piotr Tokarski,2017-12-02,6.7,79
2013TOKA01,Piotr Tokarski,2017-12-02,5.57,80
2013TOKA01,Piotr Tokarski,2017-12-16,5.33,81
2013TOKA01,Piotr Tokarski,2017-12-16,4.35,82
2013TOKA01,Piotr Tokarski,2017-12-16,4.49,83
2013TOKA01,Piotr Tokarski,2018-01-13,6.54,84
2013TOKA01,Piotr Tokarski,2018-01-13,6.91,85
2013TOKA01,Piotr Tokarski,2018-02-10,4.9,86
2013TOKA01,Piotr Tokarski,2018-02-17,5.02,87
2013TOKA01,Piotr Tokarski,2018-02-17,5.12,88
2013TOKA01,Piotr Tokarski,2018-02-24,4.42,89
2013TOKA01,Piotr Tokarski,2018-02-24,8.12,90
2013TOKA01,Piotr Tokarski,2018-03-17,5.83,91
2013TOKA01,Piotr Tokarski,2018-03-17,5.25,92
2013TOKA01,Piotr Tokarski,2018-04-21,6.05,93
2013TOKA01,Piotr Tokarski,2018-04-21,5.34,94
2013TOKA01,Piotr Tokarski,2018-05-26,4.72,95
2013TOKA01,Piotr Tokarski,2018-06-10,5.1,96
2013TOKA01,Piotr Tokarski,2018-06-10,5.68,97
2013TOKA01,Piotr Tokarski,2018-06-10,4.69,98
2013TOKA01,Piotr Tokarski,2018-06-16,4.87,99
2013TOKA01,Piotr Tokarski,2018-06-16,4.7,100
2013TOKA01,Piotr Tokarski,2018-06-23,5.42,101
2013TOKA01,Piotr Tokarski,2018-06-23,5.07,102
2013TOKA01,Piotr Tokarski,2018-06-30,4.98,103
2013TOKA01,Piotr Tokarski,2018-06-30,3.89,104
2013TOKA01,Piotr Tokarski,2018-07-05,4.56,105
2013TOKA01,Piotr Tokarski,2018-07-05,5.0,106
2013TOKA01,Piotr Tokarski,2018-07-19,5.3,107
2013TOKA01,Piotr Tokarski,2018-07-19,5.45,108
2013TOKA01,Piotr Tokarski,2018-07-19,6.04,109
2013TOKA01,Piotr Tokarski,2018-07-31,5.66,110
2013TOKA01,Piotr Tokarski,2018-07-31,5.22,111
2013TOKA01,Piotr Tokarski,2018-08-04,5.14,112
2013TOKA01,Piotr Tokarski,2018-08-04,5.15,113
2013TOKA01,Piotr Tokarski,2018-08-04,4.74,114
2013TOKA01,Piotr Tokarski,2018-09-15,5.85,115
2013TOKA01,Piotr Tokarski,2018-09-15,5.47,116
2013TOKA01,Piotr Tokarski,2018-10-13,5.78,117
2013TOKA01,Piotr Tokarski,2018-10-13,5.2,118
2013TOKA01,Piotr Tokarski,2018-10-13,4.04,119
2013TOKA01,Piotr Tokarski,2018-10-26,6.18,120
2013TOKA01,Piotr Tokarski,2018-10-26,5.16,121
2013TOKA01,Piotr Tokarski,2018-11-03,5.22,122
2013TOKA01,Piotr Tokarski,2018-11-03,5.37,123
2013TOKA01,Piotr Tokarski,2018-11-17,5.37,124
2013TOKA01,Piotr Tokarski,2018-12-08,6.23,125
2013TOKA01,Piotr Tokarski,2018-12-15,5.15,126
2013TOKA01,Piotr Tokarski,2018-12-15,6.03,127
2013TOKA01,Piotr Tokarski,2019-01-12,5.46,128
2013TOKA01,Piotr Tokarski,2019-01-12,5.75,129
2013TOKA01,Piotr Tokarski,2019-02-02,4.93,130
2013TOKA01,Piotr Tokarski,2019-02-02,4.15,131
2013TOKA01,Piotr Tokarski,2019-02-02,5.26,132
2013TOKA01,Piotr Tokarski,2019-03-02,6.25,133
2013TOKA01,Piotr Tokarski,2019-03-02,7.39,134
2013TOKA01,Piotr Tokarski,2019-03-16,5.96,135
2013TOKA01,Piotr Tokarski,2019-03-16,6.67,136
2013TOKA01,Piotr Tokarski,2019-05-18,5.12,137
2013TOKA01,Piotr Tokarski,2019-05-18,5.74,138
2013TOKA01,Piotr Tokarski,2019-06-01,6.35,139
2013TOKA01,Piotr Tokarski,2019-06-01,5.24,140
2013TOKA01,Piotr Tokarski,2019-06-01,6.46,141
2013TOKA01,Piotr Tokarski,2019-06-29,5.65,142
2013TOKA01,Piotr Tokarski,2019-06-29,6.11,143
2013TOKA01,Piotr Tokarski,2019-07-13,5.15,144
2013TOKA01,Piotr Tokarski,2019-07-13,4.88,145
2013TOKA01,Piotr Tokarski,2019-07-20,5.0,146
2013TOKA01,Piotr Tokarski,2019-07-20,5.41,147
2013TOKA01,Piotr Tokarski,2019-07-27,5.67,148
2013TOKA01,Piotr Tokarski,2019-07-27,6.63,149
2013TOKA01,Piotr Tokarski,2019-08-24,6.76,150
2013TOKA01,Piotr Tokarski,2019-09-13,6.43,151
2013TOKA01,Piotr Tokarski,2019-09-13,4.66,152
2013TOKA01,Piotr Tokarski,2019-09-13,5.27,153
2013TOKA01,Piotr Tokarski,2019-09-21,4.12,154
2013TOKA01,Piotr Tokarski,2019-09-21,5.59,155
2013TOKA01,Piotr Tokarski,2019-10-05,5.72,156
2013TOKA01,Piotr Tokarski,2019-10-05,5.14,157
2013TOKA01,Piotr Tokarski,2019-10-11,4.52,158
2013TOKA01,Piotr Tokarski,2019-10-11,6.28,159
2013TOKA01,Piotr Tokarski,2019-10-19,5.96,160
2013TOKA01,Piotr Tokarski,2019-10-19,4.91,161
2013TOKA01,Piotr Tokarski,2019-10-26,6.09,162
2013TOKA01,Piotr Tokarski,2019-10-26,5.42,163
2013TOKA01,Piotr Tokarski,2019-11-09,7.38,164
2013TOKA01,Piotr Tokarski,2019-11-09,4.01,165
2013TOKA01,Piotr Tokarski,2019-11-09,7.53,166
2013TOKA01,Piotr Tokarski,2019-11-16,6.69,167
2013TOKA01,Piotr Tokarski,2019-11-16,5.1,168
2013TOKA01,Piotr Tokarski,2019-11-16,4.9,169
2013TOKA01,Piotr Tokarski,2019-12-06,4.63,170
2013TOKA01,Piotr Tokarski,2019-12-06,5.13,171
2013TOKA01,Piotr Tokarski,2019-12-14,7.05,172
2013TOKA01,Piotr Tokarski,2019-12-14,5.81,173
2013TOKA01,Piotr Tokarski,2019-12-14,5.01,174
2013TOKA01,Piotr Tokarski,2020-01-04,6.08,175
2013TOKA01,Piotr Tokarski,2020-01-04,5.79,176
2013TOKA01,Piotr Tokarski,2020-01-04,6.24,177
2013TOKA01,Piotr Tokarski,2020-02-22,6.92,178
2013TOKA01,Piotr Tokarski,2020-02-22,6.54,179
2013TOKA01,Piotr Tokarski,2020-02-22,6.05,180
2013TOKA01,Piotr Tokarski,2020-09-12,5.15,181
2013TOKA01,Piotr Tokarski,2020-09-12,5.12,182
2013TOKA01,Piotr Tokarski,2021-07-24,5.94,183
2013TOKA01,Piotr Tokarski,2021-07-24,4.97,184
2013TOKA01,Piotr Tokarski,2021-09-18,5.57,185
2013TOKA01,Piotr Tokarski,2021-10-01,5.88,186
2013TOKA01,Piotr Tokarski,2021-11-06,4.56,187
2013TOKA01,Piotr Tokarski,2021-11-06,5.7,188
2013TOKA01,Piotr Tokarski,2021-12-18,5.52,189
2013TOKA01,Piotr Tokarski,2021-12-18,5.64,190
2013TOKA01,Piotr Tokarski,2022-02-26,6.24,191
2013TOKA01,Piotr Tokarski,2022-03-26,7.77,192
2013TOKA01,Piotr Tokarski,2022-04-23,6.94,193
2013TOKA01,Piotr Tokarski,2022-07-08,4.16,194
2013TOKA01,Piotr Tokarski,2022-07-08,6.68,195
2013TOKA01,Piotr Tokarski,2022-07-14,6.47,196
2013TOKA01,Piotr Tokarski,2022-10-01,9.79,197
2013TOKA01,Piotr Tokarski,2022-10-15,6.57,198
2013TOKA01,Piotr Tokarski,2022-11-27,6.04,199
2013TOKA01,Piotr Tokarski,2022-11-27,6.26,200
2013TOKA01,Piotr Tokarski,2023-02-11,5.9,201
2013TOKA01,Piotr Tokarski,2023-03-25,5.92,202
2013TOKA01,Piotr Tokarski,2023-03-25,5.99,203
2013TOKA01,Piotr Tokarski,2023-03-25,5.53,204
2013TOKA01,Piotr Tokarski,2023-05-06,8.18,205
2013TOKA01,Piotr Tokarski,2023-08-26,4.71,206
2013TOKA01,Piotr Tokarski,2023-08-26,7.91,207
2013TOKA01,Piotr Tokarski,2023-09-02,6.87,208
2013TOKA01,Piotr Tokarski,2023-10-28,7.67,209
2013TOKA01,Piotr Tokarski,2023-12-16,6.03,210
2013TOKA01,Piotr Tokarski,2024-03-03,8.06,211
2013TOKA01,Piotr Tokarski,2024-04-20,5.8,212
2013TOKA01,Piotr Tokarski,2024-04-20,6.15,213
2013TOKA01,Piotr Tokarski,2024-05-11,7.44,214
2013TOKA01,Piotr Tokarski,2024-05-11,7.93,215
2013TOKA01,Piotr Tokarski,2024-05-18,5.54,216
2013TOKA01,Piotr Tokarski,2024-05-18,9.04,217
2013TOKA01,Piotr Tokarski,2024-05-25,6.38,218
2013TOKA01,Piotr Tokarski,2024-05-25,8.25,219
2013TOKA01,Piotr Tokarski,2024-07-12,6.32,220
2013TOKA01,Piotr Tokarski,2024-07-12,5.87,221
2013TOKA01,Piotr Tokarski,2024-10-19,5.95,222
2013TOKA01,Piotr Tokarski,2024-10-20,7.18,223
2013TOKA01,Piotr Tokarski,2025-02-23,6.44,224
2013TOKA01,Piotr Tokarski,2025-02-23,10.01,225
2013TOKA01,Piotr Tokarski,2025-03-23,7.33,226
2013TOKA01,Piotr Tokarski,2025-04-27,5.41,227
2013TOKA01,Piotr Tokarski,2025-04-27,7.14,228
2013TOKA01,Piotr Tokarski,2025-05-24,6.38,229
2013TOKA01,Piotr Tokarski,2025-10-25,7.77,230
2013TOKA01,Piotr Tokarski,2026-02-28,6.69,231
2013WALL03,Daniel Wallin,2014-03-08,13.73,1
2013WALL03,Daniel Wallin,2014-03-08,12.19,2
2013WALL03,Daniel Wallin,2014-05-03,7.42,3
2013WALL03,Daniel Wallin,2014-05-24,6.19,4
2013WALL03,Daniel Wallin,2014-05-24,7.99,5
2013WALL03,Daniel Wallin,2014-08-08,5.82,6
2013WALL03,Daniel Wallin,2014-08-08,4.94,7
2013WALL03,Daniel Wallin,2014-09-20,5.4,8
2013WALL03,Daniel Wallin,2014-09-20,4.75,9
2013WALL03,Daniel Wallin,2014-10-11,5.41,10
2013WALL03,Daniel Wallin,2015-01-10,5.94,11
2013WALL03,Daniel Wallin,2015-01-17,5.14,12
2013WALL03,Daniel Wallin,2015-01-17,4.12,13
2013WALL03,Daniel Wallin,2015-03-14,4.7,14
2013WALL03,Daniel Wallin,2015-03-14,4.62,15
2013WALL03,Daniel Wallin,2015-04-18,5.15,16
2013WALL03,Daniel Wallin,2015-05-02,3.84,17
2013WALL03,Daniel Wallin,2015-05-02,4.35,18
2013WALL03,Daniel Wallin,2015-05-02,4.86,19
2013WALL03,Daniel Wallin,2015-06-20,4.38,20
2013WALL03,Daniel Wallin,2015-06-20,4.76,21
2013WALL03,Daniel Wallin,2015-07-17,5.89,22
2013WALL03,Daniel Wallin,2015-07-17,3.72,23
2013WALL03,Daniel Wallin,2015-07-31,5.54,24
2013WALL03,Daniel Wallin,2015-07-31,4.23,25
2013WALL03,Daniel Wallin,2015-07-31,5.45,26
2013WALL03,Daniel Wallin,2015-08-16,3.35,27
2013WALL03,Daniel Wallin,2015-08-16,4.84,28
2013WALL03,Daniel Wallin,2015-10-09,4.78,29
2013WALL03,Daniel Wallin,2015-10-09,4.13,30
2013WALL03,Daniel Wallin,2015-10-09,3.74,31
2013WALL03,Daniel Wallin,2015-10-17,5.3,32
2013WALL03,Daniel Wallin,2015-10-17,3.69,33
2013WALL03,Daniel Wallin,2015-10-17,4.52,34
2013WALL03,Daniel Wallin,2015-10-24,4.32,35
2013WALL03,Daniel Wallin,2015-10-24,5.0,36
2013WALL03,Daniel Wallin,2015-10-24,3.39,37
2013WALL03,Daniel Wallin,2015-12-05,3.35,38
2013WALL03,Daniel Wallin,2015-12-05,3.7,39
2013WALL03,Daniel Wallin,2016-01-03,4.01,40
2013WALL03,Daniel Wallin,2016-01-03,3.74,41
2013WALL03,Daniel Wallin,2016-02-20,4.61,42
2013WALL03,Daniel Wallin,2016-03-04,4.98,43
2013WALL03,Daniel Wallin,2016-03-04,4.12,44
2013WALL03,Daniel Wallin,2016-05-07,3.31,45
2013WALL03,Daniel Wallin,2016-05-07,4.16,46
2013WALL03,Daniel Wallin,2016-05-07,4.17,47
2013WALL03,Daniel Wallin,2016-06-10,5.89,48
2013WALL03,Daniel Wallin,2016-06-10,4.16,49
2013WALL03,Daniel Wallin,2016-06-18,4.72,50
2013WALL03,Daniel Wallin,2016-06-18,4.13,51
2013WALL03,Daniel Wallin,2016-06-18,3.75,52
2013WALL03,Daniel Wallin,2016-07-15,4.62,53
2013WALL03,Daniel Wallin,2016-07-15,3.81,54
2013WALL03,Daniel Wallin,2016-07-15,3.76,55
2013WALL03,Daniel Wallin,2016-10-15,4.32,56
2013WALL03,Daniel Wallin,2016-10-15,5.29,57
2013WALL03,Daniel Wallin,2016-11-26,5.48,58
2013WALL03,Daniel Wallin,2016-11-26,4.36,59
2013WALL03,Daniel Wallin,2016-11-26,3.76,60
2013WALL03,Daniel Wallin,2017-03-04,5.1,61
2013WALL03,Daniel Wallin,2017-03-04,4.36,62
2013WALL03,Daniel Wallin,2017-03-18,4.25,63
2013WALL03,Daniel Wallin,2017-03-18,3.97,64
2013WALL03,Daniel Wallin,2017-03-18,4.74,65
2013WALL03,Daniel Wallin,2017-04-08,5.66,66
2013WALL03,Daniel Wallin,2017-04-08,5.04,67
2013WALL03,Daniel Wallin,2017-04-29,4.45,68
2013WALL03,Daniel Wallin,2017-04-29,5.35,69
2013WALL03,Daniel Wallin,2017-04-29,4.48,70
2013WALL03,Daniel Wallin,2017-05-26,4.62,71
2013WALL03,Daniel Wallin,2017-05-26,4.13,72
2013WALL03,Daniel Wallin,2017-05-26,4.05,73
2013WALL03,Daniel Wallin,2017-07-08,3.56,74
2013WALL03,Daniel Wallin,2017-07-08,4.04,75
2013WALL03,Daniel Wallin,2017-07-13,4.09,76
2013WALL03,Daniel Wallin,2017-07-13,3.91,77
2013WALL03,Daniel Wallin,2017-07-13,4.7,78
2013WALL03,Daniel Wallin,2017-07-29,4.73,79
2013WALL03,Daniel Wallin,2017-07-29,4.52,80
2013WALL03,Daniel Wallin,2017-07-29,5.3,81
2013WALL03,Daniel Wallin,2017-09-10,3.68,82
2013WALL03,Daniel Wallin,2017-09-30,5.19,83
2013WALL03,Daniel Wallin,2017-09-30,4.25,84
2013WALL03,Daniel Wallin,2017-09-30,4.02,85
2013WALL03,Daniel Wallin,2017-11-11,4.6,86
2013WALL03,Daniel Wallin,2017-11-11,4.04,87
2013WALL03,Daniel Wallin,2017-12-02,4.96,88
2013WALL03,Daniel Wallin,2017-12-02,4.82,89
2013WALL03,Daniel Wallin,2018-02-24,4.27,90
2013WALL03,Daniel Wallin,2018-02-24,3.79,91
2013WALL03,Daniel Wallin,2018-02-24,3.82,92
2013WALL03,Daniel Wallin,2018-03-17,3.99,93
2013WALL03,Daniel Wallin,2018-03-17,3.38,94
2013WALL03,Daniel Wallin,2018-03-31,4.29,95
2013WALL03,Daniel Wallin,2018-03-31,3.14,96
2013WALL03,Daniel Wallin,2018-03-31,3.6,97
2013WALL03,Daniel Wallin,2018-04-06,4.01,98
2013WALL03,Daniel Wallin,2018-04-06,4.72,99
2013WALL03,Daniel Wallin,2018-04-06,4.28,100
2013WALL03,Daniel Wallin,2018-04-28,3.99,101
2013WALL03,Daniel Wallin,2018-04-28,3.62,102
2013WALL03,Daniel Wallin,2018-05-11,4.39,103
2013WALL03,Daniel Wallin,2018-05-11,4.53,104
2013WALL03,Daniel Wallin,2018-05-11,4.37,105
2013WALL03,Daniel Wallin,2018-06-30,3.78,106
2013WALL03,Daniel Wallin,2018-06-30,4.0,107
2013WALL03,Daniel Wallin,2018-06-30,4.9,108
2013WALL03,Daniel Wallin,2018-07-19,4.25,109
2013WALL03,Daniel Wallin,2018-07-19,4.49,110
2013WALL03,Daniel Wallin,2018-07-19,4.92,111
2013WALL03,Daniel Wallin,2018-08-24,4.41,112
2013WALL03,Daniel Wallin,2018-08-24,3.87,113
2013WALL03,Daniel Wallin,2018-08-24,5.16,114
2013WALL03,Daniel Wallin,2018-09-01,3.5,115
2013WALL03,Daniel Wallin,2018-09-01,3.75,116
2013WALL03,Daniel Wallin,2018-09-01,3.38,117
2013WALL03,Daniel Wallin,2018-09-07,2.9,118
2013WALL03,Daniel Wallin,2018-09-07,3.65,119
2013WALL03,Daniel Wallin,2018-09-15,4.36,120
2013WALL03,Daniel Wallin,2018-09-15,6.67,121
2013WALL03,Daniel Wallin,2018-09-22,3.18,122
2013WALL03,Daniel Wallin,2018-09-22,3.6,123
2013WALL03,Daniel Wallin,2018-09-22,3.92,124
2013WALL03,Daniel Wallin,2018-10-12,4.28,125
2013WALL03,Daniel Wallin,2018-10-12,4.88,126
2013WALL03,Daniel Wallin,2018-10-20,4.19,127
2013WALL03,Daniel Wallin,2018-10-20,3.42,128
2013WALL03,Daniel Wallin,2018-10-20,4.17,129
2013WALL03,Daniel Wallin,2018-10-26,3.63,130
2013WALL03,Daniel Wallin,2018-10-26,3.54,131
2013WALL03,Daniel Wallin,2018-10-26,4.52,132
2013WALL03,Daniel Wallin,2018-11-02,3.16,133
2013WALL03,Daniel Wallin,2018-11-02,4.36,134
2013WALL03,Daniel Wallin,2018-11-02,4.29,135
2013WALL03,Daniel Wallin,2018-11-16,6.11,136
2013WALL03,Daniel Wallin,2018-11-16,4.34,137
2013WALL03,Daniel Wallin,2018-11-16,3.91,138
2013WALL03,Daniel Wallin,2018-11-30,5.12,139
2013WALL03,Daniel Wallin,2018-11-30,4.38,140
2013WALL03,Daniel Wallin,2018-11-30,4.45,141
2013WALL03,Daniel Wallin,2019-01-26,3.65,142
2013WALL03,Daniel Wallin,2019-01-26,4.37,143
2013WALL03,Daniel Wallin,2019-01-26,5.2,144
2013WALL03,Daniel Wallin,2019-03-09,4.13,145
2013WALL03,Daniel Wallin,2019-03-09,3.5,146
2013WALL03,Daniel Wallin,2019-03-09,3.78,147
2013WALL03,Daniel Wallin,2019-03-29,4.98,148
2013WALL03,Daniel Wallin,2019-03-29,3.17,149
2013WALL03,Daniel Wallin,2019-03-29,3.32,150
2013WALL03,Daniel Wallin,2019-04-13,4.48,151
2013WALL03,Daniel Wallin,2019-04-13,4.58,152
2013WALL03,Daniel Wallin,2019-05-03,6.02,153
2013WALL03,Daniel Wallin,2019-05-03,4.32,154
2013WALL03,Daniel Wallin,2019-05-03,4.37,155
2013WALL03,Daniel Wallin,2019-05-30,4.35,156
2013WALL03,Daniel Wallin,2019-05-30,4.18,157
2013WALL03,Daniel Wallin,2019-05-30,4.06,158
2013WALL03,Daniel Wallin,2019-05-30,4.99,159
2013WALL03,Daniel Wallin,2019-06-22,6.23,160
2013WALL03,Daniel Wallin,2019-06-22,5.08,161
2013WALL03,Daniel Wallin,2019-06-22,4.34,162
2013WALL03,Daniel Wallin,2019-07-11,4.37,163
2013WALL03,Daniel Wallin,2019-07-11,4.07,164
2013WALL03,Daniel Wallin,2019-08-03,5.06,165
2013WALL03,Daniel Wallin,2019-08-03,3.99,166
2013WALL03,Daniel Wallin,2019-08-03,4.23,167
2013WALL03,Daniel Wallin,2019-08-10,3.09,168
2013WALL03,Daniel Wallin,2019-08-10,5.96,169
2013WALL03,Daniel Wallin,2019-09-13,3.97,170
2013WALL03,Daniel Wallin,2019-09-13,5.0,171
2013WALL03,Daniel Wallin,2019-10-05,4.33,172
2013WALL03,Daniel Wallin,2019-10-05,5.58,173
2013WALL03,Daniel Wallin,2019-10-05,4.88,174
2013WALL03,Daniel Wallin,2019-10-17,4.14,175
2013WALL03,Daniel Wallin,2019-10-17,3.62,176
2013WALL03,Daniel Wallin,2019-10-17,4.03,177
2013WALL03,Daniel Wallin,2019-11-02,6.34,178
2013WALL03,Daniel Wallin,2019-11-02,4.24,179
2013WALL03,Daniel Wallin,2019-11-02,3.12,180
2013WALL03,Daniel Wallin,2019-12-07,4.51,181
2013WALL03,Daniel Wallin,2019-12-07,5.86,182
2013WALL03,Daniel Wallin,2019-12-07,4.68,183
2013WALL03,Daniel Wallin,2020-01-04,4.82,184
2013WALL03,Daniel Wallin,2020-01-04,6.32,185
2013WALL03,Daniel Wallin,2020-01-31,4.12,186
2013WALL03,Daniel Wallin,2020-01-31,4.27,187
2013WALL03,Daniel Wallin,2020-01-31,4.38,188
2013WALL03,Daniel Wallin,2020-09-26,4.28,189
2013WALL03,Daniel Wallin,2020-09-26,4.53,190
2013WALL03,Daniel Wallin,2021-08-14,4.44,191
2013WALL03,Daniel Wallin,2021-08-14,5.84,192
2013WALL03,Daniel Wallin,2021-09-04,4.7,193
2013WALL03,Daniel Wallin,2021-09-04,5.68,194
2013WALL03,Daniel Wallin,2021-10-02,4.81,195
2013WALL03,Daniel Wallin,2021-10-02,5.12,196
2013WALL03,Daniel Wallin,2021-10-02,4.72,197
2013WALL03,Daniel Wallin,2021-10-08,5.07,198
2013WALL03,Daniel Wallin,2021-10-08,4.33,199
2013WALL03,Daniel Wallin,2021-11-05,4.9,200
2013WALL03,Daniel Wallin,2021-11-05,4.37,201
2013WALL03,Daniel Wallin,2021-11-05,4.1,202
2013WALL03,Daniel Wallin,2021-11-12,4.77,203
2013WALL03,Daniel Wallin,2021-11-12,3.55,204
2013WALL03,Daniel Wallin,2021-11-27,4.18,205
2013WALL03,Daniel Wallin,2021-11-27,4.33,206
2013WALL03,Daniel Wallin,2021-11-27,4.77,207
2013WALL03,Daniel Wallin,2022-03-05,4.8,208
2013WALL03,Daniel Wallin,2022-03-05,4.6,209
2013WALL03,Daniel Wallin,2022-04-01,5.05,210
2013WALL03,Daniel Wallin,2022-04-01,5.06,211
2013WALL03,Daniel Wallin,2022-04-01,4.31,212
2013WALL03,Daniel Wallin,2022-04-29,4.53,213
2013WALL03,Daniel Wallin,2022-04-29,4.27,214
2013WALL03,Daniel Wallin,2022-04-29,4.44,215
2013WALL03,Daniel Wallin,2022-06-11,4.81,216
2013WALL03,Daniel Wallin,2022-06-11,3.83,217
2013WALL03,Daniel Wallin,2022-06-24,4.27,218
2013WALL03,Daniel Wallin,2022-06-24,4.43,219
2013WALL03,Daniel Wallin,2022-06-24,5.08,220
2013WALL03,Daniel Wallin,2022-07-09,4.44,221
2013WALL03,Daniel Wallin,2022-07-09,4.04,222
2013WALL03,Daniel Wallin,2022-10-14,3.87,223
2013WALL03,Daniel Wallin,2022-10-28,4.37,224
2013WALL03,Daniel Wallin,2022-10-28,4.77,225
2013WALL03,Daniel Wallin,2022-10-28,3.58,226
2013WALL03,Daniel Wallin,2022-11-19,4.96,227
2013WALL03,Daniel Wallin,2022-11-19,4.1,228
2013WALL03,Daniel Wallin,2022-11-19,4.9,229
2013WALL03,Daniel Wallin,2022-11-28,4.18,230
2013WALL03,Daniel Wallin,2022-12-11,4.6,231
2013WALL03,Daniel Wallin,2022-12-11,4.51,232
2013WALL03,Daniel Wallin,2022-12-17,4.59,233
2013WALL03,Daniel Wallin,2022-12-17,4.51,234
2013WALL03,Daniel Wallin,2022-12-17,3.71,235
2013WALL03,Daniel Wallin,2022-12-26,4.7,236
2013WALL03,Daniel Wallin,2023-01-07,3.45,237
2013WALL03,Daniel Wallin,2023-01-07,4.73,238
2013WALL03,Daniel Wallin,2023-01-13,3.74,239
2013WALL03,Daniel Wallin,2023-01-28,4.55,240
2013WALL03,Daniel Wallin,2023-01-28,5.13,241
2013WALL03,Daniel Wallin,2023-01-28,3.84,242
2013WALL03,Daniel Wallin,2023-02-03,4.36,243
2013WALL03,Daniel Wallin,2023-02-11,5.79,244
2013WALL03,Daniel Wallin,2023-02-16,4.9,245
2013WALL03,Daniel Wallin,2023-03-04,4.01,246
2013WALL03,Daniel Wallin,2023-03-04,4.11,247
2013WALL03,Daniel Wallin,2023-03-04,5.28,248
2013WALL03,Daniel Wallin,2023-03-25,3.86,249
2013WALL03,Daniel Wallin,2023-03-25,3.73,250
2013WALL03,Daniel Wallin,2023-03-25,4.76,251
2013WALL03,Daniel Wallin,2023-03-29,4.31,252
2013WALL03,Daniel Wallin,2023-04-10,4.46,253
2013WALL03,Daniel Wallin,2023-04-10,3.94,254
2013WALL03,Daniel Wallin,2023-04-15,4.02,255
2013WALL03,Daniel Wallin,2023-04-15,4.5,256
2013WALL03,Daniel Wallin,2023-04-29,3.88,257
2013WALL03,Daniel Wallin,2023-04-29,3.93,258
2013WALL03,Daniel Wallin,2023-04-29,3.96,259
2013WALL03,Daniel Wallin,2023-05-06,4.42,260
2013WALL03,Daniel Wallin,2023-05-06,4.54,261
2013WALL03,Daniel Wallin,2023-05-13,4.73,262
2013WALL03,Daniel Wallin,2023-05-13,4.47,263
2013WALL03,Daniel Wallin,2023-05-20,4.67,264
2013WALL03,Daniel Wallin,2023-05-20,4.98,265
2013WALL03,Daniel Wallin,2023-05-24,4.8,266
2013WALL03,Daniel Wallin,2023-05-29,3.76,267
2013WALL03,Daniel Wallin,2023-06-03,4.46,268
2013WALL03,Daniel Wallin,2023-06-03,4.37,269
2013WALL03,Daniel Wallin,2023-06-03,3.6,270
2013WALL03,Daniel Wallin,2023-06-16,3.61,271
2013WALL03,Daniel Wallin,2023-06-16,4.46,272
2013WALL03,Daniel Wallin,2023-06-16,3.56,273
2013WALL03,Daniel Wallin,2023-07-08,5.17,274
2013WALL03,Daniel Wallin,2023-07-08,3.94,275
2013WALL03,Daniel Wallin,2023-07-22,4.78,276
2013WALL03,Daniel Wallin,2023-07-22,3.24,277
2013WALL03,Daniel Wallin,2023-08-07,4.29,278
2013WALL03,Daniel Wallin,2023-09-09,3.51,279
2013WALL03,Daniel Wallin,2023-09-09,3.79,280
2013WALL03,Daniel Wallin,2023-09-09,3.79,281
2013WALL03,Daniel Wallin,2023-10-07,4.31,282
2013WALL03,Daniel Wallin,2023-10-07,3.8,283
2013WALL03,Daniel Wallin,2023-10-07,4.94,284
2013WALL03,Daniel Wallin,2023-10-19,4.34,285
2013WALL03,Daniel Wallin,2023-10-23,3.57,286
2013WALL03,Daniel Wallin,2023-10-28,4.7,287
2013WALL03,Daniel Wallin,2023-10-28,4.68,288
2013WALL03,Daniel Wallin,2023-11-11,5.03,289
2013WALL03,Daniel Wallin,2023-11-11,4.21,290
2013WALL03,Daniel Wallin,2023-11-13,3.69,291
2013WALL03,Daniel Wallin,2023-11-18,4.26,292
2013WALL03,Daniel Wallin,2023-12-02,4.57,293
2013WALL03,Daniel Wallin,2023-12-02,4.57,294
2013WALL03,Daniel Wallin,2023-12-06,3.59,295
2013WALL03,Daniel Wallin,2023-12-08,3.47,296
2013WALL03,Daniel Wallin,2023-12-08,4.08,297
2013WALL03,Daniel Wallin,2024-01-11,3.49,298
2013WALL03,Daniel Wallin,2024-01-13,3.55,299
2013WALL03,Daniel Wallin,2024-01-22,4.89,300
2013WALL03,Daniel Wallin,2024-01-28,4.05,301
2013WALL03,Daniel Wallin,2024-02-03,3.26,302
2013WALL03,Daniel Wallin,2024-03-02,4.52,303
2013WALL03,Daniel Wallin,2024-03-02,3.7,304
2013WALL03,Daniel Wallin,2024-03-14,4.48,305
2013WALL03,Daniel Wallin,2024-03-23,3.72,306
2013WALL03,Daniel Wallin,2024-04-06,4.37,307
2013WALL03,Daniel Wallin,2024-04-06,4.83,308
2013WALL03,Daniel Wallin,2024-04-13,3.46,309
2013WALL03,Daniel Wallin,2024-04-20,3.92,310
2013WALL03,Daniel Wallin,2024-04-20,3.87,311
2013WALL03,Daniel Wallin,2024-04-22,3.6,312
2013WALL03,Daniel Wallin,2024-05-10,5.19,313
2013WALL03,Daniel Wallin,2024-05-10,3.99,314
2013WALL03,Daniel Wallin,2024-05-10,4.1,315
2013WALL03,Daniel Wallin,2024-05-19,5.06,316
2013WALL03,Daniel Wallin,2024-05-19,3.6,317
2013WALL03,Daniel Wallin,2024-06-01,5.45,318
2013WALL03,Daniel Wallin,2024-06-05,4.51,319
2013WALL03,Daniel Wallin,2024-06-15,4.14,320
2013WALL03,Daniel Wallin,2024-06-15,4.52,321
2013WALL03,Daniel Wallin,2024-06-19,3.85,322
2013WALL03,Daniel Wallin,2024-06-24,4.64,323
2013WALL03,Daniel Wallin,2024-06-28,4.24,324
2013WALL03,Daniel Wallin,2024-06-28,4.57,325
2013WALL03,Daniel Wallin,2024-07-06,3.47,326
2013WALL03,Daniel Wallin,2024-07-06,5.46,327
2013WALL03,Daniel Wallin,2024-07-19,5.1,328
2013WALL03,Daniel Wallin,2024-07-19,4.76,329
2013WALL03,Daniel Wallin,2024-07-19,4.25,330
2013WALL03,Daniel Wallin,2024-08-19,4.6,331
2013WALL03,Daniel Wallin,2024-08-24,4.64,332
2013WALL03,Daniel Wallin,2024-09-06,4.05,333
2013WALL03,Daniel Wallin,2024-09-06,4.24,334
2013WALL03,Daniel Wallin,2024-09-06,3.66,335
2013WALL03,Daniel Wallin,2024-10-05,4.74,336
2013WALL03,Daniel Wallin,2024-10-05,4.84,337
2013WALL03,Daniel Wallin,2024-10-05,4.07,338
2013WALL03,Daniel Wallin,2024-10-26,3.67,339
2013WALL03,Daniel Wallin,2024-10-26,4.79,340
2013WALL03,Daniel Wallin,2024-10-31,5.38,341
2013WALL03,Daniel Wallin,2024-11-02,3.53,342
2013WALL03,Daniel Wallin,2024-11-08,3.35,343
2013WALL03,Daniel Wallin,2024-11-08,3.91,344
2013WALL03,Daniel Wallin,2024-11-08,5.03,345
2013WALL03,Daniel Wallin,2024-11-16,5.03,346
2013WALL03,Daniel Wallin,2024-11-16,3.86,347
2013WALL03,Daniel Wallin,2024-11-23,3.91,348
2013WALL03,Daniel Wallin,2024-11-23,5.42,349
2013WALL03,Daniel Wallin,2024-11-23,3.54,350
2013WALL03,Daniel Wallin,2024-11-25,4.0,351
2013WALL03,Daniel Wallin,2024-12-07,4.3,352
2013WALL03,Daniel Wallin,2024-12-14,3.94,353
2013WALL03,Daniel Wallin,2024-12-14,4.47,354
2013WALL03,Daniel Wallin,2024-12-16,4.06,355
2013WALL03,Daniel Wallin,2024-12-19,5.52,356
2013WALL03,Daniel Wallin,2024-12-27,6.07,357
2013WALL03,Daniel Wallin,2024-12-27,4.8,358
2013WALL03,Daniel Wallin,2024-12-27,4.08,359
2013WALL03,Daniel Wallin,2025-01-09,3.93,360
2013WALL03,Daniel Wallin,2025-01-16,5.6,361
2013WALL03,Daniel Wallin,2025-01-18,4.26,362
2013WALL03,Daniel Wallin,2025-02-22,4.71,363
2013WALL03,Daniel Wallin,2025-02-22,4.04,364
2013WALL03,Daniel Wallin,2025-03-01,4.65,365
2013WALL03,Daniel Wallin,2025-03-18,4.08,366
2013WALL03,Daniel Wallin,2025-04-05,4.44,367
2013WALL03,Daniel Wallin,2025-04-06,5.76,368
2013WALL03,Daniel Wallin,2025-04-06,3.95,369
2013WALL03,Daniel Wallin,2025-04-21,3.86,370
2013WALL03,Daniel Wallin,2025-04-26,4.28,371
2013WALL03,Daniel Wallin,2025-05-10,3.89,372
2013WALL03,Daniel Wallin,2025-05-16,4.98,373
2013WALL03,Daniel Wallin,2025-05-16,5.06,374
2013WALL03,Daniel Wallin,2025-06-06,4.28,375
2013WALL03,Daniel Wallin,2025-06-06,3.88,376
2013WALL03,Daniel Wallin,2025-06-06,5.13,377
2013WALL03,Daniel Wallin,2025-06-16,3.66,378
2013WALL03,Daniel Wallin,2025-06-17,5.03,379
2013WALL03,Daniel Wallin,2025-07-19,4.11,380
2013WALL03,Daniel Wallin,2025-07-19,3.86,381
2013WALL03,Daniel Wallin,2025-08-21,5.02,382
2013WALL03,Daniel Wallin,2025-08-29,3.75,383
2013WALL03,Daniel Wallin,2025-08-29,4.01,384
2013WALL03,Daniel Wallin,2025-08-29,3.67,385
2013WALL03,Daniel Wallin,2025-09-27,3.77,386
2013WALL03,Daniel Wallin,2025-09-27,4.23,387
2013WALL03,Daniel Wallin,2025-10-25,4.64,388
2013WALL03,Daniel Wallin,2025-10-25,3.72,389
2013WALL03,Daniel Wallin,2025-11-06,3.91,390
2013WALL03,Daniel Wallin,2025-11-11,4.1,391
2013WALL03,Daniel Wallin,2025-11-15,4.21,392
2013WALL03,Daniel Wallin,2025-11-15,4.09,393
2013WALL03,Daniel Wallin,2025-11-29,4.75,394
2013WALL03,Daniel Wallin,2025-11-29,4.9,395
2013WALL03,Daniel Wallin,2025-11-29,4.2,396
2013WALL03,Daniel Wallin,2025-12-04,4.03,397
2013WALL03,Daniel Wallin,2025-12-06,5.21,398
2013WALL03,Daniel Wallin,2025-12-06,3.9,399
2013WALL03,Daniel Wallin,2025-12-06,4.16,400
2013WALL03,Daniel Wallin,2025-12-13,3.5,401
2013WALL03,Daniel Wallin,2025-12-13,3.61,402
2013WALL03,Daniel Wallin,2025-12-18,4.07,403
2013WALL03,Daniel Wallin,2025-12-31,4.88,404
2013WALL03,Daniel Wallin,2026-01-05,5.89,405
2013WALL03,Daniel Wallin,2026-01-06,5.64,406
2013WALL03,Daniel Wallin,2026-01-10,4.89,407
2013WALL03,Daniel Wallin,2026-01-10,4.27,408
2013WALL03,Daniel Wallin,2026-01-10,4.79,409
2013WALL03,Daniel Wallin,2026-01-23,3.67,410
2013WALL03,Daniel Wallin,2026-01-23,5.37,411
2013WALL03,Daniel Wallin,2026-01-31,3.53,412
2013WALL03,Daniel Wallin,2026-02-07,4.57,413
2013WALL03,Daniel Wallin,2026-02-14,4.48,414
2013WALL03,Daniel Wallin,2026-02-21,4.03,415
2013WALL03,Daniel Wallin,2026-03-06,4.15,416
2013WALL03,Daniel Wallin,2026-03-06,3.91,417
2013WALL03,Daniel Wallin,2026-03-06,4.36,418
2013WALL03,Daniel Wallin,2026-03-14,4.6,419
2013WALL03,Daniel Wallin,2026-03-19,5.15,420
2013WALL03,Daniel Wallin,2026-03-21,4.11,421
2013WALL03,Daniel Wallin,2026-03-21,3.51,422
2013WALL03,Daniel Wallin,2026-04-02,3.56,423
2013WALL03,Daniel Wallin,2026-04-11,4.46,424
2013WALL03,Daniel Wallin,2026-04-17,4.27,425
2013WALL03,Daniel Wallin,2026-04-17,3.3,426
2013WALL03,Daniel Wallin,2026-04-17,4.98,427
2013WALL03,Daniel Wallin,2026-05-01,4.18,428
2013WALL03,Daniel Wallin,2026-05-01,3.64,429
2013WALL03,Daniel Wallin,2026-05-09,6.21,430
2014LAFO01,Anthony Lafourcade,2014-05-10,8.42,1
2014LAFO01,Anthony Lafourcade,2014-07-12,5.76,2
2014LAFO01,Anthony Lafourcade,2014-07-12,7.6,3
2014LAFO01,Anthony Lafourcade,2014-08-02,7.11,4
2014LAFO01,Anthony Lafourcade,2014-08-02,5.83,5
2014LAFO01,Anthony Lafourcade,2014-09-13,5.71,6
2014LAFO01,Anthony Lafourcade,2014-11-01,6.7,7
2014LAFO01,Anthony Lafourcade,2014-11-01,4.72,8
2014LAFO01,Anthony Lafourcade,2015-01-31,5.07,9
2014LAFO01,Anthony Lafourcade,2015-01-31,4.84,10
2014LAFO01,Anthony Lafourcade,2015-01-31,4.15,11
2014LAFO01,Anthony Lafourcade,2015-02-21,4.6,12
2014LAFO01,Anthony Lafourcade,2015-03-14,4.82,13
2014LAFO01,Anthony Lafourcade,2015-03-14,4.67,14
2014LAFO01,Anthony Lafourcade,2015-03-14,4.43,15
2014LAFO01,Anthony Lafourcade,2015-04-11,4.62,16
2014LAFO01,Anthony Lafourcade,2015-04-18,3.89,17
2014LAFO01,Anthony Lafourcade,2015-07-17,4.11,18
2014LAFO01,Anthony Lafourcade,2015-07-17,4.89,19
2014LAFO01,Anthony Lafourcade,2015-08-01,4.29,20
2014LAFO01,Anthony Lafourcade,2015-08-01,4.34,21
2014LAFO01,Anthony Lafourcade,2015-09-12,4.65,22
2014LAFO01,Anthony Lafourcade,2015-10-24,3.94,23
2014LAFO01,Anthony Lafourcade,2015-12-19,4.47,24
2014LAFO01,Anthony Lafourcade,2015-12-19,3.79,25
2014LAFO01,Anthony Lafourcade,2016-03-05,4.12,26
2014LAFO01,Anthony Lafourcade,2016-03-05,4.27,27
2014LAFO01,Anthony Lafourcade,2016-03-05,4.87,28
2014LAFO01,Anthony Lafourcade,2016-04-16,4.93,29
2014LAFO01,Anthony Lafourcade,2016-04-30,4.42,30
2014LAFO01,Anthony Lafourcade,2016-05-21,4.24,31
2014LAFO01,Anthony Lafourcade,2016-05-21,4.26,32
2014LAFO01,Anthony Lafourcade,2016-07-15,3.75,33
2014LAFO01,Anthony Lafourcade,2016-07-15,3.98,34
2014LAFO01,Anthony Lafourcade,2016-07-15,4.46,35
2014LAFO01,Anthony Lafourcade,2016-08-06,3.23,36
2014LAFO01,Anthony Lafourcade,2016-08-06,3.02,37
2014LAFO01,Anthony Lafourcade,2016-08-06,3.44,38
2014LAFO01,Anthony Lafourcade,2016-09-10,4.03,39
2014LAFO01,Anthony Lafourcade,2016-11-01,4.11,40
2014LAFO01,Anthony Lafourcade,2016-11-11,3.09,41
2014LAFO01,Anthony Lafourcade,2016-11-11,3.42,42
2014LAFO01,Anthony Lafourcade,2016-11-11,3.44,43
2014LAFO01,Anthony Lafourcade,2016-12-03,3.7,44
2014LAFO01,Anthony Lafourcade,2016-12-03,3.76,45
2014LAFO01,Anthony Lafourcade,2016-12-17,3.57,46
2014LAFO01,Anthony Lafourcade,2016-12-17,3.41,47
2014LAFO01,Anthony Lafourcade,2017-02-11,3.51,48
2014LAFO01,Anthony Lafourcade,2017-02-11,3.43,49
2014LAFO01,Anthony Lafourcade,2017-02-11,3.41,50
2014LAFO01,Anthony Lafourcade,2017-03-04,4.42,51
2014LAFO01,Anthony Lafourcade,2017-03-04,3.21,52
2014LAFO01,Anthony Lafourcade,2017-04-08,3.86,53
2014LAFO01,Anthony Lafourcade,2017-05-20,2.99,54
2014LAFO01,Anthony Lafourcade,2017-05-20,3.23,55
2014LAFO01,Anthony Lafourcade,2017-07-13,3.55,56
2014LAFO01,Anthony Lafourcade,2017-07-13,3.01,57
2014LAFO01,Anthony Lafourcade,2017-07-13,3.59,58
2014LAFO01,Anthony Lafourcade,2017-09-09,3.17,59
2014LAFO01,Anthony Lafourcade,2017-11-25,3.07,60
2014LAFO01,Anthony Lafourcade,2017-11-25,3.21,61
2014LAFO01,Anthony Lafourcade,2017-12-16,3.66,62
2014LAFO01,Anthony Lafourcade,2017-12-16,3.06,63
2014LAFO01,Anthony Lafourcade,2018-01-20,3.39,64
2014LAFO01,Anthony Lafourcade,2018-01-20,3.56,65
2014LAFO01,Anthony Lafourcade,2018-01-20,3.32,66
2014LAFO01,Anthony Lafourcade,2018-02-17,3.59,67
2014LAFO01,Anthony Lafourcade,2018-03-31,3.62,68
2014LAFO01,Anthony Lafourcade,2018-03-31,3.44,69
2014LAFO01,Anthony Lafourcade,2018-04-28,3.12,70
2014LAFO01,Anthony Lafourcade,2018-04-28,3.27,71
2014LAFO01,Anthony Lafourcade,2018-06-10,3.04,72
2014LAFO01,Anthony Lafourcade,2018-07-19,3.12,73
2014LAFO01,Anthony Lafourcade,2018-07-19,3.41,74
2014LAFO01,Anthony Lafourcade,2018-07-19,2.6,75
2014LAFO01,Anthony Lafourcade,2018-07-19,3.72,76
2014LAFO01,Anthony Lafourcade,2018-08-25,3.02,77
2014LAFO01,Anthony Lafourcade,2018-08-25,2.96,78
2014LAFO01,Anthony Lafourcade,2018-09-08,3.65,79
2014LAFO01,Anthony Lafourcade,2018-10-06,3.39,80
2014LAFO01,Anthony Lafourcade,2018-10-06,2.88,81
2014LAFO01,Anthony Lafourcade,2019-02-16,2.69,82
2014LAFO01,Anthony Lafourcade,2019-03-09,2.84,83
2014LAFO01,Anthony Lafourcade,2019-03-09,3.1,84
2014LAFO01,Anthony Lafourcade,2019-03-09,2.89,85
2014LAFO01,Anthony Lafourcade,2019-04-06,2.75,86
2014LAFO01,Anthony Lafourcade,2019-04-06,3.4,87
2014LAFO01,Anthony Lafourcade,2019-04-20,3.04,88
2014LAFO01,Anthony Lafourcade,2019-04-20,2.94,89
2014LAFO01,Anthony Lafourcade,2019-04-20,2.78,90
2014LAFO01,Anthony Lafourcade,2019-05-18,3.02,91
2014LAFO01,Anthony Lafourcade,2019-05-18,2.79,92
2014LAFO01,Anthony Lafourcade,2019-06-16,2.88,93
2014LAFO01,Anthony Lafourcade,2019-07-11,2.97,94
2014LAFO01,Anthony Lafourcade,2019-07-11,3.13,95
2014LAFO01,Anthony Lafourcade,2019-07-11,3.77,96
2014LAFO01,Anthony Lafourcade,2019-08-10,3.05,97
2014LAFO01,Anthony Lafourcade,2019-08-10,3.48,98
2014LAFO01,Anthony Lafourcade,2019-09-07,2.78,99
2014LAFO01,Anthony Lafourcade,2019-09-07,2.75,100
2014LAFO01,Anthony Lafourcade,2019-10-19,2.85,101
2014LAFO01,Anthony Lafourcade,2019-10-19,3.18,102
2014LAFO01,Anthony Lafourcade,2019-10-26,2.51,103
2014LAFO01,Anthony Lafourcade,2019-10-26,3.16,104
2014LAFO01,Anthony Lafourcade,2019-11-01,2.73,105
2014LAFO01,Anthony Lafourcade,2019-11-01,2.82,106
2014LAFO01,Anthony Lafourcade,2019-11-01,2.77,107
2014LAFO01,Anthony Lafourcade,2020-02-15,2.83,108
2014LAFO01,Anthony Lafourcade,2020-02-15,3.08,109
2014LAFO01,Anthony Lafourcade,2020-02-15,3.14,110
2014LAFO01,Anthony Lafourcade,2021-11-13,2.73,111
2014LAFO01,Anthony Lafourcade,2022-02-05,3.08,112
2014LAFO01,Anthony Lafourcade,2022-02-05,2.14,113
2014LAFO01,Anthony Lafourcade,2022-04-16,3.37,114
2014LAFO01,Anthony Lafourcade,2022-04-16,3.5,115
2014LAFO01,Anthony Lafourcade,2022-05-21,2.52,116
2014LAFO01,Anthony Lafourcade,2022-05-21,2.79,117
2014LAFO01,Anthony Lafourcade,2022-06-04,3.17,118
2014LAFO01,Anthony Lafourcade,2022-06-04,2.43,119
2014LAFO01,Anthony Lafourcade,2022-07-02,2.84,120
2014LAFO01,Anthony Lafourcade,2022-07-02,2.47,121
2014LAFO01,Anthony Lafourcade,2022-07-02,2.62,122
2014LAFO01,Anthony Lafourcade,2022-07-14,2.84,123
2014LAFO01,Anthony Lafourcade,2022-07-14,2.68,124
2014LAFO01,Anthony Lafourcade,2022-07-14,2.74,125
2014LAFO01,Anthony Lafourcade,2022-08-26,2.69,126
2014LAFO01,Anthony Lafourcade,2022-08-26,3.82,127
2014LAFO01,Anthony Lafourcade,2022-08-26,2.88,128
2014LAFO01,Anthony Lafourcade,2022-09-24,3.03,129
2014LAFO01,Anthony Lafourcade,2022-10-29,2.87,130
2014LAFO01,Anthony Lafourcade,2022-10-29,2.96,131
2014LAFO01,Anthony Lafourcade,2023-01-14,2.72,132
2014LAFO01,Anthony Lafourcade,2023-01-14,2.69,133
2014LAFO01,Anthony Lafourcade,2023-01-14,2.88,134
2014LAFO01,Anthony Lafourcade,2023-02-18,2.85,135
2014LAFO01,Anthony Lafourcade,2023-02-18,2.64,136
2014LAFO01,Anthony Lafourcade,2023-02-18,2.66,137
2014LAFO01,Anthony Lafourcade,2023-03-18,3.33,138
2014LAFO01,Anthony Lafourcade,2023-03-18,2.84,139
2014LAFO01,Anthony Lafourcade,2023-05-06,3.47,140
2014LAFO01,Anthony Lafourcade,2023-05-06,3.3,141
2014LAFO01,Anthony Lafourcade,2023-05-06,2.39,142
2014LAFO01,Anthony Lafourcade,2023-06-24,3.41,143
2014LAFO01,Anthony Lafourcade,2023-06-24,2.81,144
2014LAFO01,Anthony Lafourcade,2023-07-01,2.69,145
2014LAFO01,Anthony Lafourcade,2023-07-01,3.31,146
2014LAFO01,Anthony Lafourcade,2023-07-08,2.75,147
2014LAFO01,Anthony Lafourcade,2023-07-08,2.56,148
2014LAFO01,Anthony Lafourcade,2023-08-12,2.4,149
2014LAFO01,Anthony Lafourcade,2023-08-12,2.21,150
2014LAFO01,Anthony Lafourcade,2023-08-12,3.04,151
2014LAFO01,Anthony Lafourcade,2023-10-21,2.76,152
2014LAFO01,Anthony Lafourcade,2023-10-21,3.13,153
2014LAFO01,Anthony Lafourcade,2023-10-28,3.85,154
2014LAFO01,Anthony Lafourcade,2023-10-28,3.05,155
2014LAFO01,Anthony Lafourcade,2023-10-28,2.78,156
2014LAFO01,Anthony Lafourcade,2024-01-20,2.66,157
2014LAFO01,Anthony Lafourcade,2024-01-20,3.04,158
2014LAFO01,Anthony Lafourcade,2024-02-10,2.6,159
2014LAFO01,Anthony Lafourcade,2024-02-17,3.06,160
2014LAFO01,Anthony Lafourcade,2024-02-17,3.08,161
2014LAFO01,Anthony Lafourcade,2024-02-17,2.84,162
2014LAFO01,Anthony Lafourcade,2024-03-02,3.07,163
2014LAFO01,Anthony Lafourcade,2024-03-02,2.58,164
2014LAFO01,Anthony Lafourcade,2024-03-16,3.75,165
2014LAFO01,Anthony Lafourcade,2024-03-16,2.6,166
2014LAFO01,Anthony Lafourcade,2024-03-30,3.03,167
2014LAFO01,Anthony Lafourcade,2024-03-30,2.85,168
2014LAFO01,Anthony Lafourcade,2024-04-27,2.76,169
2014LAFO01,Anthony Lafourcade,2024-04-27,2.76,170
2014LAFO01,Anthony Lafourcade,2024-04-27,2.95,171
2014LAFO01,Anthony Lafourcade,2024-05-18,2.6,172
2014LAFO01,Anthony Lafourcade,2024-05-18,2.61,173
2014LAFO01,Anthony Lafourcade,2024-05-25,2.96,174
2014LAFO01,Anthony Lafourcade,2024-05-25,2.79,175
2014LAFO01,Anthony Lafourcade,2024-06-22,2.51,176
2014LAFO01,Anthony Lafourcade,2024-06-22,2.55,177
2014LAFO01,Anthony Lafourcade,2024-06-29,2.92,178
2014LAFO01,Anthony Lafourcade,2024-06-29,2.67,179
2014LAFO01,Anthony Lafourcade,2024-06-29,2.58,180
2014LAFO01,Anthony Lafourcade,2024-07-19,2.97,181
2014LAFO01,Anthony Lafourcade,2024-07-19,2.35,182
2014LAFO01,Anthony Lafourcade,2024-07-19,2.99,183
2014LAFO01,Anthony Lafourcade,2024-07-19,2.95,184
2014LAFO01,Anthony Lafourcade,2024-07-25,2.62,185
2014LAFO01,Anthony Lafourcade,2024-07-25,2.82,186
2014LAFO01,Anthony Lafourcade,2024-07-25,2.63,187
2014LAFO01,Anthony Lafourcade,2024-08-16,3.33,188
2014LAFO01,Anthony Lafourcade,2024-08-16,2.93,189
2014LAFO01,Anthony Lafourcade,2024-09-14,2.74,190
2014LAFO01,Anthony Lafourcade,2024-09-14,2.74,191
2014LAFO01,Anthony Lafourcade,2024-09-21,3.08,192
2014LAFO01,Anthony Lafourcade,2024-09-21,2.31,193
2014LAFO01,Anthony Lafourcade,2024-10-05,2.65,194
2014LAFO01,Anthony Lafourcade,2024-10-05,3.3,195
2014LAFO01,Anthony Lafourcade,2024-10-05,3.04,196
2014LAFO01,Anthony Lafourcade,2024-11-30,2.56,197
2014LAFO01,Anthony Lafourcade,2024-11-30,2.77,198
2014LAFO01,Anthony Lafourcade,2024-11-30,2.44,199
2014LAFO01,Anthony Lafourcade,2025-01-11,2.46,200
2014LAFO01,Anthony Lafourcade,2025-01-11,2.37,201
2014LAFO01,Anthony Lafourcade,2025-01-25,2.27,202
2014LAFO01,Anthony Lafourcade,2025-01-25,2.73,203
2014LAFO01,Anthony Lafourcade,2025-02-15,2.94,204
2014LAFO01,Anthony Lafourcade,2025-02-15,3.24,205
2014LAFO01,Anthony Lafourcade,2025-02-15,2.68,206
2014LAFO01,Anthony Lafourcade,2025-03-22,3.09,207
2014LAFO01,Anthony Lafourcade,2025-03-22,2.72,208
2014LAFO01,Anthony Lafourcade,2025-04-05,3.03,209
2014LAFO01,Anthony Lafourcade,2025-04-05,2.79,210
2014LAFO01,Anthony Lafourcade,2025-04-19,2.26,211
2014LAFO01,Anthony Lafourcade,2025-04-19,2.68,212
2014LAFO01,Anthony Lafourcade,2025-04-19,3.19,213
2014LAFO01,Anthony Lafourcade,2025-05-03,1.89,214
2014LAFO01,Anthony Lafourcade,2025-05-03,2.5,215
2014LAFO01,Anthony Lafourcade,2025-05-03,2.5,216
2014LAFO01,Anthony Lafourcade,2025-05-17,2.29,217
2014LAFO01,Anthony Lafourcade,2025-05-17,3.57,218
2014LAFO01,Anthony Lafourcade,2025-05-17,2.21,219
2014LAFO01,Anthony Lafourcade,2025-05-24,2.57,220
2014LAFO01,Anthony Lafourcade,2025-05-24,2.92,221
2014LAFO01,Anthony Lafourcade,2025-05-24,2.83,222
2014LAFO01,Anthony Lafourcade,2025-06-07,2.37,223
2014LAFO01,Anthony Lafourcade,2025-06-07,3.15,224
2014LAFO01,Anthony Lafourcade,2025-07-03,3.45,225
2014LAFO01,Anthony Lafourcade,2025-07-03,2.23,226
2014LAFO01,Anthony Lafourcade,2025-07-03,2.87,227
2014LAFO01,Anthony Lafourcade,2025-07-19,2.69,228
2014LAFO01,Anthony Lafourcade,2025-08-15,2.61,229
2014LAFO01,Anthony Lafourcade,2025-08-15,2.93,230
2014LAFO01,Anthony Lafourcade,2025-08-22,2.37,231
2014LAFO01,Anthony Lafourcade,2025-08-22,2.3,232
2014LAFO01,Anthony Lafourcade,2025-08-22,2.4,233
2014LAFO01,Anthony Lafourcade,2025-09-06,3.03,234
2014LAFO01,Anthony Lafourcade,2025-10-25,2.5,235
2014LAFO01,Anthony Lafourcade,2025-10-25,2.58,236
2014LAFO01,Anthony Lafourcade,2025-10-25,2.94,237
2014LAFO01,Anthony Lafourcade,2025-11-08,2.03,238
2014LAFO01,Anthony Lafourcade,2025-11-08,2.55,239
2014LAFO01,Anthony Lafourcade,2025-11-08,2.86,240
2014LAFO01,Anthony Lafourcade,2025-11-15,2.76,241
2014LAFO01,Anthony Lafourcade,2025-11-15,2.39,242
2014LAFO01,Anthony Lafourcade,2025-11-22,2.93,243
2014LAFO01,Anthony Lafourcade,2025-11-22,3.24,244
2014LAFO01,Anthony Lafourcade,2026-01-10,2.55,245
2014LAFO01,Anthony Lafourcade,2026-01-10,2.72,246
2014LAFO01,Anthony Lafourcade,2026-01-16,2.88,247
2014LAFO01,Anthony Lafourcade,2026-02-07,2.77,248
2014LAFO01,Anthony Lafourcade,2026-02-07,2.79,249
2014LAFO01,Anthony Lafourcade,2026-02-07,2.75,250
2014LAFO01,Anthony Lafourcade,2026-02-21,2.54,251
2014LAFO01,Anthony Lafourcade,2026-02-21,2.58,252
2014LAFO01,Anthony Lafourcade,2026-02-21,2.85,253
2014LAFO01,Anthony Lafourcade,2026-03-28,3.48,254
2014LAFO01,Anthony Lafourcade,2026-03-28,2.88,255
2014LAFO01,Anthony Lafourcade,2026-04-04,2.95,256
2014LAFO01,Anthony Lafourcade,2026-04-04,2.92,257
2014LAFO01,Anthony Lafourcade,2026-04-04,2.56,258
2014LAFO01,Anthony Lafourcade,2026-04-25,2.55,259
2014LAFO01,Anthony Lafourcade,2026-04-25,2.17,260
2014LAFO01,Anthony Lafourcade,2026-05-08,2.78,261
2014LAFO01,Anthony Lafourcade,2026-05-08,2.95,262
2014LAFO01,Anthony Lafourcade,2026-05-08,2.86,263
2014LAFO01,Anthony Lafourcade,2026-05-23,2.46,264
2014LAFO01,Anthony Lafourcade,2026-05-23,2.47,265
2014PETE03,Tobias Peter,2015-02-21,10.83,1
2014PETE03,Tobias Peter,2015-04-18,11.03,2
2014PETE03,Tobias Peter,2015-05-30,14.89,3
2014PETE03,Tobias Peter,2015-05-30,10.71,4
2014PETE03,Tobias Peter,2015-07-17,8.02,5
2014PETE03,Tobias Peter,2015-07-24,6.92,6
2014PETE03,Tobias Peter,2015-07-24,7.2,7
2014PETE03,Tobias Peter,2015-09-05,5.83,8
2014PETE03,Tobias Peter,2015-09-05,6.07,9
2014PETE03,Tobias Peter,2015-09-26,7.34,10
2014PETE03,Tobias Peter,2015-10-10,7.07,11
2014PETE03,Tobias Peter,2015-10-10,5.81,12
2014PETE03,Tobias Peter,2015-12-05,6.97,13
2014PETE03,Tobias Peter,2015-12-05,5.61,14
2014PETE03,Tobias Peter,2016-01-16,6.91,15
2014PETE03,Tobias Peter,2016-01-16,6.57,16
2014PETE03,Tobias Peter,2016-01-30,7.23,17
2014PETE03,Tobias Peter,2016-01-30,6.77,18
2014PETE03,Tobias Peter,2016-05-21,6.86,19
2014PETE03,Tobias Peter,2016-05-21,5.64,20
2014PETE03,Tobias Peter,2016-07-09,6.8,21
2014PETE03,Tobias Peter,2016-07-15,8.81,22
2014PETE03,Tobias Peter,2016-07-15,8.03,23
2014PETE03,Tobias Peter,2016-08-13,7.25,24
2014PETE03,Tobias Peter,2016-08-13,6.22,25
2014PETE03,Tobias Peter,2016-09-03,5.99,26
2014PETE03,Tobias Peter,2016-09-03,7.12,27
2014PETE03,Tobias Peter,2016-10-08,6.15,28
2014PETE03,Tobias Peter,2016-10-08,6.5,29
2014PETE03,Tobias Peter,2016-10-15,6.83,30
2014PETE03,Tobias Peter,2016-11-05,6.92,31
2014PETE03,Tobias Peter,2016-11-05,5.83,32
2014PETE03,Tobias Peter,2016-11-12,7.07,33
2014PETE03,Tobias Peter,2016-11-12,7.06,34
2014PETE03,Tobias Peter,2016-12-10,7.67,35
2014PETE03,Tobias Peter,2017-01-28,6.48,36
2014PETE03,Tobias Peter,2017-01-28,6.11,37
2014PETE03,Tobias Peter,2017-03-04,6.03,38
2014PETE03,Tobias Peter,2017-03-04,6.39,39
2014PETE03,Tobias Peter,2017-04-29,6.39,40
2014PETE03,Tobias Peter,2017-04-29,7.34,41
2014PETE03,Tobias Peter,2017-06-10,6.08,42
2014PETE03,Tobias Peter,2017-06-10,6.42,43
2014PETE03,Tobias Peter,2017-07-08,6.11,44
2014PETE03,Tobias Peter,2017-07-08,7.16,45
2014PETE03,Tobias Peter,2017-07-13,6.05,46
2014PETE03,Tobias Peter,2017-07-13,4.84,47
2014PETE03,Tobias Peter,2017-07-21,5.85,48
2014PETE03,Tobias Peter,2017-07-21,5.99,49
2014PETE03,Tobias Peter,2017-07-21,4.56,50
2014PETE03,Tobias Peter,2017-08-19,7.43,51
2014PETE03,Tobias Peter,2017-08-26,6.28,52
2014PETE03,Tobias Peter,2017-09-01,5.99,53
2014PETE03,Tobias Peter,2017-09-01,5.01,54
2014PETE03,Tobias Peter,2017-09-01,5.57,55
2014PETE03,Tobias Peter,2017-09-16,5.79,56
2014PETE03,Tobias Peter,2017-09-16,6.16,57
2014PETE03,Tobias Peter,2017-09-22,8.12,58
2014PETE03,Tobias Peter,2017-09-22,5.58,59
2014PETE03,Tobias Peter,2017-10-07,5.77,60
2014PETE03,Tobias Peter,2017-10-14,4.79,61
2014PETE03,Tobias Peter,2017-10-14,5.55,62
2014PETE03,Tobias Peter,2017-10-28,5.14,63
2014PETE03,Tobias Peter,2017-10-28,5.51,64
2014PETE03,Tobias Peter,2017-11-04,5.26,65
2014PETE03,Tobias Peter,2017-11-04,5.47,66
2014PETE03,Tobias Peter,2017-11-11,5.51,67
2014PETE03,Tobias Peter,2017-11-11,5.66,68
2014PETE03,Tobias Peter,2017-11-25,6.27,69
2014PETE03,Tobias Peter,2017-11-25,6.62,70
2014PETE03,Tobias Peter,2017-12-02,6.9,71
2014PETE03,Tobias Peter,2017-12-02,4.92,72
2014PETE03,Tobias Peter,2017-12-16,6.23,73
2014PETE03,Tobias Peter,2017-12-16,6.3,74
2014PETE03,Tobias Peter,2018-01-13,5.86,75
2014PETE03,Tobias Peter,2018-01-20,7.43,76
2014PETE03,Tobias Peter,2018-01-20,4.42,77
2014PETE03,Tobias Peter,2018-01-20,5.78,78
2014PETE03,Tobias Peter,2018-01-27,6.47,79
2014PETE03,Tobias Peter,2018-01-27,5.4,80
2014PETE03,Tobias Peter,2018-02-10,5.76,81
2014PETE03,Tobias Peter,2018-02-10,4.8,82
2014PETE03,Tobias Peter,2018-02-17,5.66,83
2014PETE03,Tobias Peter,2018-02-17,5.15,84
2014PETE03,Tobias Peter,2018-03-25,6.67,85
2014PETE03,Tobias Peter,2018-03-31,8.59,86
2014PETE03,Tobias Peter,2018-03-31,5.8,87
2014PETE03,Tobias Peter,2018-03-31,6.15,88
2014PETE03,Tobias Peter,2018-04-06,5.65,89
2014PETE03,Tobias Peter,2018-04-06,5.94,90
2014PETE03,Tobias Peter,2018-04-28,4.73,91
2014PETE03,Tobias Peter,2018-05-05,5.47,92
2014PETE03,Tobias Peter,2018-05-05,7.55,93
2014PETE03,Tobias Peter,2018-05-12,5.16,94
2014PETE03,Tobias Peter,2018-05-12,7.15,95
2014PETE03,Tobias Peter,2018-05-25,5.26,96
2014PETE03,Tobias Peter,2018-05-25,7.17,97
2014PETE03,Tobias Peter,2018-06-02,6.27,98
2014PETE03,Tobias Peter,2018-06-02,7.5,99
2014PETE03,Tobias Peter,2018-06-09,5.36,100
2014PETE03,Tobias Peter,2018-06-09,5.97,101
2014PETE03,Tobias Peter,2018-06-23,5.81,102
2014PETE03,Tobias Peter,2018-06-23,5.13,103
2014PETE03,Tobias Peter,2018-07-19,5.88,104
2014PETE03,Tobias Peter,2018-07-19,5.01,105
2014PETE03,Tobias Peter,2018-07-19,5.22,106
2014PETE03,Tobias Peter,2018-08-04,6.68,107
2014PETE03,Tobias Peter,2018-08-04,5.1,108
2014PETE03,Tobias Peter,2018-09-01,6.2,109
2014PETE03,Tobias Peter,2018-09-01,4.74,110
2014PETE03,Tobias Peter,2018-09-07,4.38,111
2014PETE03,Tobias Peter,2018-09-07,5.74,112
2014PETE03,Tobias Peter,2018-09-21,5.34,113
2014PETE03,Tobias Peter,2018-09-21,6.98,114
2014PETE03,Tobias Peter,2018-09-21,5.67,115
2014PETE03,Tobias Peter,2018-10-06,6.38,116
2014PETE03,Tobias Peter,2018-10-06,5.81,117
2014PETE03,Tobias Peter,2018-10-27,5.37,118
2014PETE03,Tobias Peter,2018-10-27,7.2,119
2014PETE03,Tobias Peter,2018-11-03,4.89,120
2014PETE03,Tobias Peter,2018-11-10,6.59,121
2014PETE03,Tobias Peter,2018-11-10,7.69,122
2014PETE03,Tobias Peter,2019-01-05,4.88,123
2014PETE03,Tobias Peter,2019-01-05,5.78,124
2014PETE03,Tobias Peter,2019-01-19,5.79,125
2014PETE03,Tobias Peter,2019-01-19,4.78,126
2014PETE03,Tobias Peter,2019-02-09,6.84,127
2014PETE03,Tobias Peter,2019-02-09,6.55,128
2014PETE03,Tobias Peter,2019-02-16,5.43,129
2014PETE03,Tobias Peter,2019-03-02,5.95,130
2014PETE03,Tobias Peter,2019-03-02,6.26,131
2014PETE03,Tobias Peter,2019-03-30,5.89,132
2014PETE03,Tobias Peter,2019-03-30,5.38,133
2014PETE03,Tobias Peter,2019-04-06,6.43,134
2014PETE03,Tobias Peter,2019-04-06,5.92,135
2014PETE03,Tobias Peter,2019-04-13,4.95,136
2014PETE03,Tobias Peter,2019-04-13,6.04,137
2014PETE03,Tobias Peter,2019-04-27,6.23,138
2014PETE03,Tobias Peter,2019-04-27,5.16,139
2014PETE03,Tobias Peter,2019-05-04,5.44,140
2014PETE03,Tobias Peter,2019-05-04,5.32,141
2014PETE03,Tobias Peter,2019-05-18,5.33,142
2014PETE03,Tobias Peter,2019-05-18,5.43,143
2014PETE03,Tobias Peter,2019-05-24,6.19,144
2014PETE03,Tobias Peter,2019-05-24,5.47,145
2014PETE03,Tobias Peter,2019-05-24,6.03,146
2014PETE03,Tobias Peter,2019-06-08,5.99,147
2014PETE03,Tobias Peter,2019-06-08,5.74,148
2014PETE03,Tobias Peter,2019-06-15,6.75,149
2014PETE03,Tobias Peter,2019-06-15,5.49,150
2014PETE03,Tobias Peter,2019-06-22,5.17,151
2014PETE03,Tobias Peter,2019-06-22,5.23,152
2014PETE03,Tobias Peter,2019-06-29,4.78,153
2014PETE03,Tobias Peter,2019-06-29,7.23,154
2014PETE03,Tobias Peter,2019-08-02,6.89,155
2014PETE03,Tobias Peter,2019-08-02,5.63,156
2014PETE03,Tobias Peter,2019-08-24,7.42,157
2014PETE03,Tobias Peter,2019-08-24,5.22,158
2014PETE03,Tobias Peter,2019-09-07,5.31,159
2014PETE03,Tobias Peter,2019-09-07,5.27,160
2014PETE03,Tobias Peter,2019-09-28,5.66,161
2014PETE03,Tobias Peter,2019-09-28,6.26,162
2014PETE03,Tobias Peter,2019-10-19,6.17,163
2014PETE03,Tobias Peter,2019-10-19,5.86,164
2014PETE03,Tobias Peter,2019-10-26,5.87,165
2014PETE03,Tobias Peter,2019-10-26,6.26,166
2014PETE03,Tobias Peter,2019-11-02,4.3,167
2014PETE03,Tobias Peter,2019-11-02,8.56,168
2014PETE03,Tobias Peter,2019-11-09,5.49,169
2014PETE03,Tobias Peter,2019-11-09,6.76,170
2014PETE03,Tobias Peter,2019-11-23,5.17,171
2014PETE03,Tobias Peter,2019-12-07,5.93,172
2014PETE03,Tobias Peter,2019-12-14,6.05,173
2014PETE03,Tobias Peter,2019-12-14,4.89,174
2014PETE03,Tobias Peter,2020-01-04,5.48,175
2014PETE03,Tobias Peter,2020-01-04,5.4,176
2014PETE03,Tobias Peter,2020-02-15,6.2,177
2014PETE03,Tobias Peter,2020-02-15,7.0,178
2014PETE03,Tobias Peter,2020-02-22,5.02,179
2014PETE03,Tobias Peter,2020-02-22,6.54,180
2014PETE03,Tobias Peter,2022-07-02,5.94,181
2014PETE03,Tobias Peter,2022-07-02,6.95,182
2014PETE03,Tobias Peter,2022-09-09,5.95,183
2014PETE03,Tobias Peter,2022-09-09,6.04,184
2014PETE03,Tobias Peter,2022-09-24,6.91,185
2014PETE03,Tobias Peter,2022-11-05,6.04,186
2014PETE03,Tobias Peter,2022-11-05,6.68,187
2014PETE03,Tobias Peter,2022-12-03,5.42,188
2014PETE03,Tobias Peter,2023-04-01,5.61,189
2014PETE03,Tobias Peter,2023-04-08,6.23,190
2014PETE03,Tobias Peter,2023-04-08,7.64,191
2014PETE03,Tobias Peter,2023-04-08,6.9,192
2014PETE03,Tobias Peter,2023-04-15,5.53,193
2014PETE03,Tobias Peter,2023-04-15,5.57,194
2014PETE03,Tobias Peter,2023-04-22,6.26,195
2014PETE03,Tobias Peter,2023-04-22,7.22,196
2014PETE03,Tobias Peter,2023-05-27,5.96,197
2014PETE03,Tobias Peter,2023-05-27,5.84,198
2014PETE03,Tobias Peter,2023-08-12,7.75,199
2014PETE03,Tobias Peter,2023-09-30,6.27,200
2014PETE03,Tobias Peter,2023-10-28,7.02,201
2014PETE03,Tobias Peter,2023-10-28,6.41,202
2014PETE03,Tobias Peter,2023-11-11,6.36,203
2014PETE03,Tobias Peter,2023-12-08,6.97,204
2014PETE03,Tobias Peter,2024-03-02,5.85,205
2014PETE03,Tobias Peter,2024-03-02,6.32,206
2014PETE03,Tobias Peter,2024-03-30,7.69,207
2014PETE03,Tobias Peter,2024-04-02,6.64,208
2014PETE03,Tobias Peter,2024-04-20,6.78,209
2014PETE03,Tobias Peter,2024-04-20,6.17,210
2014PETE03,Tobias Peter,2024-06-01,5.82,211
2014PETE03,Tobias Peter,2024-06-01,6.31,212
2014PETE03,Tobias Peter,2024-06-01,5.73,213
2014PETE03,Tobias Peter,2024-06-08,5.12,214
2014PETE03,Tobias Peter,2024-06-29,6.4,215
2014PETE03,Tobias Peter,2024-06-29,8.16,216
2014PETE03,Tobias Peter,2024-08-10,7.79,217
2014PETE03,Tobias Peter,2024-10-04,5.45,218
2014PETE03,Tobias Peter,2024-10-04,6.27,219
2014PETE03,Tobias Peter,2024-10-19,7.49,220
2014PETE03,Tobias Peter,2024-10-19,8.95,221
2014PETE03,Tobias Peter,2024-10-26,7.04,222
2014PETE03,Tobias Peter,2024-10-26,5.96,223
2014PETE03,Tobias Peter,2024-11-09,6.72,224
2014PETE03,Tobias Peter,2025-01-25,7.97,225
2014PETE03,Tobias Peter,2025-02-25,8.66,226
2014PETE03,Tobias Peter,2025-03-23,7.75,227
2014PETE03,Tobias Peter,2025-04-03,6.15,228
2014PETE03,Tobias Peter,2025-05-24,5.76,229
2014PETE03,Tobias Peter,2025-05-24,6.38,230
2014PETE03,Tobias Peter,2025-06-07,6.06,231
2014PETE03,Tobias Peter,2025-06-21,6.15,232
2014PETE03,Tobias Peter,2025-06-21,6.72,233
2014PETE03,Tobias Peter,2025-07-03,9.47,234
2014PETE03,Tobias Peter,2025-08-10,5.46,235
2014PETE03,Tobias Peter,2025-08-23,6.25,236
2014PETE03,Tobias Peter,2025-08-23,6.97,237
2014PETE03,Tobias Peter,2025-08-30,5.86,238
2014PETE03,Tobias Peter,2025-08-30,5.33,239
2014PETE03,Tobias Peter,2025-08-30,6.63,240
2014PETE03,Tobias Peter,2025-09-20,8.3,241
2014PETE03,Tobias Peter,2025-09-27,8.0,242
2014PETE03,Tobias Peter,2025-09-27,6.11,243
2014PETE03,Tobias Peter,2025-09-27,6.95,244
2014PETE03,Tobias Peter,2025-10-04,5.89,245
2014PETE03,Tobias Peter,2025-10-04,5.14,246
2014PETE03,Tobias Peter,2025-10-11,5.27,247
2014PETE03,Tobias Peter,2025-10-11,7.99,248
2014PETE03,Tobias Peter,2025-10-25,5.56,249
2014PETE03,Tobias Peter,2025-10-25,5.97,250
2014PETE03,Tobias Peter,2025-11-22,7.23,251
2014PETE03,Tobias Peter,2025-11-22,5.8,252
2014PETE03,Tobias Peter,2025-12-06,5.98,253
2014PETE03,Tobias Peter,2025-12-18,5.85,254
2014PETE03,Tobias Peter,2025-12-31,6.52,255
2014PETE03,Tobias Peter,2026-02-21,6.03,256
2014PETE03,Tobias Peter,2026-02-21,6.95,257
2014PETE03,Tobias Peter,2026-02-21,6.55,258
2014PETE03,Tobias Peter,2026-04-18,6.01,259
2014PETE03,Tobias Peter,2026-04-18,4.68,260
2014PETE03,Tobias Peter,2026-04-25,8.39,261
2014PETE03,Tobias Peter,2026-04-25,6.53,262
2014PETE03,Tobias Peter,2026-05-01,6.95,263
2014PETE03,Tobias Peter,2026-05-01,5.19,264
2014PETE03,Tobias Peter,2026-05-23,5.39,265
2014PETE03,Tobias Peter,2026-05-23,5.4,266
2014ZAKR01,Karol Zakrzewski,2016-07-19,20.27,1
2014ZAKR01,Karol Zakrzewski,2016-08-27,11.86,2
2014ZAKR01,Karol Zakrzewski,2016-09-17,9.77,3
2014ZAKR01,Karol Zakrzewski,2016-10-08,9.75,4
2014ZAKR01,Karol Zakrzewski,2016-12-03,6.47,5
2014ZAKR01,Karol Zakrzewski,2016-12-09,6.27,6
2014ZAKR01,Karol Zakrzewski,2016-12-09,10.11,7
2014ZAKR01,Karol Zakrzewski,2016-12-17,8.17,8
2014ZAKR01,Karol Zakrzewski,2017-02-25,6.49,9
2014ZAKR01,Karol Zakrzewski,2017-03-11,5.94,10
2014ZAKR01,Karol Zakrzewski,2017-03-11,7.07,11
2014ZAKR01,Karol Zakrzewski,2017-03-18,5.78,12
2014ZAKR01,Karol Zakrzewski,2017-04-01,6.48,13
2014ZAKR01,Karol Zakrzewski,2017-04-29,5.11,14
2014ZAKR01,Karol Zakrzewski,2017-05-27,5.62,15
2014ZAKR01,Karol Zakrzewski,2017-05-27,6.45,16
2014ZAKR01,Karol Zakrzewski,2017-05-27,5.62,17
2014ZAKR01,Karol Zakrzewski,2017-06-17,5.66,18
2014ZAKR01,Karol Zakrzewski,2017-06-24,6.61,19
2014ZAKR01,Karol Zakrzewski,2017-06-24,6.84,20
2014ZAKR01,Karol Zakrzewski,2017-06-24,6.45,21
2014ZAKR01,Karol Zakrzewski,2017-07-13,6.32,22
2014ZAKR01,Karol Zakrzewski,2017-07-13,7.69,23
2014ZAKR01,Karol Zakrzewski,2017-07-29,4.8,24
2014ZAKR01,Karol Zakrzewski,2017-07-29,8.16,25
2014ZAKR01,Karol Zakrzewski,2017-09-15,5.19,26
2014ZAKR01,Karol Zakrzewski,2017-09-15,6.7,27
2014ZAKR01,Karol Zakrzewski,2017-09-15,7.94,28
2014ZAKR01,Karol Zakrzewski,2017-10-14,4.73,29
2014ZAKR01,Karol Zakrzewski,2017-10-14,5.19,30
2014ZAKR01,Karol Zakrzewski,2017-11-17,7.78,31
2014ZAKR01,Karol Zakrzewski,2017-12-16,5.5,32
2014ZAKR01,Karol Zakrzewski,2017-12-16,6.23,33
2014ZAKR01,Karol Zakrzewski,2018-02-24,6.55,34
2014ZAKR01,Karol Zakrzewski,2018-02-24,6.92,35
2014ZAKR01,Karol Zakrzewski,2018-03-03,5.32,36
2014ZAKR01,Karol Zakrzewski,2018-03-03,5.83,37
2014ZAKR01,Karol Zakrzewski,2018-03-03,8.36,38
2014ZAKR01,Karol Zakrzewski,2018-04-07,6.33,39
2014ZAKR01,Karol Zakrzewski,2018-06-16,7.55,40
2014ZAKR01,Karol Zakrzewski,2018-08-18,5.67,41
2014ZAKR01,Karol Zakrzewski,2018-09-09,5.0,42
2014ZAKR01,Karol Zakrzewski,2018-09-09,6.99,43
2014ZAKR01,Karol Zakrzewski,2018-09-15,5.6,44
2014ZAKR01,Karol Zakrzewski,2018-09-15,5.84,45
2014ZAKR01,Karol Zakrzewski,2018-09-28,5.2,46
2014ZAKR01,Karol Zakrzewski,2018-09-28,4.57,47
2014ZAKR01,Karol Zakrzewski,2018-09-28,8.31,48
2014ZAKR01,Karol Zakrzewski,2018-10-20,6.11,49
2014ZAKR01,Karol Zakrzewski,2018-10-20,7.16,50
2014ZAKR01,Karol Zakrzewski,2018-10-26,4.96,51
2014ZAKR01,Karol Zakrzewski,2018-10-26,6.38,52
2014ZAKR01,Karol Zakrzewski,2018-11-10,6.99,53
2014ZAKR01,Karol Zakrzewski,2018-11-17,5.51,54
2014ZAKR01,Karol Zakrzewski,2018-12-01,5.71,55
2014ZAKR01,Karol Zakrzewski,2018-12-15,5.76,56
2014ZAKR01,Karol Zakrzewski,2018-12-15,7.11,57
2014ZAKR01,Karol Zakrzewski,2019-02-02,5.37,58
2014ZAKR01,Karol Zakrzewski,2019-02-02,7.43,59
2014ZAKR01,Karol Zakrzewski,2019-03-02,6.28,60
2014ZAKR01,Karol Zakrzewski,2019-03-02,5.51,61
2014ZAKR01,Karol Zakrzewski,2019-03-02,6.06,62
2014ZAKR01,Karol Zakrzewski,2019-03-16,6.19,63
2014ZAKR01,Karol Zakrzewski,2019-03-16,8.36,64
2014ZAKR01,Karol Zakrzewski,2019-04-06,7.11,65
2014ZAKR01,Karol Zakrzewski,2019-04-06,6.1,66
2014ZAKR01,Karol Zakrzewski,2019-05-11,7.29,67
2014ZAKR01,Karol Zakrzewski,2019-05-11,6.11,68
2014ZAKR01,Karol Zakrzewski,2019-07-06,7.25,69
2014ZAKR01,Karol Zakrzewski,2019-07-06,7.34,70
2014ZAKR01,Karol Zakrzewski,2019-08-24,7.52,71
2014ZAKR01,Karol Zakrzewski,2019-10-26,6.02,72
2014ZAKR01,Karol Zakrzewski,2019-10-26,8.67,73
2014ZAKR01,Karol Zakrzewski,2020-08-22,6.16,74
2014ZAKR01,Karol Zakrzewski,2020-08-22,6.35,75
2014ZAKR01,Karol Zakrzewski,2020-09-12,6.28,76
2014ZAKR01,Karol Zakrzewski,2021-07-03,7.94,77
2014ZAKR01,Karol Zakrzewski,2022-06-18,5.63,78
2014ZAKR01,Karol Zakrzewski,2022-06-18,6.75,79
2014ZAKR01,Karol Zakrzewski,2022-06-18,5.56,80
2014ZAKR01,Karol Zakrzewski,2022-10-15,7.23,81
2014ZAKR01,Karol Zakrzewski,2022-10-15,7.59,82
2014ZAKR01,Karol Zakrzewski,2022-10-15,5.8,83
2014ZAKR01,Karol Zakrzewski,2022-11-05,4.44,84
2014ZAKR01,Karol Zakrzewski,2023-01-07,5.52,85
2014ZAKR01,Karol Zakrzewski,2023-01-28,8.32,86
2014ZAKR01,Karol Zakrzewski,2023-01-28,6.59,87
2014ZAKR01,Karol Zakrzewski,2023-02-11,5.9,88
2014ZAKR01,Karol Zakrzewski,2023-02-18,5.65,89
2014ZAKR01,Karol Zakrzewski,2023-02-18,5.97,90
2014ZAKR01,Karol Zakrzewski,2023-02-25,7.09,91
2014ZAKR01,Karol Zakrzewski,2023-03-04,8.63,92
2014ZAKR01,Karol Zakrzewski,2023-03-04,6.54,93
2014ZAKR01,Karol Zakrzewski,2023-03-18,6.72,94
2014ZAKR01,Karol Zakrzewski,2023-04-01,6.79,95
2014ZAKR01,Karol Zakrzewski,2023-04-01,6.34,96
2014ZAKR01,Karol Zakrzewski,2023-05-27,5.73,97
2014ZAKR01,Karol Zakrzewski,2023-06-03,6.54,98
2014ZAKR01,Karol Zakrzewski,2023-06-03,5.97,99
2014ZAKR01,Karol Zakrzewski,2023-06-03,6.19,100
2014ZAKR01,Karol Zakrzewski,2023-06-10,6.85,101
2014ZAKR01,Karol Zakrzewski,2023-06-24,5.76,102
2014ZAKR01,Karol Zakrzewski,2023-06-24,5.56,103
2014ZAKR01,Karol Zakrzewski,2023-07-08,5.45,104
2014ZAKR01,Karol Zakrzewski,2023-07-28,8.62,105
2014ZAKR01,Karol Zakrzewski,2023-07-28,6.26,106
2014ZAKR01,Karol Zakrzewski,2023-08-12,7.03,107
2014ZAKR01,Karol Zakrzewski,2023-09-02,6.99,108
2014ZAKR01,Karol Zakrzewski,2023-09-03,6.86,109
2014ZAKR01,Karol Zakrzewski,2023-11-11,7.72,110
2014ZAKR01,Karol Zakrzewski,2023-12-16,6.13,111
2014ZAKR01,Karol Zakrzewski,2024-02-10,5.24,112
2014ZAKR01,Karol Zakrzewski,2024-02-10,8.14,113
2014ZAKR01,Karol Zakrzewski,2024-03-02,4.66,114
2014ZAKR01,Karol Zakrzewski,2024-03-02,6.41,115
2014ZAKR01,Karol Zakrzewski,2024-03-16,5.85,116
2014ZAKR01,Karol Zakrzewski,2024-03-23,6.39,117
2014ZAKR01,Karol Zakrzewski,2024-03-23,7.52,118
2014ZAKR01,Karol Zakrzewski,2024-04-06,4.04,119
2014ZAKR01,Karol Zakrzewski,2024-04-13,4.85,120
2014ZAKR01,Karol Zakrzewski,2024-04-13,6.2,121
2014ZAKR01,Karol Zakrzewski,2024-04-20,6.28,122
2014ZAKR01,Karol Zakrzewski,2024-05-11,6.93,123
2014ZAKR01,Karol Zakrzewski,2024-05-11,7.0,124
2014ZAKR01,Karol Zakrzewski,2024-05-17,5.86,125
2014ZAKR01,Karol Zakrzewski,2024-05-31,5.7,126
2014ZAKR01,Karol Zakrzewski,2024-05-31,4.93,127
2014ZAKR01,Karol Zakrzewski,2024-06-08,5.83,128
2014ZAKR01,Karol Zakrzewski,2024-06-15,5.66,129
2014ZAKR01,Karol Zakrzewski,2024-06-15,9.1,130
2014ZAKR01,Karol Zakrzewski,2024-06-22,4.76,131
2014ZAKR01,Karol Zakrzewski,2024-06-29,7.49,132
2014ZAKR01,Karol Zakrzewski,2024-07-06,5.57,133
2014ZAKR01,Karol Zakrzewski,2024-07-13,5.45,134
2014ZAKR01,Karol Zakrzewski,2024-07-13,4.4,135
2014ZAKR01,Karol Zakrzewski,2024-07-27,6.65,136
2014ZAKR01,Karol Zakrzewski,2024-08-10,4.6,137
2014ZAKR01,Karol Zakrzewski,2024-08-10,6.38,138
2014ZAKR01,Karol Zakrzewski,2024-08-24,6.31,139
2014ZAKR01,Karol Zakrzewski,2024-08-24,5.12,140
2014ZAKR01,Karol Zakrzewski,2024-09-14,7.62,141
2014ZAKR01,Karol Zakrzewski,2024-09-14,5.33,142
2014ZAKR01,Karol Zakrzewski,2024-09-21,5.2,143
2014ZAKR01,Karol Zakrzewski,2024-09-21,5.64,144
2014ZAKR01,Karol Zakrzewski,2024-09-28,6.8,145
2014ZAKR01,Karol Zakrzewski,2024-10-12,5.49,146
2014ZAKR01,Karol Zakrzewski,2024-10-12,5.24,147
2014ZAKR01,Karol Zakrzewski,2024-10-26,5.28,148
2014ZAKR01,Karol Zakrzewski,2024-11-07,5.48,149
2014ZAKR01,Karol Zakrzewski,2024-11-07,6.42,150
2014ZAKR01,Karol Zakrzewski,2024-11-16,6.08,151
2014ZAKR01,Karol Zakrzewski,2024-11-16,6.87,152
2014ZAKR01,Karol Zakrzewski,2024-11-23,5.7,153
2014ZAKR01,Karol Zakrzewski,2024-12-07,4.56,154
2014ZAKR01,Karol Zakrzewski,2024-12-07,4.54,155
2014ZAKR01,Karol Zakrzewski,2024-12-14,5.89,156
2014ZAKR01,Karol Zakrzewski,2024-12-14,5.36,157
2014ZAKR01,Karol Zakrzewski,2025-01-11,4.55,158
2014ZAKR01,Karol Zakrzewski,2025-01-11,5.33,159
2014ZAKR01,Karol Zakrzewski,2025-02-01,5.99,160
2014ZAKR01,Karol Zakrzewski,2025-02-08,4.91,161
2014ZAKR01,Karol Zakrzewski,2025-02-08,5.31,162
2014ZAKR01,Karol Zakrzewski,2025-02-15,5.77,163
2014ZAKR01,Karol Zakrzewski,2025-02-16,4.85,164
2014ZAKR01,Karol Zakrzewski,2025-02-16,4.61,165
2014ZAKR01,Karol Zakrzewski,2025-02-21,5.61,166
2014ZAKR01,Karol Zakrzewski,2025-02-21,4.35,167
2014ZAKR01,Karol Zakrzewski,2025-02-21,7.46,168
2014ZAKR01,Karol Zakrzewski,2025-03-08,6.36,169
2014ZAKR01,Karol Zakrzewski,2025-03-08,5.88,170
2014ZAKR01,Karol Zakrzewski,2025-03-15,5.48,171
2014ZAKR01,Karol Zakrzewski,2025-03-22,6.32,172
2014ZAKR01,Karol Zakrzewski,2025-03-29,6.03,173
2014ZAKR01,Karol Zakrzewski,2025-03-29,6.84,174
2014ZAKR01,Karol Zakrzewski,2025-04-05,5.85,175
2014ZAKR01,Karol Zakrzewski,2025-04-26,4.66,176
2014ZAKR01,Karol Zakrzewski,2025-05-10,6.18,177
2014ZAKR01,Karol Zakrzewski,2025-05-10,7.88,178
2014ZAKR01,Karol Zakrzewski,2025-05-17,6.13,179
2014ZAKR01,Karol Zakrzewski,2025-05-24,3.42,180
2014ZAKR01,Karol Zakrzewski,2025-05-24,4.74,181
2014ZAKR01,Karol Zakrzewski,2025-06-01,4.57,182
2014ZAKR01,Karol Zakrzewski,2025-06-01,4.86,183
2014ZAKR01,Karol Zakrzewski,2025-06-07,5.15,184
2014ZAKR01,Karol Zakrzewski,2025-06-07,5.17,185
2014ZAKR01,Karol Zakrzewski,2025-06-07,6.01,186
2014ZAKR01,Karol Zakrzewski,2025-06-14,5.39,187
2014ZAKR01,Karol Zakrzewski,2025-06-21,5.97,188
2014ZAKR01,Karol Zakrzewski,2025-06-28,4.27,189
2014ZAKR01,Karol Zakrzewski,2025-06-28,5.16,190
2014ZAKR01,Karol Zakrzewski,2025-06-28,4.87,191
2014ZAKR01,Karol Zakrzewski,2025-07-04,5.04,192
2014ZAKR01,Karol Zakrzewski,2025-07-11,4.65,193
2014ZAKR01,Karol Zakrzewski,2025-07-11,6.86,194
2014ZAKR01,Karol Zakrzewski,2025-07-19,5.33,195
2014ZAKR01,Karol Zakrzewski,2025-07-26,5.92,196
2014ZAKR01,Karol Zakrzewski,2025-08-02,6.02,197
2014ZAKR01,Karol Zakrzewski,2025-08-02,6.42,198
2014ZAKR01,Karol Zakrzewski,2025-08-16,6.24,199
2014ZAKR01,Karol Zakrzewski,2025-08-30,4.29,200
2014ZAKR01,Karol Zakrzewski,2025-08-30,5.12,201
2014ZAKR01,Karol Zakrzewski,2025-09-05,5.9,202
2014ZAKR01,Karol Zakrzewski,2025-09-13,5.65,203
2014ZAKR01,Karol Zakrzewski,2025-09-20,5.15,204
2014ZAKR01,Karol Zakrzewski,2025-09-27,6.25,205
2014ZAKR01,Karol Zakrzewski,2025-10-04,4.98,206
2014ZAKR01,Karol Zakrzewski,2025-10-04,4.76,207
2014ZAKR01,Karol Zakrzewski,2025-10-04,6.83,208
2014ZAKR01,Karol Zakrzewski,2025-10-12,6.2,209
2014ZAKR01,Karol Zakrzewski,2025-10-12,4.18,210
2014ZAKR01,Karol Zakrzewski,2025-10-18,7.12,211
2014ZAKR01,Karol Zakrzewski,2025-10-25,4.84,212
2014ZAKR01,Karol Zakrzewski,2025-11-02,5.14,213
2014ZAKR01,Karol Zakrzewski,2025-11-13,4.72,214
2014ZAKR01,Karol Zakrzewski,2025-11-13,5.67,215
2014ZAKR01,Karol Zakrzewski,2025-11-22,5.37,216
2014ZAKR01,Karol Zakrzewski,2025-11-22,6.63,217
2014ZAKR01,Karol Zakrzewski,2025-11-29,5.58,218
2014ZAKR01,Karol Zakrzewski,2025-11-29,6.22,219
2014ZAKR01,Karol Zakrzewski,2025-12-06,5.14,220
2014ZAKR01,Karol Zakrzewski,2025-12-06,4.14,221
2014ZAKR01,Karol Zakrzewski,2025-12-13,5.91,222
2014ZAKR01,Karol Zakrzewski,2025-12-20,4.63,223
2014ZAKR01,Karol Zakrzewski,2026-01-10,5.78,224
2014ZAKR01,Karol Zakrzewski,2026-01-24,5.5,225
2014ZAKR01,Karol Zakrzewski,2026-01-24,5.19,226
2014ZAKR01,Karol Zakrzewski,2026-01-31,5.63,227
2014ZAKR01,Karol Zakrzewski,2026-02-14,5.27,228
2014ZAKR01,Karol Zakrzewski,2026-02-21,4.96,229
2014ZAKR01,Karol Zakrzewski,2026-02-21,5.96,230
2014ZAKR01,Karol Zakrzewski,2026-03-07,5.56,231
2014ZAKR01,Karol Zakrzewski,2026-03-07,3.65,232
2014ZAKR01,Karol Zakrzewski,2026-03-28,4.77,233
2014ZAKR01,Karol Zakrzewski,2026-03-28,5.41,234
2014ZAKR01,Karol Zakrzewski,2026-04-11,4.55,235
2014ZAKR01,Karol Zakrzewski,2026-04-11,4.6,236
2014ZAKR01,Karol Zakrzewski,2026-04-18,4.04,237
2014ZAKR01,Karol Zakrzewski,2026-04-18,5.36,238
2014ZAKR01,Karol Zakrzewski,2026-04-18,4.95,239
2014ZAKR01,Karol Zakrzewski,2026-04-25,6.18,240
2014ZAKR01,Karol Zakrzewski,2026-05-01,4.91,241
2014ZAKR01,Karol Zakrzewski,2026-05-01,5.21,242
2014ZAKR01,Karol Zakrzewski,2026-05-01,4.75,243
2014ZAKR01,Karol Zakrzewski,2026-05-16,5.41,244
2015ANTO04,Manuel Prieto de Antón,2015-04-11,12.89,1
2015ANTO04,Manuel Prieto de Antón,2015-04-11,10.07,2
2015ANTO04,Manuel Prieto de Antón,2015-09-25,7.05,3
2015ANTO04,Manuel Prieto de Antón,2015-09-25,6.46,4
2015ANTO04,Manuel Prieto de Antón,2016-02-27,5.34,5
2015ANTO04,Manuel Prieto de Antón,2016-02-27,6.92,6
2015ANTO04,Manuel Prieto de Antón,2016-05-28,3.72,7
2015ANTO04,Manuel Prieto de Antón,2016-05-28,5.56,8
2015ANTO04,Manuel Prieto de Antón,2016-06-18,4.81,9
2015ANTO04,Manuel Prieto de Antón,2016-06-18,4.36,10
2015ANTO04,Manuel Prieto de Antón,2016-07-02,6.38,11
2015ANTO04,Manuel Prieto de Antón,2016-09-03,5.13,12
2015ANTO04,Manuel Prieto de Antón,2016-09-23,5.5,13
2015ANTO04,Manuel Prieto de Antón,2016-10-07,4.61,14
2015ANTO04,Manuel Prieto de Antón,2016-10-07,5.05,15
2015ANTO04,Manuel Prieto de Antón,2016-10-29,5.17,16
2015ANTO04,Manuel Prieto de Antón,2016-10-29,4.61,17
2015ANTO04,Manuel Prieto de Antón,2016-12-03,3.53,18
2015ANTO04,Manuel Prieto de Antón,2016-12-03,5.38,19
2015ANTO04,Manuel Prieto de Antón,2016-12-03,5.51,20
2015ANTO04,Manuel Prieto de Antón,2017-03-25,4.14,21
2015ANTO04,Manuel Prieto de Antón,2017-03-25,4.63,22
2015ANTO04,Manuel Prieto de Antón,2017-05-13,4.14,23
2015ANTO04,Manuel Prieto de Antón,2017-05-13,3.85,24
2015ANTO04,Manuel Prieto de Antón,2017-05-13,3.79,25
2015ANTO04,Manuel Prieto de Antón,2017-06-24,4.32,26
2015ANTO04,Manuel Prieto de Antón,2017-06-24,3.7,27
2015ANTO04,Manuel Prieto de Antón,2017-07-13,4.3,28
2015ANTO04,Manuel Prieto de Antón,2017-07-13,3.93,29
2015ANTO04,Manuel Prieto de Antón,2017-07-13,3.56,30
2015ANTO04,Manuel Prieto de Antón,2017-09-16,3.63,31
2015ANTO04,Manuel Prieto de Antón,2017-09-16,3.41,32
2015ANTO04,Manuel Prieto de Antón,2017-09-16,3.86,33
2015ANTO04,Manuel Prieto de Antón,2017-09-22,4.44,34
2015ANTO04,Manuel Prieto de Antón,2017-09-22,3.47,35
2015ANTO04,Manuel Prieto de Antón,2017-10-13,2.67,36
2015ANTO04,Manuel Prieto de Antón,2017-10-13,4.31,37
2015ANTO04,Manuel Prieto de Antón,2017-10-13,4.93,38
2015ANTO04,Manuel Prieto de Antón,2017-11-04,3.69,39
2015ANTO04,Manuel Prieto de Antón,2017-11-04,4.1,40
2015ANTO04,Manuel Prieto de Antón,2017-11-04,2.98,41
2015ANTO04,Manuel Prieto de Antón,2017-12-08,3.95,42
2015ANTO04,Manuel Prieto de Antón,2018-02-17,3.32,43
2015ANTO04,Manuel Prieto de Antón,2018-02-17,3.81,44
2015ANTO04,Manuel Prieto de Antón,2018-04-07,5.01,45
2015ANTO04,Manuel Prieto de Antón,2018-04-07,3.96,46
2015ANTO04,Manuel Prieto de Antón,2018-04-07,3.6,47
2015ANTO04,Manuel Prieto de Antón,2018-04-21,3.98,48
2015ANTO04,Manuel Prieto de Antón,2018-04-21,3.57,49
2015ANTO04,Manuel Prieto de Antón,2018-05-12,3.31,50
2015ANTO04,Manuel Prieto de Antón,2018-05-12,4.06,51
2015ANTO04,Manuel Prieto de Antón,2018-06-16,3.89,52
2015ANTO04,Manuel Prieto de Antón,2018-06-16,3.16,53
2015ANTO04,Manuel Prieto de Antón,2018-07-19,3.92,54
2015ANTO04,Manuel Prieto de Antón,2018-07-19,3.51,55
2015ANTO04,Manuel Prieto de Antón,2018-07-19,3.66,56
2015ANTO04,Manuel Prieto de Antón,2018-07-19,3.73,57
2015ANTO04,Manuel Prieto de Antón,2018-09-01,3.52,58
2015ANTO04,Manuel Prieto de Antón,2018-09-01,3.04,59
2015ANTO04,Manuel Prieto de Antón,2018-09-01,4.19,60
2015ANTO04,Manuel Prieto de Antón,2018-09-08,4.59,61
2015ANTO04,Manuel Prieto de Antón,2018-09-08,3.14,62
2015ANTO04,Manuel Prieto de Antón,2018-09-08,3.46,63
2015ANTO04,Manuel Prieto de Antón,2018-09-29,4.11,64
2015ANTO04,Manuel Prieto de Antón,2018-09-29,3.41,65
2015ANTO04,Manuel Prieto de Antón,2018-10-12,3.63,66
2015ANTO04,Manuel Prieto de Antón,2018-10-12,4.65,67
2015ANTO04,Manuel Prieto de Antón,2018-10-12,3.6,68
2015ANTO04,Manuel Prieto de Antón,2018-10-27,3.75,69
2015ANTO04,Manuel Prieto de Antón,2018-10-27,3.51,70
2015ANTO04,Manuel Prieto de Antón,2018-11-17,3.13,71
2015ANTO04,Manuel Prieto de Antón,2018-11-17,3.11,72
2015ANTO04,Manuel Prieto de Antón,2019-01-26,2.59,73
2015ANTO04,Manuel Prieto de Antón,2019-01-26,4.07,74
2015ANTO04,Manuel Prieto de Antón,2019-01-26,3.12,75
2015ANTO04,Manuel Prieto de Antón,2019-03-02,3.34,76
2015ANTO04,Manuel Prieto de Antón,2019-03-02,3.91,77
2015ANTO04,Manuel Prieto de Antón,2019-03-02,3.12,78
2015ANTO04,Manuel Prieto de Antón,2019-04-13,3.74,79
2015ANTO04,Manuel Prieto de Antón,2019-04-13,3.51,80
2015ANTO04,Manuel Prieto de Antón,2019-04-13,3.64,81
2015ANTO04,Manuel Prieto de Antón,2019-05-25,3.15,82
2015ANTO04,Manuel Prieto de Antón,2019-05-25,3.23,83
2015ANTO04,Manuel Prieto de Antón,2019-05-25,3.09,84
2015ANTO04,Manuel Prieto de Antón,2019-06-16,4.02,85
2015ANTO04,Manuel Prieto de Antón,2019-06-16,6.32,86
2015ANTO04,Manuel Prieto de Antón,2019-08-31,4.98,87
2015ANTO04,Manuel Prieto de Antón,2019-08-31,3.52,88
2015ANTO04,Manuel Prieto de Antón,2019-08-31,3.44,89
2015ANTO04,Manuel Prieto de Antón,2019-09-21,3.42,90
2015ANTO04,Manuel Prieto de Antón,2019-09-21,3.97,91
2015ANTO04,Manuel Prieto de Antón,2019-09-21,3.75,92
2015ANTO04,Manuel Prieto de Antón,2019-10-11,3.21,93
2015ANTO04,Manuel Prieto de Antón,2019-10-11,4.38,94
2015ANTO04,Manuel Prieto de Antón,2019-10-11,3.55,95
2015ANTO04,Manuel Prieto de Antón,2019-11-02,3.04,96
2015ANTO04,Manuel Prieto de Antón,2019-11-02,3.68,97
2015ANTO04,Manuel Prieto de Antón,2019-11-02,3.95,98
2015ANTO04,Manuel Prieto de Antón,2020-02-01,5.41,99
2015ANTO04,Manuel Prieto de Antón,2020-02-01,3.26,100
2015ANTO04,Manuel Prieto de Antón,2020-02-01,4.59,101
2015ANTO04,Manuel Prieto de Antón,2020-02-22,4.33,102
2015ANTO04,Manuel Prieto de Antón,2020-02-22,3.95,103
2015ANTO04,Manuel Prieto de Antón,2020-03-07,3.01,104
2015ANTO04,Manuel Prieto de Antón,2021-12-11,3.18,105
2015ANTO04,Manuel Prieto de Antón,2021-12-11,3.5,106
2015ANTO04,Manuel Prieto de Antón,2022-03-19,4.17,107
2015ANTO04,Manuel Prieto de Antón,2022-03-19,3.67,108
2015ANTO04,Manuel Prieto de Antón,2022-03-19,3.45,109
2015ANTO04,Manuel Prieto de Antón,2022-04-09,3.37,110
2015ANTO04,Manuel Prieto de Antón,2022-04-09,2.94,111
2015ANTO04,Manuel Prieto de Antón,2022-05-21,3.63,112
2015ANTO04,Manuel Prieto de Antón,2022-05-21,4.1,113
2015ANTO04,Manuel Prieto de Antón,2022-05-21,2.94,114
2015ANTO04,Manuel Prieto de Antón,2022-06-18,4.2,115
2015ANTO04,Manuel Prieto de Antón,2022-06-18,4.8,116
2015ANTO04,Manuel Prieto de Antón,2022-06-18,3.17,117
2015ANTO04,Manuel Prieto de Antón,2022-07-09,3.11,118
2015ANTO04,Manuel Prieto de Antón,2022-07-09,3.27,119
2015ANTO04,Manuel Prieto de Antón,2022-07-14,3.22,120
2015ANTO04,Manuel Prieto de Antón,2022-07-14,3.19,121
2015ANTO04,Manuel Prieto de Antón,2022-07-14,3.47,122
2015ANTO04,Manuel Prieto de Antón,2022-07-30,3.95,123
2015ANTO04,Manuel Prieto de Antón,2022-07-30,2.97,124
2015ANTO04,Manuel Prieto de Antón,2022-08-20,3.52,125
2015ANTO04,Manuel Prieto de Antón,2022-08-20,3.87,126
2015ANTO04,Manuel Prieto de Antón,2022-08-26,4.62,127
2015ANTO04,Manuel Prieto de Antón,2022-08-26,3.63,128
2015ANTO04,Manuel Prieto de Antón,2022-08-26,3.63,129
2015ANTO04,Manuel Prieto de Antón,2022-09-03,3.96,130
2015ANTO04,Manuel Prieto de Antón,2022-09-03,3.51,131
2015ANTO04,Manuel Prieto de Antón,2022-09-03,3.04,132
2015ANTO04,Manuel Prieto de Antón,2022-10-07,3.81,133
2015ANTO04,Manuel Prieto de Antón,2022-10-07,2.95,134
2015ANTO04,Manuel Prieto de Antón,2022-10-07,4.12,135
2015ANTO04,Manuel Prieto de Antón,2022-11-12,5.78,136
2015ANTO04,Manuel Prieto de Antón,2022-11-12,2.89,137
2015ANTO04,Manuel Prieto de Antón,2022-12-03,3.48,138
2015ANTO04,Manuel Prieto de Antón,2022-12-03,2.67,139
2015ANTO04,Manuel Prieto de Antón,2022-12-03,4.09,140
2015ANTO04,Manuel Prieto de Antón,2022-12-10,4.73,141
2015ANTO04,Manuel Prieto de Antón,2022-12-10,3.77,142
2015ANTO04,Manuel Prieto de Antón,2023-01-28,4.5,143
2015ANTO04,Manuel Prieto de Antón,2023-01-28,3.06,144
2015ANTO04,Manuel Prieto de Antón,2023-03-18,3.34,145
2015ANTO04,Manuel Prieto de Antón,2023-03-18,3.51,146
2015ANTO04,Manuel Prieto de Antón,2023-03-18,2.93,147
2015ANTO04,Manuel Prieto de Antón,2023-04-07,3.58,148
2015ANTO04,Manuel Prieto de Antón,2023-04-07,2.74,149
2015ANTO04,Manuel Prieto de Antón,2023-04-07,5.13,150
2015ANTO04,Manuel Prieto de Antón,2023-04-15,2.72,151
2015ANTO04,Manuel Prieto de Antón,2023-04-15,3.55,152
2015ANTO04,Manuel Prieto de Antón,2023-04-15,2.82,153
2015ANTO04,Manuel Prieto de Antón,2023-05-27,3.53,154
2015ANTO04,Manuel Prieto de Antón,2023-05-27,3.23,155
2015ANTO04,Manuel Prieto de Antón,2023-05-27,3.63,156
2015ANTO04,Manuel Prieto de Antón,2023-06-24,2.24,157
2015ANTO04,Manuel Prieto de Antón,2023-06-24,3.87,158
2015ANTO04,Manuel Prieto de Antón,2023-06-24,3.0,159
2015ANTO04,Manuel Prieto de Antón,2023-07-29,4.1,160
2015ANTO04,Manuel Prieto de Antón,2023-07-29,3.05,161
2015ANTO04,Manuel Prieto de Antón,2023-07-29,3.07,162
2015ANTO04,Manuel Prieto de Antón,2023-09-09,3.42,163
2015ANTO04,Manuel Prieto de Antón,2023-09-09,3.57,164
2015ANTO04,Manuel Prieto de Antón,2023-09-09,3.12,165
2015ANTO04,Manuel Prieto de Antón,2023-09-16,3.39,166
2015ANTO04,Manuel Prieto de Antón,2023-09-16,3.88,167
2015ANTO04,Manuel Prieto de Antón,2023-09-30,3.22,168
2015ANTO04,Manuel Prieto de Antón,2023-09-30,3.77,169
2015ANTO04,Manuel Prieto de Antón,2023-09-30,5.04,170
2015ANTO04,Manuel Prieto de Antón,2023-10-28,2.82,171
2015ANTO04,Manuel Prieto de Antón,2023-10-28,3.19,172
2015ANTO04,Manuel Prieto de Antón,2023-10-28,3.2,173
2015ANTO04,Manuel Prieto de Antón,2023-12-08,3.82,174
2015ANTO04,Manuel Prieto de Antón,2023-12-08,4.79,175
2015ANTO04,Manuel Prieto de Antón,2023-12-08,2.61,176
2015ANTO04,Manuel Prieto de Antón,2023-12-16,2.6,177
2015ANTO04,Manuel Prieto de Antón,2023-12-16,2.57,178
2015ANTO04,Manuel Prieto de Antón,2024-02-10,3.06,179
2015ANTO04,Manuel Prieto de Antón,2024-02-10,2.77,180
2015ANTO04,Manuel Prieto de Antón,2024-03-02,4.97,181
2015ANTO04,Manuel Prieto de Antón,2024-03-02,2.9,182
2015ANTO04,Manuel Prieto de Antón,2024-03-02,2.73,183
2015ANTO04,Manuel Prieto de Antón,2024-03-28,3.84,184
2015ANTO04,Manuel Prieto de Antón,2024-03-28,3.16,185
2015ANTO04,Manuel Prieto de Antón,2024-03-28,3.02,186
2015ANTO04,Manuel Prieto de Antón,2024-05-11,4.12,187
2015ANTO04,Manuel Prieto de Antón,2024-05-11,3.85,188
2015ANTO04,Manuel Prieto de Antón,2024-05-11,3.27,189
2015ANTO04,Manuel Prieto de Antón,2024-05-25,3.04,190
2015ANTO04,Manuel Prieto de Antón,2024-05-25,3.07,191
2015ANTO04,Manuel Prieto de Antón,2024-05-25,2.69,192
2015ANTO04,Manuel Prieto de Antón,2024-07-25,3.29,193
2015ANTO04,Manuel Prieto de Antón,2024-07-25,2.64,194
2015ANTO04,Manuel Prieto de Antón,2024-09-07,2.78,195
2015ANTO04,Manuel Prieto de Antón,2024-09-07,4.02,196
2015ANTO04,Manuel Prieto de Antón,2024-09-07,2.67,197
2015ANTO04,Manuel Prieto de Antón,2024-09-14,3.6,198
2015ANTO04,Manuel Prieto de Antón,2024-09-14,2.73,199
2015ANTO04,Manuel Prieto de Antón,2024-09-14,2.92,200
2015ANTO04,Manuel Prieto de Antón,2024-11-09,3.51,201
2015ANTO04,Manuel Prieto de Antón,2024-11-09,3.07,202
2015ANTO04,Manuel Prieto de Antón,2024-11-09,2.62,203
2015ANTO04,Manuel Prieto de Antón,2024-11-16,3.35,204
2015ANTO04,Manuel Prieto de Antón,2024-11-16,2.45,205
2015ANTO04,Manuel Prieto de Antón,2024-11-16,3.12,206
2015ANTO04,Manuel Prieto de Antón,2024-11-29,3.81,207
2015ANTO04,Manuel Prieto de Antón,2024-11-29,3.63,208
2015ANTO04,Manuel Prieto de Antón,2024-11-29,3.01,209
2015ANTO04,Manuel Prieto de Antón,2025-02-15,3.04,210
2015ANTO04,Manuel Prieto de Antón,2025-02-15,3.37,211
2015ANTO04,Manuel Prieto de Antón,2025-03-01,3.18,212
2015ANTO04,Manuel Prieto de Antón,2025-03-01,2.26,213
2015ANTO04,Manuel Prieto de Antón,2025-03-01,2.45,214
2015ANTO04,Manuel Prieto de Antón,2025-05-10,2.92,215
2015ANTO04,Manuel Prieto de Antón,2025-05-10,3.97,216
2015ANTO04,Manuel Prieto de Antón,2025-05-10,2.81,217
2015ANTO04,Manuel Prieto de Antón,2025-05-24,2.82,218
2015ANTO04,Manuel Prieto de Antón,2025-05-24,3.12,219
2015ANTO04,Manuel Prieto de Antón,2025-05-24,2.48,220
2015ANTO04,Manuel Prieto de Antón,2025-06-14,4.47,221
2015ANTO04,Manuel Prieto de Antón,2025-06-14,3.35,222
2015ANTO04,Manuel Prieto de Antón,2025-06-14,3.15,223
2015ANTO04,Manuel Prieto de Antón,2025-07-12,2.37,224
2015ANTO04,Manuel Prieto de Antón,2025-07-12,2.73,225
2015ANTO04,Manuel Prieto de Antón,2025-07-12,2.65,226
2015ANTO04,Manuel Prieto de Antón,2025-11-08,2.96,227
2015ANTO04,Manuel Prieto de Antón,2025-11-08,3.19,228
2015ANTO04,Manuel Prieto de Antón,2025-11-08,2.67,229
2015ANTO04,Manuel Prieto de Antón,2025-12-06,4.23,230
2015ANTO04,Manuel Prieto de Antón,2025-12-06,3.45,231
2015ANTO04,Manuel Prieto de Antón,2025-12-06,3.39,232
2015ANTO04,Manuel Prieto de Antón,2026-01-17,3.88,233
2015ANTO04,Manuel Prieto de Antón,2026-01-31,3.46,234
2015ANTO04,Manuel Prieto de Antón,2026-02-14,3.46,235
2015ANTO04,Manuel Prieto de Antón,2026-02-14,3.15,236
2015ANTO04,Manuel Prieto de Antón,2026-02-14,3.34,237
2015ANTO04,Manuel Prieto de Antón,2026-02-21,3.18,238
2015ANTO04,Manuel Prieto de Antón,2026-02-22,2.64,239
2015ANTO04,Manuel Prieto de Antón,2026-02-22,3.5,240
2015ANTO04,Manuel Prieto de Antón,2026-03-21,3.19,241
2015ANTO04,Manuel Prieto de Antón,2026-03-21,2.56,242
2015ANTO04,Manuel Prieto de Antón,2026-03-28,2.66,243
2015ANTO04,Manuel Prieto de Antón,2026-03-28,4.09,244
2015ANTO04,Manuel Prieto de Antón,2026-03-28,3.09,245
2015ANTO04,Manuel Prieto de Antón,2026-04-11,2.88,246
2015ANTO04,Manuel Prieto de Antón,2026-04-11,2.53,247
2015ANTO04,Manuel Prieto de Antón,2026-04-25,3.19,248
2015ANTO04,Manuel Prieto de Antón,2026-04-25,5.68,249
2015ANTO04,Manuel Prieto de Antón,2026-05-09,3.08,250
2015ANTO04,Manuel Prieto de Antón,2026-05-09,3.43,251
2015ANTO04,Manuel Prieto de Antón,2026-05-09,3.0,252
2015ANTO04,Manuel Prieto de Antón,2026-05-23,4.62,253
2015ANTO04,Manuel Prieto de Antón,2026-05-23,3.82,254
2015KUCA01,Carter Kucala,2016-05-21,12.08,1
2015KUCA01,Carter Kucala,2016-12-10,8.86,2
2015KUCA01,Carter Kucala,2016-12-10,8.38,3
2015KUCA01,Carter Kucala,2017-07-07,7.66,4
2015KUCA01,Carter Kucala,2017-08-05,7.66,5
2015KUCA01,Carter Kucala,2017-10-28,5.92,6
2015KUCA01,Carter Kucala,2017-10-28,7.81,7
2015KUCA01,Carter Kucala,2017-11-12,4.62,8
2015KUCA01,Carter Kucala,2017-11-12,6.49,9
2015KUCA01,Carter Kucala,2017-12-09,4.29,10
2015KUCA01,Carter Kucala,2017-12-09,4.02,11
2015KUCA01,Carter Kucala,2017-12-09,4.37,12
2015KUCA01,Carter Kucala,2018-01-13,3.58,13
2015KUCA01,Carter Kucala,2018-01-27,4.72,14
2015KUCA01,Carter Kucala,2018-01-27,3.79,15
2015KUCA01,Carter Kucala,2018-01-27,4.51,16
2015KUCA01,Carter Kucala,2018-03-09,3.84,17
2015KUCA01,Carter Kucala,2018-03-09,4.13,18
2015KUCA01,Carter Kucala,2018-03-09,3.03,19
2015KUCA01,Carter Kucala,2018-03-31,3.73,20
2015KUCA01,Carter Kucala,2018-03-31,4.34,21
2015KUCA01,Carter Kucala,2018-07-27,3.56,22
2015KUCA01,Carter Kucala,2018-07-27,4.18,23
2015KUCA01,Carter Kucala,2018-07-27,4.48,24
2015KUCA01,Carter Kucala,2018-09-02,3.54,25
2015KUCA01,Carter Kucala,2018-09-02,2.86,26
2015KUCA01,Carter Kucala,2018-09-02,3.37,27
2015KUCA01,Carter Kucala,2018-10-20,3.29,28
2015KUCA01,Carter Kucala,2018-10-20,3.95,29
2015KUCA01,Carter Kucala,2018-11-10,3.23,30
2015KUCA01,Carter Kucala,2018-11-10,3.0,31
2015KUCA01,Carter Kucala,2018-11-17,3.06,32
2015KUCA01,Carter Kucala,2018-11-17,3.88,33
2015KUCA01,Carter Kucala,2018-11-17,3.63,34
2015KUCA01,Carter Kucala,2018-12-08,3.7,35
2015KUCA01,Carter Kucala,2018-12-08,3.27,36
2015KUCA01,Carter Kucala,2018-12-15,4.4,37
2015KUCA01,Carter Kucala,2018-12-15,4.2,38
2015KUCA01,Carter Kucala,2019-01-26,3.62,39
2015KUCA01,Carter Kucala,2019-01-26,3.37,40
2015KUCA01,Carter Kucala,2019-01-26,3.44,41
2015KUCA01,Carter Kucala,2019-02-09,3.55,42
2015KUCA01,Carter Kucala,2019-02-09,3.46,43
2015KUCA01,Carter Kucala,2019-03-09,3.07,44
2015KUCA01,Carter Kucala,2019-03-09,3.38,45
2015KUCA01,Carter Kucala,2019-03-09,3.48,46
2015KUCA01,Carter Kucala,2019-03-30,3.8,47
2015KUCA01,Carter Kucala,2019-03-30,3.92,48
2015KUCA01,Carter Kucala,2019-03-30,4.13,49
2015KUCA01,Carter Kucala,2019-05-24,3.93,50
2015KUCA01,Carter Kucala,2019-05-24,2.89,51
2015KUCA01,Carter Kucala,2019-06-16,3.56,52
2015KUCA01,Carter Kucala,2019-06-22,3.62,53
2015KUCA01,Carter Kucala,2019-06-22,4.36,54
2015KUCA01,Carter Kucala,2019-07-11,4.2,55
2015KUCA01,Carter Kucala,2019-07-11,3.29,56
2015KUCA01,Carter Kucala,2019-07-11,3.51,57
2015KUCA01,Carter Kucala,2019-08-01,2.87,58
2015KUCA01,Carter Kucala,2019-08-01,3.53,59
2015KUCA01,Carter Kucala,2019-08-01,3.06,60
2015KUCA01,Carter Kucala,2019-09-28,3.5,61
2015KUCA01,Carter Kucala,2019-09-28,3.22,62
2015KUCA01,Carter Kucala,2019-09-28,3.23,63
2015KUCA01,Carter Kucala,2019-10-19,2.79,64
2015KUCA01,Carter Kucala,2019-10-19,4.65,65
2015KUCA01,Carter Kucala,2019-11-02,3.28,66
2015KUCA01,Carter Kucala,2019-11-02,2.95,67
2015KUCA01,Carter Kucala,2019-11-23,2.69,68
2015KUCA01,Carter Kucala,2019-11-23,3.07,69
2015KUCA01,Carter Kucala,2019-11-23,2.54,70
2015KUCA01,Carter Kucala,2019-12-30,3.33,71
2015KUCA01,Carter Kucala,2020-01-18,3.61,72
2015KUCA01,Carter Kucala,2020-01-18,3.4,73
2015KUCA01,Carter Kucala,2020-01-18,4.39,74
2015KUCA01,Carter Kucala,2020-02-16,3.39,75
2015KUCA01,Carter Kucala,2020-03-07,3.71,76
2015KUCA01,Carter Kucala,2020-03-07,2.38,77
2015KUCA01,Carter Kucala,2021-07-17,3.89,78
2015KUCA01,Carter Kucala,2021-07-17,3.3,79
2015KUCA01,Carter Kucala,2021-11-26,2.71,80
2015KUCA01,Carter Kucala,2021-11-26,2.06,81
2015KUCA01,Carter Kucala,2021-12-04,1.86,82
2015KUCA01,Carter Kucala,2021-12-04,2.16,83
2015KUCA01,Carter Kucala,2021-12-04,2.24,84
2015KUCA01,Carter Kucala,2021-12-18,2.53,85
2015KUCA01,Carter Kucala,2021-12-18,2.17,86
2015KUCA01,Carter Kucala,2021-12-31,2.98,87
2015KUCA01,Carter Kucala,2022-02-05,1.99,88
2015KUCA01,Carter Kucala,2022-02-05,2.62,89
2015KUCA01,Carter Kucala,2022-03-05,2.64,90
2015KUCA01,Carter Kucala,2022-03-12,2.42,91
2015KUCA01,Carter Kucala,2022-03-12,1.96,92
2015KUCA01,Carter Kucala,2022-03-12,2.67,93
2015KUCA01,Carter Kucala,2022-04-01,3.45,94
2015KUCA01,Carter Kucala,2022-04-01,2.74,95
2015KUCA01,Carter Kucala,2022-04-09,2.78,96
2015KUCA01,Carter Kucala,2022-04-09,2.45,97
2015KUCA01,Carter Kucala,2022-04-29,3.09,98
2015KUCA01,Carter Kucala,2022-04-29,2.46,99
2015KUCA01,Carter Kucala,2022-04-29,2.37,100
2015KUCA01,Carter Kucala,2022-05-14,2.44,101
2015KUCA01,Carter Kucala,2022-05-14,2.35,102
2015KUCA01,Carter Kucala,2022-05-27,3.02,103
2015KUCA01,Carter Kucala,2022-05-27,2.93,104
2015KUCA01,Carter Kucala,2022-05-27,2.12,105
2015KUCA01,Carter Kucala,2022-05-27,3.59,106
2015KUCA01,Carter Kucala,2022-06-11,2.83,107
2015KUCA01,Carter Kucala,2022-06-11,2.97,108
2015KUCA01,Carter Kucala,2022-07-07,2.67,109
2015KUCA01,Carter Kucala,2022-07-07,2.37,110
2015KUCA01,Carter Kucala,2022-07-07,2.62,111
2015KUCA01,Carter Kucala,2022-07-14,3.16,112
2015KUCA01,Carter Kucala,2022-07-14,2.27,113
2015KUCA01,Carter Kucala,2022-07-14,2.5,114
2015KUCA01,Carter Kucala,2022-07-29,2.81,115
2015KUCA01,Carter Kucala,2022-07-29,2.25,116
2015KUCA01,Carter Kucala,2022-07-29,2.15,117
2015KUCA01,Carter Kucala,2022-08-20,2.42,118
2015KUCA01,Carter Kucala,2022-08-20,3.14,119
2015KUCA01,Carter Kucala,2022-09-03,3.77,120
2015KUCA01,Carter Kucala,2022-09-03,2.04,121
2015KUCA01,Carter Kucala,2022-09-10,2.57,122
2015KUCA01,Carter Kucala,2022-09-10,2.42,123
2015KUCA01,Carter Kucala,2022-09-24,3.98,124
2015KUCA01,Carter Kucala,2022-09-24,2.57,125
2015KUCA01,Carter Kucala,2022-10-08,2.68,126
2015KUCA01,Carter Kucala,2022-10-08,2.06,127
2015KUCA01,Carter Kucala,2022-10-22,2.91,128
2015KUCA01,Carter Kucala,2022-10-22,2.54,129
2015KUCA01,Carter Kucala,2022-10-22,2.05,130
2015KUCA01,Carter Kucala,2022-11-05,3.92,131
2015KUCA01,Carter Kucala,2022-11-05,2.25,132
2015KUCA01,Carter Kucala,2022-11-19,2.1,133
2015KUCA01,Carter Kucala,2022-11-19,4.15,134
2015KUCA01,Carter Kucala,2022-12-10,2.85,135
2015KUCA01,Carter Kucala,2022-12-10,2.11,136
2015KUCA01,Carter Kucala,2022-12-31,2.86,137
2015KUCA01,Carter Kucala,2022-12-31,2.43,138
2015KUCA01,Carter Kucala,2023-01-09,2.79,139
2015KUCA01,Carter Kucala,2023-01-09,2.69,140
2015KUCA01,Carter Kucala,2023-01-09,2.2,141
2015KUCA01,Carter Kucala,2023-02-05,2.92,142
2015KUCA01,Carter Kucala,2023-02-05,2.3,143
2015KUCA01,Carter Kucala,2023-02-11,2.58,144
2015KUCA01,Carter Kucala,2023-02-11,2.69,145
2015KUCA01,Carter Kucala,2023-02-19,3.42,146
2015KUCA01,Carter Kucala,2023-03-25,4.16,147
2015KUCA01,Carter Kucala,2023-04-08,3.03,148
2015KUCA01,Carter Kucala,2023-04-08,2.5,149
2015KUCA01,Carter Kucala,2023-04-08,5.17,150
2015KUCA01,Carter Kucala,2023-04-15,2.46,151
2015KUCA01,Carter Kucala,2023-04-15,3.94,152
2015KUCA01,Carter Kucala,2023-04-22,3.69,153
2015KUCA01,Carter Kucala,2023-04-22,3.08,154
2015KUCA01,Carter Kucala,2023-04-22,2.82,155
2015KUCA01,Carter Kucala,2023-04-30,3.43,156
2015KUCA01,Carter Kucala,2023-04-30,3.33,157
2015KUCA01,Carter Kucala,2023-05-06,2.81,158
2015KUCA01,Carter Kucala,2023-05-06,2.2,159
2015KUCA01,Carter Kucala,2023-05-06,2.13,160
2015KUCA01,Carter Kucala,2023-05-27,2.26,161
2015KUCA01,Carter Kucala,2023-05-27,3.07,162
2015KUCA01,Carter Kucala,2023-05-27,2.49,163
2015KUCA01,Carter Kucala,2023-06-02,3.84,164
2015KUCA01,Carter Kucala,2023-06-02,2.64,165
2015KUCA01,Carter Kucala,2023-06-02,2.71,166
2015KUCA01,Carter Kucala,2023-06-17,1.92,167
2015KUCA01,Carter Kucala,2023-06-17,2.11,168
2015KUCA01,Carter Kucala,2023-06-28,2.31,169
2015KUCA01,Carter Kucala,2023-06-28,2.04,170
2015KUCA01,Carter Kucala,2023-07-08,3.82,171
2015KUCA01,Carter Kucala,2023-07-08,2.13,172
2015KUCA01,Carter Kucala,2023-07-13,1.53,173
2015KUCA01,Carter Kucala,2023-07-13,2.64,174
2015KUCA01,Carter Kucala,2023-07-13,2.16,175
2015KUCA01,Carter Kucala,2023-07-23,2.07,176
2015KUCA01,Carter Kucala,2023-07-23,1.99,177
2015KUCA01,Carter Kucala,2023-07-27,2.36,178
2015KUCA01,Carter Kucala,2023-07-27,2.68,179
2015KUCA01,Carter Kucala,2023-07-27,2.38,180
2015KUCA01,Carter Kucala,2023-08-12,2.85,181
2015KUCA01,Carter Kucala,2023-08-12,2.52,182
2015KUCA01,Carter Kucala,2023-08-12,2.51,183
2015KUCA01,Carter Kucala,2023-09-03,2.56,184
2015KUCA01,Carter Kucala,2023-09-03,2.16,185
2015KUCA01,Carter Kucala,2023-09-30,2.36,186
2015KUCA01,Carter Kucala,2023-09-30,3.03,187
2015KUCA01,Carter Kucala,2023-10-07,1.7,188
2015KUCA01,Carter Kucala,2023-10-07,2.02,189
2015KUCA01,Carter Kucala,2023-10-20,3.07,190
2015KUCA01,Carter Kucala,2023-10-20,2.33,191
2015KUCA01,Carter Kucala,2023-10-20,1.89,192
2015KUCA01,Carter Kucala,2023-10-28,2.67,193
2015KUCA01,Carter Kucala,2023-10-28,2.2,194
2015KUCA01,Carter Kucala,2023-10-28,2.77,195
2015KUCA01,Carter Kucala,2023-11-03,2.17,196
2015KUCA01,Carter Kucala,2023-11-03,2.0,197
2015KUCA01,Carter Kucala,2023-11-03,2.29,198
2015KUCA01,Carter Kucala,2023-11-11,4.07,199
2015KUCA01,Carter Kucala,2023-11-11,2.07,200
2015KUCA01,Carter Kucala,2023-11-12,2.96,201
2015KUCA01,Carter Kucala,2023-11-12,2.76,202
2015KUCA01,Carter Kucala,2023-11-19,2.28,203
2015KUCA01,Carter Kucala,2023-11-19,2.04,204
2015KUCA01,Carter Kucala,2023-12-02,2.58,205
2015KUCA01,Carter Kucala,2023-12-09,3.24,206
2015KUCA01,Carter Kucala,2023-12-09,2.72,207
2015KUCA01,Carter Kucala,2023-12-09,3.57,208
2015KUCA01,Carter Kucala,2023-12-19,3.55,209
2015KUCA01,Carter Kucala,2023-12-19,2.54,210
2015KUCA01,Carter Kucala,2023-12-30,2.11,211
2015KUCA01,Carter Kucala,2023-12-30,1.89,212
2015KUCA01,Carter Kucala,2024-01-06,2.53,213
2015KUCA01,Carter Kucala,2024-01-06,2.41,214
2015KUCA01,Carter Kucala,2024-01-06,2.57,215
2015KUCA01,Carter Kucala,2024-01-20,3.88,216
2015KUCA01,Carter Kucala,2024-01-20,3.25,217
2015KUCA01,Carter Kucala,2024-01-20,1.82,218
2015KUCA01,Carter Kucala,2024-02-03,2.72,219
2015KUCA01,Carter Kucala,2024-02-03,3.31,220
2015KUCA01,Carter Kucala,2024-03-02,2.59,221
2015KUCA01,Carter Kucala,2024-03-02,3.41,222
2015KUCA01,Carter Kucala,2024-03-09,1.94,223
2015KUCA01,Carter Kucala,2024-03-09,1.78,224
2015KUCA01,Carter Kucala,2024-03-09,2.06,225
2015KUCA01,Carter Kucala,2024-03-16,3.82,226
2015KUCA01,Carter Kucala,2024-03-16,3.43,227
2015KUCA01,Carter Kucala,2024-03-23,2.98,228
2015KUCA01,Carter Kucala,2024-03-23,2.53,229
2015KUCA01,Carter Kucala,2024-04-06,1.93,230
2015KUCA01,Carter Kucala,2024-04-06,2.95,231
2015KUCA01,Carter Kucala,2024-04-20,3.2,232
2015KUCA01,Carter Kucala,2024-04-20,3.54,233
2015KUCA01,Carter Kucala,2024-04-27,1.84,234
2015KUCA01,Carter Kucala,2024-04-27,2.73,235
2015KUCA01,Carter Kucala,2024-06-01,4.28,236
2015KUCA01,Carter Kucala,2024-06-01,2.72,237
2015KUCA01,Carter Kucala,2024-06-07,2.67,238
2015KUCA01,Carter Kucala,2024-06-07,1.52,239
2015KUCA01,Carter Kucala,2024-06-07,2.37,240
2015KUCA01,Carter Kucala,2024-06-15,2.44,241
2015KUCA01,Carter Kucala,2024-06-15,2.73,242
2015KUCA01,Carter Kucala,2024-06-22,2.86,243
2015KUCA01,Carter Kucala,2024-06-22,2.9,244
2015KUCA01,Carter Kucala,2024-06-28,2.3,245
2015KUCA01,Carter Kucala,2024-06-28,2.43,246
2015KUCA01,Carter Kucala,2024-07-13,2.43,247
2015KUCA01,Carter Kucala,2024-07-13,2.57,248
2015KUCA01,Carter Kucala,2024-07-18,1.87,249
2015KUCA01,Carter Kucala,2024-07-18,1.75,250
2015KUCA01,Carter Kucala,2024-07-18,2.26,251
2015KUCA01,Carter Kucala,2024-07-25,3.39,252
2015KUCA01,Carter Kucala,2024-07-25,2.5,253
2015KUCA01,Carter Kucala,2024-07-25,1.69,254
2015KUCA01,Carter Kucala,2024-08-13,1.79,255
2015KUCA01,Carter Kucala,2024-08-13,2.86,256
2015KUCA01,Carter Kucala,2024-08-31,2.64,257
2015KUCA01,Carter Kucala,2024-08-31,1.92,258
2015KUCA01,Carter Kucala,2024-09-22,2.45,259
2015KUCA01,Carter Kucala,2024-09-22,2.02,260
2015KUCA01,Carter Kucala,2024-09-22,2.17,261
2015KUCA01,Carter Kucala,2024-10-04,2.16,262
2015KUCA01,Carter Kucala,2024-10-04,3.8,263
2015KUCA01,Carter Kucala,2024-10-04,3.04,264
2015KUCA01,Carter Kucala,2024-10-19,2.35,265
2015KUCA01,Carter Kucala,2024-10-19,2.96,266
2015KUCA01,Carter Kucala,2024-10-19,2.42,267
2015KUCA01,Carter Kucala,2024-10-26,2.21,268
2015KUCA01,Carter Kucala,2024-10-26,2.58,269
2015KUCA01,Carter Kucala,2024-11-16,1.94,270
2015KUCA01,Carter Kucala,2024-11-16,2.32,271
2015KUCA01,Carter Kucala,2024-11-30,2.88,272
2015KUCA01,Carter Kucala,2024-11-30,1.78,273
2015KUCA01,Carter Kucala,2025-01-04,3.5,274
2015KUCA01,Carter Kucala,2025-01-11,2.21,275
2015KUCA01,Carter Kucala,2025-01-11,2.31,276
2015KUCA01,Carter Kucala,2025-01-11,2.21,277
2015KUCA01,Carter Kucala,2025-02-15,2.88,278
2015KUCA01,Carter Kucala,2025-02-15,2.59,279
2015KUCA01,Carter Kucala,2025-02-15,3.48,280
2015KUCA01,Carter Kucala,2025-02-15,2.88,281
2015KUCA01,Carter Kucala,2025-03-08,4.2,282
2015KUCA01,Carter Kucala,2025-03-29,1.86,283
2015KUCA01,Carter Kucala,2025-06-23,2.76,284
2015KUCA01,Carter Kucala,2025-06-23,3.11,285
2015KUCA01,Carter Kucala,2025-06-27,2.73,286
2015KUCA01,Carter Kucala,2025-06-27,3.75,287
2015KUCA01,Carter Kucala,2025-06-27,2.19,288
2015KUCA01,Carter Kucala,2025-06-28,2.16,289
2015KUCA01,Carter Kucala,2025-06-28,2.42,290
2015KUCA01,Carter Kucala,2025-07-03,3.22,291
2015KUCA01,Carter Kucala,2025-07-03,2.21,292
2015KUCA01,Carter Kucala,2025-07-03,2.42,293
2015KUCA01,Carter Kucala,2025-07-12,2.67,294
2015KUCA01,Carter Kucala,2025-07-12,3.21,295
2015KUCA01,Carter Kucala,2025-07-24,2.35,296
2015KUCA01,Carter Kucala,2025-07-24,2.33,297
2015KUCA01,Carter Kucala,2025-08-01,3.51,298
2015KUCA01,Carter Kucala,2025-08-01,1.89,299
2015KUCA01,Carter Kucala,2025-08-01,2.3,300
2015KUCA01,Carter Kucala,2025-08-16,2.79,301
2015KUCA01,Carter Kucala,2025-08-16,3.42,302
2015KUCA01,Carter Kucala,2025-08-22,2.41,303
2015KUCA01,Carter Kucala,2025-08-22,2.32,304
2015KUCA01,Carter Kucala,2025-08-22,2.21,305
2015KUCA01,Carter Kucala,2025-09-05,2.62,306
2015KUCA01,Carter Kucala,2025-09-05,2.4,307
2015KUCA01,Carter Kucala,2025-10-04,2.27,308
2015KUCA01,Carter Kucala,2025-10-04,3.58,309
2015KUCA01,Carter Kucala,2025-10-04,1.95,310
2015KUCA01,Carter Kucala,2025-10-18,2.46,311
2015KUCA01,Carter Kucala,2025-10-18,2.2,312
2015KUCA01,Carter Kucala,2025-10-18,2.39,313
2015KUCA01,Carter Kucala,2025-11-01,2.44,314
2015KUCA01,Carter Kucala,2025-11-01,1.88,315
2015KUCA01,Carter Kucala,2025-11-08,2.33,316
2015KUCA01,Carter Kucala,2025-11-08,2.78,317
2015KUCA01,Carter Kucala,2025-11-15,1.87,318
2015KUCA01,Carter Kucala,2025-11-15,1.78,319
2015KUCA01,Carter Kucala,2025-11-15,2.24,320
2015KUCA01,Carter Kucala,2025-11-22,2.63,321
2015KUCA01,Carter Kucala,2025-11-22,1.83,322
2015KUCA01,Carter Kucala,2025-11-22,2.61,323
2015KUCA01,Carter Kucala,2025-11-29,2.52,324
2015KUCA01,Carter Kucala,2025-11-29,1.73,325
2015KUCA01,Carter Kucala,2025-11-29,2.26,326
2015KUCA01,Carter Kucala,2026-01-24,2.16,327
2015KUCA01,Carter Kucala,2026-01-24,2.51,328
2015KUCA01,Carter Kucala,2026-03-21,2.61,329
2015KUCA01,Carter Kucala,2026-03-21,1.52,330
2015KUCA01,Carter Kucala,2026-04-04,2.84,331
2015KUCA01,Carter Kucala,2026-04-04,1.78,332
2015KUCA01,Carter Kucala,2026-04-11,2.12,333
2015KUCA01,Carter Kucala,2026-04-11,2.25,334
2015KUCA01,Carter Kucala,2026-05-08,2.83,335
2015KUCA01,Carter Kucala,2026-05-08,1.97,336
2015KUCA01,Carter Kucala,2026-05-22,1.75,337
2015KUCA01,Carter Kucala,2026-05-22,2.28,338
2015KUCA01,Carter Kucala,2026-05-22,3.17,339
2015SANC18,Josete Sánchez,2016-02-27,14.74,1
2015SANC18,Josete Sánchez,2016-05-21,14.77,2
2015SANC18,Josete Sánchez,2016-05-28,13.8,3
2015SANC18,Josete Sánchez,2016-06-18,13.78,4
2015SANC18,Josete Sánchez,2016-07-02,11.76,5
2015SANC18,Josete Sánchez,2016-07-02,10.27,6
2015SANC18,Josete Sánchez,2016-09-03,9.79,7
2015SANC18,Josete Sánchez,2016-10-07,14.23,8
2015SANC18,Josete Sánchez,2016-10-29,11.11,9
2015SANC18,Josete Sánchez,2017-02-04,7.32,10
2015SANC18,Josete Sánchez,2017-02-04,9.09,11
2015SANC18,Josete Sánchez,2017-02-25,6.68,12
2015SANC18,Josete Sánchez,2017-03-25,6.72,13
2015SANC18,Josete Sánchez,2017-03-25,6.17,14
2015SANC18,Josete Sánchez,2017-05-06,6.35,15
2015SANC18,Josete Sánchez,2017-07-01,7.71,16
2015SANC18,Josete Sánchez,2017-07-01,6.42,17
2015SANC18,Josete Sánchez,2017-07-29,6.13,18
2015SANC18,Josete Sánchez,2017-07-29,5.94,19
2015SANC18,Josete Sánchez,2017-10-13,6.86,20
2015SANC18,Josete Sánchez,2017-10-13,4.94,21
2015SANC18,Josete Sánchez,2017-11-25,6.19,22
2015SANC18,Josete Sánchez,2017-11-25,5.55,23
2015SANC18,Josete Sánchez,2017-12-23,6.98,24
2015SANC18,Josete Sánchez,2018-02-24,6.2,25
2015SANC18,Josete Sánchez,2018-02-24,7.1,26
2015SANC18,Josete Sánchez,2018-04-07,6.96,27
2015SANC18,Josete Sánchez,2018-04-07,8.71,28
2015SANC18,Josete Sánchez,2018-04-21,6.58,29
2015SANC18,Josete Sánchez,2018-04-21,6.9,30
2015SANC18,Josete Sánchez,2018-05-05,8.89,31
2015SANC18,Josete Sánchez,2018-06-02,5.9,32
2015SANC18,Josete Sánchez,2018-09-08,7.23,33
2015SANC18,Josete Sánchez,2018-09-08,5.86,34
2015SANC18,Josete Sánchez,2018-09-08,6.41,35
2015SANC18,Josete Sánchez,2018-10-12,8.0,36
2015SANC18,Josete Sánchez,2018-10-12,7.45,37
2015SANC18,Josete Sánchez,2018-10-27,6.34,38
2015SANC18,Josete Sánchez,2018-10-27,8.75,39
2015SANC18,Josete Sánchez,2018-11-17,6.23,40
2015SANC18,Josete Sánchez,2018-11-17,6.02,41
2015SANC18,Josete Sánchez,2018-11-24,8.44,42
2015SANC18,Josete Sánchez,2018-11-24,7.97,43
2015SANC18,Josete Sánchez,2019-02-16,7.42,44
2015SANC18,Josete Sánchez,2019-02-16,7.65,45
2015SANC18,Josete Sánchez,2019-05-25,9.22,46
2015SANC18,Josete Sánchez,2019-05-25,5.91,47
2015SANC18,Josete Sánchez,2019-05-25,7.08,48
2015SANC18,Josete Sánchez,2019-06-16,7.76,49
2015SANC18,Josete Sánchez,2019-07-13,6.35,50
2015SANC18,Josete Sánchez,2019-07-13,6.78,51
2015SANC18,Josete Sánchez,2019-11-16,7.29,52
2015SANC18,Josete Sánchez,2019-11-16,8.58,53
2015SANC18,Josete Sánchez,2020-02-22,7.8,54
2015SANC18,Josete Sánchez,2021-12-11,6.61,55
2015SANC18,Josete Sánchez,2022-03-05,5.31,56
2015SANC18,Josete Sánchez,2022-03-05,6.08,57
2015SANC18,Josete Sánchez,2022-03-05,5.23,58
2015SANC18,Josete Sánchez,2022-03-12,6.86,59
2015SANC18,Josete Sánchez,2022-03-12,6.6,60
2015SANC18,Josete Sánchez,2022-03-19,7.57,61
2015SANC18,Josete Sánchez,2022-03-19,4.24,62
2015SANC18,Josete Sánchez,2022-03-19,5.12,63
2015SANC18,Josete Sánchez,2022-05-21,7.55,64
2015SANC18,Josete Sánchez,2022-05-21,5.84,65
2015SANC18,Josete Sánchez,2022-06-04,5.97,66
2015SANC18,Josete Sánchez,2022-06-04,5.96,67
2015SANC18,Josete Sánchez,2022-06-04,5.06,68
2015SANC18,Josete Sánchez,2022-09-03,6.56,69
2015SANC18,Josete Sánchez,2022-09-10,5.3,70
2015SANC18,Josete Sánchez,2022-09-10,6.88,71
2015SANC18,Josete Sánchez,2022-10-07,7.23,72
2015SANC18,Josete Sánchez,2022-10-07,6.34,73
2015SANC18,Josete Sánchez,2022-10-28,5.75,74
2015SANC18,Josete Sánchez,2022-10-28,6.58,75
2015SANC18,Josete Sánchez,2022-11-26,4.63,76
2015SANC18,Josete Sánchez,2022-11-26,6.36,77
2015SANC18,Josete Sánchez,2022-11-26,7.97,78
2015SANC18,Josete Sánchez,2022-12-10,5.21,79
2015SANC18,Josete Sánchez,2022-12-10,5.6,80
2015SANC18,Josete Sánchez,2023-02-11,5.11,81
2015SANC18,Josete Sánchez,2023-02-11,5.74,82
2015SANC18,Josete Sánchez,2023-03-10,5.68,83
2015SANC18,Josete Sánchez,2023-03-10,5.07,84
2015SANC18,Josete Sánchez,2023-03-25,4.96,85
2015SANC18,Josete Sánchez,2023-03-25,5.02,86
2015SANC18,Josete Sánchez,2023-03-25,5.33,87
2015SANC18,Josete Sánchez,2023-04-15,7.63,88
2015SANC18,Josete Sánchez,2023-04-15,5.91,89
2015SANC18,Josete Sánchez,2023-04-15,4.92,90
2015SANC18,Josete Sánchez,2023-04-28,5.07,91
2015SANC18,Josete Sánchez,2023-05-20,6.29,92
2015SANC18,Josete Sánchez,2023-05-20,6.88,93
2015SANC18,Josete Sánchez,2023-05-20,5.17,94
2015SANC18,Josete Sánchez,2023-06-17,4.01,95
2015SANC18,Josete Sánchez,2023-06-17,5.53,96
2015SANC18,Josete Sánchez,2023-06-17,4.67,97
2015SANC18,Josete Sánchez,2023-06-24,4.12,98
2015SANC18,Josete Sánchez,2023-06-24,5.52,99
2015SANC18,Josete Sánchez,2023-06-24,7.14,100
2015SANC18,Josete Sánchez,2023-07-22,5.36,101
2015SANC18,Josete Sánchez,2023-07-22,4.56,102
2015SANC18,Josete Sánchez,2023-07-22,5.61,103
2015SANC18,Josete Sánchez,2023-07-29,5.09,104
2015SANC18,Josete Sánchez,2023-07-29,4.66,105
2015SANC18,Josete Sánchez,2023-07-29,4.93,106
2015SANC18,Josete Sánchez,2023-08-05,5.64,107
2015SANC18,Josete Sánchez,2023-08-05,4.85,108
2015SANC18,Josete Sánchez,2023-08-05,4.04,109
2015SANC18,Josete Sánchez,2023-08-26,6.56,110
2015SANC18,Josete Sánchez,2023-08-26,4.62,111
2015SANC18,Josete Sánchez,2023-09-09,4.82,112
2015SANC18,Josete Sánchez,2023-09-09,4.57,113
2015SANC18,Josete Sánchez,2023-09-09,5.61,114
2015SANC18,Josete Sánchez,2023-10-07,5.31,115
2015SANC18,Josete Sánchez,2023-10-14,5.24,116
2015SANC18,Josete Sánchez,2023-10-14,5.35,117
2015SANC18,Josete Sánchez,2023-10-20,5.46,118
2015SANC18,Josete Sánchez,2023-10-20,7.62,119
2015SANC18,Josete Sánchez,2023-10-28,5.54,120
2015SANC18,Josete Sánchez,2023-10-28,5.27,121
2015SANC18,Josete Sánchez,2023-10-28,5.16,122
2015SANC18,Josete Sánchez,2023-11-11,5.01,123
2015SANC18,Josete Sánchez,2023-11-11,5.57,124
2015SANC18,Josete Sánchez,2023-11-11,5.18,125
2015SANC18,Josete Sánchez,2023-11-18,4.83,126
2015SANC18,Josete Sánchez,2023-11-18,4.78,127
2015SANC18,Josete Sánchez,2023-11-18,6.62,128
2015SANC18,Josete Sánchez,2023-12-08,4.68,129
2015SANC18,Josete Sánchez,2023-12-08,4.22,130
2015SANC18,Josete Sánchez,2023-12-08,5.9,131
2015SANC18,Josete Sánchez,2024-01-27,5.32,132
2015SANC18,Josete Sánchez,2024-01-27,5.58,133
2015SANC18,Josete Sánchez,2024-01-27,6.04,134
2015SANC18,Josete Sánchez,2024-02-17,4.49,135
2015SANC18,Josete Sánchez,2024-02-17,5.13,136
2015SANC18,Josete Sánchez,2024-04-06,8.07,137
2015SANC18,Josete Sánchez,2024-04-06,6.66,138
2015SANC18,Josete Sánchez,2024-04-06,5.25,139
2015SANC18,Josete Sánchez,2024-04-13,5.35,140
2015SANC18,Josete Sánchez,2024-04-20,6.37,141
2015SANC18,Josete Sánchez,2024-04-20,5.25,142
2015SANC18,Josete Sánchez,2024-04-27,5.09,143
2015SANC18,Josete Sánchez,2024-04-27,5.66,144
2015SANC18,Josete Sánchez,2024-04-27,5.44,145
2015SANC18,Josete Sánchez,2024-05-18,5.06,146
2015SANC18,Josete Sánchez,2024-05-18,5.17,147
2015SANC18,Josete Sánchez,2024-06-08,4.42,148
2015SANC18,Josete Sánchez,2024-06-22,5.18,149
2015SANC18,Josete Sánchez,2024-06-22,5.39,150
2015SANC18,Josete Sánchez,2024-06-22,4.66,151
2015SANC18,Josete Sánchez,2024-06-29,4.52,152
2015SANC18,Josete Sánchez,2024-06-29,4.82,153
2015SANC18,Josete Sánchez,2024-07-25,5.88,154
2015SANC18,Josete Sánchez,2024-08-17,5.12,155
2015SANC18,Josete Sánchez,2024-08-17,4.29,156
2015SANC18,Josete Sánchez,2024-08-24,6.97,157
2015SANC18,Josete Sánchez,2024-08-24,6.83,158
2015SANC18,Josete Sánchez,2024-08-24,6.37,159
2015SANC18,Josete Sánchez,2024-09-07,5.45,160
2015SANC18,Josete Sánchez,2024-09-07,4.36,161
2015SANC18,Josete Sánchez,2024-09-07,6.45,162
2015SANC18,Josete Sánchez,2024-09-14,6.65,163
2015SANC18,Josete Sánchez,2024-09-14,4.58,164
2015SANC18,Josete Sánchez,2024-09-14,6.39,165
2015SANC18,Josete Sánchez,2024-09-21,5.73,166
2015SANC18,Josete Sánchez,2024-09-21,5.82,167
2015SANC18,Josete Sánchez,2024-09-28,5.22,168
2015SANC18,Josete Sánchez,2024-09-28,5.99,169
2015SANC18,Josete Sánchez,2024-09-28,5.66,170
2015SANC18,Josete Sánchez,2024-10-12,5.66,171
2015SANC18,Josete Sánchez,2024-10-19,4.57,172
2015SANC18,Josete Sánchez,2024-10-26,5.46,173
2015SANC18,Josete Sánchez,2024-11-16,4.69,174
2015SANC18,Josete Sánchez,2024-11-16,5.45,175
2015SANC18,Josete Sánchez,2024-11-16,5.46,176
2015SANC18,Josete Sánchez,2024-11-23,6.54,177
2015SANC18,Josete Sánchez,2024-11-29,4.63,178
2015SANC18,Josete Sánchez,2024-11-29,5.93,179
2015SANC18,Josete Sánchez,2024-12-06,5.13,180
2015SANC18,Josete Sánchez,2024-12-06,5.2,181
2015SANC18,Josete Sánchez,2024-12-06,5.91,182
2015SANC18,Josete Sánchez,2025-01-18,5.07,183
2015SANC18,Josete Sánchez,2025-01-18,5.68,184
2015SANC18,Josete Sánchez,2025-02-08,6.44,185
2015SANC18,Josete Sánchez,2025-02-08,4.11,186
2015SANC18,Josete Sánchez,2025-02-15,5.17,187
2015SANC18,Josete Sánchez,2025-02-15,6.86,188
2015SANC18,Josete Sánchez,2025-02-22,5.19,189
2015SANC18,Josete Sánchez,2025-02-22,5.18,190
2015SANC18,Josete Sánchez,2025-02-22,5.81,191
2015SANC18,Josete Sánchez,2025-03-01,5.0,192
2015SANC18,Josete Sánchez,2025-03-01,6.37,193
2015SANC18,Josete Sánchez,2025-03-01,4.73,194
2015SANC18,Josete Sánchez,2025-03-29,5.89,195
2015SANC18,Josete Sánchez,2025-03-29,4.34,196
2015SANC18,Josete Sánchez,2025-03-29,4.4,197
2015SANC18,Josete Sánchez,2025-04-05,5.77,198
2015SANC18,Josete Sánchez,2025-04-05,4.43,199
2015SANC18,Josete Sánchez,2025-05-10,4.16,200
2015SANC18,Josete Sánchez,2025-05-17,5.29,201
2015SANC18,Josete Sánchez,2025-05-17,4.97,202
2015SANC18,Josete Sánchez,2025-06-07,5.08,203
2015SANC18,Josete Sánchez,2025-06-07,5.13,204
2015SANC18,Josete Sánchez,2025-06-07,6.09,205
2015SANC18,Josete Sánchez,2025-06-14,4.81,206
2015SANC18,Josete Sánchez,2025-06-14,4.17,207
2015SANC18,Josete Sánchez,2025-07-05,4.99,208
2015SANC18,Josete Sánchez,2025-07-05,5.22,209
2015SANC18,Josete Sánchez,2025-07-19,3.98,210
2015SANC18,Josete Sánchez,2025-07-19,4.52,211
2015SANC18,Josete Sánchez,2025-07-26,4.89,212
2015SANC18,Josete Sánchez,2025-07-26,4.33,213
2015SANC18,Josete Sánchez,2025-08-15,4.54,214
2015SANC18,Josete Sánchez,2025-08-15,5.53,215
2015SANC18,Josete Sánchez,2025-08-15,4.65,216
2015SANC18,Josete Sánchez,2025-08-23,5.29,217
2015SANC18,Josete Sánchez,2025-08-23,4.73,218
2015SANC18,Josete Sánchez,2025-09-20,6.83,219
2015SANC18,Josete Sánchez,2025-09-20,4.67,220
2015SANC18,Josete Sánchez,2025-09-27,5.16,221
2015SANC18,Josete Sánchez,2025-09-27,5.19,222
2015SANC18,Josete Sánchez,2025-11-01,4.21,223
2015SANC18,Josete Sánchez,2025-11-01,4.33,224
2015SANC18,Josete Sánchez,2025-11-01,5.2,225
2015SANC18,Josete Sánchez,2025-11-22,4.87,226
2015SANC18,Josete Sánchez,2025-11-22,5.07,227
2015SANC18,Josete Sánchez,2025-11-29,5.05,228
2015SANC18,Josete Sánchez,2025-11-29,5.56,229
2015SANC18,Josete Sánchez,2025-11-29,4.64,230
2015SANC18,Josete Sánchez,2025-12-06,5.12,231
2015SANC18,Josete Sánchez,2025-12-06,4.1,232
2015SANC18,Josete Sánchez,2025-12-06,5.3,233
2015SANC18,Josete Sánchez,2026-01-10,6.39,234
2015SANC18,Josete Sánchez,2026-01-10,4.58,235
2015SANC18,Josete Sánchez,2026-01-17,4.6,236
2015SANC18,Josete Sánchez,2026-02-14,5.01,237
2015SANC18,Josete Sánchez,2026-02-14,5.36,238
2015SANC18,Josete Sánchez,2026-02-14,4.46,239
2015SANC18,Josete Sánchez,2026-02-21,5.73,240
2015SANC18,Josete Sánchez,2026-02-21,4.2,241
2015SANC18,Josete Sánchez,2026-03-07,4.76,242
2015SANC18,Josete Sánchez,2026-03-07,4.68,243
2015SANC18,Josete Sánchez,2026-03-28,5.03,244
2015SANC18,Josete Sánchez,2026-03-28,5.19,245
2015SANC18,Josete Sánchez,2026-03-28,8.28,246
2015SANC18,Josete Sánchez,2026-04-11,5.75,247
2015SANC18,Josete Sánchez,2026-04-11,5.39,248
2015SANC18,Josete Sánchez,2026-04-11,4.85,249
2015SANC18,Josete Sánchez,2026-04-25,5.18,250
2015SANC18,Josete Sánchez,2026-04-25,5.22,251
2015SANC18,Josete Sánchez,2026-05-16,5.46,252
2015SANC18,Josete Sánchez,2026-05-16,4.19,253
2016KELL12,Simon Kellum,2016-12-10,7.09,1
2016KELL12,Simon Kellum,2016-12-10,7.26,2
2016KELL12,Simon Kellum,2017-02-18,8.22,3
2016KELL12,Simon Kellum,2017-02-18,6.31,4
2016KELL12,Simon Kellum,2017-07-07,6.18,5
2016KELL12,Simon Kellum,2017-07-07,6.32,6
2016KELL12,Simon Kellum,2017-08-05,5.35,7
2016KELL12,Simon Kellum,2017-08-05,4.41,8
2016KELL12,Simon Kellum,2017-10-28,4.31,9
2016KELL12,Simon Kellum,2017-12-09,3.85,10
2016KELL12,Simon Kellum,2017-12-09,3.7,11
2016KELL12,Simon Kellum,2017-12-09,4.9,12
2016KELL12,Simon Kellum,2018-01-27,4.27,13
2016KELL12,Simon Kellum,2018-01-27,3.43,14
2016KELL12,Simon Kellum,2018-01-27,4.13,15
2016KELL12,Simon Kellum,2018-03-09,4.79,16
2016KELL12,Simon Kellum,2018-03-09,4.38,17
2016KELL12,Simon Kellum,2018-03-09,4.54,18
2016KELL12,Simon Kellum,2018-05-18,3.96,19
2016KELL12,Simon Kellum,2018-05-18,4.91,20
2016KELL12,Simon Kellum,2018-07-27,3.22,21
2016KELL12,Simon Kellum,2018-07-27,3.55,22
2016KELL12,Simon Kellum,2018-07-27,3.51,23
2016KELL12,Simon Kellum,2018-07-27,4.17,24
2016KELL12,Simon Kellum,2018-12-08,4.12,25
2016KELL12,Simon Kellum,2018-12-08,3.8,26
2016KELL12,Simon Kellum,2018-12-15,3.46,27
2016KELL12,Simon Kellum,2018-12-15,3.84,28
2016KELL12,Simon Kellum,2019-01-26,3.91,29
2016KELL12,Simon Kellum,2019-01-26,3.42,30
2016KELL12,Simon Kellum,2019-01-26,3.67,31
2016KELL12,Simon Kellum,2019-02-10,3.51,32
2016KELL12,Simon Kellum,2019-02-10,3.69,33
2016KELL12,Simon Kellum,2019-03-09,3.26,34
2016KELL12,Simon Kellum,2019-03-09,3.36,35
2016KELL12,Simon Kellum,2019-03-09,3.26,36
2016KELL12,Simon Kellum,2019-05-24,5.27,37
2016KELL12,Simon Kellum,2019-05-24,2.91,38
2016KELL12,Simon Kellum,2019-06-16,2.77,39
2016KELL12,Simon Kellum,2019-06-22,3.41,40
2016KELL12,Simon Kellum,2019-06-22,3.01,41
2016KELL12,Simon Kellum,2019-08-01,3.98,42
2016KELL12,Simon Kellum,2019-08-01,3.12,43
2016KELL12,Simon Kellum,2019-08-01,4.53,44
2016KELL12,Simon Kellum,2019-08-31,4.22,45
2016KELL12,Simon Kellum,2019-10-19,2.87,46
2016KELL12,Simon Kellum,2019-10-19,3.41,47
2016KELL12,Simon Kellum,2019-12-30,2.61,48
2016KELL12,Simon Kellum,2020-01-18,3.56,49
2016KELL12,Simon Kellum,2020-01-18,3.32,50
2016KELL12,Simon Kellum,2020-01-18,3.16,51
2016KELL12,Simon Kellum,2020-03-07,3.6,52
2016KELL12,Simon Kellum,2020-03-07,2.57,53
2016KELL12,Simon Kellum,2021-12-04,2.7,54
2016KELL12,Simon Kellum,2021-12-04,2.66,55
2016KELL12,Simon Kellum,2021-12-04,3.19,56
2016KELL12,Simon Kellum,2022-01-08,2.73,57
2016KELL12,Simon Kellum,2022-01-08,3.29,58
2016KELL12,Simon Kellum,2022-01-09,2.53,59
2016KELL12,Simon Kellum,2022-01-09,2.98,60
2016KELL12,Simon Kellum,2022-02-05,2.68,61
2016KELL12,Simon Kellum,2022-02-05,3.15,62
2016KELL12,Simon Kellum,2022-03-05,3.15,63
2016KELL12,Simon Kellum,2022-04-01,3.32,64
2016KELL12,Simon Kellum,2022-04-01,3.25,65
2016KELL12,Simon Kellum,2022-04-09,3.07,66
2016KELL12,Simon Kellum,2022-04-09,3.43,67
2016KELL12,Simon Kellum,2022-04-29,3.22,68
2016KELL12,Simon Kellum,2022-04-29,3.2,69
2016KELL12,Simon Kellum,2022-04-29,2.63,70
2016KELL12,Simon Kellum,2022-05-14,2.48,71
2016KELL12,Simon Kellum,2022-05-14,4.5,72
2016KELL12,Simon Kellum,2022-07-07,3.23,73
2016KELL12,Simon Kellum,2022-07-07,2.81,74
2016KELL12,Simon Kellum,2022-07-07,3.8,75
2016KELL12,Simon Kellum,2022-07-14,3.11,76
2016KELL12,Simon Kellum,2022-07-14,3.74,77
2016KELL12,Simon Kellum,2022-07-14,2.36,78
2016KELL12,Simon Kellum,2022-07-24,2.53,79
2016KELL12,Simon Kellum,2022-07-24,2.99,80
2016KELL12,Simon Kellum,2022-08-20,2.58,81
2016KELL12,Simon Kellum,2022-08-20,2.93,82
2016KELL12,Simon Kellum,2022-09-03,3.41,83
2016KELL12,Simon Kellum,2022-09-03,2.86,84
2016KELL12,Simon Kellum,2022-09-10,2.61,85
2016KELL12,Simon Kellum,2022-09-10,2.01,86
2016KELL12,Simon Kellum,2022-09-24,5.46,87
2016KELL12,Simon Kellum,2022-09-24,3.57,88
2016KELL12,Simon Kellum,2022-11-05,2.57,89
2016KELL12,Simon Kellum,2022-11-05,3.19,90
2016KELL12,Simon Kellum,2022-11-19,2.99,91
2016KELL12,Simon Kellum,2022-11-19,2.34,92
2016KELL12,Simon Kellum,2022-12-18,3.41,93
2016KELL12,Simon Kellum,2022-12-18,2.68,94
2016KELL12,Simon Kellum,2023-01-14,2.94,95
2016KELL12,Simon Kellum,2023-01-14,3.31,96
2016KELL12,Simon Kellum,2023-02-05,2.71,97
2016KELL12,Simon Kellum,2023-02-05,3.17,98
2016KELL12,Simon Kellum,2023-02-11,3.01,99
2016KELL12,Simon Kellum,2023-02-11,2.37,100
2016KELL12,Simon Kellum,2023-02-19,2.44,101
2016KELL12,Simon Kellum,2023-03-26,3.48,102
2016KELL12,Simon Kellum,2023-04-02,2.07,103
2016KELL12,Simon Kellum,2023-04-02,3.83,104
2016KELL12,Simon Kellum,2023-04-02,2.86,105
2016KELL12,Simon Kellum,2023-04-08,3.56,106
2016KELL12,Simon Kellum,2023-04-08,2.34,107
2016KELL12,Simon Kellum,2023-04-08,3.97,108
2016KELL12,Simon Kellum,2023-04-15,3.12,109
2016KELL12,Simon Kellum,2023-04-15,2.78,110
2016KELL12,Simon Kellum,2023-04-22,2.83,111
2016KELL12,Simon Kellum,2023-04-22,3.4,112
2016KELL12,Simon Kellum,2023-04-22,2.83,113
2016KELL12,Simon Kellum,2023-04-30,3.83,114
2016KELL12,Simon Kellum,2023-04-30,3.12,115
2016KELL12,Simon Kellum,2023-05-06,2.44,116
2016KELL12,Simon Kellum,2023-05-06,2.72,117
2016KELL12,Simon Kellum,2023-05-06,2.79,118
2016KELL12,Simon Kellum,2023-05-27,3.72,119
2016KELL12,Simon Kellum,2023-05-27,4.1,120
2016KELL12,Simon Kellum,2023-05-27,2.55,121
2016KELL12,Simon Kellum,2023-06-02,3.72,122
2016KELL12,Simon Kellum,2023-06-02,2.64,123
2016KELL12,Simon Kellum,2023-06-02,2.68,124
2016KELL12,Simon Kellum,2023-06-11,2.59,125
2016KELL12,Simon Kellum,2023-06-11,3.1,126
2016KELL12,Simon Kellum,2023-06-13,3.01,127
2016KELL12,Simon Kellum,2023-06-13,2.98,128
2016KELL12,Simon Kellum,2023-06-13,2.66,129
2016KELL12,Simon Kellum,2023-06-17,2.53,130
2016KELL12,Simon Kellum,2023-06-17,3.21,131
2016KELL12,Simon Kellum,2023-07-08,2.34,132
2016KELL12,Simon Kellum,2023-07-08,2.66,133
2016KELL12,Simon Kellum,2023-07-15,2.94,134
2016KELL12,Simon Kellum,2023-07-15,3.12,135
2016KELL12,Simon Kellum,2023-07-23,3.1,136
2016KELL12,Simon Kellum,2023-07-23,2.82,137
2016KELL12,Simon Kellum,2023-07-27,2.89,138
2016KELL12,Simon Kellum,2023-07-27,2.59,139
2016KELL12,Simon Kellum,2023-07-27,2.36,140
2016KELL12,Simon Kellum,2023-08-12,3.74,141
2016KELL12,Simon Kellum,2023-08-12,2.56,142
2016KELL12,Simon Kellum,2023-08-12,3.2,143
2016KELL12,Simon Kellum,2023-09-03,3.0,144
2016KELL12,Simon Kellum,2023-09-03,3.08,145
2016KELL12,Simon Kellum,2023-09-30,2.79,146
2016KELL12,Simon Kellum,2023-09-30,2.48,147
2016KELL12,Simon Kellum,2023-10-07,2.89,148
2016KELL12,Simon Kellum,2023-10-07,3.34,149
2016KELL12,Simon Kellum,2023-10-20,3.49,150
2016KELL12,Simon Kellum,2023-10-20,2.49,151
2016KELL12,Simon Kellum,2023-10-20,3.58,152
2016KELL12,Simon Kellum,2023-10-28,3.12,153
2016KELL12,Simon Kellum,2023-10-28,2.99,154
2016KELL12,Simon Kellum,2023-10-28,3.31,155
2016KELL12,Simon Kellum,2023-10-29,2.37,156
2016KELL12,Simon Kellum,2023-10-29,3.75,157
2016KELL12,Simon Kellum,2023-11-03,2.44,158
2016KELL12,Simon Kellum,2023-11-03,2.81,159
2016KELL12,Simon Kellum,2023-11-03,2.92,160
2016KELL12,Simon Kellum,2023-11-11,2.5,161
2016KELL12,Simon Kellum,2023-11-11,2.04,162
2016KELL12,Simon Kellum,2023-11-12,2.72,163
2016KELL12,Simon Kellum,2023-11-12,2.82,164
2016KELL12,Simon Kellum,2023-11-19,1.84,165
2016KELL12,Simon Kellum,2023-11-19,3.22,166
2016KELL12,Simon Kellum,2023-12-02,2.88,167
2016KELL12,Simon Kellum,2023-12-09,2.63,168
2016KELL12,Simon Kellum,2023-12-09,2.46,169
2016KELL12,Simon Kellum,2023-12-09,2.7,170
2016KELL12,Simon Kellum,2023-12-30,3.34,171
2016KELL12,Simon Kellum,2023-12-30,2.38,172
2016KELL12,Simon Kellum,2024-01-06,3.01,173
2016KELL12,Simon Kellum,2024-01-06,2.62,174
2016KELL12,Simon Kellum,2024-01-06,2.23,175
2016KELL12,Simon Kellum,2024-01-20,2.97,176
2016KELL12,Simon Kellum,2024-01-20,2.56,177
2016KELL12,Simon Kellum,2024-01-20,2.64,178
2016KELL12,Simon Kellum,2024-02-03,2.7,179
2016KELL12,Simon Kellum,2024-02-03,2.76,180
2016KELL12,Simon Kellum,2024-03-02,4.17,181
2016KELL12,Simon Kellum,2024-03-02,3.45,182
2016KELL12,Simon Kellum,2024-03-09,2.51,183
2016KELL12,Simon Kellum,2024-03-09,2.54,184
2016KELL12,Simon Kellum,2024-03-09,3.73,185
2016KELL12,Simon Kellum,2024-03-16,2.44,186
2016KELL12,Simon Kellum,2024-03-16,3.06,187
2016KELL12,Simon Kellum,2024-03-23,2.42,188
2016KELL12,Simon Kellum,2024-03-23,3.47,189
2016KELL12,Simon Kellum,2024-04-06,2.69,190
2016KELL12,Simon Kellum,2024-04-06,3.6,191
2016KELL12,Simon Kellum,2024-04-13,2.96,192
2016KELL12,Simon Kellum,2024-04-13,3.03,193
2016KELL12,Simon Kellum,2024-04-13,2.52,194
2016KELL12,Simon Kellum,2024-04-20,3.36,195
2016KELL12,Simon Kellum,2024-04-20,2.38,196
2016KELL12,Simon Kellum,2024-04-27,3.37,197
2016KELL12,Simon Kellum,2024-04-27,2.58,198
2016KELL12,Simon Kellum,2024-05-25,2.18,199
2016KELL12,Simon Kellum,2024-05-25,3.75,200
2016KELL12,Simon Kellum,2024-06-01,4.25,201
2016KELL12,Simon Kellum,2024-06-01,2.71,202
2016KELL12,Simon Kellum,2024-06-09,3.51,203
2016KELL12,Simon Kellum,2024-06-09,2.71,204
2016KELL12,Simon Kellum,2024-06-09,3.52,205
2016KELL12,Simon Kellum,2024-06-10,2.51,206
2016KELL12,Simon Kellum,2024-06-10,2.39,207
2016KELL12,Simon Kellum,2024-06-10,3.06,208
2016KELL12,Simon Kellum,2024-06-15,5.43,209
2016KELL12,Simon Kellum,2024-06-15,2.7,210
2016KELL12,Simon Kellum,2024-06-22,2.56,211
2016KELL12,Simon Kellum,2024-06-22,2.83,212
2016KELL12,Simon Kellum,2024-07-13,3.27,213
2016KELL12,Simon Kellum,2024-07-13,1.87,214
2016KELL12,Simon Kellum,2024-07-18,2.81,215
2016KELL12,Simon Kellum,2024-07-18,2.8,216
2016KELL12,Simon Kellum,2024-07-18,3.32,217
2016KELL12,Simon Kellum,2024-07-25,4.0,218
2016KELL12,Simon Kellum,2024-07-25,2.9,219
2016KELL12,Simon Kellum,2024-07-25,2.81,220
2016KELL12,Simon Kellum,2024-08-09,2.49,221
2016KELL12,Simon Kellum,2024-08-09,2.2,222
2016KELL12,Simon Kellum,2024-08-09,3.23,223
2016KELL12,Simon Kellum,2024-08-31,2.68,224
2016KELL12,Simon Kellum,2024-08-31,3.03,225
2016KELL12,Simon Kellum,2024-09-28,3.16,226
2016KELL12,Simon Kellum,2024-09-28,4.17,227
2016KELL12,Simon Kellum,2024-10-12,2.32,228
2016KELL12,Simon Kellum,2024-10-12,2.57,229
2016KELL12,Simon Kellum,2024-10-12,2.09,230
2016KELL12,Simon Kellum,2024-10-26,3.6,231
2016KELL12,Simon Kellum,2024-10-26,3.06,232
2016KELL12,Simon Kellum,2024-11-22,3.03,233
2016KELL12,Simon Kellum,2024-11-22,2.99,234
2016KELL12,Simon Kellum,2024-11-22,2.16,235
2016KELL12,Simon Kellum,2024-11-30,2.79,236
2016KELL12,Simon Kellum,2024-11-30,3.33,237
2016KELL12,Simon Kellum,2025-02-15,2.39,238
2016KELL12,Simon Kellum,2025-02-15,2.58,239
2016KELL12,Simon Kellum,2025-02-15,2.73,240
2016KELL12,Simon Kellum,2025-02-15,3.63,241
2016KELL12,Simon Kellum,2025-03-08,2.73,242
2016KELL12,Simon Kellum,2025-03-08,2.77,243
2016KELL12,Simon Kellum,2025-03-29,2.51,244
2016KELL12,Simon Kellum,2025-06-23,3.05,245
2016KELL12,Simon Kellum,2025-06-23,2.37,246
2016KELL12,Simon Kellum,2025-06-27,3.48,247
2016KELL12,Simon Kellum,2025-06-27,3.04,248
2016KELL12,Simon Kellum,2025-06-27,1.87,249
2016KELL12,Simon Kellum,2025-06-28,3.79,250
2016KELL12,Simon Kellum,2025-06-28,3.21,251
2016KELL12,Simon Kellum,2025-07-03,2.81,252
2016KELL12,Simon Kellum,2025-07-03,4.07,253
2016KELL12,Simon Kellum,2025-08-01,3.37,254
2016KELL12,Simon Kellum,2025-08-01,2.58,255
2016KELL12,Simon Kellum,2025-08-01,3.11,256
2016KELL12,Simon Kellum,2025-08-22,2.38,257
2016KELL12,Simon Kellum,2025-08-22,2.65,258
2016KELL12,Simon Kellum,2025-08-22,4.39,259
2016KELL12,Simon Kellum,2025-09-05,2.8,260
2016KELL12,Simon Kellum,2025-09-05,3.45,261
2016KELL12,Simon Kellum,2025-10-04,2.7,262
2016KELL12,Simon Kellum,2025-10-04,3.45,263
2016KELL12,Simon Kellum,2025-10-04,4.21,264
2016KELL12,Simon Kellum,2025-11-01,2.76,265
2016KELL12,Simon Kellum,2025-11-01,2.46,266
2016KELL12,Simon Kellum,2025-11-08,2.1,267
2016KELL12,Simon Kellum,2025-11-08,2.43,268
2016KELL12,Simon Kellum,2025-11-15,2.91,269
2016KELL12,Simon Kellum,2025-11-15,3.27,270
2016KELL12,Simon Kellum,2026-01-24,3.49,271
2016KELL12,Simon Kellum,2026-01-24,3.39,272
2016KELL12,Simon Kellum,2026-03-21,3.56,273
2016KELL12,Simon Kellum,2026-03-21,2.21,274
2016KELL12,Simon Kellum,2026-04-04,2.68,275
2016KELL12,Simon Kellum,2026-04-04,2.27,276
2016KELL12,Simon Kellum,2026-05-08,2.96,277
2016KELL12,Simon Kellum,2026-05-08,2.82,278
2016LAZA03,Fernando Sáez Lázaro,2016-11-05,18.82,1
2016LAZA03,Fernando Sáez Lázaro,2016-11-05,19.88,2
2016LAZA03,Fernando Sáez Lázaro,2017-07-01,10.83,3
2016LAZA03,Fernando Sáez Lázaro,2017-07-01,12.7,4
2016LAZA03,Fernando Sáez Lázaro,2017-11-11,6.97,5
2016LAZA03,Fernando Sáez Lázaro,2017-11-11,6.16,6
2016LAZA03,Fernando Sáez Lázaro,2018-02-24,5.02,7
2016LAZA03,Fernando Sáez Lázaro,2018-02-24,6.42,8
2016LAZA03,Fernando Sáez Lázaro,2018-04-14,4.47,9
2016LAZA03,Fernando Sáez Lázaro,2018-05-05,4.7,10
2016LAZA03,Fernando Sáez Lázaro,2018-07-19,5.09,11
2016LAZA03,Fernando Sáez Lázaro,2018-07-19,5.46,12
2016LAZA03,Fernando Sáez Lázaro,2018-07-19,4.7,13
2016LAZA03,Fernando Sáez Lázaro,2018-09-08,5.75,14
2016LAZA03,Fernando Sáez Lázaro,2018-09-08,4.4,15
2016LAZA03,Fernando Sáez Lázaro,2018-09-08,5.19,16
2016LAZA03,Fernando Sáez Lázaro,2018-10-12,4.44,17
2016LAZA03,Fernando Sáez Lázaro,2018-10-12,4.21,18
2016LAZA03,Fernando Sáez Lázaro,2018-10-12,5.03,19
2016LAZA03,Fernando Sáez Lázaro,2018-11-10,5.7,20
2016LAZA03,Fernando Sáez Lázaro,2018-11-10,5.07,21
2016LAZA03,Fernando Sáez Lázaro,2018-12-08,5.87,22
2016LAZA03,Fernando Sáez Lázaro,2018-12-08,5.42,23
2016LAZA03,Fernando Sáez Lázaro,2019-04-13,5.06,24
2016LAZA03,Fernando Sáez Lázaro,2019-04-13,3.79,25
2016LAZA03,Fernando Sáez Lázaro,2019-04-19,5.93,26
2016LAZA03,Fernando Sáez Lázaro,2019-04-19,4.99,27
2016LAZA03,Fernando Sáez Lázaro,2019-04-19,3.98,28
2016LAZA03,Fernando Sáez Lázaro,2019-06-16,6.57,29
2016LAZA03,Fernando Sáez Lázaro,2019-06-16,4.47,30
2016LAZA03,Fernando Sáez Lázaro,2019-07-13,4.86,31
2016LAZA03,Fernando Sáez Lázaro,2019-07-13,5.37,32
2016LAZA03,Fernando Sáez Lázaro,2019-08-31,4.96,33
2016LAZA03,Fernando Sáez Lázaro,2019-08-31,4.58,34
2016LAZA03,Fernando Sáez Lázaro,2019-08-31,4.57,35
2016LAZA03,Fernando Sáez Lázaro,2019-09-07,5.98,36
2016LAZA03,Fernando Sáez Lázaro,2019-09-07,3.82,37
2016LAZA03,Fernando Sáez Lázaro,2019-10-11,5.23,38
2016LAZA03,Fernando Sáez Lázaro,2019-10-11,4.55,39
2016LAZA03,Fernando Sáez Lázaro,2019-10-11,4.87,40
2016LAZA03,Fernando Sáez Lázaro,2019-11-16,4.26,41
2016LAZA03,Fernando Sáez Lázaro,2019-11-16,4.97,42
2016LAZA03,Fernando Sáez Lázaro,2019-11-16,3.57,43
2016LAZA03,Fernando Sáez Lázaro,2020-02-01,4.45,44
2016LAZA03,Fernando Sáez Lázaro,2020-02-01,4.77,45
2016LAZA03,Fernando Sáez Lázaro,2020-02-01,4.97,46
2016LAZA03,Fernando Sáez Lázaro,2021-12-11,4.35,47
2016LAZA03,Fernando Sáez Lázaro,2021-12-11,3.85,48
2016LAZA03,Fernando Sáez Lázaro,2022-03-05,4.31,49
2016LAZA03,Fernando Sáez Lázaro,2022-03-05,4.61,50
2016LAZA03,Fernando Sáez Lázaro,2022-03-05,4.87,51
2016LAZA03,Fernando Sáez Lázaro,2022-04-09,4.1,52
2016LAZA03,Fernando Sáez Lázaro,2022-04-15,4.43,53
2016LAZA03,Fernando Sáez Lázaro,2022-04-15,3.78,54
2016LAZA03,Fernando Sáez Lázaro,2022-04-15,4.85,55
2016LAZA03,Fernando Sáez Lázaro,2022-05-21,4.97,56
2016LAZA03,Fernando Sáez Lázaro,2022-05-21,4.14,57
2016LAZA03,Fernando Sáez Lázaro,2022-05-21,5.16,58
2016LAZA03,Fernando Sáez Lázaro,2022-06-04,4.96,59
2016LAZA03,Fernando Sáez Lázaro,2022-06-04,3.82,60
2016LAZA03,Fernando Sáez Lázaro,2022-06-04,3.45,61
2016LAZA03,Fernando Sáez Lázaro,2022-06-11,3.51,62
2016LAZA03,Fernando Sáez Lázaro,2022-07-30,4.05,63
2016LAZA03,Fernando Sáez Lázaro,2022-07-30,3.2,64
2016LAZA03,Fernando Sáez Lázaro,2022-07-30,5.27,65
2016LAZA03,Fernando Sáez Lázaro,2022-08-05,4.57,66
2016LAZA03,Fernando Sáez Lázaro,2022-08-05,3.45,67
2016LAZA03,Fernando Sáez Lázaro,2022-08-05,4.22,68
2016LAZA03,Fernando Sáez Lázaro,2022-08-20,4.62,69
2016LAZA03,Fernando Sáez Lázaro,2022-08-20,3.89,70
2016LAZA03,Fernando Sáez Lázaro,2022-09-03,5.08,71
2016LAZA03,Fernando Sáez Lázaro,2022-09-03,3.5,72
2016LAZA03,Fernando Sáez Lázaro,2022-09-03,4.49,73
2016LAZA03,Fernando Sáez Lázaro,2022-09-10,4.43,74
2016LAZA03,Fernando Sáez Lázaro,2022-09-10,4.7,75
2016LAZA03,Fernando Sáez Lázaro,2022-09-10,3.43,76
2016LAZA03,Fernando Sáez Lázaro,2022-09-17,4.3,77
2016LAZA03,Fernando Sáez Lázaro,2022-09-17,3.19,78
2016LAZA03,Fernando Sáez Lázaro,2022-10-07,4.56,79
2016LAZA03,Fernando Sáez Lázaro,2022-10-07,3.88,80
2016LAZA03,Fernando Sáez Lázaro,2022-10-07,3.61,81
2016LAZA03,Fernando Sáez Lázaro,2022-11-12,3.92,82
2016LAZA03,Fernando Sáez Lázaro,2022-11-12,4.13,83
2016LAZA03,Fernando Sáez Lázaro,2022-11-26,4.37,84
2016LAZA03,Fernando Sáez Lázaro,2022-11-26,4.4,85
2016LAZA03,Fernando Sáez Lázaro,2022-11-26,5.11,86
2016LAZA03,Fernando Sáez Lázaro,2022-12-03,4.78,87
2016LAZA03,Fernando Sáez Lázaro,2022-12-03,3.62,88
2016LAZA03,Fernando Sáez Lázaro,2022-12-03,5.11,89
2016LAZA03,Fernando Sáez Lázaro,2022-12-10,4.22,90
2016LAZA03,Fernando Sáez Lázaro,2022-12-10,4.17,91
2016LAZA03,Fernando Sáez Lázaro,2022-12-17,6.76,92
2016LAZA03,Fernando Sáez Lázaro,2022-12-17,4.01,93
2016LAZA03,Fernando Sáez Lázaro,2022-12-17,3.38,94
2016LAZA03,Fernando Sáez Lázaro,2023-01-28,3.87,95
2016LAZA03,Fernando Sáez Lázaro,2023-01-28,3.88,96
2016LAZA03,Fernando Sáez Lázaro,2023-02-11,4.25,97
2016LAZA03,Fernando Sáez Lázaro,2023-02-11,3.68,98
2016LAZA03,Fernando Sáez Lázaro,2023-03-10,4.01,99
2016LAZA03,Fernando Sáez Lázaro,2023-03-10,3.63,100
2016LAZA03,Fernando Sáez Lázaro,2023-03-10,4.21,101
2016LAZA03,Fernando Sáez Lázaro,2023-03-18,4.12,102
2016LAZA03,Fernando Sáez Lázaro,2023-03-18,3.57,103
2016LAZA03,Fernando Sáez Lázaro,2023-03-18,3.38,104
2016LAZA03,Fernando Sáez Lázaro,2023-03-25,4.34,105
2016LAZA03,Fernando Sáez Lázaro,2023-03-25,5.08,106
2016LAZA03,Fernando Sáez Lázaro,2023-03-25,3.66,107
2016LAZA03,Fernando Sáez Lázaro,2023-04-07,4.03,108
2016LAZA03,Fernando Sáez Lázaro,2023-04-07,3.7,109
2016LAZA03,Fernando Sáez Lázaro,2023-04-07,4.5,110
2016LAZA03,Fernando Sáez Lázaro,2023-04-15,2.77,111
2016LAZA03,Fernando Sáez Lázaro,2023-04-15,2.82,112
2016LAZA03,Fernando Sáez Lázaro,2023-04-15,4.13,113
2016LAZA03,Fernando Sáez Lázaro,2023-04-28,4.0,114
2016LAZA03,Fernando Sáez Lázaro,2023-04-28,4.82,115
2016LAZA03,Fernando Sáez Lázaro,2023-05-06,4.0,116
2016LAZA03,Fernando Sáez Lázaro,2023-05-06,5.53,117
2016LAZA03,Fernando Sáez Lázaro,2023-05-20,3.92,118
2016LAZA03,Fernando Sáez Lázaro,2023-05-20,4.36,119
2016LAZA03,Fernando Sáez Lázaro,2023-05-20,4.17,120
2016LAZA03,Fernando Sáez Lázaro,2023-09-02,3.39,121
2016LAZA03,Fernando Sáez Lázaro,2023-09-02,4.9,122
2016LAZA03,Fernando Sáez Lázaro,2023-09-02,4.5,123
2016LAZA03,Fernando Sáez Lázaro,2023-09-09,4.1,124
2016LAZA03,Fernando Sáez Lázaro,2023-09-09,4.39,125
2016LAZA03,Fernando Sáez Lázaro,2023-09-09,5.0,126
2016LAZA03,Fernando Sáez Lázaro,2023-10-07,3.43,127
2016LAZA03,Fernando Sáez Lázaro,2023-10-14,4.1,128
2016LAZA03,Fernando Sáez Lázaro,2023-10-14,3.74,129
2016LAZA03,Fernando Sáez Lázaro,2023-10-28,4.45,130
2016LAZA03,Fernando Sáez Lázaro,2023-10-28,4.18,131
2016LAZA03,Fernando Sáez Lázaro,2023-10-28,4.32,132
2016LAZA03,Fernando Sáez Lázaro,2023-11-18,3.84,133
2016LAZA03,Fernando Sáez Lázaro,2023-11-18,3.38,134
2016LAZA03,Fernando Sáez Lázaro,2023-11-18,3.76,135
2016LAZA03,Fernando Sáez Lázaro,2023-12-08,3.19,136
2016LAZA03,Fernando Sáez Lázaro,2023-12-08,4.59,137
2016LAZA03,Fernando Sáez Lázaro,2023-12-08,5.19,138
2016LAZA03,Fernando Sáez Lázaro,2024-01-27,3.59,139
2016LAZA03,Fernando Sáez Lázaro,2024-01-27,4.29,140
2016LAZA03,Fernando Sáez Lázaro,2024-01-27,5.28,141
2016LAZA03,Fernando Sáez Lázaro,2024-03-02,3.85,142
2016LAZA03,Fernando Sáez Lázaro,2024-03-02,4.01,143
2016LAZA03,Fernando Sáez Lázaro,2024-03-02,3.86,144
2016LAZA03,Fernando Sáez Lázaro,2024-03-28,4.07,145
2016LAZA03,Fernando Sáez Lázaro,2024-03-28,3.76,146
2016LAZA03,Fernando Sáez Lázaro,2024-03-28,3.73,147
2016LAZA03,Fernando Sáez Lázaro,2024-04-13,3.92,148
2016LAZA03,Fernando Sáez Lázaro,2024-04-13,3.5,149
2016LAZA03,Fernando Sáez Lázaro,2024-04-27,3.54,150
2016LAZA03,Fernando Sáez Lázaro,2024-04-27,4.11,151
2016LAZA03,Fernando Sáez Lázaro,2024-04-27,3.64,152
2016LAZA03,Fernando Sáez Lázaro,2024-05-11,3.98,153
2016LAZA03,Fernando Sáez Lázaro,2024-05-11,4.44,154
2016LAZA03,Fernando Sáez Lázaro,2024-05-11,3.82,155
2016LAZA03,Fernando Sáez Lázaro,2024-06-08,3.49,156
2016LAZA03,Fernando Sáez Lázaro,2024-06-29,3.94,157
2016LAZA03,Fernando Sáez Lázaro,2024-06-29,4.03,158
2016LAZA03,Fernando Sáez Lázaro,2024-06-29,3.14,159
2016LAZA03,Fernando Sáez Lázaro,2024-07-19,4.32,160
2016LAZA03,Fernando Sáez Lázaro,2024-07-19,3.29,161
2016LAZA03,Fernando Sáez Lázaro,2024-07-19,3.74,162
2016LAZA03,Fernando Sáez Lázaro,2024-07-19,4.96,163
2016LAZA03,Fernando Sáez Lázaro,2024-07-25,4.04,164
2016LAZA03,Fernando Sáez Lázaro,2024-07-25,3.51,165
2016LAZA03,Fernando Sáez Lázaro,2024-08-31,3.45,166
2016LAZA03,Fernando Sáez Lázaro,2024-08-31,3.68,167
2016LAZA03,Fernando Sáez Lázaro,2024-08-31,4.23,168
2016LAZA03,Fernando Sáez Lázaro,2024-09-07,3.61,169
2016LAZA03,Fernando Sáez Lázaro,2024-09-07,5.24,170
2016LAZA03,Fernando Sáez Lázaro,2024-09-07,3.9,171
2016LAZA03,Fernando Sáez Lázaro,2024-09-14,4.15,172
2016LAZA03,Fernando Sáez Lázaro,2024-09-14,4.88,173
2016LAZA03,Fernando Sáez Lázaro,2024-09-14,4.03,174
2016LAZA03,Fernando Sáez Lázaro,2024-09-21,3.98,175
2016LAZA03,Fernando Sáez Lázaro,2024-09-21,3.87,176
2016LAZA03,Fernando Sáez Lázaro,2024-10-05,3.37,177
2016LAZA03,Fernando Sáez Lázaro,2024-10-05,3.54,178
2016LAZA03,Fernando Sáez Lázaro,2024-10-05,3.69,179
2016LAZA03,Fernando Sáez Lázaro,2024-10-12,4.53,180
2016LAZA03,Fernando Sáez Lázaro,2024-10-12,3.26,181
2016LAZA03,Fernando Sáez Lázaro,2024-10-19,3.39,182
2016LAZA03,Fernando Sáez Lázaro,2024-10-19,3.59,183
2016LAZA03,Fernando Sáez Lázaro,2024-10-19,4.37,184
2016LAZA03,Fernando Sáez Lázaro,2024-10-26,3.61,185
2016LAZA03,Fernando Sáez Lázaro,2024-11-23,4.47,186
2016LAZA03,Fernando Sáez Lázaro,2024-11-29,3.87,187
2016LAZA03,Fernando Sáez Lázaro,2024-11-29,3.18,188
2016LAZA03,Fernando Sáez Lázaro,2024-11-29,4.76,189
2016LAZA03,Fernando Sáez Lázaro,2024-12-06,4.2,190
2016LAZA03,Fernando Sáez Lázaro,2024-12-06,3.19,191
2016LAZA03,Fernando Sáez Lázaro,2024-12-06,4.35,192
2016LAZA03,Fernando Sáez Lázaro,2025-01-03,3.41,193
2016LAZA03,Fernando Sáez Lázaro,2025-01-03,4.99,194
2016LAZA03,Fernando Sáez Lázaro,2025-01-03,4.17,195
2016LAZA03,Fernando Sáez Lázaro,2025-01-25,3.21,196
2016LAZA03,Fernando Sáez Lázaro,2025-01-25,3.45,197
2016LAZA03,Fernando Sáez Lázaro,2025-01-25,3.22,198
2016LAZA03,Fernando Sáez Lázaro,2025-02-01,3.67,199
2016LAZA03,Fernando Sáez Lázaro,2025-02-01,4.36,200
2016LAZA03,Fernando Sáez Lázaro,2025-02-08,3.89,201
2016LAZA03,Fernando Sáez Lázaro,2025-02-08,3.18,202
2016LAZA03,Fernando Sáez Lázaro,2025-02-15,3.75,203
2016LAZA03,Fernando Sáez Lázaro,2025-02-15,3.7,204
2016LAZA03,Fernando Sáez Lázaro,2025-02-22,4.06,205
2016LAZA03,Fernando Sáez Lázaro,2025-02-22,4.6,206
2016LAZA03,Fernando Sáez Lázaro,2025-02-22,4.14,207
2016LAZA03,Fernando Sáez Lázaro,2025-03-15,3.88,208
2016LAZA03,Fernando Sáez Lázaro,2025-03-15,3.26,209
2016LAZA03,Fernando Sáez Lázaro,2025-03-15,4.02,210
2016LAZA03,Fernando Sáez Lázaro,2025-03-22,4.69,211
2016LAZA03,Fernando Sáez Lázaro,2025-03-22,3.51,212
2016LAZA03,Fernando Sáez Lázaro,2025-03-22,3.52,213
2016LAZA03,Fernando Sáez Lázaro,2025-03-29,3.53,214
2016LAZA03,Fernando Sáez Lázaro,2025-03-29,4.83,215
2016LAZA03,Fernando Sáez Lázaro,2025-03-29,2.88,216
2016LAZA03,Fernando Sáez Lázaro,2025-04-05,4.7,217
2016LAZA03,Fernando Sáez Lázaro,2025-04-05,3.43,218
2016LAZA03,Fernando Sáez Lázaro,2025-04-12,3.55,219
2016LAZA03,Fernando Sáez Lázaro,2025-04-12,3.54,220
2016LAZA03,Fernando Sáez Lázaro,2025-04-12,3.18,221
2016LAZA03,Fernando Sáez Lázaro,2025-04-26,3.41,222
2016LAZA03,Fernando Sáez Lázaro,2025-04-26,3.47,223
2016LAZA03,Fernando Sáez Lázaro,2025-05-10,2.85,224
2016LAZA03,Fernando Sáez Lázaro,2025-05-17,3.18,225
2016LAZA03,Fernando Sáez Lázaro,2025-05-17,3.25,226
2016LAZA03,Fernando Sáez Lázaro,2025-06-07,3.7,227
2016LAZA03,Fernando Sáez Lázaro,2025-06-07,3.01,228
2016LAZA03,Fernando Sáez Lázaro,2025-06-14,3.67,229
2016LAZA03,Fernando Sáez Lázaro,2025-06-14,3.89,230
2016LAZA03,Fernando Sáez Lázaro,2025-06-28,3.78,231
2016LAZA03,Fernando Sáez Lázaro,2025-06-28,5.31,232
2016LAZA03,Fernando Sáez Lázaro,2025-07-26,3.89,233
2016LAZA03,Fernando Sáez Lázaro,2025-07-26,3.41,234
2016LAZA03,Fernando Sáez Lázaro,2025-08-30,2.78,235
2016LAZA03,Fernando Sáez Lázaro,2025-08-30,3.73,236
2016LAZA03,Fernando Sáez Lázaro,2025-08-30,3.94,237
2016LAZA03,Fernando Sáez Lázaro,2025-09-06,3.84,238
2016LAZA03,Fernando Sáez Lázaro,2025-09-06,3.44,239
2016LAZA03,Fernando Sáez Lázaro,2025-09-13,4.26,240
2016LAZA03,Fernando Sáez Lázaro,2025-09-13,3.5,241
2016LAZA03,Fernando Sáez Lázaro,2025-09-13,4.21,242
2016LAZA03,Fernando Sáez Lázaro,2025-09-20,3.11,243
2016LAZA03,Fernando Sáez Lázaro,2025-09-20,3.61,244
2016LAZA03,Fernando Sáez Lázaro,2025-09-27,3.75,245
2016LAZA03,Fernando Sáez Lázaro,2025-09-27,5.2,246
2016LAZA03,Fernando Sáez Lázaro,2025-10-04,3.69,247
2016LAZA03,Fernando Sáez Lázaro,2025-10-04,4.07,248
2016LAZA03,Fernando Sáez Lázaro,2025-10-04,3.87,249
2016LAZA03,Fernando Sáez Lázaro,2025-10-18,4.05,250
2016LAZA03,Fernando Sáez Lázaro,2025-10-18,3.85,251
2016LAZA03,Fernando Sáez Lázaro,2025-10-18,3.62,252
2016LAZA03,Fernando Sáez Lázaro,2025-11-01,4.49,253
2016LAZA03,Fernando Sáez Lázaro,2025-11-01,3.5,254
2016LAZA03,Fernando Sáez Lázaro,2025-11-01,4.23,255
2016LAZA03,Fernando Sáez Lázaro,2025-11-15,4.05,256
2016LAZA03,Fernando Sáez Lázaro,2025-11-15,3.69,257
2016LAZA03,Fernando Sáez Lázaro,2025-11-15,3.19,258
2016LAZA03,Fernando Sáez Lázaro,2025-11-22,4.28,259
2016LAZA03,Fernando Sáez Lázaro,2025-11-22,3.08,260
2016LAZA03,Fernando Sáez Lázaro,2025-11-29,3.71,261
2016LAZA03,Fernando Sáez Lázaro,2025-11-29,3.66,262
2016LAZA03,Fernando Sáez Lázaro,2025-11-29,4.73,263
2016LAZA03,Fernando Sáez Lázaro,2025-12-06,4.36,264
2016LAZA03,Fernando Sáez Lázaro,2025-12-06,3.92,265
2016LAZA03,Fernando Sáez Lázaro,2025-12-06,4.49,266
2016LAZA03,Fernando Sáez Lázaro,2026-01-10,3.05,267
2016LAZA03,Fernando Sáez Lázaro,2026-01-10,4.82,268
2016LAZA03,Fernando Sáez Lázaro,2026-02-21,3.65,269
2016LAZA03,Fernando Sáez Lázaro,2026-02-21,5.06,270
2016LAZA03,Fernando Sáez Lázaro,2026-03-07,3.77,271
2016LAZA03,Fernando Sáez Lázaro,2026-03-07,3.61,272
2016LAZA03,Fernando Sáez Lázaro,2026-03-21,4.1,273
2016LAZA03,Fernando Sáez Lázaro,2026-03-21,2.72,274
2016LAZA03,Fernando Sáez Lázaro,2026-03-21,4.4,275
2016LAZA03,Fernando Sáez Lázaro,2026-03-28,4.7,276
2016LAZA03,Fernando Sáez Lázaro,2026-03-28,4.11,277
2016LAZA03,Fernando Sáez Lázaro,2026-04-11,4.3,278
2016LAZA03,Fernando Sáez Lázaro,2026-04-11,4.08,279
2016LAZA03,Fernando Sáez Lázaro,2026-04-11,3.51,280
2016LAZA03,Fernando Sáez Lázaro,2026-04-18,4.52,281
2016LAZA03,Fernando Sáez Lázaro,2026-04-18,3.97,282
2016LAZA03,Fernando Sáez Lázaro,2026-04-25,4.29,283
2016LAZA03,Fernando Sáez Lázaro,2026-04-25,3.39,284
2016LAZA03,Fernando Sáez Lázaro,2026-05-23,3.22,285
2016LAZA03,Fernando Sáez Lázaro,2026-05-23,3.59,286
2016LAZA03,Fernando Sáez Lázaro,2026-05-23,4.51,287
2016ROLZ01,Alwin Rölz,2016-05-28,20.74,1
2016ROLZ01,Alwin Rölz,2016-07-15,13.88,2
2016ROLZ01,Alwin Rölz,2016-08-13,13.84,3
2016ROLZ01,Alwin Rölz,2017-01-06,9.02,4
2016ROLZ01,Alwin Rölz,2017-01-06,8.24,5
2016ROLZ01,Alwin Rölz,2017-03-25,8.34,6
2016ROLZ01,Alwin Rölz,2017-03-25,11.57,7
2016ROLZ01,Alwin Rölz,2017-04-29,8.34,8
2016ROLZ01,Alwin Rölz,2017-06-10,9.12,9
2016ROLZ01,Alwin Rölz,2017-06-10,8.73,10
2016ROLZ01,Alwin Rölz,2017-07-13,9.41,11
2016ROLZ01,Alwin Rölz,2017-07-21,6.9,12
2016ROLZ01,Alwin Rölz,2017-07-21,8.48,13
2016ROLZ01,Alwin Rölz,2017-08-26,7.02,14
2016ROLZ01,Alwin Rölz,2017-08-26,7.23,15
2016ROLZ01,Alwin Rölz,2017-09-01,7.11,16
2016ROLZ01,Alwin Rölz,2017-09-01,6.64,17
2016ROLZ01,Alwin Rölz,2017-09-16,7.47,18
2016ROLZ01,Alwin Rölz,2017-09-16,5.37,19
2016ROLZ01,Alwin Rölz,2017-10-14,6.33,20
2016ROLZ01,Alwin Rölz,2017-10-14,5.34,21
2016ROLZ01,Alwin Rölz,2017-11-04,6.62,22
2016ROLZ01,Alwin Rölz,2017-11-04,7.01,23
2016ROLZ01,Alwin Rölz,2017-11-18,7.48,24
2016ROLZ01,Alwin Rölz,2017-11-18,5.72,25
2016ROLZ01,Alwin Rölz,2017-12-16,7.01,26
2016ROLZ01,Alwin Rölz,2017-12-16,7.23,27
2016ROLZ01,Alwin Rölz,2018-01-05,5.93,28
2016ROLZ01,Alwin Rölz,2018-01-05,5.06,29
2016ROLZ01,Alwin Rölz,2018-01-13,6.88,30
2016ROLZ01,Alwin Rölz,2018-02-10,7.64,31
2016ROLZ01,Alwin Rölz,2018-02-10,5.58,32
2016ROLZ01,Alwin Rölz,2018-02-17,5.11,33
2016ROLZ01,Alwin Rölz,2018-02-17,5.74,34
2016ROLZ01,Alwin Rölz,2018-03-25,4.61,35
2016ROLZ01,Alwin Rölz,2018-04-28,7.23,36
2016ROLZ01,Alwin Rölz,2018-05-12,4.93,37
2016ROLZ01,Alwin Rölz,2018-05-12,7.42,38
2016ROLZ01,Alwin Rölz,2018-06-02,5.41,39
2016ROLZ01,Alwin Rölz,2018-06-02,5.95,40
2016ROLZ01,Alwin Rölz,2018-06-23,5.86,41
2016ROLZ01,Alwin Rölz,2018-06-23,5.15,42
2016ROLZ01,Alwin Rölz,2018-07-19,5.6,43
2016ROLZ01,Alwin Rölz,2018-08-10,6.75,44
2016ROLZ01,Alwin Rölz,2018-08-10,6.53,45
2016ROLZ01,Alwin Rölz,2018-08-10,5.85,46
2016ROLZ01,Alwin Rölz,2018-08-17,6.64,47
2016ROLZ01,Alwin Rölz,2018-08-17,6.03,48
2016ROLZ01,Alwin Rölz,2018-09-01,6.89,49
2016ROLZ01,Alwin Rölz,2018-09-01,5.24,50
2016ROLZ01,Alwin Rölz,2018-09-07,7.03,51
2016ROLZ01,Alwin Rölz,2018-09-21,7.22,52
2016ROLZ01,Alwin Rölz,2018-09-21,6.39,53
2016ROLZ01,Alwin Rölz,2018-09-21,7.06,54
2016ROLZ01,Alwin Rölz,2018-10-27,6.69,55
2016ROLZ01,Alwin Rölz,2018-10-27,7.04,56
2016ROLZ01,Alwin Rölz,2019-01-19,6.31,57
2016ROLZ01,Alwin Rölz,2019-01-19,6.19,58
2016ROLZ01,Alwin Rölz,2019-03-02,6.99,59
2016ROLZ01,Alwin Rölz,2019-03-02,7.63,60
2016ROLZ01,Alwin Rölz,2019-03-30,7.55,61
2016ROLZ01,Alwin Rölz,2019-03-30,7.74,62
2016ROLZ01,Alwin Rölz,2019-04-06,6.94,63
2016ROLZ01,Alwin Rölz,2019-04-06,6.74,64
2016ROLZ01,Alwin Rölz,2019-04-20,7.15,65
2016ROLZ01,Alwin Rölz,2019-04-20,6.37,66
2016ROLZ01,Alwin Rölz,2019-04-27,6.7,67
2016ROLZ01,Alwin Rölz,2019-04-27,7.05,68
2016ROLZ01,Alwin Rölz,2019-05-18,6.04,69
2016ROLZ01,Alwin Rölz,2019-05-18,7.12,70
2016ROLZ01,Alwin Rölz,2019-06-08,6.63,71
2016ROLZ01,Alwin Rölz,2019-06-08,5.98,72
2016ROLZ01,Alwin Rölz,2019-06-22,6.85,73
2016ROLZ01,Alwin Rölz,2019-06-22,6.35,74
2016ROLZ01,Alwin Rölz,2019-06-29,5.61,75
2016ROLZ01,Alwin Rölz,2019-06-29,5.31,76
2016ROLZ01,Alwin Rölz,2019-08-16,5.59,77
2016ROLZ01,Alwin Rölz,2019-08-16,7.46,78
2016ROLZ01,Alwin Rölz,2019-08-31,5.84,79
2016ROLZ01,Alwin Rölz,2019-08-31,5.41,80
2016ROLZ01,Alwin Rölz,2019-09-21,6.7,81
2016ROLZ01,Alwin Rölz,2019-09-21,6.52,82
2016ROLZ01,Alwin Rölz,2019-10-12,6.67,83
2016ROLZ01,Alwin Rölz,2019-10-12,7.4,84
2016ROLZ01,Alwin Rölz,2019-10-26,7.09,85
2016ROLZ01,Alwin Rölz,2019-11-02,5.25,86
2016ROLZ01,Alwin Rölz,2019-11-02,8.29,87
2016ROLZ01,Alwin Rölz,2019-11-23,6.18,88
2016ROLZ01,Alwin Rölz,2019-12-07,6.38,89
2016ROLZ01,Alwin Rölz,2019-12-14,4.99,90
2016ROLZ01,Alwin Rölz,2019-12-14,5.18,91
2016ROLZ01,Alwin Rölz,2020-02-22,6.78,92
2016ROLZ01,Alwin Rölz,2020-02-22,7.08,93
2016ROLZ01,Alwin Rölz,2022-01-29,8.18,94
2016ROLZ01,Alwin Rölz,2022-06-03,6.45,95
2016ROLZ01,Alwin Rölz,2022-06-03,7.92,96
2016ROLZ01,Alwin Rölz,2022-06-03,7.03,97
2016ROLZ01,Alwin Rölz,2022-07-02,8.41,98
2016ROLZ01,Alwin Rölz,2022-07-02,7.31,99
2016ROLZ01,Alwin Rölz,2022-07-09,5.63,100
2016ROLZ01,Alwin Rölz,2022-07-14,7.25,101
2016ROLZ01,Alwin Rölz,2022-08-19,6.91,102
2016ROLZ01,Alwin Rölz,2022-08-19,6.26,103
2016ROLZ01,Alwin Rölz,2022-08-27,13.55,104
2016ROLZ01,Alwin Rölz,2022-08-27,7.79,105
2016ROLZ01,Alwin Rölz,2022-08-27,6.89,106
2016ROLZ01,Alwin Rölz,2022-09-09,7.53,107
2016ROLZ01,Alwin Rölz,2022-11-05,6.87,108
2016ROLZ01,Alwin Rölz,2022-11-05,5.81,109
2016ROLZ01,Alwin Rölz,2022-11-26,4.28,110
2016ROLZ01,Alwin Rölz,2022-11-26,5.51,111
2016ROLZ01,Alwin Rölz,2022-12-03,4.51,112
2016ROLZ01,Alwin Rölz,2022-12-16,4.88,113
2016ROLZ01,Alwin Rölz,2022-12-16,5.51,114
2016ROLZ01,Alwin Rölz,2023-02-25,4.73,115
2016ROLZ01,Alwin Rölz,2023-02-25,4.86,116
2016ROLZ01,Alwin Rölz,2023-03-03,4.28,117
2016ROLZ01,Alwin Rölz,2023-03-03,4.11,118
2016ROLZ01,Alwin Rölz,2023-03-03,3.77,119
2016ROLZ01,Alwin Rölz,2023-04-01,5.0,120
2016ROLZ01,Alwin Rölz,2023-04-08,4.03,121
2016ROLZ01,Alwin Rölz,2023-04-08,4.03,122
2016ROLZ01,Alwin Rölz,2023-04-08,4.05,123
2016ROLZ01,Alwin Rölz,2023-04-15,4.11,124
2016ROLZ01,Alwin Rölz,2023-04-15,3.44,125
2016ROLZ01,Alwin Rölz,2023-04-22,4.32,126
2016ROLZ01,Alwin Rölz,2023-04-22,5.2,127
2016ROLZ01,Alwin Rölz,2023-04-29,4.45,128
2016ROLZ01,Alwin Rölz,2023-04-29,3.84,129
2016ROLZ01,Alwin Rölz,2023-05-20,4.87,130
2016ROLZ01,Alwin Rölz,2023-05-27,5.32,131
2016ROLZ01,Alwin Rölz,2023-05-27,3.37,132
2016ROLZ01,Alwin Rölz,2023-06-03,3.2,133
2016ROLZ01,Alwin Rölz,2023-07-22,5.52,134
2016ROLZ01,Alwin Rölz,2023-07-22,4.04,135
2016ROLZ01,Alwin Rölz,2023-08-04,4.19,136
2016ROLZ01,Alwin Rölz,2023-08-04,4.26,137
2016ROLZ01,Alwin Rölz,2023-08-04,4.74,138
2016ROLZ01,Alwin Rölz,2023-08-12,3.84,139
2016ROLZ01,Alwin Rölz,2023-08-12,4.4,140
2016ROLZ01,Alwin Rölz,2023-08-26,3.73,141
2016ROLZ01,Alwin Rölz,2023-08-26,4.31,142
2016ROLZ01,Alwin Rölz,2023-08-26,4.06,143
2016ROLZ01,Alwin Rölz,2023-09-09,4.04,144
2016ROLZ01,Alwin Rölz,2023-09-09,4.47,145
2016ROLZ01,Alwin Rölz,2023-09-23,4.7,146
2016ROLZ01,Alwin Rölz,2023-09-23,4.13,147
2016ROLZ01,Alwin Rölz,2023-09-23,4.01,148
2016ROLZ01,Alwin Rölz,2023-09-30,3.76,149
2016ROLZ01,Alwin Rölz,2023-10-21,4.02,150
2016ROLZ01,Alwin Rölz,2023-10-21,3.5,151
2016ROLZ01,Alwin Rölz,2023-10-28,4.02,152
2016ROLZ01,Alwin Rölz,2023-10-28,4.01,153
2016ROLZ01,Alwin Rölz,2023-11-11,4.56,154
2016ROLZ01,Alwin Rölz,2023-11-11,4.0,155
2016ROLZ01,Alwin Rölz,2023-11-18,4.71,156
2016ROLZ01,Alwin Rölz,2023-11-18,4.46,157
2016ROLZ01,Alwin Rölz,2023-11-25,4.76,158
2016ROLZ01,Alwin Rölz,2023-11-25,4.11,159
2016ROLZ01,Alwin Rölz,2023-12-08,4.63,160
2016ROLZ01,Alwin Rölz,2023-12-08,3.87,161
2016ROLZ01,Alwin Rölz,2023-12-08,4.08,162
2016ROLZ01,Alwin Rölz,2024-02-03,5.6,163
2016ROLZ01,Alwin Rölz,2024-02-03,4.72,164
2016ROLZ01,Alwin Rölz,2024-02-03,3.68,165
2016ROLZ01,Alwin Rölz,2024-02-16,3.5,166
2016ROLZ01,Alwin Rölz,2024-02-16,5.43,167
2016ROLZ01,Alwin Rölz,2024-02-16,4.88,168
2016ROLZ01,Alwin Rölz,2024-03-02,5.21,169
2016ROLZ01,Alwin Rölz,2024-03-02,5.13,170
2016ROLZ01,Alwin Rölz,2024-03-30,4.88,171
2016ROLZ01,Alwin Rölz,2024-03-30,4.32,172
2016ROLZ01,Alwin Rölz,2024-04-02,4.25,173
2016ROLZ01,Alwin Rölz,2024-04-05,3.93,174
2016ROLZ01,Alwin Rölz,2024-04-13,4.15,175
2016ROLZ01,Alwin Rölz,2024-04-13,3.39,176
2016ROLZ01,Alwin Rölz,2024-04-13,4.13,177
2016ROLZ01,Alwin Rölz,2024-04-20,4.62,178
2016ROLZ01,Alwin Rölz,2024-04-20,4.71,179
2016ROLZ01,Alwin Rölz,2024-05-11,4.94,180
2016ROLZ01,Alwin Rölz,2024-05-24,4.63,181
2016ROLZ01,Alwin Rölz,2024-05-24,4.22,182
2016ROLZ01,Alwin Rölz,2024-05-24,4.66,183
2016ROLZ01,Alwin Rölz,2024-06-08,4.57,184
2016ROLZ01,Alwin Rölz,2024-06-08,5.16,185
2016ROLZ01,Alwin Rölz,2024-06-20,4.77,186
2016ROLZ01,Alwin Rölz,2024-06-20,4.06,187
2016ROLZ01,Alwin Rölz,2024-07-19,4.7,188
2016ROLZ01,Alwin Rölz,2024-07-19,5.51,189
2016ROLZ01,Alwin Rölz,2024-07-19,4.21,190
2016ROLZ01,Alwin Rölz,2024-07-19,4.59,191
2016ROLZ01,Alwin Rölz,2024-07-25,4.13,192
2016ROLZ01,Alwin Rölz,2024-07-25,3.73,193
2016ROLZ01,Alwin Rölz,2024-08-02,3.78,194
2016ROLZ01,Alwin Rölz,2024-08-02,3.6,195
2016ROLZ01,Alwin Rölz,2024-08-02,4.96,196
2016ROLZ01,Alwin Rölz,2024-08-24,3.96,197
2016ROLZ01,Alwin Rölz,2024-08-24,4.31,198
2016ROLZ01,Alwin Rölz,2024-08-30,4.55,199
2016ROLZ01,Alwin Rölz,2024-08-30,3.28,200
2016ROLZ01,Alwin Rölz,2024-08-30,3.63,201
2016ROLZ01,Alwin Rölz,2024-10-04,4.34,202
2016ROLZ01,Alwin Rölz,2024-10-04,3.59,203
2016ROLZ01,Alwin Rölz,2024-10-26,5.38,204
2016ROLZ01,Alwin Rölz,2024-10-26,3.79,205
2016ROLZ01,Alwin Rölz,2024-11-02,4.68,206
2016ROLZ01,Alwin Rölz,2024-11-02,4.12,207
2016ROLZ01,Alwin Rölz,2024-11-09,5.05,208
2016ROLZ01,Alwin Rölz,2024-12-14,4.06,209
2016ROLZ01,Alwin Rölz,2025-02-22,4.21,210
2016ROLZ01,Alwin Rölz,2025-02-22,5.51,211
2016ROLZ01,Alwin Rölz,2025-02-22,3.77,212
2016ROLZ01,Alwin Rölz,2025-02-25,4.16,213
2016ROLZ01,Alwin Rölz,2025-03-23,5.34,214
2016ROLZ01,Alwin Rölz,2025-04-11,4.18,215
2016ROLZ01,Alwin Rölz,2025-04-11,6.66,216
2016ROLZ01,Alwin Rölz,2025-04-18,5.27,217
2016ROLZ01,Alwin Rölz,2025-04-18,4.13,218
2016ROLZ01,Alwin Rölz,2025-05-24,3.84,219
2016ROLZ01,Alwin Rölz,2025-05-24,5.15,220
2016ROLZ01,Alwin Rölz,2025-05-30,4.03,221
2016ROLZ01,Alwin Rölz,2025-05-30,3.61,222
2016ROLZ01,Alwin Rölz,2025-05-30,4.38,223
2016ROLZ01,Alwin Rölz,2025-06-07,3.17,224
2016ROLZ01,Alwin Rölz,2025-06-07,5.35,225
2016ROLZ01,Alwin Rölz,2025-06-21,4.59,226
2016ROLZ01,Alwin Rölz,2025-06-21,3.94,227
2016ROLZ01,Alwin Rölz,2025-07-03,5.04,228
2016ROLZ01,Alwin Rölz,2025-08-23,5.23,229
2016ROLZ01,Alwin Rölz,2025-08-23,6.48,230
2016ROLZ01,Alwin Rölz,2025-08-30,5.39,231
2016ROLZ01,Alwin Rölz,2025-08-30,4.27,232
2016ROLZ01,Alwin Rölz,2025-08-30,3.52,233
2016ROLZ01,Alwin Rölz,2025-09-13,7.3,234
2016ROLZ01,Alwin Rölz,2025-09-13,3.75,235
2016ROLZ01,Alwin Rölz,2025-09-20,3.43,236
2016ROLZ01,Alwin Rölz,2025-09-20,4.18,237
2016ROLZ01,Alwin Rölz,2025-09-26,4.59,238
2016ROLZ01,Alwin Rölz,2025-09-26,3.42,239
2016ROLZ01,Alwin Rölz,2025-09-26,6.41,240
2016ROLZ01,Alwin Rölz,2025-10-04,3.95,241
2016ROLZ01,Alwin Rölz,2025-10-04,5.75,242
2016ROLZ01,Alwin Rölz,2025-10-09,2.48,243
2016ROLZ01,Alwin Rölz,2025-10-09,3.93,244
2016ROLZ01,Alwin Rölz,2025-10-09,3.47,245
2016ROLZ01,Alwin Rölz,2025-10-25,3.14,246
2016ROLZ01,Alwin Rölz,2025-10-25,5.46,247
2016ROLZ01,Alwin Rölz,2025-11-01,7.45,248
2016ROLZ01,Alwin Rölz,2025-11-01,3.01,249
2016ROLZ01,Alwin Rölz,2025-11-15,3.58,250
2016ROLZ01,Alwin Rölz,2025-11-15,3.27,251
2016ROLZ01,Alwin Rölz,2025-11-29,6.23,252
2016ROLZ01,Alwin Rölz,2025-12-06,3.99,253
2016ROLZ01,Alwin Rölz,2025-12-18,4.42,254
2016ROLZ01,Alwin Rölz,2026-03-14,3.65,255
2016ROLZ01,Alwin Rölz,2026-03-14,3.68,256
2016ROLZ01,Alwin Rölz,2026-04-04,3.61,257
2016ROLZ01,Alwin Rölz,2026-04-04,3.8,258
2016ROLZ01,Alwin Rölz,2026-04-04,4.73,259
2016ROLZ01,Alwin Rölz,2026-04-11,3.17,260
2016ROLZ01,Alwin Rölz,2026-04-17,4.23,261
2016ROLZ01,Alwin Rölz,2026-04-17,4.26,262
2016ROLZ01,Alwin Rölz,2026-04-25,4.27,263
2016ROLZ01,Alwin Rölz,2026-04-25,4.77,264
2016ROLZ01,Alwin Rölz,2026-05-16,4.4,265
2016ROLZ01,Alwin Rölz,2026-05-23,4.48,266
2016ROLZ01,Alwin Rölz,2026-05-23,3.51,267
2017GARR05,Luke Garrett,2017-08-19,7.47,1
2017GARR05,Luke Garrett,2017-10-28,7.15,2
2017GARR05,Luke Garrett,2018-01-13,6.03,3
2017GARR05,Luke Garrett,2018-01-20,5.2,4
2017GARR05,Luke Garrett,2018-04-21,7.18,5
2017GARR05,Luke Garrett,2018-04-21,6.12,6
2017GARR05,Luke Garrett,2018-04-21,4.89,7
2017GARR05,Luke Garrett,2018-05-18,5.38,8
2017GARR05,Luke Garrett,2018-05-18,5.7,9
2017GARR05,Luke Garrett,2018-06-24,6.02,10
2017GARR05,Luke Garrett,2018-06-24,4.88,11
2017GARR05,Luke Garrett,2018-07-21,4.51,12
2017GARR05,Luke Garrett,2018-07-27,5.09,13
2017GARR05,Luke Garrett,2018-07-27,4.31,14
2017GARR05,Luke Garrett,2018-07-27,5.7,15
2017GARR05,Luke Garrett,2018-08-10,5.89,16
2017GARR05,Luke Garrett,2018-08-10,5.27,17
2017GARR05,Luke Garrett,2018-10-20,4.73,18
2017GARR05,Luke Garrett,2018-10-20,4.28,19
2017GARR05,Luke Garrett,2018-12-08,6.92,20
2017GARR05,Luke Garrett,2018-12-08,5.98,21
2017GARR05,Luke Garrett,2019-01-26,4.98,22
2017GARR05,Luke Garrett,2019-01-26,6.39,23
2017GARR05,Luke Garrett,2019-02-10,5.14,24
2017GARR05,Luke Garrett,2019-02-10,5.25,25
2017GARR05,Luke Garrett,2019-05-24,5.3,26
2017GARR05,Luke Garrett,2019-05-24,5.12,27
2017GARR05,Luke Garrett,2019-06-01,5.84,28
2017GARR05,Luke Garrett,2019-06-16,4.93,29
2017GARR05,Luke Garrett,2019-07-11,5.61,30
2017GARR05,Luke Garrett,2019-08-01,4.99,31
2017GARR05,Luke Garrett,2019-08-01,5.42,32
2017GARR05,Luke Garrett,2019-08-16,4.75,33
2017GARR05,Luke Garrett,2019-08-16,5.68,34
2017GARR05,Luke Garrett,2019-10-05,4.82,35
2017GARR05,Luke Garrett,2019-10-05,5.55,36
2017GARR05,Luke Garrett,2019-10-12,5.1,37
2017GARR05,Luke Garrett,2019-10-12,5.86,38
2017GARR05,Luke Garrett,2019-10-19,5.24,39
2017GARR05,Luke Garrett,2019-10-19,4.72,40
2017GARR05,Luke Garrett,2019-12-07,5.39,41
2017GARR05,Luke Garrett,2019-12-07,5.33,42
2017GARR05,Luke Garrett,2019-12-30,7.01,43
2017GARR05,Luke Garrett,2020-01-18,5.91,44
2017GARR05,Luke Garrett,2020-01-18,6.38,45
2017GARR05,Luke Garrett,2020-02-01,5.79,46
2017GARR05,Luke Garrett,2020-02-22,5.61,47
2017GARR05,Luke Garrett,2020-02-22,4.35,48
2017GARR05,Luke Garrett,2021-07-17,4.5,49
2017GARR05,Luke Garrett,2021-07-17,4.08,50
2017GARR05,Luke Garrett,2021-07-31,5.51,51
2017GARR05,Luke Garrett,2021-07-31,5.5,52
2017GARR05,Luke Garrett,2021-10-23,4.55,53
2017GARR05,Luke Garrett,2021-10-23,3.5,54
2017GARR05,Luke Garrett,2021-11-14,5.62,55
2017GARR05,Luke Garrett,2021-11-20,5.06,56
2017GARR05,Luke Garrett,2021-12-04,4.82,57
2017GARR05,Luke Garrett,2021-12-04,4.99,58
2017GARR05,Luke Garrett,2022-01-08,5.48,59
2017GARR05,Luke Garrett,2022-01-09,5.01,60
2017GARR05,Luke Garrett,2022-01-09,5.88,61
2017GARR05,Luke Garrett,2022-02-05,4.48,62
2017GARR05,Luke Garrett,2022-02-05,5.16,63
2017GARR05,Luke Garrett,2022-03-05,4.99,64
2017GARR05,Luke Garrett,2022-03-13,4.1,65
2017GARR05,Luke Garrett,2022-03-13,7.22,66
2017GARR05,Luke Garrett,2022-04-01,5.4,67
2017GARR05,Luke Garrett,2022-04-01,5.51,68
2017GARR05,Luke Garrett,2022-04-09,3.57,69
2017GARR05,Luke Garrett,2022-04-16,3.69,70
2017GARR05,Luke Garrett,2022-04-16,4.52,71
2017GARR05,Luke Garrett,2022-04-29,4.95,72
2017GARR05,Luke Garrett,2022-04-29,4.06,73
2017GARR05,Luke Garrett,2022-04-29,4.21,74
2017GARR05,Luke Garrett,2022-05-28,3.23,75
2017GARR05,Luke Garrett,2022-06-11,4.63,76
2017GARR05,Luke Garrett,2022-06-11,4.4,77
2017GARR05,Luke Garrett,2022-06-25,4.21,78
2017GARR05,Luke Garrett,2022-06-25,5.17,79
2017GARR05,Luke Garrett,2022-07-07,4.54,80
2017GARR05,Luke Garrett,2022-07-07,7.7,81
2017GARR05,Luke Garrett,2022-07-24,4.25,82
2017GARR05,Luke Garrett,2022-07-24,6.46,83
2017GARR05,Luke Garrett,2022-07-29,5.05,84
2017GARR05,Luke Garrett,2022-07-29,4.57,85
2017GARR05,Luke Garrett,2022-07-29,3.92,86
2017GARR05,Luke Garrett,2022-08-13,6.44,87
2017GARR05,Luke Garrett,2022-08-19,4.51,88
2017GARR05,Luke Garrett,2022-08-19,4.34,89
2017GARR05,Luke Garrett,2022-08-27,8.05,90
2017GARR05,Luke Garrett,2022-08-27,4.04,91
2017GARR05,Luke Garrett,2022-08-27,4.74,92
2017GARR05,Luke Garrett,2022-09-03,4.73,93
2017GARR05,Luke Garrett,2022-09-03,5.6,94
2017GARR05,Luke Garrett,2022-10-22,4.9,95
2017GARR05,Luke Garrett,2022-10-22,4.41,96
2017GARR05,Luke Garrett,2022-11-05,3.83,97
2017GARR05,Luke Garrett,2022-11-05,4.5,98
2017GARR05,Luke Garrett,2022-11-13,3.71,99
2017GARR05,Luke Garrett,2022-11-13,4.5,100
2017GARR05,Luke Garrett,2022-11-19,5.62,101
2017GARR05,Luke Garrett,2022-11-19,4.05,102
2017GARR05,Luke Garrett,2022-12-03,4.1,103
2017GARR05,Luke Garrett,2022-12-03,6.38,104
2017GARR05,Luke Garrett,2022-12-17,5.84,105
2017GARR05,Luke Garrett,2022-12-17,4.48,106
2017GARR05,Luke Garrett,2023-02-04,5.12,107
2017GARR05,Luke Garrett,2023-02-04,4.66,108
2017GARR05,Luke Garrett,2023-02-11,4.67,109
2017GARR05,Luke Garrett,2023-02-11,4.14,110
2017GARR05,Luke Garrett,2023-02-18,4.85,111
2017GARR05,Luke Garrett,2023-02-18,5.45,112
2017GARR05,Luke Garrett,2023-03-25,4.29,113
2017GARR05,Luke Garrett,2023-03-25,3.51,114
2017GARR05,Luke Garrett,2023-03-26,4.98,115
2017GARR05,Luke Garrett,2023-04-02,3.92,116
2017GARR05,Luke Garrett,2023-04-02,4.67,117
2017GARR05,Luke Garrett,2023-04-02,5.54,118
2017GARR05,Luke Garrett,2023-04-08,4.3,119
2017GARR05,Luke Garrett,2023-04-08,3.98,120
2017GARR05,Luke Garrett,2023-04-08,4.47,121
2017GARR05,Luke Garrett,2023-04-15,6.09,122
2017GARR05,Luke Garrett,2023-04-15,4.02,123
2017GARR05,Luke Garrett,2023-04-15,5.23,124
2017GARR05,Luke Garrett,2023-04-22,4.24,125
2017GARR05,Luke Garrett,2023-04-22,3.7,126
2017GARR05,Luke Garrett,2023-04-22,4.14,127
2017GARR05,Luke Garrett,2023-05-20,4.05,128
2017GARR05,Luke Garrett,2023-05-20,3.74,129
2017GARR05,Luke Garrett,2023-05-21,3.76,130
2017GARR05,Luke Garrett,2023-05-21,4.93,131
2017GARR05,Luke Garrett,2023-05-21,4.04,132
2017GARR05,Luke Garrett,2023-05-27,4.43,133
2017GARR05,Luke Garrett,2023-05-27,3.41,134
2017GARR05,Luke Garrett,2023-06-02,3.87,135
2017GARR05,Luke Garrett,2023-06-02,3.63,136
2017GARR05,Luke Garrett,2023-06-02,6.54,137
2017GARR05,Luke Garrett,2023-06-11,4.9,138
2017GARR05,Luke Garrett,2023-06-11,5.03,139
2017GARR05,Luke Garrett,2023-06-13,5.54,140
2017GARR05,Luke Garrett,2023-06-13,4.11,141
2017GARR05,Luke Garrett,2023-06-13,7.0,142
2017GARR05,Luke Garrett,2023-06-22,3.84,143
2017GARR05,Luke Garrett,2023-06-22,3.78,144
2017GARR05,Luke Garrett,2023-06-22,4.8,145
2017GARR05,Luke Garrett,2023-07-08,4.41,146
2017GARR05,Luke Garrett,2023-07-08,4.79,147
2017GARR05,Luke Garrett,2023-07-22,4.69,148
2017GARR05,Luke Garrett,2023-07-22,3.73,149
2017GARR05,Luke Garrett,2023-07-27,4.35,150
2017GARR05,Luke Garrett,2023-07-27,4.97,151
2017GARR05,Luke Garrett,2023-08-12,3.73,152
2017GARR05,Luke Garrett,2023-08-12,4.05,153
2017GARR05,Luke Garrett,2023-09-23,4.9,154
2017GARR05,Luke Garrett,2023-09-23,4.03,155
2017GARR05,Luke Garrett,2023-10-07,4.92,156
2017GARR05,Luke Garrett,2023-10-07,5.31,157
2017GARR05,Luke Garrett,2023-10-20,3.67,158
2017GARR05,Luke Garrett,2023-10-20,3.77,159
2017GARR05,Luke Garrett,2023-10-20,3.85,160
2017GARR05,Luke Garrett,2023-11-04,4.24,161
2017GARR05,Luke Garrett,2023-11-04,3.83,162
2017GARR05,Luke Garrett,2023-11-11,3.0,163
2017GARR05,Luke Garrett,2023-11-11,3.44,164
2017GARR05,Luke Garrett,2023-11-11,4.76,165
2017GARR05,Luke Garrett,2023-11-19,5.07,166
2017GARR05,Luke Garrett,2023-11-19,4.42,167
2017GARR05,Luke Garrett,2023-12-02,4.72,168
2017GARR05,Luke Garrett,2023-12-02,3.98,169
2017GARR05,Luke Garrett,2024-01-06,4.9,170
2017GARR05,Luke Garrett,2024-01-06,4.82,171
2017GARR05,Luke Garrett,2024-01-06,5.96,172
2017GARR05,Luke Garrett,2024-01-20,4.7,173
2017GARR05,Luke Garrett,2024-01-20,4.46,174
2017GARR05,Luke Garrett,2024-01-21,4.16,175
2017GARR05,Luke Garrett,2024-01-21,4.17,176
2017GARR05,Luke Garrett,2024-01-27,5.0,177
2017GARR05,Luke Garrett,2024-01-27,5.32,178
2017GARR05,Luke Garrett,2024-02-03,6.13,179
2017GARR05,Luke Garrett,2024-02-03,4.07,180
2017GARR05,Luke Garrett,2024-02-03,4.73,181
2017GARR05,Luke Garrett,2024-02-10,3.3,182
2017GARR05,Luke Garrett,2024-02-10,5.1,183
2017GARR05,Luke Garrett,2024-02-10,3.66,184
2017GARR05,Luke Garrett,2024-02-17,3.96,185
2017GARR05,Luke Garrett,2024-02-17,5.01,186
2017GARR05,Luke Garrett,2024-03-09,4.49,187
2017GARR05,Luke Garrett,2024-03-09,4.79,188
2017GARR05,Luke Garrett,2024-03-09,7.43,189
2017GARR05,Luke Garrett,2024-03-16,4.79,190
2017GARR05,Luke Garrett,2024-03-16,4.08,191
2017GARR05,Luke Garrett,2024-04-06,4.71,192
2017GARR05,Luke Garrett,2024-04-06,3.77,193
2017GARR05,Luke Garrett,2024-04-13,4.66,194
2017GARR05,Luke Garrett,2024-04-13,6.46,195
2017GARR05,Luke Garrett,2024-04-13,4.99,196
2017GARR05,Luke Garrett,2024-04-21,4.45,197
2017GARR05,Luke Garrett,2024-04-21,4.34,198
2017GARR05,Luke Garrett,2024-04-27,4.73,199
2017GARR05,Luke Garrett,2024-04-27,4.52,200
2017GARR05,Luke Garrett,2024-05-05,4.19,201
2017GARR05,Luke Garrett,2024-05-18,3.41,202
2017GARR05,Luke Garrett,2024-05-18,3.69,203
2017GARR05,Luke Garrett,2024-06-07,4.12,204
2017GARR05,Luke Garrett,2024-06-07,4.84,205
2017GARR05,Luke Garrett,2024-06-07,4.69,206
2017GARR05,Luke Garrett,2024-06-22,3.68,207
2017GARR05,Luke Garrett,2024-06-22,4.69,208
2017GARR05,Luke Garrett,2024-06-28,6.52,209
2017GARR05,Luke Garrett,2024-06-28,4.05,210
2017GARR05,Luke Garrett,2024-06-28,5.04,211
2017GARR05,Luke Garrett,2024-07-18,4.56,212
2017GARR05,Luke Garrett,2024-08-31,4.7,213
2017GARR05,Luke Garrett,2024-08-31,4.64,214
2017GARR05,Luke Garrett,2024-09-08,4.94,215
2017GARR05,Luke Garrett,2024-09-08,3.39,216
2017GARR05,Luke Garrett,2024-09-28,3.79,217
2017GARR05,Luke Garrett,2024-09-28,3.19,218
2017GARR05,Luke Garrett,2024-10-04,3.18,219
2017GARR05,Luke Garrett,2024-10-04,3.23,220
2017GARR05,Luke Garrett,2024-10-04,3.21,221
2017GARR05,Luke Garrett,2024-10-26,3.17,222
2017GARR05,Luke Garrett,2024-10-26,3.9,223
2017GARR05,Luke Garrett,2024-11-03,4.49,224
2017GARR05,Luke Garrett,2024-11-03,3.94,225
2017GARR05,Luke Garrett,2024-11-16,3.16,226
2017GARR05,Luke Garrett,2024-11-16,4.33,227
2017GARR05,Luke Garrett,2024-11-17,3.84,228
2017GARR05,Luke Garrett,2024-11-17,3.5,229
2017GARR05,Luke Garrett,2024-11-22,3.92,230
2017GARR05,Luke Garrett,2024-11-22,4.51,231
2017GARR05,Luke Garrett,2024-11-22,3.66,232
2017GARR05,Luke Garrett,2024-12-06,3.5,233
2017GARR05,Luke Garrett,2024-12-06,3.75,234
2017GARR05,Luke Garrett,2024-12-06,4.96,235
2017GARR05,Luke Garrett,2024-12-21,3.86,236
2017GARR05,Luke Garrett,2024-12-21,3.3,237
2017GARR05,Luke Garrett,2024-12-21,3.81,238
2017GARR05,Luke Garrett,2024-12-30,4.04,239
2017GARR05,Luke Garrett,2024-12-30,3.9,240
2017GARR05,Luke Garrett,2025-01-18,4.2,241
2017GARR05,Luke Garrett,2025-01-18,4.06,242
2017GARR05,Luke Garrett,2025-02-15,3.33,243
2017GARR05,Luke Garrett,2025-02-15,3.14,244
2017GARR05,Luke Garrett,2025-02-23,3.5,245
2017GARR05,Luke Garrett,2025-02-23,3.54,246
2017GARR05,Luke Garrett,2025-02-23,3.94,247
2017GARR05,Luke Garrett,2025-03-09,3.5,248
2017GARR05,Luke Garrett,2025-03-09,3.47,249
2017GARR05,Luke Garrett,2025-03-15,3.56,250
2017GARR05,Luke Garrett,2025-03-15,3.8,251
2017GARR05,Luke Garrett,2025-03-22,3.04,252
2017GARR05,Luke Garrett,2025-03-22,3.45,253
2017GARR05,Luke Garrett,2025-03-29,3.58,254
2017GARR05,Luke Garrett,2025-04-12,3.55,255
2017GARR05,Luke Garrett,2025-04-12,4.07,256
2017GARR05,Luke Garrett,2025-04-19,4.44,257
2017GARR05,Luke Garrett,2025-04-19,3.57,258
2017GARR05,Luke Garrett,2025-06-13,4.1,259
2017GARR05,Luke Garrett,2025-06-13,3.52,260
2017GARR05,Luke Garrett,2025-06-13,3.66,261
2017GARR05,Luke Garrett,2025-06-21,3.82,262
2017GARR05,Luke Garrett,2025-06-21,3.63,263
2017GARR05,Luke Garrett,2025-07-03,3.73,264
2017GARR05,Luke Garrett,2025-07-03,3.61,265
2017GARR05,Luke Garrett,2025-07-20,3.48,266
2017GARR05,Luke Garrett,2025-07-20,3.79,267
2017GARR05,Luke Garrett,2025-07-26,2.82,268
2017GARR05,Luke Garrett,2025-07-26,3.08,269
2017GARR05,Luke Garrett,2025-07-26,3.2,270
2017GARR05,Luke Garrett,2025-08-01,3.4,271
2017GARR05,Luke Garrett,2025-08-01,3.68,272
2017GARR05,Luke Garrett,2025-08-01,3.31,273
2017GARR05,Luke Garrett,2025-08-09,4.23,274
2017GARR05,Luke Garrett,2025-08-09,4.76,275
2017GARR05,Luke Garrett,2025-08-30,3.18,276
2017GARR05,Luke Garrett,2025-08-30,3.49,277
2017GARR05,Luke Garrett,2025-10-18,3.51,278
2017GARR05,Luke Garrett,2025-11-16,3.67,279
2017GARR05,Luke Garrett,2025-11-16,3.49,280
2017GARR05,Luke Garrett,2025-12-13,3.64,281
2017GARR05,Luke Garrett,2025-12-13,3.13,282
2017GARR05,Luke Garrett,2025-12-13,3.4,283
2017GARR05,Luke Garrett,2025-12-20,3.51,284
2017GARR05,Luke Garrett,2025-12-20,4.13,285
2017GARR05,Luke Garrett,2025-12-27,3.84,286
2017GARR05,Luke Garrett,2025-12-27,4.2,287
2017GARR05,Luke Garrett,2025-12-27,3.27,288
2017GARR05,Luke Garrett,2025-12-29,3.59,289
2017GARR05,Luke Garrett,2025-12-29,3.5,290
2017GARR05,Luke Garrett,2026-03-29,2.74,291
2017GARR05,Luke Garrett,2026-03-29,3.67,292
2017GARR05,Luke Garrett,2026-04-11,3.33,293
2017GARR05,Luke Garrett,2026-04-11,2.78,294
2017GARR05,Luke Garrett,2026-04-25,4.43,295
2017GARR05,Luke Garrett,2026-04-25,2.9,296
2017GARR05,Luke Garrett,2026-05-08,3.08,297
2017GARR05,Luke Garrett,2026-05-08,5.42,298
