person_id,person_name,n_competitions,n_results,first_year,last_year,best_sec_mean,average_sec_mean,span
2009PROV01,Matteo Provasi,262,601,2009,2026,3.0523460898502495,3.937271214642263,17
2010RONK01,Niko Ronkainen,219,535,2010,2026,2.354691588785047,3.5348411214953273,16
2013ROGA02,Przemysław Rogalski,274,527,2013,2026,2.7638709677419353,3.899506641366224,13
2013WALL03,Daniel Wallin,237,521,2013,2026,2.10915547024952,3.238042226487524,13
2008BARA01,Bence Barát,201,499,2008,2026,2.3775751503006015,3.1790981963927853,18
2010ROSE03,Dennis Rosero,276,499,2010,2026,3.872004008016032,5.253747494989979,16
2011EDUA01,Eduard Esteban García Domínguez,281,472,2012,2026,4.10364406779661,5.583728813559322,14
2013BURL01,Łukasz Burliga,184,453,2013,2026,1.8219205298013246,2.7012141280353203,13
2013TOKA01,Piotr Tokarski,193,444,2013,2026,1.9463288288288287,2.738423423423423,13
2017GARR05,Luke Garrett,189,444,2017,2026,1.4075675675675676,2.0724324324324326,9
2008AURO01,Sébastien Auroux,202,436,2008,2026,3.2948394495412843,4.7776146788990825,18
2014ZAKR01,Karol Zakrzewski,211,416,2014,2026,2.3360817307692305,3.4301442307692307,12
2011SZAT01,Wojciech Szatanowski,185,403,2011,2026,2.9982382133995036,4.0420347394540945,15
2010BENT01,Jan Bentlage,180,402,2010,2026,2.9255721393034824,4.222761194029851,16
2014SEBA01,Juliette Sébastien,165,402,2014,2026,1.898731343283582,2.6401741293532335,12
2014PETE03,Tobias Peter,194,395,2014,2026,2.7455696202531645,3.912430379746836,12
2010GRAC02,Fabio Bini Graciose,249,388,2010,2026,5.9392783505154645,8.110798969072166,16
2012CANT02,Simone Cantarelli,188,384,2012,2026,3.703046875,4.973463541666667,14
2009LIUE01,Evan Liu,201,376,2009,2026,2.7419680851063832,3.9172074468085105,17
2008VIRO01,Philippe Virouleau,171,370,2008,2026,2.7363243243243245,3.7239729729729727,18
2011WELC01,Walker Welch,154,365,2011,2026,2.270931506849315,3.403150684931507,15
2017TSVE02,Alexey Tsvetkov,143,365,2017,2026,1.466054794520548,1.9793150684931509,9
2008VARG01,Dániel Varga,184,351,2008,2026,3.4292877492877496,4.706068376068376,18
2015KUCA01,Carter Kucala,146,349,2015,2026,1.57810888252149,2.462779369627507,11
2015SANC18,Josete Sánchez,142,348,2015,2026,2.4504310344827585,3.4123563218390807,11
2016ROLZ01,Alwin Rölz,158,339,2016,2026,2.3689970501474926,3.522448377581121,10
2009ZEMD01,Feliks Zemdegs,132,335,2009,2026,1.7400597014925372,2.5673432835820895,17
2018KHAN28,Zayn Khanani,143,335,2018,2026,1.011044776119403,1.4475223880597015,8
2014JIME05,Diego Alejandro Casas Jimenez,191,334,2014,2026,4.068652694610779,5.429251497005987,12
2013OLSZ02,Piotr Olszewski,173,330,2013,2026,2.595666666666667,3.781272727272727,13
2016FEIS01,Sujan Feist,138,329,2016,2026,1.1406686930091186,1.7180243161094226,10
2012SANT12,Rafael Rodriguez Santana,124,328,2012,2025,2.5697256097560977,3.680518292682927,13
2013EGDA02,Martin Vædele Egdal,145,325,2013,2026,1.2936,1.8930461538461538,13
2010HULL01,Katie Hull,153,323,2010,2026,2.4476780185758513,3.163219814241486,16
2013EGDA01,Daniel Vædele Egdal,145,322,2013,2026,1.7542857142857142,2.5438198757763977,13
2013JOHN10,Brian Johnson,135,318,2013,2026,1.3579245283018868,1.9521698113207546,13
2016KELL12,Simon Kellum,140,317,2017,2026,1.8181703470031547,2.7406940063091483,9
2012BUBE01,Reto Bubendorf,135,314,2012,2026,2.235796178343949,3.1520063694267515,14
2017POPA01,Manuel Popayán,152,314,2017,2026,3.107452229299363,4.083089171974522,9
2018KHAN26,Hassan Khanani,144,313,2018,2026,1.5927476038338657,2.321821086261981,8
2014CHIC01,Chris Chi,140,312,2014,2026,1.6684294871794871,2.580897435897436,12
2012PANJ02,Jack Pan (潘杰康),126,311,2012,2026,1.5783601286173634,2.2310932475884244,14
2012BRED01,Ulrik Bredland,125,308,2012,2026,2.8894155844155844,4.072240259740259,14
2009ROTA01,Marco Rota,141,304,2009,2026,3.250921052631579,4.418223684210527,17
2012PATE01,Antonie Paterakis,130,304,2012,2025,1.457236842105263,2.1092434210526316,13
2008COUR01,François Courtès,175,304,2008,2016,4.980592105263158,6.26983552631579,8
2014MILL04,Chris Mills,128,294,2014,2026,2.085340136054422,3.1221768707482993,12
2015JAEH01,Konstantin Jaehne,168,292,2015,2026,3.6808561643835613,5.030890410958904,11
2013OWCZ01,Bartłomiej Owczarek,122,291,2013,2026,1.9685910652920964,2.694639175257732,13
2014CHER05,Clément Cherblanc,144,291,2014,2026,2.758006872852234,3.891408934707904,12
2016PYWI01,Wilfrid Py,173,290,2016,2026,3.9009655172413793,5.499482758620689,10
2010THOM03,Blake Thompson,145,288,2010,2025,2.3881944444444443,3.6403472222222226,15
2015EWER01,Helmer Ewert,113,282,2016,2026,2.0789007092198584,3.035,10
2012MAHV01,Paul Mahvi,164,281,2012,2026,2.9490747330960856,3.964270462633452,14
2020DWOR01,Kacper Paweł Dworak,180,281,2020,2026,3.1751957295373665,4.335871886120997,6
2010SCHM01,Leon Schmidtchen,136,280,2010,2026,3.58925,4.678142857142857,16
2012HALE01,Callum Hales-Jepp,123,277,2012,2026,2.515523465703971,3.7405415162454876,14
2005REYN01,Tim Reynolds,178,275,2006,2025,3.8178909090909094,5.162327272727273,19
2016PILA03,Ryan Pilat,117,274,2016,2026,1.5417883211678831,2.372080291970803,10
2013GERT01,Nicolas Gertner Kilian,109,273,2013,2026,2.0721978021978025,2.9244688644688646,13
2018DUBI01,Łukasz Dubicki,140,273,2018,2026,2.4745787545787543,3.4000000000000004,8
2013BOBE01,Krzysztof Bober,180,272,2013,2026,3.640220588235294,4.653198529411765,13
2014ZYCH01,Jan Zych,109,268,2014,2026,1.8655597014925371,2.7748880597014924,12
2015SALO01,Álvaro Aguilar Salobreña,104,268,2015,2026,1.7160820895522388,2.498955223880597,11
2009HILD01,James Hildreth,142,266,2009,2025,3.2943984962406017,4.473082706766917,16
2012ICKL01,Finn Ickler,140,263,2012,2026,3.4402661596958173,4.651673003802282,14
2015SANC11,Nicolás Sánchez,110,263,2015,2026,1.4697718631178707,2.1379087452471484,11
2010DESJ01,Jules Desjardin,129,262,2010,2026,2.9866030534351147,4.186068702290076,16
2012GOOD02,Callum James Goodyear,140,262,2012,2024,3.6910687022900768,5.044465648854962,12
2021ELIA01,Niklas Aasen Eliasson,97,262,2021,2026,1.5482824427480915,2.178625954198473,5
2009OLSO01,Christopher Olson,107,260,2009,2025,1.842,2.6621153846153844,16
2015HAMM01,Billie Hammill,107,259,2015,2026,2.5025096525096524,3.353745173745174,11
2008PIAU01,Anton Piau,128,256,2008,2026,2.93578125,4.2014453125,18
2003BRUC01,Ron van Bruchem,201,255,2006,2026,5.629137254901961,7.95435294117647,20
2017RICH02,Braden Richards,120,255,2017,2026,2.2144313725490194,3.412627450980392,9
2007VALK01,Mats Valk,122,254,2008,2023,2.202244094488189,3.1907086614173226,15
2011HOFF02,Valentin Hoffmann,121,254,2011,2026,2.9361417322834646,4.075236220472441,15
2012MCNE01,Jayden McNeill,96,251,2012,2026,1.7708366533864544,2.565378486055777,14
2014DETL01,Rasmus Stub Detlefsen,110,251,2014,2026,1.5022709163346613,2.262549800796813,12
2014GOSL01,Raymond Goslow,129,250,2014,2026,2.86328,3.74032,12
2015ANTO04,Manuel Prieto de Antón,99,250,2015,2026,1.99868,3.02396,11
2015LARS04,Kim Roger Haraldsen,93,250,2015,2026,1.6096400000000002,2.4873600000000002,11
2021KULA02,Maksymilian Kulas,112,250,2021,2026,1.6778,2.4463600000000003,5
2014FRIT02,Oliver Fritz,92,246,2014,2026,1.7914227642276424,2.5744715447154474,12
2018KUZM02,Olaf Kuźmiński,106,246,2018,2026,1.5886178861788618,2.2953658536585366,8
2010WANG53,Jiayu Wang (王佳宇),111,245,2010,2026,3.0140816326530615,4.214326530612245,16
2010STOL01,Cameron Stollery,92,245,2010,2026,1.8066938775510204,2.5242857142857145,16
2016SATO01,Caio Hideaki Sato,113,245,2016,2026,2.112285714285714,2.8730204081632653,10
2005AKKE01,Erik Akkersdijk,132,241,2006,2025,3.0595435684647305,4.232282157676349,19
2023ASTR01,Filip Åström,154,241,2023,2026,4.3421991701244815,5.864315352697095,3
2013KRAS02,Michał Krasowski,103,239,2013,2026,2.027531380753138,2.897071129707113,13
2014LAFO01,Anthony Lafourcade,109,236,2014,2026,2.726822033898305,3.7775,12
2019WANY36,Yiheng Wang (王艺衡),98,236,2021,2026,1.0258898305084747,1.4235593220338982,5
2014IRIA01,Julen Simón Iriarte,88,234,2014,2026,1.7756837606837605,2.5903418803418803,12
2014NIEL03,Calvin Nielson,132,233,2014,2026,2.976137339055794,4.317081545064378,12
2016SZAN01,Szabolcs Szántai,93,233,2016,2026,2.146137339055794,2.8905150214592275,10
2009GARC04,Pau Vela García,109,232,2009,2026,3.333793103448276,4.4295258620689655,17
2007JAKU01,Marcin Jakubowski,113,231,2007,2020,3.5603896103896107,4.388095238095238,13
2010AMBR01,Jacob Ambrose,130,231,2014,2026,3.21,4.367835497835498,12
2010GARC02,Carlos Méndez García-Barroso,89,230,2010,2026,1.8600434782608695,2.6381739130434783,16
2008BAOY01,Ting Sheng Bao Yang,102,228,2008,2025,3.257061403508772,4.47140350877193,17
2015MILL01,Dylan Miller,107,228,2015,2026,2.148157894736842,3.0839473684210525,11
2013GERH01,Kevin Gerhardt,88,227,2013,2026,1.4940528634361232,2.202114537444934,13
2021EDEN01,Pep Edén,87,227,2021,2026,1.6370044052863437,2.3548898678414094,5
2010WANG07,Yinghao Wang (王鹰豪),92,226,2010,2024,1.9269026548672568,2.7561061946902656,14
2013ZHEN11,Yuyang Zhen (甄禹扬),101,226,2014,2026,2.0743362831858407,2.910442477876106,12
2009PLES01,Michał Pleskowicz,93,225,2009,2026,2.227422222222222,3.085688888888889,17
2016MULL04,Daniel Mullen,113,225,2016,2026,2.661688888888889,3.664622222222222,10
2010KILD02,Wilhelm Kilders,104,223,2011,2026,3.1506726457399106,4.569417040358744,15
2018PATT04,Phoenix Patterson,80,223,2018,2026,1.5210762331838565,2.25237668161435,8
2006HALC01,Michał Halczuk,123,222,2008,2023,3.2250900900900903,4.497432432432432,15
2012CALL01,Will Callan,104,220,2012,2026,1.6456363636363638,2.2935454545454546,14
2012CHON03,Chao-Che Chung (鍾肇哲),107,220,2013,2026,2.9132272727272728,3.9472272727272726,13
2013LANG03,Mason Langenderfer,105,220,2013,2026,2.502818181818182,3.281454545454545,13
2014SZWU01,Mateusz Szwugier,129,220,2014,2026,2.8745909090909088,4.153590909090909,12
2017PITK01,Antto Pitkänen,94,219,2017,2026,2.2315068493150685,3.29662100456621,9
2018ABLA01,Ahmet Çınar Ablak,76,219,2018,2026,1.8718721461187215,2.679634703196347,8
2010OMUL02,Matic Omulec,98,218,2010,2026,3.12848623853211,4.167201834862386,16
2016OSTL02,Stian Nystad Østli,86,218,2016,2026,2.4220642201834863,3.5203669724770643,10
2018ZHUA10,Ethan Zhuang,106,218,2018,2026,1.8350917431192661,2.614449541284404,8
2016LAZA03,Fernando Sáez Lázaro,117,217,2016,2026,3.9988940092165897,5.412995391705069,10
2009YAUR01,Robert Yau,96,216,2009,2025,2.4916666666666667,3.6161111111111115,16
2007GOUL01,Joey Gouly,118,215,2007,2026,3.6587441860465115,5.227209302325581,19
2009DIEC01,Cornelius Dieckmann,89,215,2009,2020,2.3366976744186045,3.292511627906977,11
2017KRAS05,Lorenzo Escobar Kraskouskaya,95,213,2017,2026,2.535352112676056,3.74981220657277,9
2016KRAF01,Noah Kraft,91,211,2016,2026,1.767298578199052,2.37563981042654,10
2018CAST11,Raúl Cuevas Castillo,93,211,2018,2026,3.1054976303317536,4.114691943127962,8
2013PAPA01,Ioannis Papadopoulos,156,210,2013,2026,5.231666666666667,6.8420476190476185,13
2014SCHW02,Fabio Schwandt,86,210,2014,2026,1.9594285714285715,2.868095238095238,12
2015CHEA01,Andrey Che,93,209,2015,2026,1.6770334928229664,2.3663157894736844,11
2016JENS09,William Jensen,78,209,2016,2026,1.631626794258373,2.3793779904306223,10
2017CHAM09,Cham J. Chambers,88,209,2018,2026,2.0751674641148323,3.0927272727272728,8
2022MULL02,Imanuel Müller,91,209,2022,2026,1.7067942583732056,2.3995215311004783,4
2011NARA02,Bhargav Narasimhan,86,208,2011,2026,2.7163942307692306,3.899375,15
2016CHAR01,Jonathan Charlesworth,83,208,2016,2026,2.116057692307692,3.0152403846153844,10
2007POLI01,Lorenzo Vigani Poli,112,207,2007,2025,4.127826086956522,5.844685990338164,18
2015QUAN03,Ng Jia Quan (黄佳铨),88,207,2015,2026,1.578502415458937,2.3699999999999997,11
2016LOPE37,Rubén López de Juan,101,207,2016,2026,3.6248792270531403,4.857487922705314,10
2017WHIT01,Derek White,112,207,2017,2026,2.704830917874396,3.683719806763285,9
2014RZEW01,Michał Rzewuski,83,207,2014,2021,2.2171014492753622,3.2640579710144926,7
2018STOK01,Ben Stokes,82,206,2018,2026,1.775970873786408,2.569757281553398,8
2018HAMK01,Jakub Hamkało,99,206,2018,2025,2.318349514563107,3.2814563106796117,7
2009ZHEN11,Ming Zheng (郑鸣),144,205,2009,2026,4.522048780487805,5.83580487804878,17
2010KADD01,Abdelhak Kaddour,105,205,2010,2026,3.035024390243902,4.191414634146342,16
2014HOLU01,Lev Golub (Лев Голуб),85,205,2014,2026,2.1245365853658535,3.0944878048780486,12
2014MEND02,Alexis Rodrigo Cazu Mendoza,84,205,2014,2026,2.5421951219512193,3.583609756097561,12
2017LIND01,Leo Lindqvist,84,205,2017,2026,1.7271219512195122,2.4029756097560977,9
2003DENN01,Ton Dennenbroek,178,204,2005,2026,7.499460784313726,10.112303921568627,21
2013MART03,Chris Martin,191,204,2013,2026,5.825,7.996519607843137,13
2015WITM01,Mattheo de Wit,92,204,2015,2026,1.7380392156862745,2.4173529411764707,11
2017PABI01,Magdalena Pabisz,83,204,2017,2026,1.7886764705882352,2.426029411764706,9
2013KLEI03,Livia Kleiner,110,203,2014,2026,2.5882758620689654,3.5758128078817735,12
2015BARH01,Anders Barhaugen,83,202,2015,2026,2.511188118811881,3.696831683168317,11
2011GRIT01,Oleg Gritsenko,122,201,2011,2026,3.941592039800995,5.421293532338309,15
2010CANT02,Antoine Cantin,79,201,2010,2024,2.5631840796019905,3.5816417910447758,14
2014GUER06,David Stiven Benitez Guerra,116,201,2015,2026,3.86955223880597,4.990696517412935,11
2016NOVO01,Gergely Novotni,80,201,2016,2026,2.297313432835821,3.1148258706467664,10
2012VERS02,Robin Verstraten,101,200,2012,2026,2.8710000000000004,3.78155,14
2011BANS02,Shivam Bansal,80,200,2014,2026,2.6707,3.8901499999999998,12
2012MAYE01,Theo Mayer,100,199,2012,2026,2.928140703517588,4.210050251256281,14
2007OEYM01,Maria Oey,176,197,2007,2026,8.697055837563452,12.229847715736042,19
2017JARN01,Thomas Sonnenberg Jarner,94,197,2017,2026,2.645786802030457,3.713807106598985,9
2006BUUS01,Henrik Buus Aagaard,108,196,2006,2025,3.628265306122449,4.727806122448979,19
2012DIAZ03,Kevin Vanegas Diaz,95,196,2012,2026,2.529030612244898,3.415204081632653,14
2009OHRN01,Laura Ohrndorf,119,196,2010,2022,5.660663265306122,7.7537244897959186,12
2012TERE01,Ilya Tsiareshka,120,195,2012,2021,4.809948717948718,6.494769230769231,9
2009TIRA01,Javier Tirado Ortiz,111,194,2009,2025,5.438041237113402,7.301907216494845,16
2016HOUG01,Levin Houghton,100,194,2016,2026,2.5466494845360828,3.573350515463918,10
2017CHEN36,Xinyun Chen (陈新运),93,194,2017,2025,2.2196907216494846,3.2713402061855668,8
2021HUGO01,Peter Hugosson-Miller,186,194,2021,2026,9.976855670103093,13.092525773195876,5
2008MORE02,Hippolyte Moreau,107,192,2009,2026,3.7257812500000003,5.214739583333333,17
2014KARN02,Daniel Karnaukh,86,192,2014,2026,1.7135416666666667,2.47,12
2016NILS03,Filip Nilsen,72,192,2016,2026,1.9571874999999999,2.974479166666667,10
2020TOMA01,Fabian Tomasović,79,192,2020,2026,1.9913020833333333,3.098854166666667,6
2015YOSH01,Yuji Yoshida,137,191,2015,2026,2.7495811518324604,3.6497905759162306,11
2016PUTT01,Arttu Puttonen,91,191,2016,2026,3.266125654450262,4.713664921465968,10
2009ORTI01,Daniel Gracia Ortiz,78,190,2009,2026,2.6215263157894735,3.7010526315789476,17
2007PERG01,Olivér Perge,107,190,2007,2018,4.236421052631579,5.634947368421053,11
2017CHOD02,Adam Chodyniecki,98,189,2018,2025,2.773650793650794,3.724550264550265,7
2011CHAP01,José Leonardo Chaparro Prieto,88,188,2011,2025,2.5726063829787233,3.7438829787234043,14
2016CORV01,Alejandro Daniel Salceda Corvera,74,188,2016,2026,2.0221808510638297,2.886648936170213,10
2017LOPE31,Catalina Herrera López,159,188,2017,2026,6.481117021276596,9.240212765957446,9
2008YOUN02,Michael Young,113,187,2008,2026,3.1891978609625666,4.438449197860963,18
2008OLLE01,Alexander Olleta del Molino,91,187,2008,2022,4.023208556149733,5.90903743315508,14
2014ARGA01,Hector David Martinez Argaez,89,187,2014,2026,2.7359358288770053,3.870909090909091,12
2012GONZ10,Eder Olivencia González,79,186,2012,2026,2.8966666666666665,4.053387096774193,14
2018KJOL01,Malte Oliver Bøgh Kjøller,97,186,2018,2026,3.4690860215053765,4.777795698924731,8
2011FIOL01,Alberto Pérez de Rada Fiol,69,186,2011,2019,2.940268817204301,4.140645161290323,8
2022SZUB01,Oliwier Szubert,83,186,2022,2026,1.9110752688172041,2.797741935483871,4
2007HESS01,Rowe Hessler,99,185,2007,2023,2.61827027027027,3.719945945945946,16
2010WUIF01,Yi-Fan Wu (吳亦凡),88,185,2010,2026,2.5638378378378377,3.3763783783783783,16
2011GROG02,Shane Grogan,110,185,2011,2026,2.7075135135135135,4.051891891891892,15
2011CAST02,Michael Andres Castillo Lemus,90,185,2011,2026,2.9119459459459462,4.181135135135135,15
2017AGGA01,Sameer Aggarwal,85,185,2017,2025,1.6512432432432433,2.4615135135135136,8
2010LANE02,Mitchell Lane,105,184,2011,2026,2.7216304347826084,3.7117934782608697,15
2013ZIRN01,Jānis Zirnis,85,184,2013,2026,3.541413043478261,4.590489130434783,13
2016WHEA01,Oliver Wheat,91,184,2016,2026,3.654130434782609,4.834402173913043,10
2016HARA02,Knut Skaug Haraldsen,74,184,2016,2026,2.1154891304347827,3.332445652173913,10
2016DEXT01,Riley Dexter,73,184,2016,2026,1.9194565217391304,2.9653260869565217,10
2021SOTO01,Juan Miguel Saboya Soto,84,184,2021,2026,1.5567391304347826,2.2468478260869564,5
2014ABRA01,Arkadiusz Abramowski,105,183,2014,2026,2.961639344262295,4.061967213114754,12
2014LAFO02,Clara Lafourcade,99,183,2014,2026,3.33792349726776,4.668306010928961,12
2017SIAU02,Max Siauw,83,183,2017,2025,1.6640983606557376,2.4313661202185792,8
2019SART01,Daniel Sartori,77,183,2019,2026,2.620327868852459,3.533606557377049,7
2011GJER02,Ole Nikolai Gjerset,89,182,2011,2026,3.9576373626373624,5.426758241758241,15
2015MACK06,Zeke Mackay,83,182,2016,2026,1.8514835164835166,2.697032967032967,10
2021CHEL01,Ianis Costin Chele,84,182,2021,2026,1.4070879120879118,1.9683516483516483,5
2008MORE01,Marcos Ameijeiras Moreno,101,181,2008,2026,4.098729281767956,5.474419889502762,18
2006ARAK01,Sinpei Araki (荒木慎平),101,180,2006,2021,2.748222222222222,3.837722222222222,15
2012ZAKE02,Dušan Zakelšek,95,180,2012,2026,4.1097222222222225,5.1425,14
2013BOTZ01,Alexander Botz,79,180,2013,2026,2.7626666666666666,4.155444444444445,13
2014YUNO01,Lucas Ichiro Yunomae,96,180,2014,2026,3.537111111111111,4.687388888888889,12
2013SCHM02,Thomas Mæhle Schmidt,81,180,2013,2025,2.184111111111111,3.009111111111111,12
2016RUCI01,Marcel Ručigaj,69,180,2016,2026,1.9909444444444444,2.8190555555555554,10
2021ZAJD03,Teodor Zajder,70,180,2022,2026,1.1101666666666667,1.5858888888888887,4
2010RAHM02,Cendy Cahyo Rahmat,138,179,2010,2026,3.7131843575418992,5.350223463687151,16
2012CARL03,Alexandre Carlier,78,179,2012,2025,2.2413966480446925,3.2800558659217876,13
2016KOLA02,Tymon Kolasiński,82,179,2016,2026,2.140223463687151,2.919608938547486,10
2016MAHA07,Shubham Maharana,78,179,2016,2026,1.8968156424581004,2.7346368715083798,10
2016THOR08,Elvin Thorsen,74,179,2016,2026,1.8082122905027933,2.6458659217877094,10
2016THAK01,Ram Thakkar (राम ठक्कर),72,179,2016,2026,1.8856983240223464,2.5121229050279332,10
2015DEGL01,Lucas Déglise,77,178,2015,2026,2.2987078651685393,3.32752808988764,11
2016KIAC01,Bence Kiácz,77,178,2017,2026,2.592921348314607,3.5444943820224717,9
2021ZAJD02,Stefan Zajder,71,178,2021,2026,1.3470786516853932,2.040224719101124,5
2022STOJ03,Antoni Stojek,79,178,2022,2026,1.338202247191011,1.8947191011235955,4
2014GERB01,Henri Gerber,73,177,2014,2026,2.0754237288135595,3.0480790960451976,12
2006GALE01,Arnaud van Galen,116,176,2006,2018,5.746931818181818,7.206420454545454,12
2016HAND04,Rasmus Händén,87,176,2016,2026,3.557045454545454,4.829090909090909,10
2008SEAR01,Anthony Brooks,75,176,2008,2017,2.601534090909091,3.510056818181818,9
2017PIHE01,Remo Pihel,70,176,2018,2026,2.347102272727273,3.392159090909091,8
2022IVAR01,Ludwig Ivarsson,96,176,2023,2026,2.0086931818181815,3.0655113636363636,3
2004MASA01,Jesús Masanet García,127,175,2008,2025,7.373771428571429,9.255771428571428,17
2012REYE04,Niño Francis S. Reyes,155,175,2013,2026,4.2912,5.340457142857143,13
2015KAME02,Marcus Kamen,94,175,2015,2026,2.7481714285714287,3.7745142857142855,11
2016ZENK01,Viktor Zenk,100,175,2016,2026,3.9712,5.713085714285714,10
2017RIVA09,Quentin Rivault,74,175,2017,2026,2.1899428571428574,3.063028571428571,9
2010KIPA01,Jakub Kipa,67,175,2011,2020,2.3884,3.326914285714286,9
2008CLEM01,Kit Clement,106,174,2008,2026,3.9872413793103445,5.411494252873563,18
2011FERA01,Joshua Feran,119,174,2011,2026,3.928793103448276,5.35948275862069,15
2012CAPP01,Gabriele Cappelletti,82,174,2012,2026,3.764310344827586,5.15764367816092,14
2012ESPI02,Jorge Martín Espinosa,70,174,2012,2024,3.3308620689655175,4.6129310344827585,12
2015RUSS03,Will Russo,96,174,2015,2026,2.6635632183908045,3.6664367816091956,11
2016SINN01,Eleanor Sinnott,87,174,2016,2026,3.8339655172413796,5.241781609195402,10
2017LLAN01,Juan Sebastian Mendez Llanos,82,174,2018,2026,1.9436206896551724,2.7810344827586206,8
2018HANU02,Oskar Hanuszkiewicz,77,174,2018,2026,1.6925862068965516,2.503045977011494,8
2011MAJC01,Maksymilian Majcher,112,173,2011,2026,3.732543352601156,4.827803468208093,15
2012WENI01,Ivan Lew Yi Wen (刘义文),102,173,2012,2026,2.903063583815029,4.205606936416185,14
2013ASBE01,Alex Asbery,87,173,2013,2026,3.5852601156069364,4.701907514450867,13
2014OMIA01,Igor Ośmiałowski,76,173,2014,2026,2.5140462427745667,3.3921387283236997,12
2011BERG02,Anders Berggren,84,172,2011,2026,3.228081395348837,4.578662790697674,15
2013BARK01,Justin Barker,75,172,2013,2026,2.4215697674418606,3.1307558139534883,13
2016PFEI01,Jack Pfeifer,82,172,2016,2026,1.8609883720930231,2.7111046511627905,10
2022CHAI02,Curtis Chai,77,172,2022,2026,1.4423837209302326,2.0063953488372093,4
2012MARI04,José David Castiblanco Marin,98,171,2012,2026,3.555497076023392,5.048654970760234,14
2012BEAH01,Ciarán Beahan,83,171,2012,2026,2.80140350877193,3.950409356725146,14
2016HUNG08,Lim Hung (林弘),90,171,2016,2026,2.8728654970760235,3.8846198830409358,10
2007CINO01,Rafael Werneck Cinoto,83,171,2007,2017,5.49906432748538,7.4027485380116955,10
2018KINN05,Urho Kinnunen,65,171,2018,2026,2.30327485380117,3.2888888888888888,8
2021PIET01,Tomasz Pietruszka,67,171,2021,2026,1.2823976608187133,1.879766081871345,5
2012KASS01,Daniël Kassab,90,170,2012,2026,2.7104117647058823,3.8993529411764705,14
2014LONG06,Bertie Longden,75,170,2015,2026,3.011705882352941,4.2244117647058825,11
2014MAUR06,Lorenzo Mauro,70,170,2015,2026,1.8422352941176472,2.614,11
2022DINC01,Ayden Dincher,72,170,2022,2026,1.4420588235294118,1.9459411764705883,4
2022PART02,Daniel Partridge,64,170,2022,2026,1.826470588235294,2.9018823529411764,4
2012ZHAN08,Anyu Zhang (张安宇),96,169,2012,2026,3.0841420118343197,4.252899408284024,14
2015VUJA01,David Vujasić,66,169,2015,2026,2.4315384615384614,3.54715976331361,11
2017NICO01,Alejandro Nicolay,70,168,2017,2026,2.627857142857143,3.8773809523809524,9
2014STIN01,Jared Stinson,79,167,2014,2026,2.5660479041916164,3.703652694610778,12
2015WINT02,Steven Wintringham,108,167,2016,2026,3.1901796407185627,4.365688622754491,10
2017ZHAD01,Damir Zhanataev,82,167,2017,2026,2.7982634730538924,3.9463473053892213,9
2012RUPE01,Akash Rupela,67,166,2012,2026,3.386987951807229,4.594277108433735,14
2013WARY01,Rafał Waryszak,105,166,2013,2026,3.3124698795180723,4.468313253012048,13
2013DIPI01,Guido Dipietro,78,166,2013,2026,2.665120481927711,3.6323493975903616,13
2015FUSH01,Firstian Fushada (符逢城),79,166,2015,2026,1.7959638554216868,2.5029518072289156,11
2011KUMA01,Akula Pavan Kumar,93,165,2011,2026,4.588363636363637,5.941636363636364,15
2015CHHA03,Aryan Chhabra,73,165,2015,2026,2.4547272727272724,3.512909090909091,11
2015MOHA10,Varun Mohanraj,77,165,2016,2025,1.748181818181818,2.538,9
2020SPIR01,Maciej Spirydowicz,89,165,2020,2026,2.671030303030303,3.578666666666667,6
2022OZSV03,Nico Ozsvath,78,165,2022,2026,2.0904242424242425,2.916,4
2009KONV01,Asia Konvittayayotin (เอเชีย กรวิทยโยธิน),85,164,2009,2026,2.4308536585365856,3.430304878048781,17
2015SHAH09,Krish Shah-Nathwani,76,164,2015,2026,1.8017682926829268,2.4883536585365853,11
2008CLAR01,Thompson Clarke,65,163,2008,2025,3.071717791411043,4.252576687116564,17
2011BILC01,Ihor Bilchenko (Ігор Більченко),66,163,2011,2023,2.88159509202454,3.9479141104294477,12
2016SANC08,Joseph Daniel Blas Sanchez,103,163,2016,2026,4.668466257668712,5.863865030674846,10
2016EVAN06,Daniel Evans,77,163,2016,2026,3.2552147239263807,4.458098159509202,10
2016HART02,Sean Hartman,75,163,2016,2026,2.150122699386503,3.220552147239264,10
2016CHAP04,Stanley Chapel,71,163,2016,2026,1.821717791411043,2.7104907975460124,10
2014STAR05,Charlie Stark,77,163,2014,2023,3.0009202453987727,4.31717791411043,9
2013GARC08,Jesús Lindo García,111,162,2013,2026,5.872345679012346,7.432777777777777,13
2018CAMP17,Bella Campbell,69,162,2018,2026,2.58141975308642,3.3794444444444447,8
2015WANG83,Zhedong Wang (王哲栋),95,162,2019,2026,3.572530864197531,5.062160493827161,7
2014CZAP01,Maciej Czapiewski,60,162,2014,2021,1.7777777777777777,2.492530864197531,7
2011SAKO01,Corey Sakowski,115,161,2011,2025,3.771490683229814,5.273788819875777,14
2013VICE01,Mar Gallego Vicente,78,161,2013,2026,3.6655279503105587,4.725652173913044,13
2013FRAI01,Diego Fraile,67,161,2013,2026,1.85111801242236,2.5800621118012423,13
2014BONA02,Bautista Bonazzola,67,161,2014,2026,2.0075155279503103,2.959254658385093,12
2016JARM01,Myles Jarman,81,161,2016,2026,3.1929813664596276,4.402795031055901,10
2017REDO02,Raúl Martínez Redondo,69,161,2017,2026,2.76055900621118,3.7351552795031058,9
2016TARA04,Igor Tarasov,68,161,2016,2025,2.3967701863354036,3.4363975155279505,9
2012CAPA01,Mihai Căpăţinescu,103,160,2013,2025,4.0875625,5.5963125,12
2015GROH02,Matěj Grohmann,58,160,2015,2026,2.1200625,3.0338125000000002,11
2018HIBS01,Jakub Hibszer,83,160,2018,2026,2.4915,3.65675,8
2012POHL01,Andreas Pohl,71,160,2012,2020,3.4859999999999998,5.072875,8
2016MILL07,Pedro Giuseppe Garcia Milla,64,160,2018,2026,2.3116875,3.2573125,8
2018GONZ09,Lorenzo Gonzalez,86,160,2018,2025,3.1794374999999997,4.4833125,7
2022GALA03,Satya Bhavesh Gala,60,160,2022,2026,2.07575,2.9685625,4
2012HUAN12,Ping-Yueh Huang (黃品越),74,159,2012,2025,2.2461006289308174,3.663710691823899,13
2018GIBS04,Levi Gibson,79,159,2018,2026,1.9971698113207548,2.810125786163522,8
2018OPAC01,Kajetan Opach,64,159,2018,2026,1.5875471698113206,2.2257861635220126,8
2015BELO02,Pedro Henrique Maciel Ceccopieri Belo (陈昊然),68,158,2015,2026,3.012151898734177,4.080063291139241,11
2016EPST02,David Epstein,62,158,2016,2026,1.9572784810126582,2.769240506329114,10
2017BACH09,Gaurav Bachani,83,158,2017,2026,3.4303164556962025,4.447848101265823,9
2022SZAB02,Ádám Szabó,67,158,2022,2026,2.224113924050633,3.13126582278481,4
2022GLAD01,Igor Gładysz,63,158,2022,2026,1.351898734177215,1.875379746835443,4
2014KIPR01,Tommy Kiprillis,61,157,2014,2026,2.25828025477707,3.050127388535032,12
2015TERR01,Fabricio Andrés Yañez Terrazas,74,157,2015,2026,3.008089171974522,4.1515286624203815,11
2015MEDE01,Felipe Medel,72,157,2015,2026,2.3971974522292996,3.3721019108280252,11
2016BELE02,Jensen Belen-Brown,66,157,2016,2026,1.9170700636942677,2.5568789808917196,10
2019PASQ01,Mattia Pasquini,87,157,2019,2026,2.923312101910828,4.256687898089171,7
2016KELL10,Adam Marcellus Kelly,77,157,2019,2026,1.9985350318471335,2.99656050955414,7
2021MALI02,Ignacy Malinowski,76,157,2021,2026,2.06,2.925796178343949,5
2008BRAN01,Filippo Brancaleoni,78,156,2008,2025,4.000576923076923,5.479358974358974,17
2013DICK01,Matthew Dickman,123,156,2013,2026,4.45198717948718,5.843910256410256,13
2014NOWI01,Sebastian Nowicki,101,156,2014,2026,3.153525641025641,4.10551282051282,12
2008DONG06,Baiqiang Dong (董百强),107,156,2009,2019,4.524294871794871,6.0075641025641024,10
2018GOME06,Jaime Calzado Gomez,69,156,2018,2026,2.9012179487179486,4.012179487179487,8
2019SMIT36,Amy Smith,65,156,2019,2026,2.154551282051282,3.15474358974359,7
2019VUJC01,Alexander Vujcich,56,156,2019,2026,1.4975641025641027,2.2087179487179487,7
2014GARC27,Arthur Garcin,84,155,2014,2026,3.6212258064516125,4.827548387096774,12
2015CHER07,Tommy Cherry,71,155,2015,2025,1.5903225806451613,2.2950322580645164,10
2021LEBK01,Bartosz Łebkowski,74,155,2021,2026,1.7979354838709678,2.6210967741935485,5
2022SOLO01,Aleksander Sołonczak,78,155,2022,2026,2.2156774193548388,3.174451612903226,4
2011HETC01,Patrick Hetco,78,154,2011,2026,3.305974025974026,4.553506493506494,15
2013COLI02,Victor Colin,83,154,2013,2026,3.482597402597403,4.86974025974026,13
2020REJD01,Gabriel Rejdych,77,154,2020,2025,2.145714285714286,3.175909090909091,5
2015RAME02,Naren Ramesh,64,153,2015,2025,2.3669934640522876,3.2281045751633983,10
2023LANG03,Alex Rosado Saez de Langarica,59,153,2023,2026,2.01,2.969411764705882,3
2011TRON01,Fredrik Abildgaard Trondhjem,79,152,2011,2025,3.756184210526316,5.193092105263158,14
2015DUYU01,Yusheng Du (杜宇生),74,152,2015,2026,2.3682236842105264,3.5097368421052635,11
2017BYRN01,Magnus Søndergaard Byrne,68,152,2017,2026,2.2261184210526315,3.2473026315789473,9
2017NIEL03,Michael Nielsen,68,152,2017,2026,1.6663157894736842,2.3023026315789474,9
2022STOU01,Rowan Stough,69,152,2022,2026,1.6895394736842106,2.4357236842105263,4
2010ESTU01,Rémi Esturoune,72,151,2010,2026,2.6914569536423842,3.7752980132450333,16
2012NICO02,Alessandro Nicolì,72,151,2012,2026,3.349735099337748,4.612980132450331,14
2012SZEL01,Tommy Szeliga,103,151,2012,2025,3.259403973509934,4.686291390728477,13
2015TRAN07,Dan Tran,71,151,2015,2026,2.1172185430463575,2.9326490066225164,11
2016GOTT01,Benjamin Gottschalk,82,151,2016,2026,2.9132450331125828,4.061986754966887,10
2016IHLE01,Malte Ihlefeld,81,151,2016,2026,3.4324503311258274,4.518940397350994,10
2015SOAR01,Nikhil Soares,64,151,2015,2025,2.8487417218543047,4.027549668874172,10
2016BUCK01,Linus Buck,61,151,2016,2026,1.8899337748344371,2.662317880794702,10
2021LABE01,Igor Łabędź,60,151,2021,2026,1.5378145695364238,2.2447682119205297,5
2013CETI01,Ömer Çetinkaya,61,150,2013,2026,3.4306666666666668,4.521733333333334,13
2018BRUU01,Jacob Oliver Bruun,63,150,2018,2026,2.8011333333333335,4.374533333333333,8
2021RAME01,Saisabari Ramesh,86,150,2022,2026,2.3263333333333334,3.4433333333333334,4
2022SCHA05,Vincent von Schantz,57,150,2022,2026,2.3765333333333336,3.2480666666666664,4
2010HUNT02,Aneurin Hunt,74,149,2010,2026,2.9289261744966444,4.730805369127516,16
2011STAC01,Marcin Stachura,93,149,2011,2026,4.005436241610738,5.066442953020134,15
2009YINM01,Mulun Yin (阴目仑),68,149,2009,2023,2.887248322147651,3.9155704697986575,14
2015RODR01,Andres Rodriguez,79,149,2015,2026,2.9695302013422817,3.970469798657718,11
2016REET01,Tijmen van der Ree,77,149,2016,2026,2.613221476510067,3.70013422818792,10
2018MART18,Laura Freitas Martín,85,149,2018,2026,3.4725503355704697,5.033959731543624,8
2023HULT01,Dante Tellechea Hultmark,89,149,2023,2026,2.7931543624161073,4.113288590604027,3
2013RIVE03,Juan David Martinez Riveros,85,148,2013,2026,4.1089864864864865,5.277432432432432,13
2005KOZK01,Piotr Kózka,69,148,2006,2019,3.355945945945946,4.120743243243243,13
2017MILL04,Zachary Miller,88,148,2017,2026,3.199054054054054,4.3325000000000005,9
2018LOCA01,Valerio Locatelli,62,148,2018,2026,2.408445945945946,3.3433108108108107,8
2019KARP03,Bartosz Karpiński,85,148,2019,2026,2.490472972972973,3.528445945945946,7
2019EKLU01,Samuel Eklund-Hanna,83,148,2019,2026,2.511081081081081,3.6889864864864865,7
2021LEMP01,Luukas Lempinen,59,148,2021,2026,2.2704054054054055,3.4579054054054055,5
2016SMUL01,Mika Smulders,72,147,2016,2026,1.876122448979592,2.7044897959183674,10
2017WONG01,Brenton Angelo Lo Wong,94,147,2017,2026,1.7993877551020407,2.6256462585034015,9
2017BARR25,Juan Camilo González Barragán,72,147,2018,2026,3.3693197278911566,4.360612244897959,8
2019MAGU04,Jose Antonio Cuipal Maguiña,61,147,2019,2026,1.82,2.522448979591837,7
2013FIDO01,Franciszek Fidos,100,146,2013,2026,3.588082191780822,4.802328767123288,13
2016GAMM01,Vincenzo Maria Gammino,83,146,2016,2026,3.9507534246575338,5.460753424657534,10
2014STEI03,Annika Stein,74,146,2015,2025,4.080068493150685,5.2507534246575345,10
2022MUNT02,Eskil Munthe,64,146,2022,2026,2.7403424657534243,3.9510273972602743,4
2010OMUL01,Jernej Omulec,90,145,2011,2026,4.762482758620689,5.962206896551724,15
2011HUNG02,Shao-Heng Hung (洪紹恆),63,145,2011,2025,2.6802758620689655,3.762344827586207,14
2014AMAY01,Ramses Amaya,67,145,2014,2026,2.8928965517241383,3.983724137931034,12
2015CLEM03,Nox Clémenceau,105,145,2016,2026,5.424206896551724,6.784620689655172,10
2011KNOT01,Wojciech Knott,69,145,2011,2021,3.2214482758620693,4.113586206896552,10
2017PALA08,Harsha Paladugu,89,145,2017,2026,3.299931034482759,4.669586206896552,9
2015ROSE01,Daniel Rose-Levine,63,145,2015,2024,1.9126206896551723,2.7926206896551724,9
2017NAJA02,Oscar Sánchez Najarro,65,145,2017,2025,2.8598620689655174,3.886896551724138,8
2019AMAR04,Charles Amarello,89,145,2019,2026,2.9555172413793103,3.9038620689655175,7
2023FLOD01,Erland Flodman,79,145,2023,2026,1.9108275862068964,2.9409655172413793,3
2013MALI03,Szymon Malinowski,67,144,2013,2026,2.848472222222222,3.7249305555555554,13
2016HOBB01,Emmet Hobbs,92,144,2016,2026,4.221388888888889,5.919444444444444,10
2015WIDD01,Owen Widdis,71,144,2015,2025,2.5024305555555557,3.7691666666666666,10
2016DROB01,Jakub Drobný,56,144,2016,2026,2.096458333333333,2.8341666666666665,10
2015GUNN01,Jakob Gunnarsson,53,144,2015,2025,1.7835416666666666,2.645763888888889,10
2015CECC01,Vicenzo Guerino Cecchini,63,144,2015,2024,2.220763888888889,3.144791666666667,9
2018GRAH05,Kate Grahame,68,144,2018,2026,1.9877777777777779,3.0077777777777777,8
2018DREI02,Roberts Dreijers,58,144,2018,2026,1.933888888888889,2.8704166666666664,8
2020MADD02,Jack Maddigan,57,144,2020,2026,1.8959722222222222,2.765625,6
2021SPIE01,Achim Spies,87,144,2021,2026,3.782777777777778,5.082152777777778,5
2022SZAB03,Dávid Szabó,67,144,2022,2026,2.4814583333333333,3.581944444444444,4
2014BEGU01,Elian Beguec,62,143,2014,2026,1.8188111888111886,2.4297202797202795,12
2014QUYN02,Tomáš Nguyen,56,143,2014,2026,1.8258041958041957,2.7095104895104893,12
2014PRID01,Ethan Pride,89,143,2014,2025,4.120559440559441,5.885454545454546,11
2017CATA04,Ricardo Olea Catalán,72,143,2017,2026,3.1130069930069926,4.522237762237762,9
2017HERN11,Joaquin Ruenes Hernández,56,143,2017,2026,1.335804195804196,1.9102797202797204,9
2017ECHE04,Ale Restrepo,65,143,2017,2025,2.958181818181818,4.213286713286713,8
2023CELI06,Jacob Goossens Celis,70,143,2023,2026,2.6956643356643357,3.744055944055944,3
2015RISC01,Àlex Domingo Risco,61,142,2015,2026,2.708591549295775,3.6392957746478873,11
2015GORN01,Dominik Górny,74,142,2015,2025,2.9356338028169016,3.9076056338028167,10
2016MATE04,Arnau Tous Mateu,60,142,2016,2026,2.6911267605633804,3.7669718309859155,10
2017BRZA01,Szymon Brzana,85,142,2017,2026,2.7338732394366194,4.043309859154929,9
2017GOLU01,Theo Goluboff,64,142,2017,2026,2.007183098591549,2.884154929577465,9
2021GORE01,Kacper Górecki,83,142,2021,2026,2.9022535211267604,3.8546478873239436,5
2011ALVI01,Wilson Alvis (陈智胜),101,141,2011,2026,3.4021985815602838,5.302198581560284,15
2014VIKS01,Olli Vikstedt,60,141,2014,2026,3.1253191489361702,4.527517730496454,12
2016LINB01,Brennen Lin,58,141,2016,2026,1.636382978723404,2.4093617021276597,10
2021MARI04,Paolo Marino,66,141,2021,2026,3.1317021276595742,4.363758865248227,5
2022ROGE05,Eli Rogers,65,141,2022,2026,1.5563120567375885,2.2752482269503544,4
2010UTOM01,Vincent Hartanto Utomo,75,140,2010,2026,2.398142857142857,3.261071428571429,16
2013GHOD01,Abhijeet Ghodgaonkar (अभिजीत घोडगावकर),78,140,2013,2026,3.719928571428571,4.726642857142857,13
2013LOYK01,Nikita Loika,71,140,2013,2026,3.3300714285714283,4.5205,13
2012KALH01,Simon Kalhofer,66,140,2012,2025,3.399,4.5262142857142855,13
2014GLYR01,Victor Valentin Glyrskov,68,140,2014,2026,1.9767857142857144,3.0117857142857143,12
2015FONS02,Federico da Fonseca,65,140,2015,2026,2.7080714285714285,3.7587857142857146,11
2017TIMM01,Ben Timmons,71,140,2017,2026,3.0395714285714286,4.507357142857143,9
2011MOLL01,James Molloy,77,140,2011,2019,3.4457142857142857,5.325214285714286,8
2018AMSB02,Stone Amsbaugh,77,140,2018,2026,3.2300714285714283,4.5804285714285715,8
2020BORG01,Kasper Warberg Borg,66,140,2020,2026,2.56,3.4475,6
2021YEXA01,Xavier Ye,59,140,2021,2026,1.6393571428571427,2.337642857142857,5
2022CIEP01,Szymon Ciepiela,63,140,2022,2026,1.5322142857142858,2.2636428571428575,4
2009JUNW01,Wang Junwen (王俊文),107,139,2009,2026,4.282158273381295,5.4176258992805755,17
2008JEWR01,Ryan Jew,110,139,2009,2025,3.8033812949640287,5.043381294964028,16
2010HEIL02,Martin Heilig,94,139,2011,2026,5.740359712230216,7.53273381294964,15
2013SANT13,Sergio Torrijos Santano,86,139,2013,2026,4.8089208633093525,6.36273381294964,13
2008LIKA01,Kailong Li (李开隆),61,139,2008,2021,2.900143884892086,3.8027338129496404,13
2015BROW03,Elijah Brown,69,139,2015,2025,2.4659712230215827,3.603093525179856,10
2009BOZS01,Hunor Bózsing,61,139,2009,2018,3.1362589928057556,4.255179856115108,9
2013FENG02,Zijia Feng (冯子甲),65,139,2013,2018,3.308201438848921,4.357841726618705,5
2008LAUR01,Mario Laurent,78,138,2008,2026,4.583260869565217,6.200507246376811,18
2010SABA01,Sergi Sabat,65,138,2010,2025,3.598333333333333,4.636956521739131,15
2011TRON02,Sebastiano Tronto,63,138,2011,2026,3.173695652173913,4.177608695652173,15
2013RAMI02,Adrián Ramírez,67,138,2013,2026,4.292391304347826,6.054057971014493,13
2009ZHAN53,Weixing Zhang (张炜星),61,138,2010,2023,2.963405797101449,4.025797101449275,13
2014GRIG01,Stephen Griggs,98,138,2014,2026,3.5744202898550723,4.866884057971014,12
2016IVRO01,Robert Mapp IV,78,138,2016,2026,2.8499275362318843,3.818840579710145,10
2017GARC48,Haiver Lenin Reyes Garcia,73,138,2017,2026,4.074275362318841,5.410434782608696,9
2016MADD01,Jake Maddox,57,138,2019,2026,1.9478985507246378,2.9629710144927537,7
2006LINC01,Chia-Leo Lin (林珈樂),104,137,2006,2026,4.273795620437956,6.207080291970803,20
2009TISS01,Lina Tissier,107,137,2010,2024,5.5200000000000005,7.0894890510948905,14
2011FRES01,Linus Frész,72,137,2011,2023,3.958978102189781,5.58978102189781,12
2014KOUL01,Sukant Koul,64,137,2014,2026,2.9628467153284674,4.041970802919708,12
2015WAKE01,Ben Wakelin,82,137,2015,2026,3.6687591240875914,5.402481751824817,11
2011TORG01,Ivan Torgashov (Иван Торгашов),64,137,2011,2020,2.8337226277372265,3.7572992700729926,9
2018ALFO01,Diego Alfonso,69,137,2018,2026,2.705766423357664,3.698978102189781,8
2010BREC01,John Brechon,67,136,2010,2025,2.84375,4.148161764705883,15
2016HOLZ01,Laura Holzhauer,71,136,2016,2026,3.390220588235294,4.787058823529412,10
2017CUZI01,Trenton Cuzick,86,136,2017,2026,3.63125,5.071838235294117,9
2017YANG59,Tee Kai Yang,72,136,2017,2026,2.4508823529411763,3.4967647058823528,9
2017WILL05,Tyler Williams,61,136,2017,2026,2.56125,3.689264705882353,9
2018PERK01,Elliott Perkins,62,136,2018,2026,1.9502205882352943,2.935,8
2021RAHN01,Nathan Rahn,54,136,2021,2026,1.61625,2.3658823529411763,5
2014NIET03,Oscar Nieto,64,135,2014,2026,2.7297777777777776,3.992814814814815,12
2016MART91,Diego Serrano Martínez,55,135,2016,2026,2.5717777777777777,3.5854074074074074,10
2017WADE01,Liam Wadek,72,135,2017,2026,3.0988888888888892,4.547037037037037,9
2019KLEV01,Patrick Kleverlaan,85,135,2019,2026,4.017481481481481,5.992370370370371,7
2021DAMM01,Jonathan Dammann,71,135,2021,2026,3.4855555555555555,4.563481481481482,5
2003VAND01,Lars Vandenbergh,96,134,2006,2026,5.675522388059702,7.004179104477611,20
2010MOND01,Pablo Nicolás Oshiro Mondoñedo,65,134,2010,2025,3.5,4.891567164179104,15
2016IRIZ02,Ant Irizarry,95,134,2016,2026,3.8512686567164183,5.350223880597015,10
2016MORA24,Sean Moran,63,134,2016,2026,2.569850746268657,3.6709701492537317,10
2017DUMM01,Matteo Dummar,74,134,2017,2026,3.043134328358209,4.277761194029851,9
2018BOHA01,Alex Bohac,72,134,2018,2026,2.4073880597014923,3.332537313432836,8
2019STOU02,Ivo Stoutjesdijk,61,134,2019,2026,1.9147761194029849,2.781417910447761,7
2011KALM01,Viktor Kalmar,58,133,2011,2026,2.998796992481203,4.058947368421053,15
2017FUHO01,Hongyuan Fu (傅泓源),72,133,2017,2026,2.5366165413533834,3.6581203007518797,9
2018STEP07,Lachlan Stephens,54,133,2018,2026,1.885639097744361,2.8840601503759395,8
2012KALE01,Przemysław Kaleta,54,133,2012,2018,2.601578947368421,3.596390977443609,6
2022COST03,Christofor Gabriel Costea,61,133,2022,2026,1.4927067669172933,2.036766917293233,4
2022LARR02,Aratz Larruzea,55,133,2022,2026,3.055789473684211,4.140150375939849,4
2023DOWL01,Lucas Patrick Dowling,58,133,2023,2026,1.7535338345864662,2.662255639097744,3
2015HENN02,Mary Hennessy,80,132,2015,2026,4.264318181818182,5.62219696969697,11
2013MACI01,Adrián Martínez Macías,54,132,2014,2024,3.4144696969696966,4.422954545454545,10
2018DEVE02,Adam Devere,59,132,2018,2026,2.847878787878788,4.006287878787879,8
2011LIUR02,Rui-Jun Liu (劉睿鈞),83,131,2012,2026,3.769083969465649,4.9642748091603055,14
2013DENN01,Andy Denney,57,131,2013,2025,1.8196946564885497,2.555419847328244,12
2016SANT08,Kyle Santucci,67,131,2016,2026,2.196335877862595,3.0277862595419847,10
2016SIMK01,Samuel Simko,64,131,2016,2026,2.548091603053435,3.585267175572519,10
2015LEON02,Ivan Li Ka Leong (李嘉亮),60,131,2015,2025,2.2527480916030536,3.276106870229008,10
2017BRYA06,Aedan Bryant,64,131,2017,2026,2.0923664122137406,2.968931297709924,9
2018SAMK01,Max Kwok U Sam (郭愉琛),61,131,2018,2026,3.044503816793893,4.295725190839694,8
2013WANG69,Bo Wang (王擘),58,131,2013,2019,2.919618320610687,4.1856488549618325,6
2008JAFF01,Justin Jaffray,51,131,2008,2014,2.7081679389312976,3.759083969465649,6
2021BUTE03,Alex Butera,53,131,2021,2026,2.2374809160305347,3.296793893129771,5
2013BROW04,Evan Brown,69,130,2013,2026,2.758384615384615,4.023153846153846,13
2014JAYE01,Eli Jay,58,130,2014,2026,2.6043846153846153,3.8429230769230767,12
2016BRIN04,Chris Van Der Brink,68,130,2016,2026,3.3343846153846157,4.323615384615385,10
2015GRIE02,Luke Griesser,61,130,2015,2025,2.138923076923077,3.254,10
2016JONE04,Jode Brewster,54,130,2016,2026,1.7410769230769232,2.5183846153846154,10
2017CHOI07,Kyeongmin Choi (최경민),59,130,2017,2026,1.4416153846153845,1.9583076923076923,9
2019CARE02,William Carey,56,130,2019,2026,2.538769230769231,3.4957692307692305,7
2021SALE01,Sofia Saletnich,54,130,2021,2026,2.666076923076923,3.662846153846154,5
2021ZANG01,Alessandro Zangolini,52,130,2021,2026,1.8678461538461537,2.6952307692307693,5
2008NIEL01,Lars Vennike Nielsson,83,129,2008,2026,4.594186046511628,6.371550387596899,18
2013CONA01,Michael Conard,83,129,2013,2026,4.4761240310077515,5.866744186046511,13
2012LUOS01,Shu-Yii Luo (駱書翊),67,129,2012,2025,3.324031007751938,4.487829457364341,13
2016VOSO01,Olivier Vos,70,129,2016,2026,3.177441860465116,4.2299999999999995,10
2018EYOU02,Elyas Eyou,50,129,2018,2026,1.6286821705426355,2.3563565891472864,8
2018ARGA01,Ibai Tobar Argaiz,49,129,2018,2026,1.9881395348837212,2.7309302325581397,8
2019MORG10,Danny Morgan,49,129,2019,2026,1.596124031007752,2.2391472868217055,7
2010MATT02,Kevin Matthews,98,128,2010,2026,4.245390625,5.69953125,16
2014MELL03,Gabriel Sargeiro Gomes de Mello,53,128,2014,2026,3.309453125,4.436640625,12
2015ROBI04,Tyler Robinson,55,128,2015,2026,2.73421875,3.98671875,11
2016SLEZ01,Gábor Slezák,58,128,2016,2026,2.750546875,3.8359375,10
2017MARC22,Matej Marčok,58,128,2017,2026,2.806640625,4.00078125,9
2017ZIMA01,Benedek Zimányi,56,128,2017,2026,2.464140625,3.255,9
2018MART75,David Rendón Martínez,65,128,2018,2026,3.141953125,4.4621875,8
2019CHAU12,Zayd Chaudhry,55,128,2019,2026,2.32640625,3.504765625,7
2022BRAG03,Szymon Brągiel,64,128,2022,2026,2.143203125,3.21671875,4
2011FYDR01,Mateusz Fydrych,53,127,2011,2024,2.5150393700787403,3.3463779527559057,13
2014WILD03,Damian Wilding,86,127,2014,2026,4.03763779527559,5.262047244094488,12
2016WOJC04,Dawid Wójcik,64,127,2016,2026,2.634724409448819,3.6029133858267715,10
2017KELL08,Simon Kelly,69,127,2017,2026,3.790708661417323,5.111417322834646,9
2017MALO02,Elias Malomgré,66,127,2017,2025,2.67748031496063,4.099212598425197,8
2013KOKS01,Serhii Koksharov (Сергій Кокшаров),65,127,2013,2019,4.393307086614174,5.825511811023622,6
2007BARR01,Kian Barry,91,126,2008,2025,5.151190476190476,6.1873015873015875,17
2012HAML01,Francisco Hamlin,60,126,2012,2025,2.453809523809524,3.8103968253968254,13
2013SAVA01,Harry Savage,56,126,2014,2026,2.038333333333333,3.1142857142857143,12
2016PHUN02,Lauren Phung,76,126,2016,2026,3.1167460317460316,4.017777777777778,10
2017SWAI01,Adam Swaine,60,126,2017,2025,3.3653174603174603,4.718333333333333,8
2021JAWO01,Szymon Jaworski,80,126,2022,2026,2.7763492063492063,3.965079365079365,4
2022MATY02,Konrad Matyszek,67,126,2022,2026,2.067777777777778,2.9395238095238096,4
2023MIKI01,Gregor Mikic,61,126,2023,2026,3.3921428571428573,4.8053968253968256,3
2010HONG07,Xusheng Hong (洪旭升),96,125,2010,2026,4.7496,6.1531199999999995,16
2013MART02,Rubén Moreno Martinez,69,125,2013,2026,4.634,6.3117600000000005,13
2011CAOS01,Sheng Cao (曹晟),60,125,2014,2026,2.74344,3.70688,12
2013MUAT01,Matěj Mužátko,50,125,2013,2025,2.2802399999999996,3.54936,12
2014GARB01,Zachary Garber,116,125,2015,2026,5.26488,7.4821599999999995,11
2015MYER02,Isaac Myers,81,125,2015,2026,3.41064,4.98128,11
2009SHEP01,Daniel Sheppard,61,125,2009,2019,3.3207199999999997,4.57608,10
2013KATO01,Eva Kato,59,125,2013,2023,1.9332799999999999,2.7931999999999997,10
2018GUER09,Héctor Haro Guerrero,53,125,2018,2026,2.9549600000000003,3.86968,8
2018TUUL01,Kaur Tuule,52,125,2018,2026,2.16008,3.1435999999999997,8
2022ALAN02,Leo Alanen,48,125,2022,2026,2.4356,3.48352,4
2010ZHAO19,Eric Zhao,102,124,2010,2025,4.231774193548387,5.687822580645161,15
2013NAHM01,Seung Hyuk Nahm (남승혁),54,124,2013,2026,1.823790322580645,2.6519354838709677,13
2017BYRN02,Mathias Søndergaard Byrne,58,124,2017,2026,2.5310483870967744,3.6518548387096774,9
2016WETZ01,Leonard Wetzel,53,124,2017,2026,2.767983870967742,3.7850806451612904,9
2015CARV06,Iuri Grangeiro Carvalho,58,124,2015,2023,2.7770967741935486,3.871532258064516,8
2019RAMO05,Dwyane Ramos,50,124,2019,2026,1.9758064516129032,2.8770967741935483,7
2020BURN06,Luke Burns,49,124,2020,2026,1.5023387096774192,2.2175806451612905,6
2022JAME01,Blue James,66,124,2022,2026,3.326290322580645,4.636451612903225,4
2022DUNN03,Caleb Wolf Dunn,51,124,2022,2026,1.6898387096774192,2.581935483870968,4
2009LAIY01,Yan-Hung Lai (賴彥宏),52,123,2010,2026,1.9843089430894307,2.8034959349593493,16
2003BURT01,Bob Burton,109,123,2005,2019,6.675853658536585,8.427967479674798,14
2011SBAH01,Rami Sbahi,50,123,2011,2025,1.8257723577235772,2.519186991869919,14
2010SCHI01,Reinier Schippers,73,123,2010,2023,3.448211382113821,4.747967479674797,13
2015ROME03,Alberto Romero,62,123,2015,2026,3.694308943089431,4.908861788617886,11
2015SPEN01,Sam Spendla,82,123,2016,2026,4.479512195121951,6.071056910569106,10
2015GIME02,Laura Tarrés Gimeno,68,123,2015,2025,3.7821138211382115,5.04910569105691,10
2017CAST41,Raymos Castillo,64,123,2017,2026,3.062276422764228,4.265447154471545,9
2012DERG01,Dmitry Dergunov,57,123,2012,2021,2.8320325203252033,3.9254471544715446,9
2017HUGH04,Lennon Hughes,53,123,2017,2026,2.6177235772357723,3.5803252032520323,9
2017PIME01,Sergio Minaya Pimentel,53,123,2017,2026,2.5595121951219513,3.3470731707317074,9
2018WIDJ01,Carson Widjaja,62,123,2018,2026,2.393333333333333,3.2959349593495935,8
2004GALL02,Clément Gallet,87,123,2007,2013,6.154146341463415,8.183333333333334,6
2022SCHE13,Emanuel Schelin,47,123,2022,2026,1.3365853658536586,2.0259349593495934,4
2013AZNA01,İskender Aznavur,66,122,2015,2026,4.57811475409836,5.972950819672132,11
2015ORRI01,Jorge Orrite De Alba,63,122,2016,2026,4.156557377049181,5.356475409836066,10
2011DOBR01,Dmitry Dobrjakov,56,122,2011,2021,2.815245901639344,3.9175409836065573,10
2017SZUL01,Mateusz Szulik,60,122,2017,2026,2.4178688524590166,3.5116393442622953,9
2016LOPE44,Mauro Moisés Ortega López,50,122,2018,2026,1.7977868852459018,2.70172131147541,8
2021JOSH01,Jacob Joshi,43,122,2021,2026,1.7179508196721311,2.4122131147540986,5
2023TULL04,Max Tully,45,122,2023,2026,1.3227868852459017,1.9627049180327867,3
2013YUSH01,Pavel Yushkevich,58,121,2013,2026,3.0058677685950412,4.1228925619834715,13
2015RIBI01,Vilius Ribinskas,46,121,2015,2026,2.5548760330578513,3.4610743801652895,11
2016KENN01,Zak Kenny,59,121,2016,2026,2.931487603305785,4.354793388429751,10
2016CUTS01,Sean Cutshaw,58,121,2016,2026,1.9236363636363636,2.975785123966942,10
2016BOUR01,Noé Bourdon,53,121,2016,2026,2.3387603305785123,3.218677685950413,10
2015SCHO05,George Scholey,51,121,2015,2025,1.771818181818182,2.467933884297521,10
2017INIE02,Mikel Pérez Iniesto,62,121,2017,2026,3.8312396694214876,4.999669421487604,9
2016YONG02,Tristan Chua Yong,59,121,2017,2026,2.207520661157025,3.1693388429752067,9
2017MAZH04,Zhiyuan Ma (马之元),58,121,2017,2026,2.461487603305785,3.4683471074380168,9
2011ETTE01,Lucas Etter,52,121,2011,2020,2.067190082644628,2.7216528925619836,9
2016HOUN01,Joshua Hounslow,48,121,2017,2026,1.9254545454545453,2.939917355371901,9
2016ARRE02,César Abraham Briones Arreola,47,121,2016,2025,2.405289256198347,3.3064462809917354,9
2018MURR03,Jasper Murray,46,121,2018,2026,1.8206611570247935,2.724793388429752,8
2019PILH01,Jonas Pilhöfer,50,121,2020,2026,1.7749586776859505,2.5749586776859505,6
2022OZSV04,Rex Ozsvath,75,121,2022,2026,3.0188429752066113,4.175454545454546,4
2022PINE05,Cristhian Damián Fernández Pineda,69,121,2022,2026,3.450578512396694,4.511487603305785,4
2023SUAR08,Dereck Samuel Marin Suarez,58,121,2023,2026,2.2184297520661156,3.2142148760330578,3
2023RADO01,Levente Radovics,57,121,2023,2026,2.516611570247934,3.5037190082644627,3
2023PAST01,Alexander Pastirčák,52,121,2023,2026,2.3917355371900824,3.2499173553719007,3
2010WHIT05,Zachary White,68,120,2010,2026,3.3301666666666665,4.4245833333333335,16
2012LEWI01,Phillip Lewicki,61,120,2012,2025,2.7498333333333336,3.9254166666666666,13
2013BARC03,Wojciech Barciaga,62,120,2013,2025,2.9636666666666667,4.06125,12
2014SADN01,Mert Sağdınç,45,120,2014,2026,3.1939166666666665,4.335,12
2013LEJE03,Kennan LeJeune,50,120,2013,2024,2.0005,3.04875,11
2018MACK04,Shaun Mack,59,120,2019,2026,1.6841666666666666,2.5189166666666667,7
2018ALON07,James Alonso,40,120,2019,2026,1.4318333333333333,1.9073333333333333,7
2018FOLD01,Lars Johan Folde,57,120,2020,2026,3.516,4.671416666666667,6
2021FOST01,Jaxon Foster,56,120,2021,2026,3.076916666666667,4.208666666666667,5
2021SOKO03,Roman Sokolovskyi,56,120,2021,2026,2.5782499999999997,3.7855,5
2022CLIN01,Kian Cline,60,120,2022,2026,2.5478333333333336,3.79425,4
2022VERA02,Dante Navarro Vera,56,120,2022,2026,1.70175,2.3735,4
2022PHAN03,Nigel Phang,44,120,2022,2026,1.0888333333333333,1.5709166666666665,4
2023LOPE06,Ian Yazid Zavala,49,120,2023,2026,1.9143333333333332,2.79375,3
2014RAPO01,Tommaso Raposio,67,119,2014,2026,4.1895798319327735,5.732605042016806,12
2016CAST48,Timothy Castle,67,119,2016,2025,2.6123529411764705,3.5414285714285714,9
2017ENGB01,Bryan Eng,54,119,2017,2026,1.4729411764705882,2.090588235294118,9
2017NETO02,Sofía Guerrero Neto,79,119,2017,2025,4.7737815126050425,6.297310924369748,8
2018CARR07,Sebastian Carrillo,58,119,2018,2026,2.3074789915966383,3.170756302521008,8
2018WROT01,Brayden Wroten,54,119,2018,2026,1.9065546218487395,2.8136134453781514,8
2019KEDZ01,Adam Kędziorski,63,119,2019,2026,2.3576470588235297,3.5052100840336133,7
2019GAOY01,Yuki Gao,44,119,2019,2026,1.5022689075630253,2.1272268907563023,7
2023ALLE01,Harry Allen,45,119,2023,2026,1.8663865546218488,2.536470588235294,3
2013KACZ01,Oskar Kaczmarek,73,118,2013,2026,3.8299152542372883,4.853220338983051,13
2016OBRE01,Piero Alessandro Laguna Obregon,65,118,2016,2026,3.635593220338983,5.129745762711864,10
2016WOOD01,Nolan Wood,50,118,2016,2026,1.7807627118644067,2.4766949152542375,10
2016MUNO15,Angel Muñoz,46,118,2016,2026,2.2233898305084745,2.9440677966101694,10
2017TRAN25,Celine Tran,53,118,2017,2026,3.355677966101695,4.771016949152543,9
2018WANG35,Guanbo Wang (王冠博),53,118,2018,2026,1.9759322033898306,2.8104237288135594,8
2022SKAL01,Emanuel Skålberg,55,118,2022,2026,2.3253389830508473,3.282457627118644,4
2022KOPE01,Atilla Kopecky,49,118,2022,2026,2.9461016949152543,4.024661016949152,4
2023NESI01,David Nesiba,55,118,2023,2026,2.5207627118644065,3.752372881355932,3
2023JAKO04,Jakub Jakoubek,48,118,2023,2026,2.1272881355932203,2.984237288135593,3
2011MAHT02,Natthaphat Mahtani (ณัฐภัทร จี มาทานี),58,117,2011,2026,2.056923076923077,2.9454700854700855,15
2011MELI01,Artem Melikian (Артем Мелікян),53,117,2011,2025,3.908034188034188,5.195213675213675,14
2013SAYP01,Pablo Say,47,117,2013,2026,4.211282051282051,5.7618803418803415,13
2016ZATR01,Tomáš Zatroch,53,117,2016,2026,2.6177777777777775,3.992051282051282,10
2015WANG09,Kai-Wen Wang (王楷文),48,117,2015,2025,2.1704273504273504,3.3237606837606837,10
2017LARS03,Michael Larsen,66,117,2017,2026,2.4317094017094014,3.3214529914529916,9
2016LIPS01,Adriano Matoba Lipski,53,117,2016,2025,2.66991452991453,3.9182905982905982,9
2017PINT05,Josias Milan Sirpa Pinto,62,117,2018,2026,3.5634188034188035,5.05017094017094,8
2018GRAI01,Aidan Grainger,52,117,2018,2026,2.674188034188034,3.831538461538462,8
2018RUSH01,Daniel Rush,51,117,2019,2026,2.1444444444444444,3.1046153846153848,7
2021DOHE02,Kalin Doherty,49,117,2021,2026,1.4835042735042734,2.0850427350427347,5
2023LARR09,Aitor Ibañez Larrea,43,117,2023,2026,1.6072649572649573,2.336923076923077,3
2008SIMO02,Nicolò Simone,55,116,2008,2026,3.576379310344828,4.798362068965518,18
2008KLUN01,Vidar Norstein Klungre,63,116,2008,2025,4.259568965517241,6.085258620689655,17
2013CONT01,Oscar Alberto Ceballos Contreras,61,116,2013,2025,4.0087931034482756,5.7861206896551725,12
2014BAIR01,Ray Bai,59,116,2014,2026,2.4226724137931037,3.4931896551724138,12
2013BRIT01,Gustavo Penaforte Brito,46,116,2013,2024,2.4247413793103445,3.6399137931034486,11
2016GARC47,Miguel Ángel González-Herrero García,49,116,2016,2026,2.001034482758621,2.862931034482759,10
2016GONG02,Andy Gong,45,116,2016,2026,1.692844827586207,2.49051724137931,10
2017CHAM02,Anael Champion,50,116,2017,2026,1.7207758620689655,2.4606896551724136,9
2023CASA08,Thomas Cabezas,69,116,2023,2026,3.4811206896551723,4.814224137931035,3
2023BELT07,Manuel Francisco Beltrán,57,116,2023,2026,2.42301724137931,3.3173275862068965,3
2008PLAC01,Niki Placskó,84,115,2009,2020,6.34408695652174,7.442260869565217,11
2015CHOK01,Mohamed Ben Driss Chokri,66,115,2015,2026,4.159565217391304,5.452173913043478,11
2009MORI05,Paolo Moriello,55,115,2009,2019,3.7224347826086954,5.326173913043478,10
2015CALD02,Kymberlyn Calderon,55,115,2015,2025,1.8235652173913044,2.561826086956522,10
2016LIJI05,Jiazhou Li (李佳洲),43,115,2016,2026,1.4005217391304348,2.0382608695652173,10
2019ECKE02,Ryan Eckersley,55,115,2019,2026,3.3715652173913044,4.860869565217391,7
2021LOPE03,Diego Alejandro Camelo López,66,115,2021,2026,3.522869565217391,4.806,5
2022CHIA12,Ismaele Chiarella,52,115,2022,2026,2.5727826086956522,3.9001739130434783,4
2023LAEE01,Eetu Lae,44,115,2023,2026,2.6603478260869564,3.6077391304347826,3
2011MAAS01,Alex Maass,66,114,2011,2026,3.059122807017544,4.409473684210527,15
2012QIUR01,Ruohan Qiu (邱若寒),64,114,2012,2026,3.3660526315789476,4.748070175438596,14
2013JANK02,Tomas Jankauskas,52,114,2013,2025,3.2921929824561404,4.561315789473684,12
2014HOWL02,Tyler Howlett,58,114,2014,2025,2.3911403508771927,3.268859649122807,11
2016LANG12,Fred Lang,54,114,2016,2026,3.0271929824561408,4.007280701754386,10
2017MACH03,Chenhao Ma (马晨皓),50,114,2017,2026,1.7224561403508774,2.3903508771929824,9
2018STAM01,Lucas Stambaugh,70,114,2018,2026,3.2297368421052632,4.400263157894737,8
2019DARK02,Keenan Darkins,62,114,2019,2026,2.8214035087719296,4.01,7
2014CAGN01,Kévin Cagnon,47,114,2014,2019,2.3453508771929825,3.027017543859649,5
2024RICC01,Riccardo Fiumefreddo,49,114,2024,2026,2.200701754385965,3.085526315789474,2
2007POLK01,Adam Polkowski,76,113,2007,2025,4.571150442477876,5.632654867256638,18
2008CHOI04,Ilkyoo Choi (최일규),89,113,2009,2026,5.201858407079645,6.9964601769911505,17
2010CORM02,Louis Cormier,45,113,2010,2026,2.6632743362831857,3.72,16
2007YUNQ01,Yunqi Ouyang (欧阳韵奇),61,113,2007,2021,3.553628318584071,4.758053097345132,14
2012SOLH02,Jonatan Solheim,44,113,2012,2025,2.8829203539823007,4.143893805309735,13
2017LONG14,Tee Kai Long,68,113,2017,2026,2.843451327433628,3.935840707964602,9
2016GONZ52,Gabriel Santiago Velez Gonzalez,57,113,2016,2025,2.873274336283186,4.039026548672567,9
2018RIDA01,Zach Ridall,63,113,2018,2026,2.7871681415929204,3.9749557522123897,8
2018LASS02,Silas Kampp Richter Lassen,62,113,2018,2026,2.9648672566371683,4.168407079646018,8
2012BERG04,Nathaniel Berg,58,113,2012,2019,3.6301769911504422,4.673274336283186,7
2012WOLN01,Jakub Wolniewicz,46,113,2012,2018,2.5026548672566373,3.369734513274336,6
2022HINC01,Felix Hincks,45,113,2022,2026,2.680796460176991,3.5598230088495573,4
2023DARL03,Hubert Darłak,61,113,2023,2026,2.369911504424779,3.556991150442478,3
2008REMO01,Jedrick Remonde,54,112,2008,2026,3.2997321428571427,4.578839285714286,18
2009WHIT01,Ben Whitmore,46,112,2009,2025,2.3204464285714286,3.2140178571428573,16
2014PAST03,Daniel Ortega Pastor,64,112,2014,2025,3.467589285714286,5.081785714285714,11
2015NIMA04,Ojas Nimaje,51,112,2015,2026,2.469732142857143,3.3675892857142857,11
2016WILH03,Declan Wilhelm,65,112,2016,2026,2.4263392857142856,3.489910714285714,10
2016TRAG01,Parker Trager,61,112,2016,2026,2.0600892857142856,2.9858928571428573,10
2016SANT66,João Vinícius Santos,59,112,2016,2026,3.3238392857142856,4.410803571428572,10
2015LASS03,Brody Lassner,46,112,2015,2025,2.1896428571428572,3.014464285714286,10
2016SORI04,Luigi Soriano,49,112,2016,2025,1.7091964285714287,2.3620535714285715,9
2018FOST03,Ashley Foster,50,112,2018,2026,2.2287500000000002,3.2723214285714284,8
2018CAST17,Isaac Vergara Castillo,44,112,2018,2026,2.6405357142857144,3.5291071428571428,8
2019KALL02,Herman Westerlund Kalland,42,112,2019,2026,1.829732142857143,2.7083035714285715,7
2021SCHE03,Bosse Schelander,46,112,2021,2026,2.6616964285714286,3.6818750000000002,5
2023SHOJ01,Dominic Shoji,54,112,2023,2026,1.6870535714285713,2.475892857142857,3
2004KRIG01,Gunnar Krig,65,111,2004,2017,4.517297297297297,5.846936936936937,13
2014BARB07,Francisco Montañés Barbudo,89,111,2015,2026,6.606936936936937,9.306396396396396,11
2016HOUG03,Daniel Houghton,83,111,2017,2026,5.875315315315315,7.68027027027027,9
2016KAMA04,AJ Kamal,53,111,2016,2025,2.1804504504504503,3.083873873873874,9
2017LEMB02,Mikus Lembergs,45,111,2017,2026,2.357927927927928,3.3164864864864865,9
2016SHEL03,Lukas Shelley,43,111,2016,2021,2.075135135135135,2.8155855855855854,5
2021WONG02,Aaron Jake Wong,57,111,2022,2026,2.25981981981982,3.2472072072072073,4
2022NEVE01,Kaique de Oliveira Neves,44,111,2022,2026,1.7742342342342343,2.5824324324324324,4
2022STON09,Sebastian Stone,61,111,2023,2026,1.9311711711711712,3.028018018018018,3
2023GUOK01,Kaixi Guo (郭铠希),45,111,2023,2026,1.58981981981982,2.318378378378378,3
2023VIDI02,Oskar Vidiček,45,111,2023,2026,2.2535135135135134,3.293783783783784,3
2010AGUI04,Pablo Aguilar Dominguez,47,110,2010,2025,3.285636363636364,4.373454545454545,15
2013HANU01,Hubert Hanusiak,84,110,2013,2026,3.7543636363636366,4.944454545454545,13
2014USER01,Rocío Fernández Usero,80,110,2014,2026,6.619909090909092,8.990636363636364,12
2014MAGA02,Benjamin Sanchez Magaña,45,110,2014,2026,1.942818181818182,2.896090909090909,12
2015GOVI01,Dylan Govic,64,110,2015,2026,3.145090909090909,4.293818181818182,11
2015OAKK01,Kunal Oak,46,110,2015,2026,2.7680000000000002,3.7764545454545457,11
2016HARP02,Nico Harper (李有為),60,110,2016,2025,2.4850000000000003,3.7547272727272727,9
2017SUKH02,Ihor Sukhovatenko (Ігор Суховатенко),51,110,2017,2026,2.671181818181818,3.5007272727272727,9
2017OSTD02,Jason Ostdiek,73,110,2018,2026,2.8409999999999997,3.957909090909091,8
2018BASA03,Jose Basaes,50,110,2018,2026,2.0542727272727275,2.7693636363636362,8
2017WURY01,Ryan Wu,48,110,2017,2025,1.8647272727272728,2.722545454545455,8
2019BURK05,Rían Burke,47,110,2019,2026,2.7615454545454545,3.986727272727273,7
2022CUBI01,Shanty Rodríguez,65,110,2022,2026,3.391818181818182,5.120727272727272,4
2023RODR80,Axel Juan Pablo Moreno Rodriguez,70,110,2023,2026,4.080454545454546,5.5485454545454544,3
2022FEDE01,Alwin Federsel,41,110,2022,2025,1.4104545454545454,2.058727272727273,3
2012SEVE01,Ainesh Sevellaraja,48,109,2012,2026,2.063302752293578,2.9755045871559633,14
2016DIET01,Amélie Dieterich,64,109,2016,2026,4.0505504587155965,5.33211009174312,10
2017PETE04,Tripp Peters,67,109,2017,2026,3.346146788990826,4.76743119266055,9
2017OTOO03,Seán O'Toole,59,109,2017,2026,3.542110091743119,4.906146788990825,9
2016BRAV03,Cristóbal Opazo Bravo,56,109,2017,2026,3.2925688073394492,4.297706422018349,9
2017CHAN44,Vincent Chan,54,109,2017,2026,2.2685321100917433,3.530366972477064,9
2018WANG39,Yibo Wang (王奕博),50,109,2018,2026,2.4413761467889907,3.3701834862385325,8
2012ZABR01,Ivan Zabrodin,49,109,2012,2018,3.2697247706422017,4.368899082568807,6
2022OZYN01,Stanisław Ożyński,60,109,2022,2026,2.353394495412844,3.2925688073394492,4
2011ANNE01,Edoardo Annesi,45,108,2011,2025,2.8220370370370373,3.839259259259259,14
2014MUTC01,Alex Mutch,69,108,2014,2025,3.6642592592592593,5.141944444444444,11
2015RUSN01,Ethan Rusnak,57,108,2015,2026,2.379351851851852,3.371388888888889,11
2016POUS01,Fanny Pousset,65,108,2016,2026,3.650462962962963,4.715,10
2014YELI01,Maksym Yeli (Максим Єлі),43,108,2014,2024,2.7655555555555558,3.75,10
2018AUBR01,Étienne Aubry,71,108,2018,2026,3.656018518518519,4.9329629629629625,8
2016RODR37,Angel Jesus Panebra Rodriguez,47,108,2016,2024,3.1800925925925925,4.418981481481482,8
2018BOND03,Pavlo Bondar (Павло Бондар),48,108,2018,2025,2.2735185185185185,3.2708333333333335,7
2019GIOR02,Marco Giordano,41,108,2021,2026,1.5884259259259261,2.272314814814815,5
2023CREA02,Christian Crea,45,108,2023,2026,2.0276851851851854,2.9275925925925925,3
2010PULC01,Ernie Pulchny,82,107,2010,2026,4.0897196261682245,5.6117757009345794,16
2009KITM01,Mok Man Kit (莫文傑),65,107,2009,2025,3.750841121495327,4.814859813084111,16
2013TITO02,Georgiy Titov (Георгій Тітов),57,107,2013,2026,4.361682242990654,6.21588785046729,13
2015VIRA02,Azhar Virani,57,107,2015,2026,3.2875700934579437,4.183551401869159,11
2011DWYE02,Nathan Dwyer,54,107,2011,2022,3.4895327102803737,4.927476635514019,11
2008JONG03,Jong-Ho Jeong (정종호),51,107,2008,2019,2.6565420560747666,3.652336448598131,11
2016GONC02,Henrique Coelho,43,107,2016,2026,2.7689719626168223,3.846635514018691,10
2017KLEI02,Luis Kleinheinz,61,107,2017,2026,3.769626168224299,5.351308411214953,9
2015MAJE01,Marek Majerik,48,107,2015,2024,2.921495327102804,4.062429906542056,9
2016BITZ01,Carter Bitz,47,107,2016,2025,2.4763551401869157,3.435327102803738,9
2016OCHS01,Zachary Ochs,47,107,2016,2025,1.7279439252336448,2.5272897196261686,9
2018KHAN27,Ibrahim Khanani,63,107,2018,2026,2.85411214953271,3.755233644859813,8
2019CORO04,Giacomo Daniele Corò,45,107,2019,2026,2.4855140186915885,3.5891588785046733,7
2010GOLD01,Zach Goldman,79,106,2010,2025,3.6574528301886793,5.109811320754717,15
2012GAOK01,Kaiyang Gao (高凯阳),66,106,2012,2026,3.648490566037736,4.854245283018868,14
2012LAHL01,Fabian Löhle,55,106,2012,2026,3.4999056603773586,4.8964150943396225,14
2013SUNY02,Yongtao Sun (孙永涛),78,106,2013,2026,4.795849056603774,5.871981132075471,13
2015SRIN02,Swami Srinivasan,71,106,2015,2026,4.937547169811321,6.61622641509434,11
2015CHAL01,Helar Gomez Chalco,58,106,2015,2026,4.515377358490566,6.139905660377359,11
2009GARR01,José Garrido,50,106,2009,2020,3.538679245283019,4.781320754716981,11
2015BANA01,Raúl Banacloche Biot,48,106,2015,2026,3.6090566037735847,4.650754716981132,11
2017BENN09,Mark Bennis,62,106,2017,2026,3.7187735849056605,5.28745283018868,9
2017KIMM01,Asher Kim-Magierek,48,106,2017,2026,1.795943396226415,2.6789622641509436,9
2011CUBA02,Ernesto Gutiérrez Cuba,50,106,2011,2018,3.239811320754717,4.3079245283018865,7
2021PIER01,Thomas Pierroz,59,106,2021,2026,2.7167924528301888,3.82688679245283,5
2022MARC05,Radosław Marcinek,50,106,2022,2026,1.590188679245283,2.4302830188679247,4
2022VIDE02,Dante Videfrost,48,106,2022,2026,2.6204716981132075,3.73188679245283,4
2022GERD01,William Gerdin,44,106,2022,2026,2.1834905660377357,3.4056603773584904,4
2022SALA09,Aarni Salakari,43,106,2022,2026,2.9228301886792454,4.0930188679245285,4
2022RUDA02,Roman Rudakov,39,106,2022,2026,1.4268867924528301,2.060377358490566,4
2023MAGA09,Juan Miguel Y. Magallanes,76,106,2023,2026,1.7714150943396227,2.500566037735849,3
2023FOXM01,Monty Fox,42,106,2023,2026,2.3337735849056602,3.249433962264151,3
2023ROBI10,Daniel Robinson,41,106,2023,2026,1.5860377358490567,2.2549056603773585,3
2010VALO01,Clément Valot,71,105,2011,2026,4.067333333333333,5.3779047619047615,15
2010BRAD01,Drew Brads,44,105,2010,2025,2.0460000000000003,2.9461904761904765,15
2012BARA03,Vladislavs Baranovs,51,105,2012,2026,3.534095238095238,4.974857142857143,14
2011CICH01,Mateusz Cichoracki,77,105,2011,2024,4.210380952380953,5.512380952380952,13
2011SCHU06,Sam Schultz,63,105,2011,2022,3.374761904761905,4.684857142857143,11
2014DHAN01,Chetan Roger Dhanjal,46,105,2014,2025,2.9746666666666663,3.976285714285714,11
2016GOHN01,RJ Gohn,55,105,2016,2026,3.048095238095238,4.051619047619048,10
2016VINC03,Justin Vinckenbosch,52,105,2016,2026,2.728857142857143,3.7613333333333334,10
2016HYTT01,Kari Hyttinen,38,105,2016,2026,2.4817142857142858,3.5360000000000005,10
2017MINA04,Hannah Minas,82,105,2017,2026,4.950285714285714,6.901142857142857,9
2017DIKY01,Yinte Dik,66,105,2017,2026,4.634857142857143,5.88247619047619,9
2016BARO04,Ben Baron,42,105,2016,2025,1.748,2.515047619047619,9
2018PARI07,Parist Pariyakanok (พริษฐ์ ปริยกนก),49,105,2018,2026,2.287714285714286,3.1255238095238096,8
2018RIMI01,Flavio Rimi,43,105,2018,2026,2.416,3.2904761904761903,8
2019KUCA01,Lisa Kucala,80,105,2019,2026,6.888571428571428,8.60104761904762,7
2019PHEL01,Elijah Rain Phelps,49,105,2019,2026,2.071904761904762,2.869238095238095,7
2022SAMS03,Ignacy Samselski,48,105,2022,2026,1.6172380952380954,2.341809523809524,4
2022CALD07,Noah Calderon-Kamata,41,105,2022,2026,1.6601904761904762,2.281142857142857,4
2023HAMI08,Jack Hamilton,53,105,2023,2026,2.9021904761904764,3.836190476190476,3
2007WOOR01,Riley Woo,63,104,2011,2024,2.9541346153846155,4.146346153846154,13
2010JANG01,Jr-Wei Jang (張智瑋),63,104,2010,2022,3.7503846153846156,5.061153846153847,12
2015COHE02,Alex Cohen,92,104,2015,2026,4.337884615384615,6.145673076923076,11
2013SUCH02,Chengming Su (苏成明),49,104,2013,2024,3.1114423076923075,4.280576923076923,11
2015ACHA01,Leon Achata,43,104,2015,2026,2.1802884615384617,3.1444230769230765,11
2015BRAG01,Angela Braganza,50,104,2015,2025,2.9159615384615383,3.960384615384615,10
2015KUND04,Vojtěch Kundera,49,104,2015,2025,2.991442307692308,4.063365384615384,10
2017GONZ21,Miguel Gonzaga,57,104,2017,2026,2.7867307692307692,3.7495192307692307,9
2010LACH01,James LaChance,54,104,2010,2019,4.240865384615384,5.706826923076923,9
2017MCKE02,Aidan McKenzie,53,104,2017,2026,2.4898076923076924,3.3040384615384615,9
2017LUND06,Joel Lundström,52,104,2017,2026,2.7609615384615385,3.9511538461538462,9
2017LAMB06,Andreas Lambropoulos,49,104,2017,2026,2.1649038461538463,3.0516346153846152,9
2017CAIZ03,Zijian Cai (蔡子健),44,104,2017,2026,1.8939423076923076,2.7500961538461537,9
2018KEAR02,Caleb Kearney,59,104,2018,2026,2.8884615384615384,3.897307692307692,8
2010WANG68,Bill Wang,39,104,2011,2019,1.971826923076923,2.7290384615384613,8
2019BRUN02,Claudio Matias Cancino Bruna,53,104,2019,2026,2.604230769230769,3.7203846153846154,7
2022ORBA01,András Orbán,41,104,2022,2026,1.5414423076923076,2.2110576923076923,4
2006PIRZ01,Markus Pirzer,97,103,2006,2026,9.161747572815534,11.524854368932038,20
2013JEZI01,Szymon Jeziorski,53,103,2013,2025,2.9842718446601944,3.9914563106796117,12
2016AREF01,Aleksander Arefiew,68,103,2016,2026,3.259126213592233,4.5674757281553395,10
2017DURE01,Ryan Durette,79,103,2017,2026,3.3849514563106795,4.733495145631068,9
2017HANS17,Lucas Hansen,69,103,2017,2026,4.613009708737864,6.167087378640777,9
2017STRA03,Kyle Van Straaten,51,103,2017,2026,2.3784466019417474,3.242233009708738,9
2017SWOR01,Noah Swor,47,103,2017,2026,1.8321359223300973,2.7246601941747572,9
2016RAMO01,Klaus Ramos,67,103,2018,2025,3.9697087378640776,5.070194174757281,7
2019NOBI01,Jacob Nobili,55,103,2019,2026,2.6049514563106797,3.5659223300970875,7
2012KRIS11,Michael Kristel,58,103,2012,2018,5.336796116504853,7.081067961165049,6
2022BARN21,August Barnard,55,103,2022,2026,2.9567961165048544,4.016990291262136,4
2022HUGH04,Ryan Hughes,51,103,2022,2026,2.270970873786408,3.306019417475728,4
2022GOME02,Martín González Gómez,50,103,2022,2026,2.9472815533980583,3.9233980582524275,4
2023BENN04,Jacob Bennett,43,103,2023,2026,1.5877669902912621,2.2833980582524274,3
2011MIKE01,Brandon Mikel,75,102,2011,2024,5.151568627450981,7.012745098039216,13
2015TRAC01,Olivia Trace,54,102,2015,2026,2.4903921568627454,3.3429411764705885,11
2015STEV03,Ethan Stevens,43,102,2015,2026,2.272843137254902,3.263529411764706,11
2014BUEH01,Manuel Bühler,58,102,2014,2024,3.400098039215686,4.669411764705882,10
2015WOJC02,Michał Wojcieszek,49,102,2015,2025,2.6665686274509803,3.5857843137254903,10
2015LUND03,Einar Kvam Lundberg,42,102,2015,2025,2.969313725490196,4.208431372549019,10
2017NOKE01,Jacob Nokes,46,102,2017,2026,2.7641176470588236,3.716470588235294,9
2007LIME01,Eric Limeback,45,102,2007,2016,3.7093137254901962,4.9473529411764705,9
2019BONE03,Antonio Bonessi,52,102,2020,2026,2.2734313725490196,3.0241176470588234,6
2020TAOR01,Richard Yiheng Tao,40,102,2020,2026,1.7279411764705883,2.450686274509804,6
2021VITA01,Kaemon Vita,51,102,2021,2025,2.603627450980392,3.7151960784313722,4
2022ESKE01,Niilo Eskelinen,39,102,2022,2026,2.675294117647059,3.9313725490196076,4
2014BART06,Jakub Bartos,58,101,2014,2026,2.7314851485148512,3.855742574257426,12
2015GREI01,Daniel Greigg,56,101,2015,2026,2.5543564356435646,3.415643564356436,11
2015HERN17,Artur Miralles Hernàndez,47,101,2015,2026,3.178910891089109,4.214356435643564,11
2013MARC05,Vako Marchilashvili (ვაკო მარჩილაშვილი),44,101,2015,2026,1.537227722772277,2.1977227722772277,11
2016QUAN03,Tam Quan,53,101,2016,2026,3.1651485148514853,4.544653465346535,10
2015XIET01,Tim Xie,45,101,2015,2025,2.0586138613861387,3.005247524752475,10
2015MLOS01,Michał Mlostek,60,101,2015,2024,3.1231683168316833,4.491980198019802,9
2016HARL01,Jason Harley,52,101,2017,2026,3.3217821782178216,4.306435643564356,9
2015IACO01,Davi de Andrade Iácono,47,101,2015,2024,4.1551485148514855,6.287821782178218,9
2017PALI04,Inigo Miguel B. Palisoc,59,101,2018,2026,2.1675247524752472,3.095742574257426,8
2018TILL02,Jean-Charles Tillit,58,101,2018,2026,3.598316831683168,5.025643564356435,8
2017EXNE01,Ida Exner,56,101,2018,2026,4.038316831683169,5.625445544554455,8
2018LAPE01,Gael Augusto Lapeyre,46,101,2018,2026,1.805049504950495,2.6132673267326734,8
2018ARNE04,Davide Arnesano,45,101,2018,2026,2.631881188118812,3.85029702970297,8
2018HENN02,Baptiste Hennuy,44,101,2018,2026,3.1342574257425744,4.093663366336633,8
2016LAUR01,Linus Laurén,37,101,2016,2024,1.8273267326732674,2.6835643564356437,8
2019NATS02,Namuun Natsagdorj,46,101,2019,2026,2.6612871287128717,3.751287128712871,7
2016FERN07,Javier López Fernández,39,101,2016,2023,2.891089108910891,4.279999999999999,7
2020ARCH01,Nicholas Archer,41,101,2020,2026,1.7248514851485148,2.382673267326733,6
2021SCHW01,Jacob Schwartz,54,101,2021,2026,2.3763366336633664,3.2542574257425745,5
2021FINK02,Ronan Finke,46,101,2021,2026,2.7120792079207923,4.318712871287128,5
2022TOMA05,Majk Tomas,62,101,2022,2026,2.9647524752475247,4.178910891089108,4
2018SAND22,Einar Martin Sandvik,54,101,2022,2026,4.281287128712871,5.802178217821782,4
2022DOMI02,Blanca Hidalgo Domingo,47,101,2022,2026,3.32,4.357128712871287,4
2022SILV08,Luan Philippe Da Silva,39,101,2022,2026,2.091782178217822,2.996336633663366,4
2022JAHA03,Alim Jahangırov,37,101,2022,2026,3.116336633663366,4.035841584158416,4
2023JAGT01,Dhruva Nikhil Jagtap,46,101,2023,2026,1.7347524752475247,2.323861386138614,3
2022CHEN37,Caleb Chen,44,101,2023,2026,1.2813861386138612,1.9249504950495049,3
2010KRYU01,Dmitry Kryuzban,57,100,2010,2025,3.3695,4.8886,15
2012KRIS04,Velidi Venkata Jagan Mohana Murali Krishna,63,100,2012,2026,4.7799000000000005,6.498099999999999,14
2011WANG52,Xiaowei Wang (王晓伟),47,100,2011,2025,3.1362,4.1698,14
2013CHEN22,Victor Chenu,47,100,2013,2026,2.9082,4.1237,13
2014SRIV05,Somya Srivastava,99,100,2014,2026,11.5826,14.3391,12
2014WENW01,Wong Chong Wen (黄崇文),66,100,2014,2026,3.0293,4.2459,12
2013FERT01,Louis Fertier,60,100,2014,2026,3.6167000000000002,5.1947,12
2014CAIJ02,Jack Cai,60,100,2014,2026,3.8479,5.1836,12
2014BAUD02,Maxence Baudry,58,100,2014,2025,3.4621,4.7127,11
2008WEST02,Simon Westlund,44,100,2008,2019,2.8777,4.0224,11
2014RENW01,William Gan Wei Ren (颜伟仁),58,100,2015,2025,3.3484,4.6628,10
2017KUNA01,Linus Kunath,55,100,2017,2026,3.7510000000000003,5.0424,9
2016CALI04,Daniel C. Bedoya,52,100,2016,2025,3.5685000000000002,4.8273,9
2016GUTI23,Daniel Gutierrez,48,100,2016,2025,2.1407,3.1574,9
2017TOST01,Alexander Tosting,37,100,2017,2026,2.2088,3.0888999999999998,9
2019CUTT01,Elizabeth Cutting,51,100,2019,2026,3.4166000000000003,4.5361,7
2018JUNT01,Tan Jun (陈俊),44,100,2018,2025,2.7591,3.9569,7
2022KLOF01,Klas Klöfver,67,100,2022,2026,4.047,5.6547,4
2020LONG05,Shain Papalotl Longbehn,59,100,2022,2026,3.6679000000000004,4.9387,4
2023ZALA03,Gergő Zalán Molnár,43,100,2023,2026,1.7621,2.6652,3
2014SALA15,Luis Sinhue Medina Salas,47,99,2014,2026,3.4252525252525254,4.694747474747475,12
2015PESC01,Eric Pesci,49,99,2015,2026,2.3956565656565654,3.3247474747474746,11
2014ARGA02,Jefferson Durango,48,99,2014,2025,2.8896969696969697,4.036666666666666,11
2016TYBE01,Andrew Tyberg,57,99,2016,2026,3.74020202020202,4.833434343434344,10
2016SUZU03,Andrés Hisashi Suzuki Cabrera,42,99,2016,2026,3.099090909090909,4.138787878787879,10
2018ADAM06,Brayden Adams,50,99,2018,2026,2.3941414141414143,3.202222222222222,8
2018SMIT37,Conor Smith,50,99,2018,2026,3.3103030303030305,4.747878787878788,8
2017NORT02,Joe Norton,48,99,2018,2026,2.2584848484848483,3.241212121212121,8
2016CETR01,Joel Cetra,42,99,2016,2024,2.1440404040404037,3.052828282828283,8
2017XURU04,Ruihang Xu (许瑞航),41,99,2017,2025,1.9333333333333333,2.6885858585858586,8
2013KOSK01,Jonatan Kłosko,50,99,2013,2020,2.917373737373737,4.151818181818181,7
2019BENC04,Ariel Benchetrit,47,99,2019,2026,3.265454545454545,4.307777777777778,7
2022GOME12,Marco Criado Gómez,40,99,2022,2026,2.0871717171717172,3.0376767676767678,4
2023LIND07,Frank Lindblom,38,99,2023,2026,1.6134343434343432,2.3795959595959597,3
2013VIDA03,Dominik Vidaković,45,98,2013,2026,3.2472448979591837,4.411428571428571,13
2015BOLT01,Matej Bolta,43,98,2015,2026,2.9896938775510207,4.2765306122448985,11
2016MART09,Eduardo Antonio Lara Martínez,49,98,2016,2026,3.393673469387755,4.368469387755102,10
2015KANS01,Magnus Patrick Kanstrup,48,98,2015,2025,3.0395918367346937,4.131938775510204,10
2017WANY29,Yifan Wang (王逸帆),66,98,2017,2026,3.7331632653061226,5.173469387755102,9
2018HORD01,Vladyslav Hordiienko,49,98,2018,2026,2.7110204081632654,3.7894897959183673,8
2021BACK01,Jack Larsson Backsell,36,98,2021,2026,2.184795918367347,3.1790816326530615,5
2022OTTO01,Mateusz Otto,50,98,2022,2026,2.2857142857142856,3.2815306122448975,4
2022GONC01,Mariana Castro,44,98,2022,2026,3.16,4.159591836734694,4
2022MACC01,Evan Maccagnan,40,98,2022,2026,2.5579591836734696,3.5415306122448977,4
2022LONN02,Fabian Lönnkvist,39,98,2022,2026,2.2985714285714285,3.5794897959183674,4
2023SZCZ04,Antoni Szcześniak,68,98,2023,2026,3.183367346938776,4.52469387755102,3
2023ZAST01,Szymon Zastawny,43,98,2023,2026,1.856734693877551,2.719489795918367,3
2009TORO03,Ágoston Török,66,97,2009,2026,4.691030927835051,6.397938144329897,17
2009SANT01,Simone Santarsiero,68,97,2009,2025,4.846701030927835,5.565670103092784,16
2011GONZ04,Javier Gonzalez-Napoleoni,62,97,2011,2026,3.447319587628866,4.458556701030928,15
2011SIMO02,Fabian Simon,49,97,2011,2026,4.23639175257732,5.66020618556701,15
2009METH01,Brady Metherall,51,97,2010,2024,4.270103092783505,5.5639175257731965,14
2013PANT01,Mihnea Andrei Panţu,54,97,2013,2026,2.719278350515464,3.614742268041237,13
2015JENK02,Oliver Jenks,57,97,2015,2026,3.6583505154639178,6.105154639175258,11
2015ARCE04,Maider Arce López de Ipiña,55,97,2015,2026,4.512164948453608,5.9772164948453606,11
2015GONZ08,Biel Salmons Gonzalez,41,97,2015,2026,2.7619587628865983,3.7416494845360826,11
2016CARD06,Felipe Cardim,50,97,2016,2026,3.053505154639175,4.257731958762887,10
2017HERM01,Daniel Anker Hermansen,54,97,2017,2026,3.920103092783505,5.387525773195876,9
2018GOME29,Frederico Canal Gomes,52,97,2018,2026,2.1707216494845363,3.0339175257731963,8
2017TRUC02,Jonathan Truchot,51,97,2017,2025,2.7156701030927834,3.769175257731959,8
2018SKOO01,Theo Skoog,40,97,2018,2026,2.3149484536082476,3.3327835051546395,8
2019EYOU01,Levi Eyou,43,97,2019,2026,2.19639175257732,3.154742268041237,7
2018KITA03,Jakob Kitak,40,97,2019,2026,2.216907216494845,3.347731958762887,7
2020SOLV01,Alvar Solving,40,97,2021,2026,3.1245360824742265,3.9913402061855674,5
2022GALA01,Maksymilian Gala,72,97,2022,2026,3.959896907216495,5.513505154639175,4
2022STEP04,Matt Stephenson,41,97,2022,2026,2.690515463917526,3.7827835051546392,4
2022FORS06,Bo Forsell,40,97,2022,2026,2.655051546391753,3.712577319587629,4
2023CLAR02,Carson Clark (张卡森),48,97,2023,2026,2.5971134020618556,3.792061855670103,3
2007COHE01,Dan Cohen,62,96,2007,2025,3.6015625,4.9840625,18
2012MICK01,Willi Mickein,51,96,2012,2026,4.536979166666667,6.07375,14
2012TRZA01,Piotr Trząski,67,96,2012,2025,4.139583333333333,5.2971875,13
2013MORO01,Szymon Moroń,62,96,2013,2026,3.7361458333333335,4.722083333333333,13
2015SOLT03,Witold Sołtysik,59,96,2015,2025,3.1635416666666667,4.238645833333334,10
2016INAB01,Matty Hiroto Inaba,49,96,2016,2026,2.1523958333333333,3.0889583333333337,10
2016PATT02,Nicholas Patterson,41,96,2016,2026,1.9715625,2.7881250000000004,10
2016FIOR01,Giovane Rubin Fioravanti,49,96,2016,2025,2.9647916666666667,4.097708333333333,9
2017BRAS01,Luca Brasini,49,96,2017,2026,3.374375,4.674791666666667,9
2017NGOC03,Casey Ngo,42,96,2017,2026,2.503645833333333,3.4369791666666667,9
2016LAHT01,Eemil Lahti,40,96,2016,2025,3.2159375000000003,4.2569791666666665,9
2018AZEV03,Pedro Azevedo,43,96,2018,2026,2.5394791666666667,3.443645833333333,8
2019GEAA01,Albert Garriga Gea,68,96,2019,2026,4.734583333333333,6.429895833333333,7
2019MARE07,Sula Mareska,59,96,2019,2026,3.686458333333333,4.629270833333334,7
2019NOBL01,Tom Noble,54,96,2019,2026,3.495416666666667,4.622395833333333,7
2019RIGO01,Mattia Rigo,43,96,2019,2026,3.5664583333333333,4.876041666666667,7
2017ANON13,Anonymous,40,96,2017,2023,1.9357291666666667,2.7526041666666665,6
2023YILU01,Luis Tan Hong Yi (陈宏溢),48,96,2023,2026,2.218125,3.106666666666667,3
2010SYAH03,Muhammad Syahmi,59,95,2012,2026,3.1804210526315786,4.38578947368421,14
2013VAKU01,Edward Vakula,45,95,2013,2026,2.2847368421052634,3.3165263157894738,13
2014LENI02,Konrad Leśniak,67,95,2014,2026,3.86,4.992947368421053,12
2009KORB01,Björn Korbanka,50,95,2009,2020,3.824842105263158,5.247578947368421,11
2016STEP05,Dale Palmares,69,95,2016,2026,2.9636842105263157,4.150421052631579,10
2016PATR03,Tristan Patrick,55,95,2016,2026,3.7266315789473685,5.157684210526316,10
2016HAMB01,Rick Hamburger,48,95,2016,2026,2.731263157894737,3.607473684210526,10
2017DAND01,Pranav Dandgaval,51,95,2017,2026,3.4090526315789473,4.352315789473684,9
2017OWEN01,Harry Owen,49,95,2017,2026,3.1755789473684213,4.653789473684211,9
2017VNKA01,Rūdolfs Vīnkalns,42,95,2017,2025,3.2616842105263157,4.431894736842105,8
2018PIME03,Abraham Venancio Arotinco Pimentel,41,95,2018,2026,2.7874736842105263,3.8762105263157896,8
2019RIED01,Jan Riedl,46,95,2019,2026,2.9209473684210527,4.063473684210527,7
2018DULL01,Twan Dullemond,45,95,2018,2025,2.012,2.898842105263158,7
2018ZEMT01,Maksim Zemtšihhin,41,95,2019,2026,3.0113684210526315,3.948526315789474,7
2019YAOJ01,Jerry Yao,39,95,2019,2026,1.444736842105263,2.061578947368421,7
2021WALC02,Miles Walcott,46,95,2021,2026,2.212315789473684,3.3585263157894736,5
2022TUCK09,Clem Tucker,54,95,2022,2026,2.3291578947368423,3.4953684210526315,4
2022CHIA11,Giosuele Chiarella,50,95,2022,2026,3.5728421052631583,5.006,4
2023ANDR25,Milan Vincent Andric,45,95,2023,2026,1.8602105263157895,2.746315789473684,3
2023MALO01,Quinn Maloney,42,95,2023,2026,1.3830526315789473,2.0296842105263155,3
2007GUIM01,Pedro Santos Guimarães,46,94,2007,2025,4.515638297872341,6.032127659574468,18
2010JUNL02,Leow Yi Jun (廖艺畯),68,94,2010,2026,3.4196808510638297,4.869787234042553,16
2009COLO03,Matteo Colombo,60,94,2009,2025,4.891914893617021,6.575744680851064,16
2008RODR01,Alejandro Riveiro Rodríguez,46,94,2008,2024,3.915106382978723,5.343936170212766,16
2009SEIM02,Vegard Seim Karstang,35,94,2009,2025,2.8192553191489362,3.922553191489362,16
2011SOAR01,Israel Machado Soares,41,94,2011,2025,3.057765957446809,4.1347872340425535,14
2016YEAG01,Chris Yeager,48,94,2016,2026,2.4613829787234045,3.602340425531915,10
2005ZOLN01,Tomasz Żołnowski,64,94,2005,2014,5.056489361702128,6.0844680851063835,9
2010JIMO01,Mo Ji (季默),57,94,2010,2019,4.262553191489362,5.627765957446808,9
2017PARK05,DongSoo Park (박동수),53,94,2017,2026,2.151595744680851,3.2952127659574466,9
2017TEIC01,Cyril Teichmann,47,94,2017,2026,3.215531914893617,4.2402127659574465,9
2016UKAJ01,Lir Ukaj,44,94,2016,2025,2.546276595744681,3.5224468085106384,9
2016DHIM01,Tanish Dhiman,38,94,2016,2025,1.8247872340425533,2.5113829787234043,9
2018BECK05,Cade Beck,56,94,2018,2026,3.325,4.3962765957446805,8
2019MCFE01,Emery McFeeter,58,94,2019,2026,3.6954255319148936,5.122659574468085,7
2019BORO03,Šimon Borovský,46,94,2019,2026,3.231808510638298,4.393936170212766,7
2019LENS01,Magnus Lensch,41,94,2021,2026,2.067340425531915,3.078404255319149,5
2020MCDO01,Jack McDougall,38,94,2021,2026,1.8857446808510638,2.7088297872340426,5
2022NAGA02,Yuki Nagai,53,94,2022,2026,2.5940425531914895,3.725957446808511,4
2022TOLH01,Gem Tolhurst,45,94,2022,2026,2.784468085106383,3.878085106382979,4
2022MATH11,Bjørnar Lund Mathisen,43,94,2022,2026,3.0938297872340423,4.46,4
2020REDD01,Siddharth Reddy,36,94,2022,2026,1.3355319148936171,1.8985106382978725,4
2023PRIN02,Kavin Prince,47,94,2023,2026,2.3592553191489363,3.2843617021276597,3
2023SEVE03,Ezra Severson,43,94,2023,2026,1.4302127659574468,2.0425531914893615,3
2022FRED05,Ian Cantius Fredric,42,94,2023,2026,1.4387234042553192,1.9611702127659574,3
2024COLO04,Matteo Rodríguez Colorado,56,94,2024,2026,3.6887234042553194,4.886595744680851,2
2011BROE01,Lars Van den broeck,49,93,2012,2025,4.153225806451613,5.560107526881721,13
2012MAUR01,Jonathan Mauroy,39,93,2013,2026,2.983655913978495,4.09989247311828,13
2015ZHUA01,Glen Goh Wee Zhuan (吴洧全),93,93,2016,2026,8.662150537634409,10.26268817204301,10
2016CHEU04,Andy Mok Man Cheuk (莫文卓),41,93,2016,2026,2.0188172043010755,2.9659139784946236,10
2015FAVA01,Alessandro Fava,39,93,2015,2025,2.947096774193548,3.801720430107527,10
2015ALAN02,Minea Alanen,49,93,2015,2024,3.3202150537634405,4.504516129032258,9
2015ERSO01,Can Ersoy,49,93,2015,2024,4.654838709677419,6.081612903225807,9
2017SANC24,Juan de Dios Noriega Sánchez,42,93,2017,2026,2.8268817204301073,3.7419354838709675,9
2014RAJE03,Anish Rajesh,35,93,2014,2023,2.4335483870967742,3.388387096774194,9
2013GALA04,Pavel Galaktionov,42,93,2013,2021,2.788924731182796,3.706989247311828,8
2017SARE03,Arhaan Sareen,41,93,2017,2025,1.8022580645161292,2.651182795698925,8
2018OROP01,Gamaliel Jimenez Oropeza,39,93,2018,2026,1.747204301075269,2.5538709677419353,8
2019RATS05,Mike Vidrik Rätsep,45,93,2019,2026,3.438279569892473,4.734408602150538,7
2010LEHM02,Adrian Lehmann,43,93,2010,2017,3.648924731182796,5.086666666666667,7
2021RICH02,Reed W. Richardson,45,93,2022,2026,2.4598924731182796,3.6359139784946235,4
2022FURE01,CJ Furey,42,93,2022,2026,2.302903225806452,3.261290322580645,4
2007CHUE01,Chan Tak Chuen (陳德泉),80,92,2007,2026,5.318043478260869,6.916086956521739,19
2010PROT01,Kirt Protacio,44,92,2010,2024,3.8978260869565218,5.055760869565217,14
2014PLOU01,Laura Plourde,65,92,2014,2026,3.800108695652174,5.086304347826087,12
2014LALI01,Ishaan Lal,48,92,2014,2026,2.5870652173913045,3.5881521739130435,12
2012PONC02,Patrick Ponce,47,92,2014,2025,2.188913043478261,3.2399999999999998,11
2014GONI01,Christian Goñi,47,92,2014,2025,3.908478260869565,5.2095652173913045,11
2015GALI02,Luke Galioto,78,92,2015,2025,5.012608695652174,6.856521739130434,10
2017CARA04,Kirby Jay Caragan,54,92,2017,2026,3.2929347826086954,4.721739130434782,9
2013HUAN30,Juan Pablo Huanqui,43,92,2013,2022,3.2742391304347827,4.339239130434782,9
2017PIET01,Kristiāns Pietkuns,43,92,2017,2026,3.1318478260869567,4.4195652173913045,9
2018PELE01,Gijs Peletier,53,92,2018,2026,3.6713043478260867,5.363043478260869,8
2017BLAC06,Ash Black,46,92,2018,2026,2.332826086956522,3.244565217391304,8
2018PARI11,Luis Palomar París,73,92,2018,2025,9.476847826086956,11.744673913043478,7
2019BREM02,Daniel Brem,47,92,2019,2026,1.571521739130435,2.177391304347826,7
2019KONI03,Flurin König,53,92,2020,2026,2.2356521739130435,3.3961956521739127,6
2020FRAS02,Daniel Fraser,41,92,2020,2026,2.4367391304347827,3.6017391304347828,6
2021SZAL01,Tymon Szalinski,47,92,2021,2026,3.7708695652173914,4.943043478260869,5
2022JOHA08,Leo Johansson,57,92,2022,2026,2.491739130434783,3.5380434782608696,4
2023BRYS01,Lucy Grace Bryson,53,92,2023,2026,3.0927173913043475,4.256521739130435,3
2005KOCZ01,István Kocza,88,91,2005,2025,10.64989010989011,11.645054945054946,20
2006CORR01,Devin Corr-Robinett,75,91,2006,2024,4.921538461538462,7.029450549450549,18
2008MAND01,Nikhil Mande,42,91,2008,2026,4.4143956043956045,5.359450549450549,18
2013ROCA01,Francisco José Campos Rocamora,59,91,2013,2026,5.338571428571429,7.578351648351648,13
2013NELS01,Tom Nelson,50,91,2013,2026,3.9224175824175824,5.148131868131868,13
2010IBAR01,Jerónimo Ibarra Bernal,37,91,2010,2022,3.3827472527472526,4.413736263736263,12
2015NABI01,Javid Nabizade,48,91,2015,2026,3.114945054945055,4.309340659340659,11
2016WIJS01,Victor Wijsman,46,91,2016,2026,2.894285714285714,4.028021978021978,10
2016JERO01,Charles Jerome,45,91,2016,2026,1.9352747252747253,2.7506593406593405,10
2017KANA04,Mateusz Kanarski,67,91,2017,2026,3.960549450549451,5.104395604395604,9
2016LUMS01,Dominic Lumsden,47,91,2016,2025,3.02,4.214395604395604,9
2017PORT04,Daniel Porter,45,91,2017,2026,2.4187912087912085,3.6194505494505496,9
2009DIMP01,Mariano D'Imperio,43,91,2009,2018,3.6236263736263736,5.002967032967033,9
2017NYLE01,Alvar Nylén,39,91,2017,2026,2.5171428571428573,3.8546153846153843,9
2018KRIZ01,Jan Křížka,63,91,2018,2026,4.808131868131868,6.409120879120879,8
2018SCHM05,Sophia Schmoll,61,91,2018,2026,5.219340659340659,6.769120879120879,8
2018KUCZ01,Lucas Kuczaj,53,91,2018,2026,2.7003296703296704,3.7412087912087912,8
2019ORTI03,Jose Ortiz Jr.,44,91,2019,2026,2.498021978021978,3.53967032967033,7
2016SILV07,Joonas Silvennoinen,38,91,2016,2023,3.2467032967032967,4.4690109890109895,7
2019EGGI02,Charlie Eggins,36,91,2019,2026,1.925274725274725,2.7354945054945055,7
2011CUBA01,Eduardo Gutiérrez Cuba,42,91,2012,2018,3.3306593406593406,4.408901098901099,6
2020PALL01,Oliver Pällo,42,91,2020,2026,2.6896703296703297,3.9351648351648354,6
2021LUIZ01,Jhersson Cabezas Luizaga,45,91,2021,2026,3.203736263736264,4.38065934065934,5
2013WOJT02,Jakub Wojtaszewski,40,91,2013,2018,2.754175824175824,3.873186813186813,5
2022CORR05,Sergio Dorado,57,91,2022,2026,3.5079120879120884,4.818461538461539,4
2022SLIW01,Filip Śliwa,46,91,2022,2026,2.379120879120879,3.4397802197802196,4
2022MCGR02,Hugo McGrath,40,91,2022,2026,3.117802197802198,4.315164835164835,4
2022NUNE03,Matias Marcantoni-Nunez,40,91,2022,2026,1.352967032967033,1.8830769230769233,4
2022CORB03,Leonardo Corbelli,39,91,2022,2026,1.6975824175824175,2.363956043956044,4
2021ZHUR03,Ronnie Jinxuan Zhu (朱缙轩),37,91,2021,2024,2.4923076923076923,3.4039560439560437,3
2010YIDA01,Dana Yi,60,90,2010,2025,3.251,4.165444444444445,15
2011REED01,Austin Reed,43,90,2011,2026,2.1435555555555554,3.193222222222222,15
2010JINY02,Yan Jin (金岩),41,90,2010,2025,3.2872222222222223,4.032,15
2011ZHAN24,Chunyu Zhang (张春雨),42,90,2011,2025,3.3904444444444444,4.714222222222222,14
2014SCHO02,Cale Schoon,44,90,2014,2026,2.6476666666666664,3.651,12
2015SYFR01,Marco Syfrig,69,90,2015,2025,4.548666666666667,5.960777777777778,10
2015BART05,Aiden Bartlett,46,90,2015,2025,2.1376666666666666,3.359111111111111,10
2016PARK02,Eli Parker,44,90,2016,2026,2.5604444444444443,3.490666666666667,10
2017YANR02,Ruimin Yan (颜瑞民),69,90,2017,2026,3.475333333333333,4.9222222222222225,9
2017GAET01,José Antonio Gaete Rozas-Peña,57,90,2017,2026,4.012666666666666,5.088444444444444,9
2016ROSS04,Alejandro Marze Rossel,46,90,2016,2025,3.8645555555555555,5.215111111111112,9
2015TELL01,Pedro Alejandro Condo Tellez,38,90,2015,2024,3.2185555555555556,4.483222222222222,9
2017CORI01,Leonardo José Hilario Cori,38,90,2017,2026,3.168111111111111,4.403777777777777,9
2017BARU01,Zach Baruch,60,90,2018,2026,4.275222222222222,5.471,8
2018NEVE02,Adrien Neveu,52,90,2018,2026,3.2222222222222223,5.321666666666666,8
2018MATY02,Adrien Auvray Matyn,35,90,2018,2025,2.1144444444444446,3.0256666666666665,7
2019PERR11,Enzo Perriat,39,90,2019,2025,3.0512222222222225,4.0601111111111114,6
2022PRIN09,Zoei Principe,76,90,2022,2026,3.5168888888888885,5.042777777777778,4
2022POYE01,Pablito Poye,43,90,2022,2026,2.083666666666667,3.3235555555555556,4
2022PRIN08,Zian Principe,72,90,2022,2025,3.216555555555556,4.481777777777778,3
2023WILS11,Evan Wilson,44,90,2023,2026,2.652222222222222,3.8304444444444448,3
2023BASL02,Kryštof Basl,41,90,2023,2026,2.3406666666666665,3.410888888888889,3
2006BARL01,Thom Barlow,39,89,2007,2026,3.097078651685393,4.209213483146067,19
2009BONN01,Pauline Bonnaudet,75,89,2009,2026,6.756067415730337,8.398651685393258,17
2013CHAN09,Yu-Hsuan Chang (張祐瑄),63,89,2013,2026,4.255056179775281,5.981011235955055,13
2012COST01,Kevin Costello III,49,89,2012,2025,3.025056179775281,4.132808988764045,13
2015CARD01,Jaime Tadeo Perez Cardona,60,89,2016,2026,4.147303370786517,5.644943820224719,10
2016DICK03,Eng Dickson (黄迪胜),57,89,2016,2026,3.6670786516853933,4.813707865168539,10
2015CERN01,Will Cerne,47,89,2016,2026,2.848876404494382,4.213483146067416,10
2016STAB01,Fabian Staber,46,89,2016,2026,3.8380898876404492,5.306067415730337,10
2016RADO01,Aleksa Radovanović,43,89,2016,2026,3.5197752808988763,4.645505617977528,10
2016ARVI04,Dante Wallin Arvidsson,36,89,2016,2026,2.960561797752809,4.107752808988764,10
2016DORS01,Jan van Dorst,55,89,2016,2025,3.7604494382022473,4.860224719101123,9
2016BAJW01,Divnoor Bajwa,48,89,2016,2025,3.141685393258427,4.502022471910112,9
2015DJAN01,Govend Avgerinos Djangoi,35,89,2016,2025,2.4286516853932585,3.5442696629213484,9
2018DUTH01,Manu Dutheil,44,89,2018,2026,3.181011235955056,4.2392134831460675,8
2018ONGJ01,Joseph Ong,42,89,2018,2026,2.500449438202247,3.709887640449438,8
2018SATO01,Sora Sato,39,89,2018,2026,1.9507865168539327,2.6052808988764045,8
2014CABR07,Daniel Guardado Cabral,34,89,2014,2022,2.9602247191011233,4.1,8
2019CRIP01,Jordan Crippa,59,89,2019,2026,4.380786516853933,6.236067415730337,7
2019HOIN01,Preston Hoing,57,89,2019,2026,4.21067415730337,5.352022471910113,7
2019HEID03,Thomas Heiden,37,89,2019,2026,1.9640449438202248,2.7464044943820225,7
2014BAAR01,Daan Baartmans,48,89,2014,2020,3.1753932584269666,4.210112359550561,6
2020BROW01,Jake Brown,35,89,2020,2026,2.433370786516854,3.338426966292135,6
2014ZHUS01,Shenjie Zhu (朱申杰),43,89,2014,2019,3.2369662921348312,4.222471910112359,5
2020KUNI01,Ivan Kunitcyn,41,89,2020,2025,3.741685393258427,4.908876404494382,5
2021YEZI01,Ziyu Ye (叶梓渝),38,89,2021,2026,1.0885393258426965,1.5050561797752808,5
2014TYTA02,Mykyta Tytar (Микита Титарь),37,89,2014,2019,3.109438202247191,4.465056179775281,5
2021EYLE01,Henry Eyles,36,89,2021,2026,2.1779775280898876,3.047865168539326,5
2022KORI01,Adam Kořínek,44,89,2022,2026,3.116067415730337,4.343258426966292,4
2022GARC19,Jose Sánchez García,40,89,2022,2026,2.888988764044944,4.206067415730336,4
2023BRES01,Taj Bressert,53,89,2023,2026,2.763932584269663,3.8765168539325843,3
2023CLAR13,Jayden Clark,45,89,2023,2026,2.635168539325843,3.9911235955056177,3
2023XIUY01,Yang Pin Xiu (楊品修),44,89,2023,2026,2.0896629213483147,3.0320224719101128,3
2023PRAB09,Rufus Prabhu-Desai,38,89,2023,2026,1.996629213483146,2.8260674157303374,3
2022SLOA01,Jaye Sloan,34,89,2022,2025,1.7303370786516854,2.490561797752809,3
2008DANG01,Bobby D'Angelo,63,88,2008,2025,3.920113636363636,5.564431818181818,17
2009ROHR01,Michael Röhrer,60,88,2009,2024,4.33840909090909,5.923522727272727,15
2009RYAB01,Sergey Ryabko,48,88,2010,2024,3.5111363636363637,4.757840909090909,14
2009PUNG01,Andreas Pung,45,88,2009,2022,3.78625,5.079886363636363,13
2010STAS01,Vasily Stasyev,61,88,2010,2022,5.617954545454546,7.640454545454546,12
2014JONA01,Benjamin Thunbo Jonassen,47,88,2014,2026,3.692159090909091,5.18215909090909,12
2012TYCK01,Luke Tycksen,40,88,2012,2024,2.7170454545454543,3.675227272727273,12
2015HUAN32,Yuxuan Huang (黄宇轩),45,88,2015,2026,3.410227272727273,4.5292045454545455,11
2015NJAM01,Magne Njå,43,88,2015,2026,3.8936363636363636,5.039318181818182,11
2011SOLA01,Jose Angel Montesa Solaz,38,88,2012,2023,3.7876136363636363,5.1425,11
2014HUTF01,Frederik Hutfleß,37,88,2015,2026,2.2375000000000003,3.2384090909090912,11
2017JANK02,Luke Jankowiak,46,88,2017,2026,2.436590909090909,3.535113636363637,9
2017VILJ01,Jami Viljanen,37,88,2017,2026,2.9578409090909092,4.161590909090909,9
2008LINE02,Edward Lin,51,88,2008,2016,2.4502272727272727,3.4752272727272726,8
2017OORA01,Charlie van Ooran,47,88,2017,2025,3.469772727272727,5.028522727272727,8
2018JEHA01,Samuel Jehanno,46,88,2018,2026,2.496477272727273,3.652840909090909,8
2016HSIE02,Derek Hsieh,42,88,2016,2024,2.029431818181818,2.9301136363636364,8
2017VASQ11,Juan David Carmona Vásquez,46,88,2017,2024,3.482045454545455,4.777045454545455,7
2013KAMI03,Vladislav Kaminskiy,35,88,2013,2020,2.735113636363636,3.6475000000000004,7
2010BICL01,Geert Bicler,55,88,2010,2016,6.216704545454546,8.584659090909092,6
2021STAW01,Tomasz Stawowy,60,88,2021,2026,3.924545454545455,5.544772727272727,5
2021CAMB01,Arthur Cambon,55,88,2021,2026,4.575909090909091,6.028522727272727,5
2021EPPI01,Nicholas Eppingstall,46,88,2021,2026,3.8240909090909088,5.080568181818181,5
2013STAC01,Kacper Stacha,40,88,2013,2018,3.210340909090909,4.196931818181818,5
2021FORB01,Harry Forbes,34,88,2021,2026,1.9221590909090909,2.7675,5
2022GOWM01,Gabriel Gowman,46,88,2022,2026,2.5170454545454546,3.5936363636363637,4
2022VIDE03,Ian Videfrost,45,88,2022,2026,3.256590909090909,4.693409090909091,4
2022MIRA06,Gabriel Alonso Ibáñez Miranda,41,88,2022,2026,1.70875,2.362159090909091,4
2022LESC02,Sebastiano Leschiutta,35,88,2022,2026,2.1761363636363638,3.1717045454545456,4
2022AZIZ02,Bora Azizoğlu,31,88,2022,2026,3.221022727272727,4.121704545454545,4
2022NAYS02,Jimi Naysmith,44,88,2023,2026,3.242954545454545,4.4676136363636365,3
2023CURR06,James Kyoichi Curry (ジェイムス 恭一),40,88,2023,2026,3.2402272727272727,4.612613636363637,3
2023ARIC01,Alonzo Sanchez Arica,37,88,2023,2026,2.1443181818181816,2.978409090909091,3
2022ROSS02,Fabio Rossi,32,88,2022,2025,2.146590909090909,2.981590909090909,3
2006GARR01,Lucas Garron,64,87,2007,2025,3.6379310344827585,5.08367816091954,18
2011LIUC02,Chenge Liu (刘晨舸),51,87,2011,2026,3.4175862068965515,4.668045977011494,15
2012MADA01,Vivek Prasad Mada,64,87,2012,2026,4.787471264367816,6.376666666666666,14
2013ZABR01,Ilya Zabrodsky,43,87,2013,2026,4.045057471264368,5.65,13
2014BENA03,Sebastiano Benato,51,87,2014,2026,3.880344827586207,5.303448275862069,12
2015HADA01,Garrett Hadaway,55,87,2015,2026,3.6313793103448275,4.687586206896552,11
2015TORR12,Bernardo Torres,47,87,2015,2026,2.7791954022988503,3.901149425287356,11
2015JOIN01,Kyra Joiner,43,87,2015,2026,2.827931034482759,4.010344827586207,11
2012NGUY08,David Nguyen,35,87,2012,2023,2.6867816091954024,3.738620689655172,11
2012ONGR01,Ray Vince Ong,35,87,2012,2023,2.1008045977011496,2.964712643678161,11
2016TYRA02,Mikołaj Tyra,59,87,2016,2025,3.260689655172414,4.251609195402299,9
2018BERR01,Fletcher Berry,49,87,2018,2026,2.992873563218391,4.392413793103448,8
2018HARR12,Brandon Harris,46,87,2018,2026,3.092298850574713,4.579425287356322,8
2018CAML01,Mustafa Çamlıca,68,87,2019,2026,7.94264367816092,10.640114942528735,7
2019MEAD03,Kyle Meade,43,87,2019,2026,1.7803448275862068,2.608735632183908,7
2019FARD01,Hennie Færden,42,87,2019,2026,3.230919540229885,4.715977011494253,7
2019CSEN01,Bálint Csengő,35,87,2019,2026,2.450344827586207,3.2337931034482756,7
2017MAND13,Francisco Moraes Mandalozzo,34,87,2017,2024,1.9705747126436781,2.6334482758620688,7
2018BERE01,János Bereczki,44,87,2018,2023,2.8270114942528735,3.729080459770115,5
2021NOVI01,Alessia Novizio,44,87,2021,2026,3.9866666666666664,5.451034482758621,5
2022MONT31,Javier Lizama Montoya,54,87,2022,2026,4.215172413793104,5.84816091954023,4
2022CERR01,Luca Cerrato,40,87,2022,2026,2.8017241379310347,4.064252873563218,4
2023GIPS01,Kenji Gipson-Nahman,48,87,2023,2026,2.1902298850574713,3.4427586206896548,3
2023ROMA10,Adam Romanowski,48,87,2023,2026,2.342298850574713,3.294252873563219,3
2023PERR04,Thibaud Perrin,47,87,2023,2026,3.3126436781609194,4.413218390804597,3
2005LUCZ01,Grzegorz Łuczyna,75,86,2005,2026,6.051279069767442,6.799767441860465,21
2010XIAO01,Yen-Pin Xiao (蕭彥平),47,86,2010,2026,3.429418604651163,4.421627906976744,16
2010PERE05,Erik Román Pérez,43,86,2010,2026,4.210697674418605,5.6231395348837205,16
2012BALI01,Kobe Balin,59,86,2012,2026,3.646046511627907,5.044651162790697,14
2010KUNC01,Krzysztof Kuncki,49,86,2010,2023,4.042674418604651,5.176162790697674,13
2011KARI03,Mohammad Reza Karimi (محمد رضا کریمی),33,86,2011,2024,2.270348837209302,3.340348837209302,13
2014VENK02,Rahul Venkatesan,59,86,2014,2026,4.857093023255814,6.069418604651163,12
2014PEAR02,Maverick Pearson,37,86,2014,2026,3.291162790697675,4.669069767441861,12
2008SIMO01,Riccardo Simone,43,86,2008,2019,4.148953488372093,5.503953488372093,11
2015ZHYD01,Vladyslav Zhydkov (Владислав Жидков),36,86,2015,2026,2.227093023255814,3.13406976744186,11
2016ZHON01,Kenny Zhong,55,86,2016,2026,3.0003488372093026,4.091511627906977,10
2017CUES02,Luis Fernando Aldás Cuestas,44,86,2017,2026,3.6140697674418605,4.781860465116279,9
2018MELO07,Luigi Segura,61,86,2018,2026,4.343604651162791,5.595813953488372,8
2017FURE01,Dominik Fürer,48,86,2017,2025,3.0832558139534885,4.016511627906977,8
2014NIGU02,Guillermo Cascales Ñíguez,33,86,2015,2023,2.4120930232558138,3.3704651162790698,8
2019AXEL01,Herman Axelsson,36,86,2019,2025,3.1276744186046512,4.152906976744186,6
2021DENK01,Michał Denkiewicz,60,86,2021,2026,2.9230232558139533,4.382093023255814,5
2021ABRA02,Max Abramoff,42,86,2021,2026,2.834767441860465,4.092790697674419,5
2021KASP01,Eryk Kasperek,50,86,2022,2026,2.229651162790698,3.196046511627907,4
2022AHLS01,Arvid Ahlstrand,38,86,2022,2026,2.215697674418605,3.406046511627907,4
2022WANG39,John Wanger II,37,86,2022,2026,2.40546511627907,3.455813953488372,4
2022GIAV01,Julian Giæver-Engesmo,34,86,2022,2026,2.058255813953488,3.09453488372093,4
2022LARN01,Felix Lärnestad,46,86,2023,2026,2.8983720930232555,4.135348837209302,3
2023BMOH01,Mohith B (ಮೋಹಿತ್ ಬಿ),40,86,2023,2026,2.1463953488372094,3.0670930232558136,3
2023LJUB01,Michael Liubarets,37,86,2023,2026,2.5472093023255815,3.4110465116279074,3
2008CUST01,John Paul Custodio,53,85,2009,2026,3.1762352941176473,4.460470588235294,17
2009GUIL01,Kevin Guillaumond,41,85,2009,2025,3.1038823529411763,4.215764705882353,16
2010GREG01,Jure Gregorc,36,85,2010,2026,2.8294117647058825,3.889764705882353,16
2013CHEN43,Yingguang Chen (陈映光),38,85,2013,2026,2.766705882352941,3.6668235294117646,13
2013SOUS03,Francisco Thales Rocha Sousa,38,85,2013,2026,3.9562352941176466,5.471411764705882,13
2014STRA03,Felix Strasser,48,85,2014,2026,3.8492941176470588,5.219764705882353,12
2014JIAN14,Jerry Jiang,34,85,2014,2026,2.371529411764706,3.4595294117647057,12
2012ELLI01,Keaton Ellis,48,85,2012,2023,2.8652941176470588,4.272941176470588,11
2015KLEV01,John Aslak Wee Kleven,42,85,2015,2026,3.7698823529411762,5.025058823529411,11
2015JAIN21,Saiyam Jain,68,85,2016,2026,5.597647058823529,7.220588235294118,10
2016SINY01,Alexei Sinyavin,46,85,2016,2026,2.2841176470588236,3.509294117647059,10
2015PERU02,Vittorio Maria Perucatti,39,85,2016,2026,3.3651764705882354,4.5772941176470585,10
2017BENE05,Botond Benedek,36,85,2017,2026,2.760705882352941,3.901294117647059,9
2017LIXU06,Xulang Li (黎旭朗),34,85,2017,2026,1.7109411764705884,2.3474117647058823,9
2018WORK01,Lydia Workman,57,85,2018,2026,4.315647058823529,5.8223529411764705,8
2007SUGA01,Nobuaki Suga (菅信昭),56,85,2009,2017,4.234588235294118,5.520588235294118,8
2018TRUO03,Louis Truong,46,85,2018,2026,3.367176470588235,4.540117647058824,8
2017NORR01,Timo Norrkniivilä,42,85,2017,2025,3.1654117647058824,4.438823529411765,8
2014MINB01,Leo Min-Bedford,40,85,2014,2022,3.319176470588235,4.392,8
2018JIME14,Emilio Alberto Rodríguez Jiménez,39,85,2018,2026,2.2971764705882354,3.3883529411764703,8
2018AGAB03,Asset Agabekov,37,85,2018,2026,2.563647058823529,3.5915294117647054,8
2015CHEN56,Yu-Kai Chen (陳宇楷),34,85,2015,2022,2.301647058823529,3.337294117647059,7
2019BONN05,Chris Bonnello,58,85,2020,2026,5.7059999999999995,7.713529411764705,6
2019SCHW06,Adam Schwenn,52,85,2021,2026,3.2504705882352942,4.576470588235294,5
2015MOGY01,Hunor Mogyorósi,39,85,2015,2020,3.1128235294117643,4.267411764705883,5
2019VALL10,Tea Raimondi Vallesi,38,85,2021,2026,3.0985882352941174,4.433058823529412,5
2021TRIP01,Michael Tripodi,38,85,2021,2026,2.885764705882353,4.121529411764706,5
2021YEPU01,Putian Ye (叶溥天),38,85,2021,2026,2.8677647058823528,4.072,5
2013KOWA04,Igor Kowalczyk,40,85,2014,2018,3.3208235294117645,4.282823529411765,4
2022ASGA01,Murad Asgarov,33,85,2022,2026,2.5183529411764707,3.545176470588235,4
2009ZBIE01,Heike Zbierski,77,84,2009,2026,8.816666666666666,12.225357142857144,17
2005TOLE01,Alexandre Toledo Guillén,44,84,2005,2019,5.515476190476191,7.945952380952382,14
2011CHEN19,Qingbin Chen (陈庆斌),35,84,2011,2025,2.083690476190476,2.962142857142857,14
2013GREN01,Timothy Edegran Gren,36,84,2013,2026,2.472142857142857,3.4388095238095238,13
2014LEZA02,Bruno Lezama,41,84,2014,2025,3.102738095238095,4.321071428571429,11
2014MATH02,Carsten Matheus,39,84,2014,2025,3.836904761904762,5.213928571428572,11
2010MAJO01,Tim Major,37,84,2010,2021,3.447142857142857,5.009880952380952,11
2014SANC28,Julián García Sánchez,32,84,2014,2025,1.9023809523809525,2.728690476190476,11
2010OREL02,Gonzalo Orellana Barrasa,38,84,2013,2023,4.097380952380952,5.294880952380952,10
2016MOBE01,Marcus Moberg,35,84,2016,2026,2.87,3.909642857142857,10
2017MATT06,Sandro Mattenberger,47,84,2017,2026,2.7470238095238093,3.805,9
2016GARC52,Jaime Botello García,33,84,2016,2025,2.7592857142857143,3.744404761904762,9
2017ASMU01,Thor Muto Asmund,67,84,2018,2026,5.71702380952381,7.595833333333333,8
2016MEUN02,Pierre Meunier,39,84,2016,2024,2.1936904761904765,3.2217857142857143,8
2018GVAR01,Andro Gvaramadze,38,84,2018,2026,2.776309523809524,3.7789285714285716,8
2019GUNT04,Timo Günthardt,46,84,2019,2026,2.0547619047619046,2.9975,7
2019FUJI09,Tiago Akihiro Fujita,42,84,2019,2026,1.9454761904761904,2.858452380952381,7
2019PETT01,Canyon Pettitt,42,84,2019,2026,2.4091666666666667,3.321309523809524,7
2013VERM02,Kornél Vermes,33,84,2013,2020,2.963809523809524,3.908690476190476,7
2022GARC12,Nuria Soria García,49,84,2022,2026,3.5992857142857146,5.406071428571429,4
2022HUBE02,Emil Henry Huber,41,84,2022,2026,2.7133333333333334,3.9254761904761906,4
2021SREC01,Jakov Srečković,35,84,2022,2026,2.4596428571428572,3.2372619047619047,4
2022BROW01,Jacob Sherwen Brown,35,84,2022,2026,1.844285714285714,2.83797619047619,4
2021PARO01,Matteo Parodi,32,84,2021,2025,1.706309523809524,2.303690476190476,4
2010LAND01,Angel Arrioja Landa,45,83,2011,2026,3.8691566265060238,5.191927710843373,15
2013SAVI01,Henry Savich,47,83,2013,2025,2.6924096385542167,3.4616867469879518,12
2015SAMO01,Daniel Samoszyn,42,83,2015,2025,3.061686746987952,3.8737349397590357,10
2017VIAN01,Matheus Casassa,58,83,2017,2026,4.624096385542169,5.990240963855421,9
2005BATI01,Milán Baticz,45,83,2005,2013,3.366024096385542,4.468313253012048,8
2011LUDW01,Timo Ludwig,41,83,2012,2020,4.013975903614458,5.364578313253012,8
2019CHRI17,Nicolas Køster Christensen,41,83,2019,2026,2.7198795180722892,3.7098795180722894,7
2019GARC35,Elies Qin Lloret Garcia,41,83,2019,2026,3.323975903614458,4.505903614457831,7
2021JOKE01,Teemu Jokela,61,83,2021,2026,6.210843373493976,7.61710843373494,5
2013GONZ09,Heder Andrés Ávila González,72,83,2022,2026,6.383373493975904,8.544457831325301,4
2022VRAB01,Oana-Simona Vrabie,55,83,2022,2026,5.443855421686747,7.0937349397590355,4
2022HAYL02,Kyle Kayden Renatus,50,83,2022,2026,5.114819277108434,6.615060240963855,4
2022LOVE06,Paige Lovell,36,83,2022,2026,2.849156626506024,4.026144578313253,4
2022JOHN14,Connor Johnson,30,83,2022,2026,1.4522891566265062,1.9740963855421687,4
2022MAYF01,Boyd Mayfield,44,83,2022,2025,3.311325301204819,4.61,3
2022TURN10,Dan Turner,30,83,2022,2025,1.7043373493975904,2.3418072289156626,3
2008WUKU01,Kuo-Hau Wu (吳國豪),53,82,2008,2025,3.8139024390243903,5.12390243902439,17
2011COFR01,Daniel Cofreces Jaureguizar,39,82,2011,2026,2.7262195121951223,3.628414634146341,15
2015MAPP01,Bobby Mapp,77,82,2015,2026,5.5857317073170725,7.196463414634146,11
2014BHAT09,Alaik Bhatia,39,82,2014,2025,3.5007317073170734,4.864146341463415,11
2015PART04,Harvie Partridge,36,82,2015,2026,2.6765853658536582,3.892073170731707,11
2016YIUN01,Nolan Yiu,61,82,2016,2026,3.1096341463414636,4.400609756097562,10
2015BAKK01,Brendan Bakker (貝庭笙),53,82,2015,2025,3.197804878048781,4.324146341463415,10
2016VINC01,Marie Vincent,52,82,2016,2026,3.794878048780488,5.13780487804878,10
2016VERD05,Santiago Borrego Verde,51,82,2016,2026,4.593170731707317,6.080975609756098,10
2016GRAS01,Peter Grassard,45,82,2016,2026,2.9296341463414635,4.108170731707317,10
2015VANE01,Ivan Vanek,43,82,2015,2025,1.9968292682926831,3.069268292682927,10
2016HRYN02,Vladyslav Hryniuk (Владислав Гринюк),37,82,2016,2026,2.546829268292683,3.8386585365853656,10
2015VANL01,Luke Van Laningham,34,82,2015,2025,1.6021951219512194,2.223048780487805,10
2017GRAY02,Ashley Gray,63,82,2017,2026,5.080121951219512,6.818292682926829,9
2016COOK02,Matthew Cook,37,82,2016,2025,2.756829268292683,3.8378048780487806,9
2018NIEU01,Lucas Nieuwland,46,82,2018,2026,3.1348780487804877,4.092073170731707,8
2018MEDE01,Victor Rampinelli Villar de Medeiros,36,82,2018,2026,3.1348780487804877,4.305243902439025,8
2015JANS02,Simon Jansson,35,82,2015,2023,2.7270731707317073,3.965487804878049,8
2016QUIN01,James Quinn,43,82,2016,2023,2.477682926829268,3.6628048780487807,7
2019FONS06,Michael Fonseca,43,82,2019,2026,2.989390243902439,3.9846341463414636,7
2018FRAN26,Filip Barbirič Frank,38,82,2019,2026,3.169268292682927,4.364390243902439,7
2018OCHO03,Benjamín Ochoa,36,82,2018,2025,2.61390243902439,3.8328048780487807,7
2018CHAM01,Tucker Chamberlain,32,82,2019,2026,1.5980487804878047,2.3241463414634147,7
2019LINJ04,Jaidon Poraminthara Lin (เจเดิ้น ปรมินทร์ หลิน),47,82,2019,2025,2.7304878048780488,3.7595121951219515,6
2020DOZA01,Cyprian Doza,47,82,2020,2026,2.6726829268292684,3.731707317073171,6
2019HEBE01,Maciej Hebel,43,82,2019,2025,2.448170731707317,3.4013414634146346,6
2011SOBR01,Alrimar Dias Rocha Sobrinho,34,82,2012,2018,3.9539024390243904,5.2665853658536586,6
2016ANSA02,Pessi Ansaranta,31,82,2016,2022,2.4040243902439022,3.355243902439024,6
2021WALS03,Iollan Walsh,43,82,2021,2026,3.2764634146341467,4.243536585365854,5
2021KOZA01,Maciej Kozar,42,82,2021,2026,1.807439024390244,2.5539024390243905,5
2021NGUY04,Lukas Nguyen,30,82,2021,2026,2.1947560975609757,3.2001219512195127,5
2020MOCO01,Conan Mo,38,82,2021,2025,2.7434146341463417,3.7609756097560973,4
2022USTA02,Nihat Sarp Ustaömer,29,82,2022,2026,2.5195121951219512,3.4763414634146343,4
2023STAN09,Radu Mihai Stan,45,82,2023,2026,2.7535365853658536,3.5931707317073167,3
2010KOHL02,Erwan Kohler,43,81,2010,2025,3.8217283950617285,5.06358024691358,15
2012KRIS12,Artur Kristof,51,81,2012,2024,3.8806172839506172,5.0479012345679015,12
2007DUSS01,Lila Guéret,52,81,2007,2018,5.332222222222222,6.576913580246914,11
2014PUGH01,Benjamin Pugh,44,81,2014,2025,2.715679012345679,3.8409876543209878,11
2016NANK01,Chris Nankervis,53,81,2016,2026,3.810246913580247,5.457530864197531,10
2015NILS02,Simon Nilsson,41,81,2016,2026,3.1365432098765433,4.421234567901235,10
2016SIUM01,Marcus Siu,35,81,2016,2026,2.752222222222222,3.6537037037037035,10
2017KLOS01,Willem Klose,56,81,2017,2026,3.798765432098765,5.347407407407407,9
2016JRAC01,Ace Djun T. Aguirre Jr.,43,81,2016,2025,2.5912345679012345,3.4574074074074077,9
2015SALM03,Tom Salmon,40,81,2017,2026,3.09679012345679,4.310123456790124,9
2017BEEM02,Christian Beemelmann,38,81,2017,2026,3.491604938271605,4.7555555555555555,9
2018MACH04,Cezary Mach,58,81,2018,2026,3.4465432098765434,4.521234567901235,8
2018MORO01,Ronny Morocho,53,81,2018,2026,4.995061728395062,7.098271604938272,8
2012MEES01,Tiemen De Meester,42,81,2012,2019,4.949135802469136,6.79246913580247,7
2018NIED01,Alex Niedland,42,81,2018,2025,2.304938271604938,3.4814814814814814,7
2015DASA02,Aniket Das,40,81,2015,2022,3.5206172839506173,4.6406172839506175,7
2014ANTA01,Robert Antal,44,81,2014,2020,3.209753086419753,4.466666666666667,6
2019NORD06,Elias Nordlund,44,81,2019,2025,4.269753086419754,5.551358024691359,6
2021CARL01,Alve Carlqvist,40,81,2021,2026,1.9175308641975308,2.8058024691358026,5
2021SAMP01,Albert Mandicó Sampol,37,81,2021,2026,1.6017283950617285,2.519012345679012,5
2015UGAR01,Rodrigo Ugarte,44,81,2015,2019,4.509506172839506,6.031728395061728,4
2022EKIN01,James Ekins,40,81,2022,2026,2.251604938271605,3.2479012345679013,4
2022LIPP01,Lucas Lippman-Bruno,39,81,2022,2026,2.2822222222222224,3.2186419753086417,4
2022HAIN04,Cillian Hainbach,36,81,2022,2026,2.1245679012345677,3.048641975308642,4
2020KARA02,Onur Karahan,30,81,2022,2026,2.972962962962963,3.9876543209876543,4
2023XIAT01,Tian Xia (夏天),35,81,2023,2026,1.3012345679012347,1.8320987654320988,3
2023EMIL02,Matteo Emiliani,33,81,2023,2026,1.8065432098765433,2.4820987654320987,3
2008BERE01,Brúnó Bereczki,51,80,2008,2024,4.44825,5.652125,16
2007STRO01,Sarah Strong,48,80,2010,2025,3.586875,3.655,15
2008TURN02,Steven Turner,44,80,2009,2024,3.2775,4.54625,15
2009BLAI01,AJ Blair,40,80,2009,2024,4.151999999999999,5.4193750000000005,15
2012PLAC01,Gianluca Placenti,66,80,2012,2026,6.38825,8.505374999999999,14
2014ISSE01,Antoine Isselin,49,80,2014,2026,3.575,4.91825,12
2014GUMI01,Minseo Gu (구민서),46,80,2014,2026,2.676625,3.5878749999999995,12
2013MICH02,Patrycja Michalska,64,80,2013,2024,6.5575,5.92775,11
2010WANG54,Tianxing Wang (王天行),39,80,2011,2022,3.5545,4.59925,11
2013ESPA01,Jonathan Esparaz,30,80,2013,2024,2.8905000000000003,3.9246250000000003,11
2016SHAW02,Sam Shaw,46,80,2016,2026,4.337125,5.519125000000001,10
2014DETU01,Eddy Deturche,41,80,2014,2024,3.387625,4.557875,10
2016CHRE01,Rémi Chrétien,41,80,2016,2026,2.28375,3.329375,10
2016SOTI01,Jorge Alfageme Sotillos,33,80,2016,2026,3.3222499999999995,4.578125,10
2016DURA09,Paweł Duraj,51,80,2017,2026,3.43675,4.675875,9
2017YOUN10,Kaius Young,42,80,2017,2026,3.122875,4.425,9
2017LYSK01,Adam Łyskawa,38,80,2017,2026,2.782,3.7777499999999997,9
2011SELZ01,Dan Selzer,64,80,2011,2019,4.4185,5.95225,8
2018RICH05,Drake Denton Richard,48,80,2018,2026,2.754625,3.9762500000000003,8
2018WEIS10,Serafim Weiß,46,80,2018,2026,4.16175,5.6274999999999995,8
2018JERN01,Jakob Jernsletten,43,80,2018,2026,4.64775,6.270625,8
2018THOM29,Carter Thomas,39,80,2018,2026,2.151875,3.17,8
2018JOHN49,Zachary Johnson,37,80,2018,2026,2.125375,3.281,8
2019TRAN04,Stanley Tran,41,80,2019,2026,2.0330000000000004,2.929625,7
2018CEPI01,Tomasz Cepil,44,80,2019,2025,2.925375,3.9003749999999995,6
2018SANC03,Angel Armando Jaime Sánchez,39,80,2018,2024,3.101,4.1686250000000005,6
2021WARC01,Dominika Warchoł,58,80,2021,2026,4.018,5.294124999999999,5
2013WUFA03,Fazhen Wu (吴法臻),34,80,2014,2019,2.6891249999999998,3.7049999999999996,5
2021PRAS02,Simon Praschl,33,80,2021,2026,1.75325,2.6142499999999997,5
2021VENZ01,Silvan Venzin,46,80,2022,2026,2.789625,3.8721249999999996,4
2022PAUW01,Joran Pauwels,39,80,2022,2026,2.084875,3.019375,4
2022HAVI03,Sigurd Volan Håvik,35,80,2022,2026,3.104375,4.33975,4
2022ALPS01,Emil Alpsten,34,80,2022,2026,1.8015,2.549875,4
2022CRIP01,Rufus Cripps,33,80,2022,2026,2.5829999999999997,3.7619999999999996,4
2023DORI01,Dorian Chan,38,80,2023,2026,3.320125,4.6505,3
2023HAND04,Charlie Handley,34,80,2023,2026,2.17875,3.1414999999999997,3
2022CHIU06,Daniel Chiu,30,80,2022,2025,2.388,3.2977499999999997,3
2007SHIR01,Takuma Shirahase (白波瀬拓磨),58,79,2007,2026,4.3168354430379745,5.375063291139241,19
2013GOOD01,Daniel Goodman,50,79,2013,2026,2.9136708860759493,3.9892405063291134,13
2012BOGD01,Michał Bogdan,54,79,2012,2023,4.587594936708861,6.018101265822785,11
2015VIND01,Jason Vindvamara,44,79,2015,2026,2.786708860759494,3.9486075949367088,11
2008WONE01,David Woner,37,79,2008,2019,2.980886075949367,4.173164556962026,11
2014ESCO02,Daniel Escobar,31,79,2014,2025,4.187848101265822,5.335316455696202,11
2014LOWE01,Matthew Lowe,50,79,2014,2024,3.874556962025316,5.542784810126582,10
2015KEAR01,Steven Kearns,41,79,2015,2025,3.030379746835443,4.254177215189873,10
2016WHIT16,Jason White,38,79,2016,2026,2.9451898734177213,3.8607594936708862,10
2016PAOL01,Damiano Di Paola,33,79,2016,2026,3.3748101265822785,4.236582278481013,10
2013CHIC01,Josué Esteban Bacilio Chicoma,32,79,2015,2025,1.5351898734177216,2.2859493670886075,10
2012MARA03,Róbert Maróti,29,79,2012,2022,2.4673417721518986,3.49493670886076,10
2017MOOR03,Clay Moore,59,79,2017,2026,3.566075949367089,5.060886075949367,9
2014OHLE01,Simone Ohler,55,79,2014,2023,5.761772151898734,7.2917721518987335,9
2016KOTW01,Mateusz Kotwica,54,79,2016,2025,3.5544303797468357,4.879620253164557,9
2016MEUN01,Louis Meunier,46,79,2016,2025,2.7379746835443037,3.7653164556962024,9
2017MAXW01,Phillip Maxwell,41,79,2017,2026,2.2606329113924053,3.0130379746835443,9
2018SHAK02,Sujai Shakthivel,40,79,2018,2026,2.8518987341772153,3.978481012658228,8
2015HIGH01,Liam Highducheck,37,79,2018,2026,2.279240506329114,3.255189873417721,8
2021RODR03,Isabela Quesada Rodríguez,39,79,2021,2026,3.30873417721519,4.712151898734177,5
2013FILI01,Jurgens Filiaggi,38,79,2013,2018,3.772405063291139,5.291518987341772,5
2021WANG25,Kangze Wang (王康泽),33,79,2021,2026,1.959367088607595,2.8370886075949366,5
2022DULL01,Marc Dullemond,54,79,2022,2026,4.495696202531645,5.9775949367088606,4
2021ZAJD01,Ada Zajder,50,79,2021,2025,3.0055696202531643,4.035696202531645,4
2022LIAN01,Xavier Lianto,47,79,2022,2026,4.0817721518987335,5.3870886075949365,4
2022FIOL01,Krystian Fiołek,46,79,2022,2026,2.4887341772151896,3.3713924050632906,4
2022HANT01,Thiago Han,41,79,2022,2026,2.307974683544304,3.388101265822785,4
2021ZHAN52,Martin Zhang (张镐轩),37,79,2021,2025,3.1031645569620254,4.385822784810127,4
2017BEZN01,Aleksandr Beznogov,36,79,2017,2021,2.6662025316455695,3.571139240506329,4
2022LAZA11,Emil Lazaryev,37,79,2023,2026,2.4954430379746833,3.2677215189873414,3
2023OLWI01,Oisín Olwill,37,79,2023,2026,2.8067088607594934,3.9281012658227845,3
2022TALA03,Valentina Trinca Talalin,35,79,2022,2025,3.03379746835443,4.2174683544303795,3
2023JURI01,Jakub Jurika,29,79,2023,2026,1.62,2.5184810126582278,3
2009KASU01,Sanio Kasumovic,70,78,2009,2022,6.253846153846154,8.66025641025641,13
2013PASS01,Piyush Passi,55,78,2013,2025,4.590128205128205,6.144230769230769,12
2013HENA01,Pi Sevilla Hernández,52,78,2013,2025,4.248717948717949,5.907564102564103,12
2014PHIL02,Joshua Broderick Phillips,38,78,2014,2026,2.2367948717948716,3.3785897435897434,12
2015TALB01,Seth Talbot,64,78,2015,2026,4.571025641025641,6.094358974358975,11
2015SETT01,Fabian Settelen,56,78,2015,2026,4.461923076923076,5.980769230769231,11
2012DANE01,Nicholas Daneshvari,43,78,2012,2023,2.7756410256410255,3.689487179487179,11
2015GROB02,Ruben Grobler,35,78,2015,2026,2.153974358974359,2.9934615384615384,11
2014TAMI01,Roy Tamir,33,78,2014,2025,1.9402564102564104,2.81,11
2016DABR03,Stanisław Dąbrowski,51,78,2016,2026,3.576282051282051,4.540512820512821,10
2016FLOR24,Axel Flordal,50,78,2016,2026,4.531794871794872,6.430512820512821,10
2007COMP01,Emile Compion,41,78,2007,2017,4.663333333333333,6.20051282051282,10
2016MART84,Juan Nicolás Pinzón Martínez,41,78,2016,2026,3.6788461538461537,4.875512820512821,10
2013SZUM01,Grzegorz Szumigaj,37,78,2013,2023,3.196282051282051,3.9569230769230765,10
2014BARR02,Gabriel Barrios,31,78,2014,2024,3.943076923076923,5.413846153846154,10
2017WOFF01,Roman Wofford,52,78,2017,2026,3.080897435897436,4.17448717948718,9
2014VORL01,Marco Vorländer,38,78,2016,2025,3.1205128205128205,4.38448717948718,9
2017AKHU02,Mykhailo Akhunov (Михайло Ахунов),38,78,2017,2026,3.2643589743589745,4.408974358974358,9
2009XIAT02,Jonathan Tan Wei Xiat,34,78,2010,2019,3.4256410256410255,4.6883333333333335,9
2017RAND06,Ari Randers-Pehrson,53,78,2017,2025,3.2516666666666665,4.448205128205128,8
2018SLAV01,Nikita Slavinski,44,78,2018,2026,3.91051282051282,5.393589743589743,8
2018STOI03,Mihail Stoicescu,44,78,2018,2026,2.5744871794871793,3.585769230769231,8
2018BURG03,Edward Burgess,38,78,2018,2026,2.9067948717948715,3.7998717948717946,8
2018YUAN02,Anqi Yu,34,78,2018,2026,2.1874358974358974,3.241923076923077,8
2018ALAM08,Leon Marcell Alamanda,41,78,2019,2026,1.8497435897435897,2.603589743589744,7
2015ZHEN20,He-Ping Zheng (鄭和平),37,78,2016,2023,2.7350000000000003,3.7951282051282047,7
2019POUC01,Alaric Pouchain,30,78,2019,2026,1.6547435897435896,2.454871794871795,7
2018WARY01,Wiktoria Waryszak,78,78,2018,2024,8.790384615384616,10.751666666666667,6
2013LIZO01,Zongyang Li (李宗阳),49,78,2013,2019,3.9898717948717946,5.161282051282051,6
2020MORG01,Xavier Morgan,34,78,2020,2026,3.4024358974358972,4.7125641025641025,6
2021WILL06,Carter Williams,49,78,2021,2026,2.838974358974359,3.9966666666666666,5
2022SILV37,David Andron-Silva,39,78,2022,2026,1.8826923076923077,2.842820512820513,4
2022SHAR36,Panashe Sharma,38,78,2022,2026,1.6265384615384615,2.579487179487179,4
2022BULA01,Jeremy Bulambot,36,78,2022,2026,1.7128205128205127,2.4947435897435897,4
2023KREJ01,Matyáš Krejcárek,37,78,2023,2026,2.5632051282051282,3.519871794871795,3
2010VILL03,Robbie Villarica,48,77,2010,2026,2.373636363636364,3.279220779220779,16
2010BOUV01,Pierre Bouvier,39,77,2010,2026,5.19974025974026,5.50025974025974,16
2012YEMI01,Michel Ye,43,77,2013,2026,3.2290909090909095,4.428311688311688,13
2013RUIX02,Xiaobin Rui (芮晓彬),36,77,2013,2025,3.408831168831169,4.4058441558441555,12
2011SANC02,Dario Roa Sánchez,32,77,2011,2023,2.9674025974025975,4.205064935064935,12
2015LEHM01,Alex Lehman,51,77,2015,2026,4.1090909090909085,5.141168831168831,11
2014LOPE04,Antonio López,35,77,2014,2025,3.0024675324675325,4.145584415584415,11
2016COEL04,Suzane Coelho,50,77,2016,2026,4.144675324675324,5.745974025974026,10
2016AREC03,Daniel Isaac Garcia Arechiga,43,77,2016,2026,3.7951948051948055,4.924935064935065,10
2016MAIT02,Joey Mait,42,77,2016,2026,3.0223376623376623,4.002337662337663,10
2015OSPI01,Luis Angel Contreras Ospina,37,77,2016,2026,3.032077922077922,4.147012987012987,10
2016RUIZ05,Iker Carrasco Ruiz,35,77,2016,2026,3.054935064935065,4.572077922077923,10
2016PERE44,Iván Brigidano Pérez,50,77,2016,2025,4.732467532467532,6.146623376623377,9
2017GRZE01,Kacper Grzelakowski,46,77,2017,2026,2.9183116883116886,3.783246753246753,9
2017ELEF02,Michael Eleftheriades,42,77,2017,2026,2.8555844155844157,3.948441558441558,9
2017CONN04,Catherine Connolly,39,77,2017,2026,2.6037662337662337,3.7867532467532468,9
2018COOK04,John Cook,68,77,2018,2026,7.841688311688311,10.684805194805195,8
2018WILS10,Keon Wilson,46,77,2018,2026,2.912467532467532,4.267012987012987,8
2017BOHN01,Jack Bohning,38,77,2018,2026,2.4857142857142858,3.498831168831169,8
2015FERA01,Rachel Feran,68,77,2017,2024,6.3136363636363635,8.927012987012986,7
2019BIRK01,Asbjørn Brummer Birkelund,41,77,2019,2026,3.5383116883116883,4.86012987012987,7
2016TRUI01,Rio Truija,37,77,2016,2023,3.6140259740259735,4.85987012987013,7
2018CREE01,Kerry Creech,32,77,2018,2025,1.7224675324675325,2.293896103896104,7
2018MCAR01,Callum McArthur-Mortell,32,77,2018,2025,2.752727272727273,3.9297402597402593,7
2016ZHAN45,Yunliang Zhang (张赟量),31,77,2016,2023,2.7025974025974024,3.817922077922078,7
2019YANG94,Cian-Jyun Yang (楊謙君),33,77,2019,2025,1.9446753246753248,2.858051948051948,6
2021GASP01,Elisa Gasperotti,61,77,2021,2026,5.6297402597402595,7.472597402597402,5
2021FINK01,Cormac Finke,43,77,2021,2026,4.172207792207792,5.933246753246753,5
2021ZHAN01,Bofan Zhang (张博藩),37,77,2021,2026,1.65025974025974,2.180909090909091,5
2022GOWM02,Mark Gowman,46,77,2022,2026,3.3212987012987014,4.662597402597402,4
2022BRKI02,Matej Brkić,37,77,2022,2026,3.1535064935064936,4.113376623376624,4
2021KIMJ03,Joel Kim,35,77,2022,2026,2.06,2.9866233766233767,4
2021PISK01,Karol Piskorek,35,77,2021,2025,1.9535064935064934,2.951038961038961,4
2022ERIK02,Kasper Eriksson,32,77,2022,2026,2.844805194805195,3.93,4
2023AVEN01,Jeshua Emmanuel Avendaño,57,77,2023,2026,5.229220779220779,7.0190909090909095,3
2023STRI02,Adam Stringer,39,77,2023,2026,3.784935064935065,5.121168831168831,3
2023ARIC02,Dhiago Sanchez Arica,36,77,2023,2026,2.6554545454545453,3.75948051948052,3
2022ARAM01,Ron G. Arama,34,77,2023,2026,1.7311688311688314,2.3905194805194805,3
2007GOHO01,Choi Goho (최고호),59,76,2007,2026,4.341710526315789,5.820394736842106,19
2008VOSD01,David Vos,45,76,2008,2023,3.1553947368421054,4.627236842105264,15
2009SIEW01,Darren Siew Ee Yaang (蕭奕暘),50,76,2009,2023,4.0073684210526315,5.605789473684211,14
2012DROZ02,Radosław Drozdowicz,58,76,2012,2025,4.558947368421053,5.901052631578947,13
2014SANC19,Rafael Antonio Sanchez,39,76,2014,2026,2.626578947368421,3.5944736842105263,12
2014IBAR01,Sergio Andres Guillen Ibarra,37,76,2014,2026,3.441447368421053,4.871315789473685,12
2015ROYC01,Ben Royce,53,76,2015,2026,4.184736842105264,5.518684210526316,11
2014MORE05,Pedro Miranda Moreira,35,76,2014,2025,3.2717105263157897,4.626184210526316,11
2017TKAC04,Oliwier Tkaczyk,44,76,2017,2026,2.8923684210526317,4.133157894736843,9
2016DEMU01,Chloé Demuynck,42,76,2016,2025,3.517631578947368,4.464736842105263,9
2016VEDM01,Glib Vedmid,36,76,2016,2025,3.2956578947368422,4.819210526315789,9
2018SMIT40,Nathan Smith,58,76,2018,2026,4.292631578947368,5.992105263157894,8
2018MULL07,Hannes Müller,44,76,2018,2026,4.1031578947368414,5.410263157894737,8
2007SUNT01,Timothy Sun,43,76,2007,2015,3.461052631578948,4.313157894736842,8
2017MRUD01,Sai Mrudhun (சாய் மிருதுன்),43,76,2018,2026,3.437894736842105,4.546578947368421,8
2018BURG15,Julian Bürgi,40,76,2018,2026,2.0364473684210527,2.8955263157894735,8
2012BILL01,Gregor Billing,41,76,2012,2019,4.711052631578948,6.38578947368421,7
2012PETE03,Marcel Peters,38,76,2012,2019,4.098684210526316,5.526973684210526,7
2018LJUB01,Jakov Ljubicic,31,76,2018,2025,2.567763157894737,3.693684210526316,7
2019HSIE04,Wei-Chen Hsieh (謝維宸),31,76,2019,2026,1.9889473684210526,2.8255263157894737,7
2017BASH04,Alexander Bashutkin,40,76,2018,2024,1.5680263157894736,2.3602631578947366,6
2021CALZ01,Alessandro Calzoni,34,76,2021,2026,3.3002631578947366,4.469342105263158,5
2013CHAP02,Sam Chaplin,32,76,2013,2018,3.4126315789473685,4.7573684210526315,5
2022SZUB02,Tomasz Szubert,75,76,2022,2026,7.1215789473684215,9.613026315789474,4
2022JARO01,Martyna Jarosz,53,76,2022,2026,3.690526315789474,4.698815789473684,4
2022BROK03,Filip Brokos,49,76,2022,2026,2.875263157894737,3.953684210526316,4
2020ANON03,Anonymous,41,76,2020,2024,2.629210526315789,3.3439473684210523,4
2022STRA01,Maximilian van der Straten,39,76,2022,2026,3.011052631578947,4.130921052631579,4
2021ABAL01,Renata Francisca De La Fuente Ábalos,33,76,2022,2026,2.435,3.2628947368421053,4
2022GIBS04,Lachlan Gibson,33,76,2022,2026,1.7751315789473683,2.532763157894737,4
2021DUNA01,Brendyn Dunagan,31,76,2022,2026,1.2957894736842106,2.0175,4
2023AJAN01,Imaad Sohel Ajani,49,76,2023,2026,3.569605263157895,4.854736842105263,3
2023AANK01,Ankit A,44,76,2023,2026,2.9511842105263155,4.2026315789473685,3
2023ESPI36,Benjamin Espinosa,33,76,2023,2026,2.2532894736842106,3.321447368421053,3
2010EDWA02,David Edwards,55,75,2010,2026,4.984666666666667,6.805866666666667,16
2006WLOS01,Paweł Włoszek,69,75,2006,2019,7.499733333333333,5.881733333333333,13
2012SHRI01,Anay Shrikar,45,75,2013,2026,3.9743999999999997,5.3464,13
2013BEES01,Dominik Beese,31,75,2013,2026,3.2410666666666668,4.422,13
2014MUKH04,Arghadeep Mukherjee,45,75,2014,2026,3.7910666666666666,5.215466666666667,12
2014BLAI02,Mayron Blain,39,75,2014,2026,3.2729333333333335,4.832933333333334,12
2014FANG01,Samuel Fang,35,75,2014,2025,2.1082666666666667,3.227333333333333,11
2016GASP01,Pietro Gasparetto,41,75,2016,2026,3.7611999999999997,5.096,10
2016HENR02,Irenco Peña Henríquez,37,75,2016,2026,2.4904,3.3057333333333334,10
2015VACA01,Rodrigo Paz Vaca,32,75,2015,2025,2.5392,3.596133333333333,10
2014NORD02,Amos Nordman,28,75,2014,2024,1.9032000000000002,2.8077333333333336,10
2009AURO01,Fabian Auroux,54,75,2009,2018,5.475733333333333,7.354933333333333,9
2017ENGE01,Amiel Engel,37,75,2017,2026,3.009466666666667,3.9302666666666664,9
2014TONO01,Aharon Campoli Tono,36,75,2014,2023,3.824133333333333,5.3388,9
2017CAOR01,Rilang Cao (曹日朗),35,75,2017,2026,2.6054666666666666,3.625333333333333,9
2007GAMB01,Jai Gambhir,30,75,2007,2016,3.8185333333333333,5.306133333333333,9
2018GREE09,Oscar Coleman Green,44,75,2018,2025,4.1382666666666665,5.849333333333333,7
2019BERG08,Teodor Bergman,43,75,2019,2026,3.7994666666666665,5.242266666666667,7
2018LOPE22,Leandro Martín López,39,75,2019,2026,2.3102666666666667,3.3877333333333337,7
2013EREL01,Zolboo Erelkhegbaatar,34,75,2013,2019,3.8296000000000006,5.4896,6
2013UVES01,Mattias Uvesten,27,75,2013,2019,1.6632,2.4674666666666667,6
2021MAJC01,Jakub Majchrzak,46,75,2021,2026,2.8985333333333334,3.8308,5
2015PARK13,Danny SungIn Park,37,75,2015,2020,2.312133333333333,3.3577333333333335,5
2021FARE01,Nathan Fares,28,75,2021,2026,1.8336000000000001,2.6464,5
2022SAHL02,Jack Belloni Sahlin,54,75,2022,2026,4.0876,5.327066666666667,4
2022THOM38,MJ Thomas,49,75,2022,2026,3.048,4.2616000000000005,4
2022GUIL06,Hugo Guillet,32,75,2022,2026,2.8348,3.8024,4
2016FANG01,Shenghai Fang (方胜海),40,75,2016,2019,3.8318666666666665,5.070133333333334,3
2009CHAN04,Fangyuan Chang (常方圆),74,74,2009,2026,9.86216216216216,12.712567567567568,17
2011PARR02,Jhon Edinson Arias Parra,44,74,2012,2026,3.8725675675675673,5.537432432432432,14
2014KANN02,Arun Kannan,64,74,2014,2026,5.059459459459459,6.661486486486487,12
2007HERN02,Joel Hernández,56,74,2014,2026,6.770945945945946,9.006891891891891,12
2013FRON01,Martin Fronescu,45,74,2013,2025,2.110135135135135,3.086081081081081,12
2012MORM01,Serhii Mormul (Сергій Мормуль),43,74,2012,2024,4.551621621621622,6.32054054054054,12
2015FIRE01,Hubert Firek,56,74,2015,2026,4.35027027027027,5.336891891891892,11
2015VISE01,Caro Visentin,49,74,2015,2026,4.368648648648648,5.900135135135136,11
2015FENG12,Junqi Feng (冯骏骐),44,74,2015,2026,3.6240540540540542,4.936891891891892,11
2008RIJK01,Hanneke Rijks,72,74,2009,2019,12.299594594594595,15.777837837837836,10
2016IBAR07,Jesús Armando Aguirre Ibarra,44,74,2016,2026,3.5941891891891897,4.742297297297298,10
2015YASI02,Ryan Yasinko,41,74,2015,2025,3.0332432432432435,4.126216216216216,10
2015SAIF01,Aamir Saifee,28,74,2015,2025,1.7318918918918917,2.47,10
2008ZOFF01,Tommaso Zoffoli,46,74,2009,2018,4.589594594594595,6.62527027027027,9
2015DEEJ02,Justin Andrew Dee,46,74,2015,2024,2.9294594594594594,4.088513513513513,9
2016MAXE01,Ricardo Maxera,41,74,2016,2025,3.7199999999999998,4.973513513513514,9
2016VALE01,Zavian Valedon,39,74,2016,2025,2.424864864864865,3.4899999999999998,9
2018LAND03,Michael S. Lander,47,74,2018,2026,4.024054054054053,5.201621621621622,8
2016BALA15,Jared Balassaitis,40,74,2017,2025,2.935135135135135,3.916891891891892,8
2011AMOR01,David Remolina Amórtegui,37,74,2011,2019,2.905675675675676,4.047837837837838,8
2019LEEJ10,Justin Lee,51,74,2019,2026,3.4258108108108107,4.721351351351351,7
2020BERM02,Adam Bermingham,39,74,2020,2026,3.174864864864865,4.794729729729729,6
2014LOKW01,Wong Kin Lok (黃健樂),34,74,2015,2021,3.0994594594594598,4.002297297297297,6
2022KRAS02,Samuel Krasne,49,74,2022,2026,3.2714864864864865,4.610405405405405,4
2022LEPP02,Väinö Leppänen,34,74,2022,2026,3.956891891891892,5.371486486486487,4
2015KOVA07,Nikita Kovalchuk (Нікіта Ковальчук),33,74,2015,2019,3.494324324324324,4.66445945945946,4
2023ESPI07,Jerónimo Espinosa,43,74,2023,2026,4.3802702702702705,5.73445945945946,3
2023FANG02,Alan Fang,29,74,2023,2026,1.5744594594594594,2.38972972972973,3
2022CAPI02,Kyle Capiral,72,74,2023,2025,5.6668918918918925,7.913378378378379,2
2008KARL02,Moritz Karl,39,73,2009,2025,3.6984931506849317,5.005342465753425,16
2012QUIB01,Louie Jay Quibote,66,73,2012,2026,4.155479452054795,5.755068493150685,14
2005FLEI01,Jeremy Fleischman,58,73,2006,2019,4.676986301369864,6.611643835616439,13
2014TVER01,Henrik Tvervåg,35,73,2014,2026,3.949315068493151,5.3968493150684935,12
2009CHRI03,Nora Christ,50,73,2009,2020,5.557260273972603,7.42890410958904,11
2012MAIA01,João Guilherme Barejan Maiale,47,73,2012,2023,4.438493150684931,6.57972602739726,11
2015LUCI02,Paul Luciw,47,73,2015,2026,3.0913698630136985,4.624520547945205,11
2015SIAN01,Dylan Seah Tze Siang (谢智翔),43,73,2015,2026,2.6945205479452055,3.6197260273972605,11
2016OLZI01,Myagmardorj Ulziijargal (Өлзийжаргал Мягмардорж),45,73,2016,2026,2.864109589041096,4.098630136986301,10
2016MUNO13,Lucía Pascual Muñoz,41,73,2016,2026,4.632054794520548,5.976849315068494,10
2015KHAN18,Muhammed Shehzad Khan,38,73,2016,2026,3.027260273972603,4.298630136986302,10
2013HOLM01,Kristian Holme,28,73,2013,2023,3.2606849315068493,4.588904109589041,10
2016FEIJ02,Jun Fei (费俊),48,73,2016,2025,4.09,5.249041095890411,9
2017SALA07,Ronald Fernando Remuzgo Salazar,30,73,2017,2026,1.9672602739726026,2.8116438356164384,9
2009PETI01,Loïc Petit,39,73,2009,2017,4.424383561643836,5.538630136986301,8
2018GOME01,Raúl Gómez,37,73,2018,2026,2.4326027397260277,3.195890410958904,8
2011FANG02,Shujie Fang (方述杰),29,73,2011,2019,2.2432876712328764,3.094794520547945,8
2011ANIS01,Dmitry Aniskin,35,73,2012,2019,3.1964383561643834,4.39027397260274,7
2013ANDE04,Rasmus Andersson,33,73,2014,2021,3.2365753424657537,4.26972602739726,7
2018CAST08,Oliver Castledine,32,73,2018,2025,2.4665753424657533,3.5975342465753424,7
2017TIMO01,Liam Uno Timour-Silveira,30,73,2017,2024,3.405890410958904,4.719178082191781,7
2015KORO02,Volodymyr Korol (Володимир Король),35,73,2015,2021,3.408493150684931,4.415616438356164,6
2021DACH01,Sree Dacharla,36,73,2021,2026,2.346986301369863,3.472191780821918,5
2012WICH01,Bennet Wichmann,29,73,2012,2017,2.627397260273973,3.7154794520547947,5
2011MATA01,Jorge Castillo Matas,27,73,2011,2016,2.853150684931507,4.0086301369863016,5
2017GOKA01,Acar Gök,26,73,2017,2022,1.8406849315068494,2.633698630136986,5
2022LOFB01,Anton Löfberg,46,73,2022,2026,4.523972602739726,6.13,4
2020KOPE01,Michał Kopeć,44,73,2022,2026,2.9201369863013698,4.007534246575343,4
2022BHAV01,Darshan Bhavanasi,39,73,2022,2026,2.0997260273972604,3.0589041095890415,4
2022CORR06,Jack Corr,39,73,2022,2026,3.7101369863013693,5.118493150684931,4
2022CRIB01,Zachary Cribb,39,73,2022,2026,2.577945205479452,3.5315068493150688,4
2022OLSE07,Nilias Samuel Olsen,36,73,2022,2026,2.613013698630137,3.5887671232876714,4
2022LECL01,Medard Lecluyse,35,73,2022,2026,1.8306849315068492,2.367671232876712,4
2022BOLD01,Loris Boldi,32,73,2022,2026,2.658904109589041,3.583424657534246,4
2023PAKL02,Leland Pak,44,73,2023,2026,3.2743835616438357,4.571780821917808,3
2022ANTO01,Eevert Antola,29,73,2022,2025,2.766986301369863,3.8595890410958904,3
2010GRAB01,Daniel Grabski,45,72,2010,2026,4.100416666666667,5.485416666666667,16
2011SALG01,Daniel Cano Salgado,40,72,2011,2026,3.1126388888888887,4.78875,15
2011HUAN08,Minjie Huang (黄敏杰),44,72,2012,2026,4.208472222222222,5.504583333333333,14
2011ULIN01,Joel Ulin,39,72,2011,2024,3.9124999999999996,5.117083333333333,13
2013KRUC01,Przemysław Kruczek,59,72,2013,2025,4.806388888888889,5.606805555555556,12
2015ANDA01,Daryl Tan Hong An,34,72,2015,2026,1.7776388888888888,2.5225,11
2015FEDE01,Alexis Fedeler,32,72,2015,2026,2.7515277777777776,3.8286111111111114,11
2016BEAU03,Maria Beausang,63,72,2016,2026,8.188194444444443,11.954305555555557,10
2016GRAV02,Oscar Luigi M. Gravador,48,72,2016,2026,4.668749999999999,6.2629166666666665,10
2016BROD01,Bernhard Brodowsky,43,72,2016,2026,4.396249999999999,6.217083333333333,10
2014RUMO01,Antoni Rumowski,37,72,2014,2024,3.189861111111111,4.4181944444444445,10
2012CRIC01,Bruno Galati Paladino Cricelli,32,72,2013,2023,3.5961111111111115,4.687777777777778,10
2017MART16,Raúl Serrano Martínez,43,72,2017,2026,4.64125,6.313611111111111,9
2017WRIG03,Evan Wright,39,72,2017,2026,2.676111111111111,3.762638888888889,9
2018KODA01,Muhammad Faeyza Koda,40,72,2018,2026,1.9427777777777777,2.733888888888889,8
2015ARJA01,Juho Arjanne,31,72,2015,2023,3.6294444444444443,4.720555555555555,8
2016SONG04,Chengyang Song (宋成阳),31,72,2016,2024,2.3754166666666667,3.133472222222222,8
2017TRAN21,Kenneth Tran,27,72,2017,2025,3.0220833333333332,4.002222222222223,8
2019SLES02,Robert Ślesicki,70,72,2019,2026,6.767916666666667,8.650972222222222,7
2019LEFE02,Maxime Lefebvre,59,72,2019,2026,5.3805555555555555,7.638055555555555,7
2018DAIN02,Peri Le Dain,44,72,2019,2026,3.285555555555556,4.388472222222223,7
2019NESS01,Andreas Nessan,35,72,2019,2026,3.827916666666667,5.257638888888889,7
2021PIOR01,Wojciech Piórczyński,41,72,2021,2026,2.573611111111111,3.357361111111111,5
2019MAGN03,Morris Magnusson,31,72,2019,2024,3.657361111111111,4.8661111111111115,5
2015PABR01,Ujjawal Pabreja,30,72,2015,2020,2.8783333333333334,3.9972222222222222,5
2022KIER01,Joanna Kierznikiewicz,52,72,2022,2026,3.676666666666667,4.891666666666667,4
2022DAVI11,Maxwell Davies,40,72,2022,2026,4.289305555555555,5.910555555555556,4
2022SOLI03,Junior Solis,39,72,2022,2026,3.316666666666667,4.71875,4
2022RYLA01,Vincent Rylander,37,72,2022,2026,2.4009722222222223,3.473472222222222,4
2022BUTL02,Kellan Butler,35,72,2022,2026,2.4434722222222223,3.376527777777778,4
2022KAOB01,Benjamin Kao,28,72,2022,2026,1.8433333333333333,2.685,4
2023ZHEC01,Yanniko Zhechev,40,72,2023,2026,3.3044444444444445,4.748194444444445,3
2023LAVO01,William Lavoie,35,72,2023,2026,1.3995833333333332,2.144722222222222,3
2023FENG04,Aaron Feng,34,72,2023,2026,2.5547222222222223,3.3725,3
2023LEKE01,Kevin Lê,32,72,2023,2026,2.068888888888889,2.9591666666666665,3
2009PAUL01,Tristan Paulussen,45,71,2009,2026,4.852253521126761,6.304788732394366,17
2011YUBE01,Ben Yu,34,71,2011,2025,2.5323943661971833,3.6714084507042255,14
2007HUBE01,Stefan Huber,39,71,2007,2020,3.8387323943661973,5.1550704225352115,13
2010LINZ03,Ziyuan Lin (林子源),42,71,2010,2021,4.040140845070423,5.1538028169014085,11
2013HELM02,Henry Helmuth,42,71,2013,2024,3.232394366197183,4.148450704225352,11
2015CAMP03,Damián Jail Campos,41,71,2015,2026,3.7212676056338023,5.049295774647887,11
2015SUCL01,Pedro Luis Mamani Suclla,38,71,2015,2026,3.847605633802817,5.46830985915493,11
2015FALD01,Tadeáš Faldus,36,71,2015,2026,3.1201408450704227,4.410281690140845,11
2015HUAN48,Cary Huang,49,71,2016,2026,3.2026760563380283,4.378028169014085,10
2016NIJU01,Chun-Pao Ni (倪君寶),45,71,2016,2026,3.4871830985915495,4.773661971830986,10
2015HOLD01,James Holdsworth,41,71,2015,2025,4.07887323943662,5.472394366197183,10
2016PRES04,Matt Prestwich,41,71,2016,2026,4.112816901408451,5.058028169014085,10
2016ANSE02,Ilona Ansel,39,71,2016,2026,3.2870422535211268,4.4588732394366195,10
2014CLAR03,Caleb Clark,30,71,2015,2025,2.0525352112676054,2.992816901408451,10
2017SAFO01,Atalis Safont,59,71,2017,2026,6.255774647887324,7.870704225352114,9
2015HUDO01,Hafizh Dary Faridhan Hudoyo,44,71,2015,2024,3.2983098591549296,4.581267605633802,9
2017MILL02,Carson Miller,44,71,2017,2026,3.3033802816901408,4.6550704225352115,9
2017MISI01,Maksymilian Misiak,39,71,2017,2026,2.7845070422535207,3.907323943661972,9
2017VALE01,Alex Anderson Bedon Valentin,38,71,2017,2026,3.9940845070422535,5.108450704225352,9
2012ADLO01,Aramayis Adloyan (Արամայիս Ադլոյան),37,71,2012,2021,4.063380281690141,5.605774647887324,9
2016HERN05,Daniele Vanoli Hernández,32,71,2016,2025,3.60056338028169,4.897887323943662,9
2018WIRZ01,Olivier Wirz,56,71,2018,2026,5.498169014084507,7.429154929577465,8
2010KOTC01,Mike Kotch,43,71,2010,2018,3.3774647887323943,4.3884507042253516,8
2016POLA01,Kyle Polage,34,71,2016,2024,2.8867605633802818,4.089718309859155,8
2017SUNC02,Christopher Sun,33,71,2017,2025,1.8816901408450704,2.7580281690140844,8
2017STEW08,Jack Flynn Stewart,32,71,2018,2026,1.8099999999999998,2.816760563380282,8
2018KAJA01,Eetu Kaján,30,71,2018,2026,3.5729577464788735,4.911267605633802,8
2019STEL01,Serban Stelian,38,71,2019,2026,2.0550704225352114,3.4194366197183097,7
2018CENT02,Giovanni Centili,28,71,2018,2025,1.9047887323943664,2.7388732394366198,7
2019BUIT01,Victoria Alejandra Zambrano Buitrago,37,71,2019,2025,3.590422535211268,4.619295774647887,6
2020MAYT01,Ingrit Mayta,33,71,2020,2026,3.1966197183098592,4.473239436619719,6
2022STAD01,Tommy Stady,62,71,2022,2026,7.281971830985915,9.880985915492957,4
2022JOKE01,Ernesti Jokela,41,71,2022,2026,5.190985915492957,6.6560563380281685,4
2018WASI02,Mateusz Wasil,37,71,2022,2026,2.7391549295774644,4.023098591549296,4
2022RODR19,Nicolás David Lozada Rodríguez,36,71,2022,2026,3.637746478873239,4.904507042253521,4
2022KUMA30,Thamaneeswar Sathesh Kumar,31,71,2022,2026,1.9002816901408448,2.6908450704225353,4
2022HOTO01,Zeki Hotoğlu,30,71,2022,2026,3.584507042253521,4.873380281690141,4
2022LURU01,Ruby Lu (卢红),48,71,2022,2025,3.315211267605634,3.965070422535211,3
2023SHIV05,Sid Shivnath,41,71,2023,2026,2.5015492957746477,3.596197183098592,3
2022OZSV01,Eli Ozsvath,39,71,2022,2025,2.541830985915493,3.72112676056338,3
2022JAME02,Greyson James,33,71,2022,2025,1.8212676056338029,2.5453521126760563,3
2007YOUN04,Ko Youngjin (고영진),52,70,2007,2026,3.444428571428572,4.476428571428571,19
2011CHEC01,Maxim Chechnev,55,70,2011,2025,6.060428571428572,8.400571428571428,14
2012CHEN54,Xingyu Chen (陈星宇),39,70,2012,2026,3.4715714285714285,4.762714285714286,14
2010UBAL01,John Edison Ubaldo (ᜇ᜔ᜌᜓ︀ᜈ᜔ ᜁᜇᜒᜐᜓ︀ᜈ᜔ ᜂᜊᜎ᜔ᜇᜓ︀),47,70,2010,2023,3.9734285714285713,5.459714285714286,13
2014OTER01,Murillo Gomes Otero,35,70,2014,2026,4.760857142857143,6.167142857142857,12
2015LULL01,Mohit Lulla,42,70,2015,2026,3.708,4.958142857142857,11
2015KIND01,Ryan Kindt,37,70,2015,2026,3.3675714285714284,4.509285714285714,11
2008ZERU01,Krzysztof Żerucha,32,70,2008,2019,3.503285714285714,4.264857142857143,11
2013GONZ05,Eki Gartzia González,30,70,2013,2024,2.5468571428571427,3.7608571428571427,11
2015AROR02,Arnav Arora,26,70,2015,2026,1.9852857142857143,2.758714285714286,11
2016SERR09,David Sánchez Serrano,42,70,2016,2026,4.551285714285714,6.163428571428572,10
2013MORR03,Christopher Morris,41,70,2015,2025,4.047571428571429,5.454428571428571,10
2011ZVYA01,Dmitry Zvyagintsev,36,70,2011,2021,2.9552857142857145,4.300428571428571,10
2016GALA04,Andrés Rodríguez Galán,35,70,2016,2026,3.6717142857142853,4.749142857142857,10
2016RIDL01,Ben Ridley,42,70,2016,2025,3.7119999999999997,5.357571428571428,9
2016MEYE02,Christian Meyer,39,70,2016,2025,2.7455714285714286,3.877142857142857,9
2017LAWR04,Timothy Lawrance,39,70,2017,2026,5.102857142857142,6.324,9
2017DAVI03,Katie Moughan,38,70,2017,2026,3.7150000000000003,5.0318571428571435,9
2017BRIG03,Joseph Briggs,34,70,2017,2026,3.114,4.198,9
2017TARA01,Ahmet Berkalp Tarakçı,27,70,2017,2026,3.2445714285714287,4.151857142857143,9
2018YAOC02,Caleb Yao (姚英華),39,70,2018,2026,2.2222857142857144,3.5254285714285714,8
2018MUNI02,Eduardo Munive,34,70,2018,2026,3.2318571428571428,4.414428571428571,8
2017SENI01,Oleksandr Seniuk (Олександр Сенюк),33,70,2017,2025,3.2314285714285713,4.555428571428571,8
2017MADD04,Richard Madden,32,70,2017,2025,2.636285714285714,3.460571428571429,8
2018TORS01,Tor Torstensson,28,70,2018,2026,2.757285714285714,3.9184285714285716,8
2018MERL03,Ulysse Merlin,37,70,2018,2025,2.8271428571428574,4.272714285714286,7
2019SANC20,Samuel Martinez Sanchez,37,70,2019,2026,3.5005714285714284,4.762,7
2010HUYN02,Duc Huynh,34,70,2019,2026,3.0811428571428574,4.191857142857143,7
2016JANO01,Jēkabs Janovs,31,70,2016,2023,3.366285714285714,4.421857142857142,7
2021BEDN01,Kinga Bednarska,49,70,2021,2026,3.1657142857142855,4.357571428571428,5
2012KUCH01,Piotr Kuchta,43,70,2012,2017,4.253714285714286,5.303428571428571,5
2011ZALE02,Marcin Zalewski,36,70,2011,2016,3.553857142857143,4.7581428571428575,5
2021HUAN02,Shuda Huang (黄黍达),31,70,2021,2026,1.606857142857143,2.2317142857142858,5
2015NATH02,Nitin Nathan,30,70,2015,2020,2.7714285714285714,3.7384285714285714,5
2017JAGL01,Adam Jagła,29,70,2017,2022,1.957857142857143,2.7295714285714285,5
2022HAMI04,Cy Hamilton,39,70,2022,2026,2.365428571428571,3.560285714285714,4
2022KEDZ01,Ryszard Kędziora,37,70,2022,2026,2.329,3.27,4
2022URBA02,Paweł Urbański,35,70,2022,2026,2.06,3.351,4
2018KEEN02,Joel Keenan,34,70,2022,2026,3.133142857142857,4.380571428571429,4
2022PRET04,Federico Preti,31,70,2022,2026,3.395142857142857,4.635285714285714,4
2022COST18,Joshua Da Costa,28,70,2022,2026,2.007857142857143,2.854,4
2022RUBI10,Zack Rubio,37,70,2023,2026,2.9914285714285715,3.8692857142857147,3
2023PENF01,Nicholas Penfold,36,70,2023,2026,3.0148571428571427,3.9625714285714286,3
2008MUGG01,Kristian Muggerud,41,69,2008,2022,5.078985507246377,7.114782608695652,14
2004LUIS03,Pedro Luis Muñoz Yañez,62,69,2013,2026,10.984202898550723,15.10159420289855,13
2013CZEC02,Dominik Czechowski,46,69,2013,2026,3.888260869565218,5.081884057971014,13
2014PAST01,Dan Pastushkov,45,69,2014,2026,3.109710144927536,4.119999999999999,12
2007LUCH01,Chia-Wei Lu (呂家維),45,69,2007,2018,3.9928985507246377,5.711014492753623,11
2007FUBO01,Fubo Wang (王富博),38,69,2007,2018,4.3533333333333335,5.554202898550725,11
2014OROV01,Liam Orovec,33,69,2014,2025,3.5497101449275363,4.541449275362319,11
2015WYSS01,Dimitri Wyss,36,69,2015,2025,3.0155072463768113,4.305217391304348,10
2017CARI02,Ivan Keith Cariaga,57,69,2017,2026,3.2340579710144928,4.596666666666667,9
2017GOLD02,James Golding,41,69,2017,2026,4.227101449275363,5.7382608695652175,9
2014OCHA01,Bartosz Ochał,36,69,2014,2023,3.847246376811594,5.004927536231884,9
2017HOIU01,Serhii Hoiuk (Сергій Гоюк),35,69,2017,2026,3.9830434782608695,5.322898550724638,9
2017JOHN09,Tyler Johnson,33,69,2017,2026,2.9527536231884057,4.187101449275363,9
2017THYB01,Linus Thyberg,33,69,2017,2026,3.4808695652173913,4.778695652173913,9
2017HUAN07,Marcelo Nuñez,31,69,2017,2026,3.3344927536231888,4.436231884057971,9
2017HSUE02,Eric Hsu (徐玉云),43,69,2017,2025,2.973478260869565,4.147536231884058,8
2016KIEB01,Midas Kiebert,41,69,2016,2024,3.496086956521739,4.645942028985507,8
2017MOTI02,Mikas Motiejuitis,41,69,2017,2025,3.771449275362319,5.68768115942029,8
2015GODO01,Diego Iglesias Godoy,29,69,2015,2023,3.551014492753623,4.7840579710144935,8
2017MART94,Víctor Adán Solis Martinez,28,69,2018,2026,2.5498550724637683,3.6565217391304348,8
2017SANK04,Vishwa Sankar,46,69,2017,2024,3.27,4.383478260869565,7
2019SCHE10,Matthias Schegers,38,69,2019,2026,3.2407246376811596,4.507681159420289,7
2019SICH01,Oliver Michael Sitja Sichel,35,69,2019,2026,2.6224637681159417,3.7617391304347825,7
2019BAXE02,Nikolas Baxevanis,34,69,2019,2026,3.0704347826086957,3.96536231884058,7
2018IMTI01,Muhammad Saleh Imtiaz,31,69,2018,2025,2.8662318840579712,4.247971014492753,7
2018JINZ02,Zhibo Jin (金智博),30,69,2018,2025,1.8079710144927537,2.488695652173913,7
2018RICC02,Alessandro Ricci,29,69,2019,2026,2.551449275362319,3.592898550724638,7
2010DAVI06,Julian David,26,69,2010,2017,3.1336231884057972,4.37159420289855,7
2014GUOY04,Yuxuan Guo (郭雨轩),35,69,2014,2020,3.022608695652174,4.001449275362319,6
2019REGO03,Amber Regoor,33,69,2019,2025,2.726376811594203,3.934927536231884,6
2013BOGD04,Tomek Bogdanik,31,69,2013,2019,2.8046376811594205,3.880869565217391,6
2015BUAT01,Witali Bułatow,46,69,2015,2020,4.735652173913043,5.666231884057971,5
2012CROS01,Jonah Crosby,38,69,2012,2017,3.068115942028985,4.372028985507247,5
2019BAUM02,Dylan Baumbach,32,69,2019,2024,1.9842028985507245,3.2339130434782613,5
2021WESO01,Ignacy Wesołowski,53,69,2021,2025,3.762028985507246,5.213478260869565,4
2014WUBA01,Baocheng Wu (吴宝城),47,69,2015,2019,4.600289855072464,5.9421739130434785,4
2022RIPP01,Luke Ripperger,43,69,2022,2026,3.6094202898550725,4.947536231884058,4
2022CIAM01,Giulio Beniamino Ciampa,42,69,2022,2026,2.64,3.910579710144927,4
2022OBRA01,Marko Obradović,41,69,2022,2026,3.917536231884058,5.37536231884058,4
2022HORV01,Tajda Horvat,40,69,2022,2026,4.179855072463768,5.555942028985507,4
2022KUMA05,Adhiyan Kumaresan,38,69,2022,2026,2.564202898550725,3.4828985507246375,4
2022RAMI15,Ledger Ramirez,38,69,2022,2026,2.9965217391304346,4.135797101449276,4
2022GRIS03,Julian Daza Grisales,32,69,2022,2026,2.670144927536232,3.718405797101449,4
2021PAND01,Alessio Pandin,30,69,2022,2026,2.5818840579710147,3.649855072463768,4
2022RUIZ02,Marisa Revaliente Ruiz,30,69,2022,2026,2.263333333333333,2.982608695652174,4
2022CRAM02,Justus Leander Cramer,29,69,2022,2026,1.9685507246376814,2.9356521739130437,4
2022ALGA01,Rafael Ricardo Gómez Algarra,39,69,2023,2026,3.6472463768115944,5.027101449275363,3
2024GABO02,Henryk Gabor,40,69,2024,2026,3.091739130434783,4.203623188405797,2
2024GUST01,Ruben Norén Gustafsson,28,69,2024,2026,1.6844927536231884,2.595217391304348,2
2006TSAI03,Yueh-Lin Tsai (蔡岳霖),46,68,2006,2025,3.924558823529412,5.388823529411765,19
2011LINB01,Brandon Lin (林博浩),46,68,2011,2025,3.1648529411764708,4.504411764705883,14
2012HUGH01,Dylan Hughlett,36,68,2012,2025,2.8595588235294116,4.062205882352941,13
2013MICK01,Emil Mickein,44,68,2014,2026,5.917794117647059,7.475441176470588,12
2014TILA01,Jonathan Tilahun,40,68,2014,2026,2.743823529411765,3.669705882352941,12
2014XUZI01,Zibo Xu (徐子博),30,68,2014,2026,2.9847058823529413,4.109852941176471,12
2008CABA03,Jakub Cabaj,40,68,2008,2019,3.8345588235294117,4.75264705882353,11
2014CHEN37,Liam Chen,38,68,2015,2026,2.6747058823529413,3.7576470588235296,11
2015HUSH02,Shao-Yu Hu (胡紹宇),36,68,2015,2026,3.003970588235294,4.164264705882353,11
2015LIUZ08,Zifeng Liu (刘子枫),33,68,2015,2026,2.42,3.393823529411765,11
2016HOLD04,Joanna Hołdakowska,47,68,2016,2026,3.8649999999999998,4.4879411764705885,10
2016ATTA01,Fayad Hafiz Attaqi,39,68,2016,2026,3.1377941176470587,4.12235294117647,10
2012SATH01,Abhishek Sathyanarayanan,31,68,2012,2022,4.058529411764706,5.182058823529411,10
2016CVIJ01,Lucijan Cvijetović,31,68,2016,2026,3.2070588235294117,4.179264705882353,10
2016NYCZ01,Marcel Nycz,54,68,2017,2026,4.2675,5.389411764705883,9
2017DELG02,Kevin Antony Tello Delgado,46,68,2017,2026,4.1275,5.640588235294118,9
2011MOLI01,Alberto Masó Molina,39,68,2013,2022,5.569705882352942,7.79514705882353,9
2017MINH15,Nguyễn Khang Minh,31,68,2017,2026,2.666029411764706,3.5604411764705883,9
2018MADR02,Maxime Madrzyk,41,68,2018,2026,2.9505882352941173,4.277352941176471,8
2017COOL02,Addy Coolidge,40,68,2018,2026,3.461323529411765,4.434705882352941,8
2017BORG02,Gabriel Bergue,36,68,2017,2025,3.5848529411764707,4.775294117647059,8
2018FRED01,Håkon Fredriksen,36,68,2018,2026,3.8622058823529413,5.193823529411765,8
2018RIAB01,Yurii Riabov (Юрій Рябов),36,68,2018,2026,3.733235294117647,5.364264705882353,8
2018LIUN01,Nancy Liu,32,68,2018,2026,1.8275,2.5589705882352938,8
2018ULVE01,Lars Ulveseth,32,68,2018,2026,3.7769117647058823,5.141764705882353,8
2012DELI01,Ryan DeLine,56,68,2012,2019,4.742058823529412,6.679117647058824,7
2018SZOS01,Filip Szostak,42,68,2018,2025,3.244264705882353,4.352794117647059,7
2019MYSL01,Szymon Myśliński,42,68,2019,2026,3.216764705882353,4.520294117647059,7
2018GODI01,Ivan Ros Godia,41,68,2018,2025,4.039558823529411,5.798382352941177,7
2019MCMO01,Conor Ryan McMorrow,30,68,2019,2026,2.786470588235294,3.817794117647059,7
2019ZENG10,Wei-Ming Zeng (曾唯銘),30,68,2019,2026,2.121176470588235,3.289705882352941,7
2019CHEY31,Yen-An Chen (陳彥安),26,68,2019,2026,1.7942647058823529,2.5285294117647057,7
2008PADL01,Piotr Michał Padlewski,45,68,2008,2014,5.191470588235294,6.1625000000000005,6
2012KABI01,Shubhayan Kabir,31,68,2012,2018,3.8694117647058826,5.3358823529411765,6
2013PING01,Anant Pingle,30,68,2013,2019,4.090147058823529,5.334852941176471,6
2019GUNG01,Muhammed Volkan Güngör,26,68,2019,2025,3.2676470588235293,4.219705882352941,6
2021OTSU01,Jamie Otsu,32,68,2021,2026,2.8239705882352943,4.068529411764707,5
2021SHEN01,Edwin Shen,31,68,2021,2026,2.456029411764706,3.5195588235294117,5
2022DONA04,Ishan Donavalli,38,68,2022,2026,3.097058823529412,4.054558823529412,4
2014DRAP01,Jeffrey Draper,36,68,2014,2018,3.93,4.915294117647059,4
2022GONZ04,Carlos Cascos González,35,68,2022,2026,3.2983823529411764,4.268676470588235,4
2022MEGU01,Tisa Megušar,35,68,2022,2026,3.303970588235294,4.336470588235294,4
2017ILIN01,Maxim Ilin,33,68,2017,2021,2.7216176470588236,3.911764705882353,4
2022KIRS01,James Kirschner,32,68,2022,2026,2.326911764705882,3.264705882352941,4
2022SJOG01,Leo Sjögren,27,68,2022,2026,2.110735294117647,2.8844117647058822,4
2022THRE02,Samuel Threlkeld,27,68,2022,2026,2.684411764705882,3.677941176470588,4
2023ASHT01,Parker Ashton,38,68,2023,2026,3.3091176470588235,4.725882352941177,3
2023ROEP01,Isak Gylling Roepstorff,36,68,2023,2026,2.7680882352941176,4.199117647058824,3
2023AMBR04,Frederik Ambrosi,34,68,2023,2026,3.1561764705882354,4.405,3
2022FOLK01,Olle Folkesson,31,68,2022,2025,2.4536764705882352,3.761764705882353,3
2022VISH01,Yoav Vishne,25,68,2022,2025,1.1129411764705883,1.6058823529411765,3
2010GAFF01,Garret von Gaffron,38,67,2010,2024,4.096716417910448,5.456417910447761,14
2013VASI02,Vasile Dan,44,67,2013,2026,4.811940298507462,6.637761194029851,13
2013TAKA02,Makoto Takaoka (高岡誠),34,67,2013,2026,1.9997014925373133,2.915671641791045,13
2011COLL02,Shonathon Collins,40,67,2011,2023,3.563880597014925,4.893731343283582,12
2012SOHO01,Rituraj Sohoni,38,67,2012,2023,3.294328358208955,4.497910447761194,11
2013RIAB01,Yevhen Riabokon (Євген Рябоконь),31,67,2013,2024,2.808507462686567,4.035820895522388,11
2016SIGG01,Graham Siggins,48,67,2016,2026,3.1944776119402984,4.242089552238806,10
2016LEEM02,Matt Lee,43,67,2016,2026,3.6655223880597014,4.93044776119403,10
2014SONG08,Zian Song (宋子安),40,67,2015,2025,3.909402985074627,5.143880597014925,10
2015JORG01,Mikela Elleby Jørgensen,66,67,2015,2024,8.94462686567164,12.580597014925372,9
2010HANH01,Tzu-Han Hung (洪梓菡),52,67,2011,2020,5.192388059701492,6.685970149253731,9
2009FACI01,Radu Făciu,47,67,2010,2019,5.987910447761194,7.871492537313433,9
2016OTGO01,Orgil Otgonbayar (Отгонбаяр Оргил),34,67,2016,2025,2.366716417910448,3.123731343283582,9
2017SANC20,Jerónimo González Sánchez,32,67,2017,2026,2.7088059701492537,3.836865671641791,9
2017DAVI21,Guillaume David,31,67,2017,2026,2.253582089552239,3.113283582089552,9
2017BEVA01,Thomas Bevan,30,67,2017,2026,2.8940298507462687,3.880149253731344,9
2017KORH01,Lauri Korhonen,26,67,2017,2026,2.2955223880597018,3.4192537313432836,9
2017URBA01,Mantas Urbanavičius,28,67,2017,2025,2.478358208955224,3.7386567164179105,8
2019SREE06,Akash Sreedharan (ஆகாஷ் ஸ்ரீதரன்),40,67,2019,2026,2.5262686567164176,3.564179104477612,7
2019SOTT01,Andrew Sotto,36,67,2019,2026,2.9838805970149256,4.367761194029851,7
2017KOLI01,Mohammed Aiman Koli,34,67,2017,2024,3.2779104477611942,4.35134328358209,7
2019BEGU01,José Miguel Beguiristain,31,67,2019,2026,3.2050746268656716,4.408059701492538,7
2019NIED02,Marcel Niedl,34,67,2020,2026,3.4776119402985075,4.62089552238806,6
2022CARU02,Jacob Carubia,45,67,2022,2026,3.2643283582089553,4.366567164179105,4
2022MENE02,Irene Fraile Menéndez,42,67,2022,2026,6.019253731343284,7.605820895522388,4
2014ANDE01,Quinten Andelhofs,32,67,2014,2018,3.1192537313432838,4.383283582089552,4
2022BOEK01,Mick Boekema,31,67,2022,2026,2.4538805970149253,3.52910447761194,4
2023MEZA02,Miguel Ángel Meza,44,67,2023,2026,4.308955223880597,5.765820895522388,3
2023STRA33,Eduardo Ribeiro Strauch,39,67,2023,2026,4.059402985074627,5.272985074626866,3
2022ERIK05,Thelma Eriksson,37,67,2023,2026,3.467313432835821,4.998955223880597,3
2023BERN07,Florian Bernard,36,67,2023,2026,4.070298507462686,5.2297014925373135,3
2022PREC01,Dennis Preciado,31,67,2022,2025,3.3123880597014925,4.339253731343284,3
2023GOUD01,Hugo Goudriaan,29,67,2023,2026,1.9605970149253729,2.812985074626866,3
2008SAMP01,Bradley Sampson,50,66,2008,2026,4.470303030303031,5.872424242424242,18
2008SUNZ01,Zhouheng Sun (孙舟横),33,66,2008,2025,2.770151515151515,3.495151515151515,17
2011FREI01,Felipe Baldívio Freires,49,66,2011,2023,6.096060606060606,8.319242424242425,12
2013KOBA01,Tomohiro Kobayashi (小林知広),39,66,2013,2025,2.9054545454545453,4.328181818181818,12
2014DUBE03,Shubham Dubey,33,66,2014,2026,2.8857575757575757,4.137272727272728,12
2015BEUG01,David Beugnon,42,66,2015,2026,3.8243939393939392,5.07060606060606,11
2012MAMP01,Giles Mampaey,31,66,2013,2024,3.675909090909091,5.006060606060606,11
2015NATH01,Spondon Nath,37,66,2015,2025,3.391212121212121,4.2272727272727275,10
2015LEEJ12,Jason Lee,33,66,2015,2025,2.4807575757575755,3.410909090909091,10
2015WILD01,Noah Wilde,33,66,2015,2025,3.0893939393939394,3.869242424242424,10
2009IOVA01,Massimiliano Iovane,31,66,2009,2019,3.4442424242424243,4.543636363636364,10
2017KELL10,TJ Kelly,57,66,2017,2026,4.51469696969697,5.864696969696969,9
2016KIMD05,DaYeong Kim (김다영),55,66,2017,2026,4.653787878787878,6.216212121212121,9
2017PIET02,Markuss Pietkuns,35,66,2017,2026,3.6913636363636364,4.905909090909091,9
2016GABA02,Amey Gaba,34,66,2017,2026,2.6524242424242424,4.0206060606060605,9
2017SUTT01,Titus Sutterfield,27,66,2017,2026,2.028030303030303,2.897575757575758,9
2018SUAR04,Antonio Adorno Suarez,44,66,2018,2026,4.268636363636364,5.673484848484848,8
2015ALLE03,Wesley Allen,35,66,2015,2023,3.6395454545454546,5.0631818181818184,8
2018DAMK01,Fabian Damke,34,66,2018,2026,3.1045454545454545,4.119242424242424,8
2018LEIV03,Jorge Rodón Leiva,34,66,2018,2026,3.0704545454545453,4.1884848484848485,8
2011REYN02,Alban Reynaud,31,66,2011,2019,3.4715151515151517,4.682424242424243,8
2011RHEI01,Emanuel Rheinert,27,66,2011,2019,2.8215151515151513,4.026060606060606,8
2019TENG03,Yangshuo Teng (滕仰硕),34,66,2019,2026,3.026818181818182,4.125151515151515,7
2019REDI02,Dominic Redisi,31,66,2019,2026,1.9974242424242425,2.838787878787879,7
2018PONT03,Matías Ponte,29,66,2019,2026,2.0831818181818185,2.8934848484848485,7
2015MURN01,Diana Murnik,58,66,2015,2021,6.934242424242424,9.655606060606061,6
2019BURD02,Gabriel Garber Burd,36,66,2019,2025,2.7583333333333333,3.666969696969697,6
2020QURE01,Zane Qureshi,35,66,2020,2026,1.8783333333333334,2.6993939393939392,6
2016GUND05,Dmitry Gundin,34,66,2017,2022,2.7092424242424245,3.550757575757576,5
2021PHIL05,Nathan Phillips,34,66,2021,2026,2.446212121212121,3.726060606060606,5
2021DILL03,Ellery Dillon,31,66,2021,2026,1.7122727272727274,2.576060606060606,5
2010TANE01,Gaurav Taneja,30,66,2011,2016,4.244545454545454,5.658787878787879,5
2016ROBL05,Christofer Alejandro Aguirre Robledo,46,66,2022,2026,3.997121212121212,5.683787878787879,4
2022PISC01,Giovanni Pische,37,66,2022,2026,3.7218181818181817,5.327878787878788,4
2022VUCE02,Toms Edvards Vucens,32,66,2022,2026,3.7675757575757576,4.791515151515152,4
2019NAYA01,Prabhav Rajaram Nayak,31,66,2022,2026,2.3000000000000003,3.244242424242424,4
2022COOP04,Albie Cooper,27,66,2022,2026,2.900909090909091,3.8527272727272726,4
2021ATKI01,Miller Atkinson,25,66,2021,2025,2.704090909090909,3.6901515151515154,4
2010MOFF02,Zoé de Moffarts,43,66,2010,2013,6.210909090909091,8.657878787878786,3
2023MANG02,Declan Mangan-Lamb,34,66,2023,2026,2.43060606060606,3.6357575757575757,3
2023MONT04,Miguel Martínez Montañes,24,66,2023,2026,1.8454545454545455,2.7171212121212123,3
2008PRYK01,Owidiusz Pryk,55,65,2008,2024,7.112615384615385,6.067846153846153,16
2010ZHAN17,Hao Zhang (张昊),35,65,2010,2026,3.5976923076923075,4.827692307692308,16
2009SANC06,Asier Cardoso Sánchez,43,65,2009,2024,4.676769230769231,6.668923076923077,15
2010APAG01,Richard Jay S. Apagar,40,65,2010,2025,3.19,4.412923076923077,15
2013WOJC01,Dominik Wojciechowski,41,65,2013,2026,3.9673846153846153,4.87,13
2005PARI01,Javier París,38,65,2005,2018,5.338153846153847,7.069692307692307,13
2013RASK01,Samantha Raskind,37,65,2013,2025,3.054923076923077,4.2229230769230774,12
2007OMUR01,Shuhei Omura (大村周平),39,65,2007,2018,3.378769230769231,4.522461538461538,11
2014SHAH08,Shresth Shah,33,65,2014,2025,3.780615384615385,4.688461538461539,11
2015YANG23,Cheng-Ru Yang,33,65,2015,2026,3.0404615384615385,4.373384615384615,11
2011GUCU01,Can Gücüyener,31,65,2011,2022,3.8066153846153847,5.028,11
2011HAMS01,Jonathan Hamstad,26,65,2011,2022,2.784307692307692,3.7690769230769234,11
2014MONG01,Shlok Mongia,25,65,2014,2025,2.5439999999999996,3.6587692307692308,11
2014TAYL06,Harry Taylor,42,65,2015,2025,3.864,5.250153846153846,10
2008MIZU01,Weston Mizumoto,38,65,2009,2019,3.1912307692307693,4.349230769230769,10
2015FAUG01,Marike Faught,34,65,2016,2026,4.395538461538461,6.0021538461538455,10
2016SUBI01,Erik Subirats,34,65,2016,2026,3.6327692307692305,4.791384615384615,10
2017FONS04,Jan Fonš,43,65,2017,2026,4.118153846153846,5.6904615384615385,9
2016DAVI02,Ethan Davis,40,65,2016,2025,3.34,4.49123076923077,9
2017HADE01,Rustin Haderlie,37,65,2017,2026,3.209846153846154,4.355076923076923,9
2017CRET01,Jules Créteur,35,65,2017,2026,2.784307692307692,3.700769230769231,9
2017GUZM05,Camilo Guzmán,35,65,2017,2026,4.290461538461538,5.566923076923077,9
2009GLOP01,Daniel Gloppestad Bajer,31,65,2009,2018,3.5644615384615386,4.966,9
2015BERN02,Agustín Bernasconi,30,65,2015,2024,3.382307692307692,4.333538461538462,9
2013WANK01,Key Yu Wan,27,65,2014,2023,3.6946153846153846,4.8303076923076915,9
2017CHAR16,Mark Charlesworth,63,65,2018,2026,9.60523076923077,13.000615384615385,8
2016DABR02,Marek Dąbrowski,45,65,2016,2024,3.6804615384615382,4.858153846153846,8
2018SZUS01,Eddie Szuster,43,65,2018,2026,2.868153846153846,4.222,8
2019VILL03,Brandon Villadolid,38,65,2019,2026,2.2392307692307694,3.5052307692307694,7
2011LIMA01,Allyson Dias de Lima,36,65,2012,2019,4.223692307692308,6.219384615384615,7
2019HOOG01,Roel Hoogeveen,34,65,2019,2026,3.473230769230769,4.4343076923076925,7
2018BUDH01,Yash Budhiraja,33,65,2018,2025,3.039846153846154,4.320923076923077,7
2018GORD04,Tye Gorder,31,65,2018,2025,2.7724615384615388,4.050307692307692,7
2015KOEN01,Christian König,28,65,2015,2022,3.020769230769231,4.315384615384615,7
2019DREW01,Oliver Drew,27,65,2019,2026,2.588153846153846,3.5856923076923075,7
2011KUOE01,Er-Sheng Kuo (郭爾陞),41,65,2012,2018,4.155846153846154,5.774923076923077,6
2012LIUY03,Yiwei Liu (刘伊玮),35,65,2012,2018,3.8430769230769233,4.9592307692307696,6
2019PARI10,Ishan Parikh,35,65,2020,2026,3.555230769230769,4.614615384615385,6
2020ARTZ01,Eddie Artze,31,65,2020,2026,2.0358461538461534,3.2455384615384615,6
2021GUDB01,Jaustin Gudbrandsen,39,65,2021,2026,2.648307692307692,3.6966153846153844,5
2021LIED01,Tobias Lied,37,65,2021,2026,5.510307692307692,7.136153846153847,5
2021COUR01,Xavier Courteau-Laing,30,65,2021,2026,2.4224615384615387,3.4947692307692306,5
2021SEUF01,Toby Seufert,29,65,2021,2026,2.034307692307692,3.150923076923077,5
2022KUCA01,Joe Kucala,57,65,2022,2026,8.715076923076923,11.358307692307692,4
2022OSTA01,Julian Ostadal,35,65,2022,2026,3.487230769230769,4.900461538461538,4
2019HORA01,Vojtěch Horák,34,65,2022,2026,2.814153846153846,3.825846153846154,4
2022SAND02,Declan Sander,34,65,2022,2026,3.3666153846153843,4.698769230769231,4
2022CHOO02,Aiden Lim Tze Choon,27,65,2022,2026,1.7603076923076924,2.478923076923077,4
2013JOKI01,Kim Jokinen,26,65,2013,2017,2.6386153846153846,3.6453846153846152,4
2020SUBA02,Lochitha Subasinghe,26,65,2020,2024,2.8,3.820923076923077,4
2022KILB01,Martin Kilbergr,25,65,2022,2026,1.8747692307692307,2.618153846153846,4
2022MONT30,Arturo Lizama Montoya,50,65,2023,2026,6.839076923076924,8.828615384615384,3
2022HERB02,Thea Herborn,37,65,2022,2025,3.4783076923076925,4.742615384615385,3
2017PERI05,David Sánchez Peris,30,65,2023,2026,2.9052307692307693,3.888153846153846,3
2023ZIDA01,Liam Zidar,30,65,2023,2026,3.1929230769230768,4.348615384615385,3
2022LIMK01,Kris Lim,28,65,2022,2025,2.124307692307692,3.2726153846153845,3
2022POUR02,Netanel Pour,26,65,2022,2025,2.241230769230769,3.2164615384615383,3
2024VASI03,Ville Vasilis,34,65,2024,2026,4.000923076923077,5.180769230769231,2
2023DUFI01,Aaron Dufieux,25,65,2023,2025,2.7918461538461536,3.804923076923077,2
2010VYNN01,Ivan Vynnyk (Іван Винник),30,64,2010,2025,3.2659375,4.42453125,15
2009OSTA01,Roman Ostapenko (Роман Остапенко),37,64,2010,2024,4.06765625,5.9284375,14
2014WALK05,Alex Walker,45,64,2014,2026,4.776875,6.04046875,12
2014CHRI04,Benjamin Christie,37,64,2014,2026,3.00203125,4.07015625,12
2014DHAN03,Sohan Dhanak,31,64,2014,2026,3.15359375,4.444375,12
2014GRAD03,Adam Gradess,40,64,2014,2025,2.91453125,3.97859375,11
2014ZAUS01,Krystian Załuski,38,64,2014,2025,3.750625,4.699375,11
2015CHAN37,Max Chan,38,64,2015,2026,2.81703125,3.83203125,11
2011BEAT01,Raúl Low Beattie,34,64,2012,2023,3.886875,5.47921875,11
2016ACUN04,Brian Acuña,41,64,2016,2026,3.37796875,4.71890625,10
2016COSS01,Dylan Cossin,31,64,2016,2026,2.43984375,3.32234375,10
2009JORG02,Ronan Felipe Jorge,58,64,2010,2019,7.9471875,10.7728125,9
2017NOVA05,João Luiz Melo Novaes,58,64,2017,2026,10.9221875,15.72078125,9
2008NIIN01,Hideki Niina (新名秀樹),55,64,2008,2017,5.28171875,6.54390625,9
2017TENU01,Enrico Tenuti,29,64,2017,2026,2.9809375,4.03953125,9
2017DOHE01,Tom Doherty,28,64,2017,2026,2.815625,3.75484375,9
2017YINX01,Xingkai Yin (尹星凯),27,64,2017,2026,2.56640625,3.67671875,9
2015BART01,Luboš Bartík,26,64,2015,2024,2.8209375,3.9546875,9
2018WILS11,Currin Wilson,47,64,2018,2026,4.34609375,5.85203125,8
2015CHEN20,Austin Chen,39,64,2015,2023,3.38765625,4.4675,8
2017MARR02,Margot Audero,35,64,2017,2025,2.9178125,3.72953125,8
2018MILL08,Cameron Miller (梅克龍),30,64,2018,2026,1.645,2.33234375,8
2018KAST02,Ihor Kastranets (Ігор Кастранець),29,64,2018,2026,2.8853125,3.9634375,8
2016LAGO04,Mykhailo Lagoida (Михайло Лагойда),26,64,2016,2024,2.52953125,3.5346875,8
2018HERN24,Rodrigo González Hernández,31,64,2018,2025,2.610625,3.79796875,7
2018YADA02,Divij Yadav,30,64,2018,2025,2.20015625,3.02828125,7
2014THUV01,Johan Thuvesen,29,64,2014,2021,3.04953125,4.19140625,7
2019DOCK02,Kaden Christopher Dockins,28,64,2019,2026,1.90109375,2.9059375,7
2009BARB01,Gabriel Dechichi Barbar,26,64,2009,2016,2.83609375,4.25859375,7
2019DIAS02,Mario Armando Takahashi Martins Dias,31,64,2019,2025,2.8567187499999998,3.7096875,6
2012WESC01,Lucas Wesche,28,64,2012,2018,3.01421875,4.10296875,6
2019DAWI02,Laura Dawidiak,39,64,2021,2026,4.36828125,5.8990625,5
2006ROBA01,Michał Robaczyk,35,64,2006,2011,4.1434375,4.69921875,5
2021ITAL02,Manfredi Italiano,30,64,2021,2026,2.8696875,3.90953125,5
2020ZHAN19,Alikhan Zhanybekov,25,64,2020,2025,2.7125,4.1853125,5
2021ATKI02,Thomas Atkins,23,64,2021,2026,2.18515625,2.95609375,5
2022CORT01,Lars Corthout,38,64,2022,2026,3.74578125,5.26578125,4
2022IVAN02,Bruno Ivančić,33,64,2022,2026,3.36,4.685625,4
2022MART13,Valerio Martinelli,31,64,2022,2026,2.42,3.650625,4
2021CALT01,Jay Calter,26,64,2021,2025,2.2871875,3.3340625,4
2022JONE01,Cooper Jones,26,64,2022,2026,1.87703125,2.9521875,4
2022SUSA02,Jovan Susanto,26,64,2022,2026,1.7159375,2.4178125,4
2014MILE01,Patryk Milewczyk,56,64,2023,2026,5.4740625,7.259375,3
2023DIAZ45,Sergio Chaparro Díaz-Cano,43,64,2023,2026,4.73609375,6.60796875,3
2023TIMO01,Víctor Tretyakov Timofeyeva,38,64,2023,2026,3.66703125,4.684375,3
2023CLAC02,Truman Clack,36,64,2023,2026,3.5607812500000002,5.13640625,3
2023MOLI01,Germán García Molina,32,64,2023,2026,3.06234375,4.27703125,3
2022AGUA01,Alex Aguayo,29,64,2022,2025,2.6246875,3.5825,3
2023CHEJ07,Jeffrey Chen,34,64,2024,2026,2.2665625,3.30875,2
2013MINT01,Deni Mintsaev,42,63,2013,2026,3.9573015873015875,5.826666666666666,13
2014DUDE01,Adrian Dudek,43,63,2014,2026,4.004761904761905,5.397936507936508,12
2014TURY01,Danyil Turyk (Даниїл Турик),24,63,2014,2026,2.7001587301587304,3.7636507936507937,12
2014GROV01,Saransh Grover,49,63,2014,2025,4.352857142857143,5.856666666666667,11
2015CLAU02,Carson Claud,43,63,2015,2026,4.131746031746032,5.394444444444445,11
2014PATT02,Thomas Patterson,34,63,2014,2025,3.2958730158730156,4.524126984126984,11
2015JIME10,José Enrique Jiménez,31,63,2015,2026,4.2306349206349205,5.659206349206349,11
2011DUHA01,Haichuan Du (杜海川),28,63,2011,2022,2.9925396825396824,4.028730158730159,11
2015KULK06,Rahul Kulkarni,25,63,2015,2026,2.5863492063492064,3.450793650793651,11
2016HINS02,Shek Ho Hin (石灝軒),42,63,2016,2026,2.973968253968254,4.283492063492064,10
2016ACOS08,Elias Miguel Acosta Acosta,38,63,2016,2026,4.946190476190476,6.281111111111111,10
2016AQUI02,Jose Polorhenzo Aquino,37,63,2016,2026,2.282539682539683,3.5073015873015874,10
2016THOM01,Jaden Thompson,35,63,2016,2026,2.7396825396825397,3.9042857142857144,10
2013KEJR01,Aryan Kejriwal,32,63,2013,2023,2.8734920634920633,3.907460317460317,10
2015BELJ01,Toni Beljo,27,63,2015,2025,2.8226984126984123,4.106984126984127,10
2017YANG62,Marco Yang,49,63,2017,2026,3.9663492063492063,5.550793650793651,9
2017FARA06,Muhtasim Al-Farabi,39,63,2017,2026,3.3525396825396827,4.882063492063492,9
2017KROK01,Bartłomiej Krokos,38,63,2017,2026,2.9611111111111112,4.065396825396825,9
2017GILM01,Miguel Alonso Gil,35,63,2017,2026,3.5730158730158728,4.5134920634920634,9
2017FENG10,Hill Pong Yong Feng,32,63,2017,2026,2.0730158730158728,3.358888888888889,9
2018SIMP06,Stone Payne,44,63,2018,2026,3.206031746031746,4.2712698412698415,8
2018EKST01,Ethan Ekstrom,42,63,2018,2026,3.4893650793650797,4.607619047619047,8
2017KLAU01,William Klauer,37,63,2017,2025,3.2587301587301587,4.210158730158731,8
2018BATS01,Buyantogtokh Batsaikhan (Батсайхан Буянтогтох),36,63,2018,2026,3.525714285714286,4.787936507936508,8
2012CORO01,Giovanny Coronado,35,63,2012,2020,4.302063492063492,5.63,8
2018SHAH38,Aayush Shah,34,63,2018,2026,2.5825396825396822,3.5882539682539685,8
2015MATT05,Enzo Mattos,31,63,2015,2023,2.205079365079365,3.289365079365079,8
2014ZUPA01,Staš Zupanc,24,63,2014,2022,2.233174603174603,3.1695238095238096,8
2019IGNA05,Javier Ignacio,42,63,2019,2026,2.43015873015873,3.3174603174603177,7
2018SPIL01,Aaron Spiller,39,63,2018,2025,4.045714285714285,5.606190476190476,7
2019MATU03,Savion Romeo Matula,39,63,2019,2026,3.148730158730159,4.341746031746031,7
2011KOWO01,Paweł Kowol,44,63,2011,2017,4.51952380952381,5.943492063492063,6
2020WIRA01,Benjamin Wirahpati,37,63,2020,2026,2.7080952380952383,3.795238095238095,6
2019KRAL01,Barbara Kralj,35,63,2020,2026,4.157777777777778,5.483492063492063,6
2018TOMA03,Nikodem Tomaszuk,35,63,2018,2023,3.104920634920635,3.98031746031746,5
2019SIER04,Matthew Sieredzinski,29,63,2019,2024,3.7009523809523808,4.672857142857143,5
2022KEAT02,Tadhg Keating,38,63,2022,2026,4.366031746031746,5.511587301587302,4
2022MITC01,William Mitchell,36,63,2022,2026,3.024126984126984,4.445396825396825,4
2022NECU01,Anais Isabelle Necula,36,63,2022,2026,3.2974603174603176,4.388888888888889,4
2022SZCZ03,Johanna Szczesny,33,63,2022,2026,4.017301587301588,5.487777777777778,4
2022SANT05,Emanuel Victor Araújo dos Santos,32,63,2022,2026,3.518730158730159,4.828253968253969,4
2020YEHE01,Ethan Yeh,30,63,2022,2026,2.468571428571429,3.543333333333333,4
2022MAOA01,Andrew Mao,29,63,2022,2026,1.4288888888888889,1.922063492063492,4
2019GEET02,Tyler Gee,28,63,2022,2026,2.948095238095238,4.09031746031746,4
2022MANT03,Alberto Mantovani,28,63,2022,2026,3.1507936507936507,4.257619047619048,4
2018FOWL03,Braxton Lee Fowler,27,63,2022,2026,1.7971428571428572,2.5292063492063495,4
2023MODR01,Isaac Modrow,45,63,2023,2026,2.578095238095238,3.746825396825397,3
2023ANDR11,Radu Andrei Andrieș,36,63,2023,2026,2.8909523809523807,3.9847619047619047,3
2022RAYY01,Muhammad Rayyan,34,63,2022,2025,2.778888888888889,3.6885714285714286,3
2022GREC01,Miles Greco,32,63,2022,2025,2.674285714285714,3.892857142857143,3
2022PINO01,Diego Garcia Pino,32,63,2022,2025,3.650634920634921,4.566349206349207,3
2015DELA05,Richard Delacoste,31,63,2015,2018,3.2417460317460316,4.372698412698413,3
2022LUCA01,Alfred Anthony Riise Lucas,31,63,2022,2025,3.1912698412698415,4.581587301587302,3
2022PANT01,Samuel Panteon,28,63,2022,2025,3.658888888888889,5.195714285714286,3
2011FLAG01,Josh Flagg,36,62,2011,2026,3.6629032258064513,5.011290322580645,15
2011KANG05,Chen Kang (亢晨),45,62,2012,2025,4.8543548387096775,6.1812903225806455,13
2012WERB01,Sebastian Werb,33,62,2012,2025,3.177741935483871,4.485161290322581,13
2013YESH01,Shanglin Ye,33,62,2013,2026,3.3204838709677422,4.376774193548387,13
2012ZAKR01,Amelia Zakrzewska,59,62,2014,2026,7.377741935483871,9.51016129032258,12
2014ZHAO12,Tianyu Zhao (赵天愉),40,62,2014,2026,3.6351612903225807,4.71225806451613,12
2007BODO01,Bertalan Bodor,35,62,2007,2019,3.87241935483871,4.6779032258064515,12
2014RUIZ10,Kevin Arturo Huamán Ruiz,33,62,2014,2026,3.680483870967742,4.736451612903227,12
2003LARS01,Anders Larsson,59,62,2004,2015,10.522419354838709,13.8,11
2013VEGA03,Cristian Ezequiel Vega,55,62,2015,2026,7.493870967741936,11.46048387096774,11
2014NOVO01,Tomáš Novotný,31,62,2014,2025,3.4566129032258064,4.8472580645161285,11
2015XION03,Max Xiong (熊锐明),27,62,2015,2026,2.490322580645161,3.517741935483871,11
2013ALZA01,Yuri Villanueva Alzamora,43,62,2013,2023,5.619354838709677,7.389516129032257,10
2016MEZI01,Thibaut Mézières,37,62,2016,2026,3.436451612903226,4.917258064516129,10
2016CHIL02,Akshaansh Chilakapati,29,62,2016,2026,2.946774193548387,4.069354838709677,10
2006MERT01,Jim Mertens,39,62,2008,2017,5.631935483870968,7.209354838709678,9
2011CHEN54,Yuxuan Chen,38,62,2017,2026,3.523064516129032,4.563064516129033,9
2017ZUNI05,Axel Uriel Sánchez Zúñiga,34,62,2017,2026,3.346290322580645,4.63516129032258,9
2017ENKH01,Amarsanaa Enkhbaatar,32,62,2017,2026,2.988548387096774,4.050161290322581,9
2013GADY01,Kamil Gładysz,28,62,2013,2022,2.859516129032258,3.609677419354839,9
2006SAWL01,Jaclyn Sawler,62,62,2006,2014,12.773709677419355,17.592903225806452,8
2017OGUR02,Yoji Ogura (小倉洋二),39,62,2017,2025,3.12,4.468548387096774,8
2017TESC01,Pedro Henrique Tesch,38,62,2018,2026,4.400161290322581,5.950967741935483,8
2017HUYN05,Aaron Huynh,30,62,2017,2025,2.226612903225807,3.3225806451612905,8
2017VILL42,Claudio Andre Gomez Villca,28,62,2017,2025,3.3101612903225806,4.433870967741935,8
2019LOND02,Andres Felipe Rodríguez Londoño,51,62,2019,2026,5.4353225806451615,6.725,7
2019AUBI01,Lucas Aubin,49,62,2019,2026,3.9251612903225808,5.006129032258064,7
2018MEND18,Sara García Mendes,41,62,2018,2025,4.625322580645161,5.948387096774193,7
2016YENC01,Christopher Yen,32,62,2016,2023,2.253064516129032,3.0624193548387098,7
2019CALO01,Peio Calonge,30,62,2019,2026,3.860483870967742,5.120161290322581,7
2018OLII01,Maksym Oliynyk,28,62,2018,2025,2.7679032258064518,3.765,7
2019CHAI04,Carol Chai,25,62,2019,2026,1.9706451612903226,2.6566129032258066,7
2011LIYI02,Yinqin Li (李尹钦),23,62,2012,2019,1.6811290322580645,2.3974193548387093,7
2008ANDE02,Oscar Roth Andersen,37,62,2008,2014,4.179677419354839,6.000322580645161,6
2012POJD01,Piotr Pojda,34,62,2012,2018,3.3504838709677416,4.779677419354838,6
2021WELS01,Harvey Welsford,38,62,2021,2026,4.583870967741936,6.119354838709677,5
2021OCHO01,Juan Esteban Ochoa,33,62,2021,2026,3.0453225806451614,4.29516129032258,5
2015RIZZ02,Luca Rizzi,29,62,2015,2020,2.8777419354838707,3.8429032258064515,5
2022LOLA01,Lola Pap,33,62,2022,2026,3.2538709677419355,4.408870967741936,4
2022JONE11,Kyle Jones,31,62,2022,2026,2.617903225806452,4.1537096774193545,4
2022RELA01,Shrey Relan,31,62,2022,2026,2.2611290322580646,3.3072580645161294,4
2022CHAS02,Wesley Chase,30,62,2022,2026,1.715483870967742,2.5461290322580648,4
2022YING04,Alexius Goh Jun Ying,26,62,2022,2026,2.0824193548387093,2.8475806451612904,4
2022GOKC01,Emirhan Gökçe,25,62,2022,2026,3.3245161290322582,4.808709677419355,4
2022STRA10,Thomas Strasser,25,62,2022,2026,2.205322580645161,3.1498387096774194,4
2023BELT01,Nicolás Gómez Beltrán,42,62,2023,2026,3.469193548387097,4.9074193548387095,3
2023MIHA06,Stefania Gabriela Mihalache,35,62,2023,2026,3.44258064516129,4.955322580645162,3
2022LEON11,Lucius Leong,29,62,2022,2025,2.636451612903226,3.6274193548387097,3
2022POWE01,Johannes Djupedal Power,26,62,2022,2025,3.2603225806451612,4.519193548387097,3
2023HIMM02,Dylan Himmelfarb,25,62,2023,2026,2.083064516129032,2.7256451612903225,3
2022BENM02,Hallel Ben-Meir,24,62,2023,2026,1.9574193548387098,2.702258064516129,3
2010YINF01,Fung Hoi Yin (馮凱賢),31,61,2010,2025,3.4711475409836066,4.303606557377049,15
2014MAIL01,Jesse Mailloux,53,61,2014,2026,4.287868852459017,5.970327868852459,12
2014JIAN10,Leia Jiang,39,61,2014,2026,3.9003278688524587,4.844754098360656,12
2014TERE03,Ivan Terekh,36,61,2014,2026,5.576393442622951,6.892950819672132,12
2012KISH03,Vijay Kishore,35,61,2013,2025,3.5849180327868853,5.584590163934426,12
2014BOYA01,Mark Boyanowski,45,61,2014,2025,4.129016393442623,5.366557377049181,11
2015HENR02,Luis Alonso Inestroza Henriquez,42,61,2015,2026,5.909672131147541,7.692786885245901,11
2015LEON08,Aldo José Gramajo de León,23,61,2015,2026,3.887540983606557,5.019016393442623,11
2016DONO02,Orion Donovan,52,61,2016,2026,5.596229508196721,7.655245901639344,10
2008ASIS01,Kristopher De Asis,30,61,2008,2018,4.024590163934426,5.3006557377049175,10
2015PAVE01,Daniel Pavelich,46,61,2016,2025,3.725081967213115,5.165409836065574,9
2016SENN01,Fabian Senn,44,61,2016,2025,4.843770491803279,6.306229508196721,9
2017JABL01,Maciej Jabłoński,44,61,2017,2026,3.4240983606557376,4.338196721311475,9
2016GSEL01,Grégoire Gsell,31,61,2016,2025,2.788360655737705,3.8629508196721316,9
2017PRIG01,Vasilis Prigkos,29,61,2017,2026,2.4296721311475413,3.3898360655737707,9
2011PIHE01,Raphaël Pihet,36,61,2011,2019,3.2381967213114753,4.577049180327869,8
2016DEIB01,James Deibert,36,61,2016,2024,3.2547540983606558,4.323606557377049,8
2018WANG40,Zhenyu Wang (王振宇),28,61,2018,2026,2.0308196721311473,2.6752459016393444,8
2018BLOC01,Jonathan Blöcher,24,61,2018,2026,2.09344262295082,2.69672131147541,8
2018PERE37,Francia Perez,61,61,2019,2026,19.318360655737706,22.536393442622952,7
2018TURE01,Anatolii Turenko,40,61,2018,2025,3.2240983606557374,4.739180327868852,7
2007CINO01,Rafael de Andrade Cinoto,29,61,2017,2024,5.5478688524590165,7.409672131147541,7
2019BADR01,Osman Badroodin,28,61,2019,2026,3.1595081967213114,4.325409836065574,7
2020MELI02,Veerle Melis,35,61,2020,2026,3.9009836065573773,4.9113114754098355,6
2013GILM01,Mateusz Gil,31,61,2015,2021,2.9462295081967214,3.9488524590163934,6
2019HERM05,Tobias Hermans,30,61,2019,2025,2.4272131147540983,3.6963934426229508,6
2016MESZ01,Luke Meszar,46,61,2021,2026,4.67,6.215245901639344,5
2014HANT01,Tianlang Han (韩天朗),32,61,2014,2019,3.8834426229508194,5.178196721311475,5
2021DOLA01,Jude Doland,28,61,2021,2026,2.0106557377049183,2.850327868852459,5
2017LAIN01,Santeri Laine,27,61,2017,2022,3.604590163934426,4.822786885245901,5
2022TICK01,Pierce Tickle,44,61,2022,2026,4.305081967213115,5.84655737704918,4
2022SPIT04,David Spitzer,31,61,2022,2026,3.3642622950819674,4.525901639344262,4
2022CUNN04,Thomas Michael Seán Cunningham,30,61,2022,2026,3.37,4.317540983606557,4
2016JAIN04,Naman Jain,28,61,2016,2020,2.6827868852459016,3.9342622950819672,4
2022PLUG01,Jonathan Plug,28,61,2022,2026,2.138032786885246,3.1980327868852463,4
2022SIME04,Jonathan Hummel Simensen,26,61,2022,2026,2.1434426229508197,3.480655737704918,4
2022TURC02,Jakub Turczyk,43,61,2022,2025,3.8506557377049178,4.738196721311475,3
2023GABA01,Szymon Gabara,42,61,2023,2026,3.2740983606557377,4.171311475409836,3
2023LOPE09,Jordi Lleixà López,37,61,2023,2026,4.173606557377049,5.659016393442623,3
2023DESP01,Shiloh D'Espyne,34,61,2023,2026,2.643606557377049,3.9106557377049183,3
2023BOIS02,Charles Bois,31,61,2023,2026,2.3988524590163935,3.538360655737705,3
2023ROTH06,Ryan Roth,29,61,2023,2026,2.3114754098360657,3.3088524590163937,3
2022MCEW01,Ruben McEwan,26,61,2022,2025,3.2583606557377047,4.402295081967213,3
2022GOUR01,Neil Gour,30,61,2022,2024,3.1088524590163935,3.7832786885245904,2
2023CHAN16,Ryan Chan,21,61,2023,2025,1.699016393442623,2.553114754098361,2
2004ZAMO01,Adam Zamora,51,60,2005,2024,6.3276666666666666,8.161999999999999,19
2011MILA02,João Gabriel de Aguiar Milani,36,60,2011,2024,5.504499999999999,8.346166666666667,13
2014GULA02,Abdullah Gulab,46,60,2014,2026,4.2485,5.672833333333333,12
2011CHOI04,Jusun Choi (최주선),34,60,2014,2026,2.8743333333333334,3.8503333333333334,12
2014JANE02,Ethan Jan,31,60,2014,2026,2.1475,2.9564999999999997,12
2013GUER03,Leo Guernion,39,60,2013,2024,4.504833333333334,6.217,11
2015CONT02,Pablo Contreras,28,60,2015,2026,2.501,3.4433333333333334,11
2015BALD03,Xavier Antonio Balderrama,31,60,2015,2025,3.454833333333333,4.9078333333333335,10
2016SHEL02,Harsh Arvind Shelwatkar,29,60,2016,2026,3.120833333333333,4.332,10
2013FURL01,Mattia Furlan,27,60,2013,2023,3.1918333333333333,4.2988333333333335,10
2017ARIA04,Junior Alfredo Arias,48,60,2017,2026,4.8415,6.893666666666666,9
2017LIUJ21,Joy Liou Liu (刘丽欧),44,60,2017,2026,4.4965,6.5728333333333335,9
2015GONS01,James Gonsalves,39,60,2015,2024,4.409666666666666,5.89,9
2016CHAV12,Mauro Daniel Basurto Chavez,37,60,2016,2025,3.552,5.180166666666667,9
2017CAST48,Egdar Castillo,35,60,2017,2026,4.449333333333333,6.130833333333333,9
2017BHOL01,Veenayak Bhola,33,60,2017,2026,3.0483333333333333,4.344833333333333,9
2017KIRK01,Eli Kirk,33,60,2017,2026,2.416333333333333,3.479,9
2016GOME10,Jesús Fernando Castelán Gómez,32,60,2016,2025,3.342833333333333,4.6045,9
2017FERR01,Seth Ferry,29,60,2017,2026,2.7115,3.7393333333333336,9
2016GUOS02,Sky Guo (郭建欣),28,60,2016,2025,2.358166666666667,3.45,9
2016KYLE01,Benjamin Kyle,26,60,2016,2025,2.3041666666666667,3.1668333333333334,9
2018ZYNE01,Arkadiusz Żynel,51,60,2018,2026,4.942666666666667,6.8998333333333335,8
2018KRIS28,Sri Ganesh Krishna,43,60,2018,2026,3.9675000000000002,5.0648333333333335,8
2018BAKE07,Chaeli Baker,37,60,2018,2026,4.367166666666666,6.267166666666666,8
2013LIHA03,Hang Li (李航),33,60,2013,2021,3.7386666666666666,4.9565,8
2018AMIR03,Zach Amiridis,33,60,2018,2026,3.065833333333333,4.180666666666666,8
2017ALLE05,Koen van Aller,32,60,2018,2026,3.6555000000000004,4.7025,8
2012SANG02,Rishabh Sanghavi,27,60,2012,2019,4.0329999999999995,5.507666666666666,7
2018MUSI03,Szymon Musiał,26,60,2018,2025,1.8784999999999998,2.8698333333333332,7
2015MIKH04,Farid Mikhailov,30,60,2015,2021,2.7916666666666665,3.9498333333333333,6
2019MAZZ01,Nicola Mazza,24,60,2019,2025,2.0243333333333333,2.9843333333333333,6
2014BAND04,Mahith Bandi,32,60,2015,2020,2.320666666666667,3.5748333333333333,5
2013LITV02,Kirill Litvinov,31,60,2013,2018,3.6420000000000003,5.021,5
2021ZHUA01,Yiming Zhuang (庄轶茗),27,60,2021,2026,1.7851666666666666,2.4388333333333336,5
2022PHAR01,Jay Pharma,30,60,2022,2026,2.135,2.9585,4
2021GADD01,Aarav Gaddam,28,60,2022,2026,2.768666666666667,3.6993333333333336,4
2022ANDZ01,Miłosz Andzel,26,60,2022,2026,3.0260000000000002,4.4145,4
2022MOTE01,Hoomaan Motevalli Habibi,21,60,2022,2026,2.1743333333333337,3.2115,4
2022BERC01,Taiyo Berčič,30,60,2023,2026,2.4618333333333333,3.431166666666667,3
2023SCOT07,Drake I. Scott,29,60,2023,2026,3.1603333333333334,4.245666666666667,3
2023CONR01,Bryan B. Conrrado,28,60,2023,2026,2.3631666666666664,3.3345,3
2012LIYA01,Yang Li (李扬),31,59,2012,2026,3.3171186440677967,4.335593220338983,14
2008TAIC01,Chia-Liang Tai (戴嘉良),40,59,2009,2022,4.142711864406779,5.383559322033898,13
2014DICK01,Jeffery Dick,34,59,2014,2026,4.1701694915254235,5.6125423728813555,12
2013FORT01,Christian de Sena Fortunato,28,59,2013,2025,2.768305084745763,3.842033898305085,12
2014BILG01,Jason Bilgrei,39,59,2014,2025,3.7689830508474578,5.11542372881356,11
2015SIMA02,Carolina Cunha Simão,39,59,2015,2026,3.785084745762712,4.915254237288136,11
2015CHAK01,Snehashish Chakravarti,38,59,2015,2026,3.9762711864406777,5.254745762711864,11
2015DRIS02,Ryan Driscoll,32,59,2015,2026,3.6183050847457627,4.606101694915254,11
2015SMED01,Christian Smedegaard,32,59,2015,2026,3.636779661016949,4.719661016949153,11
2013FUEN01,Erick Lemus Fuentes,30,59,2013,2024,3.7954237288135593,5.167118644067797,11
2016PERS01,Ordway Persyn,35,59,2016,2026,3.350338983050847,4.515084745762712,10
2015YERT01,Alikhan Yertursyn (Алихан Ертурсын),31,59,2015,2025,3.3622033898305084,4.650508474576271,10
2016VELE01,Jose Carlos García Vélez,28,59,2016,2026,2.9569491525423732,4.02864406779661,10
2014SZEK01,Dániel Székely,23,59,2014,2024,2.6298305084745763,3.6359322033898307,10
2016REND02,Berk Rende,21,59,2016,2026,2.8345762711864406,3.5901694915254234,10
2017MCNE01,Dallas McNeil,43,59,2017,2026,4.593898305084746,5.906440677966102,9
2017GLOD01,Carlo Glod,41,59,2017,2026,4.075762711864407,5.4759322033898306,9
2017SUNY01,Owen Yepeng Sun (孙叶芃),34,59,2017,2026,3.4899999999999998,4.5020338983050845,9
2016ZHEN09,Ang Chin Zhen (洪靖程),31,59,2017,2026,2.5913559322033897,3.7410169491525425,9
2016CABE01,Ignacio Mita Cabezas,30,59,2016,2025,3.5803389830508476,4.86542372881356,9
2017MERA01,Diego Alonso Tapia Mera,30,59,2017,2026,3.1483050847457625,4.273050847457627,9
2017GONZ50,Ekaitz Rey González,26,59,2017,2026,3.38,4.5310169491525425,9
2018ANGE01,Karl Matthew Angeles,41,59,2018,2026,2.288983050847458,3.457118644067797,8
2018CLEM05,Griffin Clem,39,59,2018,2026,3.203728813559322,4.626271186440678,8
2017BARR18,Fabian Andrey Montenegro Barrero,36,59,2017,2025,3.8033898305084746,5.455254237288136,8
2018DALO01,Charles Daloz-Baltenberger,34,59,2018,2026,2.847457627118644,4.150508474576271,8
2018LIAN10,Ephraim Lim Shao Liang (林绍良),33,59,2018,2026,2.8596610169491523,4.1081355932203385,8
2018WALD04,Zachary Walden,29,59,2018,2026,3.203220338983051,4.5772881355932205,8
2018MING07,MinGwan Yeo (여민관),45,59,2019,2026,3.481864406779661,5.245254237288136,7
2017ONUS01,Maxim Onushkin,37,59,2017,2024,3.914915254237288,5.288474576271186,7
2019HOCH04,Chuan-Chen Ho (何權宸),34,59,2019,2026,3.5440677966101695,4.79,7
2017GARC63,Kevin Carrillo García,31,59,2017,2024,3.63728813559322,4.886101694915253,7
2017HANY01,Yezhen Han (韩业臻),27,59,2017,2024,2.766271186440678,3.689491525423729,7
2011WANN01,Daniel Wannamaker,26,59,2012,2019,2.1313559322033897,3.0098305084745767,7
2017MEHM02,Sam Mehmani (سام مهمانی),25,59,2017,2024,2.0172881355932204,2.8911864406779664,7
2011MIEN01,Kamil Mieńko,43,59,2011,2017,4.715762711864407,6.065084745762712,6
2020LOPE03,Joan Manuel Ciurlizza López-Caparrós,38,59,2020,2026,4.203898305084746,5.439322033898305,6
2015KOZH01,Vladislav Kozhin,33,59,2015,2021,3.4354237288135594,4.585762711864406,6
2013MCGR02,Logan McGraw,26,59,2013,2019,2.886949152542373,3.9871186440677966,6
2012ROQU01,Pedro Roque,25,59,2012,2018,2.8477966101694916,4.068983050847457,6
2017SUND09,Waldemar Sundin,23,59,2017,2023,2.679491525423729,3.82864406779661,6
2014CAIL01,Lincheng Cai (蔡林成),47,59,2014,2019,4.913559322033898,6.481186440677966,5
2014SZEP01,István Szepesi-Nagy,30,59,2014,2019,3.8238983050847457,5.028474576271186,5
2021KLIO01,Viltė Klioštoraitytė,30,59,2021,2026,3.6166101694915254,4.6591525423728815,5
2021GROH01,Vojtěch Grohmann,28,59,2021,2026,2.4671186440677966,3.9852542372881357,5
2021MARC03,Chiara Marcucci,44,59,2022,2026,6.09864406779661,7.682542372881356,4
2021WALS04,Nuadha Walsh,36,59,2022,2026,4.299661016949153,6.247796610169492,4
2022SAND23,Eli Sanderson,36,59,2022,2026,4.574406779661016,6.140847457627118,4
2022CHIC02,Jack Chicoine,35,59,2022,2026,3.2057627118644065,4.394745762711865,4
2022SAND01,Josh Sanderson,34,59,2022,2026,2.643220338983051,3.832542372881356,4
2022QUIN17,Samuel German Giraldo Quintero,31,59,2022,2026,3.318813559322034,4.5442372881355935,4
2022BHUW01,Hitesh Kumar Bhuwalka,29,59,2022,2026,3.0823728813559326,4.27542372881356,4
2022SELL05,Luke Selle,28,59,2022,2026,2.5996610169491525,3.395932203389831,4
2021ARUN01,Aditya Arunkumar,27,59,2021,2025,2.272372881355932,3.285084745762712,4
2021XUZI03,Zixuan Xu (徐子轩),27,59,2021,2025,1.5274576271186442,2.1583050847457628,4
2022ESPI07,Aaron Espiritu,25,59,2022,2026,2.3340677966101695,3.200677966101695,4
2022FODS01,Jonathan Björck Fodstad,25,59,2022,2026,3.0515254237288136,4.074067796610169,4
2013REDO01,Victor Sanchez Redondo,23,59,2013,2017,3.1986440677966104,4.506779661016949,4
2022QIUE03,Ethan Qiu,35,59,2023,2026,3.2942372881355935,4.536271186440678,3
2015CURM01,Nejc Ian Čurman,23,59,2015,2018,2.7083050847457626,3.58,3
2024SUBI01,Gabriel Subion,48,59,2024,2026,3.1640677966101696,4.527796610169491,2
2005TOMI01,Junya Tomita (富田純也),32,58,2006,2026,3.803793103448276,4.407413793103448,20
2007HUGH01,Mike Hughey,47,58,2008,2026,6.710344827586207,8.301379310344828,18
2011VERV01,Bruno Vervoort,33,58,2011,2024,3.7005172413793104,5.238620689655172,13
2012PUTR01,Bintang Kurnia Putra,39,58,2012,2024,3.768448275862069,5.1851724137931035,12
2013BULM01,JP Bulman,36,58,2013,2025,3.231034482758621,4.229137931034483,12
2014SANT16,Gabriel Silva dos Santos,34,58,2014,2026,5.08,6.42844827586207,12
2015WANG87,James Wang,34,58,2015,2025,3.9725862068965516,5.112241379310345,10
2015BASA02,Ethan Basanov,33,58,2015,2025,3.0998275862068962,4.319137931034483,10
2013ZENG02,Fangrui Zeng (曾方锐),28,58,2013,2023,3.3812068965517246,4.5953448275862065,10
2016LIQI03,Qingze Li (李庆泽),26,58,2016,2026,2.1568965517241376,2.973448275862069,10
2015SILV55,Antonio Gabriel Freitas da Silva,25,58,2015,2025,2.5151724137931035,3.702931034482759,10
2017VELA04,Arcadio Soriano Velázquez,40,58,2017,2026,3.778103448275862,5.04948275862069,9
2016GEEL01,Jade Geels,39,58,2016,2025,4.035344827586207,5.871379310344828,9
2017FAIZ01,Mohamad Adrian Syahirin Bin Mohd Faizal,38,58,2017,2026,2.8310344827586205,4.360172413793103,9
2016LIBO05,Boying Li (李博莹),35,58,2016,2025,3.2939655172413795,4.658103448275862,9
2017WARR04,Benjamin Warry,27,58,2017,2026,1.8767241379310344,2.7608620689655172,9
2018SMIT42,Dan Smith,48,58,2018,2026,7.048620689655173,9.053448275862069,8
2016PASK01,Aaron Paskow,40,58,2017,2025,2.978448275862069,4.24,8
2018ALVA16,Jansen Alvarez,40,58,2018,2026,2.356206896551724,3.5101724137931036,8
2017KOTA01,Jacob Kotai,38,58,2017,2025,3.2127586206896552,4.412068965517242,8
2017KOCH08,Tyler Kochy,34,58,2017,2025,2.644137931034483,3.7308620689655174,8
2016MESC01,Brody Meschke,32,58,2017,2025,3.523448275862069,4.397931034482759,8
2017LEEM03,Matthew Lee,28,58,2017,2025,2.0582758620689656,2.8370689655172416,8
2009SALA01,Jorge Leonardo Sánchez Salazar,23,58,2010,2018,3.2879310344827584,4.662758620689655,8
2011FATE01,Seyyed Mohammad Hossein Fatemi (سید محمد حسین فاطمی),20,58,2011,2019,2.753965517241379,3.825344827586207,8
2008WOJT01,Marek Wójtowicz,45,58,2008,2015,5.459655172413793,6.118793103448276,7
2009LEFE01,Quentin Lefebvre,35,58,2009,2016,4.26051724137931,5.643620689655172,7
2017GUID01,Carolina Guidetti,35,58,2018,2025,3.925172413793103,5.776724137931034,7
2019BROW10,Aidan Browne,35,58,2019,2026,4.539137931034483,5.981724137931034,7
2018GONZ25,Luka Arce González,31,58,2018,2025,3.642413793103448,5.173103448275862,7
2019RATT02,Louis-Marie Ratto,24,58,2019,2026,1.5943103448275862,2.1270689655172417,7
2013HAHN02,Max Hahnbück,23,58,2013,2019,3.165344827586207,4.386551724137931,6
2021ANDE05,Jack Anderson,34,58,2021,2026,2.656206896551724,3.6753448275862066,5
2021SHET02,Dhruv M. Sheth,34,58,2021,2026,3.169137931034483,4.075862068965518,5
2021MORA01,Mikołaj Morawski,30,58,2021,2026,2.3275862068965516,3.2698275862068966,5
2021LUUL01,Linh Son Luu,28,58,2021,2026,3.094310344827586,4.405172413793103,5
2021PANE01,Eli Panetta,28,58,2021,2026,3.1608620689655176,4.068620689655172,5
2022YEOM01,Micah Yeo,45,58,2022,2026,2.9355172413793102,4.079655172413793,4
2022ANDE01,Mitchell Anderson,39,58,2022,2026,3.9679310344827585,5.463620689655172,4
2022DATT02,Adih Datta,31,58,2022,2026,2.0394827586206894,2.514655172413793,4
2022BERR06,Lukas Berruti,30,58,2022,2026,3.0629310344827587,4.251379310344828,4
2022RANN01,Rocco Rannisi,29,58,2022,2026,3.6006896551724137,5.0439655172413795,4
2022HILL02,Tegan Hill,26,58,2022,2026,3.6375862068965517,4.808793103448276,4
2023POSA01,Alvaro Perez Posas,39,58,2023,2026,3.6591379310344827,4.668103448275862,3
2022SOZA01,Tymon Sozański,37,58,2022,2025,3.68,4.800689655172413,3
2023QUIN18,Daniel Lencastre de Souza Quintão,34,58,2023,2026,4.34948275862069,5.556724137931035,3
2023VELA19,Pablo Amoraga Velasco,22,58,2023,2026,2.1420689655172414,3.156034482758621,3
2022DEGE01,Camilo DeGeest,30,58,2022,2024,3.282241379310345,4.164827586206896,2
2007LEMO01,Laetitia Lemoine,43,57,2008,2024,6.6043859649122805,8.463157894736842,16
2012ACHA01,Carlos Pedro Casado de Achával,41,57,2012,2026,5.730350877192983,8.535789473684211,14
2012WALK02,Adam Walker,41,57,2012,2026,4.075964912280702,5.270175438596491,14
2012KEJS01,Ottfried Kejs,26,57,2012,2026,3.2164912280701756,4.44,14
2010MALL01,Justin Mallari,40,57,2010,2023,3.5359649122807015,5.101929824561403,13
2013ESTE02,Augusto Rosa Esteves,34,57,2013,2026,4.47719298245614,5.955789473684211,13
2013DINH01,Vi Dinh,32,57,2013,2026,3.523157894736842,4.514561403508772,13
2014DATT01,Dattatreya Chodavarapu,50,57,2014,2026,5.986315789473684,7.160701754385966,12
2014PACE01,Grzegorz Pacewicz,48,57,2014,2025,6.665614035087719,5.663508771929824,11
2015TRIG02,Jorge Miguel Trigo,45,57,2015,2026,5.0519298245614035,6.856315789473684,11
2015BLYB01,Leo Blyberg,33,57,2015,2026,3.481578947368421,4.865087719298246,11
2015MCAC01,Teri McAcy,31,57,2015,2026,2.0778947368421052,3.129649122807017,11
2015HIDA03,Rodrigo Noe Gonzalez Hidalgo,29,57,2015,2026,3.1180701754385964,4.507192982456141,11
2016MARB01,Jasper Lee Marbella,31,57,2016,2026,3.423157894736842,4.626315789473684,10
2016TIMO02,Đorđe Timotijević,29,57,2016,2026,3.737017543859649,5.122631578947368,10
2017GOLD01,Daniel Goldstein,52,57,2017,2026,5.270526315789474,6.636666666666667,9
2016BAIR01,Samuel Baird,37,57,2016,2025,3.5098245614035086,4.882807017543859,9
2016MAWA01,Wang Ma (马旺),27,57,2016,2025,2.754385964912281,3.9557894736842103,9
2018ALEX06,Michael Alexander,34,57,2018,2026,3.702105263157895,4.795263157894737,8
2017CHAN07,Sumanth Chandrupatla,28,57,2017,2025,2.0473684210526315,3.0612280701754386,8
2019MORR07,Ryan Morrison,35,57,2019,2026,3.1112280701754385,4.420526315789473,7
2016CAST23,Javier Tovar Castro,34,57,2016,2023,4.4366666666666665,6.293333333333334,7
2019BELL10,Jack Bellomy,29,57,2019,2026,2.7880701754385964,3.916491228070176,7
2017TOYS01,Azael Toysehua,28,57,2019,2026,3.3712280701754387,4.696140350877193,7
2010SHIX01,Xin Shi (石欣),34,57,2012,2018,4.431929824561403,5.543157894736842,6
2012FROS01,Oliver Frost,29,57,2013,2019,3.563859649122807,4.825614035087719,6
2015VERE01,Kristóf Veres,26,57,2015,2021,3.3519298245614038,4.746666666666667,6
2021ROET01,Victor Roets,30,57,2021,2026,2.4964912280701754,3.3073684210526317,5
2021LEES01,Sebastian Lee,25,57,2021,2026,1.8224561403508772,2.5350877192982457,5
2013ZHYH01,Vladyslav Zhyhailo (Владислав Жигайло),21,57,2013,2018,2.862631578947368,3.759649122807018,5
2021CHOD01,Daniel Cho,50,57,2022,2026,4.062105263157894,5.356140350877193,4
2022YILD01,Toprak Berva Yıldırım,35,57,2022,2026,5.807368421052631,7.6947368421052635,4
2022SASA04,Kentaro Sasaki,31,57,2022,2026,2.2433333333333336,3.2721052631578944,4
2010RICC02,Andrew Ricci,29,57,2011,2015,3.3266666666666667,4.484912280701754,4
2022CUIA01,Auric Cui,27,57,2022,2026,2.8573684210526316,3.7566666666666664,4
2022KASP03,Jan Jędrzej Kasprzak,26,57,2022,2026,1.9019298245614034,2.7103508771929827,4
2021LOFT01,Enda Loftus,22,57,2021,2025,2.133859649122807,2.867719298245614,4
2022DAGA01,Adhyan Daga,21,57,2022,2026,2.599824561403509,3.2189473684210523,4
2023LEPA01,Callie LePage,35,57,2023,2026,4.594912280701755,6.129824561403509,3
2023KUBI02,Artur Kubicki,32,57,2023,2026,2.5370175438596494,3.496140350877193,3
2023BELT04,Sebastian Bruno Beltran,30,57,2023,2026,3.2910526315789475,4.221754385964912,3
2023CHAI02,Anawin Chaichana (อนาวิล ชัยชนะ),30,57,2023,2026,1.9921052631578946,3.1405263157894736,3
2023WATE01,Evan Waters,28,57,2023,2026,2.0278947368421054,2.9950877192982457,3
2022MCCA04,Brandon McCann,27,57,2022,2025,3.436315789473684,4.72561403508772,3
2023KIZI01,Victor Kiziukiewicz,27,57,2023,2026,1.7621052631578946,2.6070175438596492,3
2022STEE07,Luke Steele,25,57,2023,2026,3.1592982456140355,4.527368421052632,3
2023KNOX02,Jamie Knox,25,57,2023,2026,3.4324561403508773,4.550526315789473,3
2022BOCA01,Alexandru Boca,24,57,2022,2025,2.787543859649123,3.9135087719298243,3
2023AKAR03,Ömer Eymen Akar,21,57,2023,2026,2.848421052631579,4.1033333333333335,3
2023HANN13,Ahti Isohanni,28,57,2024,2026,3.3754385964912283,4.7494736842105265,2
2013BLOC01,Marcin Bloch,23,57,2013,2015,2.8056140350877192,3.6989473684210528,2
2011LOHE01,Jessica Lohe,47,56,2011,2025,8.0275,10.036249999999999,14
2012PERE04,Carlos Miguel Pérez,40,56,2012,2026,4.865714285714286,5.960714285714286,14
2006KASP02,Sander Kaspers,37,56,2012,2026,4.564285714285714,6.264642857142857,14
2012GIOV02,Luiggi Giovanucci,29,56,2012,2026,4.363571428571428,5.648214285714286,14
2013MEND03,Louis de Mendonça,30,56,2013,2026,3.0560714285714283,4.063571428571429,13
2013CLAP01,Maxime Clapié,25,56,2013,2026,2.8057142857142856,3.9299999999999997,13
2013TRUC01,Florian Truckenthanner,24,56,2013,2026,2.333392857142857,3.562142857142857,13
2006FRAN01,Piotr Frankowski,40,56,2006,2018,5.599285714285714,5.474107142857143,12
2015YORK01,Daniel York,36,56,2015,2026,3.1660714285714286,4.225,11
2009YERU01,Ruzhen Ye (叶儒臻),33,56,2010,2021,3.906071428571429,4.463035714285715,11
2014SCHA03,Tim Schädel,28,56,2014,2025,3.740535714285714,5.3149999999999995,11
2009CYRK01,Tomasz Cyrklaff,27,56,2009,2020,3.7725,4.854642857142857,11
2016PRAB03,Pranav Prabhu,33,56,2016,2026,4.138214285714286,5.375178571428571,10
2016REYE11,Miguel Reyes,33,56,2016,2026,3.695535714285714,5.202857142857143,10
2016CULF01,Aston Culf,32,56,2016,2026,3.7925,4.89,10
2014MEYE06,Kira-Lysan Meyer,31,56,2015,2025,3.5876785714285715,5.043928571428571,10
2014KWAS01,Hubert Kwasigroch,30,56,2014,2024,3.6844642857142857,4.619999999999999,10
2015NEWH01,Will Newhoff,30,56,2015,2025,2.779821428571428,3.44375,10
2017SURE01,Siddharth Suresh,45,56,2017,2026,4.738035714285714,6.444464285714285,9
2017WALL02,Arthur Wallem,33,56,2017,2026,4.200714285714286,5.317321428571428,9
2017SRIV11,Lakshmi Sai Srivatsa,28,56,2017,2026,3.2392857142857143,4.413214285714285,9
2008CRAW01,Simon Crawford,25,56,2008,2017,4.122857142857143,5.09875,9
2016ELOV01,Viljo Elo,25,56,2016,2025,3.223392857142857,4.288214285714286,9
2015TKAC02,Jakub Tkaczyk,39,56,2018,2026,3.4664285714285716,4.569464285714285,8
2018YIKL01,Lim Chun Yik (林峻毅),38,56,2018,2026,2.8833928571428573,4.135357142857143,8
2015IVAN03,Oleksandr Ivanchak (Олександр Іванчак),33,56,2015,2023,4.260535714285714,6.5755357142857145,8
2018TURR01,Jacob Turrubiartes,33,56,2018,2026,2.7473214285714285,3.880357142857143,8
2018HOVO01,Yelysei Hovorun (Єлисей Говорун),32,56,2018,2026,3.466964285714286,4.739464285714286,8
2018OVER04,Carl Overbye,32,56,2018,2026,3.152857142857143,4.617321428571429,8
2018PUTR06,Azaeel Benaya Putra,31,56,2018,2026,2.5878571428571426,3.6060714285714286,8
2017OUDL01,Levi Oud,30,56,2018,2026,2.832142857142857,4.188035714285714,8
2018CRUZ17,Ricardo Zapata Cruz,28,56,2018,2026,3.052857142857143,4.068214285714285,8
2017TIBB01,Ben Tibbetts,27,56,2017,2025,2.7912500000000002,4.090892857142857,8
2018CAPA01,Zee Capangpangan,24,56,2018,2026,2.307857142857143,3.2657142857142856,8
2019GONZ22,Alisson Gonzalez,54,56,2019,2026,13.410535714285714,17.773035714285715,7
2019TERP01,Angelo Terpening,47,56,2019,2026,3.87,5.780178571428571,7
2019MARI16,Sebastián Morón Mariscal,43,56,2019,2026,4.237678571428572,6.168214285714286,7
2019SMIT28,Evan Smith,32,56,2019,2026,2.6685714285714286,3.575892857142857,7
2008LINH01,Hao-Zheng Lin (林浩正),31,56,2009,2016,2.973392857142857,4.029107142857143,7
2007AGUA01,Alejandro Aguado Barahona,30,56,2007,2014,4.06875,5.4925,7
2018SORI06,Alejandro Soriano Compta,26,56,2018,2025,3.430357142857143,4.7612499999999995,7
2018WALA01,Max Walaszek,26,56,2018,2025,1.856607142857143,2.7416071428571427,7
2018SAIT06,Darren Saito,24,56,2019,2026,1.8219642857142857,2.6625,7
2019GUER03,Diogo Miguel Alves Guerreiro,24,56,2019,2026,2.6664285714285714,4.048392857142857,7
2019TARA09,Timofei Tarasenko,23,56,2019,2026,1.2955357142857142,1.7801785714285714,7
2010VERE01,Manu Vereecken,42,56,2011,2017,7.194285714285714,9.564642857142857,6
2004CHAM01,Edouard Chambon,34,56,2007,2013,3.568214285714286,4.791785714285714,6
2021SPIE02,Ulrich Spies,54,56,2021,2026,8.77125,12.238928571428572,5
2008HANK01,Kanneti Sae Han (คันธ์เนตี แซ่ห่าน),30,56,2008,2013,4.156428571428571,5.448928571428572,5
2022BOLE01,Idan Bolesto,40,56,2022,2026,3.914107142857143,5.041964285714286,4
2007WONG02,Tim Wong,39,56,2012,2016,4.0008928571428575,5.276071428571428,4
2022LEAV01,Orion Leavitt-Lytle,37,56,2022,2026,2.880535714285714,4.296428571428572,4
2022LIMA01,Maria Clara Rodrigues Garola Lima,37,56,2022,2026,3.6441071428571425,5.084464285714286,4
2022PERR01,Valentin Perrez,35,56,2022,2026,3.246607142857143,4.7575,4
2022POZU01,Aitor Javier Rubio Pozuelo,32,56,2022,2026,3.319107142857143,4.772678571428571,4
2022ZACH03,Hugo Zacharoff,29,56,2022,2026,4.288214285714286,5.969821428571429,4
2022MOTA01,Ángel Quintana Mota,27,56,2022,2026,3.080714285714286,4.300357142857143,4
2022QUEM01,Antoine Quemerais,27,56,2022,2026,2.324464285714286,3.3198214285714287,4
2022RICH02,Oliver Richards,27,56,2022,2026,3.3544642857142857,4.898928571428571,4
2023STOL04,Paweł Stolarski,35,56,2023,2026,2.7066071428571425,4.03625,3
2023ALTA07,Muhammad Aldrian Altansyah,34,56,2023,2026,3.316607142857143,4.270178571428572,3
2023SPRA03,Benjamin Spradley,30,56,2023,2026,3.368392857142857,4.867857142857143,3
2022HATI01,Sacha Hatier,27,56,2022,2025,3.7478571428571428,4.968035714285714,3
2013GOYA01,Henry Hideki Goya,25,56,2014,2017,3.1214285714285714,4.510714285714285,3
2023MARA10,Stephanie Rose Martin,24,56,2023,2026,1.928392857142857,2.914107142857143,3
2023CAMP03,Marco Campitelli,22,56,2023,2026,1.830892857142857,2.569107142857143,3
2023MARS33,Marcos Caballero Marsilla,27,56,2024,2026,3.157678571428572,4.225535714285714,2
2023YEAI01,Aidan Loh Kai Ye,25,56,2024,2026,2.0225,3.032857142857143,2
2009CASA01,Leovigildo Sánchez Casado,31,55,2010,2025,5.836363636363636,8.022181818181817,15
2012ELKH01,Nizar El-Khatib (Нізар Ель-Хатіб),29,55,2012,2026,4.467272727272727,6.346363636363637,14
2013PENA05,Nicolás Lasso Peña,28,55,2013,2026,3.504909090909091,4.993454545454545,13
2011ZAKA01,Achmad Rizki Zakaria,33,55,2011,2023,3.7456363636363634,5.274181818181818,12
2014ENES01,David Serban Enescu,25,55,2014,2026,4.061272727272727,5.480727272727273,12
2014CABR05,Ernesto Cabrera,39,55,2014,2025,4.799272727272727,7.012181818181818,11
2014BROD03,Tyler Brodzinski,38,55,2014,2025,3.7899999999999996,5.100727272727273,11
2010WANG18,Zihao Wang (王子豪),27,55,2010,2021,3.695818181818182,4.781818181818182,11
2015IYER03,Ansh Iyer,26,55,2015,2026,3.3436363636363637,4.435636363636363,11
2015CHAV08,Omkar Chavan,24,55,2015,2026,3.2872727272727276,4.410363636363636,11
2016GAOY02,Yuan Gao (高原),46,55,2016,2026,4.442181818181818,5.814909090909091,10
2016SUBI02,Xènia Subirats,40,55,2016,2026,5.831818181818182,7.8225454545454545,10
2016MOTT01,Thibau Vander Motte,35,55,2016,2026,3.974727272727273,5.5965454545454545,10
2007ALIW01,Waris Ali,28,55,2008,2018,3.8627272727272723,5.120181818181819,10
2014LANG02,Isaac Langer,28,55,2015,2025,2.300727272727273,3.250181818181818,10
2016MALI02,Shiraz Malik,27,55,2016,2026,3.9352727272727273,5.258545454545454,10
2016GROS06,Christophe Grosjean,44,55,2016,2025,5.250727272727273,7.166909090909091,9
2009KOBA02,Yuuki Kobayashi (古林祐輝),43,55,2010,2019,3.712181818181818,5.014909090909091,9
2016HOOV01,Cailyn Hoover,42,55,2016,2025,4.116727272727273,6.019818181818182,9
2016KRUE01,Ivan Krueger,41,55,2016,2025,3.681636363636364,5.104,9
2011ADAM03,Mateusz Adamczyk,34,55,2011,2020,3.7258181818181817,4.9541818181818185,9
2016WYRO01,Leon Jakub Wyrobek,32,55,2016,2025,4.634181818181818,5.767090909090909,9
2011KUTY01,Maksymilian Kutyła,28,55,2011,2020,4.144363636363637,5.382363636363636,9
2015GAND02,Aarav Gandhi,26,55,2015,2024,3.438,4.620363636363637,9
2015SANT41,Gleiciano Cosmo Santos,25,55,2015,2024,4.699636363636364,6.453636363636363,9
2016LAIC01,Christopher Lai,25,55,2016,2025,2.1225454545454543,2.856,9
2018DECO02,Elodie Deconninck,48,55,2018,2026,6.609636363636363,8.166,8
2017RIEN01,Raphael Riener,39,55,2017,2025,4.758909090909091,6.158909090909091,8
2017HUMM01,Mitchell Hum,36,55,2017,2025,3.025272727272727,4.084545454545455,8
2018BRAD06,Max Bradley-McFawn,33,55,2018,2026,3.915818181818182,5.2450909090909095,8
2014MART44,Celia López Martín,31,55,2014,2022,5.517454545454545,6.903636363636363,8
2018GALL02,Simon Gall,30,55,2018,2026,4.310909090909091,5.5476363636363635,8
2015CHIC01,Wong Yuk Chi (黃昱誌),28,55,2015,2023,2.66,3.6649090909090907,8
2018DULL02,Gustavo Dias Dullens,26,55,2018,2026,3.230363636363636,4.2887272727272725,8
2019SOAR03,Mihai Soare,40,55,2019,2026,6.118909090909091,8.59,7
2019SING33,Gurshan Singh,39,55,2019,2026,2.726,4.017818181818182,7
2017SHAR27,Shyngys Sharapadin (Шынгыс Шарападин),36,55,2017,2024,4.194181818181819,5.9550909090909085,7
2018PINT07,Adrian Ismael Sirpa Pinto,35,55,2018,2025,4.390545454545454,5.924909090909091,7
2019LAUR04,Jakob Foged Lauritzen,32,55,2019,2026,4.456181818181818,6.176727272727272,7
2019PEAR02,Viktor Pearl,30,55,2019,2026,2.452909090909091,3.367090909090909,7
2013VALE03,Rustam Valeev,33,55,2013,2019,4.306181818181818,6.190545454545455,6
2008ZIEL01,Kamil Zieliński,31,55,2008,2014,4.062545454545455,5.067090909090909,6
2018CAST55,José Miguel Romero Castellón,29,55,2018,2024,3.9269090909090907,5.058727272727273,6
2019POUL02,Brandon Poulton,24,55,2019,2025,3.124727272727273,4.118,6
2009SPIE01,Niklas Spies,33,55,2009,2014,4.191454545454546,5.693636363636363,5
2021BECK01,Evan Beck,29,55,2021,2026,2.8107272727272727,3.997454545454546,5
2021JOVA01,Ilija Jovanovic,29,55,2021,2026,2.9579999999999997,3.9056363636363636,5
2021HART04,Lucas Hart,35,55,2022,2026,3.3021818181818183,4.452727272727273,4
2022BURG03,Dominic Burger,35,55,2022,2026,3.3012727272727274,4.512545454545455,4
2022MOON08,Mark Mooney,34,55,2022,2026,4.322727272727272,5.752000000000001,4
2019BERA01,Emma Beranová,33,55,2021,2025,4.264545454545455,5.529090909090909,4
2022OTTO02,Emma Ottosson,31,55,2022,2026,4.199272727272727,5.307272727272727,4
2022VENH01,Nanno Venhorst,31,55,2022,2026,3.1614545454545455,4.508181818181818,4
2022PLAT04,Davian van Plateringen,29,55,2022,2026,3.3896363636363636,4.683272727272727,4
2022PIPE02,Aidan Piper,28,55,2022,2026,3.3269090909090906,4.220363636363636,4
2022KENN12,Deasúin Kenny,27,55,2022,2026,3.6043636363636367,4.7789090909090906,4
2017CHET03,Taoran Chen (陈陶然),25,55,2017,2021,3.0472727272727274,3.9994545454545456,4
2022PIRK01,Veronika Pirklová,24,55,2022,2026,3.1763636363636363,4.098545454545454,4
2022BLAC01,Adam Black,23,55,2022,2026,2.9385454545454546,3.9427272727272724,4
2023OSTM01,Lukas Östman,38,55,2023,2026,3.5638181818181818,4.917090909090909,3
2023WITT03,Marcus Gottorp Wittendorff,30,55,2023,2026,3.419818181818182,4.702,3
2023ABAB01,Roland Ababat,29,55,2023,2026,2.9730909090909092,4.137818181818182,3
2022ZIVA01,Amitai Ziv,28,55,2022,2025,2.884,3.8927272727272726,3
2023KRUG03,Albert Kruger,28,55,2023,2026,4.344363636363636,6.431818181818182,3
2023SANC02,Yahir Iván Sánchez Sánchez,28,55,2023,2026,2.9183636363636363,3.9769090909090905,3
2022CARS01,Jordan Carswell,27,55,2022,2025,3.1843636363636367,4.257272727272728,3
2022BARN23,Peter Barnwell,25,55,2023,2026,2.157636363636364,2.8438181818181816,3
2023KARU04,Thanida Karunyapaso (ธนิดา การัณยภาโส),24,55,2023,2026,2.195818181818182,2.9385454545454546,3
2023STRO13,Alec Stromberg,21,55,2023,2026,2.435454545454545,3.123818181818182,3
2022FABR05,Aaron Fabritius,20,55,2023,2026,3.44,4.482363636363637,3
2022MATY01,Ben Matyas,20,55,2022,2025,1.7878181818181818,2.4149090909090907,3
2024GUTI02,Sergio Camilo Estupiñán Gutiérrez,43,55,2024,2026,5.217090909090909,6.994727272727272,2
2023MART31,Alonso Bernabé Claudio Martinez,31,55,2023,2025,3.5439999999999996,4.9550909090909085,2
2008TAKA01,Yuhei Takagi (高木佑平),38,54,2008,2026,4.036481481481482,5.428518518518518,18
2009LIUJ04,Jici Liu (刘纪赐),29,54,2009,2026,3.026111111111111,4.339259259259259,17
2012CHOW03,Theodore Chow,36,54,2012,2026,4.167407407407407,5.3405555555555555,14
2013STAH02,Joey Stahl,39,54,2013,2026,3.8294444444444444,4.934814814814815,13
2014SANC17,Jeison Sanchez,54,54,2014,2026,10.812222222222223,14.525555555555556,12
2014SHIE03,Cady Shields,52,54,2014,2026,5.6503703703703705,7.77,12
2014GRAV02,Nathan Graves,39,54,2014,2026,4.188888888888889,6.027592592592593,12
2012DYGI01,Wonder Dygico,36,54,2013,2025,3.0924074074074075,4.327407407407407,12
2013FISC01,Elias Fischer,27,54,2013,2025,3.149259259259259,4.355925925925926,12
2015THOM08,Kent Thomson,33,54,2015,2026,2.9916666666666667,4.2,11
2015ROBI03,Rafael Alférez Robisco,32,54,2015,2026,4.239814814814815,5.359814814814815,11
2014DENG08,Jiahao Deng (邓家豪),26,54,2014,2025,2.839074074074074,3.8612962962962962,11
2013MIRA02,Matheus Barbosa de Miranda,25,54,2013,2024,3.2083333333333335,4.542962962962963,11
2014MARQ02,Marlon de V. Marques,33,54,2015,2025,5.653148148148148,7.41,10
2013BOND02,Yevhenii Bondarenko (Євгеній Бондаренко),32,54,2013,2023,4.746296296296297,6.741851851851852,10
2016TORO03,Leonardo Sánchez Del Toro,31,54,2016,2026,3.714074074074074,4.8479629629629635,10
2015XIAJ01,Jun Xia (夏骏),21,54,2015,2025,2.5557407407407404,3.5187037037037037,10
2017SPON01,Mia Sponseller,36,54,2017,2026,3.746851851851852,5.239999999999999,9
2017STAD03,Lean Stadler,35,54,2017,2026,5.333888888888889,6.508148148148148,9
2017DAVI01,Isaac Davies,34,54,2017,2026,3.2285185185185186,4.144444444444445,9
2008LEEF01,Felix Lee,30,54,2008,2017,3.6957407407407405,4.917222222222222,9
2017LOUY01,Yunhao Lou (娄云皓),30,54,2017,2026,3.0231481481481484,4.051481481481481,9
2017MADR01,Maximiliano Perez Madrid,29,54,2017,2026,3.0035185185185185,4.073518518518519,9
2017TIKK01,Hargun Singh Tikku,29,54,2017,2026,3.4594444444444443,4.412407407407407,9
2017ANDR16,Timotej Andrejko,28,54,2017,2026,3.5775925925925924,4.8029629629629635,9
2016YORK01,CJ York,26,54,2016,2025,2.296111111111111,3.3962962962962964,9
2016ARRI04,Alejandro Bertin Ruiz Arriaga,23,54,2016,2025,2.885740740740741,4.180740740740741,9
2016SHIX02,Xinjie Shi (施鑫杰),23,54,2016,2025,2.775925925925926,3.943703703703704,9
2017KRON03,Frederiks Rūdolfs Kronbergs,23,54,2017,2026,2.9575925925925928,4.1066666666666665,9
2017POLY02,Balázs Polyák,41,54,2018,2026,4.314074074074075,5.742777777777778,8
2018PERE05,Shalem Birzavit Meneses Pérez,33,54,2018,2026,3.840740740740741,4.956666666666666,8
2018SHEN07,Mengfei Shen (沈梦非),32,54,2018,2026,4.370555555555556,5.437962962962962,8
2009HAYS01,Kevin Hays,29,54,2009,2017,3.6394444444444445,4.743703703703704,8
2011KIRU01,Kesava Kirupa,23,54,2011,2019,3.446851851851852,4.143518518518518,8
2019IGNA02,Alexandru Ignat,39,54,2019,2026,4.701481481481482,6.579444444444444,7
2019MATY01,Oskar Matysik,33,54,2019,2026,3.102962962962963,4.071666666666666,7
2015DIZO02,Kieran Dizon,32,54,2015,2022,3.6464814814814814,4.839074074074074,7
2018PASA02,Kasper Pasanen,30,54,2018,2025,4.349444444444445,5.924259259259259,7
2019HALL04,Caleb Hall,30,54,2019,2026,2.9581481481481484,4.37425925925926,7
2019CARD07,Jhoel Manuel Callata Cardoso,26,54,2019,2026,3.261111111111111,4.342962962962964,7
2019OONA01,Adrian Oon,25,54,2019,2026,3.026111111111111,4.160740740740741,7
2019TORR16,Gavin Torreflores,25,54,2019,2026,2.126666666666667,2.9483333333333337,7
2016SKIN01,Sean Skinner,24,54,2016,2023,2.7998148148148148,4.051296296296297,7
2019MCGI01,Gerard McGinley,24,54,2019,2026,2.2583333333333333,3.2544444444444447,7
2019MUSU02,Tarak Sai Musunuri,24,54,2019,2026,2.692222222222222,3.6474074074074077,7
2018HULT01,Max Hult,23,54,2018,2025,2.983703703703704,4.241296296296296,7
2019MAND11,Pelle Mandel,23,54,2019,2026,2.4183333333333334,3.4187037037037036,7
2014BELK01,Sean Belke,32,54,2014,2020,2.468888888888889,3.6687037037037036,6
2020KELL01,Liam Finn McCool Kelly,32,54,2020,2026,3.383703703703704,4.9531481481481485,6
2014BRED02,Birk Bredland,28,54,2014,2020,4.838518518518519,6.241296296296296,6
2017NOEL03,Lukas Noel,24,54,2017,2023,2.9485185185185183,4.217962962962964,6
2018DOLE01,Tamar Dolenjishvili,23,54,2018,2024,2.171111111111111,2.961666666666667,6
2019MOND02,Diego Hernandez Mondul,38,54,2019,2024,4.749444444444445,5.797037037037037,5
2021ROBE04,Regan Roberts,35,54,2021,2026,3.3685185185185187,4.603518518518519,5
2009WANG13,Yuxuan Wang (王宇轩),31,54,2010,2015,3.415185185185185,4.552777777777778,5
2021MATA01,Levi Benjamin Matara-Ng,29,54,2021,2026,3.406851851851852,4.442777777777778,5
2022RAJR01,Rohan Raj,43,54,2022,2026,5.069444444444445,6.538333333333333,4
2022MART26,Astrid Gómez Martin,41,54,2022,2026,7.278518518518519,10.160925925925927,4
2021ABER01,Joel Aber,34,54,2022,2026,3.2237037037037037,4.702222222222223,4
2022MACH14,Michał Machnik,33,54,2022,2026,3.3364814814814814,4.505185185185185,4
2022PEDI01,George Pedigo,32,54,2022,2026,3.5353703703703703,5.406296296296296,4
2022AROR09,Anishk Arora,30,54,2022,2026,2.513888888888889,3.614259259259259,4
2017KONG05,Weihao Kong (孔维浩),27,54,2017,2021,3.2105555555555556,4.138148148148148,4
2022TSER01,Temuulen Tserendagva,27,54,2022,2026,2.072962962962963,2.694814814814815,4
2022PREM01,Filip Premužić,26,54,2022,2026,2.9755555555555557,4.242222222222223,4
2022RETT01,Richard Rettich,26,54,2022,2026,2.96962962962963,4.1103703703703705,4
2022JELI04,Cliford Samuel Pradeep Jelin,24,54,2022,2026,2.6627777777777775,3.700740740740741,4
2022KIEL01,Tommy Kiely,24,54,2022,2026,2.232962962962963,3.127407407407407,4
2022OSBU01,Jesse Osburn,23,54,2022,2026,2.4122222222222223,3.4575925925925928,4
2022ABEL05,Ábel Egyházy,22,54,2022,2026,1.9101851851851852,2.864259259259259,4
2022GORD03,Bryn Gordon,22,54,2022,2026,2.3046296296296296,3.304814814814815,4
2017TANG35,Yu Tang (唐语),21,54,2017,2021,2.151851851851852,3.2264814814814815,4
2023GONZ18,Aragon Martin Gonzales,37,54,2023,2026,1.6587037037037036,2.326111111111111,3
2023GADG01,Jay Nikhil Gadgil,33,54,2023,2026,3.317962962962963,4.634444444444444,3
2023KIMG01,Griffin Kim,32,54,2023,2026,2.5655555555555556,4.0579629629629625,3
2023UDAT01,Artur Udatsnoi,32,54,2023,2026,3.5355555555555553,4.738703703703703,3
2023KELL23,Jane Kelly,29,54,2023,2026,3.970185185185185,5.232592592592592,3
2021STAB01,Tim Staberg,27,54,2021,2024,3.4525925925925924,4.407222222222223,3
2022KATZ02,Eli Katz,27,54,2022,2025,2.186111111111111,2.928888888888889,3
2023SALA29,Alessandro Sala,27,54,2023,2026,3.6494444444444443,4.974444444444445,3
2023BEYA01,Juan José Ramírez Beyaert,25,54,2023,2026,2.8698148148148146,4.045185185185185,3
2013SING12,Abhimanyu Singhal (अभिमन्यु सिंघल),41,54,2024,2026,4.097222222222222,5.61425925925926,2
2012GOOD02,Callum James Goodyear-Jørgensen,29,54,2024,2026,3.2781481481481483,4.616666666666667,2
2021ELGH01,Emil Elghorn,25,54,2021,2023,2.379814814814815,3.521851851851852,2
2022GUNA05,Mehmet Efe Günay,21,54,2022,2024,2.5735185185185183,3.700740740740741,2
2024BYGD01,Martin Bygdell,28,54,2024,2025,3.2398148148148147,4.707592592592593,1
2007HOHU01,Hui Hing Ho (許鑫豪),39,53,2007,2025,4.645471698113208,5.856792452830189,18
2009KOBA03,Branko Kobal,39,53,2010,2026,5.93811320754717,7.852830188679245,16
2008SEAR02,Brian Brooks,34,53,2008,2023,6.1456603773584915,7.929056603773585,15
2007BERN01,Balázs Bernát,29,53,2008,2023,3.57188679245283,4.684716981132075,15
2008CARA01,Gilberto Caracciolo Morelli,46,53,2008,2022,7.5432075471698115,10.924150943396226,14
2012JAMR01,Daniel Jamrużka,34,53,2012,2026,3.6937735849056605,5.4533962264150935,14
2012HOFL01,Julian Höfler,27,53,2012,2026,4.607924528301886,6.02622641509434,14
2014GOME07,António Gomes,38,53,2014,2026,5.400754716981132,7.08754716981132,12
2012HJIN01,Jarvis Jin,31,53,2012,2024,4.83433962264151,5.850754716981132,12
2012FAHM02,Muhammad Yunan Fahmi,38,53,2012,2023,4.359433962264151,5.765471698113207,11
2015NICH04,AJ Nicholls,47,53,2016,2026,7.0930188679245285,9.536792452830188,10
2016HOFF06,Brad Hoffman,41,53,2016,2026,3.2954716981132073,4.528867924528302,10
2016BECK06,Veronika Becková,31,53,2016,2026,3.8422641509433966,5.046415094339622,10
2016MEND03,Esteban Elías González Méndez,27,53,2016,2026,3.2409433962264154,4.395849056603773,10
2011LIMA02,Bruno Fonsêca Coelho Lima,26,53,2012,2022,3.410754716981132,4.965849056603774,10
2016NORD02,Theodor Nordstrand,26,53,2016,2026,3.3845283018867924,4.736037735849057,10
2015TRUJ04,Diego Trujeque,23,53,2015,2025,2.830377358490566,3.683018867924528,10
2016FORS08,Andreas Jensen Forsgren,17,53,2016,2026,1.951320754716981,2.8807547169811323,10
2016ESPI01,Axel Elias Espinoza Ribera,35,53,2016,2025,4.546792452830188,6.181320754716982,9
2014KIMJ02,Jungwoo Kim (김정우),34,53,2014,2023,3.3154716981132077,4.321698113207548,9
2017KUDE02,Mars Daniel Kudemus,33,53,2017,2026,3.7137735849056606,5.0994339622641505,9
2014KOHA01,Thomas Kohann,31,53,2014,2023,3.223773584905661,4.4490566037735855,9
2016VASE01,Kristoffer Vasehus,30,53,2016,2025,4.462264150943396,5.725471698113207,9
2017MEEN01,Imruthun Meenakshisundaram,30,53,2017,2026,3.4526415094339624,4.437358490566038,9
2016CHAN09,Jaemin Chang (장재민),29,53,2016,2025,1.6639622641509433,2.3526415094339623,9
2017YEHM01,Morgan Yeh,27,53,2017,2026,2.5041509433962266,3.26188679245283,9
2014WERE01,Wojciech Weremczuk,25,53,2014,2023,2.549622641509434,3.4724528301886792,9
2017JAKO02,Oskar Feed Jakobsen,25,53,2017,2026,3.0516981132075474,4.618867924528302,9
2017KWAN05,Burno Li Chak Kwan (李澤堃),24,53,2017,2026,2.2620754716981133,3.117735849056604,9
2011LUCI01,Philippe Lucien,41,53,2011,2019,6.491509433962264,7.816037735849057,8
2016MORO03,Jhair Moron Gejaño,38,53,2016,2024,5.690188679245283,7.8254716981132075,8
2018SAYE01,Collin Sayers,38,53,2018,2026,3.7452830188679247,5.007169811320755,8
2015TANG04,Calix Tang,37,53,2018,2026,2.8667924528301887,4.294905660377358,8
2014KALI01,Marcel Kälin,36,53,2015,2023,4.244339622641509,5.379622641509434,8
2017TUNG13,Anto Kam (甘浩東),35,53,2017,2025,2.7679245283018865,4.020754716981132,8
2016SOOS01,Jan Erik Soosaar,32,53,2016,2024,4.018301886792453,5.251509433962264,8
2008SMIT01,Shaden Smith,30,53,2008,2016,4.577169811320755,6.069999999999999,8
2011JONA01,Andre Febriato Jonathan,29,53,2011,2019,3.063962264150943,4.074339622641509,8
2016BATT05,Anna Battistini,28,53,2016,2024,4.4784905660377365,5.960754716981133,8
2016CARA04,Kristian Gil Caragan,28,53,2016,2024,2.946415094339623,4.294905660377358,8
2017CHAV07,Fernando José Muchuch Chavez,24,53,2017,2025,3.7839622641509436,5.453584905660378,8
2019OLEA02,Emmett O'Leary-Liu,49,53,2019,2026,4.5318867924528305,6.033396226415094,7
2019MART21,Samuel Martin,38,53,2019,2026,3.539245283018868,4.840188679245283,7
2019THAN05,Krishanth Thangarathan,35,53,2019,2026,4.26,5.7181132075471695,7
2018HUNG09,Thierry Orland Hung (洪蒂威),31,53,2018,2025,2.9390566037735852,3.737358490566038,7
2019RAGA01,Benjamin Ragan,31,53,2019,2026,2.677924528301887,3.4671698113207547,7
2015BORR01,Leo Borromeo,30,53,2016,2023,2.2673584905660378,3.4271698113207543,7
2017VOLO02,Anatole Volongo,27,53,2017,2024,2.1939622641509433,3.1767924528301887,7
2019BANG01,Andrew Tan Jing Bang,25,53,2019,2026,2.187924528301887,3.2077358490566037,7
2018VILB01,Thibault Vilbois,23,53,2018,2025,3.3858490566037736,4.635660377358491,7
2017ZHUY07,Charles Zhu (朱彦臣),51,53,2017,2023,0.08037735849056603,0.1511320754716981,6
2019TIMM01,Kevin Timmons,49,53,2020,2026,7.736792452830189,11.426981132075472,6
2018SAKI01,Alper Şakım,25,53,2019,2025,3.706037735849056,4.968867924528302,6
2019RODR39,Pedro Sanz Rodriguez,24,53,2019,2025,3.118490566037736,4.010943396226415,6
2021OCON01,Daithí O'Connor,31,53,2021,2026,4.061698113207547,5.8718867924528295,5
2014STRI01,Marko Striyeshyn,28,53,2014,2019,4.091320754716981,5.6647169811320754,5
2022WILS04,Noah A. Wilson,37,53,2022,2026,3.5349056603773583,4.39943396226415,4
2022KYKE01,Kévin Ky,35,53,2022,2026,3.9526415094339624,5.365094339622642,4
2022FEDU01,Archie Fedulov,34,53,2022,2026,5.052452830188678,6.843396226415094,4
2022FERN29,Pedro Lima Fernandes,33,53,2022,2026,3.5167924528301886,4.529245283018868,4
2022DUPU01,Nicolas Dupuis,31,53,2022,2026,3.711698113207547,5.048679245283019,4
2022SUSS01,Dean Jacob Adamo Susskind,31,53,2022,2026,2.678679245283019,4.003207547169811,4
2022TORR12,Fernando Granado Torres,29,53,2022,2026,3.520566037735849,4.645660377358491,4
2021CARV01,Samuel Flórez Carvajal,27,53,2021,2025,3.18188679245283,4.324905660377358,4
2022WEIJ01,Olaf Weijters,27,53,2022,2026,3.039433962264151,4.212075471698113,4
2022RODR18,Juan Sebastián Lozada Rodríguez,26,53,2022,2026,2.9271698113207543,4.3128301886792455,4
2022YIGA01,Gabriel Neo Jun Yi,26,53,2022,2026,2.302264150943396,3.097358490566038,4
2013MANO03,Alessandro Manopulo,25,53,2013,2017,4.605094339622641,5.987924528301887,4
2020COLV01,Vincent Da Col,25,53,2022,2026,3.4981132075471697,4.628490566037736,4
2021MIKU01,Andrej Mikulić,25,53,2021,2025,2.9945283018867928,4.348301886792453,4
2013VEDE01,Andrii Vedenov (Андрій Веденьов),24,53,2013,2017,4.074716981132076,5.543584905660377,4
2023BOLL01,Rahul Bollini,41,53,2023,2026,2.8150943396226413,4.192452830188679,3
2023MENE01,Pablo Fraile Menendez,36,53,2023,2026,6.4926415094339625,8.749245283018867,3
2023AMBR06,Niklas Ambrosi,32,53,2023,2026,5.002641509433962,6.573018867924528,3
2023TANG15,Enoch Tangprasittipol,29,53,2023,2026,2.442264150943396,3.609245283018868,3
2023BACH04,Benjamin Bjerring Bach,27,53,2023,2026,2.768301886792453,4.114905660377358,3
2023URIN01,Oskar Ďurinský,26,53,2023,2026,3.2450943396226415,4.447358490566038,3
2023CARO07,Leonardo Carosio,23,53,2023,2026,1.7556603773584905,2.670188679245283,3
2022ZHAN40,Yan-Heng Zhang,22,53,2022,2025,3.1164150943396223,4.271132075471698,3
2023STEL02,Filip Štelbaský,22,53,2023,2026,2.299622641509434,3.45188679245283,3
2022JONS02,David Jonsson,24,53,2023,2025,3.9866037735849056,5.149622641509434,2
2022BRED02,Alessandro Breda,23,53,2022,2024,3.0284905660377355,4.188490566037736,2
2006AUST01,Greg Austin,42,52,2007,2025,6.004038461538461,8.307115384615384,18
2008HERN01,Tomás Hernández Pastor,25,52,2009,2026,3.863076923076923,5.555576923076923,17
2014PRES01,Manel Prestieri,44,52,2014,2026,6.881923076923077,8.991730769230768,12
2014MUNJ02,Jihu Mun (문지후),32,52,2014,2026,3.0163461538461536,3.941730769230769,12
2015LEAN01,An Le,40,52,2015,2026,3.251730769230769,4.027115384615384,11
2015DORS01,Maxwell Dorset,33,52,2015,2026,3.6763461538461537,6.345,11
2009LIJI03,Jiajun Li (李嘉俊),29,52,2010,2021,4.3375,5.560576923076923,11
2015MESS01,Zak Messenger,22,52,2015,2026,2.2696153846153844,3.2490384615384613,11
2013DEVE02,Lydia van Deventer,36,52,2015,2025,4.966923076923076,6.304038461538462,10
2016BENI05,Jeremy Benik,35,52,2016,2026,3.620769230769231,5.097307692307693,10
2015VEER01,Pranav Veera,30,52,2015,2025,3.0034615384615386,4.090769230769231,10
2015MACD03,James Macdiarmid,27,52,2015,2025,3.196730769230769,4.570384615384615,10
2016KANI02,Cenan Kanik,27,52,2016,2026,3.1665384615384613,4.223076923076923,10
2016ADHI01,Anup Adhikari,24,52,2016,2026,3.2336538461538464,4.339038461538461,10
2016REDD10,Raghav Reddy,24,52,2016,2026,2.766153846153846,3.6799999999999997,10
2016FLOR18,Diego Isai Mijangos Flores,21,52,2016,2026,2.5671153846153847,3.6361538461538463,10
2017KUMA30,Sukesh Kumar,44,52,2017,2026,5.345,7.6911538461538465,9
2017CHAN47,Vianne Chang,43,52,2017,2026,4.487307692307692,5.7221153846153845,9
2016PRZY01,Kamil Przybylski,40,52,2017,2026,5.058461538461539,6.786730769230768,9
2014PYAT01,Uladzislau Piatnitsa (Владислав Пятница),34,52,2014,2023,5.393076923076923,7.428269230769231,9
2017DZUL02,Muhammad Fitri Hakim Bin Dzulkarnain,34,52,2017,2026,3.1623076923076923,4.621730769230769,9
2017BUSC03,Danny Buschert,32,52,2017,2026,2.4046153846153846,3.490192307692308,9
2016KARV01,Titas Karvelis,28,52,2016,2025,4.4425,6.490192307692308,9
2015NAZA02,Ilya Nazarov,27,52,2015,2024,2.6071153846153843,3.6990384615384615,9
2015YAKH01,Daniel Yakhkind (Даніель Яхкінд),26,52,2015,2024,3.1573076923076924,4.422307692307692,9
2015AROR05,Dhruv Arora,25,52,2015,2024,2.96,3.8301923076923075,9
2016WALI01,Gustav Wälivaara,24,52,2016,2025,3.245769230769231,4.285769230769231,9
2017JAMP01,Ashten Jampayas,23,52,2017,2026,1.9061538461538463,2.7584615384615385,9
2017ARRE04,Brian Bernabé Bolaños Arreaga,22,52,2017,2026,3.0157692307692305,4.350769230769231,9
2014SVAR02,Mikkel Svartveit,21,52,2014,2023,2.7203846153846154,3.7634615384615384,9
2017PRES02,Peter Preston,36,52,2017,2025,3.7971153846153842,4.695961538461538,8
2008SMIT04,Maarten Smit,32,52,2009,2017,3.117692307692308,4.316923076923077,8
2014PIOT01,Ricardo Piotti,29,52,2014,2022,3.895576923076923,5.658269230769231,8
2015WANG46,Shih-Hao Wang (王士豪),27,52,2017,2025,3.022884615384615,4.0188461538461535,8
2018LACL01,Christian Lacle,27,52,2018,2026,4.385192307692308,6.036346153846154,8
2018XIEB01,Bowen Xie,27,52,2018,2026,2.6321153846153846,3.7953846153846156,8
2018SOOA01,Arisandra Soo,29,52,2019,2026,3.599615384615385,4.867692307692308,7
2019LIER03,Jonas van Lier,29,52,2019,2026,3.6469230769230765,5.024038461538462,7
2019HUAN05,Tin Huang,28,52,2019,2026,2.5032692307692304,3.7775000000000003,7
2017CASA09,Alessandro Casarin,27,52,2018,2025,3.9175,5.164423076923077,7
2019KHAN08,Mahdi Khan,27,52,2019,2026,4.520576923076923,6.295384615384616,7
2011MAOS01,Shenchuan Mao (毛神川),25,52,2011,2018,3.5032692307692304,4.728076923076923,7
2019BROW09,Fabian Browa,24,52,2019,2026,1.8690384615384614,2.824807692307693,7
2019ROGO04,Wojciech Rogoziński,41,52,2019,2025,3.621923076923077,5.132115384615385,6
2013ZHEN02,Jinhao Zheng (郑金昊),31,52,2013,2019,4.323846153846154,5.682307692307693,6
2015ZHAR01,Alexey Zharikov,30,52,2015,2021,2.898076923076923,4.163269230769231,6
2020HWAN01,Heewon Hwang,28,52,2020,2026,2.9713461538461536,4.015384615384615,6
2010CRIS01,Ethan Crislip,27,52,2010,2016,3.7296153846153848,5.195576923076923,6
2020SCHU01,Maarten Schuil,27,52,2020,2026,3.3944230769230765,4.444999999999999,6
2005CIAL02,Łukasz Ciałoń,25,52,2005,2011,2.9675000000000002,3.9682692307692307,6
2017LIPE01,Calven Lipec,25,52,2017,2023,2.9836538461538464,4.166153846153846,6
2018OLAN01,Nathan Olano,23,52,2018,2024,3.185,4.407884615384615,6
2019BUSK01,Jared Buske-Fehrle,23,52,2019,2025,2.0634615384615382,2.796923076923077,6
2019MAZZ02,Pietro Mazza,23,52,2019,2025,2.7867307692307692,3.895769230769231,6
2019TORR06,Erick Steven Muñoz Torres,23,52,2019,2025,3.398653846153846,4.699807692307692,6
2014PINT05,György Pintér,21,52,2014,2020,3.0319230769230767,4.0019230769230765,6
2009SPRI01,Alexander Springhorn,28,52,2009,2014,3.5323076923076924,4.679038461538462,5
2022JAGO02,Elijah Francis Jagonio,42,52,2022,2026,3.1115384615384616,4.112692307692307,4
2020GROD01,Szymon Grodzki,33,52,2020,2024,3.078653846153846,4.070769230769231,4
2022TULL02,Logan Tully,30,52,2022,2026,4.599423076923077,6.013076923076923,4
2015GOWT01,Saravanan Gowthaman,27,52,2015,2019,3.664807692307692,4.899807692307692,4
2020OREN01,Kinkajou Celeste Oren,27,52,2022,2026,2.3648076923076924,3.4055769230769233,4
2022BATR02,Aarav Batra,26,52,2022,2026,2.628846153846154,3.5240384615384617,4
2022CHRI09,Panagiotis Christopoulos,26,52,2022,2026,2.3846153846153846,3.332692307692308,4
2015CHEV01,Dylan Rene Centeno Chevez,22,52,2015,2019,4.408269230769231,5.758653846153846,4
2022LAUR07,Ryan Lau,22,52,2022,2026,2.1851923076923074,3.2325,4
2022LINA04,Samuel María Liñares,22,52,2022,2026,3.0632692307692304,4.086538461538462,4
2021CUMI01,Bogdan Čumić,21,52,2021,2025,2.5373076923076923,3.5736538461538463,4
2022CHAI09,Ming Chai (柴明),46,52,2023,2026,5.766923076923077,7.740384615384615,3
2022HEXT01,Oliver Hexter,44,52,2022,2025,6.893461538461538,9.819230769230769,3
2016ESCR01,Miguel Sánchez Escribano,41,52,2016,2019,8.584423076923077,11.088269230769232,3
2022COCK01,Rik De Cock,30,52,2023,2026,3.2540384615384617,4.5898076923076925,3
2023JASC01,Lion Jäschke,30,52,2023,2026,4.007115384615385,5.7840384615384615,3
2022CAMP02,Nicolas Campanario,29,52,2022,2025,3.2321153846153843,4.457884615384615,3
2023CELL01,Yago Malleiro Cellitti,26,52,2023,2026,2.6463461538461535,3.6315384615384616,3
2021BURK03,Cathal Burke,23,52,2022,2025,3.5798076923076922,4.7875,3
2023MEID02,Joseph Meidal,22,52,2023,2026,2.5323076923076924,3.474615384615385,3
2023EDWA01,Aaron Edwards,21,52,2023,2026,2.4063461538461537,3.324807692307692,3
2023XUAN14,Tan Kyle Xuan (陈恺轩),20,52,2023,2026,1.598076923076923,2.3634615384615385,3
2024DUNN01,Emmett Dunn,29,52,2024,2026,2.7013461538461536,4.000192307692307,2
2024ANDR09,Samuel Rafn Andreasen,27,52,2024,2025,3.0969230769230767,4.626153846153846,1
2006TOMI04,Yui Tomita (富田唯依),25,51,2009,2026,2.4821568627450983,3.1911764705882355,17
2009FLUG01,Andres Flügel,24,51,2009,2026,3.5127450980392156,4.62764705882353,17
2010SHID01,Naufal Shidqi,36,51,2010,2025,3.7890196078431373,5.087254901960784,15
2011HAID01,Denys Haidaichuk,30,51,2011,2025,5.294901960784314,7.3443137254901965,14
2012SILV22,Israel Fraga da Silva,23,51,2012,2026,3.299019607843137,4.796274509803921,14
2013MOTT01,Enzo Gonçalves Motta,28,51,2013,2026,3.892941176470588,5.466862745098039,13
2008SAJI01,Yu Sajima (佐島優),27,51,2010,2023,3.5417647058823527,4.579411764705883,13
2012CICH01,Błażej Cichy,37,51,2012,2024,4.514117647058823,5.9580392156862745,12
2012PASC01,Moses Elijah San Pascual,32,51,2012,2024,3.334901960784314,4.6878431372549025,12
2011SVEN02,Johan Svensson,29,51,2011,2023,3.75,5.17843137254902,12
2014WHEE01,Alexander Wheeler,28,51,2014,2026,2.607843137254902,4.152352941176471,12
2014SALV02,Ricardo Bayona Salvador,27,51,2014,2026,4.189019607843137,5.620392156862745,12
2014FIEC01,Jakob Fiechter,24,51,2014,2026,3.136078431372549,4.415490196078431,12
2014CHOR01,Ryan Minjun Cho,26,51,2014,2025,3.141764705882353,4.394901960784314,11
2015PEHR01,Ryan Peh (白凯明),41,51,2015,2025,3.391764705882353,4.546078431372549,10
2016LASC01,Péter Laschek,37,51,2016,2026,5.626666666666666,7.233529411764707,10
2015YINC01,Chan Hay Yin (陳希言),31,51,2015,2025,3.302156862745098,4.6427450980392155,10
2016LOPE48,Rui Alexandre Reis Lopes,27,51,2016,2026,3.950980392156863,5.514117647058824,10
2014TUZK01,Salamon Tűzkő,23,51,2014,2024,3.1813725490196076,4.425490196078431,10
2012SIDO01,Yulia Gritsenko,51,51,2015,2024,18.371960784313725,22.32372549019608,9
2017LOCK02,Dean Lockett,34,51,2017,2026,3.607450980392157,4.52921568627451,9
2017CAST08,Clancy Caster,32,51,2017,2026,3.6494117647058824,4.7113725490196074,9
2013CISN01,Enrymar Cisneros,31,51,2014,2023,6.168235294117647,8.156862745098039,9
2017SANI02,Denis Saniga,24,51,2017,2026,2.9619607843137254,4.044901960784314,9
2018TANJ05,Jacob Miko Tan (陈在元),41,51,2018,2026,2.937450980392157,4.229411764705882,8
2016SOKH01,Nestor Sokhan,39,51,2016,2024,4.011960784313726,5.265686274509804,8
2009LIAN03,Chester Lian,30,51,2009,2017,4.792745098039216,6.4947058823529416,8
2018BILL03,Daniel Billingham,29,51,2018,2026,4.439607843137255,5.698627450980392,8
2018SELL01,Carlos Augusto Gianesi Seller,29,51,2018,2026,4.318823529411764,5.648823529411764,8
2018THOM07,Corentin Thomée,27,51,2018,2026,2.731960784313726,4.102941176470588,8
2015DIAN02,Agustín Diano,26,51,2015,2023,3.788235294117647,4.981960784313726,8
2016MANZ01,Jack Manzo,26,51,2016,2024,2.3952941176470586,3.4629411764705877,8
2016TORR29,Jose Daniel Cobo Torres,25,51,2016,2024,2.65156862745098,3.55156862745098,8
2018HAOL01,Litao Hao (郝立涛),25,51,2018,2026,2.38843137254902,3.5080392156862743,8
2018SALI09,Diego Villarreal Salinas,24,51,2018,2026,2.561764705882353,3.276666666666667,8
2017PETU02,Óskar Pétursson,20,51,2017,2025,2.1194117647058826,3.1037254901960782,8
2015CHAN26,Jaime Andrés Escobar Chan,19,51,2015,2023,3.864509803921569,5.3494117647058825,8
2016MANN01,Evan Mann,33,51,2016,2023,2.932156862745098,4.071960784313725,7
2012SORI01,Nathan Soria,29,51,2012,2019,2.8433333333333333,3.7109803921568627,7
2008ZHOU01,Kevin Zhou,26,51,2008,2015,3.268039215686274,4.0723529411764705,7
2017SANC31,Pol Juny Sánchez,26,51,2017,2024,4.006862745098039,4.936274509803922,7
2019JIME10,Aurelio Sanchez Jimenez,25,51,2019,2026,3.733921568627451,4.747843137254901,7
2019PAGH01,Frederik Perto Pagh,25,51,2019,2026,3.182156862745098,4.359803921568627,7
2011GORB01,Ivans Gorbunovs,23,51,2011,2018,3.9527450980392156,5.1758823529411755,7
2016SILV02,Luiz Fellipe Oliuza Leal Silva,23,51,2016,2023,3.9645098039215685,5.496078431372549,7
2019ALLC01,Giordano Limber Aguilar Allcca,23,51,2019,2025,2.8780392156862744,3.915294117647059,6
2019KEHI01,Omri Kehila,23,51,2019,2025,2.8366666666666664,3.859607843137255,6
2016DIAZ21,Jesser Armando Ramírez Diaz,19,51,2016,2022,3.9464705882352944,5.122941176470587,6
2009HAMO01,James Hamory,32,51,2010,2015,3.703529411764706,4.934509803921569,5
2020TINL01,Thomas Tinlin,25,51,2021,2026,2.5801960784313724,3.6494117647058824,5
2021BROO02,Jesse Brooke,25,51,2021,2026,2.8149019607843138,3.9505882352941173,5
2014YASH01,Artem Yashkov,23,51,2014,2019,2.826862745098039,3.7129411764705886,5
2021NARB01,Dario Angelo Narbone,22,51,2021,2026,2.796470588235294,4.0143137254901955,5
2022SCHA04,Niklas von Schantz,35,51,2022,2026,5.6911764705882355,7.749607843137255,4
2022KERS01,James Kershaw,29,51,2022,2026,2.9225490196078434,4.245882352941177,4
2022KUIJ01,Raphael Eduardo Kuijpers,29,51,2022,2026,3.377450980392157,4.3527450980392155,4
2022PERN01,Vigo Pernar,29,51,2022,2026,4.166078431372549,5.447058823529412,4
2022LOOT01,Tim van Loo,28,51,2022,2026,3.2354901960784312,4.595294117647058,4
2022ZUUR01,Florine Zuur,28,51,2022,2026,3.381372549019608,4.670588235294117,4
2022SCHA10,Benjamin Schaham,27,51,2022,2026,1.8029411764705883,2.4880392156862747,4
2018ISAK06,Damir Issakov,26,51,2022,2026,2.6188235294117646,3.7005882352941173,4
2022HETT04,Wilson Hettinger,26,51,2022,2026,2.4035294117647057,3.3819607843137254,4
2022GILB05,Sophie Gilbert,23,51,2022,2026,3.820196078431372,4.942745098039216,4
2016ZHAO28,Junze Zhao (赵俊泽),22,51,2016,2020,2.1619607843137256,3.1390196078431374,4
2022BOHL01,Magnus Rannem Bøhler,21,51,2022,2026,2.7601960784313726,3.912549019607843,4
2023LEBK01,Jakub Łebkowski,43,51,2023,2026,4.600588235294118,6.602352941176471,3
2023BREU01,Lasse Breucking,33,51,2023,2026,5.48078431372549,7.573725490196078,3
2022TEUN01,Robin Teune,30,51,2022,2025,3.1496078431372547,4.6905882352941175,3
2015SMOR01,Wiktor Smorąg,29,51,2015,2018,3.4311764705882353,4.7829411764705885,3
2016ZHOU13,Xinwei Zhou (周欣伟),29,51,2016,2019,3.643137254901961,5.23,3
2023REDD01,Nirmal Reddy,29,51,2023,2026,2.933333333333333,3.9105882352941177,3
2014HELL01,Hampus Hellqvist,25,51,2014,2017,3.2213725490196077,4.479607843137255,3
2023FEIC01,Sebastian Feichtinger,25,51,2023,2026,3.0362745098039214,4.07921568627451,3
2022KALE01,Kaloyan Vladimirov Kalev,24,51,2022,2025,1.9923529411764707,3.1092156862745095,3
2023CREM01,Lucian Mihai Cremeneanu,31,51,2023,2025,4.377058823529412,5.615490196078431,2
2023LOUF01,Fengyuan Kelvin Lou (楼丰源),22,51,2023,2025,3.004117647058824,3.954705882352941,2
2022CHAD02,Adam Chadzynski,21,51,2022,2024,3.571764705882353,4.932549019607843,2
2010DONA01,James Donahue,42,50,2010,2026,4.8466000000000005,6.5786,16
2008COND01,Guillermo Conde Gil,31,50,2009,2024,5.8062000000000005,7.289,15
2010CHOR01,Javier Fernandes Chornet,29,50,2010,2025,6.0898,7.458600000000001,15
2011AZZO01,Bryson Azzopardi,25,50,2011,2026,4.7808,6.348400000000001,15
2013OPOK01,Radosław Opoka,42,50,2013,2026,4.1284,5.4398,13
2011WIJA03,Angeline Wijaya (黃千儀),40,50,2011,2024,4.5358,6.3915999999999995,13
2012IVAN03,Fyodor Ivanov,31,50,2012,2025,4.1272,5.5412,13
2011SUIH01,Haibo Sui (隋海波),27,50,2011,2024,3.7958,5.0122,13
2014GARG01,Parth Garg,37,50,2014,2026,4.1854000000000005,5.3436,12
2012SHEN02,CJ Sheng,33,50,2012,2024,3.3930000000000002,4.8576,12
2013KIMH01,Habin Kim (김하빈),25,50,2013,2025,2.7398000000000002,3.4484000000000004,12
2014BULU01,Sergio Bulux,23,50,2014,2026,4.5574,6.0988,12
2014ARUM01,PK Arumugam,35,50,2014,2025,4.646,5.769400000000001,11
2015HALG01,Tyler Halgren,26,50,2015,2026,3.4622,4.6988,11
2009SIEW02,Eason Siew Ee Son (蕭奕晨),42,50,2009,2019,5.069,7.6526,10
2014HEYO01,Young He (何嘉炀),41,50,2014,2024,5.0408,7.140600000000001,10
2015ZHEN17,Michael Zheng,29,50,2016,2026,3.1562,4.4824,10
2015MINK04,Kevin Min,25,50,2015,2025,2.2636,3.5957999999999997,10
2016LOPE30,Rodrigo Castañeda Lopez,22,50,2016,2026,3.0425999999999997,3.8472000000000004,10
2017SCHM13,Nicolas Schmied,46,50,2017,2026,5.9388,8.425,9
2015DEEJ01,Jasper Alvin Dee,40,50,2015,2024,3.9530000000000003,5.3978,9
2017FALA02,Zaky Kurnia Falah,36,50,2017,2026,3.185,4.5632,9
2017VASK01,Dylan Vaskevicius,36,50,2017,2026,4.2326,5.6042,9
2017HOJE01,Jerry Chung (鍾養浩),33,50,2017,2026,3.4622,4.7738,9
2016ULKU01,Haluk Ulkusal,32,50,2016,2025,2.7304000000000004,3.5614,9
2017GONZ24,Asier González Santocildes,32,50,2017,2026,4.5032,6.05,9
2016LAYU01,Lorenzo Layug,31,50,2016,2025,2.557,3.5972000000000004,9
2012NIKO01,Kyyarkhan Nikolaev,30,50,2012,2021,3.2654,4.628,9
2017BAYA02,Uuganbayar Bayalagnasan (Баялагнасан Ууганбаяр),30,50,2017,2026,3.3578,4.7581999999999995,9
2013BRAT01,Martin Brath,27,50,2013,2022,3.5112,4.9510000000000005,9
2017GRAH02,Avery Graham,27,50,2017,2026,2.3931999999999998,3.9516000000000004,9
2013OLIV01,Fabiano Pinheiro de Oliveira,24,50,2013,2022,3.7607999999999997,5.0878,9
2009KIMA01,Anatoly Kim,23,50,2009,2018,3.5195999999999996,4.9154,9
2009BALO03,Dávid Balog,22,50,2009,2018,3.1412,4.2444,9
2014KUMA42,Priyanshu Kumar,22,50,2014,2023,3.1889999999999996,4.373,9
2017VILL30,Carlos Villanueva,21,50,2017,2026,3.2862,4.2802,9
2016GOYA02,Bhavya Goyal,20,50,2016,2025,2.7308,3.7898,9
2018ZERO01,Alan Żeromski,38,50,2018,2026,3.818,5.0607999999999995,8
2016CHOW04,Waden Cho,31,50,2016,2024,3.0986000000000002,3.5868,8
2010TINJ01,Janelle Tin,29,50,2010,2018,4.632,5.5662,8
2018PROV01,Arthur Provot,28,50,2018,2026,2.8006,4.0527999999999995,8
2018GONZ21,Saul Emmanuel Ramirez Gonzalez,22,50,2018,2026,2.001,3.1418,8
2017VAYR01,Asla Väyrynen,21,50,2017,2025,3.0164,4.2356,8
2019HERR14,William Herring,28,50,2019,2026,3.3842000000000003,4.5363999999999995,7
2019WAHY01,Denzel A. J. Wahyudi,27,50,2019,2026,2.3876,3.4945999999999997,7
2018WEYE01,Peter Weyers,25,50,2018,2025,2.3054,3.205,7
2017WALL12,Stephen Waller,23,50,2018,2025,2.9983999999999997,4.2463999999999995,7
2015PHAN02,Marquez Phan,22,50,2016,2023,3.187,4.0908,7
2020CARR03,McKinley Carr,36,50,2020,2026,4.5048,5.7994,6
2018HEAT01,Luke Heath-Edwards,33,50,2018,2024,4.1762,5.513999999999999,6
2020NUNE01,Arián Martín Núñez,25,50,2020,2026,2.8102,4.1386,6
2011STAN02,Nick Stanton,24,50,2011,2017,2.8316000000000003,3.8918,6
2020KOOT01,David Kootstra,24,50,2020,2026,2.207,2.9994,6
2021SONN01,Cory Sonntag,33,50,2021,2026,4.9254,6.462999999999999,5
2021SJOS01,Maica Neri Birch Sjøstrand,25,50,2021,2026,3.7762000000000002,4.8784,5
2015LIEP02,Imants Liepiņš,19,50,2016,2021,2.2784,3.4848000000000003,5
2022CHAP02,Calder Chapuisat,35,50,2022,2026,4.557799999999999,6.279400000000001,4
2022KLAP01,Augusto Agostini Klappoth,34,50,2022,2026,3.9824,5.380199999999999,4
2022ARRI02,Joel Santamaría Arriola,27,50,2022,2026,3.7558,4.7674,4
2022MAIE03,Ethan Mai,26,50,2022,2026,1.7288,2.427,4
2022CUER01,Oliver Jared Zubieta Cuervo,25,50,2022,2026,3.2204,4.4882,4
2011KULS01,Ayush Kumar,23,50,2011,2015,4.005199999999999,5.280399999999999,4
2022GEGE01,Giorgi Gegeshidze (გიორგი გეგეშიძე),22,50,2022,2026,2.3708,3.6836,4
2016SEGO02,Jorge Marín Segovia,21,50,2016,2020,3.4504,4.602,4
2022ADAM01,Lachlan Adams-Romyn,20,50,2022,2026,1.6542,2.2807999999999997,4
2022DHIL02,Sabir Dhillon,40,50,2023,2026,3.2074000000000003,4.4224,3
2023TANM02,Mark Louis Tan (陈小龙),34,50,2023,2026,2.7283999999999997,4.4748,3
2023KALI10,Krystian Kalicki,30,50,2023,2026,3.5338,4.904599999999999,3
2023PERN01,Erin Pernar,27,50,2023,2026,4.1126,5.226,3
2023POLI03,Riccardo Polignano,27,50,2023,2026,4.238,5.3142,3
2023PODO02,Dominik Podolak,26,50,2023,2026,2.4412000000000003,3.3989999999999996,3
2022RODR58,Corbin Rodriguez,25,50,2023,2026,2.374,3.3480000000000003,3
2023NIKO07,Ilias Nikolaou,25,50,2023,2026,2.5044,3.565,3
2022ORTE06,Vadhir Roberto Lopez Ortega,23,50,2023,2026,3.127,4.2314,3
2023JAIN31,Akash Jain (ジェン明志),21,50,2023,2026,2.7744,3.6618,3
2023LOIS01,Óscar Gervasini Lois,20,50,2023,2026,2.1496,3.0956,3
2023KERL01,Johnny Morello Kerlaff,18,50,2023,2026,2.074,2.745,3
