person_id,person_name,competition_date,average_seconds,seq_index
2008AURO01,Sébastien Auroux,2008-04-19,21.2,1
2008AURO01,Sébastien Auroux,2008-08-23,8.08,2
2008AURO01,Sébastien Auroux,2008-10-18,6.95,3
2008AURO01,Sébastien Auroux,2008-11-08,10.24,4
2008AURO01,Sébastien Auroux,2009-01-10,7.43,5
2008AURO01,Sébastien Auroux,2009-02-21,7.62,6
2008AURO01,Sébastien Auroux,2009-03-14,6.84,7
2008AURO01,Sébastien Auroux,2009-04-25,8.33,8
2008AURO01,Sébastien Auroux,2009-10-09,9.22,9
2008AURO01,Sébastien Auroux,2009-10-17,7.13,10
2008AURO01,Sébastien Auroux,2009-11-21,8.65,11
2008AURO01,Sébastien Auroux,2010-01-16,7.84,12
2008AURO01,Sébastien Auroux,2010-01-23,6.06,13
2008AURO01,Sébastien Auroux,2010-01-23,6.2,14
2008AURO01,Sébastien Auroux,2010-02-20,6.21,15
2008AURO01,Sébastien Auroux,2010-02-27,7.06,16
2008AURO01,Sébastien Auroux,2010-02-27,6.15,17
2008AURO01,Sébastien Auroux,2010-03-20,8.28,18
2008AURO01,Sébastien Auroux,2010-03-20,5.51,19
2008AURO01,Sébastien Auroux,2010-03-20,6.48,20
2008AURO01,Sébastien Auroux,2010-03-27,6.37,21
2008AURO01,Sébastien Auroux,2010-04-17,6.55,22
2008AURO01,Sébastien Auroux,2010-05-22,6.42,23
2008AURO01,Sébastien Auroux,2010-05-22,7.7,24
2008AURO01,Sébastien Auroux,2010-06-12,5.74,25
2008AURO01,Sébastien Auroux,2010-06-26,7.26,26
2008AURO01,Sébastien Auroux,2010-07-24,7.06,27
2008AURO01,Sébastien Auroux,2010-07-31,6.22,28
2008AURO01,Sébastien Auroux,2010-08-14,5.84,29
2008AURO01,Sébastien Auroux,2010-08-14,6.75,30
2008AURO01,Sébastien Auroux,2010-09-04,6.59,31
2008AURO01,Sébastien Auroux,2010-09-04,6.78,32
2008AURO01,Sébastien Auroux,2010-09-11,6.86,33
2008AURO01,Sébastien Auroux,2010-10-16,5.75,34
2008AURO01,Sébastien Auroux,2010-11-13,5.43,35
2008AURO01,Sébastien Auroux,2010-11-20,6.62,36
2008AURO01,Sébastien Auroux,2010-11-20,6.73,37
2008AURO01,Sébastien Auroux,2011-01-14,6.4,38
2008AURO01,Sébastien Auroux,2011-03-05,6.0,39
2008AURO01,Sébastien Auroux,2011-03-05,4.91,40
2008AURO01,Sébastien Auroux,2011-03-26,6.93,41
2008AURO01,Sébastien Auroux,2011-03-26,6.34,42
2008AURO01,Sébastien Auroux,2011-04-02,5.59,43
2008AURO01,Sébastien Auroux,2011-04-09,6.09,44
2008AURO01,Sébastien Auroux,2011-04-22,7.48,45
2008AURO01,Sébastien Auroux,2011-04-22,5.35,46
2008AURO01,Sébastien Auroux,2011-04-22,6.32,47
2008AURO01,Sébastien Auroux,2011-04-30,4.51,48
2008AURO01,Sébastien Auroux,2011-04-30,6.48,49
2008AURO01,Sébastien Auroux,2011-05-07,7.05,50
2008AURO01,Sébastien Auroux,2011-05-07,6.41,51
2008AURO01,Sébastien Auroux,2011-06-10,4.8,52
2008AURO01,Sébastien Auroux,2011-06-10,6.38,53
2008AURO01,Sébastien Auroux,2011-06-25,6.1,54
2008AURO01,Sébastien Auroux,2011-06-25,6.19,55
2008AURO01,Sébastien Auroux,2011-06-25,6.36,56
2008AURO01,Sébastien Auroux,2011-07-15,5.61,57
2008AURO01,Sébastien Auroux,2011-08-13,5.66,58
2008AURO01,Sébastien Auroux,2011-08-13,5.1,59
2008AURO01,Sébastien Auroux,2011-08-13,5.77,60
2008AURO01,Sébastien Auroux,2011-10-08,5.53,61
2008AURO01,Sébastien Auroux,2011-10-08,6.26,62
2008AURO01,Sébastien Auroux,2011-10-14,5.62,63
2008AURO01,Sébastien Auroux,2011-10-22,6.4,64
2008AURO01,Sébastien Auroux,2011-10-22,6.01,65
2008AURO01,Sébastien Auroux,2011-10-29,6.43,66
2008AURO01,Sébastien Auroux,2011-11-12,5.73,67
2008AURO01,Sébastien Auroux,2011-11-12,4.82,68
2008AURO01,Sébastien Auroux,2011-11-12,6.74,69
2008AURO01,Sébastien Auroux,2011-11-19,5.81,70
2008AURO01,Sébastien Auroux,2011-11-19,8.82,71
2008AURO01,Sébastien Auroux,2011-11-26,7.26,72
2008AURO01,Sébastien Auroux,2011-12-10,11.32,73
2008AURO01,Sébastien Auroux,2011-12-17,5.42,74
2008AURO01,Sébastien Auroux,2011-12-17,7.59,75
2008AURO01,Sébastien Auroux,2012-02-04,4.4,76
2008AURO01,Sébastien Auroux,2012-02-04,4.59,77
2008AURO01,Sébastien Auroux,2012-02-04,4.4,78
2008AURO01,Sébastien Auroux,2012-02-25,4.38,79
2008AURO01,Sébastien Auroux,2012-02-25,4.71,80
2008AURO01,Sébastien Auroux,2012-02-25,4.24,81
2008AURO01,Sébastien Auroux,2012-03-31,4.68,82
2008AURO01,Sébastien Auroux,2012-03-31,4.74,83
2008AURO01,Sébastien Auroux,2012-04-06,3.99,84
2008AURO01,Sébastien Auroux,2012-04-06,3.83,85
2008AURO01,Sébastien Auroux,2012-04-06,3.99,86
2008AURO01,Sébastien Auroux,2012-04-14,5.01,87
2008AURO01,Sébastien Auroux,2012-04-14,4.06,88
2008AURO01,Sébastien Auroux,2012-04-28,4.66,89
2008AURO01,Sébastien Auroux,2012-04-28,3.82,90
2008AURO01,Sébastien Auroux,2012-04-28,5.8,91
2008AURO01,Sébastien Auroux,2012-05-12,4.09,92
2008AURO01,Sébastien Auroux,2012-05-12,5.33,93
2008AURO01,Sébastien Auroux,2012-05-12,4.38,94
2008AURO01,Sébastien Auroux,2012-05-19,5.61,95
2008AURO01,Sébastien Auroux,2012-06-23,4.18,96
2008AURO01,Sébastien Auroux,2012-06-23,5.25,97
2008AURO01,Sébastien Auroux,2012-06-30,3.65,98
2008AURO01,Sébastien Auroux,2012-06-30,5.46,99
2008AURO01,Sébastien Auroux,2012-06-30,3.39,100
2008AURO01,Sébastien Auroux,2012-07-07,3.75,101
2008AURO01,Sébastien Auroux,2012-07-07,7.03,102
2008AURO01,Sébastien Auroux,2012-07-13,3.41,103
2008AURO01,Sébastien Auroux,2012-07-13,4.06,104
2008AURO01,Sébastien Auroux,2012-09-01,5.82,105
2008AURO01,Sébastien Auroux,2012-09-01,4.1,106
2008AURO01,Sébastien Auroux,2012-09-01,4.81,107
2008AURO01,Sébastien Auroux,2012-09-15,3.78,108
2008AURO01,Sébastien Auroux,2012-09-15,4.51,109
2008AURO01,Sébastien Auroux,2012-10-06,4.32,110
2008AURO01,Sébastien Auroux,2012-10-06,4.35,111
2008AURO01,Sébastien Auroux,2012-10-12,3.75,112
2008AURO01,Sébastien Auroux,2012-10-20,4.0,113
2008AURO01,Sébastien Auroux,2012-10-20,3.19,114
2008AURO01,Sébastien Auroux,2012-10-20,3.73,115
2008AURO01,Sébastien Auroux,2012-11-03,3.67,116
2008AURO01,Sébastien Auroux,2012-11-03,4.86,117
2008AURO01,Sébastien Auroux,2012-11-17,3.5,118
2008AURO01,Sébastien Auroux,2012-11-17,3.48,119
2008AURO01,Sébastien Auroux,2012-12-08,3.73,120
2008AURO01,Sébastien Auroux,2012-12-08,3.81,121
2008AURO01,Sébastien Auroux,2012-12-22,3.54,122
2008AURO01,Sébastien Auroux,2012-12-22,3.91,123
2008AURO01,Sébastien Auroux,2012-12-22,5.4,124
2008AURO01,Sébastien Auroux,2013-02-02,3.32,125
2008AURO01,Sébastien Auroux,2013-02-02,3.59,126
2008AURO01,Sébastien Auroux,2013-02-02,3.67,127
2008AURO01,Sébastien Auroux,2013-02-16,3.53,128
2008AURO01,Sébastien Auroux,2013-02-16,4.12,129
2008AURO01,Sébastien Auroux,2013-02-16,5.44,130
2008AURO01,Sébastien Auroux,2013-03-02,3.29,131
2008AURO01,Sébastien Auroux,2013-03-02,4.03,132
2008AURO01,Sébastien Auroux,2013-03-02,4.5,133
2008AURO01,Sébastien Auroux,2013-04-06,4.06,134
2008AURO01,Sébastien Auroux,2013-04-06,4.73,135
2008AURO01,Sébastien Auroux,2013-04-06,3.7,136
2008AURO01,Sébastien Auroux,2013-04-20,4.95,137
2008AURO01,Sébastien Auroux,2013-04-20,3.26,138
2008AURO01,Sébastien Auroux,2013-04-20,3.47,139
2008AURO01,Sébastien Auroux,2013-05-04,2.75,140
2008AURO01,Sébastien Auroux,2013-05-04,6.43,141
2008AURO01,Sébastien Auroux,2013-05-17,3.65,142
2008AURO01,Sébastien Auroux,2013-05-17,3.99,143
2008AURO01,Sébastien Auroux,2013-05-17,4.02,144
2008AURO01,Sébastien Auroux,2013-06-01,4.48,145
2008AURO01,Sébastien Auroux,2013-06-01,4.3,146
2008AURO01,Sébastien Auroux,2013-06-01,3.6,147
2008AURO01,Sébastien Auroux,2013-06-22,4.62,148
2008AURO01,Sébastien Auroux,2013-06-22,3.95,149
2008AURO01,Sébastien Auroux,2013-06-22,4.67,150
2008AURO01,Sébastien Auroux,2013-06-29,4.33,151
2008AURO01,Sébastien Auroux,2013-06-29,6.68,152
2008AURO01,Sébastien Auroux,2013-07-26,4.36,153
2008AURO01,Sébastien Auroux,2013-07-26,4.31,154
2008AURO01,Sébastien Auroux,2013-07-26,4.89,155
2008AURO01,Sébastien Auroux,2013-08-10,4.48,156
2008AURO01,Sébastien Auroux,2013-08-10,5.73,157
2008AURO01,Sébastien Auroux,2013-08-10,3.35,158
2008AURO01,Sébastien Auroux,2013-09-07,4.29,159
2008AURO01,Sébastien Auroux,2013-09-07,7.42,160
2008AURO01,Sébastien Auroux,2013-09-14,3.64,161
2008AURO01,Sébastien Auroux,2013-09-14,4.03,162
2008AURO01,Sébastien Auroux,2013-09-14,4.2,163
2008AURO01,Sébastien Auroux,2013-10-19,3.93,164
2008AURO01,Sébastien Auroux,2013-10-19,4.47,165
2008AURO01,Sébastien Auroux,2013-10-26,3.45,166
2008AURO01,Sébastien Auroux,2013-10-26,5.81,167
2008AURO01,Sébastien Auroux,2013-10-26,3.66,168
2008AURO01,Sébastien Auroux,2013-11-02,3.72,169
2008AURO01,Sébastien Auroux,2013-11-02,3.88,170
2008AURO01,Sébastien Auroux,2013-11-02,3.64,171
2008AURO01,Sébastien Auroux,2013-11-09,4.45,172
2008AURO01,Sébastien Auroux,2013-11-09,3.35,173
2008AURO01,Sébastien Auroux,2013-11-23,3.18,174
2008AURO01,Sébastien Auroux,2013-11-23,5.48,175
2008AURO01,Sébastien Auroux,2013-12-07,3.91,176
2008AURO01,Sébastien Auroux,2013-12-07,3.44,177
2008AURO01,Sébastien Auroux,2013-12-29,3.13,178
2008AURO01,Sébastien Auroux,2013-12-29,3.8,179
2008AURO01,Sébastien Auroux,2013-12-29,3.0,180
2008AURO01,Sébastien Auroux,2014-01-03,3.49,181
2008AURO01,Sébastien Auroux,2014-01-03,3.27,182
2008AURO01,Sébastien Auroux,2014-01-03,3.0,183
2008AURO01,Sébastien Auroux,2014-01-18,3.12,184
2008AURO01,Sébastien Auroux,2014-01-18,3.72,185
2008AURO01,Sébastien Auroux,2014-01-18,3.3,186
2008AURO01,Sébastien Auroux,2014-02-22,3.92,187
2008AURO01,Sébastien Auroux,2014-02-22,4.44,188
2008AURO01,Sébastien Auroux,2014-02-22,4.49,189
2008AURO01,Sébastien Auroux,2014-03-15,4.31,190
2008AURO01,Sébastien Auroux,2014-03-15,3.46,191
2008AURO01,Sébastien Auroux,2014-03-15,2.95,192
2008AURO01,Sébastien Auroux,2014-03-22,4.32,193
2008AURO01,Sébastien Auroux,2014-03-22,2.86,194
2008AURO01,Sébastien Auroux,2014-03-22,3.43,195
2008AURO01,Sébastien Auroux,2014-04-05,3.55,196
2008AURO01,Sébastien Auroux,2014-04-05,3.84,197
2008AURO01,Sébastien Auroux,2014-04-05,3.38,198
2008AURO01,Sébastien Auroux,2014-04-18,3.67,199
2008AURO01,Sébastien Auroux,2014-04-18,3.45,200
2008AURO01,Sébastien Auroux,2014-04-18,3.34,201
2008AURO01,Sébastien Auroux,2014-05-24,4.82,202
2008AURO01,Sébastien Auroux,2014-05-24,4.13,203
2008AURO01,Sébastien Auroux,2014-05-24,4.27,204
2008AURO01,Sébastien Auroux,2014-06-07,5.19,205
2008AURO01,Sébastien Auroux,2014-06-07,3.88,206
2008AURO01,Sébastien Auroux,2014-07-04,4.18,207
2008AURO01,Sébastien Auroux,2014-07-04,4.23,208
2008AURO01,Sébastien Auroux,2014-08-02,3.0,209
2008AURO01,Sébastien Auroux,2014-08-02,3.65,210
2008AURO01,Sébastien Auroux,2014-08-02,3.5,211
2008AURO01,Sébastien Auroux,2014-08-08,3.52,212
2008AURO01,Sébastien Auroux,2014-08-08,3.35,213
2008AURO01,Sébastien Auroux,2014-09-06,2.88,214
2008AURO01,Sébastien Auroux,2014-09-06,3.25,215
2008AURO01,Sébastien Auroux,2014-10-04,3.36,216
2008AURO01,Sébastien Auroux,2014-10-04,4.33,217
2008AURO01,Sébastien Auroux,2014-10-04,4.42,218
2008AURO01,Sébastien Auroux,2014-11-01,4.09,219
2008AURO01,Sébastien Auroux,2014-11-01,3.22,220
2008AURO01,Sébastien Auroux,2014-11-01,3.25,221
2008AURO01,Sébastien Auroux,2014-11-21,4.77,222
2008AURO01,Sébastien Auroux,2014-11-21,3.31,223
2008AURO01,Sébastien Auroux,2015-01-17,5.32,224
2008AURO01,Sébastien Auroux,2015-01-17,3.05,225
2008AURO01,Sébastien Auroux,2015-01-17,3.14,226
2008AURO01,Sébastien Auroux,2015-01-31,3.18,227
2008AURO01,Sébastien Auroux,2015-01-31,3.68,228
2008AURO01,Sébastien Auroux,2015-01-31,3.05,229
2008AURO01,Sébastien Auroux,2015-02-21,3.61,230
2008AURO01,Sébastien Auroux,2015-02-21,3.72,231
2008AURO01,Sébastien Auroux,2015-02-21,4.27,232
2008AURO01,Sébastien Auroux,2015-03-14,3.26,233
2008AURO01,Sébastien Auroux,2015-03-14,3.7,234
2008AURO01,Sébastien Auroux,2015-03-14,4.58,235
2008AURO01,Sébastien Auroux,2015-04-18,3.93,236
2008AURO01,Sébastien Auroux,2015-04-18,4.01,237
2008AURO01,Sébastien Auroux,2015-04-18,6.03,238
2008AURO01,Sébastien Auroux,2015-05-16,4.13,239
2008AURO01,Sébastien Auroux,2015-05-16,3.56,240
2008AURO01,Sébastien Auroux,2015-06-06,5.07,241
2008AURO01,Sébastien Auroux,2015-06-06,3.2,242
2008AURO01,Sébastien Auroux,2015-06-06,5.6,243
2008AURO01,Sébastien Auroux,2015-07-04,4.42,244
2008AURO01,Sébastien Auroux,2015-07-04,4.97,245
2008AURO01,Sébastien Auroux,2015-07-04,3.42,246
2008AURO01,Sébastien Auroux,2015-07-17,4.11,247
2008AURO01,Sébastien Auroux,2015-07-17,4.32,248
2008AURO01,Sébastien Auroux,2015-08-01,3.62,249
2008AURO01,Sébastien Auroux,2015-08-01,3.7,250
2008AURO01,Sébastien Auroux,2015-08-01,3.65,251
2008AURO01,Sébastien Auroux,2015-09-05,3.6,252
2008AURO01,Sébastien Auroux,2015-09-05,3.92,253
2008AURO01,Sébastien Auroux,2015-09-18,4.54,254
2008AURO01,Sébastien Auroux,2015-09-18,3.43,255
2008AURO01,Sébastien Auroux,2015-09-18,3.42,256
2008AURO01,Sébastien Auroux,2015-12-05,3.86,257
2008AURO01,Sébastien Auroux,2015-12-05,4.6,258
2008AURO01,Sébastien Auroux,2016-01-09,3.33,259
2008AURO01,Sébastien Auroux,2016-01-09,4.46,260
2008AURO01,Sébastien Auroux,2016-01-30,3.09,261
2008AURO01,Sébastien Auroux,2016-01-30,3.3,262
2008AURO01,Sébastien Auroux,2016-01-30,4.02,263
2008AURO01,Sébastien Auroux,2016-02-06,4.74,264
2008AURO01,Sébastien Auroux,2016-02-06,3.93,265
2008AURO01,Sébastien Auroux,2016-03-05,4.99,266
2008AURO01,Sébastien Auroux,2016-03-05,4.51,267
2008AURO01,Sébastien Auroux,2016-03-05,4.14,268
2008AURO01,Sébastien Auroux,2016-04-09,3.39,269
2008AURO01,Sébastien Auroux,2016-04-09,5.22,270
2008AURO01,Sébastien Auroux,2016-05-07,3.41,271
2008AURO01,Sébastien Auroux,2016-05-07,3.42,272
2008AURO01,Sébastien Auroux,2016-05-07,3.69,273
2008AURO01,Sébastien Auroux,2016-06-19,5.12,274
2008AURO01,Sébastien Auroux,2016-06-19,3.35,275
2008AURO01,Sébastien Auroux,2016-07-02,4.78,276
2008AURO01,Sébastien Auroux,2016-07-02,3.52,277
2008AURO01,Sébastien Auroux,2016-07-02,3.81,278
2008AURO01,Sébastien Auroux,2016-07-15,3.42,279
2008AURO01,Sébastien Auroux,2016-07-15,4.59,280
2008AURO01,Sébastien Auroux,2016-07-19,4.65,281
2008AURO01,Sébastien Auroux,2016-07-19,3.32,282
2008AURO01,Sébastien Auroux,2016-07-19,5.15,283
2008AURO01,Sébastien Auroux,2016-08-06,4.03,284
2008AURO01,Sébastien Auroux,2016-08-06,3.34,285
2008AURO01,Sébastien Auroux,2016-08-06,4.13,286
2008AURO01,Sébastien Auroux,2016-08-13,4.64,287
2008AURO01,Sébastien Auroux,2016-08-13,4.03,288
2008AURO01,Sébastien Auroux,2016-08-13,4.2,289
2008AURO01,Sébastien Auroux,2016-09-03,4.39,290
2008AURO01,Sébastien Auroux,2016-09-03,3.81,291
2008AURO01,Sébastien Auroux,2016-10-07,6.11,292
2008AURO01,Sébastien Auroux,2016-10-29,3.65,293
2008AURO01,Sébastien Auroux,2016-10-29,3.9,294
2008AURO01,Sébastien Auroux,2016-11-26,4.46,295
2008AURO01,Sébastien Auroux,2016-11-26,4.31,296
2008AURO01,Sébastien Auroux,2016-11-26,3.1,297
2008AURO01,Sébastien Auroux,2017-01-06,3.77,298
2008AURO01,Sébastien Auroux,2017-01-06,3.37,299
2008AURO01,Sébastien Auroux,2017-01-06,3.43,300
2008AURO01,Sébastien Auroux,2017-01-28,4.48,301
2008AURO01,Sébastien Auroux,2017-01-28,5.42,302
2008AURO01,Sébastien Auroux,2017-02-25,4.32,303
2008AURO01,Sébastien Auroux,2017-02-25,3.7,304
2008AURO01,Sébastien Auroux,2017-03-25,3.33,305
2008AURO01,Sébastien Auroux,2017-03-25,3.37,306
2008AURO01,Sébastien Auroux,2017-04-08,4.75,307
2008AURO01,Sébastien Auroux,2017-04-08,6.07,308
2008AURO01,Sébastien Auroux,2017-04-29,3.43,309
2008AURO01,Sébastien Auroux,2017-04-29,3.98,310
2008AURO01,Sébastien Auroux,2017-05-27,3.48,311
2008AURO01,Sébastien Auroux,2017-05-27,3.12,312
2008AURO01,Sébastien Auroux,2017-05-27,3.24,313
2008AURO01,Sébastien Auroux,2017-06-10,5.62,314
2008AURO01,Sébastien Auroux,2017-06-10,4.91,315
2008AURO01,Sébastien Auroux,2017-06-10,3.51,316
2008AURO01,Sébastien Auroux,2017-07-01,3.68,317
2008AURO01,Sébastien Auroux,2017-07-01,3.58,318
2008AURO01,Sébastien Auroux,2017-07-13,5.36,319
2008AURO01,Sébastien Auroux,2017-08-19,4.71,320
2008AURO01,Sébastien Auroux,2017-09-01,5.46,321
2008AURO01,Sébastien Auroux,2017-09-01,7.72,322
2008AURO01,Sébastien Auroux,2017-09-16,4.32,323
2008AURO01,Sébastien Auroux,2017-09-16,3.7,324
2008AURO01,Sébastien Auroux,2017-09-16,3.82,325
2008AURO01,Sébastien Auroux,2017-10-13,3.5,326
2008AURO01,Sébastien Auroux,2017-10-13,3.62,327
2008AURO01,Sébastien Auroux,2017-10-13,5.34,328
2008AURO01,Sébastien Auroux,2017-12-02,5.09,329
2008AURO01,Sébastien Auroux,2017-12-02,2.9,330
2008AURO01,Sébastien Auroux,2018-01-05,2.99,331
2008AURO01,Sébastien Auroux,2018-01-05,4.17,332
2008AURO01,Sébastien Auroux,2018-02-10,6.35,333
2008AURO01,Sébastien Auroux,2018-02-10,4.06,334
2008AURO01,Sébastien Auroux,2018-02-10,8.34,335
2008AURO01,Sébastien Auroux,2018-03-24,5.57,336
2008AURO01,Sébastien Auroux,2018-03-24,3.97,337
2008AURO01,Sébastien Auroux,2018-03-24,3.44,338
2008AURO01,Sébastien Auroux,2018-04-21,3.21,339
2008AURO01,Sébastien Auroux,2018-04-21,4.09,340
2008AURO01,Sébastien Auroux,2018-05-12,4.25,341
2008AURO01,Sébastien Auroux,2018-05-12,3.64,342
2008AURO01,Sébastien Auroux,2018-05-12,5.07,343
2008AURO01,Sébastien Auroux,2018-07-14,4.07,344
2008AURO01,Sébastien Auroux,2018-07-14,3.45,345
2008AURO01,Sébastien Auroux,2018-07-19,4.36,346
2008AURO01,Sébastien Auroux,2018-07-19,5.26,347
2008AURO01,Sébastien Auroux,2018-09-07,3.76,348
2008AURO01,Sébastien Auroux,2018-09-07,4.62,349
2008AURO01,Sébastien Auroux,2018-09-22,6.99,350
2008AURO01,Sébastien Auroux,2018-09-22,3.9,351
2008AURO01,Sébastien Auroux,2018-09-22,2.97,352
2008AURO01,Sébastien Auroux,2018-12-15,3.1,353
2008AURO01,Sébastien Auroux,2018-12-15,3.53,354
2008AURO01,Sébastien Auroux,2018-12-15,4.81,355
2008AURO01,Sébastien Auroux,2019-01-04,3.54,356
2008AURO01,Sébastien Auroux,2019-01-04,4.15,357
2008AURO01,Sébastien Auroux,2019-01-04,4.26,358
2008AURO01,Sébastien Auroux,2019-02-16,2.95,359
2008AURO01,Sébastien Auroux,2019-02-16,6.55,360
2008AURO01,Sébastien Auroux,2019-04-06,7.66,361
2008AURO01,Sébastien Auroux,2019-04-06,4.43,362
2008AURO01,Sébastien Auroux,2019-04-13,4.15,363
2008AURO01,Sébastien Auroux,2019-04-13,9.69,364
2008AURO01,Sébastien Auroux,2019-05-11,3.95,365
2008AURO01,Sébastien Auroux,2019-05-11,3.99,366
2008AURO01,Sébastien Auroux,2019-05-11,3.72,367
2008AURO01,Sébastien Auroux,2019-07-11,3.42,368
2008AURO01,Sébastien Auroux,2019-07-11,3.55,369
2008AURO01,Sébastien Auroux,2019-08-02,4.29,370
2008AURO01,Sébastien Auroux,2019-08-02,2.81,371
2008AURO01,Sébastien Auroux,2019-08-02,5.1,372
2008AURO01,Sébastien Auroux,2019-09-21,3.71,373
2008AURO01,Sébastien Auroux,2019-09-21,3.16,374
2008AURO01,Sébastien Auroux,2019-10-19,3.82,375
2008AURO01,Sébastien Auroux,2019-10-19,3.49,376
2008AURO01,Sébastien Auroux,2019-10-19,5.41,377
2008AURO01,Sébastien Auroux,2019-11-30,5.61,378
2008AURO01,Sébastien Auroux,2020-01-11,5.49,379
2008AURO01,Sébastien Auroux,2020-01-11,3.86,380
2008AURO01,Sébastien Auroux,2020-01-18,4.84,381
2008AURO01,Sébastien Auroux,2020-01-18,5.71,382
2008AURO01,Sébastien Auroux,2020-02-22,4.53,383
2008AURO01,Sébastien Auroux,2020-02-22,3.59,384
2008AURO01,Sébastien Auroux,2020-02-22,5.22,385
2008AURO01,Sébastien Auroux,2020-02-29,4.43,386
2008AURO01,Sébastien Auroux,2020-02-29,4.85,387
2008AURO01,Sébastien Auroux,2021-10-16,4.88,388
2008AURO01,Sébastien Auroux,2021-10-16,6.09,389
2008AURO01,Sébastien Auroux,2021-11-07,4.94,390
2008AURO01,Sébastien Auroux,2021-11-07,5.08,391
2008AURO01,Sébastien Auroux,2021-11-07,4.3,392
2008AURO01,Sébastien Auroux,2022-04-30,5.87,393
2008AURO01,Sébastien Auroux,2022-04-30,5.77,394
2008AURO01,Sébastien Auroux,2022-05-14,6.71,395
2008AURO01,Sébastien Auroux,2022-05-14,4.3,396
2008AURO01,Sébastien Auroux,2022-07-14,6.8,397
2008AURO01,Sébastien Auroux,2022-08-19,9.17,398
2008AURO01,Sébastien Auroux,2023-04-01,6.09,399
2008AURO01,Sébastien Auroux,2023-04-01,7.64,400
2008AURO01,Sébastien Auroux,2023-04-29,5.43,401
2008AURO01,Sébastien Auroux,2023-04-29,5.36,402
2008AURO01,Sébastien Auroux,2023-08-04,5.92,403
2008AURO01,Sébastien Auroux,2023-10-14,8.35,404
2008AURO01,Sébastien Auroux,2023-10-14,6.28,405
2008AURO01,Sébastien Auroux,2023-11-11,4.43,406
2008AURO01,Sébastien Auroux,2023-11-11,4.85,407
2008AURO01,Sébastien Auroux,2023-11-11,5.16,408
2008AURO01,Sébastien Auroux,2024-03-09,5.86,409
2008AURO01,Sébastien Auroux,2024-03-09,5.67,410
2008AURO01,Sébastien Auroux,2024-04-20,5.33,411
2008AURO01,Sébastien Auroux,2024-04-20,12.9,412
2008AURO01,Sébastien Auroux,2024-05-24,5.61,413
2008AURO01,Sébastien Auroux,2024-05-24,3.31,414
2008AURO01,Sébastien Auroux,2024-05-24,6.3,415
2008AURO01,Sébastien Auroux,2024-09-13,6.14,416
2008AURO01,Sébastien Auroux,2024-09-13,7.63,417
2008AURO01,Sébastien Auroux,2024-09-27,6.47,418
2008AURO01,Sébastien Auroux,2024-09-27,3.73,419
2008AURO01,Sébastien Auroux,2024-09-27,4.67,420
2008AURO01,Sébastien Auroux,2024-10-04,4.55,421
2008AURO01,Sébastien Auroux,2025-03-01,6.75,422
2008AURO01,Sébastien Auroux,2025-03-01,4.09,423
2008AURO01,Sébastien Auroux,2025-05-10,4.64,424
2008AURO01,Sébastien Auroux,2025-05-10,5.32,425
2008AURO01,Sébastien Auroux,2025-05-23,5.25,426
2008AURO01,Sébastien Auroux,2025-09-26,5.59,427
2008AURO01,Sébastien Auroux,2025-10-11,5.01,428
2008AURO01,Sébastien Auroux,2025-10-11,3.68,429
2008AURO01,Sébastien Auroux,2025-11-01,5.35,430
2008AURO01,Sébastien Auroux,2025-11-01,5.62,431
2008AURO01,Sébastien Auroux,2026-04-18,4.94,432
2008AURO01,Sébastien Auroux,2026-04-18,4.66,433
2008AURO01,Sébastien Auroux,2026-05-16,4.62,434
2008AURO01,Sébastien Auroux,2026-05-16,3.89,435
2008BARA01,Bence Barát,2008-08-23,7.01,1
2008BARA01,Bence Barát,2008-09-19,6.25,2
2008BARA01,Bence Barát,2009-01-31,5.37,3
2008BARA01,Bence Barát,2009-01-31,4.63,4
2008BARA01,Bence Barát,2009-03-14,5.33,5
2008BARA01,Bence Barát,2009-04-25,5.44,6
2008BARA01,Bence Barát,2009-06-17,5.05,7
2008BARA01,Bence Barát,2009-07-17,9.67,8
2008BARA01,Bence Barát,2009-09-19,7.25,9
2008BARA01,Bence Barát,2009-10-09,4.24,10
2008BARA01,Bence Barát,2009-10-09,4.44,11
2008BARA01,Bence Barát,2009-10-16,4.98,12
2008BARA01,Bence Barát,2009-10-16,3.6,13
2008BARA01,Bence Barát,2009-10-31,4.52,14
2008BARA01,Bence Barát,2009-10-31,4.06,15
2008BARA01,Bence Barát,2009-11-21,4.12,16
2008BARA01,Bence Barát,2009-11-21,4.07,17
2008BARA01,Bence Barát,2009-11-21,4.12,18
2008BARA01,Bence Barát,2009-11-28,4.2,19
2008BARA01,Bence Barát,2009-11-28,4.15,20
2008BARA01,Bence Barát,2010-02-27,3.57,21
2008BARA01,Bence Barát,2010-02-27,3.78,22
2008BARA01,Bence Barát,2010-03-27,3.85,23
2008BARA01,Bence Barát,2010-03-27,4.3,24
2008BARA01,Bence Barát,2010-03-27,3.82,25
2008BARA01,Bence Barát,2010-04-24,6.87,26
2008BARA01,Bence Barát,2010-06-05,3.11,27
2008BARA01,Bence Barát,2010-06-05,3.38,28
2008BARA01,Bence Barát,2010-06-05,4.62,29
2008BARA01,Bence Barát,2010-07-03,3.2,30
2008BARA01,Bence Barát,2010-07-16,4.26,31
2008BARA01,Bence Barát,2010-07-16,3.99,32
2008BARA01,Bence Barát,2010-07-16,3.55,33
2008BARA01,Bence Barát,2010-07-26,3.81,34
2008BARA01,Bence Barát,2010-07-26,3.93,35
2008BARA01,Bence Barát,2010-07-26,3.31,36
2008BARA01,Bence Barát,2010-07-31,2.99,37
2008BARA01,Bence Barát,2010-08-14,3.51,38
2008BARA01,Bence Barát,2010-08-14,3.97,39
2008BARA01,Bence Barát,2010-08-14,2.95,40
2008BARA01,Bence Barát,2010-09-03,3.2,41
2008BARA01,Bence Barát,2010-09-03,3.07,42
2008BARA01,Bence Barát,2010-09-18,3.39,43
2008BARA01,Bence Barát,2010-09-18,3.69,44
2008BARA01,Bence Barát,2010-09-18,3.44,45
2008BARA01,Bence Barát,2010-10-01,3.1,46
2008BARA01,Bence Barát,2010-10-01,3.64,47
2008BARA01,Bence Barát,2010-10-16,3.07,48
2008BARA01,Bence Barát,2010-12-27,3.29,49
2008BARA01,Bence Barát,2010-12-27,3.0,50
2008BARA01,Bence Barát,2010-12-27,3.57,51
2008BARA01,Bence Barát,2011-03-05,3.16,52
2008BARA01,Bence Barát,2011-03-05,3.15,53
2008BARA01,Bence Barát,2011-05-21,3.24,54
2008BARA01,Bence Barát,2011-05-21,3.56,55
2008BARA01,Bence Barát,2011-05-21,3.76,56
2008BARA01,Bence Barát,2011-07-15,3.12,57
2008BARA01,Bence Barát,2011-07-15,3.41,58
2008BARA01,Bence Barát,2011-09-03,2.79,59
2008BARA01,Bence Barát,2011-09-03,2.54,60
2008BARA01,Bence Barát,2011-09-03,3.08,61
2008BARA01,Bence Barát,2011-09-18,3.92,62
2008BARA01,Bence Barát,2011-09-24,4.05,63
2008BARA01,Bence Barát,2011-09-24,3.14,64
2008BARA01,Bence Barát,2011-10-14,3.18,65
2008BARA01,Bence Barát,2011-10-14,3.54,66
2008BARA01,Bence Barát,2011-10-22,3.69,67
2008BARA01,Bence Barát,2011-10-22,2.61,68
2008BARA01,Bence Barát,2011-10-29,2.82,69
2008BARA01,Bence Barát,2011-11-19,4.16,70
2008BARA01,Bence Barát,2012-02-25,4.01,71
2008BARA01,Bence Barát,2012-02-25,3.17,72
2008BARA01,Bence Barát,2012-03-31,4.28,73
2008BARA01,Bence Barát,2012-03-31,3.13,74
2008BARA01,Bence Barát,2012-07-28,3.03,75
2008BARA01,Bence Barát,2012-07-28,3.82,76
2008BARA01,Bence Barát,2012-09-08,3.31,77
2008BARA01,Bence Barát,2012-09-08,2.94,78
2008BARA01,Bence Barát,2012-10-12,3.37,79
2008BARA01,Bence Barát,2012-10-12,3.48,80
2008BARA01,Bence Barát,2013-02-09,3.39,81
2008BARA01,Bence Barát,2013-02-09,3.38,82
2008BARA01,Bence Barát,2013-03-23,3.7,83
2008BARA01,Bence Barát,2013-03-23,3.12,84
2008BARA01,Bence Barát,2013-04-20,4.15,85
2008BARA01,Bence Barát,2013-04-20,3.93,86
2008BARA01,Bence Barát,2013-04-20,3.54,87
2008BARA01,Bence Barát,2013-07-12,2.97,88
2008BARA01,Bence Barát,2013-07-12,2.75,89
2008BARA01,Bence Barát,2013-07-26,2.95,90
2008BARA01,Bence Barát,2013-07-26,2.96,91
2008BARA01,Bence Barát,2013-07-26,3.8,92
2008BARA01,Bence Barát,2013-07-26,3.62,93
2008BARA01,Bence Barát,2013-09-21,3.44,94
2008BARA01,Bence Barát,2013-09-21,3.82,95
2008BARA01,Bence Barát,2013-09-21,3.65,96
2008BARA01,Bence Barát,2013-09-28,3.79,97
2008BARA01,Bence Barát,2013-09-28,2.96,98
2008BARA01,Bence Barát,2013-09-28,2.76,99
2008BARA01,Bence Barát,2013-11-09,3.37,100
2008BARA01,Bence Barát,2013-11-09,2.81,101
2008BARA01,Bence Barát,2013-11-30,3.44,102
2008BARA01,Bence Barát,2013-11-30,2.18,103
2008BARA01,Bence Barát,2013-11-30,3.28,104
2008BARA01,Bence Barát,2014-02-22,3.53,105
2008BARA01,Bence Barát,2014-02-22,3.11,106
2008BARA01,Bence Barát,2014-03-08,3.88,107
2008BARA01,Bence Barát,2014-03-08,3.55,108
2008BARA01,Bence Barát,2014-03-08,3.1,109
2008BARA01,Bence Barát,2014-03-22,3.19,110
2008BARA01,Bence Barát,2014-03-22,2.81,111
2008BARA01,Bence Barát,2014-03-22,3.19,112
2008BARA01,Bence Barát,2014-04-05,3.26,113
2008BARA01,Bence Barát,2014-04-05,4.06,114
2008BARA01,Bence Barát,2014-04-12,3.39,115
2008BARA01,Bence Barát,2014-04-12,3.2,116
2008BARA01,Bence Barát,2014-04-26,2.45,117
2008BARA01,Bence Barát,2014-04-26,2.68,118
2008BARA01,Bence Barát,2014-07-11,3.21,119
2008BARA01,Bence Barát,2014-07-11,3.26,120
2008BARA01,Bence Barát,2014-07-11,3.84,121
2008BARA01,Bence Barát,2014-07-19,3.7,122
2008BARA01,Bence Barát,2014-07-19,3.44,123
2008BARA01,Bence Barát,2014-07-19,3.28,124
2008BARA01,Bence Barát,2014-08-08,3.2,125
2008BARA01,Bence Barát,2014-08-08,2.8,126
2008BARA01,Bence Barát,2014-08-08,3.53,127
2008BARA01,Bence Barát,2014-09-13,3.37,128
2008BARA01,Bence Barát,2014-09-13,2.78,129
2008BARA01,Bence Barát,2014-09-13,3.27,130
2008BARA01,Bence Barát,2014-09-20,2.71,131
2008BARA01,Bence Barát,2014-09-20,2.55,132
2008BARA01,Bence Barát,2014-10-17,3.36,133
2008BARA01,Bence Barát,2014-10-17,3.48,134
2008BARA01,Bence Barát,2014-10-17,3.64,135
2008BARA01,Bence Barát,2014-11-08,2.82,136
2008BARA01,Bence Barát,2014-11-08,2.67,137
2008BARA01,Bence Barát,2014-11-08,2.49,138
2008BARA01,Bence Barát,2015-01-31,2.95,139
2008BARA01,Bence Barát,2015-01-31,3.18,140
2008BARA01,Bence Barát,2015-01-31,3.1,141
2008BARA01,Bence Barát,2015-02-21,2.81,142
2008BARA01,Bence Barát,2015-02-21,3.31,143
2008BARA01,Bence Barát,2015-02-21,3.23,144
2008BARA01,Bence Barát,2015-03-14,2.74,145
2008BARA01,Bence Barát,2015-03-14,3.51,146
2008BARA01,Bence Barát,2015-03-14,3.05,147
2008BARA01,Bence Barát,2015-04-18,3.09,148
2008BARA01,Bence Barát,2015-04-18,3.02,149
2008BARA01,Bence Barát,2015-05-02,2.58,150
2008BARA01,Bence Barát,2015-05-02,2.81,151
2008BARA01,Bence Barát,2015-05-02,2.64,152
2008BARA01,Bence Barát,2015-05-16,2.84,153
2008BARA01,Bence Barát,2015-05-16,2.61,154
2008BARA01,Bence Barát,2015-05-16,3.37,155
2008BARA01,Bence Barát,2015-06-06,2.64,156
2008BARA01,Bence Barát,2015-06-06,2.73,157
2008BARA01,Bence Barát,2015-06-06,3.1,158
2008BARA01,Bence Barát,2015-06-27,3.45,159
2008BARA01,Bence Barát,2015-06-27,3.62,160
2008BARA01,Bence Barát,2015-06-27,3.47,161
2008BARA01,Bence Barát,2015-07-04,2.72,162
2008BARA01,Bence Barát,2015-07-04,3.18,163
2008BARA01,Bence Barát,2015-07-04,2.96,164
2008BARA01,Bence Barát,2015-07-17,3.62,165
2008BARA01,Bence Barát,2015-07-17,3.0,166
2008BARA01,Bence Barát,2015-07-17,3.37,167
2008BARA01,Bence Barát,2015-08-14,3.65,168
2008BARA01,Bence Barát,2015-08-14,3.4,169
2008BARA01,Bence Barát,2015-08-14,2.58,170
2008BARA01,Bence Barát,2015-09-18,3.15,171
2008BARA01,Bence Barát,2015-09-18,3.07,172
2008BARA01,Bence Barát,2015-09-18,2.94,173
2008BARA01,Bence Barát,2015-10-03,3.24,174
2008BARA01,Bence Barát,2015-10-03,2.67,175
2008BARA01,Bence Barát,2015-10-03,3.3,176
2008BARA01,Bence Barát,2015-11-14,2.7,177
2008BARA01,Bence Barát,2015-11-14,2.61,178
2008BARA01,Bence Barát,2015-11-14,2.87,179
2008BARA01,Bence Barát,2016-02-06,3.41,180
2008BARA01,Bence Barát,2016-02-06,2.46,181
2008BARA01,Bence Barát,2016-02-06,3.0,182
2008BARA01,Bence Barát,2016-02-27,3.51,183
2008BARA01,Bence Barát,2016-02-27,2.8,184
2008BARA01,Bence Barát,2016-02-27,2.76,185
2008BARA01,Bence Barát,2016-04-02,3.84,186
2008BARA01,Bence Barát,2016-04-02,3.05,187
2008BARA01,Bence Barát,2016-04-02,3.21,188
2008BARA01,Bence Barát,2016-04-16,2.92,189
2008BARA01,Bence Barát,2016-04-16,3.25,190
2008BARA01,Bence Barát,2016-04-16,2.58,191
2008BARA01,Bence Barát,2016-04-23,3.23,192
2008BARA01,Bence Barát,2016-04-23,3.01,193
2008BARA01,Bence Barát,2016-04-23,3.55,194
2008BARA01,Bence Barát,2016-05-28,3.58,195
2008BARA01,Bence Barát,2016-05-28,3.33,196
2008BARA01,Bence Barát,2016-05-28,3.16,197
2008BARA01,Bence Barát,2016-06-18,3.44,198
2008BARA01,Bence Barát,2016-06-18,2.74,199
2008BARA01,Bence Barát,2016-07-15,2.84,200
2008BARA01,Bence Barát,2016-07-15,3.06,201
2008BARA01,Bence Barát,2016-07-19,3.12,202
2008BARA01,Bence Barát,2016-07-19,3.54,203
2008BARA01,Bence Barát,2016-07-19,2.87,204
2008BARA01,Bence Barát,2016-08-27,2.64,205
2008BARA01,Bence Barát,2016-08-27,2.95,206
2008BARA01,Bence Barát,2016-08-27,3.81,207
2008BARA01,Bence Barát,2016-09-03,2.94,208
2008BARA01,Bence Barát,2016-09-03,2.97,209
2008BARA01,Bence Barát,2016-09-03,2.88,210
2008BARA01,Bence Barát,2016-10-01,2.83,211
2008BARA01,Bence Barát,2016-10-01,3.11,212
2008BARA01,Bence Barát,2016-10-01,2.85,213
2008BARA01,Bence Barát,2016-10-28,2.7,214
2008BARA01,Bence Barát,2016-10-28,3.48,215
2008BARA01,Bence Barát,2016-10-28,2.78,216
2008BARA01,Bence Barát,2016-11-12,3.52,217
2008BARA01,Bence Barát,2016-11-12,2.64,218
2008BARA01,Bence Barát,2016-11-12,3.21,219
2008BARA01,Bence Barát,2016-11-19,2.88,220
2008BARA01,Bence Barát,2016-11-19,2.94,221
2008BARA01,Bence Barát,2016-11-19,2.9,222
2008BARA01,Bence Barát,2017-02-04,3.13,223
2008BARA01,Bence Barát,2017-02-04,4.17,224
2008BARA01,Bence Barát,2017-02-25,3.25,225
2008BARA01,Bence Barát,2017-02-25,3.2,226
2008BARA01,Bence Barát,2017-02-25,3.01,227
2008BARA01,Bence Barát,2017-03-25,4.17,228
2008BARA01,Bence Barát,2017-03-25,2.04,229
2008BARA01,Bence Barát,2017-03-25,3.53,230
2008BARA01,Bence Barát,2017-04-02,3.47,231
2008BARA01,Bence Barát,2017-04-02,2.83,232
2008BARA01,Bence Barát,2017-04-02,3.12,233
2008BARA01,Bence Barát,2017-04-22,3.81,234
2008BARA01,Bence Barát,2017-04-22,3.07,235
2008BARA01,Bence Barát,2017-04-22,3.59,236
2008BARA01,Bence Barát,2017-05-06,3.1,237
2008BARA01,Bence Barát,2017-05-06,2.68,238
2008BARA01,Bence Barát,2017-05-27,3.02,239
2008BARA01,Bence Barát,2017-05-27,3.32,240
2008BARA01,Bence Barát,2017-06-04,3.33,241
2008BARA01,Bence Barát,2017-06-04,3.16,242
2008BARA01,Bence Barát,2017-06-10,2.67,243
2008BARA01,Bence Barát,2017-06-10,2.99,244
2008BARA01,Bence Barát,2017-06-10,3.27,245
2008BARA01,Bence Barát,2017-07-01,2.83,246
2008BARA01,Bence Barát,2017-07-01,2.88,247
2008BARA01,Bence Barát,2017-07-01,3.05,248
2008BARA01,Bence Barát,2017-07-13,3.09,249
2008BARA01,Bence Barát,2017-07-13,2.78,250
2008BARA01,Bence Barát,2017-07-13,2.73,251
2008BARA01,Bence Barát,2017-07-22,3.21,252
2008BARA01,Bence Barát,2017-07-22,2.77,253
2008BARA01,Bence Barát,2017-07-22,2.8,254
2008BARA01,Bence Barát,2017-08-12,3.41,255
2008BARA01,Bence Barát,2017-08-12,2.77,256
2008BARA01,Bence Barát,2017-08-12,3.34,257
2008BARA01,Bence Barát,2017-08-26,3.09,258
2008BARA01,Bence Barát,2017-08-26,2.45,259
2008BARA01,Bence Barát,2017-08-26,2.4,260
2008BARA01,Bence Barát,2017-09-01,2.77,261
2008BARA01,Bence Barát,2017-09-01,2.5,262
2008BARA01,Bence Barát,2017-09-01,3.69,263
2008BARA01,Bence Barát,2017-09-30,3.44,264
2008BARA01,Bence Barát,2017-09-30,3.03,265
2008BARA01,Bence Barát,2017-09-30,2.54,266
2008BARA01,Bence Barát,2017-10-13,3.46,267
2008BARA01,Bence Barát,2017-10-13,3.19,268
2008BARA01,Bence Barát,2017-10-13,3.03,269
2008BARA01,Bence Barát,2017-10-28,2.72,270
2008BARA01,Bence Barát,2017-10-28,3.33,271
2008BARA01,Bence Barát,2017-10-28,2.79,272
2008BARA01,Bence Barát,2017-11-04,2.52,273
2008BARA01,Bence Barát,2017-11-04,2.95,274
2008BARA01,Bence Barát,2017-11-11,3.07,275
2008BARA01,Bence Barát,2017-11-11,3.14,276
2008BARA01,Bence Barát,2017-11-11,2.52,277
2008BARA01,Bence Barát,2017-11-25,3.53,278
2008BARA01,Bence Barát,2017-11-25,2.6,279
2008BARA01,Bence Barát,2017-11-25,3.42,280
2008BARA01,Bence Barát,2017-12-02,2.81,281
2008BARA01,Bence Barát,2017-12-02,3.8,282
2008BARA01,Bence Barát,2017-12-02,3.39,283
2008BARA01,Bence Barát,2017-12-16,3.31,284
2008BARA01,Bence Barát,2017-12-16,3.16,285
2008BARA01,Bence Barát,2018-01-13,2.95,286
2008BARA01,Bence Barát,2018-01-13,3.01,287
2008BARA01,Bence Barát,2018-01-13,4.03,288
2008BARA01,Bence Barát,2018-02-03,3.63,289
2008BARA01,Bence Barát,2018-02-03,2.87,290
2008BARA01,Bence Barát,2018-02-17,2.89,291
2008BARA01,Bence Barát,2018-02-17,3.44,292
2008BARA01,Bence Barát,2018-02-24,3.55,293
2008BARA01,Bence Barát,2018-02-24,3.53,294
2008BARA01,Bence Barát,2018-02-24,2.9,295
2008BARA01,Bence Barát,2018-03-17,3.25,296
2008BARA01,Bence Barát,2018-03-17,2.92,297
2008BARA01,Bence Barát,2018-03-17,2.98,298
2008BARA01,Bence Barát,2018-03-31,3.06,299
2008BARA01,Bence Barát,2018-03-31,2.45,300
2008BARA01,Bence Barát,2018-03-31,2.56,301
2008BARA01,Bence Barát,2018-03-31,3.11,302
2008BARA01,Bence Barát,2018-04-06,3.19,303
2008BARA01,Bence Barát,2018-04-06,3.24,304
2008BARA01,Bence Barát,2018-04-06,2.69,305
2008BARA01,Bence Barát,2018-04-14,3.08,306
2008BARA01,Bence Barát,2018-04-14,3.18,307
2008BARA01,Bence Barát,2018-05-27,2.55,308
2008BARA01,Bence Barát,2018-05-27,3.15,309
2008BARA01,Bence Barát,2018-05-27,3.65,310
2008BARA01,Bence Barát,2018-07-21,2.68,311
2008BARA01,Bence Barát,2018-07-21,3.02,312
2008BARA01,Bence Barát,2018-07-21,2.86,313
2008BARA01,Bence Barát,2018-08-11,2.55,314
2008BARA01,Bence Barát,2018-08-11,2.78,315
2008BARA01,Bence Barát,2018-08-18,3.81,316
2008BARA01,Bence Barát,2018-08-18,3.07,317
2008BARA01,Bence Barát,2018-09-01,3.48,318
2008BARA01,Bence Barát,2018-09-01,3.33,319
2008BARA01,Bence Barát,2018-09-01,2.73,320
2008BARA01,Bence Barát,2018-09-28,3.57,321
2008BARA01,Bence Barát,2018-09-28,2.94,322
2008BARA01,Bence Barát,2018-09-28,2.96,323
2008BARA01,Bence Barát,2018-10-27,3.14,324
2008BARA01,Bence Barát,2018-10-27,3.05,325
2008BARA01,Bence Barát,2018-10-27,3.01,326
2008BARA01,Bence Barát,2018-12-15,3.09,327
2008BARA01,Bence Barát,2019-02-09,2.81,328
2008BARA01,Bence Barát,2019-02-09,3.79,329
2008BARA01,Bence Barát,2019-02-09,2.6,330
2008BARA01,Bence Barát,2019-02-16,2.52,331
2008BARA01,Bence Barát,2019-02-16,3.06,332
2008BARA01,Bence Barát,2019-02-23,2.74,333
2008BARA01,Bence Barát,2019-02-23,3.08,334
2008BARA01,Bence Barát,2019-02-23,2.79,335
2008BARA01,Bence Barát,2019-03-16,2.74,336
2008BARA01,Bence Barát,2019-03-16,3.12,337
2008BARA01,Bence Barát,2019-03-30,3.03,338
2008BARA01,Bence Barát,2019-03-30,3.12,339
2008BARA01,Bence Barát,2019-03-30,3.5,340
2008BARA01,Bence Barát,2019-05-04,3.24,341
2008BARA01,Bence Barát,2019-05-04,2.47,342
2008BARA01,Bence Barát,2019-05-04,3.39,343
2008BARA01,Bence Barát,2019-08-02,3.21,344
2008BARA01,Bence Barát,2019-08-02,3.07,345
2008BARA01,Bence Barát,2019-08-02,2.47,346
2008BARA01,Bence Barát,2019-08-24,3.17,347
2008BARA01,Bence Barát,2019-08-24,3.45,348
2008BARA01,Bence Barát,2019-08-31,3.26,349
2008BARA01,Bence Barát,2019-08-31,3.07,350
2008BARA01,Bence Barát,2019-08-31,3.29,351
2008BARA01,Bence Barát,2019-09-20,2.39,352
2008BARA01,Bence Barát,2019-09-20,3.59,353
2008BARA01,Bence Barát,2019-10-12,2.96,354
2008BARA01,Bence Barát,2019-10-12,2.79,355
2008BARA01,Bence Barát,2019-10-12,3.01,356
2008BARA01,Bence Barát,2019-11-09,2.54,357
2008BARA01,Bence Barát,2019-11-09,2.92,358
2008BARA01,Bence Barát,2019-11-09,2.65,359
2008BARA01,Bence Barát,2020-02-22,2.65,360
2008BARA01,Bence Barát,2020-02-22,2.29,361
2008BARA01,Bence Barát,2020-02-22,2.9,362
2008BARA01,Bence Barát,2020-02-29,2.69,363
2008BARA01,Bence Barát,2020-02-29,3.31,364
2008BARA01,Bence Barát,2020-02-29,2.76,365
2008BARA01,Bence Barát,2021-10-02,2.56,366
2008BARA01,Bence Barát,2021-10-02,3.17,367
2008BARA01,Bence Barát,2021-10-02,2.66,368
2008BARA01,Bence Barát,2021-11-13,2.83,369
2008BARA01,Bence Barát,2021-11-13,2.79,370
2008BARA01,Bence Barát,2021-11-27,2.8,371
2008BARA01,Bence Barát,2021-11-27,2.78,372
2008BARA01,Bence Barát,2021-11-27,2.76,373
2008BARA01,Bence Barát,2022-03-19,3.2,374
2008BARA01,Bence Barát,2022-03-19,3.43,375
2008BARA01,Bence Barát,2022-03-19,3.14,376
2008BARA01,Bence Barát,2022-06-18,3.67,377
2008BARA01,Bence Barát,2022-06-18,3.16,378
2008BARA01,Bence Barát,2022-06-18,3.01,379
2008BARA01,Bence Barát,2022-07-30,2.72,380
2008BARA01,Bence Barát,2022-07-30,3.09,381
2008BARA01,Bence Barát,2022-07-30,2.71,382
2008BARA01,Bence Barát,2022-08-13,3.6,383
2008BARA01,Bence Barát,2022-08-13,3.35,384
2008BARA01,Bence Barát,2022-08-13,3.03,385
2008BARA01,Bence Barát,2022-09-17,2.65,386
2008BARA01,Bence Barát,2022-09-17,2.78,387
2008BARA01,Bence Barát,2022-10-07,3.22,388
2008BARA01,Bence Barát,2022-10-07,4.11,389
2008BARA01,Bence Barát,2022-10-22,3.06,390
2008BARA01,Bence Barát,2022-10-22,2.81,391
2008BARA01,Bence Barát,2022-10-29,3.26,392
2008BARA01,Bence Barát,2022-10-29,2.99,393
2008BARA01,Bence Barát,2022-10-29,2.68,394
2008BARA01,Bence Barát,2022-11-26,2.78,395
2008BARA01,Bence Barát,2022-11-26,3.32,396
2008BARA01,Bence Barát,2022-11-26,2.71,397
2008BARA01,Bence Barát,2022-12-16,2.79,398
2008BARA01,Bence Barát,2022-12-16,2.86,399
2008BARA01,Bence Barát,2022-12-16,3.16,400
2008BARA01,Bence Barát,2023-02-11,2.83,401
2008BARA01,Bence Barát,2023-02-11,3.33,402
2008BARA01,Bence Barát,2023-02-11,2.79,403
2008BARA01,Bence Barát,2023-02-25,2.32,404
2008BARA01,Bence Barát,2023-02-25,3.36,405
2008BARA01,Bence Barát,2023-04-01,2.63,406
2008BARA01,Bence Barát,2023-04-01,3.09,407
2008BARA01,Bence Barát,2023-04-15,3.12,408
2008BARA01,Bence Barát,2023-04-15,2.68,409
2008BARA01,Bence Barát,2023-04-15,3.07,410
2008BARA01,Bence Barát,2023-05-06,2.88,411
2008BARA01,Bence Barát,2023-05-06,2.71,412
2008BARA01,Bence Barát,2023-05-20,3.42,413
2008BARA01,Bence Barát,2023-05-20,2.87,414
2008BARA01,Bence Barát,2023-06-03,3.73,415
2008BARA01,Bence Barát,2023-06-03,2.79,416
2008BARA01,Bence Barát,2023-06-03,3.45,417
2008BARA01,Bence Barát,2023-06-24,3.47,418
2008BARA01,Bence Barát,2023-06-24,2.83,419
2008BARA01,Bence Barát,2023-06-24,3.14,420
2008BARA01,Bence Barát,2023-07-01,4.11,421
2008BARA01,Bence Barát,2023-07-01,2.94,422
2008BARA01,Bence Barát,2023-07-01,2.9,423
2008BARA01,Bence Barát,2023-07-14,2.41,424
2008BARA01,Bence Barát,2023-07-14,2.88,425
2008BARA01,Bence Barát,2023-07-14,2.55,426
2008BARA01,Bence Barát,2023-09-02,3.28,427
2008BARA01,Bence Barát,2023-09-02,2.9,428
2008BARA01,Bence Barát,2023-09-02,2.52,429
2008BARA01,Bence Barát,2023-09-09,2.93,430
2008BARA01,Bence Barát,2023-09-09,2.36,431
2008BARA01,Bence Barát,2023-09-09,2.71,432
2008BARA01,Bence Barát,2023-09-30,2.66,433
2008BARA01,Bence Barát,2023-09-30,3.33,434
2008BARA01,Bence Barát,2023-10-07,3.34,435
2008BARA01,Bence Barát,2023-10-07,2.95,436
2008BARA01,Bence Barát,2023-10-07,2.9,437
2008BARA01,Bence Barát,2023-10-20,3.18,438
2008BARA01,Bence Barát,2023-10-20,3.06,439
2008BARA01,Bence Barát,2023-10-20,3.29,440
2008BARA01,Bence Barát,2023-11-04,3.49,441
2008BARA01,Bence Barát,2023-11-04,2.65,442
2008BARA01,Bence Barát,2024-03-09,2.74,443
2008BARA01,Bence Barát,2024-03-09,3.15,444
2008BARA01,Bence Barát,2024-04-06,3.14,445
2008BARA01,Bence Barát,2024-04-06,2.78,446
2008BARA01,Bence Barát,2024-04-06,3.15,447
2008BARA01,Bence Barát,2024-04-14,2.77,448
2008BARA01,Bence Barát,2024-04-14,3.05,449
2008BARA01,Bence Barát,2024-06-08,2.68,450
2008BARA01,Bence Barát,2024-06-08,2.16,451
2008BARA01,Bence Barát,2024-06-08,2.7,452
2008BARA01,Bence Barát,2024-07-13,2.4,453
2008BARA01,Bence Barát,2024-07-13,3.01,454
2008BARA01,Bence Barát,2024-08-19,3.43,455
2008BARA01,Bence Barát,2024-08-19,3.16,456
2008BARA01,Bence Barát,2024-11-01,3.0,457
2008BARA01,Bence Barát,2024-11-01,2.94,458
2008BARA01,Bence Barát,2024-11-01,2.5,459
2008BARA01,Bence Barát,2024-11-09,3.2,460
2008BARA01,Bence Barát,2024-11-09,2.75,461
2008BARA01,Bence Barát,2024-11-24,2.78,462
2008BARA01,Bence Barát,2024-12-07,3.04,463
2008BARA01,Bence Barát,2024-12-07,2.63,464
2008BARA01,Bence Barát,2024-12-13,2.72,465
2008BARA01,Bence Barát,2024-12-13,3.5,466
2008BARA01,Bence Barát,2025-01-25,2.73,467
2008BARA01,Bence Barát,2025-01-25,2.7,468
2008BARA01,Bence Barát,2025-03-08,2.79,469
2008BARA01,Bence Barát,2025-03-08,2.6,470
2008BARA01,Bence Barát,2025-04-12,2.62,471
2008BARA01,Bence Barát,2025-04-12,3.14,472
2008BARA01,Bence Barát,2025-05-17,2.44,473
2008BARA01,Bence Barát,2025-05-17,2.37,474
2008BARA01,Bence Barát,2025-05-17,2.48,475
2008BARA01,Bence Barát,2025-06-21,2.75,476
2008BARA01,Bence Barát,2025-06-21,2.39,477
2008BARA01,Bence Barát,2025-07-26,2.74,478
2008BARA01,Bence Barát,2025-07-26,2.65,479
2008BARA01,Bence Barát,2025-08-02,2.99,480
2008BARA01,Bence Barát,2025-08-02,2.92,481
2008BARA01,Bence Barát,2025-08-02,2.57,482
2008BARA01,Bence Barát,2025-09-06,2.75,483
2008BARA01,Bence Barát,2025-09-06,2.86,484
2008BARA01,Bence Barát,2025-09-27,2.94,485
2008BARA01,Bence Barát,2025-09-27,2.71,486
2008BARA01,Bence Barát,2025-10-31,3.91,487
2008BARA01,Bence Barát,2025-10-31,2.57,488
2008BARA01,Bence Barát,2025-10-31,3.3,489
2008BARA01,Bence Barát,2025-12-06,2.74,490
2008BARA01,Bence Barát,2025-12-06,2.68,491
2008BARA01,Bence Barát,2026-01-18,3.64,492
2008BARA01,Bence Barát,2026-01-18,2.6,493
2008BARA01,Bence Barát,2026-02-28,2.87,494
2008BARA01,Bence Barát,2026-02-28,4.37,495
2008BARA01,Bence Barát,2026-03-28,2.36,496
2008BARA01,Bence Barát,2026-03-28,2.75,497
2008BARA01,Bence Barát,2026-03-28,2.04,498
2008VARG01,Dániel Varga,2008-07-12,7.47,1
2008VARG01,Dániel Varga,2008-10-18,8.14,2
2008VARG01,Dániel Varga,2008-10-25,6.75,3
2008VARG01,Dániel Varga,2009-01-31,6.28,4
2008VARG01,Dániel Varga,2009-01-31,5.2,5
2008VARG01,Dániel Varga,2009-04-25,6.69,6
2008VARG01,Dániel Varga,2009-06-17,7.43,7
2008VARG01,Dániel Varga,2009-07-17,6.83,8
2008VARG01,Dániel Varga,2009-10-09,7.59,9
2008VARG01,Dániel Varga,2009-10-16,5.37,10
2008VARG01,Dániel Varga,2009-10-16,6.28,11
2008VARG01,Dániel Varga,2010-04-24,6.15,12
2008VARG01,Dániel Varga,2010-07-03,5.52,13
2008VARG01,Dániel Varga,2010-07-16,5.8,14
2008VARG01,Dániel Varga,2010-07-16,6.41,15
2008VARG01,Dániel Varga,2010-07-31,4.76,16
2008VARG01,Dániel Varga,2010-08-14,4.61,17
2008VARG01,Dániel Varga,2010-08-14,3.88,18
2008VARG01,Dániel Varga,2010-08-14,5.7,19
2008VARG01,Dániel Varga,2010-09-03,5.48,20
2008VARG01,Dániel Varga,2010-09-03,3.88,21
2008VARG01,Dániel Varga,2010-09-18,6.37,22
2008VARG01,Dániel Varga,2010-09-18,5.76,23
2008VARG01,Dániel Varga,2010-09-18,4.67,24
2008VARG01,Dániel Varga,2010-10-01,4.68,25
2008VARG01,Dániel Varga,2010-10-16,5.55,26
2008VARG01,Dániel Varga,2010-12-19,5.25,27
2008VARG01,Dániel Varga,2011-03-05,5.19,28
2008VARG01,Dániel Varga,2011-03-05,5.53,29
2008VARG01,Dániel Varga,2011-04-09,5.19,30
2008VARG01,Dániel Varga,2011-04-09,4.68,31
2008VARG01,Dániel Varga,2011-05-21,6.03,32
2008VARG01,Dániel Varga,2011-05-21,5.01,33
2008VARG01,Dániel Varga,2011-05-21,5.0,34
2008VARG01,Dániel Varga,2011-07-15,4.42,35
2008VARG01,Dániel Varga,2011-09-03,5.47,36
2008VARG01,Dániel Varga,2011-09-03,4.56,37
2008VARG01,Dániel Varga,2011-09-03,4.69,38
2008VARG01,Dániel Varga,2011-09-18,4.94,39
2008VARG01,Dániel Varga,2011-10-29,4.83,40
2008VARG01,Dániel Varga,2011-11-19,5.51,41
2008VARG01,Dániel Varga,2012-01-14,5.06,42
2008VARG01,Dániel Varga,2012-03-31,4.12,43
2008VARG01,Dániel Varga,2012-03-31,4.77,44
2008VARG01,Dániel Varga,2012-04-14,4.76,45
2008VARG01,Dániel Varga,2012-04-14,4.06,46
2008VARG01,Dániel Varga,2012-04-14,4.4,47
2008VARG01,Dániel Varga,2012-05-12,4.15,48
2008VARG01,Dániel Varga,2012-06-09,4.69,49
2008VARG01,Dániel Varga,2012-06-09,5.15,50
2008VARG01,Dániel Varga,2012-06-23,4.75,51
2008VARG01,Dániel Varga,2012-06-23,4.58,52
2008VARG01,Dániel Varga,2012-07-13,3.75,53
2008VARG01,Dániel Varga,2012-07-13,6.04,54
2008VARG01,Dániel Varga,2012-07-21,4.99,55
2008VARG01,Dániel Varga,2012-07-28,5.3,56
2008VARG01,Dániel Varga,2012-07-28,4.55,57
2008VARG01,Dániel Varga,2012-09-08,5.29,58
2008VARG01,Dániel Varga,2012-09-08,4.14,59
2008VARG01,Dániel Varga,2012-10-12,4.84,60
2008VARG01,Dániel Varga,2013-02-09,4.67,61
2008VARG01,Dániel Varga,2013-02-09,4.09,62
2008VARG01,Dániel Varga,2013-03-23,4.78,63
2008VARG01,Dániel Varga,2013-03-23,4.34,64
2008VARG01,Dániel Varga,2013-04-20,5.93,65
2008VARG01,Dániel Varga,2013-04-20,4.93,66
2008VARG01,Dániel Varga,2013-04-20,4.55,67
2008VARG01,Dániel Varga,2013-05-04,4.12,68
2008VARG01,Dániel Varga,2013-05-04,4.32,69
2008VARG01,Dániel Varga,2013-07-12,4.12,70
2008VARG01,Dániel Varga,2013-07-12,4.68,71
2008VARG01,Dániel Varga,2013-11-30,4.8,72
2008VARG01,Dániel Varga,2013-11-30,4.58,73
2008VARG01,Dániel Varga,2014-01-04,4.11,74
2008VARG01,Dániel Varga,2014-01-04,5.55,75
2008VARG01,Dániel Varga,2014-02-22,5.25,76
2008VARG01,Dániel Varga,2014-02-22,5.14,77
2008VARG01,Dániel Varga,2014-03-08,5.47,78
2008VARG01,Dániel Varga,2014-03-08,7.29,79
2008VARG01,Dániel Varga,2014-04-12,5.03,80
2008VARG01,Dániel Varga,2014-04-26,5.18,81
2008VARG01,Dániel Varga,2014-04-26,4.8,82
2008VARG01,Dániel Varga,2014-06-07,6.55,83
2008VARG01,Dániel Varga,2014-06-07,4.03,84
2008VARG01,Dániel Varga,2014-06-07,4.74,85
2008VARG01,Dániel Varga,2014-06-14,3.19,86
2008VARG01,Dániel Varga,2014-06-14,4.18,87
2008VARG01,Dániel Varga,2014-07-11,4.85,88
2008VARG01,Dániel Varga,2014-07-11,4.57,89
2008VARG01,Dániel Varga,2014-07-11,5.3,90
2008VARG01,Dániel Varga,2014-07-19,4.38,91
2008VARG01,Dániel Varga,2014-07-19,4.67,92
2008VARG01,Dániel Varga,2014-07-19,4.85,93
2008VARG01,Dániel Varga,2014-09-13,4.74,94
2008VARG01,Dániel Varga,2014-09-13,4.32,95
2008VARG01,Dániel Varga,2014-09-13,4.33,96
2008VARG01,Dániel Varga,2014-09-20,4.26,97
2008VARG01,Dániel Varga,2014-09-20,4.57,98
2008VARG01,Dániel Varga,2014-10-17,4.9,99
2008VARG01,Dániel Varga,2014-10-17,4.28,100
2008VARG01,Dániel Varga,2014-10-17,4.52,101
2008VARG01,Dániel Varga,2014-11-08,5.83,102
2008VARG01,Dániel Varga,2014-11-08,4.13,103
2008VARG01,Dániel Varga,2014-11-08,4.66,104
2008VARG01,Dániel Varga,2015-01-31,4.31,105
2008VARG01,Dániel Varga,2015-01-31,3.49,106
2008VARG01,Dániel Varga,2015-01-31,5.06,107
2008VARG01,Dániel Varga,2015-02-21,4.01,108
2008VARG01,Dániel Varga,2015-02-21,4.56,109
2008VARG01,Dániel Varga,2015-02-21,4.44,110
2008VARG01,Dániel Varga,2015-05-02,3.79,111
2008VARG01,Dániel Varga,2015-05-02,4.44,112
2008VARG01,Dániel Varga,2015-05-02,3.95,113
2008VARG01,Dániel Varga,2015-09-18,3.61,114
2008VARG01,Dániel Varga,2015-09-18,4.99,115
2008VARG01,Dániel Varga,2015-11-14,4.92,116
2008VARG01,Dániel Varga,2015-11-14,6.01,117
2008VARG01,Dániel Varga,2016-02-06,4.44,118
2008VARG01,Dániel Varga,2016-02-06,5.37,119
2008VARG01,Dániel Varga,2016-02-27,4.99,120
2008VARG01,Dániel Varga,2016-02-27,3.51,121
2008VARG01,Dániel Varga,2016-02-27,4.8,122
2008VARG01,Dániel Varga,2016-04-02,6.02,123
2008VARG01,Dániel Varga,2016-04-02,4.83,124
2008VARG01,Dániel Varga,2016-04-16,4.0,125
2008VARG01,Dániel Varga,2016-04-16,4.91,126
2008VARG01,Dániel Varga,2016-04-23,5.21,127
2008VARG01,Dániel Varga,2016-04-23,3.62,128
2008VARG01,Dániel Varga,2016-04-23,4.56,129
2008VARG01,Dániel Varga,2016-07-19,5.91,130
2008VARG01,Dániel Varga,2016-08-27,4.11,131
2008VARG01,Dániel Varga,2016-08-27,4.29,132
2008VARG01,Dániel Varga,2016-09-03,3.99,133
2008VARG01,Dániel Varga,2016-09-03,4.11,134
2008VARG01,Dániel Varga,2016-09-03,3.56,135
2008VARG01,Dániel Varga,2016-10-01,4.18,136
2008VARG01,Dániel Varga,2016-10-01,4.92,137
2008VARG01,Dániel Varga,2016-10-28,4.71,138
2008VARG01,Dániel Varga,2016-10-28,6.79,139
2008VARG01,Dániel Varga,2016-11-12,4.06,140
2008VARG01,Dániel Varga,2016-11-12,4.21,141
2008VARG01,Dániel Varga,2016-11-12,3.36,142
2008VARG01,Dániel Varga,2016-11-19,4.98,143
2008VARG01,Dániel Varga,2016-11-19,4.59,144
2008VARG01,Dániel Varga,2017-02-04,5.31,145
2008VARG01,Dániel Varga,2017-02-04,4.74,146
2008VARG01,Dániel Varga,2017-02-25,4.99,147
2008VARG01,Dániel Varga,2017-02-25,5.4,148
2008VARG01,Dániel Varga,2017-03-25,4.74,149
2008VARG01,Dániel Varga,2017-03-25,4.17,150
2008VARG01,Dániel Varga,2017-04-02,4.48,151
2008VARG01,Dániel Varga,2017-04-02,4.67,152
2008VARG01,Dániel Varga,2017-04-22,4.08,153
2008VARG01,Dániel Varga,2017-04-22,4.16,154
2008VARG01,Dániel Varga,2017-04-22,4.07,155
2008VARG01,Dániel Varga,2017-05-06,4.01,156
2008VARG01,Dániel Varga,2017-05-06,5.52,157
2008VARG01,Dániel Varga,2017-05-27,5.56,158
2008VARG01,Dániel Varga,2017-05-27,4.32,159
2008VARG01,Dániel Varga,2017-06-04,4.21,160
2008VARG01,Dániel Varga,2017-06-04,3.61,161
2008VARG01,Dániel Varga,2017-06-10,4.71,162
2008VARG01,Dániel Varga,2017-06-10,5.55,163
2008VARG01,Dániel Varga,2017-06-17,4.49,164
2008VARG01,Dániel Varga,2017-06-17,4.45,165
2008VARG01,Dániel Varga,2017-06-17,5.15,166
2008VARG01,Dániel Varga,2017-07-01,5.55,167
2008VARG01,Dániel Varga,2017-07-01,4.25,168
2008VARG01,Dániel Varga,2017-07-01,4.72,169
2008VARG01,Dániel Varga,2017-07-13,4.69,170
2008VARG01,Dániel Varga,2017-07-22,5.22,171
2008VARG01,Dániel Varga,2017-07-22,5.79,172
2008VARG01,Dániel Varga,2017-08-12,4.53,173
2008VARG01,Dániel Varga,2017-08-12,4.74,174
2008VARG01,Dániel Varga,2017-08-26,4.95,175
2008VARG01,Dániel Varga,2017-08-26,4.45,176
2008VARG01,Dániel Varga,2017-09-30,4.24,177
2008VARG01,Dániel Varga,2017-09-30,4.91,178
2008VARG01,Dániel Varga,2017-10-13,4.2,179
2008VARG01,Dániel Varga,2017-10-13,5.42,180
2008VARG01,Dániel Varga,2017-10-28,3.83,181
2008VARG01,Dániel Varga,2017-10-28,4.21,182
2008VARG01,Dániel Varga,2017-10-28,3.83,183
2008VARG01,Dániel Varga,2017-11-11,3.79,184
2008VARG01,Dániel Varga,2017-11-11,4.3,185
2008VARG01,Dániel Varga,2017-11-25,3.49,186
2008VARG01,Dániel Varga,2017-11-25,4.12,187
2008VARG01,Dániel Varga,2017-12-02,4.8,188
2008VARG01,Dániel Varga,2017-12-02,3.79,189
2008VARG01,Dániel Varga,2017-12-02,4.45,190
2008VARG01,Dániel Varga,2018-02-03,4.09,191
2008VARG01,Dániel Varga,2018-02-03,4.96,192
2008VARG01,Dániel Varga,2018-02-24,3.98,193
2008VARG01,Dániel Varga,2018-02-24,4.29,194
2008VARG01,Dániel Varga,2018-02-24,5.19,195
2008VARG01,Dániel Varga,2018-03-17,4.01,196
2008VARG01,Dániel Varga,2018-03-17,4.0,197
2008VARG01,Dániel Varga,2018-03-31,5.2,198
2008VARG01,Dániel Varga,2018-03-31,4.47,199
2008VARG01,Dániel Varga,2018-03-31,3.68,200
2008VARG01,Dániel Varga,2018-03-31,4.35,201
2008VARG01,Dániel Varga,2018-04-14,5.28,202
2008VARG01,Dániel Varga,2018-05-27,4.27,203
2008VARG01,Dániel Varga,2018-05-27,4.56,204
2008VARG01,Dániel Varga,2018-07-21,4.91,205
2008VARG01,Dániel Varga,2018-07-21,4.93,206
2008VARG01,Dániel Varga,2018-08-11,4.97,207
2008VARG01,Dániel Varga,2018-08-18,4.36,208
2008VARG01,Dániel Varga,2018-08-18,4.99,209
2008VARG01,Dániel Varga,2018-09-01,4.39,210
2008VARG01,Dániel Varga,2018-09-01,4.5,211
2008VARG01,Dániel Varga,2018-09-28,3.57,212
2008VARG01,Dániel Varga,2018-09-28,3.84,213
2008VARG01,Dániel Varga,2018-12-15,6.06,214
2008VARG01,Dániel Varga,2019-02-09,5.14,215
2008VARG01,Dániel Varga,2019-02-09,4.45,216
2008VARG01,Dániel Varga,2019-02-23,4.38,217
2008VARG01,Dániel Varga,2019-02-23,3.72,218
2008VARG01,Dániel Varga,2019-02-23,5.61,219
2008VARG01,Dániel Varga,2019-03-16,3.78,220
2008VARG01,Dániel Varga,2019-03-16,3.21,221
2008VARG01,Dániel Varga,2019-03-30,3.95,222
2008VARG01,Dániel Varga,2019-03-30,4.86,223
2008VARG01,Dániel Varga,2019-03-30,4.85,224
2008VARG01,Dániel Varga,2019-04-13,4.93,225
2008VARG01,Dániel Varga,2019-04-13,4.0,226
2008VARG01,Dániel Varga,2019-04-13,4.59,227
2008VARG01,Dániel Varga,2019-07-27,3.97,228
2008VARG01,Dániel Varga,2019-07-27,4.6,229
2008VARG01,Dániel Varga,2019-08-24,5.59,230
2008VARG01,Dániel Varga,2019-08-24,4.29,231
2008VARG01,Dániel Varga,2019-08-31,3.93,232
2008VARG01,Dániel Varga,2019-08-31,6.66,233
2008VARG01,Dániel Varga,2019-09-07,4.57,234
2008VARG01,Dániel Varga,2019-09-07,4.19,235
2008VARG01,Dániel Varga,2019-09-20,4.26,236
2008VARG01,Dániel Varga,2019-09-20,3.88,237
2008VARG01,Dániel Varga,2019-10-12,5.31,238
2008VARG01,Dániel Varga,2019-10-12,4.66,239
2008VARG01,Dániel Varga,2019-11-09,4.4,240
2008VARG01,Dániel Varga,2019-11-09,6.65,241
2008VARG01,Dániel Varga,2020-02-22,4.06,242
2008VARG01,Dániel Varga,2020-02-22,3.47,243
2008VARG01,Dániel Varga,2020-02-22,5.13,244
2008VARG01,Dániel Varga,2020-02-29,5.08,245
2008VARG01,Dániel Varga,2020-02-29,4.37,246
2008VARG01,Dániel Varga,2021-08-28,5.54,247
2008VARG01,Dániel Varga,2021-08-28,4.58,248
2008VARG01,Dániel Varga,2021-08-28,5.63,249
2008VARG01,Dániel Varga,2021-11-13,3.65,250
2008VARG01,Dániel Varga,2021-11-13,3.44,251
2008VARG01,Dániel Varga,2022-03-19,5.31,252
2008VARG01,Dániel Varga,2022-03-19,4.28,253
2008VARG01,Dániel Varga,2022-06-18,3.96,254
2008VARG01,Dániel Varga,2022-06-18,4.57,255
2008VARG01,Dániel Varga,2022-07-30,4.1,256
2008VARG01,Dániel Varga,2022-07-30,4.27,257
2008VARG01,Dániel Varga,2022-08-13,4.29,258
2008VARG01,Dániel Varga,2022-08-13,4.9,259
2008VARG01,Dániel Varga,2022-09-17,7.88,260
2008VARG01,Dániel Varga,2022-10-22,5.79,261
2008VARG01,Dániel Varga,2022-10-29,3.43,262
2008VARG01,Dániel Varga,2022-10-29,4.81,263
2008VARG01,Dániel Varga,2022-11-26,3.62,264
2008VARG01,Dániel Varga,2022-11-26,4.43,265
2008VARG01,Dániel Varga,2022-12-16,4.25,266
2008VARG01,Dániel Varga,2022-12-16,3.96,267
2008VARG01,Dániel Varga,2023-02-11,4.73,268
2008VARG01,Dániel Varga,2023-02-25,4.96,269
2008VARG01,Dániel Varga,2023-02-25,4.31,270
2008VARG01,Dániel Varga,2023-04-01,4.84,271
2008VARG01,Dániel Varga,2023-04-15,5.32,272
2008VARG01,Dániel Varga,2023-05-06,4.25,273
2008VARG01,Dániel Varga,2023-05-06,3.59,274
2008VARG01,Dániel Varga,2023-05-20,4.61,275
2008VARG01,Dániel Varga,2023-06-03,4.98,276
2008VARG01,Dániel Varga,2023-07-01,5.67,277
2008VARG01,Dániel Varga,2023-07-01,5.61,278
2008VARG01,Dániel Varga,2023-07-14,5.39,279
2008VARG01,Dániel Varga,2023-07-14,4.9,280
2008VARG01,Dániel Varga,2023-08-26,4.61,281
2008VARG01,Dániel Varga,2023-08-26,4.78,282
2008VARG01,Dániel Varga,2023-09-02,4.52,283
2008VARG01,Dániel Varga,2023-09-02,4.98,284
2008VARG01,Dániel Varga,2023-09-30,4.74,285
2008VARG01,Dániel Varga,2023-10-07,3.91,286
2008VARG01,Dániel Varga,2023-10-07,3.74,287
2008VARG01,Dániel Varga,2023-10-07,5.35,288
2008VARG01,Dániel Varga,2023-10-20,4.46,289
2008VARG01,Dániel Varga,2023-10-20,5.48,290
2008VARG01,Dániel Varga,2023-11-04,3.79,291
2008VARG01,Dániel Varga,2023-11-04,4.19,292
2008VARG01,Dániel Varga,2024-02-10,4.46,293
2008VARG01,Dániel Varga,2024-02-10,4.81,294
2008VARG01,Dániel Varga,2024-02-10,3.91,295
2008VARG01,Dániel Varga,2024-02-24,4.29,296
2008VARG01,Dániel Varga,2024-03-09,3.73,297
2008VARG01,Dániel Varga,2024-03-09,4.53,298
2008VARG01,Dániel Varga,2024-04-06,5.18,299
2008VARG01,Dániel Varga,2024-04-14,4.41,300
2008VARG01,Dániel Varga,2024-04-14,4.1,301
2008VARG01,Dániel Varga,2024-06-08,4.65,302
2008VARG01,Dániel Varga,2024-06-08,3.96,303
2008VARG01,Dániel Varga,2024-06-29,4.3,304
2008VARG01,Dániel Varga,2024-06-29,6.25,305
2008VARG01,Dániel Varga,2024-07-13,4.8,306
2008VARG01,Dániel Varga,2024-07-25,4.0,307
2008VARG01,Dániel Varga,2024-08-19,6.03,308
2008VARG01,Dániel Varga,2024-09-07,4.38,309
2008VARG01,Dániel Varga,2024-09-07,4.4,310
2008VARG01,Dániel Varga,2024-09-07,4.29,311
2008VARG01,Dániel Varga,2024-10-19,4.69,312
2008VARG01,Dániel Varga,2024-11-01,3.98,313
2008VARG01,Dániel Varga,2024-11-01,4.38,314
2008VARG01,Dániel Varga,2024-11-09,6.1,315
2008VARG01,Dániel Varga,2024-11-24,4.25,316
2008VARG01,Dániel Varga,2024-12-07,5.22,317
2008VARG01,Dániel Varga,2024-12-13,3.51,318
2008VARG01,Dániel Varga,2024-12-13,3.62,319
2008VARG01,Dániel Varga,2025-01-18,4.25,320
2008VARG01,Dániel Varga,2025-01-25,4.48,321
2008VARG01,Dániel Varga,2025-02-22,4.92,322
2008VARG01,Dániel Varga,2025-02-22,5.34,323
2008VARG01,Dániel Varga,2025-03-08,4.16,324
2008VARG01,Dániel Varga,2025-03-08,4.08,325
2008VARG01,Dániel Varga,2025-04-12,4.7,326
2008VARG01,Dániel Varga,2025-04-12,3.36,327
2008VARG01,Dániel Varga,2025-05-17,4.48,328
2008VARG01,Dániel Varga,2025-05-17,5.49,329
2008VARG01,Dániel Varga,2025-06-06,4.66,330
2008VARG01,Dániel Varga,2025-06-06,4.42,331
2008VARG01,Dániel Varga,2025-06-21,5.29,332
2008VARG01,Dániel Varga,2025-07-26,5.64,333
2008VARG01,Dániel Varga,2025-08-02,4.95,334
2008VARG01,Dániel Varga,2025-08-02,4.05,335
2008VARG01,Dániel Varga,2025-08-29,4.21,336
2008VARG01,Dániel Varga,2025-08-29,4.41,337
2008VARG01,Dániel Varga,2025-09-06,4.03,338
2008VARG01,Dániel Varga,2025-09-27,5.48,339
2008VARG01,Dániel Varga,2025-10-31,4.26,340
2008VARG01,Dániel Varga,2025-10-31,5.4,341
2008VARG01,Dániel Varga,2025-12-06,5.22,342
2008VARG01,Dániel Varga,2026-01-18,4.71,343
2008VARG01,Dániel Varga,2026-02-28,4.48,344
2008VARG01,Dániel Varga,2026-02-28,4.11,345
2008VARG01,Dániel Varga,2026-03-28,5.08,346
2008VARG01,Dániel Varga,2026-03-28,4.1,347
2008VARG01,Dániel Varga,2026-05-01,4.04,348
2008VARG01,Dániel Varga,2026-05-01,5.22,349
2008VIRO01,Philippe Virouleau,2008-05-31,13.21,1
2008VIRO01,Philippe Virouleau,2008-07-05,11.59,2
2008VIRO01,Philippe Virouleau,2009-02-28,7.73,3
2008VIRO01,Philippe Virouleau,2009-02-28,6.43,4
2008VIRO01,Philippe Virouleau,2009-03-14,6.33,5
2008VIRO01,Philippe Virouleau,2009-06-05,5.03,6
2008VIRO01,Philippe Virouleau,2009-06-05,4.86,7
2008VIRO01,Philippe Virouleau,2009-08-08,5.5,8
2008VIRO01,Philippe Virouleau,2009-08-08,4.35,9
2008VIRO01,Philippe Virouleau,2009-10-09,5.78,10
2008VIRO01,Philippe Virouleau,2009-12-19,4.93,11
2008VIRO01,Philippe Virouleau,2009-12-19,5.96,12
2008VIRO01,Philippe Virouleau,2009-12-19,4.81,13
2008VIRO01,Philippe Virouleau,2010-01-23,5.03,14
2008VIRO01,Philippe Virouleau,2010-01-23,4.5,15
2008VIRO01,Philippe Virouleau,2010-02-27,3.21,16
2008VIRO01,Philippe Virouleau,2010-02-27,4.77,17
2008VIRO01,Philippe Virouleau,2010-03-20,4.09,18
2008VIRO01,Philippe Virouleau,2010-03-20,4.06,19
2008VIRO01,Philippe Virouleau,2010-03-20,4.19,20
2008VIRO01,Philippe Virouleau,2010-04-09,3.13,21
2008VIRO01,Philippe Virouleau,2010-06-26,5.37,22
2008VIRO01,Philippe Virouleau,2010-06-26,3.77,23
2008VIRO01,Philippe Virouleau,2010-07-03,3.9,24
2008VIRO01,Philippe Virouleau,2010-07-03,3.82,25
2008VIRO01,Philippe Virouleau,2010-09-03,3.86,26
2008VIRO01,Philippe Virouleau,2010-10-01,3.86,27
2008VIRO01,Philippe Virouleau,2010-10-01,5.39,28
2008VIRO01,Philippe Virouleau,2010-10-23,4.01,29
2008VIRO01,Philippe Virouleau,2010-10-23,4.17,30
2008VIRO01,Philippe Virouleau,2011-02-19,4.18,31
2008VIRO01,Philippe Virouleau,2011-02-19,3.67,32
2008VIRO01,Philippe Virouleau,2011-02-19,4.78,33
2008VIRO01,Philippe Virouleau,2011-04-22,3.74,34
2008VIRO01,Philippe Virouleau,2011-05-28,4.02,35
2008VIRO01,Philippe Virouleau,2011-05-28,5.02,36
2008VIRO01,Philippe Virouleau,2011-05-28,4.16,37
2008VIRO01,Philippe Virouleau,2011-07-02,3.43,38
2008VIRO01,Philippe Virouleau,2011-07-02,3.27,39
2008VIRO01,Philippe Virouleau,2011-07-02,5.3,40
2008VIRO01,Philippe Virouleau,2011-08-06,4.22,41
2008VIRO01,Philippe Virouleau,2011-08-06,4.4,42
2008VIRO01,Philippe Virouleau,2011-08-06,3.13,43
2008VIRO01,Philippe Virouleau,2011-09-24,4.76,44
2008VIRO01,Philippe Virouleau,2011-09-24,4.22,45
2008VIRO01,Philippe Virouleau,2011-10-29,3.24,46
2008VIRO01,Philippe Virouleau,2011-10-29,3.39,47
2008VIRO01,Philippe Virouleau,2011-12-17,4.4,48
2008VIRO01,Philippe Virouleau,2011-12-17,4.84,49
2008VIRO01,Philippe Virouleau,2012-02-18,4.07,50
2008VIRO01,Philippe Virouleau,2012-02-18,4.84,51
2008VIRO01,Philippe Virouleau,2012-04-20,4.58,52
2008VIRO01,Philippe Virouleau,2012-04-28,3.87,53
2008VIRO01,Philippe Virouleau,2012-04-28,4.65,54
2008VIRO01,Philippe Virouleau,2012-06-30,4.5,55
2008VIRO01,Philippe Virouleau,2012-06-30,6.37,56
2008VIRO01,Philippe Virouleau,2012-07-20,3.77,57
2008VIRO01,Philippe Virouleau,2012-07-20,4.21,58
2008VIRO01,Philippe Virouleau,2012-07-20,3.76,59
2008VIRO01,Philippe Virouleau,2012-10-12,4.27,60
2008VIRO01,Philippe Virouleau,2012-10-27,4.11,61
2008VIRO01,Philippe Virouleau,2012-10-27,5.06,62
2008VIRO01,Philippe Virouleau,2012-12-22,6.12,63
2008VIRO01,Philippe Virouleau,2012-12-22,3.63,64
2008VIRO01,Philippe Virouleau,2012-12-22,4.17,65
2008VIRO01,Philippe Virouleau,2013-01-12,3.2,66
2008VIRO01,Philippe Virouleau,2013-01-12,3.74,67
2008VIRO01,Philippe Virouleau,2013-03-09,6.04,68
2008VIRO01,Philippe Virouleau,2013-03-09,3.73,69
2008VIRO01,Philippe Virouleau,2013-03-09,4.27,70
2008VIRO01,Philippe Virouleau,2013-04-27,4.79,71
2008VIRO01,Philippe Virouleau,2013-04-27,5.61,72
2008VIRO01,Philippe Virouleau,2013-04-27,3.78,73
2008VIRO01,Philippe Virouleau,2013-07-20,4.72,74
2008VIRO01,Philippe Virouleau,2013-07-20,3.43,75
2008VIRO01,Philippe Virouleau,2013-07-26,3.89,76
2008VIRO01,Philippe Virouleau,2013-07-26,5.4,77
2008VIRO01,Philippe Virouleau,2013-11-30,3.85,78
2008VIRO01,Philippe Virouleau,2013-11-30,3.73,79
2008VIRO01,Philippe Virouleau,2013-11-30,3.44,80
2008VIRO01,Philippe Virouleau,2013-12-21,3.81,81
2008VIRO01,Philippe Virouleau,2013-12-21,3.59,82
2008VIRO01,Philippe Virouleau,2013-12-21,4.2,83
2008VIRO01,Philippe Virouleau,2014-02-08,3.59,84
2008VIRO01,Philippe Virouleau,2014-02-08,3.74,85
2008VIRO01,Philippe Virouleau,2014-02-08,3.92,86
2008VIRO01,Philippe Virouleau,2014-03-01,3.55,87
2008VIRO01,Philippe Virouleau,2014-03-01,4.45,88
2008VIRO01,Philippe Virouleau,2014-03-01,3.76,89
2008VIRO01,Philippe Virouleau,2014-03-15,3.62,90
2008VIRO01,Philippe Virouleau,2014-03-15,3.53,91
2008VIRO01,Philippe Virouleau,2014-05-10,2.9,92
2008VIRO01,Philippe Virouleau,2014-05-10,4.06,93
2008VIRO01,Philippe Virouleau,2014-05-10,4.62,94
2008VIRO01,Philippe Virouleau,2014-07-12,3.29,95
2008VIRO01,Philippe Virouleau,2014-07-12,3.5,96
2008VIRO01,Philippe Virouleau,2014-08-08,3.62,97
2008VIRO01,Philippe Virouleau,2014-08-08,3.18,98
2008VIRO01,Philippe Virouleau,2014-08-08,3.19,99
2008VIRO01,Philippe Virouleau,2014-09-13,3.67,100
2008VIRO01,Philippe Virouleau,2014-09-13,3.69,101
2008VIRO01,Philippe Virouleau,2014-10-25,3.44,102
2008VIRO01,Philippe Virouleau,2014-10-25,2.69,103
2008VIRO01,Philippe Virouleau,2014-10-25,4.34,104
2008VIRO01,Philippe Virouleau,2014-11-01,2.91,105
2008VIRO01,Philippe Virouleau,2014-11-01,3.53,106
2008VIRO01,Philippe Virouleau,2014-12-06,2.92,107
2008VIRO01,Philippe Virouleau,2014-12-06,3.29,108
2008VIRO01,Philippe Virouleau,2015-04-18,3.12,109
2008VIRO01,Philippe Virouleau,2015-04-18,3.55,110
2008VIRO01,Philippe Virouleau,2015-04-18,4.1,111
2008VIRO01,Philippe Virouleau,2015-07-04,4.83,112
2008VIRO01,Philippe Virouleau,2015-07-04,3.75,113
2008VIRO01,Philippe Virouleau,2015-07-04,3.29,114
2008VIRO01,Philippe Virouleau,2015-07-11,3.5,115
2008VIRO01,Philippe Virouleau,2015-07-11,3.24,116
2008VIRO01,Philippe Virouleau,2015-07-25,3.91,117
2008VIRO01,Philippe Virouleau,2015-07-25,2.81,118
2008VIRO01,Philippe Virouleau,2015-09-12,3.08,119
2008VIRO01,Philippe Virouleau,2015-09-12,3.38,120
2008VIRO01,Philippe Virouleau,2015-09-12,5.02,121
2008VIRO01,Philippe Virouleau,2015-10-10,3.5,122
2008VIRO01,Philippe Virouleau,2015-10-10,3.71,123
2008VIRO01,Philippe Virouleau,2015-10-10,2.65,124
2008VIRO01,Philippe Virouleau,2015-11-07,3.53,125
2008VIRO01,Philippe Virouleau,2015-11-07,3.12,126
2008VIRO01,Philippe Virouleau,2015-11-14,3.9,127
2008VIRO01,Philippe Virouleau,2015-11-14,3.07,128
2008VIRO01,Philippe Virouleau,2015-12-05,4.15,129
2008VIRO01,Philippe Virouleau,2015-12-05,3.93,130
2008VIRO01,Philippe Virouleau,2016-02-13,4.83,131
2008VIRO01,Philippe Virouleau,2016-02-20,3.14,132
2008VIRO01,Philippe Virouleau,2016-04-16,3.21,133
2008VIRO01,Philippe Virouleau,2016-04-16,3.64,134
2008VIRO01,Philippe Virouleau,2016-04-16,3.3,135
2008VIRO01,Philippe Virouleau,2016-04-30,3.57,136
2008VIRO01,Philippe Virouleau,2016-04-30,3.41,137
2008VIRO01,Philippe Virouleau,2016-05-21,3.35,138
2008VIRO01,Philippe Virouleau,2016-05-21,3.78,139
2008VIRO01,Philippe Virouleau,2016-05-21,3.53,140
2008VIRO01,Philippe Virouleau,2016-07-02,3.04,141
2008VIRO01,Philippe Virouleau,2016-07-02,3.92,142
2008VIRO01,Philippe Virouleau,2016-07-02,3.0,143
2008VIRO01,Philippe Virouleau,2016-07-15,3.5,144
2008VIRO01,Philippe Virouleau,2016-07-15,3.2,145
2008VIRO01,Philippe Virouleau,2016-07-31,4.22,146
2008VIRO01,Philippe Virouleau,2016-07-31,3.83,147
2008VIRO01,Philippe Virouleau,2016-07-31,2.82,148
2008VIRO01,Philippe Virouleau,2016-09-10,4.05,149
2008VIRO01,Philippe Virouleau,2016-09-10,3.0,150
2008VIRO01,Philippe Virouleau,2016-10-09,3.0,151
2008VIRO01,Philippe Virouleau,2016-10-09,2.92,152
2008VIRO01,Philippe Virouleau,2016-10-29,3.58,153
2008VIRO01,Philippe Virouleau,2016-10-29,3.78,154
2008VIRO01,Philippe Virouleau,2016-10-29,2.75,155
2008VIRO01,Philippe Virouleau,2016-11-11,3.52,156
2008VIRO01,Philippe Virouleau,2016-11-11,3.57,157
2008VIRO01,Philippe Virouleau,2016-11-11,4.03,158
2008VIRO01,Philippe Virouleau,2016-11-26,2.57,159
2008VIRO01,Philippe Virouleau,2016-11-26,3.05,160
2008VIRO01,Philippe Virouleau,2016-12-03,3.71,161
2008VIRO01,Philippe Virouleau,2016-12-03,3.7,162
2008VIRO01,Philippe Virouleau,2016-12-17,3.08,163
2008VIRO01,Philippe Virouleau,2016-12-17,3.95,164
2008VIRO01,Philippe Virouleau,2016-12-17,2.94,165
2008VIRO01,Philippe Virouleau,2017-01-28,4.17,166
2008VIRO01,Philippe Virouleau,2017-01-28,3.5,167
2008VIRO01,Philippe Virouleau,2017-01-28,3.82,168
2008VIRO01,Philippe Virouleau,2017-02-11,3.75,169
2008VIRO01,Philippe Virouleau,2017-02-11,3.27,170
2008VIRO01,Philippe Virouleau,2017-02-11,3.13,171
2008VIRO01,Philippe Virouleau,2017-03-04,2.77,172
2008VIRO01,Philippe Virouleau,2017-03-04,2.89,173
2008VIRO01,Philippe Virouleau,2017-03-04,3.05,174
2008VIRO01,Philippe Virouleau,2017-03-25,3.81,175
2008VIRO01,Philippe Virouleau,2017-03-25,4.12,176
2008VIRO01,Philippe Virouleau,2017-03-25,3.52,177
2008VIRO01,Philippe Virouleau,2017-04-08,2.78,178
2008VIRO01,Philippe Virouleau,2017-04-08,4.03,179
2008VIRO01,Philippe Virouleau,2017-05-06,2.94,180
2008VIRO01,Philippe Virouleau,2017-05-06,2.85,181
2008VIRO01,Philippe Virouleau,2017-05-06,4.0,182
2008VIRO01,Philippe Virouleau,2017-05-27,3.75,183
2008VIRO01,Philippe Virouleau,2017-05-27,3.57,184
2008VIRO01,Philippe Virouleau,2017-05-27,3.3,185
2008VIRO01,Philippe Virouleau,2017-09-23,4.06,186
2008VIRO01,Philippe Virouleau,2017-09-23,2.9,187
2008VIRO01,Philippe Virouleau,2017-09-23,2.47,188
2008VIRO01,Philippe Virouleau,2017-10-27,4.06,189
2008VIRO01,Philippe Virouleau,2017-10-27,3.2,190
2008VIRO01,Philippe Virouleau,2017-10-27,3.61,191
2008VIRO01,Philippe Virouleau,2017-11-11,3.49,192
2008VIRO01,Philippe Virouleau,2017-11-11,3.5,193
2008VIRO01,Philippe Virouleau,2017-11-11,4.7,194
2008VIRO01,Philippe Virouleau,2017-12-02,3.85,195
2008VIRO01,Philippe Virouleau,2017-12-02,3.29,196
2008VIRO01,Philippe Virouleau,2017-12-16,3.45,197
2008VIRO01,Philippe Virouleau,2017-12-16,2.97,198
2008VIRO01,Philippe Virouleau,2018-01-06,3.74,199
2008VIRO01,Philippe Virouleau,2018-02-17,3.69,200
2008VIRO01,Philippe Virouleau,2018-02-17,3.26,201
2008VIRO01,Philippe Virouleau,2018-03-31,4.47,202
2008VIRO01,Philippe Virouleau,2018-03-31,3.93,203
2008VIRO01,Philippe Virouleau,2018-04-07,3.11,204
2008VIRO01,Philippe Virouleau,2018-04-07,3.41,205
2008VIRO01,Philippe Virouleau,2018-04-07,2.83,206
2008VIRO01,Philippe Virouleau,2018-04-28,3.14,207
2008VIRO01,Philippe Virouleau,2018-04-28,3.56,208
2008VIRO01,Philippe Virouleau,2018-04-28,3.36,209
2008VIRO01,Philippe Virouleau,2018-05-12,3.29,210
2008VIRO01,Philippe Virouleau,2018-05-12,3.37,211
2008VIRO01,Philippe Virouleau,2018-06-23,2.77,212
2008VIRO01,Philippe Virouleau,2018-06-23,3.66,213
2008VIRO01,Philippe Virouleau,2018-07-14,4.04,214
2008VIRO01,Philippe Virouleau,2018-07-19,2.66,215
2008VIRO01,Philippe Virouleau,2018-07-19,3.4,216
2008VIRO01,Philippe Virouleau,2018-07-19,4.5,217
2008VIRO01,Philippe Virouleau,2018-08-18,3.52,218
2008VIRO01,Philippe Virouleau,2018-08-18,3.73,219
2008VIRO01,Philippe Virouleau,2018-08-25,3.53,220
2008VIRO01,Philippe Virouleau,2018-08-25,3.24,221
2008VIRO01,Philippe Virouleau,2018-08-25,4.21,222
2008VIRO01,Philippe Virouleau,2018-09-08,2.94,223
2008VIRO01,Philippe Virouleau,2018-09-08,3.77,224
2008VIRO01,Philippe Virouleau,2018-10-06,3.99,225
2008VIRO01,Philippe Virouleau,2018-11-10,3.25,226
2008VIRO01,Philippe Virouleau,2018-11-10,3.74,227
2008VIRO01,Philippe Virouleau,2018-11-24,3.71,228
2008VIRO01,Philippe Virouleau,2018-11-24,3.78,229
2008VIRO01,Philippe Virouleau,2018-12-02,3.13,230
2008VIRO01,Philippe Virouleau,2019-01-19,2.81,231
2008VIRO01,Philippe Virouleau,2019-01-19,3.17,232
2008VIRO01,Philippe Virouleau,2019-01-19,3.35,233
2008VIRO01,Philippe Virouleau,2019-03-02,3.76,234
2008VIRO01,Philippe Virouleau,2019-03-17,3.2,235
2008VIRO01,Philippe Virouleau,2019-03-17,3.23,236
2008VIRO01,Philippe Virouleau,2019-03-17,3.62,237
2008VIRO01,Philippe Virouleau,2019-04-13,3.62,238
2008VIRO01,Philippe Virouleau,2019-04-13,2.91,239
2008VIRO01,Philippe Virouleau,2019-04-20,3.07,240
2008VIRO01,Philippe Virouleau,2019-04-20,3.68,241
2008VIRO01,Philippe Virouleau,2019-05-18,4.05,242
2008VIRO01,Philippe Virouleau,2019-05-18,2.78,243
2008VIRO01,Philippe Virouleau,2019-05-18,3.28,244
2008VIRO01,Philippe Virouleau,2019-05-25,2.49,245
2008VIRO01,Philippe Virouleau,2019-05-25,3.22,246
2008VIRO01,Philippe Virouleau,2019-05-25,2.79,247
2008VIRO01,Philippe Virouleau,2019-07-11,2.93,248
2008VIRO01,Philippe Virouleau,2019-07-11,4.04,249
2008VIRO01,Philippe Virouleau,2019-07-20,3.45,250
2008VIRO01,Philippe Virouleau,2019-07-20,3.44,251
2008VIRO01,Philippe Virouleau,2019-08-10,3.64,252
2008VIRO01,Philippe Virouleau,2019-08-10,2.84,253
2008VIRO01,Philippe Virouleau,2019-08-10,2.83,254
2008VIRO01,Philippe Virouleau,2019-09-07,3.74,255
2008VIRO01,Philippe Virouleau,2019-09-07,3.26,256
2008VIRO01,Philippe Virouleau,2019-09-21,2.56,257
2008VIRO01,Philippe Virouleau,2019-09-21,3.62,258
2008VIRO01,Philippe Virouleau,2019-10-12,3.27,259
2008VIRO01,Philippe Virouleau,2019-10-12,3.81,260
2008VIRO01,Philippe Virouleau,2019-10-12,3.98,261
2008VIRO01,Philippe Virouleau,2019-10-19,4.06,262
2008VIRO01,Philippe Virouleau,2019-11-23,4.52,263
2008VIRO01,Philippe Virouleau,2019-11-23,5.19,264
2008VIRO01,Philippe Virouleau,2019-12-07,2.67,265
2008VIRO01,Philippe Virouleau,2019-12-07,4.2,266
2008VIRO01,Philippe Virouleau,2019-12-14,3.15,267
2008VIRO01,Philippe Virouleau,2019-12-14,3.79,268
2008VIRO01,Philippe Virouleau,2019-12-14,3.24,269
2008VIRO01,Philippe Virouleau,2020-03-07,5.6,270
2008VIRO01,Philippe Virouleau,2020-03-07,3.03,271
2008VIRO01,Philippe Virouleau,2021-10-09,3.68,272
2008VIRO01,Philippe Virouleau,2021-10-09,3.3,273
2008VIRO01,Philippe Virouleau,2021-11-06,4.05,274
2008VIRO01,Philippe Virouleau,2021-11-06,3.23,275
2008VIRO01,Philippe Virouleau,2022-02-05,3.62,276
2008VIRO01,Philippe Virouleau,2022-02-05,2.53,277
2008VIRO01,Philippe Virouleau,2022-03-26,4.53,278
2008VIRO01,Philippe Virouleau,2022-03-26,3.29,279
2008VIRO01,Philippe Virouleau,2022-04-09,3.61,280
2008VIRO01,Philippe Virouleau,2022-04-09,4.37,281
2008VIRO01,Philippe Virouleau,2022-04-09,3.42,282
2008VIRO01,Philippe Virouleau,2022-04-16,3.18,283
2008VIRO01,Philippe Virouleau,2022-05-14,2.75,284
2008VIRO01,Philippe Virouleau,2022-05-14,4.22,285
2008VIRO01,Philippe Virouleau,2022-05-21,3.43,286
2008VIRO01,Philippe Virouleau,2022-05-21,2.82,287
2008VIRO01,Philippe Virouleau,2022-06-04,3.1,288
2008VIRO01,Philippe Virouleau,2022-06-04,3.9,289
2008VIRO01,Philippe Virouleau,2022-06-11,3.44,290
2008VIRO01,Philippe Virouleau,2022-06-11,3.93,291
2008VIRO01,Philippe Virouleau,2022-07-14,3.34,292
2008VIRO01,Philippe Virouleau,2022-07-14,3.25,293
2008VIRO01,Philippe Virouleau,2022-08-26,3.6,294
2008VIRO01,Philippe Virouleau,2022-08-26,3.33,295
2008VIRO01,Philippe Virouleau,2022-08-26,3.53,296
2008VIRO01,Philippe Virouleau,2022-10-08,3.46,297
2008VIRO01,Philippe Virouleau,2022-10-08,3.42,298
2008VIRO01,Philippe Virouleau,2022-10-15,4.72,299
2008VIRO01,Philippe Virouleau,2022-11-05,3.03,300
2008VIRO01,Philippe Virouleau,2022-11-05,3.02,301
2008VIRO01,Philippe Virouleau,2022-11-05,3.0,302
2008VIRO01,Philippe Virouleau,2023-02-11,3.41,303
2008VIRO01,Philippe Virouleau,2023-02-11,4.44,304
2008VIRO01,Philippe Virouleau,2023-02-18,3.0,305
2008VIRO01,Philippe Virouleau,2023-02-18,3.94,306
2008VIRO01,Philippe Virouleau,2023-03-25,4.08,307
2008VIRO01,Philippe Virouleau,2023-03-25,3.51,308
2008VIRO01,Philippe Virouleau,2023-04-15,3.38,309
2008VIRO01,Philippe Virouleau,2023-04-15,3.27,310
2008VIRO01,Philippe Virouleau,2023-05-06,3.59,311
2008VIRO01,Philippe Virouleau,2023-05-06,3.89,312
2008VIRO01,Philippe Virouleau,2023-06-24,3.32,313
2008VIRO01,Philippe Virouleau,2023-06-24,3.56,314
2008VIRO01,Philippe Virouleau,2023-06-24,4.38,315
2008VIRO01,Philippe Virouleau,2023-07-14,3.46,316
2008VIRO01,Philippe Virouleau,2023-07-14,3.82,317
2008VIRO01,Philippe Virouleau,2023-08-12,2.94,318
2008VIRO01,Philippe Virouleau,2023-08-12,3.32,319
2008VIRO01,Philippe Virouleau,2023-09-16,4.7,320
2008VIRO01,Philippe Virouleau,2023-09-16,3.4,321
2008VIRO01,Philippe Virouleau,2023-10-14,3.8,322
2008VIRO01,Philippe Virouleau,2023-10-14,3.35,323
2008VIRO01,Philippe Virouleau,2023-10-21,3.41,324
2008VIRO01,Philippe Virouleau,2023-10-21,3.49,325
2008VIRO01,Philippe Virouleau,2023-10-21,4.81,326
2008VIRO01,Philippe Virouleau,2023-10-28,3.55,327
2008VIRO01,Philippe Virouleau,2023-10-28,4.62,328
2008VIRO01,Philippe Virouleau,2024-01-20,3.36,329
2008VIRO01,Philippe Virouleau,2024-03-02,3.62,330
2008VIRO01,Philippe Virouleau,2024-03-02,3.65,331
2008VIRO01,Philippe Virouleau,2024-03-16,3.04,332
2008VIRO01,Philippe Virouleau,2024-03-16,3.38,333
2008VIRO01,Philippe Virouleau,2024-03-16,3.07,334
2008VIRO01,Philippe Virouleau,2024-03-30,3.25,335
2008VIRO01,Philippe Virouleau,2024-04-20,3.09,336
2008VIRO01,Philippe Virouleau,2024-04-20,2.98,337
2008VIRO01,Philippe Virouleau,2024-04-20,3.13,338
2008VIRO01,Philippe Virouleau,2024-05-04,3.84,339
2008VIRO01,Philippe Virouleau,2024-05-04,2.63,340
2008VIRO01,Philippe Virouleau,2024-07-25,4.2,341
2008VIRO01,Philippe Virouleau,2024-08-17,3.04,342
2008VIRO01,Philippe Virouleau,2024-08-17,2.06,343
2008VIRO01,Philippe Virouleau,2024-09-07,3.34,344
2008VIRO01,Philippe Virouleau,2024-09-07,2.95,345
2008VIRO01,Philippe Virouleau,2024-09-14,2.95,346
2008VIRO01,Philippe Virouleau,2024-09-14,2.86,347
2008VIRO01,Philippe Virouleau,2024-09-28,3.45,348
2008VIRO01,Philippe Virouleau,2024-10-19,2.98,349
2008VIRO01,Philippe Virouleau,2024-10-19,2.98,350
2008VIRO01,Philippe Virouleau,2024-10-19,3.16,351
2008VIRO01,Philippe Virouleau,2024-11-09,3.19,352
2008VIRO01,Philippe Virouleau,2024-11-09,2.95,353
2008VIRO01,Philippe Virouleau,2024-11-09,3.55,354
2008VIRO01,Philippe Virouleau,2024-11-23,3.37,355
2008VIRO01,Philippe Virouleau,2024-11-23,2.63,356
2008VIRO01,Philippe Virouleau,2025-03-01,3.49,357
2008VIRO01,Philippe Virouleau,2025-07-19,3.42,358
2008VIRO01,Philippe Virouleau,2025-08-09,3.38,359
2008VIRO01,Philippe Virouleau,2025-09-06,2.69,360
2008VIRO01,Philippe Virouleau,2025-09-13,2.88,361
2008VIRO01,Philippe Virouleau,2025-10-25,3.19,362
2008VIRO01,Philippe Virouleau,2025-10-25,3.23,363
2008VIRO01,Philippe Virouleau,2025-11-01,3.16,364
2008VIRO01,Philippe Virouleau,2025-11-01,2.98,365
2008VIRO01,Philippe Virouleau,2025-11-01,4.01,366
2008VIRO01,Philippe Virouleau,2026-02-21,3.06,367
2008VIRO01,Philippe Virouleau,2026-02-21,4.59,368
2008VIRO01,Philippe Virouleau,2026-04-18,3.73,369
2009LIUE01,Evan Liu,2009-05-30,17.97,1
2009LIUE01,Evan Liu,2009-08-14,9.86,2
2009LIUE01,Evan Liu,2010-01-30,7.37,3
2009LIUE01,Evan Liu,2010-04-18,7.83,4
2009LIUE01,Evan Liu,2010-06-13,7.5,5
2009LIUE01,Evan Liu,2010-08-06,6.56,6
2009LIUE01,Evan Liu,2010-10-16,6.86,7
2009LIUE01,Evan Liu,2010-10-16,6.76,8
2009LIUE01,Evan Liu,2010-11-06,6.41,9
2009LIUE01,Evan Liu,2010-12-11,7.28,10
2009LIUE01,Evan Liu,2010-12-11,6.78,11
2009LIUE01,Evan Liu,2011-02-19,5.5,12
2009LIUE01,Evan Liu,2011-02-19,5.94,13
2009LIUE01,Evan Liu,2011-06-18,6.88,14
2009LIUE01,Evan Liu,2011-06-18,6.19,15
2009LIUE01,Evan Liu,2011-09-17,6.19,16
2009LIUE01,Evan Liu,2011-09-17,6.37,17
2009LIUE01,Evan Liu,2011-09-17,5.76,18
2009LIUE01,Evan Liu,2011-12-10,5.94,19
2009LIUE01,Evan Liu,2011-12-10,4.94,20
2009LIUE01,Evan Liu,2012-01-21,4.83,21
2009LIUE01,Evan Liu,2012-01-21,4.73,22
2009LIUE01,Evan Liu,2012-04-14,5.1,23
2009LIUE01,Evan Liu,2012-04-14,4.75,24
2009LIUE01,Evan Liu,2012-05-27,4.22,25
2009LIUE01,Evan Liu,2012-05-27,4.8,26
2009LIUE01,Evan Liu,2012-07-21,4.49,27
2009LIUE01,Evan Liu,2012-07-21,4.28,28
2009LIUE01,Evan Liu,2012-07-28,4.75,29
2009LIUE01,Evan Liu,2012-07-28,4.34,30
2009LIUE01,Evan Liu,2012-08-03,4.0,31
2009LIUE01,Evan Liu,2012-08-03,3.62,32
2009LIUE01,Evan Liu,2012-08-03,4.24,33
2009LIUE01,Evan Liu,2012-10-13,4.67,34
2009LIUE01,Evan Liu,2012-10-13,6.47,35
2009LIUE01,Evan Liu,2012-12-08,4.35,36
2009LIUE01,Evan Liu,2012-12-08,4.45,37
2009LIUE01,Evan Liu,2013-06-15,3.36,38
2009LIUE01,Evan Liu,2013-06-15,3.18,39
2009LIUE01,Evan Liu,2013-07-06,3.51,40
2009LIUE01,Evan Liu,2013-07-06,3.7,41
2009LIUE01,Evan Liu,2013-07-06,3.72,42
2009LIUE01,Evan Liu,2013-07-26,3.29,43
2009LIUE01,Evan Liu,2013-07-26,5.35,44
2009LIUE01,Evan Liu,2013-10-12,3.64,45
2009LIUE01,Evan Liu,2013-10-12,5.07,46
2009LIUE01,Evan Liu,2013-11-09,4.41,47
2009LIUE01,Evan Liu,2013-11-09,4.16,48
2009LIUE01,Evan Liu,2013-11-23,3.73,49
2009LIUE01,Evan Liu,2014-02-22,4.05,50
2009LIUE01,Evan Liu,2014-02-22,4.52,51
2009LIUE01,Evan Liu,2014-04-05,6.75,52
2009LIUE01,Evan Liu,2014-04-05,5.61,53
2009LIUE01,Evan Liu,2014-05-10,3.2,54
2009LIUE01,Evan Liu,2014-05-10,4.05,55
2009LIUE01,Evan Liu,2014-05-10,3.44,56
2009LIUE01,Evan Liu,2014-05-17,5.35,57
2009LIUE01,Evan Liu,2014-05-17,3.97,58
2009LIUE01,Evan Liu,2014-06-14,5.1,59
2009LIUE01,Evan Liu,2014-06-14,4.08,60
2009LIUE01,Evan Liu,2014-06-14,4.56,61
2009LIUE01,Evan Liu,2014-08-01,4.15,62
2009LIUE01,Evan Liu,2014-08-01,3.83,63
2009LIUE01,Evan Liu,2014-08-01,2.77,64
2009LIUE01,Evan Liu,2014-12-13,4.78,65
2009LIUE01,Evan Liu,2014-12-13,4.36,66
2009LIUE01,Evan Liu,2015-04-04,5.21,67
2009LIUE01,Evan Liu,2015-07-31,4.21,68
2009LIUE01,Evan Liu,2015-07-31,3.8,69
2009LIUE01,Evan Liu,2015-07-31,3.53,70
2009LIUE01,Evan Liu,2015-09-12,2.33,71
2009LIUE01,Evan Liu,2015-09-12,2.91,72
2009LIUE01,Evan Liu,2015-11-07,4.27,73
2009LIUE01,Evan Liu,2015-11-07,5.15,74
2009LIUE01,Evan Liu,2015-12-05,4.48,75
2009LIUE01,Evan Liu,2015-12-05,6.45,76
2009LIUE01,Evan Liu,2016-01-30,4.34,77
2009LIUE01,Evan Liu,2016-01-30,4.6,78
2009LIUE01,Evan Liu,2016-04-02,5.28,79
2009LIUE01,Evan Liu,2016-04-02,3.93,80
2009LIUE01,Evan Liu,2016-04-02,4.67,81
2009LIUE01,Evan Liu,2016-04-30,3.91,82
2009LIUE01,Evan Liu,2016-04-30,5.19,83
2009LIUE01,Evan Liu,2016-06-25,4.0,84
2009LIUE01,Evan Liu,2016-06-25,4.91,85
2009LIUE01,Evan Liu,2016-07-15,3.93,86
2009LIUE01,Evan Liu,2016-07-15,4.72,87
2009LIUE01,Evan Liu,2016-07-30,5.95,88
2009LIUE01,Evan Liu,2016-07-30,3.15,89
2009LIUE01,Evan Liu,2016-07-30,4.75,90
2009LIUE01,Evan Liu,2016-08-27,5.7,91
2009LIUE01,Evan Liu,2016-10-01,3.67,92
2009LIUE01,Evan Liu,2016-10-01,6.62,93
2009LIUE01,Evan Liu,2016-11-04,4.89,94
2009LIUE01,Evan Liu,2016-11-04,3.58,95
2009LIUE01,Evan Liu,2016-11-04,4.07,96
2009LIUE01,Evan Liu,2016-12-17,5.38,97
2009LIUE01,Evan Liu,2017-01-14,4.72,98
2009LIUE01,Evan Liu,2017-01-14,7.34,99
2009LIUE01,Evan Liu,2017-03-04,4.58,100
2009LIUE01,Evan Liu,2017-04-15,6.43,101
2009LIUE01,Evan Liu,2017-06-24,2.7,102
2009LIUE01,Evan Liu,2017-06-24,5.31,103
2009LIUE01,Evan Liu,2017-07-08,3.94,104
2009LIUE01,Evan Liu,2017-07-13,4.4,105
2009LIUE01,Evan Liu,2017-08-26,4.23,106
2009LIUE01,Evan Liu,2017-08-26,3.82,107
2009LIUE01,Evan Liu,2017-10-27,5.84,108
2009LIUE01,Evan Liu,2017-11-25,5.93,109
2009LIUE01,Evan Liu,2017-11-25,2.85,110
2009LIUE01,Evan Liu,2017-12-02,2.72,111
2009LIUE01,Evan Liu,2017-12-02,4.29,112
2009LIUE01,Evan Liu,2018-07-27,3.72,113
2009LIUE01,Evan Liu,2018-07-27,4.73,114
2009LIUE01,Evan Liu,2018-08-17,3.75,115
2009LIUE01,Evan Liu,2018-08-17,3.43,116
2009LIUE01,Evan Liu,2018-12-08,3.21,117
2009LIUE01,Evan Liu,2018-12-08,4.04,118
2009LIUE01,Evan Liu,2019-04-20,4.07,119
2009LIUE01,Evan Liu,2019-04-20,9.36,120
2009LIUE01,Evan Liu,2019-05-11,5.26,121
2009LIUE01,Evan Liu,2019-06-08,2.02,122
2009LIUE01,Evan Liu,2019-06-15,2.46,123
2009LIUE01,Evan Liu,2019-06-15,2.89,124
2009LIUE01,Evan Liu,2019-07-11,3.98,125
2009LIUE01,Evan Liu,2019-07-11,3.37,126
2009LIUE01,Evan Liu,2019-08-01,3.68,127
2009LIUE01,Evan Liu,2019-08-01,3.85,128
2009LIUE01,Evan Liu,2019-09-21,3.34,129
2009LIUE01,Evan Liu,2019-09-21,4.41,130
2009LIUE01,Evan Liu,2019-11-23,3.38,131
2009LIUE01,Evan Liu,2019-11-23,3.89,132
2009LIUE01,Evan Liu,2020-01-11,5.42,133
2009LIUE01,Evan Liu,2020-01-18,4.19,134
2009LIUE01,Evan Liu,2020-02-15,3.83,135
2009LIUE01,Evan Liu,2020-02-15,4.67,136
2009LIUE01,Evan Liu,2021-11-14,3.86,137
2009LIUE01,Evan Liu,2021-11-14,3.22,138
2009LIUE01,Evan Liu,2021-11-20,3.55,139
2009LIUE01,Evan Liu,2022-03-19,4.1,140
2009LIUE01,Evan Liu,2022-04-30,4.1,141
2009LIUE01,Evan Liu,2022-04-30,4.91,142
2009LIUE01,Evan Liu,2022-05-27,4.41,143
2009LIUE01,Evan Liu,2022-05-27,3.75,144
2009LIUE01,Evan Liu,2022-05-27,4.61,145
2009LIUE01,Evan Liu,2022-07-02,5.19,146
2009LIUE01,Evan Liu,2022-07-07,4.34,147
2009LIUE01,Evan Liu,2022-08-20,4.39,148
2009LIUE01,Evan Liu,2022-09-10,4.24,149
2009LIUE01,Evan Liu,2022-09-18,3.21,150
2009LIUE01,Evan Liu,2022-09-18,6.57,151
2009LIUE01,Evan Liu,2022-10-07,3.71,152
2009LIUE01,Evan Liu,2022-10-07,7.83,153
2009LIUE01,Evan Liu,2022-10-15,4.47,154
2009LIUE01,Evan Liu,2022-10-15,2.97,155
2009LIUE01,Evan Liu,2022-10-15,3.71,156
2009LIUE01,Evan Liu,2022-11-19,3.54,157
2009LIUE01,Evan Liu,2022-11-19,3.65,158
2009LIUE01,Evan Liu,2022-11-20,5.49,159
2009LIUE01,Evan Liu,2022-12-03,3.97,160
2009LIUE01,Evan Liu,2022-12-10,4.45,161
2009LIUE01,Evan Liu,2022-12-17,3.49,162
2009LIUE01,Evan Liu,2022-12-17,4.5,163
2009LIUE01,Evan Liu,2023-01-07,3.94,164
2009LIUE01,Evan Liu,2023-01-08,4.35,165
2009LIUE01,Evan Liu,2023-01-08,5.06,166
2009LIUE01,Evan Liu,2023-01-14,6.5,167
2009LIUE01,Evan Liu,2023-02-05,2.58,168
2009LIUE01,Evan Liu,2023-03-11,3.47,169
2009LIUE01,Evan Liu,2023-03-11,3.44,170
2009LIUE01,Evan Liu,2023-03-25,3.7,171
2009LIUE01,Evan Liu,2023-03-25,2.79,172
2009LIUE01,Evan Liu,2023-04-15,3.4,173
2009LIUE01,Evan Liu,2023-04-15,5.95,174
2009LIUE01,Evan Liu,2023-05-06,3.65,175
2009LIUE01,Evan Liu,2023-05-06,4.19,176
2009LIUE01,Evan Liu,2023-05-13,4.5,177
2009LIUE01,Evan Liu,2023-05-13,2.68,178
2009LIUE01,Evan Liu,2023-05-21,3.46,179
2009LIUE01,Evan Liu,2023-05-21,6.21,180
2009LIUE01,Evan Liu,2023-06-10,3.61,181
2009LIUE01,Evan Liu,2023-06-10,3.96,182
2009LIUE01,Evan Liu,2023-06-17,4.33,183
2009LIUE01,Evan Liu,2023-06-17,4.12,184
2009LIUE01,Evan Liu,2023-06-17,3.52,185
2009LIUE01,Evan Liu,2023-06-26,2.78,186
2009LIUE01,Evan Liu,2023-06-26,2.51,187
2009LIUE01,Evan Liu,2023-07-15,4.36,188
2009LIUE01,Evan Liu,2023-07-27,3.66,189
2009LIUE01,Evan Liu,2023-07-27,4.89,190
2009LIUE01,Evan Liu,2023-08-05,7.37,191
2009LIUE01,Evan Liu,2023-08-05,3.59,192
2009LIUE01,Evan Liu,2023-08-05,3.52,193
2009LIUE01,Evan Liu,2023-08-11,4.24,194
2009LIUE01,Evan Liu,2023-08-11,3.54,195
2009LIUE01,Evan Liu,2023-08-20,3.89,196
2009LIUE01,Evan Liu,2023-08-26,2.85,197
2009LIUE01,Evan Liu,2023-08-26,3.63,198
2009LIUE01,Evan Liu,2023-09-23,2.92,199
2009LIUE01,Evan Liu,2023-09-23,5.07,200
2009LIUE01,Evan Liu,2023-10-07,4.01,201
2009LIUE01,Evan Liu,2023-10-07,4.08,202
2009LIUE01,Evan Liu,2023-11-04,4.06,203
2009LIUE01,Evan Liu,2023-12-03,3.54,204
2009LIUE01,Evan Liu,2023-12-03,2.73,205
2009LIUE01,Evan Liu,2023-12-31,3.86,206
2009LIUE01,Evan Liu,2024-01-06,3.2,207
2009LIUE01,Evan Liu,2024-02-03,4.21,208
2009LIUE01,Evan Liu,2024-02-03,3.52,209
2009LIUE01,Evan Liu,2024-02-10,4.84,210
2009LIUE01,Evan Liu,2024-02-17,3.82,211
2009LIUE01,Evan Liu,2024-02-17,3.61,212
2009LIUE01,Evan Liu,2024-03-02,3.53,213
2009LIUE01,Evan Liu,2024-03-02,4.23,214
2009LIUE01,Evan Liu,2024-03-09,4.8,215
2009LIUE01,Evan Liu,2024-03-09,4.04,216
2009LIUE01,Evan Liu,2024-03-16,3.77,217
2009LIUE01,Evan Liu,2024-03-16,2.83,218
2009LIUE01,Evan Liu,2024-03-30,3.97,219
2009LIUE01,Evan Liu,2024-03-30,3.74,220
2009LIUE01,Evan Liu,2024-04-06,4.23,221
2009LIUE01,Evan Liu,2024-04-06,4.22,222
2009LIUE01,Evan Liu,2024-04-06,3.55,223
2009LIUE01,Evan Liu,2024-04-13,3.92,224
2009LIUE01,Evan Liu,2024-04-20,4.47,225
2009LIUE01,Evan Liu,2024-04-27,3.77,226
2009LIUE01,Evan Liu,2024-05-11,5.19,227
2009LIUE01,Evan Liu,2024-05-11,3.46,228
2009LIUE01,Evan Liu,2024-05-11,3.6,229
2009LIUE01,Evan Liu,2024-05-25,2.8,230
2009LIUE01,Evan Liu,2024-05-25,2.74,231
2009LIUE01,Evan Liu,2024-05-25,3.12,232
2009LIUE01,Evan Liu,2024-06-02,3.38,233
2009LIUE01,Evan Liu,2024-06-02,3.32,234
2009LIUE01,Evan Liu,2024-06-02,2.5,235
2009LIUE01,Evan Liu,2024-06-08,3.9,236
2009LIUE01,Evan Liu,2024-06-08,3.58,237
2009LIUE01,Evan Liu,2024-06-12,2.28,238
2009LIUE01,Evan Liu,2024-06-12,3.39,239
2009LIUE01,Evan Liu,2024-06-16,3.71,240
2009LIUE01,Evan Liu,2024-06-16,6.43,241
2009LIUE01,Evan Liu,2024-06-21,4.7,242
2009LIUE01,Evan Liu,2024-06-21,3.22,243
2009LIUE01,Evan Liu,2024-06-29,3.5,244
2009LIUE01,Evan Liu,2024-06-29,3.06,245
2009LIUE01,Evan Liu,2024-07-13,2.61,246
2009LIUE01,Evan Liu,2024-07-14,3.11,247
2009LIUE01,Evan Liu,2024-07-14,3.4,248
2009LIUE01,Evan Liu,2024-07-14,4.46,249
2009LIUE01,Evan Liu,2024-07-27,3.42,250
2009LIUE01,Evan Liu,2024-07-27,2.64,251
2009LIUE01,Evan Liu,2024-08-04,4.42,252
2009LIUE01,Evan Liu,2024-08-04,3.17,253
2009LIUE01,Evan Liu,2024-08-10,3.76,254
2009LIUE01,Evan Liu,2024-08-10,3.8,255
2009LIUE01,Evan Liu,2024-08-24,2.91,256
2009LIUE01,Evan Liu,2024-08-24,2.78,257
2009LIUE01,Evan Liu,2024-09-14,2.81,258
2009LIUE01,Evan Liu,2024-09-14,4.64,259
2009LIUE01,Evan Liu,2024-09-22,2.52,260
2009LIUE01,Evan Liu,2024-09-22,3.76,261
2009LIUE01,Evan Liu,2024-10-06,3.41,262
2009LIUE01,Evan Liu,2024-10-12,3.4,263
2009LIUE01,Evan Liu,2024-10-12,3.11,264
2009LIUE01,Evan Liu,2024-10-19,3.03,265
2009LIUE01,Evan Liu,2024-10-19,3.07,266
2009LIUE01,Evan Liu,2024-11-02,2.91,267
2009LIUE01,Evan Liu,2024-11-02,2.96,268
2009LIUE01,Evan Liu,2024-11-09,2.16,269
2009LIUE01,Evan Liu,2024-11-16,3.18,270
2009LIUE01,Evan Liu,2024-11-16,2.86,271
2009LIUE01,Evan Liu,2024-12-07,2.94,272
2009LIUE01,Evan Liu,2024-12-07,3.13,273
2009LIUE01,Evan Liu,2024-12-21,2.82,274
2009LIUE01,Evan Liu,2024-12-21,4.61,275
2009LIUE01,Evan Liu,2024-12-31,2.95,276
2009LIUE01,Evan Liu,2024-12-31,2.72,277
2009LIUE01,Evan Liu,2025-01-04,3.1,278
2009LIUE01,Evan Liu,2025-01-11,2.55,279
2009LIUE01,Evan Liu,2025-01-11,2.7,280
2009LIUE01,Evan Liu,2025-01-18,2.4,281
2009LIUE01,Evan Liu,2025-01-18,4.63,282
2009LIUE01,Evan Liu,2025-02-01,2.52,283
2009LIUE01,Evan Liu,2025-02-01,2.09,284
2009LIUE01,Evan Liu,2025-02-08,2.96,285
2009LIUE01,Evan Liu,2025-02-08,2.1,286
2009LIUE01,Evan Liu,2025-03-08,2.54,287
2009LIUE01,Evan Liu,2025-03-08,3.16,288
2009LIUE01,Evan Liu,2025-03-15,3.16,289
2009LIUE01,Evan Liu,2025-03-15,3.42,290
2009LIUE01,Evan Liu,2025-03-22,3.02,291
2009LIUE01,Evan Liu,2025-03-22,2.51,292
2009LIUE01,Evan Liu,2025-03-23,2.36,293
2009LIUE01,Evan Liu,2025-03-23,1.89,294
2009LIUE01,Evan Liu,2025-03-30,2.18,295
2009LIUE01,Evan Liu,2025-04-12,3.16,296
2009LIUE01,Evan Liu,2025-04-12,3.24,297
2009LIUE01,Evan Liu,2025-04-18,2.13,298
2009LIUE01,Evan Liu,2025-04-18,2.73,299
2009LIUE01,Evan Liu,2025-04-19,2.93,300
2009LIUE01,Evan Liu,2025-04-19,3.41,301
2009LIUE01,Evan Liu,2025-04-28,2.38,302
2009LIUE01,Evan Liu,2025-04-28,2.34,303
2009LIUE01,Evan Liu,2025-05-04,2.23,304
2009LIUE01,Evan Liu,2025-05-04,2.66,305
2009LIUE01,Evan Liu,2025-05-10,2.6,306
2009LIUE01,Evan Liu,2025-05-20,3.31,307
2009LIUE01,Evan Liu,2025-05-24,3.5,308
2009LIUE01,Evan Liu,2025-05-24,2.87,309
2009LIUE01,Evan Liu,2025-06-15,2.61,310
2009LIUE01,Evan Liu,2025-06-28,2.92,311
2009LIUE01,Evan Liu,2025-06-28,2.6,312
2009LIUE01,Evan Liu,2025-06-29,2.37,313
2009LIUE01,Evan Liu,2025-07-03,2.51,314
2009LIUE01,Evan Liu,2025-07-03,2.61,315
2009LIUE01,Evan Liu,2025-07-12,4.0,316
2009LIUE01,Evan Liu,2025-07-12,3.98,317
2009LIUE01,Evan Liu,2025-07-19,3.03,318
2009LIUE01,Evan Liu,2025-07-19,2.05,319
2009LIUE01,Evan Liu,2025-07-26,2.42,320
2009LIUE01,Evan Liu,2025-07-26,1.79,321
2009LIUE01,Evan Liu,2025-08-02,4.02,322
2009LIUE01,Evan Liu,2025-08-02,3.12,323
2009LIUE01,Evan Liu,2025-08-09,3.58,324
2009LIUE01,Evan Liu,2025-08-09,3.18,325
2009LIUE01,Evan Liu,2025-08-30,4.0,326
2009LIUE01,Evan Liu,2025-08-30,2.85,327
2009LIUE01,Evan Liu,2025-08-30,3.01,328
2009LIUE01,Evan Liu,2025-09-13,2.81,329
2009LIUE01,Evan Liu,2025-09-13,2.46,330
2009LIUE01,Evan Liu,2025-09-27,3.1,331
2009LIUE01,Evan Liu,2025-09-27,1.98,332
2009LIUE01,Evan Liu,2025-10-12,2.47,333
2009LIUE01,Evan Liu,2025-10-12,2.59,334
2009LIUE01,Evan Liu,2025-10-12,2.42,335
2009LIUE01,Evan Liu,2025-10-25,3.45,336
2009LIUE01,Evan Liu,2025-10-25,2.94,337
2009LIUE01,Evan Liu,2025-10-26,2.85,338
2009LIUE01,Evan Liu,2025-10-26,4.49,339
2009LIUE01,Evan Liu,2025-11-08,4.35,340
2009LIUE01,Evan Liu,2025-11-08,2.64,341
2009LIUE01,Evan Liu,2025-12-07,2.56,342
2009LIUE01,Evan Liu,2025-12-07,2.85,343
2009LIUE01,Evan Liu,2025-12-20,2.77,344
2009LIUE01,Evan Liu,2025-12-20,2.19,345
2009LIUE01,Evan Liu,2025-12-31,2.37,346
2009LIUE01,Evan Liu,2025-12-31,2.11,347
2009LIUE01,Evan Liu,2026-01-17,3.98,348
2009LIUE01,Evan Liu,2026-01-17,3.49,349
2009LIUE01,Evan Liu,2026-02-07,2.72,350
2009LIUE01,Evan Liu,2026-02-07,2.37,351
2009LIUE01,Evan Liu,2026-02-14,2.32,352
2009LIUE01,Evan Liu,2026-02-14,2.53,353
2009LIUE01,Evan Liu,2026-02-14,2.04,354
2009LIUE01,Evan Liu,2026-02-21,2.47,355
2009LIUE01,Evan Liu,2026-02-21,2.67,356
2009LIUE01,Evan Liu,2026-02-28,2.7,357
2009LIUE01,Evan Liu,2026-02-28,2.68,358
2009LIUE01,Evan Liu,2026-03-14,2.57,359
2009LIUE01,Evan Liu,2026-03-14,3.2,360
2009LIUE01,Evan Liu,2026-03-14,3.16,361
2009LIUE01,Evan Liu,2026-03-21,4.06,362
2009LIUE01,Evan Liu,2026-03-21,3.42,363
2009LIUE01,Evan Liu,2026-03-28,2.69,364
2009LIUE01,Evan Liu,2026-03-28,3.86,365
2009LIUE01,Evan Liu,2026-04-10,3.07,366
2009LIUE01,Evan Liu,2026-04-10,3.02,367
2009LIUE01,Evan Liu,2026-04-10,3.04,368
2009LIUE01,Evan Liu,2026-04-25,3.03,369
2009LIUE01,Evan Liu,2026-04-25,2.46,370
2009LIUE01,Evan Liu,2026-05-02,3.89,371
2009LIUE01,Evan Liu,2026-05-02,3.12,372
2009LIUE01,Evan Liu,2026-05-10,3.84,373
2009LIUE01,Evan Liu,2026-05-10,2.85,374
2009LIUE01,Evan Liu,2026-05-17,2.76,375
2009LIUE01,Evan Liu,2026-05-17,3.37,376
2009PROV01,Matteo Provasi,2009-12-07,11.95,1
2009PROV01,Matteo Provasi,2010-06-05,9.45,2
2009PROV01,Matteo Provasi,2010-09-12,7.06,3
2009PROV01,Matteo Provasi,2010-09-12,5.98,4
2009PROV01,Matteo Provasi,2010-10-02,5.92,5
2009PROV01,Matteo Provasi,2010-10-02,6.87,6
2009PROV01,Matteo Provasi,2010-10-31,5.03,7
2009PROV01,Matteo Provasi,2010-10-31,5.48,8
2009PROV01,Matteo Provasi,2011-03-05,5.34,9
2009PROV01,Matteo Provasi,2011-03-05,5.08,10
2009PROV01,Matteo Provasi,2011-04-21,4.71,11
2009PROV01,Matteo Provasi,2011-04-21,5.2,12
2009PROV01,Matteo Provasi,2011-04-21,5.76,13
2009PROV01,Matteo Provasi,2011-07-23,5.67,14
2009PROV01,Matteo Provasi,2011-07-23,4.21,15
2009PROV01,Matteo Provasi,2011-07-23,4.59,16
2009PROV01,Matteo Provasi,2011-10-01,4.41,17
2009PROV01,Matteo Provasi,2011-10-01,4.31,18
2009PROV01,Matteo Provasi,2011-11-12,4.23,19
2009PROV01,Matteo Provasi,2011-11-12,4.98,20
2009PROV01,Matteo Provasi,2011-11-12,4.2,21
2009PROV01,Matteo Provasi,2011-12-17,5.0,22
2009PROV01,Matteo Provasi,2011-12-17,4.68,23
2009PROV01,Matteo Provasi,2012-03-10,4.46,24
2009PROV01,Matteo Provasi,2012-03-10,4.53,25
2009PROV01,Matteo Provasi,2012-04-01,4.31,26
2009PROV01,Matteo Provasi,2012-04-01,4.51,27
2009PROV01,Matteo Provasi,2012-04-01,4.38,28
2009PROV01,Matteo Provasi,2012-04-29,3.64,29
2009PROV01,Matteo Provasi,2012-04-29,5.2,30
2009PROV01,Matteo Provasi,2012-04-29,4.62,31
2009PROV01,Matteo Provasi,2012-06-09,4.76,32
2009PROV01,Matteo Provasi,2012-06-09,4.37,33
2009PROV01,Matteo Provasi,2012-10-06,3.93,34
2009PROV01,Matteo Provasi,2012-10-06,4.81,35
2009PROV01,Matteo Provasi,2012-10-06,4.02,36
2009PROV01,Matteo Provasi,2012-12-08,3.84,37
2009PROV01,Matteo Provasi,2012-12-08,4.38,38
2009PROV01,Matteo Provasi,2012-12-08,5.03,39
2009PROV01,Matteo Provasi,2013-01-12,4.98,40
2009PROV01,Matteo Provasi,2013-01-12,4.81,41
2009PROV01,Matteo Provasi,2013-01-12,4.99,42
2009PROV01,Matteo Provasi,2013-03-09,4.16,43
2009PROV01,Matteo Provasi,2013-03-09,4.62,44
2009PROV01,Matteo Provasi,2013-04-20,4.7,45
2009PROV01,Matteo Provasi,2013-04-20,4.24,46
2009PROV01,Matteo Provasi,2013-09-22,4.25,47
2009PROV01,Matteo Provasi,2013-09-22,4.36,48
2009PROV01,Matteo Provasi,2013-09-22,4.28,49
2009PROV01,Matteo Provasi,2013-11-02,3.92,50
2009PROV01,Matteo Provasi,2013-11-02,4.0,51
2009PROV01,Matteo Provasi,2013-11-02,3.6,52
2009PROV01,Matteo Provasi,2013-11-30,4.79,53
2009PROV01,Matteo Provasi,2013-11-30,3.88,54
2009PROV01,Matteo Provasi,2013-11-30,4.13,55
2009PROV01,Matteo Provasi,2014-01-12,4.07,56
2009PROV01,Matteo Provasi,2014-01-12,3.7,57
2009PROV01,Matteo Provasi,2014-03-09,4.28,58
2009PROV01,Matteo Provasi,2014-03-09,3.71,59
2009PROV01,Matteo Provasi,2014-03-09,4.84,60
2009PROV01,Matteo Provasi,2014-03-29,3.45,61
2009PROV01,Matteo Provasi,2014-03-29,4.28,62
2009PROV01,Matteo Provasi,2014-04-05,3.91,63
2009PROV01,Matteo Provasi,2014-04-05,4.49,64
2009PROV01,Matteo Provasi,2014-05-10,4.57,65
2009PROV01,Matteo Provasi,2014-05-10,3.7,66
2009PROV01,Matteo Provasi,2014-05-24,3.98,67
2009PROV01,Matteo Provasi,2014-05-24,3.87,68
2009PROV01,Matteo Provasi,2014-05-24,3.4,69
2009PROV01,Matteo Provasi,2014-09-06,3.94,70
2009PROV01,Matteo Provasi,2014-09-06,3.76,71
2009PROV01,Matteo Provasi,2014-09-06,3.63,72
2009PROV01,Matteo Provasi,2014-09-14,3.44,73
2009PROV01,Matteo Provasi,2014-09-14,4.08,74
2009PROV01,Matteo Provasi,2014-09-14,4.05,75
2009PROV01,Matteo Provasi,2014-11-22,3.72,76
2009PROV01,Matteo Provasi,2014-11-22,3.57,77
2009PROV01,Matteo Provasi,2014-12-13,3.9,78
2009PROV01,Matteo Provasi,2014-12-13,4.41,79
2009PROV01,Matteo Provasi,2014-12-13,3.83,80
2009PROV01,Matteo Provasi,2015-01-04,3.82,81
2009PROV01,Matteo Provasi,2015-01-04,4.67,82
2009PROV01,Matteo Provasi,2015-02-22,4.08,83
2009PROV01,Matteo Provasi,2015-02-22,3.64,84
2009PROV01,Matteo Provasi,2015-03-29,4.57,85
2009PROV01,Matteo Provasi,2015-03-29,4.25,86
2009PROV01,Matteo Provasi,2015-03-29,4.66,87
2009PROV01,Matteo Provasi,2015-04-11,3.33,88
2009PROV01,Matteo Provasi,2015-04-11,4.08,89
2009PROV01,Matteo Provasi,2015-04-11,3.49,90
2009PROV01,Matteo Provasi,2015-05-10,4.03,91
2009PROV01,Matteo Provasi,2015-05-10,4.38,92
2009PROV01,Matteo Provasi,2015-05-10,3.7,93
2009PROV01,Matteo Provasi,2015-05-30,3.55,94
2009PROV01,Matteo Provasi,2015-05-30,4.33,95
2009PROV01,Matteo Provasi,2015-05-30,3.7,96
2009PROV01,Matteo Provasi,2015-08-29,4.76,97
2009PROV01,Matteo Provasi,2015-08-29,4.28,98
2009PROV01,Matteo Provasi,2015-08-29,4.23,99
2009PROV01,Matteo Provasi,2015-09-19,4.11,100
2009PROV01,Matteo Provasi,2015-09-19,3.78,101
2009PROV01,Matteo Provasi,2015-09-19,3.44,102
2009PROV01,Matteo Provasi,2015-10-11,4.6,103
2009PROV01,Matteo Provasi,2015-10-11,3.86,104
2009PROV01,Matteo Provasi,2015-10-11,3.78,105
2009PROV01,Matteo Provasi,2015-10-17,4.56,106
2009PROV01,Matteo Provasi,2015-10-17,3.82,107
2009PROV01,Matteo Provasi,2015-10-17,3.68,108
2009PROV01,Matteo Provasi,2015-10-31,4.63,109
2009PROV01,Matteo Provasi,2015-10-31,4.18,110
2009PROV01,Matteo Provasi,2015-10-31,3.85,111
2009PROV01,Matteo Provasi,2015-11-21,4.01,112
2009PROV01,Matteo Provasi,2015-11-21,3.89,113
2009PROV01,Matteo Provasi,2015-12-05,4.04,114
2009PROV01,Matteo Provasi,2015-12-05,3.62,115
2009PROV01,Matteo Provasi,2015-12-05,3.82,116
2009PROV01,Matteo Provasi,2016-01-16,3.95,117
2009PROV01,Matteo Provasi,2016-01-16,4.14,118
2009PROV01,Matteo Provasi,2016-02-06,3.87,119
2009PROV01,Matteo Provasi,2016-02-06,3.8,120
2009PROV01,Matteo Provasi,2016-03-13,4.23,121
2009PROV01,Matteo Provasi,2016-03-13,4.19,122
2009PROV01,Matteo Provasi,2016-04-17,3.95,123
2009PROV01,Matteo Provasi,2016-04-17,3.63,124
2009PROV01,Matteo Provasi,2016-04-17,4.12,125
2009PROV01,Matteo Provasi,2016-05-21,3.8,126
2009PROV01,Matteo Provasi,2016-05-21,3.66,127
2009PROV01,Matteo Provasi,2016-05-29,3.81,128
2009PROV01,Matteo Provasi,2016-05-29,4.68,129
2009PROV01,Matteo Provasi,2016-05-29,4.29,130
2009PROV01,Matteo Provasi,2016-07-31,3.59,131
2009PROV01,Matteo Provasi,2016-07-31,4.05,132
2009PROV01,Matteo Provasi,2016-07-31,4.04,133
2009PROV01,Matteo Provasi,2016-08-27,3.62,134
2009PROV01,Matteo Provasi,2016-08-27,3.67,135
2009PROV01,Matteo Provasi,2016-08-27,3.72,136
2009PROV01,Matteo Provasi,2016-10-08,3.57,137
2009PROV01,Matteo Provasi,2016-10-08,4.11,138
2009PROV01,Matteo Provasi,2016-11-12,3.55,139
2009PROV01,Matteo Provasi,2016-11-12,3.76,140
2009PROV01,Matteo Provasi,2016-11-12,4.05,141
2009PROV01,Matteo Provasi,2016-12-03,4.21,142
2009PROV01,Matteo Provasi,2016-12-03,4.11,143
2009PROV01,Matteo Provasi,2016-12-03,4.45,144
2009PROV01,Matteo Provasi,2017-02-04,3.75,145
2009PROV01,Matteo Provasi,2017-03-05,4.21,146
2009PROV01,Matteo Provasi,2017-03-05,4.28,147
2009PROV01,Matteo Provasi,2017-03-05,4.1,148
2009PROV01,Matteo Provasi,2017-03-11,4.21,149
2009PROV01,Matteo Provasi,2017-03-19,4.07,150
2009PROV01,Matteo Provasi,2017-03-19,4.17,151
2009PROV01,Matteo Provasi,2017-04-02,3.92,152
2009PROV01,Matteo Provasi,2017-04-02,3.8,153
2009PROV01,Matteo Provasi,2017-05-13,3.95,154
2009PROV01,Matteo Provasi,2017-06-10,4.35,155
2009PROV01,Matteo Provasi,2017-06-10,4.18,156
2009PROV01,Matteo Provasi,2017-06-10,4.03,157
2009PROV01,Matteo Provasi,2017-07-08,5.34,158
2009PROV01,Matteo Provasi,2017-07-08,3.97,159
2009PROV01,Matteo Provasi,2017-07-08,4.15,160
2009PROV01,Matteo Provasi,2017-08-19,4.2,161
2009PROV01,Matteo Provasi,2017-08-19,3.63,162
2009PROV01,Matteo Provasi,2017-09-24,4.27,163
2009PROV01,Matteo Provasi,2017-09-24,4.32,164
2009PROV01,Matteo Provasi,2017-10-21,3.9,165
2009PROV01,Matteo Provasi,2017-10-21,3.76,166
2009PROV01,Matteo Provasi,2017-12-16,3.8,167
2009PROV01,Matteo Provasi,2017-12-16,4.3,168
2009PROV01,Matteo Provasi,2018-01-13,4.76,169
2009PROV01,Matteo Provasi,2018-01-13,3.83,170
2009PROV01,Matteo Provasi,2018-02-04,4.34,171
2009PROV01,Matteo Provasi,2018-02-17,4.17,172
2009PROV01,Matteo Provasi,2018-02-17,4.36,173
2009PROV01,Matteo Provasi,2018-02-17,3.71,174
2009PROV01,Matteo Provasi,2018-02-25,3.57,175
2009PROV01,Matteo Provasi,2018-02-25,3.81,176
2009PROV01,Matteo Provasi,2018-03-03,4.25,177
2009PROV01,Matteo Provasi,2018-03-03,3.68,178
2009PROV01,Matteo Provasi,2018-03-25,4.14,179
2009PROV01,Matteo Provasi,2018-03-25,3.52,180
2009PROV01,Matteo Provasi,2018-04-14,3.48,181
2009PROV01,Matteo Provasi,2018-04-14,3.97,182
2009PROV01,Matteo Provasi,2018-04-15,3.87,183
2009PROV01,Matteo Provasi,2018-04-15,4.0,184
2009PROV01,Matteo Provasi,2018-05-12,4.42,185
2009PROV01,Matteo Provasi,2018-05-12,3.53,186
2009PROV01,Matteo Provasi,2018-06-02,3.44,187
2009PROV01,Matteo Provasi,2018-06-02,4.22,188
2009PROV01,Matteo Provasi,2018-06-02,4.07,189
2009PROV01,Matteo Provasi,2018-06-23,3.74,190
2009PROV01,Matteo Provasi,2018-06-23,4.08,191
2009PROV01,Matteo Provasi,2018-07-01,4.45,192
2009PROV01,Matteo Provasi,2018-07-01,4.03,193
2009PROV01,Matteo Provasi,2018-07-07,4.46,194
2009PROV01,Matteo Provasi,2018-07-07,3.67,195
2009PROV01,Matteo Provasi,2018-09-08,4.61,196
2009PROV01,Matteo Provasi,2018-09-08,4.15,197
2009PROV01,Matteo Provasi,2018-09-21,3.82,198
2009PROV01,Matteo Provasi,2018-09-21,4.15,199
2009PROV01,Matteo Provasi,2018-11-02,4.21,200
2009PROV01,Matteo Provasi,2018-11-02,4.29,201
2009PROV01,Matteo Provasi,2018-11-02,3.79,202
2009PROV01,Matteo Provasi,2018-11-17,4.2,203
2009PROV01,Matteo Provasi,2018-11-17,3.9,204
2009PROV01,Matteo Provasi,2018-11-17,4.11,205
2009PROV01,Matteo Provasi,2018-12-08,3.73,206
2009PROV01,Matteo Provasi,2018-12-08,3.81,207
2009PROV01,Matteo Provasi,2018-12-08,3.97,208
2009PROV01,Matteo Provasi,2019-01-05,3.89,209
2009PROV01,Matteo Provasi,2019-01-05,4.0,210
2009PROV01,Matteo Provasi,2019-03-02,4.19,211
2009PROV01,Matteo Provasi,2019-04-06,4.29,212
2009PROV01,Matteo Provasi,2019-04-06,4.04,213
2009PROV01,Matteo Provasi,2019-06-08,4.41,214
2009PROV01,Matteo Provasi,2019-06-08,3.74,215
2009PROV01,Matteo Provasi,2019-06-08,4.47,216
2009PROV01,Matteo Provasi,2019-09-21,4.25,217
2009PROV01,Matteo Provasi,2019-09-21,3.18,218
2009PROV01,Matteo Provasi,2019-09-21,2.91,219
2009PROV01,Matteo Provasi,2019-10-19,4.29,220
2009PROV01,Matteo Provasi,2019-10-19,3.38,221
2009PROV01,Matteo Provasi,2019-10-19,3.9,222
2009PROV01,Matteo Provasi,2019-11-01,4.52,223
2009PROV01,Matteo Provasi,2019-11-01,3.81,224
2009PROV01,Matteo Provasi,2021-07-31,4.04,225
2009PROV01,Matteo Provasi,2021-07-31,3.81,226
2009PROV01,Matteo Provasi,2021-07-31,4.2,227
2009PROV01,Matteo Provasi,2021-10-30,3.94,228
2009PROV01,Matteo Provasi,2021-10-30,3.79,229
2009PROV01,Matteo Provasi,2021-10-30,4.57,230
2009PROV01,Matteo Provasi,2021-11-06,4.52,231
2009PROV01,Matteo Provasi,2021-11-06,3.93,232
2009PROV01,Matteo Provasi,2022-01-22,3.77,233
2009PROV01,Matteo Provasi,2022-01-22,4.07,234
2009PROV01,Matteo Provasi,2022-01-22,3.87,235
2009PROV01,Matteo Provasi,2022-02-26,4.34,236
2009PROV01,Matteo Provasi,2022-02-26,3.63,237
2009PROV01,Matteo Provasi,2022-03-19,4.02,238
2009PROV01,Matteo Provasi,2022-04-09,4.26,239
2009PROV01,Matteo Provasi,2022-04-09,3.32,240
2009PROV01,Matteo Provasi,2022-04-09,4.17,241
2009PROV01,Matteo Provasi,2022-04-23,3.91,242
2009PROV01,Matteo Provasi,2022-04-23,4.01,243
2009PROV01,Matteo Provasi,2022-05-21,3.67,244
2009PROV01,Matteo Provasi,2022-05-21,3.49,245
2009PROV01,Matteo Provasi,2022-06-18,4.26,246
2009PROV01,Matteo Provasi,2022-06-18,4.34,247
2009PROV01,Matteo Provasi,2022-07-02,4.34,248
2009PROV01,Matteo Provasi,2022-07-14,4.44,249
2009PROV01,Matteo Provasi,2022-07-30,3.81,250
2009PROV01,Matteo Provasi,2022-07-30,4.44,251
2009PROV01,Matteo Provasi,2022-08-20,3.96,252
2009PROV01,Matteo Provasi,2022-08-27,3.74,253
2009PROV01,Matteo Provasi,2022-08-27,3.78,254
2009PROV01,Matteo Provasi,2022-08-27,4.02,255
2009PROV01,Matteo Provasi,2022-09-09,3.56,256
2009PROV01,Matteo Provasi,2022-09-09,3.84,257
2009PROV01,Matteo Provasi,2022-10-15,4.77,258
2009PROV01,Matteo Provasi,2022-10-15,3.57,259
2009PROV01,Matteo Provasi,2022-10-29,3.69,260
2009PROV01,Matteo Provasi,2022-10-29,4.17,261
2009PROV01,Matteo Provasi,2022-11-05,3.57,262
2009PROV01,Matteo Provasi,2022-11-05,4.34,263
2009PROV01,Matteo Provasi,2022-12-03,4.07,264
2009PROV01,Matteo Provasi,2022-12-09,4.46,265
2009PROV01,Matteo Provasi,2022-12-09,3.29,266
2009PROV01,Matteo Provasi,2022-12-09,4.21,267
2009PROV01,Matteo Provasi,2022-12-31,3.95,268
2009PROV01,Matteo Provasi,2022-12-31,4.01,269
2009PROV01,Matteo Provasi,2023-01-14,4.2,270
2009PROV01,Matteo Provasi,2023-02-04,4.49,271
2009PROV01,Matteo Provasi,2023-03-11,3.49,272
2009PROV01,Matteo Provasi,2023-03-11,3.91,273
2009PROV01,Matteo Provasi,2023-03-11,4.57,274
2009PROV01,Matteo Provasi,2023-04-01,4.9,275
2009PROV01,Matteo Provasi,2023-04-01,4.42,276
2009PROV01,Matteo Provasi,2023-04-08,4.28,277
2009PROV01,Matteo Provasi,2023-04-08,3.58,278
2009PROV01,Matteo Provasi,2023-04-15,3.97,279
2009PROV01,Matteo Provasi,2023-04-15,4.11,280
2009PROV01,Matteo Provasi,2023-04-15,3.67,281
2009PROV01,Matteo Provasi,2023-04-22,4.03,282
2009PROV01,Matteo Provasi,2023-04-22,4.0,283
2009PROV01,Matteo Provasi,2023-04-29,4.67,284
2009PROV01,Matteo Provasi,2023-04-29,3.26,285
2009PROV01,Matteo Provasi,2023-04-29,3.46,286
2009PROV01,Matteo Provasi,2023-05-06,4.56,287
2009PROV01,Matteo Provasi,2023-05-06,4.16,288
2009PROV01,Matteo Provasi,2023-05-13,4.08,289
2009PROV01,Matteo Provasi,2023-05-20,3.48,290
2009PROV01,Matteo Provasi,2023-05-20,3.88,291
2009PROV01,Matteo Provasi,2023-05-20,4.22,292
2009PROV01,Matteo Provasi,2023-05-27,3.78,293
2009PROV01,Matteo Provasi,2023-05-27,3.74,294
2009PROV01,Matteo Provasi,2023-05-27,2.68,295
2009PROV01,Matteo Provasi,2023-06-17,3.91,296
2009PROV01,Matteo Provasi,2023-06-17,4.07,297
2009PROV01,Matteo Provasi,2023-06-17,3.56,298
2009PROV01,Matteo Provasi,2023-06-24,3.9,299
2009PROV01,Matteo Provasi,2023-06-24,3.33,300
2009PROV01,Matteo Provasi,2023-06-24,4.03,301
2009PROV01,Matteo Provasi,2023-06-24,3.26,302
2009PROV01,Matteo Provasi,2023-06-30,4.18,303
2009PROV01,Matteo Provasi,2023-06-30,4.09,304
2009PROV01,Matteo Provasi,2023-06-30,3.96,305
2009PROV01,Matteo Provasi,2023-07-15,4.31,306
2009PROV01,Matteo Provasi,2023-07-15,4.39,307
2009PROV01,Matteo Provasi,2023-07-15,3.39,308
2009PROV01,Matteo Provasi,2023-08-12,3.72,309
2009PROV01,Matteo Provasi,2023-08-26,3.71,310
2009PROV01,Matteo Provasi,2023-08-26,3.81,311
2009PROV01,Matteo Provasi,2023-09-02,4.32,312
2009PROV01,Matteo Provasi,2023-09-02,3.73,313
2009PROV01,Matteo Provasi,2023-09-09,4.04,314
2009PROV01,Matteo Provasi,2023-09-09,3.18,315
2009PROV01,Matteo Provasi,2023-09-09,3.86,316
2009PROV01,Matteo Provasi,2023-09-16,3.52,317
2009PROV01,Matteo Provasi,2023-09-16,4.13,318
2009PROV01,Matteo Provasi,2023-09-16,3.51,319
2009PROV01,Matteo Provasi,2023-09-30,3.79,320
2009PROV01,Matteo Provasi,2023-09-30,3.86,321
2009PROV01,Matteo Provasi,2023-09-30,4.09,322
2009PROV01,Matteo Provasi,2023-10-07,3.79,323
2009PROV01,Matteo Provasi,2023-10-07,3.73,324
2009PROV01,Matteo Provasi,2023-10-07,3.89,325
2009PROV01,Matteo Provasi,2023-10-28,4.69,326
2009PROV01,Matteo Provasi,2023-10-28,3.52,327
2009PROV01,Matteo Provasi,2023-10-28,3.79,328
2009PROV01,Matteo Provasi,2023-11-18,4.21,329
2009PROV01,Matteo Provasi,2023-11-18,4.13,330
2009PROV01,Matteo Provasi,2023-11-18,4.11,331
2009PROV01,Matteo Provasi,2023-12-08,3.57,332
2009PROV01,Matteo Provasi,2023-12-08,4.81,333
2009PROV01,Matteo Provasi,2023-12-16,4.71,334
2009PROV01,Matteo Provasi,2023-12-16,4.27,335
2009PROV01,Matteo Provasi,2024-01-13,3.72,336
2009PROV01,Matteo Provasi,2024-01-13,3.5,337
2009PROV01,Matteo Provasi,2024-02-10,4.16,338
2009PROV01,Matteo Provasi,2024-02-10,3.5,339
2009PROV01,Matteo Provasi,2024-02-10,3.5,340
2009PROV01,Matteo Provasi,2024-02-18,3.38,341
2009PROV01,Matteo Provasi,2024-02-18,3.27,342
2009PROV01,Matteo Provasi,2024-02-18,3.06,343
2009PROV01,Matteo Provasi,2024-02-24,4.68,344
2009PROV01,Matteo Provasi,2024-03-02,3.64,345
2009PROV01,Matteo Provasi,2024-03-02,4.17,346
2009PROV01,Matteo Provasi,2024-03-02,3.83,347
2009PROV01,Matteo Provasi,2024-03-17,3.16,348
2009PROV01,Matteo Provasi,2024-03-17,4.67,349
2009PROV01,Matteo Provasi,2024-03-23,3.52,350
2009PROV01,Matteo Provasi,2024-03-23,3.63,351
2009PROV01,Matteo Provasi,2024-03-23,4.16,352
2009PROV01,Matteo Provasi,2024-03-30,3.65,353
2009PROV01,Matteo Provasi,2024-03-30,3.6,354
2009PROV01,Matteo Provasi,2024-04-06,3.67,355
2009PROV01,Matteo Provasi,2024-04-06,3.9,356
2009PROV01,Matteo Provasi,2024-04-06,3.23,357
2009PROV01,Matteo Provasi,2024-04-13,3.16,358
2009PROV01,Matteo Provasi,2024-04-13,2.79,359
2009PROV01,Matteo Provasi,2024-04-13,3.44,360
2009PROV01,Matteo Provasi,2024-04-20,3.73,361
2009PROV01,Matteo Provasi,2024-04-20,3.55,362
2009PROV01,Matteo Provasi,2024-04-20,3.55,363
2009PROV01,Matteo Provasi,2024-05-04,4.07,364
2009PROV01,Matteo Provasi,2024-05-04,4.28,365
2009PROV01,Matteo Provasi,2024-05-04,3.52,366
2009PROV01,Matteo Provasi,2024-05-11,3.96,367
2009PROV01,Matteo Provasi,2024-05-11,4.25,368
2009PROV01,Matteo Provasi,2024-05-11,3.28,369
2009PROV01,Matteo Provasi,2024-05-18,4.16,370
2009PROV01,Matteo Provasi,2024-05-18,3.92,371
2009PROV01,Matteo Provasi,2024-05-18,3.6,372
2009PROV01,Matteo Provasi,2024-05-18,3.66,373
2009PROV01,Matteo Provasi,2024-05-18,4.96,374
2009PROV01,Matteo Provasi,2024-06-08,3.51,375
2009PROV01,Matteo Provasi,2024-06-08,3.43,376
2009PROV01,Matteo Provasi,2024-06-15,3.69,377
2009PROV01,Matteo Provasi,2024-06-15,3.41,378
2009PROV01,Matteo Provasi,2024-06-15,3.44,379
2009PROV01,Matteo Provasi,2024-06-22,3.48,380
2009PROV01,Matteo Provasi,2024-06-22,3.57,381
2009PROV01,Matteo Provasi,2024-06-29,3.61,382
2009PROV01,Matteo Provasi,2024-06-29,4.08,383
2009PROV01,Matteo Provasi,2024-06-29,3.8,384
2009PROV01,Matteo Provasi,2024-07-06,3.62,385
2009PROV01,Matteo Provasi,2024-07-06,3.32,386
2009PROV01,Matteo Provasi,2024-07-06,3.72,387
2009PROV01,Matteo Provasi,2024-07-13,3.75,388
2009PROV01,Matteo Provasi,2024-07-13,4.25,389
2009PROV01,Matteo Provasi,2024-07-19,4.15,390
2009PROV01,Matteo Provasi,2024-07-19,4.25,391
2009PROV01,Matteo Provasi,2024-07-25,4.19,392
2009PROV01,Matteo Provasi,2024-08-02,4.23,393
2009PROV01,Matteo Provasi,2024-08-02,3.85,394
2009PROV01,Matteo Provasi,2024-08-02,2.65,395
2009PROV01,Matteo Provasi,2024-08-11,4.34,396
2009PROV01,Matteo Provasi,2024-08-11,3.82,397
2009PROV01,Matteo Provasi,2024-08-11,3.7,398
2009PROV01,Matteo Provasi,2024-08-17,2.66,399
2009PROV01,Matteo Provasi,2024-08-17,3.26,400
2009PROV01,Matteo Provasi,2024-08-17,3.42,401
2009PROV01,Matteo Provasi,2024-08-17,4.14,402
2009PROV01,Matteo Provasi,2024-08-17,3.77,403
2009PROV01,Matteo Provasi,2024-08-24,4.12,404
2009PROV01,Matteo Provasi,2024-08-24,3.59,405
2009PROV01,Matteo Provasi,2024-08-24,3.88,406
2009PROV01,Matteo Provasi,2024-09-01,3.46,407
2009PROV01,Matteo Provasi,2024-09-07,3.52,408
2009PROV01,Matteo Provasi,2024-09-07,3.32,409
2009PROV01,Matteo Provasi,2024-09-07,3.57,410
2009PROV01,Matteo Provasi,2024-09-14,3.89,411
2009PROV01,Matteo Provasi,2024-09-14,3.24,412
2009PROV01,Matteo Provasi,2024-09-21,3.97,413
2009PROV01,Matteo Provasi,2024-09-21,4.92,414
2009PROV01,Matteo Provasi,2024-09-21,3.71,415
2009PROV01,Matteo Provasi,2024-09-21,3.73,416
2009PROV01,Matteo Provasi,2024-09-21,3.13,417
2009PROV01,Matteo Provasi,2024-09-28,3.09,418
2009PROV01,Matteo Provasi,2024-10-05,4.39,419
2009PROV01,Matteo Provasi,2024-10-05,3.37,420
2009PROV01,Matteo Provasi,2024-10-26,3.66,421
2009PROV01,Matteo Provasi,2024-10-26,3.93,422
2009PROV01,Matteo Provasi,2024-10-26,3.73,423
2009PROV01,Matteo Provasi,2024-11-01,4.04,424
2009PROV01,Matteo Provasi,2024-11-01,3.66,425
2009PROV01,Matteo Provasi,2024-11-09,3.33,426
2009PROV01,Matteo Provasi,2024-11-09,3.77,427
2009PROV01,Matteo Provasi,2024-11-16,3.33,428
2009PROV01,Matteo Provasi,2024-11-16,3.62,429
2009PROV01,Matteo Provasi,2024-11-16,3.95,430
2009PROV01,Matteo Provasi,2024-11-24,3.7,431
2009PROV01,Matteo Provasi,2024-11-26,3.35,432
2009PROV01,Matteo Provasi,2024-11-30,3.46,433
2009PROV01,Matteo Provasi,2024-11-30,3.6,434
2009PROV01,Matteo Provasi,2024-12-07,3.64,435
2009PROV01,Matteo Provasi,2024-12-07,3.88,436
2009PROV01,Matteo Provasi,2024-12-14,3.25,437
2009PROV01,Matteo Provasi,2024-12-14,4.39,438
2009PROV01,Matteo Provasi,2024-12-15,4.0,439
2009PROV01,Matteo Provasi,2024-12-15,3.79,440
2009PROV01,Matteo Provasi,2024-12-21,3.83,441
2009PROV01,Matteo Provasi,2024-12-21,3.98,442
2009PROV01,Matteo Provasi,2024-12-21,4.0,443
2009PROV01,Matteo Provasi,2024-12-28,3.79,444
2009PROV01,Matteo Provasi,2024-12-28,3.23,445
2009PROV01,Matteo Provasi,2024-12-28,4.44,446
2009PROV01,Matteo Provasi,2024-12-31,4.05,447
2009PROV01,Matteo Provasi,2025-01-11,2.54,448
2009PROV01,Matteo Provasi,2025-01-11,3.58,449
2009PROV01,Matteo Provasi,2025-01-11,3.54,450
2009PROV01,Matteo Provasi,2025-01-25,4.31,451
2009PROV01,Matteo Provasi,2025-01-25,3.83,452
2009PROV01,Matteo Provasi,2025-02-01,3.64,453
2009PROV01,Matteo Provasi,2025-02-01,3.41,454
2009PROV01,Matteo Provasi,2025-02-01,5.23,455
2009PROV01,Matteo Provasi,2025-02-08,2.49,456
2009PROV01,Matteo Provasi,2025-02-08,4.38,457
2009PROV01,Matteo Provasi,2025-02-15,3.45,458
2009PROV01,Matteo Provasi,2025-02-15,3.83,459
2009PROV01,Matteo Provasi,2025-02-22,3.38,460
2009PROV01,Matteo Provasi,2025-02-22,3.4,461
2009PROV01,Matteo Provasi,2025-02-22,4.32,462
2009PROV01,Matteo Provasi,2025-03-01,3.24,463
2009PROV01,Matteo Provasi,2025-03-01,3.58,464
2009PROV01,Matteo Provasi,2025-03-08,3.83,465
2009PROV01,Matteo Provasi,2025-03-08,4.57,466
2009PROV01,Matteo Provasi,2025-03-15,3.62,467
2009PROV01,Matteo Provasi,2025-03-15,3.88,468
2009PROV01,Matteo Provasi,2025-03-22,3.77,469
2009PROV01,Matteo Provasi,2025-03-22,3.83,470
2009PROV01,Matteo Provasi,2025-03-29,3.68,471
2009PROV01,Matteo Provasi,2025-03-29,3.3,472
2009PROV01,Matteo Provasi,2025-04-03,3.44,473
2009PROV01,Matteo Provasi,2025-04-12,3.61,474
2009PROV01,Matteo Provasi,2025-04-12,3.99,475
2009PROV01,Matteo Provasi,2025-04-25,3.32,476
2009PROV01,Matteo Provasi,2025-04-25,3.44,477
2009PROV01,Matteo Provasi,2025-05-03,3.88,478
2009PROV01,Matteo Provasi,2025-05-03,3.64,479
2009PROV01,Matteo Provasi,2025-05-03,3.37,480
2009PROV01,Matteo Provasi,2025-05-17,3.86,481
2009PROV01,Matteo Provasi,2025-05-17,3.48,482
2009PROV01,Matteo Provasi,2025-05-23,3.95,483
2009PROV01,Matteo Provasi,2025-05-23,3.43,484
2009PROV01,Matteo Provasi,2025-05-23,3.86,485
2009PROV01,Matteo Provasi,2025-05-31,2.85,486
2009PROV01,Matteo Provasi,2025-05-31,3.68,487
2009PROV01,Matteo Provasi,2025-06-07,3.52,488
2009PROV01,Matteo Provasi,2025-06-07,4.22,489
2009PROV01,Matteo Provasi,2025-06-14,3.54,490
2009PROV01,Matteo Provasi,2025-06-14,3.76,491
2009PROV01,Matteo Provasi,2025-06-14,3.8,492
2009PROV01,Matteo Provasi,2025-06-21,2.95,493
2009PROV01,Matteo Provasi,2025-06-21,3.36,494
2009PROV01,Matteo Provasi,2025-06-21,3.69,495
2009PROV01,Matteo Provasi,2025-06-21,3.5,496
2009PROV01,Matteo Provasi,2025-06-28,3.34,497
2009PROV01,Matteo Provasi,2025-06-28,3.58,498
2009PROV01,Matteo Provasi,2025-07-03,3.32,499
2009PROV01,Matteo Provasi,2025-07-12,3.99,500
2009PROV01,Matteo Provasi,2025-07-12,3.28,501
2009PROV01,Matteo Provasi,2025-07-12,3.68,502
2009PROV01,Matteo Provasi,2025-07-19,3.43,503
2009PROV01,Matteo Provasi,2025-07-19,3.41,504
2009PROV01,Matteo Provasi,2025-07-19,3.3,505
2009PROV01,Matteo Provasi,2025-07-26,3.54,506
2009PROV01,Matteo Provasi,2025-07-26,3.55,507
2009PROV01,Matteo Provasi,2025-07-26,3.62,508
2009PROV01,Matteo Provasi,2025-08-09,3.37,509
2009PROV01,Matteo Provasi,2025-08-09,3.8,510
2009PROV01,Matteo Provasi,2025-08-09,4.11,511
2009PROV01,Matteo Provasi,2025-08-10,3.57,512
2009PROV01,Matteo Provasi,2025-08-23,3.6,513
2009PROV01,Matteo Provasi,2025-08-23,3.98,514
2009PROV01,Matteo Provasi,2025-08-30,3.58,515
2009PROV01,Matteo Provasi,2025-08-30,3.37,516
2009PROV01,Matteo Provasi,2025-09-13,3.67,517
2009PROV01,Matteo Provasi,2025-09-13,3.78,518
2009PROV01,Matteo Provasi,2025-09-13,3.69,519
2009PROV01,Matteo Provasi,2025-09-20,3.81,520
2009PROV01,Matteo Provasi,2025-09-26,3.35,521
2009PROV01,Matteo Provasi,2025-09-27,3.01,522
2009PROV01,Matteo Provasi,2025-09-27,3.86,523
2009PROV01,Matteo Provasi,2025-10-04,3.44,524
2009PROV01,Matteo Provasi,2025-10-04,3.62,525
2009PROV01,Matteo Provasi,2025-10-11,3.73,526
2009PROV01,Matteo Provasi,2025-10-11,3.96,527
2009PROV01,Matteo Provasi,2025-10-11,3.39,528
2009PROV01,Matteo Provasi,2025-10-18,3.75,529
2009PROV01,Matteo Provasi,2025-10-18,3.04,530
2009PROV01,Matteo Provasi,2025-10-18,3.52,531
2009PROV01,Matteo Provasi,2025-10-18,3.6,532
2009PROV01,Matteo Provasi,2025-10-18,4.5,533
2009PROV01,Matteo Provasi,2025-11-01,3.46,534
2009PROV01,Matteo Provasi,2025-11-01,4.02,535
2009PROV01,Matteo Provasi,2025-11-01,3.91,536
2009PROV01,Matteo Provasi,2025-11-15,2.83,537
2009PROV01,Matteo Provasi,2025-11-15,4.0,538
2009PROV01,Matteo Provasi,2025-11-15,3.26,539
2009PROV01,Matteo Provasi,2025-11-22,3.55,540
2009PROV01,Matteo Provasi,2025-11-22,3.52,541
2009PROV01,Matteo Provasi,2025-11-22,3.17,542
2009PROV01,Matteo Provasi,2025-11-29,3.82,543
2009PROV01,Matteo Provasi,2025-11-29,3.72,544
2009PROV01,Matteo Provasi,2025-11-29,3.76,545
2009PROV01,Matteo Provasi,2025-12-06,3.91,546
2009PROV01,Matteo Provasi,2025-12-06,3.42,547
2009PROV01,Matteo Provasi,2025-12-13,3.53,548
2009PROV01,Matteo Provasi,2025-12-13,3.41,549
2009PROV01,Matteo Provasi,2025-12-18,3.45,550
2009PROV01,Matteo Provasi,2025-12-31,3.65,551
2009PROV01,Matteo Provasi,2025-12-31,3.36,552
2009PROV01,Matteo Provasi,2026-01-02,3.48,553
2009PROV01,Matteo Provasi,2026-01-17,4.83,554
2009PROV01,Matteo Provasi,2026-01-17,3.78,555
2009PROV01,Matteo Provasi,2026-01-17,4.19,556
2009PROV01,Matteo Provasi,2026-01-24,4.37,557
2009PROV01,Matteo Provasi,2026-01-24,3.86,558
2009PROV01,Matteo Provasi,2026-01-24,4.09,559
2009PROV01,Matteo Provasi,2026-01-31,3.83,560
2009PROV01,Matteo Provasi,2026-01-31,4.66,561
2009PROV01,Matteo Provasi,2026-02-07,3.83,562
2009PROV01,Matteo Provasi,2026-02-07,3.91,563
2009PROV01,Matteo Provasi,2026-02-14,3.8,564
2009PROV01,Matteo Provasi,2026-02-14,3.48,565
2009PROV01,Matteo Provasi,2026-02-15,3.25,566
2009PROV01,Matteo Provasi,2026-02-15,3.5,567
2009PROV01,Matteo Provasi,2026-02-21,3.31,568
2009PROV01,Matteo Provasi,2026-02-21,3.43,569
2009PROV01,Matteo Provasi,2026-03-08,3.12,570
2009PROV01,Matteo Provasi,2026-03-14,3.56,571
2009PROV01,Matteo Provasi,2026-03-14,3.75,572
2009PROV01,Matteo Provasi,2026-03-14,3.57,573
2009PROV01,Matteo Provasi,2026-03-21,2.86,574
2009PROV01,Matteo Provasi,2026-03-21,3.66,575
2009PROV01,Matteo Provasi,2026-03-28,3.66,576
2009PROV01,Matteo Provasi,2026-03-28,3.39,577
2009PROV01,Matteo Provasi,2026-03-28,4.01,578
2009PROV01,Matteo Provasi,2026-03-28,3.95,579
2009PROV01,Matteo Provasi,2026-03-28,3.33,580
2009PROV01,Matteo Provasi,2026-04-04,3.55,581
2009PROV01,Matteo Provasi,2026-04-04,3.65,582
2009PROV01,Matteo Provasi,2026-04-11,3.72,583
2009PROV01,Matteo Provasi,2026-04-11,4.04,584
2009PROV01,Matteo Provasi,2026-04-11,3.99,585
2009PROV01,Matteo Provasi,2026-04-11,2.98,586
2009PROV01,Matteo Provasi,2026-04-11,3.22,587
2009PROV01,Matteo Provasi,2026-04-18,3.55,588
2009PROV01,Matteo Provasi,2026-04-18,3.41,589
2009PROV01,Matteo Provasi,2026-04-18,3.31,590
2009PROV01,Matteo Provasi,2026-04-25,3.48,591
2009PROV01,Matteo Provasi,2026-04-25,3.91,592
2009PROV01,Matteo Provasi,2026-04-25,3.06,593
2009PROV01,Matteo Provasi,2026-04-25,4.19,594
2009PROV01,Matteo Provasi,2026-05-01,3.52,595
2009PROV01,Matteo Provasi,2026-05-01,3.53,596
2009PROV01,Matteo Provasi,2026-05-01,4.43,597
2009PROV01,Matteo Provasi,2026-05-09,4.49,598
2009PROV01,Matteo Provasi,2026-05-09,3.64,599
2009PROV01,Matteo Provasi,2026-05-23,3.95,600
2009PROV01,Matteo Provasi,2026-05-23,3.98,601
2010BENT01,Jan Bentlage,2010-01-16,12.56,1
2010BENT01,Jan Bentlage,2010-05-22,10.56,2
2010BENT01,Jan Bentlage,2010-06-12,7.48,3
2010BENT01,Jan Bentlage,2010-06-26,8.61,4
2010BENT01,Jan Bentlage,2010-07-24,8.52,5
2010BENT01,Jan Bentlage,2010-09-04,6.96,6
2010BENT01,Jan Bentlage,2010-09-04,7.32,7
2010BENT01,Jan Bentlage,2010-09-11,5.63,8
2010BENT01,Jan Bentlage,2010-11-13,6.73,9
2010BENT01,Jan Bentlage,2011-01-14,7.88,10
2010BENT01,Jan Bentlage,2011-03-05,6.84,11
2010BENT01,Jan Bentlage,2011-03-05,5.57,12
2010BENT01,Jan Bentlage,2011-04-09,7.47,13
2010BENT01,Jan Bentlage,2011-05-07,5.83,14
2010BENT01,Jan Bentlage,2011-05-07,5.92,15
2010BENT01,Jan Bentlage,2011-06-10,5.81,16
2010BENT01,Jan Bentlage,2011-06-10,4.7,17
2010BENT01,Jan Bentlage,2011-08-13,5.27,18
2010BENT01,Jan Bentlage,2011-08-13,5.59,19
2010BENT01,Jan Bentlage,2011-08-13,12.38,20
2010BENT01,Jan Bentlage,2011-10-22,6.08,21
2010BENT01,Jan Bentlage,2011-10-22,6.19,22
2010BENT01,Jan Bentlage,2011-10-29,4.58,23
2010BENT01,Jan Bentlage,2011-11-19,4.79,24
2010BENT01,Jan Bentlage,2011-11-19,5.58,25
2010BENT01,Jan Bentlage,2011-11-26,5.3,26
2010BENT01,Jan Bentlage,2011-11-26,5.6,27
2010BENT01,Jan Bentlage,2011-12-10,5.3,28
2010BENT01,Jan Bentlage,2011-12-10,5.03,29
2010BENT01,Jan Bentlage,2011-12-17,5.12,30
2010BENT01,Jan Bentlage,2011-12-17,5.43,31
2010BENT01,Jan Bentlage,2012-02-04,4.78,32
2010BENT01,Jan Bentlage,2012-02-04,5.48,33
2010BENT01,Jan Bentlage,2012-02-04,10.64,34
2010BENT01,Jan Bentlage,2012-02-25,5.04,35
2010BENT01,Jan Bentlage,2012-02-25,4.81,36
2010BENT01,Jan Bentlage,2012-02-25,5.27,37
2010BENT01,Jan Bentlage,2012-04-06,4.8,38
2010BENT01,Jan Bentlage,2012-04-06,5.55,39
2010BENT01,Jan Bentlage,2012-04-06,4.32,40
2010BENT01,Jan Bentlage,2012-04-28,5.3,41
2010BENT01,Jan Bentlage,2012-04-28,4.16,42
2010BENT01,Jan Bentlage,2012-04-28,5.64,43
2010BENT01,Jan Bentlage,2012-05-19,4.93,44
2010BENT01,Jan Bentlage,2012-06-23,4.8,45
2010BENT01,Jan Bentlage,2012-06-23,7.83,46
2010BENT01,Jan Bentlage,2012-07-07,4.72,47
2010BENT01,Jan Bentlage,2012-07-07,6.15,48
2010BENT01,Jan Bentlage,2012-07-13,3.62,49
2010BENT01,Jan Bentlage,2012-07-13,7.84,50
2010BENT01,Jan Bentlage,2012-08-25,4.44,51
2010BENT01,Jan Bentlage,2012-08-25,5.86,52
2010BENT01,Jan Bentlage,2012-09-15,5.36,53
2010BENT01,Jan Bentlage,2012-09-15,4.49,54
2010BENT01,Jan Bentlage,2012-09-22,5.49,55
2010BENT01,Jan Bentlage,2012-09-22,4.71,56
2010BENT01,Jan Bentlage,2012-09-22,4.67,57
2010BENT01,Jan Bentlage,2012-10-20,4.03,58
2010BENT01,Jan Bentlage,2012-10-20,3.89,59
2010BENT01,Jan Bentlage,2012-10-20,4.11,60
2010BENT01,Jan Bentlage,2012-11-03,3.93,61
2010BENT01,Jan Bentlage,2012-11-03,4.17,62
2010BENT01,Jan Bentlage,2012-11-17,4.85,63
2010BENT01,Jan Bentlage,2012-11-17,5.29,64
2010BENT01,Jan Bentlage,2012-12-08,4.09,65
2010BENT01,Jan Bentlage,2012-12-08,3.59,66
2010BENT01,Jan Bentlage,2012-12-22,4.04,67
2010BENT01,Jan Bentlage,2012-12-22,3.48,68
2010BENT01,Jan Bentlage,2012-12-22,4.18,69
2010BENT01,Jan Bentlage,2013-02-02,4.55,70
2010BENT01,Jan Bentlage,2013-02-02,4.59,71
2010BENT01,Jan Bentlage,2013-02-02,4.6,72
2010BENT01,Jan Bentlage,2013-03-02,4.52,73
2010BENT01,Jan Bentlage,2013-03-02,5.87,74
2010BENT01,Jan Bentlage,2013-03-02,4.74,75
2010BENT01,Jan Bentlage,2013-04-01,4.05,76
2010BENT01,Jan Bentlage,2013-04-01,4.72,77
2010BENT01,Jan Bentlage,2013-04-06,3.69,78
2010BENT01,Jan Bentlage,2013-04-06,3.78,79
2010BENT01,Jan Bentlage,2013-04-06,4.42,80
2010BENT01,Jan Bentlage,2013-04-20,4.55,81
2010BENT01,Jan Bentlage,2013-04-20,4.34,82
2010BENT01,Jan Bentlage,2013-04-20,4.13,83
2010BENT01,Jan Bentlage,2013-05-17,3.3,84
2010BENT01,Jan Bentlage,2013-05-17,4.05,85
2010BENT01,Jan Bentlage,2013-05-17,5.9,86
2010BENT01,Jan Bentlage,2013-06-01,4.34,87
2010BENT01,Jan Bentlage,2013-06-01,4.83,88
2010BENT01,Jan Bentlage,2013-06-22,4.76,89
2010BENT01,Jan Bentlage,2013-06-22,4.48,90
2010BENT01,Jan Bentlage,2013-06-22,4.57,91
2010BENT01,Jan Bentlage,2013-07-26,4.4,92
2010BENT01,Jan Bentlage,2013-07-26,3.92,93
2010BENT01,Jan Bentlage,2013-07-26,5.12,94
2010BENT01,Jan Bentlage,2013-08-03,4.09,95
2010BENT01,Jan Bentlage,2013-09-14,4.72,96
2010BENT01,Jan Bentlage,2013-09-14,3.89,97
2010BENT01,Jan Bentlage,2013-09-14,3.73,98
2010BENT01,Jan Bentlage,2013-10-13,3.56,99
2010BENT01,Jan Bentlage,2013-10-13,4.65,100
2010BENT01,Jan Bentlage,2013-10-26,4.36,101
2010BENT01,Jan Bentlage,2013-10-26,4.08,102
2010BENT01,Jan Bentlage,2013-10-26,4.74,103
2010BENT01,Jan Bentlage,2013-11-02,3.6,104
2010BENT01,Jan Bentlage,2013-11-02,4.1,105
2010BENT01,Jan Bentlage,2013-11-02,4.73,106
2010BENT01,Jan Bentlage,2013-11-09,4.52,107
2010BENT01,Jan Bentlage,2013-11-09,2.98,108
2010BENT01,Jan Bentlage,2013-11-23,5.05,109
2010BENT01,Jan Bentlage,2014-01-18,4.1,110
2010BENT01,Jan Bentlage,2014-01-18,3.67,111
2010BENT01,Jan Bentlage,2014-01-18,4.33,112
2010BENT01,Jan Bentlage,2014-02-15,3.97,113
2010BENT01,Jan Bentlage,2014-02-15,3.78,114
2010BENT01,Jan Bentlage,2014-03-15,3.1,115
2010BENT01,Jan Bentlage,2014-03-15,3.8,116
2010BENT01,Jan Bentlage,2014-03-15,3.57,117
2010BENT01,Jan Bentlage,2014-03-22,5.25,118
2010BENT01,Jan Bentlage,2014-03-22,4.04,119
2010BENT01,Jan Bentlage,2014-03-22,3.46,120
2010BENT01,Jan Bentlage,2014-04-05,3.95,121
2010BENT01,Jan Bentlage,2014-04-05,5.04,122
2010BENT01,Jan Bentlage,2014-04-05,3.49,123
2010BENT01,Jan Bentlage,2014-04-18,3.84,124
2010BENT01,Jan Bentlage,2014-04-18,2.85,125
2010BENT01,Jan Bentlage,2014-04-18,3.79,126
2010BENT01,Jan Bentlage,2014-06-07,2.68,127
2010BENT01,Jan Bentlage,2014-06-07,3.55,128
2010BENT01,Jan Bentlage,2014-08-02,3.02,129
2010BENT01,Jan Bentlage,2014-08-02,4.85,130
2010BENT01,Jan Bentlage,2014-08-02,4.0,131
2010BENT01,Jan Bentlage,2014-08-08,4.17,132
2010BENT01,Jan Bentlage,2014-08-08,2.87,133
2010BENT01,Jan Bentlage,2014-08-08,4.34,134
2010BENT01,Jan Bentlage,2014-09-28,5.29,135
2010BENT01,Jan Bentlage,2014-09-28,3.39,136
2010BENT01,Jan Bentlage,2014-10-04,3.4,137
2010BENT01,Jan Bentlage,2014-10-04,3.66,138
2010BENT01,Jan Bentlage,2014-10-04,3.34,139
2010BENT01,Jan Bentlage,2014-11-01,3.61,140
2010BENT01,Jan Bentlage,2014-11-01,3.85,141
2010BENT01,Jan Bentlage,2014-11-01,6.18,142
2010BENT01,Jan Bentlage,2014-11-08,3.79,143
2010BENT01,Jan Bentlage,2014-11-08,3.72,144
2010BENT01,Jan Bentlage,2014-11-21,3.04,145
2010BENT01,Jan Bentlage,2014-11-21,4.5,146
2010BENT01,Jan Bentlage,2014-12-27,3.72,147
2010BENT01,Jan Bentlage,2014-12-27,4.81,148
2010BENT01,Jan Bentlage,2014-12-27,3.13,149
2010BENT01,Jan Bentlage,2015-01-17,3.7,150
2010BENT01,Jan Bentlage,2015-01-17,4.83,151
2010BENT01,Jan Bentlage,2015-01-17,3.92,152
2010BENT01,Jan Bentlage,2015-01-31,5.2,153
2010BENT01,Jan Bentlage,2015-01-31,4.14,154
2010BENT01,Jan Bentlage,2015-02-21,2.92,155
2010BENT01,Jan Bentlage,2015-02-21,4.34,156
2010BENT01,Jan Bentlage,2015-02-21,4.15,157
2010BENT01,Jan Bentlage,2015-02-28,7.49,158
2010BENT01,Jan Bentlage,2015-03-14,3.99,159
2010BENT01,Jan Bentlage,2015-03-14,3.13,160
2010BENT01,Jan Bentlage,2015-03-14,3.74,161
2010BENT01,Jan Bentlage,2015-04-18,4.37,162
2010BENT01,Jan Bentlage,2015-04-18,4.4,163
2010BENT01,Jan Bentlage,2015-04-18,5.13,164
2010BENT01,Jan Bentlage,2015-05-16,3.91,165
2010BENT01,Jan Bentlage,2015-05-16,5.29,166
2010BENT01,Jan Bentlage,2015-05-23,4.09,167
2010BENT01,Jan Bentlage,2015-05-23,3.79,168
2010BENT01,Jan Bentlage,2015-05-23,4.08,169
2010BENT01,Jan Bentlage,2015-06-06,4.15,170
2010BENT01,Jan Bentlage,2015-06-06,3.12,171
2010BENT01,Jan Bentlage,2015-06-06,4.29,172
2010BENT01,Jan Bentlage,2015-06-21,4.15,173
2010BENT01,Jan Bentlage,2015-06-21,3.62,174
2010BENT01,Jan Bentlage,2015-06-21,4.62,175
2010BENT01,Jan Bentlage,2015-07-17,3.85,176
2010BENT01,Jan Bentlage,2015-07-17,4.29,177
2010BENT01,Jan Bentlage,2015-08-01,5.3,178
2010BENT01,Jan Bentlage,2015-08-01,5.01,179
2010BENT01,Jan Bentlage,2015-08-01,3.82,180
2010BENT01,Jan Bentlage,2015-09-05,3.57,181
2010BENT01,Jan Bentlage,2015-09-05,3.45,182
2010BENT01,Jan Bentlage,2015-09-12,4.05,183
2010BENT01,Jan Bentlage,2015-09-12,4.3,184
2010BENT01,Jan Bentlage,2015-09-27,3.78,185
2010BENT01,Jan Bentlage,2015-10-17,3.23,186
2010BENT01,Jan Bentlage,2015-10-31,2.96,187
2010BENT01,Jan Bentlage,2015-10-31,3.08,188
2010BENT01,Jan Bentlage,2015-11-14,6.0,189
2010BENT01,Jan Bentlage,2015-11-14,4.89,190
2010BENT01,Jan Bentlage,2015-12-05,3.51,191
2010BENT01,Jan Bentlage,2015-12-05,4.23,192
2010BENT01,Jan Bentlage,2016-01-30,4.02,193
2010BENT01,Jan Bentlage,2016-01-30,4.94,194
2010BENT01,Jan Bentlage,2016-01-30,4.87,195
2010BENT01,Jan Bentlage,2016-03-05,4.27,196
2010BENT01,Jan Bentlage,2016-03-05,4.26,197
2010BENT01,Jan Bentlage,2016-03-05,3.37,198
2010BENT01,Jan Bentlage,2016-04-09,4.04,199
2010BENT01,Jan Bentlage,2016-04-09,3.8,200
2010BENT01,Jan Bentlage,2016-05-07,3.72,201
2010BENT01,Jan Bentlage,2016-05-07,4.04,202
2010BENT01,Jan Bentlage,2016-05-07,2.95,203
2010BENT01,Jan Bentlage,2016-05-28,4.08,204
2010BENT01,Jan Bentlage,2016-05-28,3.84,205
2010BENT01,Jan Bentlage,2016-05-28,3.99,206
2010BENT01,Jan Bentlage,2016-07-02,3.09,207
2010BENT01,Jan Bentlage,2016-07-02,3.3,208
2010BENT01,Jan Bentlage,2016-07-02,4.23,209
2010BENT01,Jan Bentlage,2016-07-15,4.11,210
2010BENT01,Jan Bentlage,2016-07-15,3.45,211
2010BENT01,Jan Bentlage,2016-07-30,3.27,212
2010BENT01,Jan Bentlage,2016-07-30,3.7,213
2010BENT01,Jan Bentlage,2016-09-03,4.59,214
2010BENT01,Jan Bentlage,2016-10-07,4.84,215
2010BENT01,Jan Bentlage,2016-10-07,3.74,216
2010BENT01,Jan Bentlage,2016-10-07,5.43,217
2010BENT01,Jan Bentlage,2016-10-29,3.69,218
2010BENT01,Jan Bentlage,2016-10-29,4.79,219
2010BENT01,Jan Bentlage,2016-11-05,4.69,220
2010BENT01,Jan Bentlage,2016-11-26,4.04,221
2010BENT01,Jan Bentlage,2016-11-26,3.69,222
2010BENT01,Jan Bentlage,2016-11-26,2.47,223
2010BENT01,Jan Bentlage,2017-01-06,4.73,224
2010BENT01,Jan Bentlage,2017-01-06,3.37,225
2010BENT01,Jan Bentlage,2017-01-06,2.77,226
2010BENT01,Jan Bentlage,2017-01-28,2.78,227
2010BENT01,Jan Bentlage,2017-01-28,3.68,228
2010BENT01,Jan Bentlage,2017-03-11,2.9,229
2010BENT01,Jan Bentlage,2017-03-11,3.73,230
2010BENT01,Jan Bentlage,2017-03-11,3.94,231
2010BENT01,Jan Bentlage,2017-03-25,4.3,232
2010BENT01,Jan Bentlage,2017-03-25,3.89,233
2010BENT01,Jan Bentlage,2017-04-08,3.88,234
2010BENT01,Jan Bentlage,2017-04-08,4.14,235
2010BENT01,Jan Bentlage,2017-04-29,4.68,236
2010BENT01,Jan Bentlage,2017-05-06,3.98,237
2010BENT01,Jan Bentlage,2017-05-06,3.12,238
2010BENT01,Jan Bentlage,2017-05-06,3.66,239
2010BENT01,Jan Bentlage,2017-05-20,3.87,240
2010BENT01,Jan Bentlage,2017-05-20,4.61,241
2010BENT01,Jan Bentlage,2017-05-27,2.98,242
2010BENT01,Jan Bentlage,2017-05-27,3.69,243
2010BENT01,Jan Bentlage,2017-05-27,3.24,244
2010BENT01,Jan Bentlage,2017-06-10,3.76,245
2010BENT01,Jan Bentlage,2017-06-10,5.22,246
2010BENT01,Jan Bentlage,2017-06-24,4.05,247
2010BENT01,Jan Bentlage,2017-06-24,4.82,248
2010BENT01,Jan Bentlage,2017-07-01,4.03,249
2010BENT01,Jan Bentlage,2017-07-01,3.76,250
2010BENT01,Jan Bentlage,2017-07-21,3.4,251
2010BENT01,Jan Bentlage,2017-07-21,3.59,252
2010BENT01,Jan Bentlage,2017-07-21,3.56,253
2010BENT01,Jan Bentlage,2017-08-19,3.03,254
2010BENT01,Jan Bentlage,2017-08-19,3.05,255
2010BENT01,Jan Bentlage,2017-09-01,2.88,256
2010BENT01,Jan Bentlage,2017-09-01,2.71,257
2010BENT01,Jan Bentlage,2017-09-01,4.92,258
2010BENT01,Jan Bentlage,2017-09-16,3.33,259
2010BENT01,Jan Bentlage,2017-09-16,3.04,260
2010BENT01,Jan Bentlage,2017-09-16,3.47,261
2010BENT01,Jan Bentlage,2017-09-22,2.65,262
2010BENT01,Jan Bentlage,2017-09-22,3.97,263
2010BENT01,Jan Bentlage,2017-09-22,3.36,264
2010BENT01,Jan Bentlage,2017-09-30,4.84,265
2010BENT01,Jan Bentlage,2017-09-30,6.4,266
2010BENT01,Jan Bentlage,2017-10-13,4.22,267
2010BENT01,Jan Bentlage,2017-10-13,3.5,268
2010BENT01,Jan Bentlage,2017-10-13,5.13,269
2010BENT01,Jan Bentlage,2017-10-21,4.05,270
2010BENT01,Jan Bentlage,2017-11-04,3.47,271
2010BENT01,Jan Bentlage,2017-11-04,3.21,272
2010BENT01,Jan Bentlage,2017-11-18,3.87,273
2010BENT01,Jan Bentlage,2017-11-18,3.71,274
2010BENT01,Jan Bentlage,2017-11-18,3.32,275
2010BENT01,Jan Bentlage,2017-12-02,3.3,276
2010BENT01,Jan Bentlage,2017-12-02,3.71,277
2010BENT01,Jan Bentlage,2018-01-05,4.2,278
2010BENT01,Jan Bentlage,2018-01-05,3.88,279
2010BENT01,Jan Bentlage,2018-02-10,3.52,280
2010BENT01,Jan Bentlage,2018-02-10,3.2,281
2010BENT01,Jan Bentlage,2018-02-10,4.65,282
2010BENT01,Jan Bentlage,2018-03-24,4.1,283
2010BENT01,Jan Bentlage,2018-03-24,3.54,284
2010BENT01,Jan Bentlage,2018-03-24,2.99,285
2010BENT01,Jan Bentlage,2018-04-21,3.32,286
2010BENT01,Jan Bentlage,2018-04-21,2.58,287
2010BENT01,Jan Bentlage,2018-05-12,2.92,288
2010BENT01,Jan Bentlage,2018-05-12,4.45,289
2010BENT01,Jan Bentlage,2018-05-12,4.41,290
2010BENT01,Jan Bentlage,2018-05-19,3.58,291
2010BENT01,Jan Bentlage,2018-05-19,4.49,292
2010BENT01,Jan Bentlage,2018-06-02,3.68,293
2010BENT01,Jan Bentlage,2018-06-02,4.02,294
2010BENT01,Jan Bentlage,2018-06-23,3.65,295
2010BENT01,Jan Bentlage,2018-06-23,3.1,296
2010BENT01,Jan Bentlage,2018-07-14,4.12,297
2010BENT01,Jan Bentlage,2018-07-14,3.47,298
2010BENT01,Jan Bentlage,2018-07-19,2.64,299
2010BENT01,Jan Bentlage,2018-07-19,4.16,300
2010BENT01,Jan Bentlage,2018-08-17,3.75,301
2010BENT01,Jan Bentlage,2018-08-17,2.92,302
2010BENT01,Jan Bentlage,2018-09-07,3.27,303
2010BENT01,Jan Bentlage,2018-09-07,3.9,304
2010BENT01,Jan Bentlage,2018-09-07,3.23,305
2010BENT01,Jan Bentlage,2018-10-13,3.72,306
2010BENT01,Jan Bentlage,2018-10-27,3.19,307
2010BENT01,Jan Bentlage,2018-10-27,4.25,308
2010BENT01,Jan Bentlage,2019-03-22,4.36,309
2010BENT01,Jan Bentlage,2019-03-22,3.43,310
2010BENT01,Jan Bentlage,2019-03-22,4.88,311
2010BENT01,Jan Bentlage,2019-04-06,3.07,312
2010BENT01,Jan Bentlage,2019-04-06,3.83,313
2010BENT01,Jan Bentlage,2019-04-20,3.45,314
2010BENT01,Jan Bentlage,2019-04-20,4.24,315
2010BENT01,Jan Bentlage,2019-05-11,3.52,316
2010BENT01,Jan Bentlage,2019-05-11,4.37,317
2010BENT01,Jan Bentlage,2019-05-18,3.03,318
2010BENT01,Jan Bentlage,2019-05-18,3.85,319
2010BENT01,Jan Bentlage,2019-05-18,3.77,320
2010BENT01,Jan Bentlage,2019-05-30,4.34,321
2010BENT01,Jan Bentlage,2019-05-30,4.3,322
2010BENT01,Jan Bentlage,2019-05-30,3.55,323
2010BENT01,Jan Bentlage,2019-06-08,2.86,324
2010BENT01,Jan Bentlage,2019-06-08,4.01,325
2010BENT01,Jan Bentlage,2019-06-22,4.45,326
2010BENT01,Jan Bentlage,2019-06-22,4.25,327
2010BENT01,Jan Bentlage,2019-07-11,4.02,328
2010BENT01,Jan Bentlage,2019-07-11,3.87,329
2010BENT01,Jan Bentlage,2019-08-02,4.12,330
2010BENT01,Jan Bentlage,2019-08-02,3.01,331
2010BENT01,Jan Bentlage,2019-08-02,3.92,332
2010BENT01,Jan Bentlage,2019-08-17,4.15,333
2010BENT01,Jan Bentlage,2019-08-17,3.68,334
2010BENT01,Jan Bentlage,2019-08-17,3.03,335
2010BENT01,Jan Bentlage,2019-09-21,4.17,336
2010BENT01,Jan Bentlage,2019-09-21,3.71,337
2010BENT01,Jan Bentlage,2019-10-12,3.68,338
2010BENT01,Jan Bentlage,2019-11-30,4.36,339
2010BENT01,Jan Bentlage,2019-11-30,4.25,340
2010BENT01,Jan Bentlage,2020-01-04,4.63,341
2010BENT01,Jan Bentlage,2020-01-04,3.81,342
2010BENT01,Jan Bentlage,2020-01-18,3.64,343
2010BENT01,Jan Bentlage,2020-01-18,3.61,344
2010BENT01,Jan Bentlage,2020-02-01,4.52,345
2010BENT01,Jan Bentlage,2020-02-01,3.58,346
2010BENT01,Jan Bentlage,2020-02-15,3.77,347
2010BENT01,Jan Bentlage,2020-02-15,2.8,348
2010BENT01,Jan Bentlage,2020-02-15,3.13,349
2010BENT01,Jan Bentlage,2020-02-22,3.73,350
2010BENT01,Jan Bentlage,2020-02-22,3.46,351
2010BENT01,Jan Bentlage,2020-02-22,3.49,352
2010BENT01,Jan Bentlage,2021-10-08,3.37,353
2010BENT01,Jan Bentlage,2021-10-08,4.42,354
2010BENT01,Jan Bentlage,2021-10-17,4.0,355
2010BENT01,Jan Bentlage,2021-10-17,3.65,356
2010BENT01,Jan Bentlage,2021-11-06,3.17,357
2010BENT01,Jan Bentlage,2021-11-06,3.95,358
2010BENT01,Jan Bentlage,2021-11-06,3.08,359
2010BENT01,Jan Bentlage,2022-04-10,3.64,360
2010BENT01,Jan Bentlage,2022-04-10,4.04,361
2010BENT01,Jan Bentlage,2022-04-23,2.92,362
2010BENT01,Jan Bentlage,2022-04-23,3.22,363
2010BENT01,Jan Bentlage,2022-05-14,3.32,364
2010BENT01,Jan Bentlage,2022-05-14,3.15,365
2010BENT01,Jan Bentlage,2022-05-21,4.37,366
2010BENT01,Jan Bentlage,2022-05-21,3.17,367
2010BENT01,Jan Bentlage,2022-05-21,2.91,368
2010BENT01,Jan Bentlage,2022-06-18,4.64,369
2010BENT01,Jan Bentlage,2022-06-18,3.97,370
2010BENT01,Jan Bentlage,2022-06-18,4.38,371
2010BENT01,Jan Bentlage,2022-07-09,4.89,372
2010BENT01,Jan Bentlage,2022-07-09,4.28,373
2010BENT01,Jan Bentlage,2022-07-09,3.96,374
2010BENT01,Jan Bentlage,2022-08-19,4.82,375
2010BENT01,Jan Bentlage,2022-08-19,3.39,376
2010BENT01,Jan Bentlage,2022-08-19,2.93,377
2010BENT01,Jan Bentlage,2022-10-07,3.47,378
2010BENT01,Jan Bentlage,2022-10-07,3.45,379
2010BENT01,Jan Bentlage,2022-10-14,4.06,380
2010BENT01,Jan Bentlage,2022-10-14,2.93,381
2010BENT01,Jan Bentlage,2022-10-14,4.49,382
2010BENT01,Jan Bentlage,2022-11-12,3.31,383
2010BENT01,Jan Bentlage,2022-11-12,3.11,384
2010BENT01,Jan Bentlage,2023-04-10,3.83,385
2010BENT01,Jan Bentlage,2023-04-10,2.84,386
2010BENT01,Jan Bentlage,2023-07-16,3.39,387
2010BENT01,Jan Bentlage,2023-07-16,4.06,388
2010BENT01,Jan Bentlage,2023-07-27,3.55,389
2010BENT01,Jan Bentlage,2023-07-27,3.46,390
2010BENT01,Jan Bentlage,2023-08-04,3.12,391
2010BENT01,Jan Bentlage,2023-08-04,3.67,392
2010BENT01,Jan Bentlage,2024-07-25,3.37,393
2010BENT01,Jan Bentlage,2024-07-25,3.39,394
2010BENT01,Jan Bentlage,2024-10-04,3.4,395
2010BENT01,Jan Bentlage,2024-11-15,3.3,396
2010BENT01,Jan Bentlage,2025-05-17,5.91,397
2010BENT01,Jan Bentlage,2025-07-03,3.82,398
2010BENT01,Jan Bentlage,2025-09-26,4.9,399
2010BENT01,Jan Bentlage,2026-05-01,3.88,400
2010BENT01,Jan Bentlage,2026-05-01,5.2,401
2010GRAC02,Fabio Bini Graciose,2010-03-20,23.34,1
2010GRAC02,Fabio Bini Graciose,2010-07-23,25.69,2
2010GRAC02,Fabio Bini Graciose,2010-09-25,23.4,3
2010GRAC02,Fabio Bini Graciose,2011-07-15,11.28,4
2010GRAC02,Fabio Bini Graciose,2011-08-27,10.89,5
2010GRAC02,Fabio Bini Graciose,2011-08-27,10.98,6
2010GRAC02,Fabio Bini Graciose,2011-10-08,8.83,7
2010GRAC02,Fabio Bini Graciose,2011-10-08,9.28,8
2010GRAC02,Fabio Bini Graciose,2011-11-19,11.23,9
2010GRAC02,Fabio Bini Graciose,2011-11-19,11.18,10
2010GRAC02,Fabio Bini Graciose,2012-02-04,8.19,11
2010GRAC02,Fabio Bini Graciose,2012-02-04,8.49,12
2010GRAC02,Fabio Bini Graciose,2012-04-14,9.42,13
2010GRAC02,Fabio Bini Graciose,2012-04-14,10.14,14
2010GRAC02,Fabio Bini Graciose,2012-05-05,8.92,15
2010GRAC02,Fabio Bini Graciose,2012-05-05,9.75,16
2010GRAC02,Fabio Bini Graciose,2012-06-16,12.04,17
2010GRAC02,Fabio Bini Graciose,2012-06-23,9.67,18
2010GRAC02,Fabio Bini Graciose,2012-06-23,9.93,19
2010GRAC02,Fabio Bini Graciose,2012-07-20,8.01,20
2010GRAC02,Fabio Bini Graciose,2012-08-04,10.08,21
2010GRAC02,Fabio Bini Graciose,2012-08-04,8.47,22
2010GRAC02,Fabio Bini Graciose,2012-09-22,12.71,23
2010GRAC02,Fabio Bini Graciose,2012-09-22,17.21,24
2010GRAC02,Fabio Bini Graciose,2012-10-27,9.75,25
2010GRAC02,Fabio Bini Graciose,2012-12-01,8.94,26
2010GRAC02,Fabio Bini Graciose,2012-12-01,10.88,27
2010GRAC02,Fabio Bini Graciose,2013-01-19,9.29,28
2010GRAC02,Fabio Bini Graciose,2013-01-25,9.09,29
2010GRAC02,Fabio Bini Graciose,2013-01-25,8.75,30
2010GRAC02,Fabio Bini Graciose,2013-04-13,9.64,31
2010GRAC02,Fabio Bini Graciose,2013-04-27,8.77,32
2010GRAC02,Fabio Bini Graciose,2013-04-27,9.24,33
2010GRAC02,Fabio Bini Graciose,2013-05-25,8.35,34
2010GRAC02,Fabio Bini Graciose,2013-05-25,7.69,35
2010GRAC02,Fabio Bini Graciose,2013-06-01,10.89,36
2010GRAC02,Fabio Bini Graciose,2013-06-01,10.43,37
2010GRAC02,Fabio Bini Graciose,2013-06-15,10.59,38
2010GRAC02,Fabio Bini Graciose,2013-07-19,8.69,39
2010GRAC02,Fabio Bini Graciose,2013-08-17,9.69,40
2010GRAC02,Fabio Bini Graciose,2013-08-17,8.79,41
2010GRAC02,Fabio Bini Graciose,2013-09-21,9.22,42
2010GRAC02,Fabio Bini Graciose,2013-09-21,9.82,43
2010GRAC02,Fabio Bini Graciose,2013-09-21,8.54,44
2010GRAC02,Fabio Bini Graciose,2013-10-05,7.22,45
2010GRAC02,Fabio Bini Graciose,2013-10-12,10.17,46
2010GRAC02,Fabio Bini Graciose,2013-11-30,8.83,47
2010GRAC02,Fabio Bini Graciose,2014-01-25,8.51,48
2010GRAC02,Fabio Bini Graciose,2014-01-25,11.38,49
2010GRAC02,Fabio Bini Graciose,2014-01-31,8.72,50
2010GRAC02,Fabio Bini Graciose,2014-03-15,8.18,51
2010GRAC02,Fabio Bini Graciose,2014-03-15,9.98,52
2010GRAC02,Fabio Bini Graciose,2014-04-05,9.08,53
2010GRAC02,Fabio Bini Graciose,2014-05-03,7.62,54
2010GRAC02,Fabio Bini Graciose,2014-05-03,9.73,55
2010GRAC02,Fabio Bini Graciose,2014-05-17,9.15,56
2010GRAC02,Fabio Bini Graciose,2014-05-24,8.7,57
2010GRAC02,Fabio Bini Graciose,2014-05-24,7.64,58
2010GRAC02,Fabio Bini Graciose,2014-06-20,8.65,59
2010GRAC02,Fabio Bini Graciose,2014-06-20,9.88,60
2010GRAC02,Fabio Bini Graciose,2014-07-25,9.33,61
2010GRAC02,Fabio Bini Graciose,2014-08-16,7.59,62
2010GRAC02,Fabio Bini Graciose,2014-08-16,11.25,63
2010GRAC02,Fabio Bini Graciose,2014-08-30,8.87,64
2010GRAC02,Fabio Bini Graciose,2014-10-18,8.38,65
2010GRAC02,Fabio Bini Graciose,2014-10-18,7.91,66
2010GRAC02,Fabio Bini Graciose,2014-11-09,9.14,67
2010GRAC02,Fabio Bini Graciose,2014-11-15,7.54,68
2010GRAC02,Fabio Bini Graciose,2014-11-15,8.3,69
2010GRAC02,Fabio Bini Graciose,2014-11-22,10.13,70
2010GRAC02,Fabio Bini Graciose,2014-12-06,10.4,71
2010GRAC02,Fabio Bini Graciose,2014-12-06,8.29,72
2010GRAC02,Fabio Bini Graciose,2014-12-06,6.33,73
2010GRAC02,Fabio Bini Graciose,2015-01-17,9.14,74
2010GRAC02,Fabio Bini Graciose,2015-01-23,10.2,75
2010GRAC02,Fabio Bini Graciose,2015-01-23,7.31,76
2010GRAC02,Fabio Bini Graciose,2015-02-28,7.68,77
2010GRAC02,Fabio Bini Graciose,2015-02-28,9.87,78
2010GRAC02,Fabio Bini Graciose,2015-03-28,8.14,79
2010GRAC02,Fabio Bini Graciose,2015-03-28,8.34,80
2010GRAC02,Fabio Bini Graciose,2015-03-28,7.52,81
2010GRAC02,Fabio Bini Graciose,2015-05-16,9.17,82
2010GRAC02,Fabio Bini Graciose,2015-05-22,8.45,83
2010GRAC02,Fabio Bini Graciose,2015-05-22,9.57,84
2010GRAC02,Fabio Bini Graciose,2015-06-20,7.7,85
2010GRAC02,Fabio Bini Graciose,2015-07-04,6.33,86
2010GRAC02,Fabio Bini Graciose,2015-07-04,8.42,87
2010GRAC02,Fabio Bini Graciose,2015-07-17,8.9,88
2010GRAC02,Fabio Bini Graciose,2015-07-24,8.0,89
2010GRAC02,Fabio Bini Graciose,2015-08-16,7.4,90
2010GRAC02,Fabio Bini Graciose,2015-09-12,12.01,91
2010GRAC02,Fabio Bini Graciose,2015-09-18,7.51,92
2010GRAC02,Fabio Bini Graciose,2015-09-18,8.81,93
2010GRAC02,Fabio Bini Graciose,2015-10-03,7.62,94
2010GRAC02,Fabio Bini Graciose,2015-10-03,9.52,95
2010GRAC02,Fabio Bini Graciose,2015-10-24,7.48,96
2010GRAC02,Fabio Bini Graciose,2015-10-24,7.93,97
2010GRAC02,Fabio Bini Graciose,2015-10-31,8.54,98
2010GRAC02,Fabio Bini Graciose,2015-10-31,6.52,99
2010GRAC02,Fabio Bini Graciose,2015-11-07,8.32,100
2010GRAC02,Fabio Bini Graciose,2015-11-07,8.72,101
2010GRAC02,Fabio Bini Graciose,2015-11-14,8.11,102
2010GRAC02,Fabio Bini Graciose,2015-11-14,9.42,103
2010GRAC02,Fabio Bini Graciose,2015-11-21,9.47,104
2010GRAC02,Fabio Bini Graciose,2015-11-21,7.8,105
2010GRAC02,Fabio Bini Graciose,2015-12-12,8.63,106
2010GRAC02,Fabio Bini Graciose,2015-12-12,6.88,107
2010GRAC02,Fabio Bini Graciose,2016-01-23,7.74,108
2010GRAC02,Fabio Bini Graciose,2016-01-23,8.45,109
2010GRAC02,Fabio Bini Graciose,2016-02-12,8.62,110
2010GRAC02,Fabio Bini Graciose,2016-02-12,6.7,111
2010GRAC02,Fabio Bini Graciose,2016-03-19,8.29,112
2010GRAC02,Fabio Bini Graciose,2016-04-02,7.73,113
2010GRAC02,Fabio Bini Graciose,2016-04-02,7.76,114
2010GRAC02,Fabio Bini Graciose,2016-04-23,7.59,115
2010GRAC02,Fabio Bini Graciose,2016-04-23,10.67,116
2010GRAC02,Fabio Bini Graciose,2016-05-28,7.1,117
2010GRAC02,Fabio Bini Graciose,2016-05-28,7.21,118
2010GRAC02,Fabio Bini Graciose,2016-06-11,9.13,119
2010GRAC02,Fabio Bini Graciose,2016-06-11,7.09,120
2010GRAC02,Fabio Bini Graciose,2016-06-18,9.06,121
2010GRAC02,Fabio Bini Graciose,2016-06-25,7.83,122
2010GRAC02,Fabio Bini Graciose,2016-06-25,8.37,123
2010GRAC02,Fabio Bini Graciose,2016-07-22,10.54,124
2010GRAC02,Fabio Bini Graciose,2016-08-13,6.03,125
2010GRAC02,Fabio Bini Graciose,2016-08-27,6.62,126
2010GRAC02,Fabio Bini Graciose,2016-08-27,6.8,127
2010GRAC02,Fabio Bini Graciose,2016-08-27,8.35,128
2010GRAC02,Fabio Bini Graciose,2016-09-03,7.91,129
2010GRAC02,Fabio Bini Graciose,2016-09-03,9.54,130
2010GRAC02,Fabio Bini Graciose,2016-09-24,6.23,131
2010GRAC02,Fabio Bini Graciose,2016-09-24,7.92,132
2010GRAC02,Fabio Bini Graciose,2016-10-07,6.95,133
2010GRAC02,Fabio Bini Graciose,2016-10-07,9.93,134
2010GRAC02,Fabio Bini Graciose,2016-10-07,7.64,135
2010GRAC02,Fabio Bini Graciose,2016-10-15,7.35,136
2010GRAC02,Fabio Bini Graciose,2016-10-15,8.62,137
2010GRAC02,Fabio Bini Graciose,2016-10-22,7.37,138
2010GRAC02,Fabio Bini Graciose,2016-11-12,6.96,139
2010GRAC02,Fabio Bini Graciose,2016-11-12,7.37,140
2010GRAC02,Fabio Bini Graciose,2016-11-18,12.39,141
2010GRAC02,Fabio Bini Graciose,2016-11-18,7.67,142
2010GRAC02,Fabio Bini Graciose,2016-11-18,7.18,143
2010GRAC02,Fabio Bini Graciose,2016-11-26,7.52,144
2010GRAC02,Fabio Bini Graciose,2016-11-26,8.56,145
2010GRAC02,Fabio Bini Graciose,2016-12-02,8.15,146
2010GRAC02,Fabio Bini Graciose,2016-12-02,8.01,147
2010GRAC02,Fabio Bini Graciose,2016-12-03,7.6,148
2010GRAC02,Fabio Bini Graciose,2016-12-03,7.9,149
2010GRAC02,Fabio Bini Graciose,2016-12-10,8.81,150
2010GRAC02,Fabio Bini Graciose,2017-01-28,7.93,151
2010GRAC02,Fabio Bini Graciose,2017-01-28,7.82,152
2010GRAC02,Fabio Bini Graciose,2017-01-28,8.21,153
2010GRAC02,Fabio Bini Graciose,2017-02-11,7.82,154
2010GRAC02,Fabio Bini Graciose,2017-02-11,8.19,155
2010GRAC02,Fabio Bini Graciose,2017-03-18,7.19,156
2010GRAC02,Fabio Bini Graciose,2017-03-18,7.51,157
2010GRAC02,Fabio Bini Graciose,2017-03-25,6.74,158
2010GRAC02,Fabio Bini Graciose,2017-03-25,8.27,159
2010GRAC02,Fabio Bini Graciose,2017-03-25,7.15,160
2010GRAC02,Fabio Bini Graciose,2017-04-08,7.64,161
2010GRAC02,Fabio Bini Graciose,2017-04-08,8.76,162
2010GRAC02,Fabio Bini Graciose,2017-04-21,7.41,163
2010GRAC02,Fabio Bini Graciose,2017-04-22,11.91,164
2010GRAC02,Fabio Bini Graciose,2017-04-29,7.63,165
2010GRAC02,Fabio Bini Graciose,2017-04-29,7.2,166
2010GRAC02,Fabio Bini Graciose,2017-05-05,8.07,167
2010GRAC02,Fabio Bini Graciose,2017-05-05,6.12,168
2010GRAC02,Fabio Bini Graciose,2017-05-26,6.92,169
2010GRAC02,Fabio Bini Graciose,2017-05-26,7.83,170
2010GRAC02,Fabio Bini Graciose,2017-05-26,5.79,171
2010GRAC02,Fabio Bini Graciose,2017-06-16,8.39,172
2010GRAC02,Fabio Bini Graciose,2017-07-13,7.45,173
2010GRAC02,Fabio Bini Graciose,2017-07-28,7.03,174
2010GRAC02,Fabio Bini Graciose,2017-08-19,7.07,175
2010GRAC02,Fabio Bini Graciose,2017-08-19,8.9,176
2010GRAC02,Fabio Bini Graciose,2017-09-08,8.9,177
2010GRAC02,Fabio Bini Graciose,2017-09-08,6.43,178
2010GRAC02,Fabio Bini Graciose,2017-09-08,7.53,179
2010GRAC02,Fabio Bini Graciose,2017-09-16,7.38,180
2010GRAC02,Fabio Bini Graciose,2017-09-16,6.75,181
2010GRAC02,Fabio Bini Graciose,2017-10-20,6.97,182
2010GRAC02,Fabio Bini Graciose,2017-10-20,7.59,183
2010GRAC02,Fabio Bini Graciose,2017-10-27,7.69,184
2010GRAC02,Fabio Bini Graciose,2017-10-27,6.71,185
2010GRAC02,Fabio Bini Graciose,2017-10-27,6.86,186
2010GRAC02,Fabio Bini Graciose,2017-11-04,7.54,187
2010GRAC02,Fabio Bini Graciose,2017-11-04,7.01,188
2010GRAC02,Fabio Bini Graciose,2017-11-18,6.93,189
2010GRAC02,Fabio Bini Graciose,2017-11-18,8.97,190
2010GRAC02,Fabio Bini Graciose,2017-11-18,7.34,191
2010GRAC02,Fabio Bini Graciose,2017-12-02,6.77,192
2010GRAC02,Fabio Bini Graciose,2017-12-02,8.89,193
2010GRAC02,Fabio Bini Graciose,2017-12-09,9.55,194
2010GRAC02,Fabio Bini Graciose,2017-12-16,8.64,195
2010GRAC02,Fabio Bini Graciose,2018-01-27,6.97,196
2010GRAC02,Fabio Bini Graciose,2018-01-27,8.96,197
2010GRAC02,Fabio Bini Graciose,2018-03-03,5.66,198
2010GRAC02,Fabio Bini Graciose,2018-03-03,7.65,199
2010GRAC02,Fabio Bini Graciose,2018-03-10,7.54,200
2010GRAC02,Fabio Bini Graciose,2018-03-17,7.13,201
2010GRAC02,Fabio Bini Graciose,2018-04-07,7.04,202
2010GRAC02,Fabio Bini Graciose,2018-04-07,8.29,203
2010GRAC02,Fabio Bini Graciose,2018-04-21,7.15,204
2010GRAC02,Fabio Bini Graciose,2018-05-05,8.45,205
2010GRAC02,Fabio Bini Graciose,2018-05-26,7.81,206
2010GRAC02,Fabio Bini Graciose,2018-05-26,7.82,207
2010GRAC02,Fabio Bini Graciose,2018-06-01,8.43,208
2010GRAC02,Fabio Bini Graciose,2018-06-01,6.83,209
2010GRAC02,Fabio Bini Graciose,2018-06-01,7.53,210
2010GRAC02,Fabio Bini Graciose,2018-06-23,6.42,211
2010GRAC02,Fabio Bini Graciose,2018-06-30,7.32,212
2010GRAC02,Fabio Bini Graciose,2018-06-30,8.01,213
2010GRAC02,Fabio Bini Graciose,2018-07-07,7.66,214
2010GRAC02,Fabio Bini Graciose,2018-07-07,7.54,215
2010GRAC02,Fabio Bini Graciose,2018-07-20,8.13,216
2010GRAC02,Fabio Bini Graciose,2018-07-28,7.41,217
2010GRAC02,Fabio Bini Graciose,2018-08-04,7.52,218
2010GRAC02,Fabio Bini Graciose,2018-08-18,8.47,219
2010GRAC02,Fabio Bini Graciose,2018-08-18,7.65,220
2010GRAC02,Fabio Bini Graciose,2018-08-25,7.44,221
2010GRAC02,Fabio Bini Graciose,2018-08-25,6.55,222
2010GRAC02,Fabio Bini Graciose,2018-09-01,12.25,223
2010GRAC02,Fabio Bini Graciose,2018-09-29,5.78,224
2010GRAC02,Fabio Bini Graciose,2018-09-29,7.29,225
2010GRAC02,Fabio Bini Graciose,2018-09-29,5.89,226
2010GRAC02,Fabio Bini Graciose,2018-10-13,8.13,227
2010GRAC02,Fabio Bini Graciose,2018-10-20,9.69,228
2010GRAC02,Fabio Bini Graciose,2018-10-20,6.66,229
2010GRAC02,Fabio Bini Graciose,2018-10-20,8.66,230
2010GRAC02,Fabio Bini Graciose,2018-10-27,6.68,231
2010GRAC02,Fabio Bini Graciose,2018-10-27,9.46,232
2010GRAC02,Fabio Bini Graciose,2018-11-03,8.12,233
2010GRAC02,Fabio Bini Graciose,2018-11-03,8.35,234
2010GRAC02,Fabio Bini Graciose,2018-11-10,7.21,235
2010GRAC02,Fabio Bini Graciose,2018-11-10,7.49,236
2010GRAC02,Fabio Bini Graciose,2018-11-30,8.27,237
2010GRAC02,Fabio Bini Graciose,2018-11-30,7.47,238
2010GRAC02,Fabio Bini Graciose,2018-11-30,6.13,239
2010GRAC02,Fabio Bini Graciose,2018-12-08,8.75,240
2010GRAC02,Fabio Bini Graciose,2018-12-15,6.95,241
2010GRAC02,Fabio Bini Graciose,2019-01-15,8.3,242
2010GRAC02,Fabio Bini Graciose,2019-01-19,7.7,243
2010GRAC02,Fabio Bini Graciose,2019-01-19,7.79,244
2010GRAC02,Fabio Bini Graciose,2019-01-26,7.61,245
2010GRAC02,Fabio Bini Graciose,2019-01-26,7.42,246
2010GRAC02,Fabio Bini Graciose,2019-02-02,7.9,247
2010GRAC02,Fabio Bini Graciose,2019-02-02,7.82,248
2010GRAC02,Fabio Bini Graciose,2019-02-16,8.21,249
2010GRAC02,Fabio Bini Graciose,2019-03-23,9.84,250
2010GRAC02,Fabio Bini Graciose,2019-03-30,8.17,251
2010GRAC02,Fabio Bini Graciose,2019-04-06,8.14,252
2010GRAC02,Fabio Bini Graciose,2019-06-08,7.39,253
2010GRAC02,Fabio Bini Graciose,2019-07-06,7.84,254
2010GRAC02,Fabio Bini Graciose,2019-07-20,8.65,255
2010GRAC02,Fabio Bini Graciose,2019-07-27,7.64,256
2010GRAC02,Fabio Bini Graciose,2019-07-27,9.2,257
2010GRAC02,Fabio Bini Graciose,2019-08-03,8.98,258
2010GRAC02,Fabio Bini Graciose,2019-08-10,8.16,259
2010GRAC02,Fabio Bini Graciose,2019-08-17,7.54,260
2010GRAC02,Fabio Bini Graciose,2019-08-17,7.24,261
2010GRAC02,Fabio Bini Graciose,2019-08-24,8.18,262
2010GRAC02,Fabio Bini Graciose,2019-08-24,7.92,263
2010GRAC02,Fabio Bini Graciose,2019-08-24,6.73,264
2010GRAC02,Fabio Bini Graciose,2019-08-31,7.3,265
2010GRAC02,Fabio Bini Graciose,2019-09-21,6.46,266
2010GRAC02,Fabio Bini Graciose,2019-09-28,7.54,267
2010GRAC02,Fabio Bini Graciose,2019-09-28,6.83,268
2010GRAC02,Fabio Bini Graciose,2019-10-12,6.56,269
2010GRAC02,Fabio Bini Graciose,2019-10-19,7.66,270
2010GRAC02,Fabio Bini Graciose,2019-10-19,6.32,271
2010GRAC02,Fabio Bini Graciose,2019-10-26,7.78,272
2010GRAC02,Fabio Bini Graciose,2019-11-29,8.5,273
2010GRAC02,Fabio Bini Graciose,2019-12-07,5.59,274
2010GRAC02,Fabio Bini Graciose,2019-12-07,6.18,275
2010GRAC02,Fabio Bini Graciose,2019-12-28,8.59,276
2010GRAC02,Fabio Bini Graciose,2019-12-28,7.72,277
2010GRAC02,Fabio Bini Graciose,2019-12-28,6.93,278
2010GRAC02,Fabio Bini Graciose,2020-01-18,5.99,279
2010GRAC02,Fabio Bini Graciose,2020-02-14,5.08,280
2010GRAC02,Fabio Bini Graciose,2020-02-14,6.64,281
2010GRAC02,Fabio Bini Graciose,2022-05-28,8.04,282
2010GRAC02,Fabio Bini Graciose,2022-06-25,10.2,283
2010GRAC02,Fabio Bini Graciose,2022-07-10,9.51,284
2010GRAC02,Fabio Bini Graciose,2022-10-29,6.17,285
2010GRAC02,Fabio Bini Graciose,2022-10-29,6.94,286
2010GRAC02,Fabio Bini Graciose,2022-11-27,9.52,287
2010GRAC02,Fabio Bini Graciose,2022-12-11,8.0,288
2010GRAC02,Fabio Bini Graciose,2023-04-01,7.08,289
2010GRAC02,Fabio Bini Graciose,2023-05-06,6.86,290
2010GRAC02,Fabio Bini Graciose,2023-05-27,8.08,291
2010GRAC02,Fabio Bini Graciose,2023-06-03,7.91,292
2010GRAC02,Fabio Bini Graciose,2023-07-15,5.53,293
2010GRAC02,Fabio Bini Graciose,2023-07-15,6.89,294
2010GRAC02,Fabio Bini Graciose,2023-08-19,7.96,295
2010GRAC02,Fabio Bini Graciose,2023-08-19,7.58,296
2010GRAC02,Fabio Bini Graciose,2023-09-08,6.44,297
2010GRAC02,Fabio Bini Graciose,2023-10-21,7.74,298
2010GRAC02,Fabio Bini Graciose,2023-10-28,7.37,299
2010GRAC02,Fabio Bini Graciose,2023-10-28,8.05,300
2010GRAC02,Fabio Bini Graciose,2023-11-11,7.28,301
2010GRAC02,Fabio Bini Graciose,2023-11-25,6.49,302
2010GRAC02,Fabio Bini Graciose,2023-11-25,7.32,303
2010GRAC02,Fabio Bini Graciose,2023-12-16,8.26,304
2010GRAC02,Fabio Bini Graciose,2024-02-24,8.13,305
2010GRAC02,Fabio Bini Graciose,2024-02-24,9.59,306
2010GRAC02,Fabio Bini Graciose,2024-03-02,9.16,307
2010GRAC02,Fabio Bini Graciose,2024-03-09,8.27,308
2010GRAC02,Fabio Bini Graciose,2024-03-09,9.16,309
2010GRAC02,Fabio Bini Graciose,2024-03-16,7.02,310
2010GRAC02,Fabio Bini Graciose,2024-03-16,7.65,311
2010GRAC02,Fabio Bini Graciose,2024-03-23,6.53,312
2010GRAC02,Fabio Bini Graciose,2024-03-23,15.71,313
2010GRAC02,Fabio Bini Graciose,2024-04-06,7.16,314
2010GRAC02,Fabio Bini Graciose,2024-04-21,7.08,315
2010GRAC02,Fabio Bini Graciose,2024-05-01,7.81,316
2010GRAC02,Fabio Bini Graciose,2024-05-01,6.77,317
2010GRAC02,Fabio Bini Graciose,2024-05-17,6.08,318
2010GRAC02,Fabio Bini Graciose,2024-05-17,6.94,319
2010GRAC02,Fabio Bini Graciose,2024-05-25,7.48,320
2010GRAC02,Fabio Bini Graciose,2024-05-25,6.43,321
2010GRAC02,Fabio Bini Graciose,2024-05-30,5.21,322
2010GRAC02,Fabio Bini Graciose,2024-05-30,6.24,323
2010GRAC02,Fabio Bini Graciose,2024-07-13,6.67,324
2010GRAC02,Fabio Bini Graciose,2024-07-20,8.51,325
2010GRAC02,Fabio Bini Graciose,2024-08-03,6.24,326
2010GRAC02,Fabio Bini Graciose,2024-08-17,7.13,327
2010GRAC02,Fabio Bini Graciose,2024-08-31,7.18,328
2010GRAC02,Fabio Bini Graciose,2024-09-14,6.61,329
2010GRAC02,Fabio Bini Graciose,2024-09-14,7.1,330
2010GRAC02,Fabio Bini Graciose,2024-09-28,7.7,331
2010GRAC02,Fabio Bini Graciose,2024-09-29,7.2,332
2010GRAC02,Fabio Bini Graciose,2024-10-12,6.49,333
2010GRAC02,Fabio Bini Graciose,2024-10-12,6.29,334
2010GRAC02,Fabio Bini Graciose,2024-10-12,7.48,335
2010GRAC02,Fabio Bini Graciose,2024-10-19,6.71,336
2010GRAC02,Fabio Bini Graciose,2024-10-27,7.11,337
2010GRAC02,Fabio Bini Graciose,2024-11-09,8.3,338
2010GRAC02,Fabio Bini Graciose,2024-11-09,7.7,339
2010GRAC02,Fabio Bini Graciose,2024-11-15,6.91,340
2010GRAC02,Fabio Bini Graciose,2024-11-30,6.82,341
2010GRAC02,Fabio Bini Graciose,2024-11-30,6.6,342
2010GRAC02,Fabio Bini Graciose,2024-12-08,7.94,343
2010GRAC02,Fabio Bini Graciose,2024-12-14,6.73,344
2010GRAC02,Fabio Bini Graciose,2024-12-14,8.05,345
2010GRAC02,Fabio Bini Graciose,2024-12-21,7.38,346
2010GRAC02,Fabio Bini Graciose,2025-01-18,7.15,347
2010GRAC02,Fabio Bini Graciose,2025-02-15,7.34,348
2010GRAC02,Fabio Bini Graciose,2025-03-15,7.14,349
2010GRAC02,Fabio Bini Graciose,2025-03-16,7.38,350
2010GRAC02,Fabio Bini Graciose,2025-04-05,8.95,351
2010GRAC02,Fabio Bini Graciose,2025-04-26,6.5,352
2010GRAC02,Fabio Bini Graciose,2025-05-01,7.51,353
2010GRAC02,Fabio Bini Graciose,2025-05-10,7.08,354
2010GRAC02,Fabio Bini Graciose,2025-05-18,7.11,355
2010GRAC02,Fabio Bini Graciose,2025-05-31,7.73,356
2010GRAC02,Fabio Bini Graciose,2025-06-07,7.3,357
2010GRAC02,Fabio Bini Graciose,2025-06-07,6.17,358
2010GRAC02,Fabio Bini Graciose,2025-06-21,7.27,359
2010GRAC02,Fabio Bini Graciose,2025-06-21,5.61,360
2010GRAC02,Fabio Bini Graciose,2025-07-05,6.21,361
2010GRAC02,Fabio Bini Graciose,2025-07-18,7.08,362
2010GRAC02,Fabio Bini Graciose,2025-08-16,6.31,363
2010GRAC02,Fabio Bini Graciose,2025-08-16,6.84,364
2010GRAC02,Fabio Bini Graciose,2025-08-23,6.79,365
2010GRAC02,Fabio Bini Graciose,2025-09-13,7.42,366
2010GRAC02,Fabio Bini Graciose,2025-09-20,6.59,367
2010GRAC02,Fabio Bini Graciose,2025-09-20,6.77,368
2010GRAC02,Fabio Bini Graciose,2025-10-04,7.75,369
2010GRAC02,Fabio Bini Graciose,2025-10-18,6.63,370
2010GRAC02,Fabio Bini Graciose,2025-10-18,6.3,371
2010GRAC02,Fabio Bini Graciose,2025-10-18,6.51,372
2010GRAC02,Fabio Bini Graciose,2025-11-01,7.66,373
2010GRAC02,Fabio Bini Graciose,2025-11-08,7.46,374
2010GRAC02,Fabio Bini Graciose,2025-11-21,6.13,375
2010GRAC02,Fabio Bini Graciose,2025-11-29,7.3,376
2010GRAC02,Fabio Bini Graciose,2025-12-06,7.66,377
2010GRAC02,Fabio Bini Graciose,2026-01-10,7.03,378
2010GRAC02,Fabio Bini Graciose,2026-01-10,7.71,379
2010GRAC02,Fabio Bini Graciose,2026-01-24,5.39,380
2010GRAC02,Fabio Bini Graciose,2026-01-30,5.97,381
2010GRAC02,Fabio Bini Graciose,2026-02-07,7.65,382
2010GRAC02,Fabio Bini Graciose,2026-02-28,6.81,383
2010GRAC02,Fabio Bini Graciose,2026-04-11,6.43,384
2010GRAC02,Fabio Bini Graciose,2026-04-11,7.6,385
2010GRAC02,Fabio Bini Graciose,2026-04-25,6.98,386
2010GRAC02,Fabio Bini Graciose,2026-05-01,7.74,387
2010GRAC02,Fabio Bini Graciose,2026-05-09,7.72,388
2010RONK01,Niko Ronkainen,2010-08-28,7.12,1
2010RONK01,Niko Ronkainen,2010-08-28,7.81,2
2010RONK01,Niko Ronkainen,2010-09-18,6.4,3
2010RONK01,Niko Ronkainen,2010-09-18,6.23,4
2010RONK01,Niko Ronkainen,2011-01-22,6.29,5
2010RONK01,Niko Ronkainen,2011-01-22,6.2,6
2010RONK01,Niko Ronkainen,2011-04-02,6.19,7
2010RONK01,Niko Ronkainen,2011-05-21,5.59,8
2010RONK01,Niko Ronkainen,2011-05-21,7.52,9
2010RONK01,Niko Ronkainen,2011-09-17,6.2,10
2010RONK01,Niko Ronkainen,2011-10-08,5.54,11
2010RONK01,Niko Ronkainen,2011-10-08,6.33,12
2010RONK01,Niko Ronkainen,2011-10-08,6.92,13
2010RONK01,Niko Ronkainen,2011-12-10,6.68,14
2010RONK01,Niko Ronkainen,2011-12-10,5.54,15
2010RONK01,Niko Ronkainen,2012-06-08,6.11,16
2010RONK01,Niko Ronkainen,2012-06-08,5.93,17
2010RONK01,Niko Ronkainen,2012-06-16,4.69,18
2010RONK01,Niko Ronkainen,2012-06-16,5.15,19
2010RONK01,Niko Ronkainen,2012-09-01,5.76,20
2010RONK01,Niko Ronkainen,2012-10-12,5.22,21
2010RONK01,Niko Ronkainen,2012-10-27,4.85,22
2010RONK01,Niko Ronkainen,2012-10-27,5.43,23
2010RONK01,Niko Ronkainen,2012-10-27,4.97,24
2010RONK01,Niko Ronkainen,2012-12-08,4.89,25
2010RONK01,Niko Ronkainen,2012-12-08,5.99,26
2010RONK01,Niko Ronkainen,2013-03-23,4.06,27
2010RONK01,Niko Ronkainen,2013-03-23,5.73,28
2010RONK01,Niko Ronkainen,2013-05-17,4.56,29
2010RONK01,Niko Ronkainen,2013-05-17,5.57,30
2010RONK01,Niko Ronkainen,2013-09-07,4.79,31
2010RONK01,Niko Ronkainen,2013-09-07,5.24,32
2010RONK01,Niko Ronkainen,2013-10-12,3.57,33
2010RONK01,Niko Ronkainen,2013-10-12,3.85,34
2010RONK01,Niko Ronkainen,2013-10-12,3.67,35
2010RONK01,Niko Ronkainen,2013-11-02,4.98,36
2010RONK01,Niko Ronkainen,2013-11-02,3.97,37
2010RONK01,Niko Ronkainen,2014-02-22,3.56,38
2010RONK01,Niko Ronkainen,2014-02-22,7.58,39
2010RONK01,Niko Ronkainen,2014-05-03,3.82,40
2010RONK01,Niko Ronkainen,2014-05-03,3.9,41
2010RONK01,Niko Ronkainen,2014-05-17,4.47,42
2010RONK01,Niko Ronkainen,2014-05-17,6.39,43
2010RONK01,Niko Ronkainen,2014-05-17,3.79,44
2010RONK01,Niko Ronkainen,2014-08-08,5.26,45
2010RONK01,Niko Ronkainen,2014-08-08,3.13,46
2010RONK01,Niko Ronkainen,2014-08-08,4.43,47
2010RONK01,Niko Ronkainen,2014-10-18,4.68,48
2010RONK01,Niko Ronkainen,2014-10-18,5.64,49
2010RONK01,Niko Ronkainen,2014-10-18,6.24,50
2010RONK01,Niko Ronkainen,2014-12-13,6.79,51
2010RONK01,Niko Ronkainen,2014-12-13,5.64,52
2010RONK01,Niko Ronkainen,2014-12-13,6.16,53
2010RONK01,Niko Ronkainen,2015-06-13,3.63,54
2010RONK01,Niko Ronkainen,2015-06-13,5.05,55
2010RONK01,Niko Ronkainen,2015-06-13,3.69,56
2010RONK01,Niko Ronkainen,2015-07-17,3.88,57
2010RONK01,Niko Ronkainen,2015-07-17,3.55,58
2010RONK01,Niko Ronkainen,2015-07-17,4.43,59
2010RONK01,Niko Ronkainen,2015-08-15,3.77,60
2010RONK01,Niko Ronkainen,2015-08-15,3.42,61
2010RONK01,Niko Ronkainen,2015-09-05,6.91,62
2010RONK01,Niko Ronkainen,2015-09-05,3.0,63
2010RONK01,Niko Ronkainen,2015-10-23,4.42,64
2010RONK01,Niko Ronkainen,2015-10-23,3.12,65
2010RONK01,Niko Ronkainen,2015-10-23,4.18,66
2010RONK01,Niko Ronkainen,2015-11-28,4.37,67
2010RONK01,Niko Ronkainen,2015-11-28,4.04,68
2010RONK01,Niko Ronkainen,2016-03-05,4.01,69
2010RONK01,Niko Ronkainen,2016-03-05,3.61,70
2010RONK01,Niko Ronkainen,2016-03-05,3.95,71
2010RONK01,Niko Ronkainen,2016-04-16,4.01,72
2010RONK01,Niko Ronkainen,2016-04-16,3.85,73
2010RONK01,Niko Ronkainen,2016-04-16,3.73,74
2010RONK01,Niko Ronkainen,2016-06-18,4.24,75
2010RONK01,Niko Ronkainen,2016-06-18,2.8,76
2010RONK01,Niko Ronkainen,2016-06-18,5.0,77
2010RONK01,Niko Ronkainen,2016-07-15,3.05,78
2010RONK01,Niko Ronkainen,2016-07-15,3.08,79
2010RONK01,Niko Ronkainen,2016-09-17,2.76,80
2010RONK01,Niko Ronkainen,2016-09-17,3.31,81
2010RONK01,Niko Ronkainen,2016-09-17,3.07,82
2010RONK01,Niko Ronkainen,2016-11-25,4.57,83
2010RONK01,Niko Ronkainen,2016-11-25,4.21,84
2010RONK01,Niko Ronkainen,2016-11-25,3.2,85
2010RONK01,Niko Ronkainen,2017-01-14,4.99,86
2010RONK01,Niko Ronkainen,2017-02-25,6.21,87
2010RONK01,Niko Ronkainen,2017-02-25,4.95,88
2010RONK01,Niko Ronkainen,2017-02-25,3.42,89
2010RONK01,Niko Ronkainen,2017-04-15,3.76,90
2010RONK01,Niko Ronkainen,2017-04-15,3.75,91
2010RONK01,Niko Ronkainen,2017-04-15,3.97,92
2010RONK01,Niko Ronkainen,2017-04-22,4.17,93
2010RONK01,Niko Ronkainen,2017-04-22,4.33,94
2010RONK01,Niko Ronkainen,2017-04-22,4.9,95
2010RONK01,Niko Ronkainen,2017-06-09,4.48,96
2010RONK01,Niko Ronkainen,2017-06-09,3.17,97
2010RONK01,Niko Ronkainen,2017-06-09,3.67,98
2010RONK01,Niko Ronkainen,2017-07-13,3.72,99
2010RONK01,Niko Ronkainen,2017-07-13,3.05,100
2010RONK01,Niko Ronkainen,2017-07-13,3.79,101
2010RONK01,Niko Ronkainen,2017-09-16,3.59,102
2010RONK01,Niko Ronkainen,2017-09-16,4.36,103
2010RONK01,Niko Ronkainen,2017-09-16,4.51,104
2010RONK01,Niko Ronkainen,2017-10-21,4.21,105
2010RONK01,Niko Ronkainen,2017-10-21,3.16,106
2010RONK01,Niko Ronkainen,2017-10-21,3.33,107
2010RONK01,Niko Ronkainen,2017-11-17,4.13,108
2010RONK01,Niko Ronkainen,2017-11-17,4.34,109
2010RONK01,Niko Ronkainen,2017-11-17,3.15,110
2010RONK01,Niko Ronkainen,2018-01-27,4.01,111
2010RONK01,Niko Ronkainen,2018-01-27,3.72,112
2010RONK01,Niko Ronkainen,2018-01-27,3.11,113
2010RONK01,Niko Ronkainen,2018-02-10,3.65,114
2010RONK01,Niko Ronkainen,2018-02-10,2.54,115
2010RONK01,Niko Ronkainen,2018-03-23,3.46,116
2010RONK01,Niko Ronkainen,2018-03-23,4.1,117
2010RONK01,Niko Ronkainen,2018-03-23,3.55,118
2010RONK01,Niko Ronkainen,2018-04-06,2.73,119
2010RONK01,Niko Ronkainen,2018-04-06,4.9,120
2010RONK01,Niko Ronkainen,2018-04-14,3.2,121
2010RONK01,Niko Ronkainen,2018-04-14,2.74,122
2010RONK01,Niko Ronkainen,2018-04-14,2.83,123
2010RONK01,Niko Ronkainen,2018-05-11,3.5,124
2010RONK01,Niko Ronkainen,2018-05-11,3.92,125
2010RONK01,Niko Ronkainen,2018-05-11,3.59,126
2010RONK01,Niko Ronkainen,2018-06-08,2.9,127
2010RONK01,Niko Ronkainen,2018-06-08,4.18,128
2010RONK01,Niko Ronkainen,2018-06-08,3.35,129
2010RONK01,Niko Ronkainen,2018-06-30,3.36,130
2010RONK01,Niko Ronkainen,2018-06-30,3.8,131
2010RONK01,Niko Ronkainen,2018-06-30,4.67,132
2010RONK01,Niko Ronkainen,2018-07-19,4.2,133
2010RONK01,Niko Ronkainen,2018-07-19,2.62,134
2010RONK01,Niko Ronkainen,2018-07-19,3.82,135
2010RONK01,Niko Ronkainen,2018-08-24,2.93,136
2010RONK01,Niko Ronkainen,2018-08-24,3.28,137
2010RONK01,Niko Ronkainen,2018-08-24,6.35,138
2010RONK01,Niko Ronkainen,2018-09-22,3.45,139
2010RONK01,Niko Ronkainen,2018-09-22,3.05,140
2010RONK01,Niko Ronkainen,2018-10-20,3.37,141
2010RONK01,Niko Ronkainen,2018-10-20,2.97,142
2010RONK01,Niko Ronkainen,2018-10-20,3.73,143
2010RONK01,Niko Ronkainen,2018-11-02,2.36,144
2010RONK01,Niko Ronkainen,2018-11-02,3.12,145
2010RONK01,Niko Ronkainen,2018-11-02,4.07,146
2010RONK01,Niko Ronkainen,2018-11-16,2.89,147
2010RONK01,Niko Ronkainen,2018-11-16,3.97,148
2010RONK01,Niko Ronkainen,2018-11-16,3.92,149
2010RONK01,Niko Ronkainen,2018-12-15,3.45,150
2010RONK01,Niko Ronkainen,2018-12-15,3.14,151
2010RONK01,Niko Ronkainen,2018-12-15,2.84,152
2010RONK01,Niko Ronkainen,2019-01-04,3.35,153
2010RONK01,Niko Ronkainen,2019-01-04,2.72,154
2010RONK01,Niko Ronkainen,2019-01-04,3.33,155
2010RONK01,Niko Ronkainen,2019-01-12,2.8,156
2010RONK01,Niko Ronkainen,2019-01-12,3.84,157
2010RONK01,Niko Ronkainen,2019-01-12,3.32,158
2010RONK01,Niko Ronkainen,2019-02-09,3.45,159
2010RONK01,Niko Ronkainen,2019-02-09,4.93,160
2010RONK01,Niko Ronkainen,2019-02-09,2.69,161
2010RONK01,Niko Ronkainen,2019-03-01,3.28,162
2010RONK01,Niko Ronkainen,2019-03-01,3.34,163
2010RONK01,Niko Ronkainen,2019-03-01,4.09,164
2010RONK01,Niko Ronkainen,2019-03-15,4.81,165
2010RONK01,Niko Ronkainen,2019-04-12,3.11,166
2010RONK01,Niko Ronkainen,2019-04-12,3.79,167
2010RONK01,Niko Ronkainen,2019-04-12,3.52,168
2010RONK01,Niko Ronkainen,2019-04-27,3.57,169
2010RONK01,Niko Ronkainen,2019-04-27,2.98,170
2010RONK01,Niko Ronkainen,2019-04-27,4.14,171
2010RONK01,Niko Ronkainen,2019-05-24,4.45,172
2010RONK01,Niko Ronkainen,2019-05-24,3.41,173
2010RONK01,Niko Ronkainen,2019-05-24,4.81,174
2010RONK01,Niko Ronkainen,2019-06-07,4.35,175
2010RONK01,Niko Ronkainen,2019-06-07,2.94,176
2010RONK01,Niko Ronkainen,2019-06-07,3.54,177
2010RONK01,Niko Ronkainen,2019-06-29,3.76,178
2010RONK01,Niko Ronkainen,2019-06-29,3.62,179
2010RONK01,Niko Ronkainen,2019-07-11,3.44,180
2010RONK01,Niko Ronkainen,2019-07-11,4.51,181
2010RONK01,Niko Ronkainen,2019-09-20,3.3,182
2010RONK01,Niko Ronkainen,2019-09-20,3.41,183
2010RONK01,Niko Ronkainen,2019-09-20,3.15,184
2010RONK01,Niko Ronkainen,2019-10-04,2.97,185
2010RONK01,Niko Ronkainen,2019-10-04,3.41,186
2010RONK01,Niko Ronkainen,2019-10-04,2.98,187
2010RONK01,Niko Ronkainen,2019-11-01,2.75,188
2010RONK01,Niko Ronkainen,2019-11-01,3.64,189
2010RONK01,Niko Ronkainen,2019-11-22,2.69,190
2010RONK01,Niko Ronkainen,2019-11-22,3.51,191
2010RONK01,Niko Ronkainen,2019-11-22,6.04,192
2010RONK01,Niko Ronkainen,2019-12-14,2.79,193
2010RONK01,Niko Ronkainen,2019-12-14,2.89,194
2010RONK01,Niko Ronkainen,2019-12-14,3.26,195
2010RONK01,Niko Ronkainen,2020-01-11,3.31,196
2010RONK01,Niko Ronkainen,2020-01-11,3.31,197
2010RONK01,Niko Ronkainen,2020-01-11,4.01,198
2010RONK01,Niko Ronkainen,2020-02-22,4.0,199
2010RONK01,Niko Ronkainen,2020-03-07,3.37,200
2010RONK01,Niko Ronkainen,2021-10-01,3.7,201
2010RONK01,Niko Ronkainen,2021-10-30,4.05,202
2010RONK01,Niko Ronkainen,2021-10-30,4.29,203
2010RONK01,Niko Ronkainen,2021-12-10,3.43,204
2010RONK01,Niko Ronkainen,2022-02-12,3.61,205
2010RONK01,Niko Ronkainen,2022-02-12,5.21,206
2010RONK01,Niko Ronkainen,2022-03-11,5.58,207
2010RONK01,Niko Ronkainen,2022-04-15,4.31,208
2010RONK01,Niko Ronkainen,2022-04-15,2.68,209
2010RONK01,Niko Ronkainen,2022-04-15,2.95,210
2010RONK01,Niko Ronkainen,2022-04-23,3.4,211
2010RONK01,Niko Ronkainen,2022-04-23,3.17,212
2010RONK01,Niko Ronkainen,2022-04-23,2.62,213
2010RONK01,Niko Ronkainen,2022-05-07,5.64,214
2010RONK01,Niko Ronkainen,2022-06-03,2.9,215
2010RONK01,Niko Ronkainen,2022-06-03,3.49,216
2010RONK01,Niko Ronkainen,2022-06-03,3.82,217
2010RONK01,Niko Ronkainen,2022-06-10,3.92,218
2010RONK01,Niko Ronkainen,2022-06-10,3.13,219
2010RONK01,Niko Ronkainen,2022-06-10,3.35,220
2010RONK01,Niko Ronkainen,2022-07-02,6.72,221
2010RONK01,Niko Ronkainen,2022-07-09,3.77,222
2010RONK01,Niko Ronkainen,2022-07-09,4.05,223
2010RONK01,Niko Ronkainen,2022-07-09,3.66,224
2010RONK01,Niko Ronkainen,2022-07-14,3.6,225
2010RONK01,Niko Ronkainen,2022-07-14,2.75,226
2010RONK01,Niko Ronkainen,2022-08-19,3.56,227
2010RONK01,Niko Ronkainen,2022-08-19,3.04,228
2010RONK01,Niko Ronkainen,2022-08-19,3.3,229
2010RONK01,Niko Ronkainen,2022-08-27,3.26,230
2010RONK01,Niko Ronkainen,2022-08-27,2.98,231
2010RONK01,Niko Ronkainen,2022-08-27,3.32,232
2010RONK01,Niko Ronkainen,2022-09-10,3.31,233
2010RONK01,Niko Ronkainen,2022-09-10,3.15,234
2010RONK01,Niko Ronkainen,2022-09-24,2.97,235
2010RONK01,Niko Ronkainen,2022-09-24,2.81,236
2010RONK01,Niko Ronkainen,2022-10-08,3.84,237
2010RONK01,Niko Ronkainen,2022-10-08,3.23,238
2010RONK01,Niko Ronkainen,2022-10-22,4.18,239
2010RONK01,Niko Ronkainen,2022-10-22,2.75,240
2010RONK01,Niko Ronkainen,2022-10-28,4.86,241
2010RONK01,Niko Ronkainen,2022-10-28,4.21,242
2010RONK01,Niko Ronkainen,2022-10-28,2.36,243
2010RONK01,Niko Ronkainen,2022-11-04,4.09,244
2010RONK01,Niko Ronkainen,2022-11-04,3.51,245
2010RONK01,Niko Ronkainen,2022-11-04,3.05,246
2010RONK01,Niko Ronkainen,2022-11-12,4.02,247
2010RONK01,Niko Ronkainen,2022-11-12,4.31,248
2010RONK01,Niko Ronkainen,2022-12-03,3.3,249
2010RONK01,Niko Ronkainen,2022-12-03,2.75,250
2010RONK01,Niko Ronkainen,2022-12-10,3.94,251
2010RONK01,Niko Ronkainen,2022-12-10,3.02,252
2010RONK01,Niko Ronkainen,2022-12-10,2.58,253
2010RONK01,Niko Ronkainen,2022-12-16,3.91,254
2010RONK01,Niko Ronkainen,2022-12-16,3.33,255
2010RONK01,Niko Ronkainen,2022-12-16,4.25,256
2010RONK01,Niko Ronkainen,2023-01-01,2.52,257
2010RONK01,Niko Ronkainen,2023-01-01,2.3,258
2010RONK01,Niko Ronkainen,2023-01-14,2.74,259
2010RONK01,Niko Ronkainen,2023-01-14,3.89,260
2010RONK01,Niko Ronkainen,2023-01-14,4.07,261
2010RONK01,Niko Ronkainen,2023-01-28,3.15,262
2010RONK01,Niko Ronkainen,2023-01-28,2.97,263
2010RONK01,Niko Ronkainen,2023-02-04,2.42,264
2010RONK01,Niko Ronkainen,2023-02-04,2.17,265
2010RONK01,Niko Ronkainen,2023-02-19,3.14,266
2010RONK01,Niko Ronkainen,2023-02-19,2.78,267
2010RONK01,Niko Ronkainen,2023-02-19,2.87,268
2010RONK01,Niko Ronkainen,2023-03-03,3.55,269
2010RONK01,Niko Ronkainen,2023-03-03,2.73,270
2010RONK01,Niko Ronkainen,2023-03-03,2.42,271
2010RONK01,Niko Ronkainen,2023-03-11,5.86,272
2010RONK01,Niko Ronkainen,2023-03-11,2.49,273
2010RONK01,Niko Ronkainen,2023-03-18,2.16,274
2010RONK01,Niko Ronkainen,2023-03-18,3.58,275
2010RONK01,Niko Ronkainen,2023-03-18,4.22,276
2010RONK01,Niko Ronkainen,2023-03-18,2.37,277
2010RONK01,Niko Ronkainen,2023-03-18,4.57,278
2010RONK01,Niko Ronkainen,2023-04-15,2.68,279
2010RONK01,Niko Ronkainen,2023-04-26,4.76,280
2010RONK01,Niko Ronkainen,2023-04-30,4.16,281
2010RONK01,Niko Ronkainen,2023-04-30,4.59,282
2010RONK01,Niko Ronkainen,2023-05-06,2.97,283
2010RONK01,Niko Ronkainen,2023-05-06,2.21,284
2010RONK01,Niko Ronkainen,2023-05-21,2.64,285
2010RONK01,Niko Ronkainen,2023-05-21,2.65,286
2010RONK01,Niko Ronkainen,2023-05-28,3.17,287
2010RONK01,Niko Ronkainen,2023-06-03,2.78,288
2010RONK01,Niko Ronkainen,2023-06-03,3.16,289
2010RONK01,Niko Ronkainen,2023-06-03,2.18,290
2010RONK01,Niko Ronkainen,2023-06-09,3.74,291
2010RONK01,Niko Ronkainen,2023-06-09,2.6,292
2010RONK01,Niko Ronkainen,2023-06-09,2.67,293
2010RONK01,Niko Ronkainen,2023-06-17,2.22,294
2010RONK01,Niko Ronkainen,2023-06-17,2.39,295
2010RONK01,Niko Ronkainen,2023-06-17,3.0,296
2010RONK01,Niko Ronkainen,2023-06-24,2.79,297
2010RONK01,Niko Ronkainen,2023-06-24,4.05,298
2010RONK01,Niko Ronkainen,2023-07-01,2.42,299
2010RONK01,Niko Ronkainen,2023-07-01,3.38,300
2010RONK01,Niko Ronkainen,2023-07-01,2.65,301
2010RONK01,Niko Ronkainen,2023-07-22,3.52,302
2010RONK01,Niko Ronkainen,2023-07-22,3.76,303
2010RONK01,Niko Ronkainen,2023-07-22,3.7,304
2010RONK01,Niko Ronkainen,2023-07-29,3.15,305
2010RONK01,Niko Ronkainen,2023-07-29,3.43,306
2010RONK01,Niko Ronkainen,2023-08-05,2.37,307
2010RONK01,Niko Ronkainen,2023-08-05,2.59,308
2010RONK01,Niko Ronkainen,2023-08-05,2.62,309
2010RONK01,Niko Ronkainen,2023-08-07,3.24,310
2010RONK01,Niko Ronkainen,2023-08-12,2.87,311
2010RONK01,Niko Ronkainen,2023-08-12,2.56,312
2010RONK01,Niko Ronkainen,2023-09-02,4.1,313
2010RONK01,Niko Ronkainen,2023-09-02,3.46,314
2010RONK01,Niko Ronkainen,2023-09-02,3.05,315
2010RONK01,Niko Ronkainen,2023-09-09,3.34,316
2010RONK01,Niko Ronkainen,2023-09-09,2.55,317
2010RONK01,Niko Ronkainen,2023-09-09,2.71,318
2010RONK01,Niko Ronkainen,2023-09-16,2.53,319
2010RONK01,Niko Ronkainen,2023-09-16,2.62,320
2010RONK01,Niko Ronkainen,2023-09-23,3.04,321
2010RONK01,Niko Ronkainen,2023-09-23,2.94,322
2010RONK01,Niko Ronkainen,2023-09-23,5.76,323
2010RONK01,Niko Ronkainen,2023-10-06,2.35,324
2010RONK01,Niko Ronkainen,2023-10-06,2.45,325
2010RONK01,Niko Ronkainen,2023-10-20,4.57,326
2010RONK01,Niko Ronkainen,2023-10-20,2.53,327
2010RONK01,Niko Ronkainen,2023-10-20,2.54,328
2010RONK01,Niko Ronkainen,2023-10-27,2.74,329
2010RONK01,Niko Ronkainen,2023-10-27,2.5,330
2010RONK01,Niko Ronkainen,2023-10-27,2.7,331
2010RONK01,Niko Ronkainen,2023-11-10,3.05,332
2010RONK01,Niko Ronkainen,2023-11-10,3.88,333
2010RONK01,Niko Ronkainen,2023-11-10,3.1,334
2010RONK01,Niko Ronkainen,2023-11-25,2.53,335
2010RONK01,Niko Ronkainen,2023-11-25,2.44,336
2010RONK01,Niko Ronkainen,2023-12-08,3.07,337
2010RONK01,Niko Ronkainen,2023-12-08,2.87,338
2010RONK01,Niko Ronkainen,2023-12-08,4.42,339
2010RONK01,Niko Ronkainen,2024-02-03,2.39,340
2010RONK01,Niko Ronkainen,2024-02-03,3.5,341
2010RONK01,Niko Ronkainen,2024-02-16,5.52,342
2010RONK01,Niko Ronkainen,2024-02-16,2.87,343
2010RONK01,Niko Ronkainen,2024-02-16,2.69,344
2010RONK01,Niko Ronkainen,2024-03-16,2.93,345
2010RONK01,Niko Ronkainen,2024-03-16,2.46,346
2010RONK01,Niko Ronkainen,2024-03-16,3.32,347
2010RONK01,Niko Ronkainen,2024-04-06,3.07,348
2010RONK01,Niko Ronkainen,2024-04-06,3.15,349
2010RONK01,Niko Ronkainen,2024-04-06,3.61,350
2010RONK01,Niko Ronkainen,2024-04-20,3.9,351
2010RONK01,Niko Ronkainen,2024-04-20,3.24,352
2010RONK01,Niko Ronkainen,2024-04-20,2.52,353
2010RONK01,Niko Ronkainen,2024-05-04,2.82,354
2010RONK01,Niko Ronkainen,2024-05-04,2.97,355
2010RONK01,Niko Ronkainen,2024-05-04,2.95,356
2010RONK01,Niko Ronkainen,2024-05-11,4.11,357
2010RONK01,Niko Ronkainen,2024-05-18,3.19,358
2010RONK01,Niko Ronkainen,2024-05-18,3.22,359
2010RONK01,Niko Ronkainen,2024-05-18,2.36,360
2010RONK01,Niko Ronkainen,2024-05-18,2.56,361
2010RONK01,Niko Ronkainen,2024-05-18,4.11,362
2010RONK01,Niko Ronkainen,2024-06-01,2.25,363
2010RONK01,Niko Ronkainen,2024-06-01,2.82,364
2010RONK01,Niko Ronkainen,2024-06-01,2.55,365
2010RONK01,Niko Ronkainen,2024-06-07,3.56,366
2010RONK01,Niko Ronkainen,2024-06-07,3.09,367
2010RONK01,Niko Ronkainen,2024-06-07,2.99,368
2010RONK01,Niko Ronkainen,2024-06-15,3.54,369
2010RONK01,Niko Ronkainen,2024-06-15,2.76,370
2010RONK01,Niko Ronkainen,2024-06-15,2.43,371
2010RONK01,Niko Ronkainen,2024-06-20,2.24,372
2010RONK01,Niko Ronkainen,2024-06-20,3.36,373
2010RONK01,Niko Ronkainen,2024-07-06,2.79,374
2010RONK01,Niko Ronkainen,2024-07-06,2.51,375
2010RONK01,Niko Ronkainen,2024-07-13,3.79,376
2010RONK01,Niko Ronkainen,2024-07-13,2.62,377
2010RONK01,Niko Ronkainen,2024-07-20,3.07,378
2010RONK01,Niko Ronkainen,2024-07-20,3.57,379
2010RONK01,Niko Ronkainen,2024-07-20,2.32,380
2010RONK01,Niko Ronkainen,2024-07-25,2.64,381
2010RONK01,Niko Ronkainen,2024-07-25,2.94,382
2010RONK01,Niko Ronkainen,2024-08-03,2.47,383
2010RONK01,Niko Ronkainen,2024-08-03,5.45,384
2010RONK01,Niko Ronkainen,2024-08-03,2.99,385
2010RONK01,Niko Ronkainen,2024-08-24,3.12,386
2010RONK01,Niko Ronkainen,2024-08-24,3.12,387
2010RONK01,Niko Ronkainen,2024-08-24,2.13,388
2010RONK01,Niko Ronkainen,2024-08-30,2.68,389
2010RONK01,Niko Ronkainen,2024-08-30,2.11,390
2010RONK01,Niko Ronkainen,2024-08-30,3.05,391
2010RONK01,Niko Ronkainen,2024-09-07,2.39,392
2010RONK01,Niko Ronkainen,2024-09-07,2.85,393
2010RONK01,Niko Ronkainen,2024-09-07,2.53,394
2010RONK01,Niko Ronkainen,2024-09-13,2.12,395
2010RONK01,Niko Ronkainen,2024-09-13,3.37,396
2010RONK01,Niko Ronkainen,2024-09-13,2.22,397
2010RONK01,Niko Ronkainen,2024-09-21,2.88,398
2010RONK01,Niko Ronkainen,2024-09-21,2.82,399
2010RONK01,Niko Ronkainen,2024-09-21,3.26,400
2010RONK01,Niko Ronkainen,2024-10-04,2.67,401
2010RONK01,Niko Ronkainen,2024-10-04,2.67,402
2010RONK01,Niko Ronkainen,2024-10-04,2.67,403
2010RONK01,Niko Ronkainen,2024-10-12,2.36,404
2010RONK01,Niko Ronkainen,2024-10-12,2.44,405
2010RONK01,Niko Ronkainen,2024-10-17,3.04,406
2010RONK01,Niko Ronkainen,2024-10-17,2.06,407
2010RONK01,Niko Ronkainen,2024-10-17,3.03,408
2010RONK01,Niko Ronkainen,2024-10-17,2.86,409
2010RONK01,Niko Ronkainen,2024-11-01,3.22,410
2010RONK01,Niko Ronkainen,2024-11-09,1.95,411
2010RONK01,Niko Ronkainen,2024-11-09,3.85,412
2010RONK01,Niko Ronkainen,2024-12-07,3.95,413
2010RONK01,Niko Ronkainen,2024-12-07,3.39,414
2010RONK01,Niko Ronkainen,2024-12-07,3.48,415
2010RONK01,Niko Ronkainen,2025-01-11,3.08,416
2010RONK01,Niko Ronkainen,2025-01-11,2.52,417
2010RONK01,Niko Ronkainen,2025-02-22,4.82,418
2010RONK01,Niko Ronkainen,2025-02-22,3.18,419
2010RONK01,Niko Ronkainen,2025-02-22,2.26,420
2010RONK01,Niko Ronkainen,2025-03-15,3.18,421
2010RONK01,Niko Ronkainen,2025-03-15,3.86,422
2010RONK01,Niko Ronkainen,2025-03-15,2.57,423
2010RONK01,Niko Ronkainen,2025-03-22,3.73,424
2010RONK01,Niko Ronkainen,2025-03-22,3.1,425
2010RONK01,Niko Ronkainen,2025-03-22,3.52,426
2010RONK01,Niko Ronkainen,2025-03-29,3.36,427
2010RONK01,Niko Ronkainen,2025-03-29,2.55,428
2010RONK01,Niko Ronkainen,2025-04-04,3.18,429
2010RONK01,Niko Ronkainen,2025-04-04,3.04,430
2010RONK01,Niko Ronkainen,2025-04-04,2.99,431
2010RONK01,Niko Ronkainen,2025-04-26,3.54,432
2010RONK01,Niko Ronkainen,2025-04-26,2.22,433
2010RONK01,Niko Ronkainen,2025-04-27,3.79,434
2010RONK01,Niko Ronkainen,2025-04-27,4.82,435
2010RONK01,Niko Ronkainen,2025-05-10,2.96,436
2010RONK01,Niko Ronkainen,2025-05-10,3.53,437
2010RONK01,Niko Ronkainen,2025-05-10,2.87,438
2010RONK01,Niko Ronkainen,2025-05-23,2.62,439
2010RONK01,Niko Ronkainen,2025-05-23,2.82,440
2010RONK01,Niko Ronkainen,2025-05-30,2.55,441
2010RONK01,Niko Ronkainen,2025-05-30,2.73,442
2010RONK01,Niko Ronkainen,2025-06-06,2.29,443
2010RONK01,Niko Ronkainen,2025-06-06,2.43,444
2010RONK01,Niko Ronkainen,2025-06-06,5.27,445
2010RONK01,Niko Ronkainen,2025-06-14,2.3,446
2010RONK01,Niko Ronkainen,2025-06-14,3.85,447
2010RONK01,Niko Ronkainen,2025-06-26,4.07,448
2010RONK01,Niko Ronkainen,2025-06-26,2.61,449
2010RONK01,Niko Ronkainen,2025-06-28,3.43,450
2010RONK01,Niko Ronkainen,2025-06-28,2.78,451
2010RONK01,Niko Ronkainen,2025-06-28,3.21,452
2010RONK01,Niko Ronkainen,2025-07-03,3.23,453
2010RONK01,Niko Ronkainen,2025-07-10,2.78,454
2010RONK01,Niko Ronkainen,2025-07-10,3.65,455
2010RONK01,Niko Ronkainen,2025-07-15,6.74,456
2010RONK01,Niko Ronkainen,2025-07-16,2.64,457
2010RONK01,Niko Ronkainen,2025-07-16,5.29,458
2010RONK01,Niko Ronkainen,2025-07-26,2.78,459
2010RONK01,Niko Ronkainen,2025-07-26,3.42,460
2010RONK01,Niko Ronkainen,2025-08-09,3.15,461
2010RONK01,Niko Ronkainen,2025-08-09,3.09,462
2010RONK01,Niko Ronkainen,2025-09-06,3.36,463
2010RONK01,Niko Ronkainen,2025-09-06,2.35,464
2010RONK01,Niko Ronkainen,2025-09-06,2.31,465
2010RONK01,Niko Ronkainen,2025-09-13,2.69,466
2010RONK01,Niko Ronkainen,2025-09-13,3.44,467
2010RONK01,Niko Ronkainen,2025-09-13,2.5,468
2010RONK01,Niko Ronkainen,2025-09-26,2.51,469
2010RONK01,Niko Ronkainen,2025-09-26,3.07,470
2010RONK01,Niko Ronkainen,2025-09-26,3.36,471
2010RONK01,Niko Ronkainen,2025-10-11,3.47,472
2010RONK01,Niko Ronkainen,2025-10-11,2.58,473
2010RONK01,Niko Ronkainen,2025-10-11,2.34,474
2010RONK01,Niko Ronkainen,2025-10-17,2.21,475
2010RONK01,Niko Ronkainen,2025-10-17,2.9,476
2010RONK01,Niko Ronkainen,2025-10-17,3.96,477
2010RONK01,Niko Ronkainen,2025-10-25,4.37,478
2010RONK01,Niko Ronkainen,2025-10-25,3.12,479
2010RONK01,Niko Ronkainen,2025-10-31,5.87,480
2010RONK01,Niko Ronkainen,2025-11-08,2.52,481
2010RONK01,Niko Ronkainen,2025-11-15,2.2,482
2010RONK01,Niko Ronkainen,2025-11-15,2.54,483
2010RONK01,Niko Ronkainen,2025-11-15,2.31,484
2010RONK01,Niko Ronkainen,2025-11-22,3.47,485
2010RONK01,Niko Ronkainen,2025-11-22,3.08,486
2010RONK01,Niko Ronkainen,2025-11-22,2.66,487
2010RONK01,Niko Ronkainen,2025-11-29,2.6,488
2010RONK01,Niko Ronkainen,2025-11-29,2.62,489
2010RONK01,Niko Ronkainen,2025-11-29,4.95,490
2010RONK01,Niko Ronkainen,2025-12-26,2.78,491
2010RONK01,Niko Ronkainen,2025-12-26,3.18,492
2010RONK01,Niko Ronkainen,2025-12-26,2.81,493
2010RONK01,Niko Ronkainen,2026-01-03,3.64,494
2010RONK01,Niko Ronkainen,2026-01-03,3.06,495
2010RONK01,Niko Ronkainen,2026-01-24,2.58,496
2010RONK01,Niko Ronkainen,2026-01-24,4.89,497
2010RONK01,Niko Ronkainen,2026-01-24,3.15,498
2010RONK01,Niko Ronkainen,2026-02-15,3.75,499
2010RONK01,Niko Ronkainen,2026-02-15,2.56,500
2010RONK01,Niko Ronkainen,2026-02-28,2.58,501
2010RONK01,Niko Ronkainen,2026-02-28,2.63,502
2010RONK01,Niko Ronkainen,2026-02-28,4.31,503
2010RONK01,Niko Ronkainen,2026-03-07,2.73,504
2010RONK01,Niko Ronkainen,2026-03-07,3.17,505
2010RONK01,Niko Ronkainen,2026-03-14,2.83,506
2010RONK01,Niko Ronkainen,2026-03-14,3.51,507
2010RONK01,Niko Ronkainen,2026-03-21,2.27,508
2010RONK01,Niko Ronkainen,2026-03-21,2.74,509
2010RONK01,Niko Ronkainen,2026-03-21,2.46,510
2010RONK01,Niko Ronkainen,2026-03-28,2.86,511
2010RONK01,Niko Ronkainen,2026-03-28,2.81,512
2010RONK01,Niko Ronkainen,2026-03-28,2.59,513
2010RONK01,Niko Ronkainen,2026-04-03,2.34,514
2010RONK01,Niko Ronkainen,2026-04-03,2.71,515
2010RONK01,Niko Ronkainen,2026-04-03,3.28,516
2010RONK01,Niko Ronkainen,2026-04-11,4.08,517
2010RONK01,Niko Ronkainen,2026-04-11,3.42,518
2010RONK01,Niko Ronkainen,2026-04-18,2.28,519
2010RONK01,Niko Ronkainen,2026-04-18,3.34,520
2010RONK01,Niko Ronkainen,2026-04-18,6.23,521
2010RONK01,Niko Ronkainen,2026-04-25,3.18,522
2010RONK01,Niko Ronkainen,2026-04-25,2.69,523
2010RONK01,Niko Ronkainen,2026-04-25,3.38,524
2010RONK01,Niko Ronkainen,2026-05-01,2.89,525
2010RONK01,Niko Ronkainen,2026-05-01,3.18,526
2010RONK01,Niko Ronkainen,2026-05-08,4.94,527
2010RONK01,Niko Ronkainen,2026-05-08,2.66,528
2010RONK01,Niko Ronkainen,2026-05-08,2.37,529
2010RONK01,Niko Ronkainen,2026-05-15,2.57,530
2010RONK01,Niko Ronkainen,2026-05-15,2.67,531
2010RONK01,Niko Ronkainen,2026-05-23,4.15,532
2010RONK01,Niko Ronkainen,2026-05-23,3.12,533
2010ROSE03,Dennis Rosero,2010-12-11,9.56,1
2010ROSE03,Dennis Rosero,2011-05-28,7.03,2
2010ROSE03,Dennis Rosero,2011-08-06,11.84,3
2010ROSE03,Dennis Rosero,2011-08-27,8.11,4
2010ROSE03,Dennis Rosero,2011-12-18,5.95,5
2010ROSE03,Dennis Rosero,2012-04-21,7.04,6
2010ROSE03,Dennis Rosero,2012-05-26,6.01,7
2010ROSE03,Dennis Rosero,2012-05-26,5.29,8
2010ROSE03,Dennis Rosero,2012-05-26,6.84,9
2010ROSE03,Dennis Rosero,2012-06-30,6.41,10
2010ROSE03,Dennis Rosero,2012-08-04,9.84,11
2010ROSE03,Dennis Rosero,2012-10-12,5.36,12
2010ROSE03,Dennis Rosero,2012-11-11,5.46,13
2010ROSE03,Dennis Rosero,2012-11-11,5.9,14
2010ROSE03,Dennis Rosero,2013-04-07,5.53,15
2010ROSE03,Dennis Rosero,2013-04-07,5.09,16
2010ROSE03,Dennis Rosero,2013-06-08,5.73,17
2010ROSE03,Dennis Rosero,2013-06-08,5.64,18
2010ROSE03,Dennis Rosero,2013-09-22,6.42,19
2010ROSE03,Dennis Rosero,2013-09-29,5.92,20
2010ROSE03,Dennis Rosero,2013-10-13,5.44,21
2010ROSE03,Dennis Rosero,2013-12-14,6.08,22
2010ROSE03,Dennis Rosero,2013-12-14,9.26,23
2010ROSE03,Dennis Rosero,2013-12-20,8.98,24
2010ROSE03,Dennis Rosero,2013-12-20,6.65,25
2010ROSE03,Dennis Rosero,2014-02-02,5.02,26
2010ROSE03,Dennis Rosero,2014-02-02,6.38,27
2010ROSE03,Dennis Rosero,2014-05-19,5.75,28
2010ROSE03,Dennis Rosero,2014-08-22,6.42,29
2010ROSE03,Dennis Rosero,2014-08-22,5.85,30
2010ROSE03,Dennis Rosero,2014-09-27,6.95,31
2010ROSE03,Dennis Rosero,2015-05-16,7.49,32
2010ROSE03,Dennis Rosero,2015-05-16,6.43,33
2010ROSE03,Dennis Rosero,2015-06-20,10.14,34
2010ROSE03,Dennis Rosero,2015-08-07,7.8,35
2010ROSE03,Dennis Rosero,2015-09-12,5.23,36
2010ROSE03,Dennis Rosero,2015-09-12,4.48,37
2010ROSE03,Dennis Rosero,2015-09-12,5.26,38
2010ROSE03,Dennis Rosero,2015-10-04,7.27,39
2010ROSE03,Dennis Rosero,2016-04-16,4.52,40
2010ROSE03,Dennis Rosero,2016-04-16,4.94,41
2010ROSE03,Dennis Rosero,2016-05-07,5.94,42
2010ROSE03,Dennis Rosero,2016-05-07,5.67,43
2010ROSE03,Dennis Rosero,2016-06-04,5.33,44
2010ROSE03,Dennis Rosero,2016-06-04,6.01,45
2010ROSE03,Dennis Rosero,2016-06-25,5.13,46
2010ROSE03,Dennis Rosero,2016-10-15,5.48,47
2010ROSE03,Dennis Rosero,2016-10-15,4.93,48
2010ROSE03,Dennis Rosero,2016-10-15,5.34,49
2010ROSE03,Dennis Rosero,2016-11-05,6.15,50
2010ROSE03,Dennis Rosero,2016-11-05,4.88,51
2010ROSE03,Dennis Rosero,2017-02-18,5.44,52
2010ROSE03,Dennis Rosero,2017-02-18,4.75,53
2010ROSE03,Dennis Rosero,2017-04-08,5.82,54
2010ROSE03,Dennis Rosero,2017-04-08,7.03,55
2010ROSE03,Dennis Rosero,2017-05-27,5.95,56
2010ROSE03,Dennis Rosero,2017-05-27,6.95,57
2010ROSE03,Dennis Rosero,2017-07-01,6.62,58
2010ROSE03,Dennis Rosero,2018-04-22,5.46,59
2010ROSE03,Dennis Rosero,2018-06-16,5.65,60
2010ROSE03,Dennis Rosero,2018-07-20,5.43,61
2010ROSE03,Dennis Rosero,2018-07-20,5.55,62
2010ROSE03,Dennis Rosero,2018-09-15,4.56,63
2010ROSE03,Dennis Rosero,2018-10-27,5.96,64
2010ROSE03,Dennis Rosero,2018-10-27,6.12,65
2010ROSE03,Dennis Rosero,2018-11-02,5.79,66
2010ROSE03,Dennis Rosero,2018-11-02,7.26,67
2010ROSE03,Dennis Rosero,2018-12-01,5.49,68
2010ROSE03,Dennis Rosero,2018-12-08,5.19,69
2010ROSE03,Dennis Rosero,2018-12-08,4.6,70
2010ROSE03,Dennis Rosero,2019-02-02,4.62,71
2010ROSE03,Dennis Rosero,2019-02-02,5.29,72
2010ROSE03,Dennis Rosero,2019-02-23,6.39,73
2010ROSE03,Dennis Rosero,2019-02-23,6.63,74
2010ROSE03,Dennis Rosero,2019-03-03,5.58,75
2010ROSE03,Dennis Rosero,2019-03-03,5.96,76
2010ROSE03,Dennis Rosero,2019-03-03,5.68,77
2010ROSE03,Dennis Rosero,2019-03-24,4.93,78
2010ROSE03,Dennis Rosero,2019-03-24,5.12,79
2010ROSE03,Dennis Rosero,2019-03-31,4.42,80
2010ROSE03,Dennis Rosero,2019-03-31,4.82,81
2010ROSE03,Dennis Rosero,2019-04-13,5.02,82
2010ROSE03,Dennis Rosero,2019-04-13,5.54,83
2010ROSE03,Dennis Rosero,2019-05-26,5.04,84
2010ROSE03,Dennis Rosero,2019-06-01,5.03,85
2010ROSE03,Dennis Rosero,2019-06-01,4.07,86
2010ROSE03,Dennis Rosero,2019-06-16,5.58,87
2010ROSE03,Dennis Rosero,2019-06-22,5.34,88
2010ROSE03,Dennis Rosero,2019-06-22,4.81,89
2010ROSE03,Dennis Rosero,2019-06-22,5.96,90
2010ROSE03,Dennis Rosero,2019-07-19,4.5,91
2010ROSE03,Dennis Rosero,2019-07-19,4.47,92
2010ROSE03,Dennis Rosero,2019-07-19,5.02,93
2010ROSE03,Dennis Rosero,2019-08-03,5.1,94
2010ROSE03,Dennis Rosero,2019-08-03,4.52,95
2010ROSE03,Dennis Rosero,2019-08-18,6.09,96
2010ROSE03,Dennis Rosero,2019-08-18,5.21,97
2010ROSE03,Dennis Rosero,2019-09-08,5.86,98
2010ROSE03,Dennis Rosero,2019-09-08,5.33,99
2010ROSE03,Dennis Rosero,2019-09-14,4.74,100
2010ROSE03,Dennis Rosero,2019-09-14,4.86,101
2010ROSE03,Dennis Rosero,2019-09-14,6.13,102
2010ROSE03,Dennis Rosero,2019-09-29,4.12,103
2010ROSE03,Dennis Rosero,2019-09-29,4.74,104
2010ROSE03,Dennis Rosero,2019-10-26,5.28,105
2010ROSE03,Dennis Rosero,2019-10-26,5.37,106
2010ROSE03,Dennis Rosero,2019-11-16,6.16,107
2010ROSE03,Dennis Rosero,2019-11-16,4.52,108
2010ROSE03,Dennis Rosero,2019-12-15,5.23,109
2010ROSE03,Dennis Rosero,2020-01-18,4.74,110
2010ROSE03,Dennis Rosero,2020-01-18,5.15,111
2010ROSE03,Dennis Rosero,2020-02-22,5.69,112
2010ROSE03,Dennis Rosero,2020-02-22,5.9,113
2010ROSE03,Dennis Rosero,2020-03-07,5.01,114
2010ROSE03,Dennis Rosero,2020-03-07,5.05,115
2010ROSE03,Dennis Rosero,2021-10-02,5.52,116
2010ROSE03,Dennis Rosero,2021-11-13,5.32,117
2010ROSE03,Dennis Rosero,2021-11-13,5.45,118
2010ROSE03,Dennis Rosero,2021-12-18,6.72,119
2010ROSE03,Dennis Rosero,2022-02-26,5.75,120
2010ROSE03,Dennis Rosero,2022-05-15,5.94,121
2010ROSE03,Dennis Rosero,2022-06-04,5.95,122
2010ROSE03,Dennis Rosero,2022-07-22,5.49,123
2010ROSE03,Dennis Rosero,2022-08-06,7.85,124
2010ROSE03,Dennis Rosero,2022-08-27,5.88,125
2010ROSE03,Dennis Rosero,2022-09-04,4.8,126
2010ROSE03,Dennis Rosero,2022-09-04,5.06,127
2010ROSE03,Dennis Rosero,2022-09-17,5.5,128
2010ROSE03,Dennis Rosero,2022-09-17,5.54,129
2010ROSE03,Dennis Rosero,2022-09-24,5.77,130
2010ROSE03,Dennis Rosero,2022-10-22,6.18,131
2010ROSE03,Dennis Rosero,2022-11-05,6.1,132
2010ROSE03,Dennis Rosero,2022-11-19,5.71,133
2010ROSE03,Dennis Rosero,2022-11-19,5.28,134
2010ROSE03,Dennis Rosero,2022-11-20,5.03,135
2010ROSE03,Dennis Rosero,2022-11-20,5.05,136
2010ROSE03,Dennis Rosero,2022-11-27,4.53,137
2010ROSE03,Dennis Rosero,2022-12-03,4.52,138
2010ROSE03,Dennis Rosero,2022-12-03,5.12,139
2010ROSE03,Dennis Rosero,2023-01-21,4.38,140
2010ROSE03,Dennis Rosero,2023-01-21,4.58,141
2010ROSE03,Dennis Rosero,2023-01-21,4.82,142
2010ROSE03,Dennis Rosero,2023-01-28,4.61,143
2010ROSE03,Dennis Rosero,2023-01-28,4.35,144
2010ROSE03,Dennis Rosero,2023-01-28,4.94,145
2010ROSE03,Dennis Rosero,2023-01-29,6.26,146
2010ROSE03,Dennis Rosero,2023-02-04,4.66,147
2010ROSE03,Dennis Rosero,2023-02-04,4.42,148
2010ROSE03,Dennis Rosero,2023-02-04,5.09,149
2010ROSE03,Dennis Rosero,2023-02-11,4.51,150
2010ROSE03,Dennis Rosero,2023-02-11,6.63,151
2010ROSE03,Dennis Rosero,2023-02-12,5.06,152
2010ROSE03,Dennis Rosero,2023-02-12,5.29,153
2010ROSE03,Dennis Rosero,2023-02-25,5.65,154
2010ROSE03,Dennis Rosero,2023-02-26,5.06,155
2010ROSE03,Dennis Rosero,2023-02-26,4.47,156
2010ROSE03,Dennis Rosero,2023-02-26,7.11,157
2010ROSE03,Dennis Rosero,2023-03-18,8.33,158
2010ROSE03,Dennis Rosero,2023-03-19,6.08,159
2010ROSE03,Dennis Rosero,2023-03-19,4.67,160
2010ROSE03,Dennis Rosero,2023-03-19,5.13,161
2010ROSE03,Dennis Rosero,2023-03-26,6.73,162
2010ROSE03,Dennis Rosero,2023-04-01,6.03,163
2010ROSE03,Dennis Rosero,2023-04-02,4.69,164
2010ROSE03,Dennis Rosero,2023-04-02,6.4,165
2010ROSE03,Dennis Rosero,2023-04-16,5.43,166
2010ROSE03,Dennis Rosero,2023-04-16,7.04,167
2010ROSE03,Dennis Rosero,2023-04-16,6.04,168
2010ROSE03,Dennis Rosero,2023-04-29,5.64,169
2010ROSE03,Dennis Rosero,2023-04-29,4.59,170
2010ROSE03,Dennis Rosero,2023-05-06,4.26,171
2010ROSE03,Dennis Rosero,2023-05-06,5.31,172
2010ROSE03,Dennis Rosero,2023-05-13,5.26,173
2010ROSE03,Dennis Rosero,2023-05-20,6.49,174
2010ROSE03,Dennis Rosero,2023-06-03,4.72,175
2010ROSE03,Dennis Rosero,2023-06-03,5.95,176
2010ROSE03,Dennis Rosero,2023-06-04,7.79,177
2010ROSE03,Dennis Rosero,2023-06-24,6.81,178
2010ROSE03,Dennis Rosero,2023-06-24,5.02,179
2010ROSE03,Dennis Rosero,2023-06-24,4.45,180
2010ROSE03,Dennis Rosero,2023-06-25,4.96,181
2010ROSE03,Dennis Rosero,2023-06-25,4.77,182
2010ROSE03,Dennis Rosero,2023-06-25,4.59,183
2010ROSE03,Dennis Rosero,2023-07-01,4.91,184
2010ROSE03,Dennis Rosero,2023-07-01,4.68,185
2010ROSE03,Dennis Rosero,2023-07-02,5.35,186
2010ROSE03,Dennis Rosero,2023-07-15,8.5,187
2010ROSE03,Dennis Rosero,2023-07-16,5.09,188
2010ROSE03,Dennis Rosero,2023-07-16,5.31,189
2010ROSE03,Dennis Rosero,2023-07-16,5.21,190
2010ROSE03,Dennis Rosero,2023-07-22,5.22,191
2010ROSE03,Dennis Rosero,2023-07-22,5.22,192
2010ROSE03,Dennis Rosero,2023-07-23,4.77,193
2010ROSE03,Dennis Rosero,2023-07-23,4.98,194
2010ROSE03,Dennis Rosero,2023-08-13,4.8,195
2010ROSE03,Dennis Rosero,2023-08-13,6.0,196
2010ROSE03,Dennis Rosero,2023-08-18,4.24,197
2010ROSE03,Dennis Rosero,2023-08-18,5.09,198
2010ROSE03,Dennis Rosero,2023-08-20,4.69,199
2010ROSE03,Dennis Rosero,2023-08-20,5.09,200
2010ROSE03,Dennis Rosero,2023-08-26,4.36,201
2010ROSE03,Dennis Rosero,2023-08-26,6.31,202
2010ROSE03,Dennis Rosero,2023-09-02,5.16,203
2010ROSE03,Dennis Rosero,2023-09-02,5.38,204
2010ROSE03,Dennis Rosero,2023-09-16,4.94,205
2010ROSE03,Dennis Rosero,2023-09-16,4.66,206
2010ROSE03,Dennis Rosero,2023-09-17,4.95,207
2010ROSE03,Dennis Rosero,2023-09-23,3.86,208
2010ROSE03,Dennis Rosero,2023-09-23,3.74,209
2010ROSE03,Dennis Rosero,2023-09-24,4.64,210
2010ROSE03,Dennis Rosero,2023-09-24,5.03,211
2010ROSE03,Dennis Rosero,2023-09-30,4.7,212
2010ROSE03,Dennis Rosero,2023-10-21,5.95,213
2010ROSE03,Dennis Rosero,2023-10-21,5.13,214
2010ROSE03,Dennis Rosero,2023-10-21,4.71,215
2010ROSE03,Dennis Rosero,2023-10-28,5.48,216
2010ROSE03,Dennis Rosero,2023-10-28,4.81,217
2010ROSE03,Dennis Rosero,2023-11-06,6.16,218
2010ROSE03,Dennis Rosero,2023-11-13,4.72,219
2010ROSE03,Dennis Rosero,2023-11-13,6.83,220
2010ROSE03,Dennis Rosero,2023-11-18,4.95,221
2010ROSE03,Dennis Rosero,2023-11-18,4.66,222
2010ROSE03,Dennis Rosero,2023-11-19,5.98,223
2010ROSE03,Dennis Rosero,2023-11-25,4.96,224
2010ROSE03,Dennis Rosero,2023-11-25,4.42,225
2010ROSE03,Dennis Rosero,2023-11-26,4.38,226
2010ROSE03,Dennis Rosero,2023-11-26,5.04,227
2010ROSE03,Dennis Rosero,2023-12-02,5.03,228
2010ROSE03,Dennis Rosero,2023-12-02,4.65,229
2010ROSE03,Dennis Rosero,2023-12-03,4.72,230
2010ROSE03,Dennis Rosero,2023-12-03,5.07,231
2010ROSE03,Dennis Rosero,2023-12-10,4.54,232
2010ROSE03,Dennis Rosero,2023-12-10,5.54,233
2010ROSE03,Dennis Rosero,2023-12-17,4.35,234
2010ROSE03,Dennis Rosero,2023-12-17,4.65,235
2010ROSE03,Dennis Rosero,2023-12-17,4.67,236
2010ROSE03,Dennis Rosero,2023-12-17,6.14,237
2010ROSE03,Dennis Rosero,2023-12-23,4.91,238
2010ROSE03,Dennis Rosero,2023-12-23,4.63,239
2010ROSE03,Dennis Rosero,2024-01-07,5.14,240
2010ROSE03,Dennis Rosero,2024-01-21,5.3,241
2010ROSE03,Dennis Rosero,2024-01-21,6.36,242
2010ROSE03,Dennis Rosero,2024-01-27,5.5,243
2010ROSE03,Dennis Rosero,2024-01-27,5.06,244
2010ROSE03,Dennis Rosero,2024-01-28,6.32,245
2010ROSE03,Dennis Rosero,2024-02-03,5.46,246
2010ROSE03,Dennis Rosero,2024-02-03,5.18,247
2010ROSE03,Dennis Rosero,2024-02-03,6.21,248
2010ROSE03,Dennis Rosero,2024-02-10,4.9,249
2010ROSE03,Dennis Rosero,2024-02-10,4.48,250
2010ROSE03,Dennis Rosero,2024-02-11,4.51,251
2010ROSE03,Dennis Rosero,2024-02-11,6.02,252
2010ROSE03,Dennis Rosero,2024-02-11,4.78,253
2010ROSE03,Dennis Rosero,2024-02-24,5.22,254
2010ROSE03,Dennis Rosero,2024-02-24,4.92,255
2010ROSE03,Dennis Rosero,2024-03-09,5.73,256
2010ROSE03,Dennis Rosero,2024-03-09,5.0,257
2010ROSE03,Dennis Rosero,2024-03-10,4.47,258
2010ROSE03,Dennis Rosero,2024-03-10,4.4,259
2010ROSE03,Dennis Rosero,2024-03-16,5.25,260
2010ROSE03,Dennis Rosero,2024-03-16,5.05,261
2010ROSE03,Dennis Rosero,2024-03-17,4.65,262
2010ROSE03,Dennis Rosero,2024-03-17,4.28,263
2010ROSE03,Dennis Rosero,2024-03-17,4.4,264
2010ROSE03,Dennis Rosero,2024-03-23,5.98,265
2010ROSE03,Dennis Rosero,2024-04-07,5.22,266
2010ROSE03,Dennis Rosero,2024-04-13,5.25,267
2010ROSE03,Dennis Rosero,2024-04-13,4.54,268
2010ROSE03,Dennis Rosero,2024-04-14,4.64,269
2010ROSE03,Dennis Rosero,2024-04-14,5.53,270
2010ROSE03,Dennis Rosero,2024-04-21,4.86,271
2010ROSE03,Dennis Rosero,2024-04-21,4.2,272
2010ROSE03,Dennis Rosero,2024-05-04,4.68,273
2010ROSE03,Dennis Rosero,2024-05-04,4.8,274
2010ROSE03,Dennis Rosero,2024-05-04,4.37,275
2010ROSE03,Dennis Rosero,2024-05-05,5.32,276
2010ROSE03,Dennis Rosero,2024-05-05,5.7,277
2010ROSE03,Dennis Rosero,2024-05-12,4.76,278
2010ROSE03,Dennis Rosero,2024-05-12,4.73,279
2010ROSE03,Dennis Rosero,2024-05-25,6.49,280
2010ROSE03,Dennis Rosero,2024-05-25,6.08,281
2010ROSE03,Dennis Rosero,2024-06-02,4.58,282
2010ROSE03,Dennis Rosero,2024-06-02,4.77,283
2010ROSE03,Dennis Rosero,2024-06-03,5.37,284
2010ROSE03,Dennis Rosero,2024-06-03,5.65,285
2010ROSE03,Dennis Rosero,2024-06-08,5.9,286
2010ROSE03,Dennis Rosero,2024-06-08,4.31,287
2010ROSE03,Dennis Rosero,2024-06-08,6.05,288
2010ROSE03,Dennis Rosero,2024-06-09,4.67,289
2010ROSE03,Dennis Rosero,2024-06-09,5.21,290
2010ROSE03,Dennis Rosero,2024-06-10,7.11,291
2010ROSE03,Dennis Rosero,2024-06-16,5.53,292
2010ROSE03,Dennis Rosero,2024-06-16,5.21,293
2010ROSE03,Dennis Rosero,2024-06-16,5.38,294
2010ROSE03,Dennis Rosero,2024-06-29,5.0,295
2010ROSE03,Dennis Rosero,2024-06-29,4.73,296
2010ROSE03,Dennis Rosero,2024-07-07,4.73,297
2010ROSE03,Dennis Rosero,2024-07-07,5.28,298
2010ROSE03,Dennis Rosero,2024-07-07,6.01,299
2010ROSE03,Dennis Rosero,2024-07-13,6.07,300
2010ROSE03,Dennis Rosero,2024-08-03,4.57,301
2010ROSE03,Dennis Rosero,2024-08-03,4.85,302
2010ROSE03,Dennis Rosero,2024-08-17,5.26,303
2010ROSE03,Dennis Rosero,2024-08-17,4.88,304
2010ROSE03,Dennis Rosero,2024-08-18,5.27,305
2010ROSE03,Dennis Rosero,2024-08-18,5.38,306
2010ROSE03,Dennis Rosero,2024-08-24,5.23,307
2010ROSE03,Dennis Rosero,2024-08-24,4.62,308
2010ROSE03,Dennis Rosero,2024-08-24,4.75,309
2010ROSE03,Dennis Rosero,2024-08-25,5.32,310
2010ROSE03,Dennis Rosero,2024-08-25,6.42,311
2010ROSE03,Dennis Rosero,2024-09-01,4.39,312
2010ROSE03,Dennis Rosero,2024-09-07,6.6,313
2010ROSE03,Dennis Rosero,2024-09-07,5.96,314
2010ROSE03,Dennis Rosero,2024-09-08,6.47,315
2010ROSE03,Dennis Rosero,2024-09-08,5.84,316
2010ROSE03,Dennis Rosero,2024-09-21,7.29,317
2010ROSE03,Dennis Rosero,2024-09-22,4.46,318
2010ROSE03,Dennis Rosero,2024-09-22,5.5,319
2010ROSE03,Dennis Rosero,2024-09-28,4.48,320
2010ROSE03,Dennis Rosero,2024-09-28,4.79,321
2010ROSE03,Dennis Rosero,2024-09-29,5.06,322
2010ROSE03,Dennis Rosero,2024-09-29,4.87,323
2010ROSE03,Dennis Rosero,2024-10-05,4.83,324
2010ROSE03,Dennis Rosero,2024-10-05,4.59,325
2010ROSE03,Dennis Rosero,2024-10-06,4.99,326
2010ROSE03,Dennis Rosero,2024-10-19,5.31,327
2010ROSE03,Dennis Rosero,2024-10-20,5.38,328
2010ROSE03,Dennis Rosero,2024-10-20,4.98,329
2010ROSE03,Dennis Rosero,2024-10-26,5.11,330
2010ROSE03,Dennis Rosero,2024-10-26,4.5,331
2010ROSE03,Dennis Rosero,2024-10-27,4.84,332
2010ROSE03,Dennis Rosero,2024-10-27,5.28,333
2010ROSE03,Dennis Rosero,2024-11-09,5.23,334
2010ROSE03,Dennis Rosero,2024-11-09,5.69,335
2010ROSE03,Dennis Rosero,2024-11-23,4.2,336
2010ROSE03,Dennis Rosero,2024-11-23,5.8,337
2010ROSE03,Dennis Rosero,2024-11-24,5.4,338
2010ROSE03,Dennis Rosero,2024-11-24,5.79,339
2010ROSE03,Dennis Rosero,2024-12-01,4.91,340
2010ROSE03,Dennis Rosero,2024-12-01,4.65,341
2010ROSE03,Dennis Rosero,2024-12-01,3.9,342
2010ROSE03,Dennis Rosero,2024-12-13,4.89,343
2010ROSE03,Dennis Rosero,2024-12-15,5.07,344
2010ROSE03,Dennis Rosero,2025-01-11,5.36,345
2010ROSE03,Dennis Rosero,2025-01-11,5.38,346
2010ROSE03,Dennis Rosero,2025-01-19,4.63,347
2010ROSE03,Dennis Rosero,2025-01-19,5.22,348
2010ROSE03,Dennis Rosero,2025-01-25,5.03,349
2010ROSE03,Dennis Rosero,2025-02-02,4.72,350
2010ROSE03,Dennis Rosero,2025-02-02,4.37,351
2010ROSE03,Dennis Rosero,2025-02-08,4.66,352
2010ROSE03,Dennis Rosero,2025-02-08,4.42,353
2010ROSE03,Dennis Rosero,2025-02-15,5.16,354
2010ROSE03,Dennis Rosero,2025-03-01,5.01,355
2010ROSE03,Dennis Rosero,2025-03-01,5.33,356
2010ROSE03,Dennis Rosero,2025-03-02,5.96,357
2010ROSE03,Dennis Rosero,2025-03-08,4.6,358
2010ROSE03,Dennis Rosero,2025-03-08,4.05,359
2010ROSE03,Dennis Rosero,2025-03-15,4.64,360
2010ROSE03,Dennis Rosero,2025-03-15,5.15,361
2010ROSE03,Dennis Rosero,2025-03-30,4.34,362
2010ROSE03,Dennis Rosero,2025-03-30,5.22,363
2010ROSE03,Dennis Rosero,2025-04-05,4.89,364
2010ROSE03,Dennis Rosero,2025-04-05,6.73,365
2010ROSE03,Dennis Rosero,2025-04-12,4.97,366
2010ROSE03,Dennis Rosero,2025-04-13,5.25,367
2010ROSE03,Dennis Rosero,2025-04-13,4.58,368
2010ROSE03,Dennis Rosero,2025-04-19,6.33,369
2010ROSE03,Dennis Rosero,2025-04-20,5.02,370
2010ROSE03,Dennis Rosero,2025-04-20,3.87,371
2010ROSE03,Dennis Rosero,2025-04-26,4.85,372
2010ROSE03,Dennis Rosero,2025-04-26,4.04,373
2010ROSE03,Dennis Rosero,2025-05-04,4.85,374
2010ROSE03,Dennis Rosero,2025-05-17,4.7,375
2010ROSE03,Dennis Rosero,2025-05-17,4.17,376
2010ROSE03,Dennis Rosero,2025-05-18,4.25,377
2010ROSE03,Dennis Rosero,2025-05-18,5.04,378
2010ROSE03,Dennis Rosero,2025-05-23,4.58,379
2010ROSE03,Dennis Rosero,2025-05-23,4.71,380
2010ROSE03,Dennis Rosero,2025-05-24,3.94,381
2010ROSE03,Dennis Rosero,2025-05-24,5.78,382
2010ROSE03,Dennis Rosero,2025-05-25,4.37,383
2010ROSE03,Dennis Rosero,2025-05-25,4.96,384
2010ROSE03,Dennis Rosero,2025-05-31,5.73,385
2010ROSE03,Dennis Rosero,2025-05-31,4.22,386
2010ROSE03,Dennis Rosero,2025-06-01,5.12,387
2010ROSE03,Dennis Rosero,2025-06-01,4.78,388
2010ROSE03,Dennis Rosero,2025-06-02,5.21,389
2010ROSE03,Dennis Rosero,2025-06-07,6.55,390
2010ROSE03,Dennis Rosero,2025-06-07,4.57,391
2010ROSE03,Dennis Rosero,2025-06-08,4.37,392
2010ROSE03,Dennis Rosero,2025-06-08,6.29,393
2010ROSE03,Dennis Rosero,2025-06-14,4.99,394
2010ROSE03,Dennis Rosero,2025-06-14,4.64,395
2010ROSE03,Dennis Rosero,2025-06-15,5.35,396
2010ROSE03,Dennis Rosero,2025-06-15,5.86,397
2010ROSE03,Dennis Rosero,2025-07-12,4.53,398
2010ROSE03,Dennis Rosero,2025-07-20,3.93,399
2010ROSE03,Dennis Rosero,2025-07-20,4.43,400
2010ROSE03,Dennis Rosero,2025-07-26,5.04,401
2010ROSE03,Dennis Rosero,2025-07-26,4.3,402
2010ROSE03,Dennis Rosero,2025-07-27,4.77,403
2010ROSE03,Dennis Rosero,2025-08-03,5.29,404
2010ROSE03,Dennis Rosero,2025-08-16,5.48,405
2010ROSE03,Dennis Rosero,2025-08-16,4.39,406
2010ROSE03,Dennis Rosero,2025-08-23,5.09,407
2010ROSE03,Dennis Rosero,2025-08-30,4.53,408
2010ROSE03,Dennis Rosero,2025-08-30,5.09,409
2010ROSE03,Dennis Rosero,2025-08-31,4.28,410
2010ROSE03,Dennis Rosero,2025-08-31,4.15,411
2010ROSE03,Dennis Rosero,2025-09-06,4.92,412
2010ROSE03,Dennis Rosero,2025-09-06,4.42,413
2010ROSE03,Dennis Rosero,2025-09-06,5.4,414
2010ROSE03,Dennis Rosero,2025-09-07,4.26,415
2010ROSE03,Dennis Rosero,2025-09-07,5.14,416
2010ROSE03,Dennis Rosero,2025-09-13,4.38,417
2010ROSE03,Dennis Rosero,2025-09-13,4.87,418
2010ROSE03,Dennis Rosero,2025-09-20,3.89,419
2010ROSE03,Dennis Rosero,2025-09-20,4.37,420
2010ROSE03,Dennis Rosero,2025-09-21,4.4,421
2010ROSE03,Dennis Rosero,2025-09-21,4.27,422
2010ROSE03,Dennis Rosero,2025-09-28,4.77,423
2010ROSE03,Dennis Rosero,2025-10-04,4.78,424
2010ROSE03,Dennis Rosero,2025-10-04,4.35,425
2010ROSE03,Dennis Rosero,2025-10-05,5.22,426
2010ROSE03,Dennis Rosero,2025-10-05,4.8,427
2010ROSE03,Dennis Rosero,2025-10-05,4.33,428
2010ROSE03,Dennis Rosero,2025-10-18,5.05,429
2010ROSE03,Dennis Rosero,2025-10-18,4.02,430
2010ROSE03,Dennis Rosero,2025-10-18,4.36,431
2010ROSE03,Dennis Rosero,2025-10-25,4.25,432
2010ROSE03,Dennis Rosero,2025-11-02,4.45,433
2010ROSE03,Dennis Rosero,2025-11-02,4.99,434
2010ROSE03,Dennis Rosero,2025-11-08,5.66,435
2010ROSE03,Dennis Rosero,2025-11-15,4.46,436
2010ROSE03,Dennis Rosero,2025-11-15,5.22,437
2010ROSE03,Dennis Rosero,2025-11-29,4.66,438
2010ROSE03,Dennis Rosero,2025-11-29,5.13,439
2010ROSE03,Dennis Rosero,2025-11-30,4.99,440
2010ROSE03,Dennis Rosero,2025-12-06,4.64,441
2010ROSE03,Dennis Rosero,2025-12-06,4.75,442
2010ROSE03,Dennis Rosero,2025-12-07,5.39,443
2010ROSE03,Dennis Rosero,2025-12-07,5.32,444
2010ROSE03,Dennis Rosero,2025-12-12,4.5,445
2010ROSE03,Dennis Rosero,2025-12-12,4.29,446
2010ROSE03,Dennis Rosero,2025-12-13,5.41,447
2010ROSE03,Dennis Rosero,2025-12-13,5.16,448
2010ROSE03,Dennis Rosero,2025-12-20,4.43,449
2010ROSE03,Dennis Rosero,2025-12-20,6.14,450
2010ROSE03,Dennis Rosero,2025-12-21,4.26,451
2010ROSE03,Dennis Rosero,2025-12-27,4.88,452
2010ROSE03,Dennis Rosero,2025-12-27,6.61,453
2010ROSE03,Dennis Rosero,2025-12-28,4.37,454
2010ROSE03,Dennis Rosero,2025-12-28,4.9,455
2010ROSE03,Dennis Rosero,2026-01-11,5.66,456
2010ROSE03,Dennis Rosero,2026-01-11,6.1,457
2010ROSE03,Dennis Rosero,2026-01-11,4.03,458
2010ROSE03,Dennis Rosero,2026-01-18,4.6,459
2010ROSE03,Dennis Rosero,2026-01-18,4.75,460
2010ROSE03,Dennis Rosero,2026-01-24,4.66,461
2010ROSE03,Dennis Rosero,2026-01-24,5.7,462
2010ROSE03,Dennis Rosero,2026-01-25,4.46,463
2010ROSE03,Dennis Rosero,2026-01-25,5.55,464
2010ROSE03,Dennis Rosero,2026-02-07,5.47,465
2010ROSE03,Dennis Rosero,2026-02-07,4.5,466
2010ROSE03,Dennis Rosero,2026-02-08,3.96,467
2010ROSE03,Dennis Rosero,2026-02-08,3.99,468
2010ROSE03,Dennis Rosero,2026-02-15,4.87,469
2010ROSE03,Dennis Rosero,2026-02-15,5.7,470
2010ROSE03,Dennis Rosero,2026-02-22,5.88,471
2010ROSE03,Dennis Rosero,2026-03-07,4.91,472
2010ROSE03,Dennis Rosero,2026-03-07,4.06,473
2010ROSE03,Dennis Rosero,2026-03-14,4.73,474
2010ROSE03,Dennis Rosero,2026-03-14,5.66,475
2010ROSE03,Dennis Rosero,2026-03-15,4.43,476
2010ROSE03,Dennis Rosero,2026-03-15,4.19,477
2010ROSE03,Dennis Rosero,2026-03-21,4.05,478
2010ROSE03,Dennis Rosero,2026-03-21,5.51,479
2010ROSE03,Dennis Rosero,2026-03-29,5.67,480
2010ROSE03,Dennis Rosero,2026-04-04,4.86,481
2010ROSE03,Dennis Rosero,2026-04-04,4.3,482
2010ROSE03,Dennis Rosero,2026-04-11,5.05,483
2010ROSE03,Dennis Rosero,2026-04-11,4.09,484
2010ROSE03,Dennis Rosero,2026-04-12,5.3,485
2010ROSE03,Dennis Rosero,2026-04-18,5.72,486
2010ROSE03,Dennis Rosero,2026-04-18,4.11,487
2010ROSE03,Dennis Rosero,2026-04-26,4.42,488
2010ROSE03,Dennis Rosero,2026-04-26,4.12,489
2010ROSE03,Dennis Rosero,2026-05-02,5.98,490
2010ROSE03,Dennis Rosero,2026-05-02,4.94,491
2010ROSE03,Dennis Rosero,2026-05-09,5.19,492
2010ROSE03,Dennis Rosero,2026-05-09,4.6,493
2010ROSE03,Dennis Rosero,2026-05-10,5.08,494
2010ROSE03,Dennis Rosero,2026-05-10,4.51,495
2010ROSE03,Dennis Rosero,2026-05-17,4.52,496
2010ROSE03,Dennis Rosero,2026-05-17,5.12,497
2010ROSE03,Dennis Rosero,2026-05-24,5.25,498
2011EDUA01,Eduard Esteban García Domínguez,2012-03-25,16.32,1
2011EDUA01,Eduard Esteban García Domínguez,2012-07-20,12.72,2
2011EDUA01,Eduard Esteban García Domínguez,2012-11-11,6.62,3
2011EDUA01,Eduard Esteban García Domínguez,2012-11-11,11.66,4
2011EDUA01,Eduard Esteban García Domínguez,2013-06-08,7.82,5
2011EDUA01,Eduard Esteban García Domínguez,2013-09-22,10.12,6
2011EDUA01,Eduard Esteban García Domínguez,2013-12-14,7.47,7
2011EDUA01,Eduard Esteban García Domínguez,2014-02-02,8.51,8
2011EDUA01,Eduard Esteban García Domínguez,2014-08-22,8.76,9
2011EDUA01,Eduard Esteban García Domínguez,2014-08-22,6.29,10
2011EDUA01,Eduard Esteban García Domínguez,2014-09-27,7.76,11
2011EDUA01,Eduard Esteban García Domínguez,2014-10-11,6.86,12
2011EDUA01,Eduard Esteban García Domínguez,2014-10-11,6.54,13
2011EDUA01,Eduard Esteban García Domínguez,2015-03-14,6.92,14
2011EDUA01,Eduard Esteban García Domínguez,2015-05-16,7.58,15
2011EDUA01,Eduard Esteban García Domínguez,2015-05-16,6.55,16
2011EDUA01,Eduard Esteban García Domínguez,2015-06-20,6.52,17
2011EDUA01,Eduard Esteban García Domínguez,2015-07-17,6.46,18
2011EDUA01,Eduard Esteban García Domínguez,2015-08-07,6.66,19
2011EDUA01,Eduard Esteban García Domínguez,2015-08-07,6.99,20
2011EDUA01,Eduard Esteban García Domínguez,2015-09-12,6.07,21
2011EDUA01,Eduard Esteban García Domínguez,2015-09-12,7.15,22
2011EDUA01,Eduard Esteban García Domínguez,2015-10-04,5.86,23
2011EDUA01,Eduard Esteban García Domínguez,2016-01-16,6.37,24
2011EDUA01,Eduard Esteban García Domínguez,2016-01-16,6.68,25
2011EDUA01,Eduard Esteban García Domínguez,2016-01-23,6.68,26
2011EDUA01,Eduard Esteban García Domínguez,2016-04-16,6.42,27
2011EDUA01,Eduard Esteban García Domínguez,2016-05-07,6.53,28
2011EDUA01,Eduard Esteban García Domínguez,2016-05-07,6.62,29
2011EDUA01,Eduard Esteban García Domínguez,2016-06-04,5.97,30
2011EDUA01,Eduard Esteban García Domínguez,2016-06-04,6.28,31
2011EDUA01,Eduard Esteban García Domínguez,2016-06-25,4.55,32
2011EDUA01,Eduard Esteban García Domínguez,2016-06-25,5.84,33
2011EDUA01,Eduard Esteban García Domínguez,2016-08-27,5.94,34
2011EDUA01,Eduard Esteban García Domínguez,2016-08-27,5.75,35
2011EDUA01,Eduard Esteban García Domínguez,2016-09-03,4.61,36
2011EDUA01,Eduard Esteban García Domínguez,2016-09-03,5.08,37
2011EDUA01,Eduard Esteban García Domínguez,2016-09-03,6.44,38
2011EDUA01,Eduard Esteban García Domínguez,2016-09-10,5.26,39
2011EDUA01,Eduard Esteban García Domínguez,2016-09-10,5.09,40
2011EDUA01,Eduard Esteban García Domínguez,2016-10-09,7.18,41
2011EDUA01,Eduard Esteban García Domínguez,2016-10-09,5.09,42
2011EDUA01,Eduard Esteban García Domínguez,2016-10-15,6.69,43
2011EDUA01,Eduard Esteban García Domínguez,2016-10-15,4.61,44
2011EDUA01,Eduard Esteban García Domínguez,2016-10-15,5.76,45
2011EDUA01,Eduard Esteban García Domínguez,2016-11-05,7.03,46
2011EDUA01,Eduard Esteban García Domínguez,2016-12-17,6.96,47
2011EDUA01,Eduard Esteban García Domínguez,2017-01-14,6.28,48
2011EDUA01,Eduard Esteban García Domínguez,2017-01-14,5.51,49
2011EDUA01,Eduard Esteban García Domínguez,2017-01-14,6.22,50
2011EDUA01,Eduard Esteban García Domínguez,2017-01-21,4.75,51
2011EDUA01,Eduard Esteban García Domínguez,2017-01-21,5.44,52
2011EDUA01,Eduard Esteban García Domínguez,2017-02-11,5.72,53
2011EDUA01,Eduard Esteban García Domínguez,2017-02-11,5.44,54
2011EDUA01,Eduard Esteban García Domínguez,2017-02-18,5.89,55
2011EDUA01,Eduard Esteban García Domínguez,2017-02-18,5.44,56
2011EDUA01,Eduard Esteban García Domínguez,2017-02-24,5.46,57
2011EDUA01,Eduard Esteban García Domínguez,2017-02-24,5.0,58
2011EDUA01,Eduard Esteban García Domínguez,2017-02-24,5.63,59
2011EDUA01,Eduard Esteban García Domínguez,2017-04-29,6.68,60
2011EDUA01,Eduard Esteban García Domínguez,2017-04-29,5.92,61
2011EDUA01,Eduard Esteban García Domínguez,2017-05-27,7.79,62
2011EDUA01,Eduard Esteban García Domínguez,2017-06-22,6.54,63
2011EDUA01,Eduard Esteban García Domínguez,2017-06-24,6.98,64
2011EDUA01,Eduard Esteban García Domínguez,2017-07-01,5.67,65
2011EDUA01,Eduard Esteban García Domínguez,2017-09-15,7.83,66
2011EDUA01,Eduard Esteban García Domínguez,2017-09-23,6.6,67
2011EDUA01,Eduard Esteban García Domínguez,2017-11-25,7.11,68
2011EDUA01,Eduard Esteban García Domínguez,2017-11-25,6.46,69
2011EDUA01,Eduard Esteban García Domínguez,2017-12-09,6.24,70
2011EDUA01,Eduard Esteban García Domínguez,2017-12-09,6.68,71
2011EDUA01,Eduard Esteban García Domínguez,2018-01-20,5.69,72
2011EDUA01,Eduard Esteban García Domínguez,2018-01-20,5.6,73
2011EDUA01,Eduard Esteban García Domínguez,2018-01-20,5.02,74
2011EDUA01,Eduard Esteban García Domínguez,2018-03-03,5.0,75
2011EDUA01,Eduard Esteban García Domínguez,2018-03-03,5.89,76
2011EDUA01,Eduard Esteban García Domínguez,2018-03-03,5.72,77
2011EDUA01,Eduard Esteban García Domínguez,2018-04-22,5.87,78
2011EDUA01,Eduard Esteban García Domínguez,2018-06-16,5.22,79
2011EDUA01,Eduard Esteban García Domínguez,2018-07-20,5.06,80
2011EDUA01,Eduard Esteban García Domínguez,2018-07-20,6.73,81
2011EDUA01,Eduard Esteban García Domínguez,2018-09-15,5.29,82
2011EDUA01,Eduard Esteban García Domínguez,2018-09-22,6.19,83
2011EDUA01,Eduard Esteban García Domínguez,2018-09-22,5.96,84
2011EDUA01,Eduard Esteban García Domínguez,2018-11-17,6.04,85
2011EDUA01,Eduard Esteban García Domínguez,2018-11-17,5.36,86
2011EDUA01,Eduard Esteban García Domínguez,2018-11-17,6.44,87
2011EDUA01,Eduard Esteban García Domínguez,2018-12-01,6.34,88
2011EDUA01,Eduard Esteban García Domínguez,2018-12-08,6.03,89
2011EDUA01,Eduard Esteban García Domínguez,2019-02-02,5.78,90
2011EDUA01,Eduard Esteban García Domínguez,2019-03-03,6.79,91
2011EDUA01,Eduard Esteban García Domínguez,2019-03-03,6.31,92
2011EDUA01,Eduard Esteban García Domínguez,2019-03-03,5.46,93
2011EDUA01,Eduard Esteban García Domínguez,2019-03-24,6.03,94
2011EDUA01,Eduard Esteban García Domínguez,2019-03-24,5.57,95
2011EDUA01,Eduard Esteban García Domínguez,2019-03-31,6.58,96
2011EDUA01,Eduard Esteban García Domínguez,2019-04-13,5.09,97
2011EDUA01,Eduard Esteban García Domínguez,2019-04-13,6.19,98
2011EDUA01,Eduard Esteban García Domínguez,2019-06-01,6.07,99
2011EDUA01,Eduard Esteban García Domínguez,2019-06-16,6.04,100
2011EDUA01,Eduard Esteban García Domínguez,2019-06-22,5.29,101
2011EDUA01,Eduard Esteban García Domínguez,2019-06-22,5.9,102
2011EDUA01,Eduard Esteban García Domínguez,2019-07-19,7.54,103
2011EDUA01,Eduard Esteban García Domínguez,2019-08-03,6.53,104
2011EDUA01,Eduard Esteban García Domínguez,2019-08-18,5.03,105
2011EDUA01,Eduard Esteban García Domínguez,2019-08-18,5.49,106
2011EDUA01,Eduard Esteban García Domínguez,2019-09-14,5.01,107
2011EDUA01,Eduard Esteban García Domínguez,2019-09-14,4.84,108
2011EDUA01,Eduard Esteban García Domínguez,2019-09-14,5.65,109
2011EDUA01,Eduard Esteban García Domínguez,2019-09-29,5.23,110
2011EDUA01,Eduard Esteban García Domínguez,2019-09-29,5.17,111
2011EDUA01,Eduard Esteban García Domínguez,2019-10-05,5.44,112
2011EDUA01,Eduard Esteban García Domínguez,2019-10-05,5.4,113
2011EDUA01,Eduard Esteban García Domínguez,2019-10-19,5.42,114
2011EDUA01,Eduard Esteban García Domínguez,2019-10-19,5.87,115
2011EDUA01,Eduard Esteban García Domínguez,2019-10-26,5.82,116
2011EDUA01,Eduard Esteban García Domínguez,2019-11-03,5.04,117
2011EDUA01,Eduard Esteban García Domínguez,2019-11-03,4.69,118
2011EDUA01,Eduard Esteban García Domínguez,2019-11-03,4.65,119
2011EDUA01,Eduard Esteban García Domínguez,2019-11-16,7.28,120
2011EDUA01,Eduard Esteban García Domínguez,2020-01-11,5.27,121
2011EDUA01,Eduard Esteban García Domínguez,2020-01-11,4.82,122
2011EDUA01,Eduard Esteban García Domínguez,2020-01-18,6.25,123
2011EDUA01,Eduard Esteban García Domínguez,2020-02-22,7.8,124
2011EDUA01,Eduard Esteban García Domínguez,2020-02-22,6.9,125
2011EDUA01,Eduard Esteban García Domínguez,2020-03-07,5.32,126
2011EDUA01,Eduard Esteban García Domínguez,2020-03-07,5.38,127
2011EDUA01,Eduard Esteban García Domínguez,2021-10-02,4.91,128
2011EDUA01,Eduard Esteban García Domínguez,2021-11-13,5.9,129
2011EDUA01,Eduard Esteban García Domínguez,2021-11-13,6.37,130
2011EDUA01,Eduard Esteban García Domínguez,2021-12-18,5.24,131
2011EDUA01,Eduard Esteban García Domínguez,2022-01-29,7.24,132
2011EDUA01,Eduard Esteban García Domínguez,2022-02-26,5.42,133
2011EDUA01,Eduard Esteban García Domínguez,2022-03-20,6.76,134
2011EDUA01,Eduard Esteban García Domínguez,2022-03-20,4.93,135
2011EDUA01,Eduard Esteban García Domínguez,2022-05-15,5.1,136
2011EDUA01,Eduard Esteban García Domínguez,2022-05-15,5.86,137
2011EDUA01,Eduard Esteban García Domínguez,2022-06-04,5.9,138
2011EDUA01,Eduard Esteban García Domínguez,2022-06-04,6.91,139
2011EDUA01,Eduard Esteban García Domínguez,2022-06-26,4.41,140
2011EDUA01,Eduard Esteban García Domínguez,2022-06-26,5.1,141
2011EDUA01,Eduard Esteban García Domínguez,2022-07-16,4.67,142
2011EDUA01,Eduard Esteban García Domínguez,2022-07-16,5.17,143
2011EDUA01,Eduard Esteban García Domínguez,2022-07-22,6.34,144
2011EDUA01,Eduard Esteban García Domínguez,2022-07-31,5.7,145
2011EDUA01,Eduard Esteban García Domínguez,2022-07-31,4.99,146
2011EDUA01,Eduard Esteban García Domínguez,2022-08-06,6.1,147
2011EDUA01,Eduard Esteban García Domínguez,2022-08-27,4.45,148
2011EDUA01,Eduard Esteban García Domínguez,2022-08-27,7.34,149
2011EDUA01,Eduard Esteban García Domínguez,2022-09-04,5.93,150
2011EDUA01,Eduard Esteban García Domínguez,2022-09-17,5.73,151
2011EDUA01,Eduard Esteban García Domínguez,2022-09-17,5.5,152
2011EDUA01,Eduard Esteban García Domínguez,2022-09-24,5.94,153
2011EDUA01,Eduard Esteban García Domínguez,2022-09-24,5.21,154
2011EDUA01,Eduard Esteban García Domínguez,2022-10-22,5.68,155
2011EDUA01,Eduard Esteban García Domínguez,2022-11-05,6.18,156
2011EDUA01,Eduard Esteban García Domínguez,2022-11-19,7.46,157
2011EDUA01,Eduard Esteban García Domínguez,2022-11-20,4.9,158
2011EDUA01,Eduard Esteban García Domínguez,2022-11-20,4.9,159
2011EDUA01,Eduard Esteban García Domínguez,2022-11-27,6.94,160
2011EDUA01,Eduard Esteban García Domínguez,2022-12-03,4.42,161
2011EDUA01,Eduard Esteban García Domínguez,2022-12-03,6.26,162
2011EDUA01,Eduard Esteban García Domínguez,2023-01-21,6.67,163
2011EDUA01,Eduard Esteban García Domínguez,2023-01-21,7.02,164
2011EDUA01,Eduard Esteban García Domínguez,2023-01-28,5.95,165
2011EDUA01,Eduard Esteban García Domínguez,2023-01-28,5.69,166
2011EDUA01,Eduard Esteban García Domínguez,2023-01-28,5.57,167
2011EDUA01,Eduard Esteban García Domínguez,2023-01-29,4.9,168
2011EDUA01,Eduard Esteban García Domínguez,2023-01-29,4.56,169
2011EDUA01,Eduard Esteban García Domínguez,2023-01-29,5.15,170
2011EDUA01,Eduard Esteban García Domínguez,2023-02-04,5.93,171
2011EDUA01,Eduard Esteban García Domínguez,2023-02-11,5.36,172
2011EDUA01,Eduard Esteban García Domínguez,2023-02-11,5.7,173
2011EDUA01,Eduard Esteban García Domínguez,2023-02-12,4.72,174
2011EDUA01,Eduard Esteban García Domínguez,2023-02-12,5.59,175
2011EDUA01,Eduard Esteban García Domínguez,2023-02-25,5.47,176
2011EDUA01,Eduard Esteban García Domínguez,2023-02-26,4.46,177
2011EDUA01,Eduard Esteban García Domínguez,2023-02-26,4.83,178
2011EDUA01,Eduard Esteban García Domínguez,2023-02-26,6.79,179
2011EDUA01,Eduard Esteban García Domínguez,2023-03-18,5.79,180
2011EDUA01,Eduard Esteban García Domínguez,2023-03-19,5.04,181
2011EDUA01,Eduard Esteban García Domínguez,2023-03-19,6.28,182
2011EDUA01,Eduard Esteban García Domínguez,2023-03-26,6.39,183
2011EDUA01,Eduard Esteban García Domínguez,2023-04-01,5.36,184
2011EDUA01,Eduard Esteban García Domínguez,2023-04-01,5.62,185
2011EDUA01,Eduard Esteban García Domínguez,2023-04-16,5.21,186
2011EDUA01,Eduard Esteban García Domínguez,2023-04-16,4.85,187
2011EDUA01,Eduard Esteban García Domínguez,2023-04-16,5.36,188
2011EDUA01,Eduard Esteban García Domínguez,2023-05-06,5.05,189
2011EDUA01,Eduard Esteban García Domínguez,2023-05-06,4.8,190
2011EDUA01,Eduard Esteban García Domínguez,2023-05-13,4.63,191
2011EDUA01,Eduard Esteban García Domínguez,2023-05-20,7.33,192
2011EDUA01,Eduard Esteban García Domínguez,2023-06-03,6.19,193
2011EDUA01,Eduard Esteban García Domínguez,2023-06-03,5.46,194
2011EDUA01,Eduard Esteban García Domínguez,2023-06-04,4.85,195
2011EDUA01,Eduard Esteban García Domínguez,2023-06-04,5.89,196
2011EDUA01,Eduard Esteban García Domínguez,2023-06-24,6.91,197
2011EDUA01,Eduard Esteban García Domínguez,2023-06-24,5.53,198
2011EDUA01,Eduard Esteban García Domínguez,2023-06-25,5.03,199
2011EDUA01,Eduard Esteban García Domínguez,2023-06-25,5.44,200
2011EDUA01,Eduard Esteban García Domínguez,2023-06-25,5.13,201
2011EDUA01,Eduard Esteban García Domínguez,2023-07-01,5.5,202
2011EDUA01,Eduard Esteban García Domínguez,2023-07-01,5.62,203
2011EDUA01,Eduard Esteban García Domínguez,2023-07-02,5.51,204
2011EDUA01,Eduard Esteban García Domínguez,2023-07-15,6.71,205
2011EDUA01,Eduard Esteban García Domínguez,2023-07-15,5.41,206
2011EDUA01,Eduard Esteban García Domínguez,2023-07-16,4.56,207
2011EDUA01,Eduard Esteban García Domínguez,2023-07-16,4.53,208
2011EDUA01,Eduard Esteban García Domínguez,2023-07-16,5.92,209
2011EDUA01,Eduard Esteban García Domínguez,2023-07-22,5.1,210
2011EDUA01,Eduard Esteban García Domínguez,2023-07-22,4.84,211
2011EDUA01,Eduard Esteban García Domínguez,2023-07-23,5.1,212
2011EDUA01,Eduard Esteban García Domínguez,2023-08-04,4.93,213
2011EDUA01,Eduard Esteban García Domínguez,2023-08-12,5.33,214
2011EDUA01,Eduard Esteban García Domínguez,2023-08-19,5.15,215
2011EDUA01,Eduard Esteban García Domínguez,2023-08-26,6.79,216
2011EDUA01,Eduard Esteban García Domínguez,2023-09-16,4.02,217
2011EDUA01,Eduard Esteban García Domínguez,2023-09-16,5.02,218
2011EDUA01,Eduard Esteban García Domínguez,2023-09-17,5.09,219
2011EDUA01,Eduard Esteban García Domínguez,2023-09-23,5.51,220
2011EDUA01,Eduard Esteban García Domínguez,2023-09-23,5.61,221
2011EDUA01,Eduard Esteban García Domínguez,2023-09-24,4.77,222
2011EDUA01,Eduard Esteban García Domínguez,2023-09-24,5.58,223
2011EDUA01,Eduard Esteban García Domínguez,2023-09-30,6.43,224
2011EDUA01,Eduard Esteban García Domínguez,2023-10-21,5.47,225
2011EDUA01,Eduard Esteban García Domínguez,2023-10-21,5.82,226
2011EDUA01,Eduard Esteban García Domínguez,2023-10-28,5.08,227
2011EDUA01,Eduard Esteban García Domínguez,2023-10-28,4.77,228
2011EDUA01,Eduard Esteban García Domínguez,2023-11-06,7.56,229
2011EDUA01,Eduard Esteban García Domínguez,2023-11-11,5.49,230
2011EDUA01,Eduard Esteban García Domínguez,2023-11-11,5.14,231
2011EDUA01,Eduard Esteban García Domínguez,2023-11-13,4.98,232
2011EDUA01,Eduard Esteban García Domínguez,2023-11-18,4.62,233
2011EDUA01,Eduard Esteban García Domínguez,2023-11-18,5.1,234
2011EDUA01,Eduard Esteban García Domínguez,2023-11-19,6.45,235
2011EDUA01,Eduard Esteban García Domínguez,2023-11-26,5.31,236
2011EDUA01,Eduard Esteban García Domínguez,2023-11-26,4.16,237
2011EDUA01,Eduard Esteban García Domínguez,2023-11-26,5.89,238
2011EDUA01,Eduard Esteban García Domínguez,2023-12-02,4.49,239
2011EDUA01,Eduard Esteban García Domínguez,2023-12-02,4.89,240
2011EDUA01,Eduard Esteban García Domínguez,2023-12-03,4.6,241
2011EDUA01,Eduard Esteban García Domínguez,2023-12-03,5.8,242
2011EDUA01,Eduard Esteban García Domínguez,2023-12-10,7.14,243
2011EDUA01,Eduard Esteban García Domínguez,2023-12-17,4.63,244
2011EDUA01,Eduard Esteban García Domínguez,2023-12-17,4.93,245
2011EDUA01,Eduard Esteban García Domínguez,2023-12-17,5.83,246
2011EDUA01,Eduard Esteban García Domínguez,2023-12-23,3.88,247
2011EDUA01,Eduard Esteban García Domínguez,2023-12-23,4.74,248
2011EDUA01,Eduard Esteban García Domínguez,2024-01-07,5.0,249
2011EDUA01,Eduard Esteban García Domínguez,2024-01-21,4.69,250
2011EDUA01,Eduard Esteban García Domínguez,2024-01-21,4.58,251
2011EDUA01,Eduard Esteban García Domínguez,2024-01-27,4.33,252
2011EDUA01,Eduard Esteban García Domínguez,2024-01-27,6.09,253
2011EDUA01,Eduard Esteban García Domínguez,2024-01-28,4.5,254
2011EDUA01,Eduard Esteban García Domínguez,2024-01-28,5.39,255
2011EDUA01,Eduard Esteban García Domínguez,2024-02-03,5.16,256
2011EDUA01,Eduard Esteban García Domínguez,2024-02-03,5.7,257
2011EDUA01,Eduard Esteban García Domínguez,2024-02-04,6.33,258
2011EDUA01,Eduard Esteban García Domínguez,2024-02-10,5.21,259
2011EDUA01,Eduard Esteban García Domínguez,2024-02-10,4.07,260
2011EDUA01,Eduard Esteban García Domínguez,2024-02-11,5.18,261
2011EDUA01,Eduard Esteban García Domínguez,2024-02-11,6.29,262
2011EDUA01,Eduard Esteban García Domínguez,2024-02-24,5.31,263
2011EDUA01,Eduard Esteban García Domínguez,2024-02-24,4.92,264
2011EDUA01,Eduard Esteban García Domínguez,2024-03-09,6.31,265
2011EDUA01,Eduard Esteban García Domínguez,2024-03-10,4.89,266
2011EDUA01,Eduard Esteban García Domínguez,2024-03-10,5.12,267
2011EDUA01,Eduard Esteban García Domínguez,2024-03-16,5.25,268
2011EDUA01,Eduard Esteban García Domínguez,2024-03-16,5.67,269
2011EDUA01,Eduard Esteban García Domínguez,2024-03-17,5.06,270
2011EDUA01,Eduard Esteban García Domínguez,2024-03-17,4.99,271
2011EDUA01,Eduard Esteban García Domínguez,2024-03-23,6.26,272
2011EDUA01,Eduard Esteban García Domínguez,2024-04-07,5.96,273
2011EDUA01,Eduard Esteban García Domínguez,2024-04-13,4.97,274
2011EDUA01,Eduard Esteban García Domínguez,2024-04-13,4.14,275
2011EDUA01,Eduard Esteban García Domínguez,2024-04-14,5.49,276
2011EDUA01,Eduard Esteban García Domínguez,2024-04-14,4.42,277
2011EDUA01,Eduard Esteban García Domínguez,2024-04-21,5.7,278
2011EDUA01,Eduard Esteban García Domínguez,2024-04-21,5.45,279
2011EDUA01,Eduard Esteban García Domínguez,2024-05-04,5.86,280
2011EDUA01,Eduard Esteban García Domínguez,2024-05-04,6.02,281
2011EDUA01,Eduard Esteban García Domínguez,2024-05-05,5.31,282
2011EDUA01,Eduard Esteban García Domínguez,2024-05-05,5.03,283
2011EDUA01,Eduard Esteban García Domínguez,2024-05-12,4.89,284
2011EDUA01,Eduard Esteban García Domínguez,2024-05-12,4.95,285
2011EDUA01,Eduard Esteban García Domínguez,2024-05-25,5.28,286
2011EDUA01,Eduard Esteban García Domínguez,2024-05-25,6.29,287
2011EDUA01,Eduard Esteban García Domínguez,2024-06-02,4.91,288
2011EDUA01,Eduard Esteban García Domínguez,2024-06-02,6.04,289
2011EDUA01,Eduard Esteban García Domínguez,2024-06-03,6.94,290
2011EDUA01,Eduard Esteban García Domínguez,2024-06-08,4.1,291
2011EDUA01,Eduard Esteban García Domínguez,2024-06-08,5.07,292
2011EDUA01,Eduard Esteban García Domínguez,2024-06-09,4.66,293
2011EDUA01,Eduard Esteban García Domínguez,2024-06-09,4.95,294
2011EDUA01,Eduard Esteban García Domínguez,2024-06-10,5.8,295
2011EDUA01,Eduard Esteban García Domínguez,2024-06-16,4.05,296
2011EDUA01,Eduard Esteban García Domínguez,2024-06-16,4.8,297
2011EDUA01,Eduard Esteban García Domínguez,2024-06-16,4.89,298
2011EDUA01,Eduard Esteban García Domínguez,2024-06-29,4.61,299
2011EDUA01,Eduard Esteban García Domínguez,2024-06-29,6.14,300
2011EDUA01,Eduard Esteban García Domínguez,2024-07-07,4.68,301
2011EDUA01,Eduard Esteban García Domínguez,2024-07-07,4.68,302
2011EDUA01,Eduard Esteban García Domínguez,2024-07-07,4.3,303
2011EDUA01,Eduard Esteban García Domínguez,2024-07-13,4.96,304
2011EDUA01,Eduard Esteban García Domínguez,2024-07-13,5.26,305
2011EDUA01,Eduard Esteban García Domínguez,2024-07-28,4.67,306
2011EDUA01,Eduard Esteban García Domínguez,2024-07-28,3.92,307
2011EDUA01,Eduard Esteban García Domínguez,2024-08-03,5.66,308
2011EDUA01,Eduard Esteban García Domínguez,2024-08-17,4.78,309
2011EDUA01,Eduard Esteban García Domínguez,2024-08-17,5.36,310
2011EDUA01,Eduard Esteban García Domínguez,2024-08-18,4.81,311
2011EDUA01,Eduard Esteban García Domínguez,2024-08-18,4.91,312
2011EDUA01,Eduard Esteban García Domínguez,2024-08-24,5.63,313
2011EDUA01,Eduard Esteban García Domínguez,2024-08-24,4.53,314
2011EDUA01,Eduard Esteban García Domínguez,2024-08-24,5.11,315
2011EDUA01,Eduard Esteban García Domínguez,2024-08-25,5.24,316
2011EDUA01,Eduard Esteban García Domínguez,2024-08-25,3.34,317
2011EDUA01,Eduard Esteban García Domínguez,2024-08-25,4.56,318
2011EDUA01,Eduard Esteban García Domínguez,2024-09-01,4.73,319
2011EDUA01,Eduard Esteban García Domínguez,2024-09-07,5.72,320
2011EDUA01,Eduard Esteban García Domínguez,2024-09-07,5.42,321
2011EDUA01,Eduard Esteban García Domínguez,2024-09-08,5.26,322
2011EDUA01,Eduard Esteban García Domínguez,2024-09-08,6.16,323
2011EDUA01,Eduard Esteban García Domínguez,2024-09-14,5.35,324
2011EDUA01,Eduard Esteban García Domínguez,2024-09-14,4.08,325
2011EDUA01,Eduard Esteban García Domínguez,2024-09-21,4.59,326
2011EDUA01,Eduard Esteban García Domínguez,2024-09-21,4.86,327
2011EDUA01,Eduard Esteban García Domínguez,2024-09-22,3.07,328
2011EDUA01,Eduard Esteban García Domínguez,2024-09-22,4.97,329
2011EDUA01,Eduard Esteban García Domínguez,2024-09-28,4.52,330
2011EDUA01,Eduard Esteban García Domínguez,2024-09-29,5.73,331
2011EDUA01,Eduard Esteban García Domínguez,2024-09-29,4.32,332
2011EDUA01,Eduard Esteban García Domínguez,2024-09-29,5.31,333
2011EDUA01,Eduard Esteban García Domínguez,2024-10-05,4.31,334
2011EDUA01,Eduard Esteban García Domínguez,2024-10-05,4.36,335
2011EDUA01,Eduard Esteban García Domínguez,2024-10-06,6.96,336
2011EDUA01,Eduard Esteban García Domínguez,2024-10-19,4.72,337
2011EDUA01,Eduard Esteban García Domínguez,2024-10-20,5.02,338
2011EDUA01,Eduard Esteban García Domínguez,2024-10-20,5.16,339
2011EDUA01,Eduard Esteban García Domínguez,2024-10-27,5.43,340
2011EDUA01,Eduard Esteban García Domínguez,2024-10-27,4.74,341
2011EDUA01,Eduard Esteban García Domínguez,2024-11-09,4.58,342
2011EDUA01,Eduard Esteban García Domínguez,2024-11-09,4.73,343
2011EDUA01,Eduard Esteban García Domínguez,2024-11-23,5.18,344
2011EDUA01,Eduard Esteban García Domínguez,2024-11-23,5.48,345
2011EDUA01,Eduard Esteban García Domínguez,2024-11-24,5.35,346
2011EDUA01,Eduard Esteban García Domínguez,2024-11-24,4.85,347
2011EDUA01,Eduard Esteban García Domínguez,2024-12-01,4.55,348
2011EDUA01,Eduard Esteban García Domínguez,2024-12-01,4.78,349
2011EDUA01,Eduard Esteban García Domínguez,2024-12-01,4.07,350
2011EDUA01,Eduard Esteban García Domínguez,2024-12-13,7.17,351
2011EDUA01,Eduard Esteban García Domínguez,2024-12-15,6.02,352
2011EDUA01,Eduard Esteban García Domínguez,2025-01-11,5.6,353
2011EDUA01,Eduard Esteban García Domínguez,2025-01-19,5.58,354
2011EDUA01,Eduard Esteban García Domínguez,2025-01-25,5.14,355
2011EDUA01,Eduard Esteban García Domínguez,2025-02-02,4.89,356
2011EDUA01,Eduard Esteban García Domínguez,2025-02-02,5.87,357
2011EDUA01,Eduard Esteban García Domínguez,2025-02-08,5.56,358
2011EDUA01,Eduard Esteban García Domínguez,2025-02-08,4.08,359
2011EDUA01,Eduard Esteban García Domínguez,2025-02-15,7.33,360
2011EDUA01,Eduard Esteban García Domínguez,2025-03-01,4.68,361
2011EDUA01,Eduard Esteban García Domínguez,2025-03-01,4.74,362
2011EDUA01,Eduard Esteban García Domínguez,2025-03-02,4.19,363
2011EDUA01,Eduard Esteban García Domínguez,2025-03-02,5.15,364
2011EDUA01,Eduard Esteban García Domínguez,2025-03-08,4.09,365
2011EDUA01,Eduard Esteban García Domínguez,2025-03-08,5.52,366
2011EDUA01,Eduard Esteban García Domínguez,2025-03-15,5.07,367
2011EDUA01,Eduard Esteban García Domínguez,2025-03-15,5.15,368
2011EDUA01,Eduard Esteban García Domínguez,2025-03-30,4.25,369
2011EDUA01,Eduard Esteban García Domínguez,2025-03-30,5.08,370
2011EDUA01,Eduard Esteban García Domínguez,2025-04-05,5.77,371
2011EDUA01,Eduard Esteban García Domínguez,2025-04-05,5.41,372
2011EDUA01,Eduard Esteban García Domínguez,2025-04-12,5.23,373
2011EDUA01,Eduard Esteban García Domínguez,2025-04-13,3.92,374
2011EDUA01,Eduard Esteban García Domínguez,2025-04-13,5.74,375
2011EDUA01,Eduard Esteban García Domínguez,2025-04-19,5.44,376
2011EDUA01,Eduard Esteban García Domínguez,2025-04-19,5.07,377
2011EDUA01,Eduard Esteban García Domínguez,2025-04-20,5.48,378
2011EDUA01,Eduard Esteban García Domínguez,2025-04-26,5.6,379
2011EDUA01,Eduard Esteban García Domínguez,2025-04-26,4.88,380
2011EDUA01,Eduard Esteban García Domínguez,2025-05-18,5.0,381
2011EDUA01,Eduard Esteban García Domínguez,2025-05-25,5.82,382
2011EDUA01,Eduard Esteban García Domínguez,2025-05-25,5.79,383
2011EDUA01,Eduard Esteban García Domínguez,2025-05-31,5.04,384
2011EDUA01,Eduard Esteban García Domínguez,2025-05-31,4.34,385
2011EDUA01,Eduard Esteban García Domínguez,2025-06-01,7.4,386
2011EDUA01,Eduard Esteban García Domínguez,2025-06-02,5.6,387
2011EDUA01,Eduard Esteban García Domínguez,2025-06-07,5.01,388
2011EDUA01,Eduard Esteban García Domínguez,2025-06-07,4.97,389
2011EDUA01,Eduard Esteban García Domínguez,2025-06-08,6.54,390
2011EDUA01,Eduard Esteban García Domínguez,2025-06-14,4.67,391
2011EDUA01,Eduard Esteban García Domínguez,2025-06-14,6.0,392
2011EDUA01,Eduard Esteban García Domínguez,2025-06-15,6.18,393
2011EDUA01,Eduard Esteban García Domínguez,2025-07-03,5.8,394
2011EDUA01,Eduard Esteban García Domínguez,2025-07-12,4.98,395
2011EDUA01,Eduard Esteban García Domínguez,2025-07-20,5.14,396
2011EDUA01,Eduard Esteban García Domínguez,2025-07-27,5.16,397
2011EDUA01,Eduard Esteban García Domínguez,2025-08-03,4.72,398
2011EDUA01,Eduard Esteban García Domínguez,2025-08-16,6.06,399
2011EDUA01,Eduard Esteban García Domínguez,2025-08-16,4.61,400
2011EDUA01,Eduard Esteban García Domínguez,2025-08-23,3.99,401
2011EDUA01,Eduard Esteban García Domínguez,2025-08-30,5.14,402
2011EDUA01,Eduard Esteban García Domínguez,2025-08-31,7.42,403
2011EDUA01,Eduard Esteban García Domínguez,2025-09-06,4.55,404
2011EDUA01,Eduard Esteban García Domínguez,2025-09-06,5.36,405
2011EDUA01,Eduard Esteban García Domínguez,2025-09-07,7.81,406
2011EDUA01,Eduard Esteban García Domínguez,2025-09-07,4.87,407
2011EDUA01,Eduard Esteban García Domínguez,2025-09-13,4.5,408
2011EDUA01,Eduard Esteban García Domínguez,2025-09-13,5.18,409
2011EDUA01,Eduard Esteban García Domínguez,2025-09-20,5.29,410
2011EDUA01,Eduard Esteban García Domínguez,2025-09-20,4.12,411
2011EDUA01,Eduard Esteban García Domínguez,2025-09-28,4.55,412
2011EDUA01,Eduard Esteban García Domínguez,2025-10-04,5.04,413
2011EDUA01,Eduard Esteban García Domínguez,2025-10-05,5.54,414
2011EDUA01,Eduard Esteban García Domínguez,2025-10-05,4.41,415
2011EDUA01,Eduard Esteban García Domínguez,2025-10-05,4.42,416
2011EDUA01,Eduard Esteban García Domínguez,2025-10-18,6.01,417
2011EDUA01,Eduard Esteban García Domínguez,2025-10-18,5.76,418
2011EDUA01,Eduard Esteban García Domínguez,2025-10-25,6.32,419
2011EDUA01,Eduard Esteban García Domínguez,2025-11-02,4.57,420
2011EDUA01,Eduard Esteban García Domínguez,2025-11-02,6.68,421
2011EDUA01,Eduard Esteban García Domínguez,2025-11-08,5.08,422
2011EDUA01,Eduard Esteban García Domínguez,2025-11-15,4.61,423
2011EDUA01,Eduard Esteban García Domínguez,2025-11-15,5.41,424
2011EDUA01,Eduard Esteban García Domínguez,2025-11-29,5.01,425
2011EDUA01,Eduard Esteban García Domínguez,2025-11-29,7.95,426
2011EDUA01,Eduard Esteban García Domínguez,2025-11-30,4.35,427
2011EDUA01,Eduard Esteban García Domínguez,2025-12-06,5.0,428
2011EDUA01,Eduard Esteban García Domínguez,2025-12-06,5.52,429
2011EDUA01,Eduard Esteban García Domínguez,2025-12-07,4.84,430
2011EDUA01,Eduard Esteban García Domínguez,2025-12-07,4.92,431
2011EDUA01,Eduard Esteban García Domínguez,2025-12-12,8.37,432
2011EDUA01,Eduard Esteban García Domínguez,2025-12-13,5.48,433
2011EDUA01,Eduard Esteban García Domínguez,2025-12-13,4.75,434
2011EDUA01,Eduard Esteban García Domínguez,2025-12-20,7.55,435
2011EDUA01,Eduard Esteban García Domínguez,2025-12-20,5.28,436
2011EDUA01,Eduard Esteban García Domínguez,2025-12-21,5.06,437
2011EDUA01,Eduard Esteban García Domínguez,2025-12-27,5.91,438
2011EDUA01,Eduard Esteban García Domínguez,2025-12-27,4.64,439
2011EDUA01,Eduard Esteban García Domínguez,2025-12-28,5.64,440
2011EDUA01,Eduard Esteban García Domínguez,2026-01-11,5.64,441
2011EDUA01,Eduard Esteban García Domínguez,2026-01-11,6.48,442
2011EDUA01,Eduard Esteban García Domínguez,2026-01-18,4.83,443
2011EDUA01,Eduard Esteban García Domínguez,2026-01-24,3.27,444
2011EDUA01,Eduard Esteban García Domínguez,2026-01-24,5.42,445
2011EDUA01,Eduard Esteban García Domínguez,2026-01-25,6.8,446
2011EDUA01,Eduard Esteban García Domínguez,2026-02-07,4.7,447
2011EDUA01,Eduard Esteban García Domínguez,2026-02-07,4.61,448
2011EDUA01,Eduard Esteban García Domínguez,2026-02-08,7.24,449
2011EDUA01,Eduard Esteban García Domínguez,2026-02-08,4.81,450
2011EDUA01,Eduard Esteban García Domínguez,2026-02-15,6.12,451
2011EDUA01,Eduard Esteban García Domínguez,2026-02-22,5.94,452
2011EDUA01,Eduard Esteban García Domínguez,2026-03-07,4.92,453
2011EDUA01,Eduard Esteban García Domínguez,2026-03-14,5.99,454
2011EDUA01,Eduard Esteban García Domínguez,2026-03-14,6.86,455
2011EDUA01,Eduard Esteban García Domínguez,2026-03-15,6.08,456
2011EDUA01,Eduard Esteban García Domínguez,2026-03-21,5.18,457
2011EDUA01,Eduard Esteban García Domínguez,2026-03-29,5.62,458
2011EDUA01,Eduard Esteban García Domínguez,2026-04-04,5.04,459
2011EDUA01,Eduard Esteban García Domínguez,2026-04-04,5.21,460
2011EDUA01,Eduard Esteban García Domínguez,2026-04-11,4.63,461
2011EDUA01,Eduard Esteban García Domínguez,2026-04-11,4.62,462
2011EDUA01,Eduard Esteban García Domínguez,2026-04-12,4.96,463
2011EDUA01,Eduard Esteban García Domínguez,2026-04-18,4.94,464
2011EDUA01,Eduard Esteban García Domínguez,2026-04-18,5.39,465
2011EDUA01,Eduard Esteban García Domínguez,2026-05-09,4.96,466
2011EDUA01,Eduard Esteban García Domínguez,2026-05-09,4.8,467
2011EDUA01,Eduard Esteban García Domínguez,2026-05-10,5.26,468
2011EDUA01,Eduard Esteban García Domínguez,2026-05-10,4.59,469
2011EDUA01,Eduard Esteban García Domínguez,2026-05-17,6.18,470
2011EDUA01,Eduard Esteban García Domínguez,2026-05-24,4.2,471
2011EDUA01,Eduard Esteban García Domínguez,2026-05-24,5.55,472
2011SZAT01,Wojciech Szatanowski,2011-03-26,7.8,1
2011SZAT01,Wojciech Szatanowski,2011-04-16,7.56,2
2011SZAT01,Wojciech Szatanowski,2011-04-16,8.2,3
2011SZAT01,Wojciech Szatanowski,2011-06-04,5.47,4
2011SZAT01,Wojciech Szatanowski,2011-06-04,5.83,5
2011SZAT01,Wojciech Szatanowski,2011-08-13,6.11,6
2011SZAT01,Wojciech Szatanowski,2011-08-13,5.73,7
2011SZAT01,Wojciech Szatanowski,2011-08-13,4.93,8
2011SZAT01,Wojciech Szatanowski,2011-09-24,4.54,9
2011SZAT01,Wojciech Szatanowski,2011-09-24,4.92,10
2011SZAT01,Wojciech Szatanowski,2011-09-24,5.12,11
2011SZAT01,Wojciech Szatanowski,2011-12-17,5.15,12
2011SZAT01,Wojciech Szatanowski,2011-12-17,5.42,13
2011SZAT01,Wojciech Szatanowski,2012-04-21,4.85,14
2011SZAT01,Wojciech Szatanowski,2012-04-21,4.19,15
2011SZAT01,Wojciech Szatanowski,2012-05-26,4.92,16
2011SZAT01,Wojciech Szatanowski,2012-05-26,4.94,17
2011SZAT01,Wojciech Szatanowski,2012-05-26,4.37,18
2011SZAT01,Wojciech Szatanowski,2012-06-30,4.46,19
2011SZAT01,Wojciech Szatanowski,2012-06-30,4.83,20
2011SZAT01,Wojciech Szatanowski,2012-08-04,4.29,21
2011SZAT01,Wojciech Szatanowski,2012-08-04,5.79,22
2011SZAT01,Wojciech Szatanowski,2012-08-04,3.71,23
2011SZAT01,Wojciech Szatanowski,2012-09-22,5.4,24
2011SZAT01,Wojciech Szatanowski,2012-10-12,4.13,25
2011SZAT01,Wojciech Szatanowski,2012-11-24,3.79,26
2011SZAT01,Wojciech Szatanowski,2012-11-24,3.97,27
2011SZAT01,Wojciech Szatanowski,2012-11-24,4.75,28
2011SZAT01,Wojciech Szatanowski,2013-03-23,4.95,29
2011SZAT01,Wojciech Szatanowski,2013-03-23,4.03,30
2011SZAT01,Wojciech Szatanowski,2013-04-20,4.01,31
2011SZAT01,Wojciech Szatanowski,2013-04-20,4.74,32
2011SZAT01,Wojciech Szatanowski,2013-04-20,3.97,33
2011SZAT01,Wojciech Szatanowski,2013-06-29,4.67,34
2011SZAT01,Wojciech Szatanowski,2013-06-29,4.12,35
2011SZAT01,Wojciech Szatanowski,2013-06-29,4.69,36
2011SZAT01,Wojciech Szatanowski,2013-07-27,4.59,37
2011SZAT01,Wojciech Szatanowski,2013-07-27,4.31,38
2011SZAT01,Wojciech Szatanowski,2013-08-17,4.34,39
2011SZAT01,Wojciech Szatanowski,2013-08-17,4.12,40
2011SZAT01,Wojciech Szatanowski,2013-08-17,4.16,41
2011SZAT01,Wojciech Szatanowski,2013-09-14,4.37,42
2011SZAT01,Wojciech Szatanowski,2013-09-14,3.38,43
2011SZAT01,Wojciech Szatanowski,2013-09-28,4.79,44
2011SZAT01,Wojciech Szatanowski,2013-09-28,4.9,45
2011SZAT01,Wojciech Szatanowski,2013-10-05,3.64,46
2011SZAT01,Wojciech Szatanowski,2013-10-05,3.92,47
2011SZAT01,Wojciech Szatanowski,2013-10-05,3.96,48
2011SZAT01,Wojciech Szatanowski,2013-10-26,3.63,49
2011SZAT01,Wojciech Szatanowski,2013-10-26,4.22,50
2011SZAT01,Wojciech Szatanowski,2013-10-26,3.97,51
2011SZAT01,Wojciech Szatanowski,2013-11-16,3.33,52
2011SZAT01,Wojciech Szatanowski,2013-11-16,3.43,53
2011SZAT01,Wojciech Szatanowski,2013-11-30,3.9,54
2011SZAT01,Wojciech Szatanowski,2013-11-30,4.84,55
2011SZAT01,Wojciech Szatanowski,2013-12-14,4.77,56
2011SZAT01,Wojciech Szatanowski,2013-12-14,3.0,57
2011SZAT01,Wojciech Szatanowski,2013-12-21,3.54,58
2011SZAT01,Wojciech Szatanowski,2013-12-21,3.9,59
2011SZAT01,Wojciech Szatanowski,2014-01-04,4.33,60
2011SZAT01,Wojciech Szatanowski,2014-01-04,3.79,61
2011SZAT01,Wojciech Szatanowski,2014-01-04,3.51,62
2011SZAT01,Wojciech Szatanowski,2014-01-18,4.0,63
2011SZAT01,Wojciech Szatanowski,2014-01-18,3.24,64
2011SZAT01,Wojciech Szatanowski,2014-02-15,4.68,65
2011SZAT01,Wojciech Szatanowski,2014-02-15,3.42,66
2011SZAT01,Wojciech Szatanowski,2014-02-22,5.21,67
2011SZAT01,Wojciech Szatanowski,2014-02-22,3.29,68
2011SZAT01,Wojciech Szatanowski,2014-02-22,3.68,69
2011SZAT01,Wojciech Szatanowski,2014-03-08,4.24,70
2011SZAT01,Wojciech Szatanowski,2014-03-08,4.37,71
2011SZAT01,Wojciech Szatanowski,2014-03-08,3.7,72
2011SZAT01,Wojciech Szatanowski,2014-03-15,3.87,73
2011SZAT01,Wojciech Szatanowski,2014-03-15,4.03,74
2011SZAT01,Wojciech Szatanowski,2014-03-29,3.13,75
2011SZAT01,Wojciech Szatanowski,2014-03-29,3.85,76
2011SZAT01,Wojciech Szatanowski,2014-03-29,4.14,77
2011SZAT01,Wojciech Szatanowski,2014-04-05,3.94,78
2011SZAT01,Wojciech Szatanowski,2014-04-05,3.5,79
2011SZAT01,Wojciech Szatanowski,2014-05-03,3.49,80
2011SZAT01,Wojciech Szatanowski,2014-05-03,3.73,81
2011SZAT01,Wojciech Szatanowski,2014-05-17,3.89,82
2011SZAT01,Wojciech Szatanowski,2014-05-17,4.02,83
2011SZAT01,Wojciech Szatanowski,2014-05-17,3.13,84
2011SZAT01,Wojciech Szatanowski,2014-05-31,3.76,85
2011SZAT01,Wojciech Szatanowski,2014-05-31,3.62,86
2011SZAT01,Wojciech Szatanowski,2014-06-14,4.76,87
2011SZAT01,Wojciech Szatanowski,2014-06-14,4.34,88
2011SZAT01,Wojciech Szatanowski,2014-06-21,4.08,89
2011SZAT01,Wojciech Szatanowski,2014-06-21,3.7,90
2011SZAT01,Wojciech Szatanowski,2014-06-21,4.48,91
2011SZAT01,Wojciech Szatanowski,2014-06-28,3.52,92
2011SZAT01,Wojciech Szatanowski,2014-06-28,4.52,93
2011SZAT01,Wojciech Szatanowski,2014-06-28,3.45,94
2011SZAT01,Wojciech Szatanowski,2014-07-05,3.63,95
2011SZAT01,Wojciech Szatanowski,2014-07-05,3.52,96
2011SZAT01,Wojciech Szatanowski,2014-07-05,3.09,97
2011SZAT01,Wojciech Szatanowski,2014-07-26,3.46,98
2011SZAT01,Wojciech Szatanowski,2014-07-26,3.91,99
2011SZAT01,Wojciech Szatanowski,2014-07-26,3.72,100
2011SZAT01,Wojciech Szatanowski,2014-08-08,4.08,101
2011SZAT01,Wojciech Szatanowski,2014-08-08,3.33,102
2011SZAT01,Wojciech Szatanowski,2014-08-16,4.12,103
2011SZAT01,Wojciech Szatanowski,2014-08-16,4.54,104
2011SZAT01,Wojciech Szatanowski,2014-08-16,3.69,105
2011SZAT01,Wojciech Szatanowski,2014-08-23,3.42,106
2011SZAT01,Wojciech Szatanowski,2014-08-23,3.74,107
2011SZAT01,Wojciech Szatanowski,2014-08-30,4.21,108
2011SZAT01,Wojciech Szatanowski,2014-08-30,4.22,109
2011SZAT01,Wojciech Szatanowski,2014-08-30,4.27,110
2011SZAT01,Wojciech Szatanowski,2014-09-06,3.32,111
2011SZAT01,Wojciech Szatanowski,2014-09-06,3.71,112
2011SZAT01,Wojciech Szatanowski,2014-09-27,3.57,113
2011SZAT01,Wojciech Szatanowski,2014-09-27,3.95,114
2011SZAT01,Wojciech Szatanowski,2014-10-25,4.17,115
2011SZAT01,Wojciech Szatanowski,2014-10-25,3.59,116
2011SZAT01,Wojciech Szatanowski,2014-11-29,3.65,117
2011SZAT01,Wojciech Szatanowski,2014-11-29,3.6,118
2011SZAT01,Wojciech Szatanowski,2014-11-29,3.91,119
2011SZAT01,Wojciech Szatanowski,2014-12-06,4.14,120
2011SZAT01,Wojciech Szatanowski,2014-12-06,4.23,121
2011SZAT01,Wojciech Szatanowski,2014-12-06,3.38,122
2011SZAT01,Wojciech Szatanowski,2014-12-13,4.49,123
2011SZAT01,Wojciech Szatanowski,2014-12-13,3.63,124
2011SZAT01,Wojciech Szatanowski,2014-12-13,4.18,125
2011SZAT01,Wojciech Szatanowski,2014-12-20,3.49,126
2011SZAT01,Wojciech Szatanowski,2014-12-20,3.15,127
2011SZAT01,Wojciech Szatanowski,2015-01-24,3.89,128
2011SZAT01,Wojciech Szatanowski,2015-01-24,3.99,129
2011SZAT01,Wojciech Szatanowski,2015-01-24,4.54,130
2011SZAT01,Wojciech Szatanowski,2015-02-21,4.4,131
2011SZAT01,Wojciech Szatanowski,2015-02-21,4.21,132
2011SZAT01,Wojciech Szatanowski,2015-02-21,3.55,133
2011SZAT01,Wojciech Szatanowski,2015-02-28,4.16,134
2011SZAT01,Wojciech Szatanowski,2015-02-28,4.13,135
2011SZAT01,Wojciech Szatanowski,2015-03-07,4.26,136
2011SZAT01,Wojciech Szatanowski,2015-03-07,3.9,137
2011SZAT01,Wojciech Szatanowski,2015-03-07,4.21,138
2011SZAT01,Wojciech Szatanowski,2015-03-27,3.18,139
2011SZAT01,Wojciech Szatanowski,2015-03-27,3.46,140
2011SZAT01,Wojciech Szatanowski,2015-04-18,4.95,141
2011SZAT01,Wojciech Szatanowski,2015-04-18,3.72,142
2011SZAT01,Wojciech Szatanowski,2015-04-18,3.76,143
2011SZAT01,Wojciech Szatanowski,2015-05-23,3.48,144
2011SZAT01,Wojciech Szatanowski,2015-05-30,4.99,145
2011SZAT01,Wojciech Szatanowski,2015-05-30,4.01,146
2011SZAT01,Wojciech Szatanowski,2015-05-30,3.95,147
2011SZAT01,Wojciech Szatanowski,2015-06-06,4.92,148
2011SZAT01,Wojciech Szatanowski,2015-06-06,3.85,149
2011SZAT01,Wojciech Szatanowski,2015-06-27,4.29,150
2011SZAT01,Wojciech Szatanowski,2015-07-18,4.09,151
2011SZAT01,Wojciech Szatanowski,2015-07-18,3.56,152
2011SZAT01,Wojciech Szatanowski,2015-07-18,3.99,153
2011SZAT01,Wojciech Szatanowski,2015-08-08,3.75,154
2011SZAT01,Wojciech Szatanowski,2015-08-08,3.25,155
2011SZAT01,Wojciech Szatanowski,2015-08-08,3.63,156
2011SZAT01,Wojciech Szatanowski,2015-09-12,3.99,157
2011SZAT01,Wojciech Szatanowski,2015-09-12,4.32,158
2011SZAT01,Wojciech Szatanowski,2015-09-12,4.85,159
2011SZAT01,Wojciech Szatanowski,2015-09-19,4.49,160
2011SZAT01,Wojciech Szatanowski,2015-09-19,3.58,161
2011SZAT01,Wojciech Szatanowski,2015-09-19,4.36,162
2011SZAT01,Wojciech Szatanowski,2015-09-26,2.88,163
2011SZAT01,Wojciech Szatanowski,2015-09-26,3.71,164
2011SZAT01,Wojciech Szatanowski,2015-09-26,3.45,165
2011SZAT01,Wojciech Szatanowski,2015-10-09,3.75,166
2011SZAT01,Wojciech Szatanowski,2015-10-09,3.8,167
2011SZAT01,Wojciech Szatanowski,2015-10-09,3.17,168
2011SZAT01,Wojciech Szatanowski,2015-10-09,3.59,169
2011SZAT01,Wojciech Szatanowski,2015-11-07,3.57,170
2011SZAT01,Wojciech Szatanowski,2015-11-07,4.57,171
2011SZAT01,Wojciech Szatanowski,2015-12-05,4.18,172
2011SZAT01,Wojciech Szatanowski,2015-12-05,3.85,173
2011SZAT01,Wojciech Szatanowski,2015-12-05,3.53,174
2011SZAT01,Wojciech Szatanowski,2016-02-06,3.76,175
2011SZAT01,Wojciech Szatanowski,2016-02-06,3.53,176
2011SZAT01,Wojciech Szatanowski,2016-02-06,4.27,177
2011SZAT01,Wojciech Szatanowski,2016-02-20,3.33,178
2011SZAT01,Wojciech Szatanowski,2016-02-20,3.72,179
2011SZAT01,Wojciech Szatanowski,2016-04-16,4.95,180
2011SZAT01,Wojciech Szatanowski,2016-04-16,4.85,181
2011SZAT01,Wojciech Szatanowski,2016-05-08,3.98,182
2011SZAT01,Wojciech Szatanowski,2016-05-08,4.65,183
2011SZAT01,Wojciech Szatanowski,2016-05-21,3.91,184
2011SZAT01,Wojciech Szatanowski,2016-05-21,4.44,185
2011SZAT01,Wojciech Szatanowski,2016-05-21,4.45,186
2011SZAT01,Wojciech Szatanowski,2016-06-04,4.57,187
2011SZAT01,Wojciech Szatanowski,2016-06-04,4.94,188
2011SZAT01,Wojciech Szatanowski,2016-06-11,4.0,189
2011SZAT01,Wojciech Szatanowski,2016-06-11,4.36,190
2011SZAT01,Wojciech Szatanowski,2016-07-02,4.36,191
2011SZAT01,Wojciech Szatanowski,2016-07-02,3.8,192
2011SZAT01,Wojciech Szatanowski,2016-07-02,5.11,193
2011SZAT01,Wojciech Szatanowski,2016-07-09,5.02,194
2011SZAT01,Wojciech Szatanowski,2016-07-15,3.37,195
2011SZAT01,Wojciech Szatanowski,2016-07-15,5.35,196
2011SZAT01,Wojciech Szatanowski,2016-07-19,3.42,197
2011SZAT01,Wojciech Szatanowski,2016-07-19,3.97,198
2011SZAT01,Wojciech Szatanowski,2016-08-06,3.54,199
2011SZAT01,Wojciech Szatanowski,2016-08-06,3.29,200
2011SZAT01,Wojciech Szatanowski,2016-08-06,3.12,201
2011SZAT01,Wojciech Szatanowski,2016-08-27,3.71,202
2011SZAT01,Wojciech Szatanowski,2016-08-27,3.49,203
2011SZAT01,Wojciech Szatanowski,2016-08-27,4.01,204
2011SZAT01,Wojciech Szatanowski,2016-09-03,3.36,205
2011SZAT01,Wojciech Szatanowski,2016-09-03,3.37,206
2011SZAT01,Wojciech Szatanowski,2016-09-03,4.5,207
2011SZAT01,Wojciech Szatanowski,2016-09-16,3.69,208
2011SZAT01,Wojciech Szatanowski,2016-09-16,4.1,209
2011SZAT01,Wojciech Szatanowski,2016-09-16,3.97,210
2011SZAT01,Wojciech Szatanowski,2016-10-08,3.43,211
2011SZAT01,Wojciech Szatanowski,2016-10-08,4.37,212
2011SZAT01,Wojciech Szatanowski,2016-10-23,4.41,213
2011SZAT01,Wojciech Szatanowski,2016-10-23,4.04,214
2011SZAT01,Wojciech Szatanowski,2016-12-03,3.79,215
2011SZAT01,Wojciech Szatanowski,2016-12-03,4.53,216
2011SZAT01,Wojciech Szatanowski,2016-12-09,4.05,217
2011SZAT01,Wojciech Szatanowski,2016-12-09,4.12,218
2011SZAT01,Wojciech Szatanowski,2016-12-17,3.67,219
2011SZAT01,Wojciech Szatanowski,2016-12-17,4.2,220
2011SZAT01,Wojciech Szatanowski,2017-01-14,4.21,221
2011SZAT01,Wojciech Szatanowski,2017-01-14,4.8,222
2011SZAT01,Wojciech Szatanowski,2017-01-14,3.68,223
2011SZAT01,Wojciech Szatanowski,2017-02-25,6.0,224
2011SZAT01,Wojciech Szatanowski,2017-03-18,4.08,225
2011SZAT01,Wojciech Szatanowski,2017-03-18,3.92,226
2011SZAT01,Wojciech Szatanowski,2017-03-25,4.34,227
2011SZAT01,Wojciech Szatanowski,2017-03-25,3.94,228
2011SZAT01,Wojciech Szatanowski,2017-03-25,3.24,229
2011SZAT01,Wojciech Szatanowski,2017-05-06,4.08,230
2011SZAT01,Wojciech Szatanowski,2017-05-06,3.65,231
2011SZAT01,Wojciech Szatanowski,2017-05-20,3.38,232
2011SZAT01,Wojciech Szatanowski,2017-05-20,3.82,233
2011SZAT01,Wojciech Szatanowski,2017-05-20,4.57,234
2011SZAT01,Wojciech Szatanowski,2017-06-10,4.35,235
2011SZAT01,Wojciech Szatanowski,2017-06-10,4.4,236
2011SZAT01,Wojciech Szatanowski,2017-06-17,3.4,237
2011SZAT01,Wojciech Szatanowski,2017-06-17,4.56,238
2011SZAT01,Wojciech Szatanowski,2017-06-24,3.72,239
2011SZAT01,Wojciech Szatanowski,2017-06-24,3.43,240
2011SZAT01,Wojciech Szatanowski,2017-06-24,3.82,241
2011SZAT01,Wojciech Szatanowski,2017-07-13,3.88,242
2011SZAT01,Wojciech Szatanowski,2017-07-13,3.54,243
2011SZAT01,Wojciech Szatanowski,2017-07-29,3.9,244
2011SZAT01,Wojciech Szatanowski,2017-07-29,3.92,245
2011SZAT01,Wojciech Szatanowski,2017-08-05,4.16,246
2011SZAT01,Wojciech Szatanowski,2017-08-05,4.65,247
2011SZAT01,Wojciech Szatanowski,2017-08-25,3.26,248
2011SZAT01,Wojciech Szatanowski,2017-08-25,3.63,249
2011SZAT01,Wojciech Szatanowski,2017-08-25,3.67,250
2011SZAT01,Wojciech Szatanowski,2017-09-09,4.19,251
2011SZAT01,Wojciech Szatanowski,2017-09-09,3.66,252
2011SZAT01,Wojciech Szatanowski,2017-09-15,3.92,253
2011SZAT01,Wojciech Szatanowski,2017-09-15,3.9,254
2011SZAT01,Wojciech Szatanowski,2017-10-14,5.42,255
2011SZAT01,Wojciech Szatanowski,2017-10-14,3.22,256
2011SZAT01,Wojciech Szatanowski,2017-10-14,4.06,257
2011SZAT01,Wojciech Szatanowski,2017-10-21,3.53,258
2011SZAT01,Wojciech Szatanowski,2017-10-21,3.55,259
2011SZAT01,Wojciech Szatanowski,2017-10-21,4.39,260
2011SZAT01,Wojciech Szatanowski,2017-11-17,3.98,261
2011SZAT01,Wojciech Szatanowski,2017-11-17,3.31,262
2011SZAT01,Wojciech Szatanowski,2017-11-17,3.76,263
2011SZAT01,Wojciech Szatanowski,2017-12-02,4.03,264
2011SZAT01,Wojciech Szatanowski,2017-12-02,4.21,265
2011SZAT01,Wojciech Szatanowski,2017-12-09,4.26,266
2011SZAT01,Wojciech Szatanowski,2017-12-09,4.15,267
2011SZAT01,Wojciech Szatanowski,2017-12-09,5.05,268
2011SZAT01,Wojciech Szatanowski,2017-12-16,4.38,269
2011SZAT01,Wojciech Szatanowski,2017-12-16,4.07,270
2011SZAT01,Wojciech Szatanowski,2017-12-16,4.54,271
2011SZAT01,Wojciech Szatanowski,2018-01-02,3.2,272
2011SZAT01,Wojciech Szatanowski,2018-01-02,4.25,273
2011SZAT01,Wojciech Szatanowski,2018-01-02,3.5,274
2011SZAT01,Wojciech Szatanowski,2018-01-13,3.97,275
2011SZAT01,Wojciech Szatanowski,2018-01-13,3.66,276
2011SZAT01,Wojciech Szatanowski,2018-02-10,3.58,277
2011SZAT01,Wojciech Szatanowski,2018-02-17,3.66,278
2011SZAT01,Wojciech Szatanowski,2018-02-17,3.38,279
2011SZAT01,Wojciech Szatanowski,2018-02-24,4.33,280
2011SZAT01,Wojciech Szatanowski,2018-02-24,4.23,281
2011SZAT01,Wojciech Szatanowski,2018-03-03,4.1,282
2011SZAT01,Wojciech Szatanowski,2018-03-03,3.88,283
2011SZAT01,Wojciech Szatanowski,2018-03-17,5.49,284
2011SZAT01,Wojciech Szatanowski,2018-04-07,4.19,285
2011SZAT01,Wojciech Szatanowski,2018-04-21,4.1,286
2011SZAT01,Wojciech Szatanowski,2018-04-21,4.32,287
2011SZAT01,Wojciech Szatanowski,2018-05-26,3.37,288
2011SZAT01,Wojciech Szatanowski,2018-05-26,4.08,289
2011SZAT01,Wojciech Szatanowski,2018-05-27,4.21,290
2011SZAT01,Wojciech Szatanowski,2018-06-16,3.44,291
2011SZAT01,Wojciech Szatanowski,2018-06-16,3.2,292
2011SZAT01,Wojciech Szatanowski,2018-06-16,4.01,293
2011SZAT01,Wojciech Szatanowski,2018-06-23,4.58,294
2011SZAT01,Wojciech Szatanowski,2018-06-23,3.35,295
2011SZAT01,Wojciech Szatanowski,2018-06-30,3.9,296
2011SZAT01,Wojciech Szatanowski,2018-06-30,4.64,297
2011SZAT01,Wojciech Szatanowski,2018-07-07,2.97,298
2011SZAT01,Wojciech Szatanowski,2018-07-07,3.85,299
2011SZAT01,Wojciech Szatanowski,2018-07-19,4.16,300
2011SZAT01,Wojciech Szatanowski,2018-07-19,3.79,301
2011SZAT01,Wojciech Szatanowski,2018-07-19,3.81,302
2011SZAT01,Wojciech Szatanowski,2018-08-04,3.71,303
2011SZAT01,Wojciech Szatanowski,2018-08-04,4.55,304
2011SZAT01,Wojciech Szatanowski,2018-09-15,4.1,305
2011SZAT01,Wojciech Szatanowski,2018-09-15,4.53,306
2011SZAT01,Wojciech Szatanowski,2018-10-20,5.0,307
2011SZAT01,Wojciech Szatanowski,2018-10-20,4.11,308
2011SZAT01,Wojciech Szatanowski,2018-10-26,4.55,309
2011SZAT01,Wojciech Szatanowski,2018-10-26,5.16,310
2011SZAT01,Wojciech Szatanowski,2018-12-01,4.0,311
2011SZAT01,Wojciech Szatanowski,2019-03-16,4.0,312
2011SZAT01,Wojciech Szatanowski,2019-03-30,4.31,313
2011SZAT01,Wojciech Szatanowski,2019-03-30,4.41,314
2011SZAT01,Wojciech Szatanowski,2019-03-30,3.97,315
2011SZAT01,Wojciech Szatanowski,2019-04-13,4.51,316
2011SZAT01,Wojciech Szatanowski,2019-04-13,3.47,317
2011SZAT01,Wojciech Szatanowski,2019-04-13,4.3,318
2011SZAT01,Wojciech Szatanowski,2019-06-08,5.11,319
2011SZAT01,Wojciech Szatanowski,2019-06-08,4.43,320
2011SZAT01,Wojciech Szatanowski,2019-07-13,4.16,321
2011SZAT01,Wojciech Szatanowski,2019-08-10,4.36,322
2011SZAT01,Wojciech Szatanowski,2019-08-10,3.96,323
2011SZAT01,Wojciech Szatanowski,2019-10-11,4.04,324
2011SZAT01,Wojciech Szatanowski,2019-10-11,4.11,325
2011SZAT01,Wojciech Szatanowski,2019-11-09,4.05,326
2011SZAT01,Wojciech Szatanowski,2019-11-09,3.54,327
2011SZAT01,Wojciech Szatanowski,2019-11-09,4.27,328
2011SZAT01,Wojciech Szatanowski,2019-11-23,4.96,329
2011SZAT01,Wojciech Szatanowski,2019-12-06,4.79,330
2011SZAT01,Wojciech Szatanowski,2019-12-06,4.12,331
2011SZAT01,Wojciech Szatanowski,2020-01-04,3.92,332
2011SZAT01,Wojciech Szatanowski,2020-01-04,3.71,333
2011SZAT01,Wojciech Szatanowski,2021-09-25,4.65,334
2011SZAT01,Wojciech Szatanowski,2021-10-01,3.37,335
2011SZAT01,Wojciech Szatanowski,2021-10-01,5.05,336
2011SZAT01,Wojciech Szatanowski,2022-07-08,4.09,337
2011SZAT01,Wojciech Szatanowski,2023-10-06,4.65,338
2011SZAT01,Wojciech Szatanowski,2024-03-16,4.61,339
2011SZAT01,Wojciech Szatanowski,2024-07-13,3.9,340
2011SZAT01,Wojciech Szatanowski,2024-07-13,3.18,341
2011SZAT01,Wojciech Szatanowski,2024-09-21,3.99,342
2011SZAT01,Wojciech Szatanowski,2024-09-21,3.08,343
2011SZAT01,Wojciech Szatanowski,2024-10-05,4.68,344
2011SZAT01,Wojciech Szatanowski,2024-10-12,4.71,345
2011SZAT01,Wojciech Szatanowski,2024-10-12,3.56,346
2011SZAT01,Wojciech Szatanowski,2024-11-07,3.96,347
2011SZAT01,Wojciech Szatanowski,2024-11-16,4.59,348
2011SZAT01,Wojciech Szatanowski,2024-12-14,3.94,349
2011SZAT01,Wojciech Szatanowski,2025-01-11,4.41,350
2011SZAT01,Wojciech Szatanowski,2025-02-08,4.06,351
2011SZAT01,Wojciech Szatanowski,2025-02-08,4.36,352
2011SZAT01,Wojciech Szatanowski,2025-02-22,3.58,353
2011SZAT01,Wojciech Szatanowski,2025-06-07,4.24,354
2011SZAT01,Wojciech Szatanowski,2025-06-07,3.46,355
2011SZAT01,Wojciech Szatanowski,2025-06-07,4.59,356
2011SZAT01,Wojciech Szatanowski,2025-06-14,4.42,357
2011SZAT01,Wojciech Szatanowski,2025-06-14,3.51,358
2011SZAT01,Wojciech Szatanowski,2025-07-12,4.06,359
2011SZAT01,Wojciech Szatanowski,2025-07-12,4.01,360
2011SZAT01,Wojciech Szatanowski,2025-08-09,3.18,361
2011SZAT01,Wojciech Szatanowski,2025-08-09,4.26,362
2011SZAT01,Wojciech Szatanowski,2025-08-10,4.49,363
2011SZAT01,Wojciech Szatanowski,2025-08-30,3.34,364
2011SZAT01,Wojciech Szatanowski,2025-08-30,3.13,365
2011SZAT01,Wojciech Szatanowski,2025-08-30,3.78,366
2011SZAT01,Wojciech Szatanowski,2025-09-05,3.72,367
2011SZAT01,Wojciech Szatanowski,2025-09-05,3.81,368
2011SZAT01,Wojciech Szatanowski,2025-09-13,3.06,369
2011SZAT01,Wojciech Szatanowski,2025-09-13,3.7,370
2011SZAT01,Wojciech Szatanowski,2025-09-20,2.74,371
2011SZAT01,Wojciech Szatanowski,2025-09-27,3.1,372
2011SZAT01,Wojciech Szatanowski,2025-10-11,3.23,373
2011SZAT01,Wojciech Szatanowski,2025-10-11,3.09,374
2011SZAT01,Wojciech Szatanowski,2025-10-11,4.55,375
2011SZAT01,Wojciech Szatanowski,2025-10-18,3.16,376
2011SZAT01,Wojciech Szatanowski,2025-10-18,3.47,377
2011SZAT01,Wojciech Szatanowski,2025-10-18,3.17,378
2011SZAT01,Wojciech Szatanowski,2025-10-25,4.44,379
2011SZAT01,Wojciech Szatanowski,2025-10-25,3.49,380
2011SZAT01,Wojciech Szatanowski,2025-11-01,3.96,381
2011SZAT01,Wojciech Szatanowski,2025-11-01,3.54,382
2011SZAT01,Wojciech Szatanowski,2025-11-13,4.05,383
2011SZAT01,Wojciech Szatanowski,2025-11-13,4.22,384
2011SZAT01,Wojciech Szatanowski,2025-12-09,2.87,385
2011SZAT01,Wojciech Szatanowski,2025-12-13,3.75,386
2011SZAT01,Wojciech Szatanowski,2025-12-13,3.64,387
2011SZAT01,Wojciech Szatanowski,2025-12-13,3.32,388
2011SZAT01,Wojciech Szatanowski,2026-01-03,4.29,389
2011SZAT01,Wojciech Szatanowski,2026-01-03,3.15,390
2011SZAT01,Wojciech Szatanowski,2026-01-24,4.34,391
2011SZAT01,Wojciech Szatanowski,2026-01-24,4.54,392
2011SZAT01,Wojciech Szatanowski,2026-03-11,3.71,393
2011SZAT01,Wojciech Szatanowski,2026-03-21,5.23,394
2011SZAT01,Wojciech Szatanowski,2026-03-21,3.53,395
2011SZAT01,Wojciech Szatanowski,2026-04-18,3.68,396
2011SZAT01,Wojciech Szatanowski,2026-04-18,3.34,397
2011SZAT01,Wojciech Szatanowski,2026-04-18,3.25,398
2011SZAT01,Wojciech Szatanowski,2026-04-25,2.91,399
2011SZAT01,Wojciech Szatanowski,2026-04-26,2.99,400
2011SZAT01,Wojciech Szatanowski,2026-04-26,3.01,401
2011SZAT01,Wojciech Szatanowski,2026-05-13,3.55,402
2011WELC01,Walker Welch,2011-10-29,10.61,1
2011WELC01,Walker Welch,2012-06-23,6.23,2
2011WELC01,Walker Welch,2012-06-23,7.67,3
2011WELC01,Walker Welch,2012-10-06,6.65,4
2011WELC01,Walker Welch,2012-10-06,6.31,5
2011WELC01,Walker Welch,2012-11-03,6.02,6
2011WELC01,Walker Welch,2013-01-19,4.24,7
2011WELC01,Walker Welch,2013-01-19,5.88,8
2011WELC01,Walker Welch,2013-04-27,4.48,9
2011WELC01,Walker Welch,2013-04-27,4.91,10
2011WELC01,Walker Welch,2013-06-29,5.49,11
2011WELC01,Walker Welch,2013-06-29,4.45,12
2011WELC01,Walker Welch,2013-07-26,4.04,13
2011WELC01,Walker Welch,2013-07-26,4.79,14
2011WELC01,Walker Welch,2013-08-24,5.06,15
2011WELC01,Walker Welch,2013-08-24,5.04,16
2011WELC01,Walker Welch,2013-10-05,5.89,17
2011WELC01,Walker Welch,2013-10-05,4.39,18
2011WELC01,Walker Welch,2013-10-05,5.14,19
2011WELC01,Walker Welch,2013-12-07,4.7,20
2011WELC01,Walker Welch,2013-12-07,5.99,21
2011WELC01,Walker Welch,2014-01-04,4.38,22
2011WELC01,Walker Welch,2014-01-04,4.66,23
2011WELC01,Walker Welch,2014-03-29,4.22,24
2011WELC01,Walker Welch,2014-03-29,3.75,25
2011WELC01,Walker Welch,2014-05-10,4.16,26
2011WELC01,Walker Welch,2014-05-10,3.55,27
2011WELC01,Walker Welch,2014-05-10,4.19,28
2011WELC01,Walker Welch,2014-06-07,4.77,29
2011WELC01,Walker Welch,2014-06-07,4.11,30
2011WELC01,Walker Welch,2014-06-07,5.25,31
2011WELC01,Walker Welch,2014-07-12,4.21,32
2011WELC01,Walker Welch,2014-07-12,5.03,33
2011WELC01,Walker Welch,2014-07-12,4.84,34
2011WELC01,Walker Welch,2014-07-19,4.49,35
2011WELC01,Walker Welch,2014-07-19,3.05,36
2011WELC01,Walker Welch,2014-07-19,3.58,37
2011WELC01,Walker Welch,2014-08-01,4.94,38
2011WELC01,Walker Welch,2014-08-01,3.73,39
2011WELC01,Walker Welch,2014-08-23,4.99,40
2011WELC01,Walker Welch,2014-08-23,4.05,41
2011WELC01,Walker Welch,2014-09-06,3.6,42
2011WELC01,Walker Welch,2014-09-27,4.23,43
2011WELC01,Walker Welch,2014-09-27,3.9,44
2011WELC01,Walker Welch,2014-11-01,5.34,45
2011WELC01,Walker Welch,2014-11-01,4.7,46
2011WELC01,Walker Welch,2014-11-15,3.19,47
2011WELC01,Walker Welch,2014-11-15,4.03,48
2011WELC01,Walker Welch,2015-03-28,3.24,49
2011WELC01,Walker Welch,2015-03-28,2.99,50
2011WELC01,Walker Welch,2015-03-28,3.51,51
2011WELC01,Walker Welch,2015-04-18,4.0,52
2011WELC01,Walker Welch,2015-04-18,3.1,53
2011WELC01,Walker Welch,2015-05-09,3.46,54
2011WELC01,Walker Welch,2015-05-09,4.62,55
2011WELC01,Walker Welch,2015-05-09,3.42,56
2011WELC01,Walker Welch,2015-05-23,4.52,57
2011WELC01,Walker Welch,2015-06-27,3.93,58
2011WELC01,Walker Welch,2015-06-27,3.57,59
2011WELC01,Walker Welch,2015-07-10,3.98,60
2011WELC01,Walker Welch,2015-07-10,3.11,61
2011WELC01,Walker Welch,2015-07-10,5.32,62
2011WELC01,Walker Welch,2015-07-31,3.63,63
2011WELC01,Walker Welch,2015-07-31,3.78,64
2011WELC01,Walker Welch,2015-07-31,3.67,65
2011WELC01,Walker Welch,2015-10-24,5.07,66
2011WELC01,Walker Welch,2015-10-24,2.56,67
2011WELC01,Walker Welch,2015-10-24,4.3,68
2011WELC01,Walker Welch,2015-11-07,3.73,69
2011WELC01,Walker Welch,2015-11-07,3.92,70
2011WELC01,Walker Welch,2015-11-07,4.25,71
2011WELC01,Walker Welch,2016-02-06,2.85,72
2011WELC01,Walker Welch,2016-02-06,3.05,73
2011WELC01,Walker Welch,2016-02-06,4.82,74
2011WELC01,Walker Welch,2016-02-27,3.75,75
2011WELC01,Walker Welch,2016-02-27,3.01,76
2011WELC01,Walker Welch,2016-04-16,3.94,77
2011WELC01,Walker Welch,2016-04-16,3.46,78
2011WELC01,Walker Welch,2016-04-16,2.83,79
2011WELC01,Walker Welch,2016-05-07,3.74,80
2011WELC01,Walker Welch,2016-05-07,2.42,81
2011WELC01,Walker Welch,2016-05-21,2.91,82
2011WELC01,Walker Welch,2016-05-21,4.39,83
2011WELC01,Walker Welch,2016-05-21,3.34,84
2011WELC01,Walker Welch,2016-06-25,2.78,85
2011WELC01,Walker Welch,2016-06-25,7.5,86
2011WELC01,Walker Welch,2016-07-16,4.13,87
2011WELC01,Walker Welch,2016-07-16,3.89,88
2011WELC01,Walker Welch,2016-07-16,3.37,89
2011WELC01,Walker Welch,2016-07-29,3.39,90
2011WELC01,Walker Welch,2016-07-29,2.92,91
2011WELC01,Walker Welch,2016-07-29,2.93,92
2011WELC01,Walker Welch,2016-07-29,5.57,93
2011WELC01,Walker Welch,2016-08-13,3.36,94
2011WELC01,Walker Welch,2016-08-13,3.32,95
2011WELC01,Walker Welch,2016-09-10,3.0,96
2011WELC01,Walker Welch,2016-09-10,4.05,97
2011WELC01,Walker Welch,2016-10-08,2.41,98
2011WELC01,Walker Welch,2016-10-08,4.15,99
2011WELC01,Walker Welch,2016-10-29,5.21,100
2011WELC01,Walker Welch,2016-10-29,3.22,101
2011WELC01,Walker Welch,2016-10-29,3.75,102
2011WELC01,Walker Welch,2016-11-05,3.18,103
2011WELC01,Walker Welch,2016-11-05,3.9,104
2011WELC01,Walker Welch,2016-11-05,5.72,105
2011WELC01,Walker Welch,2017-01-07,2.88,106
2011WELC01,Walker Welch,2017-01-07,4.5,107
2011WELC01,Walker Welch,2017-05-06,3.68,108
2011WELC01,Walker Welch,2017-05-06,3.98,109
2011WELC01,Walker Welch,2017-05-06,4.19,110
2011WELC01,Walker Welch,2017-06-25,4.19,111
2011WELC01,Walker Welch,2017-06-25,2.78,112
2011WELC01,Walker Welch,2017-07-01,4.42,113
2011WELC01,Walker Welch,2017-07-01,3.05,114
2011WELC01,Walker Welch,2017-07-01,2.74,115
2011WELC01,Walker Welch,2017-07-07,3.72,116
2011WELC01,Walker Welch,2017-07-07,3.46,117
2011WELC01,Walker Welch,2017-07-07,4.66,118
2011WELC01,Walker Welch,2017-07-13,4.18,119
2011WELC01,Walker Welch,2017-08-05,4.15,120
2011WELC01,Walker Welch,2017-08-05,5.04,121
2011WELC01,Walker Welch,2017-09-09,4.32,122
2011WELC01,Walker Welch,2017-09-09,4.25,123
2011WELC01,Walker Welch,2017-10-28,4.46,124
2011WELC01,Walker Welch,2017-10-28,3.8,125
2011WELC01,Walker Welch,2017-10-28,4.25,126
2011WELC01,Walker Welch,2017-11-12,3.61,127
2011WELC01,Walker Welch,2017-11-12,4.49,128
2011WELC01,Walker Welch,2017-12-09,4.64,129
2011WELC01,Walker Welch,2017-12-09,3.95,130
2011WELC01,Walker Welch,2017-12-09,3.13,131
2011WELC01,Walker Welch,2018-02-03,2.77,132
2011WELC01,Walker Welch,2018-02-03,3.05,133
2011WELC01,Walker Welch,2018-03-09,2.88,134
2011WELC01,Walker Welch,2018-03-09,2.99,135
2011WELC01,Walker Welch,2018-03-09,3.22,136
2011WELC01,Walker Welch,2018-03-18,4.18,137
2011WELC01,Walker Welch,2018-03-18,2.44,138
2011WELC01,Walker Welch,2018-03-31,2.88,139
2011WELC01,Walker Welch,2018-03-31,2.96,140
2011WELC01,Walker Welch,2018-03-31,2.51,141
2011WELC01,Walker Welch,2018-04-14,2.96,142
2011WELC01,Walker Welch,2018-04-14,2.77,143
2011WELC01,Walker Welch,2018-04-21,2.5,144
2011WELC01,Walker Welch,2018-04-21,2.07,145
2011WELC01,Walker Welch,2018-04-22,3.32,146
2011WELC01,Walker Welch,2018-04-22,3.31,147
2011WELC01,Walker Welch,2018-05-05,2.62,148
2011WELC01,Walker Welch,2018-05-05,2.72,149
2011WELC01,Walker Welch,2018-05-05,3.73,150
2011WELC01,Walker Welch,2018-05-12,2.7,151
2011WELC01,Walker Welch,2018-05-12,2.63,152
2011WELC01,Walker Welch,2018-05-12,2.89,153
2011WELC01,Walker Welch,2018-06-03,4.28,154
2011WELC01,Walker Welch,2018-06-03,2.7,155
2011WELC01,Walker Welch,2018-07-27,3.17,156
2011WELC01,Walker Welch,2018-07-27,3.2,157
2011WELC01,Walker Welch,2018-07-27,3.27,158
2011WELC01,Walker Welch,2018-08-11,3.57,159
2011WELC01,Walker Welch,2018-08-11,2.4,160
2011WELC01,Walker Welch,2018-09-02,2.75,161
2011WELC01,Walker Welch,2018-09-02,2.77,162
2011WELC01,Walker Welch,2018-09-02,3.69,163
2011WELC01,Walker Welch,2018-09-29,2.05,164
2011WELC01,Walker Welch,2018-10-02,2.78,165
2011WELC01,Walker Welch,2018-10-02,2.68,166
2011WELC01,Walker Welch,2018-10-02,2.97,167
2011WELC01,Walker Welch,2018-10-02,2.89,168
2011WELC01,Walker Welch,2018-10-20,3.54,169
2011WELC01,Walker Welch,2018-10-20,3.5,170
2011WELC01,Walker Welch,2018-10-20,2.9,171
2011WELC01,Walker Welch,2018-11-10,1.92,172
2011WELC01,Walker Welch,2018-11-10,2.84,173
2011WELC01,Walker Welch,2018-11-17,2.72,174
2011WELC01,Walker Welch,2018-11-17,2.6,175
2011WELC01,Walker Welch,2018-11-17,2.65,176
2011WELC01,Walker Welch,2018-12-15,2.13,177
2011WELC01,Walker Welch,2018-12-15,3.36,178
2011WELC01,Walker Welch,2018-12-15,4.88,179
2011WELC01,Walker Welch,2019-01-12,3.04,180
2011WELC01,Walker Welch,2019-01-12,2.58,181
2011WELC01,Walker Welch,2019-01-26,3.07,182
2011WELC01,Walker Welch,2019-01-26,2.27,183
2011WELC01,Walker Welch,2019-02-09,2.42,184
2011WELC01,Walker Welch,2019-02-09,2.24,185
2011WELC01,Walker Welch,2019-03-09,4.35,186
2011WELC01,Walker Welch,2019-03-09,3.96,187
2011WELC01,Walker Welch,2019-03-09,2.27,188
2011WELC01,Walker Welch,2019-04-13,1.95,189
2011WELC01,Walker Welch,2019-04-13,2.16,190
2011WELC01,Walker Welch,2019-05-24,3.29,191
2011WELC01,Walker Welch,2019-05-24,3.19,192
2011WELC01,Walker Welch,2019-06-16,2.66,193
2011WELC01,Walker Welch,2019-06-22,1.82,194
2011WELC01,Walker Welch,2019-06-22,2.62,195
2011WELC01,Walker Welch,2019-06-22,4.66,196
2011WELC01,Walker Welch,2019-07-06,3.49,197
2011WELC01,Walker Welch,2019-07-11,2.31,198
2011WELC01,Walker Welch,2019-07-11,4.03,199
2011WELC01,Walker Welch,2019-07-26,2.73,200
2011WELC01,Walker Welch,2019-07-26,3.02,201
2011WELC01,Walker Welch,2019-07-26,2.97,202
2011WELC01,Walker Welch,2019-08-01,2.33,203
2011WELC01,Walker Welch,2019-08-01,2.04,204
2011WELC01,Walker Welch,2019-08-01,4.65,205
2011WELC01,Walker Welch,2019-09-28,3.66,206
2011WELC01,Walker Welch,2019-09-28,2.66,207
2011WELC01,Walker Welch,2019-09-28,3.37,208
2011WELC01,Walker Welch,2019-10-05,2.79,209
2011WELC01,Walker Welch,2019-10-05,2.03,210
2011WELC01,Walker Welch,2019-10-06,3.15,211
2011WELC01,Walker Welch,2019-10-06,2.0,212
2011WELC01,Walker Welch,2019-10-19,3.47,213
2011WELC01,Walker Welch,2019-10-19,4.56,214
2011WELC01,Walker Welch,2019-10-25,3.34,215
2011WELC01,Walker Welch,2019-10-25,2.62,216
2011WELC01,Walker Welch,2019-11-23,2.96,217
2011WELC01,Walker Welch,2019-11-23,2.38,218
2011WELC01,Walker Welch,2019-11-23,2.4,219
2011WELC01,Walker Welch,2020-02-16,3.31,220
2011WELC01,Walker Welch,2020-02-16,2.43,221
2011WELC01,Walker Welch,2020-02-29,2.54,222
2011WELC01,Walker Welch,2020-02-29,2.37,223
2011WELC01,Walker Welch,2020-03-07,2.8,224
2011WELC01,Walker Welch,2020-03-07,2.62,225
2011WELC01,Walker Welch,2020-03-07,3.1,226
2011WELC01,Walker Welch,2021-07-24,2.48,227
2011WELC01,Walker Welch,2021-07-24,2.79,228
2011WELC01,Walker Welch,2021-07-24,2.13,229
2011WELC01,Walker Welch,2021-11-06,2.39,230
2011WELC01,Walker Welch,2021-11-06,2.56,231
2011WELC01,Walker Welch,2021-12-31,2.82,232
2011WELC01,Walker Welch,2022-02-05,2.98,233
2011WELC01,Walker Welch,2022-02-05,2.5,234
2011WELC01,Walker Welch,2022-02-05,2.97,235
2011WELC01,Walker Welch,2022-03-05,2.84,236
2011WELC01,Walker Welch,2022-03-05,3.35,237
2011WELC01,Walker Welch,2022-03-19,4.13,238
2011WELC01,Walker Welch,2022-04-01,2.6,239
2011WELC01,Walker Welch,2022-04-01,3.41,240
2011WELC01,Walker Welch,2022-04-09,2.46,241
2011WELC01,Walker Welch,2022-04-09,2.65,242
2011WELC01,Walker Welch,2022-04-29,3.89,243
2011WELC01,Walker Welch,2022-04-29,2.84,244
2011WELC01,Walker Welch,2022-04-29,3.68,245
2011WELC01,Walker Welch,2022-05-21,3.11,246
2011WELC01,Walker Welch,2022-05-21,2.89,247
2011WELC01,Walker Welch,2022-05-21,2.29,248
2011WELC01,Walker Welch,2022-06-18,2.99,249
2011WELC01,Walker Welch,2022-06-18,3.8,250
2011WELC01,Walker Welch,2022-06-18,2.85,251
2011WELC01,Walker Welch,2022-07-07,3.7,252
2011WELC01,Walker Welch,2022-08-06,4.52,253
2011WELC01,Walker Welch,2022-08-06,2.25,254
2011WELC01,Walker Welch,2022-08-06,3.08,255
2011WELC01,Walker Welch,2022-09-10,2.37,256
2011WELC01,Walker Welch,2022-10-08,4.64,257
2011WELC01,Walker Welch,2022-10-22,2.34,258
2011WELC01,Walker Welch,2022-10-22,2.52,259
2011WELC01,Walker Welch,2022-10-22,3.39,260
2011WELC01,Walker Welch,2022-11-12,2.44,261
2011WELC01,Walker Welch,2022-11-12,2.8,262
2011WELC01,Walker Welch,2022-11-19,2.65,263
2011WELC01,Walker Welch,2022-11-19,2.35,264
2011WELC01,Walker Welch,2022-11-20,2.36,265
2011WELC01,Walker Welch,2022-11-20,2.8,266
2011WELC01,Walker Welch,2023-01-21,4.37,267
2011WELC01,Walker Welch,2023-03-18,2.25,268
2011WELC01,Walker Welch,2023-03-18,4.69,269
2011WELC01,Walker Welch,2023-03-31,3.5,270
2011WELC01,Walker Welch,2023-03-31,2.52,271
2011WELC01,Walker Welch,2023-04-08,2.38,272
2011WELC01,Walker Welch,2023-04-08,3.03,273
2011WELC01,Walker Welch,2023-05-06,3.37,274
2011WELC01,Walker Welch,2023-05-06,3.05,275
2011WELC01,Walker Welch,2023-05-06,3.39,276
2011WELC01,Walker Welch,2023-05-20,3.03,277
2011WELC01,Walker Welch,2023-05-20,3.07,278
2011WELC01,Walker Welch,2023-06-02,4.02,279
2011WELC01,Walker Welch,2023-06-02,3.56,280
2011WELC01,Walker Welch,2023-06-02,2.61,281
2011WELC01,Walker Welch,2023-06-02,2.9,282
2011WELC01,Walker Welch,2023-06-17,3.5,283
2011WELC01,Walker Welch,2023-06-17,2.78,284
2011WELC01,Walker Welch,2023-06-22,5.03,285
2011WELC01,Walker Welch,2023-06-22,3.31,286
2011WELC01,Walker Welch,2023-06-22,3.38,287
2011WELC01,Walker Welch,2023-07-27,2.8,288
2011WELC01,Walker Welch,2023-07-27,2.34,289
2011WELC01,Walker Welch,2023-07-27,3.54,290
2011WELC01,Walker Welch,2023-08-12,3.36,291
2011WELC01,Walker Welch,2023-08-12,2.83,292
2011WELC01,Walker Welch,2023-09-30,3.31,293
2011WELC01,Walker Welch,2023-09-30,3.51,294
2011WELC01,Walker Welch,2023-10-28,2.07,295
2011WELC01,Walker Welch,2023-10-28,3.1,296
2011WELC01,Walker Welch,2023-10-28,2.62,297
2011WELC01,Walker Welch,2023-12-09,3.75,298
2011WELC01,Walker Welch,2023-12-09,2.46,299
2011WELC01,Walker Welch,2023-12-09,2.49,300
2011WELC01,Walker Welch,2024-01-06,4.2,301
2011WELC01,Walker Welch,2024-01-20,2.5,302
2011WELC01,Walker Welch,2024-01-20,3.83,303
2011WELC01,Walker Welch,2024-01-20,4.64,304
2011WELC01,Walker Welch,2024-02-17,3.0,305
2011WELC01,Walker Welch,2024-02-17,2.52,306
2011WELC01,Walker Welch,2024-03-03,3.35,307
2011WELC01,Walker Welch,2024-03-03,2.27,308
2011WELC01,Walker Welch,2024-03-03,2.42,309
2011WELC01,Walker Welch,2024-04-12,2.7,310
2011WELC01,Walker Welch,2024-04-12,3.99,311
2011WELC01,Walker Welch,2024-04-12,2.85,312
2011WELC01,Walker Welch,2024-05-11,4.01,313
2011WELC01,Walker Welch,2024-05-11,2.93,314
2011WELC01,Walker Welch,2024-05-11,3.97,315
2011WELC01,Walker Welch,2024-05-26,2.63,316
2011WELC01,Walker Welch,2024-05-26,2.63,317
2011WELC01,Walker Welch,2024-06-07,2.83,318
2011WELC01,Walker Welch,2024-06-07,2.96,319
2011WELC01,Walker Welch,2024-06-07,3.35,320
2011WELC01,Walker Welch,2024-07-13,4.28,321
2011WELC01,Walker Welch,2024-07-13,2.31,322
2011WELC01,Walker Welch,2024-07-13,2.73,323
2011WELC01,Walker Welch,2024-07-18,3.35,324
2011WELC01,Walker Welch,2024-07-18,2.5,325
2011WELC01,Walker Welch,2024-07-18,2.29,326
2011WELC01,Walker Welch,2024-08-17,2.56,327
2011WELC01,Walker Welch,2024-08-17,2.27,328
2011WELC01,Walker Welch,2024-10-19,2.88,329
2011WELC01,Walker Welch,2024-10-19,2.79,330
2011WELC01,Walker Welch,2024-10-19,2.71,331
2011WELC01,Walker Welch,2024-11-30,3.02,332
2011WELC01,Walker Welch,2024-11-30,2.23,333
2011WELC01,Walker Welch,2025-01-11,2.17,334
2011WELC01,Walker Welch,2025-01-11,4.19,335
2011WELC01,Walker Welch,2025-02-01,2.85,336
2011WELC01,Walker Welch,2025-02-01,3.68,337
2011WELC01,Walker Welch,2025-03-22,3.54,338
2011WELC01,Walker Welch,2025-03-22,2.22,339
2011WELC01,Walker Welch,2025-03-22,2.07,340
2011WELC01,Walker Welch,2025-05-10,2.92,341
2011WELC01,Walker Welch,2025-05-10,2.73,342
2011WELC01,Walker Welch,2025-05-10,2.79,343
2011WELC01,Walker Welch,2025-06-28,2.98,344
2011WELC01,Walker Welch,2025-06-28,3.32,345
2011WELC01,Walker Welch,2025-07-03,2.65,346
2011WELC01,Walker Welch,2025-08-22,6.1,347
2011WELC01,Walker Welch,2025-08-22,2.75,348
2011WELC01,Walker Welch,2025-08-22,3.1,349
2011WELC01,Walker Welch,2025-10-18,2.58,350
2011WELC01,Walker Welch,2025-10-18,2.22,351
2011WELC01,Walker Welch,2025-11-29,4.13,352
2011WELC01,Walker Welch,2025-11-29,2.0,353
2011WELC01,Walker Welch,2025-11-29,3.41,354
2011WELC01,Walker Welch,2026-04-10,2.1,355
2011WELC01,Walker Welch,2026-04-10,2.34,356
2011WELC01,Walker Welch,2026-04-10,2.86,357
2011WELC01,Walker Welch,2026-05-09,3.83,358
2011WELC01,Walker Welch,2026-05-09,2.89,359
2011WELC01,Walker Welch,2026-05-09,2.69,360
2011WELC01,Walker Welch,2026-05-22,2.66,361
2011WELC01,Walker Welch,2026-05-22,2.74,362
2011WELC01,Walker Welch,2026-05-22,2.26,363
2012CANT02,Simone Cantarelli,2012-04-01,12.62,1
2012CANT02,Simone Cantarelli,2012-06-09,7.49,2
2012CANT02,Simone Cantarelli,2012-12-08,8.23,3
2012CANT02,Simone Cantarelli,2013-03-09,7.38,4
2012CANT02,Simone Cantarelli,2013-04-20,7.87,5
2012CANT02,Simone Cantarelli,2013-05-12,7.02,6
2012CANT02,Simone Cantarelli,2013-05-12,6.61,7
2012CANT02,Simone Cantarelli,2014-01-12,6.75,8
2012CANT02,Simone Cantarelli,2014-03-29,6.67,9
2012CANT02,Simone Cantarelli,2014-04-05,6.14,10
2012CANT02,Simone Cantarelli,2014-05-10,6.73,11
2012CANT02,Simone Cantarelli,2014-08-08,6.28,12
2012CANT02,Simone Cantarelli,2014-11-22,6.8,13
2012CANT02,Simone Cantarelli,2014-11-22,6.49,14
2012CANT02,Simone Cantarelli,2015-02-22,5.93,15
2012CANT02,Simone Cantarelli,2015-02-22,5.37,16
2012CANT02,Simone Cantarelli,2015-05-30,5.15,17
2012CANT02,Simone Cantarelli,2015-05-30,5.71,18
2012CANT02,Simone Cantarelli,2015-08-29,5.95,19
2012CANT02,Simone Cantarelli,2015-08-29,5.53,20
2012CANT02,Simone Cantarelli,2015-08-29,5.19,21
2012CANT02,Simone Cantarelli,2015-10-11,5.02,22
2012CANT02,Simone Cantarelli,2015-10-11,4.56,23
2012CANT02,Simone Cantarelli,2015-10-11,5.32,24
2012CANT02,Simone Cantarelli,2015-10-31,6.54,25
2012CANT02,Simone Cantarelli,2015-10-31,5.27,26
2012CANT02,Simone Cantarelli,2015-10-31,5.04,27
2012CANT02,Simone Cantarelli,2015-12-05,5.16,28
2012CANT02,Simone Cantarelli,2015-12-05,5.07,29
2012CANT02,Simone Cantarelli,2016-05-29,8.13,30
2012CANT02,Simone Cantarelli,2016-05-29,5.78,31
2012CANT02,Simone Cantarelli,2016-07-15,4.75,32
2012CANT02,Simone Cantarelli,2016-07-24,7.05,33
2012CANT02,Simone Cantarelli,2016-07-24,5.14,34
2012CANT02,Simone Cantarelli,2016-07-31,5.73,35
2012CANT02,Simone Cantarelli,2016-07-31,5.19,36
2012CANT02,Simone Cantarelli,2016-07-31,4.83,37
2012CANT02,Simone Cantarelli,2016-08-27,5.49,38
2012CANT02,Simone Cantarelli,2016-08-27,5.69,39
2012CANT02,Simone Cantarelli,2016-10-08,5.86,40
2012CANT02,Simone Cantarelli,2016-12-03,4.65,41
2012CANT02,Simone Cantarelli,2016-12-03,5.84,42
2012CANT02,Simone Cantarelli,2017-02-04,5.1,43
2012CANT02,Simone Cantarelli,2017-03-19,5.55,44
2012CANT02,Simone Cantarelli,2017-03-19,5.59,45
2012CANT02,Simone Cantarelli,2017-05-06,5.68,46
2012CANT02,Simone Cantarelli,2017-05-06,5.57,47
2012CANT02,Simone Cantarelli,2017-05-06,5.04,48
2012CANT02,Simone Cantarelli,2017-05-27,4.9,49
2012CANT02,Simone Cantarelli,2017-05-27,5.38,50
2012CANT02,Simone Cantarelli,2017-07-08,5.85,51
2012CANT02,Simone Cantarelli,2017-07-08,5.61,52
2012CANT02,Simone Cantarelli,2017-09-24,5.48,53
2012CANT02,Simone Cantarelli,2017-09-24,4.97,54
2012CANT02,Simone Cantarelli,2017-10-07,4.91,55
2012CANT02,Simone Cantarelli,2017-10-07,5.29,56
2012CANT02,Simone Cantarelli,2017-10-21,5.06,57
2012CANT02,Simone Cantarelli,2017-10-21,5.15,58
2012CANT02,Simone Cantarelli,2017-11-25,5.03,59
2012CANT02,Simone Cantarelli,2017-11-25,5.22,60
2012CANT02,Simone Cantarelli,2017-12-16,4.53,61
2012CANT02,Simone Cantarelli,2018-01-13,5.66,62
2012CANT02,Simone Cantarelli,2018-01-13,4.4,63
2012CANT02,Simone Cantarelli,2018-01-13,5.1,64
2012CANT02,Simone Cantarelli,2018-02-04,5.8,65
2012CANT02,Simone Cantarelli,2018-02-25,5.38,66
2012CANT02,Simone Cantarelli,2018-02-25,5.39,67
2012CANT02,Simone Cantarelli,2018-03-10,4.07,68
2012CANT02,Simone Cantarelli,2018-03-10,4.61,69
2012CANT02,Simone Cantarelli,2018-03-10,5.67,70
2012CANT02,Simone Cantarelli,2018-03-25,5.23,71
2012CANT02,Simone Cantarelli,2018-03-25,4.44,72
2012CANT02,Simone Cantarelli,2018-04-14,4.68,73
2012CANT02,Simone Cantarelli,2018-04-14,5.87,74
2012CANT02,Simone Cantarelli,2018-05-05,5.38,75
2012CANT02,Simone Cantarelli,2018-05-05,4.59,76
2012CANT02,Simone Cantarelli,2018-05-05,5.02,77
2012CANT02,Simone Cantarelli,2018-07-01,5.13,78
2012CANT02,Simone Cantarelli,2018-07-01,4.52,79
2012CANT02,Simone Cantarelli,2018-07-19,5.16,80
2012CANT02,Simone Cantarelli,2018-08-11,5.2,81
2012CANT02,Simone Cantarelli,2018-08-11,4.36,82
2012CANT02,Simone Cantarelli,2018-08-17,3.89,83
2012CANT02,Simone Cantarelli,2018-08-17,4.06,84
2012CANT02,Simone Cantarelli,2018-09-08,3.58,85
2012CANT02,Simone Cantarelli,2018-09-08,3.99,86
2012CANT02,Simone Cantarelli,2018-10-06,5.3,87
2012CANT02,Simone Cantarelli,2018-10-06,4.91,88
2012CANT02,Simone Cantarelli,2018-11-02,5.64,89
2012CANT02,Simone Cantarelli,2018-11-02,5.29,90
2012CANT02,Simone Cantarelli,2018-11-17,4.55,91
2012CANT02,Simone Cantarelli,2018-11-17,5.63,92
2012CANT02,Simone Cantarelli,2018-12-08,4.61,93
2012CANT02,Simone Cantarelli,2018-12-08,8.16,94
2012CANT02,Simone Cantarelli,2019-02-16,5.61,95
2012CANT02,Simone Cantarelli,2019-02-16,4.53,96
2012CANT02,Simone Cantarelli,2019-03-02,4.88,97
2012CANT02,Simone Cantarelli,2019-03-02,4.58,98
2012CANT02,Simone Cantarelli,2019-03-02,4.43,99
2012CANT02,Simone Cantarelli,2019-04-06,4.78,100
2012CANT02,Simone Cantarelli,2019-04-06,4.38,101
2012CANT02,Simone Cantarelli,2019-05-04,4.68,102
2012CANT02,Simone Cantarelli,2019-05-04,4.34,103
2012CANT02,Simone Cantarelli,2019-05-04,5.62,104
2012CANT02,Simone Cantarelli,2019-05-11,4.63,105
2012CANT02,Simone Cantarelli,2019-05-11,4.77,106
2012CANT02,Simone Cantarelli,2019-06-08,5.21,107
2012CANT02,Simone Cantarelli,2019-06-08,4.19,108
2012CANT02,Simone Cantarelli,2019-07-06,5.04,109
2012CANT02,Simone Cantarelli,2019-07-11,4.51,110
2012CANT02,Simone Cantarelli,2019-08-17,5.4,111
2012CANT02,Simone Cantarelli,2019-08-17,4.81,112
2012CANT02,Simone Cantarelli,2019-09-07,5.83,113
2012CANT02,Simone Cantarelli,2019-09-07,4.96,114
2012CANT02,Simone Cantarelli,2019-09-07,3.9,115
2012CANT02,Simone Cantarelli,2019-09-21,4.86,116
2012CANT02,Simone Cantarelli,2019-09-21,4.32,117
2012CANT02,Simone Cantarelli,2019-09-21,4.45,118
2012CANT02,Simone Cantarelli,2019-10-05,6.72,119
2012CANT02,Simone Cantarelli,2019-10-05,5.44,120
2012CANT02,Simone Cantarelli,2019-10-19,5.17,121
2012CANT02,Simone Cantarelli,2019-10-19,4.36,122
2012CANT02,Simone Cantarelli,2019-10-19,5.0,123
2012CANT02,Simone Cantarelli,2019-11-01,5.54,124
2012CANT02,Simone Cantarelli,2019-11-30,5.02,125
2012CANT02,Simone Cantarelli,2019-11-30,4.47,126
2012CANT02,Simone Cantarelli,2020-01-04,4.61,127
2012CANT02,Simone Cantarelli,2020-01-04,4.5,128
2012CANT02,Simone Cantarelli,2020-02-15,4.39,129
2012CANT02,Simone Cantarelli,2020-02-15,4.76,130
2012CANT02,Simone Cantarelli,2021-07-10,5.45,131
2012CANT02,Simone Cantarelli,2021-07-31,5.61,132
2012CANT02,Simone Cantarelli,2021-07-31,5.06,133
2012CANT02,Simone Cantarelli,2021-07-31,4.89,134
2012CANT02,Simone Cantarelli,2021-08-07,5.09,135
2012CANT02,Simone Cantarelli,2021-08-14,4.79,136
2012CANT02,Simone Cantarelli,2021-08-28,5.0,137
2012CANT02,Simone Cantarelli,2021-08-28,4.97,138
2012CANT02,Simone Cantarelli,2021-08-28,4.92,139
2012CANT02,Simone Cantarelli,2021-10-01,4.86,140
2012CANT02,Simone Cantarelli,2021-10-30,4.32,141
2012CANT02,Simone Cantarelli,2021-10-30,4.33,142
2012CANT02,Simone Cantarelli,2021-11-06,5.05,143
2012CANT02,Simone Cantarelli,2022-01-22,4.39,144
2012CANT02,Simone Cantarelli,2022-01-22,4.48,145
2012CANT02,Simone Cantarelli,2022-01-22,5.1,146
2012CANT02,Simone Cantarelli,2022-02-06,5.12,147
2012CANT02,Simone Cantarelli,2022-02-26,4.04,148
2012CANT02,Simone Cantarelli,2022-02-26,4.57,149
2012CANT02,Simone Cantarelli,2022-03-11,5.5,150
2012CANT02,Simone Cantarelli,2022-04-09,4.51,151
2012CANT02,Simone Cantarelli,2022-04-09,4.99,152
2012CANT02,Simone Cantarelli,2022-04-09,4.74,153
2012CANT02,Simone Cantarelli,2022-04-15,4.2,154
2012CANT02,Simone Cantarelli,2022-04-15,4.82,155
2012CANT02,Simone Cantarelli,2022-04-23,5.5,156
2012CANT02,Simone Cantarelli,2022-04-23,5.22,157
2012CANT02,Simone Cantarelli,2022-05-07,4.29,158
2012CANT02,Simone Cantarelli,2022-05-07,4.91,159
2012CANT02,Simone Cantarelli,2022-06-18,4.65,160
2012CANT02,Simone Cantarelli,2022-06-18,5.14,161
2012CANT02,Simone Cantarelli,2022-06-25,4.22,162
2012CANT02,Simone Cantarelli,2022-06-25,4.89,163
2012CANT02,Simone Cantarelli,2022-07-14,3.91,164
2012CANT02,Simone Cantarelli,2022-07-14,5.45,165
2012CANT02,Simone Cantarelli,2022-07-30,5.2,166
2012CANT02,Simone Cantarelli,2022-07-30,4.25,167
2012CANT02,Simone Cantarelli,2022-08-19,4.09,168
2012CANT02,Simone Cantarelli,2022-08-19,4.95,169
2012CANT02,Simone Cantarelli,2022-08-27,6.54,170
2012CANT02,Simone Cantarelli,2022-08-27,6.42,171
2012CANT02,Simone Cantarelli,2022-09-10,4.65,172
2012CANT02,Simone Cantarelli,2022-09-10,4.9,173
2012CANT02,Simone Cantarelli,2022-10-15,4.64,174
2012CANT02,Simone Cantarelli,2022-10-15,4.5,175
2012CANT02,Simone Cantarelli,2022-10-29,5.5,176
2012CANT02,Simone Cantarelli,2022-10-29,4.21,177
2012CANT02,Simone Cantarelli,2022-11-05,4.96,178
2012CANT02,Simone Cantarelli,2022-11-12,4.8,179
2012CANT02,Simone Cantarelli,2022-11-12,5.23,180
2012CANT02,Simone Cantarelli,2022-12-09,5.1,181
2012CANT02,Simone Cantarelli,2022-12-09,3.7,182
2012CANT02,Simone Cantarelli,2022-12-31,4.9,183
2012CANT02,Simone Cantarelli,2022-12-31,5.9,184
2012CANT02,Simone Cantarelli,2023-02-04,4.69,185
2012CANT02,Simone Cantarelli,2023-02-11,4.8,186
2012CANT02,Simone Cantarelli,2023-02-11,6.33,187
2012CANT02,Simone Cantarelli,2023-02-25,5.19,188
2012CANT02,Simone Cantarelli,2023-02-25,4.56,189
2012CANT02,Simone Cantarelli,2023-03-03,4.65,190
2012CANT02,Simone Cantarelli,2023-03-03,4.93,191
2012CANT02,Simone Cantarelli,2023-03-11,4.18,192
2012CANT02,Simone Cantarelli,2023-03-11,4.31,193
2012CANT02,Simone Cantarelli,2023-03-11,4.65,194
2012CANT02,Simone Cantarelli,2023-04-01,4.92,195
2012CANT02,Simone Cantarelli,2023-04-08,5.08,196
2012CANT02,Simone Cantarelli,2023-04-08,4.23,197
2012CANT02,Simone Cantarelli,2023-04-15,5.93,198
2012CANT02,Simone Cantarelli,2023-04-15,3.87,199
2012CANT02,Simone Cantarelli,2023-04-15,4.56,200
2012CANT02,Simone Cantarelli,2023-04-22,4.99,201
2012CANT02,Simone Cantarelli,2023-04-29,5.07,202
2012CANT02,Simone Cantarelli,2023-04-29,4.18,203
2012CANT02,Simone Cantarelli,2023-04-29,4.97,204
2012CANT02,Simone Cantarelli,2023-05-06,5.19,205
2012CANT02,Simone Cantarelli,2023-05-06,4.79,206
2012CANT02,Simone Cantarelli,2023-05-20,4.32,207
2012CANT02,Simone Cantarelli,2023-05-20,4.82,208
2012CANT02,Simone Cantarelli,2023-05-27,5.46,209
2012CANT02,Simone Cantarelli,2023-05-27,4.41,210
2012CANT02,Simone Cantarelli,2023-05-27,5.07,211
2012CANT02,Simone Cantarelli,2023-06-03,4.4,212
2012CANT02,Simone Cantarelli,2023-06-03,4.71,213
2012CANT02,Simone Cantarelli,2023-06-17,4.66,214
2012CANT02,Simone Cantarelli,2023-06-17,4.16,215
2012CANT02,Simone Cantarelli,2023-06-17,3.91,216
2012CANT02,Simone Cantarelli,2023-06-24,4.94,217
2012CANT02,Simone Cantarelli,2023-06-24,4.84,218
2012CANT02,Simone Cantarelli,2023-06-24,4.99,219
2012CANT02,Simone Cantarelli,2023-06-24,5.57,220
2012CANT02,Simone Cantarelli,2023-06-30,4.97,221
2012CANT02,Simone Cantarelli,2023-06-30,3.24,222
2012CANT02,Simone Cantarelli,2023-06-30,5.21,223
2012CANT02,Simone Cantarelli,2023-07-15,5.01,224
2012CANT02,Simone Cantarelli,2023-07-15,4.45,225
2012CANT02,Simone Cantarelli,2023-07-15,4.73,226
2012CANT02,Simone Cantarelli,2023-08-12,6.01,227
2012CANT02,Simone Cantarelli,2023-08-26,4.29,228
2012CANT02,Simone Cantarelli,2023-08-26,5.47,229
2012CANT02,Simone Cantarelli,2023-09-02,5.71,230
2012CANT02,Simone Cantarelli,2023-09-02,6.45,231
2012CANT02,Simone Cantarelli,2023-09-09,4.48,232
2012CANT02,Simone Cantarelli,2023-09-09,5.71,233
2012CANT02,Simone Cantarelli,2023-09-09,4.46,234
2012CANT02,Simone Cantarelli,2023-09-15,4.72,235
2012CANT02,Simone Cantarelli,2023-09-15,5.83,236
2012CANT02,Simone Cantarelli,2023-09-30,5.07,237
2012CANT02,Simone Cantarelli,2023-09-30,4.48,238
2012CANT02,Simone Cantarelli,2023-09-30,5.39,239
2012CANT02,Simone Cantarelli,2023-10-07,5.35,240
2012CANT02,Simone Cantarelli,2023-10-07,4.83,241
2012CANT02,Simone Cantarelli,2023-10-07,5.46,242
2012CANT02,Simone Cantarelli,2023-10-14,5.19,243
2012CANT02,Simone Cantarelli,2023-10-14,3.86,244
2012CANT02,Simone Cantarelli,2023-10-21,4.64,245
2012CANT02,Simone Cantarelli,2023-10-21,4.82,246
2012CANT02,Simone Cantarelli,2023-10-28,4.76,247
2012CANT02,Simone Cantarelli,2023-10-28,4.12,248
2012CANT02,Simone Cantarelli,2023-10-28,4.28,249
2012CANT02,Simone Cantarelli,2023-11-18,5.14,250
2012CANT02,Simone Cantarelli,2023-11-18,5.93,251
2012CANT02,Simone Cantarelli,2023-12-08,4.51,252
2012CANT02,Simone Cantarelli,2023-12-08,5.19,253
2012CANT02,Simone Cantarelli,2023-12-16,4.04,254
2012CANT02,Simone Cantarelli,2023-12-16,3.46,255
2012CANT02,Simone Cantarelli,2024-02-10,5.31,256
2012CANT02,Simone Cantarelli,2024-02-10,6.12,257
2012CANT02,Simone Cantarelli,2024-02-17,4.38,258
2012CANT02,Simone Cantarelli,2024-02-17,5.12,259
2012CANT02,Simone Cantarelli,2024-02-24,4.75,260
2012CANT02,Simone Cantarelli,2024-03-02,4.91,261
2012CANT02,Simone Cantarelli,2024-03-02,3.74,262
2012CANT02,Simone Cantarelli,2024-03-02,5.65,263
2012CANT02,Simone Cantarelli,2024-03-17,4.66,264
2012CANT02,Simone Cantarelli,2024-03-17,4.65,265
2012CANT02,Simone Cantarelli,2024-03-23,5.95,266
2012CANT02,Simone Cantarelli,2024-03-30,4.38,267
2012CANT02,Simone Cantarelli,2024-04-06,5.39,268
2012CANT02,Simone Cantarelli,2024-04-06,5.07,269
2012CANT02,Simone Cantarelli,2024-04-06,4.22,270
2012CANT02,Simone Cantarelli,2024-04-20,4.47,271
2012CANT02,Simone Cantarelli,2024-05-04,4.24,272
2012CANT02,Simone Cantarelli,2024-05-04,5.32,273
2012CANT02,Simone Cantarelli,2024-05-04,4.46,274
2012CANT02,Simone Cantarelli,2024-05-11,5.12,275
2012CANT02,Simone Cantarelli,2024-05-11,6.22,276
2012CANT02,Simone Cantarelli,2024-05-11,4.67,277
2012CANT02,Simone Cantarelli,2024-05-18,4.96,278
2012CANT02,Simone Cantarelli,2024-05-18,4.14,279
2012CANT02,Simone Cantarelli,2024-05-18,5.19,280
2012CANT02,Simone Cantarelli,2024-05-18,4.22,281
2012CANT02,Simone Cantarelli,2024-05-18,4.73,282
2012CANT02,Simone Cantarelli,2024-06-08,4.45,283
2012CANT02,Simone Cantarelli,2024-06-08,4.89,284
2012CANT02,Simone Cantarelli,2024-06-15,4.44,285
2012CANT02,Simone Cantarelli,2024-06-15,5.81,286
2012CANT02,Simone Cantarelli,2024-06-15,4.69,287
2012CANT02,Simone Cantarelli,2024-06-20,4.82,288
2012CANT02,Simone Cantarelli,2024-06-29,4.81,289
2012CANT02,Simone Cantarelli,2024-06-29,4.47,290
2012CANT02,Simone Cantarelli,2024-06-29,4.92,291
2012CANT02,Simone Cantarelli,2024-07-06,5.16,292
2012CANT02,Simone Cantarelli,2024-07-06,4.52,293
2012CANT02,Simone Cantarelli,2024-07-06,4.43,294
2012CANT02,Simone Cantarelli,2024-07-13,4.82,295
2012CANT02,Simone Cantarelli,2024-07-13,4.97,296
2012CANT02,Simone Cantarelli,2024-07-25,4.19,297
2012CANT02,Simone Cantarelli,2024-08-03,4.37,298
2012CANT02,Simone Cantarelli,2024-08-03,4.72,299
2012CANT02,Simone Cantarelli,2024-08-11,5.58,300
2012CANT02,Simone Cantarelli,2024-08-11,5.36,301
2012CANT02,Simone Cantarelli,2024-08-11,4.84,302
2012CANT02,Simone Cantarelli,2024-08-17,3.54,303
2012CANT02,Simone Cantarelli,2024-08-17,4.47,304
2012CANT02,Simone Cantarelli,2024-08-17,5.19,305
2012CANT02,Simone Cantarelli,2024-08-17,5.31,306
2012CANT02,Simone Cantarelli,2024-09-01,5.48,307
2012CANT02,Simone Cantarelli,2024-09-21,5.12,308
2012CANT02,Simone Cantarelli,2024-09-21,4.27,309
2012CANT02,Simone Cantarelli,2024-09-21,5.59,310
2012CANT02,Simone Cantarelli,2024-10-12,4.82,311
2012CANT02,Simone Cantarelli,2024-11-01,4.81,312
2012CANT02,Simone Cantarelli,2024-12-15,4.6,313
2012CANT02,Simone Cantarelli,2024-12-15,5.5,314
2012CANT02,Simone Cantarelli,2024-12-28,4.74,315
2012CANT02,Simone Cantarelli,2024-12-28,4.69,316
2012CANT02,Simone Cantarelli,2024-12-28,4.87,317
2012CANT02,Simone Cantarelli,2025-01-11,4.02,318
2012CANT02,Simone Cantarelli,2025-01-11,4.29,319
2012CANT02,Simone Cantarelli,2025-01-11,4.79,320
2012CANT02,Simone Cantarelli,2025-02-01,5.01,321
2012CANT02,Simone Cantarelli,2025-02-01,4.06,322
2012CANT02,Simone Cantarelli,2025-02-01,5.22,323
2012CANT02,Simone Cantarelli,2025-02-08,4.86,324
2012CANT02,Simone Cantarelli,2025-02-08,5.22,325
2012CANT02,Simone Cantarelli,2025-02-22,5.12,326
2012CANT02,Simone Cantarelli,2025-02-22,4.66,327
2012CANT02,Simone Cantarelli,2025-03-08,5.5,328
2012CANT02,Simone Cantarelli,2025-03-08,4.64,329
2012CANT02,Simone Cantarelli,2025-03-15,4.29,330
2012CANT02,Simone Cantarelli,2025-03-15,4.53,331
2012CANT02,Simone Cantarelli,2025-03-22,4.1,332
2012CANT02,Simone Cantarelli,2025-03-22,4.15,333
2012CANT02,Simone Cantarelli,2025-03-29,5.33,334
2012CANT02,Simone Cantarelli,2025-04-12,4.73,335
2012CANT02,Simone Cantarelli,2025-04-12,4.48,336
2012CANT02,Simone Cantarelli,2025-04-25,4.85,337
2012CANT02,Simone Cantarelli,2025-04-25,4.44,338
2012CANT02,Simone Cantarelli,2025-05-03,4.4,339
2012CANT02,Simone Cantarelli,2025-05-03,4.58,340
2012CANT02,Simone Cantarelli,2025-05-03,4.26,341
2012CANT02,Simone Cantarelli,2025-05-17,4.08,342
2012CANT02,Simone Cantarelli,2025-05-17,4.63,343
2012CANT02,Simone Cantarelli,2025-05-23,4.25,344
2012CANT02,Simone Cantarelli,2025-05-23,4.12,345
2012CANT02,Simone Cantarelli,2025-05-23,4.65,346
2012CANT02,Simone Cantarelli,2025-06-28,3.98,347
2012CANT02,Simone Cantarelli,2025-06-28,4.63,348
2012CANT02,Simone Cantarelli,2025-07-03,4.57,349
2012CANT02,Simone Cantarelli,2025-07-12,4.99,350
2012CANT02,Simone Cantarelli,2025-07-12,4.91,351
2012CANT02,Simone Cantarelli,2025-07-12,5.52,352
2012CANT02,Simone Cantarelli,2025-08-09,4.66,353
2012CANT02,Simone Cantarelli,2025-08-09,4.58,354
2012CANT02,Simone Cantarelli,2025-08-09,5.23,355
2012CANT02,Simone Cantarelli,2025-09-13,4.71,356
2012CANT02,Simone Cantarelli,2025-09-13,4.36,357
2012CANT02,Simone Cantarelli,2025-09-13,4.5,358
2012CANT02,Simone Cantarelli,2025-09-20,3.56,359
2012CANT02,Simone Cantarelli,2025-09-27,4.54,360
2012CANT02,Simone Cantarelli,2025-09-27,4.0,361
2012CANT02,Simone Cantarelli,2025-10-11,5.21,362
2012CANT02,Simone Cantarelli,2025-10-11,4.21,363
2012CANT02,Simone Cantarelli,2025-10-18,4.13,364
2012CANT02,Simone Cantarelli,2025-10-18,5.3,365
2012CANT02,Simone Cantarelli,2025-11-01,4.56,366
2012CANT02,Simone Cantarelli,2025-11-01,4.58,367
2012CANT02,Simone Cantarelli,2025-11-01,4.58,368
2012CANT02,Simone Cantarelli,2025-12-06,3.88,369
2012CANT02,Simone Cantarelli,2025-12-06,4.44,370
2012CANT02,Simone Cantarelli,2025-12-26,4.69,371
2012CANT02,Simone Cantarelli,2025-12-26,4.01,372
2012CANT02,Simone Cantarelli,2025-12-26,5.41,373
2012CANT02,Simone Cantarelli,2026-01-24,4.98,374
2012CANT02,Simone Cantarelli,2026-01-24,4.87,375
2012CANT02,Simone Cantarelli,2026-01-24,4.25,376
2012CANT02,Simone Cantarelli,2026-04-04,4.75,377
2012CANT02,Simone Cantarelli,2026-04-11,3.93,378
2012CANT02,Simone Cantarelli,2026-04-11,4.14,379
2012CANT02,Simone Cantarelli,2026-04-18,3.68,380
2012CANT02,Simone Cantarelli,2026-04-18,4.43,381
2012CANT02,Simone Cantarelli,2026-04-18,3.7,382
2012CANT02,Simone Cantarelli,2026-05-09,3.9,383
2012CANT02,Simone Cantarelli,2026-05-09,3.98,384
2013BURL01,Łukasz Burliga,2013-10-26,13.24,1
2013BURL01,Łukasz Burliga,2013-11-30,10.14,2
2013BURL01,Łukasz Burliga,2014-02-22,7.3,3
2013BURL01,Łukasz Burliga,2014-05-03,5.31,4
2013BURL01,Łukasz Burliga,2014-05-31,5.51,5
2013BURL01,Łukasz Burliga,2014-09-27,4.95,6
2013BURL01,Łukasz Burliga,2014-12-06,4.72,7
2013BURL01,Łukasz Burliga,2014-12-06,5.13,8
2013BURL01,Łukasz Burliga,2015-02-28,5.16,9
2013BURL01,Łukasz Burliga,2015-02-28,4.33,10
2013BURL01,Łukasz Burliga,2015-03-27,3.31,11
2013BURL01,Łukasz Burliga,2015-03-27,3.42,12
2013BURL01,Łukasz Burliga,2015-05-23,3.03,13
2013BURL01,Łukasz Burliga,2015-05-23,3.49,14
2013BURL01,Łukasz Burliga,2015-05-23,3.16,15
2013BURL01,Łukasz Burliga,2015-06-06,3.44,16
2013BURL01,Łukasz Burliga,2015-06-06,3.73,17
2013BURL01,Łukasz Burliga,2015-06-06,3.76,18
2013BURL01,Łukasz Burliga,2015-06-27,3.27,19
2013BURL01,Łukasz Burliga,2015-06-27,2.71,20
2013BURL01,Łukasz Burliga,2015-10-09,3.61,21
2013BURL01,Łukasz Burliga,2015-10-09,3.41,22
2013BURL01,Łukasz Burliga,2015-10-09,2.99,23
2013BURL01,Łukasz Burliga,2015-10-09,3.37,24
2013BURL01,Łukasz Burliga,2015-10-17,3.23,25
2013BURL01,Łukasz Burliga,2015-10-17,3.43,26
2013BURL01,Łukasz Burliga,2015-12-05,2.86,27
2013BURL01,Łukasz Burliga,2015-12-05,3.42,28
2013BURL01,Łukasz Burliga,2015-12-05,2.83,29
2013BURL01,Łukasz Burliga,2016-01-09,3.09,30
2013BURL01,Łukasz Burliga,2016-01-09,2.81,31
2013BURL01,Łukasz Burliga,2016-04-23,3.08,32
2013BURL01,Łukasz Burliga,2016-04-23,3.53,33
2013BURL01,Łukasz Burliga,2016-06-11,3.33,34
2013BURL01,Łukasz Burliga,2016-06-11,3.36,35
2013BURL01,Łukasz Burliga,2016-06-11,3.46,36
2013BURL01,Łukasz Burliga,2016-07-15,2.93,37
2013BURL01,Łukasz Burliga,2016-07-15,3.77,38
2013BURL01,Łukasz Burliga,2016-07-19,3.28,39
2013BURL01,Łukasz Burliga,2016-07-19,2.44,40
2013BURL01,Łukasz Burliga,2016-07-19,3.01,41
2013BURL01,Łukasz Burliga,2016-08-27,3.55,42
2013BURL01,Łukasz Burliga,2016-08-27,2.33,43
2013BURL01,Łukasz Burliga,2016-08-27,3.69,44
2013BURL01,Łukasz Burliga,2016-10-08,2.99,45
2013BURL01,Łukasz Burliga,2016-10-08,2.66,46
2013BURL01,Łukasz Burliga,2016-12-09,2.8,47
2013BURL01,Łukasz Burliga,2016-12-09,3.63,48
2013BURL01,Łukasz Burliga,2016-12-17,2.62,49
2013BURL01,Łukasz Burliga,2016-12-17,2.69,50
2013BURL01,Łukasz Burliga,2016-12-17,3.04,51
2013BURL01,Łukasz Burliga,2017-01-14,3.75,52
2013BURL01,Łukasz Burliga,2017-01-14,2.67,53
2013BURL01,Łukasz Burliga,2017-01-14,2.92,54
2013BURL01,Łukasz Burliga,2017-02-25,3.87,55
2013BURL01,Łukasz Burliga,2017-02-25,2.77,56
2013BURL01,Łukasz Burliga,2017-03-11,2.33,57
2013BURL01,Łukasz Burliga,2017-03-11,3.35,58
2013BURL01,Łukasz Burliga,2017-03-11,2.95,59
2013BURL01,Łukasz Burliga,2017-04-01,3.73,60
2013BURL01,Łukasz Burliga,2017-04-01,3.16,61
2013BURL01,Łukasz Burliga,2017-05-27,3.52,62
2013BURL01,Łukasz Burliga,2017-05-27,2.1,63
2013BURL01,Łukasz Burliga,2017-05-27,3.89,64
2013BURL01,Łukasz Burliga,2017-06-10,3.19,65
2013BURL01,Łukasz Burliga,2017-06-10,3.05,66
2013BURL01,Łukasz Burliga,2017-06-10,4.73,67
2013BURL01,Łukasz Burliga,2017-06-17,2.79,68
2013BURL01,Łukasz Burliga,2017-06-17,2.32,69
2013BURL01,Łukasz Burliga,2017-06-24,2.87,70
2013BURL01,Łukasz Burliga,2017-06-24,2.58,71
2013BURL01,Łukasz Burliga,2017-06-24,2.42,72
2013BURL01,Łukasz Burliga,2017-07-13,2.56,73
2013BURL01,Łukasz Burliga,2017-07-13,2.32,74
2013BURL01,Łukasz Burliga,2017-07-13,2.61,75
2013BURL01,Łukasz Burliga,2017-07-29,2.8,76
2013BURL01,Łukasz Burliga,2017-07-29,2.41,77
2013BURL01,Łukasz Burliga,2017-07-29,2.84,78
2013BURL01,Łukasz Burliga,2017-09-09,2.3,79
2013BURL01,Łukasz Burliga,2017-09-09,2.9,80
2013BURL01,Łukasz Burliga,2017-09-15,2.7,81
2013BURL01,Łukasz Burliga,2017-09-15,1.92,82
2013BURL01,Łukasz Burliga,2017-09-15,2.72,83
2013BURL01,Łukasz Burliga,2017-10-14,2.18,84
2013BURL01,Łukasz Burliga,2017-10-14,2.43,85
2013BURL01,Łukasz Burliga,2017-10-14,2.49,86
2013BURL01,Łukasz Burliga,2017-11-17,2.34,87
2013BURL01,Łukasz Burliga,2017-11-17,2.52,88
2013BURL01,Łukasz Burliga,2017-11-17,2.48,89
2013BURL01,Łukasz Burliga,2017-12-16,3.33,90
2013BURL01,Łukasz Burliga,2017-12-16,2.38,91
2013BURL01,Łukasz Burliga,2017-12-16,2.3,92
2013BURL01,Łukasz Burliga,2018-01-13,3.95,93
2013BURL01,Łukasz Burliga,2018-01-13,2.72,94
2013BURL01,Łukasz Burliga,2018-01-13,2.68,95
2013BURL01,Łukasz Burliga,2018-02-17,3.33,96
2013BURL01,Łukasz Burliga,2018-02-17,3.0,97
2013BURL01,Łukasz Burliga,2018-02-24,2.43,98
2013BURL01,Łukasz Burliga,2018-02-24,3.12,99
2013BURL01,Łukasz Burliga,2018-02-24,2.4,100
2013BURL01,Łukasz Burliga,2018-05-26,3.72,101
2013BURL01,Łukasz Burliga,2018-06-10,2.5,102
2013BURL01,Łukasz Burliga,2018-06-10,3.01,103
2013BURL01,Łukasz Burliga,2018-06-10,2.78,104
2013BURL01,Łukasz Burliga,2018-06-23,2.84,105
2013BURL01,Łukasz Burliga,2018-06-23,2.97,106
2013BURL01,Łukasz Burliga,2018-07-07,3.12,107
2013BURL01,Łukasz Burliga,2018-07-07,2.9,108
2013BURL01,Łukasz Burliga,2018-07-07,2.75,109
2013BURL01,Łukasz Burliga,2018-07-19,3.17,110
2013BURL01,Łukasz Burliga,2018-07-19,3.6,111
2013BURL01,Łukasz Burliga,2018-07-19,2.32,112
2013BURL01,Łukasz Burliga,2018-07-19,2.96,113
2013BURL01,Łukasz Burliga,2018-07-28,3.39,114
2013BURL01,Łukasz Burliga,2018-07-28,2.33,115
2013BURL01,Łukasz Burliga,2018-08-04,3.87,116
2013BURL01,Łukasz Burliga,2018-08-04,2.66,117
2013BURL01,Łukasz Burliga,2018-08-04,3.06,118
2013BURL01,Łukasz Burliga,2018-09-15,2.83,119
2013BURL01,Łukasz Burliga,2018-09-15,2.49,120
2013BURL01,Łukasz Burliga,2018-09-15,2.56,121
2013BURL01,Łukasz Burliga,2018-09-22,2.27,122
2013BURL01,Łukasz Burliga,2018-09-22,3.36,123
2013BURL01,Łukasz Burliga,2018-09-22,2.86,124
2013BURL01,Łukasz Burliga,2018-10-06,2.38,125
2013BURL01,Łukasz Burliga,2018-10-06,3.18,126
2013BURL01,Łukasz Burliga,2018-10-26,2.7,127
2013BURL01,Łukasz Burliga,2018-10-26,2.63,128
2013BURL01,Łukasz Burliga,2018-10-26,2.47,129
2013BURL01,Łukasz Burliga,2018-11-17,2.61,130
2013BURL01,Łukasz Burliga,2018-11-17,2.82,131
2013BURL01,Łukasz Burliga,2018-12-08,2.52,132
2013BURL01,Łukasz Burliga,2018-12-08,3.71,133
2013BURL01,Łukasz Burliga,2019-01-12,4.1,134
2013BURL01,Łukasz Burliga,2019-01-12,3.21,135
2013BURL01,Łukasz Burliga,2019-01-12,2.08,136
2013BURL01,Łukasz Burliga,2019-02-02,2.82,137
2013BURL01,Łukasz Burliga,2019-02-02,3.09,138
2013BURL01,Łukasz Burliga,2019-02-02,3.1,139
2013BURL01,Łukasz Burliga,2019-02-23,3.12,140
2013BURL01,Łukasz Burliga,2019-02-23,3.84,141
2013BURL01,Łukasz Burliga,2019-03-02,3.42,142
2013BURL01,Łukasz Burliga,2019-03-02,2.59,143
2013BURL01,Łukasz Burliga,2019-03-02,2.31,144
2013BURL01,Łukasz Burliga,2019-05-26,3.28,145
2013BURL01,Łukasz Burliga,2019-05-26,2.73,146
2013BURL01,Łukasz Burliga,2019-06-01,3.72,147
2013BURL01,Łukasz Burliga,2019-06-01,2.63,148
2013BURL01,Łukasz Burliga,2019-06-01,5.85,149
2013BURL01,Łukasz Burliga,2019-06-22,2.98,150
2013BURL01,Łukasz Burliga,2019-06-22,3.89,151
2013BURL01,Łukasz Burliga,2019-07-11,3.69,152
2013BURL01,Łukasz Burliga,2019-07-11,2.06,153
2013BURL01,Łukasz Burliga,2019-07-11,2.86,154
2013BURL01,Łukasz Burliga,2019-07-20,3.57,155
2013BURL01,Łukasz Burliga,2019-07-20,2.91,156
2013BURL01,Łukasz Burliga,2019-08-24,2.9,157
2013BURL01,Łukasz Burliga,2019-08-24,4.0,158
2013BURL01,Łukasz Burliga,2019-09-13,4.06,159
2013BURL01,Łukasz Burliga,2019-09-13,2.12,160
2013BURL01,Łukasz Burliga,2019-09-13,2.2,161
2013BURL01,Łukasz Burliga,2019-09-28,2.41,162
2013BURL01,Łukasz Burliga,2019-09-28,2.51,163
2013BURL01,Łukasz Burliga,2019-09-28,3.73,164
2013BURL01,Łukasz Burliga,2019-10-05,3.2,165
2013BURL01,Łukasz Burliga,2019-10-05,2.01,166
2013BURL01,Łukasz Burliga,2019-10-05,2.42,167
2013BURL01,Łukasz Burliga,2019-10-11,2.51,168
2013BURL01,Łukasz Burliga,2019-10-11,2.87,169
2013BURL01,Łukasz Burliga,2019-10-11,3.02,170
2013BURL01,Łukasz Burliga,2019-12-06,3.03,171
2013BURL01,Łukasz Burliga,2019-12-06,3.95,172
2013BURL01,Łukasz Burliga,2020-01-25,2.83,173
2013BURL01,Łukasz Burliga,2020-01-25,2.35,174
2013BURL01,Łukasz Burliga,2020-01-25,2.42,175
2013BURL01,Łukasz Burliga,2020-08-22,3.42,176
2013BURL01,Łukasz Burliga,2020-08-22,3.54,177
2013BURL01,Łukasz Burliga,2020-09-12,2.36,178
2013BURL01,Łukasz Burliga,2020-09-12,3.09,179
2013BURL01,Łukasz Burliga,2021-07-03,3.13,180
2013BURL01,Łukasz Burliga,2021-07-03,2.26,181
2013BURL01,Łukasz Burliga,2021-07-03,3.59,182
2013BURL01,Łukasz Burliga,2021-07-10,3.03,183
2013BURL01,Łukasz Burliga,2021-07-10,2.47,184
2013BURL01,Łukasz Burliga,2021-07-10,3.03,185
2013BURL01,Łukasz Burliga,2021-07-24,3.29,186
2013BURL01,Łukasz Burliga,2021-07-24,2.57,187
2013BURL01,Łukasz Burliga,2021-07-24,2.19,188
2013BURL01,Łukasz Burliga,2021-08-07,3.08,189
2013BURL01,Łukasz Burliga,2021-08-07,2.64,190
2013BURL01,Łukasz Burliga,2021-08-07,2.15,191
2013BURL01,Łukasz Burliga,2021-09-04,2.94,192
2013BURL01,Łukasz Burliga,2021-09-04,2.16,193
2013BURL01,Łukasz Burliga,2021-09-04,2.39,194
2013BURL01,Łukasz Burliga,2021-09-11,2.33,195
2013BURL01,Łukasz Burliga,2021-09-11,2.1,196
2013BURL01,Łukasz Burliga,2021-09-18,2.27,197
2013BURL01,Łukasz Burliga,2021-09-18,3.45,198
2013BURL01,Łukasz Burliga,2021-10-01,2.08,199
2013BURL01,Łukasz Burliga,2021-10-01,2.4,200
2013BURL01,Łukasz Burliga,2021-10-09,2.1,201
2013BURL01,Łukasz Burliga,2021-11-06,3.0,202
2013BURL01,Łukasz Burliga,2021-11-06,2.57,203
2013BURL01,Łukasz Burliga,2021-11-06,2.56,204
2013BURL01,Łukasz Burliga,2021-12-18,3.37,205
2013BURL01,Łukasz Burliga,2021-12-18,2.84,206
2013BURL01,Łukasz Burliga,2021-12-18,2.0,207
2013BURL01,Łukasz Burliga,2022-02-26,2.19,208
2013BURL01,Łukasz Burliga,2022-02-26,3.6,209
2013BURL01,Łukasz Burliga,2022-03-12,3.59,210
2013BURL01,Łukasz Burliga,2022-03-12,3.99,211
2013BURL01,Łukasz Burliga,2022-03-26,1.95,212
2013BURL01,Łukasz Burliga,2022-03-26,2.85,213
2013BURL01,Łukasz Burliga,2022-04-23,2.68,214
2013BURL01,Łukasz Burliga,2022-04-23,3.24,215
2013BURL01,Łukasz Burliga,2022-04-23,2.25,216
2013BURL01,Łukasz Burliga,2022-05-21,1.79,217
2013BURL01,Łukasz Burliga,2022-05-21,2.83,218
2013BURL01,Łukasz Burliga,2022-05-21,2.09,219
2013BURL01,Łukasz Burliga,2022-06-04,2.13,220
2013BURL01,Łukasz Burliga,2022-06-04,2.5,221
2013BURL01,Łukasz Burliga,2022-07-02,2.52,222
2013BURL01,Łukasz Burliga,2022-07-02,2.03,223
2013BURL01,Łukasz Burliga,2022-07-02,3.33,224
2013BURL01,Łukasz Burliga,2022-07-08,3.42,225
2013BURL01,Łukasz Burliga,2022-07-08,2.46,226
2013BURL01,Łukasz Burliga,2022-07-14,2.68,227
2013BURL01,Łukasz Burliga,2022-07-14,2.91,228
2013BURL01,Łukasz Burliga,2022-08-06,1.73,229
2013BURL01,Łukasz Burliga,2022-08-06,1.93,230
2013BURL01,Łukasz Burliga,2022-08-13,3.1,231
2013BURL01,Łukasz Burliga,2022-08-13,2.82,232
2013BURL01,Łukasz Burliga,2022-08-27,2.8,233
2013BURL01,Łukasz Burliga,2022-08-27,2.2,234
2013BURL01,Łukasz Burliga,2022-09-17,2.31,235
2013BURL01,Łukasz Burliga,2022-09-17,2.06,236
2013BURL01,Łukasz Burliga,2022-09-17,1.84,237
2013BURL01,Łukasz Burliga,2022-09-24,1.94,238
2013BURL01,Łukasz Burliga,2022-09-24,2.08,239
2013BURL01,Łukasz Burliga,2022-10-01,3.21,240
2013BURL01,Łukasz Burliga,2022-10-01,3.92,241
2013BURL01,Łukasz Burliga,2022-10-15,2.34,242
2013BURL01,Łukasz Burliga,2022-10-15,1.86,243
2013BURL01,Łukasz Burliga,2022-10-22,2.65,244
2013BURL01,Łukasz Burliga,2022-10-22,2.12,245
2013BURL01,Łukasz Burliga,2022-10-22,2.56,246
2013BURL01,Łukasz Burliga,2022-11-12,2.78,247
2013BURL01,Łukasz Burliga,2022-11-12,3.3,248
2013BURL01,Łukasz Burliga,2022-11-12,4.19,249
2013BURL01,Łukasz Burliga,2022-12-17,2.68,250
2013BURL01,Łukasz Burliga,2022-12-17,2.84,251
2013BURL01,Łukasz Burliga,2023-01-28,2.12,252
2013BURL01,Łukasz Burliga,2023-01-28,2.92,253
2013BURL01,Łukasz Burliga,2023-02-04,3.15,254
2013BURL01,Łukasz Burliga,2023-02-04,2.41,255
2013BURL01,Łukasz Burliga,2023-02-04,1.92,256
2013BURL01,Łukasz Burliga,2023-02-25,2.19,257
2013BURL01,Łukasz Burliga,2023-02-25,2.25,258
2013BURL01,Łukasz Burliga,2023-03-04,2.56,259
2013BURL01,Łukasz Burliga,2023-03-04,2.26,260
2013BURL01,Łukasz Burliga,2023-03-04,2.13,261
2013BURL01,Łukasz Burliga,2023-03-18,1.9,262
2013BURL01,Łukasz Burliga,2023-03-18,2.29,263
2013BURL01,Łukasz Burliga,2023-03-25,1.91,264
2013BURL01,Łukasz Burliga,2023-03-25,2.44,265
2013BURL01,Łukasz Burliga,2023-03-25,2.68,266
2013BURL01,Łukasz Burliga,2023-04-01,1.82,267
2013BURL01,Łukasz Burliga,2023-04-01,2.25,268
2013BURL01,Łukasz Burliga,2023-04-01,2.39,269
2013BURL01,Łukasz Burliga,2023-04-15,2.31,270
2013BURL01,Łukasz Burliga,2023-04-15,2.48,271
2013BURL01,Łukasz Burliga,2023-04-15,2.34,272
2013BURL01,Łukasz Burliga,2023-05-06,2.63,273
2013BURL01,Łukasz Burliga,2023-05-06,3.44,274
2013BURL01,Łukasz Burliga,2023-05-13,2.51,275
2013BURL01,Łukasz Burliga,2023-05-13,1.92,276
2013BURL01,Łukasz Burliga,2023-05-20,2.59,277
2013BURL01,Łukasz Burliga,2023-05-20,2.34,278
2013BURL01,Łukasz Burliga,2023-05-20,3.51,279
2013BURL01,Łukasz Burliga,2023-05-27,2.37,280
2013BURL01,Łukasz Burliga,2023-05-27,2.01,281
2013BURL01,Łukasz Burliga,2023-06-03,1.95,282
2013BURL01,Łukasz Burliga,2023-06-03,1.99,283
2013BURL01,Łukasz Burliga,2023-06-03,2.13,284
2013BURL01,Łukasz Burliga,2023-06-10,2.23,285
2013BURL01,Łukasz Burliga,2023-06-10,2.78,286
2013BURL01,Łukasz Burliga,2023-06-10,2.0,287
2013BURL01,Łukasz Burliga,2023-06-24,2.25,288
2013BURL01,Łukasz Burliga,2023-06-24,1.75,289
2013BURL01,Łukasz Burliga,2023-07-08,2.81,290
2013BURL01,Łukasz Burliga,2023-07-08,1.83,291
2013BURL01,Łukasz Burliga,2023-07-08,2.16,292
2013BURL01,Łukasz Burliga,2023-08-12,2.79,293
2013BURL01,Łukasz Burliga,2023-08-12,2.35,294
2013BURL01,Łukasz Burliga,2023-08-19,2.2,295
2013BURL01,Łukasz Burliga,2023-08-19,2.49,296
2013BURL01,Łukasz Burliga,2023-08-19,2.67,297
2013BURL01,Łukasz Burliga,2023-09-02,1.92,298
2013BURL01,Łukasz Burliga,2023-09-02,3.36,299
2013BURL01,Łukasz Burliga,2023-09-03,2.81,300
2013BURL01,Łukasz Burliga,2023-09-03,1.98,301
2013BURL01,Łukasz Burliga,2023-09-09,1.72,302
2013BURL01,Łukasz Burliga,2023-09-09,2.02,303
2013BURL01,Łukasz Burliga,2023-09-09,2.96,304
2013BURL01,Łukasz Burliga,2023-09-23,2.34,305
2013BURL01,Łukasz Burliga,2023-09-23,1.74,306
2013BURL01,Łukasz Burliga,2023-09-23,1.82,307
2013BURL01,Łukasz Burliga,2023-10-01,2.27,308
2013BURL01,Łukasz Burliga,2023-10-01,1.81,309
2013BURL01,Łukasz Burliga,2023-10-06,3.3,310
2013BURL01,Łukasz Burliga,2023-10-06,2.35,311
2013BURL01,Łukasz Burliga,2023-10-06,1.67,312
2013BURL01,Łukasz Burliga,2023-10-14,2.68,313
2013BURL01,Łukasz Burliga,2023-10-14,1.99,314
2013BURL01,Łukasz Burliga,2023-11-04,1.49,315
2013BURL01,Łukasz Burliga,2023-11-04,1.76,316
2013BURL01,Łukasz Burliga,2023-11-04,1.95,317
2013BURL01,Łukasz Burliga,2023-11-18,2.42,318
2013BURL01,Łukasz Burliga,2023-11-18,2.08,319
2013BURL01,Łukasz Burliga,2023-11-19,1.7,320
2013BURL01,Łukasz Burliga,2023-11-19,2.97,321
2013BURL01,Łukasz Burliga,2023-12-09,2.97,322
2013BURL01,Łukasz Burliga,2023-12-09,2.28,323
2013BURL01,Łukasz Burliga,2023-12-09,1.88,324
2013BURL01,Łukasz Burliga,2023-12-16,1.84,325
2013BURL01,Łukasz Burliga,2023-12-16,2.75,326
2013BURL01,Łukasz Burliga,2024-02-03,1.73,327
2013BURL01,Łukasz Burliga,2024-02-03,2.22,328
2013BURL01,Łukasz Burliga,2024-02-10,2.01,329
2013BURL01,Łukasz Burliga,2024-02-10,2.79,330
2013BURL01,Łukasz Burliga,2024-02-10,1.62,331
2013BURL01,Łukasz Burliga,2024-03-02,3.57,332
2013BURL01,Łukasz Burliga,2024-03-02,1.97,333
2013BURL01,Łukasz Burliga,2024-03-02,2.2,334
2013BURL01,Łukasz Burliga,2024-04-20,3.28,335
2013BURL01,Łukasz Burliga,2024-04-20,2.07,336
2013BURL01,Łukasz Burliga,2024-05-17,1.96,337
2013BURL01,Łukasz Burliga,2024-05-17,3.23,338
2013BURL01,Łukasz Burliga,2024-05-25,2.96,339
2013BURL01,Łukasz Burliga,2024-05-31,2.26,340
2013BURL01,Łukasz Burliga,2024-05-31,2.32,341
2013BURL01,Łukasz Burliga,2024-05-31,2.6,342
2013BURL01,Łukasz Burliga,2024-06-15,2.44,343
2013BURL01,Łukasz Burliga,2024-06-15,2.05,344
2013BURL01,Łukasz Burliga,2024-06-15,1.95,345
2013BURL01,Łukasz Burliga,2024-06-15,2.09,346
2013BURL01,Łukasz Burliga,2024-06-22,1.58,347
2013BURL01,Łukasz Burliga,2024-06-22,2.08,348
2013BURL01,Łukasz Burliga,2024-06-22,1.92,349
2013BURL01,Łukasz Burliga,2024-06-29,3.58,350
2013BURL01,Łukasz Burliga,2024-06-29,2.97,351
2013BURL01,Łukasz Burliga,2024-06-29,3.27,352
2013BURL01,Łukasz Burliga,2024-07-13,2.47,353
2013BURL01,Łukasz Burliga,2024-07-13,2.06,354
2013BURL01,Łukasz Burliga,2024-07-25,2.12,355
2013BURL01,Łukasz Burliga,2024-07-25,1.78,356
2013BURL01,Łukasz Burliga,2024-07-25,3.11,357
2013BURL01,Łukasz Burliga,2024-08-03,3.25,358
2013BURL01,Łukasz Burliga,2024-08-03,1.79,359
2013BURL01,Łukasz Burliga,2024-08-03,4.03,360
2013BURL01,Łukasz Burliga,2024-08-24,2.62,361
2013BURL01,Łukasz Burliga,2024-08-24,1.79,362
2013BURL01,Łukasz Burliga,2024-08-24,3.16,363
2013BURL01,Łukasz Burliga,2024-09-21,2.58,364
2013BURL01,Łukasz Burliga,2024-09-21,1.59,365
2013BURL01,Łukasz Burliga,2024-09-21,2.67,366
2013BURL01,Łukasz Burliga,2024-10-12,1.93,367
2013BURL01,Łukasz Burliga,2024-10-12,1.73,368
2013BURL01,Łukasz Burliga,2024-10-12,1.85,369
2013BURL01,Łukasz Burliga,2024-10-26,4.67,370
2013BURL01,Łukasz Burliga,2024-11-07,2.21,371
2013BURL01,Łukasz Burliga,2024-11-07,1.94,372
2013BURL01,Łukasz Burliga,2024-11-07,2.07,373
2013BURL01,Łukasz Burliga,2024-11-23,2.02,374
2013BURL01,Łukasz Burliga,2024-11-23,2.15,375
2013BURL01,Łukasz Burliga,2024-11-23,1.81,376
2013BURL01,Łukasz Burliga,2025-01-25,2.32,377
2013BURL01,Łukasz Burliga,2025-01-25,1.75,378
2013BURL01,Łukasz Burliga,2025-02-15,1.93,379
2013BURL01,Łukasz Burliga,2025-02-15,2.87,380
2013BURL01,Łukasz Burliga,2025-02-21,2.51,381
2013BURL01,Łukasz Burliga,2025-02-21,2.39,382
2013BURL01,Łukasz Burliga,2025-02-21,3.79,383
2013BURL01,Łukasz Burliga,2025-03-08,1.92,384
2013BURL01,Łukasz Burliga,2025-03-08,1.95,385
2013BURL01,Łukasz Burliga,2025-03-08,2.11,386
2013BURL01,Łukasz Burliga,2025-03-22,2.82,387
2013BURL01,Łukasz Burliga,2025-03-29,2.19,388
2013BURL01,Łukasz Burliga,2025-03-29,1.82,389
2013BURL01,Łukasz Burliga,2025-03-29,2.47,390
2013BURL01,Łukasz Burliga,2025-04-05,2.69,391
2013BURL01,Łukasz Burliga,2025-04-05,2.04,392
2013BURL01,Łukasz Burliga,2025-04-12,1.84,393
2013BURL01,Łukasz Burliga,2025-04-12,2.41,394
2013BURL01,Łukasz Burliga,2025-04-12,1.72,395
2013BURL01,Łukasz Burliga,2025-05-17,3.24,396
2013BURL01,Łukasz Burliga,2025-05-17,2.02,397
2013BURL01,Łukasz Burliga,2025-05-31,1.75,398
2013BURL01,Łukasz Burliga,2025-05-31,1.9,399
2013BURL01,Łukasz Burliga,2025-06-07,2.06,400
2013BURL01,Łukasz Burliga,2025-06-07,1.43,401
2013BURL01,Łukasz Burliga,2025-06-07,2.55,402
2013BURL01,Łukasz Burliga,2025-06-14,1.79,403
2013BURL01,Łukasz Burliga,2025-06-28,3.21,404
2013BURL01,Łukasz Burliga,2025-06-28,2.32,405
2013BURL01,Łukasz Burliga,2025-06-28,1.71,406
2013BURL01,Łukasz Burliga,2025-07-04,2.78,407
2013BURL01,Łukasz Burliga,2025-07-04,1.55,408
2013BURL01,Łukasz Burliga,2025-07-26,2.11,409
2013BURL01,Łukasz Burliga,2025-07-26,2.19,410
2013BURL01,Łukasz Burliga,2025-08-23,5.91,411
2013BURL01,Łukasz Burliga,2025-09-05,1.93,412
2013BURL01,Łukasz Burliga,2025-09-27,2.11,413
2013BURL01,Łukasz Burliga,2025-09-27,1.78,414
2013BURL01,Łukasz Burliga,2025-10-04,2.45,415
2013BURL01,Łukasz Burliga,2025-10-04,2.15,416
2013BURL01,Łukasz Burliga,2025-10-04,1.91,417
2013BURL01,Łukasz Burliga,2025-10-12,2.24,418
2013BURL01,Łukasz Burliga,2025-10-12,2.43,419
2013BURL01,Łukasz Burliga,2025-10-25,1.62,420
2013BURL01,Łukasz Burliga,2025-10-25,2.75,421
2013BURL01,Łukasz Burliga,2025-11-13,1.83,422
2013BURL01,Łukasz Burliga,2025-11-13,3.68,423
2013BURL01,Łukasz Burliga,2025-11-22,3.02,424
2013BURL01,Łukasz Burliga,2025-11-22,2.61,425
2013BURL01,Łukasz Burliga,2025-11-22,2.17,426
2013BURL01,Łukasz Burliga,2025-11-29,1.86,427
2013BURL01,Łukasz Burliga,2025-11-29,1.54,428
2013BURL01,Łukasz Burliga,2025-11-29,2.11,429
2013BURL01,Łukasz Burliga,2025-12-13,2.43,430
2013BURL01,Łukasz Burliga,2025-12-13,2.24,431
2013BURL01,Łukasz Burliga,2025-12-13,2.52,432
2013BURL01,Łukasz Burliga,2025-12-20,2.17,433
2013BURL01,Łukasz Burliga,2025-12-20,2.0,434
2013BURL01,Łukasz Burliga,2025-12-20,1.9,435
2013BURL01,Łukasz Burliga,2026-01-24,2.53,436
2013BURL01,Łukasz Burliga,2026-01-24,2.59,437
2013BURL01,Łukasz Burliga,2026-02-21,1.99,438
2013BURL01,Łukasz Burliga,2026-02-21,2.04,439
2013BURL01,Łukasz Burliga,2026-02-21,1.92,440
2013BURL01,Łukasz Burliga,2026-03-21,2.41,441
2013BURL01,Łukasz Burliga,2026-03-21,3.2,442
2013BURL01,Łukasz Burliga,2026-04-11,2.95,443
2013BURL01,Łukasz Burliga,2026-04-11,1.65,444
2013BURL01,Łukasz Burliga,2026-04-11,1.66,445
2013BURL01,Łukasz Burliga,2026-05-01,2.92,446
2013BURL01,Łukasz Burliga,2026-05-01,3.06,447
2013BURL01,Łukasz Burliga,2026-05-16,2.32,448
2013BURL01,Łukasz Burliga,2026-05-16,1.68,449
2013ROGA02,Przemysław Rogalski,2013-12-14,7.39,1
2013ROGA02,Przemysław Rogalski,2014-01-04,5.85,2
2013ROGA02,Przemysław Rogalski,2014-01-04,5.83,3
2013ROGA02,Przemysław Rogalski,2014-03-29,5.61,4
2013ROGA02,Przemysław Rogalski,2014-03-29,5.19,5
2013ROGA02,Przemysław Rogalski,2014-05-31,5.19,6
2013ROGA02,Przemysław Rogalski,2014-06-28,5.27,7
2013ROGA02,Przemysław Rogalski,2014-06-28,5.62,8
2013ROGA02,Przemysław Rogalski,2014-06-28,5.59,9
2013ROGA02,Przemysław Rogalski,2014-07-05,5.46,10
2013ROGA02,Przemysław Rogalski,2014-07-05,5.04,11
2013ROGA02,Przemysław Rogalski,2014-07-05,5.69,12
2013ROGA02,Przemysław Rogalski,2014-08-23,4.85,13
2013ROGA02,Przemysław Rogalski,2014-09-07,4.57,14
2013ROGA02,Przemysław Rogalski,2014-09-07,4.81,15
2013ROGA02,Przemysław Rogalski,2014-10-25,4.95,16
2013ROGA02,Przemysław Rogalski,2014-10-25,4.89,17
2013ROGA02,Przemysław Rogalski,2014-11-29,4.71,18
2013ROGA02,Przemysław Rogalski,2014-11-29,5.9,19
2013ROGA02,Przemysław Rogalski,2014-11-29,4.81,20
2013ROGA02,Przemysław Rogalski,2014-12-20,4.86,21
2013ROGA02,Przemysław Rogalski,2015-01-24,5.63,22
2013ROGA02,Przemysław Rogalski,2015-01-24,4.51,23
2013ROGA02,Przemysław Rogalski,2015-06-27,3.87,24
2013ROGA02,Przemysław Rogalski,2015-06-27,4.04,25
2013ROGA02,Przemysław Rogalski,2015-08-08,4.82,26
2013ROGA02,Przemysław Rogalski,2015-08-08,3.71,27
2013ROGA02,Przemysław Rogalski,2015-08-08,4.45,28
2013ROGA02,Przemysław Rogalski,2015-09-19,4.59,29
2013ROGA02,Przemysław Rogalski,2015-09-19,4.31,30
2013ROGA02,Przemysław Rogalski,2015-10-09,4.98,31
2013ROGA02,Przemysław Rogalski,2015-10-09,4.57,32
2013ROGA02,Przemysław Rogalski,2015-10-09,3.37,33
2013ROGA02,Przemysław Rogalski,2016-02-20,3.38,34
2013ROGA02,Przemysław Rogalski,2016-02-20,3.37,35
2013ROGA02,Przemysław Rogalski,2016-02-20,16.84,36
2013ROGA02,Przemysław Rogalski,2016-05-08,4.42,37
2013ROGA02,Przemysław Rogalski,2016-05-08,4.55,38
2013ROGA02,Przemysław Rogalski,2016-06-04,4.22,39
2013ROGA02,Przemysław Rogalski,2016-06-04,3.84,40
2013ROGA02,Przemysław Rogalski,2016-07-09,4.69,41
2013ROGA02,Przemysław Rogalski,2016-08-27,5.16,42
2013ROGA02,Przemysław Rogalski,2016-08-27,4.55,43
2013ROGA02,Przemysław Rogalski,2016-09-03,3.49,44
2013ROGA02,Przemysław Rogalski,2016-09-03,3.94,45
2013ROGA02,Przemysław Rogalski,2016-09-03,4.62,46
2013ROGA02,Przemysław Rogalski,2016-10-08,3.65,47
2013ROGA02,Przemysław Rogalski,2016-10-08,4.54,48
2013ROGA02,Przemysław Rogalski,2016-10-08,3.11,49
2013ROGA02,Przemysław Rogalski,2016-10-23,4.18,50
2013ROGA02,Przemysław Rogalski,2016-10-23,4.09,51
2013ROGA02,Przemysław Rogalski,2016-12-03,4.19,52
2013ROGA02,Przemysław Rogalski,2016-12-03,5.81,53
2013ROGA02,Przemysław Rogalski,2016-12-09,4.05,54
2013ROGA02,Przemysław Rogalski,2016-12-09,3.65,55
2013ROGA02,Przemysław Rogalski,2016-12-17,5.11,56
2013ROGA02,Przemysław Rogalski,2016-12-17,5.12,57
2013ROGA02,Przemysław Rogalski,2017-01-14,4.32,58
2013ROGA02,Przemysław Rogalski,2017-01-14,5.51,59
2013ROGA02,Przemysław Rogalski,2017-03-11,4.31,60
2013ROGA02,Przemysław Rogalski,2017-03-11,3.48,61
2013ROGA02,Przemysław Rogalski,2017-03-11,4.5,62
2013ROGA02,Przemysław Rogalski,2017-03-18,4.06,63
2013ROGA02,Przemysław Rogalski,2017-03-18,4.31,64
2013ROGA02,Przemysław Rogalski,2017-03-25,4.34,65
2013ROGA02,Przemysław Rogalski,2017-03-25,9.64,66
2013ROGA02,Przemysław Rogalski,2017-04-29,4.25,67
2013ROGA02,Przemysław Rogalski,2017-04-29,4.27,68
2013ROGA02,Przemysław Rogalski,2017-05-27,3.9,69
2013ROGA02,Przemysław Rogalski,2017-05-27,3.85,70
2013ROGA02,Przemysław Rogalski,2017-05-27,4.44,71
2013ROGA02,Przemysław Rogalski,2017-06-10,3.66,72
2013ROGA02,Przemysław Rogalski,2017-06-10,5.31,73
2013ROGA02,Przemysław Rogalski,2017-07-29,4.78,74
2013ROGA02,Przemysław Rogalski,2017-07-29,3.99,75
2013ROGA02,Przemysław Rogalski,2017-08-05,4.43,76
2013ROGA02,Przemysław Rogalski,2017-09-09,6.15,77
2013ROGA02,Przemysław Rogalski,2017-09-15,3.95,78
2013ROGA02,Przemysław Rogalski,2017-09-15,3.3,79
2013ROGA02,Przemysław Rogalski,2017-09-15,4.06,80
2013ROGA02,Przemysław Rogalski,2017-10-14,3.86,81
2013ROGA02,Przemysław Rogalski,2017-10-14,3.69,82
2013ROGA02,Przemysław Rogalski,2017-10-21,3.76,83
2013ROGA02,Przemysław Rogalski,2017-10-21,3.22,84
2013ROGA02,Przemysław Rogalski,2017-10-21,3.45,85
2013ROGA02,Przemysław Rogalski,2017-11-17,4.45,86
2013ROGA02,Przemysław Rogalski,2017-12-02,3.96,87
2013ROGA02,Przemysław Rogalski,2017-12-02,4.14,88
2013ROGA02,Przemysław Rogalski,2017-12-09,3.8,89
2013ROGA02,Przemysław Rogalski,2017-12-09,3.8,90
2013ROGA02,Przemysław Rogalski,2017-12-09,4.37,91
2013ROGA02,Przemysław Rogalski,2017-12-16,3.66,92
2013ROGA02,Przemysław Rogalski,2017-12-16,4.03,93
2013ROGA02,Przemysław Rogalski,2017-12-16,4.32,94
2013ROGA02,Przemysław Rogalski,2018-01-13,3.35,95
2013ROGA02,Przemysław Rogalski,2018-01-13,4.29,96
2013ROGA02,Przemysław Rogalski,2018-02-10,3.47,97
2013ROGA02,Przemysław Rogalski,2018-02-17,3.95,98
2013ROGA02,Przemysław Rogalski,2018-02-24,4.37,99
2013ROGA02,Przemysław Rogalski,2018-02-24,5.0,100
2013ROGA02,Przemysław Rogalski,2018-03-03,3.63,101
2013ROGA02,Przemysław Rogalski,2018-03-03,5.06,102
2013ROGA02,Przemysław Rogalski,2018-04-07,3.14,103
2013ROGA02,Przemysław Rogalski,2018-04-07,3.25,104
2013ROGA02,Przemysław Rogalski,2018-04-21,3.46,105
2013ROGA02,Przemysław Rogalski,2018-04-21,4.08,106
2013ROGA02,Przemysław Rogalski,2018-05-26,4.24,107
2013ROGA02,Przemysław Rogalski,2018-05-27,5.14,108
2013ROGA02,Przemysław Rogalski,2018-06-16,3.54,109
2013ROGA02,Przemysław Rogalski,2018-06-16,3.33,110
2013ROGA02,Przemysław Rogalski,2018-06-16,4.05,111
2013ROGA02,Przemysław Rogalski,2018-06-23,4.36,112
2013ROGA02,Przemysław Rogalski,2018-06-30,4.43,113
2013ROGA02,Przemysław Rogalski,2018-06-30,3.99,114
2013ROGA02,Przemysław Rogalski,2018-06-30,3.77,115
2013ROGA02,Przemysław Rogalski,2018-07-05,3.52,116
2013ROGA02,Przemysław Rogalski,2018-07-05,3.49,117
2013ROGA02,Przemysław Rogalski,2018-07-05,4.03,118
2013ROGA02,Przemysław Rogalski,2018-07-07,4.2,119
2013ROGA02,Przemysław Rogalski,2018-07-07,5.29,120
2013ROGA02,Przemysław Rogalski,2018-07-19,4.08,121
2013ROGA02,Przemysław Rogalski,2018-07-19,3.38,122
2013ROGA02,Przemysław Rogalski,2018-07-19,4.13,123
2013ROGA02,Przemysław Rogalski,2018-07-28,5.8,124
2013ROGA02,Przemysław Rogalski,2018-07-31,3.85,125
2013ROGA02,Przemysław Rogalski,2018-07-31,3.52,126
2013ROGA02,Przemysław Rogalski,2018-07-31,3.9,127
2013ROGA02,Przemysław Rogalski,2018-08-04,3.56,128
2013ROGA02,Przemysław Rogalski,2018-08-04,3.63,129
2013ROGA02,Przemysław Rogalski,2018-09-15,3.96,130
2013ROGA02,Przemysław Rogalski,2018-09-15,4.35,131
2013ROGA02,Przemysław Rogalski,2018-10-06,3.63,132
2013ROGA02,Przemysław Rogalski,2018-10-06,4.22,133
2013ROGA02,Przemysław Rogalski,2018-10-13,3.3,134
2013ROGA02,Przemysław Rogalski,2018-10-13,4.03,135
2013ROGA02,Przemysław Rogalski,2018-10-20,4.82,136
2013ROGA02,Przemysław Rogalski,2018-10-20,3.74,137
2013ROGA02,Przemysław Rogalski,2018-10-20,5.11,138
2013ROGA02,Przemysław Rogalski,2018-10-26,4.18,139
2013ROGA02,Przemysław Rogalski,2018-10-26,4.12,140
2013ROGA02,Przemysław Rogalski,2018-11-10,5.76,141
2013ROGA02,Przemysław Rogalski,2018-12-01,3.82,142
2013ROGA02,Przemysław Rogalski,2018-12-08,4.29,143
2013ROGA02,Przemysław Rogalski,2018-12-08,3.61,144
2013ROGA02,Przemysław Rogalski,2018-12-15,3.43,145
2013ROGA02,Przemysław Rogalski,2018-12-15,5.93,146
2013ROGA02,Przemysław Rogalski,2019-01-12,3.85,147
2013ROGA02,Przemysław Rogalski,2019-01-12,4.11,148
2013ROGA02,Przemysław Rogalski,2019-02-02,3.18,149
2013ROGA02,Przemysław Rogalski,2019-02-02,3.58,150
2013ROGA02,Przemysław Rogalski,2019-02-02,4.42,151
2013ROGA02,Przemysław Rogalski,2019-02-11,3.79,152
2013ROGA02,Przemysław Rogalski,2019-02-11,3.1,153
2013ROGA02,Przemysław Rogalski,2019-02-11,5.25,154
2013ROGA02,Przemysław Rogalski,2019-02-23,3.94,155
2013ROGA02,Przemysław Rogalski,2019-02-23,4.66,156
2013ROGA02,Przemysław Rogalski,2019-03-02,3.95,157
2013ROGA02,Przemysław Rogalski,2019-03-02,3.27,158
2013ROGA02,Przemysław Rogalski,2019-03-02,4.13,159
2013ROGA02,Przemysław Rogalski,2019-03-16,3.94,160
2013ROGA02,Przemysław Rogalski,2019-04-06,3.73,161
2013ROGA02,Przemysław Rogalski,2019-04-06,3.43,162
2013ROGA02,Przemysław Rogalski,2019-04-13,3.65,163
2013ROGA02,Przemysław Rogalski,2019-04-13,4.11,164
2013ROGA02,Przemysław Rogalski,2019-05-11,3.58,165
2013ROGA02,Przemysław Rogalski,2019-05-11,5.63,166
2013ROGA02,Przemysław Rogalski,2019-05-18,3.63,167
2013ROGA02,Przemysław Rogalski,2019-05-18,3.78,168
2013ROGA02,Przemysław Rogalski,2019-05-18,4.41,169
2013ROGA02,Przemysław Rogalski,2019-05-26,3.79,170
2013ROGA02,Przemysław Rogalski,2019-05-26,3.65,171
2013ROGA02,Przemysław Rogalski,2019-06-01,4.03,172
2013ROGA02,Przemysław Rogalski,2019-06-01,4.32,173
2013ROGA02,Przemysław Rogalski,2019-06-08,4.08,174
2013ROGA02,Przemysław Rogalski,2019-06-08,4.54,175
2013ROGA02,Przemysław Rogalski,2019-06-15,3.37,176
2013ROGA02,Przemysław Rogalski,2019-06-15,3.78,177
2013ROGA02,Przemysław Rogalski,2019-06-22,3.84,178
2013ROGA02,Przemysław Rogalski,2019-06-22,3.21,179
2013ROGA02,Przemysław Rogalski,2019-06-22,5.65,180
2013ROGA02,Przemysław Rogalski,2019-06-29,3.95,181
2013ROGA02,Przemysław Rogalski,2019-06-29,3.79,182
2013ROGA02,Przemysław Rogalski,2019-07-06,3.81,183
2013ROGA02,Przemysław Rogalski,2019-07-06,4.07,184
2013ROGA02,Przemysław Rogalski,2019-07-13,3.44,185
2013ROGA02,Przemysław Rogalski,2019-07-20,3.1,186
2013ROGA02,Przemysław Rogalski,2019-07-20,3.74,187
2013ROGA02,Przemysław Rogalski,2019-07-27,5.05,188
2013ROGA02,Przemysław Rogalski,2019-08-10,3.89,189
2013ROGA02,Przemysław Rogalski,2019-08-10,4.35,190
2013ROGA02,Przemysław Rogalski,2019-08-24,4.87,191
2013ROGA02,Przemysław Rogalski,2019-09-13,5.53,192
2013ROGA02,Przemysław Rogalski,2019-09-21,3.06,193
2013ROGA02,Przemysław Rogalski,2019-09-21,4.11,194
2013ROGA02,Przemysław Rogalski,2019-09-28,3.15,195
2013ROGA02,Przemysław Rogalski,2019-09-28,3.8,196
2013ROGA02,Przemysław Rogalski,2019-10-05,3.39,197
2013ROGA02,Przemysław Rogalski,2019-10-05,4.16,198
2013ROGA02,Przemysław Rogalski,2019-10-11,3.27,199
2013ROGA02,Przemysław Rogalski,2019-10-11,3.83,200
2013ROGA02,Przemysław Rogalski,2019-10-19,4.11,201
2013ROGA02,Przemysław Rogalski,2019-10-26,3.68,202
2013ROGA02,Przemysław Rogalski,2019-10-26,3.08,203
2013ROGA02,Przemysław Rogalski,2019-11-09,4.43,204
2013ROGA02,Przemysław Rogalski,2019-11-09,4.4,205
2013ROGA02,Przemysław Rogalski,2019-11-16,3.74,206
2013ROGA02,Przemysław Rogalski,2019-11-16,3.92,207
2013ROGA02,Przemysław Rogalski,2019-11-23,3.77,208
2013ROGA02,Przemysław Rogalski,2019-12-06,4.57,209
2013ROGA02,Przemysław Rogalski,2019-12-06,3.26,210
2013ROGA02,Przemysław Rogalski,2019-12-06,5.42,211
2013ROGA02,Przemysław Rogalski,2019-12-14,4.08,212
2013ROGA02,Przemysław Rogalski,2019-12-14,3.91,213
2013ROGA02,Przemysław Rogalski,2019-12-14,3.31,214
2013ROGA02,Przemysław Rogalski,2019-12-21,3.91,215
2013ROGA02,Przemysław Rogalski,2019-12-21,3.65,216
2013ROGA02,Przemysław Rogalski,2020-01-04,3.46,217
2013ROGA02,Przemysław Rogalski,2020-01-04,5.12,218
2013ROGA02,Przemysław Rogalski,2020-01-25,4.27,219
2013ROGA02,Przemysław Rogalski,2020-01-25,3.4,220
2013ROGA02,Przemysław Rogalski,2020-02-29,4.38,221
2013ROGA02,Przemysław Rogalski,2020-03-07,3.5,222
2013ROGA02,Przemysław Rogalski,2020-03-07,6.56,223
2013ROGA02,Przemysław Rogalski,2020-08-22,4.74,224
2013ROGA02,Przemysław Rogalski,2020-09-12,4.19,225
2013ROGA02,Przemysław Rogalski,2020-09-12,5.42,226
2013ROGA02,Przemysław Rogalski,2021-07-03,4.34,227
2013ROGA02,Przemysław Rogalski,2021-07-10,3.93,228
2013ROGA02,Przemysław Rogalski,2021-07-10,3.79,229
2013ROGA02,Przemysław Rogalski,2021-07-24,2.92,230
2013ROGA02,Przemysław Rogalski,2021-07-24,3.99,231
2013ROGA02,Przemysław Rogalski,2021-08-07,2.29,232
2013ROGA02,Przemysław Rogalski,2021-08-07,3.4,233
2013ROGA02,Przemysław Rogalski,2021-08-28,3.06,234
2013ROGA02,Przemysław Rogalski,2021-08-28,3.88,235
2013ROGA02,Przemysław Rogalski,2021-09-04,3.29,236
2013ROGA02,Przemysław Rogalski,2021-09-04,3.88,237
2013ROGA02,Przemysław Rogalski,2021-09-18,2.94,238
2013ROGA02,Przemysław Rogalski,2021-09-18,4.62,239
2013ROGA02,Przemysław Rogalski,2021-09-25,3.87,240
2013ROGA02,Przemysław Rogalski,2021-10-01,3.71,241
2013ROGA02,Przemysław Rogalski,2021-10-09,3.22,242
2013ROGA02,Przemysław Rogalski,2021-11-06,3.65,243
2013ROGA02,Przemysław Rogalski,2021-11-06,3.65,244
2013ROGA02,Przemysław Rogalski,2021-12-03,3.35,245
2013ROGA02,Przemysław Rogalski,2021-12-03,3.81,246
2013ROGA02,Przemysław Rogalski,2021-12-18,3.57,247
2013ROGA02,Przemysław Rogalski,2021-12-18,4.53,248
2013ROGA02,Przemysław Rogalski,2022-02-26,2.98,249
2013ROGA02,Przemysław Rogalski,2022-02-26,3.75,250
2013ROGA02,Przemysław Rogalski,2022-03-12,3.34,251
2013ROGA02,Przemysław Rogalski,2022-03-12,4.26,252
2013ROGA02,Przemysław Rogalski,2022-03-19,3.7,253
2013ROGA02,Przemysław Rogalski,2022-03-19,3.49,254
2013ROGA02,Przemysław Rogalski,2022-03-26,2.7,255
2013ROGA02,Przemysław Rogalski,2022-03-26,3.63,256
2013ROGA02,Przemysław Rogalski,2022-04-23,4.57,257
2013ROGA02,Przemysław Rogalski,2022-04-23,3.55,258
2013ROGA02,Przemysław Rogalski,2022-04-23,3.04,259
2013ROGA02,Przemysław Rogalski,2022-05-07,3.1,260
2013ROGA02,Przemysław Rogalski,2022-05-07,2.49,261
2013ROGA02,Przemysław Rogalski,2022-05-21,3.38,262
2013ROGA02,Przemysław Rogalski,2022-05-21,3.48,263
2013ROGA02,Przemysław Rogalski,2022-05-21,4.06,264
2013ROGA02,Przemysław Rogalski,2022-05-28,3.58,265
2013ROGA02,Przemysław Rogalski,2022-05-28,3.15,266
2013ROGA02,Przemysław Rogalski,2022-06-04,3.88,267
2013ROGA02,Przemysław Rogalski,2022-06-18,3.06,268
2013ROGA02,Przemysław Rogalski,2022-06-18,3.84,269
2013ROGA02,Przemysław Rogalski,2022-06-18,4.89,270
2013ROGA02,Przemysław Rogalski,2022-07-02,3.7,271
2013ROGA02,Przemysław Rogalski,2022-07-02,3.46,272
2013ROGA02,Przemysław Rogalski,2022-07-02,2.66,273
2013ROGA02,Przemysław Rogalski,2022-07-08,4.52,274
2013ROGA02,Przemysław Rogalski,2022-07-14,4.18,275
2013ROGA02,Przemysław Rogalski,2022-07-23,3.27,276
2013ROGA02,Przemysław Rogalski,2022-07-23,3.58,277
2013ROGA02,Przemysław Rogalski,2022-07-23,3.88,278
2013ROGA02,Przemysław Rogalski,2022-07-30,3.33,279
2013ROGA02,Przemysław Rogalski,2022-07-30,4.28,280
2013ROGA02,Przemysław Rogalski,2022-08-06,3.48,281
2013ROGA02,Przemysław Rogalski,2022-08-20,3.57,282
2013ROGA02,Przemysław Rogalski,2022-08-20,4.04,283
2013ROGA02,Przemysław Rogalski,2022-08-20,3.82,284
2013ROGA02,Przemysław Rogalski,2022-09-10,3.83,285
2013ROGA02,Przemysław Rogalski,2022-09-10,2.51,286
2013ROGA02,Przemysław Rogalski,2022-09-10,3.99,287
2013ROGA02,Przemysław Rogalski,2022-09-24,2.73,288
2013ROGA02,Przemysław Rogalski,2022-09-24,3.35,289
2013ROGA02,Przemysław Rogalski,2022-10-01,3.3,290
2013ROGA02,Przemysław Rogalski,2022-10-01,3.74,291
2013ROGA02,Przemysław Rogalski,2022-10-15,4.33,292
2013ROGA02,Przemysław Rogalski,2022-10-15,3.65,293
2013ROGA02,Przemysław Rogalski,2022-10-15,3.02,294
2013ROGA02,Przemysław Rogalski,2022-10-22,3.38,295
2013ROGA02,Przemysław Rogalski,2022-10-22,4.46,296
2013ROGA02,Przemysław Rogalski,2022-10-29,4.16,297
2013ROGA02,Przemysław Rogalski,2022-10-29,3.1,298
2013ROGA02,Przemysław Rogalski,2022-11-05,3.38,299
2013ROGA02,Przemysław Rogalski,2022-11-05,3.22,300
2013ROGA02,Przemysław Rogalski,2022-11-19,3.83,301
2013ROGA02,Przemysław Rogalski,2022-11-19,4.23,302
2013ROGA02,Przemysław Rogalski,2022-11-27,4.01,303
2013ROGA02,Przemysław Rogalski,2022-12-03,2.91,304
2013ROGA02,Przemysław Rogalski,2022-12-03,3.63,305
2013ROGA02,Przemysław Rogalski,2022-12-10,3.4,306
2013ROGA02,Przemysław Rogalski,2022-12-10,3.12,307
2013ROGA02,Przemysław Rogalski,2022-12-10,2.7,308
2013ROGA02,Przemysław Rogalski,2022-12-16,2.62,309
2013ROGA02,Przemysław Rogalski,2022-12-16,3.67,310
2013ROGA02,Przemysław Rogalski,2023-01-07,3.64,311
2013ROGA02,Przemysław Rogalski,2023-01-07,4.37,312
2013ROGA02,Przemysław Rogalski,2023-01-13,3.79,313
2013ROGA02,Przemysław Rogalski,2023-01-13,3.44,314
2013ROGA02,Przemysław Rogalski,2023-01-13,3.92,315
2013ROGA02,Przemysław Rogalski,2023-02-04,3.59,316
2013ROGA02,Przemysław Rogalski,2023-02-04,4.2,317
2013ROGA02,Przemysław Rogalski,2023-02-11,3.54,318
2013ROGA02,Przemysław Rogalski,2023-02-11,3.29,319
2013ROGA02,Przemysław Rogalski,2023-02-11,3.69,320
2013ROGA02,Przemysław Rogalski,2023-02-18,3.46,321
2013ROGA02,Przemysław Rogalski,2023-02-18,2.73,322
2013ROGA02,Przemysław Rogalski,2023-02-18,3.89,323
2013ROGA02,Przemysław Rogalski,2023-02-25,4.59,324
2013ROGA02,Przemysław Rogalski,2023-03-04,3.43,325
2013ROGA02,Przemysław Rogalski,2023-03-04,3.29,326
2013ROGA02,Przemysław Rogalski,2023-03-11,3.45,327
2013ROGA02,Przemysław Rogalski,2023-03-11,3.93,328
2013ROGA02,Przemysław Rogalski,2023-03-18,3.21,329
2013ROGA02,Przemysław Rogalski,2023-03-18,3.95,330
2013ROGA02,Przemysław Rogalski,2023-03-25,3.75,331
2013ROGA02,Przemysław Rogalski,2023-03-25,3.56,332
2013ROGA02,Przemysław Rogalski,2023-04-01,4.64,333
2013ROGA02,Przemysław Rogalski,2023-04-01,3.87,334
2013ROGA02,Przemysław Rogalski,2023-04-15,3.33,335
2013ROGA02,Przemysław Rogalski,2023-04-15,4.1,336
2013ROGA02,Przemysław Rogalski,2023-05-13,3.79,337
2013ROGA02,Przemysław Rogalski,2023-05-27,4.08,338
2013ROGA02,Przemysław Rogalski,2023-06-10,3.97,339
2013ROGA02,Przemysław Rogalski,2023-06-10,3.61,340
2013ROGA02,Przemysław Rogalski,2023-06-17,4.02,341
2013ROGA02,Przemysław Rogalski,2023-06-17,3.71,342
2013ROGA02,Przemysław Rogalski,2023-06-24,2.92,343
2013ROGA02,Przemysław Rogalski,2023-06-24,3.53,344
2013ROGA02,Przemysław Rogalski,2023-06-30,3.87,345
2013ROGA02,Przemysław Rogalski,2023-06-30,3.28,346
2013ROGA02,Przemysław Rogalski,2023-06-30,3.97,347
2013ROGA02,Przemysław Rogalski,2023-07-15,3.33,348
2013ROGA02,Przemysław Rogalski,2023-07-22,3.15,349
2013ROGA02,Przemysław Rogalski,2023-07-22,4.26,350
2013ROGA02,Przemysław Rogalski,2023-08-26,4.03,351
2013ROGA02,Przemysław Rogalski,2023-08-26,3.3,352
2013ROGA02,Przemysław Rogalski,2023-08-26,4.12,353
2013ROGA02,Przemysław Rogalski,2023-09-09,4.96,354
2013ROGA02,Przemysław Rogalski,2023-09-09,4.14,355
2013ROGA02,Przemysław Rogalski,2023-09-23,3.78,356
2013ROGA02,Przemysław Rogalski,2023-10-01,2.95,357
2013ROGA02,Przemysław Rogalski,2023-10-01,4.27,358
2013ROGA02,Przemysław Rogalski,2023-10-06,4.24,359
2013ROGA02,Przemysław Rogalski,2023-10-06,4.13,360
2013ROGA02,Przemysław Rogalski,2023-10-14,3.24,361
2013ROGA02,Przemysław Rogalski,2023-10-14,4.0,362
2013ROGA02,Przemysław Rogalski,2023-10-21,3.29,363
2013ROGA02,Przemysław Rogalski,2023-10-21,4.14,364
2013ROGA02,Przemysław Rogalski,2023-11-04,6.55,365
2013ROGA02,Przemysław Rogalski,2023-11-04,3.04,366
2013ROGA02,Przemysław Rogalski,2023-11-04,3.66,367
2013ROGA02,Przemysław Rogalski,2023-11-11,3.85,368
2013ROGA02,Przemysław Rogalski,2023-11-18,3.57,369
2013ROGA02,Przemysław Rogalski,2023-11-25,3.53,370
2013ROGA02,Przemysław Rogalski,2023-11-25,3.17,371
2013ROGA02,Przemysław Rogalski,2023-11-25,3.7,372
2013ROGA02,Przemysław Rogalski,2023-12-02,6.11,373
2013ROGA02,Przemysław Rogalski,2023-12-09,3.82,374
2013ROGA02,Przemysław Rogalski,2023-12-09,3.61,375
2013ROGA02,Przemysław Rogalski,2024-01-06,4.07,376
2013ROGA02,Przemysław Rogalski,2024-01-06,4.62,377
2013ROGA02,Przemysław Rogalski,2024-01-13,3.78,378
2013ROGA02,Przemysław Rogalski,2024-01-20,3.36,379
2013ROGA02,Przemysław Rogalski,2024-01-27,3.71,380
2013ROGA02,Przemysław Rogalski,2024-02-03,3.05,381
2013ROGA02,Przemysław Rogalski,2024-02-10,3.16,382
2013ROGA02,Przemysław Rogalski,2024-02-10,2.94,383
2013ROGA02,Przemysław Rogalski,2024-02-10,3.51,384
2013ROGA02,Przemysław Rogalski,2024-02-17,3.67,385
2013ROGA02,Przemysław Rogalski,2024-02-17,3.28,386
2013ROGA02,Przemysław Rogalski,2024-03-02,3.6,387
2013ROGA02,Przemysław Rogalski,2024-03-09,3.44,388
2013ROGA02,Przemysław Rogalski,2024-03-09,2.57,389
2013ROGA02,Przemysław Rogalski,2024-03-16,4.28,390
2013ROGA02,Przemysław Rogalski,2024-03-23,3.06,391
2013ROGA02,Przemysław Rogalski,2024-03-23,3.59,392
2013ROGA02,Przemysław Rogalski,2024-04-06,3.46,393
2013ROGA02,Przemysław Rogalski,2024-04-06,3.14,394
2013ROGA02,Przemysław Rogalski,2024-04-06,3.78,395
2013ROGA02,Przemysław Rogalski,2024-04-20,3.82,396
2013ROGA02,Przemysław Rogalski,2024-04-20,3.82,397
2013ROGA02,Przemysław Rogalski,2024-05-11,2.89,398
2013ROGA02,Przemysław Rogalski,2024-05-11,4.59,399
2013ROGA02,Przemysław Rogalski,2024-05-25,4.04,400
2013ROGA02,Przemysław Rogalski,2024-06-08,4.16,401
2013ROGA02,Przemysław Rogalski,2024-06-15,3.03,402
2013ROGA02,Przemysław Rogalski,2024-06-15,3.53,403
2013ROGA02,Przemysław Rogalski,2024-06-15,3.26,404
2013ROGA02,Przemysław Rogalski,2024-06-22,3.09,405
2013ROGA02,Przemysław Rogalski,2024-06-22,3.7,406
2013ROGA02,Przemysław Rogalski,2024-06-29,3.23,407
2013ROGA02,Przemysław Rogalski,2024-06-29,3.28,408
2013ROGA02,Przemysław Rogalski,2024-07-06,4.44,409
2013ROGA02,Przemysław Rogalski,2024-07-06,4.2,410
2013ROGA02,Przemysław Rogalski,2024-07-13,3.49,411
2013ROGA02,Przemysław Rogalski,2024-07-13,2.64,412
2013ROGA02,Przemysław Rogalski,2024-07-25,3.48,413
2013ROGA02,Przemysław Rogalski,2024-08-24,3.7,414
2013ROGA02,Przemysław Rogalski,2024-08-24,2.61,415
2013ROGA02,Przemysław Rogalski,2024-08-24,2.75,416
2013ROGA02,Przemysław Rogalski,2024-08-31,3.51,417
2013ROGA02,Przemysław Rogalski,2024-08-31,3.63,418
2013ROGA02,Przemysław Rogalski,2024-09-14,4.15,419
2013ROGA02,Przemysław Rogalski,2024-09-14,4.73,420
2013ROGA02,Przemysław Rogalski,2024-09-21,3.4,421
2013ROGA02,Przemysław Rogalski,2024-09-21,3.46,422
2013ROGA02,Przemysław Rogalski,2024-09-28,3.18,423
2013ROGA02,Przemysław Rogalski,2024-09-28,3.58,424
2013ROGA02,Przemysław Rogalski,2024-10-05,3.75,425
2013ROGA02,Przemysław Rogalski,2024-10-12,3.31,426
2013ROGA02,Przemysław Rogalski,2024-10-12,3.09,427
2013ROGA02,Przemysław Rogalski,2024-10-26,3.56,428
2013ROGA02,Przemysław Rogalski,2024-11-07,2.37,429
2013ROGA02,Przemysław Rogalski,2024-11-07,4.23,430
2013ROGA02,Przemysław Rogalski,2024-11-30,5.52,431
2013ROGA02,Przemysław Rogalski,2024-12-07,3.63,432
2013ROGA02,Przemysław Rogalski,2024-12-14,4.43,433
2013ROGA02,Przemysław Rogalski,2024-12-14,4.64,434
2013ROGA02,Przemysław Rogalski,2025-01-11,3.22,435
2013ROGA02,Przemysław Rogalski,2025-01-11,3.01,436
2013ROGA02,Przemysław Rogalski,2025-01-18,3.43,437
2013ROGA02,Przemysław Rogalski,2025-01-25,3.02,438
2013ROGA02,Przemysław Rogalski,2025-01-25,3.59,439
2013ROGA02,Przemysław Rogalski,2025-02-08,3.32,440
2013ROGA02,Przemysław Rogalski,2025-02-08,3.98,441
2013ROGA02,Przemysław Rogalski,2025-02-15,4.05,442
2013ROGA02,Przemysław Rogalski,2025-02-22,6.32,443
2013ROGA02,Przemysław Rogalski,2025-02-22,4.08,444
2013ROGA02,Przemysław Rogalski,2025-03-08,3.34,445
2013ROGA02,Przemysław Rogalski,2025-03-15,3.28,446
2013ROGA02,Przemysław Rogalski,2025-04-05,3.93,447
2013ROGA02,Przemysław Rogalski,2025-04-26,2.9,448
2013ROGA02,Przemysław Rogalski,2025-05-09,2.93,449
2013ROGA02,Przemysław Rogalski,2025-05-09,3.13,450
2013ROGA02,Przemysław Rogalski,2025-05-17,3.63,451
2013ROGA02,Przemysław Rogalski,2025-05-17,3.07,452
2013ROGA02,Przemysław Rogalski,2025-05-24,3.38,453
2013ROGA02,Przemysław Rogalski,2025-05-31,4.83,454
2013ROGA02,Przemysław Rogalski,2025-06-07,3.66,455
2013ROGA02,Przemysław Rogalski,2025-06-07,3.52,456
2013ROGA02,Przemysław Rogalski,2025-06-07,3.6,457
2013ROGA02,Przemysław Rogalski,2025-06-14,4.22,458
2013ROGA02,Przemysław Rogalski,2025-07-03,3.36,459
2013ROGA02,Przemysław Rogalski,2025-07-11,6.3,460
2013ROGA02,Przemysław Rogalski,2025-07-26,4.65,461
2013ROGA02,Przemysław Rogalski,2025-07-26,3.09,462
2013ROGA02,Przemysław Rogalski,2025-07-26,3.34,463
2013ROGA02,Przemysław Rogalski,2025-08-09,3.61,464
2013ROGA02,Przemysław Rogalski,2025-08-23,3.51,465
2013ROGA02,Przemysław Rogalski,2025-08-30,3.05,466
2013ROGA02,Przemysław Rogalski,2025-08-30,3.18,467
2013ROGA02,Przemysław Rogalski,2025-08-30,4.28,468
2013ROGA02,Przemysław Rogalski,2025-09-13,3.15,469
2013ROGA02,Przemysław Rogalski,2025-09-20,3.37,470
2013ROGA02,Przemysław Rogalski,2025-09-27,3.09,471
2013ROGA02,Przemysław Rogalski,2025-10-04,3.39,472
2013ROGA02,Przemysław Rogalski,2025-10-04,3.11,473
2013ROGA02,Przemysław Rogalski,2025-10-04,3.17,474
2013ROGA02,Przemysław Rogalski,2025-10-11,3.55,475
2013ROGA02,Przemysław Rogalski,2025-10-11,3.76,476
2013ROGA02,Przemysław Rogalski,2025-10-18,4.19,477
2013ROGA02,Przemysław Rogalski,2025-10-18,3.46,478
2013ROGA02,Przemysław Rogalski,2025-10-18,3.85,479
2013ROGA02,Przemysław Rogalski,2025-10-25,3.3,480
2013ROGA02,Przemysław Rogalski,2025-10-25,4.03,481
2013ROGA02,Przemysław Rogalski,2025-11-01,3.05,482
2013ROGA02,Przemysław Rogalski,2025-11-02,2.31,483
2013ROGA02,Przemysław Rogalski,2025-11-13,3.08,484
2013ROGA02,Przemysław Rogalski,2025-11-13,5.5,485
2013ROGA02,Przemysław Rogalski,2025-11-22,3.5,486
2013ROGA02,Przemysław Rogalski,2025-11-22,3.4,487
2013ROGA02,Przemysław Rogalski,2025-11-29,3.01,488
2013ROGA02,Przemysław Rogalski,2025-11-29,3.04,489
2013ROGA02,Przemysław Rogalski,2025-12-06,3.52,490
2013ROGA02,Przemysław Rogalski,2025-12-06,3.33,491
2013ROGA02,Przemysław Rogalski,2025-12-09,3.26,492
2013ROGA02,Przemysław Rogalski,2025-12-13,2.68,493
2013ROGA02,Przemysław Rogalski,2025-12-13,3.29,494
2013ROGA02,Przemysław Rogalski,2025-12-20,3.21,495
2013ROGA02,Przemysław Rogalski,2025-12-20,3.77,496
2013ROGA02,Przemysław Rogalski,2026-01-09,3.04,497
2013ROGA02,Przemysław Rogalski,2026-01-09,4.04,498
2013ROGA02,Przemysław Rogalski,2026-01-24,3.82,499
2013ROGA02,Przemysław Rogalski,2026-01-24,3.73,500
2013ROGA02,Przemysław Rogalski,2026-02-14,3.58,501
2013ROGA02,Przemysław Rogalski,2026-02-21,2.96,502
2013ROGA02,Przemysław Rogalski,2026-02-21,2.67,503
2013ROGA02,Przemysław Rogalski,2026-02-21,2.9,504
2013ROGA02,Przemysław Rogalski,2026-03-11,4.35,505
2013ROGA02,Przemysław Rogalski,2026-03-14,3.37,506
2013ROGA02,Przemysław Rogalski,2026-03-21,3.33,507
2013ROGA02,Przemysław Rogalski,2026-03-21,3.53,508
2013ROGA02,Przemysław Rogalski,2026-03-28,3.66,509
2013ROGA02,Przemysław Rogalski,2026-03-28,2.95,510
2013ROGA02,Przemysław Rogalski,2026-03-28,3.44,511
2013ROGA02,Przemysław Rogalski,2026-04-11,2.96,512
2013ROGA02,Przemysław Rogalski,2026-04-11,3.74,513
2013ROGA02,Przemysław Rogalski,2026-04-11,3.47,514
2013ROGA02,Przemysław Rogalski,2026-04-18,3.53,515
2013ROGA02,Przemysław Rogalski,2026-04-18,3.72,516
2013ROGA02,Przemysław Rogalski,2026-04-25,3.45,517
2013ROGA02,Przemysław Rogalski,2026-04-25,3.76,518
2013ROGA02,Przemysław Rogalski,2026-05-09,4.46,519
2013ROGA02,Przemysław Rogalski,2026-05-09,2.63,520
2013ROGA02,Przemysław Rogalski,2026-05-10,3.4,521
2013ROGA02,Przemysław Rogalski,2026-05-10,3.65,522
2013ROGA02,Przemysław Rogalski,2026-05-10,3.34,523
2013ROGA02,Przemysław Rogalski,2026-05-13,4.24,524
2013ROGA02,Przemysław Rogalski,2026-05-16,3.76,525
2013TOKA01,Piotr Tokarski,2013-12-14,6.26,1
2013TOKA01,Piotr Tokarski,2014-07-26,5.19,2
2013TOKA01,Piotr Tokarski,2014-07-26,4.94,3
2013TOKA01,Piotr Tokarski,2014-09-06,5.45,4
2013TOKA01,Piotr Tokarski,2014-12-06,4.61,5
2013TOKA01,Piotr Tokarski,2014-12-06,4.65,6
2013TOKA01,Piotr Tokarski,2015-02-21,3.5,7
2013TOKA01,Piotr Tokarski,2015-02-21,4.72,8
2013TOKA01,Piotr Tokarski,2015-02-21,4.13,9
2013TOKA01,Piotr Tokarski,2015-06-27,3.28,10
2013TOKA01,Piotr Tokarski,2015-06-27,4.38,11
2013TOKA01,Piotr Tokarski,2015-07-18,2.98,12
2013TOKA01,Piotr Tokarski,2015-07-18,3.46,13
2013TOKA01,Piotr Tokarski,2015-07-18,2.81,14
2013TOKA01,Piotr Tokarski,2015-08-08,4.17,15
2013TOKA01,Piotr Tokarski,2015-08-08,2.73,16
2013TOKA01,Piotr Tokarski,2015-08-08,2.58,17
2013TOKA01,Piotr Tokarski,2015-09-19,3.06,18
2013TOKA01,Piotr Tokarski,2015-09-19,2.83,19
2013TOKA01,Piotr Tokarski,2015-09-19,2.47,20
2013TOKA01,Piotr Tokarski,2015-09-26,2.31,21
2013TOKA01,Piotr Tokarski,2015-09-26,3.69,22
2013TOKA01,Piotr Tokarski,2015-09-26,3.04,23
2013TOKA01,Piotr Tokarski,2015-10-09,3.54,24
2013TOKA01,Piotr Tokarski,2015-10-09,2.79,25
2013TOKA01,Piotr Tokarski,2015-10-09,2.75,26
2013TOKA01,Piotr Tokarski,2015-10-09,2.24,27
2013TOKA01,Piotr Tokarski,2015-12-05,2.75,28
2013TOKA01,Piotr Tokarski,2015-12-05,3.06,29
2013TOKA01,Piotr Tokarski,2015-12-05,2.85,30
2013TOKA01,Piotr Tokarski,2016-01-09,2.95,31
2013TOKA01,Piotr Tokarski,2016-01-09,2.8,32
2013TOKA01,Piotr Tokarski,2016-04-23,3.4,33
2013TOKA01,Piotr Tokarski,2016-04-23,2.71,34
2013TOKA01,Piotr Tokarski,2016-04-30,3.85,35
2013TOKA01,Piotr Tokarski,2016-04-30,2.87,36
2013TOKA01,Piotr Tokarski,2016-05-08,2.81,37
2013TOKA01,Piotr Tokarski,2016-05-08,2.79,38
2013TOKA01,Piotr Tokarski,2016-06-04,4.01,39
2013TOKA01,Piotr Tokarski,2016-06-04,2.82,40
2013TOKA01,Piotr Tokarski,2016-06-04,2.33,41
2013TOKA01,Piotr Tokarski,2016-06-11,2.92,42
2013TOKA01,Piotr Tokarski,2016-06-11,2.47,43
2013TOKA01,Piotr Tokarski,2016-06-11,2.17,44
2013TOKA01,Piotr Tokarski,2016-06-25,2.46,45
2013TOKA01,Piotr Tokarski,2016-06-25,2.68,46
2013TOKA01,Piotr Tokarski,2016-07-02,3.79,47
2013TOKA01,Piotr Tokarski,2016-07-02,2.87,48
2013TOKA01,Piotr Tokarski,2016-07-02,2.41,49
2013TOKA01,Piotr Tokarski,2016-07-09,2.35,50
2013TOKA01,Piotr Tokarski,2016-07-09,3.42,51
2013TOKA01,Piotr Tokarski,2016-07-15,4.99,52
2013TOKA01,Piotr Tokarski,2016-07-19,2.67,53
2013TOKA01,Piotr Tokarski,2016-07-19,2.99,54
2013TOKA01,Piotr Tokarski,2016-07-19,2.61,55
2013TOKA01,Piotr Tokarski,2016-08-27,3.42,56
2013TOKA01,Piotr Tokarski,2016-08-27,2.75,57
2013TOKA01,Piotr Tokarski,2016-08-27,2.72,58
2013TOKA01,Piotr Tokarski,2016-10-08,3.23,59
2013TOKA01,Piotr Tokarski,2016-10-08,2.62,60
2013TOKA01,Piotr Tokarski,2016-10-23,2.35,61
2013TOKA01,Piotr Tokarski,2016-10-23,2.89,62
2013TOKA01,Piotr Tokarski,2016-12-09,2.68,63
2013TOKA01,Piotr Tokarski,2016-12-09,2.45,64
2013TOKA01,Piotr Tokarski,2016-12-09,2.74,65
2013TOKA01,Piotr Tokarski,2016-12-17,2.75,66
2013TOKA01,Piotr Tokarski,2016-12-17,2.48,67
2013TOKA01,Piotr Tokarski,2016-12-17,3.07,68
2013TOKA01,Piotr Tokarski,2017-01-14,2.96,69
2013TOKA01,Piotr Tokarski,2017-01-14,2.29,70
2013TOKA01,Piotr Tokarski,2017-01-14,2.18,71
2013TOKA01,Piotr Tokarski,2017-02-25,2.47,72
2013TOKA01,Piotr Tokarski,2017-02-25,3.2,73
2013TOKA01,Piotr Tokarski,2017-03-11,2.47,74
2013TOKA01,Piotr Tokarski,2017-03-11,1.96,75
2013TOKA01,Piotr Tokarski,2017-03-11,2.95,76
2013TOKA01,Piotr Tokarski,2017-03-25,3.63,77
2013TOKA01,Piotr Tokarski,2017-03-25,3.41,78
2013TOKA01,Piotr Tokarski,2017-03-25,3.04,79
2013TOKA01,Piotr Tokarski,2017-04-01,2.62,80
2013TOKA01,Piotr Tokarski,2017-04-01,1.97,81
2013TOKA01,Piotr Tokarski,2017-05-27,3.3,82
2013TOKA01,Piotr Tokarski,2017-05-27,2.77,83
2013TOKA01,Piotr Tokarski,2017-05-27,2.23,84
2013TOKA01,Piotr Tokarski,2017-06-10,2.31,85
2013TOKA01,Piotr Tokarski,2017-06-10,2.56,86
2013TOKA01,Piotr Tokarski,2017-06-10,2.14,87
2013TOKA01,Piotr Tokarski,2017-06-17,2.74,88
2013TOKA01,Piotr Tokarski,2017-06-17,2.45,89
2013TOKA01,Piotr Tokarski,2017-06-24,2.51,90
2013TOKA01,Piotr Tokarski,2017-06-24,2.53,91
2013TOKA01,Piotr Tokarski,2017-06-24,2.43,92
2013TOKA01,Piotr Tokarski,2017-07-29,2.34,93
2013TOKA01,Piotr Tokarski,2017-07-29,2.53,94
2013TOKA01,Piotr Tokarski,2017-07-29,2.76,95
2013TOKA01,Piotr Tokarski,2017-09-09,2.18,96
2013TOKA01,Piotr Tokarski,2017-09-09,2.17,97
2013TOKA01,Piotr Tokarski,2017-09-15,2.21,98
2013TOKA01,Piotr Tokarski,2017-09-15,1.77,99
2013TOKA01,Piotr Tokarski,2017-09-15,2.39,100
2013TOKA01,Piotr Tokarski,2017-11-17,2.22,101
2013TOKA01,Piotr Tokarski,2017-11-17,2.08,102
2013TOKA01,Piotr Tokarski,2017-11-17,1.99,103
2013TOKA01,Piotr Tokarski,2017-12-02,2.56,104
2013TOKA01,Piotr Tokarski,2017-12-02,2.59,105
2013TOKA01,Piotr Tokarski,2017-12-16,2.56,106
2013TOKA01,Piotr Tokarski,2017-12-16,2.24,107
2013TOKA01,Piotr Tokarski,2017-12-16,3.07,108
2013TOKA01,Piotr Tokarski,2018-01-13,2.75,109
2013TOKA01,Piotr Tokarski,2018-01-13,2.67,110
2013TOKA01,Piotr Tokarski,2018-01-13,4.23,111
2013TOKA01,Piotr Tokarski,2018-02-10,2.65,112
2013TOKA01,Piotr Tokarski,2018-02-17,2.64,113
2013TOKA01,Piotr Tokarski,2018-02-17,2.3,114
2013TOKA01,Piotr Tokarski,2018-02-24,2.86,115
2013TOKA01,Piotr Tokarski,2018-02-24,3.21,116
2013TOKA01,Piotr Tokarski,2018-02-24,2.12,117
2013TOKA01,Piotr Tokarski,2018-03-17,3.06,118
2013TOKA01,Piotr Tokarski,2018-03-17,2.37,119
2013TOKA01,Piotr Tokarski,2018-04-21,2.57,120
2013TOKA01,Piotr Tokarski,2018-04-21,2.52,121
2013TOKA01,Piotr Tokarski,2018-05-26,2.28,122
2013TOKA01,Piotr Tokarski,2018-05-26,3.16,123
2013TOKA01,Piotr Tokarski,2018-06-10,2.07,124
2013TOKA01,Piotr Tokarski,2018-06-10,2.51,125
2013TOKA01,Piotr Tokarski,2018-06-10,2.49,126
2013TOKA01,Piotr Tokarski,2018-06-16,2.95,127
2013TOKA01,Piotr Tokarski,2018-06-16,2.95,128
2013TOKA01,Piotr Tokarski,2018-06-16,2.18,129
2013TOKA01,Piotr Tokarski,2018-06-23,2.46,130
2013TOKA01,Piotr Tokarski,2018-06-23,2.79,131
2013TOKA01,Piotr Tokarski,2018-06-30,2.46,132
2013TOKA01,Piotr Tokarski,2018-06-30,2.27,133
2013TOKA01,Piotr Tokarski,2018-06-30,3.24,134
2013TOKA01,Piotr Tokarski,2018-07-05,1.99,135
2013TOKA01,Piotr Tokarski,2018-07-05,2.46,136
2013TOKA01,Piotr Tokarski,2018-07-05,2.49,137
2013TOKA01,Piotr Tokarski,2018-07-19,2.18,138
2013TOKA01,Piotr Tokarski,2018-07-19,3.66,139
2013TOKA01,Piotr Tokarski,2018-07-19,3.62,140
2013TOKA01,Piotr Tokarski,2018-07-28,1.99,141
2013TOKA01,Piotr Tokarski,2018-07-28,2.1,142
2013TOKA01,Piotr Tokarski,2018-07-31,2.22,143
2013TOKA01,Piotr Tokarski,2018-07-31,1.81,144
2013TOKA01,Piotr Tokarski,2018-07-31,2.56,145
2013TOKA01,Piotr Tokarski,2018-08-04,2.92,146
2013TOKA01,Piotr Tokarski,2018-08-04,2.73,147
2013TOKA01,Piotr Tokarski,2018-08-04,2.55,148
2013TOKA01,Piotr Tokarski,2018-09-15,3.0,149
2013TOKA01,Piotr Tokarski,2018-09-15,2.07,150
2013TOKA01,Piotr Tokarski,2018-09-15,3.61,151
2013TOKA01,Piotr Tokarski,2018-10-13,2.09,152
2013TOKA01,Piotr Tokarski,2018-10-13,1.87,153
2013TOKA01,Piotr Tokarski,2018-10-13,2.59,154
2013TOKA01,Piotr Tokarski,2018-10-26,2.08,155
2013TOKA01,Piotr Tokarski,2018-10-26,3.35,156
2013TOKA01,Piotr Tokarski,2018-11-03,2.47,157
2013TOKA01,Piotr Tokarski,2018-11-03,3.06,158
2013TOKA01,Piotr Tokarski,2018-11-17,2.23,159
2013TOKA01,Piotr Tokarski,2018-11-17,2.0,160
2013TOKA01,Piotr Tokarski,2018-12-08,2.15,161
2013TOKA01,Piotr Tokarski,2018-12-08,2.51,162
2013TOKA01,Piotr Tokarski,2018-12-08,3.82,163
2013TOKA01,Piotr Tokarski,2018-12-15,2.75,164
2013TOKA01,Piotr Tokarski,2018-12-15,2.64,165
2013TOKA01,Piotr Tokarski,2019-01-12,2.1,166
2013TOKA01,Piotr Tokarski,2019-01-12,2.18,167
2013TOKA01,Piotr Tokarski,2019-01-12,2.11,168
2013TOKA01,Piotr Tokarski,2019-02-02,2.79,169
2013TOKA01,Piotr Tokarski,2019-02-02,2.5,170
2013TOKA01,Piotr Tokarski,2019-02-02,2.98,171
2013TOKA01,Piotr Tokarski,2019-03-02,2.34,172
2013TOKA01,Piotr Tokarski,2019-03-02,2.52,173
2013TOKA01,Piotr Tokarski,2019-03-02,2.33,174
2013TOKA01,Piotr Tokarski,2019-03-16,2.56,175
2013TOKA01,Piotr Tokarski,2019-03-16,2.8,176
2013TOKA01,Piotr Tokarski,2019-05-18,2.74,177
2013TOKA01,Piotr Tokarski,2019-05-18,2.42,178
2013TOKA01,Piotr Tokarski,2019-05-18,2.76,179
2013TOKA01,Piotr Tokarski,2019-06-01,2.54,180
2013TOKA01,Piotr Tokarski,2019-06-01,3.91,181
2013TOKA01,Piotr Tokarski,2019-06-15,3.11,182
2013TOKA01,Piotr Tokarski,2019-06-15,2.6,183
2013TOKA01,Piotr Tokarski,2019-06-29,3.1,184
2013TOKA01,Piotr Tokarski,2019-06-29,2.11,185
2013TOKA01,Piotr Tokarski,2019-07-13,2.96,186
2013TOKA01,Piotr Tokarski,2019-07-13,2.5,187
2013TOKA01,Piotr Tokarski,2019-07-20,3.08,188
2013TOKA01,Piotr Tokarski,2019-07-20,2.77,189
2013TOKA01,Piotr Tokarski,2019-07-27,2.87,190
2013TOKA01,Piotr Tokarski,2019-07-27,3.17,191
2013TOKA01,Piotr Tokarski,2019-08-24,2.86,192
2013TOKA01,Piotr Tokarski,2019-08-24,2.33,193
2013TOKA01,Piotr Tokarski,2019-09-13,2.43,194
2013TOKA01,Piotr Tokarski,2019-09-13,2.24,195
2013TOKA01,Piotr Tokarski,2019-09-13,2.12,196
2013TOKA01,Piotr Tokarski,2019-09-21,3.83,197
2013TOKA01,Piotr Tokarski,2019-10-05,3.05,198
2013TOKA01,Piotr Tokarski,2019-10-05,1.98,199
2013TOKA01,Piotr Tokarski,2019-10-05,2.84,200
2013TOKA01,Piotr Tokarski,2019-10-11,2.09,201
2013TOKA01,Piotr Tokarski,2019-10-11,2.78,202
2013TOKA01,Piotr Tokarski,2019-10-11,1.76,203
2013TOKA01,Piotr Tokarski,2019-10-19,2.85,204
2013TOKA01,Piotr Tokarski,2019-10-19,3.02,205
2013TOKA01,Piotr Tokarski,2019-10-26,2.61,206
2013TOKA01,Piotr Tokarski,2019-10-26,3.79,207
2013TOKA01,Piotr Tokarski,2019-11-09,2.43,208
2013TOKA01,Piotr Tokarski,2019-11-09,2.6,209
2013TOKA01,Piotr Tokarski,2019-11-09,2.59,210
2013TOKA01,Piotr Tokarski,2019-11-16,2.94,211
2013TOKA01,Piotr Tokarski,2019-11-16,3.67,212
2013TOKA01,Piotr Tokarski,2019-11-16,3.31,213
2013TOKA01,Piotr Tokarski,2019-11-23,2.59,214
2013TOKA01,Piotr Tokarski,2019-11-23,2.44,215
2013TOKA01,Piotr Tokarski,2019-12-06,2.38,216
2013TOKA01,Piotr Tokarski,2019-12-06,2.55,217
2013TOKA01,Piotr Tokarski,2019-12-06,2.4,218
2013TOKA01,Piotr Tokarski,2019-12-14,2.36,219
2013TOKA01,Piotr Tokarski,2019-12-14,2.67,220
2013TOKA01,Piotr Tokarski,2019-12-14,3.17,221
2013TOKA01,Piotr Tokarski,2019-12-21,2.12,222
2013TOKA01,Piotr Tokarski,2019-12-21,2.92,223
2013TOKA01,Piotr Tokarski,2020-01-04,2.95,224
2013TOKA01,Piotr Tokarski,2020-01-04,2.46,225
2013TOKA01,Piotr Tokarski,2020-01-04,2.59,226
2013TOKA01,Piotr Tokarski,2020-01-25,3.03,227
2013TOKA01,Piotr Tokarski,2020-01-25,2.17,228
2013TOKA01,Piotr Tokarski,2020-01-25,2.32,229
2013TOKA01,Piotr Tokarski,2020-02-22,2.87,230
2013TOKA01,Piotr Tokarski,2020-02-22,2.42,231
2013TOKA01,Piotr Tokarski,2020-02-22,2.5,232
2013TOKA01,Piotr Tokarski,2020-02-29,2.36,233
2013TOKA01,Piotr Tokarski,2020-02-29,3.16,234
2013TOKA01,Piotr Tokarski,2020-08-22,2.69,235
2013TOKA01,Piotr Tokarski,2020-08-22,2.03,236
2013TOKA01,Piotr Tokarski,2020-08-22,2.55,237
2013TOKA01,Piotr Tokarski,2020-09-12,2.6,238
2013TOKA01,Piotr Tokarski,2020-09-12,2.79,239
2013TOKA01,Piotr Tokarski,2021-07-03,3.3,240
2013TOKA01,Piotr Tokarski,2021-07-03,2.39,241
2013TOKA01,Piotr Tokarski,2021-07-03,2.23,242
2013TOKA01,Piotr Tokarski,2021-07-10,2.3,243
2013TOKA01,Piotr Tokarski,2021-07-10,2.66,244
2013TOKA01,Piotr Tokarski,2021-07-10,2.38,245
2013TOKA01,Piotr Tokarski,2021-07-24,2.23,246
2013TOKA01,Piotr Tokarski,2021-07-24,2.8,247
2013TOKA01,Piotr Tokarski,2021-07-24,2.82,248
2013TOKA01,Piotr Tokarski,2021-08-07,2.62,249
2013TOKA01,Piotr Tokarski,2021-08-07,2.14,250
2013TOKA01,Piotr Tokarski,2021-08-07,2.67,251
2013TOKA01,Piotr Tokarski,2021-08-28,2.3,252
2013TOKA01,Piotr Tokarski,2021-08-28,2.66,253
2013TOKA01,Piotr Tokarski,2021-08-28,2.09,254
2013TOKA01,Piotr Tokarski,2021-09-04,2.82,255
2013TOKA01,Piotr Tokarski,2021-09-04,2.14,256
2013TOKA01,Piotr Tokarski,2021-09-04,2.73,257
2013TOKA01,Piotr Tokarski,2021-09-11,2.33,258
2013TOKA01,Piotr Tokarski,2021-09-11,2.53,259
2013TOKA01,Piotr Tokarski,2021-09-18,2.62,260
2013TOKA01,Piotr Tokarski,2021-09-18,2.6,261
2013TOKA01,Piotr Tokarski,2021-09-25,2.68,262
2013TOKA01,Piotr Tokarski,2021-09-25,2.55,263
2013TOKA01,Piotr Tokarski,2021-10-01,2.84,264
2013TOKA01,Piotr Tokarski,2021-10-01,2.21,265
2013TOKA01,Piotr Tokarski,2021-10-09,3.33,266
2013TOKA01,Piotr Tokarski,2021-11-06,3.82,267
2013TOKA01,Piotr Tokarski,2021-12-18,2.21,268
2013TOKA01,Piotr Tokarski,2021-12-18,2.56,269
2013TOKA01,Piotr Tokarski,2021-12-18,2.05,270
2013TOKA01,Piotr Tokarski,2022-02-26,3.02,271
2013TOKA01,Piotr Tokarski,2022-02-26,2.22,272
2013TOKA01,Piotr Tokarski,2022-02-26,2.7,273
2013TOKA01,Piotr Tokarski,2022-03-12,2.17,274
2013TOKA01,Piotr Tokarski,2022-03-12,2.92,275
2013TOKA01,Piotr Tokarski,2022-03-26,3.0,276
2013TOKA01,Piotr Tokarski,2022-03-26,2.8,277
2013TOKA01,Piotr Tokarski,2022-04-23,2.19,278
2013TOKA01,Piotr Tokarski,2022-04-23,3.15,279
2013TOKA01,Piotr Tokarski,2022-04-23,2.39,280
2013TOKA01,Piotr Tokarski,2022-05-21,2.58,281
2013TOKA01,Piotr Tokarski,2022-05-21,3.04,282
2013TOKA01,Piotr Tokarski,2022-05-21,2.03,283
2013TOKA01,Piotr Tokarski,2022-06-04,2.19,284
2013TOKA01,Piotr Tokarski,2022-06-04,2.45,285
2013TOKA01,Piotr Tokarski,2022-07-08,2.07,286
2013TOKA01,Piotr Tokarski,2022-07-08,2.19,287
2013TOKA01,Piotr Tokarski,2022-07-14,2.02,288
2013TOKA01,Piotr Tokarski,2022-07-14,5.37,289
2013TOKA01,Piotr Tokarski,2022-07-30,2.59,290
2013TOKA01,Piotr Tokarski,2022-07-30,2.92,291
2013TOKA01,Piotr Tokarski,2022-08-06,2.26,292
2013TOKA01,Piotr Tokarski,2022-08-06,2.3,293
2013TOKA01,Piotr Tokarski,2022-08-13,2.81,294
2013TOKA01,Piotr Tokarski,2022-08-13,2.33,295
2013TOKA01,Piotr Tokarski,2022-08-27,2.94,296
2013TOKA01,Piotr Tokarski,2022-08-27,2.24,297
2013TOKA01,Piotr Tokarski,2022-09-17,1.93,298
2013TOKA01,Piotr Tokarski,2022-09-17,2.97,299
2013TOKA01,Piotr Tokarski,2022-09-17,2.91,300
2013TOKA01,Piotr Tokarski,2022-09-24,2.64,301
2013TOKA01,Piotr Tokarski,2022-09-24,2.18,302
2013TOKA01,Piotr Tokarski,2022-10-01,1.93,303
2013TOKA01,Piotr Tokarski,2022-10-01,2.28,304
2013TOKA01,Piotr Tokarski,2022-10-01,2.02,305
2013TOKA01,Piotr Tokarski,2022-10-15,2.97,306
2013TOKA01,Piotr Tokarski,2022-10-15,4.43,307
2013TOKA01,Piotr Tokarski,2022-11-05,2.63,308
2013TOKA01,Piotr Tokarski,2022-11-05,2.65,309
2013TOKA01,Piotr Tokarski,2022-11-19,3.22,310
2013TOKA01,Piotr Tokarski,2022-11-19,2.43,311
2013TOKA01,Piotr Tokarski,2022-11-19,2.96,312
2013TOKA01,Piotr Tokarski,2022-11-27,2.59,313
2013TOKA01,Piotr Tokarski,2022-11-27,2.28,314
2013TOKA01,Piotr Tokarski,2022-12-17,2.36,315
2013TOKA01,Piotr Tokarski,2022-12-17,3.01,316
2013TOKA01,Piotr Tokarski,2023-01-28,3.3,317
2013TOKA01,Piotr Tokarski,2023-01-28,2.58,318
2013TOKA01,Piotr Tokarski,2023-02-04,2.43,319
2013TOKA01,Piotr Tokarski,2023-02-04,2.13,320
2013TOKA01,Piotr Tokarski,2023-02-05,2.29,321
2013TOKA01,Piotr Tokarski,2023-02-05,2.35,322
2013TOKA01,Piotr Tokarski,2023-02-11,2.37,323
2013TOKA01,Piotr Tokarski,2023-02-11,3.81,324
2013TOKA01,Piotr Tokarski,2023-03-25,3.54,325
2013TOKA01,Piotr Tokarski,2023-03-25,3.22,326
2013TOKA01,Piotr Tokarski,2023-03-25,2.92,327
2013TOKA01,Piotr Tokarski,2023-04-15,2.61,328
2013TOKA01,Piotr Tokarski,2023-04-15,2.45,329
2013TOKA01,Piotr Tokarski,2023-04-15,2.76,330
2013TOKA01,Piotr Tokarski,2023-05-06,2.15,331
2013TOKA01,Piotr Tokarski,2023-05-06,2.16,332
2013TOKA01,Piotr Tokarski,2023-05-13,2.31,333
2013TOKA01,Piotr Tokarski,2023-05-13,2.29,334
2013TOKA01,Piotr Tokarski,2023-05-20,2.88,335
2013TOKA01,Piotr Tokarski,2023-05-20,2.3,336
2013TOKA01,Piotr Tokarski,2023-05-20,2.0,337
2013TOKA01,Piotr Tokarski,2023-08-12,2.96,338
2013TOKA01,Piotr Tokarski,2023-08-12,2.25,339
2013TOKA01,Piotr Tokarski,2023-08-26,2.28,340
2013TOKA01,Piotr Tokarski,2023-08-26,2.39,341
2013TOKA01,Piotr Tokarski,2023-09-02,2.61,342
2013TOKA01,Piotr Tokarski,2023-09-02,3.13,343
2013TOKA01,Piotr Tokarski,2023-09-03,2.46,344
2013TOKA01,Piotr Tokarski,2023-09-03,2.27,345
2013TOKA01,Piotr Tokarski,2023-09-16,2.37,346
2013TOKA01,Piotr Tokarski,2023-09-16,3.14,347
2013TOKA01,Piotr Tokarski,2023-09-16,2.18,348
2013TOKA01,Piotr Tokarski,2023-09-23,2.68,349
2013TOKA01,Piotr Tokarski,2023-09-23,2.68,350
2013TOKA01,Piotr Tokarski,2023-09-23,2.06,351
2013TOKA01,Piotr Tokarski,2023-09-30,2.16,352
2013TOKA01,Piotr Tokarski,2023-09-30,2.41,353
2013TOKA01,Piotr Tokarski,2023-10-01,2.35,354
2013TOKA01,Piotr Tokarski,2023-10-01,2.38,355
2013TOKA01,Piotr Tokarski,2023-10-06,2.44,356
2013TOKA01,Piotr Tokarski,2023-10-06,2.58,357
2013TOKA01,Piotr Tokarski,2023-10-28,2.33,358
2013TOKA01,Piotr Tokarski,2023-10-28,2.37,359
2013TOKA01,Piotr Tokarski,2023-11-18,3.08,360
2013TOKA01,Piotr Tokarski,2023-11-18,3.71,361
2013TOKA01,Piotr Tokarski,2023-11-19,2.9,362
2013TOKA01,Piotr Tokarski,2023-11-19,2.37,363
2013TOKA01,Piotr Tokarski,2023-12-16,2.6,364
2013TOKA01,Piotr Tokarski,2023-12-16,2.64,365
2013TOKA01,Piotr Tokarski,2024-03-02,2.99,366
2013TOKA01,Piotr Tokarski,2024-03-02,2.1,367
2013TOKA01,Piotr Tokarski,2024-03-03,2.07,368
2013TOKA01,Piotr Tokarski,2024-03-03,4.08,369
2013TOKA01,Piotr Tokarski,2024-04-20,2.85,370
2013TOKA01,Piotr Tokarski,2024-04-20,2.83,371
2013TOKA01,Piotr Tokarski,2024-05-11,3.33,372
2013TOKA01,Piotr Tokarski,2024-05-11,4.1,373
2013TOKA01,Piotr Tokarski,2024-05-18,3.89,374
2013TOKA01,Piotr Tokarski,2024-05-25,2.28,375
2013TOKA01,Piotr Tokarski,2024-05-25,2.64,376
2013TOKA01,Piotr Tokarski,2024-05-25,2.95,377
2013TOKA01,Piotr Tokarski,2024-07-06,2.46,378
2013TOKA01,Piotr Tokarski,2024-07-06,2.77,379
2013TOKA01,Piotr Tokarski,2024-07-06,3.11,380
2013TOKA01,Piotr Tokarski,2024-07-12,2.08,381
2013TOKA01,Piotr Tokarski,2024-07-12,2.18,382
2013TOKA01,Piotr Tokarski,2024-07-25,2.31,383
2013TOKA01,Piotr Tokarski,2024-07-25,3.04,384
2013TOKA01,Piotr Tokarski,2024-09-21,2.86,385
2013TOKA01,Piotr Tokarski,2024-09-21,2.77,386
2013TOKA01,Piotr Tokarski,2024-10-19,2.38,387
2013TOKA01,Piotr Tokarski,2024-10-19,2.56,388
2013TOKA01,Piotr Tokarski,2024-10-20,2.19,389
2013TOKA01,Piotr Tokarski,2024-10-20,4.98,390
2013TOKA01,Piotr Tokarski,2024-11-16,2.66,391
2013TOKA01,Piotr Tokarski,2024-11-16,2.73,392
2013TOKA01,Piotr Tokarski,2024-12-14,3.67,393
2013TOKA01,Piotr Tokarski,2025-01-11,2.21,394
2013TOKA01,Piotr Tokarski,2025-01-11,2.28,395
2013TOKA01,Piotr Tokarski,2025-01-25,4.11,396
2013TOKA01,Piotr Tokarski,2025-02-15,3.61,397
2013TOKA01,Piotr Tokarski,2025-02-15,2.89,398
2013TOKA01,Piotr Tokarski,2025-02-16,3.56,399
2013TOKA01,Piotr Tokarski,2025-02-16,2.93,400
2013TOKA01,Piotr Tokarski,2025-02-22,2.35,401
2013TOKA01,Piotr Tokarski,2025-02-22,4.03,402
2013TOKA01,Piotr Tokarski,2025-02-23,2.43,403
2013TOKA01,Piotr Tokarski,2025-02-23,2.23,404
2013TOKA01,Piotr Tokarski,2025-03-23,2.25,405
2013TOKA01,Piotr Tokarski,2025-03-23,2.86,406
2013TOKA01,Piotr Tokarski,2025-04-27,2.41,407
2013TOKA01,Piotr Tokarski,2025-04-27,2.29,408
2013TOKA01,Piotr Tokarski,2025-05-24,4.2,409
2013TOKA01,Piotr Tokarski,2025-06-01,2.98,410
2013TOKA01,Piotr Tokarski,2025-06-01,3.08,411
2013TOKA01,Piotr Tokarski,2025-06-07,2.51,412
2013TOKA01,Piotr Tokarski,2025-06-07,3.54,413
2013TOKA01,Piotr Tokarski,2025-08-10,2.61,414
2013TOKA01,Piotr Tokarski,2025-08-10,3.06,415
2013TOKA01,Piotr Tokarski,2025-10-11,4.62,416
2013TOKA01,Piotr Tokarski,2025-10-12,2.5,417
2013TOKA01,Piotr Tokarski,2025-10-12,2.62,418
2013TOKA01,Piotr Tokarski,2025-10-25,2.53,419
2013TOKA01,Piotr Tokarski,2025-10-25,2.96,420
2013TOKA01,Piotr Tokarski,2025-11-22,2.36,421
2013TOKA01,Piotr Tokarski,2025-11-22,2.26,422
2013TOKA01,Piotr Tokarski,2025-11-22,2.5,423
2013TOKA01,Piotr Tokarski,2025-11-29,3.11,424
2013TOKA01,Piotr Tokarski,2025-11-29,3.16,425
2013TOKA01,Piotr Tokarski,2025-12-13,2.44,426
2013TOKA01,Piotr Tokarski,2025-12-13,2.17,427
2013TOKA01,Piotr Tokarski,2026-01-10,2.83,428
2013TOKA01,Piotr Tokarski,2026-01-10,2.25,429
2013TOKA01,Piotr Tokarski,2026-01-24,4.3,430
2013TOKA01,Piotr Tokarski,2026-02-21,2.72,431
2013TOKA01,Piotr Tokarski,2026-02-21,2.49,432
2013TOKA01,Piotr Tokarski,2026-02-28,2.53,433
2013TOKA01,Piotr Tokarski,2026-02-28,1.99,434
2013TOKA01,Piotr Tokarski,2026-03-21,2.5,435
2013TOKA01,Piotr Tokarski,2026-03-21,2.29,436
2013TOKA01,Piotr Tokarski,2026-04-18,3.2,437
2013TOKA01,Piotr Tokarski,2026-04-18,3.6,438
2013TOKA01,Piotr Tokarski,2026-04-19,2.71,439
2013TOKA01,Piotr Tokarski,2026-04-19,2.83,440
2013TOKA01,Piotr Tokarski,2026-04-25,4.24,441
2013TOKA01,Piotr Tokarski,2026-04-26,2.28,442
2013TOKA01,Piotr Tokarski,2026-04-26,2.4,443
2013WALL03,Daniel Wallin,2013-09-14,12.16,1
2013WALL03,Daniel Wallin,2013-11-23,4.87,2
2013WALL03,Daniel Wallin,2013-11-23,4.83,3
2013WALL03,Daniel Wallin,2014-02-08,4.5,4
2013WALL03,Daniel Wallin,2014-02-08,4.74,5
2013WALL03,Daniel Wallin,2014-03-08,3.99,6
2013WALL03,Daniel Wallin,2014-03-08,4.92,7
2013WALL03,Daniel Wallin,2014-05-03,3.6,8
2013WALL03,Daniel Wallin,2014-05-03,4.59,9
2013WALL03,Daniel Wallin,2014-05-24,4.01,10
2013WALL03,Daniel Wallin,2014-05-24,3.28,11
2013WALL03,Daniel Wallin,2014-05-24,4.27,12
2013WALL03,Daniel Wallin,2014-08-08,3.74,13
2013WALL03,Daniel Wallin,2014-08-08,3.87,14
2013WALL03,Daniel Wallin,2014-09-20,5.3,15
2013WALL03,Daniel Wallin,2014-10-11,4.31,16
2013WALL03,Daniel Wallin,2014-10-11,4.22,17
2013WALL03,Daniel Wallin,2015-01-10,3.63,18
2013WALL03,Daniel Wallin,2015-01-10,4.37,19
2013WALL03,Daniel Wallin,2015-01-17,3.41,20
2013WALL03,Daniel Wallin,2015-01-17,3.05,21
2013WALL03,Daniel Wallin,2015-03-14,3.39,22
2013WALL03,Daniel Wallin,2015-03-14,4.32,23
2013WALL03,Daniel Wallin,2015-03-14,3.85,24
2013WALL03,Daniel Wallin,2015-04-18,5.35,25
2013WALL03,Daniel Wallin,2015-04-18,3.38,26
2013WALL03,Daniel Wallin,2015-05-02,3.23,27
2013WALL03,Daniel Wallin,2015-05-02,3.77,28
2013WALL03,Daniel Wallin,2015-05-02,3.42,29
2013WALL03,Daniel Wallin,2015-06-20,4.2,30
2013WALL03,Daniel Wallin,2015-06-20,3.93,31
2013WALL03,Daniel Wallin,2015-07-17,4.03,32
2013WALL03,Daniel Wallin,2015-07-17,4.94,33
2013WALL03,Daniel Wallin,2015-07-31,4.52,34
2013WALL03,Daniel Wallin,2015-07-31,3.55,35
2013WALL03,Daniel Wallin,2015-07-31,4.71,36
2013WALL03,Daniel Wallin,2015-10-09,4.01,37
2013WALL03,Daniel Wallin,2015-10-09,3.6,38
2013WALL03,Daniel Wallin,2015-10-09,3.53,39
2013WALL03,Daniel Wallin,2015-10-17,3.18,40
2013WALL03,Daniel Wallin,2015-10-17,3.96,41
2013WALL03,Daniel Wallin,2015-10-17,3.89,42
2013WALL03,Daniel Wallin,2015-10-24,4.0,43
2013WALL03,Daniel Wallin,2015-10-24,3.6,44
2013WALL03,Daniel Wallin,2015-10-24,3.67,45
2013WALL03,Daniel Wallin,2015-12-05,3.6,46
2013WALL03,Daniel Wallin,2015-12-05,3.99,47
2013WALL03,Daniel Wallin,2016-02-20,3.46,48
2013WALL03,Daniel Wallin,2016-02-20,2.68,49
2013WALL03,Daniel Wallin,2016-03-04,2.34,50
2013WALL03,Daniel Wallin,2016-03-04,3.63,51
2013WALL03,Daniel Wallin,2016-03-04,3.78,52
2013WALL03,Daniel Wallin,2016-05-07,2.78,53
2013WALL03,Daniel Wallin,2016-05-07,3.65,54
2013WALL03,Daniel Wallin,2016-05-07,2.67,55
2013WALL03,Daniel Wallin,2016-06-10,3.28,56
2013WALL03,Daniel Wallin,2016-06-10,3.0,57
2013WALL03,Daniel Wallin,2016-06-18,3.46,58
2013WALL03,Daniel Wallin,2016-06-18,4.85,59
2013WALL03,Daniel Wallin,2016-07-15,3.73,60
2013WALL03,Daniel Wallin,2016-07-15,3.91,61
2013WALL03,Daniel Wallin,2016-10-15,3.06,62
2013WALL03,Daniel Wallin,2016-10-15,2.58,63
2013WALL03,Daniel Wallin,2016-11-26,3.02,64
2013WALL03,Daniel Wallin,2016-11-26,3.02,65
2013WALL03,Daniel Wallin,2016-11-26,3.94,66
2013WALL03,Daniel Wallin,2016-12-10,3.23,67
2013WALL03,Daniel Wallin,2016-12-10,2.99,68
2013WALL03,Daniel Wallin,2017-03-04,3.17,69
2013WALL03,Daniel Wallin,2017-03-04,2.86,70
2013WALL03,Daniel Wallin,2017-03-18,3.28,71
2013WALL03,Daniel Wallin,2017-03-18,2.38,72
2013WALL03,Daniel Wallin,2017-03-18,3.03,73
2013WALL03,Daniel Wallin,2017-04-08,3.48,74
2013WALL03,Daniel Wallin,2017-04-08,2.22,75
2013WALL03,Daniel Wallin,2017-04-08,2.44,76
2013WALL03,Daniel Wallin,2017-04-29,2.71,77
2013WALL03,Daniel Wallin,2017-04-29,3.76,78
2013WALL03,Daniel Wallin,2017-04-29,2.7,79
2013WALL03,Daniel Wallin,2017-05-26,2.93,80
2013WALL03,Daniel Wallin,2017-05-26,2.96,81
2013WALL03,Daniel Wallin,2017-05-26,3.27,82
2013WALL03,Daniel Wallin,2017-07-08,3.06,83
2013WALL03,Daniel Wallin,2017-07-08,2.16,84
2013WALL03,Daniel Wallin,2017-07-13,2.96,85
2013WALL03,Daniel Wallin,2017-07-13,3.27,86
2013WALL03,Daniel Wallin,2017-07-13,3.08,87
2013WALL03,Daniel Wallin,2017-07-29,2.93,88
2013WALL03,Daniel Wallin,2017-07-29,2.82,89
2013WALL03,Daniel Wallin,2017-07-29,2.7,90
2013WALL03,Daniel Wallin,2017-09-10,3.84,91
2013WALL03,Daniel Wallin,2017-09-30,2.53,92
2013WALL03,Daniel Wallin,2017-09-30,3.24,93
2013WALL03,Daniel Wallin,2017-09-30,3.2,94
2013WALL03,Daniel Wallin,2017-11-11,2.71,95
2013WALL03,Daniel Wallin,2017-11-11,4.14,96
2013WALL03,Daniel Wallin,2017-11-11,2.62,97
2013WALL03,Daniel Wallin,2017-12-02,2.64,98
2013WALL03,Daniel Wallin,2017-12-02,3.8,99
2013WALL03,Daniel Wallin,2018-02-24,3.38,100
2013WALL03,Daniel Wallin,2018-02-24,3.25,101
2013WALL03,Daniel Wallin,2018-02-24,3.24,102
2013WALL03,Daniel Wallin,2018-03-17,3.11,103
2013WALL03,Daniel Wallin,2018-03-17,3.26,104
2013WALL03,Daniel Wallin,2018-03-31,2.86,105
2013WALL03,Daniel Wallin,2018-03-31,3.09,106
2013WALL03,Daniel Wallin,2018-03-31,4.52,107
2013WALL03,Daniel Wallin,2018-04-28,2.55,108
2013WALL03,Daniel Wallin,2018-04-28,3.93,109
2013WALL03,Daniel Wallin,2018-05-11,3.46,110
2013WALL03,Daniel Wallin,2018-05-11,2.78,111
2013WALL03,Daniel Wallin,2018-05-11,2.77,112
2013WALL03,Daniel Wallin,2018-05-11,2.64,113
2013WALL03,Daniel Wallin,2018-06-30,3.25,114
2013WALL03,Daniel Wallin,2018-06-30,2.53,115
2013WALL03,Daniel Wallin,2018-06-30,3.22,116
2013WALL03,Daniel Wallin,2018-07-19,3.03,117
2013WALL03,Daniel Wallin,2018-07-19,3.01,118
2013WALL03,Daniel Wallin,2018-07-19,3.48,119
2013WALL03,Daniel Wallin,2018-08-24,3.57,120
2013WALL03,Daniel Wallin,2018-08-24,2.88,121
2013WALL03,Daniel Wallin,2018-08-24,3.46,122
2013WALL03,Daniel Wallin,2018-09-01,2.77,123
2013WALL03,Daniel Wallin,2018-09-01,2.86,124
2013WALL03,Daniel Wallin,2018-09-01,2.93,125
2013WALL03,Daniel Wallin,2018-09-07,3.09,126
2013WALL03,Daniel Wallin,2018-09-07,3.5,127
2013WALL03,Daniel Wallin,2018-09-07,3.22,128
2013WALL03,Daniel Wallin,2018-09-15,3.19,129
2013WALL03,Daniel Wallin,2018-09-15,3.08,130
2013WALL03,Daniel Wallin,2018-09-15,4.02,131
2013WALL03,Daniel Wallin,2018-09-22,4.55,132
2013WALL03,Daniel Wallin,2018-09-22,4.41,133
2013WALL03,Daniel Wallin,2018-09-22,2.79,134
2013WALL03,Daniel Wallin,2018-10-12,2.86,135
2013WALL03,Daniel Wallin,2018-10-12,2.31,136
2013WALL03,Daniel Wallin,2018-10-20,2.97,137
2013WALL03,Daniel Wallin,2018-10-20,3.14,138
2013WALL03,Daniel Wallin,2018-10-20,2.02,139
2013WALL03,Daniel Wallin,2018-10-26,2.07,140
2013WALL03,Daniel Wallin,2018-10-26,2.55,141
2013WALL03,Daniel Wallin,2018-10-26,3.47,142
2013WALL03,Daniel Wallin,2018-11-02,4.8,143
2013WALL03,Daniel Wallin,2018-11-02,3.55,144
2013WALL03,Daniel Wallin,2018-11-02,2.46,145
2013WALL03,Daniel Wallin,2018-11-02,3.33,146
2013WALL03,Daniel Wallin,2018-11-16,4.3,147
2013WALL03,Daniel Wallin,2018-11-16,3.07,148
2013WALL03,Daniel Wallin,2018-11-16,4.21,149
2013WALL03,Daniel Wallin,2018-11-30,3.94,150
2013WALL03,Daniel Wallin,2018-11-30,3.04,151
2013WALL03,Daniel Wallin,2018-11-30,2.27,152
2013WALL03,Daniel Wallin,2019-01-12,2.4,153
2013WALL03,Daniel Wallin,2019-01-12,2.96,154
2013WALL03,Daniel Wallin,2019-03-09,2.3,155
2013WALL03,Daniel Wallin,2019-03-09,3.4,156
2013WALL03,Daniel Wallin,2019-03-09,3.0,157
2013WALL03,Daniel Wallin,2019-03-15,3.23,158
2013WALL03,Daniel Wallin,2019-03-15,3.07,159
2013WALL03,Daniel Wallin,2019-03-29,3.52,160
2013WALL03,Daniel Wallin,2019-03-29,3.66,161
2013WALL03,Daniel Wallin,2019-03-29,2.34,162
2013WALL03,Daniel Wallin,2019-04-13,2.77,163
2013WALL03,Daniel Wallin,2019-04-13,3.22,164
2013WALL03,Daniel Wallin,2019-04-13,2.83,165
2013WALL03,Daniel Wallin,2019-05-03,2.64,166
2013WALL03,Daniel Wallin,2019-05-03,2.18,167
2013WALL03,Daniel Wallin,2019-05-03,2.45,168
2013WALL03,Daniel Wallin,2019-05-30,2.89,169
2013WALL03,Daniel Wallin,2019-05-30,3.63,170
2013WALL03,Daniel Wallin,2019-05-30,2.31,171
2013WALL03,Daniel Wallin,2019-05-30,2.84,172
2013WALL03,Daniel Wallin,2019-06-22,2.82,173
2013WALL03,Daniel Wallin,2019-06-22,3.28,174
2013WALL03,Daniel Wallin,2019-06-22,3.61,175
2013WALL03,Daniel Wallin,2019-07-06,1.79,176
2013WALL03,Daniel Wallin,2019-07-06,4.44,177
2013WALL03,Daniel Wallin,2019-07-11,3.61,178
2013WALL03,Daniel Wallin,2019-07-11,3.26,179
2013WALL03,Daniel Wallin,2019-08-03,3.41,180
2013WALL03,Daniel Wallin,2019-08-03,2.81,181
2013WALL03,Daniel Wallin,2019-08-03,2.69,182
2013WALL03,Daniel Wallin,2019-09-13,3.62,183
2013WALL03,Daniel Wallin,2019-09-13,2.84,184
2013WALL03,Daniel Wallin,2019-09-13,2.93,185
2013WALL03,Daniel Wallin,2019-10-05,2.74,186
2013WALL03,Daniel Wallin,2019-10-05,2.65,187
2013WALL03,Daniel Wallin,2019-10-05,2.81,188
2013WALL03,Daniel Wallin,2019-10-17,4.29,189
2013WALL03,Daniel Wallin,2019-10-17,3.52,190
2013WALL03,Daniel Wallin,2019-10-17,3.63,191
2013WALL03,Daniel Wallin,2019-11-02,4.08,192
2013WALL03,Daniel Wallin,2019-11-02,2.53,193
2013WALL03,Daniel Wallin,2019-11-02,2.54,194
2013WALL03,Daniel Wallin,2019-12-07,3.69,195
2013WALL03,Daniel Wallin,2019-12-07,3.73,196
2013WALL03,Daniel Wallin,2019-12-07,3.09,197
2013WALL03,Daniel Wallin,2020-01-04,4.27,198
2013WALL03,Daniel Wallin,2020-01-31,1.8,199
2013WALL03,Daniel Wallin,2020-01-31,2.94,200
2013WALL03,Daniel Wallin,2020-01-31,2.69,201
2013WALL03,Daniel Wallin,2021-08-14,3.49,202
2013WALL03,Daniel Wallin,2021-08-14,3.46,203
2013WALL03,Daniel Wallin,2021-09-04,5.09,204
2013WALL03,Daniel Wallin,2021-10-02,4.45,205
2013WALL03,Daniel Wallin,2021-10-02,4.47,206
2013WALL03,Daniel Wallin,2021-10-08,3.47,207
2013WALL03,Daniel Wallin,2021-10-08,3.23,208
2013WALL03,Daniel Wallin,2021-11-05,4.19,209
2013WALL03,Daniel Wallin,2021-11-05,2.11,210
2013WALL03,Daniel Wallin,2021-11-05,3.37,211
2013WALL03,Daniel Wallin,2021-11-12,3.46,212
2013WALL03,Daniel Wallin,2021-11-12,3.59,213
2013WALL03,Daniel Wallin,2021-11-12,2.41,214
2013WALL03,Daniel Wallin,2021-11-27,3.46,215
2013WALL03,Daniel Wallin,2021-11-27,2.85,216
2013WALL03,Daniel Wallin,2021-11-27,3.98,217
2013WALL03,Daniel Wallin,2022-03-05,3.9,218
2013WALL03,Daniel Wallin,2022-03-05,3.46,219
2013WALL03,Daniel Wallin,2022-03-05,5.69,220
2013WALL03,Daniel Wallin,2022-04-01,3.68,221
2013WALL03,Daniel Wallin,2022-04-01,3.4,222
2013WALL03,Daniel Wallin,2022-04-01,2.58,223
2013WALL03,Daniel Wallin,2022-04-29,3.4,224
2013WALL03,Daniel Wallin,2022-04-29,3.16,225
2013WALL03,Daniel Wallin,2022-04-29,3.51,226
2013WALL03,Daniel Wallin,2022-06-11,3.53,227
2013WALL03,Daniel Wallin,2022-06-11,3.83,228
2013WALL03,Daniel Wallin,2022-06-11,3.39,229
2013WALL03,Daniel Wallin,2022-06-24,3.26,230
2013WALL03,Daniel Wallin,2022-06-24,2.98,231
2013WALL03,Daniel Wallin,2022-06-24,2.34,232
2013WALL03,Daniel Wallin,2022-07-09,3.72,233
2013WALL03,Daniel Wallin,2022-07-09,4.71,234
2013WALL03,Daniel Wallin,2022-07-09,3.85,235
2013WALL03,Daniel Wallin,2022-09-03,3.17,236
2013WALL03,Daniel Wallin,2022-09-03,2.69,237
2013WALL03,Daniel Wallin,2022-09-03,3.18,238
2013WALL03,Daniel Wallin,2022-10-01,3.66,239
2013WALL03,Daniel Wallin,2022-10-01,3.78,240
2013WALL03,Daniel Wallin,2022-10-14,2.96,241
2013WALL03,Daniel Wallin,2022-10-14,3.42,242
2013WALL03,Daniel Wallin,2022-10-14,3.63,243
2013WALL03,Daniel Wallin,2022-10-28,3.38,244
2013WALL03,Daniel Wallin,2022-10-28,2.91,245
2013WALL03,Daniel Wallin,2022-10-28,4.06,246
2013WALL03,Daniel Wallin,2022-11-19,3.56,247
2013WALL03,Daniel Wallin,2022-11-19,3.66,248
2013WALL03,Daniel Wallin,2022-11-19,2.85,249
2013WALL03,Daniel Wallin,2022-11-28,3.79,250
2013WALL03,Daniel Wallin,2022-12-11,2.65,251
2013WALL03,Daniel Wallin,2022-12-11,2.67,252
2013WALL03,Daniel Wallin,2022-12-11,2.73,253
2013WALL03,Daniel Wallin,2022-12-17,3.65,254
2013WALL03,Daniel Wallin,2022-12-17,3.42,255
2013WALL03,Daniel Wallin,2022-12-17,3.57,256
2013WALL03,Daniel Wallin,2022-12-26,3.17,257
2013WALL03,Daniel Wallin,2023-01-07,2.59,258
2013WALL03,Daniel Wallin,2023-01-07,3.44,259
2013WALL03,Daniel Wallin,2023-01-07,4.08,260
2013WALL03,Daniel Wallin,2023-01-13,2.61,261
2013WALL03,Daniel Wallin,2023-01-13,2.56,262
2013WALL03,Daniel Wallin,2023-01-13,3.04,263
2013WALL03,Daniel Wallin,2023-01-19,3.55,264
2013WALL03,Daniel Wallin,2023-01-28,3.6,265
2013WALL03,Daniel Wallin,2023-01-28,3.13,266
2013WALL03,Daniel Wallin,2023-01-28,2.65,267
2013WALL03,Daniel Wallin,2023-02-03,2.66,268
2013WALL03,Daniel Wallin,2023-02-11,2.3,269
2013WALL03,Daniel Wallin,2023-02-11,2.56,270
2013WALL03,Daniel Wallin,2023-02-11,3.53,271
2013WALL03,Daniel Wallin,2023-03-01,3.34,272
2013WALL03,Daniel Wallin,2023-03-04,2.77,273
2013WALL03,Daniel Wallin,2023-03-04,3.97,274
2013WALL03,Daniel Wallin,2023-03-04,3.06,275
2013WALL03,Daniel Wallin,2023-03-11,3.39,276
2013WALL03,Daniel Wallin,2023-03-11,2.69,277
2013WALL03,Daniel Wallin,2023-03-25,4.04,278
2013WALL03,Daniel Wallin,2023-03-25,2.85,279
2013WALL03,Daniel Wallin,2023-03-25,2.96,280
2013WALL03,Daniel Wallin,2023-04-01,4.32,281
2013WALL03,Daniel Wallin,2023-04-01,3.39,282
2013WALL03,Daniel Wallin,2023-04-01,2.71,283
2013WALL03,Daniel Wallin,2023-04-10,2.96,284
2013WALL03,Daniel Wallin,2023-04-10,4.05,285
2013WALL03,Daniel Wallin,2023-04-15,3.69,286
2013WALL03,Daniel Wallin,2023-04-15,2.67,287
2013WALL03,Daniel Wallin,2023-04-22,2.89,288
2013WALL03,Daniel Wallin,2023-04-22,3.36,289
2013WALL03,Daniel Wallin,2023-04-25,2.11,290
2013WALL03,Daniel Wallin,2023-04-29,2.23,291
2013WALL03,Daniel Wallin,2023-04-29,2.26,292
2013WALL03,Daniel Wallin,2023-04-29,3.46,293
2013WALL03,Daniel Wallin,2023-05-06,4.91,294
2013WALL03,Daniel Wallin,2023-05-06,2.74,295
2013WALL03,Daniel Wallin,2023-05-06,3.26,296
2013WALL03,Daniel Wallin,2023-05-08,2.93,297
2013WALL03,Daniel Wallin,2023-05-20,3.84,298
2013WALL03,Daniel Wallin,2023-05-20,2.93,299
2013WALL03,Daniel Wallin,2023-06-03,4.49,300
2013WALL03,Daniel Wallin,2023-06-03,2.87,301
2013WALL03,Daniel Wallin,2023-06-03,2.81,302
2013WALL03,Daniel Wallin,2023-06-03,2.99,303
2013WALL03,Daniel Wallin,2023-06-08,2.75,304
2013WALL03,Daniel Wallin,2023-06-16,3.13,305
2013WALL03,Daniel Wallin,2023-06-16,2.99,306
2013WALL03,Daniel Wallin,2023-06-26,3.14,307
2013WALL03,Daniel Wallin,2023-07-08,3.36,308
2013WALL03,Daniel Wallin,2023-07-08,2.9,309
2013WALL03,Daniel Wallin,2023-07-08,2.38,310
2013WALL03,Daniel Wallin,2023-07-22,3.24,311
2013WALL03,Daniel Wallin,2023-07-22,3.0,312
2013WALL03,Daniel Wallin,2023-08-07,3.78,313
2013WALL03,Daniel Wallin,2023-09-03,2.87,314
2013WALL03,Daniel Wallin,2023-09-28,3.74,315
2013WALL03,Daniel Wallin,2023-10-07,3.33,316
2013WALL03,Daniel Wallin,2023-10-07,2.89,317
2013WALL03,Daniel Wallin,2023-10-07,2.64,318
2013WALL03,Daniel Wallin,2023-10-14,2.68,319
2013WALL03,Daniel Wallin,2023-10-23,4.06,320
2013WALL03,Daniel Wallin,2023-10-28,3.56,321
2013WALL03,Daniel Wallin,2023-10-28,3.75,322
2013WALL03,Daniel Wallin,2023-10-28,3.04,323
2013WALL03,Daniel Wallin,2023-11-08,2.99,324
2013WALL03,Daniel Wallin,2023-11-11,4.0,325
2013WALL03,Daniel Wallin,2023-11-11,3.48,326
2013WALL03,Daniel Wallin,2023-11-11,4.97,327
2013WALL03,Daniel Wallin,2023-11-18,3.28,328
2013WALL03,Daniel Wallin,2023-11-18,3.06,329
2013WALL03,Daniel Wallin,2023-11-18,2.28,330
2013WALL03,Daniel Wallin,2023-11-19,3.22,331
2013WALL03,Daniel Wallin,2023-11-19,3.36,332
2013WALL03,Daniel Wallin,2023-11-19,1.94,333
2013WALL03,Daniel Wallin,2023-12-02,2.72,334
2013WALL03,Daniel Wallin,2023-12-02,4.03,335
2013WALL03,Daniel Wallin,2023-12-08,2.17,336
2013WALL03,Daniel Wallin,2023-12-08,3.16,337
2013WALL03,Daniel Wallin,2023-12-08,2.73,338
2013WALL03,Daniel Wallin,2023-12-18,2.0,339
2013WALL03,Daniel Wallin,2023-12-21,4.02,340
2013WALL03,Daniel Wallin,2024-01-13,2.84,341
2013WALL03,Daniel Wallin,2024-01-13,2.47,342
2013WALL03,Daniel Wallin,2024-01-28,4.31,343
2013WALL03,Daniel Wallin,2024-02-03,3.46,344
2013WALL03,Daniel Wallin,2024-02-03,3.42,345
2013WALL03,Daniel Wallin,2024-02-07,3.69,346
2013WALL03,Daniel Wallin,2024-02-24,3.34,347
2013WALL03,Daniel Wallin,2024-02-24,3.05,348
2013WALL03,Daniel Wallin,2024-02-29,3.57,349
2013WALL03,Daniel Wallin,2024-03-02,2.91,350
2013WALL03,Daniel Wallin,2024-03-02,2.91,351
2013WALL03,Daniel Wallin,2024-03-02,2.32,352
2013WALL03,Daniel Wallin,2024-03-14,2.1,353
2013WALL03,Daniel Wallin,2024-03-16,2.44,354
2013WALL03,Daniel Wallin,2024-03-16,2.95,355
2013WALL03,Daniel Wallin,2024-03-16,2.49,356
2013WALL03,Daniel Wallin,2024-03-23,2.56,357
2013WALL03,Daniel Wallin,2024-03-23,2.22,358
2013WALL03,Daniel Wallin,2024-04-06,4.67,359
2013WALL03,Daniel Wallin,2024-04-06,3.88,360
2013WALL03,Daniel Wallin,2024-04-13,2.48,361
2013WALL03,Daniel Wallin,2024-04-13,2.26,362
2013WALL03,Daniel Wallin,2024-04-20,3.37,363
2013WALL03,Daniel Wallin,2024-04-20,3.01,364
2013WALL03,Daniel Wallin,2024-04-20,2.2,365
2013WALL03,Daniel Wallin,2024-04-21,3.51,366
2013WALL03,Daniel Wallin,2024-04-22,2.74,367
2013WALL03,Daniel Wallin,2024-05-01,2.7,368
2013WALL03,Daniel Wallin,2024-05-10,2.67,369
2013WALL03,Daniel Wallin,2024-05-10,2.67,370
2013WALL03,Daniel Wallin,2024-05-10,3.94,371
2013WALL03,Daniel Wallin,2024-05-19,3.59,372
2013WALL03,Daniel Wallin,2024-05-19,2.7,373
2013WALL03,Daniel Wallin,2024-05-19,2.6,374
2013WALL03,Daniel Wallin,2024-06-01,3.78,375
2013WALL03,Daniel Wallin,2024-06-01,2.3,376
2013WALL03,Daniel Wallin,2024-06-05,2.37,377
2013WALL03,Daniel Wallin,2024-06-05,4.25,378
2013WALL03,Daniel Wallin,2024-06-15,2.69,379
2013WALL03,Daniel Wallin,2024-06-15,2.86,380
2013WALL03,Daniel Wallin,2024-06-15,3.62,381
2013WALL03,Daniel Wallin,2024-06-19,3.39,382
2013WALL03,Daniel Wallin,2024-06-24,2.74,383
2013WALL03,Daniel Wallin,2024-06-28,4.12,384
2013WALL03,Daniel Wallin,2024-06-28,3.47,385
2013WALL03,Daniel Wallin,2024-06-28,4.48,386
2013WALL03,Daniel Wallin,2024-07-06,2.0,387
2013WALL03,Daniel Wallin,2024-07-06,2.83,388
2013WALL03,Daniel Wallin,2024-07-19,2.27,389
2013WALL03,Daniel Wallin,2024-07-19,2.9,390
2013WALL03,Daniel Wallin,2024-08-19,2.75,391
2013WALL03,Daniel Wallin,2024-08-24,2.98,392
2013WALL03,Daniel Wallin,2024-08-24,3.03,393
2013WALL03,Daniel Wallin,2024-09-06,3.71,394
2013WALL03,Daniel Wallin,2024-09-06,3.11,395
2013WALL03,Daniel Wallin,2024-09-06,2.44,396
2013WALL03,Daniel Wallin,2024-09-24,3.81,397
2013WALL03,Daniel Wallin,2024-10-05,3.42,398
2013WALL03,Daniel Wallin,2024-10-05,2.62,399
2013WALL03,Daniel Wallin,2024-10-05,2.49,400
2013WALL03,Daniel Wallin,2024-10-19,4.8,401
2013WALL03,Daniel Wallin,2024-10-19,4.48,402
2013WALL03,Daniel Wallin,2024-10-19,3.39,403
2013WALL03,Daniel Wallin,2024-10-26,2.18,404
2013WALL03,Daniel Wallin,2024-10-26,3.51,405
2013WALL03,Daniel Wallin,2024-10-28,2.39,406
2013WALL03,Daniel Wallin,2024-10-31,3.14,407
2013WALL03,Daniel Wallin,2024-11-02,3.01,408
2013WALL03,Daniel Wallin,2024-11-02,2.34,409
2013WALL03,Daniel Wallin,2024-11-08,2.57,410
2013WALL03,Daniel Wallin,2024-11-08,4.0,411
2013WALL03,Daniel Wallin,2024-11-08,2.8,412
2013WALL03,Daniel Wallin,2024-11-16,5.53,413
2013WALL03,Daniel Wallin,2024-11-16,2.55,414
2013WALL03,Daniel Wallin,2024-11-23,4.09,415
2013WALL03,Daniel Wallin,2024-11-23,2.63,416
2013WALL03,Daniel Wallin,2024-11-23,2.58,417
2013WALL03,Daniel Wallin,2024-12-07,3.08,418
2013WALL03,Daniel Wallin,2024-12-07,3.92,419
2013WALL03,Daniel Wallin,2024-12-14,3.05,420
2013WALL03,Daniel Wallin,2024-12-14,2.7,421
2013WALL03,Daniel Wallin,2024-12-16,3.83,422
2013WALL03,Daniel Wallin,2024-12-19,3.93,423
2013WALL03,Daniel Wallin,2024-12-27,3.63,424
2013WALL03,Daniel Wallin,2024-12-27,2.66,425
2013WALL03,Daniel Wallin,2024-12-27,3.27,426
2013WALL03,Daniel Wallin,2025-01-18,2.82,427
2013WALL03,Daniel Wallin,2025-01-18,2.8,428
2013WALL03,Daniel Wallin,2025-01-30,2.89,429
2013WALL03,Daniel Wallin,2025-02-15,3.28,430
2013WALL03,Daniel Wallin,2025-02-15,4.73,431
2013WALL03,Daniel Wallin,2025-02-17,4.25,432
2013WALL03,Daniel Wallin,2025-02-22,2.12,433
2013WALL03,Daniel Wallin,2025-02-22,1.9,434
2013WALL03,Daniel Wallin,2025-02-22,2.27,435
2013WALL03,Daniel Wallin,2025-03-01,2.45,436
2013WALL03,Daniel Wallin,2025-03-01,2.07,437
2013WALL03,Daniel Wallin,2025-03-18,2.81,438
2013WALL03,Daniel Wallin,2025-04-05,2.13,439
2013WALL03,Daniel Wallin,2025-04-06,3.83,440
2013WALL03,Daniel Wallin,2025-04-06,3.85,441
2013WALL03,Daniel Wallin,2025-04-12,3.26,442
2013WALL03,Daniel Wallin,2025-04-21,2.28,443
2013WALL03,Daniel Wallin,2025-04-26,2.84,444
2013WALL03,Daniel Wallin,2025-04-26,2.62,445
2013WALL03,Daniel Wallin,2025-05-01,2.42,446
2013WALL03,Daniel Wallin,2025-05-10,1.55,447
2013WALL03,Daniel Wallin,2025-05-10,2.75,448
2013WALL03,Daniel Wallin,2025-05-16,2.08,449
2013WALL03,Daniel Wallin,2025-05-16,2.4,450
2013WALL03,Daniel Wallin,2025-05-16,3.5,451
2013WALL03,Daniel Wallin,2025-06-06,4.63,452
2013WALL03,Daniel Wallin,2025-06-06,3.28,453
2013WALL03,Daniel Wallin,2025-06-16,2.99,454
2013WALL03,Daniel Wallin,2025-06-17,4.61,455
2013WALL03,Daniel Wallin,2025-06-22,2.3,456
2013WALL03,Daniel Wallin,2025-06-22,3.0,457
2013WALL03,Daniel Wallin,2025-07-19,2.88,458
2013WALL03,Daniel Wallin,2025-07-19,3.25,459
2013WALL03,Daniel Wallin,2025-08-21,2.74,460
2013WALL03,Daniel Wallin,2025-08-29,2.94,461
2013WALL03,Daniel Wallin,2025-08-29,2.45,462
2013WALL03,Daniel Wallin,2025-08-29,2.76,463
2013WALL03,Daniel Wallin,2025-09-27,3.35,464
2013WALL03,Daniel Wallin,2025-10-15,3.18,465
2013WALL03,Daniel Wallin,2025-10-25,2.8,466
2013WALL03,Daniel Wallin,2025-10-25,3.23,467
2013WALL03,Daniel Wallin,2025-10-25,2.54,468
2013WALL03,Daniel Wallin,2025-11-11,3.75,469
2013WALL03,Daniel Wallin,2025-11-15,2.86,470
2013WALL03,Daniel Wallin,2025-11-15,2.21,471
2013WALL03,Daniel Wallin,2025-11-29,3.58,472
2013WALL03,Daniel Wallin,2025-11-29,2.42,473
2013WALL03,Daniel Wallin,2025-11-29,4.51,474
2013WALL03,Daniel Wallin,2025-12-04,2.25,475
2013WALL03,Daniel Wallin,2025-12-06,4.16,476
2013WALL03,Daniel Wallin,2025-12-06,2.37,477
2013WALL03,Daniel Wallin,2025-12-06,3.04,478
2013WALL03,Daniel Wallin,2025-12-13,3.62,479
2013WALL03,Daniel Wallin,2025-12-13,4.18,480
2013WALL03,Daniel Wallin,2025-12-18,3.54,481
2013WALL03,Daniel Wallin,2025-12-31,4.24,482
2013WALL03,Daniel Wallin,2025-12-31,3.05,483
2013WALL03,Daniel Wallin,2026-01-02,3.28,484
2013WALL03,Daniel Wallin,2026-01-10,2.02,485
2013WALL03,Daniel Wallin,2026-01-10,2.37,486
2013WALL03,Daniel Wallin,2026-01-10,1.93,487
2013WALL03,Daniel Wallin,2026-01-20,3.45,488
2013WALL03,Daniel Wallin,2026-01-23,2.89,489
2013WALL03,Daniel Wallin,2026-01-23,2.11,490
2013WALL03,Daniel Wallin,2026-01-23,2.27,491
2013WALL03,Daniel Wallin,2026-01-31,3.42,492
2013WALL03,Daniel Wallin,2026-01-31,3.07,493
2013WALL03,Daniel Wallin,2026-02-07,2.99,494
2013WALL03,Daniel Wallin,2026-02-07,5.34,495
2013WALL03,Daniel Wallin,2026-02-09,3.26,496
2013WALL03,Daniel Wallin,2026-02-14,2.79,497
2013WALL03,Daniel Wallin,2026-02-14,3.48,498
2013WALL03,Daniel Wallin,2026-02-21,3.02,499
2013WALL03,Daniel Wallin,2026-02-21,3.31,500
2013WALL03,Daniel Wallin,2026-03-06,2.3,501
2013WALL03,Daniel Wallin,2026-03-06,3.03,502
2013WALL03,Daniel Wallin,2026-03-06,2.81,503
2013WALL03,Daniel Wallin,2026-03-14,4.25,504
2013WALL03,Daniel Wallin,2026-03-21,3.32,505
2013WALL03,Daniel Wallin,2026-03-21,2.82,506
2013WALL03,Daniel Wallin,2026-03-21,3.47,507
2013WALL03,Daniel Wallin,2026-04-02,3.23,508
2013WALL03,Daniel Wallin,2026-04-11,3.79,509
2013WALL03,Daniel Wallin,2026-04-11,3.9,510
2013WALL03,Daniel Wallin,2026-04-17,3.46,511
2013WALL03,Daniel Wallin,2026-04-17,2.69,512
2013WALL03,Daniel Wallin,2026-04-17,3.13,513
2013WALL03,Daniel Wallin,2026-04-28,3.26,514
2013WALL03,Daniel Wallin,2026-05-01,2.14,515
2013WALL03,Daniel Wallin,2026-05-01,5.87,516
2013WALL03,Daniel Wallin,2026-05-09,3.04,517
2013WALL03,Daniel Wallin,2026-05-09,3.47,518
2014PETE03,Tobias Peter,2014-05-10,9.1,1
2014PETE03,Tobias Peter,2014-10-11,6.21,2
2014PETE03,Tobias Peter,2015-02-21,5.73,3
2014PETE03,Tobias Peter,2015-03-29,6.18,4
2014PETE03,Tobias Peter,2015-03-29,5.45,5
2014PETE03,Tobias Peter,2015-04-18,6.03,6
2014PETE03,Tobias Peter,2015-04-18,5.75,7
2014PETE03,Tobias Peter,2015-05-10,5.53,8
2014PETE03,Tobias Peter,2015-05-10,4.57,9
2014PETE03,Tobias Peter,2015-05-10,6.14,10
2014PETE03,Tobias Peter,2015-05-30,5.24,11
2014PETE03,Tobias Peter,2015-05-30,5.18,12
2014PETE03,Tobias Peter,2015-07-17,6.76,13
2014PETE03,Tobias Peter,2015-07-24,5.27,14
2014PETE03,Tobias Peter,2015-07-24,5.16,15
2014PETE03,Tobias Peter,2015-09-05,4.88,16
2014PETE03,Tobias Peter,2015-09-26,4.49,17
2014PETE03,Tobias Peter,2015-09-26,6.42,18
2014PETE03,Tobias Peter,2015-10-10,4.69,19
2014PETE03,Tobias Peter,2015-10-10,4.39,20
2014PETE03,Tobias Peter,2015-10-10,4.22,21
2014PETE03,Tobias Peter,2015-11-13,4.38,22
2014PETE03,Tobias Peter,2015-11-13,3.64,23
2014PETE03,Tobias Peter,2015-11-21,4.03,24
2014PETE03,Tobias Peter,2015-11-21,5.48,25
2014PETE03,Tobias Peter,2015-12-05,4.44,26
2014PETE03,Tobias Peter,2015-12-05,4.1,27
2014PETE03,Tobias Peter,2015-12-05,5.01,28
2014PETE03,Tobias Peter,2016-01-16,4.09,29
2014PETE03,Tobias Peter,2016-01-16,4.22,30
2014PETE03,Tobias Peter,2016-01-30,3.34,31
2014PETE03,Tobias Peter,2016-01-30,3.99,32
2014PETE03,Tobias Peter,2016-01-30,3.63,33
2014PETE03,Tobias Peter,2016-04-02,4.25,34
2014PETE03,Tobias Peter,2016-04-02,3.67,35
2014PETE03,Tobias Peter,2016-04-16,3.3,36
2014PETE03,Tobias Peter,2016-04-16,3.39,37
2014PETE03,Tobias Peter,2016-05-21,3.83,38
2014PETE03,Tobias Peter,2016-05-21,2.92,39
2014PETE03,Tobias Peter,2016-07-09,4.24,40
2014PETE03,Tobias Peter,2016-07-09,3.64,41
2014PETE03,Tobias Peter,2016-07-09,2.86,42
2014PETE03,Tobias Peter,2016-07-15,3.61,43
2014PETE03,Tobias Peter,2016-07-15,3.71,44
2014PETE03,Tobias Peter,2016-08-13,5.47,45
2014PETE03,Tobias Peter,2016-08-13,3.88,46
2014PETE03,Tobias Peter,2016-08-13,3.71,47
2014PETE03,Tobias Peter,2016-09-03,3.68,48
2014PETE03,Tobias Peter,2016-09-03,3.64,49
2014PETE03,Tobias Peter,2016-09-03,3.9,50
2014PETE03,Tobias Peter,2016-10-08,3.66,51
2014PETE03,Tobias Peter,2016-10-08,4.08,52
2014PETE03,Tobias Peter,2016-10-15,3.74,53
2014PETE03,Tobias Peter,2016-10-15,3.22,54
2014PETE03,Tobias Peter,2016-10-15,3.61,55
2014PETE03,Tobias Peter,2016-11-05,3.3,56
2014PETE03,Tobias Peter,2016-11-05,4.95,57
2014PETE03,Tobias Peter,2016-11-12,5.92,58
2014PETE03,Tobias Peter,2016-11-12,3.46,59
2014PETE03,Tobias Peter,2016-11-12,3.3,60
2014PETE03,Tobias Peter,2016-12-03,4.56,61
2014PETE03,Tobias Peter,2016-12-03,6.01,62
2014PETE03,Tobias Peter,2016-12-10,5.77,63
2014PETE03,Tobias Peter,2017-01-28,3.59,64
2014PETE03,Tobias Peter,2017-01-28,4.63,65
2014PETE03,Tobias Peter,2017-02-04,5.29,66
2014PETE03,Tobias Peter,2017-03-04,4.26,67
2014PETE03,Tobias Peter,2017-03-04,4.59,68
2014PETE03,Tobias Peter,2017-03-11,3.57,69
2014PETE03,Tobias Peter,2017-04-01,4.97,70
2014PETE03,Tobias Peter,2017-04-01,3.28,71
2014PETE03,Tobias Peter,2017-04-29,4.5,72
2014PETE03,Tobias Peter,2017-04-29,4.68,73
2014PETE03,Tobias Peter,2017-04-29,4.85,74
2014PETE03,Tobias Peter,2017-05-06,3.8,75
2014PETE03,Tobias Peter,2017-05-06,4.21,76
2014PETE03,Tobias Peter,2017-05-06,3.74,77
2014PETE03,Tobias Peter,2017-05-13,3.21,78
2014PETE03,Tobias Peter,2017-06-10,4.28,79
2014PETE03,Tobias Peter,2017-06-10,4.26,80
2014PETE03,Tobias Peter,2017-06-10,3.82,81
2014PETE03,Tobias Peter,2017-07-08,5.13,82
2014PETE03,Tobias Peter,2017-07-13,4.98,83
2014PETE03,Tobias Peter,2017-07-21,3.63,84
2014PETE03,Tobias Peter,2017-07-21,3.66,85
2014PETE03,Tobias Peter,2017-07-21,3.66,86
2014PETE03,Tobias Peter,2017-08-19,4.67,87
2014PETE03,Tobias Peter,2017-08-19,5.5,88
2014PETE03,Tobias Peter,2017-08-26,4.07,89
2014PETE03,Tobias Peter,2017-08-26,4.34,90
2014PETE03,Tobias Peter,2017-09-01,3.8,91
2014PETE03,Tobias Peter,2017-09-01,5.36,92
2014PETE03,Tobias Peter,2017-09-16,4.19,93
2014PETE03,Tobias Peter,2017-09-16,4.61,94
2014PETE03,Tobias Peter,2017-09-22,3.44,95
2014PETE03,Tobias Peter,2017-09-22,4.4,96
2014PETE03,Tobias Peter,2017-09-22,3.73,97
2014PETE03,Tobias Peter,2017-10-07,4.61,98
2014PETE03,Tobias Peter,2017-10-14,3.9,99
2014PETE03,Tobias Peter,2017-10-14,3.91,100
2014PETE03,Tobias Peter,2017-10-14,3.45,101
2014PETE03,Tobias Peter,2017-10-28,5.48,102
2014PETE03,Tobias Peter,2017-10-28,3.75,103
2014PETE03,Tobias Peter,2017-10-28,4.64,104
2014PETE03,Tobias Peter,2017-11-04,4.61,105
2014PETE03,Tobias Peter,2017-11-11,4.53,106
2014PETE03,Tobias Peter,2017-11-11,3.58,107
2014PETE03,Tobias Peter,2017-11-11,4.33,108
2014PETE03,Tobias Peter,2017-11-25,5.25,109
2014PETE03,Tobias Peter,2017-11-25,5.25,110
2014PETE03,Tobias Peter,2017-12-02,3.91,111
2014PETE03,Tobias Peter,2017-12-02,3.8,112
2014PETE03,Tobias Peter,2017-12-16,4.74,113
2014PETE03,Tobias Peter,2018-01-13,4.98,114
2014PETE03,Tobias Peter,2018-01-13,3.35,115
2014PETE03,Tobias Peter,2018-01-27,3.57,116
2014PETE03,Tobias Peter,2018-01-27,5.35,117
2014PETE03,Tobias Peter,2018-02-10,3.97,118
2014PETE03,Tobias Peter,2018-02-10,4.94,119
2014PETE03,Tobias Peter,2018-02-10,4.56,120
2014PETE03,Tobias Peter,2018-02-17,3.65,121
2014PETE03,Tobias Peter,2018-02-17,2.94,122
2014PETE03,Tobias Peter,2018-02-17,4.05,123
2014PETE03,Tobias Peter,2018-03-03,5.01,124
2014PETE03,Tobias Peter,2018-03-25,3.86,125
2014PETE03,Tobias Peter,2018-03-25,3.07,126
2014PETE03,Tobias Peter,2018-03-31,3.29,127
2014PETE03,Tobias Peter,2018-03-31,3.21,128
2014PETE03,Tobias Peter,2018-03-31,4.53,129
2014PETE03,Tobias Peter,2018-04-06,4.12,130
2014PETE03,Tobias Peter,2018-04-06,3.49,131
2014PETE03,Tobias Peter,2018-04-06,3.73,132
2014PETE03,Tobias Peter,2018-04-14,3.95,133
2014PETE03,Tobias Peter,2018-04-14,4.61,134
2014PETE03,Tobias Peter,2018-04-15,4.34,135
2014PETE03,Tobias Peter,2018-04-15,3.21,136
2014PETE03,Tobias Peter,2018-04-28,4.95,137
2014PETE03,Tobias Peter,2018-04-28,4.99,138
2014PETE03,Tobias Peter,2018-05-05,4.04,139
2014PETE03,Tobias Peter,2018-05-05,2.79,140
2014PETE03,Tobias Peter,2018-05-05,3.33,141
2014PETE03,Tobias Peter,2018-05-12,5.33,142
2014PETE03,Tobias Peter,2018-06-02,3.67,143
2014PETE03,Tobias Peter,2018-06-02,3.88,144
2014PETE03,Tobias Peter,2018-06-02,3.2,145
2014PETE03,Tobias Peter,2018-06-09,4.29,146
2014PETE03,Tobias Peter,2018-06-09,3.02,147
2014PETE03,Tobias Peter,2018-06-09,4.42,148
2014PETE03,Tobias Peter,2018-06-23,3.67,149
2014PETE03,Tobias Peter,2018-06-23,5.55,150
2014PETE03,Tobias Peter,2018-07-07,4.15,151
2014PETE03,Tobias Peter,2018-07-07,3.82,152
2014PETE03,Tobias Peter,2018-07-19,3.66,153
2014PETE03,Tobias Peter,2018-07-19,4.04,154
2014PETE03,Tobias Peter,2018-08-04,4.45,155
2014PETE03,Tobias Peter,2018-08-04,4.43,156
2014PETE03,Tobias Peter,2018-09-01,5.15,157
2014PETE03,Tobias Peter,2018-09-07,3.62,158
2014PETE03,Tobias Peter,2018-09-07,3.48,159
2014PETE03,Tobias Peter,2018-09-07,3.43,160
2014PETE03,Tobias Peter,2018-09-21,3.22,161
2014PETE03,Tobias Peter,2018-09-21,3.39,162
2014PETE03,Tobias Peter,2018-09-21,3.47,163
2014PETE03,Tobias Peter,2018-10-06,4.45,164
2014PETE03,Tobias Peter,2018-10-13,4.27,165
2014PETE03,Tobias Peter,2018-10-13,3.48,166
2014PETE03,Tobias Peter,2018-10-13,3.47,167
2014PETE03,Tobias Peter,2018-10-27,5.72,168
2014PETE03,Tobias Peter,2018-10-27,3.18,169
2014PETE03,Tobias Peter,2018-10-27,3.54,170
2014PETE03,Tobias Peter,2018-11-03,4.53,171
2014PETE03,Tobias Peter,2018-11-03,3.93,172
2014PETE03,Tobias Peter,2018-11-10,3.57,173
2014PETE03,Tobias Peter,2018-11-10,3.41,174
2014PETE03,Tobias Peter,2018-11-17,4.83,175
2014PETE03,Tobias Peter,2018-11-17,4.66,176
2014PETE03,Tobias Peter,2018-11-17,3.92,177
2014PETE03,Tobias Peter,2018-12-08,3.53,178
2014PETE03,Tobias Peter,2018-12-08,3.05,179
2014PETE03,Tobias Peter,2019-01-05,3.27,180
2014PETE03,Tobias Peter,2019-01-05,3.21,181
2014PETE03,Tobias Peter,2019-01-19,3.8,182
2014PETE03,Tobias Peter,2019-01-19,4.17,183
2014PETE03,Tobias Peter,2019-01-19,3.24,184
2014PETE03,Tobias Peter,2019-02-02,4.39,185
2014PETE03,Tobias Peter,2019-02-02,3.38,186
2014PETE03,Tobias Peter,2019-02-02,2.99,187
2014PETE03,Tobias Peter,2019-02-09,3.19,188
2014PETE03,Tobias Peter,2019-02-09,4.05,189
2014PETE03,Tobias Peter,2019-02-16,3.8,190
2014PETE03,Tobias Peter,2019-03-02,3.56,191
2014PETE03,Tobias Peter,2019-03-02,3.09,192
2014PETE03,Tobias Peter,2019-03-30,3.91,193
2014PETE03,Tobias Peter,2019-03-30,4.87,194
2014PETE03,Tobias Peter,2019-04-06,4.48,195
2014PETE03,Tobias Peter,2019-04-13,3.9,196
2014PETE03,Tobias Peter,2019-04-13,3.47,197
2014PETE03,Tobias Peter,2019-04-27,4.78,198
2014PETE03,Tobias Peter,2019-04-27,4.39,199
2014PETE03,Tobias Peter,2019-05-04,3.67,200
2014PETE03,Tobias Peter,2019-05-04,4.22,201
2014PETE03,Tobias Peter,2019-05-04,3.17,202
2014PETE03,Tobias Peter,2019-05-18,4.33,203
2014PETE03,Tobias Peter,2019-05-18,3.05,204
2014PETE03,Tobias Peter,2019-05-18,3.88,205
2014PETE03,Tobias Peter,2019-05-24,4.46,206
2014PETE03,Tobias Peter,2019-05-24,3.52,207
2014PETE03,Tobias Peter,2019-05-24,4.39,208
2014PETE03,Tobias Peter,2019-06-01,3.29,209
2014PETE03,Tobias Peter,2019-06-01,3.38,210
2014PETE03,Tobias Peter,2019-06-08,3.97,211
2014PETE03,Tobias Peter,2019-06-08,4.86,212
2014PETE03,Tobias Peter,2019-06-15,3.5,213
2014PETE03,Tobias Peter,2019-06-15,4.75,214
2014PETE03,Tobias Peter,2019-06-22,3.51,215
2014PETE03,Tobias Peter,2019-06-22,3.39,216
2014PETE03,Tobias Peter,2019-06-29,3.47,217
2014PETE03,Tobias Peter,2019-06-29,3.14,218
2014PETE03,Tobias Peter,2019-08-10,4.05,219
2014PETE03,Tobias Peter,2019-08-10,3.73,220
2014PETE03,Tobias Peter,2019-08-24,3.09,221
2014PETE03,Tobias Peter,2019-08-24,3.29,222
2014PETE03,Tobias Peter,2019-09-07,4.31,223
2014PETE03,Tobias Peter,2019-09-07,2.74,224
2014PETE03,Tobias Peter,2019-09-28,4.51,225
2014PETE03,Tobias Peter,2019-09-28,4.86,226
2014PETE03,Tobias Peter,2019-10-19,3.68,227
2014PETE03,Tobias Peter,2019-10-19,3.13,228
2014PETE03,Tobias Peter,2019-10-26,5.35,229
2014PETE03,Tobias Peter,2019-10-26,4.11,230
2014PETE03,Tobias Peter,2019-11-02,3.3,231
2014PETE03,Tobias Peter,2019-11-02,3.23,232
2014PETE03,Tobias Peter,2019-11-09,3.37,233
2014PETE03,Tobias Peter,2019-11-09,3.42,234
2014PETE03,Tobias Peter,2019-12-07,3.4,235
2014PETE03,Tobias Peter,2019-12-14,4.17,236
2014PETE03,Tobias Peter,2019-12-14,2.8,237
2014PETE03,Tobias Peter,2020-01-04,4.18,238
2014PETE03,Tobias Peter,2020-01-04,3.12,239
2014PETE03,Tobias Peter,2020-02-15,2.93,240
2014PETE03,Tobias Peter,2020-02-15,3.98,241
2014PETE03,Tobias Peter,2020-02-15,3.21,242
2014PETE03,Tobias Peter,2020-02-22,3.28,243
2014PETE03,Tobias Peter,2020-02-22,2.91,244
2014PETE03,Tobias Peter,2020-02-22,4.04,245
2014PETE03,Tobias Peter,2020-03-07,4.04,246
2014PETE03,Tobias Peter,2020-03-07,4.44,247
2014PETE03,Tobias Peter,2020-08-22,3.76,248
2014PETE03,Tobias Peter,2020-08-22,4.01,249
2014PETE03,Tobias Peter,2021-11-07,4.62,250
2014PETE03,Tobias Peter,2021-11-07,3.97,251
2014PETE03,Tobias Peter,2022-04-09,2.49,252
2014PETE03,Tobias Peter,2022-04-09,3.08,253
2014PETE03,Tobias Peter,2022-04-15,3.22,254
2014PETE03,Tobias Peter,2022-04-15,3.74,255
2014PETE03,Tobias Peter,2022-04-15,3.38,256
2014PETE03,Tobias Peter,2022-05-21,3.36,257
2014PETE03,Tobias Peter,2022-05-21,2.87,258
2014PETE03,Tobias Peter,2022-05-21,3.28,259
2014PETE03,Tobias Peter,2022-07-02,3.41,260
2014PETE03,Tobias Peter,2022-07-02,3.38,261
2014PETE03,Tobias Peter,2022-08-20,2.73,262
2014PETE03,Tobias Peter,2022-08-20,2.74,263
2014PETE03,Tobias Peter,2022-09-09,3.15,264
2014PETE03,Tobias Peter,2022-09-09,3.39,265
2014PETE03,Tobias Peter,2022-10-08,3.05,266
2014PETE03,Tobias Peter,2022-10-08,3.11,267
2014PETE03,Tobias Peter,2022-11-05,3.0,268
2014PETE03,Tobias Peter,2022-11-05,3.68,269
2014PETE03,Tobias Peter,2022-12-03,3.05,270
2014PETE03,Tobias Peter,2022-12-31,3.7,271
2014PETE03,Tobias Peter,2022-12-31,3.15,272
2014PETE03,Tobias Peter,2023-01-14,3.0,273
2014PETE03,Tobias Peter,2023-01-14,5.1,274
2014PETE03,Tobias Peter,2023-02-04,4.34,275
2014PETE03,Tobias Peter,2023-03-04,4.05,276
2014PETE03,Tobias Peter,2023-03-04,3.2,277
2014PETE03,Tobias Peter,2023-03-04,3.08,278
2014PETE03,Tobias Peter,2023-03-18,3.62,279
2014PETE03,Tobias Peter,2023-03-18,3.67,280
2014PETE03,Tobias Peter,2023-04-01,3.56,281
2014PETE03,Tobias Peter,2023-04-01,3.86,282
2014PETE03,Tobias Peter,2023-04-08,3.77,283
2014PETE03,Tobias Peter,2023-04-08,4.37,284
2014PETE03,Tobias Peter,2023-04-15,3.78,285
2014PETE03,Tobias Peter,2023-04-15,3.6,286
2014PETE03,Tobias Peter,2023-04-15,2.95,287
2014PETE03,Tobias Peter,2023-04-22,3.12,288
2014PETE03,Tobias Peter,2023-04-22,3.96,289
2014PETE03,Tobias Peter,2023-05-27,4.06,290
2014PETE03,Tobias Peter,2023-05-27,3.16,291
2014PETE03,Tobias Peter,2023-05-27,3.3,292
2014PETE03,Tobias Peter,2023-06-24,3.4,293
2014PETE03,Tobias Peter,2023-06-24,3.42,294
2014PETE03,Tobias Peter,2023-07-22,4.11,295
2014PETE03,Tobias Peter,2023-08-12,3.92,296
2014PETE03,Tobias Peter,2023-09-30,3.12,297
2014PETE03,Tobias Peter,2023-10-28,3.54,298
2014PETE03,Tobias Peter,2023-10-28,3.92,299
2014PETE03,Tobias Peter,2023-10-28,3.48,300
2014PETE03,Tobias Peter,2023-11-03,3.02,301
2014PETE03,Tobias Peter,2023-11-03,5.57,302
2014PETE03,Tobias Peter,2023-11-11,2.94,303
2014PETE03,Tobias Peter,2023-11-11,3.98,304
2014PETE03,Tobias Peter,2023-12-08,3.59,305
2014PETE03,Tobias Peter,2023-12-08,4.11,306
2014PETE03,Tobias Peter,2023-12-16,4.08,307
2014PETE03,Tobias Peter,2023-12-16,3.8,308
2014PETE03,Tobias Peter,2024-01-13,2.9,309
2014PETE03,Tobias Peter,2024-01-13,2.98,310
2014PETE03,Tobias Peter,2024-03-02,3.51,311
2014PETE03,Tobias Peter,2024-03-02,2.8,312
2014PETE03,Tobias Peter,2024-03-30,3.16,313
2014PETE03,Tobias Peter,2024-04-20,3.26,314
2014PETE03,Tobias Peter,2024-04-20,4.24,315
2014PETE03,Tobias Peter,2024-05-04,3.23,316
2014PETE03,Tobias Peter,2024-05-04,3.05,317
2014PETE03,Tobias Peter,2024-06-01,3.51,318
2014PETE03,Tobias Peter,2024-06-01,2.84,319
2014PETE03,Tobias Peter,2024-06-08,4.25,320
2014PETE03,Tobias Peter,2024-06-08,3.7,321
2014PETE03,Tobias Peter,2024-06-29,3.66,322
2014PETE03,Tobias Peter,2024-06-29,3.08,323
2014PETE03,Tobias Peter,2024-07-13,4.01,324
2014PETE03,Tobias Peter,2024-07-13,4.05,325
2014PETE03,Tobias Peter,2024-07-25,3.36,326
2014PETE03,Tobias Peter,2024-07-25,3.13,327
2014PETE03,Tobias Peter,2024-08-31,3.68,328
2014PETE03,Tobias Peter,2024-08-31,3.01,329
2014PETE03,Tobias Peter,2024-10-04,3.38,330
2014PETE03,Tobias Peter,2024-10-04,3.34,331
2014PETE03,Tobias Peter,2024-10-04,3.0,332
2014PETE03,Tobias Peter,2024-11-09,3.37,333
2014PETE03,Tobias Peter,2024-11-26,3.01,334
2014PETE03,Tobias Peter,2024-12-14,3.84,335
2014PETE03,Tobias Peter,2024-12-31,3.03,336
2014PETE03,Tobias Peter,2025-01-11,3.27,337
2014PETE03,Tobias Peter,2025-01-11,3.02,338
2014PETE03,Tobias Peter,2025-01-25,3.76,339
2014PETE03,Tobias Peter,2025-04-03,3.14,340
2014PETE03,Tobias Peter,2025-05-03,4.19,341
2014PETE03,Tobias Peter,2025-05-24,3.22,342
2014PETE03,Tobias Peter,2025-05-24,6.11,343
2014PETE03,Tobias Peter,2025-06-07,3.49,344
2014PETE03,Tobias Peter,2025-06-07,3.3,345
2014PETE03,Tobias Peter,2025-06-07,3.68,346
2014PETE03,Tobias Peter,2025-06-21,3.9,347
2014PETE03,Tobias Peter,2025-06-21,3.15,348
2014PETE03,Tobias Peter,2025-07-03,3.45,349
2014PETE03,Tobias Peter,2025-08-10,3.86,350
2014PETE03,Tobias Peter,2025-08-23,3.51,351
2014PETE03,Tobias Peter,2025-08-23,3.37,352
2014PETE03,Tobias Peter,2025-08-30,3.41,353
2014PETE03,Tobias Peter,2025-08-30,3.82,354
2014PETE03,Tobias Peter,2025-09-06,4.77,355
2014PETE03,Tobias Peter,2025-09-06,3.2,356
2014PETE03,Tobias Peter,2025-09-10,3.03,357
2014PETE03,Tobias Peter,2025-09-20,2.9,358
2014PETE03,Tobias Peter,2025-09-20,3.4,359
2014PETE03,Tobias Peter,2025-10-04,2.66,360
2014PETE03,Tobias Peter,2025-10-11,3.63,361
2014PETE03,Tobias Peter,2025-10-11,3.25,362
2014PETE03,Tobias Peter,2025-10-11,3.56,363
2014PETE03,Tobias Peter,2025-10-25,4.28,364
2014PETE03,Tobias Peter,2025-10-25,3.65,365
2014PETE03,Tobias Peter,2025-11-15,3.88,366
2014PETE03,Tobias Peter,2025-11-22,3.36,367
2014PETE03,Tobias Peter,2025-11-22,4.55,368
2014PETE03,Tobias Peter,2025-11-22,2.56,369
2014PETE03,Tobias Peter,2025-12-06,3.72,370
2014PETE03,Tobias Peter,2025-12-18,3.61,371
2014PETE03,Tobias Peter,2025-12-31,3.37,372
2014PETE03,Tobias Peter,2025-12-31,4.62,373
2014PETE03,Tobias Peter,2026-01-02,3.61,374
2014PETE03,Tobias Peter,2026-01-31,3.69,375
2014PETE03,Tobias Peter,2026-01-31,5.58,376
2014PETE03,Tobias Peter,2026-02-21,3.58,377
2014PETE03,Tobias Peter,2026-02-21,3.15,378
2014PETE03,Tobias Peter,2026-03-21,4.48,379
2014PETE03,Tobias Peter,2026-03-21,3.15,380
2014PETE03,Tobias Peter,2026-04-11,2.98,381
2014PETE03,Tobias Peter,2026-04-11,3.37,382
2014PETE03,Tobias Peter,2026-04-11,3.15,383
2014PETE03,Tobias Peter,2026-04-18,4.85,384
2014PETE03,Tobias Peter,2026-04-18,3.15,385
2014PETE03,Tobias Peter,2026-04-18,3.43,386
2014PETE03,Tobias Peter,2026-04-25,2.97,387
2014PETE03,Tobias Peter,2026-04-25,3.82,388
2014PETE03,Tobias Peter,2026-04-25,4.4,389
2014PETE03,Tobias Peter,2026-05-01,3.24,390
2014PETE03,Tobias Peter,2026-05-01,3.36,391
2014PETE03,Tobias Peter,2026-05-09,4.18,392
2014PETE03,Tobias Peter,2026-05-09,3.69,393
2014PETE03,Tobias Peter,2026-05-23,3.93,394
2014PETE03,Tobias Peter,2026-05-23,3.97,395
2014SEBA01,Juliette Sébastien,2015-04-18,5.22,1
2014SEBA01,Juliette Sébastien,2015-04-18,4.81,2
2014SEBA01,Juliette Sébastien,2015-07-04,4.55,3
2014SEBA01,Juliette Sébastien,2015-07-04,4.37,4
2014SEBA01,Juliette Sébastien,2015-10-24,4.8,5
2014SEBA01,Juliette Sébastien,2015-10-24,4.92,6
2014SEBA01,Juliette Sébastien,2015-11-07,3.9,7
2014SEBA01,Juliette Sébastien,2015-11-07,4.09,8
2014SEBA01,Juliette Sébastien,2015-12-19,3.85,9
2014SEBA01,Juliette Sébastien,2015-12-19,4.22,10
2014SEBA01,Juliette Sébastien,2016-02-13,3.23,11
2014SEBA01,Juliette Sébastien,2016-04-30,4.02,12
2014SEBA01,Juliette Sébastien,2016-04-30,3.07,13
2014SEBA01,Juliette Sébastien,2016-05-21,3.64,14
2014SEBA01,Juliette Sébastien,2016-05-21,3.68,15
2014SEBA01,Juliette Sébastien,2016-05-21,3.37,16
2014SEBA01,Juliette Sébastien,2016-07-02,3.52,17
2014SEBA01,Juliette Sébastien,2016-07-02,4.21,18
2014SEBA01,Juliette Sébastien,2016-07-02,4.14,19
2014SEBA01,Juliette Sébastien,2016-07-09,3.65,20
2014SEBA01,Juliette Sébastien,2016-07-09,4.31,21
2014SEBA01,Juliette Sébastien,2016-07-09,3.48,22
2014SEBA01,Juliette Sébastien,2016-07-15,3.33,23
2014SEBA01,Juliette Sébastien,2016-07-15,3.36,24
2014SEBA01,Juliette Sébastien,2016-09-10,4.3,25
2014SEBA01,Juliette Sébastien,2016-09-10,3.57,26
2014SEBA01,Juliette Sébastien,2016-10-15,3.6,27
2014SEBA01,Juliette Sébastien,2016-10-15,3.88,28
2014SEBA01,Juliette Sébastien,2016-10-15,3.46,29
2014SEBA01,Juliette Sébastien,2016-10-29,4.49,30
2014SEBA01,Juliette Sébastien,2016-10-29,2.77,31
2014SEBA01,Juliette Sébastien,2016-10-29,3.93,32
2014SEBA01,Juliette Sébastien,2016-11-01,3.89,33
2014SEBA01,Juliette Sébastien,2016-11-01,3.91,34
2014SEBA01,Juliette Sébastien,2016-11-01,3.22,35
2014SEBA01,Juliette Sébastien,2016-11-11,3.73,36
2014SEBA01,Juliette Sébastien,2016-11-11,3.82,37
2014SEBA01,Juliette Sébastien,2016-11-11,3.52,38
2014SEBA01,Juliette Sébastien,2016-12-03,3.34,39
2014SEBA01,Juliette Sébastien,2016-12-03,2.68,40
2014SEBA01,Juliette Sébastien,2016-12-03,3.67,41
2014SEBA01,Juliette Sébastien,2016-12-17,3.8,42
2014SEBA01,Juliette Sébastien,2016-12-17,3.51,43
2014SEBA01,Juliette Sébastien,2016-12-17,4.02,44
2014SEBA01,Juliette Sébastien,2017-01-28,3.42,45
2014SEBA01,Juliette Sébastien,2017-01-28,4.17,46
2014SEBA01,Juliette Sébastien,2017-01-28,3.8,47
2014SEBA01,Juliette Sébastien,2017-03-04,3.11,48
2014SEBA01,Juliette Sébastien,2017-03-04,2.83,49
2014SEBA01,Juliette Sébastien,2017-03-04,3.48,50
2014SEBA01,Juliette Sébastien,2017-04-08,2.77,51
2014SEBA01,Juliette Sébastien,2017-04-08,3.25,52
2014SEBA01,Juliette Sébastien,2017-04-08,3.23,53
2014SEBA01,Juliette Sébastien,2017-04-29,3.13,54
2014SEBA01,Juliette Sébastien,2017-04-29,3.15,55
2014SEBA01,Juliette Sébastien,2017-04-29,3.2,56
2014SEBA01,Juliette Sébastien,2017-05-27,2.8,57
2014SEBA01,Juliette Sébastien,2017-05-27,3.06,58
2014SEBA01,Juliette Sébastien,2017-05-27,3.34,59
2014SEBA01,Juliette Sébastien,2017-06-04,4.02,60
2014SEBA01,Juliette Sébastien,2017-06-04,2.76,61
2014SEBA01,Juliette Sébastien,2017-06-04,3.04,62
2014SEBA01,Juliette Sébastien,2017-07-07,3.22,63
2014SEBA01,Juliette Sébastien,2017-07-07,3.59,64
2014SEBA01,Juliette Sébastien,2017-07-07,3.42,65
2014SEBA01,Juliette Sébastien,2017-07-13,3.05,66
2014SEBA01,Juliette Sébastien,2017-09-09,2.76,67
2014SEBA01,Juliette Sébastien,2017-09-09,2.88,68
2014SEBA01,Juliette Sébastien,2017-09-23,3.12,69
2014SEBA01,Juliette Sébastien,2017-09-23,3.5,70
2014SEBA01,Juliette Sébastien,2017-09-23,2.8,71
2014SEBA01,Juliette Sébastien,2017-10-27,2.93,72
2014SEBA01,Juliette Sébastien,2017-10-27,3.16,73
2014SEBA01,Juliette Sébastien,2017-10-27,3.08,74
2014SEBA01,Juliette Sébastien,2017-11-11,2.89,75
2014SEBA01,Juliette Sébastien,2017-11-11,2.95,76
2014SEBA01,Juliette Sébastien,2017-11-11,3.15,77
2014SEBA01,Juliette Sébastien,2017-11-25,3.06,78
2014SEBA01,Juliette Sébastien,2017-11-25,3.44,79
2014SEBA01,Juliette Sébastien,2017-11-25,3.25,80
2014SEBA01,Juliette Sébastien,2017-12-02,2.94,81
2014SEBA01,Juliette Sébastien,2017-12-02,2.44,82
2014SEBA01,Juliette Sébastien,2018-02-17,3.49,83
2014SEBA01,Juliette Sébastien,2018-02-17,2.78,84
2014SEBA01,Juliette Sébastien,2018-02-24,2.66,85
2014SEBA01,Juliette Sébastien,2018-02-24,2.02,86
2014SEBA01,Juliette Sébastien,2018-03-31,3.45,87
2014SEBA01,Juliette Sébastien,2018-03-31,3.56,88
2014SEBA01,Juliette Sébastien,2018-04-15,3.85,89
2014SEBA01,Juliette Sébastien,2018-04-15,2.13,90
2014SEBA01,Juliette Sébastien,2018-04-28,3.15,91
2014SEBA01,Juliette Sébastien,2018-04-28,2.67,92
2014SEBA01,Juliette Sébastien,2018-04-28,3.07,93
2014SEBA01,Juliette Sébastien,2018-06-02,3.31,94
2014SEBA01,Juliette Sébastien,2018-06-02,3.72,95
2014SEBA01,Juliette Sébastien,2018-06-02,2.75,96
2014SEBA01,Juliette Sébastien,2018-07-19,3.14,97
2014SEBA01,Juliette Sébastien,2018-07-19,2.71,98
2014SEBA01,Juliette Sébastien,2018-07-19,2.97,99
2014SEBA01,Juliette Sébastien,2018-08-04,3.33,100
2014SEBA01,Juliette Sébastien,2018-08-04,3.89,101
2014SEBA01,Juliette Sébastien,2018-08-25,2.43,102
2014SEBA01,Juliette Sébastien,2018-08-25,2.63,103
2014SEBA01,Juliette Sébastien,2018-08-25,3.12,104
2014SEBA01,Juliette Sébastien,2018-09-08,2.65,105
2014SEBA01,Juliette Sébastien,2018-09-08,2.39,106
2014SEBA01,Juliette Sébastien,2018-09-21,2.8,107
2014SEBA01,Juliette Sébastien,2018-09-21,2.59,108
2014SEBA01,Juliette Sébastien,2018-09-21,2.79,109
2014SEBA01,Juliette Sébastien,2018-10-06,2.53,110
2014SEBA01,Juliette Sébastien,2018-10-06,2.3,111
2014SEBA01,Juliette Sébastien,2018-10-26,2.52,112
2014SEBA01,Juliette Sébastien,2018-10-26,2.89,113
2014SEBA01,Juliette Sébastien,2018-10-26,2.59,114
2014SEBA01,Juliette Sébastien,2018-11-03,2.54,115
2014SEBA01,Juliette Sébastien,2018-11-03,2.68,116
2014SEBA01,Juliette Sébastien,2018-11-03,2.41,117
2014SEBA01,Juliette Sébastien,2018-12-01,3.22,118
2014SEBA01,Juliette Sébastien,2018-12-15,2.54,119
2014SEBA01,Juliette Sébastien,2018-12-15,2.58,120
2014SEBA01,Juliette Sébastien,2019-02-02,3.12,121
2014SEBA01,Juliette Sébastien,2019-02-02,2.02,122
2014SEBA01,Juliette Sébastien,2019-02-02,2.14,123
2014SEBA01,Juliette Sébastien,2019-02-23,3.06,124
2014SEBA01,Juliette Sébastien,2019-02-23,2.57,125
2014SEBA01,Juliette Sébastien,2019-03-15,2.51,126
2014SEBA01,Juliette Sébastien,2019-03-15,2.38,127
2014SEBA01,Juliette Sébastien,2019-04-06,2.35,128
2014SEBA01,Juliette Sébastien,2019-04-06,2.15,129
2014SEBA01,Juliette Sébastien,2019-04-06,2.47,130
2014SEBA01,Juliette Sébastien,2019-04-13,4.04,131
2014SEBA01,Juliette Sébastien,2019-04-13,2.32,132
2014SEBA01,Juliette Sébastien,2019-04-20,2.96,133
2014SEBA01,Juliette Sébastien,2019-04-20,2.93,134
2014SEBA01,Juliette Sébastien,2019-04-20,2.35,135
2014SEBA01,Juliette Sébastien,2019-06-29,2.76,136
2014SEBA01,Juliette Sébastien,2019-06-29,2.25,137
2014SEBA01,Juliette Sébastien,2019-07-11,2.49,138
2014SEBA01,Juliette Sébastien,2019-07-11,2.43,139
2014SEBA01,Juliette Sébastien,2019-07-27,2.44,140
2014SEBA01,Juliette Sébastien,2019-07-27,3.47,141
2014SEBA01,Juliette Sébastien,2019-07-27,2.29,142
2014SEBA01,Juliette Sébastien,2019-08-10,3.41,143
2014SEBA01,Juliette Sébastien,2019-08-10,2.06,144
2014SEBA01,Juliette Sébastien,2019-08-10,1.98,145
2014SEBA01,Juliette Sébastien,2019-09-07,2.27,146
2014SEBA01,Juliette Sébastien,2019-09-07,1.92,147
2014SEBA01,Juliette Sébastien,2019-09-21,2.35,148
2014SEBA01,Juliette Sébastien,2019-09-21,2.75,149
2014SEBA01,Juliette Sébastien,2019-09-21,2.23,150
2014SEBA01,Juliette Sébastien,2019-10-12,2.74,151
2014SEBA01,Juliette Sébastien,2019-10-12,3.1,152
2014SEBA01,Juliette Sébastien,2019-10-12,2.81,153
2014SEBA01,Juliette Sébastien,2019-10-19,2.53,154
2014SEBA01,Juliette Sébastien,2019-10-19,2.0,155
2014SEBA01,Juliette Sébastien,2019-11-09,2.68,156
2014SEBA01,Juliette Sébastien,2019-11-09,2.14,157
2014SEBA01,Juliette Sébastien,2019-12-07,2.06,158
2014SEBA01,Juliette Sébastien,2019-12-07,2.49,159
2014SEBA01,Juliette Sébastien,2020-01-25,2.13,160
2014SEBA01,Juliette Sébastien,2020-01-25,2.46,161
2014SEBA01,Juliette Sébastien,2020-02-15,2.46,162
2014SEBA01,Juliette Sébastien,2020-02-15,1.95,163
2014SEBA01,Juliette Sébastien,2020-02-15,1.89,164
2014SEBA01,Juliette Sébastien,2020-03-07,1.9,165
2014SEBA01,Juliette Sébastien,2020-03-07,2.43,166
2014SEBA01,Juliette Sébastien,2021-07-31,2.32,167
2014SEBA01,Juliette Sébastien,2021-07-31,2.83,168
2014SEBA01,Juliette Sébastien,2021-07-31,2.21,169
2014SEBA01,Juliette Sébastien,2021-08-07,2.7,170
2014SEBA01,Juliette Sébastien,2021-08-07,1.81,171
2014SEBA01,Juliette Sébastien,2021-08-28,3.18,172
2014SEBA01,Juliette Sébastien,2021-08-28,2.03,173
2014SEBA01,Juliette Sébastien,2021-08-28,2.41,174
2014SEBA01,Juliette Sébastien,2021-10-09,2.21,175
2014SEBA01,Juliette Sébastien,2021-10-09,2.0,176
2014SEBA01,Juliette Sébastien,2021-10-16,3.12,177
2014SEBA01,Juliette Sébastien,2021-10-16,2.86,178
2014SEBA01,Juliette Sébastien,2021-10-30,2.2,179
2014SEBA01,Juliette Sébastien,2021-10-30,1.49,180
2014SEBA01,Juliette Sébastien,2021-10-30,2.51,181
2014SEBA01,Juliette Sébastien,2021-11-13,1.9,182
2014SEBA01,Juliette Sébastien,2021-11-13,2.25,183
2014SEBA01,Juliette Sébastien,2022-01-15,2.33,184
2014SEBA01,Juliette Sébastien,2022-01-22,3.39,185
2014SEBA01,Juliette Sébastien,2022-01-22,2.05,186
2014SEBA01,Juliette Sébastien,2022-01-22,2.03,187
2014SEBA01,Juliette Sébastien,2022-02-19,2.83,188
2014SEBA01,Juliette Sébastien,2022-02-19,1.98,189
2014SEBA01,Juliette Sébastien,2022-02-26,2.24,190
2014SEBA01,Juliette Sébastien,2022-02-26,2.42,191
2014SEBA01,Juliette Sébastien,2022-02-26,2.42,192
2014SEBA01,Juliette Sébastien,2022-03-11,2.13,193
2014SEBA01,Juliette Sébastien,2022-03-11,2.72,194
2014SEBA01,Juliette Sébastien,2022-03-26,2.05,195
2014SEBA01,Juliette Sébastien,2022-03-26,2.0,196
2014SEBA01,Juliette Sébastien,2022-04-16,2.69,197
2014SEBA01,Juliette Sébastien,2022-04-16,2.07,198
2014SEBA01,Juliette Sébastien,2022-04-30,2.75,199
2014SEBA01,Juliette Sébastien,2022-04-30,2.54,200
2014SEBA01,Juliette Sébastien,2022-05-21,2.31,201
2014SEBA01,Juliette Sébastien,2022-05-21,2.4,202
2014SEBA01,Juliette Sébastien,2022-06-04,2.63,203
2014SEBA01,Juliette Sébastien,2022-06-04,2.87,204
2014SEBA01,Juliette Sébastien,2022-06-18,2.31,205
2014SEBA01,Juliette Sébastien,2022-06-18,2.56,206
2014SEBA01,Juliette Sébastien,2022-06-18,2.81,207
2014SEBA01,Juliette Sébastien,2022-07-02,2.16,208
2014SEBA01,Juliette Sébastien,2022-07-02,2.13,209
2014SEBA01,Juliette Sébastien,2022-07-09,2.27,210
2014SEBA01,Juliette Sébastien,2022-07-09,2.88,211
2014SEBA01,Juliette Sébastien,2022-07-09,2.65,212
2014SEBA01,Juliette Sébastien,2022-07-14,2.74,213
2014SEBA01,Juliette Sébastien,2022-07-14,3.55,214
2014SEBA01,Juliette Sébastien,2022-07-22,2.7,215
2014SEBA01,Juliette Sébastien,2022-07-22,2.79,216
2014SEBA01,Juliette Sébastien,2022-07-22,4.68,217
2014SEBA01,Juliette Sébastien,2022-08-13,2.59,218
2014SEBA01,Juliette Sébastien,2022-08-13,1.8,219
2014SEBA01,Juliette Sébastien,2022-08-13,2.29,220
2014SEBA01,Juliette Sébastien,2022-08-20,1.97,221
2014SEBA01,Juliette Sébastien,2022-08-20,1.74,222
2014SEBA01,Juliette Sébastien,2022-08-26,2.03,223
2014SEBA01,Juliette Sébastien,2022-08-26,2.56,224
2014SEBA01,Juliette Sébastien,2022-08-26,2.33,225
2014SEBA01,Juliette Sébastien,2022-09-10,2.09,226
2014SEBA01,Juliette Sébastien,2022-09-10,2.2,227
2014SEBA01,Juliette Sébastien,2022-10-15,2.27,228
2014SEBA01,Juliette Sébastien,2022-10-15,2.59,229
2014SEBA01,Juliette Sébastien,2022-10-22,2.33,230
2014SEBA01,Juliette Sébastien,2022-10-22,2.47,231
2014SEBA01,Juliette Sébastien,2022-10-22,2.03,232
2014SEBA01,Juliette Sébastien,2022-11-05,3.52,233
2014SEBA01,Juliette Sébastien,2022-11-05,2.57,234
2014SEBA01,Juliette Sébastien,2022-11-05,2.5,235
2014SEBA01,Juliette Sébastien,2022-11-12,2.35,236
2014SEBA01,Juliette Sébastien,2022-11-12,2.22,237
2014SEBA01,Juliette Sébastien,2022-12-03,2.35,238
2014SEBA01,Juliette Sébastien,2023-01-27,3.02,239
2014SEBA01,Juliette Sébastien,2023-01-27,2.0,240
2014SEBA01,Juliette Sébastien,2023-01-27,2.22,241
2014SEBA01,Juliette Sébastien,2023-02-18,1.91,242
2014SEBA01,Juliette Sébastien,2023-02-18,2.54,243
2014SEBA01,Juliette Sébastien,2023-02-18,2.25,244
2014SEBA01,Juliette Sébastien,2023-02-24,1.86,245
2014SEBA01,Juliette Sébastien,2023-02-24,2.23,246
2014SEBA01,Juliette Sébastien,2023-02-24,1.81,247
2014SEBA01,Juliette Sébastien,2023-03-25,1.86,248
2014SEBA01,Juliette Sébastien,2023-03-25,2.11,249
2014SEBA01,Juliette Sébastien,2023-03-25,2.08,250
2014SEBA01,Juliette Sébastien,2023-04-01,2.57,251
2014SEBA01,Juliette Sébastien,2023-04-01,1.81,252
2014SEBA01,Juliette Sébastien,2023-04-01,2.59,253
2014SEBA01,Juliette Sébastien,2023-04-08,3.0,254
2014SEBA01,Juliette Sébastien,2023-04-08,3.11,255
2014SEBA01,Juliette Sébastien,2023-04-08,2.11,256
2014SEBA01,Juliette Sébastien,2023-04-29,1.99,257
2014SEBA01,Juliette Sébastien,2023-04-29,2.15,258
2014SEBA01,Juliette Sébastien,2023-04-29,2.06,259
2014SEBA01,Juliette Sébastien,2023-05-06,2.53,260
2014SEBA01,Juliette Sébastien,2023-05-06,1.97,261
2014SEBA01,Juliette Sébastien,2023-05-06,2.91,262
2014SEBA01,Juliette Sébastien,2023-05-20,2.16,263
2014SEBA01,Juliette Sébastien,2023-05-20,3.42,264
2014SEBA01,Juliette Sébastien,2023-05-20,2.96,265
2014SEBA01,Juliette Sébastien,2023-05-27,1.99,266
2014SEBA01,Juliette Sébastien,2023-05-27,1.62,267
2014SEBA01,Juliette Sébastien,2023-05-27,1.53,268
2014SEBA01,Juliette Sébastien,2023-06-17,1.73,269
2014SEBA01,Juliette Sébastien,2023-06-17,2.31,270
2014SEBA01,Juliette Sébastien,2023-06-24,2.43,271
2014SEBA01,Juliette Sébastien,2023-06-24,1.98,272
2014SEBA01,Juliette Sébastien,2023-06-24,2.02,273
2014SEBA01,Juliette Sébastien,2023-07-01,2.96,274
2014SEBA01,Juliette Sébastien,2023-07-01,2.11,275
2014SEBA01,Juliette Sébastien,2023-07-08,1.96,276
2014SEBA01,Juliette Sébastien,2023-07-08,2.11,277
2014SEBA01,Juliette Sébastien,2023-07-08,1.84,278
2014SEBA01,Juliette Sébastien,2023-07-14,2.09,279
2014SEBA01,Juliette Sébastien,2023-07-14,1.93,280
2014SEBA01,Juliette Sébastien,2023-08-12,2.12,281
2014SEBA01,Juliette Sébastien,2023-08-12,2.38,282
2014SEBA01,Juliette Sébastien,2023-09-01,2.08,283
2014SEBA01,Juliette Sébastien,2023-09-01,2.21,284
2014SEBA01,Juliette Sébastien,2023-09-01,2.07,285
2014SEBA01,Juliette Sébastien,2023-09-23,1.92,286
2014SEBA01,Juliette Sébastien,2023-09-23,2.01,287
2014SEBA01,Juliette Sébastien,2023-09-23,1.9,288
2014SEBA01,Juliette Sébastien,2023-10-07,2.66,289
2014SEBA01,Juliette Sébastien,2023-10-07,3.11,290
2014SEBA01,Juliette Sébastien,2023-10-20,2.45,291
2014SEBA01,Juliette Sébastien,2023-10-20,1.66,292
2014SEBA01,Juliette Sébastien,2023-10-20,1.82,293
2014SEBA01,Juliette Sébastien,2023-12-02,2.19,294
2014SEBA01,Juliette Sébastien,2023-12-02,2.38,295
2014SEBA01,Juliette Sébastien,2023-12-08,2.41,296
2014SEBA01,Juliette Sébastien,2023-12-08,2.25,297
2014SEBA01,Juliette Sébastien,2023-12-08,1.97,298
2014SEBA01,Juliette Sébastien,2024-01-20,2.07,299
2014SEBA01,Juliette Sébastien,2024-01-20,2.07,300
2014SEBA01,Juliette Sébastien,2024-01-27,2.65,301
2014SEBA01,Juliette Sébastien,2024-01-27,2.01,302
2014SEBA01,Juliette Sébastien,2024-02-17,2.2,303
2014SEBA01,Juliette Sébastien,2024-02-17,2.18,304
2014SEBA01,Juliette Sébastien,2024-02-17,2.07,305
2014SEBA01,Juliette Sébastien,2024-03-02,2.79,306
2014SEBA01,Juliette Sébastien,2024-03-02,2.67,307
2014SEBA01,Juliette Sébastien,2024-03-02,2.85,308
2014SEBA01,Juliette Sébastien,2024-03-16,2.0,309
2014SEBA01,Juliette Sébastien,2024-03-16,2.49,310
2014SEBA01,Juliette Sébastien,2024-03-16,2.7,311
2014SEBA01,Juliette Sébastien,2024-03-30,2.52,312
2014SEBA01,Juliette Sébastien,2024-03-30,1.79,313
2014SEBA01,Juliette Sébastien,2024-04-20,2.37,314
2014SEBA01,Juliette Sébastien,2024-04-20,1.93,315
2014SEBA01,Juliette Sébastien,2024-04-20,2.17,316
2014SEBA01,Juliette Sébastien,2024-04-27,2.03,317
2014SEBA01,Juliette Sébastien,2024-04-27,2.12,318
2014SEBA01,Juliette Sébastien,2024-04-27,2.18,319
2014SEBA01,Juliette Sébastien,2024-05-04,2.47,320
2014SEBA01,Juliette Sébastien,2024-05-04,1.95,321
2014SEBA01,Juliette Sébastien,2024-05-18,2.52,322
2014SEBA01,Juliette Sébastien,2024-05-18,2.06,323
2014SEBA01,Juliette Sébastien,2024-07-19,2.08,324
2014SEBA01,Juliette Sébastien,2024-07-19,2.19,325
2014SEBA01,Juliette Sébastien,2024-07-19,1.86,326
2014SEBA01,Juliette Sébastien,2024-07-25,3.51,327
2014SEBA01,Juliette Sébastien,2024-08-09,2.37,328
2014SEBA01,Juliette Sébastien,2024-08-09,2.22,329
2014SEBA01,Juliette Sébastien,2024-08-09,3.6,330
2014SEBA01,Juliette Sébastien,2024-08-16,2.19,331
2014SEBA01,Juliette Sébastien,2024-08-16,2.06,332
2014SEBA01,Juliette Sébastien,2024-08-31,2.31,333
2014SEBA01,Juliette Sébastien,2024-08-31,2.25,334
2014SEBA01,Juliette Sébastien,2024-09-07,1.9,335
2014SEBA01,Juliette Sébastien,2024-09-07,2.15,336
2014SEBA01,Juliette Sébastien,2024-09-28,1.86,337
2014SEBA01,Juliette Sébastien,2024-09-28,2.15,338
2014SEBA01,Juliette Sébastien,2024-09-28,3.35,339
2014SEBA01,Juliette Sébastien,2024-10-19,2.07,340
2014SEBA01,Juliette Sébastien,2024-10-19,1.71,341
2014SEBA01,Juliette Sébastien,2024-10-19,1.9,342
2014SEBA01,Juliette Sébastien,2024-10-26,1.93,343
2014SEBA01,Juliette Sébastien,2024-10-26,2.33,344
2014SEBA01,Juliette Sébastien,2024-10-26,1.81,345
2014SEBA01,Juliette Sébastien,2024-11-09,2.25,346
2014SEBA01,Juliette Sébastien,2024-11-09,1.68,347
2014SEBA01,Juliette Sébastien,2024-11-09,2.89,348
2014SEBA01,Juliette Sébastien,2024-12-14,2.98,349
2014SEBA01,Juliette Sébastien,2025-01-11,2.06,350
2014SEBA01,Juliette Sébastien,2025-01-11,1.91,351
2014SEBA01,Juliette Sébastien,2025-01-11,3.06,352
2014SEBA01,Juliette Sébastien,2025-01-25,2.39,353
2014SEBA01,Juliette Sébastien,2025-01-25,2.45,354
2014SEBA01,Juliette Sébastien,2025-02-01,3.0,355
2014SEBA01,Juliette Sébastien,2025-02-01,1.99,356
2014SEBA01,Juliette Sébastien,2025-02-15,1.93,357
2014SEBA01,Juliette Sébastien,2025-02-15,1.93,358
2014SEBA01,Juliette Sébastien,2025-03-01,2.91,359
2014SEBA01,Juliette Sébastien,2025-03-01,2.02,360
2014SEBA01,Juliette Sébastien,2025-04-12,2.85,361
2014SEBA01,Juliette Sébastien,2025-04-12,1.71,362
2014SEBA01,Juliette Sébastien,2025-04-12,2.36,363
2014SEBA01,Juliette Sébastien,2025-04-19,2.59,364
2014SEBA01,Juliette Sébastien,2025-04-19,2.97,365
2014SEBA01,Juliette Sébastien,2025-05-03,1.92,366
2014SEBA01,Juliette Sébastien,2025-05-03,2.45,367
2014SEBA01,Juliette Sébastien,2025-06-07,3.1,368
2014SEBA01,Juliette Sébastien,2025-07-03,2.85,369
2014SEBA01,Juliette Sébastien,2025-08-02,2.72,370
2014SEBA01,Juliette Sébastien,2025-08-02,2.34,371
2014SEBA01,Juliette Sébastien,2025-08-15,1.59,372
2014SEBA01,Juliette Sébastien,2025-08-15,2.38,373
2014SEBA01,Juliette Sébastien,2025-08-30,2.06,374
2014SEBA01,Juliette Sébastien,2025-08-30,2.67,375
2014SEBA01,Juliette Sébastien,2025-08-30,1.8,376
2014SEBA01,Juliette Sébastien,2025-09-27,2.32,377
2014SEBA01,Juliette Sébastien,2025-09-27,1.97,378
2014SEBA01,Juliette Sébastien,2025-10-18,3.88,379
2014SEBA01,Juliette Sébastien,2025-10-18,2.65,380
2014SEBA01,Juliette Sébastien,2025-10-18,3.78,381
2014SEBA01,Juliette Sébastien,2025-10-25,2.32,382
2014SEBA01,Juliette Sébastien,2025-10-25,2.08,383
2014SEBA01,Juliette Sébastien,2025-10-25,1.58,384
2014SEBA01,Juliette Sébastien,2025-11-15,2.99,385
2014SEBA01,Juliette Sébastien,2025-11-15,1.92,386
2014SEBA01,Juliette Sébastien,2025-11-15,2.26,387
2014SEBA01,Juliette Sébastien,2026-01-10,2.48,388
2014SEBA01,Juliette Sébastien,2026-01-10,2.15,389
2014SEBA01,Juliette Sébastien,2026-01-10,2.32,390
2014SEBA01,Juliette Sébastien,2026-02-21,2.34,391
2014SEBA01,Juliette Sébastien,2026-02-21,2.47,392
2014SEBA01,Juliette Sébastien,2026-02-21,2.42,393
2014SEBA01,Juliette Sébastien,2026-04-04,2.28,394
2014SEBA01,Juliette Sébastien,2026-04-04,3.13,395
2014SEBA01,Juliette Sébastien,2026-04-18,2.45,396
2014SEBA01,Juliette Sébastien,2026-05-01,2.55,397
2014SEBA01,Juliette Sébastien,2026-05-01,2.41,398
2014SEBA01,Juliette Sébastien,2026-05-22,2.18,399
2014SEBA01,Juliette Sébastien,2026-05-22,2.49,400
2014ZAKR01,Karol Zakrzewski,2014-02-22,7.32,1
2014ZAKR01,Karol Zakrzewski,2014-04-05,6.4,2
2014ZAKR01,Karol Zakrzewski,2014-05-31,6.47,3
2014ZAKR01,Karol Zakrzewski,2015-02-28,4.41,4
2014ZAKR01,Karol Zakrzewski,2015-02-28,5.45,5
2014ZAKR01,Karol Zakrzewski,2015-05-23,8.11,6
2014ZAKR01,Karol Zakrzewski,2015-06-27,5.42,7
2014ZAKR01,Karol Zakrzewski,2015-07-18,4.37,8
2014ZAKR01,Karol Zakrzewski,2015-07-18,4.45,9
2014ZAKR01,Karol Zakrzewski,2015-10-17,5.36,10
2014ZAKR01,Karol Zakrzewski,2015-12-05,3.83,11
2014ZAKR01,Karol Zakrzewski,2015-12-05,4.18,12
2014ZAKR01,Karol Zakrzewski,2016-02-20,4.47,13
2014ZAKR01,Karol Zakrzewski,2016-02-20,3.77,14
2014ZAKR01,Karol Zakrzewski,2016-03-19,4.8,15
2014ZAKR01,Karol Zakrzewski,2016-03-19,3.75,16
2014ZAKR01,Karol Zakrzewski,2016-03-19,3.31,17
2014ZAKR01,Karol Zakrzewski,2016-04-23,4.76,18
2014ZAKR01,Karol Zakrzewski,2016-06-04,3.63,19
2014ZAKR01,Karol Zakrzewski,2016-06-04,4.1,20
2014ZAKR01,Karol Zakrzewski,2016-07-02,3.55,21
2014ZAKR01,Karol Zakrzewski,2016-07-02,4.82,22
2014ZAKR01,Karol Zakrzewski,2016-07-15,4.48,23
2014ZAKR01,Karol Zakrzewski,2016-07-19,3.97,24
2014ZAKR01,Karol Zakrzewski,2016-07-19,4.06,25
2014ZAKR01,Karol Zakrzewski,2016-08-27,3.63,26
2014ZAKR01,Karol Zakrzewski,2016-08-27,3.83,27
2014ZAKR01,Karol Zakrzewski,2016-09-17,3.71,28
2014ZAKR01,Karol Zakrzewski,2016-09-17,4.44,29
2014ZAKR01,Karol Zakrzewski,2016-09-17,4.84,30
2014ZAKR01,Karol Zakrzewski,2016-10-08,6.06,31
2014ZAKR01,Karol Zakrzewski,2016-12-03,3.79,32
2014ZAKR01,Karol Zakrzewski,2016-12-03,4.68,33
2014ZAKR01,Karol Zakrzewski,2016-12-09,3.81,34
2014ZAKR01,Karol Zakrzewski,2016-12-09,3.08,35
2014ZAKR01,Karol Zakrzewski,2016-12-09,4.43,36
2014ZAKR01,Karol Zakrzewski,2016-12-17,3.33,37
2014ZAKR01,Karol Zakrzewski,2016-12-17,4.2,38
2014ZAKR01,Karol Zakrzewski,2017-01-14,4.11,39
2014ZAKR01,Karol Zakrzewski,2017-01-14,3.64,40
2014ZAKR01,Karol Zakrzewski,2017-02-25,5.76,41
2014ZAKR01,Karol Zakrzewski,2017-03-11,4.06,42
2014ZAKR01,Karol Zakrzewski,2017-03-11,3.33,43
2014ZAKR01,Karol Zakrzewski,2017-03-11,4.06,44
2014ZAKR01,Karol Zakrzewski,2017-03-18,3.04,45
2014ZAKR01,Karol Zakrzewski,2017-03-18,2.82,46
2014ZAKR01,Karol Zakrzewski,2017-04-01,3.8,47
2014ZAKR01,Karol Zakrzewski,2017-04-01,3.41,48
2014ZAKR01,Karol Zakrzewski,2017-04-29,3.45,49
2014ZAKR01,Karol Zakrzewski,2017-04-29,3.52,50
2014ZAKR01,Karol Zakrzewski,2017-05-27,3.53,51
2014ZAKR01,Karol Zakrzewski,2017-05-27,2.38,52
2014ZAKR01,Karol Zakrzewski,2017-05-27,5.62,53
2014ZAKR01,Karol Zakrzewski,2017-06-17,3.95,54
2014ZAKR01,Karol Zakrzewski,2017-06-24,3.25,55
2014ZAKR01,Karol Zakrzewski,2017-06-24,3.22,56
2014ZAKR01,Karol Zakrzewski,2017-06-24,3.09,57
2014ZAKR01,Karol Zakrzewski,2017-07-13,2.73,58
2014ZAKR01,Karol Zakrzewski,2017-07-29,4.05,59
2014ZAKR01,Karol Zakrzewski,2017-07-29,2.95,60
2014ZAKR01,Karol Zakrzewski,2017-07-29,3.57,61
2014ZAKR01,Karol Zakrzewski,2017-09-15,3.49,62
2014ZAKR01,Karol Zakrzewski,2017-09-15,3.09,63
2014ZAKR01,Karol Zakrzewski,2017-09-15,3.84,64
2014ZAKR01,Karol Zakrzewski,2017-10-14,2.61,65
2014ZAKR01,Karol Zakrzewski,2017-10-14,2.27,66
2014ZAKR01,Karol Zakrzewski,2017-10-14,5.12,67
2014ZAKR01,Karol Zakrzewski,2017-11-17,3.47,68
2014ZAKR01,Karol Zakrzewski,2017-11-17,2.82,69
2014ZAKR01,Karol Zakrzewski,2017-11-17,2.91,70
2014ZAKR01,Karol Zakrzewski,2017-12-16,3.47,71
2014ZAKR01,Karol Zakrzewski,2017-12-16,2.68,72
2014ZAKR01,Karol Zakrzewski,2017-12-16,3.6,73
2014ZAKR01,Karol Zakrzewski,2018-02-24,3.36,74
2014ZAKR01,Karol Zakrzewski,2018-02-24,2.86,75
2014ZAKR01,Karol Zakrzewski,2018-02-24,3.32,76
2014ZAKR01,Karol Zakrzewski,2018-03-03,3.94,77
2014ZAKR01,Karol Zakrzewski,2018-03-03,2.95,78
2014ZAKR01,Karol Zakrzewski,2018-03-03,2.66,79
2014ZAKR01,Karol Zakrzewski,2018-04-07,2.36,80
2014ZAKR01,Karol Zakrzewski,2018-04-07,3.54,81
2014ZAKR01,Karol Zakrzewski,2018-06-16,3.51,82
2014ZAKR01,Karol Zakrzewski,2018-06-16,3.43,83
2014ZAKR01,Karol Zakrzewski,2018-06-23,5.34,84
2014ZAKR01,Karol Zakrzewski,2018-07-07,3.63,85
2014ZAKR01,Karol Zakrzewski,2018-07-07,2.89,86
2014ZAKR01,Karol Zakrzewski,2018-07-07,3.4,87
2014ZAKR01,Karol Zakrzewski,2018-09-09,3.11,88
2014ZAKR01,Karol Zakrzewski,2018-09-09,3.11,89
2014ZAKR01,Karol Zakrzewski,2018-09-09,3.15,90
2014ZAKR01,Karol Zakrzewski,2018-09-15,2.83,91
2014ZAKR01,Karol Zakrzewski,2018-09-15,4.9,92
2014ZAKR01,Karol Zakrzewski,2018-09-28,3.27,93
2014ZAKR01,Karol Zakrzewski,2018-09-28,3.77,94
2014ZAKR01,Karol Zakrzewski,2018-10-06,4.09,95
2014ZAKR01,Karol Zakrzewski,2018-10-20,3.34,96
2014ZAKR01,Karol Zakrzewski,2018-10-20,3.07,97
2014ZAKR01,Karol Zakrzewski,2018-10-20,2.9,98
2014ZAKR01,Karol Zakrzewski,2018-10-26,3.44,99
2014ZAKR01,Karol Zakrzewski,2018-11-10,3.42,100
2014ZAKR01,Karol Zakrzewski,2018-11-10,3.15,101
2014ZAKR01,Karol Zakrzewski,2018-11-17,4.43,102
2014ZAKR01,Karol Zakrzewski,2018-12-01,3.48,103
2014ZAKR01,Karol Zakrzewski,2018-12-01,3.85,104
2014ZAKR01,Karol Zakrzewski,2018-12-08,2.91,105
2014ZAKR01,Karol Zakrzewski,2018-12-08,2.82,106
2014ZAKR01,Karol Zakrzewski,2018-12-08,3.06,107
2014ZAKR01,Karol Zakrzewski,2018-12-15,3.66,108
2014ZAKR01,Karol Zakrzewski,2018-12-15,3.6,109
2014ZAKR01,Karol Zakrzewski,2019-02-02,4.14,110
2014ZAKR01,Karol Zakrzewski,2019-02-02,3.97,111
2014ZAKR01,Karol Zakrzewski,2019-03-02,4.11,112
2014ZAKR01,Karol Zakrzewski,2019-03-02,3.66,113
2014ZAKR01,Karol Zakrzewski,2019-03-16,3.04,114
2014ZAKR01,Karol Zakrzewski,2019-03-16,2.92,115
2014ZAKR01,Karol Zakrzewski,2019-04-06,4.54,116
2014ZAKR01,Karol Zakrzewski,2019-05-11,4.34,117
2014ZAKR01,Karol Zakrzewski,2019-05-11,2.86,118
2014ZAKR01,Karol Zakrzewski,2019-05-11,2.53,119
2014ZAKR01,Karol Zakrzewski,2019-07-06,3.6,120
2014ZAKR01,Karol Zakrzewski,2019-07-06,3.92,121
2014ZAKR01,Karol Zakrzewski,2019-08-24,3.94,122
2014ZAKR01,Karol Zakrzewski,2019-09-28,3.86,123
2014ZAKR01,Karol Zakrzewski,2019-09-28,3.51,124
2014ZAKR01,Karol Zakrzewski,2019-10-05,3.4,125
2014ZAKR01,Karol Zakrzewski,2019-10-05,3.92,126
2014ZAKR01,Karol Zakrzewski,2019-10-11,3.63,127
2014ZAKR01,Karol Zakrzewski,2019-10-11,3.29,128
2014ZAKR01,Karol Zakrzewski,2019-10-11,3.7,129
2014ZAKR01,Karol Zakrzewski,2019-10-26,2.71,130
2014ZAKR01,Karol Zakrzewski,2019-10-26,2.81,131
2014ZAKR01,Karol Zakrzewski,2019-12-06,2.87,132
2014ZAKR01,Karol Zakrzewski,2019-12-06,3.35,133
2014ZAKR01,Karol Zakrzewski,2019-12-06,3.18,134
2014ZAKR01,Karol Zakrzewski,2019-12-21,4.5,135
2014ZAKR01,Karol Zakrzewski,2019-12-21,3.63,136
2014ZAKR01,Karol Zakrzewski,2020-01-25,3.36,137
2014ZAKR01,Karol Zakrzewski,2020-01-25,2.95,138
2014ZAKR01,Karol Zakrzewski,2020-01-25,3.59,139
2014ZAKR01,Karol Zakrzewski,2020-03-07,2.98,140
2014ZAKR01,Karol Zakrzewski,2020-03-07,4.35,141
2014ZAKR01,Karol Zakrzewski,2020-08-22,4.25,142
2014ZAKR01,Karol Zakrzewski,2021-07-03,4.42,143
2014ZAKR01,Karol Zakrzewski,2021-07-10,4.07,144
2014ZAKR01,Karol Zakrzewski,2021-07-24,3.13,145
2014ZAKR01,Karol Zakrzewski,2021-07-24,2.53,146
2014ZAKR01,Karol Zakrzewski,2021-07-24,3.64,147
2014ZAKR01,Karol Zakrzewski,2021-08-07,2.12,148
2014ZAKR01,Karol Zakrzewski,2021-08-28,3.07,149
2014ZAKR01,Karol Zakrzewski,2021-08-28,2.96,150
2014ZAKR01,Karol Zakrzewski,2021-09-11,3.95,151
2014ZAKR01,Karol Zakrzewski,2021-09-11,3.69,152
2014ZAKR01,Karol Zakrzewski,2021-09-18,3.94,153
2014ZAKR01,Karol Zakrzewski,2021-10-01,3.4,154
2014ZAKR01,Karol Zakrzewski,2021-11-06,3.88,155
2014ZAKR01,Karol Zakrzewski,2022-03-12,3.64,156
2014ZAKR01,Karol Zakrzewski,2022-03-12,3.31,157
2014ZAKR01,Karol Zakrzewski,2022-06-04,4.19,158
2014ZAKR01,Karol Zakrzewski,2022-06-18,3.29,159
2014ZAKR01,Karol Zakrzewski,2022-06-18,2.76,160
2014ZAKR01,Karol Zakrzewski,2022-06-18,3.16,161
2014ZAKR01,Karol Zakrzewski,2022-07-02,3.81,162
2014ZAKR01,Karol Zakrzewski,2022-07-02,5.47,163
2014ZAKR01,Karol Zakrzewski,2022-07-08,3.07,164
2014ZAKR01,Karol Zakrzewski,2022-07-08,2.56,165
2014ZAKR01,Karol Zakrzewski,2022-07-30,3.29,166
2014ZAKR01,Karol Zakrzewski,2022-07-30,4.15,167
2014ZAKR01,Karol Zakrzewski,2022-08-06,3.98,168
2014ZAKR01,Karol Zakrzewski,2022-08-27,4.88,169
2014ZAKR01,Karol Zakrzewski,2022-09-17,2.87,170
2014ZAKR01,Karol Zakrzewski,2022-09-17,2.9,171
2014ZAKR01,Karol Zakrzewski,2022-09-17,3.02,172
2014ZAKR01,Karol Zakrzewski,2022-10-01,3.18,173
2014ZAKR01,Karol Zakrzewski,2022-10-01,3.39,174
2014ZAKR01,Karol Zakrzewski,2022-10-15,2.91,175
2014ZAKR01,Karol Zakrzewski,2022-10-15,3.41,176
2014ZAKR01,Karol Zakrzewski,2022-10-15,2.62,177
2014ZAKR01,Karol Zakrzewski,2022-11-05,4.11,178
2014ZAKR01,Karol Zakrzewski,2022-11-12,3.09,179
2014ZAKR01,Karol Zakrzewski,2022-11-12,2.71,180
2014ZAKR01,Karol Zakrzewski,2022-11-12,2.29,181
2014ZAKR01,Karol Zakrzewski,2022-11-19,2.94,182
2014ZAKR01,Karol Zakrzewski,2022-11-19,2.46,183
2014ZAKR01,Karol Zakrzewski,2022-11-19,3.15,184
2014ZAKR01,Karol Zakrzewski,2022-11-26,2.9,185
2014ZAKR01,Karol Zakrzewski,2022-11-26,3.37,186
2014ZAKR01,Karol Zakrzewski,2022-12-17,2.87,187
2014ZAKR01,Karol Zakrzewski,2022-12-17,3.56,188
2014ZAKR01,Karol Zakrzewski,2023-01-07,2.86,189
2014ZAKR01,Karol Zakrzewski,2023-01-07,2.76,190
2014ZAKR01,Karol Zakrzewski,2023-01-07,3.91,191
2014ZAKR01,Karol Zakrzewski,2023-01-28,3.68,192
2014ZAKR01,Karol Zakrzewski,2023-01-28,3.35,193
2014ZAKR01,Karol Zakrzewski,2023-02-04,3.67,194
2014ZAKR01,Karol Zakrzewski,2023-02-04,3.06,195
2014ZAKR01,Karol Zakrzewski,2023-02-04,3.86,196
2014ZAKR01,Karol Zakrzewski,2023-02-11,2.51,197
2014ZAKR01,Karol Zakrzewski,2023-02-11,3.12,198
2014ZAKR01,Karol Zakrzewski,2023-02-18,2.26,199
2014ZAKR01,Karol Zakrzewski,2023-02-18,2.56,200
2014ZAKR01,Karol Zakrzewski,2023-02-18,2.95,201
2014ZAKR01,Karol Zakrzewski,2023-02-25,3.35,202
2014ZAKR01,Karol Zakrzewski,2023-02-25,2.79,203
2014ZAKR01,Karol Zakrzewski,2023-03-04,2.78,204
2014ZAKR01,Karol Zakrzewski,2023-03-04,2.47,205
2014ZAKR01,Karol Zakrzewski,2023-03-04,2.99,206
2014ZAKR01,Karol Zakrzewski,2023-03-18,2.87,207
2014ZAKR01,Karol Zakrzewski,2023-03-18,2.88,208
2014ZAKR01,Karol Zakrzewski,2023-04-01,3.67,209
2014ZAKR01,Karol Zakrzewski,2023-04-01,3.38,210
2014ZAKR01,Karol Zakrzewski,2023-04-01,3.65,211
2014ZAKR01,Karol Zakrzewski,2023-04-15,2.74,212
2014ZAKR01,Karol Zakrzewski,2023-04-15,3.39,213
2014ZAKR01,Karol Zakrzewski,2023-04-15,4.99,214
2014ZAKR01,Karol Zakrzewski,2023-05-27,3.31,215
2014ZAKR01,Karol Zakrzewski,2023-05-27,2.53,216
2014ZAKR01,Karol Zakrzewski,2023-06-03,3.15,217
2014ZAKR01,Karol Zakrzewski,2023-06-03,2.69,218
2014ZAKR01,Karol Zakrzewski,2023-06-03,2.99,219
2014ZAKR01,Karol Zakrzewski,2023-06-10,3.6,220
2014ZAKR01,Karol Zakrzewski,2023-06-10,2.87,221
2014ZAKR01,Karol Zakrzewski,2023-06-10,3.29,222
2014ZAKR01,Karol Zakrzewski,2023-06-24,3.64,223
2014ZAKR01,Karol Zakrzewski,2023-06-24,3.05,224
2014ZAKR01,Karol Zakrzewski,2023-06-30,2.63,225
2014ZAKR01,Karol Zakrzewski,2023-06-30,2.88,226
2014ZAKR01,Karol Zakrzewski,2023-06-30,3.1,227
2014ZAKR01,Karol Zakrzewski,2023-07-08,2.79,228
2014ZAKR01,Karol Zakrzewski,2023-07-08,3.2,229
2014ZAKR01,Karol Zakrzewski,2023-08-12,2.97,230
2014ZAKR01,Karol Zakrzewski,2023-08-12,3.99,231
2014ZAKR01,Karol Zakrzewski,2023-08-19,4.24,232
2014ZAKR01,Karol Zakrzewski,2023-08-19,3.51,233
2014ZAKR01,Karol Zakrzewski,2023-09-02,2.57,234
2014ZAKR01,Karol Zakrzewski,2023-09-02,4.03,235
2014ZAKR01,Karol Zakrzewski,2023-09-03,4.14,236
2014ZAKR01,Karol Zakrzewski,2023-09-16,3.61,237
2014ZAKR01,Karol Zakrzewski,2023-09-16,3.18,238
2014ZAKR01,Karol Zakrzewski,2023-09-16,3.03,239
2014ZAKR01,Karol Zakrzewski,2023-10-06,2.74,240
2014ZAKR01,Karol Zakrzewski,2023-10-06,2.33,241
2014ZAKR01,Karol Zakrzewski,2023-10-06,3.89,242
2014ZAKR01,Karol Zakrzewski,2023-10-14,3.37,243
2014ZAKR01,Karol Zakrzewski,2023-11-11,3.37,244
2014ZAKR01,Karol Zakrzewski,2023-11-25,2.9,245
2014ZAKR01,Karol Zakrzewski,2023-11-25,3.42,246
2014ZAKR01,Karol Zakrzewski,2023-12-09,3.48,247
2014ZAKR01,Karol Zakrzewski,2023-12-09,3.48,248
2014ZAKR01,Karol Zakrzewski,2024-01-13,3.38,249
2014ZAKR01,Karol Zakrzewski,2024-01-20,3.22,250
2014ZAKR01,Karol Zakrzewski,2024-01-20,3.21,251
2014ZAKR01,Karol Zakrzewski,2024-01-20,2.77,252
2014ZAKR01,Karol Zakrzewski,2024-02-03,4.41,253
2014ZAKR01,Karol Zakrzewski,2024-02-10,4.83,254
2014ZAKR01,Karol Zakrzewski,2024-02-10,2.85,255
2014ZAKR01,Karol Zakrzewski,2024-02-10,2.4,256
2014ZAKR01,Karol Zakrzewski,2024-03-02,3.02,257
2014ZAKR01,Karol Zakrzewski,2024-03-02,3.47,258
2014ZAKR01,Karol Zakrzewski,2024-03-16,4.21,259
2014ZAKR01,Karol Zakrzewski,2024-03-23,4.21,260
2014ZAKR01,Karol Zakrzewski,2024-03-23,3.75,261
2014ZAKR01,Karol Zakrzewski,2024-04-06,3.86,262
2014ZAKR01,Karol Zakrzewski,2024-04-13,4.47,263
2014ZAKR01,Karol Zakrzewski,2024-04-13,4.1,264
2014ZAKR01,Karol Zakrzewski,2024-04-20,4.89,265
2014ZAKR01,Karol Zakrzewski,2024-05-11,3.43,266
2014ZAKR01,Karol Zakrzewski,2024-05-11,3.44,267
2014ZAKR01,Karol Zakrzewski,2024-05-17,3.6,268
2014ZAKR01,Karol Zakrzewski,2024-05-31,2.6,269
2014ZAKR01,Karol Zakrzewski,2024-05-31,3.48,270
2014ZAKR01,Karol Zakrzewski,2024-06-08,3.49,271
2014ZAKR01,Karol Zakrzewski,2024-06-15,2.77,272
2014ZAKR01,Karol Zakrzewski,2024-06-15,3.07,273
2014ZAKR01,Karol Zakrzewski,2024-06-15,4.13,274
2014ZAKR01,Karol Zakrzewski,2024-06-22,3.59,275
2014ZAKR01,Karol Zakrzewski,2024-06-22,2.91,276
2014ZAKR01,Karol Zakrzewski,2024-06-29,4.85,277
2014ZAKR01,Karol Zakrzewski,2024-06-29,3.85,278
2014ZAKR01,Karol Zakrzewski,2024-07-06,4.45,279
2014ZAKR01,Karol Zakrzewski,2024-07-06,2.61,280
2014ZAKR01,Karol Zakrzewski,2024-07-13,3.15,281
2014ZAKR01,Karol Zakrzewski,2024-07-13,2.57,282
2014ZAKR01,Karol Zakrzewski,2024-07-27,2.77,283
2014ZAKR01,Karol Zakrzewski,2024-08-03,3.76,284
2014ZAKR01,Karol Zakrzewski,2024-08-03,3.54,285
2014ZAKR01,Karol Zakrzewski,2024-08-03,4.19,286
2014ZAKR01,Karol Zakrzewski,2024-08-10,3.0,287
2014ZAKR01,Karol Zakrzewski,2024-08-24,3.16,288
2014ZAKR01,Karol Zakrzewski,2024-08-24,3.49,289
2014ZAKR01,Karol Zakrzewski,2024-09-14,3.66,290
2014ZAKR01,Karol Zakrzewski,2024-09-14,4.85,291
2014ZAKR01,Karol Zakrzewski,2024-09-21,4.52,292
2014ZAKR01,Karol Zakrzewski,2024-09-28,2.58,293
2014ZAKR01,Karol Zakrzewski,2024-09-28,3.15,294
2014ZAKR01,Karol Zakrzewski,2024-10-12,3.41,295
2014ZAKR01,Karol Zakrzewski,2024-10-12,2.44,296
2014ZAKR01,Karol Zakrzewski,2024-10-26,4.59,297
2014ZAKR01,Karol Zakrzewski,2024-11-07,2.72,298
2014ZAKR01,Karol Zakrzewski,2024-11-07,3.38,299
2014ZAKR01,Karol Zakrzewski,2024-11-16,2.61,300
2014ZAKR01,Karol Zakrzewski,2024-11-16,3.93,301
2014ZAKR01,Karol Zakrzewski,2024-11-23,4.47,302
2014ZAKR01,Karol Zakrzewski,2024-11-23,2.36,303
2014ZAKR01,Karol Zakrzewski,2024-11-23,2.24,304
2014ZAKR01,Karol Zakrzewski,2024-12-07,2.8,305
2014ZAKR01,Karol Zakrzewski,2024-12-07,2.54,306
2014ZAKR01,Karol Zakrzewski,2025-01-11,3.25,307
2014ZAKR01,Karol Zakrzewski,2025-01-11,2.61,308
2014ZAKR01,Karol Zakrzewski,2025-01-25,3.7,309
2014ZAKR01,Karol Zakrzewski,2025-01-25,2.85,310
2014ZAKR01,Karol Zakrzewski,2025-01-25,2.86,311
2014ZAKR01,Karol Zakrzewski,2025-02-01,5.93,312
2014ZAKR01,Karol Zakrzewski,2025-02-08,4.07,313
2014ZAKR01,Karol Zakrzewski,2025-02-08,3.14,314
2014ZAKR01,Karol Zakrzewski,2025-02-15,2.08,315
2014ZAKR01,Karol Zakrzewski,2025-02-15,3.33,316
2014ZAKR01,Karol Zakrzewski,2025-02-16,4.43,317
2014ZAKR01,Karol Zakrzewski,2025-02-16,2.72,318
2014ZAKR01,Karol Zakrzewski,2025-02-21,3.69,319
2014ZAKR01,Karol Zakrzewski,2025-02-21,3.86,320
2014ZAKR01,Karol Zakrzewski,2025-03-08,4.91,321
2014ZAKR01,Karol Zakrzewski,2025-03-08,5.8,322
2014ZAKR01,Karol Zakrzewski,2025-03-15,3.24,323
2014ZAKR01,Karol Zakrzewski,2025-03-22,4.0,324
2014ZAKR01,Karol Zakrzewski,2025-03-29,3.2,325
2014ZAKR01,Karol Zakrzewski,2025-03-29,4.23,326
2014ZAKR01,Karol Zakrzewski,2025-04-05,4.88,327
2014ZAKR01,Karol Zakrzewski,2025-04-05,4.42,328
2014ZAKR01,Karol Zakrzewski,2025-04-12,3.66,329
2014ZAKR01,Karol Zakrzewski,2025-04-12,4.4,330
2014ZAKR01,Karol Zakrzewski,2025-04-26,3.82,331
2014ZAKR01,Karol Zakrzewski,2025-05-10,3.17,332
2014ZAKR01,Karol Zakrzewski,2025-05-10,3.52,333
2014ZAKR01,Karol Zakrzewski,2025-05-17,2.86,334
2014ZAKR01,Karol Zakrzewski,2025-05-17,4.41,335
2014ZAKR01,Karol Zakrzewski,2025-06-01,3.18,336
2014ZAKR01,Karol Zakrzewski,2025-06-01,2.27,337
2014ZAKR01,Karol Zakrzewski,2025-06-14,3.38,338
2014ZAKR01,Karol Zakrzewski,2025-06-14,3.06,339
2014ZAKR01,Karol Zakrzewski,2025-06-21,3.92,340
2014ZAKR01,Karol Zakrzewski,2025-06-28,3.1,341
2014ZAKR01,Karol Zakrzewski,2025-06-28,2.56,342
2014ZAKR01,Karol Zakrzewski,2025-06-28,3.19,343
2014ZAKR01,Karol Zakrzewski,2025-07-04,4.0,344
2014ZAKR01,Karol Zakrzewski,2025-07-11,3.36,345
2014ZAKR01,Karol Zakrzewski,2025-07-11,2.7,346
2014ZAKR01,Karol Zakrzewski,2025-07-19,3.05,347
2014ZAKR01,Karol Zakrzewski,2025-07-19,4.16,348
2014ZAKR01,Karol Zakrzewski,2025-07-19,2.81,349
2014ZAKR01,Karol Zakrzewski,2025-07-26,3.51,350
2014ZAKR01,Karol Zakrzewski,2025-08-02,4.46,351
2014ZAKR01,Karol Zakrzewski,2025-08-02,2.97,352
2014ZAKR01,Karol Zakrzewski,2025-08-23,2.6,353
2014ZAKR01,Karol Zakrzewski,2025-08-23,3.33,354
2014ZAKR01,Karol Zakrzewski,2025-08-30,2.7,355
2014ZAKR01,Karol Zakrzewski,2025-08-30,2.94,356
2014ZAKR01,Karol Zakrzewski,2025-08-30,2.78,357
2014ZAKR01,Karol Zakrzewski,2025-09-05,2.78,358
2014ZAKR01,Karol Zakrzewski,2025-09-05,2.94,359
2014ZAKR01,Karol Zakrzewski,2025-09-13,2.59,360
2014ZAKR01,Karol Zakrzewski,2025-09-13,3.59,361
2014ZAKR01,Karol Zakrzewski,2025-09-20,2.98,362
2014ZAKR01,Karol Zakrzewski,2025-09-27,3.23,363
2014ZAKR01,Karol Zakrzewski,2025-10-04,3.81,364
2014ZAKR01,Karol Zakrzewski,2025-10-04,3.45,365
2014ZAKR01,Karol Zakrzewski,2025-10-12,3.2,366
2014ZAKR01,Karol Zakrzewski,2025-10-12,2.66,367
2014ZAKR01,Karol Zakrzewski,2025-10-18,2.44,368
2014ZAKR01,Karol Zakrzewski,2025-10-18,3.05,369
2014ZAKR01,Karol Zakrzewski,2025-10-18,2.89,370
2014ZAKR01,Karol Zakrzewski,2025-10-25,2.64,371
2014ZAKR01,Karol Zakrzewski,2025-10-25,2.32,372
2014ZAKR01,Karol Zakrzewski,2025-11-02,2.49,373
2014ZAKR01,Karol Zakrzewski,2025-11-13,4.33,374
2014ZAKR01,Karol Zakrzewski,2025-11-22,3.5,375
2014ZAKR01,Karol Zakrzewski,2025-11-22,4.03,376
2014ZAKR01,Karol Zakrzewski,2025-11-29,2.19,377
2014ZAKR01,Karol Zakrzewski,2025-11-29,2.76,378
2014ZAKR01,Karol Zakrzewski,2025-12-06,2.84,379
2014ZAKR01,Karol Zakrzewski,2025-12-06,2.89,380
2014ZAKR01,Karol Zakrzewski,2025-12-13,3.15,381
2014ZAKR01,Karol Zakrzewski,2025-12-13,3.75,382
2014ZAKR01,Karol Zakrzewski,2025-12-20,2.52,383
2014ZAKR01,Karol Zakrzewski,2025-12-20,3.13,384
2014ZAKR01,Karol Zakrzewski,2026-01-10,3.54,385
2014ZAKR01,Karol Zakrzewski,2026-01-24,2.68,386
2014ZAKR01,Karol Zakrzewski,2026-01-24,3.66,387
2014ZAKR01,Karol Zakrzewski,2026-01-31,2.61,388
2014ZAKR01,Karol Zakrzewski,2026-01-31,4.11,389
2014ZAKR01,Karol Zakrzewski,2026-02-14,3.4,390
2014ZAKR01,Karol Zakrzewski,2026-02-21,2.82,391
2014ZAKR01,Karol Zakrzewski,2026-02-21,3.56,392
2014ZAKR01,Karol Zakrzewski,2026-03-07,2.74,393
2014ZAKR01,Karol Zakrzewski,2026-03-07,3.42,394
2014ZAKR01,Karol Zakrzewski,2026-03-07,2.69,395
2014ZAKR01,Karol Zakrzewski,2026-03-28,2.96,396
2014ZAKR01,Karol Zakrzewski,2026-03-28,2.72,397
2014ZAKR01,Karol Zakrzewski,2026-03-28,2.9,398
2014ZAKR01,Karol Zakrzewski,2026-04-11,3.05,399
2014ZAKR01,Karol Zakrzewski,2026-04-11,2.71,400
2014ZAKR01,Karol Zakrzewski,2026-04-11,3.52,401
2014ZAKR01,Karol Zakrzewski,2026-04-18,3.66,402
2014ZAKR01,Karol Zakrzewski,2026-04-18,2.54,403
2014ZAKR01,Karol Zakrzewski,2026-04-25,4.34,404
2014ZAKR01,Karol Zakrzewski,2026-05-01,6.35,405
2014ZAKR01,Karol Zakrzewski,2026-05-01,2.99,406
2014ZAKR01,Karol Zakrzewski,2026-05-01,2.94,407
2014ZAKR01,Karol Zakrzewski,2026-05-16,3.03,408
2014ZAKR01,Karol Zakrzewski,2026-05-16,3.33,409
2015KUCA01,Carter Kucala,2015-10-24,6.51,1
2015KUCA01,Carter Kucala,2015-10-24,8.1,2
2015KUCA01,Carter Kucala,2016-05-21,4.66,3
2015KUCA01,Carter Kucala,2016-05-21,6.23,4
2015KUCA01,Carter Kucala,2016-11-05,4.55,5
2015KUCA01,Carter Kucala,2016-11-05,4.48,6
2015KUCA01,Carter Kucala,2016-11-05,4.89,7
2015KUCA01,Carter Kucala,2016-11-12,4.95,8
2015KUCA01,Carter Kucala,2016-11-12,4.51,9
2015KUCA01,Carter Kucala,2017-05-06,3.47,10
2015KUCA01,Carter Kucala,2017-05-06,2.9,11
2015KUCA01,Carter Kucala,2017-05-06,4.07,12
2015KUCA01,Carter Kucala,2017-07-01,3.21,13
2015KUCA01,Carter Kucala,2017-07-01,2.79,14
2015KUCA01,Carter Kucala,2017-07-01,6.13,15
2015KUCA01,Carter Kucala,2017-07-07,4.7,16
2015KUCA01,Carter Kucala,2017-08-05,4.01,17
2015KUCA01,Carter Kucala,2017-08-05,6.16,18
2015KUCA01,Carter Kucala,2017-10-28,2.72,19
2015KUCA01,Carter Kucala,2017-10-28,4.98,20
2015KUCA01,Carter Kucala,2017-11-12,2.82,21
2015KUCA01,Carter Kucala,2017-11-12,4.03,22
2015KUCA01,Carter Kucala,2017-12-09,4.28,23
2015KUCA01,Carter Kucala,2017-12-09,3.57,24
2015KUCA01,Carter Kucala,2017-12-09,4.96,25
2015KUCA01,Carter Kucala,2018-03-09,2.63,26
2015KUCA01,Carter Kucala,2018-03-09,2.21,27
2015KUCA01,Carter Kucala,2018-03-09,4.02,28
2015KUCA01,Carter Kucala,2018-03-31,3.14,29
2015KUCA01,Carter Kucala,2018-03-31,2.47,30
2015KUCA01,Carter Kucala,2018-04-14,2.14,31
2015KUCA01,Carter Kucala,2018-04-14,3.18,32
2015KUCA01,Carter Kucala,2018-05-12,2.65,33
2015KUCA01,Carter Kucala,2018-05-12,2.49,34
2015KUCA01,Carter Kucala,2018-05-12,2.69,35
2015KUCA01,Carter Kucala,2018-07-27,3.04,36
2015KUCA01,Carter Kucala,2018-07-27,3.52,37
2015KUCA01,Carter Kucala,2018-08-11,3.05,38
2015KUCA01,Carter Kucala,2018-08-11,2.88,39
2015KUCA01,Carter Kucala,2018-09-02,3.75,40
2015KUCA01,Carter Kucala,2018-09-02,2.79,41
2015KUCA01,Carter Kucala,2018-09-02,3.68,42
2015KUCA01,Carter Kucala,2018-10-07,4.47,43
2015KUCA01,Carter Kucala,2018-10-07,2.81,44
2015KUCA01,Carter Kucala,2018-10-20,2.95,45
2015KUCA01,Carter Kucala,2018-10-20,2.27,46
2015KUCA01,Carter Kucala,2018-10-20,1.9,47
2015KUCA01,Carter Kucala,2018-11-17,2.37,48
2015KUCA01,Carter Kucala,2018-11-17,3.68,49
2015KUCA01,Carter Kucala,2018-11-17,2.19,50
2015KUCA01,Carter Kucala,2018-12-15,2.71,51
2015KUCA01,Carter Kucala,2018-12-15,3.99,52
2015KUCA01,Carter Kucala,2018-12-15,3.37,53
2015KUCA01,Carter Kucala,2019-01-26,2.53,54
2015KUCA01,Carter Kucala,2019-01-26,2.52,55
2015KUCA01,Carter Kucala,2019-02-09,2.66,56
2015KUCA01,Carter Kucala,2019-02-09,3.12,57
2015KUCA01,Carter Kucala,2019-03-09,2.69,58
2015KUCA01,Carter Kucala,2019-03-09,2.56,59
2015KUCA01,Carter Kucala,2019-03-09,2.73,60
2015KUCA01,Carter Kucala,2019-04-13,2.11,61
2015KUCA01,Carter Kucala,2019-04-13,2.02,62
2015KUCA01,Carter Kucala,2019-05-24,2.33,63
2015KUCA01,Carter Kucala,2019-05-24,4.57,64
2015KUCA01,Carter Kucala,2019-06-16,2.91,65
2015KUCA01,Carter Kucala,2019-06-22,3.09,66
2015KUCA01,Carter Kucala,2019-06-22,1.94,67
2015KUCA01,Carter Kucala,2019-06-22,1.55,68
2015KUCA01,Carter Kucala,2019-07-11,3.64,69
2015KUCA01,Carter Kucala,2019-07-11,1.7,70
2015KUCA01,Carter Kucala,2019-07-11,2.45,71
2015KUCA01,Carter Kucala,2019-08-01,2.48,72
2015KUCA01,Carter Kucala,2019-08-01,2.53,73
2015KUCA01,Carter Kucala,2019-08-01,2.3,74
2015KUCA01,Carter Kucala,2019-09-21,3.61,75
2015KUCA01,Carter Kucala,2019-09-28,2.48,76
2015KUCA01,Carter Kucala,2019-09-28,1.94,77
2015KUCA01,Carter Kucala,2019-09-28,2.35,78
2015KUCA01,Carter Kucala,2019-10-05,2.59,79
2015KUCA01,Carter Kucala,2019-10-05,1.86,80
2015KUCA01,Carter Kucala,2019-10-19,2.72,81
2015KUCA01,Carter Kucala,2019-10-19,2.02,82
2015KUCA01,Carter Kucala,2019-11-23,1.77,83
2015KUCA01,Carter Kucala,2019-11-23,2.53,84
2015KUCA01,Carter Kucala,2019-11-23,1.83,85
2015KUCA01,Carter Kucala,2019-12-30,2.16,86
2015KUCA01,Carter Kucala,2019-12-30,1.61,87
2015KUCA01,Carter Kucala,2020-02-16,1.94,88
2015KUCA01,Carter Kucala,2020-02-16,1.91,89
2015KUCA01,Carter Kucala,2020-03-07,2.41,90
2015KUCA01,Carter Kucala,2020-03-07,2.14,91
2015KUCA01,Carter Kucala,2020-03-07,2.04,92
2015KUCA01,Carter Kucala,2021-07-17,1.64,93
2015KUCA01,Carter Kucala,2021-07-17,1.55,94
2015KUCA01,Carter Kucala,2021-07-24,2.47,95
2015KUCA01,Carter Kucala,2021-07-24,1.99,96
2015KUCA01,Carter Kucala,2021-07-24,1.66,97
2015KUCA01,Carter Kucala,2021-11-13,1.53,98
2015KUCA01,Carter Kucala,2021-11-13,1.66,99
2015KUCA01,Carter Kucala,2021-11-26,2.56,100
2015KUCA01,Carter Kucala,2021-11-26,2.07,101
2015KUCA01,Carter Kucala,2021-12-31,1.71,102
2015KUCA01,Carter Kucala,2022-02-05,2.32,103
2015KUCA01,Carter Kucala,2022-02-05,1.95,104
2015KUCA01,Carter Kucala,2022-02-05,2.17,105
2015KUCA01,Carter Kucala,2022-03-05,1.66,106
2015KUCA01,Carter Kucala,2022-03-05,3.51,107
2015KUCA01,Carter Kucala,2022-03-12,2.64,108
2015KUCA01,Carter Kucala,2022-03-12,2.0,109
2015KUCA01,Carter Kucala,2022-03-12,1.76,110
2015KUCA01,Carter Kucala,2022-04-01,2.65,111
2015KUCA01,Carter Kucala,2022-04-01,2.84,112
2015KUCA01,Carter Kucala,2022-04-09,2.59,113
2015KUCA01,Carter Kucala,2022-04-09,2.85,114
2015KUCA01,Carter Kucala,2022-04-29,3.02,115
2015KUCA01,Carter Kucala,2022-04-29,2.21,116
2015KUCA01,Carter Kucala,2022-04-29,1.82,117
2015KUCA01,Carter Kucala,2022-05-27,1.73,118
2015KUCA01,Carter Kucala,2022-05-27,1.81,119
2015KUCA01,Carter Kucala,2022-05-27,2.1,120
2015KUCA01,Carter Kucala,2022-05-27,2.15,121
2015KUCA01,Carter Kucala,2022-07-07,1.88,122
2015KUCA01,Carter Kucala,2022-07-07,1.74,123
2015KUCA01,Carter Kucala,2022-07-07,3.02,124
2015KUCA01,Carter Kucala,2022-07-14,3.05,125
2015KUCA01,Carter Kucala,2022-07-14,3.18,126
2015KUCA01,Carter Kucala,2022-07-29,1.55,127
2015KUCA01,Carter Kucala,2022-07-29,2.81,128
2015KUCA01,Carter Kucala,2022-07-29,2.43,129
2015KUCA01,Carter Kucala,2022-08-06,2.69,130
2015KUCA01,Carter Kucala,2022-08-06,2.0,131
2015KUCA01,Carter Kucala,2022-08-06,2.44,132
2015KUCA01,Carter Kucala,2022-09-03,1.85,133
2015KUCA01,Carter Kucala,2022-09-03,1.57,134
2015KUCA01,Carter Kucala,2022-09-10,3.12,135
2015KUCA01,Carter Kucala,2022-09-10,2.4,136
2015KUCA01,Carter Kucala,2022-09-24,1.77,137
2015KUCA01,Carter Kucala,2022-09-24,2.07,138
2015KUCA01,Carter Kucala,2022-09-24,2.55,139
2015KUCA01,Carter Kucala,2022-10-08,2.49,140
2015KUCA01,Carter Kucala,2022-10-08,2.18,141
2015KUCA01,Carter Kucala,2022-10-22,1.97,142
2015KUCA01,Carter Kucala,2022-10-22,3.4,143
2015KUCA01,Carter Kucala,2022-10-22,4.14,144
2015KUCA01,Carter Kucala,2022-11-05,2.66,145
2015KUCA01,Carter Kucala,2022-11-05,2.61,146
2015KUCA01,Carter Kucala,2022-11-19,2.42,147
2015KUCA01,Carter Kucala,2022-11-19,2.83,148
2015KUCA01,Carter Kucala,2022-12-03,1.97,149
2015KUCA01,Carter Kucala,2022-12-03,3.04,150
2015KUCA01,Carter Kucala,2022-12-03,2.71,151
2015KUCA01,Carter Kucala,2022-12-03,2.32,152
2015KUCA01,Carter Kucala,2023-01-21,3.85,153
2015KUCA01,Carter Kucala,2023-02-05,2.58,154
2015KUCA01,Carter Kucala,2023-02-05,2.42,155
2015KUCA01,Carter Kucala,2023-02-18,1.78,156
2015KUCA01,Carter Kucala,2023-02-18,1.82,157
2015KUCA01,Carter Kucala,2023-02-18,2.78,158
2015KUCA01,Carter Kucala,2023-03-18,1.58,159
2015KUCA01,Carter Kucala,2023-03-18,2.16,160
2015KUCA01,Carter Kucala,2023-03-25,2.91,161
2015KUCA01,Carter Kucala,2023-04-01,2.37,162
2015KUCA01,Carter Kucala,2023-04-01,3.48,163
2015KUCA01,Carter Kucala,2023-04-08,2.59,164
2015KUCA01,Carter Kucala,2023-04-08,2.85,165
2015KUCA01,Carter Kucala,2023-04-29,3.02,166
2015KUCA01,Carter Kucala,2023-04-29,3.01,167
2015KUCA01,Carter Kucala,2023-04-30,2.36,168
2015KUCA01,Carter Kucala,2023-05-06,2.01,169
2015KUCA01,Carter Kucala,2023-05-06,2.04,170
2015KUCA01,Carter Kucala,2023-05-20,1.71,171
2015KUCA01,Carter Kucala,2023-05-20,3.22,172
2015KUCA01,Carter Kucala,2023-06-02,1.51,173
2015KUCA01,Carter Kucala,2023-06-02,1.89,174
2015KUCA01,Carter Kucala,2023-06-02,1.74,175
2015KUCA01,Carter Kucala,2023-06-02,1.71,176
2015KUCA01,Carter Kucala,2023-06-17,2.45,177
2015KUCA01,Carter Kucala,2023-06-17,2.21,178
2015KUCA01,Carter Kucala,2023-06-28,1.88,179
2015KUCA01,Carter Kucala,2023-06-28,1.71,180
2015KUCA01,Carter Kucala,2023-07-13,2.25,181
2015KUCA01,Carter Kucala,2023-07-13,2.14,182
2015KUCA01,Carter Kucala,2023-07-13,2.07,183
2015KUCA01,Carter Kucala,2023-07-23,2.65,184
2015KUCA01,Carter Kucala,2023-07-23,2.63,185
2015KUCA01,Carter Kucala,2023-07-23,4.73,186
2015KUCA01,Carter Kucala,2023-07-27,2.13,187
2015KUCA01,Carter Kucala,2023-07-27,2.17,188
2015KUCA01,Carter Kucala,2023-07-27,1.98,189
2015KUCA01,Carter Kucala,2023-07-27,1.69,190
2015KUCA01,Carter Kucala,2023-08-12,1.6,191
2015KUCA01,Carter Kucala,2023-08-12,1.83,192
2015KUCA01,Carter Kucala,2023-08-19,1.6,193
2015KUCA01,Carter Kucala,2023-08-19,1.39,194
2015KUCA01,Carter Kucala,2023-08-26,1.97,195
2015KUCA01,Carter Kucala,2023-08-26,1.63,196
2015KUCA01,Carter Kucala,2023-09-02,2.4,197
2015KUCA01,Carter Kucala,2023-09-02,3.33,198
2015KUCA01,Carter Kucala,2023-09-02,2.32,199
2015KUCA01,Carter Kucala,2023-09-03,2.95,200
2015KUCA01,Carter Kucala,2023-09-03,2.65,201
2015KUCA01,Carter Kucala,2023-09-09,2.51,202
2015KUCA01,Carter Kucala,2023-09-09,1.98,203
2015KUCA01,Carter Kucala,2023-09-17,2.65,204
2015KUCA01,Carter Kucala,2023-09-17,2.74,205
2015KUCA01,Carter Kucala,2023-09-23,2.0,206
2015KUCA01,Carter Kucala,2023-09-23,1.84,207
2015KUCA01,Carter Kucala,2023-09-30,2.65,208
2015KUCA01,Carter Kucala,2023-09-30,2.81,209
2015KUCA01,Carter Kucala,2023-10-20,2.63,210
2015KUCA01,Carter Kucala,2023-10-20,3.03,211
2015KUCA01,Carter Kucala,2023-10-28,1.89,212
2015KUCA01,Carter Kucala,2023-10-28,1.56,213
2015KUCA01,Carter Kucala,2023-10-28,2.88,214
2015KUCA01,Carter Kucala,2023-11-03,1.88,215
2015KUCA01,Carter Kucala,2023-11-03,1.87,216
2015KUCA01,Carter Kucala,2023-11-03,1.62,217
2015KUCA01,Carter Kucala,2023-11-11,1.79,218
2015KUCA01,Carter Kucala,2023-11-12,1.95,219
2015KUCA01,Carter Kucala,2023-11-12,2.56,220
2015KUCA01,Carter Kucala,2023-12-03,2.75,221
2015KUCA01,Carter Kucala,2023-12-03,1.83,222
2015KUCA01,Carter Kucala,2023-12-09,3.12,223
2015KUCA01,Carter Kucala,2023-12-09,2.23,224
2015KUCA01,Carter Kucala,2023-12-19,1.85,225
2015KUCA01,Carter Kucala,2023-12-19,2.18,226
2015KUCA01,Carter Kucala,2023-12-19,1.92,227
2015KUCA01,Carter Kucala,2024-01-06,1.79,228
2015KUCA01,Carter Kucala,2024-01-06,1.78,229
2015KUCA01,Carter Kucala,2024-01-20,1.69,230
2015KUCA01,Carter Kucala,2024-01-20,1.62,231
2015KUCA01,Carter Kucala,2024-01-20,1.93,232
2015KUCA01,Carter Kucala,2024-01-27,1.61,233
2015KUCA01,Carter Kucala,2024-01-27,2.01,234
2015KUCA01,Carter Kucala,2024-02-03,3.51,235
2015KUCA01,Carter Kucala,2024-02-03,2.94,236
2015KUCA01,Carter Kucala,2024-02-24,3.17,237
2015KUCA01,Carter Kucala,2024-02-24,2.83,238
2015KUCA01,Carter Kucala,2024-02-24,1.83,239
2015KUCA01,Carter Kucala,2024-03-02,1.64,240
2015KUCA01,Carter Kucala,2024-03-02,2.32,241
2015KUCA01,Carter Kucala,2024-03-02,2.02,242
2015KUCA01,Carter Kucala,2024-03-16,1.64,243
2015KUCA01,Carter Kucala,2024-03-16,2.7,244
2015KUCA01,Carter Kucala,2024-03-23,2.2,245
2015KUCA01,Carter Kucala,2024-03-23,2.49,246
2015KUCA01,Carter Kucala,2024-04-06,1.68,247
2015KUCA01,Carter Kucala,2024-04-06,1.6,248
2015KUCA01,Carter Kucala,2024-05-11,2.27,249
2015KUCA01,Carter Kucala,2024-05-11,2.17,250
2015KUCA01,Carter Kucala,2024-05-11,1.65,251
2015KUCA01,Carter Kucala,2024-05-19,2.14,252
2015KUCA01,Carter Kucala,2024-05-19,1.62,253
2015KUCA01,Carter Kucala,2024-05-19,2.06,254
2015KUCA01,Carter Kucala,2024-06-01,2.2,255
2015KUCA01,Carter Kucala,2024-06-01,2.71,256
2015KUCA01,Carter Kucala,2024-06-07,1.95,257
2015KUCA01,Carter Kucala,2024-06-07,2.1,258
2015KUCA01,Carter Kucala,2024-06-07,1.85,259
2015KUCA01,Carter Kucala,2024-06-28,1.84,260
2015KUCA01,Carter Kucala,2024-06-28,1.62,261
2015KUCA01,Carter Kucala,2024-06-28,1.9,262
2015KUCA01,Carter Kucala,2024-07-13,3.12,263
2015KUCA01,Carter Kucala,2024-07-13,2.04,264
2015KUCA01,Carter Kucala,2024-07-13,2.47,265
2015KUCA01,Carter Kucala,2024-07-18,2.11,266
2015KUCA01,Carter Kucala,2024-07-18,2.05,267
2015KUCA01,Carter Kucala,2024-07-18,1.85,268
2015KUCA01,Carter Kucala,2024-07-25,2.77,269
2015KUCA01,Carter Kucala,2024-07-25,1.91,270
2015KUCA01,Carter Kucala,2024-08-13,2.2,271
2015KUCA01,Carter Kucala,2024-08-13,1.8,272
2015KUCA01,Carter Kucala,2024-08-31,1.93,273
2015KUCA01,Carter Kucala,2024-08-31,2.49,274
2015KUCA01,Carter Kucala,2024-08-31,2.7,275
2015KUCA01,Carter Kucala,2024-09-15,1.69,276
2015KUCA01,Carter Kucala,2024-09-15,3.06,277
2015KUCA01,Carter Kucala,2024-10-04,2.26,278
2015KUCA01,Carter Kucala,2024-10-04,2.4,279
2015KUCA01,Carter Kucala,2024-10-04,1.87,280
2015KUCA01,Carter Kucala,2024-10-19,2.33,281
2015KUCA01,Carter Kucala,2024-10-19,1.86,282
2015KUCA01,Carter Kucala,2024-10-19,1.44,283
2015KUCA01,Carter Kucala,2024-11-16,2.11,284
2015KUCA01,Carter Kucala,2024-11-16,1.72,285
2015KUCA01,Carter Kucala,2024-11-16,2.1,286
2015KUCA01,Carter Kucala,2024-11-30,2.41,287
2015KUCA01,Carter Kucala,2024-11-30,2.31,288
2015KUCA01,Carter Kucala,2024-12-07,1.69,289
2015KUCA01,Carter Kucala,2024-12-07,1.52,290
2015KUCA01,Carter Kucala,2025-01-04,2.13,291
2015KUCA01,Carter Kucala,2025-01-04,1.84,292
2015KUCA01,Carter Kucala,2025-01-11,2.57,293
2015KUCA01,Carter Kucala,2025-01-11,1.61,294
2015KUCA01,Carter Kucala,2025-01-11,1.7,295
2015KUCA01,Carter Kucala,2025-01-25,2.37,296
2015KUCA01,Carter Kucala,2025-02-15,1.7,297
2015KUCA01,Carter Kucala,2025-02-15,3.15,298
2015KUCA01,Carter Kucala,2025-03-29,1.53,299
2015KUCA01,Carter Kucala,2025-04-06,1.91,300
2015KUCA01,Carter Kucala,2025-05-10,1.71,301
2015KUCA01,Carter Kucala,2025-05-10,3.7,302
2015KUCA01,Carter Kucala,2025-05-10,1.65,303
2015KUCA01,Carter Kucala,2025-06-28,2.11,304
2015KUCA01,Carter Kucala,2025-06-28,2.33,305
2015KUCA01,Carter Kucala,2025-07-03,2.12,306
2015KUCA01,Carter Kucala,2025-07-03,1.83,307
2015KUCA01,Carter Kucala,2025-07-24,1.87,308
2015KUCA01,Carter Kucala,2025-07-24,1.74,309
2015KUCA01,Carter Kucala,2025-07-24,4.4,310
2015KUCA01,Carter Kucala,2025-08-01,1.84,311
2015KUCA01,Carter Kucala,2025-08-01,2.41,312
2015KUCA01,Carter Kucala,2025-08-01,3.24,313
2015KUCA01,Carter Kucala,2025-08-16,1.88,314
2015KUCA01,Carter Kucala,2025-08-16,2.66,315
2015KUCA01,Carter Kucala,2025-08-22,2.02,316
2015KUCA01,Carter Kucala,2025-08-22,1.92,317
2015KUCA01,Carter Kucala,2025-08-22,3.06,318
2015KUCA01,Carter Kucala,2025-10-04,2.68,319
2015KUCA01,Carter Kucala,2025-10-04,2.39,320
2015KUCA01,Carter Kucala,2025-10-04,1.75,321
2015KUCA01,Carter Kucala,2025-10-18,2.63,322
2015KUCA01,Carter Kucala,2025-10-18,1.5,323
2015KUCA01,Carter Kucala,2025-11-15,1.97,324
2015KUCA01,Carter Kucala,2025-11-15,1.79,325
2015KUCA01,Carter Kucala,2025-11-29,2.42,326
2015KUCA01,Carter Kucala,2025-11-29,2.73,327
2015KUCA01,Carter Kucala,2025-11-29,1.82,328
2015KUCA01,Carter Kucala,2026-01-24,2.99,329
2015KUCA01,Carter Kucala,2026-01-24,2.24,330
2015KUCA01,Carter Kucala,2026-01-24,1.62,331
2015KUCA01,Carter Kucala,2026-02-28,1.68,332
2015KUCA01,Carter Kucala,2026-02-28,1.76,333
2015KUCA01,Carter Kucala,2026-03-14,2.29,334
2015KUCA01,Carter Kucala,2026-03-14,2.19,335
2015KUCA01,Carter Kucala,2026-03-14,1.99,336
2015KUCA01,Carter Kucala,2026-03-21,2.2,337
2015KUCA01,Carter Kucala,2026-03-21,2.13,338
2015KUCA01,Carter Kucala,2026-04-04,2.27,339
2015KUCA01,Carter Kucala,2026-04-04,1.84,340
2015KUCA01,Carter Kucala,2026-04-04,2.6,341
2015KUCA01,Carter Kucala,2026-05-08,2.73,342
2015KUCA01,Carter Kucala,2026-05-08,2.11,343
2015KUCA01,Carter Kucala,2026-05-22,2.23,344
2015KUCA01,Carter Kucala,2026-05-22,1.72,345
2015KUCA01,Carter Kucala,2026-05-22,1.97,346
2015SANC18,Josete Sánchez,2015-11-14,5.82,1
2015SANC18,Josete Sánchez,2015-11-14,6.0,2
2015SANC18,Josete Sánchez,2016-01-30,5.62,3
2015SANC18,Josete Sánchez,2016-01-30,5.63,4
2015SANC18,Josete Sánchez,2016-01-30,5.95,5
2015SANC18,Josete Sánchez,2016-02-13,5.77,6
2015SANC18,Josete Sánchez,2016-02-13,4.46,7
2015SANC18,Josete Sánchez,2016-02-13,4.82,8
2015SANC18,Josete Sánchez,2016-02-27,5.67,9
2015SANC18,Josete Sánchez,2016-02-27,4.55,10
2015SANC18,Josete Sánchez,2016-02-27,5.08,11
2015SANC18,Josete Sánchez,2016-03-05,5.74,12
2015SANC18,Josete Sánchez,2016-03-05,5.64,13
2015SANC18,Josete Sánchez,2016-03-05,5.8,14
2015SANC18,Josete Sánchez,2016-05-21,5.26,15
2015SANC18,Josete Sánchez,2016-05-21,4.53,16
2015SANC18,Josete Sánchez,2016-05-21,4.98,17
2015SANC18,Josete Sánchez,2016-05-28,4.02,18
2015SANC18,Josete Sánchez,2016-05-28,4.63,19
2015SANC18,Josete Sánchez,2016-06-18,4.33,20
2015SANC18,Josete Sánchez,2016-06-18,5.81,21
2015SANC18,Josete Sánchez,2016-07-02,4.71,22
2015SANC18,Josete Sánchez,2016-07-02,4.36,23
2015SANC18,Josete Sánchez,2016-07-02,4.66,24
2015SANC18,Josete Sánchez,2016-09-03,4.28,25
2015SANC18,Josete Sánchez,2016-09-03,4.57,26
2015SANC18,Josete Sánchez,2016-10-07,5.2,27
2015SANC18,Josete Sánchez,2016-10-07,4.32,28
2015SANC18,Josete Sánchez,2016-10-29,3.86,29
2015SANC18,Josete Sánchez,2016-10-29,4.67,30
2015SANC18,Josete Sánchez,2016-10-29,4.1,31
2015SANC18,Josete Sánchez,2016-12-17,4.54,32
2015SANC18,Josete Sánchez,2016-12-17,3.51,33
2015SANC18,Josete Sánchez,2016-12-17,4.19,34
2015SANC18,Josete Sánchez,2017-02-04,4.19,35
2015SANC18,Josete Sánchez,2017-02-04,3.67,36
2015SANC18,Josete Sánchez,2017-02-04,3.68,37
2015SANC18,Josete Sánchez,2017-02-25,3.52,38
2015SANC18,Josete Sánchez,2017-02-25,3.82,39
2015SANC18,Josete Sánchez,2017-02-25,3.64,40
2015SANC18,Josete Sánchez,2017-03-25,4.09,41
2015SANC18,Josete Sánchez,2017-05-06,4.33,42
2015SANC18,Josete Sánchez,2017-05-06,2.99,43
2015SANC18,Josete Sánchez,2017-05-06,3.65,44
2015SANC18,Josete Sánchez,2017-07-01,3.75,45
2015SANC18,Josete Sánchez,2017-07-01,3.61,46
2015SANC18,Josete Sánchez,2017-07-01,3.5,47
2015SANC18,Josete Sánchez,2017-07-29,4.92,48
2015SANC18,Josete Sánchez,2017-07-29,3.57,49
2015SANC18,Josete Sánchez,2017-07-29,3.6,50
2015SANC18,Josete Sánchez,2017-10-13,3.46,51
2015SANC18,Josete Sánchez,2017-10-13,5.0,52
2015SANC18,Josete Sánchez,2017-11-25,4.52,53
2015SANC18,Josete Sánchez,2017-11-25,4.17,54
2015SANC18,Josete Sánchez,2017-11-25,3.72,55
2015SANC18,Josete Sánchez,2017-12-23,3.47,56
2015SANC18,Josete Sánchez,2017-12-23,3.61,57
2015SANC18,Josete Sánchez,2018-02-17,3.4,58
2015SANC18,Josete Sánchez,2018-02-17,3.67,59
2015SANC18,Josete Sánchez,2018-02-17,3.05,60
2015SANC18,Josete Sánchez,2018-02-24,2.99,61
2015SANC18,Josete Sánchez,2018-02-24,4.14,62
2015SANC18,Josete Sánchez,2018-03-10,3.76,63
2015SANC18,Josete Sánchez,2018-03-10,3.71,64
2015SANC18,Josete Sánchez,2018-03-10,3.02,65
2015SANC18,Josete Sánchez,2018-04-07,2.89,66
2015SANC18,Josete Sánchez,2018-04-07,3.62,67
2015SANC18,Josete Sánchez,2018-04-07,4.61,68
2015SANC18,Josete Sánchez,2018-04-21,3.92,69
2015SANC18,Josete Sánchez,2018-04-21,3.7,70
2015SANC18,Josete Sánchez,2018-04-21,3.36,71
2015SANC18,Josete Sánchez,2018-05-05,3.28,72
2015SANC18,Josete Sánchez,2018-05-05,3.34,73
2015SANC18,Josete Sánchez,2018-06-02,3.91,74
2015SANC18,Josete Sánchez,2018-06-02,3.37,75
2015SANC18,Josete Sánchez,2018-07-19,3.23,76
2015SANC18,Josete Sánchez,2018-07-19,4.0,77
2015SANC18,Josete Sánchez,2018-09-08,3.22,78
2015SANC18,Josete Sánchez,2018-09-08,2.89,79
2015SANC18,Josete Sánchez,2018-09-08,7.35,80
2015SANC18,Josete Sánchez,2018-10-12,3.52,81
2015SANC18,Josete Sánchez,2018-10-12,3.1,82
2015SANC18,Josete Sánchez,2018-10-12,2.72,83
2015SANC18,Josete Sánchez,2018-10-27,2.63,84
2015SANC18,Josete Sánchez,2018-10-27,2.83,85
2015SANC18,Josete Sánchez,2018-10-27,3.86,86
2015SANC18,Josete Sánchez,2018-11-17,3.97,87
2015SANC18,Josete Sánchez,2018-11-17,3.09,88
2015SANC18,Josete Sánchez,2018-11-24,3.87,89
2015SANC18,Josete Sánchez,2018-11-24,2.92,90
2015SANC18,Josete Sánchez,2018-11-24,3.38,91
2015SANC18,Josete Sánchez,2019-02-16,3.37,92
2015SANC18,Josete Sánchez,2019-02-16,2.86,93
2015SANC18,Josete Sánchez,2019-02-16,3.81,94
2015SANC18,Josete Sánchez,2019-03-30,3.31,95
2015SANC18,Josete Sánchez,2019-03-30,3.94,96
2015SANC18,Josete Sánchez,2019-04-06,3.36,97
2015SANC18,Josete Sánchez,2019-04-06,3.14,98
2015SANC18,Josete Sánchez,2019-05-25,4.93,99
2015SANC18,Josete Sánchez,2019-05-25,3.59,100
2015SANC18,Josete Sánchez,2019-05-25,4.41,101
2015SANC18,Josete Sánchez,2019-06-08,6.5,102
2015SANC18,Josete Sánchez,2019-06-08,3.8,103
2015SANC18,Josete Sánchez,2019-06-16,3.32,104
2015SANC18,Josete Sánchez,2019-06-16,3.71,105
2015SANC18,Josete Sánchez,2019-07-13,3.77,106
2015SANC18,Josete Sánchez,2019-07-13,3.76,107
2015SANC18,Josete Sánchez,2019-07-13,4.06,108
2015SANC18,Josete Sánchez,2019-07-27,3.38,109
2015SANC18,Josete Sánchez,2019-07-27,2.86,110
2015SANC18,Josete Sánchez,2019-07-27,3.6,111
2015SANC18,Josete Sánchez,2019-10-11,3.48,112
2015SANC18,Josete Sánchez,2019-10-11,4.01,113
2015SANC18,Josete Sánchez,2019-11-16,4.07,114
2015SANC18,Josete Sánchez,2019-11-16,2.8,115
2015SANC18,Josete Sánchez,2019-11-16,4.1,116
2015SANC18,Josete Sánchez,2019-12-21,5.07,117
2015SANC18,Josete Sánchez,2019-12-21,3.71,118
2015SANC18,Josete Sánchez,2020-02-01,4.29,119
2015SANC18,Josete Sánchez,2020-02-01,3.55,120
2015SANC18,Josete Sánchez,2020-02-01,4.95,121
2015SANC18,Josete Sánchez,2020-02-22,5.54,122
2015SANC18,Josete Sánchez,2020-02-22,3.05,123
2015SANC18,Josete Sánchez,2020-02-22,3.37,124
2015SANC18,Josete Sánchez,2021-12-11,2.97,125
2015SANC18,Josete Sánchez,2021-12-11,2.69,126
2015SANC18,Josete Sánchez,2022-03-05,2.96,127
2015SANC18,Josete Sánchez,2022-03-05,2.69,128
2015SANC18,Josete Sánchez,2022-03-12,2.82,129
2015SANC18,Josete Sánchez,2022-03-12,2.89,130
2015SANC18,Josete Sánchez,2022-03-12,2.64,131
2015SANC18,Josete Sánchez,2022-03-19,2.79,132
2015SANC18,Josete Sánchez,2022-03-19,3.4,133
2015SANC18,Josete Sánchez,2022-05-21,3.45,134
2015SANC18,Josete Sánchez,2022-05-21,2.57,135
2015SANC18,Josete Sánchez,2022-06-04,2.86,136
2015SANC18,Josete Sánchez,2022-06-04,2.42,137
2015SANC18,Josete Sánchez,2022-06-18,2.86,138
2015SANC18,Josete Sánchez,2022-06-18,2.71,139
2015SANC18,Josete Sánchez,2022-07-09,3.18,140
2015SANC18,Josete Sánchez,2022-07-09,2.42,141
2015SANC18,Josete Sánchez,2022-07-09,2.5,142
2015SANC18,Josete Sánchez,2022-07-30,2.47,143
2015SANC18,Josete Sánchez,2022-07-30,2.26,144
2015SANC18,Josete Sánchez,2022-07-30,3.95,145
2015SANC18,Josete Sánchez,2022-08-05,3.35,146
2015SANC18,Josete Sánchez,2022-08-05,2.8,147
2015SANC18,Josete Sánchez,2022-08-05,2.58,148
2015SANC18,Josete Sánchez,2022-08-20,2.43,149
2015SANC18,Josete Sánchez,2022-08-20,2.22,150
2015SANC18,Josete Sánchez,2022-09-03,2.85,151
2015SANC18,Josete Sánchez,2022-09-03,3.02,152
2015SANC18,Josete Sánchez,2022-09-10,3.11,153
2015SANC18,Josete Sánchez,2022-09-10,2.66,154
2015SANC18,Josete Sánchez,2022-10-07,2.7,155
2015SANC18,Josete Sánchez,2022-10-07,3.44,156
2015SANC18,Josete Sánchez,2022-10-28,3.04,157
2015SANC18,Josete Sánchez,2022-10-28,2.9,158
2015SANC18,Josete Sánchez,2022-10-28,2.59,159
2015SANC18,Josete Sánchez,2022-11-26,2.38,160
2015SANC18,Josete Sánchez,2022-11-26,3.04,161
2015SANC18,Josete Sánchez,2022-11-26,3.04,162
2015SANC18,Josete Sánchez,2022-12-10,3.01,163
2015SANC18,Josete Sánchez,2022-12-10,2.59,164
2015SANC18,Josete Sánchez,2022-12-10,2.98,165
2015SANC18,Josete Sánchez,2023-02-11,3.81,166
2015SANC18,Josete Sánchez,2023-02-11,3.06,167
2015SANC18,Josete Sánchez,2023-02-25,2.75,168
2015SANC18,Josete Sánchez,2023-02-25,3.86,169
2015SANC18,Josete Sánchez,2023-02-25,3.25,170
2015SANC18,Josete Sánchez,2023-03-10,3.49,171
2015SANC18,Josete Sánchez,2023-03-10,2.82,172
2015SANC18,Josete Sánchez,2023-03-10,2.77,173
2015SANC18,Josete Sánchez,2023-03-25,3.3,174
2015SANC18,Josete Sánchez,2023-03-25,2.89,175
2015SANC18,Josete Sánchez,2023-03-25,2.43,176
2015SANC18,Josete Sánchez,2023-04-15,4.07,177
2015SANC18,Josete Sánchez,2023-04-15,2.64,178
2015SANC18,Josete Sánchez,2023-04-15,3.63,179
2015SANC18,Josete Sánchez,2023-04-28,2.44,180
2015SANC18,Josete Sánchez,2023-04-28,3.5,181
2015SANC18,Josete Sánchez,2023-05-20,4.18,182
2015SANC18,Josete Sánchez,2023-05-20,3.87,183
2015SANC18,Josete Sánchez,2023-07-07,3.2,184
2015SANC18,Josete Sánchez,2023-07-07,3.5,185
2015SANC18,Josete Sánchez,2023-07-07,2.94,186
2015SANC18,Josete Sánchez,2023-07-22,2.69,187
2015SANC18,Josete Sánchez,2023-07-22,2.66,188
2015SANC18,Josete Sánchez,2023-07-29,2.67,189
2015SANC18,Josete Sánchez,2023-07-29,2.71,190
2015SANC18,Josete Sánchez,2023-08-26,2.65,191
2015SANC18,Josete Sánchez,2023-08-26,4.11,192
2015SANC18,Josete Sánchez,2023-08-26,3.33,193
2015SANC18,Josete Sánchez,2023-09-09,4.08,194
2015SANC18,Josete Sánchez,2023-09-23,3.09,195
2015SANC18,Josete Sánchez,2023-09-23,3.12,196
2015SANC18,Josete Sánchez,2023-09-23,2.43,197
2015SANC18,Josete Sánchez,2023-10-07,2.62,198
2015SANC18,Josete Sánchez,2023-10-14,2.76,199
2015SANC18,Josete Sánchez,2023-10-14,2.79,200
2015SANC18,Josete Sánchez,2023-10-14,2.62,201
2015SANC18,Josete Sánchez,2023-10-20,4.09,202
2015SANC18,Josete Sánchez,2023-10-20,2.76,203
2015SANC18,Josete Sánchez,2023-10-28,2.54,204
2015SANC18,Josete Sánchez,2023-10-28,3.48,205
2015SANC18,Josete Sánchez,2023-11-11,3.08,206
2015SANC18,Josete Sánchez,2023-11-11,4.12,207
2015SANC18,Josete Sánchez,2023-11-11,2.64,208
2015SANC18,Josete Sánchez,2023-11-18,2.68,209
2015SANC18,Josete Sánchez,2023-11-18,3.0,210
2015SANC18,Josete Sánchez,2023-11-25,2.94,211
2015SANC18,Josete Sánchez,2023-11-25,3.38,212
2015SANC18,Josete Sánchez,2023-12-08,2.35,213
2015SANC18,Josete Sánchez,2023-12-08,3.49,214
2015SANC18,Josete Sánchez,2023-12-08,3.16,215
2015SANC18,Josete Sánchez,2024-01-27,3.04,216
2015SANC18,Josete Sánchez,2024-01-27,2.31,217
2015SANC18,Josete Sánchez,2024-01-27,3.41,218
2015SANC18,Josete Sánchez,2024-02-17,2.56,219
2015SANC18,Josete Sánchez,2024-02-17,3.03,220
2015SANC18,Josete Sánchez,2024-02-17,3.04,221
2015SANC18,Josete Sánchez,2024-04-06,2.46,222
2015SANC18,Josete Sánchez,2024-04-06,2.62,223
2015SANC18,Josete Sánchez,2024-04-06,2.88,224
2015SANC18,Josete Sánchez,2024-04-13,3.49,225
2015SANC18,Josete Sánchez,2024-04-13,2.95,226
2015SANC18,Josete Sánchez,2024-04-13,2.75,227
2015SANC18,Josete Sánchez,2024-04-20,2.49,228
2015SANC18,Josete Sánchez,2024-04-20,3.3,229
2015SANC18,Josete Sánchez,2024-04-27,3.16,230
2015SANC18,Josete Sánchez,2024-04-27,2.63,231
2015SANC18,Josete Sánchez,2024-05-18,3.42,232
2015SANC18,Josete Sánchez,2024-05-18,3.14,233
2015SANC18,Josete Sánchez,2024-05-18,3.17,234
2015SANC18,Josete Sánchez,2024-06-01,3.26,235
2015SANC18,Josete Sánchez,2024-06-01,3.59,236
2015SANC18,Josete Sánchez,2024-06-01,3.53,237
2015SANC18,Josete Sánchez,2024-06-08,2.67,238
2015SANC18,Josete Sánchez,2024-06-08,4.6,239
2015SANC18,Josete Sánchez,2024-06-15,2.81,240
2015SANC18,Josete Sánchez,2024-06-15,2.96,241
2015SANC18,Josete Sánchez,2024-06-15,2.99,242
2015SANC18,Josete Sánchez,2024-06-29,2.8,243
2015SANC18,Josete Sánchez,2024-06-29,3.63,244
2015SANC18,Josete Sánchez,2024-07-25,3.33,245
2015SANC18,Josete Sánchez,2024-07-25,3.3,246
2015SANC18,Josete Sánchez,2024-08-17,4.26,247
2015SANC18,Josete Sánchez,2024-08-17,2.93,248
2015SANC18,Josete Sánchez,2024-08-17,3.45,249
2015SANC18,Josete Sánchez,2024-08-24,2.73,250
2015SANC18,Josete Sánchez,2024-08-24,4.33,251
2015SANC18,Josete Sánchez,2024-09-07,3.6,252
2015SANC18,Josete Sánchez,2024-09-21,3.37,253
2015SANC18,Josete Sánchez,2024-09-21,2.56,254
2015SANC18,Josete Sánchez,2024-09-21,2.89,255
2015SANC18,Josete Sánchez,2024-09-28,3.47,256
2015SANC18,Josete Sánchez,2024-09-28,3.23,257
2015SANC18,Josete Sánchez,2024-09-28,2.86,258
2015SANC18,Josete Sánchez,2024-10-12,3.23,259
2015SANC18,Josete Sánchez,2024-10-12,3.3,260
2015SANC18,Josete Sánchez,2024-10-19,4.24,261
2015SANC18,Josete Sánchez,2024-10-19,2.6,262
2015SANC18,Josete Sánchez,2024-10-26,2.95,263
2015SANC18,Josete Sánchez,2024-11-16,2.71,264
2015SANC18,Josete Sánchez,2024-11-16,2.94,265
2015SANC18,Josete Sánchez,2024-11-16,2.78,266
2015SANC18,Josete Sánchez,2024-11-23,2.97,267
2015SANC18,Josete Sánchez,2024-11-23,2.64,268
2015SANC18,Josete Sánchez,2024-12-06,2.63,269
2015SANC18,Josete Sánchez,2024-12-06,3.19,270
2015SANC18,Josete Sánchez,2024-12-06,3.3,271
2015SANC18,Josete Sánchez,2025-01-18,3.48,272
2015SANC18,Josete Sánchez,2025-01-18,2.46,273
2015SANC18,Josete Sánchez,2025-01-18,2.65,274
2015SANC18,Josete Sánchez,2025-02-08,3.65,275
2015SANC18,Josete Sánchez,2025-02-08,2.72,276
2015SANC18,Josete Sánchez,2025-02-15,2.38,277
2015SANC18,Josete Sánchez,2025-02-15,2.65,278
2015SANC18,Josete Sánchez,2025-02-15,3.26,279
2015SANC18,Josete Sánchez,2025-02-22,3.22,280
2015SANC18,Josete Sánchez,2025-02-22,2.85,281
2015SANC18,Josete Sánchez,2025-03-01,3.37,282
2015SANC18,Josete Sánchez,2025-03-01,3.03,283
2015SANC18,Josete Sánchez,2025-03-29,3.03,284
2015SANC18,Josete Sánchez,2025-03-29,3.47,285
2015SANC18,Josete Sánchez,2025-04-05,4.03,286
2015SANC18,Josete Sánchez,2025-04-05,2.82,287
2015SANC18,Josete Sánchez,2025-04-05,2.97,288
2015SANC18,Josete Sánchez,2025-04-26,3.26,289
2015SANC18,Josete Sánchez,2025-04-26,3.0,290
2015SANC18,Josete Sánchez,2025-05-10,2.75,291
2015SANC18,Josete Sánchez,2025-05-10,2.97,292
2015SANC18,Josete Sánchez,2025-05-10,2.9,293
2015SANC18,Josete Sánchez,2025-05-17,3.01,294
2015SANC18,Josete Sánchez,2025-05-17,2.68,295
2015SANC18,Josete Sánchez,2025-06-07,3.91,296
2015SANC18,Josete Sánchez,2025-06-07,2.2,297
2015SANC18,Josete Sánchez,2025-06-07,2.79,298
2015SANC18,Josete Sánchez,2025-06-14,3.9,299
2015SANC18,Josete Sánchez,2025-06-14,2.25,300
2015SANC18,Josete Sánchez,2025-06-28,3.34,301
2015SANC18,Josete Sánchez,2025-06-28,2.9,302
2015SANC18,Josete Sánchez,2025-07-05,3.27,303
2015SANC18,Josete Sánchez,2025-07-05,3.64,304
2015SANC18,Josete Sánchez,2025-07-19,3.0,305
2015SANC18,Josete Sánchez,2025-07-19,5.52,306
2015SANC18,Josete Sánchez,2025-08-15,2.59,307
2015SANC18,Josete Sánchez,2025-08-15,2.7,308
2015SANC18,Josete Sánchez,2025-08-15,3.33,309
2015SANC18,Josete Sánchez,2025-09-20,3.58,310
2015SANC18,Josete Sánchez,2025-09-20,2.81,311
2015SANC18,Josete Sánchez,2025-09-27,3.07,312
2015SANC18,Josete Sánchez,2025-09-27,3.0,313
2015SANC18,Josete Sánchez,2025-09-27,3.57,314
2015SANC18,Josete Sánchez,2025-10-25,3.35,315
2015SANC18,Josete Sánchez,2025-10-25,3.74,316
2015SANC18,Josete Sánchez,2025-11-01,2.71,317
2015SANC18,Josete Sánchez,2025-11-01,3.02,318
2015SANC18,Josete Sánchez,2025-11-01,2.86,319
2015SANC18,Josete Sánchez,2025-11-22,3.48,320
2015SANC18,Josete Sánchez,2025-11-22,3.39,321
2015SANC18,Josete Sánchez,2025-11-29,3.1,322
2015SANC18,Josete Sánchez,2025-11-29,2.84,323
2015SANC18,Josete Sánchez,2025-11-29,2.64,324
2015SANC18,Josete Sánchez,2025-12-06,3.81,325
2015SANC18,Josete Sánchez,2025-12-06,2.95,326
2015SANC18,Josete Sánchez,2026-01-10,3.45,327
2015SANC18,Josete Sánchez,2026-01-10,2.9,328
2015SANC18,Josete Sánchez,2026-01-17,2.37,329
2015SANC18,Josete Sánchez,2026-01-17,3.0,330
2015SANC18,Josete Sánchez,2026-02-14,2.9,331
2015SANC18,Josete Sánchez,2026-02-14,2.84,332
2015SANC18,Josete Sánchez,2026-02-21,3.98,333
2015SANC18,Josete Sánchez,2026-02-21,4.07,334
2015SANC18,Josete Sánchez,2026-03-07,2.97,335
2015SANC18,Josete Sánchez,2026-03-07,4.01,336
2015SANC18,Josete Sánchez,2026-03-28,3.11,337
2015SANC18,Josete Sánchez,2026-03-28,2.28,338
2015SANC18,Josete Sánchez,2026-03-28,2.2,339
2015SANC18,Josete Sánchez,2026-04-11,3.24,340
2015SANC18,Josete Sánchez,2026-04-11,3.09,341
2015SANC18,Josete Sánchez,2026-04-11,3.41,342
2015SANC18,Josete Sánchez,2026-04-25,3.8,343
2015SANC18,Josete Sánchez,2026-04-25,2.94,344
2015SANC18,Josete Sánchez,2026-04-25,2.7,345
2015SANC18,Josete Sánchez,2026-05-16,2.56,346
2015SANC18,Josete Sánchez,2026-05-16,3.32,347
2017GARR05,Luke Garrett,2017-06-25,5.19,1
2017GARR05,Luke Garrett,2017-08-19,3.64,2
2017GARR05,Luke Garrett,2017-09-16,4.19,3
2017GARR05,Luke Garrett,2017-10-07,4.19,4
2017GARR05,Luke Garrett,2017-10-14,4.69,5
2017GARR05,Luke Garrett,2017-10-14,3.79,6
2017GARR05,Luke Garrett,2017-12-09,3.47,7
2017GARR05,Luke Garrett,2017-12-09,3.25,8
2017GARR05,Luke Garrett,2018-01-20,3.28,9
2017GARR05,Luke Garrett,2018-01-20,3.73,10
2017GARR05,Luke Garrett,2018-02-03,3.05,11
2017GARR05,Luke Garrett,2018-02-03,3.5,12
2017GARR05,Luke Garrett,2018-03-03,3.31,13
2017GARR05,Luke Garrett,2018-03-03,4.01,14
2017GARR05,Luke Garrett,2018-03-17,3.73,15
2017GARR05,Luke Garrett,2018-03-17,3.6,16
2017GARR05,Luke Garrett,2018-05-06,3.81,17
2017GARR05,Luke Garrett,2018-05-06,3.57,18
2017GARR05,Luke Garrett,2018-05-18,3.21,19
2017GARR05,Luke Garrett,2018-05-18,4.17,20
2017GARR05,Luke Garrett,2018-07-21,3.29,21
2017GARR05,Luke Garrett,2018-07-21,3.27,22
2017GARR05,Luke Garrett,2018-07-27,2.37,23
2017GARR05,Luke Garrett,2018-07-27,3.23,24
2017GARR05,Luke Garrett,2018-07-27,3.64,25
2017GARR05,Luke Garrett,2018-08-10,3.23,26
2017GARR05,Luke Garrett,2018-08-10,2.74,27
2017GARR05,Luke Garrett,2018-08-25,3.86,28
2017GARR05,Luke Garrett,2018-08-25,3.01,29
2017GARR05,Luke Garrett,2018-10-20,2.6,30
2017GARR05,Luke Garrett,2018-10-20,3.31,31
2017GARR05,Luke Garrett,2018-12-08,2.96,32
2017GARR05,Luke Garrett,2018-12-08,3.55,33
2017GARR05,Luke Garrett,2019-01-12,3.09,34
2017GARR05,Luke Garrett,2019-01-12,3.03,35
2017GARR05,Luke Garrett,2019-01-26,2.52,36
2017GARR05,Luke Garrett,2019-01-26,2.53,37
2017GARR05,Luke Garrett,2019-02-10,2.36,38
2017GARR05,Luke Garrett,2019-02-10,3.13,39
2017GARR05,Luke Garrett,2019-02-16,3.78,40
2017GARR05,Luke Garrett,2019-02-16,3.0,41
2017GARR05,Luke Garrett,2019-03-02,2.67,42
2017GARR05,Luke Garrett,2019-03-02,2.75,43
2017GARR05,Luke Garrett,2019-03-16,3.11,44
2017GARR05,Luke Garrett,2019-03-16,3.75,45
2017GARR05,Luke Garrett,2019-03-30,2.78,46
2017GARR05,Luke Garrett,2019-03-30,3.16,47
2017GARR05,Luke Garrett,2019-04-28,3.77,48
2017GARR05,Luke Garrett,2019-05-04,3.43,49
2017GARR05,Luke Garrett,2019-05-04,3.34,50
2017GARR05,Luke Garrett,2019-05-24,3.28,51
2017GARR05,Luke Garrett,2019-05-24,4.17,52
2017GARR05,Luke Garrett,2019-06-01,2.57,53
2017GARR05,Luke Garrett,2019-06-01,3.5,54
2017GARR05,Luke Garrett,2019-06-16,2.2,55
2017GARR05,Luke Garrett,2019-07-06,2.61,56
2017GARR05,Luke Garrett,2019-07-06,2.92,57
2017GARR05,Luke Garrett,2019-07-11,2.81,58
2017GARR05,Luke Garrett,2019-07-11,3.19,59
2017GARR05,Luke Garrett,2019-07-20,2.47,60
2017GARR05,Luke Garrett,2019-07-20,2.44,61
2017GARR05,Luke Garrett,2019-08-01,2.55,62
2017GARR05,Luke Garrett,2019-08-01,3.26,63
2017GARR05,Luke Garrett,2019-08-01,4.16,64
2017GARR05,Luke Garrett,2019-08-16,3.3,65
2017GARR05,Luke Garrett,2019-08-16,3.39,66
2017GARR05,Luke Garrett,2019-08-24,2.94,67
2017GARR05,Luke Garrett,2019-09-14,3.2,68
2017GARR05,Luke Garrett,2019-09-14,2.64,69
2017GARR05,Luke Garrett,2019-10-05,2.53,70
2017GARR05,Luke Garrett,2019-10-05,2.5,71
2017GARR05,Luke Garrett,2019-10-19,2.67,72
2017GARR05,Luke Garrett,2019-10-19,2.88,73
2017GARR05,Luke Garrett,2019-11-09,3.03,74
2017GARR05,Luke Garrett,2019-11-09,3.52,75
2017GARR05,Luke Garrett,2019-12-01,3.55,76
2017GARR05,Luke Garrett,2019-12-01,3.17,77
2017GARR05,Luke Garrett,2019-12-07,2.68,78
2017GARR05,Luke Garrett,2019-12-07,2.82,79
2017GARR05,Luke Garrett,2019-12-14,3.03,80
2017GARR05,Luke Garrett,2019-12-14,3.02,81
2017GARR05,Luke Garrett,2019-12-30,3.04,82
2017GARR05,Luke Garrett,2019-12-30,2.49,83
2017GARR05,Luke Garrett,2020-02-01,2.74,84
2017GARR05,Luke Garrett,2020-02-01,2.79,85
2017GARR05,Luke Garrett,2020-02-01,2.61,86
2017GARR05,Luke Garrett,2020-02-22,3.07,87
2017GARR05,Luke Garrett,2020-02-22,4.13,88
2017GARR05,Luke Garrett,2021-07-17,3.08,89
2017GARR05,Luke Garrett,2021-07-17,2.76,90
2017GARR05,Luke Garrett,2021-07-22,3.12,91
2017GARR05,Luke Garrett,2021-07-22,2.43,92
2017GARR05,Luke Garrett,2021-07-24,2.09,93
2017GARR05,Luke Garrett,2021-07-24,2.09,94
2017GARR05,Luke Garrett,2021-07-31,2.32,95
2017GARR05,Luke Garrett,2021-07-31,2.38,96
2017GARR05,Luke Garrett,2021-10-23,2.74,97
2017GARR05,Luke Garrett,2021-10-23,2.21,98
2017GARR05,Luke Garrett,2021-11-14,2.64,99
2017GARR05,Luke Garrett,2021-11-14,2.36,100
2017GARR05,Luke Garrett,2021-11-20,1.84,101
2017GARR05,Luke Garrett,2021-11-20,2.94,102
2017GARR05,Luke Garrett,2021-12-04,3.03,103
2017GARR05,Luke Garrett,2021-12-04,2.08,104
2017GARR05,Luke Garrett,2021-12-18,2.65,105
2017GARR05,Luke Garrett,2021-12-18,2.44,106
2017GARR05,Luke Garrett,2021-12-18,1.74,107
2017GARR05,Luke Garrett,2022-01-09,1.71,108
2017GARR05,Luke Garrett,2022-01-09,2.53,109
2017GARR05,Luke Garrett,2022-02-05,1.95,110
2017GARR05,Luke Garrett,2022-02-05,1.82,111
2017GARR05,Luke Garrett,2022-02-05,2.98,112
2017GARR05,Luke Garrett,2022-03-05,3.19,113
2017GARR05,Luke Garrett,2022-03-05,2.15,114
2017GARR05,Luke Garrett,2022-03-26,2.72,115
2017GARR05,Luke Garrett,2022-03-26,2.04,116
2017GARR05,Luke Garrett,2022-03-26,1.79,117
2017GARR05,Luke Garrett,2022-04-01,1.66,118
2017GARR05,Luke Garrett,2022-04-01,1.94,119
2017GARR05,Luke Garrett,2022-04-09,2.55,120
2017GARR05,Luke Garrett,2022-04-09,3.07,121
2017GARR05,Luke Garrett,2022-04-16,2.26,122
2017GARR05,Luke Garrett,2022-04-16,1.71,123
2017GARR05,Luke Garrett,2022-04-29,2.52,124
2017GARR05,Luke Garrett,2022-04-29,1.54,125
2017GARR05,Luke Garrett,2022-04-29,2.16,126
2017GARR05,Luke Garrett,2022-05-28,1.43,127
2017GARR05,Luke Garrett,2022-05-28,1.83,128
2017GARR05,Luke Garrett,2022-06-11,1.95,129
2017GARR05,Luke Garrett,2022-06-11,1.84,130
2017GARR05,Luke Garrett,2022-06-25,2.41,131
2017GARR05,Luke Garrett,2022-06-25,2.37,132
2017GARR05,Luke Garrett,2022-07-07,1.7,133
2017GARR05,Luke Garrett,2022-07-07,1.64,134
2017GARR05,Luke Garrett,2022-07-07,3.14,135
2017GARR05,Luke Garrett,2022-07-24,2.44,136
2017GARR05,Luke Garrett,2022-07-24,1.69,137
2017GARR05,Luke Garrett,2022-07-29,3.01,138
2017GARR05,Luke Garrett,2022-07-29,1.83,139
2017GARR05,Luke Garrett,2022-07-29,1.55,140
2017GARR05,Luke Garrett,2022-08-06,1.45,141
2017GARR05,Luke Garrett,2022-08-06,1.67,142
2017GARR05,Luke Garrett,2022-08-06,1.49,143
2017GARR05,Luke Garrett,2022-08-13,1.95,144
2017GARR05,Luke Garrett,2022-08-13,2.33,145
2017GARR05,Luke Garrett,2022-08-13,2.59,146
2017GARR05,Luke Garrett,2022-08-19,1.76,147
2017GARR05,Luke Garrett,2022-08-19,2.07,148
2017GARR05,Luke Garrett,2022-09-03,1.82,149
2017GARR05,Luke Garrett,2022-09-03,1.64,150
2017GARR05,Luke Garrett,2022-10-01,2.2,151
2017GARR05,Luke Garrett,2022-10-01,2.69,152
2017GARR05,Luke Garrett,2022-10-01,1.87,153
2017GARR05,Luke Garrett,2022-10-08,1.61,154
2017GARR05,Luke Garrett,2022-10-08,2.01,155
2017GARR05,Luke Garrett,2022-10-22,1.63,156
2017GARR05,Luke Garrett,2022-10-22,1.37,157
2017GARR05,Luke Garrett,2022-11-05,1.7,158
2017GARR05,Luke Garrett,2022-11-05,1.76,159
2017GARR05,Luke Garrett,2022-11-19,2.02,160
2017GARR05,Luke Garrett,2022-11-19,1.44,161
2017GARR05,Luke Garrett,2022-12-03,1.92,162
2017GARR05,Luke Garrett,2022-12-03,1.54,163
2017GARR05,Luke Garrett,2022-12-10,2.41,164
2017GARR05,Luke Garrett,2022-12-10,1.63,165
2017GARR05,Luke Garrett,2022-12-10,1.51,166
2017GARR05,Luke Garrett,2022-12-17,1.69,167
2017GARR05,Luke Garrett,2022-12-17,1.98,168
2017GARR05,Luke Garrett,2022-12-17,1.43,169
2017GARR05,Luke Garrett,2023-02-04,1.3,170
2017GARR05,Luke Garrett,2023-02-04,1.52,171
2017GARR05,Luke Garrett,2023-02-05,1.98,172
2017GARR05,Luke Garrett,2023-02-05,1.66,173
2017GARR05,Luke Garrett,2023-02-18,1.51,174
2017GARR05,Luke Garrett,2023-02-18,1.75,175
2017GARR05,Luke Garrett,2023-02-18,2.23,176
2017GARR05,Luke Garrett,2023-03-25,1.66,177
2017GARR05,Luke Garrett,2023-03-25,1.98,178
2017GARR05,Luke Garrett,2023-03-26,1.5,179
2017GARR05,Luke Garrett,2023-04-08,2.12,180
2017GARR05,Luke Garrett,2023-04-08,1.6,181
2017GARR05,Luke Garrett,2023-04-08,1.92,182
2017GARR05,Luke Garrett,2023-04-09,2.23,183
2017GARR05,Luke Garrett,2023-04-09,1.62,184
2017GARR05,Luke Garrett,2023-04-09,1.95,185
2017GARR05,Luke Garrett,2023-04-15,2.29,186
2017GARR05,Luke Garrett,2023-04-15,1.85,187
2017GARR05,Luke Garrett,2023-04-15,2.03,188
2017GARR05,Luke Garrett,2023-04-29,1.39,189
2017GARR05,Luke Garrett,2023-04-29,1.53,190
2017GARR05,Luke Garrett,2023-05-13,1.33,191
2017GARR05,Luke Garrett,2023-05-13,2.55,192
2017GARR05,Luke Garrett,2023-05-13,1.63,193
2017GARR05,Luke Garrett,2023-05-21,1.39,194
2017GARR05,Luke Garrett,2023-05-21,1.45,195
2017GARR05,Luke Garrett,2023-05-21,1.93,196
2017GARR05,Luke Garrett,2023-05-27,2.11,197
2017GARR05,Luke Garrett,2023-05-27,2.73,198
2017GARR05,Luke Garrett,2023-06-02,1.27,199
2017GARR05,Luke Garrett,2023-06-02,1.8,200
2017GARR05,Luke Garrett,2023-06-02,2.51,201
2017GARR05,Luke Garrett,2023-06-02,1.73,202
2017GARR05,Luke Garrett,2023-06-10,1.64,203
2017GARR05,Luke Garrett,2023-06-10,2.19,204
2017GARR05,Luke Garrett,2023-06-10,1.73,205
2017GARR05,Luke Garrett,2023-06-11,1.73,206
2017GARR05,Luke Garrett,2023-06-11,1.39,207
2017GARR05,Luke Garrett,2023-06-11,1.51,208
2017GARR05,Luke Garrett,2023-06-14,1.66,209
2017GARR05,Luke Garrett,2023-06-14,1.36,210
2017GARR05,Luke Garrett,2023-06-14,1.25,211
2017GARR05,Luke Garrett,2023-06-22,1.91,212
2017GARR05,Luke Garrett,2023-06-22,2.17,213
2017GARR05,Luke Garrett,2023-06-22,2.89,214
2017GARR05,Luke Garrett,2023-06-22,2.01,215
2017GARR05,Luke Garrett,2023-07-01,1.88,216
2017GARR05,Luke Garrett,2023-07-01,1.5,217
2017GARR05,Luke Garrett,2023-07-08,1.47,218
2017GARR05,Luke Garrett,2023-07-08,1.56,219
2017GARR05,Luke Garrett,2023-07-08,1.37,220
2017GARR05,Luke Garrett,2023-07-22,1.75,221
2017GARR05,Luke Garrett,2023-07-22,1.71,222
2017GARR05,Luke Garrett,2023-07-24,1.5,223
2017GARR05,Luke Garrett,2023-07-24,1.82,224
2017GARR05,Luke Garrett,2023-07-27,1.32,225
2017GARR05,Luke Garrett,2023-07-27,1.6,226
2017GARR05,Luke Garrett,2023-07-27,1.58,227
2017GARR05,Luke Garrett,2023-07-27,2.26,228
2017GARR05,Luke Garrett,2023-08-06,1.66,229
2017GARR05,Luke Garrett,2023-08-06,1.56,230
2017GARR05,Luke Garrett,2023-08-12,1.45,231
2017GARR05,Luke Garrett,2023-08-12,1.72,232
2017GARR05,Luke Garrett,2023-08-19,1.37,233
2017GARR05,Luke Garrett,2023-08-19,1.35,234
2017GARR05,Luke Garrett,2023-09-02,1.63,235
2017GARR05,Luke Garrett,2023-09-02,2.07,236
2017GARR05,Luke Garrett,2023-09-02,1.39,237
2017GARR05,Luke Garrett,2023-09-03,2.03,238
2017GARR05,Luke Garrett,2023-09-03,1.71,239
2017GARR05,Luke Garrett,2023-09-09,2.42,240
2017GARR05,Luke Garrett,2023-09-09,1.44,241
2017GARR05,Luke Garrett,2023-09-17,2.14,242
2017GARR05,Luke Garrett,2023-09-17,1.3,243
2017GARR05,Luke Garrett,2023-09-17,1.69,244
2017GARR05,Luke Garrett,2023-09-23,2.01,245
2017GARR05,Luke Garrett,2023-10-20,1.49,246
2017GARR05,Luke Garrett,2023-10-20,1.52,247
2017GARR05,Luke Garrett,2023-10-20,1.42,248
2017GARR05,Luke Garrett,2023-11-04,2.03,249
2017GARR05,Luke Garrett,2023-11-04,1.99,250
2017GARR05,Luke Garrett,2023-11-11,2.14,251
2017GARR05,Luke Garrett,2023-11-11,1.81,252
2017GARR05,Luke Garrett,2023-12-02,1.24,253
2017GARR05,Luke Garrett,2023-12-02,1.56,254
2017GARR05,Luke Garrett,2023-12-02,1.43,255
2017GARR05,Luke Garrett,2023-12-09,2.61,256
2017GARR05,Luke Garrett,2023-12-09,1.73,257
2017GARR05,Luke Garrett,2023-12-17,1.78,258
2017GARR05,Luke Garrett,2023-12-17,1.87,259
2017GARR05,Luke Garrett,2024-01-06,2.41,260
2017GARR05,Luke Garrett,2024-01-06,1.26,261
2017GARR05,Luke Garrett,2024-01-21,2.25,262
2017GARR05,Luke Garrett,2024-01-21,1.79,263
2017GARR05,Luke Garrett,2024-01-27,1.82,264
2017GARR05,Luke Garrett,2024-01-27,1.85,265
2017GARR05,Luke Garrett,2024-02-10,1.57,266
2017GARR05,Luke Garrett,2024-02-10,1.57,267
2017GARR05,Luke Garrett,2024-02-17,1.54,268
2017GARR05,Luke Garrett,2024-02-17,1.53,269
2017GARR05,Luke Garrett,2024-03-02,1.47,270
2017GARR05,Luke Garrett,2024-03-02,1.76,271
2017GARR05,Luke Garrett,2024-03-02,2.07,272
2017GARR05,Luke Garrett,2024-03-16,1.56,273
2017GARR05,Luke Garrett,2024-03-16,1.83,274
2017GARR05,Luke Garrett,2024-03-16,2.5,275
2017GARR05,Luke Garrett,2024-03-23,2.81,276
2017GARR05,Luke Garrett,2024-03-23,1.39,277
2017GARR05,Luke Garrett,2024-03-23,1.62,278
2017GARR05,Luke Garrett,2024-03-23,1.3,279
2017GARR05,Luke Garrett,2024-04-08,1.54,280
2017GARR05,Luke Garrett,2024-04-08,1.55,281
2017GARR05,Luke Garrett,2024-04-13,1.69,282
2017GARR05,Luke Garrett,2024-04-13,1.42,283
2017GARR05,Luke Garrett,2024-04-21,1.51,284
2017GARR05,Luke Garrett,2024-04-21,1.3,285
2017GARR05,Luke Garrett,2024-04-27,1.35,286
2017GARR05,Luke Garrett,2024-04-27,1.73,287
2017GARR05,Luke Garrett,2024-05-05,1.91,288
2017GARR05,Luke Garrett,2024-05-05,1.19,289
2017GARR05,Luke Garrett,2024-05-19,1.59,290
2017GARR05,Luke Garrett,2024-05-19,1.72,291
2017GARR05,Luke Garrett,2024-05-19,1.15,292
2017GARR05,Luke Garrett,2024-06-07,1.3,293
2017GARR05,Luke Garrett,2024-06-07,1.29,294
2017GARR05,Luke Garrett,2024-06-07,1.81,295
2017GARR05,Luke Garrett,2024-06-15,1.55,296
2017GARR05,Luke Garrett,2024-06-15,1.73,297
2017GARR05,Luke Garrett,2024-06-28,1.56,298
2017GARR05,Luke Garrett,2024-06-28,1.89,299
2017GARR05,Luke Garrett,2024-06-28,1.44,300
2017GARR05,Luke Garrett,2024-06-28,1.81,301
2017GARR05,Luke Garrett,2024-07-06,1.63,302
2017GARR05,Luke Garrett,2024-07-06,1.41,303
2017GARR05,Luke Garrett,2024-07-06,1.89,304
2017GARR05,Luke Garrett,2024-07-18,1.29,305
2017GARR05,Luke Garrett,2024-07-18,1.94,306
2017GARR05,Luke Garrett,2024-07-18,1.58,307
2017GARR05,Luke Garrett,2024-07-18,2.24,308
2017GARR05,Luke Garrett,2024-08-31,1.67,309
2017GARR05,Luke Garrett,2024-08-31,1.56,310
2017GARR05,Luke Garrett,2024-09-07,1.54,311
2017GARR05,Luke Garrett,2024-09-07,1.25,312
2017GARR05,Luke Garrett,2024-09-28,2.0,313
2017GARR05,Luke Garrett,2024-09-28,1.65,314
2017GARR05,Luke Garrett,2024-09-28,1.73,315
2017GARR05,Luke Garrett,2024-09-28,3.02,316
2017GARR05,Luke Garrett,2024-10-04,2.94,317
2017GARR05,Luke Garrett,2024-10-04,1.4,318
2017GARR05,Luke Garrett,2024-10-04,1.59,319
2017GARR05,Luke Garrett,2024-10-19,2.55,320
2017GARR05,Luke Garrett,2024-10-19,1.69,321
2017GARR05,Luke Garrett,2024-10-26,1.22,322
2017GARR05,Luke Garrett,2024-10-26,1.62,323
2017GARR05,Luke Garrett,2024-11-10,2.17,324
2017GARR05,Luke Garrett,2024-11-10,1.56,325
2017GARR05,Luke Garrett,2024-11-10,3.11,326
2017GARR05,Luke Garrett,2024-11-16,1.35,327
2017GARR05,Luke Garrett,2024-11-16,3.28,328
2017GARR05,Luke Garrett,2024-11-16,1.37,329
2017GARR05,Luke Garrett,2024-11-22,1.93,330
2017GARR05,Luke Garrett,2024-11-22,1.43,331
2017GARR05,Luke Garrett,2024-11-22,1.65,332
2017GARR05,Luke Garrett,2024-12-07,2.13,333
2017GARR05,Luke Garrett,2024-12-07,1.36,334
2017GARR05,Luke Garrett,2024-12-07,1.23,335
2017GARR05,Luke Garrett,2024-12-21,1.28,336
2017GARR05,Luke Garrett,2024-12-21,1.71,337
2017GARR05,Luke Garrett,2024-12-21,1.73,338
2017GARR05,Luke Garrett,2025-01-11,1.76,339
2017GARR05,Luke Garrett,2025-01-11,1.63,340
2017GARR05,Luke Garrett,2025-01-11,1.99,341
2017GARR05,Luke Garrett,2025-01-18,1.38,342
2017GARR05,Luke Garrett,2025-01-18,1.31,343
2017GARR05,Luke Garrett,2025-02-08,1.46,344
2017GARR05,Luke Garrett,2025-02-08,1.39,345
2017GARR05,Luke Garrett,2025-02-15,1.75,346
2017GARR05,Luke Garrett,2025-02-15,1.34,347
2017GARR05,Luke Garrett,2025-02-15,1.16,348
2017GARR05,Luke Garrett,2025-02-22,1.66,349
2017GARR05,Luke Garrett,2025-02-22,2.76,350
2017GARR05,Luke Garrett,2025-02-22,2.01,351
2017GARR05,Luke Garrett,2025-03-09,2.4,352
2017GARR05,Luke Garrett,2025-03-09,1.44,353
2017GARR05,Luke Garrett,2025-03-09,2.28,354
2017GARR05,Luke Garrett,2025-03-15,1.23,355
2017GARR05,Luke Garrett,2025-03-15,2.38,356
2017GARR05,Luke Garrett,2025-03-15,1.57,357
2017GARR05,Luke Garrett,2025-03-23,1.21,358
2017GARR05,Luke Garrett,2025-03-23,1.58,359
2017GARR05,Luke Garrett,2025-03-29,1.42,360
2017GARR05,Luke Garrett,2025-04-12,1.52,361
2017GARR05,Luke Garrett,2025-04-12,1.77,362
2017GARR05,Luke Garrett,2025-04-12,2.2,363
2017GARR05,Luke Garrett,2025-04-19,2.17,364
2017GARR05,Luke Garrett,2025-04-20,2.59,365
2017GARR05,Luke Garrett,2025-04-20,1.54,366
2017GARR05,Luke Garrett,2025-05-31,1.78,367
2017GARR05,Luke Garrett,2025-05-31,1.26,368
2017GARR05,Luke Garrett,2025-05-31,1.36,369
2017GARR05,Luke Garrett,2025-06-13,1.8,370
2017GARR05,Luke Garrett,2025-06-13,2.0,371
2017GARR05,Luke Garrett,2025-06-13,1.34,372
2017GARR05,Luke Garrett,2025-06-21,1.76,373
2017GARR05,Luke Garrett,2025-06-21,1.52,374
2017GARR05,Luke Garrett,2025-06-28,2.21,375
2017GARR05,Luke Garrett,2025-06-28,1.89,376
2017GARR05,Luke Garrett,2025-06-28,1.37,377
2017GARR05,Luke Garrett,2025-07-03,1.65,378
2017GARR05,Luke Garrett,2025-07-03,1.79,379
2017GARR05,Luke Garrett,2025-07-19,1.83,380
2017GARR05,Luke Garrett,2025-07-19,1.73,381
2017GARR05,Luke Garrett,2025-07-26,1.53,382
2017GARR05,Luke Garrett,2025-07-26,1.98,383
2017GARR05,Luke Garrett,2025-07-26,1.32,384
2017GARR05,Luke Garrett,2025-08-01,1.37,385
2017GARR05,Luke Garrett,2025-08-01,1.96,386
2017GARR05,Luke Garrett,2025-08-01,1.23,387
2017GARR05,Luke Garrett,2025-08-09,1.22,388
2017GARR05,Luke Garrett,2025-08-09,1.23,389
2017GARR05,Luke Garrett,2025-08-09,1.97,390
2017GARR05,Luke Garrett,2025-08-09,1.33,391
2017GARR05,Luke Garrett,2025-08-23,2.09,392
2017GARR05,Luke Garrett,2025-08-23,2.05,393
2017GARR05,Luke Garrett,2025-08-24,1.5,394
2017GARR05,Luke Garrett,2025-08-24,1.65,395
2017GARR05,Luke Garrett,2025-08-24,1.34,396
2017GARR05,Luke Garrett,2025-09-06,1.13,397
2017GARR05,Luke Garrett,2025-09-06,1.5,398
2017GARR05,Luke Garrett,2025-10-04,1.61,399
2017GARR05,Luke Garrett,2025-10-04,1.58,400
2017GARR05,Luke Garrett,2025-10-11,2.27,401
2017GARR05,Luke Garrett,2025-10-11,1.46,402
2017GARR05,Luke Garrett,2025-10-11,2.25,403
2017GARR05,Luke Garrett,2025-11-01,1.27,404
2017GARR05,Luke Garrett,2025-11-01,1.43,405
2017GARR05,Luke Garrett,2025-11-15,1.46,406
2017GARR05,Luke Garrett,2025-11-15,1.38,407
2017GARR05,Luke Garrett,2025-11-16,1.62,408
2017GARR05,Luke Garrett,2025-11-16,1.3,409
2017GARR05,Luke Garrett,2025-12-13,1.49,410
2017GARR05,Luke Garrett,2025-12-13,1.59,411
2017GARR05,Luke Garrett,2025-12-13,1.92,412
2017GARR05,Luke Garrett,2025-12-20,1.77,413
2017GARR05,Luke Garrett,2025-12-20,2.31,414
2017GARR05,Luke Garrett,2025-12-20,1.19,415
2017GARR05,Luke Garrett,2025-12-27,1.72,416
2017GARR05,Luke Garrett,2025-12-27,1.32,417
2017GARR05,Luke Garrett,2025-12-27,1.52,418
2017GARR05,Luke Garrett,2026-01-31,1.34,419
2017GARR05,Luke Garrett,2026-01-31,1.82,420
2017GARR05,Luke Garrett,2026-02-21,1.75,421
2017GARR05,Luke Garrett,2026-02-21,1.34,422
2017GARR05,Luke Garrett,2026-02-21,2.42,423
2017GARR05,Luke Garrett,2026-03-15,1.42,424
2017GARR05,Luke Garrett,2026-03-15,2.31,425
2017GARR05,Luke Garrett,2026-03-15,1.32,426
2017GARR05,Luke Garrett,2026-03-21,3.09,427
2017GARR05,Luke Garrett,2026-03-21,1.13,428
2017GARR05,Luke Garrett,2026-03-29,1.14,429
2017GARR05,Luke Garrett,2026-03-29,1.44,430
2017GARR05,Luke Garrett,2026-04-04,1.25,431
2017GARR05,Luke Garrett,2026-04-04,1.63,432
2017GARR05,Luke Garrett,2026-04-04,1.45,433
2017GARR05,Luke Garrett,2026-04-11,1.47,434
2017GARR05,Luke Garrett,2026-04-11,2.43,435
2017GARR05,Luke Garrett,2026-04-11,1.38,436
2017GARR05,Luke Garrett,2026-04-25,2.03,437
2017GARR05,Luke Garrett,2026-04-25,1.58,438
2017GARR05,Luke Garrett,2026-04-25,1.61,439
2017GARR05,Luke Garrett,2026-05-08,1.27,440
2017GARR05,Luke Garrett,2026-05-08,1.77,441
2017TSVE02,Alexey Tsvetkov,2017-12-02,10.54,1
2017TSVE02,Alexey Tsvetkov,2018-02-03,7.4,2
2017TSVE02,Alexey Tsvetkov,2018-02-03,7.47,3
2017TSVE02,Alexey Tsvetkov,2018-03-17,6.49,4
2017TSVE02,Alexey Tsvetkov,2018-03-17,6.1,5
2017TSVE02,Alexey Tsvetkov,2018-03-17,6.45,6
2017TSVE02,Alexey Tsvetkov,2018-04-14,9.48,7
2017TSVE02,Alexey Tsvetkov,2018-05-12,5.91,8
2017TSVE02,Alexey Tsvetkov,2018-05-27,5.13,9
2017TSVE02,Alexey Tsvetkov,2018-05-27,6.02,10
2017TSVE02,Alexey Tsvetkov,2018-07-19,4.74,11
2017TSVE02,Alexey Tsvetkov,2018-07-19,6.95,12
2017TSVE02,Alexey Tsvetkov,2018-09-28,5.83,13
2017TSVE02,Alexey Tsvetkov,2018-09-28,5.97,14
2017TSVE02,Alexey Tsvetkov,2018-10-06,6.57,15
2017TSVE02,Alexey Tsvetkov,2018-12-15,4.13,16
2017TSVE02,Alexey Tsvetkov,2019-02-09,4.1,17
2017TSVE02,Alexey Tsvetkov,2019-02-09,3.63,18
2017TSVE02,Alexey Tsvetkov,2019-02-09,3.56,19
2017TSVE02,Alexey Tsvetkov,2019-02-23,4.11,20
2017TSVE02,Alexey Tsvetkov,2019-02-23,3.01,21
2017TSVE02,Alexey Tsvetkov,2019-02-23,3.69,22
2017TSVE02,Alexey Tsvetkov,2019-03-02,3.68,23
2017TSVE02,Alexey Tsvetkov,2019-03-02,3.38,24
2017TSVE02,Alexey Tsvetkov,2019-03-16,3.37,25
2017TSVE02,Alexey Tsvetkov,2019-03-16,4.26,26
2017TSVE02,Alexey Tsvetkov,2019-03-16,3.7,27
2017TSVE02,Alexey Tsvetkov,2019-03-30,3.65,28
2017TSVE02,Alexey Tsvetkov,2019-03-30,3.4,29
2017TSVE02,Alexey Tsvetkov,2019-03-30,3.58,30
2017TSVE02,Alexey Tsvetkov,2019-04-13,2.93,31
2017TSVE02,Alexey Tsvetkov,2019-04-13,3.74,32
2017TSVE02,Alexey Tsvetkov,2019-05-25,2.8,33
2017TSVE02,Alexey Tsvetkov,2019-05-25,2.81,34
2017TSVE02,Alexey Tsvetkov,2019-05-25,2.7,35
2017TSVE02,Alexey Tsvetkov,2019-06-01,3.34,36
2017TSVE02,Alexey Tsvetkov,2019-06-01,3.01,37
2017TSVE02,Alexey Tsvetkov,2019-06-28,2.95,38
2017TSVE02,Alexey Tsvetkov,2019-06-28,3.31,39
2017TSVE02,Alexey Tsvetkov,2019-07-11,3.08,40
2017TSVE02,Alexey Tsvetkov,2019-07-11,2.42,41
2017TSVE02,Alexey Tsvetkov,2019-08-24,2.19,42
2017TSVE02,Alexey Tsvetkov,2019-08-24,2.1,43
2017TSVE02,Alexey Tsvetkov,2019-08-24,2.37,44
2017TSVE02,Alexey Tsvetkov,2019-08-31,3.06,45
2017TSVE02,Alexey Tsvetkov,2019-08-31,2.53,46
2017TSVE02,Alexey Tsvetkov,2019-08-31,2.11,47
2017TSVE02,Alexey Tsvetkov,2019-09-07,1.92,48
2017TSVE02,Alexey Tsvetkov,2019-09-07,2.12,49
2017TSVE02,Alexey Tsvetkov,2019-09-07,2.58,50
2017TSVE02,Alexey Tsvetkov,2019-09-20,2.25,51
2017TSVE02,Alexey Tsvetkov,2019-09-20,1.93,52
2017TSVE02,Alexey Tsvetkov,2019-09-20,2.54,53
2017TSVE02,Alexey Tsvetkov,2019-09-28,2.29,54
2017TSVE02,Alexey Tsvetkov,2019-09-28,2.29,55
2017TSVE02,Alexey Tsvetkov,2019-10-12,2.59,56
2017TSVE02,Alexey Tsvetkov,2019-10-12,2.04,57
2017TSVE02,Alexey Tsvetkov,2019-10-12,2.42,58
2017TSVE02,Alexey Tsvetkov,2019-10-19,2.27,59
2017TSVE02,Alexey Tsvetkov,2019-10-19,2.19,60
2017TSVE02,Alexey Tsvetkov,2019-10-19,1.87,61
2017TSVE02,Alexey Tsvetkov,2019-11-01,2.67,62
2017TSVE02,Alexey Tsvetkov,2019-11-01,2.47,63
2017TSVE02,Alexey Tsvetkov,2019-11-01,2.17,64
2017TSVE02,Alexey Tsvetkov,2019-11-09,3.24,65
2017TSVE02,Alexey Tsvetkov,2019-11-09,2.41,66
2017TSVE02,Alexey Tsvetkov,2019-11-09,2.33,67
2017TSVE02,Alexey Tsvetkov,2019-12-06,2.04,68
2017TSVE02,Alexey Tsvetkov,2019-12-06,2.28,69
2017TSVE02,Alexey Tsvetkov,2019-12-06,2.73,70
2017TSVE02,Alexey Tsvetkov,2020-01-04,2.47,71
2017TSVE02,Alexey Tsvetkov,2020-01-04,2.58,72
2017TSVE02,Alexey Tsvetkov,2020-02-01,2.35,73
2017TSVE02,Alexey Tsvetkov,2020-02-01,2.96,74
2017TSVE02,Alexey Tsvetkov,2020-02-22,3.61,75
2017TSVE02,Alexey Tsvetkov,2020-02-22,1.95,76
2017TSVE02,Alexey Tsvetkov,2020-02-22,2.72,77
2017TSVE02,Alexey Tsvetkov,2020-02-29,1.96,78
2017TSVE02,Alexey Tsvetkov,2020-02-29,1.75,79
2017TSVE02,Alexey Tsvetkov,2020-02-29,2.25,80
2017TSVE02,Alexey Tsvetkov,2021-05-02,2.16,81
2017TSVE02,Alexey Tsvetkov,2021-05-02,1.9,82
2017TSVE02,Alexey Tsvetkov,2021-07-31,1.52,83
2017TSVE02,Alexey Tsvetkov,2021-07-31,1.96,84
2017TSVE02,Alexey Tsvetkov,2021-07-31,1.56,85
2017TSVE02,Alexey Tsvetkov,2021-08-07,1.46,86
2017TSVE02,Alexey Tsvetkov,2021-08-07,1.78,87
2017TSVE02,Alexey Tsvetkov,2021-08-28,1.58,88
2017TSVE02,Alexey Tsvetkov,2021-08-28,2.13,89
2017TSVE02,Alexey Tsvetkov,2021-08-28,2.04,90
2017TSVE02,Alexey Tsvetkov,2021-09-11,1.4,91
2017TSVE02,Alexey Tsvetkov,2021-09-11,1.53,92
2017TSVE02,Alexey Tsvetkov,2021-09-25,2.1,93
2017TSVE02,Alexey Tsvetkov,2021-09-25,1.83,94
2017TSVE02,Alexey Tsvetkov,2021-10-23,1.43,95
2017TSVE02,Alexey Tsvetkov,2021-10-23,3.76,96
2017TSVE02,Alexey Tsvetkov,2021-10-23,1.64,97
2017TSVE02,Alexey Tsvetkov,2021-11-06,1.71,98
2017TSVE02,Alexey Tsvetkov,2021-11-06,1.98,99
2017TSVE02,Alexey Tsvetkov,2021-11-06,1.83,100
2017TSVE02,Alexey Tsvetkov,2021-11-20,1.85,101
2017TSVE02,Alexey Tsvetkov,2021-11-20,1.73,102
2017TSVE02,Alexey Tsvetkov,2021-12-18,2.59,103
2017TSVE02,Alexey Tsvetkov,2021-12-18,1.57,104
2017TSVE02,Alexey Tsvetkov,2021-12-18,1.68,105
2017TSVE02,Alexey Tsvetkov,2022-05-21,1.42,106
2017TSVE02,Alexey Tsvetkov,2022-05-21,2.07,107
2017TSVE02,Alexey Tsvetkov,2022-05-21,1.27,108
2017TSVE02,Alexey Tsvetkov,2022-06-25,1.91,109
2017TSVE02,Alexey Tsvetkov,2022-06-25,1.67,110
2017TSVE02,Alexey Tsvetkov,2022-06-25,1.62,111
2017TSVE02,Alexey Tsvetkov,2022-08-06,1.48,112
2017TSVE02,Alexey Tsvetkov,2022-08-06,1.51,113
2017TSVE02,Alexey Tsvetkov,2022-08-06,1.45,114
2017TSVE02,Alexey Tsvetkov,2022-08-11,1.38,115
2017TSVE02,Alexey Tsvetkov,2022-08-11,1.91,116
2017TSVE02,Alexey Tsvetkov,2022-08-11,1.3,117
2017TSVE02,Alexey Tsvetkov,2022-09-17,1.27,118
2017TSVE02,Alexey Tsvetkov,2022-09-17,1.89,119
2017TSVE02,Alexey Tsvetkov,2022-10-15,1.56,120
2017TSVE02,Alexey Tsvetkov,2022-10-15,1.72,121
2017TSVE02,Alexey Tsvetkov,2022-10-15,1.88,122
2017TSVE02,Alexey Tsvetkov,2022-10-22,1.39,123
2017TSVE02,Alexey Tsvetkov,2022-10-22,1.46,124
2017TSVE02,Alexey Tsvetkov,2022-10-29,1.64,125
2017TSVE02,Alexey Tsvetkov,2022-10-29,1.67,126
2017TSVE02,Alexey Tsvetkov,2022-10-29,1.88,127
2017TSVE02,Alexey Tsvetkov,2022-11-19,1.42,128
2017TSVE02,Alexey Tsvetkov,2022-11-19,1.41,129
2017TSVE02,Alexey Tsvetkov,2022-11-19,1.51,130
2017TSVE02,Alexey Tsvetkov,2022-11-26,1.4,131
2017TSVE02,Alexey Tsvetkov,2022-11-26,1.41,132
2017TSVE02,Alexey Tsvetkov,2022-11-26,1.49,133
2017TSVE02,Alexey Tsvetkov,2022-12-16,1.59,134
2017TSVE02,Alexey Tsvetkov,2022-12-16,1.74,135
2017TSVE02,Alexey Tsvetkov,2022-12-16,1.58,136
2017TSVE02,Alexey Tsvetkov,2023-02-04,1.52,137
2017TSVE02,Alexey Tsvetkov,2023-02-04,1.5,138
2017TSVE02,Alexey Tsvetkov,2023-02-04,1.58,139
2017TSVE02,Alexey Tsvetkov,2023-02-25,1.5,140
2017TSVE02,Alexey Tsvetkov,2023-02-25,1.41,141
2017TSVE02,Alexey Tsvetkov,2023-03-11,1.59,142
2017TSVE02,Alexey Tsvetkov,2023-03-11,1.49,143
2017TSVE02,Alexey Tsvetkov,2023-04-01,1.51,144
2017TSVE02,Alexey Tsvetkov,2023-04-01,1.62,145
2017TSVE02,Alexey Tsvetkov,2023-04-01,1.43,146
2017TSVE02,Alexey Tsvetkov,2023-04-15,1.9,147
2017TSVE02,Alexey Tsvetkov,2023-04-15,1.56,148
2017TSVE02,Alexey Tsvetkov,2023-04-15,1.44,149
2017TSVE02,Alexey Tsvetkov,2023-04-22,2.32,150
2017TSVE02,Alexey Tsvetkov,2023-04-22,1.92,151
2017TSVE02,Alexey Tsvetkov,2023-04-22,1.46,152
2017TSVE02,Alexey Tsvetkov,2023-05-19,1.36,153
2017TSVE02,Alexey Tsvetkov,2023-05-19,1.56,154
2017TSVE02,Alexey Tsvetkov,2023-05-19,1.44,155
2017TSVE02,Alexey Tsvetkov,2023-06-03,2.11,156
2017TSVE02,Alexey Tsvetkov,2023-06-03,1.9,157
2017TSVE02,Alexey Tsvetkov,2023-06-03,1.62,158
2017TSVE02,Alexey Tsvetkov,2023-06-17,1.12,159
2017TSVE02,Alexey Tsvetkov,2023-06-17,2.04,160
2017TSVE02,Alexey Tsvetkov,2023-06-17,1.49,161
2017TSVE02,Alexey Tsvetkov,2023-08-12,1.46,162
2017TSVE02,Alexey Tsvetkov,2023-08-12,1.73,163
2017TSVE02,Alexey Tsvetkov,2023-09-09,1.54,164
2017TSVE02,Alexey Tsvetkov,2023-09-09,1.47,165
2017TSVE02,Alexey Tsvetkov,2023-09-15,2.15,166
2017TSVE02,Alexey Tsvetkov,2023-09-15,1.7,167
2017TSVE02,Alexey Tsvetkov,2023-09-15,2.2,168
2017TSVE02,Alexey Tsvetkov,2023-09-30,2.1,169
2017TSVE02,Alexey Tsvetkov,2023-09-30,1.4,170
2017TSVE02,Alexey Tsvetkov,2023-10-07,1.76,171
2017TSVE02,Alexey Tsvetkov,2023-10-07,1.48,172
2017TSVE02,Alexey Tsvetkov,2023-10-07,1.57,173
2017TSVE02,Alexey Tsvetkov,2023-10-20,1.55,174
2017TSVE02,Alexey Tsvetkov,2023-10-20,1.61,175
2017TSVE02,Alexey Tsvetkov,2023-10-20,1.67,176
2017TSVE02,Alexey Tsvetkov,2023-10-28,1.5,177
2017TSVE02,Alexey Tsvetkov,2023-10-28,1.52,178
2017TSVE02,Alexey Tsvetkov,2023-11-04,1.48,179
2017TSVE02,Alexey Tsvetkov,2023-11-04,1.66,180
2017TSVE02,Alexey Tsvetkov,2023-11-17,1.57,181
2017TSVE02,Alexey Tsvetkov,2023-11-17,1.31,182
2017TSVE02,Alexey Tsvetkov,2023-11-17,1.8,183
2017TSVE02,Alexey Tsvetkov,2023-11-25,1.58,184
2017TSVE02,Alexey Tsvetkov,2023-11-25,1.49,185
2017TSVE02,Alexey Tsvetkov,2023-12-02,1.72,186
2017TSVE02,Alexey Tsvetkov,2023-12-02,1.55,187
2017TSVE02,Alexey Tsvetkov,2023-12-02,1.77,188
2017TSVE02,Alexey Tsvetkov,2023-12-09,1.67,189
2017TSVE02,Alexey Tsvetkov,2023-12-09,1.53,190
2017TSVE02,Alexey Tsvetkov,2023-12-09,1.4,191
2017TSVE02,Alexey Tsvetkov,2024-02-10,1.35,192
2017TSVE02,Alexey Tsvetkov,2024-02-10,1.68,193
2017TSVE02,Alexey Tsvetkov,2024-02-10,1.59,194
2017TSVE02,Alexey Tsvetkov,2024-02-17,1.67,195
2017TSVE02,Alexey Tsvetkov,2024-02-17,1.54,196
2017TSVE02,Alexey Tsvetkov,2024-02-17,1.37,197
2017TSVE02,Alexey Tsvetkov,2024-02-24,1.52,198
2017TSVE02,Alexey Tsvetkov,2024-02-24,1.35,199
2017TSVE02,Alexey Tsvetkov,2024-03-10,1.31,200
2017TSVE02,Alexey Tsvetkov,2024-03-10,1.55,201
2017TSVE02,Alexey Tsvetkov,2024-03-10,1.36,202
2017TSVE02,Alexey Tsvetkov,2024-03-16,1.23,203
2017TSVE02,Alexey Tsvetkov,2024-03-16,1.33,204
2017TSVE02,Alexey Tsvetkov,2024-03-23,1.26,205
2017TSVE02,Alexey Tsvetkov,2024-03-23,1.54,206
2017TSVE02,Alexey Tsvetkov,2024-04-06,1.38,207
2017TSVE02,Alexey Tsvetkov,2024-04-06,1.5,208
2017TSVE02,Alexey Tsvetkov,2024-04-06,1.25,209
2017TSVE02,Alexey Tsvetkov,2024-04-14,1.36,210
2017TSVE02,Alexey Tsvetkov,2024-04-14,1.79,211
2017TSVE02,Alexey Tsvetkov,2024-04-20,1.87,212
2017TSVE02,Alexey Tsvetkov,2024-04-20,1.42,213
2017TSVE02,Alexey Tsvetkov,2024-04-20,1.45,214
2017TSVE02,Alexey Tsvetkov,2024-04-27,2.34,215
2017TSVE02,Alexey Tsvetkov,2024-04-27,1.38,216
2017TSVE02,Alexey Tsvetkov,2024-04-27,1.45,217
2017TSVE02,Alexey Tsvetkov,2024-05-11,1.32,218
2017TSVE02,Alexey Tsvetkov,2024-05-11,1.36,219
2017TSVE02,Alexey Tsvetkov,2024-05-11,1.95,220
2017TSVE02,Alexey Tsvetkov,2024-05-18,1.36,221
2017TSVE02,Alexey Tsvetkov,2024-05-18,1.33,222
2017TSVE02,Alexey Tsvetkov,2024-06-08,1.44,223
2017TSVE02,Alexey Tsvetkov,2024-06-08,1.33,224
2017TSVE02,Alexey Tsvetkov,2024-06-08,1.28,225
2017TSVE02,Alexey Tsvetkov,2024-06-22,1.38,226
2017TSVE02,Alexey Tsvetkov,2024-06-22,1.32,227
2017TSVE02,Alexey Tsvetkov,2024-07-13,1.26,228
2017TSVE02,Alexey Tsvetkov,2024-07-13,1.44,229
2017TSVE02,Alexey Tsvetkov,2024-07-19,1.59,230
2017TSVE02,Alexey Tsvetkov,2024-07-19,1.46,231
2017TSVE02,Alexey Tsvetkov,2024-07-19,1.56,232
2017TSVE02,Alexey Tsvetkov,2024-07-25,1.49,233
2017TSVE02,Alexey Tsvetkov,2024-07-25,1.45,234
2017TSVE02,Alexey Tsvetkov,2024-07-25,1.55,235
2017TSVE02,Alexey Tsvetkov,2024-09-21,1.5,236
2017TSVE02,Alexey Tsvetkov,2024-09-21,1.67,237
2017TSVE02,Alexey Tsvetkov,2024-09-21,1.41,238
2017TSVE02,Alexey Tsvetkov,2024-09-28,1.39,239
2017TSVE02,Alexey Tsvetkov,2024-09-28,1.27,240
2017TSVE02,Alexey Tsvetkov,2024-09-28,1.68,241
2017TSVE02,Alexey Tsvetkov,2024-10-19,1.35,242
2017TSVE02,Alexey Tsvetkov,2024-10-19,1.46,243
2017TSVE02,Alexey Tsvetkov,2024-10-19,1.2,244
2017TSVE02,Alexey Tsvetkov,2024-11-01,1.22,245
2017TSVE02,Alexey Tsvetkov,2024-11-01,1.38,246
2017TSVE02,Alexey Tsvetkov,2024-11-01,1.31,247
2017TSVE02,Alexey Tsvetkov,2024-11-09,1.27,248
2017TSVE02,Alexey Tsvetkov,2024-11-09,1.46,249
2017TSVE02,Alexey Tsvetkov,2024-11-23,1.55,250
2017TSVE02,Alexey Tsvetkov,2024-11-23,1.44,251
2017TSVE02,Alexey Tsvetkov,2024-12-07,1.38,252
2017TSVE02,Alexey Tsvetkov,2024-12-07,1.26,253
2017TSVE02,Alexey Tsvetkov,2024-12-07,1.33,254
2017TSVE02,Alexey Tsvetkov,2024-12-14,1.38,255
2017TSVE02,Alexey Tsvetkov,2024-12-14,2.06,256
2017TSVE02,Alexey Tsvetkov,2024-12-14,1.32,257
2017TSVE02,Alexey Tsvetkov,2025-01-11,1.77,258
2017TSVE02,Alexey Tsvetkov,2025-01-11,1.33,259
2017TSVE02,Alexey Tsvetkov,2025-01-18,2.05,260
2017TSVE02,Alexey Tsvetkov,2025-01-18,1.49,261
2017TSVE02,Alexey Tsvetkov,2025-01-25,1.61,262
2017TSVE02,Alexey Tsvetkov,2025-01-25,1.31,263
2017TSVE02,Alexey Tsvetkov,2025-01-25,1.55,264
2017TSVE02,Alexey Tsvetkov,2025-02-22,1.4,265
2017TSVE02,Alexey Tsvetkov,2025-02-22,1.27,266
2017TSVE02,Alexey Tsvetkov,2025-02-22,1.58,267
2017TSVE02,Alexey Tsvetkov,2025-03-08,1.33,268
2017TSVE02,Alexey Tsvetkov,2025-03-08,1.23,269
2017TSVE02,Alexey Tsvetkov,2025-03-16,1.49,270
2017TSVE02,Alexey Tsvetkov,2025-03-16,1.4,271
2017TSVE02,Alexey Tsvetkov,2025-03-16,1.33,272
2017TSVE02,Alexey Tsvetkov,2025-04-05,1.45,273
2017TSVE02,Alexey Tsvetkov,2025-04-05,1.21,274
2017TSVE02,Alexey Tsvetkov,2025-04-12,2.3,275
2017TSVE02,Alexey Tsvetkov,2025-04-12,1.15,276
2017TSVE02,Alexey Tsvetkov,2025-04-12,1.4,277
2017TSVE02,Alexey Tsvetkov,2025-04-26,1.55,278
2017TSVE02,Alexey Tsvetkov,2025-04-26,1.33,279
2017TSVE02,Alexey Tsvetkov,2025-04-26,1.29,280
2017TSVE02,Alexey Tsvetkov,2025-05-17,1.37,281
2017TSVE02,Alexey Tsvetkov,2025-05-17,1.28,282
2017TSVE02,Alexey Tsvetkov,2025-05-17,1.61,283
2017TSVE02,Alexey Tsvetkov,2025-05-24,1.6,284
2017TSVE02,Alexey Tsvetkov,2025-05-24,1.41,285
2017TSVE02,Alexey Tsvetkov,2025-05-24,1.61,286
2017TSVE02,Alexey Tsvetkov,2025-05-31,1.8,287
2017TSVE02,Alexey Tsvetkov,2025-05-31,1.41,288
2017TSVE02,Alexey Tsvetkov,2025-05-31,1.41,289
2017TSVE02,Alexey Tsvetkov,2025-06-13,1.42,290
2017TSVE02,Alexey Tsvetkov,2025-06-13,1.35,291
2017TSVE02,Alexey Tsvetkov,2025-06-13,1.44,292
2017TSVE02,Alexey Tsvetkov,2025-06-22,1.69,293
2017TSVE02,Alexey Tsvetkov,2025-06-22,1.34,294
2017TSVE02,Alexey Tsvetkov,2025-06-25,1.65,295
2017TSVE02,Alexey Tsvetkov,2025-06-25,1.42,296
2017TSVE02,Alexey Tsvetkov,2025-06-28,1.55,297
2017TSVE02,Alexey Tsvetkov,2025-06-28,1.55,298
2017TSVE02,Alexey Tsvetkov,2025-06-28,1.75,299
2017TSVE02,Alexey Tsvetkov,2025-07-03,1.53,300
2017TSVE02,Alexey Tsvetkov,2025-07-03,1.62,301
2017TSVE02,Alexey Tsvetkov,2025-07-03,1.69,302
2017TSVE02,Alexey Tsvetkov,2025-08-02,1.47,303
2017TSVE02,Alexey Tsvetkov,2025-08-02,1.82,304
2017TSVE02,Alexey Tsvetkov,2025-08-02,1.6,305
2017TSVE02,Alexey Tsvetkov,2025-08-29,1.3,306
2017TSVE02,Alexey Tsvetkov,2025-08-29,1.21,307
2017TSVE02,Alexey Tsvetkov,2025-08-29,1.26,308
2017TSVE02,Alexey Tsvetkov,2025-09-06,1.72,309
2017TSVE02,Alexey Tsvetkov,2025-09-06,2.11,310
2017TSVE02,Alexey Tsvetkov,2025-09-13,1.64,311
2017TSVE02,Alexey Tsvetkov,2025-09-13,1.25,312
2017TSVE02,Alexey Tsvetkov,2025-09-13,1.38,313
2017TSVE02,Alexey Tsvetkov,2025-09-27,1.58,314
2017TSVE02,Alexey Tsvetkov,2025-09-27,1.34,315
2017TSVE02,Alexey Tsvetkov,2025-10-04,1.39,316
2017TSVE02,Alexey Tsvetkov,2025-10-04,1.66,317
2017TSVE02,Alexey Tsvetkov,2025-10-04,1.33,318
2017TSVE02,Alexey Tsvetkov,2025-10-18,1.66,319
2017TSVE02,Alexey Tsvetkov,2025-10-18,1.44,320
2017TSVE02,Alexey Tsvetkov,2025-10-18,1.39,321
2017TSVE02,Alexey Tsvetkov,2025-10-31,1.2,322
2017TSVE02,Alexey Tsvetkov,2025-10-31,1.15,323
2017TSVE02,Alexey Tsvetkov,2025-10-31,1.25,324
2017TSVE02,Alexey Tsvetkov,2025-11-08,1.45,325
2017TSVE02,Alexey Tsvetkov,2025-11-08,1.3,326
2017TSVE02,Alexey Tsvetkov,2025-11-08,1.09,327
2017TSVE02,Alexey Tsvetkov,2025-11-15,2.18,328
2017TSVE02,Alexey Tsvetkov,2025-11-15,1.47,329
2017TSVE02,Alexey Tsvetkov,2025-11-15,1.38,330
2017TSVE02,Alexey Tsvetkov,2025-11-22,1.41,331
2017TSVE02,Alexey Tsvetkov,2025-11-22,1.21,332
2017TSVE02,Alexey Tsvetkov,2025-11-22,1.31,333
2017TSVE02,Alexey Tsvetkov,2025-12-06,1.5,334
2017TSVE02,Alexey Tsvetkov,2025-12-06,1.28,335
2017TSVE02,Alexey Tsvetkov,2025-12-06,1.26,336
2017TSVE02,Alexey Tsvetkov,2026-01-10,1.34,337
2017TSVE02,Alexey Tsvetkov,2026-01-10,1.44,338
2017TSVE02,Alexey Tsvetkov,2026-01-10,2.27,339
2017TSVE02,Alexey Tsvetkov,2026-01-18,1.46,340
2017TSVE02,Alexey Tsvetkov,2026-01-18,1.77,341
2017TSVE02,Alexey Tsvetkov,2026-01-24,1.66,342
2017TSVE02,Alexey Tsvetkov,2026-01-24,1.19,343
2017TSVE02,Alexey Tsvetkov,2026-01-31,2.01,344
2017TSVE02,Alexey Tsvetkov,2026-01-31,1.32,345
2017TSVE02,Alexey Tsvetkov,2026-01-31,1.96,346
2017TSVE02,Alexey Tsvetkov,2026-02-28,1.23,347
2017TSVE02,Alexey Tsvetkov,2026-02-28,2.24,348
2017TSVE02,Alexey Tsvetkov,2026-02-28,1.33,349
2017TSVE02,Alexey Tsvetkov,2026-03-07,1.25,350
2017TSVE02,Alexey Tsvetkov,2026-03-07,1.62,351
2017TSVE02,Alexey Tsvetkov,2026-03-07,1.48,352
2017TSVE02,Alexey Tsvetkov,2026-03-21,1.62,353
2017TSVE02,Alexey Tsvetkov,2026-03-21,1.45,354
2017TSVE02,Alexey Tsvetkov,2026-03-21,1.63,355
2017TSVE02,Alexey Tsvetkov,2026-03-28,1.52,356
2017TSVE02,Alexey Tsvetkov,2026-04-25,1.33,357
2017TSVE02,Alexey Tsvetkov,2026-04-25,1.25,358
2017TSVE02,Alexey Tsvetkov,2026-04-25,1.55,359
2017TSVE02,Alexey Tsvetkov,2026-05-16,1.31,360
2017TSVE02,Alexey Tsvetkov,2026-05-16,1.29,361
2017TSVE02,Alexey Tsvetkov,2026-05-16,1.3,362
2017TSVE02,Alexey Tsvetkov,2026-05-16,1.4,363
2017TSVE02,Alexey Tsvetkov,2026-05-16,1.99,364
